section,index,name,chart_id,t,x,y,z,vx,vy,vz,ax,ay,az,yaw,local_u,local_v,plane_error,boundary_margin,chart_contains,contains
crossing,1,G3,1,2.988195,5.524674,-2.625182,1.533511,,,,,,,,0.705363,0.185089,0.000000000,0.144768798,True,True
crossing,2,G2,4,5.109466,3.443951,-0.132328,2.289039,,,,,,,,-0.596533,-0.029314,0.000000000,0.135660079,True,True
crossing,3,G4,3,7.883978,8.206211,0.420926,1.842616,,,,,,,,-0.410940,0.331399,0.000000000,0.228107265,True,True
crossing,4,G1,15,11.952834,1.611603,-1.618851,2.304369,,,,,,,,-0.095931,-0.372974,0.000000000,0.258345926,True,True
crossing,5,G6,11,19.232430,12.132514,2.349834,2.115988,,,,,,,,-0.371828,0.036472,0.000000000,0.257041957,True,True
crossing,6,G5,3,21.270356,9.752505,1.740373,2.148594,,,,,,,,0.378178,0.312942,0.000000000,0.165475587,True,True
sample,0,drone,,0.000000,0.000000,-1.000000,1.200000,1.042977,-0.308490,0.062175,1.032094,-0.369660,0.031360,-0.287579,,,,,,
sample,1,drone,,0.024994,0.026068,-1.007710,1.201554,1.068773,-0.317729,0.062959,1.538442,-0.550787,0.046853,-0.288963,,,,,,
sample,2,drone,,0.049987,0.053425,-1.015882,1.203147,1.119880,-0.336022,0.064517,2.025392,-0.724507,0.061972,-0.291504,,,,,,
sample,3,drone,,0.074981,0.082048,-1.024507,1.204779,1.170017,-0.353945,0.066057,1.986595,-0.709694,0.061222,-0.293760,,,,,,
sample,4,drone,,0.099975,0.111911,-1.033575,1.206449,1.219184,-0.371498,0.067578,1.947799,-0.694881,0.060473,-0.295772,,,,,,
sample,5,drone,,0.124968,0.142991,-1.043077,1.208157,1.267382,-0.388680,0.069080,1.909003,-0.680069,0.059724,-0.297574,,,,,,
sample,6,drone,,0.149962,0.175264,-1.053004,1.209902,1.314610,-0.405492,0.070563,1.870206,-0.665256,0.058975,-0.299192,,,,,,
sample,7,drone,,0.174955,0.208705,-1.063347,1.211684,1.360868,-0.421934,0.072028,1.831410,-0.650443,0.058226,-0.300649,,,,,,
sample,8,drone,,0.199949,0.243290,-1.074096,1.213503,1.406157,-0.438006,0.073474,1.792613,-0.635631,0.057477,-0.301966,,,,,,
sample,9,drone,,0.224943,0.278995,-1.085241,1.215357,1.450476,-0.453708,0.074901,1.753817,-0.620818,0.056728,-0.303157,,,,,,
sample,10,drone,,0.249936,0.315795,-1.096775,1.217247,1.493826,-0.469039,0.076309,1.715021,-0.606005,0.055979,-0.304237,,,,,,
sample,11,drone,,0.274930,0.353667,-1.108687,1.219172,1.536205,-0.484000,0.077699,1.676224,-0.591192,0.055229,-0.305217,,,,,,
sample,12,drone,,0.299924,0.392586,-1.120969,1.221131,1.577616,-0.498591,0.079070,1.637428,-0.576380,0.054480,-0.306108,,,,,,
sample,13,drone,,0.324917,0.432528,-1.133611,1.223124,1.618056,-0.512812,0.080422,1.598631,-0.561567,0.053731,-0.306917,,,,,,
sample,14,drone,,0.349911,0.473468,-1.146603,1.225151,1.657527,-0.526663,0.081756,1.559835,-0.546754,0.052982,-0.307652,,,,,,
sample,15,drone,,0.374905,0.515383,-1.159937,1.227211,1.696028,-0.540143,0.083071,1.521039,-0.531942,0.052233,-0.308319,,,,,,
sample,16,drone,,0.399898,0.558248,-1.173603,1.229303,1.733559,-0.553253,0.084367,1.482242,-0.517129,0.051484,-0.308925,,,,,,
sample,17,drone,,0.424892,0.602039,-1.187593,1.231428,1.770121,-0.565993,0.085644,1.443446,-0.502316,0.050735,-0.309474,,,,,,
sample,18,drone,,0.449885,0.646732,-1.201896,1.233585,1.805713,-0.578362,0.086903,1.404649,-0.487503,0.049986,-0.309971,,,,,,
sample,19,drone,,0.474879,0.692302,-1.216503,1.235772,1.840336,-0.590362,0.088143,1.365853,-0.472691,0.049236,-0.310420,,,,,,
sample,20,drone,,0.499873,0.738725,-1.231406,1.237991,1.873989,-0.601991,0.089364,1.327056,-0.457878,0.048487,-0.310823,,,,,,
sample,21,drone,,0.524866,0.785977,-1.246595,1.240239,1.906672,-0.613250,0.090567,1.288260,-0.443065,0.047738,-0.311184,,,,,,
sample,22,drone,,0.549860,0.834034,-1.262061,1.242518,1.938385,-0.624138,0.091751,1.249464,-0.428252,0.046989,-0.311506,,,,,,
sample,23,drone,,0.574854,0.882872,-1.277794,1.244826,1.969129,-0.634657,0.092916,1.210667,-0.413440,0.046240,-0.311791,,,,,,
sample,24,drone,,0.599847,0.932466,-1.293786,1.247162,1.998903,-0.644805,0.094062,1.171871,-0.398627,0.045491,-0.312041,,,,,,
sample,25,drone,,0.624841,0.982792,-1.310026,1.249527,2.027708,-0.654583,0.095190,1.133074,-0.383814,0.044742,-0.312258,,,,,,
sample,26,drone,,0.649835,1.033825,-1.326507,1.251921,2.055542,-0.663991,0.096299,1.094278,-0.369002,0.043993,-0.312444,,,,,,
sample,27,drone,,0.674828,1.085543,-1.343217,1.254341,2.082408,-0.673029,0.097389,1.055482,-0.354189,0.043243,-0.312601,,,,,,
sample,28,drone,,0.699822,1.137919,-1.360150,1.256789,2.108303,-0.681696,0.098460,1.016685,-0.339376,0.042494,-0.312729,,,,,,
sample,29,drone,,0.724815,1.190931,-1.377294,1.259263,2.133229,-0.689993,0.099513,0.977889,-0.324563,0.041745,-0.312829,,,,,,
sample,30,drone,,0.749809,1.244553,-1.394640,1.261763,2.157185,-0.697920,0.100547,0.939092,-0.309751,0.040996,-0.312904,,,,,,
sample,31,drone,,0.774803,1.298763,-1.412181,1.264289,2.180172,-0.705477,0.101562,0.900296,-0.294938,0.040247,-0.312954,,,,,,
sample,32,drone,,0.799796,1.353534,-1.429905,1.266840,2.202188,-0.712663,0.102559,0.861499,-0.280125,0.039498,-0.312979,,,,,,
sample,33,drone,,0.824790,1.408844,-1.447805,1.269416,2.223236,-0.719479,0.103537,0.822703,-0.265313,0.038749,-0.312982,,,,,,
sample,34,drone,,0.849784,1.464668,-1.465870,1.272015,2.243313,-0.725925,0.104496,0.783907,-0.250500,0.038000,-0.312961,,,,,,
sample,35,drone,,0.874777,1.520981,-1.484092,1.274639,2.262421,-0.732001,0.105436,0.745110,-0.235687,0.037250,-0.312918,,,,,,
sample,36,drone,,0.899771,1.577760,-1.502461,1.277286,2.280559,-0.737707,0.106358,0.706314,-0.220874,0.036501,-0.312853,,,,,,
sample,37,drone,,0.924765,1.634980,-1.520968,1.279956,2.297728,-0.743042,0.107261,0.667517,-0.206062,0.035752,-0.312767,,,,,,
sample,38,drone,,0.949758,1.692617,-1.539603,1.282648,2.313926,-0.748007,0.108145,0.628721,-0.191249,0.035003,-0.312660,,,,,,
sample,39,drone,,0.974752,1.750647,-1.558359,1.285361,2.329156,-0.752602,0.109010,0.589925,-0.176436,0.034254,-0.312533,,,,,,
sample,40,drone,,0.999745,1.809045,-1.577224,1.288097,2.343415,-0.756827,0.109857,0.551128,-0.161624,0.033505,-0.312385,,,,,,
sample,41,drone,,1.024739,1.867788,-1.596190,1.290853,2.356705,-0.760681,0.110685,0.512332,-0.146811,0.032756,-0.312217,,,,,,
sample,42,drone,,1.049733,1.926851,-1.615248,1.293630,2.369025,-0.764165,0.111494,0.473535,-0.131998,0.032007,-0.312028,,,,,,
sample,43,drone,,1.074726,1.986209,-1.634389,1.296426,2.380376,-0.767279,0.112285,0.434739,-0.117185,0.031257,-0.311820,,,,,,
sample,44,drone,,1.099720,2.045839,-1.653603,1.299242,2.390757,-0.770023,0.113057,0.395942,-0.102373,0.030508,-0.311592,,,,,,
sample,45,drone,,1.124714,2.105716,-1.672880,1.302078,2.400168,-0.772397,0.113810,0.357146,-0.087560,0.029759,-0.311343,,,,,,
sample,46,drone,,1.149707,2.165817,-1.692213,1.304931,2.408609,-0.774400,0.114545,0.318350,-0.072747,0.029010,-0.311075,,,,,,
sample,47,drone,,1.174701,2.226116,-1.711590,1.307803,2.416081,-0.776033,0.115260,0.279553,-0.057935,0.028261,-0.310787,,,,,,
sample,48,drone,,1.199695,2.286590,-1.731004,1.310693,2.422583,-0.777296,0.115957,0.240757,-0.043122,0.027512,-0.310478,,,,,,
sample,49,drone,,1.224688,2.347215,-1.750445,1.313600,2.428116,-0.778189,0.116635,0.201960,-0.028309,0.026763,-0.310148,,,,,,
sample,50,drone,,1.249682,2.407965,-1.769904,1.316523,2.432679,-0.778711,0.117295,0.163164,-0.013496,0.026014,-0.309798,,,,,,
sample,51,drone,,1.274675,2.468818,-1.789371,1.319463,2.436272,-0.778863,0.117936,0.124368,0.001316,0.025264,-0.309426,,,,,,
sample,52,drone,,1.299669,2.529748,-1.808837,1.322419,2.438896,-0.778645,0.118558,0.085571,0.016129,0.024515,-0.309033,,,,,,
sample,53,drone,,1.324663,2.590731,-1.828293,1.325389,2.440550,-0.778057,0.119161,0.046775,0.030942,0.023766,-0.308618,,,,,,
sample,54,drone,,1.349656,2.651744,-1.847730,1.328375,2.441234,-0.777099,0.119746,0.007978,0.045755,0.023017,-0.308180,,,,,,
sample,55,drone,,1.374650,2.712762,-1.867138,1.331375,2.440948,-0.775770,0.120312,-0.030818,0.060567,0.022268,-0.307720,,,,,,
sample,56,drone,,1.399644,2.773760,-1.886509,1.334389,2.439693,-0.774071,0.120859,-0.069615,0.075380,0.021519,-0.307236,,,,,,
sample,57,drone,,1.424637,2.834716,-1.905832,1.337417,2.437469,-0.772002,0.121387,-0.108411,0.090193,0.020770,-0.306727,,,,,,
sample,58,drone,,1.449631,2.895603,-1.925099,1.340457,2.434274,-0.769563,0.121897,-0.147207,0.105005,0.020021,-0.306194,,,,,,
sample,59,drone,,1.474625,2.956398,-1.944300,1.343510,2.430110,-0.766753,0.122388,-0.186004,0.119818,0.019271,-0.305636,,,,,,
sample,60,drone,,1.499618,3.017077,-1.963427,1.346575,2.424976,-0.763573,0.122861,-0.224800,0.134631,0.018522,-0.305050,,,,,,
sample,61,drone,,1.524612,3.077616,-1.982469,1.349651,2.418873,-0.760023,0.123314,-0.263597,0.149444,0.017773,-0.304438,,,,,,
sample,62,drone,,1.549605,3.137990,-2.001418,1.352739,2.411800,-0.756103,0.123749,-0.302393,0.164256,0.017024,-0.303797,,,,,,
sample,63,drone,,1.574599,3.198176,-2.020265,1.355837,2.403757,-0.751812,0.124165,-0.341189,0.179069,0.016275,-0.303127,,,,,,
sample,64,drone,,1.599593,3.258148,-2.038999,1.358946,2.394745,-0.747152,0.124563,-0.379986,0.193882,0.015526,-0.302426,,,,,,
sample,65,drone,,1.624586,3.317882,-2.057613,1.362064,2.384763,-0.742121,0.124941,-0.418782,0.208694,0.014777,-0.301693,,,,,,
sample,66,drone,,1.649580,3.377355,-2.076096,1.365191,2.373811,-0.736720,0.125301,-0.457579,0.223507,0.014028,-0.300928,,,,,,
sample,67,drone,,1.674574,3.436543,-2.094439,1.368327,2.361890,-0.730948,0.125642,-0.496375,0.238320,0.013278,-0.300128,,,,,,
sample,68,drone,,1.699567,3.495420,-2.112634,1.371472,2.348999,-0.724807,0.125965,-0.535172,0.253133,0.012529,-0.299291,,,,,,
sample,69,drone,,1.724561,3.553963,-2.130671,1.374624,2.335138,-0.718295,0.126269,-0.573968,0.267945,0.011780,-0.298417,,,,,,
sample,70,drone,,1.749555,3.612147,-2.148540,1.377784,2.320307,-0.711413,0.126554,-0.612764,0.282758,0.011031,-0.297503,,,,,,
sample,71,drone,,1.774548,3.669949,-2.166232,1.380950,2.304507,-0.704161,0.126820,-0.651561,0.297571,0.010282,-0.296548,,,,,,
sample,72,drone,,1.799542,3.727343,-2.183739,1.384123,2.287738,-0.696538,0.127068,-0.690357,0.312383,0.009533,-0.295549,,,,,,
sample,73,drone,,1.824535,3.784306,-2.201050,1.387302,2.269998,-0.688545,0.127297,-0.729154,0.327196,0.008784,-0.294504,,,,,,
sample,74,drone,,1.849529,3.840814,-2.218157,1.390486,2.251289,-0.680182,0.127507,-0.767950,0.342009,0.008035,-0.293410,,,,,,
sample,75,drone,,1.874523,3.896842,-2.235051,1.393675,2.231611,-0.671449,0.127698,-0.806746,0.356822,0.007285,-0.292265,,,,,,
sample,76,drone,,1.899516,3.952366,-2.251721,1.396869,2.210962,-0.662346,0.127871,-0.845543,0.371634,0.006536,-0.291066,,,,,,
sample,77,drone,,1.924510,4.007362,-2.268160,1.400067,2.189344,-0.652872,0.128025,-0.884339,0.386447,0.005787,-0.289809,,,,,,
sample,78,drone,,1.949504,4.061806,-2.284357,1.403269,2.166757,-0.643029,0.128160,-0.923136,0.401260,0.005038,-0.288491,,,,,,
sample,79,drone,,1.974497,4.115672,-2.300303,1.406474,2.143199,-0.632814,0.128277,-0.961932,0.416072,0.004289,-0.287108,,,,,,
sample,80,drone,,1.999491,4.168938,-2.315989,1.409681,2.118672,-0.622230,0.128375,-1.000729,0.430885,0.003540,-0.285657,,,,,,
sample,81,drone,,2.024485,4.221579,-2.331406,1.412891,2.093176,-0.611276,0.128454,-1.039525,0.445698,0.002791,-0.284131,,,,,,
sample,82,drone,,2.049478,4.273570,-2.346545,1.416102,2.066709,-0.599951,0.128514,-1.078321,0.460511,0.002041,-0.282528,,,,,,
sample,83,drone,,2.074472,4.324888,-2.361396,1.419315,2.039273,-0.588256,0.128556,-1.117118,0.475323,0.001292,-0.280840,,,,,,
sample,84,drone,,2.099465,4.375508,-2.375951,1.422528,2.010868,-0.576191,0.128579,-1.155914,0.490136,0.000543,-0.279061,,,,,,
sample,85,drone,,2.124459,4.425406,-2.390199,1.425742,1.981492,-0.563755,0.128583,-1.194711,0.504949,-0.000206,-0.277186,,,,,,
sample,86,drone,,2.149453,4.474557,-2.404131,1.428956,1.951147,-0.550950,0.128568,-1.233507,0.519762,-0.000955,-0.275207,,,,,,
sample,87,drone,,2.174446,4.522938,-2.417739,1.432169,1.919833,-0.537774,0.128535,-1.272303,0.534574,-0.001704,-0.273115,,,,,,
sample,88,drone,,2.199440,4.570525,-2.431013,1.435381,1.887548,-0.524228,0.128483,-1.311100,0.549387,-0.002453,-0.270902,,,,,,
sample,89,drone,,2.224434,4.617292,-2.443944,1.438592,1.854294,-0.510312,0.128413,-1.349896,0.564200,-0.003202,-0.268557,,,,,,
sample,90,drone,,2.249427,4.663216,-2.456522,1.441800,1.820071,-0.496025,0.128323,-1.388693,0.579012,-0.003952,-0.266069,,,,,,
sample,91,drone,,2.274421,4.708272,-2.468739,1.445006,1.784877,-0.481368,0.128215,-1.427489,0.593825,-0.004701,-0.263425,,,,,,
sample,92,drone,,2.299415,4.752437,-2.480584,1.448209,1.748714,-0.466341,0.128088,-1.466285,0.608638,-0.005450,-0.260612,,,,,,
sample,93,drone,,2.324408,4.795686,-2.492050,1.451409,1.711582,-0.450944,0.127943,-1.505082,0.623451,-0.006199,-0.257612,,,,,,
sample,94,drone,,2.349402,4.837994,-2.503126,1.454605,1.673479,-0.435177,0.127778,-1.543878,0.638263,-0.006948,-0.254408,,,,,,
sample,95,drone,,2.374395,4.879338,-2.513803,1.457796,1.634407,-0.419039,0.127595,-1.582675,0.653076,-0.007697,-0.250980,,,,,,
sample,96,drone,,2.399389,4.919694,-2.524072,1.460983,1.594366,-0.402531,0.127394,-1.621471,0.667889,-0.008446,-0.247303,,,,,,
sample,97,drone,,2.424383,4.959036,-2.533925,1.464164,1.553354,-0.385653,0.127173,-1.660268,0.682701,-0.009195,-0.243351,,,,,,
sample,98,drone,,2.449376,4.997342,-2.543350,1.467340,1.511374,-0.368405,0.126934,-1.699064,0.697514,-0.009945,-0.239093,,,,,,
sample,99,drone,,2.474370,5.034586,-2.552340,1.470509,1.468423,-0.350786,0.126676,-1.737860,0.712327,-0.010694,-0.234492,,,,,,
sample,100,drone,,2.499364,5.070744,-2.560885,1.473672,1.424503,-0.332798,0.126399,-1.776657,0.727140,-0.011443,-0.229507,,,,,,
sample,101,drone,,2.524357,5.105793,-2.568976,1.476828,1.379613,-0.314439,0.126104,-1.815453,0.741952,-0.012192,-0.224090,,,,,,
sample,102,drone,,2.549351,5.139707,-2.576603,1.479976,1.333753,-0.295710,0.125790,-1.854250,0.756765,-0.012941,-0.218183,,,,,,
sample,103,drone,,2.574345,5.172463,-2.583757,1.483116,1.286924,-0.276610,0.125457,-1.893046,0.771578,-0.013690,-0.211718,,,,,,
sample,104,drone,,2.599338,5.204037,-2.590430,1.486247,1.239125,-0.257140,0.125106,-1.931842,0.786390,-0.014439,-0.204614,,,,,,
sample,105,drone,,2.624332,5.234404,-2.596611,1.489369,1.190356,-0.237301,0.124735,-1.970639,0.801203,-0.015188,-0.196773,,,,,,
sample,106,drone,,2.649325,5.263540,-2.602292,1.492482,1.140618,-0.217090,0.124346,-2.009435,0.816016,-0.015938,-0.188078,,,,,,
sample,107,drone,,2.674319,5.291420,-2.607463,1.495585,1.089910,-0.196510,0.123939,-2.048232,0.830829,-0.016687,-0.178383,,,,,,
sample,108,drone,,2.699313,5.318021,-2.612115,1.498677,1.038232,-0.175560,0.123512,-2.087028,0.845641,-0.017436,-0.167510,,,,,,
sample,109,drone,,2.724306,5.343319,-2.616239,1.501759,0.985585,-0.154239,0.123067,-2.125825,0.860454,-0.018185,-0.155236,,,,,,
sample,110,drone,,2.749300,5.367288,-2.619825,1.504829,0.931968,-0.132548,0.122603,-2.164621,0.875267,-0.018934,-0.141276,,,,,,
sample,111,drone,,2.774294,5.389905,-2.622864,1.507888,0.877382,-0.110487,0.122121,-2.203417,0.890080,-0.019683,-0.125268,,,,,,
sample,112,drone,,2.799287,5.411146,-2.625348,1.510934,0.821825,-0.088055,0.121619,-2.242214,0.904892,-0.020432,-0.106739,,,,,,
sample,113,drone,,2.824281,5.430986,-2.627266,1.513967,0.765300,-0.065254,0.121099,-2.281010,0.919705,-0.021181,-0.085060,,,,,,
sample,114,drone,,2.849275,5.449401,-2.628610,1.516987,0.707804,-0.042082,0.120561,-2.319807,0.934518,-0.021931,-0.059384,,,,,,
sample,115,drone,,2.874268,5.466367,-2.629370,1.519994,0.649339,-0.018540,0.120003,-2.358603,0.949330,-0.022680,-0.028544,,,,,,
sample,116,drone,,2.899262,5.481860,-2.629536,1.522986,0.589904,0.005373,0.119427,-2.397399,0.964143,-0.023429,0.009108,,,,,,
sample,117,drone,,2.924255,5.495855,-2.629101,1.525963,0.529499,0.029655,0.118832,-2.436196,0.978956,-0.024178,0.055948,,,,,,
sample,118,drone,,2.949249,5.508328,-2.628054,1.528926,0.468125,0.054308,0.118218,-2.504349,1.037600,-0.005971,0.115496,,,,,,
sample,119,drone,,2.974243,5.519255,-2.626386,1.531873,0.404314,0.081522,0.118533,-2.815517,1.468636,0.174684,0.198963,,,,,,
sample,120,drone,,2.999236,5.528539,-2.623979,1.534851,0.327385,0.127721,0.126950,-3.327865,2.235759,0.505895,0.371965,,,,,,
sample,121,drone,,3.024230,5.535620,-2.620002,1.538219,0.237963,0.193282,0.143822,-3.582434,2.662188,0.696198,0.682156,,,,,,
sample,122,drone,,3.049224,5.540434,-2.614317,1.542040,0.148309,0.260797,0.161751,-3.543182,2.669389,0.708025,1.053727,,,,,,
sample,123,drone,,3.074217,5.543034,-2.606965,1.546304,0.060849,0.326717,0.179214,-3.455409,2.605577,0.689349,1.386663,,,,,,
sample,124,drone,,3.099211,5.543475,-2.597986,1.550999,-0.024418,0.391042,0.196210,-3.367636,2.541766,0.670674,1.633157,,,,,,
sample,125,drone,,3.124205,5.541813,-2.587418,1.556112,-0.107490,0.453773,0.212739,-3.279863,2.477955,0.651998,1.803390,,,,,,
sample,126,drone,,3.149198,5.538102,-2.575303,1.561633,-0.188369,0.514909,0.228802,-3.192090,2.414143,0.633323,1.921503,,,,,,
sample,127,drone,,3.174192,5.532397,-2.561679,1.567549,-0.267054,0.574449,0.244397,-3.104317,2.350332,0.614647,2.005961,,,,,,
sample,128,drone,,3.199185,5.524753,-2.546588,1.573850,-0.343545,0.632395,0.259526,-3.016544,2.286521,0.595972,2.068438,,,,,,
sample,129,drone,,3.224179,5.515224,-2.530068,1.580522,-0.417843,0.688746,0.274188,-2.928771,2.222710,0.577296,2.116107,,,,,,
sample,130,drone,,3.249173,5.503866,-2.512159,1.587556,-0.489947,0.743503,0.288384,-2.840998,2.158898,0.558621,2.153452,,,,,,
sample,131,drone,,3.274166,5.490733,-2.492902,1.594938,-0.559856,0.796664,0.302112,-2.753225,2.095087,0.539945,2.183366,,,,,,
sample,132,drone,,3.299160,5.475880,-2.472336,1.602657,-0.627573,0.848230,0.315374,-2.665452,2.031276,0.521270,2.207777,,,,,,
sample,133,drone,,3.324154,5.459363,-2.450501,1.610703,-0.693095,0.898202,0.328169,-2.577679,1.967464,0.502594,2.228009,,,,,,
sample,134,drone,,3.349147,5.441235,-2.427437,1.619062,-0.756424,0.946578,0.340497,-2.489906,1.903653,0.483919,2.244997,,,,,,
sample,135,drone,,3.374141,5.421551,-2.403184,1.627723,-0.817559,0.993360,0.352359,-2.402133,1.839842,0.465243,2.259419,,,,,,
sample,136,drone,,3.399135,5.400367,-2.377782,1.636675,-0.876500,1.038547,0.363754,-2.314360,1.776031,0.446567,2.271778,,,,,,
sample,137,drone,,3.424128,5.377737,-2.351270,1.645906,-0.933247,1.082139,0.374681,-2.226587,1.712219,0.427892,2.282451,,,,,,
sample,138,drone,,3.449122,5.353717,-2.323689,1.655404,-0.987801,1.124136,0.385143,-2.138814,1.648408,0.409216,2.291729,,,,,,
sample,139,drone,,3.474115,5.328360,-2.295078,1.665158,-1.040161,1.164539,0.395137,-2.051041,1.584597,0.390541,2.299839,,,,,,
sample,140,drone,,3.499109,5.301722,-2.265477,1.675156,-1.090327,1.203346,0.404665,-1.963268,1.520785,0.371865,2.306960,,,,,,
sample,141,drone,,3.524103,5.273857,-2.234926,1.685386,-1.138299,1.240558,0.413726,-1.875495,1.456974,0.353190,2.313234,,,,,,
sample,142,drone,,3.549096,5.244821,-2.203465,1.695837,-1.184078,1.276176,0.422320,-1.787722,1.393163,0.334514,2.318778,,,,,,
sample,143,drone,,3.574090,5.214668,-2.171133,1.706497,-1.227663,1.310199,0.430447,-1.699949,1.329351,0.315839,2.323684,,,,,,
sample,144,drone,,3.599084,5.183454,-2.137971,1.717354,-1.269054,1.342627,0.438108,-1.612176,1.265540,0.297163,2.328031,,,,,,
sample,145,drone,,3.624077,5.151232,-2.104019,1.728397,-1.308251,1.373460,0.445301,-1.524403,1.201729,0.278488,2.331883,,,,,,
sample,146,drone,,3.649071,5.118058,-2.069316,1.739614,-1.345254,1.402698,0.452028,-1.436630,1.137918,0.259812,2.335293,,,,,,
sample,147,drone,,3.674065,5.083986,-2.033902,1.750993,-1.380064,1.430341,0.458289,-1.348857,1.074106,0.241137,2.338307,,,,,,
sample,148,drone,,3.699058,5.049072,-1.997817,1.762522,-1.412680,1.456389,0.464082,-1.261084,1.010295,0.222461,2.340961,,,,,,
sample,149,drone,,3.724052,5.013370,-1.961101,1.774191,-1.443102,1.480843,0.469409,-1.173311,0.946484,0.203785,2.343288,,,,,,
sample,150,drone,,3.749045,4.976935,-1.923794,1.785987,-1.471331,1.503702,0.474269,-1.085538,0.882672,0.185110,2.345314,,,,,,
sample,151,drone,,3.774039,4.939822,-1.885935,1.797898,-1.497365,1.524965,0.478662,-0.997765,0.818861,0.166434,2.347063,,,,,,
sample,152,drone,,3.799033,4.902086,-1.847565,1.809914,-1.521206,1.544634,0.482589,-0.909992,0.755050,0.147759,2.348553,,,,,,
sample,153,drone,,3.824026,4.863782,-1.808723,1.822021,-1.542853,1.562708,0.486048,-0.822219,0.691239,0.129083,2.349801,,,,,,
sample,154,drone,,3.849020,4.824963,-1.769449,1.834210,-1.562307,1.579187,0.489041,-0.734446,0.627427,0.110408,2.350821,,,,,,
sample,155,drone,,3.874014,4.785686,-1.729784,1.846467,-1.579566,1.594072,0.491567,-0.646673,0.563616,0.091732,2.351624,,,,,,
sample,156,drone,,3.899007,4.746005,-1.689766,1.858782,-1.594632,1.607361,0.493626,-0.558900,0.499805,0.073057,2.352219,,,,,,
sample,157,drone,,3.924001,4.705975,-1.649436,1.871142,-1.607504,1.619056,0.495219,-0.471127,0.435993,0.054381,2.352614,,,,,,
sample,158,drone,,3.948995,4.665650,-1.608834,1.883537,-1.618183,1.629155,0.496345,-0.383355,0.372182,0.035706,2.352816,,,,,,
sample,159,drone,,3.973988,4.625086,-1.567999,1.895953,-1.626667,1.637660,0.497004,-0.295582,0.308371,0.017030,2.352827,,,,,,
sample,160,drone,,3.998982,4.584338,-1.526972,1.908380,-1.632958,1.644570,0.497196,-0.207809,0.244559,-0.001645,2.352652,,,,,,
sample,161,drone,,4.023975,4.543459,-1.485792,1.920807,-1.637055,1.649885,0.496922,-0.120036,0.180748,-0.020321,2.352291,,,,,,
sample,162,drone,,4.048969,4.502506,-1.444498,1.933220,-1.638958,1.653605,0.496180,-0.032263,0.116937,-0.038997,2.351746,,,,,,
sample,163,drone,,4.073963,4.461532,-1.403132,1.945609,-1.638668,1.655730,0.494972,0.055510,0.053126,-0.057672,2.351015,,,,,,
sample,164,drone,,4.098956,4.420593,-1.361733,1.957963,-1.636183,1.656260,0.493297,0.143283,-0.010686,-0.076348,2.350097,,,,,,
sample,165,drone,,4.123950,4.379744,-1.320340,1.970268,-1.631505,1.655196,0.491156,0.231056,-0.074497,-0.095023,2.348987,,,,,,
sample,166,drone,,4.148944,4.339039,-1.278994,1.982514,-1.624633,1.652537,0.488548,0.318829,-0.138308,-0.113699,2.347680,,,,,,
sample,167,drone,,4.173937,4.298533,-1.237735,1.994689,-1.615568,1.648282,0.485472,0.406602,-0.202120,-0.132374,2.346172,,,,,,
sample,168,drone,,4.198931,4.258281,-1.196601,2.006782,-1.604309,1.642433,0.481930,0.494375,-0.265931,-0.151050,2.344453,,,,,,
sample,169,drone,,4.223925,4.218338,-1.155634,2.018780,-1.590855,1.634989,0.477922,0.582148,-0.329742,-0.169725,2.342514,,,,,,
sample,170,drone,,4.248918,4.178758,-1.114873,2.030672,-1.575209,1.625950,0.473446,0.669921,-0.393554,-0.188401,2.340345,,,,,,
sample,171,drone,,4.273912,4.139597,-1.074357,2.042446,-1.557368,1.615316,0.468504,0.757694,-0.457365,-0.207076,2.337932,,,,,,
sample,172,drone,,4.298905,4.100910,-1.034127,2.054091,-1.537333,1.603088,0.463095,0.845467,-0.521176,-0.225752,2.335259,,,,,,
sample,173,drone,,4.323899,4.062750,-0.994223,2.065595,-1.515105,1.589264,0.457219,0.933240,-0.584987,-0.244427,2.332310,,,,,,
sample,174,drone,,4.348893,4.025174,-0.954684,2.076946,-1.490683,1.573846,0.450877,1.021013,-0.648799,-0.263103,2.329064,,,,,,
sample,175,drone,,4.373886,3.988235,-0.915551,2.088133,-1.464068,1.556833,0.444068,1.108786,-0.712610,-0.281779,2.325496,,,,,,
sample,176,drone,,4.398880,3.951989,-0.876862,2.099144,-1.435258,1.538224,0.436792,1.196559,-0.776421,-0.300454,2.321580,,,,,,
sample,177,drone,,4.423874,3.916490,-0.838659,2.109967,-1.404255,1.518021,0.429049,1.284332,-0.840233,-0.319130,2.317283,,,,,,
sample,178,drone,,4.448867,3.881794,-0.800981,2.120591,-1.371058,1.496224,0.420839,1.372105,-0.904044,-0.337805,2.312569,,,,,,
sample,179,drone,,4.473861,3.847955,-0.763867,2.131003,-1.335667,1.472831,0.412163,1.459878,-0.967855,-0.356481,2.307394,,,,,,
sample,180,drone,,4.498855,3.815028,-0.727358,2.141194,-1.298083,1.447843,0.403020,1.547651,-1.031666,-0.375156,2.301709,,,,,,
sample,181,drone,,4.523848,3.783067,-0.691493,2.151149,-1.258304,1.421261,0.393410,1.635424,-1.095478,-0.393832,2.295455,,,,,,
sample,182,drone,,4.548842,3.752129,-0.656313,2.160859,-1.216332,1.393083,0.383333,1.723197,-1.159289,-0.412507,2.288562,,,,,,
sample,183,drone,,4.573835,3.722266,-0.621857,2.170311,-1.172166,1.363311,0.372790,1.810970,-1.223100,-0.431183,2.280949,,,,,,
sample,184,drone,,4.598829,3.693535,-0.588165,2.179494,-1.125807,1.331944,0.361779,1.898743,-1.286912,-0.449858,2.272518,,,,,,
sample,185,drone,,4.623823,3.665990,-0.555277,2.188395,-1.077253,1.298982,0.350302,1.986516,-1.350723,-0.468534,2.263153,,,,,,
sample,186,drone,,4.648816,3.639686,-0.523232,2.197004,-1.026506,1.264425,0.338359,2.074289,-1.414534,-0.487209,2.252713,,,,,,
sample,187,drone,,4.673810,3.614678,-0.492072,2.205309,-0.973565,1.228273,0.325948,2.162062,-1.478346,-0.505885,2.241027,,,,,,
sample,188,drone,,4.698804,3.591020,-0.461834,2.213298,-0.918431,1.190526,0.313071,2.249835,-1.542157,-0.524561,2.227884,,,,,,
sample,189,drone,,4.723797,3.568768,-0.432560,2.220959,-0.861102,1.151185,0.299727,2.337608,-1.605968,-0.543236,2.213025,,,,,,
sample,190,drone,,4.748791,3.547976,-0.404290,2.228280,-0.801580,1.110248,0.285916,2.425381,-1.669779,-0.561912,2.196124,,,,,,
sample,191,drone,,4.773785,3.528699,-0.377062,2.235251,-0.739864,1.067717,0.271638,2.513154,-1.733591,-0.580587,2.176768,,,,,,
sample,192,drone,,4.798778,3.510992,-0.350917,2.241859,-0.675954,1.023591,0.256894,2.600927,-1.797402,-0.599263,2.154431,,,,,,
sample,193,drone,,4.823772,3.494910,-0.325896,2.248092,-0.609851,0.977870,0.241683,2.688700,-1.861213,-0.617938,2.128426,,,,,,
sample,194,drone,,4.848765,3.480508,-0.302036,2.253940,-0.541554,0.930554,0.226005,2.776473,-1.925025,-0.636614,2.097852,,,,,,
sample,195,drone,,4.873759,3.467839,-0.279380,2.259390,-0.471062,0.881643,0.209860,2.864246,-1.988836,-0.655289,2.061506,,,,,,
sample,196,drone,,4.898753,3.456960,-0.257965,2.264430,-0.398378,0.831137,0.193249,2.952019,-2.052647,-0.673965,2.017760,,,,,,
sample,197,drone,,4.923746,3.447926,-0.237833,2.269050,-0.323499,0.779037,0.176171,3.039792,-2.116458,-0.692640,1.964384,,,,,,
sample,198,drone,,4.948740,3.440790,-0.219024,2.273236,-0.246427,0.725341,0.158626,3.127565,-2.180270,-0.711316,1.898301,,,,,,
sample,199,drone,,4.973734,3.435607,-0.201576,2.276979,-0.167161,0.670051,0.140614,3.215338,-2.244081,-0.729991,1.815280,,,,,,
sample,200,drone,,4.998727,3.432434,-0.185529,2.280265,-0.085701,0.613166,0.122135,3.303111,-2.307892,-0.748667,1.709664,,,,,,
sample,201,drone,,5.023721,3.431323,-0.170925,2.283084,-0.002047,0.554686,0.103190,3.390884,-2.371704,-0.767343,1.574487,,,,,,
sample,202,drone,,5.048715,3.432331,-0.157802,2.285423,0.083800,0.494611,0.083778,3.478657,-2.435515,-0.786018,1.402964,,,,,,
sample,203,drone,,5.073708,3.435512,-0.146201,2.287272,0.171841,0.432941,0.063899,3.552772,-2.392926,-0.786973,1.192951,,,,,,
sample,204,drone,,5.098702,3.440921,-0.136161,2.288618,0.261394,0.374995,0.044439,3.534871,-1.748509,-0.686093,0.962047,,,,,,
sample,205,drone,,5.123695,3.448579,-0.127456,2.289493,0.348540,0.345538,0.029603,3.407713,-0.639550,-0.502468,0.781073,,,,,,
sample,206,drone,,5.148689,3.458344,-0.118888,2.290097,0.431736,0.343026,0.019322,3.290105,-0.041811,-0.397913,0.671395,,,,,,
sample,207,drone,,5.173683,3.470160,-0.110309,2.290459,0.513003,0.343448,0.009713,3.219586,0.015176,-0.381001,0.589951,,,,,,
sample,208,drone,,5.198676,3.483987,-0.101720,2.290583,0.592674,0.343784,0.000277,3.155711,0.011746,-0.374032,0.525626,,,,,,
sample,209,drone,,5.223670,3.499786,-0.093124,2.290473,0.670749,0.344035,-0.008984,3.091836,0.008316,-0.367062,0.473924,,,,,,
sample,210,drone,,5.248664,3.517516,-0.084523,2.290134,0.747227,0.344200,-0.018071,3.027960,0.004886,-0.360093,0.431664,,,,,,
sample,211,drone,,5.273657,3.537138,-0.075918,2.289570,0.822108,0.344279,-0.026984,2.964085,0.001456,-0.353123,0.396587,,,,,,
sample,212,drone,,5.298651,3.558611,-0.067313,2.288785,0.895393,0.344273,-0.035723,2.900210,-0.001974,-0.346154,0.367068,,,,,,
sample,213,drone,,5.323645,3.581896,-0.058709,2.287784,0.967082,0.344181,-0.044288,2.836335,-0.005405,-0.339184,0.341918,,,,,,
sample,214,drone,,5.348638,3.606953,-0.050109,2.286571,1.037174,0.344003,-0.052678,2.772459,-0.008835,-0.332215,0.320256,,,,,,
sample,215,drone,,5.373632,3.633742,-0.041513,2.285151,1.105669,0.343739,-0.060894,2.708584,-0.012265,-0.325245,0.301415,,,,,,
sample,216,drone,,5.398625,3.662223,-0.032926,2.283527,1.172569,0.343390,-0.068936,2.644709,-0.015695,-0.318276,0.284887,,,,,,
sample,217,drone,,5.423619,3.692355,-0.024348,2.281705,1.237871,0.342954,-0.076804,2.580833,-0.019125,-0.311307,0.270273,,,,,,
sample,218,drone,,5.448613,3.724100,-0.015783,2.279688,1.301577,0.342433,-0.084497,2.516958,-0.022555,-0.304337,0.257261,,,,,,
sample,219,drone,,5.473606,3.757418,-0.007231,2.277481,1.363687,0.341827,-0.092017,2.453083,-0.025985,-0.297368,0.245603,,,,,,
sample,220,drone,,5.498600,3.792267,0.001304,2.275088,1.424200,0.341135,-0.099362,2.389208,-0.029416,-0.290398,0.235098,,,,,,
sample,221,drone,,5.523594,3.828609,0.009821,2.272514,1.483117,0.340356,-0.106533,2.325332,-0.032846,-0.283429,0.225581,,,,,,
sample,222,drone,,5.548587,3.866404,0.018318,2.269763,1.540437,0.339493,-0.113530,2.261457,-0.036276,-0.276459,0.216920,,,,,,
sample,223,drone,,5.573581,3.905612,0.026792,2.266839,1.596161,0.338543,-0.120352,2.197582,-0.039706,-0.269490,0.209001,,,,,,
sample,224,drone,,5.598575,3.946192,0.035241,2.263747,1.650288,0.337508,-0.127001,2.133707,-0.043136,-0.262520,0.201733,,,,,,
sample,225,drone,,5.623568,3.988105,0.043663,2.260491,1.702819,0.336387,-0.133475,2.069831,-0.046566,-0.255551,0.195036,,,,,,
sample,226,drone,,5.648562,4.031311,0.052056,2.257075,1.753754,0.335180,-0.139775,2.005956,-0.049997,-0.248581,0.188844,,,,,,
sample,227,drone,,5.673555,4.075771,0.060417,2.253504,1.803092,0.333888,-0.145901,1.942081,-0.053427,-0.241612,0.183101,,,,,,
sample,228,drone,,5.698549,4.121443,0.068746,2.249782,1.850833,0.332509,-0.151853,1.878205,-0.056857,-0.234642,0.177758,,,,,,
sample,229,drone,,5.723543,4.168289,0.077039,2.245913,1.896978,0.331046,-0.157630,1.814330,-0.060287,-0.227673,0.172772,,,,,,
sample,230,drone,,5.748536,4.216268,0.085294,2.241902,1.941526,0.329496,-0.163233,1.750455,-0.063717,-0.220703,0.168108,,,,,,
sample,231,drone,,5.773530,4.265340,0.093509,2.237753,1.984478,0.327861,-0.168662,1.686580,-0.067147,-0.213734,0.163733,,,,,,
sample,232,drone,,5.798524,4.315466,0.101683,2.233471,2.025834,0.326139,-0.173917,1.622704,-0.070577,-0.206764,0.159621,,,,,,
sample,233,drone,,5.823517,4.366606,0.109812,2.229060,2.065593,0.324333,-0.178998,1.558829,-0.074008,-0.199795,0.155745,,,,,,
sample,234,drone,,5.848511,4.418720,0.117895,2.224524,2.103755,0.322440,-0.183905,1.494954,-0.077438,-0.192825,0.152085,,,,,,
sample,235,drone,,5.873505,4.471767,0.125930,2.219867,2.140322,0.320462,-0.188637,1.431078,-0.080868,-0.185856,0.148622,,,,,,
sample,236,drone,,5.898498,4.525709,0.133914,2.215094,2.175291,0.318398,-0.193195,1.367203,-0.084298,-0.178887,0.145338,,,,,,
sample,237,drone,,5.923492,4.580504,0.141846,2.210210,2.208664,0.316248,-0.197579,1.303328,-0.087728,-0.171917,0.142218,,,,,,
sample,238,drone,,5.948485,4.636114,0.149723,2.205218,2.240441,0.314012,-0.201789,1.239453,-0.091158,-0.164948,0.139249,,,,,,
sample,239,drone,,5.973479,4.692498,0.157542,2.200123,2.270621,0.311691,-0.205824,1.175577,-0.094589,-0.157978,0.136419,,,,,,
sample,240,drone,,5.998473,4.749616,0.165303,2.194929,2.299205,0.309284,-0.209686,1.111702,-0.098019,-0.151009,0.133715,,,,,,
sample,241,drone,,6.023466,4.807429,0.173003,2.189641,2.326192,0.306791,-0.213373,1.047827,-0.101449,-0.144039,0.131129,,,,,,
sample,242,drone,,6.048460,4.865896,0.180639,2.184263,2.351583,0.304213,-0.216886,0.983951,-0.104879,-0.137070,0.128651,,,,,,
sample,243,drone,,6.073454,4.924978,0.188210,2.178800,2.375377,0.301549,-0.220224,0.920076,-0.108309,-0.130100,0.126272,,,,,,
sample,244,drone,,6.098447,4.984634,0.195712,2.173255,2.397575,0.298799,-0.223389,0.856201,-0.111739,-0.123131,0.123986,,,,,,
sample,245,drone,,6.123441,5.044826,0.203146,2.167633,2.418176,0.295963,-0.226379,0.792326,-0.115169,-0.116161,0.121785,,,,,,
sample,246,drone,,6.148435,5.105512,0.210507,2.161939,2.437181,0.293042,-0.229196,0.728450,-0.118600,-0.109192,0.119664,,,,,,
sample,247,drone,,6.173428,5.166654,0.217794,2.156176,2.454590,0.290035,-0.231838,0.664575,-0.122030,-0.102222,0.117615,,,,,,
sample,248,drone,,6.198422,5.228211,0.225005,2.150350,2.470401,0.286942,-0.234305,0.600700,-0.125460,-0.095253,0.115634,,,,,,
sample,249,drone,,6.223415,5.290143,0.232137,2.144464,2.484617,0.283763,-0.236599,0.536824,-0.128890,-0.088283,0.113715,,,,,,
sample,250,drone,,6.248409,5.352410,0.239189,2.138523,2.497236,0.280499,-0.238718,0.472949,-0.132320,-0.081314,0.111855,,,,,,
sample,251,drone,,6.273403,5.414973,0.246159,2.132531,2.508258,0.277149,-0.240664,0.409074,-0.135750,-0.074344,0.110048,,,,,,
sample,252,drone,,6.298396,5.477791,0.253043,2.126493,2.517684,0.273713,-0.242435,0.345199,-0.139181,-0.067375,0.108291,,,,,,
sample,253,drone,,6.323390,5.540825,0.259841,2.120412,2.525514,0.270192,-0.244032,0.281323,-0.142611,-0.060405,0.106579,,,,,,
sample,254,drone,,6.348384,5.604034,0.266550,2.114294,2.531747,0.266585,-0.245454,0.217448,-0.146041,-0.053436,0.104910,,,,,,
sample,255,drone,,6.373377,5.667380,0.273167,2.108143,2.536384,0.262892,-0.246703,0.153573,-0.149471,-0.046466,0.103279,,,,,,
sample,256,drone,,6.398371,5.730821,0.279691,2.101962,2.539424,0.259113,-0.247777,0.089698,-0.152901,-0.039497,0.101684,,,,,,
sample,257,drone,,6.423365,5.794319,0.286119,2.095757,2.540867,0.255248,-0.248677,0.025822,-0.156331,-0.032528,0.100121,,,,,,
sample,258,drone,,6.448358,5.857832,0.292450,2.089532,2.540714,0.251298,-0.249403,-0.038053,-0.159761,-0.025558,0.098588,,,,,,
sample,259,drone,,6.473352,5.921322,0.298681,2.083290,2.538965,0.247262,-0.249955,-0.101928,-0.163192,-0.018589,0.097081,,,,,,
sample,260,drone,,6.498345,5.984748,0.304810,2.077037,2.535619,0.243141,-0.250332,-0.165804,-0.166622,-0.011619,0.095598,,,,,,
sample,261,drone,,6.523339,6.048071,0.310835,2.070777,2.530677,0.238933,-0.250535,-0.229679,-0.170052,-0.004650,0.094136,,,,,,
sample,262,drone,,6.548333,6.111250,0.316754,2.064513,2.524138,0.234640,-0.250565,-0.293554,-0.173482,0.002320,0.092692,,,,,,
sample,263,drone,,6.573326,6.174246,0.322564,2.058252,2.516003,0.230262,-0.250419,-0.357429,-0.176912,0.009289,0.091265,,,,,,
sample,264,drone,,6.598320,6.237018,0.328264,2.051996,2.506271,0.225797,-0.250100,-0.421305,-0.180342,0.016259,0.089850,,,,,,
sample,265,drone,,6.623314,6.299527,0.333851,2.045750,2.494943,0.221247,-0.249607,-0.485180,-0.183773,0.023228,0.088447,,,,,,
sample,266,drone,,6.648307,6.361734,0.339323,2.039518,2.482019,0.216611,-0.248939,-0.549055,-0.187203,0.030198,0.087051,,,,,,
sample,267,drone,,6.673301,6.423597,0.344679,2.033306,2.467497,0.211889,-0.248097,-0.612931,-0.190633,0.037167,0.085662,,,,,,
sample,268,drone,,6.698295,6.485077,0.349915,2.027117,2.451380,0.207081,-0.247081,-0.676806,-0.194063,0.044137,0.084275,,,,,,
sample,269,drone,,6.723288,6.546135,0.355030,2.020955,2.433666,0.202188,-0.245891,-0.740681,-0.197493,0.051106,0.082889,,,,,,
sample,270,drone,,6.748282,6.606729,0.360022,2.014825,2.414355,0.197209,-0.244527,-0.804556,-0.200923,0.058076,0.081501,,,,,,
sample,271,drone,,6.773275,6.666822,0.364888,2.008732,2.393448,0.192145,-0.242988,-0.868432,-0.204354,0.065045,0.080108,,,,,,
sample,272,drone,,6.798269,6.726371,0.369627,2.002679,2.370945,0.186994,-0.241275,-0.932307,-0.207784,0.072015,0.078706,,,,,,
sample,273,drone,,6.823263,6.785339,0.374235,1.996671,2.346845,0.181758,-0.239388,-0.996182,-0.211214,0.078984,0.077294,,,,,,
sample,274,drone,,6.848256,6.843684,0.378712,1.990713,2.321148,0.176436,-0.237327,-1.060058,-0.214644,0.085954,0.075867,,,,,,
sample,275,drone,,6.873250,6.901366,0.383055,1.984808,2.293855,0.171029,-0.235092,-1.123933,-0.218074,0.092923,0.074422,,,,,,
sample,276,drone,,6.898244,6.958347,0.387261,1.978961,2.264966,0.165535,-0.232682,-1.187808,-0.221504,0.099892,0.072955,,,,,,
sample,277,drone,,6.923237,7.014586,0.391330,1.973177,2.234480,0.159956,-0.230098,-1.251683,-0.224934,0.106862,0.071464,,,,,,
sample,278,drone,,6.948231,7.070043,0.395257,1.967459,2.202398,0.154291,-0.227340,-1.315559,-0.228365,0.113831,0.069942,,,,,,
sample,279,drone,,6.973225,7.124678,0.399042,1.961813,2.168719,0.148541,-0.224408,-1.379434,-0.231795,0.120801,0.068386,,,,,,
sample,280,drone,,6.998218,7.178451,0.402682,1.956242,2.133444,0.142705,-0.221302,-1.443309,-0.235225,0.127770,0.066790,,,,,,
sample,281,drone,,7.023212,7.231323,0.406176,1.950750,2.096572,0.136783,-0.218021,-1.507184,-0.238655,0.134740,0.065149,,,,,,
sample,282,drone,,7.048205,7.283253,0.409520,1.945343,2.058103,0.130775,-0.214566,-1.571060,-0.242085,0.141709,0.063456,,,,,,
sample,283,drone,,7.073199,7.334202,0.412713,1.940025,2.018039,0.124682,-0.210937,-1.634935,-0.245515,0.148679,0.061705,,,,,,
sample,284,drone,,7.098193,7.384129,0.415752,1.934799,1.976378,0.118502,-0.207134,-1.698810,-0.248946,0.155648,0.059888,,,,,,
sample,285,drone,,7.123186,7.432996,0.418636,1.929671,1.933120,0.112237,-0.203157,-1.762686,-0.252376,0.162618,0.057995,,,,,,
sample,286,drone,,7.148180,7.480761,0.421363,1.924644,1.888266,0.105887,-0.199006,-1.826561,-0.255806,0.169587,0.056018,,,,,,
sample,287,drone,,7.173174,7.527385,0.423929,1.919723,1.841815,0.099450,-0.194680,-1.890436,-0.259236,0.176557,0.053943,,,,,,
sample,288,drone,,7.198167,7.572828,0.426334,1.914912,1.793768,0.092928,-0.190180,-1.954311,-0.262666,0.183526,0.051760,,,,,,
sample,289,drone,,7.223161,7.617050,0.428575,1.910216,1.744124,0.086320,-0.185506,-2.018187,-0.266096,0.190496,0.049452,,,,,,
sample,290,drone,,7.248155,7.660012,0.430649,1.905639,1.692884,0.079627,-0.180658,-2.082062,-0.269526,0.197465,0.047002,,,,,,
sample,291,drone,,7.273148,7.701673,0.432555,1.901186,1.640048,0.072848,-0.175635,-2.145937,-0.272957,0.204435,0.044389,,,,,,
sample,292,drone,,7.298142,7.741993,0.434290,1.896860,1.585615,0.065982,-0.170438,-2.209813,-0.276387,0.211404,0.041589,,,,,,
sample,293,drone,,7.323135,7.780934,0.435853,1.892666,1.529585,0.059032,-0.165068,-2.273688,-0.279817,0.218374,0.038574,,,,,,
sample,294,drone,,7.348129,7.818453,0.437241,1.888609,1.471959,0.051995,-0.159523,-2.337563,-0.283247,0.225343,0.035309,,,,,,
sample,295,drone,,7.373123,7.854513,0.438452,1.884692,1.412737,0.044873,-0.153803,-2.401438,-0.286677,0.232313,0.031752,,,,,,
sample,296,drone,,7.398116,7.889072,0.439484,1.880920,1.351918,0.037665,-0.147910,-2.465314,-0.290107,0.239282,0.027853,,,,,,
sample,297,drone,,7.423110,7.922091,0.440335,1.877298,1.289503,0.030371,-0.141842,-2.529189,-0.293538,0.246251,0.023548,,,,,,
sample,298,drone,,7.448104,7.953531,0.441002,1.873830,1.225491,0.022992,-0.135600,-2.593064,-0.296968,0.253221,0.018759,,,,,,
sample,299,drone,,7.473097,7.983350,0.441484,1.870520,1.159882,0.015527,-0.129184,-2.656940,-0.300398,0.260190,0.013386,,,,,,
sample,300,drone,,7.498091,8.011510,0.441779,1.867373,1.092678,0.007976,-0.122594,-2.720815,-0.303828,0.267160,0.007299,,,,,,
sample,301,drone,,7.523085,8.037970,0.441883,1.864392,1.023876,0.000339,-0.115830,-2.784690,-0.307258,0.274129,0.000331,,,,,,
sample,302,drone,,7.548078,8.062691,0.441796,1.861582,0.953478,-0.007383,-0.108891,-2.848565,-0.310688,0.281099,-0.007743,,,,,,
sample,303,drone,,7.573072,8.085632,0.441514,1.858949,0.881484,-0.015191,-0.101779,-2.912441,-0.314118,0.288068,-0.017232,,,,,,
sample,304,drone,,7.598065,8.106754,0.441036,1.856495,0.807893,-0.023085,-0.094492,-2.976316,-0.317549,0.295038,-0.028567,,,,,,
sample,305,drone,,7.623059,8.126017,0.440360,1.854225,0.732706,-0.031065,-0.087030,-3.040191,-0.320979,0.302007,-0.042372,,,,,,
sample,306,drone,,7.648053,8.143380,0.439483,1.852144,0.655923,-0.039130,-0.079395,-3.104066,-0.324409,0.308977,-0.059586,,,,,,
sample,307,drone,,7.673046,8.158804,0.438404,1.850257,0.577542,-0.047281,-0.071585,-3.167942,-0.327839,0.315946,-0.081684,,,,,,
sample,308,drone,,7.698040,8.172250,0.437120,1.848566,0.497566,-0.055518,-0.063602,-3.231817,-0.331269,0.322916,-0.111119,,,,,,
sample,309,drone,,7.723034,8.183676,0.435629,1.847077,0.415993,-0.063840,-0.055444,-3.295692,-0.334699,0.329885,-0.152277,,,,,,
sample,310,drone,,7.748027,8.193044,0.433929,1.845795,0.332823,-0.072248,-0.047112,-3.359568,-0.338130,0.336855,-0.213761,,,,,,
sample,311,drone,,7.773021,8.200313,0.432017,1.844722,0.248057,-0.080742,-0.038605,-3.423443,-0.341560,0.343824,-0.314684,,,,,,
sample,312,drone,,7.798015,8.205444,0.429893,1.843865,0.161695,-0.089322,-0.029925,-3.487318,-0.344990,0.350794,-0.504694,,,,,,
sample,313,drone,,7.823008,8.208396,0.427552,1.843226,0.073736,-0.097988,-0.021070,-3.551193,-0.348420,0.357763,-0.925697,,,,,,
sample,314,drone,,7.848002,8.209130,0.424994,1.842812,-0.015820,-0.106739,-0.012041,-3.560636,-0.363975,0.356216,-1.717936,,,,,,
sample,315,drone,,7.872995,8.207605,0.422217,1.842625,-0.104251,-0.116182,-0.003264,-3.247586,-0.448000,0.304799,-2.302123,,,,,,
sample,316,drone,,7.897989,8.203918,0.419187,1.842648,-0.178158,-0.129133,0.003195,-2.664808,-0.580726,0.213159,-2.514400,,,,,,
sample,317,drone,,7.922983,8.198699,0.415762,1.842784,-0.237457,-0.145211,0.007391,-2.325013,-0.646393,0.161781,-2.592744,,,,,,
sample,318,drone,,7.947976,8.192049,0.411928,1.843018,-0.294379,-0.161444,0.011282,-2.262567,-0.645096,0.154694,-2.639960,,,,,,
sample,319,drone,,7.972970,8.183984,0.407692,1.843348,-0.350557,-0.177457,0.015124,-2.232815,-0.636249,0.152770,-2.672985,,,,,,
sample,320,drone,,7.997964,8.174525,0.403058,1.843774,-0.405991,-0.193249,0.018918,-2.203064,-0.627403,0.150845,-2.697335,,,,,,
sample,321,drone,,8.022957,8.163690,0.398032,1.844294,-0.460682,-0.208819,0.022664,-2.173312,-0.618556,0.148920,-2.716012,,,,,,
sample,322,drone,,8.047951,8.151497,0.392619,1.844907,-0.514629,-0.224169,0.026362,-2.143561,-0.609710,0.146996,-2.730784,,,,,,
sample,323,drone,,8.072945,8.137965,0.386826,1.845612,-0.567833,-0.239297,0.030012,-2.113809,-0.600863,0.145071,-2.742757,,,,,,
sample,324,drone,,8.097938,8.123113,0.380657,1.846407,-0.620293,-0.254204,0.033614,-2.084058,-0.592017,0.143146,-2.752655,,,,,,
sample,325,drone,,8.122932,8.106958,0.374119,1.847292,-0.672009,-0.268890,0.037168,-2.054306,-0.583170,0.141221,-2.760975,,,,,,
sample,326,drone,,8.147925,8.089521,0.367216,1.848265,-0.722982,-0.283355,0.040673,-2.024555,-0.574324,0.139297,-2.768066,,,,,,
sample,327,drone,,8.172919,8.070818,0.359955,1.849325,-0.773211,-0.297599,0.044131,-1.994803,-0.565477,0.137372,-2.774182,,,,,,
sample,328,drone,,8.197913,8.050870,0.352340,1.850471,-0.822697,-0.311622,0.047540,-1.965052,-0.556631,0.135447,-2.779511,,,,,,
sample,329,drone,,8.222906,8.029694,0.344378,1.851702,-0.871439,-0.325424,0.050902,-1.935300,-0.547784,0.133522,-2.784197,,,,,,
sample,330,drone,,8.247900,8.007309,0.336073,1.853015,-0.919437,-0.339004,0.054215,-1.905549,-0.538938,0.131598,-2.788349,,,,,,
sample,331,drone,,8.272894,7.983734,0.327432,1.854412,-0.966692,-0.352364,0.057480,-1.875797,-0.530091,0.129673,-2.792055,,,,,,
sample,332,drone,,8.297887,7.958987,0.318459,1.855889,-1.013203,-0.365502,0.060697,-1.846046,-0.521245,0.127748,-2.795383,,,,,,
sample,333,drone,,8.322881,7.933087,0.309161,1.857446,-1.058971,-0.378419,0.063866,-1.816294,-0.512398,0.125823,-2.798388,,,,,,
sample,334,drone,,8.347875,7.906052,0.299543,1.859081,-1.103995,-0.391115,0.066986,-1.786543,-0.503552,0.123899,-2.801116,,,,,,
sample,335,drone,,8.372868,7.877901,0.289611,1.860794,-1.148275,-0.403591,0.070059,-1.756791,-0.494705,0.121974,-2.803604,,,,,,
sample,336,drone,,8.397862,7.848653,0.279369,1.862583,-1.191812,-0.415844,0.073083,-1.727040,-0.485859,0.120049,-2.805882,,,,,,
sample,337,drone,,8.422855,7.818325,0.268824,1.864447,-1.234605,-0.427877,0.076060,-1.697288,-0.477012,0.118124,-2.807977,,,,,,
sample,338,drone,,8.447849,7.786938,0.257980,1.866385,-1.276655,-0.439689,0.078988,-1.667537,-0.468166,0.116200,-2.809909,,,,,,
sample,339,drone,,8.472843,7.754509,0.246845,1.868396,-1.317961,-0.451280,0.081868,-1.637785,-0.459319,0.114275,-2.811698,,,,,,
sample,340,drone,,8.497836,7.721057,0.235422,1.870478,-1.358523,-0.462649,0.084700,-1.608034,-0.450473,0.112350,-2.813359,,,,,,
sample,341,drone,,8.522830,7.686600,0.223718,1.872630,-1.398342,-0.473798,0.087484,-1.578282,-0.441626,0.110426,-2.814905,,,,,,
sample,342,drone,,8.547824,7.651157,0.211738,1.874851,-1.437417,-0.484725,0.090220,-1.548531,-0.432780,0.108501,-2.816349,,,,,,
sample,343,drone,,8.572817,7.614748,0.199488,1.877140,-1.475749,-0.495431,0.092908,-1.518779,-0.423933,0.106576,-2.817700,,,,,,
sample,344,drone,,8.597811,7.577389,0.186973,1.879495,-1.513337,-0.505916,0.095548,-1.489028,-0.415087,0.104651,-2.818968,,,,,,
sample,345,drone,,8.622804,7.539100,0.174199,1.881916,-1.550181,-0.516180,0.098139,-1.459276,-0.406240,0.102727,-2.820160,,,,,,
sample,346,drone,,8.647798,7.499899,0.161171,1.884401,-1.586282,-0.526223,0.100683,-1.429525,-0.397394,0.100802,-2.821283,,,,,,
sample,347,drone,,8.672792,7.459806,0.147894,1.886949,-1.621639,-0.536045,0.103178,-1.399773,-0.388547,0.098877,-2.822343,,,,,,
sample,348,drone,,8.697785,7.418838,0.134375,1.889558,-1.656253,-0.545645,0.105625,-1.370022,-0.379701,0.096952,-2.823345,,,,,,
sample,349,drone,,8.722779,7.377014,0.120619,1.892228,-1.690123,-0.555025,0.108024,-1.340270,-0.370854,0.095028,-2.824295,,,,,,
sample,350,drone,,8.747773,7.334354,0.106631,1.894958,-1.723249,-0.564183,0.110376,-1.310519,-0.362008,0.093103,-2.825196,,,,,,
sample,351,drone,,8.772766,7.290874,0.092417,1.897746,-1.755632,-0.573121,0.112678,-1.280767,-0.353161,0.091178,-2.826053,,,,,,
sample,352,drone,,8.797760,7.246594,0.077982,1.900591,-1.787271,-0.581837,0.114933,-1.251016,-0.344315,0.089253,-2.826868,,,,,,
sample,353,drone,,8.822754,7.201533,0.063333,1.903491,-1.818167,-0.590332,0.117140,-1.221264,-0.335468,0.087329,-2.827645,,,,,,
sample,354,drone,,8.847747,7.155709,0.048473,1.906446,-1.848319,-0.598606,0.119299,-1.191513,-0.326622,0.085404,-2.828388,,,,,,
sample,355,drone,,8.872741,7.109141,0.033410,1.909454,-1.877728,-0.606659,0.121409,-1.161761,-0.317775,0.083479,-2.829097,,,,,,
sample,356,drone,,8.897734,7.061847,0.018148,1.912515,-1.906392,-0.614491,0.123471,-1.132010,-0.308929,0.081554,-2.829776,,,,,,
sample,357,drone,,8.922728,7.013845,0.002693,1.915626,-1.934314,-0.622102,0.125486,-1.102258,-0.300082,0.079630,-2.830427,,,,,,
sample,358,drone,,8.947722,6.965156,-0.012949,1.918788,-1.961491,-0.629491,0.127452,-1.072507,-0.291236,0.077705,-2.831051,,,,,,
sample,359,drone,,8.972715,6.915796,-0.028773,1.921997,-1.987925,-0.636660,0.129370,-1.042755,-0.282389,0.075780,-2.831651,,,,,,
sample,360,drone,,8.997709,6.865785,-0.044774,1.925255,-2.013616,-0.643607,0.131240,-1.013004,-0.273543,0.073855,-2.832228,,,,,,
sample,361,drone,,9.022703,6.815141,-0.060946,1.928558,-2.038563,-0.650333,0.133062,-0.983252,-0.264696,0.071931,-2.832783,,,,,,
sample,362,drone,,9.047696,6.763882,-0.077282,1.931906,-2.062766,-0.656838,0.134836,-0.953501,-0.255850,0.070006,-2.833318,,,,,,
sample,363,drone,,9.072690,6.712029,-0.093779,1.935298,-2.086226,-0.663123,0.136561,-0.923749,-0.247003,0.068081,-2.833834,,,,,,
sample,364,drone,,9.097684,6.659598,-0.110430,1.938732,-2.108942,-0.669185,0.138239,-0.893998,-0.238157,0.066157,-2.834333,,,,,,
sample,365,drone,,9.122677,6.606608,-0.127230,1.942208,-2.130914,-0.675027,0.139868,-0.864246,-0.229310,0.064232,-2.834815,,,,,,
sample,366,drone,,9.147671,6.553079,-0.144173,1.945724,-2.152143,-0.680648,0.141450,-0.834495,-0.220464,0.062307,-2.835281,,,,,,
sample,367,drone,,9.172664,6.499029,-0.161254,1.949279,-2.172628,-0.686048,0.142983,-0.804743,-0.211617,0.060382,-2.835733,,,,,,
sample,368,drone,,9.197658,6.444475,-0.178466,1.952871,-2.192370,-0.691226,0.144468,-0.774992,-0.202771,0.058458,-2.836171,,,,,,
sample,369,drone,,9.222652,6.389438,-0.195806,1.956500,-2.211368,-0.696184,0.145905,-0.745240,-0.193924,0.056533,-2.836595,,,,,,
sample,370,drone,,9.247645,6.333935,-0.213267,1.960165,-2.229622,-0.700920,0.147294,-0.715489,-0.185078,0.054608,-2.837008,,,,,,
sample,371,drone,,9.272639,6.277985,-0.230843,1.963863,-2.247133,-0.705435,0.148635,-0.685737,-0.176231,0.052683,-2.837409,,,,,,
sample,372,drone,,9.297633,6.221607,-0.248530,1.967594,-2.263900,-0.709729,0.149927,-0.655986,-0.167385,0.050759,-2.837798,,,,,,
sample,373,drone,,9.322626,6.164819,-0.266321,1.971358,-2.279924,-0.713802,0.151172,-0.626234,-0.158538,0.048834,-2.838178,,,,,,
sample,374,drone,,9.347620,6.107640,-0.284211,1.975151,-2.295204,-0.717654,0.152368,-0.596483,-0.149692,0.046909,-2.838548,,,,,,
sample,375,drone,,9.372614,6.050088,-0.302194,1.978974,-2.309741,-0.721285,0.153517,-0.566731,-0.140845,0.044984,-2.838909,,,,,,
sample,376,drone,,9.397607,5.992182,-0.320266,1.982825,-2.323534,-0.724695,0.154617,-0.536980,-0.131999,0.043060,-2.839261,,,,,,
sample,377,drone,,9.422601,5.933941,-0.338420,1.986703,-2.336583,-0.727883,0.155669,-0.507228,-0.123152,0.041135,-2.839604,,,,,,
sample,378,drone,,9.447594,5.875383,-0.356651,1.990607,-2.348889,-0.730851,0.156673,-0.477477,-0.114306,0.039210,-2.839940,,,,,,
sample,379,drone,,9.472588,5.816526,-0.374953,1.994535,-2.360451,-0.733597,0.157629,-0.447725,-0.105459,0.037285,-2.840269,,,,,,
sample,380,drone,,9.497582,5.757390,-0.393321,1.998486,-2.371269,-0.736122,0.158537,-0.417974,-0.096613,0.035361,-2.840591,,,,,,
sample,381,drone,,9.522575,5.697993,-0.411750,2.002459,-2.381344,-0.738427,0.159397,-0.388222,-0.087766,0.033436,-2.840907,,,,,,
sample,382,drone,,9.547569,5.638353,-0.430233,2.006454,-2.390675,-0.740510,0.160208,-0.358471,-0.078920,0.031511,-2.841216,,,,,,
sample,383,drone,,9.572563,5.578490,-0.448766,2.010468,-2.399263,-0.742372,0.160972,-0.328719,-0.070073,0.029587,-2.841519,,,,,,
sample,384,drone,,9.597556,5.518421,-0.467342,2.014500,-2.407107,-0.744012,0.161687,-0.298968,-0.061227,0.027662,-2.841818,,,,,,
sample,385,drone,,9.622550,5.458165,-0.485957,2.018550,-2.414208,-0.745432,0.162355,-0.269216,-0.052380,0.025737,-2.842111,,,,,,
sample,386,drone,,9.647544,5.397741,-0.504604,2.022616,-2.420564,-0.746631,0.162974,-0.239465,-0.043534,0.023812,-2.842399,,,,,,
sample,387,drone,,9.672537,5.337168,-0.523279,2.026697,-2.426178,-0.747608,0.163545,-0.209713,-0.034687,0.021888,-2.842683,,,,,,
sample,388,drone,,9.697531,5.276463,-0.541975,2.030791,-2.431047,-0.748365,0.164068,-0.179962,-0.025841,0.019963,-2.842962,,,,,,
sample,389,drone,,9.722524,5.215646,-0.560688,2.034898,-2.435174,-0.748900,0.164543,-0.150210,-0.016994,0.018038,-2.843238,,,,,,
sample,390,drone,,9.747518,5.154735,-0.579411,2.039016,-2.438556,-0.749214,0.164970,-0.120459,-0.008148,0.016113,-2.843510,,,,,,
sample,391,drone,,9.772512,5.093749,-0.598139,2.043144,-2.441195,-0.749307,0.165348,-0.090707,0.000699,0.014189,-2.843779,,,,,,
sample,392,drone,,9.797505,5.032707,-0.616866,2.047282,-2.443090,-0.749179,0.165679,-0.060956,0.009545,0.012264,-2.844044,,,,,,
sample,393,drone,,9.822499,4.971626,-0.635588,2.051426,-2.444242,-0.748830,0.165961,-0.031204,0.018392,0.010339,-2.844307,,,,,,
sample,394,drone,,9.847493,4.910526,-0.654298,2.055578,-2.444650,-0.748260,0.166196,-0.001453,0.027238,0.008414,-2.844567,,,,,,
sample,395,drone,,9.872486,4.849425,-0.672992,2.059734,-2.444315,-0.747469,0.166382,0.028299,0.036085,0.006490,-2.844824,,,,,,
sample,396,drone,,9.897480,4.788341,-0.691662,2.063894,-2.443236,-0.746456,0.166520,0.058050,0.044931,0.004565,-2.845080,,,,,,
sample,397,drone,,9.922474,4.727294,-0.710305,2.068058,-2.441413,-0.745223,0.166610,0.087802,0.053778,0.002640,-2.845333,,,,,,
sample,398,drone,,9.947467,4.666302,-0.728914,2.072223,-2.438847,-0.743768,0.166652,0.117553,0.062624,0.000715,-2.845585,,,,,,
sample,399,drone,,9.972461,4.605383,-0.747484,2.076388,-2.435537,-0.742092,0.166646,0.147305,0.071471,-0.001209,-2.845835,,,,,,
sample,400,drone,,9.997454,4.544556,-0.766009,2.080553,-2.431483,-0.740195,0.166592,0.177056,0.080317,-0.003134,-2.846085,,,,,,
sample,401,drone,,10.022448,4.483839,-0.784484,2.084716,-2.426686,-0.738077,0.166489,0.206808,0.089164,-0.005059,-2.846333,,,,,,
sample,402,drone,,10.047442,4.423252,-0.802904,2.088875,-2.421145,-0.735738,0.166339,0.236559,0.098010,-0.006984,-2.846580,,,,,,
sample,403,drone,,10.072435,4.362813,-0.821262,2.093031,-2.414861,-0.733178,0.166140,0.266311,0.106857,-0.008908,-2.846826,,,,,,
sample,404,drone,,10.097429,4.302540,-0.839553,2.097180,-2.407833,-0.730397,0.165894,0.296062,0.115703,-0.010833,-2.847073,,,,,,
sample,405,drone,,10.122423,4.242452,-0.857772,2.101323,-2.400062,-0.727394,0.165599,0.325814,0.124550,-0.012758,-2.847319,,,,,,
sample,406,drone,,10.147416,4.182567,-0.875914,2.105458,-2.391547,-0.724171,0.165256,0.355565,0.133396,-0.014682,-2.847565,,,,,,
sample,407,drone,,10.172410,4.122905,-0.893972,2.109584,-2.382288,-0.720726,0.164865,0.385317,0.142243,-0.016607,-2.847812,,,,,,
sample,408,drone,,10.197404,4.063483,-0.911941,2.113699,-2.372286,-0.717061,0.164426,0.415068,0.151089,-0.018532,-2.848059,,,,,,
sample,409,drone,,10.222397,4.004321,-0.929816,2.117803,-2.361540,-0.713174,0.163938,0.444820,0.159936,-0.020457,-2.848306,,,,,,
sample,410,drone,,10.247391,3.945436,-0.947590,2.121894,-2.350051,-0.709066,0.163403,0.474571,0.168782,-0.022381,-2.848555,,,,,,
sample,411,drone,,10.272384,3.886848,-0.965260,2.125971,-2.337817,-0.704737,0.162820,0.504323,0.177629,-0.024306,-2.848805,,,,,,
sample,412,drone,,10.297378,3.828575,-0.982818,2.130033,-2.324841,-0.700187,0.162188,0.534074,0.186475,-0.026231,-2.849057,,,,,,
sample,413,drone,,10.322372,3.770636,-1.000260,2.134079,-2.311121,-0.695415,0.161508,0.563826,0.195322,-0.028156,-2.849311,,,,,,
sample,414,drone,,10.347365,3.713049,-1.017580,2.138106,-2.296657,-0.690423,0.160781,0.593577,0.204168,-0.030080,-2.849566,,,,,,
sample,415,drone,,10.372359,3.655832,-1.034773,2.142115,-2.281449,-0.685210,0.160005,0.623329,0.213015,-0.032005,-2.849824,,,,,,
sample,416,drone,,10.397353,3.599005,-1.051832,2.146105,-2.265498,-0.679775,0.159181,0.653080,0.221861,-0.033930,-2.850085,,,,,,
sample,417,drone,,10.422346,3.542586,-1.068753,2.150073,-2.248804,-0.674119,0.158309,0.682832,0.230708,-0.035855,-2.850349,,,,,,
sample,418,drone,,10.447340,3.486594,-1.085529,2.154018,-2.231365,-0.668243,0.157389,0.712583,0.239554,-0.037779,-2.850616,,,,,,
sample,419,drone,,10.472334,3.431046,-1.102156,2.157940,-2.213183,-0.662145,0.156420,0.742335,0.248401,-0.039704,-2.850886,,,,,,
sample,420,drone,,10.497327,3.375963,-1.118628,2.161837,-2.194258,-0.655826,0.155404,0.772086,0.257247,-0.041629,-2.851161,,,,,,
sample,421,drone,,10.522321,3.321361,-1.134939,2.165708,-2.174589,-0.649286,0.154339,0.801838,0.266094,-0.043554,-2.851440,,,,,,
sample,422,drone,,10.547314,3.267261,-1.151084,2.169552,-2.154176,-0.642524,0.153227,0.831589,0.274940,-0.045478,-2.851725,,,,,,
sample,423,drone,,10.572308,3.213680,-1.167057,2.173368,-2.133020,-0.635542,0.152066,0.861341,0.283787,-0.047403,-2.852014,,,,,,
sample,424,drone,,10.597302,3.160637,-1.182853,2.177153,-2.111120,-0.628339,0.150857,0.891092,0.292633,-0.049328,-2.852309,,,,,,
sample,425,drone,,10.622295,3.108151,-1.198466,2.180908,-2.088477,-0.620914,0.149600,0.920844,0.301480,-0.051252,-2.852610,,,,,,
sample,426,drone,,10.647289,3.056240,-1.213891,2.184632,-2.065090,-0.613269,0.148295,0.950595,0.310326,-0.053177,-2.852918,,,,,,
sample,427,drone,,10.672283,3.004923,-1.229122,2.188321,-2.040959,-0.605402,0.146942,0.980347,0.319173,-0.055102,-2.853234,,,,,,
sample,428,drone,,10.697276,2.954218,-1.244153,2.191977,-2.016085,-0.597314,0.145541,1.010098,0.328019,-0.057027,-2.853557,,,,,,
sample,429,drone,,10.722270,2.904144,-1.258980,2.195597,-1.990467,-0.589005,0.144091,1.039850,0.336866,-0.058951,-2.853890,,,,,,
sample,430,drone,,10.747264,2.854720,-1.273596,2.199179,-1.964106,-0.580475,0.142594,1.069601,0.345712,-0.060876,-2.854231,,,,,,
sample,431,drone,,10.772257,2.805964,-1.287996,2.202724,-1.937001,-0.571724,0.141048,1.099353,0.354559,-0.062801,-2.854583,,,,,,
sample,432,drone,,10.797251,2.757894,-1.302175,2.206230,-1.909152,-0.562752,0.139455,1.129104,0.363405,-0.064726,-2.854945,,,,,,
sample,433,drone,,10.822244,2.710530,-1.316127,2.209695,-1.880560,-0.553558,0.137813,1.158856,0.372252,-0.066650,-2.855320,,,,,,
sample,434,drone,,10.847238,2.663890,-1.329846,2.213119,-1.851224,-0.544144,0.136123,1.188607,0.381098,-0.068575,-2.855707,,,,,,
sample,435,drone,,10.872232,2.617993,-1.343327,2.216500,-1.821145,-0.534508,0.134385,1.218359,0.389945,-0.070500,-2.856109,,,,,,
sample,436,drone,,10.897225,2.572856,-1.356565,2.219837,-1.790322,-0.524652,0.132599,1.248110,0.398791,-0.072425,-2.856525,,,,,,
sample,437,drone,,10.922219,2.528500,-1.369553,2.223128,-1.758755,-0.514574,0.130765,1.277862,0.407638,-0.074349,-2.856958,,,,,,
sample,438,drone,,10.947213,2.484941,-1.382287,2.226373,-1.726445,-0.504275,0.128882,1.307613,0.416484,-0.076274,-2.857410,,,,,,
sample,439,drone,,10.972206,2.442199,-1.394760,2.229571,-1.693391,-0.493755,0.126952,1.337365,0.425331,-0.078199,-2.857881,,,,,,
sample,440,drone,,10.997200,2.400293,-1.406968,2.232719,-1.659594,-0.483014,0.124974,1.367116,0.434177,-0.080124,-2.858373,,,,,,
sample,441,drone,,11.022194,2.359241,-1.418905,2.235818,-1.625053,-0.472051,0.122947,1.396868,0.443024,-0.082048,-2.858889,,,,,,
sample,442,drone,,11.047187,2.319061,-1.430565,2.238865,-1.589768,-0.460868,0.120872,1.426619,0.451870,-0.083973,-2.859431,,,,,,
sample,443,drone,,11.072181,2.279773,-1.441942,2.241860,-1.553740,-0.449464,0.118749,1.456371,0.460717,-0.085898,-2.860001,,,,,,
sample,444,drone,,11.097174,2.241394,-1.453032,2.244801,-1.516968,-0.437838,0.116578,1.486122,0.469563,-0.087823,-2.860602,,,,,,
sample,445,drone,,11.122168,2.203943,-1.463829,2.247687,-1.479453,-0.425992,0.114359,1.515874,0.478410,-0.089747,-2.861238,,,,,,
sample,446,drone,,11.147162,2.167440,-1.474326,2.250517,-1.441194,-0.413924,0.112092,1.545625,0.487256,-0.091672,-2.861912,,,,,,
sample,447,drone,,11.172155,2.131902,-1.484520,2.253290,-1.402191,-0.401635,0.109777,1.575377,0.496103,-0.093597,-2.862628,,,,,,
sample,448,drone,,11.197149,2.097348,-1.494403,2.256005,-1.362445,-0.389125,0.107413,1.605128,0.504949,-0.095521,-2.863391,,,,,,
sample,449,drone,,11.222143,2.063797,-1.503971,2.258660,-1.321955,-0.376394,0.105002,1.634880,0.513796,-0.097446,-2.864208,,,,,,
sample,450,drone,,11.247136,2.031267,-1.513218,2.261254,-1.280722,-0.363442,0.102542,1.664631,0.522642,-0.099371,-2.865083,,,,,,
sample,451,drone,,11.272130,1.999777,-1.522138,2.263785,-1.238745,-0.350268,0.100035,1.694383,0.531489,-0.101296,-2.866026,,,,,,
sample,452,drone,,11.297124,1.969346,-1.530727,2.266254,-1.196024,-0.336874,0.097479,1.724134,0.540335,-0.103220,-2.867044,,,,,,
sample,453,drone,,11.322117,1.939991,-1.538978,2.268658,-1.152560,-0.323259,0.094875,1.753886,0.549182,-0.105145,-2.868148,,,,,,
sample,454,drone,,11.347111,1.911733,-1.546886,2.270997,-1.108352,-0.309422,0.092223,1.783637,0.558028,-0.107070,-2.869351,,,,,,
sample,455,drone,,11.372104,1.884588,-1.554445,2.273268,-1.063401,-0.295364,0.089523,1.813389,0.566875,-0.108995,-2.870667,,,,,,
sample,456,drone,,11.397098,1.858576,-1.561650,2.275472,-1.017706,-0.281085,0.086775,1.843140,0.575721,-0.110919,-2.872116,,,,,,
sample,457,drone,,11.422092,1.833716,-1.568496,2.277606,-0.971267,-0.266586,0.083978,1.872892,0.584568,-0.112844,-2.873717,,,,,,
sample,458,drone,,11.447085,1.810025,-1.574976,2.279669,-0.924085,-0.251865,0.081134,1.902643,0.593414,-0.114769,-2.875500,,,,,,
sample,459,drone,,11.472079,1.787523,-1.581086,2.281661,-0.876159,-0.236922,0.078241,1.932395,0.602261,-0.116694,-2.877498,,,,,,
sample,460,drone,,11.497073,1.766228,-1.586819,2.283581,-0.827490,-0.221759,0.075301,1.962146,0.611107,-0.118618,-2.879755,,,,,,
sample,461,drone,,11.522066,1.746159,-1.592171,2.285425,-0.778077,-0.206375,0.072312,1.991898,0.619954,-0.120543,-2.882325,,,,,,
sample,462,drone,,11.547060,1.727334,-1.597135,2.287195,-0.727920,-0.190769,0.069275,2.021649,0.628800,-0.122468,-2.885282,,,,,,
sample,463,drone,,11.572054,1.709772,-1.601707,2.288888,-0.677020,-0.174943,0.066190,2.051401,0.637647,-0.124393,-2.888723,,,,,,
sample,464,drone,,11.597047,1.693492,-1.605880,2.290504,-0.625376,-0.158895,0.063057,2.081152,0.646493,-0.126317,-2.892778,,,,,,
sample,465,drone,,11.622041,1.678512,-1.609650,2.292040,-0.572989,-0.142626,0.059876,2.110904,0.655340,-0.128242,-2.897634,,,,,,
sample,466,drone,,11.647034,1.664850,-1.613010,2.293497,-0.519858,-0.126137,0.056647,2.140655,0.664186,-0.130167,-2.903556,,,,,,
sample,467,drone,,11.672028,1.652525,-1.615955,2.294872,-0.465984,-0.109426,0.053369,2.170407,0.673033,-0.132091,-2.910945,,,,,,
sample,468,drone,,11.697022,1.641557,-1.618480,2.296165,-0.411365,-0.092494,0.050044,2.200158,0.681879,-0.134016,-2.920426,,,,,,
sample,469,drone,,11.722015,1.631962,-1.620578,2.297374,-0.356004,-0.075340,0.046670,2.229910,0.690726,-0.135941,-2.933042,,,,,,
sample,470,drone,,11.747009,1.623761,-1.622246,2.298498,-0.299898,-0.057966,0.043248,2.259661,0.699572,-0.137866,-2.950662,,,,,,
sample,471,drone,,11.772003,1.616971,-1.623476,2.299535,-0.243049,-0.040371,0.039779,2.289413,0.708419,-0.139790,-2.976995,,,,,,
sample,472,drone,,11.796996,1.611612,-1.624264,2.300486,-0.185457,-0.022554,0.036261,2.319164,0.717265,-0.141715,-3.020573,,,,,,
sample,473,drone,,11.821990,1.607701,-1.624603,2.301348,-0.127121,-0.004516,0.032695,2.348916,0.726112,-0.143640,-3.106078,,,,,,
sample,474,drone,,11.846984,1.605257,-1.624489,2.302120,-0.068041,0.013742,0.029080,2.378667,0.734958,-0.145565,2.942303,,,,,,
sample,475,drone,,11.871977,1.604299,-1.623916,2.302802,-0.008218,0.032222,0.025418,2.408419,0.743805,-0.147489,1.820502,,,,,,
sample,476,drone,,11.896971,1.604846,-1.622879,2.303391,0.052349,0.050923,0.021708,2.438170,0.752651,-0.149414,0.771587,,,,,,
sample,477,drone,,11.921964,1.606916,-1.621371,2.303887,0.113660,0.069845,0.017949,2.353891,0.729922,-0.141966,0.551020,,,,,,
sample,478,drone,,11.946958,1.610528,-1.619387,2.304288,0.170014,0.087410,0.014611,1.885902,0.600797,-0.103092,0.474890,,,,,,
sample,479,drone,,11.971952,1.615415,-1.617001,2.304617,0.207931,0.099877,0.012796,1.242567,0.422691,-0.050136,0.447795,,,,,,
sample,480,drone,,11.996945,1.620922,-1.614395,2.304928,0.232126,0.108539,0.012105,0.954234,0.342472,-0.026685,0.437381,,,,,,
sample,481,drone,,12.021939,1.627018,-1.611576,2.305222,0.255631,0.116996,0.011462,0.937263,0.337254,-0.025646,0.429220,,,,,,
sample,482,drone,,12.046933,1.633700,-1.608546,2.305501,0.278978,0.125397,0.010823,0.930981,0.334994,-0.025488,0.422429,,,,,,
sample,483,drone,,12.071926,1.640964,-1.605308,2.305763,0.302168,0.133742,0.010188,0.924700,0.332734,-0.025330,0.416690,,,,,,
sample,484,drone,,12.096920,1.648805,-1.601861,2.306010,0.325201,0.142030,0.009557,0.918418,0.330475,-0.025172,0.411777,,,,,,
sample,485,drone,,12.121914,1.657219,-1.598208,2.306241,0.348077,0.150261,0.008930,0.912137,0.328215,-0.025014,0.407524,,,,,,
sample,486,drone,,12.146907,1.666204,-1.594350,2.306456,0.370796,0.158436,0.008307,0.905856,0.325955,-0.024857,0.403806,,,,,,
sample,487,drone,,12.171901,1.675755,-1.590288,2.306656,0.393358,0.166555,0.007687,0.899574,0.323695,-0.024699,0.400530,,,,,,
sample,488,drone,,12.196894,1.685867,-1.586024,2.306841,0.415763,0.174617,0.007072,0.893293,0.321435,-0.024541,0.397621,,,,,,
sample,489,drone,,12.221888,1.696537,-1.581560,2.307010,0.438012,0.182623,0.006461,0.887011,0.319175,-0.024383,0.395020,,,,,,
sample,490,drone,,12.246882,1.707762,-1.576895,2.307164,0.460103,0.190572,0.005853,0.880730,0.316915,-0.024225,0.392682,,,,,,
sample,491,drone,,12.271875,1.719537,-1.572033,2.307302,0.482037,0.198464,0.005250,0.874448,0.314655,-0.024067,0.390569,,,,,,
sample,492,drone,,12.296869,1.731858,-1.566975,2.307426,0.503814,0.206301,0.004650,0.868167,0.312395,-0.023909,0.388650,,,,,,
sample,493,drone,,12.321863,1.744721,-1.561721,2.307535,0.525434,0.214080,0.004055,0.861886,0.310136,-0.023751,0.386899,,,,,,
sample,494,drone,,12.346856,1.758123,-1.556273,2.307629,0.546897,0.221803,0.003463,0.855604,0.307876,-0.023593,0.385296,,,,,,
sample,495,drone,,12.371850,1.772059,-1.550634,2.307708,0.568203,0.229470,0.002875,0.849323,0.305616,-0.023435,0.383823,,,,,,
sample,496,drone,,12.396844,1.786526,-1.544803,2.307772,0.589353,0.237080,0.002291,0.843041,0.303356,-0.023277,0.382464,,,,,,
sample,497,drone,,12.421837,1.801519,-1.538783,2.307822,0.610345,0.244634,0.001712,0.836760,0.301096,-0.023119,0.381207,,,,,,
sample,498,drone,,12.446831,1.817035,-1.532574,2.307858,0.631180,0.252131,0.001136,0.830479,0.298836,-0.022961,0.380041,,,,,,
sample,499,drone,,12.471824,1.833070,-1.526179,2.307879,0.651858,0.259572,0.000564,0.824197,0.296576,-0.022803,0.378956,,,,,,
sample,500,drone,,12.496818,1.849620,-1.519599,2.307886,0.672379,0.266956,-0.000004,0.817916,0.294316,-0.022645,0.377945,,,,,,
sample,501,drone,,12.521812,1.866680,-1.512835,2.307879,0.692744,0.274284,-0.000568,0.811634,0.292056,-0.022488,0.377000,,,,,,
sample,502,drone,,12.546805,1.884248,-1.505888,2.307858,0.712951,0.281555,-0.001128,0.805353,0.289797,-0.022330,0.376116,,,,,,
sample,503,drone,,12.571799,1.902319,-1.498761,2.307823,0.733001,0.288770,-0.001684,0.799071,0.287537,-0.022172,0.375285,,,,,,
sample,504,drone,,12.596793,1.920889,-1.491453,2.307774,0.752894,0.295929,-0.002237,0.792790,0.285277,-0.022014,0.374505,,,,,,
sample,505,drone,,12.621786,1.939954,-1.483968,2.307711,0.772630,0.303030,-0.002785,0.786509,0.283017,-0.021856,0.373770,,,,,,
sample,506,drone,,12.646780,1.959510,-1.476306,2.307634,0.792210,0.310076,-0.003329,0.780227,0.280757,-0.021698,0.373076,,,,,,
sample,507,drone,,12.671774,1.979554,-1.468468,2.307544,0.811632,0.317065,-0.003869,0.773946,0.278497,-0.021540,0.372421,,,,,,
sample,508,drone,,12.696767,2.000082,-1.460457,2.307441,0.830897,0.323997,-0.004406,0.767664,0.276237,-0.021382,0.371801,,,,,,
sample,509,drone,,12.721761,2.021089,-1.452272,2.307324,0.850005,0.330873,-0.004938,0.761383,0.273977,-0.021224,0.371214,,,,,,
sample,510,drone,,12.746754,2.042571,-1.443917,2.307194,0.868956,0.337692,-0.005467,0.755101,0.271717,-0.021066,0.370656,,,,,,
sample,511,drone,,12.771748,2.064525,-1.435392,2.307051,0.887751,0.344455,-0.005991,0.748820,0.269458,-0.020908,0.370127,,,,,,
sample,512,drone,,12.796742,2.086947,-1.426699,2.306895,0.906388,0.351162,-0.006512,0.742539,0.267198,-0.020750,0.369623,,,,,,
sample,513,drone,,12.821735,2.109833,-1.417838,2.306725,0.924868,0.357812,-0.007028,0.736257,0.264938,-0.020592,0.369144,,,,,,
sample,514,drone,,12.846729,2.133179,-1.408813,2.306543,0.943191,0.364405,-0.007541,0.729976,0.262678,-0.020434,0.368687,,,,,,
sample,515,drone,,12.871723,2.156981,-1.399623,2.306348,0.961358,0.370942,-0.008050,0.723694,0.260418,-0.020276,0.368251,,,,,,
sample,516,drone,,12.896716,2.181235,-1.390270,2.306141,0.979367,0.377423,-0.008555,0.717413,0.258158,-0.020119,0.367835,,,,,,
sample,517,drone,,12.921710,2.205937,-1.380756,2.305921,0.997219,0.383847,-0.009056,0.711131,0.255898,-0.019961,0.367437,,,,,,
sample,518,drone,,12.946704,2.231083,-1.371083,2.305688,1.014914,0.390215,-0.009553,0.704850,0.253638,-0.019803,0.367056,,,,,,
sample,519,drone,,12.971697,2.256669,-1.361251,2.305443,1.032453,0.396526,-0.010045,0.698569,0.251378,-0.019645,0.366692,,,,,,
sample,520,drone,,12.996691,2.282692,-1.351262,2.305186,1.049834,0.402780,-0.010535,0.692287,0.249119,-0.019487,0.366342,,,,,,
sample,521,drone,,13.021684,2.309148,-1.341117,2.304917,1.067058,0.408979,-0.011020,0.686006,0.246859,-0.019329,0.366007,,,,,,
sample,522,drone,,13.046678,2.336032,-1.330818,2.304635,1.084126,0.415120,-0.011501,0.679724,0.244599,-0.019171,0.365686,,,,,,
sample,523,drone,,13.071672,2.363340,-1.320366,2.304342,1.101036,0.421205,-0.011978,0.673443,0.242339,-0.019013,0.365377,,,,,,
sample,524,drone,,13.096665,2.391070,-1.309763,2.304037,1.117789,0.427234,-0.012451,0.667161,0.240079,-0.018855,0.365080,,,,,,
sample,525,drone,,13.121659,2.419216,-1.299010,2.303719,1.134385,0.433206,-0.012920,0.660880,0.237819,-0.018697,0.364794,,,,,,
sample,526,drone,,13.146653,2.447774,-1.288108,2.303391,1.150825,0.439122,-0.013386,0.654599,0.235559,-0.018539,0.364520,,,,,,
sample,527,drone,,13.171646,2.476742,-1.277059,2.303050,1.167107,0.444981,-0.013847,0.648317,0.233299,-0.018381,0.364255,,,,,,
sample,528,drone,,13.196640,2.506115,-1.265865,2.302698,1.183232,0.450784,-0.014305,0.642036,0.231039,-0.018223,0.364000,,,,,,
sample,529,drone,,13.221634,2.535889,-1.254526,2.302335,1.199201,0.456530,-0.014758,0.635754,0.228780,-0.018065,0.363755,,,,,,
sample,530,drone,,13.246627,2.566060,-1.243044,2.301961,1.215012,0.462220,-0.015208,0.629473,0.226520,-0.017907,0.363518,,,,,,
sample,531,drone,,13.271621,2.596624,-1.231421,2.301575,1.230666,0.467853,-0.015653,0.623192,0.224260,-0.017750,0.363289,,,,,,
sample,532,drone,,13.296614,2.627577,-1.219657,2.301178,1.246164,0.473430,-0.016095,0.616910,0.222000,-0.017592,0.363069,,,,,,
sample,533,drone,,13.321608,2.658916,-1.207755,2.300771,1.261504,0.478951,-0.016533,0.610629,0.219740,-0.017434,0.362855,,,,,,
sample,534,drone,,13.346602,2.690636,-1.195716,2.300352,1.276687,0.484414,-0.016966,0.604347,0.217480,-0.017276,0.362650,,,,,,
sample,535,drone,,13.371595,2.722734,-1.183541,2.299922,1.291714,0.489822,-0.017396,0.598066,0.215220,-0.017118,0.362450,,,,,,
sample,536,drone,,13.396589,2.755206,-1.171231,2.299482,1.306583,0.495173,-0.017822,0.591784,0.212960,-0.016960,0.362258,,,,,,
sample,537,drone,,13.421583,2.788047,-1.158788,2.299032,1.321295,0.500467,-0.018244,0.585503,0.210700,-0.016802,0.362072,,,,,,
sample,538,drone,,13.446576,2.821254,-1.146214,2.298570,1.335851,0.505705,-0.018662,0.579222,0.208441,-0.016644,0.361892,,,,,,
sample,539,drone,,13.471570,2.854822,-1.133510,2.298099,1.350249,0.510886,-0.019076,0.572940,0.206181,-0.016486,0.361717,,,,,,
sample,540,drone,,13.496564,2.888749,-1.120676,2.297617,1.364490,0.516011,-0.019486,0.566659,0.203921,-0.016328,0.361548,,,,,,
sample,541,drone,,13.521557,2.923029,-1.107716,2.297125,1.378575,0.521080,-0.019892,0.560377,0.201661,-0.016170,0.361385,,,,,,
sample,542,drone,,13.546551,2.957660,-1.094629,2.296622,1.392502,0.526092,-0.020294,0.554096,0.199401,-0.016012,0.361226,,,,,,
sample,543,drone,,13.571544,2.992637,-1.081418,2.296110,1.406272,0.531047,-0.020692,0.547814,0.197141,-0.015854,0.361072,,,,,,
sample,544,drone,,13.596538,3.027956,-1.068083,2.295588,1.419886,0.535946,-0.021087,0.541533,0.194881,-0.015696,0.360923,,,,,,
sample,545,drone,,13.621532,3.063613,-1.054627,2.295056,1.433342,0.540789,-0.021477,0.535252,0.192621,-0.015538,0.360779,,,,,,
sample,546,drone,,13.646525,3.099605,-1.041051,2.294514,1.446642,0.545575,-0.021863,0.528970,0.190361,-0.015381,0.360639,,,,,,
sample,547,drone,,13.671519,3.135927,-1.027355,2.293963,1.459784,0.550305,-0.022246,0.522689,0.188102,-0.015223,0.360503,,,,,,
sample,548,drone,,13.696513,3.172575,-1.013542,2.293402,1.472769,0.554978,-0.022624,0.516407,0.185842,-0.015065,0.360371,,,,,,
sample,549,drone,,13.721506,3.209546,-0.999614,2.292832,1.485598,0.559594,-0.022999,0.510126,0.183582,-0.014907,0.360242,,,,,,
sample,550,drone,,13.746500,3.246836,-0.985570,2.292253,1.498269,0.564155,-0.023370,0.503844,0.181322,-0.014749,0.360118,,,,,,
sample,551,drone,,13.771494,3.284441,-0.971413,2.291664,1.510784,0.568658,-0.023736,0.497563,0.179062,-0.014591,0.359997,,,,,,
sample,552,drone,,13.796487,3.322356,-0.957144,2.291066,1.523141,0.573105,-0.024099,0.491282,0.176802,-0.014433,0.359880,,,,,,
sample,553,drone,,13.821481,3.360578,-0.942765,2.290459,1.535341,0.577496,-0.024458,0.485000,0.174542,-0.014275,0.359766,,,,,,
sample,554,drone,,13.846474,3.399104,-0.928277,2.289844,1.547385,0.581830,-0.024813,0.478719,0.172282,-0.014117,0.359655,,,,,,
sample,555,drone,,13.871468,3.437928,-0.913681,2.289219,1.559271,0.586108,-0.025163,0.472437,0.170022,-0.013959,0.359547,,,,,,
sample,556,drone,,13.896462,3.477047,-0.898979,2.288586,1.571001,0.590329,-0.025510,0.466156,0.167763,-0.013801,0.359442,,,,,,
sample,557,drone,,13.921455,3.516458,-0.884172,2.287944,1.582573,0.594494,-0.025853,0.459875,0.165503,-0.013643,0.359341,,,,,,
sample,558,drone,,13.946449,3.556156,-0.869262,2.287294,1.593989,0.598602,-0.026192,0.453593,0.163243,-0.013485,0.359242,,,,,,
sample,559,drone,,13.971443,3.596137,-0.854249,2.286635,1.605247,0.602654,-0.026527,0.447312,0.160983,-0.013327,0.359145,,,,,,
sample,560,drone,,13.996436,3.636398,-0.839137,2.285968,1.616348,0.606649,-0.026858,0.441030,0.158723,-0.013169,0.359052,,,,,,
sample,561,drone,,14.021430,3.676934,-0.823925,2.285292,1.627293,0.610588,-0.027186,0.434749,0.156463,-0.013012,0.358961,,,,,,
sample,562,drone,,14.046424,3.717742,-0.808615,2.284609,1.638080,0.614470,-0.027509,0.428467,0.154203,-0.012854,0.358873,,,,,,
sample,563,drone,,14.071417,3.758817,-0.793209,2.283917,1.648711,0.618296,-0.027828,0.422186,0.151943,-0.012696,0.358786,,,,,,
sample,564,drone,,14.096411,3.800156,-0.777708,2.283218,1.659184,0.622066,-0.028143,0.415905,0.149683,-0.012538,0.358703,,,,,,
sample,565,drone,,14.121404,3.841755,-0.762114,2.282510,1.669501,0.625779,-0.028455,0.409623,0.147424,-0.012380,0.358621,,,,,,
sample,566,drone,,14.146398,3.883610,-0.746427,2.281795,1.679660,0.629435,-0.028762,0.403342,0.145164,-0.012222,0.358542,,,,,,
sample,567,drone,,14.171392,3.925717,-0.730650,2.281072,1.689663,0.633035,-0.029066,0.397060,0.142904,-0.012064,0.358465,,,,,,
sample,568,drone,,14.196385,3.968072,-0.714783,2.280342,1.699508,0.636578,-0.029365,0.390779,0.140644,-0.011906,0.358390,,,,,,
sample,569,drone,,14.221379,4.010671,-0.698829,2.279605,1.709197,0.640065,-0.029661,0.384497,0.138384,-0.011748,0.358317,,,,,,
sample,570,drone,,14.246373,4.053510,-0.682788,2.278860,1.718728,0.643496,-0.029953,0.378216,0.136124,-0.011590,0.358247,,,,,,
sample,571,drone,,14.271366,4.096585,-0.666662,2.278107,1.728103,0.646870,-0.030240,0.371935,0.133864,-0.011432,0.358178,,,,,,
sample,572,drone,,14.296360,4.139893,-0.650453,2.277348,1.737320,0.650187,-0.030524,0.365653,0.131604,-0.011274,0.358111,,,,,,
sample,573,drone,,14.321354,4.183429,-0.634161,2.276581,1.746381,0.653448,-0.030804,0.359372,0.129344,-0.011116,0.358045,,,,,,
sample,574,drone,,14.346347,4.227190,-0.617789,2.275808,1.755284,0.656653,-0.031080,0.353090,0.127085,-0.010958,0.357982,,,,,,
sample,575,drone,,14.371341,4.271171,-0.601337,2.275028,1.764031,0.659801,-0.031352,0.346809,0.124825,-0.010800,0.357920,,,,,,
sample,576,drone,,14.396334,4.315369,-0.584807,2.274241,1.772620,0.662893,-0.031620,0.340527,0.122565,-0.010643,0.357860,,,,,,
sample,577,drone,,14.421328,4.359779,-0.568201,2.273447,1.781053,0.665928,-0.031884,0.334246,0.120305,-0.010485,0.357802,,,,,,
sample,578,drone,,14.446322,4.404399,-0.551519,2.272647,1.789328,0.668906,-0.032144,0.327965,0.118045,-0.010327,0.357745,,,,,,
sample,579,drone,,14.471315,4.449223,-0.534764,2.271841,1.797447,0.671828,-0.032400,0.321683,0.115785,-0.010169,0.357690,,,,,,
sample,580,drone,,14.496309,4.494248,-0.517937,2.271028,1.805408,0.674694,-0.032652,0.315402,0.113525,-0.010011,0.357637,,,,,,
sample,581,drone,,14.521303,4.539471,-0.501038,2.270208,1.813213,0.677503,-0.032900,0.309120,0.111265,-0.009853,0.357585,,,,,,
sample,582,drone,,14.546296,4.584886,-0.484070,2.269383,1.820860,0.680256,-0.033145,0.302839,0.109005,-0.009695,0.357534,,,,,,
sample,583,drone,,14.571290,4.630490,-0.467034,2.268552,1.828351,0.682952,-0.033385,0.296557,0.106746,-0.009537,0.357485,,,,,,
sample,584,drone,,14.596284,4.676280,-0.449931,2.267714,1.835684,0.685592,-0.033621,0.290276,0.104486,-0.009379,0.357438,,,,,,
sample,585,drone,,14.621277,4.722251,-0.432763,2.266871,1.842861,0.688175,-0.033854,0.283995,0.102226,-0.009221,0.357391,,,,,,
sample,586,drone,,14.646271,4.768400,-0.415531,2.266022,1.849881,0.690702,-0.034082,0.277713,0.099966,-0.009063,0.357346,,,,,,
sample,587,drone,,14.671264,4.814722,-0.398237,2.265167,1.856743,0.693172,-0.034307,0.271432,0.097706,-0.008905,0.357303,,,,,,
sample,588,drone,,14.696258,4.861213,-0.380881,2.264307,1.863449,0.695586,-0.034527,0.265150,0.095446,-0.008747,0.357261,,,,,,
sample,589,drone,,14.721252,4.907870,-0.363466,2.263441,1.869997,0.697943,-0.034744,0.258869,0.093186,-0.008589,0.357220,,,,,,
sample,590,drone,,14.746245,4.954689,-0.345993,2.262570,1.876389,0.700244,-0.034957,0.252588,0.090926,-0.008431,0.357180,,,,,,
sample,591,drone,,14.771239,5.001666,-0.328463,2.261694,1.882623,0.702488,-0.035165,0.246306,0.088666,-0.008273,0.357142,,,,,,
sample,592,drone,,14.796233,5.048797,-0.310878,2.260812,1.888701,0.704676,-0.035370,0.240025,0.086407,-0.008116,0.357105,,,,,,
sample,593,drone,,14.821226,5.096077,-0.293238,2.259926,1.894622,0.706808,-0.035571,0.233743,0.084147,-0.007958,0.357069,,,,,,
sample,594,drone,,14.846220,5.143503,-0.275546,2.259034,1.900385,0.708882,-0.035768,0.227462,0.081887,-0.007800,0.357034,,,,,,
sample,595,drone,,14.871214,5.191072,-0.257803,2.258138,1.905992,0.710901,-0.035961,0.221180,0.079627,-0.007642,0.357000,,,,,,
sample,596,drone,,14.896207,5.238779,-0.240010,2.257237,1.911441,0.712863,-0.036150,0.214899,0.077367,-0.007484,0.356968,,,,,,
sample,597,drone,,14.921201,5.286620,-0.222169,2.256331,1.916734,0.714768,-0.036335,0.208618,0.075107,-0.007326,0.356937,,,,,,
sample,598,drone,,14.946194,5.334591,-0.204281,2.255420,1.921870,0.716617,-0.036516,0.202336,0.072847,-0.007168,0.356906,,,,,,
sample,599,drone,,14.971188,5.382689,-0.186347,2.254506,1.926848,0.718410,-0.036693,0.196055,0.070587,-0.007010,0.356877,,,,,,
sample,600,drone,,14.996182,5.430909,-0.168370,2.253586,1.931670,0.720146,-0.036867,0.189773,0.068327,-0.006852,0.356849,,,,,,
sample,601,drone,,15.021175,5.479248,-0.150349,2.252663,1.936335,0.721825,-0.037036,0.183492,0.066068,-0.006694,0.356822,,,,,,
sample,602,drone,,15.046169,5.527701,-0.132287,2.251735,1.940842,0.723448,-0.037201,0.177210,0.063808,-0.006536,0.356796,,,,,,
sample,603,drone,,15.071163,5.576265,-0.114186,2.250803,1.945193,0.725015,-0.037363,0.170929,0.061548,-0.006378,0.356771,,,,,,
sample,604,drone,,15.096156,5.624936,-0.096046,2.249867,1.949386,0.726525,-0.037520,0.164648,0.059288,-0.006220,0.356747,,,,,,
sample,605,drone,,15.121150,5.673710,-0.077869,2.248928,1.953423,0.727978,-0.037674,0.158366,0.057028,-0.006062,0.356725,,,,,,
sample,606,drone,,15.146144,5.722582,-0.059656,2.247984,1.957303,0.729375,-0.037823,0.152085,0.054768,-0.005904,0.356703,,,,,,
sample,607,drone,,15.171137,5.771550,-0.041409,2.247037,1.961025,0.730716,-0.037969,0.145803,0.052508,-0.005747,0.356682,,,,,,
sample,608,drone,,15.196131,5.820609,-0.023130,2.246086,1.964591,0.732000,-0.038110,0.139522,0.050248,-0.005589,0.356662,,,,,,
sample,609,drone,,15.221124,5.869754,-0.004819,2.245132,1.968000,0.733228,-0.038248,0.133240,0.047988,-0.005431,0.356643,,,,,,
sample,610,drone,,15.246118,5.918984,0.013522,2.244174,1.971251,0.734399,-0.038382,0.126959,0.045729,-0.005273,0.356625,,,,,,
sample,611,drone,,15.271112,5.968292,0.031892,2.243213,1.974346,0.735514,-0.038512,0.120678,0.043469,-0.005115,0.356608,,,,,,
sample,612,drone,,15.296105,6.017676,0.050289,2.242249,1.977284,0.736572,-0.038638,0.114396,0.041209,-0.004957,0.356592,,,,,,
sample,613,drone,,15.321099,6.067131,0.068711,2.241282,1.980064,0.737574,-0.038760,0.108115,0.038949,-0.004799,0.356577,,,,,,
sample,614,drone,,15.346093,6.116654,0.087158,2.240312,1.982688,0.738519,-0.038877,0.101833,0.036689,-0.004641,0.356563,,,,,,
sample,615,drone,,15.371086,6.166240,0.105628,2.239338,1.985155,0.739408,-0.038991,0.095552,0.034429,-0.004483,0.356549,,,,,,
sample,616,drone,,15.396080,6.215886,0.124119,2.238362,1.987464,0.740240,-0.039102,0.089271,0.032169,-0.004325,0.356537,,,,,,
sample,617,drone,,15.421074,6.265588,0.142630,2.237384,1.989617,0.741016,-0.039208,0.082989,0.029909,-0.004167,0.356526,,,,,,
sample,618,drone,,15.446067,6.315342,0.161160,2.236403,1.991613,0.741735,-0.039310,0.076708,0.027649,-0.004009,0.356515,,,,,,
sample,619,drone,,15.471061,6.365143,0.179707,2.235419,1.993452,0.742398,-0.039408,0.070426,0.025390,-0.003851,0.356505,,,,,,
sample,620,drone,,15.496054,6.414989,0.198271,2.234433,1.995133,0.743004,-0.039502,0.064145,0.023130,-0.003693,0.356496,,,,,,
sample,621,drone,,15.521048,6.464875,0.216848,2.233444,1.996658,0.743554,-0.039593,0.057863,0.020870,-0.003535,0.356489,,,,,,
sample,622,drone,,15.546042,6.514796,0.235439,2.232454,1.998026,0.744047,-0.039679,0.051582,0.018610,-0.003378,0.356482,,,,,,
sample,623,drone,,15.571035,6.564750,0.254041,2.231461,1.999236,0.744484,-0.039762,0.045301,0.016350,-0.003220,0.356475,,,,,,
sample,624,drone,,15.596029,6.614733,0.272654,2.230466,2.000290,0.744865,-0.039840,0.039019,0.014090,-0.003062,0.356470,,,,,,
sample,625,drone,,15.621023,6.664740,0.291275,2.229469,2.001187,0.745188,-0.039915,0.032738,0.011830,-0.002904,0.356466,,,,,,
sample,626,drone,,15.646016,6.714767,0.309904,2.228471,2.001927,0.745456,-0.039985,0.026456,0.009570,-0.002746,0.356462,,,,,,
sample,627,drone,,15.671010,6.764810,0.328538,2.227471,2.002509,0.745667,-0.040052,0.020175,0.007310,-0.002588,0.356460,,,,,,
sample,628,drone,,15.696004,6.814867,0.347177,2.226469,2.002935,0.745821,-0.040115,0.013893,0.005051,-0.002430,0.356458,,,,,,
sample,629,drone,,15.720997,6.864932,0.365820,2.225465,2.003204,0.745919,-0.040173,0.007612,0.002791,-0.002272,0.356457,,,,,,
sample,630,drone,,15.745991,6.915001,0.384464,2.224461,2.003316,0.745961,-0.040228,0.001331,0.000531,-0.002114,0.356457,,,,,,
sample,631,drone,,15.770984,6.965072,0.403108,2.223454,2.003270,0.745946,-0.040279,-0.004951,-0.001729,-0.001956,0.356458,,,,,,
sample,632,drone,,15.795978,7.015139,0.421752,2.222447,2.003068,0.745874,-0.040326,-0.011232,-0.003989,-0.001798,0.356459,,,,,,
sample,633,drone,,15.820972,7.065200,0.440393,2.221439,2.002709,0.745746,-0.040369,-0.017514,-0.006249,-0.001640,0.356462,,,,,,
sample,634,drone,,15.845965,7.115249,0.459029,2.220429,2.002193,0.745562,-0.040408,-0.023795,-0.008509,-0.001482,0.356465,,,,,,
sample,635,drone,,15.870959,7.165284,0.477661,2.219419,2.001519,0.745321,-0.040443,-0.030077,-0.010769,-0.001324,0.356470,,,,,,
sample,636,drone,,15.895953,7.215300,0.496286,2.218408,2.000689,0.745024,-0.040474,-0.036358,-0.013029,-0.001166,0.356475,,,,,,
sample,637,drone,,15.920946,7.265293,0.514903,2.217396,1.999702,0.744670,-0.040501,-0.042639,-0.015288,-0.001009,0.356481,,,,,,
sample,638,drone,,15.945940,7.315259,0.533510,2.216383,1.998558,0.744260,-0.040525,-0.048921,-0.017548,-0.000851,0.356488,,,,,,
sample,639,drone,,15.970934,7.365195,0.552106,2.215370,1.997257,0.743793,-0.040544,-0.055202,-0.019808,-0.000693,0.356496,,,,,,
sample,640,drone,,15.995927,7.415097,0.570690,2.214356,1.995798,0.743269,-0.040559,-0.061484,-0.022068,-0.000535,0.356504,,,,,,
sample,641,drone,,16.020921,7.464960,0.589260,2.213342,1.994183,0.742690,-0.040571,-0.067765,-0.024328,-0.000377,0.356514,,,,,,
sample,642,drone,,16.045914,7.514781,0.607815,2.212328,1.992411,0.742053,-0.040578,-0.074047,-0.026588,-0.000219,0.356524,,,,,,
sample,643,drone,,16.070908,7.564555,0.626354,2.211314,1.990482,0.741360,-0.040582,-0.080328,-0.028848,-0.000061,0.356536,,,,,,
sample,644,drone,,16.095902,7.614279,0.644874,2.210300,1.988396,0.740611,-0.040581,-0.086609,-0.031108,0.000097,0.356548,,,,,,
sample,645,drone,,16.120895,7.663950,0.663375,2.209286,1.986152,0.739806,-0.040577,-0.092891,-0.033368,0.000255,0.356561,,,,,,
sample,646,drone,,16.145889,7.713562,0.681855,2.208271,1.983752,0.738943,-0.040568,-0.099172,-0.035627,0.000413,0.356575,,,,,,
sample,647,drone,,16.170883,7.763112,0.700312,2.207258,1.981195,0.738025,-0.040556,-0.105454,-0.037887,0.000571,0.356590,,,,,,
sample,648,drone,,16.195876,7.812596,0.718747,2.206244,1.978481,0.737049,-0.040540,-0.111735,-0.040147,0.000729,0.356606,,,,,,
sample,649,drone,,16.220870,7.862011,0.737156,2.205231,1.975610,0.736018,-0.040520,-0.118016,-0.042407,0.000887,0.356623,,,,,,
sample,650,drone,,16.245864,7.911352,0.755538,2.204219,1.972582,0.734930,-0.040495,-0.124298,-0.044667,0.001045,0.356641,,,,,,
sample,651,drone,,16.270857,7.960615,0.773893,2.203207,1.969396,0.733785,-0.040467,-0.130579,-0.046927,0.001203,0.356659,,,,,,
sample,652,drone,,16.295851,8.009796,0.792218,2.202196,1.966054,0.732584,-0.040435,-0.136861,-0.049187,0.001360,0.356679,,,,,,
sample,653,drone,,16.320844,8.058893,0.810513,2.201186,1.962555,0.731326,-0.040399,-0.143142,-0.051447,0.001518,0.356700,,,,,,
sample,654,drone,,16.345838,8.107899,0.828775,2.200176,1.958899,0.730012,-0.040359,-0.149424,-0.053707,0.001676,0.356722,,,,,,
sample,655,drone,,16.370832,8.156813,0.847004,2.199168,1.955086,0.728642,-0.040316,-0.155705,-0.055966,0.001834,0.356744,,,,,,
sample,656,drone,,16.395825,8.205629,0.865198,2.198161,1.951116,0.727215,-0.040268,-0.161986,-0.058226,0.001992,0.356768,,,,,,
sample,657,drone,,16.420819,8.254343,0.883355,2.197155,1.946989,0.725731,-0.040216,-0.168268,-0.060486,0.002150,0.356793,,,,,,
sample,658,drone,,16.445813,8.302953,0.901475,2.196151,1.942705,0.724191,-0.040160,-0.174549,-0.062746,0.002308,0.356818,,,,,,
sample,659,drone,,16.470806,8.351454,0.919556,2.195148,1.938263,0.722595,-0.040101,-0.180831,-0.065006,0.002466,0.356845,,,,,,
sample,660,drone,,16.495800,8.399842,0.937596,2.194146,1.933665,0.720942,-0.040037,-0.187112,-0.067266,0.002624,0.356873,,,,,,
sample,661,drone,,16.520794,8.448113,0.955594,2.193146,1.928910,0.719232,-0.039969,-0.193394,-0.069526,0.002782,0.356902,,,,,,
sample,662,drone,,16.545787,8.496263,0.973548,2.192148,1.923998,0.717466,-0.039898,-0.199675,-0.071786,0.002940,0.356932,,,,,,
sample,663,drone,,16.570781,8.544288,0.991458,2.191152,1.918929,0.715644,-0.039822,-0.205956,-0.074046,0.003098,0.356963,,,,,,
sample,664,drone,,16.595774,8.592185,1.009321,2.190158,1.913703,0.713765,-0.039743,-0.212238,-0.076305,0.003256,0.356995,,,,,,
sample,665,drone,,16.620768,8.639949,1.027137,2.189165,1.908320,0.711829,-0.039660,-0.218519,-0.078565,0.003414,0.357028,,,,,,
sample,666,drone,,16.645762,8.687576,1.044904,2.188175,1.902780,0.709838,-0.039572,-0.224801,-0.080825,0.003572,0.357063,,,,,,
sample,667,drone,,16.670755,8.735064,1.062620,2.187187,1.897083,0.707789,-0.039481,-0.231082,-0.083085,0.003729,0.357098,,,,,,
sample,668,drone,,16.695749,8.782406,1.080284,2.186202,1.891229,0.705684,-0.039386,-0.237364,-0.085345,0.003887,0.357135,,,,,,
sample,669,drone,,16.720743,8.829601,1.097895,2.185218,1.885217,0.703523,-0.039287,-0.243645,-0.087605,0.004045,0.357173,,,,,,
sample,670,drone,,16.745736,8.876643,1.115451,2.184238,1.879049,0.701305,-0.039184,-0.249926,-0.089865,0.004203,0.357212,,,,,,
sample,671,drone,,16.770730,8.923530,1.132951,2.183260,1.872724,0.699031,-0.039077,-0.256208,-0.092125,0.004361,0.357253,,,,,,
sample,672,drone,,16.795724,8.970256,1.150394,2.182284,1.866242,0.696700,-0.038966,-0.262489,-0.094385,0.004519,0.357294,,,,,,
sample,673,drone,,16.820717,9.016818,1.167777,2.181312,1.859603,0.694313,-0.038851,-0.268771,-0.096644,0.004677,0.357337,,,,,,
sample,674,drone,,16.845711,9.063212,1.185101,2.180342,1.852807,0.691869,-0.038732,-0.275052,-0.098904,0.004835,0.357382,,,,,,
sample,675,drone,,16.870704,9.109435,1.202362,2.179376,1.845854,0.689369,-0.038609,-0.281333,-0.101164,0.004993,0.357428,,,,,,
sample,676,drone,,16.895698,9.155481,1.219560,2.178412,1.838744,0.686812,-0.038482,-0.287615,-0.103424,0.005151,0.357475,,,,,,
sample,677,drone,,16.920692,9.201348,1.236694,2.177452,1.831477,0.684199,-0.038352,-0.293896,-0.105684,0.005309,0.357523,,,,,,
sample,678,drone,,16.945685,9.247032,1.253762,2.176495,1.824053,0.681529,-0.038217,-0.300178,-0.107944,0.005467,0.357573,,,,,,
sample,679,drone,,16.970679,9.292528,1.270762,2.175542,1.816472,0.678803,-0.038078,-0.306459,-0.110204,0.005625,0.357624,,,,,,
sample,680,drone,,16.995673,9.337832,1.287693,2.174592,1.808734,0.676021,-0.037936,-0.312741,-0.112464,0.005783,0.357677,,,,,,
sample,681,drone,,17.020666,9.382942,1.304554,2.173646,1.800839,0.673181,-0.037789,-0.319022,-0.114724,0.005941,0.357732,,,,,,
sample,682,drone,,17.045660,9.427851,1.321344,2.172703,1.792787,0.670286,-0.037639,-0.325303,-0.116983,0.006098,0.357788,,,,,,
sample,683,drone,,17.070654,9.472558,1.338060,2.171764,1.784578,0.667334,-0.037485,-0.331585,-0.119243,0.006256,0.357845,,,,,,
sample,684,drone,,17.095647,9.517058,1.354702,2.170829,1.776212,0.664325,-0.037326,-0.337866,-0.121503,0.006414,0.357905,,,,,,
sample,685,drone,,17.120641,9.561346,1.371268,2.169898,1.767689,0.661260,-0.037164,-0.344148,-0.123763,0.006572,0.357965,,,,,,
sample,686,drone,,17.145634,9.605420,1.387756,2.168971,1.759009,0.658139,-0.036998,-0.350429,-0.126023,0.006730,0.358028,,,,,,
sample,687,drone,,17.170628,9.649274,1.404166,2.168049,1.750172,0.654961,-0.036828,-0.356711,-0.128283,0.006888,0.358092,,,,,,
sample,688,drone,,17.195622,9.692906,1.420496,2.167131,1.741178,0.651726,-0.036653,-0.362992,-0.130543,0.007046,0.358158,,,,,,
sample,689,drone,,17.220615,9.736311,1.436744,2.166217,1.732027,0.648435,-0.036475,-0.369273,-0.132803,0.007204,0.358226,,,,,,
sample,690,drone,,17.245609,9.779485,1.452910,2.165307,1.722719,0.645088,-0.036293,-0.375555,-0.135063,0.007362,0.358296,,,,,,
sample,691,drone,,17.270603,9.822425,1.468990,2.164402,1.713254,0.641684,-0.036107,-0.381836,-0.137322,0.007520,0.358368,,,,,,
sample,692,drone,,17.295596,9.865126,1.484986,2.163502,1.703632,0.638223,-0.035917,-0.388118,-0.139582,0.007678,0.358442,,,,,,
sample,693,drone,,17.320590,9.907585,1.500894,2.162607,1.693853,0.634706,-0.035723,-0.394399,-0.141842,0.007836,0.358518,,,,,,
sample,694,drone,,17.345584,9.949797,1.516713,2.161717,1.683917,0.631133,-0.035526,-0.400681,-0.144102,0.007994,0.358596,,,,,,
sample,695,drone,,17.370577,9.991759,1.532442,2.160831,1.673824,0.627503,-0.035324,-0.406962,-0.146362,0.008152,0.358676,,,,,,
sample,696,drone,,17.395571,10.033467,1.548080,2.159951,1.663574,0.623817,-0.035118,-0.413243,-0.148622,0.008310,0.358758,,,,,,
sample,697,drone,,17.420564,10.074917,1.563625,2.159076,1.653167,0.620074,-0.034909,-0.419525,-0.150882,0.008467,0.358843,,,,,,
sample,698,drone,,17.445558,10.116104,1.579076,2.158206,1.642603,0.616275,-0.034695,-0.425806,-0.153142,0.008625,0.358930,,,,,,
sample,699,drone,,17.470552,10.157026,1.594431,2.157341,1.631882,0.612419,-0.034477,-0.432088,-0.155402,0.008783,0.359019,,,,,,
sample,700,drone,,17.495545,10.197678,1.609689,2.156482,1.621004,0.608506,-0.034256,-0.438369,-0.157661,0.008941,0.359111,,,,,,
sample,701,drone,,17.520539,10.238056,1.624848,2.155629,1.609969,0.604538,-0.034030,-0.444650,-0.159921,0.009099,0.359206,,,,,,
sample,702,drone,,17.545533,10.278156,1.639908,2.154781,1.598777,0.600512,-0.033801,-0.450932,-0.162181,0.009257,0.359303,,,,,,
sample,703,drone,,17.570526,10.317974,1.654866,2.153939,1.587428,0.596431,-0.033568,-0.457213,-0.164441,0.009415,0.359403,,,,,,
sample,704,drone,,17.595520,10.357507,1.669722,2.153103,1.575923,0.592292,-0.033330,-0.463495,-0.166701,0.009573,0.359506,,,,,,
sample,705,drone,,17.620514,10.396750,1.684474,2.152273,1.564260,0.588098,-0.033089,-0.469776,-0.168961,0.009731,0.359611,,,,,,
sample,706,drone,,17.645507,10.435700,1.699119,2.151449,1.552440,0.583847,-0.032844,-0.476058,-0.171221,0.009889,0.359720,,,,,,
sample,707,drone,,17.670501,10.474352,1.713658,2.150632,1.540463,0.579539,-0.032595,-0.482339,-0.173481,0.010047,0.359832,,,,,,
sample,708,drone,,17.695494,10.512703,1.728089,2.149820,1.528329,0.575175,-0.032342,-0.488620,-0.175741,0.010205,0.359947,,,,,,
sample,709,drone,,17.720488,10.550749,1.742410,2.149015,1.516038,0.570754,-0.032085,-0.494902,-0.178000,0.010363,0.360065,,,,,,
sample,710,drone,,17.745482,10.588486,1.756619,2.148216,1.503590,0.566277,-0.031824,-0.501183,-0.180260,0.010521,0.360187,,,,,,
sample,711,drone,,17.770475,10.625910,1.770717,2.147424,1.490985,0.561743,-0.031559,-0.507465,-0.182520,0.010679,0.360313,,,,,,
sample,712,drone,,17.795469,10.663016,1.784700,2.146639,1.478223,0.557153,-0.031290,-0.513746,-0.184780,0.010836,0.360442,,,,,,
sample,713,drone,,17.820463,10.699802,1.798567,2.145860,1.465304,0.552507,-0.031017,-0.520028,-0.187040,0.010994,0.360575,,,,,,
sample,714,drone,,17.845456,10.736263,1.812318,2.145088,1.452229,0.547804,-0.030740,-0.526309,-0.189300,0.011152,0.360712,,,,,,
sample,715,drone,,17.870450,10.772395,1.825950,2.144323,1.438996,0.543044,-0.030460,-0.532590,-0.191560,0.011310,0.360853,,,,,,
sample,716,drone,,17.895444,10.808194,1.839463,2.143566,1.425606,0.538228,-0.030175,-0.538872,-0.193820,0.011468,0.360999,,,,,,
sample,717,drone,,17.920437,10.843657,1.852855,2.142815,1.412059,0.533356,-0.029886,-0.545153,-0.196080,0.011626,0.361149,,,,,,
sample,718,drone,,17.945431,10.878779,1.866124,2.142072,1.398355,0.528427,-0.029594,-0.551435,-0.198340,0.011784,0.361303,,,,,,
sample,719,drone,,17.970424,10.913557,1.879269,2.141336,1.384494,0.523441,-0.029297,-0.557716,-0.200599,0.011942,0.361463,,,,,,
sample,720,drone,,17.995418,10.947986,1.892289,2.140607,1.370476,0.518399,-0.028997,-0.563998,-0.202859,0.012100,0.361627,,,,,,
sample,721,drone,,18.020412,10.982064,1.905183,2.139886,1.356302,0.513301,-0.028693,-0.570279,-0.205119,0.012258,0.361797,,,,,,
sample,722,drone,,18.045405,11.015784,1.917948,2.139173,1.341970,0.508146,-0.028384,-0.576560,-0.207379,0.012416,0.361973,,,,,,
sample,723,drone,,18.070399,11.049145,1.930584,2.138467,1.327481,0.502934,-0.028072,-0.582842,-0.209639,0.012574,0.362154,,,,,,
sample,724,drone,,18.095393,11.082141,1.943088,2.137770,1.312835,0.497667,-0.027756,-0.589123,-0.211899,0.012732,0.362341,,,,,,
sample,725,drone,,18.120386,11.114770,1.955461,2.137080,1.298032,0.492342,-0.027435,-0.595405,-0.214159,0.012890,0.362534,,,,,,
sample,726,drone,,18.145380,11.147027,1.967699,2.136398,1.283072,0.486961,-0.027111,-0.601686,-0.216419,0.013048,0.362734,,,,,,
sample,727,drone,,18.170374,11.178907,1.979802,2.135725,1.267956,0.481524,-0.026783,-0.607968,-0.218679,0.013205,0.362941,,,,,,
sample,728,drone,,18.195367,11.210408,1.991769,2.135059,1.252682,0.476030,-0.026451,-0.614249,-0.220938,0.013363,0.363155,,,,,,
sample,729,drone,,18.220361,11.241525,2.003598,2.134403,1.237251,0.470480,-0.026115,-0.620530,-0.223198,0.013521,0.363376,,,,,,
sample,730,drone,,18.245354,11.272255,2.015287,2.133754,1.221663,0.464873,-0.025775,-0.626812,-0.225458,0.013679,0.363606,,,,,,
sample,731,drone,,18.270348,11.302593,2.026836,2.133114,1.205918,0.459210,-0.025431,-0.633093,-0.227718,0.013837,0.363843,,,,,,
sample,732,drone,,18.295342,11.332536,2.038242,2.132483,1.190017,0.453490,-0.025084,-0.639375,-0.229978,0.013995,0.364089,,,,,,
sample,733,drone,,18.320335,11.362079,2.049504,2.131860,1.173958,0.447714,-0.024732,-0.645656,-0.232238,0.014153,0.364345,,,,,,
sample,734,drone,,18.345329,11.391219,2.060622,2.131247,1.157742,0.441881,-0.024376,-0.651937,-0.234498,0.014311,0.364610,,,,,,
sample,735,drone,,18.370323,11.419951,2.071593,2.130642,1.141369,0.435992,-0.024017,-0.658219,-0.236758,0.014469,0.364885,,,,,,
sample,736,drone,,18.395316,11.448272,2.082416,2.130046,1.124839,0.430046,-0.023653,-0.664500,-0.239018,0.014627,0.365171,,,,,,
sample,737,drone,,18.420310,11.476179,2.093090,2.129459,1.108153,0.424044,-0.023285,-0.670782,-0.241277,0.014785,0.365468,,,,,,
sample,738,drone,,18.445304,11.503666,2.103613,2.128882,1.091309,0.417986,-0.022914,-0.677063,-0.243537,0.014943,0.365777,,,,,,
sample,739,drone,,18.470297,11.530730,2.113984,2.128314,1.074308,0.411870,-0.022538,-0.683345,-0.245797,0.015101,0.366099,,,,,,
sample,740,drone,,18.495291,11.557368,2.124201,2.127755,1.057150,0.405699,-0.022159,-0.689626,-0.248057,0.015259,0.366434,,,,,,
sample,741,drone,,18.520284,11.583574,2.134263,2.127206,1.039836,0.399471,-0.021776,-0.695907,-0.250317,0.015417,0.366783,,,,,,
sample,742,drone,,18.545278,11.609346,2.144169,2.126667,1.022364,0.393186,-0.021388,-0.702189,-0.252577,0.015574,0.367148,,,,,,
sample,743,drone,,18.570272,11.634680,2.153918,2.126137,1.004735,0.386845,-0.020997,-0.708470,-0.254837,0.015732,0.367528,,,,,,
sample,744,drone,,18.595265,11.659570,2.163507,2.125617,0.986949,0.380448,-0.020602,-0.714752,-0.257097,0.015890,0.367925,,,,,,
sample,745,drone,,18.620259,11.684014,2.172935,2.125107,0.969007,0.373994,-0.020203,-0.721033,-0.259357,0.016048,0.368341,,,,,,
sample,746,drone,,18.645253,11.708008,2.182202,2.124607,0.950907,0.367483,-0.019800,-0.727315,-0.261616,0.016206,0.368776,,,,,,
sample,747,drone,,18.670246,11.731548,2.191305,2.124118,0.932650,0.360916,-0.019393,-0.733596,-0.263876,0.016364,0.369231,,,,,,
sample,748,drone,,18.695240,11.754629,2.200243,2.123638,0.914236,0.354293,-0.018982,-0.739877,-0.266136,0.016522,0.369709,,,,,,
sample,749,drone,,18.720234,11.777248,2.209015,2.123169,0.895666,0.347613,-0.018567,-0.746159,-0.268396,0.016680,0.370210,,,,,,
sample,750,drone,,18.745227,11.799401,2.217619,2.122710,0.876938,0.340876,-0.018148,-0.752440,-0.270656,0.016838,0.370738,,,,,,
sample,751,drone,,18.770221,11.821084,2.226054,2.122262,0.858053,0.334083,-0.017725,-0.758722,-0.272916,0.016996,0.371292,,,,,,
sample,752,drone,,18.795214,11.842292,2.234319,2.121824,0.839011,0.327234,-0.017298,-0.765003,-0.275176,0.017154,0.371876,,,,,,
sample,753,drone,,18.820208,11.863023,2.242412,2.121397,0.819813,0.320328,-0.016868,-0.771285,-0.277436,0.017312,0.372492,,,,,,
sample,754,drone,,18.845202,11.883273,2.250331,2.120981,0.800457,0.313366,-0.016433,-0.777566,-0.279696,0.017470,0.373143,,,,,,
sample,755,drone,,18.870195,11.903036,2.258076,2.120575,0.780944,0.306347,-0.015994,-0.783847,-0.281955,0.017628,0.373831,,,,,,
sample,756,drone,,18.895189,11.922310,2.265645,2.120181,0.761275,0.299271,-0.015552,-0.790129,-0.284215,0.017786,0.374560,,,,,,
sample,757,drone,,18.920183,11.941090,2.273036,2.119798,0.741448,0.292140,-0.015105,-0.796410,-0.286475,0.017943,0.375334,,,,,,
sample,758,drone,,18.945176,11.959373,2.280248,2.119426,0.721464,0.284951,-0.014655,-0.802692,-0.288735,0.018101,0.376156,,,,,,
sample,759,drone,,18.970170,11.977154,2.287280,2.119065,0.701324,0.277707,-0.014201,-0.808973,-0.290995,0.018259,0.377032,,,,,,
sample,760,drone,,18.995164,11.994430,2.294130,2.118716,0.681026,0.270405,-0.013742,-0.815254,-0.293255,0.018417,0.377966,,,,,,
sample,761,drone,,19.020157,12.011197,2.300797,2.118379,0.660571,0.263048,-0.013280,-0.821536,-0.295515,0.018575,0.378964,,,,,,
sample,762,drone,,19.045151,12.027450,2.307279,2.118052,0.639960,0.255633,-0.012814,-0.827817,-0.297775,0.018733,0.380034,,,,,,
sample,763,drone,,19.070144,12.043187,2.313575,2.117738,0.619191,0.248163,-0.012343,-0.834099,-0.300035,0.018891,0.381183,,,,,,
sample,764,drone,,19.095138,12.058402,2.319684,2.117435,0.598265,0.240635,-0.011869,-0.840380,-0.302294,0.019049,0.382420,,,,,,
sample,765,drone,,19.120132,12.073092,2.325604,2.117145,0.577183,0.233052,-0.011391,-0.846662,-0.304554,0.019207,0.383756,,,,,,
sample,766,drone,,19.145125,12.087254,2.331333,2.116866,0.555943,0.225412,-0.010909,-0.852943,-0.306814,0.019365,0.385203,,,,,,
sample,767,drone,,19.170119,12.100882,2.336872,2.116599,0.534546,0.217715,-0.010423,-0.859224,-0.309074,0.019523,0.386774,,,,,,
sample,768,drone,,19.195113,12.113974,2.342216,2.116345,0.512993,0.209962,-0.009933,-0.985031,-0.335649,0.022388,0.388488,,,,,,
sample,769,drone,,19.220106,12.126525,2.347367,2.116103,0.485307,0.200937,-0.009304,-1.916935,-0.526192,0.043466,0.392551,,,,,,
sample,770,drone,,19.245100,12.138233,2.352261,2.115880,0.417170,0.183659,-0.007761,-3.500992,-0.849347,0.079161,0.414716,,,,,,
sample,771,drone,,19.270094,12.147379,2.356548,2.115715,0.310302,0.158480,-0.005347,-4.334915,-1.019838,0.097685,0.472193,,,,,,
sample,772,drone,,19.295087,12.153745,2.360183,2.115613,0.200480,0.132680,-0.002878,-4.338873,-1.021464,0.097334,0.584634,,,,,,
sample,773,drone,,19.320081,12.157400,2.363180,2.115571,0.093414,0.107420,-0.000482,-4.228581,-0.999845,0.094391,0.855025,,,,,,
sample,774,drone,,19.345074,12.158414,2.365552,2.115589,-0.010895,0.082700,0.001841,-4.118290,-0.978227,0.091448,1.701788,,,,,,
sample,775,drone,,19.370068,12.156855,2.367314,2.115663,-0.112448,0.058521,0.004090,-4.007998,-0.956609,0.088505,2.661737,,,,,,
sample,776,drone,,19.395062,12.152793,2.368478,2.115793,-0.211244,0.034882,0.006265,-3.897707,-0.934991,0.085562,2.977943,,,,,,
sample,777,drone,,19.420055,12.146296,2.369057,2.115976,-0.307284,0.011783,0.008367,-3.787416,-0.913373,0.082619,3.103264,,,,,,
sample,778,drone,,19.445049,12.137433,2.369067,2.116211,-0.400567,-0.010775,0.010395,-3.677124,-0.891755,0.079677,-3.114700,,,,,,
sample,779,drone,,19.470043,12.126273,2.368519,2.116496,-0.491093,-0.032793,0.012349,-3.566833,-0.870137,0.076734,-3.074916,,,,,,
sample,780,drone,,19.495036,12.112884,2.367427,2.116828,-0.578863,-0.054271,0.014231,-3.456541,-0.848519,0.073791,-3.048112,,,,,,
sample,781,drone,,19.520030,12.097337,2.365806,2.117207,-0.663876,-0.075208,0.016038,-3.346250,-0.826900,0.070848,-3.028787,,,,,,
sample,782,drone,,19.545024,12.079699,2.363668,2.117630,-0.746133,-0.095605,0.017772,-3.235959,-0.805282,0.067905,-3.014153,,,,,,
sample,783,drone,,19.570017,12.060040,2.361027,2.118096,-0.825633,-0.115462,0.019432,-3.125667,-0.783664,0.064962,-3.002647,,,,,,
sample,784,drone,,19.595011,12.038428,2.357896,2.118602,-0.902377,-0.134778,0.021019,-3.015376,-0.762046,0.062019,-2.993329,,,,,,
sample,785,drone,,19.620004,12.014932,2.354290,2.119146,-0.976364,-0.153555,0.022533,-2.905084,-0.740428,0.059076,-2.985599,,,,,,
sample,786,drone,,19.644998,11.989622,2.350221,2.119728,-1.047594,-0.171790,0.023972,-2.794793,-0.718810,0.056133,-2.979054,,,,,,
sample,787,drone,,19.669992,11.962566,2.345702,2.120345,-1.116068,-0.189486,0.025339,-2.684502,-0.697192,0.053190,-2.973416,,,,,,
sample,788,drone,,19.694985,11.933833,2.340749,2.120995,-1.181785,-0.206641,0.026631,-2.574210,-0.675574,0.050248,-2.968488,,,,,,
sample,789,drone,,19.719979,11.903492,2.335373,2.121676,-1.244745,-0.223256,0.027850,-2.463919,-0.653955,0.047305,-2.964121,,,,,,
sample,790,drone,,19.744973,11.871612,2.329589,2.122387,-1.304949,-0.239331,0.028996,-2.353627,-0.632337,0.044362,-2.960206,,,,,,
sample,791,drone,,19.769966,11.838261,2.323410,2.123125,-1.362397,-0.254865,0.030068,-2.243336,-0.610719,0.041419,-2.956659,,,,,,
sample,792,drone,,19.794960,11.803509,2.316849,2.123890,-1.417088,-0.269859,0.031066,-2.133045,-0.589101,0.038476,-2.953414,,,,,,
sample,793,drone,,19.819954,11.767425,2.309920,2.124678,-1.469022,-0.284312,0.031991,-2.022753,-0.567483,0.035533,-2.950418,,,,,,
sample,794,drone,,19.844947,11.730077,2.302637,2.125489,-1.518200,-0.298226,0.032842,-1.912462,-0.545865,0.032590,-2.947629,,,,,,
sample,795,drone,,19.869941,11.691534,2.295013,2.126320,-1.564621,-0.311599,0.033620,-1.802170,-0.524247,0.029647,-2.945012,,,,,,
sample,796,drone,,19.894934,11.651866,2.287061,2.127169,-1.608285,-0.324431,0.034324,-1.691879,-0.502629,0.026704,-2.942539,,,,,,
sample,797,drone,,19.919928,11.611140,2.278795,2.128036,-1.649193,-0.336724,0.034955,-1.581587,-0.481010,0.023761,-2.940186,,,,,,
sample,798,drone,,19.944922,11.569427,2.270229,2.128917,-1.687344,-0.348476,0.035512,-1.471296,-0.459392,0.020819,-2.937933,,,,,,
sample,799,drone,,19.969915,11.526794,2.261376,2.129811,-1.722739,-0.359687,0.035996,-1.361005,-0.437774,0.017876,-2.935761,,,,,,
sample,800,drone,,19.994909,11.483312,2.252249,2.130716,-1.755377,-0.370359,0.036406,-1.250713,-0.416156,0.014933,-2.933657,,,,,,
sample,801,drone,,20.019903,11.439048,2.242863,2.131631,-1.785259,-0.380490,0.036742,-1.140422,-0.394538,0.011990,-2.931606,,,,,,
sample,802,drone,,20.044896,11.394072,2.233229,2.132553,-1.812384,-0.390081,0.037005,-1.030130,-0.372920,0.009047,-2.929596,,,,,,
sample,803,drone,,20.069890,11.348452,2.223363,2.133480,-1.836752,-0.399131,0.037194,-0.919839,-0.351302,0.006104,-2.927617,,,,,,
sample,804,drone,,20.094884,11.302257,2.213278,2.134412,-1.858364,-0.407641,0.037310,-0.809548,-0.329684,0.003161,-2.925658,,,,,,
sample,805,drone,,20.119877,11.255557,2.202987,2.135345,-1.877219,-0.415611,0.037352,-0.699256,-0.308065,0.000218,-2.923710,,,,,,
sample,806,drone,,20.144871,11.208420,2.192503,2.136279,-1.893318,-0.423041,0.037321,-0.588965,-0.286447,-0.002725,-2.921765,,,,,,
sample,807,drone,,20.169864,11.160915,2.181840,2.137211,-1.906660,-0.429930,0.037216,-0.478673,-0.264829,-0.005668,-2.919813,,,,,,
sample,808,drone,,20.194858,11.113112,2.171012,2.138139,-1.917246,-0.436279,0.037038,-0.368382,-0.243211,-0.008610,-2.917848,,,,,,
sample,809,drone,,20.219852,11.065078,2.160032,2.139062,-1.925075,-0.442087,0.036786,-0.258091,-0.221593,-0.011553,-2.915860,,,,,,
sample,810,drone,,20.244845,11.016882,2.148913,2.139978,-1.930147,-0.447356,0.036460,-0.147799,-0.199975,-0.014496,-2.913841,,,,,,
sample,811,drone,,20.269839,10.968595,2.137669,2.140885,-1.932463,-0.452084,0.036061,-0.037508,-0.178357,-0.017439,-2.911784,,,,,,
sample,812,drone,,20.294833,10.920284,2.126315,2.141781,-1.932022,-0.456271,0.035589,0.072784,-0.156739,-0.020382,-2.909679,,,,,,
sample,813,drone,,20.319826,10.872018,2.114862,2.142664,-1.928824,-0.459918,0.035042,0.183075,-0.135120,-0.023325,-2.907519,,,,,,
sample,814,drone,,20.344820,10.823867,2.103324,2.143533,-1.922870,-0.463025,0.034423,0.293366,-0.113502,-0.026268,-2.905292,,,,,,
sample,815,drone,,20.369814,10.775899,2.091716,2.144385,-1.914160,-0.465592,0.033729,0.403658,-0.091884,-0.029211,-2.902990,,,,,,
sample,816,drone,,20.394807,10.728183,2.080051,2.145219,-1.902693,-0.467618,0.032962,0.513949,-0.070266,-0.032154,-2.900602,,,,,,
sample,817,drone,,20.419801,10.680789,2.068341,2.146032,-1.888469,-0.469105,0.032122,0.624241,-0.048648,-0.035097,-2.898116,,,,,,
sample,818,drone,,20.444794,10.633784,2.056602,2.146824,-1.871489,-0.470050,0.031208,0.734532,-0.027030,-0.038039,-2.895519,,,,,,
sample,819,drone,,20.469788,10.587238,2.044845,2.147592,-1.851752,-0.470456,0.030221,0.844824,-0.005412,-0.040982,-2.892797,,,,,,
sample,820,drone,,20.494782,10.541220,2.033085,2.148335,-1.829258,-0.470321,0.029159,0.955115,0.016206,-0.043925,-2.889933,,,,,,
sample,821,drone,,20.519775,10.495799,2.021335,2.149050,-1.804008,-0.469646,0.028025,1.065406,0.037825,-0.046868,-2.886911,,,,,,
sample,822,drone,,20.544769,10.451043,2.009608,2.149736,-1.776001,-0.468430,0.026817,1.175698,0.059443,-0.049811,-2.883710,,,,,,
sample,823,drone,,20.569763,10.407021,1.997919,2.150390,-1.745238,-0.466674,0.025535,1.285989,0.081061,-0.052754,-2.880307,,,,,,
sample,824,drone,,20.594756,10.363803,1.986281,2.151012,-1.711718,-0.464378,0.024180,1.396281,0.102679,-0.055697,-2.876676,,,,,,
sample,825,drone,,20.619750,10.321457,1.974706,2.151599,-1.675442,-0.461542,0.022751,1.506572,0.124297,-0.058640,-2.872785,,,,,,
sample,826,drone,,20.644744,10.280052,1.963209,2.152149,-1.636409,-0.458165,0.021248,1.616863,0.145915,-0.061583,-2.868601,,,,,,
sample,827,drone,,20.669737,10.239657,1.951804,2.152661,-1.594619,-0.454248,0.019672,1.727155,0.167533,-0.064526,-2.864080,,,,,,
sample,828,drone,,20.694731,10.200342,1.940503,2.153133,-1.550073,-0.449790,0.018023,1.837446,0.189152,-0.067468,-2.859175,,,,,,
sample,829,drone,,20.719724,10.162173,1.929320,2.153562,-1.502770,-0.444792,0.016300,1.947738,0.210770,-0.070411,-2.853826,,,,,,
sample,830,drone,,20.744718,10.125222,1.918269,2.153948,-1.452711,-0.439254,0.014503,2.058029,0.232388,-0.073354,-2.847964,,,,,,
sample,831,drone,,20.769712,10.089556,1.907363,2.154287,-1.399895,-0.433176,0.012633,2.168320,0.254006,-0.076297,-2.841503,,,,,,
sample,832,drone,,20.794705,10.055245,1.896616,2.154579,-1.344323,-0.426557,0.010689,2.278612,0.275624,-0.079240,-2.834338,,,,,,
sample,833,drone,,20.819699,10.022357,1.886041,2.154822,-1.285993,-0.419398,0.008672,2.388903,0.297242,-0.082183,-2.826341,,,,,,
sample,834,drone,,20.844693,9.990962,1.875651,2.155013,-1.224908,-0.411699,0.006581,2.499195,0.318860,-0.085126,-2.817349,,,,,,
sample,835,drone,,20.869686,9.961128,1.865461,2.155150,-1.161066,-0.403459,0.004417,2.609486,0.340478,-0.088069,-2.807155,,,,,,
sample,836,drone,,20.894680,9.932923,1.855483,2.155233,-1.094467,-0.394679,0.002179,2.719777,0.362097,-0.091012,-2.795494,,,,,,
sample,837,drone,,20.919674,9.906418,1.845732,2.155259,-1.025111,-0.385359,-0.000133,2.830069,0.383715,-0.093955,-2.782016,,,,,,
sample,838,drone,,20.944667,9.881681,1.836220,2.155227,-0.952999,-0.375499,-0.002518,2.940360,0.405333,-0.096897,-2.766254,,,,,,
sample,839,drone,,20.969661,9.858780,1.826962,2.155134,-0.878131,-0.365098,-0.004976,3.050652,0.426951,-0.099840,-2.747568,,,,,,
sample,840,drone,,20.994654,9.837786,1.817970,2.154978,-0.800506,-0.354156,-0.007508,3.160943,0.448569,-0.102783,-2.725063,,,,,,
sample,841,drone,,21.019648,9.818765,1.809258,2.154758,-0.720124,-0.342675,-0.010114,3.271234,0.470187,-0.105726,-2.697446,,,,,,
sample,842,drone,,21.044642,9.801788,1.800841,2.154472,-0.636985,-0.330653,-0.012793,3.381526,0.491805,-0.108669,-2.662790,,,,,,
sample,843,drone,,21.069635,9.786924,1.792730,2.154119,-0.551091,-0.318091,-0.015546,3.491817,0.513423,-0.111612,-2.618105,,,,,,
sample,844,drone,,21.094629,9.774241,1.784940,2.153695,-0.462439,-0.304988,-0.018372,3.602109,0.535042,-0.114555,-2.558553,,,,,,
sample,845,drone,,21.119623,9.763808,1.777484,2.153200,-0.371031,-0.291346,-0.021272,3.712400,0.556660,-0.117498,-2.475921,,,,,,
sample,846,drone,,21.144616,9.755694,1.770376,2.152632,-0.276866,-0.277163,-0.024246,3.822692,0.578278,-0.120441,-2.355660,,,,,,
sample,847,drone,,21.169610,9.749968,1.763630,2.151988,-0.179945,-0.262439,-0.027293,3.932983,0.599896,-0.123383,-2.171836,,,,,,
sample,848,drone,,21.194604,9.746699,1.757258,2.151268,-0.080267,-0.247175,-0.030413,4.043274,0.621514,-0.126326,-1.884791,,,,,,
sample,849,drone,,21.219597,9.745956,1.751274,2.150468,0.022167,-0.231371,-0.033608,4.153566,0.643132,-0.129269,-1.475280,,,,,,
sample,850,drone,,21.244591,9.747807,1.745692,2.149588,0.127358,-0.215027,-0.036875,4.166490,0.519903,-0.146489,-1.036066,,,,,,
sample,851,drone,,21.269584,9.752322,1.740526,2.148625,0.230439,-0.205383,-0.040930,3.942775,0.086765,-0.192766,-0.727970,,,,,,
sample,852,drone,,21.294578,9.759326,1.735426,2.147542,0.324447,-0.210690,-0.046511,3.631574,-0.369222,-0.237509,-0.575940,,,,,,
sample,853,drone,,21.319572,9.768540,1.729994,2.146300,0.411971,-0.223839,-0.052803,3.465940,-0.520426,-0.249096,-0.497713,,,,,,
sample,854,drone,,21.344565,9.779920,1.724237,2.144902,0.497700,-0.236704,-0.058963,3.394179,-0.508911,-0.243831,-0.443935,,,,,,
sample,855,drone,,21.369559,9.793419,1.718162,2.143352,0.581637,-0.249278,-0.064991,3.322510,-0.497249,-0.238551,-0.404899,,,,,,
sample,856,drone,,21.394553,9.808994,1.711776,2.141654,0.663783,-0.261561,-0.070887,3.250841,-0.485587,-0.233272,-0.375363,,,,,,
sample,857,drone,,21.419546,9.826600,1.705087,2.139809,0.744138,-0.273551,-0.076652,3.179172,-0.473925,-0.227992,-0.352275,,,,,,
sample,858,drone,,21.444540,9.846191,1.698102,2.137822,0.822701,-0.285251,-0.082284,3.107502,-0.462263,-0.222712,-0.333754,,,,,,
sample,859,drone,,21.469534,9.867724,1.690828,2.135696,0.899473,-0.296659,-0.087784,3.035833,-0.450601,-0.217432,-0.318580,,,,,,
sample,860,drone,,21.494527,9.891154,1.683273,2.133434,0.974454,-0.307775,-0.093153,2.964164,-0.438939,-0.212153,-0.305928,,,,,,
sample,861,drone,,21.519521,9.916435,1.675443,2.131039,1.047644,-0.318600,-0.098389,2.892495,-0.427277,-0.206873,-0.295224,,,,,,
sample,862,drone,,21.544514,9.943522,1.667347,2.128516,1.119042,-0.329134,-0.103494,2.820825,-0.415615,-0.201593,-0.286054,,,,,,
sample,863,drone,,21.569508,9.972372,1.658991,2.125866,1.188649,-0.339376,-0.108466,2.749156,-0.403953,-0.196313,-0.278114,,,,,,
sample,864,drone,,21.594502,10.002940,1.650382,2.123094,1.256465,-0.349326,-0.113307,2.677487,-0.392291,-0.191034,-0.271174,,,,,,
sample,865,drone,,21.619495,10.035180,1.641529,2.120202,1.322489,-0.358985,-0.118016,2.605818,-0.380629,-0.185754,-0.265060,,,,,,
sample,866,drone,,21.644489,10.069047,1.632438,2.117194,1.386723,-0.368353,-0.122592,2.534149,-0.368967,-0.180474,-0.259633,,,,,,
sample,867,drone,,21.669483,10.104498,1.623116,2.114074,1.449164,-0.377429,-0.127037,2.462479,-0.357305,-0.175194,-0.254786,,,,,,
sample,868,drone,,21.694476,10.141487,1.613571,2.110844,1.509815,-0.386213,-0.131350,2.390810,-0.345643,-0.169914,-0.250432,,,,,,
sample,869,drone,,21.719470,10.179970,1.603810,2.107508,1.568675,-0.394706,-0.135531,2.319141,-0.333981,-0.164635,-0.246501,,,,,,
sample,870,drone,,21.744464,10.219901,1.593841,2.104069,1.625743,-0.402908,-0.139579,2.247472,-0.322319,-0.159355,-0.242935,,,,,,
sample,871,drone,,21.769457,10.261236,1.583670,2.100531,1.681020,-0.410818,-0.143496,2.175802,-0.310657,-0.154075,-0.239688,,,,,,
sample,872,drone,,21.794451,10.303931,1.573305,2.096896,1.734505,-0.418437,-0.147281,2.104133,-0.298995,-0.148795,-0.236720,,,,,,
sample,873,drone,,21.819444,10.347939,1.562753,2.093169,1.786199,-0.425764,-0.150934,2.032464,-0.287333,-0.143516,-0.233997,,,,,,
sample,874,drone,,21.844438,10.393218,1.552022,2.089352,1.836102,-0.432800,-0.154455,1.960795,-0.275671,-0.138236,-0.231491,,,,,,
sample,875,drone,,21.869432,10.439721,1.541119,2.085448,1.884214,-0.439544,-0.157844,1.889126,-0.264009,-0.132956,-0.229179,,,,,,
sample,876,drone,,21.894425,10.487405,1.530050,2.081461,1.930535,-0.445997,-0.161101,1.817456,-0.252347,-0.127676,-0.227039,,,,,,
sample,877,drone,,21.919419,10.536223,1.518825,2.077395,1.975064,-0.452158,-0.164226,1.745787,-0.240685,-0.122397,-0.225055,,,,,,
sample,878,drone,,21.944413,10.586133,1.507448,2.073252,2.017802,-0.458028,-0.167220,1.674118,-0.229023,-0.117117,-0.223211,,,,,,
sample,879,drone,,21.969406,10.637088,1.495929,2.069036,2.058748,-0.463607,-0.170081,1.602449,-0.217361,-0.111837,-0.221494,,,,,,
sample,880,drone,,21.994400,10.689044,1.484274,2.064750,2.097904,-0.468894,-0.172810,1.530779,-0.205699,-0.106557,-0.219892,,,,,,
sample,881,drone,,22.019394,10.741956,1.472490,2.060398,2.135268,-0.473889,-0.175407,1.459110,-0.194037,-0.101278,-0.218394,,,,,,
sample,882,drone,,22.044387,10.795780,1.460585,2.055982,2.170841,-0.478593,-0.177873,1.387441,-0.182375,-0.095998,-0.216993,,,,,,
sample,883,drone,,22.069381,10.850471,1.448567,2.051507,2.204622,-0.483005,-0.180206,1.315772,-0.170713,-0.090718,-0.215680,,,,,,
sample,884,drone,,22.094374,10.905983,1.436441,2.046974,2.236613,-0.487126,-0.182407,1.244103,-0.159051,-0.085438,-0.214448,,,,,,
sample,885,drone,,22.119368,10.962273,1.424217,2.042388,2.266812,-0.490956,-0.184477,1.172433,-0.147389,-0.080158,-0.213290,,,,,,
sample,886,drone,,22.144362,11.019295,1.411900,2.037753,2.295219,-0.494494,-0.186414,1.100764,-0.135727,-0.074879,-0.212202,,,,,,
sample,887,drone,,22.169355,11.077005,1.399498,2.033070,2.321836,-0.497741,-0.188220,1.029095,-0.124065,-0.069599,-0.211177,,,,,,
sample,888,drone,,22.194349,11.135357,1.387019,2.028344,2.346661,-0.500696,-0.189893,0.957426,-0.112403,-0.064319,-0.210213,,,,,,
sample,889,drone,,22.219343,11.194308,1.374470,2.023578,2.369695,-0.503359,-0.191435,0.885756,-0.100741,-0.059039,-0.209304,,,,,,
sample,890,drone,,22.244336,11.253812,1.361858,2.018775,2.390938,-0.505731,-0.192845,0.814087,-0.089079,-0.053760,-0.208448,,,,,,
sample,891,drone,,22.269330,11.313824,1.349190,2.013938,2.410389,-0.507812,-0.194122,0.742418,-0.077417,-0.048480,-0.207640,,,,,,
sample,892,drone,,22.294324,11.374300,1.336473,2.009071,2.428049,-0.509601,-0.195268,0.670749,-0.065755,-0.043200,-0.206878,,,,,,
sample,893,drone,,22.319317,11.435196,1.323716,2.004177,2.443918,-0.511099,-0.196282,0.599080,-0.054093,-0.037920,-0.206160,,,,,,
sample,894,drone,,22.344311,11.496465,1.310925,1.999260,2.457995,-0.512305,-0.197163,0.527410,-0.042431,-0.032641,-0.205482,,,,,,
sample,895,drone,,22.369304,11.558064,1.298107,1.994322,2.470282,-0.513220,-0.197913,0.455741,-0.030769,-0.027361,-0.204844,,,,,,
sample,896,drone,,22.394298,11.619948,1.285271,1.989366,2.480777,-0.513843,-0.198531,0.384072,-0.019107,-0.022081,-0.204242,,,,,,
sample,897,drone,,22.419292,11.682071,1.272422,1.984397,2.489480,-0.514175,-0.199017,0.312403,-0.007445,-0.016801,-0.203675,,,,,,
sample,898,drone,,22.444285,11.744390,1.259568,1.979418,2.496393,-0.514215,-0.199371,0.240733,0.004217,-0.011521,-0.203142,,,,,,
sample,899,drone,,22.469279,11.806859,1.246717,1.974431,2.501514,-0.513964,-0.199593,0.169064,0.015879,-0.006242,-0.202641,,,,,,
sample,900,drone,,22.494273,11.869434,1.233877,1.969441,2.504844,-0.513422,-0.199683,0.097395,0.027541,-0.000962,-0.202171,,,,,,
sample,901,drone,,22.519266,11.932070,1.221053,1.964450,2.506382,-0.512588,-0.199641,0.025726,0.039203,0.004318,-0.201731,,,,,,
sample,902,drone,,22.544260,11.994721,1.208254,1.959461,2.506130,-0.511462,-0.199467,-0.045943,0.050865,0.009598,-0.201320,,,,,,
sample,903,drone,,22.569254,12.057344,1.195486,1.954479,2.504086,-0.510045,-0.199161,-0.117613,0.062527,0.014877,-0.200936,,,,,,
sample,904,drone,,22.594247,12.119894,1.182758,1.949506,2.500251,-0.508336,-0.198723,-0.189282,0.074189,0.020157,-0.200580,,,,,,
sample,905,drone,,22.619241,12.182325,1.170076,1.944545,2.494624,-0.506336,-0.198154,-0.260951,0.085851,0.025437,-0.200251,,,,,,
sample,906,drone,,22.644234,12.244593,1.157448,1.939601,2.487206,-0.504045,-0.197452,-0.332620,0.097513,0.030717,-0.199947,,,,,,
sample,907,drone,,22.669228,12.306654,1.144880,1.934675,2.477997,-0.501462,-0.196618,-0.404290,0.109175,0.035996,-0.199669,,,,,,
sample,908,drone,,22.694222,12.368461,1.132381,1.929772,2.466997,-0.498588,-0.195653,-0.475959,0.120837,0.041276,-0.199417,,,,,,
sample,909,drone,,22.719215,12.429972,1.119957,1.924895,2.454206,-0.495422,-0.194555,-0.547628,0.132499,0.046556,-0.199190,,,,,,
sample,910,drone,,22.744209,12.491141,1.107616,1.920047,2.439623,-0.491964,-0.193325,-0.619297,0.144161,0.051836,-0.198987,,,,,,
sample,911,drone,,22.769203,12.551922,1.095365,1.915231,2.423249,-0.488216,-0.191964,-0.690966,0.155823,0.057116,-0.198810,,,,,,
sample,912,drone,,22.794196,12.612272,1.083212,1.910451,2.405083,-0.484175,-0.190470,-0.762636,0.167485,0.062395,-0.198658,,,,,,
sample,913,drone,,22.819190,12.672146,1.071163,1.905710,2.385126,-0.479843,-0.188845,-0.834305,0.179147,0.067675,-0.198531,,,,,,
sample,914,drone,,22.844184,12.731498,1.059225,1.901011,2.363379,-0.475220,-0.187087,-0.905974,0.190809,0.072955,-0.198431,,,,,,
sample,915,drone,,22.869177,12.790285,1.047408,1.896358,2.339839,-0.470305,-0.185198,-0.977643,0.202471,0.078235,-0.198356,,,,,,
sample,916,drone,,22.894171,12.848460,1.035716,1.891754,2.314509,-0.465099,-0.183177,-1.049313,0.214133,0.083514,-0.198308,,,,,,
sample,917,drone,,22.919164,12.905981,1.024159,1.887202,2.287387,-0.459601,-0.181023,-1.120982,0.225795,0.088794,-0.198288,,,,,,
sample,918,drone,,22.944158,12.962801,1.012742,1.882705,2.258474,-0.453812,-0.178738,-1.192651,0.237457,0.094074,-0.198297,,,,,,
sample,919,drone,,22.969152,13.018875,1.001474,1.878267,2.227770,-0.447732,-0.176321,-1.264320,0.249119,0.099354,-0.198335,,,,,,
sample,920,drone,,22.994145,13.074161,0.990361,1.873891,2.195274,-0.441360,-0.173772,-1.335989,0.260781,0.104633,-0.198405,,,,,,
sample,921,drone,,23.019139,13.128611,0.979411,1.869581,2.160987,-0.434696,-0.171091,-1.407659,0.272443,0.109913,-0.198507,,,,,,
sample,922,drone,,23.044133,13.182182,0.968632,1.865339,2.124909,-0.427741,-0.168277,-1.479328,0.284105,0.115193,-0.198644,,,,,,
sample,923,drone,,23.069126,13.234830,0.958030,1.861169,2.087040,-0.420494,-0.165332,-1.550997,0.295767,0.120473,-0.198817,,,,,,
sample,924,drone,,23.094120,13.286508,0.947612,1.857074,2.047379,-0.412956,-0.162255,-1.622666,0.307429,0.125753,-0.199030,,,,,,
sample,925,drone,,23.119114,13.337173,0.937387,1.853058,2.005927,-0.405127,-0.159046,-1.694336,0.319091,0.131032,-0.199284,,,,,,
sample,926,drone,,23.144107,13.386779,0.927361,1.849124,1.962684,-0.397006,-0.155705,-1.766005,0.330753,0.136312,-0.199584,,,,,,
sample,927,drone,,23.169101,13.435282,0.917542,1.845275,1.917649,-0.388593,-0.152232,-1.837674,0.342415,0.141592,-0.199933,,,,,,
sample,928,drone,,23.194094,13.482637,0.907937,1.841514,1.870823,-0.379889,-0.148628,-1.909343,0.354077,0.146872,-0.200336,,,,,,
sample,929,drone,,23.219088,13.528799,0.898552,1.837846,1.822206,-0.370894,-0.144891,-1.981012,0.365739,0.152151,-0.200798,,,,,,
sample,930,drone,,23.244082,13.573724,0.889397,1.834272,1.771798,-0.361607,-0.141022,-2.052682,0.377401,0.157431,-0.201326,,,,,,
sample,931,drone,,23.269075,13.617366,0.880477,1.830796,1.719598,-0.352029,-0.137021,-2.124351,0.389063,0.162711,-0.201926,,,,,,
sample,932,drone,,23.294069,13.659682,0.871800,1.827422,1.665608,-0.342159,-0.132888,-2.196020,0.400725,0.167991,-0.202607,,,,,,
sample,933,drone,,23.319063,13.700626,0.863373,1.824154,1.609825,-0.331998,-0.128624,-2.267689,0.412387,0.173270,-0.203381,,,,,,
sample,934,drone,,23.344056,13.740153,0.855204,1.820993,1.552252,-0.321545,-0.124227,-2.339359,0.424049,0.178550,-0.204258,,,,,,
sample,935,drone,,23.369050,13.778218,0.847300,1.817944,1.492887,-0.310801,-0.119699,-2.411028,0.435711,0.183830,-0.205256,,,,,,
sample,936,drone,,23.394044,13.814778,0.839668,1.815009,1.431731,-0.299765,-0.115038,-2.482697,0.447373,0.189110,-0.206391,,,,,,
sample,937,drone,,23.419037,13.849787,0.832315,1.812193,1.368784,-0.288438,-0.110245,-2.554366,0.459035,0.194390,-0.207687,,,,,,
sample,938,drone,,23.444031,13.883200,0.825250,1.809499,1.304045,-0.276819,-0.105321,-2.626035,0.470697,0.199669,-0.209172,,,,,,
sample,939,drone,,23.469024,13.914972,0.818478,1.806929,1.237516,-0.264909,-0.100265,-2.697705,0.482359,0.204949,-0.210882,,,,,,
sample,940,drone,,23.494018,13.945060,0.812008,1.804487,1.169195,-0.252707,-0.095076,-2.769374,0.494021,0.210229,-0.212863,,,,,,
sample,941,drone,,23.519012,13.973417,0.805846,1.802176,1.099082,-0.240214,-0.089756,-2.112865,0.376347,0.160312,-0.215175,,,,,,
sample,942,drone,,23.544005,14.000000,0.800000,1.800000,1.063578,-0.233895,-0.087063,-1.420522,0.252841,0.107754,-0.216467,,,,,,
