section,index,name,chart_id,t,x,y,z,vx,vy,vz,ax,ay,az,yaw,local_u,local_v,plane_error,boundary_margin,chart_contains,contains
crossing,1,G2,1,2.155154,4.477397,-0.592034,1.991492,,,,,,,,0.555731,-0.036840,0.000000000,0.166351548,True,True
crossing,2,G4,2,3.844040,7.531189,0.963517,1.838973,,,,,,,,-0.504203,-0.050256,0.000000000,0.184622081,True,True
crossing,3,G6,1,6.417835,11.785144,-1.269236,2.331830,,,,,,,,0.704595,0.096883,0.000000000,0.117904825,True,True
crossing,4,G3,12,9.417364,6.418086,-0.918587,2.063964,,,,,,,,-0.252889,-0.112298,0.000000000,0.368301128,True,True
crossing,5,G5,9,11.833297,9.891745,1.258452,1.643282,,,,,,,,-0.296057,0.367470,0.000000000,0.387450279,True,True
crossing,6,G1,7,16.446089,1.882384,2.691755,1.675286,,,,,,,,-0.116742,0.617134,0.000000000,0.455479109,True,True
sample,0,drone,,0.000000,0.000000,-1.000000,1.200000,1.175659,0.105028,0.208963,1.300346,0.036635,0.274234,0.089099,,,,,,
sample,1,drone,,0.024991,0.029381,-0.997375,1.205222,1.208156,0.105943,0.215816,1.934903,0.055004,0.407791,0.087466,,,,,,
sample,2,drone,,0.049982,0.060386,-0.994705,1.210787,1.272369,0.107777,0.229345,2.538228,0.073477,0.534228,0.084504,,,,,,
sample,3,drone,,0.074973,0.092977,-0.991988,1.216685,1.335022,0.109616,0.242518,2.475764,0.073686,0.519988,0.081924,,,,,,
sample,4,drone,,0.099964,0.127113,-0.989226,1.222908,1.396113,0.111460,0.255335,2.413300,0.073894,0.505748,0.079667,,,,,,
sample,5,drone,,0.124955,0.162757,-0.986417,1.229447,1.455643,0.113309,0.267796,2.350836,0.074103,0.491508,0.077685,,,,,,
sample,6,drone,,0.149946,0.199869,-0.983563,1.236293,1.513613,0.115164,0.279901,2.288372,0.074311,0.477268,0.075939,,,,,,
sample,7,drone,,0.174937,0.238411,-0.980661,1.243438,1.570021,0.117023,0.291651,2.225908,0.074519,0.463028,0.074399,,,,,,
sample,8,drone,,0.199928,0.278342,-0.977713,1.250871,1.624868,0.118888,0.303045,2.163444,0.074728,0.448788,0.073038,,,,,,
sample,9,drone,,0.224919,0.319625,-0.974719,1.258584,1.678154,0.120758,0.314082,2.100980,0.074936,0.434548,0.071835,,,,,,
sample,10,drone,,0.249910,0.362220,-0.971678,1.266569,1.729880,0.122634,0.324764,2.038515,0.075145,0.420308,0.070773,,,,,,
sample,11,drone,,0.274901,0.406088,-0.968589,1.274817,1.780044,0.124514,0.335090,1.976051,0.075353,0.406068,0.069836,,,,,,
sample,12,drone,,0.299892,0.451190,-0.965454,1.283318,1.828647,0.126400,0.345060,1.913587,0.075561,0.391828,0.069012,,,,,,
sample,13,drone,,0.324883,0.497487,-0.962272,1.292064,1.875689,0.128291,0.354674,1.851123,0.075770,0.377587,0.068290,,,,,,
sample,14,drone,,0.349874,0.544941,-0.959042,1.301045,1.921170,0.130187,0.363933,1.788659,0.075978,0.363347,0.067661,,,,,,
sample,15,drone,,0.374865,0.593511,-0.955765,1.310254,1.965090,0.132088,0.372835,1.726195,0.076187,0.349107,0.067117,,,,,,
sample,16,drone,,0.399857,0.643160,-0.952440,1.319680,2.007448,0.133995,0.381382,1.663731,0.076395,0.334867,0.066650,,,,,,
sample,17,drone,,0.424848,0.693848,-0.949067,1.329316,2.048246,0.135907,0.389573,1.601267,0.076604,0.320627,0.066256,,,,,,
sample,18,drone,,0.449839,0.745536,-0.945647,1.339152,2.087483,0.137824,0.397408,1.538803,0.076812,0.306387,0.065928,,,,,,
sample,19,drone,,0.474830,0.798185,-0.942179,1.349179,2.125159,0.139746,0.404887,1.476339,0.077020,0.292147,0.065663,,,,,,
sample,20,drone,,0.499821,0.851756,-0.938662,1.359389,2.161274,0.141674,0.412010,1.413875,0.077229,0.277907,0.065457,,,,,,
sample,21,drone,,0.524812,0.906210,-0.935098,1.369772,2.195827,0.143606,0.418777,1.351411,0.077437,0.263667,0.065307,,,,,,
sample,22,drone,,0.549803,0.961508,-0.931484,1.380320,2.228820,0.145544,0.425188,1.288947,0.077646,0.249427,0.065208,,,,,,
sample,23,drone,,0.574794,1.017611,-0.927823,1.391024,2.260252,0.147487,0.431244,1.226483,0.077854,0.235186,0.065160,,,,,,
sample,24,drone,,0.599785,1.074480,-0.924113,1.401875,2.290122,0.149435,0.436943,1.164019,0.078062,0.220946,0.065160,,,,,,
sample,25,drone,,0.624776,1.132076,-0.920354,1.412863,2.318432,0.151389,0.442287,1.101555,0.078271,0.206706,0.065205,,,,,,
sample,26,drone,,0.649767,1.190360,-0.916546,1.423981,2.345180,0.153347,0.447275,1.039091,0.078479,0.192466,0.065295,,,,,,
sample,27,drone,,0.674758,1.249293,-0.912689,1.435219,2.370368,0.155311,0.451907,0.976627,0.078688,0.178226,0.065429,,,,,,
sample,28,drone,,0.699749,1.308835,-0.908783,1.446568,2.393994,0.157280,0.456183,0.914163,0.078896,0.163986,0.065604,,,,,,
sample,29,drone,,0.724740,1.368949,-0.904828,1.458020,2.416059,0.159255,0.460103,0.851699,0.079104,0.149746,0.065820,,,,,,
sample,30,drone,,0.749731,1.429595,-0.900823,1.469565,2.436564,0.161234,0.463668,0.789235,0.079313,0.135506,0.066076,,,,,,
sample,31,drone,,0.774722,1.490734,-0.896769,1.481195,2.455507,0.163219,0.466876,0.726771,0.079521,0.121266,0.066373,,,,,,
sample,32,drone,,0.799713,1.552326,-0.892665,1.492901,2.472889,0.165209,0.469729,0.664307,0.079730,0.107026,0.066709,,,,,,
sample,33,drone,,0.824704,1.614334,-0.888512,1.504673,2.488710,0.167204,0.472226,0.601843,0.079938,0.092785,0.067084,,,,,,
sample,34,drone,,0.849695,1.676717,-0.884308,1.516504,2.502971,0.169204,0.474366,0.539379,0.080146,0.078545,0.067499,,,,,,
sample,35,drone,,0.874686,1.739438,-0.880055,1.528383,2.515670,0.171210,0.476151,0.476915,0.080355,0.064305,0.067953,,,,,,
sample,36,drone,,0.899677,1.802456,-0.875751,1.540303,2.526808,0.173221,0.477581,0.414451,0.080563,0.050065,0.068446,,,,,,
sample,37,drone,,0.924668,1.865733,-0.871397,1.552253,2.536385,0.175237,0.478654,0.351987,0.080772,0.035825,0.068979,,,,,,
sample,38,drone,,0.949659,1.929229,-0.866992,1.564227,2.544401,0.177258,0.479371,0.289523,0.080980,0.021585,0.069553,,,,,,
sample,39,drone,,0.974650,1.992907,-0.862537,1.576213,2.550856,0.179284,0.479733,0.227059,0.081189,0.007345,0.070169,,,,,,
sample,40,drone,,0.999641,2.056726,-0.858031,1.588205,2.555750,0.181316,0.479738,0.164595,0.081397,-0.006895,0.070826,,,,,,
sample,41,drone,,1.024632,2.120649,-0.853474,1.600192,2.559083,0.183352,0.479388,0.102131,0.081605,-0.021135,0.071526,,,,,,
sample,42,drone,,1.049623,2.184635,-0.848867,1.612165,2.560854,0.185394,0.478682,0.039667,0.081814,-0.035375,0.072269,,,,,,
sample,43,drone,,1.074614,2.248645,-0.844208,1.624117,2.561065,0.187442,0.477620,-0.022797,0.082022,-0.049615,0.073059,,,,,,
sample,44,drone,,1.099605,2.312642,-0.839498,1.636038,2.559715,0.189494,0.476202,-0.085261,0.082231,-0.063856,0.073895,,,,,,
sample,45,drone,,1.124596,2.376585,-0.834737,1.647919,2.556804,0.191552,0.474428,-0.147725,0.082439,-0.078096,0.074779,,,,,,
sample,46,drone,,1.149588,2.440436,-0.829924,1.659751,2.552331,0.193615,0.472299,-0.210189,0.082647,-0.092336,0.075713,,,,,,
sample,47,drone,,1.174579,2.504156,-0.825059,1.671525,2.546298,0.195683,0.469813,-0.272653,0.082856,-0.106576,0.076699,,,,,,
sample,48,drone,,1.199570,2.567706,-0.820143,1.683233,2.538704,0.197756,0.466972,-0.335117,0.083064,-0.120816,0.077739,,,,,,
sample,49,drone,,1.224561,2.631046,-0.815175,1.694865,2.529548,0.199834,0.463774,-0.397581,0.083273,-0.135056,0.078836,,,,,,
sample,50,drone,,1.249552,2.694138,-0.810155,1.706413,2.518832,0.201918,0.460221,-0.460045,0.083481,-0.149296,0.079992,,,,,,
sample,51,drone,,1.274543,2.756942,-0.805083,1.717868,2.506554,0.204007,0.456312,-0.522509,0.083689,-0.163536,0.081210,,,,,,
sample,52,drone,,1.299534,2.819420,-0.799958,1.729221,2.492716,0.206101,0.452047,-0.584973,0.083898,-0.177776,0.082494,,,,,,
sample,53,drone,,1.324525,2.881533,-0.794782,1.740463,2.477316,0.208200,0.447427,-0.647437,0.084106,-0.192016,0.083846,,,,,,
sample,54,drone,,1.349516,2.943242,-0.789552,1.751584,2.460355,0.210305,0.442450,-0.709901,0.084315,-0.206257,0.085270,,,,,,
sample,55,drone,,1.374507,3.004507,-0.784270,1.762577,2.441834,0.212415,0.437118,-0.772365,0.084523,-0.220497,0.086771,,,,,,
sample,56,drone,,1.399498,3.065290,-0.778935,1.773432,2.421751,0.214529,0.431429,-0.834829,0.084731,-0.234737,0.088354,,,,,,
sample,57,drone,,1.424489,3.125551,-0.773547,1.784141,2.400107,0.216650,0.425385,-0.897293,0.084940,-0.248977,0.090023,,,,,,
sample,58,drone,,1.449480,3.185252,-0.768107,1.794694,2.376902,0.218775,0.418985,-0.959757,0.085148,-0.263217,0.091783,,,,,,
sample,59,drone,,1.474471,3.244353,-0.762613,1.805083,2.352137,0.220905,0.412229,-1.022221,0.085357,-0.277457,0.093642,,,,,,
sample,60,drone,,1.499462,3.302817,-0.757065,1.815298,2.325810,0.223041,0.405117,-1.084685,0.085565,-0.291697,0.095606,,,,,,
sample,61,drone,,1.524453,3.360602,-0.751465,1.825331,2.297922,0.225182,0.397649,-1.147149,0.085773,-0.305937,0.097682,,,,,,
sample,62,drone,,1.549444,3.417671,-0.745810,1.835173,2.268473,0.227328,0.389826,-1.209613,0.085982,-0.320177,0.099879,,,,,,
sample,63,drone,,1.574435,3.473985,-0.740102,1.844815,2.237463,0.229480,0.381646,-1.272077,0.086190,-0.334417,0.102205,,,,,,
sample,64,drone,,1.599426,3.529504,-0.734340,1.854249,2.204892,0.231636,0.373111,-1.334541,0.086399,-0.348658,0.104672,,,,,,
sample,65,drone,,1.624417,3.584190,-0.728525,1.863464,2.170760,0.233798,0.364219,-1.397005,0.086607,-0.362898,0.107290,,,,,,
sample,66,drone,,1.649408,3.638004,-0.722655,1.872453,2.135067,0.235965,0.354972,-1.459469,0.086816,-0.377138,0.110072,,,,,,
sample,67,drone,,1.674399,3.690905,-0.716731,1.881206,2.097812,0.238137,0.345369,-1.521933,0.087024,-0.391378,0.113033,,,,,,
sample,68,drone,,1.699390,3.742857,-0.710752,1.889715,2.058997,0.240315,0.335410,-1.584397,0.087232,-0.405618,0.116189,,,,,,
sample,69,drone,,1.724381,3.793818,-0.704719,1.897971,2.018621,0.242497,0.325096,-1.646861,0.087441,-0.419858,0.119557,,,,,,
sample,70,drone,,1.749372,3.843751,-0.698632,1.905964,1.976684,0.244685,0.314425,-1.709325,0.087649,-0.434098,0.123159,,,,,,
sample,71,drone,,1.774363,3.892617,-0.692489,1.913687,1.933185,0.246878,0.303399,-1.771789,0.087858,-0.448338,0.127018,,,,,,
sample,72,drone,,1.799354,3.940376,-0.686292,1.921129,1.888126,0.249077,0.292016,-1.834253,0.088066,-0.462578,0.131160,,,,,,
sample,73,drone,,1.824345,3.986989,-0.680040,1.928282,1.841506,0.251280,0.280278,-1.896717,0.088274,-0.476818,0.135616,,,,,,
sample,74,drone,,1.849336,4.032418,-0.673733,1.935138,1.793324,0.253489,0.268184,-1.959181,0.088483,-0.491058,0.140421,,,,,,
sample,75,drone,,1.874327,4.076623,-0.667370,1.941687,1.743582,0.255703,0.255734,-2.021645,0.088691,-0.505299,0.145616,,,,,,
sample,76,drone,,1.899318,4.119566,-0.660952,1.947920,1.692278,0.257922,0.242928,-2.084109,0.088900,-0.519539,0.151247,,,,,,
sample,77,drone,,1.924310,4.161207,-0.654479,1.953829,1.639414,0.260146,0.229766,-2.146573,0.089108,-0.533779,0.157370,,,,,,
sample,78,drone,,1.949301,4.201507,-0.647949,1.959404,1.584988,0.262375,0.216249,-2.209037,0.089316,-0.548019,0.164050,,,,,,
sample,79,drone,,1.974292,4.240428,-0.641364,1.964637,1.529001,0.264610,0.202375,-2.271501,0.089525,-0.562259,0.171363,,,,,,
sample,80,drone,,1.999283,4.277930,-0.634724,1.969519,1.471454,0.266850,0.188146,-2.333965,0.089733,-0.576499,0.179402,,,,,,
sample,81,drone,,2.024274,4.313974,-0.628027,1.974041,1.412345,0.269095,0.173561,-2.396429,0.089942,-0.590739,0.188274,,,,,,
sample,82,drone,,2.049265,4.348522,-0.621274,1.978194,1.351675,0.271346,0.158619,-2.458893,0.090150,-0.604979,0.198114,,,,,,
sample,83,drone,,2.074256,4.381534,-0.614464,1.981969,1.289444,0.273601,0.143322,-2.521357,0.090358,-0.619219,0.209084,,,,,,
sample,84,drone,,2.099247,4.412971,-0.607599,1.985358,1.225652,0.275862,0.127670,-2.583821,0.090567,-0.633459,0.221384,,,,,,
sample,85,drone,,2.124238,4.442794,-0.600676,1.988350,1.160300,0.278128,0.111661,-2.248089,0.279727,-0.641603,0.235265,,,,,,
sample,86,drone,,2.149229,4.470965,-0.593697,1.990939,1.113288,0.289843,0.095601,-0.585291,1.088673,-0.625390,0.254695,,,,,,
sample,87,drone,,2.174220,4.498439,-0.586189,1.993129,1.131045,0.332542,0.080403,1.641328,2.136233,-0.588786,0.285955,,,,,,
sample,88,drone,,2.199211,4.527497,-0.577076,1.994957,1.195325,0.396617,0.066172,2.568673,2.539025,-0.560596,0.320376,,,,,,
sample,89,drone,,2.224202,4.558184,-0.566366,1.996436,1.259433,0.459448,0.052383,2.523285,2.470814,-0.543470,0.349803,,,,,,
sample,90,drone,,2.249193,4.590446,-0.554112,1.997576,1.321444,0.520113,0.039008,2.439389,2.384151,-0.526861,0.374972,,,,,,
sample,91,drone,,2.274184,4.624232,-0.540369,1.998386,1.381359,0.578612,0.026049,2.355494,2.297487,-0.510252,0.396669,,,,,,
sample,92,drone,,2.299175,4.659489,-0.525192,1.998878,1.439177,0.634946,0.013505,2.271598,2.210824,-0.493642,0.415501,,,,,,
sample,93,drone,,2.324166,4.696165,-0.508633,1.999061,1.494898,0.689114,0.001376,2.187703,2.124161,-0.477033,0.431945,,,,,,
sample,94,drone,,2.349157,4.734207,-0.490748,1.998946,1.548523,0.741116,-0.010338,2.103808,2.037498,-0.460423,0.446378,,,,,,
sample,95,drone,,2.374148,4.773564,-0.471591,1.998544,1.600051,0.790952,-0.021637,2.019912,1.950834,-0.443814,0.459101,,,,,,
sample,96,drone,,2.399139,4.814181,-0.451215,1.997865,1.649482,0.838623,-0.032521,1.936017,1.864171,-0.427204,0.470358,,,,,,
sample,97,drone,,2.424130,4.856008,-0.429675,1.996919,1.696817,0.884127,-0.042990,1.852122,1.777508,-0.410595,0.480346,,,,,,
sample,98,drone,,2.449121,4.898992,-0.407024,1.995716,1.742055,0.927466,-0.053043,1.768226,1.690844,-0.393986,0.489229,,,,,,
sample,99,drone,,2.474112,4.943080,-0.383318,1.994267,1.785196,0.968639,-0.062682,1.684331,1.604181,-0.377376,0.497141,,,,,,
sample,100,drone,,2.499103,4.988219,-0.358610,1.992583,1.826241,1.007647,-0.071905,1.600435,1.517518,-0.360767,0.504193,,,,,,
sample,101,drone,,2.524094,5.034359,-0.332954,1.990674,1.865189,1.044488,-0.080714,1.516540,1.430855,-0.344157,0.510481,,,,,,
sample,102,drone,,2.549085,5.081445,-0.306404,1.988549,1.902041,1.079164,-0.089107,1.432645,1.344191,-0.327548,0.516082,,,,,,
sample,103,drone,,2.574076,5.129427,-0.279015,1.986220,1.936796,1.111673,-0.097085,1.348749,1.257528,-0.310939,0.521064,,,,,,
sample,104,drone,,2.599067,5.178251,-0.250840,1.983696,1.969454,1.142017,-0.104648,1.264854,1.170865,-0.294329,0.525483,,,,,,
sample,105,drone,,2.624058,5.227864,-0.221935,1.980989,2.000016,1.170196,-0.111796,1.180958,1.084202,-0.277720,0.529386,,,,,,
sample,106,drone,,2.649049,5.278215,-0.192352,1.978109,2.028481,1.196208,-0.118529,1.097063,0.997538,-0.261110,0.532816,,,,,,
sample,107,drone,,2.674041,5.329252,-0.162146,1.975065,2.054849,1.220055,-0.124847,1.013168,0.910875,-0.244501,0.535807,,,,,,
sample,108,drone,,2.699032,5.380921,-0.131371,1.971868,2.079121,1.241736,-0.130750,0.929272,0.824212,-0.227892,0.538388,,,,,,
sample,109,drone,,2.724023,5.433171,-0.100081,1.968530,2.101296,1.261251,-0.136238,0.845377,0.737548,-0.211282,0.540585,,,,,,
sample,110,drone,,2.749014,5.485948,-0.068331,1.965059,2.121375,1.278600,-0.141310,0.761482,0.650885,-0.194673,0.542419,,,,,,
sample,111,drone,,2.774005,5.539201,-0.036174,1.961467,2.139357,1.293783,-0.145968,0.677586,0.564222,-0.178063,0.543907,,,,,,
sample,112,drone,,2.798996,5.592878,-0.003665,1.957763,2.155242,1.306801,-0.150210,0.593691,0.477559,-0.161454,0.545065,,,,,,
sample,113,drone,,2.823987,5.646925,0.029143,1.953959,2.169031,1.317652,-0.154038,0.509795,0.390895,-0.144845,0.545905,,,,,,
sample,114,drone,,2.848978,5.701290,0.062194,1.950064,2.180723,1.326338,-0.157450,0.425900,0.304232,-0.128235,0.546435,,,,,,
sample,115,drone,,2.873969,5.755922,0.095436,1.946089,2.190318,1.332859,-0.160447,0.342005,0.217569,-0.111626,0.546663,,,,,,
sample,116,drone,,2.898960,5.810767,0.128813,1.942045,2.197817,1.337213,-0.163029,0.258109,0.130906,-0.095016,0.546593,,,,,,
sample,117,drone,,2.923951,5.865773,0.162272,1.937941,2.203219,1.339402,-0.165196,0.174214,0.044242,-0.078407,0.546230,,,,,,
sample,118,drone,,2.948942,5.920888,0.195759,1.933788,2.206524,1.339424,-0.166948,0.090319,-0.042421,-0.061798,0.545572,,,,,,
sample,119,drone,,2.973933,5.976060,0.229220,1.929596,2.207733,1.337281,-0.168285,0.006423,-0.129084,-0.045188,0.544619,,,,,,
sample,120,drone,,2.998924,6.031235,0.262599,1.925377,2.206845,1.332972,-0.169207,-0.077472,-0.215748,-0.028579,0.543368,,,,,,
sample,121,drone,,3.023915,6.086363,0.295844,1.921139,2.203861,1.326498,-0.169713,-0.161368,-0.302411,-0.011969,0.541813,,,,,,
sample,122,drone,,3.048906,6.141389,0.328900,1.916894,2.198780,1.317857,-0.169805,-0.245263,-0.389074,0.004640,0.539948,,,,,,
sample,123,drone,,3.073897,6.196262,0.361714,1.912652,2.191602,1.307051,-0.169481,-0.329158,-0.475737,0.021250,0.537761,,,,,,
sample,124,drone,,3.098888,6.250930,0.394230,1.908423,2.182328,1.294079,-0.168743,-0.413054,-0.562401,0.037859,0.535242,,,,,,
sample,125,drone,,3.123879,6.305339,0.426394,1.904218,2.170957,1.278941,-0.167589,-0.496949,-0.649064,0.054468,0.532377,,,,,,
sample,126,drone,,3.148870,6.359439,0.458154,1.900046,2.157489,1.261637,-0.166020,-0.580844,-0.735727,0.071078,0.529147,,,,,,
sample,127,drone,,3.173861,6.413175,0.489454,1.895920,2.141925,1.242168,-0.164037,-0.664740,-0.822390,0.087687,0.525532,,,,,,
sample,128,drone,,3.198852,6.466497,0.520240,1.891848,2.124264,1.220533,-0.161638,-0.748635,-0.909054,0.104297,0.521509,,,,,,
sample,129,drone,,3.223843,6.519350,0.550458,1.887841,2.104507,1.196732,-0.158824,-0.832531,-0.995717,0.120906,0.517050,,,,,,
sample,130,drone,,3.248834,6.571684,0.580055,1.883909,2.082653,1.170765,-0.155595,-0.916426,-1.082380,0.137515,0.512124,,,,,,
sample,131,drone,,3.273825,6.623446,0.608975,1.880064,2.058702,1.142632,-0.151950,-1.000321,-1.169044,0.154125,0.506693,,,,,,
sample,132,drone,,3.298816,6.674582,0.637166,1.876314,2.032655,1.112333,-0.147891,-1.084217,-1.255707,0.170734,0.500716,,,,,,
sample,133,drone,,3.323807,6.725042,0.664572,1.872672,2.004511,1.079869,-0.143417,-1.168112,-1.342370,0.187344,0.494141,,,,,,
sample,134,drone,,3.348798,6.774772,0.691140,1.869146,1.974270,1.045239,-0.138527,-1.252007,-1.429033,0.203953,0.486914,,,,,,
sample,135,drone,,3.373789,6.823720,0.716815,1.865748,1.941933,1.008443,-0.133223,-1.335903,-1.515697,0.220562,0.478967,,,,,,
sample,136,drone,,3.398780,6.871834,0.741544,1.862487,1.907499,0.969481,-0.127503,-1.419798,-1.602360,0.237172,0.470224,,,,,,
sample,137,drone,,3.423772,6.919061,0.765272,1.859375,1.870968,0.928354,-0.121368,-1.503694,-1.689023,0.253781,0.460594,,,,,,
sample,138,drone,,3.448763,6.965349,0.787945,1.856421,1.832341,0.885060,-0.114819,-1.587589,-1.775686,0.270391,0.449973,,,,,,
sample,139,drone,,3.473754,7.010645,0.809509,1.853636,1.791617,0.839601,-0.107854,-1.671484,-1.862350,0.287000,0.438236,,,,,,
sample,140,drone,,3.498745,7.054897,0.829910,1.851030,1.748797,0.791976,-0.100474,-1.755380,-1.949013,0.303609,0.425237,,,,,,
sample,141,drone,,3.523736,7.098053,0.849094,1.848614,1.703880,0.742186,-0.092679,-1.839275,-2.035676,0.320219,0.410803,,,,,,
sample,142,drone,,3.548727,7.140061,0.867006,1.846398,1.656866,0.690229,-0.084469,-1.923171,-2.122340,0.336828,0.394723,,,,,,
sample,143,drone,,3.573718,7.180867,0.883593,1.844392,1.607756,0.636107,-0.075843,-2.007066,-2.209003,0.353438,0.376750,,,,,,
sample,144,drone,,3.598709,7.220420,0.898800,1.842607,1.556549,0.579819,-0.066803,-2.090961,-2.295666,0.370047,0.356579,,,,,,
sample,145,drone,,3.623700,7.258666,0.912573,1.841053,1.503245,0.521365,-0.057348,-2.174857,-2.382329,0.386657,0.333844,,,,,,
sample,146,drone,,3.648691,7.295555,0.924859,1.839741,1.447845,0.460745,-0.047477,-2.258752,-2.468993,0.403266,0.308095,,,,,,
sample,147,drone,,3.673682,7.331033,0.935602,1.838680,1.390348,0.397959,-0.037192,-2.342647,-2.555656,0.419875,0.278776,,,,,,
sample,148,drone,,3.698673,7.365047,0.944750,1.837882,1.330755,0.333008,-0.026491,-2.426543,-2.642319,0.436485,0.245204,,,,,,
sample,149,drone,,3.723664,7.397547,0.952247,1.837356,1.269064,0.265891,-0.015375,-2.510438,-2.728982,0.453094,0.206530,,,,,,
sample,150,drone,,3.748655,7.428478,0.958040,1.837114,1.205278,0.196608,-0.003844,-2.594334,-2.815646,0.469704,0.161698,,,,,,
sample,151,drone,,3.773646,7.457789,0.962074,1.837164,1.139394,0.125159,0.008102,-2.678229,-2.902309,0.486313,0.109408,,,,,,
sample,152,drone,,3.798637,7.485427,0.964295,1.837519,1.071414,0.051544,0.020463,-2.739508,-2.983048,0.502194,0.048072,,,,,,
sample,153,drone,,3.823628,7.511340,0.964650,1.838187,1.002468,-0.023940,0.033202,-1.901257,-2.821620,0.487755,-0.023877,,,,,,
sample,154,drone,,3.848619,7.535533,0.963099,1.839178,0.976385,-0.089486,0.044842,0.246896,-2.285554,0.424690,-0.091395,,,,,,
sample,155,drone,,3.873610,7.560142,0.960177,1.840428,1.014808,-0.138177,0.054429,1.958109,-1.817398,0.366234,-0.135328,,,,,,
sample,156,drone,,3.898601,7.586255,0.956192,1.841899,1.074256,-0.180323,0.063147,2.350766,-1.669927,0.345242,-0.166308,,,,,,
sample,157,drone,,3.923592,7.613836,0.951164,1.843584,1.132305,-0.221643,0.071685,2.294800,-1.636837,0.338069,-0.193301,,,,,,
sample,158,drone,,3.948583,7.642850,0.945114,1.845482,1.188955,-0.262136,0.080044,2.238833,-1.603747,0.330897,-0.217004,,,,,,
sample,159,drone,,3.973574,7.673262,0.938062,1.847585,1.244206,-0.301802,0.088224,2.182866,-1.570657,0.323725,-0.237970,,,,,,
sample,160,drone,,3.998565,7.705038,0.930029,1.849891,1.298059,-0.340641,0.096225,2.126899,-1.537567,0.316552,-0.256636,,,,,,
sample,161,drone,,4.023556,7.738142,0.921036,1.852395,1.350513,-0.378652,0.104046,2.070932,-1.504476,0.309380,-0.273358,,,,,,
sample,162,drone,,4.048547,7.772539,0.911104,1.855092,1.401568,-0.415837,0.111688,2.014965,-1.471386,0.302208,-0.288421,,,,,,
sample,163,drone,,4.073538,7.808195,0.900252,1.857977,1.451225,-0.452195,0.119151,1.958999,-1.438296,0.295035,-0.302061,,,,,,
sample,164,drone,,4.098529,7.845074,0.888502,1.861047,1.499483,-0.487726,0.126435,1.903032,-1.405206,0.287863,-0.314470,,,,,,
sample,165,drone,,4.123520,7.883142,0.875874,1.864297,1.546342,-0.522430,0.133539,1.847065,-1.372116,0.280691,-0.325809,,,,,,
sample,166,drone,,4.148511,7.922364,0.862390,1.867722,1.591803,-0.556308,0.140464,1.791098,-1.339026,0.273518,-0.336214,,,,,,
sample,167,drone,,4.173502,7.962704,0.848069,1.871317,1.635865,-0.589358,0.147210,1.735131,-1.305936,0.266346,-0.345797,,,,,,
sample,168,drone,,4.198494,8.004128,0.832933,1.875079,1.678529,-0.621581,0.153777,1.679164,-1.272846,0.259174,-0.354655,,,,,,
sample,169,drone,,4.223485,8.046600,0.817001,1.879003,1.719793,-0.652977,0.160164,1.623197,-1.239755,0.252001,-0.362870,,,,,,
sample,170,drone,,4.248476,8.090086,0.800295,1.883085,1.759659,-0.683546,0.166372,1.567231,-1.206665,0.244829,-0.370513,,,,,,
sample,171,drone,,4.273467,8.134552,0.782836,1.887319,1.798127,-0.713289,0.172401,1.511264,-1.173575,0.237657,-0.377645,,,,,,
sample,172,drone,,4.298458,8.179961,0.764644,1.891702,1.835195,-0.742204,0.178251,1.455297,-1.140485,0.230484,-0.384318,,,,,,
sample,173,drone,,4.323449,8.226278,0.745739,1.896228,1.870865,-0.770293,0.183921,1.399330,-1.107395,0.223312,-0.390578,,,,,,
sample,174,drone,,4.348440,8.273470,0.726143,1.900894,1.905137,-0.797554,0.189412,1.343363,-1.074305,0.216139,-0.396466,,,,,,
sample,175,drone,,4.373431,8.321501,0.705876,1.905696,1.938010,-0.823989,0.194724,1.287396,-1.041215,0.208967,-0.402017,,,,,,
sample,176,drone,,4.398422,8.370336,0.684958,1.910627,1.969484,-0.849596,0.199857,1.231430,-1.008124,0.201795,-0.407262,,,,,,
sample,177,drone,,4.423413,8.419940,0.663411,1.915685,1.999559,-0.874377,0.204810,1.175463,-0.975034,0.194622,-0.412230,,,,,,
sample,178,drone,,4.448404,8.470278,0.641255,1.920864,2.028236,-0.898330,0.209584,1.119496,-0.941944,0.187450,-0.416944,,,,,,
sample,179,drone,,4.473395,8.521315,0.618511,1.926160,2.055514,-0.921457,0.214179,1.063529,-0.908854,0.180278,-0.421427,,,,,,
sample,180,drone,,4.498386,8.573017,0.595199,1.931569,2.081393,-0.943757,0.218595,1.007562,-0.875764,0.173105,-0.425699,,,,,,
sample,181,drone,,4.523377,8.625348,0.571340,1.937086,2.105874,-0.965230,0.222832,0.951595,-0.842674,0.165933,-0.429777,,,,,,
sample,182,drone,,4.548368,8.678273,0.546955,1.942707,2.128956,-0.985875,0.226889,0.895628,-0.809584,0.158761,-0.433677,,,,,,
sample,183,drone,,4.573359,8.731757,0.522064,1.948426,2.150639,-1.005694,0.230767,0.839662,-0.776494,0.151588,-0.437414,,,,,,
sample,184,drone,,4.598350,8.785766,0.496688,1.954241,2.170924,-1.024686,0.234466,0.783695,-0.743403,0.144416,-0.441002,,,,,,
sample,185,drone,,4.623341,8.840265,0.470848,1.960146,2.189810,-1.042851,0.237985,0.727728,-0.710313,0.137244,-0.444451,,,,,,
sample,186,drone,,4.648332,8.895217,0.444564,1.966136,2.207297,-1.060189,0.241325,0.671761,-0.677223,0.130071,-0.447773,,,,,,
sample,187,drone,,4.673323,8.950590,0.417857,1.972207,2.223386,-1.076700,0.244486,0.615794,-0.644133,0.122899,-0.450978,,,,,,
sample,188,drone,,4.698314,9.006347,0.390748,1.978356,2.238076,-1.092384,0.247468,0.559827,-0.611043,0.115727,-0.454075,,,,,,
sample,189,drone,,4.723305,9.062453,0.363258,1.984576,2.251367,-1.107241,0.250270,0.503860,-0.577953,0.108554,-0.457073,,,,,,
sample,190,drone,,4.748296,9.118875,0.335406,1.990865,2.263260,-1.121271,0.252894,0.447894,-0.544863,0.101382,-0.459979,,,,,,
sample,191,drone,,4.773287,9.175576,0.307214,1.997217,2.273754,-1.134475,0.255338,0.391927,-0.511772,0.094210,-0.462802,,,,,,
sample,192,drone,,4.798278,9.232522,0.278703,2.003627,2.282849,-1.146851,0.257603,0.335960,-0.478682,0.087037,-0.465547,,,,,,
sample,193,drone,,4.823269,9.289677,0.249892,2.010092,2.290546,-1.158400,0.259688,0.279993,-0.445592,0.079865,-0.468222,,,,,,
sample,194,drone,,4.848260,9.347008,0.220804,2.016607,2.296844,-1.169122,0.261594,0.224026,-0.412502,0.072693,-0.470832,,,,,,
sample,195,drone,,4.873251,9.404478,0.191457,2.023167,2.301743,-1.179018,0.263321,0.168059,-0.379412,0.065520,-0.473382,,,,,,
sample,196,drone,,4.898242,9.462054,0.161874,2.029768,2.305244,-1.188086,0.264869,0.112093,-0.346322,0.058348,-0.475879,,,,,,
sample,197,drone,,4.923233,9.519699,0.132074,2.036406,2.307346,-1.196328,0.266238,0.056126,-0.313232,0.051176,-0.478327,,,,,,
sample,198,drone,,4.948225,9.577380,0.102079,2.043075,2.308049,-1.203742,0.267427,0.000159,-0.280141,0.044003,-0.480732,,,,,,
sample,199,drone,,4.973216,9.635060,0.071909,2.049772,2.307353,-1.210330,0.268437,-0.055808,-0.247051,0.036831,-0.483097,,,,,,
sample,200,drone,,4.998207,9.692706,0.041584,2.056492,2.305259,-1.216090,0.269268,-0.111775,-0.213961,0.029658,-0.485427,,,,,,
sample,201,drone,,5.023198,9.750282,0.011126,2.063231,2.301767,-1.221024,0.269919,-0.167742,-0.180871,0.022486,-0.487727,,,,,,
sample,202,drone,,5.048189,9.807753,-0.019445,2.069984,2.296875,-1.225131,0.270392,-0.223709,-0.147781,0.015314,-0.490002,,,,,,
sample,203,drone,,5.073180,9.865084,-0.050109,2.076746,2.290585,-1.228410,0.270685,-0.279675,-0.114691,0.008141,-0.492254,,,,,,
sample,204,drone,,5.098171,9.922241,-0.080844,2.083513,2.282897,-1.230863,0.270799,-0.335642,-0.081601,0.000969,-0.494488,,,,,,
sample,205,drone,,5.123162,9.979188,-0.111630,2.090281,2.273809,-1.232489,0.270733,-0.391609,-0.048511,-0.006203,-0.496709,,,,,,
sample,206,drone,,5.148153,10.035891,-0.142446,2.097045,2.263323,-1.233288,0.270489,-0.447576,-0.015420,-0.013376,-0.498920,,,,,,
sample,207,drone,,5.173144,10.092314,-0.173272,2.103800,2.251438,-1.233260,0.270065,-0.503543,0.017670,-0.020548,-0.501126,,,,,,
sample,208,drone,,5.198135,10.148422,-0.204087,2.110543,2.238155,-1.232405,0.269462,-0.559510,0.050760,-0.027720,-0.503330,,,,,,
sample,209,drone,,5.223126,10.204181,-0.234870,2.117269,2.223473,-1.230723,0.268679,-0.615476,0.083850,-0.034893,-0.505537,,,,,,
sample,210,drone,,5.248117,10.259556,-0.265601,2.123972,2.207392,-1.228214,0.267718,-0.671443,0.116940,-0.042065,-0.507751,,,,,,
sample,211,drone,,5.273108,10.314512,-0.296259,2.130650,2.189913,-1.224878,0.266577,-0.727410,0.150030,-0.049237,-0.509976,,,,,,
sample,212,drone,,5.298099,10.369013,-0.326823,2.137296,2.171035,-1.220715,0.265257,-0.783377,0.183120,-0.056410,-0.512217,,,,,,
sample,213,drone,,5.323090,10.423024,-0.357273,2.143908,2.150758,-1.215725,0.263757,-0.839344,0.216211,-0.063582,-0.514479,,,,,,
sample,214,drone,,5.348081,10.476512,-0.387587,2.150479,2.129083,-1.209908,0.262079,-0.895311,0.249301,-0.070754,-0.516767,,,,,,
sample,215,drone,,5.373072,10.529440,-0.417746,2.157007,2.106009,-1.203264,0.260221,-0.951278,0.282391,-0.077927,-0.519086,,,,,,
sample,216,drone,,5.398063,10.581775,-0.447729,2.163486,2.081536,-1.195794,0.258184,-1.007244,0.315481,-0.085099,-0.521441,,,,,,
sample,217,drone,,5.423054,10.633480,-0.477515,2.169912,2.055664,-1.187496,0.255967,-1.063211,0.348571,-0.092271,-0.523839,,,,,,
sample,218,drone,,5.448045,10.684521,-0.507082,2.176280,2.028394,-1.178371,0.253572,-1.119178,0.381661,-0.099444,-0.526285,,,,,,
sample,219,drone,,5.473036,10.734863,-0.536412,2.182586,1.999726,-1.168420,0.250997,-1.175145,0.414751,-0.106616,-0.528788,,,,,,
sample,220,drone,,5.498027,10.784471,-0.565482,2.188825,1.969658,-1.157641,0.248243,-1.231112,0.447841,-0.113788,-0.531354,,,,,,
sample,221,drone,,5.523018,10.833311,-0.594273,2.194993,1.938192,-1.146036,0.245310,-1.287079,0.480932,-0.120961,-0.533991,,,,,,
sample,222,drone,,5.548009,10.881346,-0.622764,2.201086,1.905327,-1.133603,0.242197,-1.343046,0.514022,-0.128133,-0.536709,,,,,,
sample,223,drone,,5.573000,10.928543,-0.650933,2.207099,1.871064,-1.120344,0.238905,-1.399012,0.547112,-0.135305,-0.539517,,,,,,
sample,224,drone,,5.597991,10.974866,-0.678761,2.213027,1.835402,-1.106258,0.235434,-1.454979,0.580202,-0.142478,-0.542427,,,,,,
sample,225,drone,,5.622982,11.020280,-0.706226,2.218866,1.798341,-1.091344,0.231784,-1.510946,0.613292,-0.149650,-0.545450,,,,,,
sample,226,drone,,5.647973,11.064751,-0.733308,2.224612,1.759882,-1.075604,0.227954,-1.566913,0.646382,-0.156822,-0.548599,,,,,,
sample,227,drone,,5.672964,11.108243,-0.759987,2.230260,1.720024,-1.059037,0.223946,-1.622880,0.679472,-0.163995,-0.551891,,,,,,
sample,228,drone,,5.697955,11.150721,-0.786241,2.235805,1.678767,-1.041642,0.219758,-1.678847,0.712563,-0.171167,-0.555343,,,,,,
sample,229,drone,,5.722947,11.192151,-0.812050,2.241244,1.636111,-1.023421,0.215390,-1.734813,0.745653,-0.178340,-0.558974,,,,,,
sample,230,drone,,5.747938,11.232497,-0.837394,2.246571,1.592057,-1.004373,0.210844,-1.790780,0.778743,-0.185512,-0.562806,,,,,,
sample,231,drone,,5.772929,11.271725,-0.862251,2.251782,1.546604,-0.984498,0.206118,-1.846747,0.811833,-0.192684,-0.566865,,,,,,
sample,232,drone,,5.797920,11.309800,-0.886601,2.256873,1.499753,-0.963796,0.201213,-1.902714,0.844923,-0.199857,-0.571181,,,,,,
sample,233,drone,,5.822911,11.346686,-0.910424,2.261839,1.451503,-0.942267,0.196129,-1.958681,0.878013,-0.207029,-0.575789,,,,,,
sample,234,drone,,5.847902,11.382349,-0.933698,2.266676,1.401854,-0.919911,0.190865,-2.014648,0.911103,-0.214201,-0.580729,,,,,,
sample,235,drone,,5.872893,11.416753,-0.956403,2.271379,1.350807,-0.896728,0.185423,-2.070615,0.944193,-0.221374,-0.586048,,,,,,
sample,236,drone,,5.897884,11.449865,-0.978518,2.275944,1.298360,-0.872718,0.179801,-2.126581,0.977284,-0.228546,-0.591803,,,,,,
sample,237,drone,,5.922875,11.481648,-1.000023,2.280366,1.244516,-0.847882,0.173999,-2.182548,1.010374,-0.235718,-0.598061,,,,,,
sample,238,drone,,5.947866,11.512068,-1.020897,2.284641,1.189272,-0.822218,0.168019,-2.238515,1.043464,-0.242891,-0.604905,,,,,,
sample,239,drone,,5.972857,11.541090,-1.041119,2.288764,1.132630,-0.795727,0.161859,-2.294482,1.076554,-0.250063,-0.612434,,,,,,
sample,240,drone,,5.997848,11.568680,-1.060669,2.292731,1.074589,-0.768409,0.155520,-2.350449,1.109644,-0.257235,-0.620770,,,,,,
sample,241,drone,,6.022839,11.594801,-1.079526,2.296537,1.015150,-0.740265,0.149002,-2.406416,1.142734,-0.264408,-0.630067,,,,,,
sample,242,drone,,6.047830,11.619419,-1.097669,2.300178,0.954312,-0.711293,0.142305,-2.462382,1.175824,-0.271580,-0.640517,,,,,,
sample,243,drone,,6.072821,11.642499,-1.115078,2.303650,0.892075,-0.681495,0.135428,-2.518349,1.208915,-0.278752,-0.652365,,,,,,
sample,244,drone,,6.097812,11.664007,-1.131731,2.306947,0.828439,-0.650869,0.128372,-2.574316,1.242005,-0.285925,-0.665934,,,,,,
sample,245,drone,,6.122803,11.683906,-1.147610,2.310066,0.763405,-0.619417,0.121137,-2.630283,1.275095,-0.293097,-0.681646,,,,,,
sample,246,drone,,6.147794,11.702163,-1.162691,2.313002,0.696972,-0.587137,0.113722,-2.686250,1.308185,-0.300269,-0.700072,,,,,,
sample,247,drone,,6.172785,11.718742,-1.176956,2.315750,0.629141,-0.554031,0.106129,-2.742217,1.341275,-0.307442,-0.722001,,,,,,
sample,248,drone,,6.197776,11.733609,-1.190383,2.318306,0.559911,-0.520098,0.098356,-2.798184,1.374365,-0.314614,-0.748551,,,,,,
sample,249,drone,,6.222767,11.746728,-1.202951,2.320666,0.489282,-0.485337,0.090404,-2.854150,1.407455,-0.321786,-0.781351,,,,,,
sample,250,drone,,6.247758,11.758064,-1.214641,2.322825,0.417254,-0.449750,0.082272,-2.910117,1.440546,-0.328959,-0.822861,,,,,,
sample,251,drone,,6.272749,11.767583,-1.225431,2.324778,0.343828,-0.413336,0.073962,-2.966084,1.473636,-0.336131,-0.876942,,,,,,
sample,252,drone,,6.297740,11.775249,-1.235300,2.326522,0.269003,-0.376095,0.065472,-3.022051,1.506726,-0.343303,-0.949906,,,,,,
sample,253,drone,,6.322731,11.781028,-1.244229,2.328051,0.192780,-0.338027,0.056803,-3.078018,1.539816,-0.350476,-1.052494,,,,,,
sample,254,drone,,6.347722,11.784885,-1.252196,2.329361,0.115158,-0.299132,0.047954,-3.133985,1.572906,-0.357648,-1.203311,,,,,,
sample,255,drone,,6.372713,11.786784,-1.259180,2.330448,0.036137,-0.259410,0.038927,-3.189981,1.599577,-0.363796,-1.432383,,,,,,
sample,256,drone,,6.397704,11.786691,-1.265161,2.331307,-0.044284,-0.219181,0.029771,-3.240467,1.394812,-0.332778,-1.770156,,,,,,
sample,257,drone,,6.422695,11.784571,-1.270135,2.331936,-0.125828,-0.189694,0.022294,-3.261240,0.853347,-0.246977,-2.156481,,,,,,
sample,258,drone,,6.447686,11.780402,-1.274643,2.332421,-0.207288,-0.176529,0.017427,-3.235737,0.416265,-0.176337,-2.436162,,,,,,
sample,259,drone,,6.472678,11.774210,-1.278959,2.332807,-0.287557,-0.168888,0.013480,-3.184631,0.304399,-0.156828,-2.610549,,,,,,
sample,260,drone,,6.497669,11.766029,-1.283084,2.333095,-0.366462,-0.161315,0.009588,-3.130026,0.301686,-0.154647,-2.726922,,,,,,
sample,261,drone,,6.522660,11.755894,-1.287021,2.333286,-0.444002,-0.153809,0.005750,-3.075421,0.298972,-0.152466,-2.808115,,,,,,
sample,262,drone,,6.547651,11.743837,-1.290772,2.333382,-0.520178,-0.146372,0.001967,-3.020816,0.296259,-0.150285,-2.867298,,,,,,
sample,263,drone,,6.572642,11.729894,-1.294337,2.333384,-0.594989,-0.139002,-0.001761,-2.966210,0.293545,-0.148103,-2.912088,,,,,,
sample,264,drone,,6.597633,11.714098,-1.297719,2.333294,-0.668435,-0.131700,-0.005435,-2.911605,0.290831,-0.145922,-2.947058,,,,,,
sample,265,drone,,6.622624,11.696484,-1.300920,2.333113,-0.740517,-0.124465,-0.009055,-2.857000,0.288118,-0.143741,-2.975070,,,,,,
sample,266,drone,,6.647615,11.677086,-1.303940,2.332841,-0.811234,-0.117299,-0.012620,-2.802395,0.285404,-0.141560,-2.997995,,,,,,
sample,267,drone,,6.672606,11.655937,-1.306783,2.332482,-0.880587,-0.110200,-0.016130,-2.747789,0.282691,-0.139379,-3.017096,,,,,,
sample,268,drone,,6.697597,11.633072,-1.309449,2.332035,-0.948574,-0.103169,-0.019586,-2.693184,0.279977,-0.137197,-3.033256,,,,,,
sample,269,drone,,6.722588,11.608525,-1.311939,2.331503,-1.015197,-0.096206,-0.022987,-2.638579,0.277264,-0.135016,-3.047109,,,,,,
sample,270,drone,,6.747579,11.582331,-1.314257,2.330886,-1.080456,-0.089311,-0.026334,-2.583974,0.274550,-0.132835,-3.059119,,,,,,
sample,271,drone,,6.772570,11.554522,-1.316403,2.330187,-1.144350,-0.082484,-0.029627,-2.529369,0.271836,-0.130654,-3.069638,,,,,,
sample,272,drone,,6.797561,11.525134,-1.318380,2.329405,-1.206879,-0.075724,-0.032865,-2.474763,0.269123,-0.128473,-3.078931,,,,,,
sample,273,drone,,6.822552,11.494200,-1.320188,2.328544,-1.268044,-0.069033,-0.036048,-2.420158,0.266409,-0.126291,-3.087206,,,,,,
sample,274,drone,,6.847543,11.461754,-1.321830,2.327604,-1.327844,-0.062409,-0.039177,-2.365553,0.263696,-0.124110,-3.094627,,,,,,
sample,275,drone,,6.872534,11.427831,-1.323308,2.326586,-1.386279,-0.055853,-0.042251,-2.310948,0.260982,-0.121929,-3.101325,,,,,,
sample,276,drone,,6.897525,11.392465,-1.324622,2.325492,-1.443349,-0.049364,-0.045271,-2.256342,0.258268,-0.119748,-3.107405,,,,,,
sample,277,drone,,6.922516,11.355690,-1.325775,2.324323,-1.499055,-0.042944,-0.048237,-2.201737,0.255555,-0.117566,-3.112953,,,,,,
sample,278,drone,,6.947507,11.317539,-1.326768,2.323081,-1.553397,-0.036591,-0.051147,-2.147132,0.252841,-0.115385,-3.118041,,,,,,
sample,279,drone,,6.972498,11.278048,-1.327604,2.321767,-1.606374,-0.030306,-0.054004,-2.092527,0.250128,-0.113204,-3.122729,,,,,,
sample,280,drone,,6.997489,11.237249,-1.328283,2.320382,-1.657986,-0.024089,-0.056806,-2.037922,0.247414,-0.111023,-3.127065,,,,,,
sample,281,drone,,7.022480,11.195178,-1.328808,2.318927,-1.708233,-0.017940,-0.059553,-1.983316,0.244700,-0.108842,-3.131091,,,,,,
sample,282,drone,,7.047471,11.151868,-1.329180,2.317405,-1.757116,-0.011859,-0.062246,-1.928711,0.241987,-0.106660,-3.134844,,,,,,
sample,283,drone,,7.072462,11.107354,-1.329401,2.315816,-1.804634,-0.005845,-0.064884,-1.874106,0.239273,-0.104479,-3.138354,,,,,,
sample,284,drone,,7.097453,11.061669,-1.329472,2.314162,-1.850788,0.000101,-0.067468,-1.819501,0.236560,-0.102298,3.141538,,,,,,
sample,285,drone,,7.122444,11.014848,-1.329395,2.312444,-1.895576,0.005979,-0.069997,-1.764895,0.233846,-0.100117,3.138439,,,,,,
sample,286,drone,,7.147435,10.966924,-1.329173,2.310663,-1.939001,0.011789,-0.072472,-1.710290,0.231133,-0.097936,3.135513,,,,,,
sample,287,drone,,7.172426,10.917932,-1.328806,2.308822,-1.981060,0.017531,-0.074892,-1.655685,0.228419,-0.095754,3.132743,,,,,,
sample,288,drone,,7.197417,10.867907,-1.328297,2.306920,-2.021755,0.023206,-0.077258,-1.601080,0.225705,-0.093573,3.130115,,,,,,
sample,289,drone,,7.222408,10.816881,-1.327646,2.304960,-2.061086,0.028813,-0.079569,-1.546475,0.222992,-0.091392,3.127614,,,,,,
sample,290,drone,,7.247400,10.764889,-1.326857,2.302943,-2.099051,0.034351,-0.081826,-1.491869,0.220278,-0.089211,3.125229,,,,,,
sample,291,drone,,7.272391,10.711966,-1.325929,2.300870,-2.135652,0.039822,-0.084028,-1.437264,0.217565,-0.087029,3.122948,,,,,,
sample,292,drone,,7.297382,10.658145,-1.324866,2.298743,-2.170889,0.045226,-0.086176,-1.382659,0.214851,-0.084848,3.120763,,,,,,
sample,293,drone,,7.322373,10.603460,-1.323669,2.296563,-2.204760,0.050561,-0.088269,-1.328054,0.212137,-0.082667,3.118664,,,,,,
sample,294,drone,,7.347364,10.547947,-1.322339,2.294331,-2.237268,0.055829,-0.090308,-1.273449,0.209424,-0.080486,3.116644,,,,,,
sample,295,drone,,7.372355,10.491637,-1.320878,2.292049,-2.268410,0.061029,-0.092292,-1.218843,0.206710,-0.078305,3.114695,,,,,,
sample,296,drone,,7.397346,10.434567,-1.319289,2.289718,-2.298188,0.066161,-0.094221,-1.164238,0.203997,-0.076123,3.112812,,,,,,
sample,297,drone,,7.422337,10.376769,-1.317572,2.287340,-2.326601,0.071225,-0.096097,-1.109633,0.201283,-0.073942,3.110989,,,,,,
sample,298,drone,,7.447328,10.318278,-1.315729,2.284915,-2.353650,0.076221,-0.097917,-1.055028,0.198569,-0.071761,3.109220,,,,,,
sample,299,drone,,7.472319,10.259129,-1.313762,2.282446,-2.379334,0.081150,-0.099683,-1.000422,0.195856,-0.069580,3.107500,,,,,,
sample,300,drone,,7.497310,10.199354,-1.311673,2.279933,-2.403653,0.086010,-0.101395,-0.945817,0.193142,-0.067399,3.105825,,,,,,
sample,301,drone,,7.522301,10.138989,-1.309463,2.277378,-2.426607,0.090803,-0.103052,-0.891212,0.190429,-0.065217,3.104190,,,,,,
sample,302,drone,,7.547292,10.078068,-1.307134,2.274782,-2.448197,0.095528,-0.104655,-0.836607,0.187715,-0.063036,3.102593,,,,,,
sample,303,drone,,7.572283,10.016623,-1.304688,2.272147,-2.468423,0.100186,-0.106203,-0.782002,0.185001,-0.060855,3.101028,,,,,,
sample,304,drone,,7.597274,9.954691,-1.302127,2.269474,-2.487283,0.104775,-0.107696,-0.727396,0.182288,-0.058674,3.099493,,,,,,
sample,305,drone,,7.622265,9.892304,-1.299451,2.266764,-2.504780,0.109297,-0.109135,-0.672791,0.179574,-0.056492,3.097985,,,,,,
sample,306,drone,,7.647256,9.829497,-1.296664,2.264019,-2.520911,0.113751,-0.110520,-0.618186,0.176861,-0.054311,3.096500,,,,,,
sample,307,drone,,7.672247,9.766303,-1.293766,2.261240,-2.535678,0.118137,-0.111850,-0.563581,0.174147,-0.052130,3.095037,,,,,,
sample,308,drone,,7.697238,9.702758,-1.290759,2.258429,-2.549080,0.122455,-0.113125,-0.508975,0.171434,-0.049949,3.093591,,,,,,
sample,309,drone,,7.722229,9.638895,-1.287645,2.255586,-2.561117,0.126705,-0.114347,-0.454370,0.168720,-0.047768,3.092160,,,,,,
sample,310,drone,,7.747220,9.574748,-1.284426,2.252713,-2.571790,0.130888,-0.115513,-0.399765,0.166006,-0.045586,3.090743,,,,,,
sample,311,drone,,7.772211,9.510352,-1.281103,2.249812,-2.581098,0.135003,-0.116625,-0.345160,0.163293,-0.043405,3.089336,,,,,,
sample,312,drone,,7.797202,9.445740,-1.277678,2.246884,-2.589042,0.139050,-0.117682,-0.290555,0.160579,-0.041224,3.087937,,,,,,
sample,313,drone,,7.822193,9.380946,-1.274153,2.243930,-2.595621,0.143029,-0.118685,-0.235949,0.157866,-0.039043,3.086544,,,,,,
sample,314,drone,,7.847184,9.316005,-1.270530,2.240952,-2.600835,0.146940,-0.119634,-0.181344,0.155152,-0.036862,3.085155,,,,,,
sample,315,drone,,7.872175,9.250951,-1.266809,2.237951,-2.604685,0.150784,-0.120528,-0.126739,0.152438,-0.034680,3.083768,,,,,,
sample,316,drone,,7.897166,9.185818,-1.262993,2.234928,-2.607170,0.154559,-0.121367,-0.072134,0.149725,-0.032499,3.082380,,,,,,
sample,317,drone,,7.922157,9.120639,-1.259084,2.231885,-2.608290,0.158267,-0.122152,-0.017528,0.147011,-0.030318,3.080988,,,,,,
sample,318,drone,,7.947148,9.055450,-1.255083,2.228822,-2.608046,0.161907,-0.122883,0.037077,0.144298,-0.028137,3.079592,,,,,,
sample,319,drone,,7.972139,8.990284,-1.250991,2.225743,-2.606437,0.165479,-0.123559,0.091682,0.141584,-0.025955,3.078189,,,,,,
sample,320,drone,,7.997131,8.925175,-1.246812,2.222647,-2.603464,0.168984,-0.124180,0.146287,0.138870,-0.023774,3.076776,,,,,,
sample,321,drone,,8.022122,8.860157,-1.242545,2.219536,-2.599125,0.172420,-0.124747,0.200892,0.136157,-0.021593,3.075352,,,,,,
sample,322,drone,,8.047113,8.795265,-1.238194,2.216412,-2.593423,0.175789,-0.125259,0.255498,0.133443,-0.019412,3.073913,,,,,,
sample,323,drone,,8.072104,8.730533,-1.233759,2.213275,-2.586355,0.179090,-0.125717,0.310103,0.130730,-0.017231,3.072459,,,,,,
sample,324,drone,,8.097095,8.665994,-1.229242,2.210128,-2.577923,0.182323,-0.126120,0.364708,0.128016,-0.015049,3.070985,,,,,,
sample,325,drone,,8.122086,8.601683,-1.224646,2.206971,-2.568126,0.185489,-0.126469,0.419313,0.125303,-0.012868,3.069491,,,,,,
sample,326,drone,,8.147077,8.537633,-1.219971,2.203807,-2.556965,0.188586,-0.126764,0.473919,0.122589,-0.010687,3.067972,,,,,,
sample,327,drone,,8.172068,8.473880,-1.215220,2.200636,-2.544439,0.191616,-0.127003,0.528524,0.119875,-0.008506,3.066427,,,,,,
sample,328,drone,,8.197059,8.410457,-1.210394,2.197459,-2.530548,0.194578,-0.127189,0.583129,0.117162,-0.006325,3.064852,,,,,,
sample,329,drone,,8.222050,8.347398,-1.205495,2.194278,-2.515293,0.197472,-0.127320,0.637734,0.114448,-0.004143,3.063245,,,,,,
sample,330,drone,,8.247041,8.284738,-1.200524,2.191095,-2.498673,0.200298,-0.127396,0.692339,0.111735,-0.001962,3.061602,,,,,,
sample,331,drone,,8.272032,8.222509,-1.195483,2.187911,-2.480688,0.203057,-0.127418,0.746945,0.109021,0.000219,3.059920,,,,,,
sample,332,drone,,8.297023,8.160748,-1.190375,2.184727,-2.461339,0.205747,-0.127385,0.801550,0.106307,0.002400,3.058195,,,,,,
sample,333,drone,,8.322014,8.099487,-1.185200,2.181544,-2.440625,0.208370,-0.127298,0.856155,0.103594,0.004581,3.056423,,,,,,
sample,334,drone,,8.347005,8.038760,-1.179960,2.178364,-2.418547,0.210925,-0.127156,0.910760,0.100880,0.006763,3.054601,,,,,,
sample,335,drone,,8.371996,7.978603,-1.174657,2.175188,-2.395103,0.213412,-0.126960,0.965366,0.098167,0.008944,3.052724,,,,,,
sample,336,drone,,8.396987,7.919048,-1.169293,2.172018,-2.370296,0.215832,-0.126709,1.019971,0.095453,0.011125,3.050786,,,,,,
sample,337,drone,,8.421978,7.860130,-1.163869,2.168855,-2.344123,0.218183,-0.126404,1.074576,0.092739,0.013306,3.048783,,,,,,
sample,338,drone,,8.446969,7.801884,-1.158388,2.165700,-2.316586,0.220467,-0.126044,1.129181,0.090026,0.015488,3.046709,,,,,,
sample,339,drone,,8.471960,7.744343,-1.152850,2.162555,-2.287684,0.222683,-0.125630,1.183786,0.087312,0.017669,3.044558,,,,,,
sample,340,drone,,8.496951,7.687541,-1.147258,2.159421,-2.257418,0.224831,-0.125161,1.238392,0.084599,0.019850,3.042323,,,,,,
sample,341,drone,,8.521942,7.631512,-1.141613,2.156300,-2.225787,0.226911,-0.124637,1.292997,0.081885,0.022031,3.039997,,,,,,
sample,342,drone,,8.546933,7.576291,-1.135916,2.153192,-2.192791,0.228924,-0.124060,1.347602,0.079172,0.024212,3.037571,,,,,,
sample,343,drone,,8.571924,7.521912,-1.130170,2.150099,-2.158431,0.230869,-0.123427,1.402207,0.076458,0.026394,3.035037,,,,,,
sample,344,drone,,8.596915,7.468408,-1.124377,2.147022,-2.122706,0.232745,-0.122740,1.456813,0.073744,0.028575,3.032383,,,,,,
sample,345,drone,,8.621906,7.415815,-1.118537,2.143964,-2.085617,0.234554,-0.121999,1.511418,0.071031,0.030756,3.029600,,,,,,
sample,346,drone,,8.646897,7.364165,-1.112653,2.140925,-2.047162,0.236296,-0.121203,1.566023,0.068317,0.032937,3.026675,,,,,,
sample,347,drone,,8.671888,7.313493,-1.106727,2.137906,-2.007344,0.237969,-0.120353,1.620628,0.065604,0.035118,3.023594,,,,,,
sample,348,drone,,8.696879,7.263834,-1.100759,2.134909,-1.966160,0.239575,-0.119448,1.675233,0.062890,0.037300,3.020341,,,,,,
sample,349,drone,,8.721870,7.215221,-1.094752,2.131936,-1.923612,0.241112,-0.118488,1.729839,0.060176,0.039481,3.016899,,,,,,
sample,350,drone,,8.746862,7.167688,-1.088708,2.128987,-1.879699,0.242582,-0.117474,1.784444,0.057463,0.041662,3.013248,,,,,,
sample,351,drone,,8.771853,7.121269,-1.082628,2.126064,-1.834422,0.243985,-0.116406,1.839049,0.054749,0.043843,3.009365,,,,,,
sample,352,drone,,8.796844,7.076000,-1.076513,2.123169,-1.787780,0.245319,-0.115283,1.893654,0.052036,0.046025,3.005224,,,,,,
sample,353,drone,,8.821835,7.031912,-1.070366,2.120302,-1.739773,0.246585,-0.114106,1.948260,0.049322,0.048206,3.000796,,,,,,
sample,354,drone,,8.846826,6.989042,-1.064188,2.117465,-1.690402,0.247784,-0.112874,2.002865,0.046608,0.050387,2.996046,,,,,,
sample,355,drone,,8.871817,6.947423,-1.057981,2.114660,-1.639666,0.248915,-0.111587,2.057470,0.043895,0.052568,2.990935,,,,,,
sample,356,drone,,8.896808,6.907088,-1.051747,2.111888,-1.587565,0.249978,-0.110246,2.112075,0.041181,0.054749,2.985415,,,,,,
sample,357,drone,,8.921799,6.868073,-1.045487,2.109150,-1.534100,0.250973,-0.108851,2.166680,0.038468,0.056931,2.979433,,,,,,
sample,358,drone,,8.946790,6.830411,-1.039203,2.106448,-1.479270,0.251901,-0.107401,2.221286,0.035754,0.059112,2.972923,,,,,,
sample,359,drone,,8.971781,6.794136,-1.032896,2.103782,-1.423075,0.252760,-0.105896,2.275891,0.033040,0.061293,2.965810,,,,,,
sample,360,drone,,8.996772,6.759282,-1.026569,2.101155,-1.365516,0.253552,-0.104337,2.330496,0.030327,0.063474,2.958001,,,,,,
sample,361,drone,,9.021763,6.725885,-1.020223,2.098567,-1.306592,0.254276,-0.102724,2.385101,0.027613,0.065655,2.949385,,,,,,
sample,362,drone,,9.046754,6.693976,-1.013860,2.096020,-1.246304,0.254932,-0.101056,2.439706,0.024900,0.067837,2.939825,,,,,,
sample,363,drone,,9.071745,6.663592,-1.007481,2.093516,-1.184651,0.255521,-0.099333,2.494312,0.022186,0.070018,2.929154,,,,,,
sample,364,drone,,9.096736,6.634765,-1.001089,2.091055,-1.121633,0.256041,-0.097556,2.548917,0.019473,0.072199,2.917163,,,,,,
sample,365,drone,,9.121727,6.607530,-0.994684,2.088640,-1.057251,0.256494,-0.095724,2.603522,0.016759,0.074380,2.903586,,,,,,
sample,366,drone,,9.146718,6.581921,-0.988268,2.086271,-0.991504,0.256879,-0.093838,2.658127,0.014045,0.076562,2.888086,,,,,,
sample,367,drone,,9.171709,6.557973,-0.981844,2.083950,-0.924392,0.257196,-0.091898,2.712733,0.011332,0.078743,2.870224,,,,,,
sample,368,drone,,9.196700,6.535718,-0.975413,2.081678,-0.855916,0.257445,-0.089902,2.767338,0.008618,0.080924,2.849417,,,,,,
sample,369,drone,,9.221691,6.515192,-0.968977,2.079456,-0.786075,0.257627,-0.087853,2.821943,0.005905,0.083105,2.824886,,,,,,
sample,370,drone,,9.246682,6.496429,-0.962537,2.077287,-0.714869,0.257740,-0.085749,2.876548,0.003191,0.085286,2.795557,,,,,,
sample,371,drone,,9.271673,6.479462,-0.956094,2.075170,-0.642299,0.257786,-0.083590,2.931153,0.000477,0.087468,2.759924,,,,,,
sample,372,drone,,9.296664,6.464325,-0.949652,2.073109,-0.568364,0.257764,-0.081377,2.985759,-0.002236,0.089649,2.715816,,,,,,
sample,373,drone,,9.321655,6.451054,-0.943211,2.071103,-0.493064,0.257674,-0.079109,3.040364,-0.004950,0.091830,2.660031,,,,,,
sample,374,drone,,9.346646,6.439681,-0.936773,2.069155,-0.416400,0.257517,-0.076787,3.094969,-0.007663,0.094011,2.587728,,,,,,
sample,375,drone,,9.371637,6.430241,-0.930340,2.067265,-0.338371,0.257291,-0.074410,3.152929,-0.004604,0.094774,2.491480,,,,,,
sample,376,drone,,9.396628,6.422768,-0.923913,2.065435,-0.258810,0.257287,-0.072050,3.354477,0.257872,0.031601,2.359147,,,,,,
sample,377,drone,,9.421619,6.417305,-0.917480,2.063664,-0.170708,0.270180,-0.072831,3.740999,0.898696,-0.125428,2.134291,,,,,,
sample,378,drone,,9.446610,6.414236,-0.910409,2.061795,-0.071828,0.302205,-0.078319,3.996388,1.403146,-0.250233,1.804145,,,,,,
sample,379,drone,,9.471601,6.413715,-0.902375,2.059749,0.029040,0.340313,-0.085338,3.992182,1.508609,-0.277669,1.485669,,,,,,
sample,380,drone,,9.496592,6.415688,-0.893399,2.057530,0.127710,0.377609,-0.092198,3.904249,1.476162,-0.271300,1.244666,,,,,,
sample,381,drone,,9.521584,6.420098,-0.883501,2.055141,0.224182,0.414094,-0.098898,3.816316,1.443715,-0.264931,1.074595,,,,,,
sample,382,drone,,9.546575,6.426893,-0.872702,2.052587,0.318457,0.449769,-0.105439,3.728383,1.411268,-0.258562,0.954690,,,,,,
sample,383,drone,,9.571566,6.436016,-0.861021,2.049871,0.410535,0.484632,-0.111822,3.640449,1.378821,-0.252193,0.867985,,,,,,
sample,384,drone,,9.596557,6.447412,-0.848479,2.046998,0.500414,0.518685,-0.118045,3.552516,1.346374,-0.245824,0.803324,,,,,,
sample,385,drone,,9.621548,6.461027,-0.835096,2.043971,0.588097,0.551927,-0.124108,3.464583,1.313928,-0.239455,0.753681,,,,,,
sample,386,drone,,9.646539,6.476806,-0.820892,2.040794,0.673581,0.584358,-0.130013,3.376650,1.281481,-0.233086,0.714588,,,,,,
sample,387,drone,,9.671530,6.494694,-0.805889,2.037472,0.756869,0.615978,-0.135759,3.288717,1.249034,-0.226717,0.683129,,,,,,
sample,388,drone,,9.696521,6.514636,-0.790105,2.034009,0.837958,0.646787,-0.141345,3.200784,1.216587,-0.220349,0.657346,,,,,,
sample,389,drone,,9.721512,6.536577,-0.773561,2.030408,0.916850,0.676785,-0.146772,3.112851,1.184140,-0.213980,0.635883,,,,,,
sample,390,drone,,9.746503,6.560462,-0.756277,2.026673,0.993545,0.705973,-0.152040,3.024918,1.151693,-0.207611,0.617778,,,,,,
sample,391,drone,,9.771494,6.586237,-0.738275,2.022808,1.068042,0.734349,-0.157149,2.936984,1.119247,-0.201242,0.602332,,,,,,
sample,392,drone,,9.796485,6.613845,-0.719573,2.018818,1.140342,0.761915,-0.162099,2.849051,1.086800,-0.194873,0.589026,,,,,,
sample,393,drone,,9.821476,6.643233,-0.700193,2.014706,1.210444,0.788670,-0.166889,2.761118,1.054353,-0.188504,0.577467,,,,,,
sample,394,drone,,9.846467,6.674346,-0.680154,2.010477,1.278348,0.814614,-0.171520,2.673185,1.021906,-0.182135,0.567352,,,,,,
sample,395,drone,,9.871458,6.707128,-0.659477,2.006133,1.344055,0.839747,-0.175993,2.585252,0.989459,-0.175766,0.558446,,,,,,
sample,396,drone,,9.896449,6.741524,-0.638182,2.001680,1.407564,0.864069,-0.180306,2.497319,0.957012,-0.169397,0.550560,,,,,,
sample,397,drone,,9.921440,6.777481,-0.616289,1.997121,1.468876,0.887580,-0.184459,2.409386,0.924566,-0.163028,0.543545,,,,,,
sample,398,drone,,9.946431,6.814942,-0.593818,1.992461,1.527990,0.910281,-0.188454,2.321453,0.892119,-0.156660,0.537279,,,,,,
sample,399,drone,,9.971422,6.853853,-0.570791,1.987702,1.584907,0.932170,-0.192290,2.233520,0.859672,-0.150291,0.531664,,,,,,
sample,400,drone,,9.996413,6.894159,-0.547227,1.982850,1.639626,0.953249,-0.195966,2.145586,0.827225,-0.143922,0.526617,,,,,,
sample,401,drone,,10.021404,6.935805,-0.523146,1.977907,1.692148,0.973517,-0.199483,2.057653,0.794778,-0.137553,0.522070,,,,,,
sample,402,drone,,10.046395,6.978736,-0.498568,1.972879,1.742472,0.992974,-0.202841,1.969720,0.762331,-0.131184,0.517967,,,,,,
sample,403,drone,,10.071386,7.022897,-0.473515,1.967769,1.790599,1.011620,-0.206040,1.881787,0.729885,-0.124815,0.514258,,,,,,
sample,404,drone,,10.096377,7.068234,-0.448005,1.962581,1.836528,1.029455,-0.209080,1.793854,0.697438,-0.118446,0.510902,,,,,,
sample,405,drone,,10.121368,7.114691,-0.422061,1.957319,1.880259,1.046479,-0.211960,1.705921,0.664991,-0.112077,0.507867,,,,,,
sample,406,drone,,10.146359,7.162213,-0.395700,1.951987,1.921793,1.062692,-0.214681,1.617988,0.632544,-0.105708,0.505120,,,,,,
sample,407,drone,,10.171350,7.210746,-0.368945,1.946588,1.961129,1.078095,-0.217244,1.530055,0.600097,-0.099339,0.502637,,,,,,
sample,408,drone,,10.196341,7.260234,-0.341815,1.941128,1.998268,1.092686,-0.219647,1.442121,0.567650,-0.092971,0.500396,,,,,,
sample,409,drone,,10.221332,7.310623,-0.314330,1.935610,2.033210,1.106467,-0.221890,1.354188,0.535204,-0.086602,0.498377,,,,,,
sample,410,drone,,10.246323,7.361858,-0.286511,1.930038,2.065953,1.119437,-0.223975,1.266255,0.502757,-0.080233,0.496565,,,,,,
sample,411,drone,,10.271315,7.413884,-0.258378,1.924415,2.096500,1.131596,-0.225901,1.178322,0.470310,-0.073864,0.494943,,,,,,
sample,412,drone,,10.296306,7.466646,-0.229952,1.918747,2.124848,1.142944,-0.227667,1.090389,0.437863,-0.067495,0.493502,,,,,,
sample,413,drone,,10.321297,7.520088,-0.201252,1.913036,2.151000,1.153481,-0.229274,1.002456,0.405416,-0.061126,0.492228,,,,,,
sample,414,drone,,10.346288,7.574157,-0.172298,1.907287,2.174953,1.163208,-0.230722,0.914523,0.372969,-0.054757,0.491114,,,,,,
sample,415,drone,,10.371279,7.628797,-0.143112,1.901504,2.196709,1.172123,-0.232011,0.826590,0.340523,-0.048388,0.490150,,,,,,
sample,416,drone,,10.396270,7.683953,-0.113713,1.895691,2.216268,1.180228,-0.233141,0.738656,0.308076,-0.042019,0.489331,,,,,,
sample,417,drone,,10.421261,7.739571,-0.084122,1.889851,2.233629,1.187521,-0.234111,0.650723,0.275629,-0.035650,0.488650,,,,,,
sample,418,drone,,10.446252,7.795594,-0.054359,1.883989,2.248792,1.194004,-0.234923,0.562790,0.243182,-0.029282,0.488103,,,,,,
sample,419,drone,,10.471243,7.851970,-0.024443,1.878109,2.261758,1.199676,-0.235575,0.474857,0.210735,-0.022913,0.487684,,,,,,
sample,420,drone,,10.496234,7.908642,0.005604,1.872215,2.272527,1.204537,-0.236068,0.386924,0.178288,-0.016544,0.487392,,,,,,
sample,421,drone,,10.521225,7.965555,0.035762,1.866310,2.281098,1.208587,-0.236402,0.298991,0.145842,-0.010175,0.487224,,,,,,
sample,422,drone,,10.546216,8.022656,0.066011,1.860399,2.287471,1.211827,-0.236576,0.211058,0.113395,-0.003806,0.487177,,,,,,
sample,423,drone,,10.571207,8.079888,0.096332,1.854486,2.291647,1.214255,-0.236592,0.123125,0.080948,0.002563,0.487250,,,,,,
sample,424,drone,,10.596198,8.137197,0.126702,1.848574,2.293625,1.215873,-0.236448,0.035191,0.048501,0.008932,0.487444,,,,,,
sample,425,drone,,10.621189,8.194528,0.157103,1.842667,2.293406,1.216679,-0.236145,-0.052742,0.016054,0.015301,0.487758,,,,,,
sample,426,drone,,10.646180,8.251826,0.187515,1.836771,2.290989,1.216675,-0.235684,-0.140675,-0.016393,0.021670,0.488193,,,,,,
sample,427,drone,,10.671171,8.309036,0.217915,1.830887,2.286374,1.215860,-0.235062,-0.228608,-0.048839,0.028039,0.488751,,,,,,
sample,428,drone,,10.696162,8.366104,0.248286,1.825022,2.279563,1.214234,-0.234282,-0.316541,-0.081286,0.034407,0.489434,,,,,,
sample,429,drone,,10.721153,8.422974,0.278605,1.819178,2.270553,1.211797,-0.233343,-0.404474,-0.113733,0.040776,0.490244,,,,,,
sample,430,drone,,10.746144,8.479591,0.308854,1.813359,2.259346,1.208549,-0.232244,-0.492407,-0.146180,0.047145,0.491185,,,,,,
sample,431,drone,,10.771135,8.535900,0.339011,1.807570,2.245942,1.204491,-0.230986,-0.580340,-0.178627,0.053514,0.492261,,,,,,
sample,432,drone,,10.796126,8.591848,0.369057,1.801814,2.230339,1.199621,-0.229569,-0.668273,-0.211074,0.059883,0.493479,,,,,,
sample,433,drone,,10.821117,8.647377,0.398971,1.796095,2.212540,1.193941,-0.227993,-0.756207,-0.243520,0.066252,0.494843,,,,,,
sample,434,drone,,10.846108,8.702435,0.428732,1.790418,2.192543,1.187449,-0.226258,-0.844140,-0.275967,0.072621,0.496360,,,,,,
sample,435,drone,,10.871099,8.756965,0.458322,1.784786,2.170348,1.180147,-0.224363,-0.932073,-0.308414,0.078990,0.498039,,,,,,
sample,436,drone,,10.896090,8.810913,0.487719,1.779204,2.145956,1.172034,-0.222310,-1.020006,-0.340861,0.085359,0.499890,,,,,,
sample,437,drone,,10.921081,8.864225,0.516903,1.773675,2.119366,1.163110,-0.220097,-1.107939,-0.373308,0.091728,0.501922,,,,,,
sample,438,drone,,10.946072,8.916844,0.545853,1.768203,2.090579,1.153376,-0.217725,-1.195872,-0.405755,0.098097,0.504149,,,,,,
sample,439,drone,,10.971063,8.968716,0.574551,1.762792,2.059594,1.142830,-0.215194,-1.283805,-0.438201,0.104465,0.506583,,,,,,
sample,440,drone,,10.996054,9.019786,0.602974,1.757447,2.026411,1.131473,-0.212504,-1.371738,-0.470648,0.110834,0.509241,,,,,,
sample,441,drone,,11.021045,9.070000,0.631104,1.752171,1.991031,1.119306,-0.209654,-1.459672,-0.503095,0.117203,0.512142,,,,,,
sample,442,drone,,11.046037,9.119302,0.658919,1.746968,1.953454,1.106328,-0.206646,-1.547605,-0.535542,0.123572,0.515305,,,,,,
sample,443,drone,,11.071028,9.167638,0.686401,1.741843,1.913679,1.092538,-0.203478,-1.635538,-0.567989,0.129941,0.518755,,,,,,
sample,444,drone,,11.096019,9.214952,0.713527,1.736798,1.871706,1.077938,-0.200151,-1.723471,-0.600436,0.136310,0.522519,,,,,,
sample,445,drone,,11.121010,9.261190,0.740278,1.731839,1.827536,1.062527,-0.196665,-1.811404,-0.632882,0.142679,0.526630,,,,,,
sample,446,drone,,11.146001,9.306296,0.766634,1.726968,1.781169,1.046306,-0.193019,-1.899337,-0.665329,0.149048,0.531123,,,,,,
sample,447,drone,,11.170992,9.350216,0.792575,1.722191,1.732604,1.029273,-0.189215,-1.987270,-0.697776,0.155417,0.536041,,,,,,
sample,448,drone,,11.195983,9.392895,0.818079,1.717511,1.681841,1.011429,-0.185251,-2.075203,-0.730223,0.161786,0.541435,,,,,,
sample,449,drone,,11.220974,9.434278,0.843128,1.712932,1.628881,0.992775,-0.181129,-2.163137,-0.762670,0.168154,0.547363,,,,,,
sample,450,drone,,11.245965,9.474310,0.867700,1.708458,1.573723,0.973310,-0.176847,-2.251070,-0.795117,0.174523,0.553894,,,,,,
sample,451,drone,,11.270956,9.512936,0.891776,1.704093,1.516368,0.953033,-0.172406,-2.339003,-0.827563,0.180892,0.561110,,,,,,
sample,452,drone,,11.295947,9.550101,0.915335,1.699841,1.456815,0.931946,-0.167805,-2.426936,-0.860010,0.187261,0.569111,,,,,,
sample,453,drone,,11.320938,9.585751,0.938357,1.695705,1.395064,0.910048,-0.163046,-2.514869,-0.892457,0.193630,0.578014,,,,,,
sample,454,drone,,11.345929,9.619829,0.960821,1.691691,1.331116,0.887339,-0.158127,-2.602802,-0.924904,0.199999,0.587965,,,,,,
sample,455,drone,,11.370920,9.652282,0.982708,1.687802,1.264971,0.863820,-0.153050,-2.690735,-0.957351,0.206368,0.599141,,,,,,
sample,456,drone,,11.395911,9.683055,1.003996,1.684041,1.196628,0.839489,-0.147813,-2.778668,-0.989798,0.212737,0.611763,,,,,,
sample,457,drone,,11.420902,9.712092,1.024667,1.680414,1.126087,0.814347,-0.142417,-2.866601,-1.022244,0.219106,0.626105,,,,,,
sample,458,drone,,11.445893,9.739339,1.044699,1.676923,1.053349,0.788395,-0.136861,-2.954535,-1.054691,0.225475,0.642518,,,,,,
sample,459,drone,,11.470884,9.764741,1.064073,1.673573,0.978413,0.761632,-0.131147,-3.042468,-1.087138,0.231843,0.661453,,,,,,
sample,460,drone,,11.495875,9.788242,1.082767,1.670368,0.901280,0.734058,-0.125273,-3.130401,-1.119585,0.238212,0.683497,,,,,,
sample,461,drone,,11.520866,9.809789,1.100762,1.667312,0.821950,0.705673,-0.119241,-3.218334,-1.152032,0.244581,0.709428,,,,,,
sample,462,drone,,11.545857,9.829325,1.118038,1.664408,0.740421,0.676477,-0.113049,-3.306267,-1.184479,0.250950,0.740299,,,,,,
sample,463,drone,,11.570848,9.846797,1.134574,1.661661,0.656696,0.646470,-0.106698,-3.394200,-1.216925,0.257319,0.777552,,,,,,
sample,464,drone,,11.595839,9.862148,1.150350,1.659075,0.570772,0.615652,-0.100187,-3.482133,-1.249372,0.263688,0.823208,,,,,,
sample,465,drone,,11.620830,9.875325,1.165346,1.656654,0.482651,0.584024,-0.093518,-3.570066,-1.281819,0.270057,0.880150,,,,,,
sample,466,drone,,11.645821,9.886272,1.179541,1.654401,0.392333,0.551584,-0.086689,-3.658000,-1.314266,0.276426,0.952538,,,,,,
sample,467,drone,,11.670812,9.894935,1.192915,1.652321,0.299817,0.518334,-0.079702,-3.745933,-1.346713,0.282795,1.046392,,,,,,
sample,468,drone,,11.695803,9.901258,1.205448,1.650417,0.205103,0.484273,-0.072555,-3.833866,-1.379160,0.289164,1.170173,,,,,,
sample,469,drone,,11.720794,9.905186,1.217120,1.648695,0.108192,0.449401,-0.065249,-3.921799,-1.411606,0.295532,1.334544,,,,,,
sample,470,drone,,11.745785,9.906665,1.227910,1.647156,0.009084,0.413718,-0.057783,-4.009732,-1.444053,0.301901,1.548843,,,,,,
sample,471,drone,,11.770776,9.905640,1.237798,1.645806,-0.092222,0.377224,-0.050159,-4.097665,-1.476500,0.308270,1.810569,,,,,,
sample,472,drone,,11.795768,9.902056,1.246765,1.644649,-0.195726,0.339919,-0.042375,-4.114128,-1.455221,0.305544,2.093232,,,,,,
sample,473,drone,,11.820759,9.895857,1.254788,1.643688,-0.297855,0.304489,-0.034887,-3.616948,-1.052849,0.238153,2.345181,,,,,,
sample,474,drone,,11.845750,9.887168,1.261984,1.642905,-0.376508,0.287296,-0.030472,-2.649963,-0.315206,0.113482,2.489790,,,,,,
sample,475,drone,,11.870741,9.877039,1.269148,1.642165,-0.430306,0.288734,-0.029215,-2.069711,0.110451,0.041007,2.550597,,,,,,
sample,476,drone,,11.895732,9.865661,1.276415,1.641445,-0.479957,0.292816,-0.028422,-1.975109,0.162065,0.031595,2.593788,,,,,,
sample,477,drone,,11.920723,9.853049,1.283783,1.640745,-0.529026,0.296835,-0.027636,-1.951795,0.159527,0.031334,2.630269,,,,,,
sample,478,drone,,11.945714,9.839219,1.291251,1.640064,-0.577512,0.300790,-0.026856,-1.928481,0.156989,0.031073,2.661414,,,,,,
sample,479,drone,,11.970705,9.824184,1.298818,1.639402,-0.625415,0.304681,-0.026083,-1.905167,0.154450,0.030812,2.688264,,,,,,
sample,480,drone,,11.995696,9.807959,1.306480,1.638760,-0.672736,0.308510,-0.025316,-1.881854,0.151912,0.030552,2.711619,,,,,,
sample,481,drone,,12.020687,9.790559,1.314237,1.638137,-0.719474,0.312274,-0.024556,-1.858540,0.149374,0.030291,2.732097,,,,,,
sample,482,drone,,12.045678,9.771999,1.322088,1.637533,-0.765629,0.315976,-0.023802,-1.835226,0.146835,0.030030,2.750186,,,,,,
sample,483,drone,,12.070669,9.752292,1.330031,1.636947,-0.811202,0.319613,-0.023055,-1.811912,0.144297,0.029769,2.766270,,,,,,
sample,484,drone,,12.095660,9.731453,1.338063,1.636381,-0.856193,0.323188,-0.022314,-1.788598,0.141759,0.029508,2.780657,,,,,,
sample,485,drone,,12.120651,9.709497,1.346184,1.635832,-0.900600,0.326699,-0.021580,-1.765285,0.139220,0.029247,2.793599,,,,,,
sample,486,drone,,12.145642,9.686439,1.354392,1.635302,-0.944425,0.330146,-0.020852,-1.741971,0.136682,0.028986,2.805298,,,,,,
sample,487,drone,,12.170633,9.662293,1.362686,1.634790,-0.987668,0.333530,-0.020131,-1.718657,0.134144,0.028725,2.815922,,,,,,
sample,488,drone,,12.195624,9.637074,1.371063,1.634296,-1.030327,0.336851,-0.019417,-1.695343,0.131605,0.028464,2.825611,,,,,,
sample,489,drone,,12.220615,9.610795,1.379522,1.633819,-1.072404,0.340108,-0.018708,-1.672030,0.129067,0.028204,2.834481,,,,,,
sample,490,drone,,12.245606,9.583473,1.388062,1.633361,-1.113899,0.343302,-0.018007,-1.648716,0.126529,0.027943,2.842631,,,,,,
sample,491,drone,,12.270597,9.555120,1.396681,1.632919,-1.154810,0.346433,-0.017312,-1.625402,0.123990,0.027682,2.850144,,,,,,
sample,492,drone,,12.295588,9.525753,1.405377,1.632495,-1.195140,0.349499,-0.016623,-1.602088,0.121452,0.027421,2.857092,,,,,,
sample,493,drone,,12.320579,9.495385,1.414150,1.632089,-1.234886,0.352503,-0.015941,-1.578774,0.118914,0.027160,2.863534,,,,,,
sample,494,drone,,12.345570,9.464031,1.422996,1.631699,-1.274050,0.355443,-0.015266,-1.555461,0.116375,0.026899,2.869524,,,,,,
sample,495,drone,,12.370561,9.431705,1.431916,1.631326,-1.312631,0.358320,-0.014597,-1.532147,0.113837,0.026638,2.875107,,,,,,
sample,496,drone,,12.395552,9.398423,1.440906,1.630969,-1.350630,0.361133,-0.013934,-1.508833,0.111298,0.026377,2.880323,,,,,,
sample,497,drone,,12.420543,9.364198,1.449966,1.630629,-1.388046,0.363883,-0.013278,-1.485519,0.108760,0.026116,2.885208,,,,,,
sample,498,drone,,12.445534,9.329045,1.459093,1.630305,-1.424879,0.366569,-0.012629,-1.462206,0.106222,0.025855,2.889790,,,,,,
sample,499,drone,,12.470525,9.292979,1.468288,1.629998,-1.461130,0.369192,-0.011986,-1.438892,0.103683,0.025595,2.894097,,,,,,
sample,500,drone,,12.495516,9.256015,1.477546,1.629706,-1.496798,0.371751,-0.011350,-1.415578,0.101145,0.025334,2.898154,,,,,,
sample,501,drone,,12.520507,9.218166,1.486868,1.629431,-1.531883,0.374247,-0.010720,-1.392264,0.098607,0.025073,2.901981,,,,,,
sample,502,drone,,12.545498,9.179448,1.496252,1.629170,-1.566386,0.376680,-0.010097,-1.368950,0.096068,0.024812,2.905597,,,,,,
sample,503,drone,,12.570490,9.139875,1.505696,1.628926,-1.600306,0.379049,-0.009480,-1.345637,0.093530,0.024551,2.909019,,,,,,
sample,504,drone,,12.595481,9.099462,1.515198,1.628697,-1.633644,0.381355,-0.008869,-1.322323,0.090992,0.024290,2.912261,,,,,,
sample,505,drone,,12.620472,9.058222,1.524757,1.628483,-1.666399,0.383597,-0.008266,-1.299009,0.088453,0.024029,2.915339,,,,,,
sample,506,drone,,12.645463,9.016172,1.534371,1.628284,-1.698571,0.385776,-0.007668,-1.275695,0.085915,0.023768,2.918263,,,,,,
sample,507,drone,,12.670454,8.973324,1.544038,1.628099,-1.730161,0.387891,-0.007078,-1.252381,0.083377,0.023507,2.921046,,,,,,
sample,508,drone,,12.695445,8.929695,1.553758,1.627930,-1.761168,0.389943,-0.006493,-1.229068,0.080838,0.023247,2.923696,,,,,,
sample,509,drone,,12.720436,8.885297,1.563529,1.627775,-1.791592,0.391931,-0.005916,-1.205754,0.078300,0.022986,2.926224,,,,,,
sample,510,drone,,12.745427,8.840147,1.573348,1.627634,-1.821434,0.393857,-0.005345,-1.182440,0.075762,0.022725,2.928637,,,,,,
sample,511,drone,,12.770418,8.794258,1.583214,1.627508,-1.850693,0.395718,-0.004780,-1.159126,0.073223,0.022464,2.930943,,,,,,
sample,512,drone,,12.795409,8.747646,1.593127,1.627395,-1.879369,0.397516,-0.004222,-1.135813,0.070685,0.022203,2.933149,,,,,,
sample,513,drone,,12.820400,8.700324,1.603083,1.627297,-1.907463,0.399251,-0.003670,-1.112499,0.068146,0.021942,2.935261,,,,,,
sample,514,drone,,12.845391,8.652307,1.613082,1.627212,-1.934974,0.400923,-0.003125,-1.089185,0.065608,0.021681,2.937286,,,,,,
sample,515,drone,,12.870382,8.603610,1.623122,1.627140,-1.961903,0.402530,-0.002587,-1.065871,0.063070,0.021420,2.939228,,,,,,
sample,516,drone,,12.895373,8.554247,1.633201,1.627082,-1.988249,0.404075,-0.002054,-1.042557,0.060531,0.021159,2.941092,,,,,,
sample,517,drone,,12.920364,8.504233,1.643318,1.627038,-2.014012,0.405556,-0.001529,-1.019244,0.057993,0.020898,2.942883,,,,,,
sample,518,drone,,12.945355,8.453582,1.653472,1.627006,-2.039193,0.406973,-0.001010,-0.995930,0.055455,0.020638,2.944605,,,,,,
sample,519,drone,,12.970346,8.402310,1.663660,1.626987,-2.063791,0.408328,-0.000497,-0.972616,0.052916,0.020377,2.946262,,,,,,
sample,520,drone,,12.995337,8.350430,1.673881,1.626981,-2.087806,0.409618,0.000009,-0.949302,0.050378,0.020116,2.947858,,,,,,
sample,521,drone,,13.020328,8.297957,1.684133,1.626988,-2.111239,0.410846,0.000508,-0.925989,0.047840,0.019855,2.949395,,,,,,
sample,522,drone,,13.045319,8.244906,1.694416,1.627007,-2.134089,0.412009,0.001001,-0.902675,0.045301,0.019594,2.950878,,,,,,
sample,523,drone,,13.070310,8.191291,1.704727,1.627038,-2.156356,0.413110,0.001487,-0.879361,0.042763,0.019333,2.952308,,,,,,
sample,524,drone,,13.095301,8.137126,1.715064,1.627081,-2.178041,0.414147,0.001967,-0.856047,0.040225,0.019072,2.953689,,,,,,
sample,525,drone,,13.120292,8.082428,1.725426,1.627136,-2.199143,0.415120,0.002441,-0.832733,0.037686,0.018811,2.955023,,,,,,
sample,526,drone,,13.145283,8.027209,1.735812,1.627203,-2.219663,0.416030,0.002907,-0.809420,0.035148,0.018550,2.956313,,,,,,
sample,527,drone,,13.170274,7.971484,1.746221,1.627281,-2.239600,0.416877,0.003368,-0.786106,0.032610,0.018290,2.957560,,,,,,
sample,528,drone,,13.195265,7.915269,1.756649,1.627371,-2.258954,0.417660,0.003822,-0.762792,0.030071,0.018029,2.958766,,,,,,
sample,529,drone,,13.220256,7.858577,1.767096,1.627472,-2.277726,0.418380,0.004269,-0.739478,0.027533,0.017768,2.959934,,,,,,
sample,530,drone,,13.245247,7.801423,1.777560,1.627585,-2.295915,0.419037,0.004710,-0.716164,0.024995,0.017507,2.961066,,,,,,
sample,531,drone,,13.270238,7.743823,1.788040,1.627708,-2.313521,0.419629,0.005144,-0.692851,0.022456,0.017246,2.962162,,,,,,
sample,532,drone,,13.295229,7.685789,1.798534,1.627842,-2.330545,0.420159,0.005572,-0.669537,0.019918,0.016985,2.963225,,,,,,
sample,533,drone,,13.320221,7.627337,1.809041,1.627986,-2.346986,0.420625,0.005993,-0.646223,0.017379,0.016724,2.964256,,,,,,
sample,534,drone,,13.345212,7.568482,1.819558,1.628141,-2.362844,0.421028,0.006408,-0.622909,0.014841,0.016463,2.965257,,,,,,
sample,535,drone,,13.370203,7.509237,1.830085,1.628307,-2.378120,0.421367,0.006816,-0.599596,0.012303,0.016202,2.966228,,,,,,
sample,536,drone,,13.395194,7.449618,1.840619,1.628482,-2.392813,0.421643,0.007217,-0.576282,0.009764,0.015941,2.967171,,,,,,
sample,537,drone,,13.420185,7.389640,1.851159,1.628667,-2.406924,0.421855,0.007613,-0.552968,0.007226,0.015681,2.968088,,,,,,
sample,538,drone,,13.445176,7.329315,1.861704,1.628862,-2.420452,0.422004,0.008001,-0.529654,0.004688,0.015420,2.968979,,,,,,
sample,539,drone,,13.470167,7.268660,1.872252,1.629067,-2.433397,0.422089,0.008383,-0.506340,0.002149,0.015159,2.969845,,,,,,
sample,540,drone,,13.495158,7.207689,1.882801,1.629281,-2.445760,0.422111,0.008759,-0.483027,-0.000389,0.014898,2.970687,,,,,,
sample,541,drone,,13.520149,7.146416,1.893350,1.629505,-2.457540,0.422070,0.009128,-0.459713,-0.002927,0.014637,2.971507,,,,,,
sample,542,drone,,13.545140,7.084856,1.903897,1.629738,-2.468737,0.421965,0.009490,-0.436399,-0.005466,0.014376,2.972305,,,,,,
sample,543,drone,,13.570131,7.023024,1.914440,1.629979,-2.479352,0.421796,0.009846,-0.413085,-0.008004,0.014115,2.973082,,,,,,
sample,544,drone,,13.595122,6.960933,1.924979,1.630230,-2.489384,0.421565,0.010196,-0.389772,-0.010542,0.013854,2.973839,,,,,,
sample,545,drone,,13.620113,6.898599,1.935511,1.630489,-2.498834,0.421270,0.010539,-0.366458,-0.013081,0.013593,2.974577,,,,,,
sample,546,drone,,13.645104,6.836036,1.946035,1.630757,-2.507700,0.420911,0.010875,-0.343144,-0.015619,0.013333,2.975295,,,,,,
sample,547,drone,,13.670095,6.773259,1.956549,1.631032,-2.515985,0.420489,0.011205,-0.319830,-0.018157,0.013072,2.975996,,,,,,
sample,548,drone,,13.695086,6.710282,1.967052,1.631317,-2.523686,0.420003,0.011529,-0.296516,-0.020696,0.012811,2.976680,,,,,,
sample,549,drone,,13.720077,6.647120,1.977542,1.631609,-2.530805,0.419454,0.011846,-0.273203,-0.023234,0.012550,2.977346,,,,,,
sample,550,drone,,13.745068,6.583787,1.988017,1.631909,-2.537341,0.418842,0.012156,-0.249889,-0.025773,0.012289,2.977997,,,,,,
sample,551,drone,,13.770059,6.520298,1.998476,1.632216,-2.543295,0.418166,0.012460,-0.226575,-0.028311,0.012028,2.978632,,,,,,
sample,552,drone,,13.795050,6.456668,2.008918,1.632531,-2.548666,0.417427,0.012757,-0.203261,-0.030849,0.011767,2.979251,,,,,,
sample,553,drone,,13.820041,6.392911,2.019340,1.632854,-2.553455,0.416624,0.013048,-0.179948,-0.033388,0.011506,2.979857,,,,,,
sample,554,drone,,13.845032,6.329041,2.029742,1.633184,-2.557660,0.415758,0.013332,-0.156634,-0.035926,0.011245,2.980448,,,,,,
sample,555,drone,,13.870023,6.265074,2.040121,1.633520,-2.561283,0.414829,0.013610,-0.133320,-0.038464,0.010984,2.981026,,,,,,
sample,556,drone,,13.895014,6.201023,2.050476,1.633864,-2.564324,0.413836,0.013881,-0.110006,-0.041003,0.010724,2.981590,,,,,,
sample,557,drone,,13.920005,6.136903,2.060805,1.634214,-2.566782,0.412779,0.014146,-0.086692,-0.043541,0.010463,2.982142,,,,,,
sample,558,drone,,13.944996,6.072730,2.071107,1.634571,-2.568657,0.411660,0.014404,-0.063379,-0.046079,0.010202,2.982681,,,,,,
sample,559,drone,,13.969987,6.008517,2.081381,1.634934,-2.569950,0.410476,0.014656,-0.040065,-0.048618,0.009941,2.983209,,,,,,
sample,560,drone,,13.994978,5.944278,2.091624,1.635303,-2.570659,0.409229,0.014901,-0.016751,-0.051156,0.009680,2.983725,,,,,,
sample,561,drone,,14.019969,5.880030,2.101835,1.635679,-2.570787,0.407919,0.015140,0.006563,-0.053694,0.009419,2.984230,,,,,,
sample,562,drone,,14.044960,5.815785,2.112012,1.636060,-2.570331,0.406546,0.015372,0.029877,-0.056233,0.009158,2.984724,,,,,,
sample,563,drone,,14.069952,5.751559,2.122155,1.636447,-2.569293,0.405109,0.015597,0.053190,-0.058771,0.008897,2.985207,,,,,,
sample,564,drone,,14.094943,5.687367,2.132260,1.636840,-2.567673,0.403608,0.015817,0.076504,-0.061309,0.008636,2.985680,,,,,,
sample,565,drone,,14.119934,5.623222,2.142328,1.637238,-2.565470,0.402044,0.016029,0.099818,-0.063848,0.008376,2.986143,,,,,,
sample,566,drone,,14.144925,5.559139,2.152355,1.637641,-2.562684,0.400417,0.016235,0.123132,-0.066386,0.008115,2.986597,,,,,,
sample,567,drone,,14.169916,5.495134,2.162342,1.638049,-2.559315,0.398726,0.016435,0.146445,-0.068924,0.007854,2.987041,,,,,,
sample,568,drone,,14.194907,5.431219,2.172285,1.638462,-2.555364,0.396972,0.016628,0.169759,-0.071463,0.007593,2.987476,,,,,,
sample,569,drone,,14.219898,5.367411,2.182183,1.638880,-2.550830,0.395154,0.016814,0.193073,-0.074001,0.007332,2.987902,,,,,,
sample,570,drone,,14.244889,5.303724,2.192035,1.639303,-2.545714,0.393273,0.016994,0.216387,-0.076540,0.007071,2.988320,,,,,,
sample,571,drone,,14.269880,5.240171,2.201840,1.639730,-2.540015,0.391329,0.017168,0.239701,-0.079078,0.006810,2.988729,,,,,,
sample,572,drone,,14.294871,5.176768,2.211595,1.640161,-2.533733,0.389321,0.017335,0.263014,-0.081616,0.006549,2.989130,,,,,,
sample,573,drone,,14.319862,5.113530,2.221299,1.640596,-2.526869,0.387249,0.017495,0.286328,-0.084155,0.006288,2.989523,,,,,,
sample,574,drone,,14.344853,5.050470,2.230950,1.641035,-2.519422,0.385115,0.017649,0.309642,-0.086693,0.006027,2.989908,,,,,,
sample,575,drone,,14.369844,4.987604,2.240548,1.641478,-2.511392,0.382916,0.017796,0.332956,-0.089231,0.005767,2.990286,,,,,,
sample,576,drone,,14.394835,4.924946,2.250089,1.641925,-2.502780,0.380655,0.017937,0.356269,-0.091770,0.005506,2.990657,,,,,,
sample,577,drone,,14.419826,4.862510,2.259573,1.642375,-2.493585,0.378329,0.018071,0.379583,-0.094308,0.005245,2.991020,,,,,,
sample,578,drone,,14.444817,4.800311,2.268999,1.642828,-2.483808,0.375941,0.018199,0.402897,-0.096846,0.004984,2.991376,,,,,,
sample,579,drone,,14.469808,4.738364,2.278364,1.643284,-2.473448,0.373489,0.018321,0.426211,-0.099385,0.004723,2.991726,,,,,,
sample,580,drone,,14.494799,4.676683,2.287667,1.643744,-2.462505,0.370973,0.018435,0.449525,-0.101923,0.004462,2.992068,,,,,,
sample,581,drone,,14.519790,4.615283,2.296906,1.644206,-2.450979,0.368395,0.018544,0.472838,-0.104461,0.004201,2.992404,,,,,,
sample,582,drone,,14.544781,4.554178,2.306080,1.644671,-2.438871,0.365752,0.018645,0.496152,-0.107000,0.003940,2.992734,,,,,,
sample,583,drone,,14.569772,4.493383,2.315187,1.645138,-2.426181,0.363047,0.018741,0.519466,-0.109538,0.003679,2.993058,,,,,,
sample,584,drone,,14.594763,4.432913,2.324226,1.645607,-2.412907,0.360277,0.018829,0.542780,-0.112076,0.003419,2.993375,,,,,,
sample,585,drone,,14.619754,4.372781,2.333194,1.646079,-2.399051,0.357445,0.018911,0.566094,-0.114615,0.003158,2.993687,,,,,,
sample,586,drone,,14.644745,4.313003,2.342091,1.646552,-2.384613,0.354549,0.018987,0.589407,-0.117153,0.002897,2.993992,,,,,,
sample,587,drone,,14.669736,4.253593,2.350915,1.647028,-2.369592,0.351589,0.019056,0.612721,-0.119691,0.002636,2.994292,,,,,,
sample,588,drone,,14.694727,4.194566,2.359665,1.647505,-2.353988,0.348566,0.019119,0.636035,-0.122230,0.002375,2.994586,,,,,,
sample,589,drone,,14.719718,4.135936,2.368337,1.647984,-2.337801,0.345480,0.019175,0.659349,-0.124768,0.002114,2.994875,,,,,,
sample,590,drone,,14.744709,4.077718,2.376932,1.648463,-2.321032,0.342330,0.019224,0.682662,-0.127307,0.001853,2.995158,,,,,,
sample,591,drone,,14.769700,4.019926,2.385448,1.648944,-2.303680,0.339117,0.019268,0.705976,-0.129845,0.001592,2.995436,,,,,,
sample,592,drone,,14.794691,3.962575,2.393882,1.649426,-2.285746,0.335840,0.019304,0.729290,-0.132383,0.001331,2.995708,,,,,,
sample,593,drone,,14.819682,3.905680,2.402234,1.649909,-2.267229,0.332500,0.019334,0.752604,-0.134922,0.001070,2.995976,,,,,,
sample,594,drone,,14.844674,3.849254,2.410501,1.650393,-2.248129,0.329096,0.019358,0.775918,-0.137460,0.000810,2.996238,,,,,,
sample,595,drone,,14.869665,3.793313,2.418683,1.650877,-2.228447,0.325629,0.019375,0.799231,-0.139998,0.000549,2.996496,,,,,,
sample,596,drone,,14.894656,3.737872,2.426777,1.651361,-2.208182,0.322099,0.019385,0.822545,-0.142537,0.000288,2.996748,,,,,,
sample,597,drone,,14.919647,3.682944,2.434782,1.651846,-2.187335,0.318505,0.019389,0.845859,-0.145075,0.000027,2.996996,,,,,,
sample,598,drone,,14.944638,3.628544,2.442696,1.652330,-2.165904,0.314848,0.019386,0.869173,-0.147613,-0.000234,2.997238,,,,,,
sample,599,drone,,14.969629,3.574688,2.450519,1.652815,-2.143892,0.311127,0.019377,0.892486,-0.150152,-0.000495,2.997476,,,,,,
sample,600,drone,,14.994620,3.521388,2.458247,1.653299,-2.121296,0.307343,0.019362,0.915800,-0.152690,-0.000756,2.997709,,,,,,
sample,601,drone,,15.019611,3.468661,2.465880,1.653782,-2.098118,0.303495,0.019339,0.939114,-0.155228,-0.001017,2.997938,,,,,,
sample,602,drone,,15.044602,3.416520,2.473416,1.654265,-2.074357,0.299584,0.019311,0.962428,-0.157767,-0.001278,2.998162,,,,,,
sample,603,drone,,15.069593,3.364980,2.480854,1.654748,-2.050014,0.295610,0.019276,0.985742,-0.160305,-0.001538,2.998381,,,,,,
sample,604,drone,,15.094584,3.314056,2.488192,1.655229,-2.025088,0.291572,0.019234,1.009055,-0.162843,-0.001799,2.998595,,,,,,
sample,605,drone,,15.119575,3.263762,2.495427,1.655709,-1.999579,0.287471,0.019186,1.032369,-0.165382,-0.002060,2.998805,,,,,,
sample,606,drone,,15.144566,3.214113,2.502560,1.656188,-1.973488,0.283306,0.019131,1.055683,-0.167920,-0.002321,2.999011,,,,,,
sample,607,drone,,15.169557,3.165123,2.509588,1.656665,-1.946814,0.279078,0.019070,1.078997,-0.170459,-0.002582,2.999212,,,,,,
sample,608,drone,,15.194548,3.116807,2.516509,1.657141,-1.919557,0.274786,0.019002,1.102311,-0.172997,-0.002843,2.999408,,,,,,
sample,609,drone,,15.219539,3.069180,2.523322,1.657615,-1.891718,0.270431,0.018928,1.125624,-0.175535,-0.003104,2.999600,,,,,,
sample,610,drone,,15.244530,3.022255,2.530026,1.658087,-1.863296,0.266012,0.018847,1.148938,-0.178074,-0.003365,2.999786,,,,,,
sample,611,drone,,15.269521,2.976048,2.536618,1.658557,-1.834292,0.261530,0.018759,1.172252,-0.180612,-0.003626,2.999969,,,,,,
sample,612,drone,,15.294512,2.930573,2.543097,1.659025,-1.804705,0.256985,0.018665,1.195566,-0.183150,-0.003887,3.000146,,,,,,
sample,613,drone,,15.319503,2.885845,2.549462,1.659490,-1.774535,0.252376,0.018565,1.218879,-0.185689,-0.004147,3.000319,,,,,,
sample,614,drone,,15.344494,2.841879,2.555712,1.659952,-1.743783,0.247704,0.018458,1.242193,-0.188227,-0.004408,3.000487,,,,,,
sample,615,drone,,15.369485,2.798688,2.561843,1.660412,-1.712448,0.242968,0.018345,1.265507,-0.190765,-0.004669,3.000650,,,,,,
sample,616,drone,,15.394476,2.756287,2.567856,1.660869,-1.680530,0.238169,0.018225,1.288821,-0.193304,-0.004930,3.000808,,,,,,
sample,617,drone,,15.419467,2.714691,2.573747,1.661323,-1.648030,0.233307,0.018098,1.312135,-0.195842,-0.005191,3.000960,,,,,,
sample,618,drone,,15.444458,2.673915,2.579517,1.661774,-1.614947,0.228380,0.017965,1.335448,-0.198380,-0.005452,3.001107,,,,,,
sample,619,drone,,15.469449,2.633973,2.585162,1.662221,-1.581281,0.223391,0.017826,1.358762,-0.200919,-0.005713,3.001249,,,,,,
sample,620,drone,,15.494440,2.594879,2.590682,1.662665,-1.547033,0.218338,0.017680,1.382076,-0.203457,-0.005974,3.001385,,,,,,
sample,621,drone,,15.519431,2.556649,2.596075,1.663105,-1.512202,0.213222,0.017527,1.405390,-0.205995,-0.006235,3.001515,,,,,,
sample,622,drone,,15.544422,2.519296,2.601340,1.663541,-1.476789,0.208042,0.017368,1.428703,-0.208534,-0.006496,3.001639,,,,,,
sample,623,drone,,15.569413,2.482836,2.606474,1.663973,-1.440793,0.202799,0.017203,1.452017,-0.211072,-0.006756,3.001756,,,,,,
sample,624,drone,,15.594405,2.447282,2.611476,1.664401,-1.404214,0.197492,0.017030,1.475331,-0.213610,-0.007017,3.001867,,,,,,
sample,625,drone,,15.619396,2.412650,2.616345,1.664824,-1.367053,0.192122,0.016852,1.498645,-0.216149,-0.007278,3.001970,,,,,,
sample,626,drone,,15.644387,2.378954,2.621079,1.665243,-1.329309,0.186689,0.016667,1.521959,-0.218687,-0.007539,3.002065,,,,,,
sample,627,drone,,15.669378,2.346209,2.625676,1.665657,-1.290982,0.181192,0.016475,1.545272,-0.221226,-0.007800,3.002152,,,,,,
sample,628,drone,,15.694369,2.314428,2.630135,1.666067,-1.252073,0.175631,0.016277,1.568586,-0.223764,-0.008061,3.002229,,,,,,
sample,629,drone,,15.719360,2.283628,2.634454,1.666471,-1.212581,0.170008,0.016072,1.591900,-0.226302,-0.008322,3.002298,,,,,,
sample,630,drone,,15.744351,2.253821,2.638632,1.666870,-1.172506,0.164320,0.015861,1.615214,-0.228841,-0.008583,3.002355,,,,,,
sample,631,drone,,15.769342,2.225023,2.642667,1.667264,-1.131849,0.158570,0.015643,1.638528,-0.231379,-0.008844,3.002401,,,,,,
sample,632,drone,,15.794333,2.197249,2.646558,1.667652,-1.090609,0.152756,0.015419,1.661841,-0.233917,-0.009104,3.002434,,,,,,
sample,633,drone,,15.819324,2.170512,2.650302,1.668034,-1.048787,0.146878,0.015188,1.685155,-0.236456,-0.009365,3.002452,,,,,,
sample,634,drone,,15.844315,2.144828,2.653899,1.668411,-1.006382,0.140937,0.014951,1.708469,-0.238994,-0.009626,3.002454,,,,,,
sample,635,drone,,15.869306,2.120211,2.657347,1.668782,-0.963394,0.134933,0.014707,1.731783,-0.241532,-0.009887,3.002438,,,,,,
sample,636,drone,,15.894297,2.096676,2.660643,1.669146,-0.919824,0.128865,0.014457,1.755096,-0.244071,-0.010148,3.002401,,,,,,
sample,637,drone,,15.919288,2.074237,2.663788,1.669504,-0.875671,0.122733,0.014200,1.778410,-0.246609,-0.010409,3.002340,,,,,,
sample,638,drone,,15.944279,2.052908,2.666778,1.669856,-0.830935,0.116539,0.013936,1.801724,-0.249147,-0.010670,3.002251,,,,,,
sample,639,drone,,15.969270,2.032705,2.669613,1.670201,-0.785617,0.110281,0.013666,1.825038,-0.251686,-0.010931,3.002129,,,,,,
sample,640,drone,,15.994261,2.013641,2.672290,1.670539,-0.739716,0.103959,0.013390,1.848352,-0.254224,-0.011192,3.001968,,,,,,
sample,641,drone,,16.019252,1.995732,2.674809,1.670870,-0.693232,0.097574,0.013107,1.871665,-0.256762,-0.011453,3.001759,,,,,,
sample,642,drone,,16.044243,1.978992,2.677167,1.671194,-0.646166,0.091125,0.012818,1.894979,-0.259301,-0.011713,3.001492,,,,,,
sample,643,drone,,16.069234,1.963436,2.679363,1.671511,-0.598517,0.084613,0.012522,1.918293,-0.261839,-0.011974,3.001152,,,,,,
sample,644,drone,,16.094225,1.949077,2.681396,1.671820,-0.550286,0.078038,0.012219,1.941607,-0.264377,-0.012235,3.000718,,,,,,
sample,645,drone,,16.119216,1.935931,2.683264,1.672121,-0.501472,0.071399,0.011910,1.964920,-0.266916,-0.012496,3.000164,,,,,,
sample,646,drone,,16.144207,1.924013,2.684965,1.672415,-0.452075,0.064697,0.011595,1.988234,-0.269454,-0.012757,2.999446,,,,,,
sample,647,drone,,16.169198,1.913336,2.686497,1.672701,-0.402096,0.057931,0.011272,2.011548,-0.271993,-0.013018,2.998503,,,,,,
sample,648,drone,,16.194189,1.903915,2.687860,1.672978,-0.351534,0.051102,0.010944,2.034862,-0.274531,-0.013279,2.997234,,,,,,
sample,649,drone,,16.219180,1.895765,2.689052,1.673248,-0.300389,0.044210,0.010609,2.058176,-0.277069,-0.013540,2.995466,,,,,,
sample,650,drone,,16.244171,1.888901,2.690070,1.673509,-0.248662,0.037254,0.010267,2.081489,-0.279608,-0.013801,2.992881,,,,,,
sample,651,drone,,16.269162,1.883337,2.690914,1.673761,-0.196352,0.030234,0.009919,2.104803,-0.282146,-0.014061,2.988812,,,,,,
sample,652,drone,,16.294153,1.879087,2.691581,1.674004,-0.143460,0.023152,0.009564,2.128117,-0.284684,-0.014322,2.981591,,,,,,
sample,653,drone,,16.319144,1.876166,2.692071,1.674239,-0.089984,0.016005,0.009203,2.151431,-0.287223,-0.014583,2.965565,,,,,,
sample,654,drone,,16.344135,1.874589,2.692381,1.674464,-0.035927,0.008796,0.008835,2.174745,-0.289761,-0.014844,2.901492,,,,,,
sample,655,drone,,16.369127,1.874370,2.692510,1.674681,0.018714,0.001523,0.008461,2.198058,-0.292299,-0.015105,0.081179,,,,,,
sample,656,drone,,16.394118,1.875525,2.692457,1.674887,0.073937,-0.005814,0.008080,2.221372,-0.294838,-0.015366,-0.078474,,,,,,
sample,657,drone,,16.419109,1.878066,2.692220,1.675085,0.129743,-0.013214,0.007693,2.111989,-0.282935,-0.013128,-0.101498,,,,,,
sample,658,drone,,16.444100,1.882009,2.691797,1.675272,0.179498,-0.019956,0.007424,1.685760,-0.236501,-0.004975,-0.110720,,,,,,
sample,659,drone,,16.469091,1.887038,2.691222,1.675456,0.214000,-0.025035,0.007444,1.199671,-0.183421,0.004163,-0.116456,,,,,,
sample,660,drone,,16.494082,1.892706,2.690545,1.675644,0.239461,-0.029123,0.007632,1.014596,-0.162985,0.007512,-0.121027,,,,,,
sample,661,drone,,16.519073,1.899006,2.689767,1.675837,0.264712,-0.033181,0.007820,1.007229,-0.161858,0.007480,-0.124698,,,,,,
sample,662,drone,,16.544064,1.905936,2.688887,1.676035,0.289804,-0.037213,0.008006,1.000846,-0.160837,0.007430,-0.127710,,,,,,
sample,663,drone,,16.569055,1.913491,2.687907,1.676237,0.314736,-0.041220,0.008191,0.994464,-0.159816,0.007379,-0.130226,,,,,,
sample,664,drone,,16.594046,1.921668,2.686827,1.676444,0.339509,-0.045201,0.008375,0.988081,-0.158796,0.007329,-0.132359,,,,,,
sample,665,drone,,16.619037,1.930461,2.685648,1.676656,0.364123,-0.049157,0.008558,0.981699,-0.157775,0.007278,-0.134190,,,,,,
sample,666,drone,,16.644028,1.939867,2.684370,1.676872,0.388577,-0.053087,0.008739,0.975316,-0.156754,0.007228,-0.135779,,,,,,
sample,667,drone,,16.669019,1.949883,2.682994,1.677093,0.412871,-0.056992,0.008919,0.968934,-0.155734,0.007177,-0.137171,,,,,,
sample,668,drone,,16.694010,1.960503,2.681521,1.677318,0.437006,-0.060871,0.009098,0.962551,-0.154713,0.007127,-0.138401,,,,,,
sample,669,drone,,16.719001,1.971725,2.679952,1.677547,0.460981,-0.064725,0.009275,0.956169,-0.153692,0.007076,-0.139495,,,,,,
sample,670,drone,,16.743992,1.983544,2.678286,1.677781,0.484797,-0.068553,0.009451,0.949786,-0.152672,0.007026,-0.140474,,,,,,
sample,671,drone,,16.768983,1.995956,2.676525,1.678020,0.508454,-0.072356,0.009626,0.943404,-0.151651,0.006975,-0.141356,,,,,,
sample,672,drone,,16.793974,2.008958,2.674670,1.678262,0.531950,-0.076133,0.009800,0.937021,-0.150630,0.006925,-0.142155,,,,,,
sample,673,drone,,16.818965,2.022544,2.672720,1.678510,0.555288,-0.079885,0.009972,0.930639,-0.149610,0.006874,-0.142881,,,,,,
sample,674,drone,,16.843956,2.036712,2.670677,1.678761,0.578466,-0.083611,0.010143,0.924256,-0.148589,0.006823,-0.143545,,,,,,
sample,675,drone,,16.868947,2.051457,2.668541,1.679017,0.601484,-0.087311,0.010313,0.917874,-0.147568,0.006773,-0.144153,,,,,,
sample,676,drone,,16.893938,2.066775,2.666313,1.679276,0.624343,-0.090986,0.010482,0.911491,-0.146548,0.006722,-0.144713,,,,,,
sample,677,drone,,16.918929,2.082663,2.663993,1.679540,0.647042,-0.094636,0.010649,0.905109,-0.145527,0.006672,-0.145230,,,,,,
sample,678,drone,,16.943920,2.099116,2.661583,1.679809,0.669582,-0.098260,0.010815,0.898726,-0.144507,0.006621,-0.145709,,,,,,
sample,679,drone,,16.968911,2.116130,2.659082,1.680081,0.691962,-0.101859,0.010980,0.892344,-0.143486,0.006571,-0.146153,,,,,,
sample,680,drone,,16.993902,2.133702,2.656492,1.680357,0.714183,-0.105432,0.011144,0.885961,-0.142465,0.006520,-0.146567,,,,,,
sample,681,drone,,17.018893,2.151827,2.653812,1.680638,0.736245,-0.108980,0.011306,0.879579,-0.141445,0.006470,-0.146954,,,,,,
sample,682,drone,,17.043884,2.170501,2.651045,1.680923,0.758146,-0.112502,0.011467,0.873196,-0.140424,0.006419,-0.147315,,,,,,
sample,683,drone,,17.068875,2.189720,2.648189,1.681211,0.779889,-0.115998,0.011627,0.866813,-0.139403,0.006369,-0.147654,,,,,,
sample,684,drone,,17.093866,2.209481,2.645247,1.681504,0.801472,-0.119469,0.011786,0.860431,-0.138383,0.006318,-0.147973,,,,,,
sample,685,drone,,17.118858,2.229779,2.642218,1.681800,0.822895,-0.122915,0.011943,0.854048,-0.137362,0.006268,-0.148273,,,,,,
sample,686,drone,,17.143849,2.250611,2.639103,1.682101,0.844159,-0.126335,0.012099,0.847666,-0.136341,0.006217,-0.148555,,,,,,
sample,687,drone,,17.168840,2.271972,2.635903,1.682405,0.865263,-0.129730,0.012254,0.841283,-0.135321,0.006167,-0.148822,,,,,,
sample,688,drone,,17.193831,2.293859,2.632619,1.682713,0.886208,-0.133099,0.012407,0.834901,-0.134300,0.006116,-0.149075,,,,,,
sample,689,drone,,17.218822,2.316267,2.629251,1.683025,0.906993,-0.136442,0.012559,0.828518,-0.133279,0.006066,-0.149314,,,,,,
sample,690,drone,,17.243813,2.339192,2.625799,1.683341,0.927619,-0.139760,0.012710,0.822136,-0.132259,0.006015,-0.149541,,,,,,
sample,691,drone,,17.268804,2.362631,2.622265,1.683660,0.948085,-0.143053,0.012860,0.815753,-0.131238,0.005965,-0.149756,,,,,,
sample,692,drone,,17.293795,2.386579,2.618649,1.683984,0.968392,-0.146320,0.013008,0.809371,-0.130217,0.005914,-0.149961,,,,,,
sample,693,drone,,17.318786,2.411033,2.614952,1.684311,0.988539,-0.149561,0.013156,0.802988,-0.129197,0.005863,-0.150156,,,,,,
sample,694,drone,,17.343777,2.435989,2.611174,1.684641,1.008527,-0.152777,0.013301,0.796606,-0.128176,0.005813,-0.150342,,,,,,
sample,695,drone,,17.368768,2.461442,2.607316,1.684975,1.028355,-0.155968,0.013446,0.790223,-0.127156,0.005762,-0.150520,,,,,,
sample,696,drone,,17.393759,2.487388,2.603378,1.685313,1.048024,-0.159133,0.013589,0.783841,-0.126135,0.005712,-0.150690,,,,,,
sample,697,drone,,17.418750,2.513824,2.599362,1.685655,1.067533,-0.162272,0.013732,0.777458,-0.125114,0.005661,-0.150852,,,,,,
sample,698,drone,,17.443741,2.540745,2.595268,1.686000,1.086883,-0.165386,0.013872,0.771076,-0.124094,0.005611,-0.151007,,,,,,
sample,699,drone,,17.468732,2.568149,2.591096,1.686348,1.106073,-0.168475,0.014012,0.764693,-0.123073,0.005560,-0.151156,,,,,,
sample,700,drone,,17.493723,2.596029,2.586847,1.686700,1.125104,-0.171538,0.014150,0.758311,-0.122052,0.005510,-0.151299,,,,,,
sample,701,drone,,17.518714,2.624384,2.582522,1.687055,1.143975,-0.174575,0.014287,0.751928,-0.121032,0.005459,-0.151436,,,,,,
sample,702,drone,,17.543705,2.653208,2.578121,1.687414,1.162687,-0.177587,0.014423,0.745546,-0.120011,0.005409,-0.151567,,,,,,
sample,703,drone,,17.568696,2.682497,2.573646,1.687776,1.181239,-0.180573,0.014558,0.739163,-0.118990,0.005358,-0.151694,,,,,,
sample,704,drone,,17.593687,2.712248,2.569096,1.688142,1.199632,-0.183534,0.014691,0.732781,-0.117970,0.005308,-0.151815,,,,,,
sample,705,drone,,17.618678,2.742457,2.564472,1.688510,1.217865,-0.186470,0.014823,0.726398,-0.116949,0.005257,-0.151932,,,,,,
sample,706,drone,,17.643669,2.773120,2.559776,1.688883,1.235938,-0.189380,0.014954,0.720016,-0.115928,0.005207,-0.152045,,,,,,
sample,707,drone,,17.668660,2.804232,2.555007,1.689258,1.253853,-0.192264,0.015083,0.713633,-0.114908,0.005156,-0.152154,,,,,,
sample,708,drone,,17.693651,2.835790,2.550166,1.689636,1.271607,-0.195123,0.015211,0.707251,-0.113887,0.005106,-0.152258,,,,,,
sample,709,drone,,17.718642,2.867789,2.545254,1.690018,1.289202,-0.197957,0.015338,0.700868,-0.112867,0.005055,-0.152360,,,,,,
sample,710,drone,,17.743633,2.900227,2.540272,1.690403,1.306638,-0.200764,0.015464,0.694485,-0.111846,0.005004,-0.152457,,,,,,
sample,711,drone,,17.768624,2.933098,2.535219,1.690791,1.323914,-0.203547,0.015589,0.688103,-0.110825,0.004954,-0.152552,,,,,,
sample,712,drone,,17.793615,2.966399,2.530098,1.691182,1.341031,-0.206304,0.015712,0.681720,-0.109805,0.004903,-0.152643,,,,,,
sample,713,drone,,17.818606,3.000125,2.524908,1.691576,1.357988,-0.209035,0.015834,0.675338,-0.108784,0.004853,-0.152731,,,,,,
sample,714,drone,,17.843597,3.034274,2.519650,1.691974,1.374786,-0.211741,0.015954,0.668955,-0.107763,0.004802,-0.152817,,,,,,
sample,715,drone,,17.868588,3.068840,2.514325,1.692374,1.391424,-0.214421,0.016074,0.662573,-0.106743,0.004752,-0.152899,,,,,,
sample,716,drone,,17.893580,3.103820,2.508933,1.692777,1.407903,-0.217076,0.016192,0.656190,-0.105722,0.004701,-0.152979,,,,,,
sample,717,drone,,17.918571,3.139210,2.503475,1.693183,1.424222,-0.219705,0.016309,0.649808,-0.104701,0.004651,-0.153057,,,,,,
sample,718,drone,,17.943562,3.175006,2.497951,1.693592,1.440381,-0.222309,0.016424,0.643425,-0.103681,0.004600,-0.153132,,,,,,
sample,719,drone,,17.968553,3.211203,2.492363,1.694004,1.456381,-0.224888,0.016539,0.637043,-0.102660,0.004550,-0.153205,,,,,,
sample,720,drone,,17.993544,3.247799,2.486711,1.694419,1.472222,-0.227440,0.016652,0.630660,-0.101639,0.004499,-0.153276,,,,,,
sample,721,drone,,18.018535,3.284788,2.480995,1.694836,1.487903,-0.229968,0.016763,0.624278,-0.100619,0.004449,-0.153345,,,,,,
sample,722,drone,,18.043526,3.322167,2.475217,1.695257,1.503425,-0.232470,0.016874,0.617895,-0.099598,0.004398,-0.153412,,,,,,
sample,723,drone,,18.068517,3.359932,2.469376,1.695680,1.518787,-0.234946,0.016983,0.611513,-0.098577,0.004348,-0.153477,,,,,,
sample,724,drone,,18.093508,3.398079,2.463474,1.696106,1.533989,-0.237397,0.017091,0.605130,-0.097557,0.004297,-0.153540,,,,,,
sample,725,drone,,18.118499,3.436604,2.457510,1.696534,1.549032,-0.239822,0.017198,0.598748,-0.096536,0.004247,-0.153601,,,,,,
sample,726,drone,,18.143490,3.475503,2.451487,1.696965,1.563916,-0.242222,0.017304,0.592365,-0.095516,0.004196,-0.153661,,,,,,
sample,727,drone,,18.168481,3.514772,2.445404,1.697399,1.578640,-0.244596,0.017408,0.585983,-0.094495,0.004146,-0.153719,,,,,,
sample,728,drone,,18.193472,3.554407,2.439262,1.697835,1.593205,-0.246945,0.017511,0.579600,-0.093474,0.004095,-0.153775,,,,,,
sample,729,drone,,18.218463,3.594404,2.433061,1.698274,1.607610,-0.249268,0.017613,0.573218,-0.092454,0.004044,-0.153830,,,,,,
sample,730,drone,,18.243454,3.634758,2.426803,1.698716,1.621855,-0.251566,0.017713,0.566835,-0.091433,0.003994,-0.153884,,,,,,
sample,731,drone,,18.268445,3.675467,2.420487,1.699159,1.635941,-0.253838,0.017812,0.560453,-0.090412,0.003943,-0.153936,,,,,,
sample,732,drone,,18.293436,3.716526,2.414115,1.699606,1.649868,-0.256085,0.017910,0.554070,-0.089392,0.003893,-0.153987,,,,,,
sample,733,drone,,18.318427,3.757931,2.407687,1.700055,1.663635,-0.258306,0.018007,0.547688,-0.088371,0.003842,-0.154036,,,,,,
sample,734,drone,,18.343418,3.799678,2.401205,1.700506,1.677242,-0.260502,0.018102,0.541305,-0.087350,0.003792,-0.154084,,,,,,
sample,735,drone,,18.368409,3.841763,2.394667,1.700959,1.690690,-0.262672,0.018196,0.534923,-0.086330,0.003741,-0.154132,,,,,,
sample,736,drone,,18.393400,3.884182,2.388076,1.701415,1.703979,-0.264817,0.018289,0.528540,-0.085309,0.003691,-0.154177,,,,,,
sample,737,drone,,18.418391,3.926931,2.381431,1.701874,1.717108,-0.266936,0.018381,0.522157,-0.084288,0.003640,-0.154222,,,,,,
sample,738,drone,,18.443382,3.970007,2.374734,1.702334,1.730077,-0.269030,0.018471,0.515775,-0.083268,0.003590,-0.154266,,,,,,
sample,739,drone,,18.468373,4.013404,2.367984,1.702797,1.742887,-0.271098,0.018560,0.509392,-0.082247,0.003539,-0.154309,,,,,,
sample,740,drone,,18.493364,4.057120,2.361184,1.703262,1.755538,-0.273141,0.018648,0.503010,-0.081226,0.003489,-0.154350,,,,,,
sample,741,drone,,18.518355,4.101150,2.354332,1.703729,1.768029,-0.275158,0.018734,0.496627,-0.080206,0.003438,-0.154391,,,,,,
sample,742,drone,,18.543346,4.145490,2.347431,1.704198,1.780360,-0.277149,0.018820,0.490245,-0.079185,0.003388,-0.154431,,,,,,
sample,743,drone,,18.568337,4.190136,2.340480,1.704669,1.792532,-0.279116,0.018904,0.483862,-0.078165,0.003337,-0.154470,,,,,,
sample,744,drone,,18.593328,4.235084,2.333480,1.705143,1.804545,-0.281056,0.018987,0.477480,-0.077144,0.003287,-0.154508,,,,,,
sample,745,drone,,18.618319,4.280331,2.326432,1.705618,1.816398,-0.282971,0.019068,0.471097,-0.076123,0.003236,-0.154545,,,,,,
sample,746,drone,,18.643311,4.325871,2.319336,1.706096,1.828091,-0.284861,0.019148,0.464715,-0.075103,0.003185,-0.154581,,,,,,
sample,747,drone,,18.668302,4.371702,2.312194,1.706576,1.839625,-0.286725,0.019227,0.458332,-0.074082,0.003135,-0.154617,,,,,,
sample,748,drone,,18.693293,4.417820,2.305005,1.707057,1.851000,-0.288564,0.019305,0.451950,-0.073061,0.003084,-0.154651,,,,,,
sample,749,drone,,18.718284,4.464219,2.297771,1.707540,1.862215,-0.290377,0.019381,0.445567,-0.072041,0.003034,-0.154685,,,,,,
sample,750,drone,,18.743275,4.510897,2.290492,1.708026,1.873270,-0.292165,0.019457,0.439185,-0.071020,0.002983,-0.154719,,,,,,
sample,751,drone,,18.768266,4.557849,2.283168,1.708513,1.884166,-0.293927,0.019531,0.432802,-0.069999,0.002933,-0.154751,,,,,,
sample,752,drone,,18.793257,4.605071,2.275801,1.709002,1.894902,-0.295663,0.019603,0.426420,-0.068979,0.002882,-0.154783,,,,,,
sample,753,drone,,18.818248,4.652560,2.268390,1.709493,1.905479,-0.297374,0.019675,0.420037,-0.067958,0.002832,-0.154814,,,,,,
sample,754,drone,,18.843239,4.700311,2.260937,1.709985,1.915897,-0.299060,0.019745,0.413655,-0.066937,0.002781,-0.154844,,,,,,
sample,755,drone,,18.868230,4.748321,2.253442,1.710480,1.926155,-0.300720,0.019814,0.407272,-0.065917,0.002731,-0.154874,,,,,,
sample,756,drone,,18.893221,4.796584,2.245907,1.710976,1.936253,-0.302355,0.019881,0.400890,-0.064896,0.002680,-0.154904,,,,,,
sample,757,drone,,18.918212,4.845099,2.238330,1.711473,1.946192,-0.303964,0.019948,0.394507,-0.063875,0.002630,-0.154932,,,,,,
sample,758,drone,,18.943203,4.893859,2.230714,1.711973,1.955971,-0.305547,0.020013,0.388125,-0.062855,0.002579,-0.154960,,,,,,
sample,759,drone,,18.968194,4.942862,2.223058,1.712474,1.965591,-0.307105,0.020077,0.381742,-0.061834,0.002529,-0.154988,,,,,,
sample,760,drone,,18.993185,4.992103,2.215364,1.712976,1.975051,-0.308638,0.020139,0.375360,-0.060814,0.002478,-0.155015,,,,,,
sample,761,drone,,19.018176,5.041579,2.207632,1.713480,1.984352,-0.310145,0.020200,0.368977,-0.059793,0.002428,-0.155041,,,,,,
sample,762,drone,,19.043167,5.091285,2.199862,1.713986,1.993494,-0.311626,0.020260,0.362595,-0.058772,0.002377,-0.155067,,,,,,
sample,763,drone,,19.068158,5.141218,2.192056,1.714493,2.002476,-0.313082,0.020319,0.356212,-0.057752,0.002327,-0.155092,,,,,,
sample,764,drone,,19.093149,5.191373,2.184214,1.715001,2.011298,-0.314513,0.020377,0.349829,-0.056731,0.002276,-0.155117,,,,,,
sample,765,drone,,19.118140,5.241747,2.176336,1.715511,2.019961,-0.315918,0.020433,0.343447,-0.055710,0.002225,-0.155141,,,,,,
sample,766,drone,,19.143131,5.292335,2.168424,1.716023,2.028464,-0.317297,0.020488,0.337064,-0.054690,0.002175,-0.155165,,,,,,
sample,767,drone,,19.168122,5.343134,2.160477,1.716535,2.036808,-0.318651,0.020542,0.330682,-0.053669,0.002124,-0.155189,,,,,,
sample,768,drone,,19.193113,5.394139,2.152497,1.717049,2.044992,-0.319980,0.020594,0.324299,-0.052648,0.002074,-0.155211,,,,,,
sample,769,drone,,19.218104,5.445347,2.144484,1.717565,2.053017,-0.321283,0.020645,0.317917,-0.051628,0.002023,-0.155234,,,,,,
sample,770,drone,,19.243095,5.496753,2.136438,1.718081,2.060882,-0.322560,0.020695,0.311534,-0.050607,0.001973,-0.155256,,,,,,
sample,771,drone,,19.268086,5.548354,2.128362,1.718599,2.068588,-0.323812,0.020744,0.305152,-0.049586,0.001922,-0.155278,,,,,,
sample,772,drone,,19.293077,5.600145,2.120254,1.719118,2.076135,-0.325039,0.020791,0.298769,-0.048566,0.001872,-0.155299,,,,,,
sample,773,drone,,19.318068,5.652123,2.112115,1.719638,2.083521,-0.326240,0.020837,0.292387,-0.047545,0.001821,-0.155320,,,,,,
sample,774,drone,,19.343059,5.704284,2.103947,1.720160,2.090749,-0.327415,0.020882,0.286004,-0.046524,0.001771,-0.155340,,,,,,
sample,775,drone,,19.368050,5.756623,2.095751,1.720682,2.097816,-0.328565,0.020926,0.279622,-0.045504,0.001720,-0.155360,,,,,,
sample,776,drone,,19.393042,5.809137,2.087525,1.721206,2.104725,-0.329690,0.020968,0.273239,-0.044483,0.001670,-0.155380,,,,,,
sample,777,drone,,19.418033,5.861822,2.079272,1.721730,2.111473,-0.330789,0.021009,0.266857,-0.043463,0.001619,-0.155399,,,,,,
sample,778,drone,,19.443024,5.914673,2.070992,1.722256,2.118063,-0.331862,0.021049,0.260474,-0.042442,0.001569,-0.155418,,,,,,
sample,779,drone,,19.468015,5.967687,2.062685,1.722782,2.124492,-0.332910,0.021088,0.254092,-0.041421,0.001518,-0.155437,,,,,,
sample,780,drone,,19.493006,6.020860,2.054352,1.723310,2.130763,-0.333932,0.021125,0.247709,-0.040401,0.001468,-0.155455,,,,,,
sample,781,drone,,19.517997,6.074187,2.045994,1.723838,2.136874,-0.334929,0.021161,0.241327,-0.039380,0.001417,-0.155473,,,,,,
sample,782,drone,,19.542988,6.127665,2.037612,1.724367,2.142825,-0.335901,0.021196,0.234944,-0.038359,0.001366,-0.155491,,,,,,
sample,783,drone,,19.567979,6.181290,2.029205,1.724897,2.148616,-0.336846,0.021229,0.228562,-0.037339,0.001316,-0.155508,,,,,,
sample,784,drone,,19.592970,6.235057,2.020775,1.725428,2.154249,-0.337767,0.021262,0.222179,-0.036318,0.001265,-0.155525,,,,,,
sample,785,drone,,19.617961,6.288963,2.012323,1.725960,2.159721,-0.338662,0.021293,0.215797,-0.035297,0.001215,-0.155541,,,,,,
sample,786,drone,,19.642952,6.343005,2.003848,1.726493,2.165035,-0.339531,0.021322,0.209414,-0.034277,0.001164,-0.155558,,,,,,
sample,787,drone,,19.667943,6.397176,1.995352,1.727026,2.170188,-0.340375,0.021351,0.203032,-0.033256,0.001114,-0.155574,,,,,,
sample,788,drone,,19.692934,6.451475,1.986836,1.727560,2.175183,-0.341193,0.021378,0.196649,-0.032235,0.001063,-0.155590,,,,,,
sample,789,drone,,19.717925,6.505897,1.978299,1.728094,2.180017,-0.341986,0.021404,0.190266,-0.031215,0.001013,-0.155605,,,,,,
sample,790,drone,,19.742916,6.560437,1.969743,1.728630,2.184693,-0.342753,0.021429,0.183884,-0.030194,0.000962,-0.155620,,,,,,
sample,791,drone,,19.767907,6.615092,1.961167,1.729165,2.189208,-0.343495,0.021452,0.177501,-0.029173,0.000912,-0.155635,,,,,,
sample,792,drone,,19.792898,6.669858,1.952574,1.729702,2.193564,-0.344212,0.021474,0.171119,-0.028153,0.000861,-0.155650,,,,,,
sample,793,drone,,19.817889,6.724731,1.943963,1.730239,2.197761,-0.344902,0.021495,0.164736,-0.027132,0.000811,-0.155664,,,,,,
sample,794,drone,,19.842880,6.779707,1.935335,1.730776,2.201798,-0.345568,0.021515,0.158354,-0.026112,0.000760,-0.155678,,,,,,
sample,795,drone,,19.867871,6.834781,1.926691,1.731314,2.205676,-0.346208,0.021533,0.151971,-0.025091,0.000710,-0.155692,,,,,,
sample,796,drone,,19.892862,6.889951,1.918031,1.731853,2.209394,-0.346822,0.021550,0.145589,-0.024070,0.000659,-0.155705,,,,,,
sample,797,drone,,19.917853,6.945211,1.909356,1.732391,2.212953,-0.347411,0.021566,0.139206,-0.023050,0.000609,-0.155719,,,,,,
sample,798,drone,,19.942844,7.000559,1.900667,1.732930,2.216352,-0.347974,0.021581,0.132824,-0.022029,0.000558,-0.155732,,,,,,
sample,799,drone,,19.967835,7.055989,1.891963,1.733470,2.219592,-0.348512,0.021594,0.126441,-0.021008,0.000508,-0.155745,,,,,,
sample,800,drone,,19.992826,7.111499,1.883247,1.734010,2.222672,-0.349024,0.021606,0.120059,-0.019988,0.000457,-0.155757,,,,,,
sample,801,drone,,20.017817,7.167083,1.874518,1.734550,2.225592,-0.349511,0.021617,0.113676,-0.018967,0.000406,-0.155769,,,,,,
sample,802,drone,,20.042808,7.222738,1.865778,1.735090,2.228354,-0.349972,0.021626,0.107294,-0.017946,0.000356,-0.155782,,,,,,
sample,803,drone,,20.067799,7.278461,1.857026,1.735631,2.230955,-0.350408,0.021635,0.100911,-0.016926,0.000305,-0.155793,,,,,,
sample,804,drone,,20.092790,7.334246,1.848264,1.736172,2.233397,-0.350818,0.021642,0.094529,-0.015905,0.000255,-0.155805,,,,,,
sample,805,drone,,20.117781,7.390090,1.839492,1.736712,2.235680,-0.351203,0.021647,0.088146,-0.014884,0.000204,-0.155816,,,,,,
sample,806,drone,,20.142772,7.445990,1.830710,1.737254,2.237803,-0.351562,0.021652,0.081764,-0.013864,0.000154,-0.155828,,,,,,
sample,807,drone,,20.167764,7.501940,1.821920,1.737795,2.239767,-0.351896,0.021655,0.075381,-0.012843,0.000103,-0.155839,,,,,,
sample,808,drone,,20.192755,7.557938,1.813122,1.738336,2.241571,-0.352204,0.021657,0.068999,-0.011823,0.000053,-0.155849,,,,,,
sample,809,drone,,20.217746,7.613979,1.804316,1.738877,2.243215,-0.352487,0.021658,0.062616,-0.010802,0.000002,-0.155860,,,,,,
sample,810,drone,,20.242737,7.670059,1.795504,1.739418,2.244700,-0.352744,0.021657,0.056234,-0.009781,-0.000048,-0.155870,,,,,,
sample,811,drone,,20.267728,7.726174,1.786685,1.739960,2.246026,-0.352975,0.021655,0.049851,-0.008761,-0.000099,-0.155881,,,,,,
sample,812,drone,,20.292719,7.782320,1.777861,1.740501,2.247192,-0.353182,0.021652,0.043469,-0.007740,-0.000149,-0.155891,,,,,,
sample,813,drone,,20.317710,7.838493,1.769032,1.741042,2.248199,-0.353362,0.021648,0.037086,-0.006719,-0.000200,-0.155900,,,,,,
sample,814,drone,,20.342701,7.894689,1.760199,1.741583,2.249046,-0.353517,0.021642,0.030704,-0.005699,-0.000250,-0.155910,,,,,,
sample,815,drone,,20.367692,7.950905,1.751363,1.742124,2.249733,-0.353647,0.021635,0.024321,-0.004678,-0.000301,-0.155919,,,,,,
sample,816,drone,,20.392683,8.007136,1.742523,1.742664,2.250261,-0.353751,0.021627,0.017938,-0.003657,-0.000351,-0.155928,,,,,,
sample,817,drone,,20.417674,8.063378,1.733682,1.743205,2.250630,-0.353830,0.021618,0.011556,-0.002637,-0.000402,-0.155937,,,,,,
sample,818,drone,,20.442665,8.119627,1.724838,1.743745,2.250839,-0.353883,0.021607,0.005173,-0.001616,-0.000453,-0.155946,,,,,,
sample,819,drone,,20.467656,8.175879,1.715994,1.744285,2.250888,-0.353911,0.021595,-0.001209,-0.000595,-0.000503,-0.155955,,,,,,
sample,820,drone,,20.492647,8.232131,1.707149,1.744824,2.250778,-0.353913,0.021582,-0.007592,0.000425,-0.000554,-0.155963,,,,,,
sample,821,drone,,20.517638,8.288378,1.698304,1.745363,2.250509,-0.353889,0.021568,-0.013974,0.001446,-0.000604,-0.155971,,,,,,
sample,822,drone,,20.542629,8.344616,1.689461,1.745902,2.250080,-0.353841,0.021552,-0.020357,0.002467,-0.000655,-0.155979,,,,,,
sample,823,drone,,20.567620,8.400841,1.680619,1.746440,2.249492,-0.353766,0.021535,-0.026739,0.003487,-0.000705,-0.155987,,,,,,
sample,824,drone,,20.592611,8.457050,1.671779,1.746978,2.248744,-0.353666,0.021517,-0.033122,0.004508,-0.000756,-0.155995,,,,,,
sample,825,drone,,20.617602,8.513238,1.662942,1.747516,2.247836,-0.353541,0.021497,-0.039504,0.005528,-0.000806,-0.156003,,,,,,
sample,826,drone,,20.642593,8.569402,1.654108,1.748053,2.246769,-0.353390,0.021476,-0.045887,0.006549,-0.000857,-0.156010,,,,,,
sample,827,drone,,20.667584,8.625536,1.645279,1.748589,2.245543,-0.353213,0.021454,-0.052269,0.007570,-0.000907,-0.156017,,,,,,
sample,828,drone,,20.692575,8.681638,1.636454,1.749125,2.244157,-0.353012,0.021431,-0.058652,0.008590,-0.000958,-0.156024,,,,,,
sample,829,drone,,20.717566,8.737704,1.627634,1.749660,2.242611,-0.352784,0.021406,-0.065034,0.009611,-0.001008,-0.156031,,,,,,
sample,830,drone,,20.742557,8.793729,1.618821,1.750195,2.240906,-0.352531,0.021380,-0.071417,0.010632,-0.001059,-0.156038,,,,,,
sample,831,drone,,20.767548,8.849709,1.610014,1.750729,2.239041,-0.352253,0.021353,-0.077799,0.011652,-0.001109,-0.156044,,,,,,
sample,832,drone,,20.792539,8.905641,1.601215,1.751262,2.237017,-0.351949,0.021325,-0.084182,0.012673,-0.001160,-0.156050,,,,,,
sample,833,drone,,20.817530,8.961520,1.592423,1.751795,2.234834,-0.351619,0.021295,-0.090564,0.013694,-0.001210,-0.156056,,,,,,
sample,834,drone,,20.842521,9.017342,1.583640,1.752327,2.232491,-0.351264,0.021265,-0.096947,0.014714,-0.001261,-0.156062,,,,,,
sample,835,drone,,20.867512,9.073104,1.574866,1.752858,2.229988,-0.350884,0.021232,-0.103329,0.015735,-0.001311,-0.156068,,,,,,
sample,836,drone,,20.892503,9.128802,1.566102,1.753388,2.227326,-0.350478,0.021199,-0.109712,0.016756,-0.001362,-0.156074,,,,,,
sample,837,drone,,20.917495,9.184431,1.557349,1.753917,2.224505,-0.350046,0.021164,-0.116094,0.017776,-0.001413,-0.156079,,,,,,
sample,838,drone,,20.942486,9.239987,1.548606,1.754446,2.221524,-0.349589,0.021128,-0.122477,0.018797,-0.001463,-0.156085,,,,,,
sample,839,drone,,20.967477,9.295467,1.539875,1.754973,2.218383,-0.349107,0.021091,-0.128859,0.019818,-0.001514,-0.156090,,,,,,
sample,840,drone,,20.992468,9.350866,1.531157,1.755500,2.215083,-0.348599,0.021053,-0.135242,0.020838,-0.001564,-0.156095,,,,,,
sample,841,drone,,21.017459,9.406181,1.522452,1.756026,2.211623,-0.348065,0.021013,-0.141624,0.021859,-0.001615,-0.156100,,,,,,
sample,842,drone,,21.042450,9.461408,1.513760,1.756550,2.208004,-0.347506,0.020972,-0.148007,0.022879,-0.001665,-0.156104,,,,,,
sample,843,drone,,21.067441,9.516542,1.505083,1.757074,2.204226,-0.346922,0.020930,-0.154390,0.023900,-0.001716,-0.156109,,,,,,
sample,844,drone,,21.092432,9.571580,1.496420,1.757596,2.200288,-0.346312,0.020886,-0.160772,0.024921,-0.001766,-0.156113,,,,,,
sample,845,drone,,21.117423,9.626517,1.487773,1.758118,2.196190,-0.345676,0.020842,-0.167155,0.025941,-0.001817,-0.156117,,,,,,
sample,846,drone,,21.142414,9.681350,1.479142,1.758638,2.191933,-0.345015,0.020795,-0.173537,0.026962,-0.001867,-0.156121,,,,,,
sample,847,drone,,21.167405,9.736074,1.470529,1.759157,2.187516,-0.344329,0.020748,-0.179920,0.027983,-0.001918,-0.156125,,,,,,
sample,848,drone,,21.192396,9.790686,1.461932,1.759675,2.182940,-0.343616,0.020700,-0.186302,0.029003,-0.001968,-0.156129,,,,,,
sample,849,drone,,21.217387,9.845182,1.453354,1.760192,2.178204,-0.342879,0.020650,-0.192685,0.030024,-0.002019,-0.156132,,,,,,
sample,850,drone,,21.242378,9.899557,1.444794,1.760707,2.173309,-0.342116,0.020599,-0.199067,0.031045,-0.002069,-0.156136,,,,,,
sample,851,drone,,21.267369,9.953809,1.436254,1.761221,2.168255,-0.341327,0.020546,-0.205450,0.032065,-0.002120,-0.156139,,,,,,
sample,852,drone,,21.292360,10.007931,1.427734,1.761734,2.163040,-0.340513,0.020493,-0.211832,0.033086,-0.002170,-0.156142,,,,,,
sample,853,drone,,21.317351,10.061922,1.419235,1.762246,2.157667,-0.339674,0.020438,-0.218215,0.034107,-0.002221,-0.156145,,,,,,
sample,854,drone,,21.342342,10.115776,1.410757,1.762756,2.152134,-0.338808,0.020382,-0.224597,0.035127,-0.002272,-0.156148,,,,,,
sample,855,drone,,21.367333,10.169490,1.402300,1.763264,2.146441,-0.337918,0.020324,-0.230980,0.036148,-0.002322,-0.156150,,,,,,
sample,856,drone,,21.392324,10.223060,1.393867,1.763772,2.140589,-0.337002,0.020266,-0.237362,0.037169,-0.002373,-0.156152,,,,,,
sample,857,drone,,21.417315,10.276481,1.385456,1.764277,2.134577,-0.336060,0.020206,-0.243745,0.038189,-0.002423,-0.156155,,,,,,
sample,858,drone,,21.442306,10.329750,1.377070,1.764782,2.128406,-0.335093,0.020145,-0.250127,0.039210,-0.002474,-0.156157,,,,,,
sample,859,drone,,21.467297,10.382863,1.368708,1.765284,2.122075,-0.334100,0.020082,-0.256510,0.040230,-0.002524,-0.156159,,,,,,
sample,860,drone,,21.492288,10.435816,1.360371,1.765785,2.115585,-0.333082,0.020018,-0.262892,0.041251,-0.002575,-0.156160,,,,,,
sample,861,drone,,21.517279,10.488604,1.352060,1.766285,2.108935,-0.332038,0.019953,-0.269275,0.042272,-0.002625,-0.156162,,,,,,
sample,862,drone,,21.542270,10.541225,1.343775,1.766783,2.102126,-0.330969,0.019887,-0.275657,0.043292,-0.002676,-0.156163,,,,,,
sample,863,drone,,21.567261,10.593673,1.335517,1.767279,2.095157,-0.329875,0.019820,-0.282040,0.044313,-0.002726,-0.156164,,,,,,
sample,864,drone,,21.592252,10.645945,1.327287,1.767773,2.088029,-0.328754,0.019751,-0.288422,0.045334,-0.002777,-0.156165,,,,,,
sample,865,drone,,21.617243,10.698037,1.319085,1.768266,2.080741,-0.327609,0.019681,-0.294805,0.046354,-0.002827,-0.156166,,,,,,
sample,866,drone,,21.642234,10.749945,1.310912,1.768757,2.073294,-0.326438,0.019610,-0.301187,0.047375,-0.002878,-0.156167,,,,,,
sample,867,drone,,21.667225,10.801665,1.302769,1.769246,2.065687,-0.325241,0.019537,-0.307570,0.048396,-0.002928,-0.156167,,,,,,
sample,868,drone,,21.692217,10.853192,1.294656,1.769733,2.057921,-0.324019,0.019463,-0.313952,0.049416,-0.002979,-0.156167,,,,,,
sample,869,drone,,21.717208,10.904524,1.286574,1.770219,2.049995,-0.322771,0.019388,-0.320335,0.050437,-0.003029,-0.156168,,,,,,
sample,870,drone,,21.742199,10.955655,1.278523,1.770703,2.041910,-0.321498,0.019312,-0.326718,0.051458,-0.003080,-0.156167,,,,,,
sample,871,drone,,21.767190,11.006583,1.270505,1.771184,2.033665,-0.320199,0.019234,-0.333100,0.052478,-0.003130,-0.156167,,,,,,
sample,872,drone,,21.792181,11.057302,1.262519,1.771664,2.025261,-0.318875,0.019155,-0.339483,0.053499,-0.003181,-0.156167,,,,,,
sample,873,drone,,21.817172,11.107809,1.254567,1.772142,2.016697,-0.317525,0.019075,-0.345865,0.054520,-0.003232,-0.156166,,,,,,
sample,874,drone,,21.842163,11.158101,1.246649,1.772617,2.007974,-0.316150,0.018994,-0.352248,0.055540,-0.003282,-0.156165,,,,,,
sample,875,drone,,21.867154,11.208172,1.238765,1.773091,1.999091,-0.314749,0.018911,-0.358630,0.056561,-0.003333,-0.156164,,,,,,
sample,876,drone,,21.892145,11.258019,1.230917,1.773563,1.990049,-0.313323,0.018827,-0.365013,0.057581,-0.003383,-0.156163,,,,,,
sample,877,drone,,21.917136,11.307639,1.223105,1.774032,1.980847,-0.311871,0.018742,-0.371395,0.058602,-0.003434,-0.156161,,,,,,
sample,878,drone,,21.942127,11.357026,1.215329,1.774499,1.971486,-0.310394,0.018656,-0.377778,0.059623,-0.003484,-0.156160,,,,,,
sample,879,drone,,21.967118,11.406178,1.207590,1.774964,1.961965,-0.308891,0.018568,-0.384160,0.060643,-0.003535,-0.156158,,,,,,
sample,880,drone,,21.992109,11.455089,1.199890,1.775427,1.952285,-0.307363,0.018479,-0.390543,0.061664,-0.003585,-0.156156,,,,,,
sample,881,drone,,22.017100,11.503757,1.192228,1.775888,1.942445,-0.305809,0.018389,-0.396925,0.062685,-0.003636,-0.156153,,,,,,
sample,882,drone,,22.042091,11.552177,1.184605,1.776346,1.932446,-0.304229,0.018297,-0.403308,0.063705,-0.003686,-0.156151,,,,,,
sample,883,drone,,22.067082,11.600345,1.177022,1.776803,1.922287,-0.302625,0.018205,-0.409690,0.064726,-0.003737,-0.156148,,,,,,
sample,884,drone,,22.092073,11.648257,1.169479,1.777256,1.911969,-0.300994,0.018110,-0.416073,0.065747,-0.003787,-0.156145,,,,,,
sample,885,drone,,22.117064,11.695909,1.161978,1.777708,1.901491,-0.299338,0.018015,-0.422455,0.066767,-0.003838,-0.156142,,,,,,
sample,886,drone,,22.142055,11.743297,1.154518,1.778157,1.890853,-0.297657,0.017919,-0.428838,0.067788,-0.003888,-0.156138,,,,,,
sample,887,drone,,22.167046,11.790417,1.147100,1.778603,1.880057,-0.295950,0.017821,-0.435220,0.068809,-0.003939,-0.156134,,,,,,
sample,888,drone,,22.192037,11.837266,1.139725,1.779048,1.869100,-0.294218,0.017722,-0.441603,0.069829,-0.003989,-0.156130,,,,,,
sample,889,drone,,22.217028,11.883839,1.132394,1.779489,1.857984,-0.292460,0.017621,-0.447985,0.070850,-0.004040,-0.156126,,,,,,
sample,890,drone,,22.242019,11.930132,1.125108,1.779928,1.846709,-0.290677,0.017520,-0.454368,0.071870,-0.004091,-0.156122,,,,,,
sample,891,drone,,22.267010,11.976141,1.117866,1.780365,1.835274,-0.288868,0.017417,-0.460750,0.072891,-0.004141,-0.156117,,,,,,
sample,892,drone,,22.292001,12.021863,1.110669,1.780799,1.823680,-0.287033,0.017313,-0.467133,0.073912,-0.004192,-0.156112,,,,,,
sample,893,drone,,22.316992,12.067293,1.103519,1.781230,1.811926,-0.285174,0.017208,-0.473515,0.074932,-0.004242,-0.156106,,,,,,
sample,894,drone,,22.341983,12.112427,1.096416,1.781659,1.800012,-0.283288,0.017101,-0.479898,0.075953,-0.004293,-0.156101,,,,,,
sample,895,drone,,22.366974,12.157261,1.089360,1.782085,1.787939,-0.281377,0.016993,-0.486280,0.076974,-0.004343,-0.156095,,,,,,
sample,896,drone,,22.391965,12.201791,1.082352,1.782508,1.775707,-0.279441,0.016884,-0.492663,0.077994,-0.004394,-0.156089,,,,,,
sample,897,drone,,22.416956,12.246014,1.075393,1.782929,1.763315,-0.277479,0.016773,-0.499046,0.079015,-0.004444,-0.156082,,,,,,
sample,898,drone,,22.441948,12.289926,1.068483,1.783347,1.750764,-0.275492,0.016662,-0.505428,0.080036,-0.004495,-0.156075,,,,,,
sample,899,drone,,22.466939,12.333521,1.061623,1.783762,1.738053,-0.273479,0.016549,-0.511811,0.081056,-0.004545,-0.156068,,,,,,
sample,900,drone,,22.491930,12.376797,1.054814,1.784174,1.725182,-0.271440,0.016434,-0.518193,0.082077,-0.004596,-0.156061,,,,,,
sample,901,drone,,22.516921,12.419749,1.048056,1.784583,1.712152,-0.269376,0.016319,-0.524576,0.083098,-0.004646,-0.156053,,,,,,
sample,902,drone,,22.541912,12.462374,1.041350,1.784989,1.698963,-0.267287,0.016202,-0.530958,0.084118,-0.004697,-0.156044,,,,,,
sample,903,drone,,22.566903,12.504667,1.034697,1.785393,1.685614,-0.265172,0.016084,-0.537341,0.085139,-0.004747,-0.156036,,,,,,
sample,904,drone,,22.591894,12.546624,1.028096,1.785793,1.672106,-0.263031,0.015965,-0.543723,0.086160,-0.004798,-0.156027,,,,,,
sample,905,drone,,22.616885,12.588242,1.021550,1.786191,1.658438,-0.260865,0.015844,-0.550106,0.087180,-0.004848,-0.156018,,,,,,
sample,906,drone,,22.641876,12.629517,1.015058,1.786585,1.644610,-0.258674,0.015723,-0.556488,0.088201,-0.004899,-0.156008,,,,,,
sample,907,drone,,22.666867,12.670443,1.008621,1.786977,1.630623,-0.256457,0.015600,-0.562871,0.089221,-0.004949,-0.155998,,,,,,
sample,908,drone,,22.691858,12.711019,1.002239,1.787365,1.616477,-0.254214,0.015475,-0.569253,0.090242,-0.005000,-0.155987,,,,,,
sample,909,drone,,22.716849,12.751238,0.995915,1.787750,1.602171,-0.251946,0.015350,-0.575636,0.091263,-0.005051,-0.155976,,,,,,
sample,910,drone,,22.741840,12.791098,0.989647,1.788132,1.587705,-0.249653,0.015223,-0.582018,0.092283,-0.005101,-0.155964,,,,,,
sample,911,drone,,22.766831,12.830595,0.983436,1.788511,1.573080,-0.247334,0.015095,-0.588401,0.093304,-0.005152,-0.155952,,,,,,
sample,912,drone,,22.791822,12.869724,0.977284,1.788887,1.558296,-0.244989,0.014965,-0.594783,0.094325,-0.005202,-0.155940,,,,,,
sample,913,drone,,22.816813,12.908482,0.971191,1.789259,1.543352,-0.242619,0.014835,-0.601166,0.095345,-0.005253,-0.155927,,,,,,
sample,914,drone,,22.841804,12.946864,0.965158,1.789628,1.528248,-0.240224,0.014703,-0.607548,0.096366,-0.005303,-0.155913,,,,,,
sample,915,drone,,22.866795,12.984867,0.959184,1.789994,1.512985,-0.237803,0.014570,-0.613931,0.097387,-0.005354,-0.155899,,,,,,
sample,916,drone,,22.891786,13.022486,0.953272,1.790356,1.497563,-0.235356,0.014435,-0.620313,0.098407,-0.005404,-0.155884,,,,,,
sample,917,drone,,22.916777,13.059718,0.947421,1.790715,1.481981,-0.232884,0.014299,-0.626696,0.099428,-0.005455,-0.155869,,,,,,
sample,918,drone,,22.941768,13.096559,0.941632,1.791071,1.466239,-0.230387,0.014163,-0.633078,0.100449,-0.005505,-0.155853,,,,,,
sample,919,drone,,22.966759,13.133004,0.935906,1.791423,1.450338,-0.227864,0.014024,-0.639461,0.101469,-0.005556,-0.155837,,,,,,
sample,920,drone,,22.991750,13.169050,0.930243,1.791772,1.434278,-0.225315,0.013885,-0.645843,0.102490,-0.005606,-0.155820,,,,,,
sample,921,drone,,23.016741,13.204692,0.924644,1.792117,1.418058,-0.222741,0.013744,-0.652226,0.103511,-0.005657,-0.155802,,,,,,
sample,922,drone,,23.041732,13.239927,0.919110,1.792459,1.401678,-0.220141,0.013602,-0.658608,0.104531,-0.005707,-0.155783,,,,,,
sample,923,drone,,23.066723,13.274751,0.913641,1.792797,1.385139,-0.217516,0.013459,-0.664991,0.105552,-0.005758,-0.155764,,,,,,
sample,924,drone,,23.091714,13.309159,0.908238,1.793132,1.368440,-0.214866,0.013314,-0.671374,0.106572,-0.005808,-0.155743,,,,,,
sample,925,drone,,23.116705,13.343148,0.902901,1.793463,1.351582,-0.212190,0.013169,-0.677756,0.107593,-0.005859,-0.155722,,,,,,
sample,926,drone,,23.141696,13.376714,0.897632,1.793790,1.334565,-0.209488,0.013021,-0.684139,0.108614,-0.005910,-0.155700,,,,,,
sample,927,drone,,23.166687,13.409852,0.892431,1.794113,1.317388,-0.206761,0.012873,-0.690521,0.109634,-0.005960,-0.155678,,,,,,
sample,928,drone,,23.191678,13.442560,0.887298,1.794433,1.300051,-0.204008,0.012724,-0.696904,0.110655,-0.006011,-0.155654,,,,,,
sample,929,drone,,23.216670,13.474832,0.882234,1.794749,1.282555,-0.201230,0.012573,-0.703286,0.111676,-0.006061,-0.155629,,,,,,
sample,930,drone,,23.241661,13.506664,0.877240,1.795062,1.264899,-0.198426,0.012421,-0.709669,0.112696,-0.006112,-0.155603,,,,,,
sample,931,drone,,23.266652,13.538054,0.872316,1.795370,1.247084,-0.195597,0.012267,-0.716051,0.113717,-0.006162,-0.155576,,,,,,
sample,932,drone,,23.291643,13.568996,0.867463,1.795675,1.229110,-0.192743,0.012113,-0.722434,0.114738,-0.006213,-0.155548,,,,,,
sample,933,drone,,23.316634,13.599487,0.862682,1.795976,1.210976,-0.189862,0.011957,-0.728816,0.115758,-0.006263,-0.155519,,,,,,
sample,934,drone,,23.341625,13.629523,0.857974,1.796272,1.192682,-0.186957,0.011800,-0.735199,0.116779,-0.006314,-0.155488,,,,,,
sample,935,drone,,23.366616,13.659100,0.853338,1.796565,1.174229,-0.184026,0.011641,-0.741581,0.117800,-0.006364,-0.155456,,,,,,
sample,936,drone,,23.391607,13.688214,0.848776,1.796854,1.155616,-0.181069,0.011481,-0.747964,0.118820,-0.006415,-0.155422,,,,,,
sample,937,drone,,23.416598,13.716860,0.844288,1.797139,1.136844,-0.178087,0.011321,-0.754346,0.119841,-0.006465,-0.155387,,,,,,
sample,938,drone,,23.441589,13.745036,0.839875,1.797420,1.117912,-0.175079,0.011158,-0.760729,0.120862,-0.006516,-0.155351,,,,,,
sample,939,drone,,23.466580,13.772736,0.835537,1.797697,1.098821,-0.172046,0.010995,-0.767111,0.121882,-0.006566,-0.155312,,,,,,
sample,940,drone,,23.491571,13.799957,0.831275,1.797970,1.079571,-0.168987,0.010830,-0.773494,0.122903,-0.006617,-0.155272,,,,,,
sample,941,drone,,23.516562,13.826695,0.827091,1.798238,1.060160,-0.165903,0.010664,-0.779876,0.123923,-0.006667,-0.155229,,,,,,
sample,942,drone,,23.541553,13.852946,0.822983,1.798503,1.040591,-0.162793,0.010497,-0.786259,0.124944,-0.006718,-0.155185,,,,,,
sample,943,drone,,23.566544,13.878706,0.818954,1.798763,1.020862,-0.159658,0.010328,-0.792641,0.125965,-0.006768,-0.155139,,,,,,
sample,944,drone,,23.591535,13.903971,0.815003,1.799019,1.000973,-0.156497,0.010159,-0.799024,0.126985,-0.006819,-0.155090,,,,,,
sample,945,drone,,23.616526,13.928737,0.811132,1.799271,0.980925,-0.153311,0.009988,-0.805406,0.128006,-0.006870,-0.155038,,,,,,
sample,946,drone,,23.641517,13.952999,0.807340,1.799518,0.960717,-0.150099,0.009815,-0.811789,0.129027,-0.006920,-0.154984,,,,,,
sample,947,drone,,23.666508,13.976755,0.803630,1.799761,0.940350,-0.146862,0.009642,-0.612033,0.097280,-0.005215,-0.154926,,,,,,
sample,948,drone,,23.691499,14.000000,0.800000,1.800000,0.930126,-0.145237,0.009555,-0.409086,0.065024,-0.003485,-0.154897,,,,,,
