section,index,name,chart_id,t,x,y,z,vx,vy,vz,ax,ay,az,yaw,local_u,local_v,plane_error,boundary_margin,chart_contains,contains
crossing,1,G1,12,1.455527,2.202304,0.098578,1.544804,,,,,,,,-0.165826,-0.091521,0.000000000,0.370590427,True,True
crossing,2,G6,11,3.831830,4.386074,2.702906,2.277473,,,,,,,,-0.434414,0.048575,0.000000000,0.216938163,True,True
crossing,3,G3,1,8.777952,5.874978,-1.940276,1.562858,,,,,,,,0.755557,0.189005,0.000000000,0.137670134,True,True
crossing,4,G2,4,13.029650,8.583069,2.855634,2.666818,,,,,,,,-0.668970,-0.104459,0.000000000,0.151030136,True,True
crossing,5,G5,3,14.308552,10.073103,2.945986,1.681221,,,,,,,,0.463801,0.359442,0.000000000,0.153152088,True,True
crossing,6,G4,0,17.800077,12.469032,-2.201011,2.521690,,,,,,,,0.380323,-0.438062,0.000000000,0.141938148,True,True
sample,0,drone,,0.000000,0.000000,-1.400000,1.200000,0.870265,0.589471,0.135307,1.487232,0.907394,0.196298,0.595360,,,,,,
sample,1,drone,,0.024985,0.021743,-1.385272,1.203381,0.907423,0.612142,0.140211,2.203174,1.345100,0.291107,0.593471,,,,,,
sample,2,drone,,0.049969,0.045343,-1.369412,1.207006,0.980356,0.656685,0.149853,2.863768,1.750823,0.379234,0.590199,,,,,,
sample,3,drone,,0.074954,0.070731,-1.352458,1.210869,1.050523,0.699630,0.159162,2.753073,1.686858,0.365872,0.587529,,,,,,
sample,4,drone,,0.099939,0.097837,-1.334451,1.214959,1.117925,0.740976,0.168136,2.642377,1.622893,0.352510,0.585331,,,,,,
sample,5,drone,,0.124924,0.126593,-1.315432,1.219270,1.182562,0.780725,0.176776,2.531682,1.558928,0.339148,0.583511,,,,,,
sample,6,drone,,0.149908,0.156929,-1.295439,1.223793,1.244432,0.818875,0.185083,2.420987,1.494963,0.325785,0.582000,,,,,,
sample,7,drone,,0.174893,0.188777,-1.274513,1.228519,1.303537,0.855427,0.193056,2.310291,1.430998,0.312423,0.580746,,,,,,
sample,8,drone,,0.199878,0.222066,-1.252694,1.233440,1.359876,0.890381,0.200694,2.199596,1.367033,0.299061,0.579708,,,,,,
sample,9,drone,,0.224862,0.256729,-1.230021,1.238547,1.413449,0.923737,0.207999,2.088900,1.303067,0.285699,0.578856,,,,,,
sample,10,drone,,0.249847,0.292696,-1.206535,1.243833,1.464257,0.955495,0.214971,1.978205,1.239102,0.272336,0.578163,,,,,,
sample,11,drone,,0.274832,0.329897,-1.182276,1.249289,1.512299,0.985654,0.221608,1.867510,1.175137,0.258974,0.577611,,,,,,
sample,12,drone,,0.299817,0.368264,-1.157283,1.254907,1.557576,1.014216,0.227911,1.756814,1.111172,0.245612,0.577183,,,,,,
sample,13,drone,,0.324801,0.407728,-1.131596,1.260678,1.600086,1.041179,0.233881,1.646119,1.047207,0.232250,0.576868,,,,,,
sample,14,drone,,0.349786,0.448220,-1.105256,1.266594,1.639831,1.066544,0.239517,1.535424,0.983242,0.218887,0.576655,,,,,,
sample,15,drone,,0.374771,0.489670,-1.078301,1.272646,1.676810,1.090311,0.244819,1.424728,0.919277,0.205525,0.576536,,,,,,
sample,16,drone,,0.399755,0.532009,-1.050773,1.278827,1.711024,1.112480,0.249787,1.314033,0.855312,0.192163,0.576504,,,,,,
sample,17,drone,,0.424740,0.575169,-1.022711,1.285128,1.742472,1.133051,0.254421,1.203337,0.791347,0.178801,0.576554,,,,,,
sample,18,drone,,0.449725,0.619079,-0.994155,1.291541,1.771154,1.152023,0.258721,1.092642,0.727381,0.165438,0.576682,,,,,,
sample,19,drone,,0.474710,0.663672,-0.965145,1.298056,1.797071,1.169397,0.262688,0.981947,0.663416,0.152076,0.576884,,,,,,
sample,20,drone,,0.499694,0.708878,-0.935721,1.304667,1.820221,1.185174,0.266321,0.871251,0.599451,0.138714,0.577159,,,,,,
sample,21,drone,,0.524679,0.754628,-0.905923,1.311364,1.840607,1.199352,0.269619,0.760556,0.535486,0.125352,0.577504,,,,,,
sample,22,drone,,0.549664,0.800852,-0.875790,1.318140,1.858226,1.211931,0.272584,0.649860,0.471521,0.111989,0.577919,,,,,,
sample,23,drone,,0.574648,0.847482,-0.845363,1.324985,1.873080,1.222913,0.275215,0.539165,0.407556,0.098627,0.578404,,,,,,
sample,24,drone,,0.599633,0.894449,-0.814682,1.331892,1.885168,1.232297,0.277513,0.428470,0.343591,0.085265,0.578958,,,,,,
sample,25,drone,,0.624618,0.941683,-0.783786,1.338852,1.894490,1.240082,0.279476,0.317774,0.279626,0.071903,0.579583,,,,,,
sample,26,drone,,0.649603,0.989115,-0.752716,1.345857,1.901047,1.246270,0.281106,0.207079,0.215661,0.058540,0.580281,,,,,,
sample,27,drone,,0.674587,1.036677,-0.721511,1.352899,1.904838,1.250859,0.282401,0.096384,0.151696,0.045178,0.581053,,,,,,
sample,28,drone,,0.699572,1.084299,-0.690211,1.359969,1.905863,1.253850,0.283363,-0.014312,0.087730,0.031816,0.581902,,,,,,
sample,29,drone,,0.724557,1.131912,-0.658857,1.367058,1.904123,1.255243,0.283991,-0.125007,0.023765,0.018454,0.582832,,,,,,
sample,30,drone,,0.749541,1.179447,-0.627487,1.374160,1.899616,1.255037,0.284285,-0.235703,-0.040200,0.005091,0.583846,,,,,,
sample,31,drone,,0.774526,1.226835,-0.596143,1.381264,1.892345,1.253234,0.284245,-0.346398,-0.104165,-0.008271,0.584949,,,,,,
sample,32,drone,,0.799511,1.274006,-0.564864,1.388363,1.882307,1.249832,0.283872,-0.457093,-0.168130,-0.021633,0.586147,,,,,,
sample,33,drone,,0.824496,1.320892,-0.533690,1.395449,1.869504,1.244832,0.283164,-0.567789,-0.232095,-0.034995,0.587446,,,,,,
sample,34,drone,,0.849480,1.367424,-0.502661,1.402513,1.853935,1.238235,0.282123,-0.678484,-0.296060,-0.048358,0.588853,,,,,,
sample,35,drone,,0.874465,1.413533,-0.471816,1.409546,1.835600,1.230038,0.280748,-0.789180,-0.360025,-0.061720,0.590377,,,,,,
sample,36,drone,,0.899450,1.459148,-0.441196,1.416542,1.814500,1.220244,0.279039,-0.899875,-0.423990,-0.075082,0.592028,,,,,,
sample,37,drone,,0.924434,1.504202,-0.410841,1.423490,1.790634,1.208852,0.276996,-1.010570,-0.487955,-0.088444,0.593816,,,,,,
sample,38,drone,,0.949419,1.548625,-0.380791,1.430383,1.764003,1.195861,0.274620,-1.121266,-0.551921,-0.101807,0.595756,,,,,,
sample,39,drone,,0.974404,1.592348,-0.351085,1.437212,1.734605,1.181273,0.271909,-1.231961,-0.615886,-0.115169,0.597863,,,,,,
sample,40,drone,,0.999389,1.635302,-0.321763,1.443970,1.702442,1.165086,0.268865,-1.342656,-0.679851,-0.128531,0.600153,,,,,,
sample,41,drone,,1.024373,1.677418,-0.292866,1.450647,1.667513,1.147301,0.265486,-1.453352,-0.743816,-0.141893,0.602648,,,,,,
sample,42,drone,,1.049358,1.718627,-0.264433,1.457236,1.629819,1.127918,0.261774,-1.564047,-0.807781,-0.155256,0.605371,,,,,,
sample,43,drone,,1.074343,1.758859,-0.236504,1.463728,1.589359,1.106937,0.257728,-1.674743,-0.871746,-0.168618,0.608351,,,,,,
sample,44,drone,,1.099327,1.798046,-0.209120,1.470115,1.546133,1.084357,0.253349,-1.785438,-0.935711,-0.181980,0.611621,,,,,,
sample,45,drone,,1.124312,1.836119,-0.182320,1.476388,1.500142,1.060180,0.248635,-1.896133,-0.999676,-0.195342,0.615222,,,,,,
sample,46,drone,,1.149297,1.873008,-0.156144,1.482539,1.451384,1.034404,0.243587,-2.006829,-1.063641,-0.208705,0.619200,,,,,,
sample,47,drone,,1.174282,1.908644,-0.130631,1.488560,1.399861,1.007030,0.238206,-2.117524,-1.127606,-0.222067,0.623614,,,,,,
sample,48,drone,,1.199266,1.942958,-0.105823,1.494442,1.345573,0.978058,0.232491,-2.228220,-1.191572,-0.235429,0.628534,,,,,,
sample,49,drone,,1.224251,1.975881,-0.081758,1.500177,1.288519,0.947488,0.226442,-2.338915,-1.255537,-0.248791,0.634047,,,,,,
sample,50,drone,,1.249236,2.007344,-0.058477,1.505757,1.228699,0.915320,0.220059,-2.449610,-1.319502,-0.262154,0.640262,,,,,,
sample,51,drone,,1.274220,2.037279,-0.036020,1.511173,1.166113,0.881553,0.213342,-2.560306,-1.383467,-0.275516,0.647315,,,,,,
sample,52,drone,,1.299205,2.065614,-0.014427,1.516418,1.100762,0.846189,0.206292,-2.671001,-1.447432,-0.288878,0.655381,,,,,,
sample,53,drone,,1.324190,2.092283,0.006263,1.521482,1.032645,0.809226,0.198907,-2.781696,-1.511397,-0.302240,0.664688,,,,,,
sample,54,drone,,1.349175,2.117215,0.026010,1.526357,0.961762,0.770665,0.191189,-2.892392,-1.575362,-0.315603,0.675536,,,,,,
sample,55,drone,,1.374159,2.140342,0.044773,1.531035,0.888113,0.730506,0.183137,-3.003087,-1.639327,-0.328965,0.688333,,,,,,
sample,56,drone,,1.399144,2.161594,0.062513,1.535508,0.811699,0.688749,0.174751,-3.113783,-1.703292,-0.342327,0.703638,,,,,,
sample,57,drone,,1.424129,2.180902,0.079189,1.539768,0.732519,0.645393,0.166031,-2.919686,-1.507811,-0.294239,0.722252,,,,,,
sample,58,drone,,1.449113,2.198197,0.094763,1.543805,0.665804,0.613404,0.160048,-1.647724,-0.401891,-0.030890,0.744458,,,,,,
sample,59,drone,,1.474098,2.214172,0.109841,1.547765,0.650184,0.625311,0.164487,0.150121,1.130807,0.332429,0.765900,,,,,,
sample,60,drone,,1.499083,2.230687,0.126009,1.552024,0.673306,0.669910,0.176659,0.949186,1.792635,0.488381,0.782870,,,,,,
sample,61,drone,,1.524068,2.247816,0.143316,1.556593,0.697614,0.714888,0.188891,0.960546,1.776911,0.483478,0.797627,,,,,,
sample,62,drone,,1.549052,2.265546,0.161732,1.561463,0.721304,0.758701,0.200818,0.935790,1.730290,0.471249,0.810661,,,,,,
sample,63,drone,,1.574037,2.283860,0.181228,1.566627,0.744375,0.801350,0.212439,0.911033,1.683668,0.459021,0.822241,,,,,,
sample,64,drone,,1.599022,2.302742,0.201775,1.572078,0.766827,0.842833,0.223755,0.886276,1.637047,0.446792,0.832582,,,,,,
sample,65,drone,,1.624006,2.322177,0.223344,1.577808,0.788662,0.883152,0.234765,0.861520,1.590426,0.434563,0.841858,,,,,,
sample,66,drone,,1.648991,2.342151,0.245905,1.583809,0.809877,0.922306,0.245470,0.836763,1.543805,0.422335,0.850213,,,,,,
sample,67,drone,,1.673976,2.362647,0.269431,1.590074,0.830474,0.960295,0.255869,0.812007,1.497184,0.410106,0.857766,,,,,,
sample,68,drone,,1.698961,2.383649,0.293891,1.596595,0.850453,0.997119,0.265963,0.787250,1.450562,0.397877,0.864616,,,,,,
sample,69,drone,,1.723945,2.405143,0.319256,1.603364,0.869813,1.032779,0.275751,0.762494,1.403941,0.385649,0.870844,,,,,,
sample,70,drone,,1.748930,2.427113,0.345498,1.610374,0.888554,1.067273,0.285233,0.737737,1.357320,0.373420,0.876523,,,,,,
sample,71,drone,,1.773915,2.449544,0.372587,1.617617,0.906677,1.100603,0.294410,0.712980,1.310699,0.361191,0.881711,,,,,,
sample,72,drone,,1.798899,2.472419,0.400495,1.625086,0.924181,1.132768,0.303282,0.688224,1.264077,0.348963,0.886459,,,,,,
sample,73,drone,,1.823884,2.495725,0.429191,1.632772,0.941067,1.163769,0.311848,0.663467,1.217456,0.336734,0.890811,,,,,,
sample,74,drone,,1.848869,2.519444,0.458648,1.640669,0.957334,1.193604,0.320108,0.638711,1.170835,0.324505,0.894804,,,,,,
sample,75,drone,,1.873854,2.543562,0.488835,1.648768,0.972983,1.222275,0.328063,0.613954,1.124214,0.312277,0.898473,,,,,,
sample,76,drone,,1.898838,2.568063,0.519724,1.657062,0.988013,1.249780,0.335713,0.589197,1.077593,0.300048,0.901844,,,,,,
sample,77,drone,,1.923823,2.592932,0.551286,1.665543,1.002425,1.276121,0.343056,0.564441,1.030971,0.287819,0.904944,,,,,,
sample,78,drone,,1.948808,2.618154,0.583491,1.674204,1.016218,1.301297,0.350095,0.539684,0.984350,0.275591,0.907794,,,,,,
sample,79,drone,,1.973792,2.643712,0.616311,1.683037,1.029393,1.325309,0.356827,0.514928,0.937729,0.263362,0.910413,,,,,,
sample,80,drone,,1.998777,2.669592,0.649716,1.692034,1.041949,1.348155,0.363255,0.490171,0.891108,0.251133,0.912818,,,,,,
sample,81,drone,,2.023762,2.695778,0.683677,1.701189,1.053886,1.369837,0.369376,0.465415,0.844487,0.238905,0.915025,,,,,,
sample,82,drone,,2.048747,2.722254,0.718166,1.710492,1.065205,1.390354,0.375193,0.440658,0.797865,0.226676,0.917046,,,,,,
sample,83,drone,,2.073731,2.749006,0.753152,1.719937,1.075906,1.409706,0.380703,0.415901,0.751244,0.214447,0.918892,,,,,,
sample,84,drone,,2.098716,2.776017,0.788608,1.729515,1.085988,1.427893,0.385908,0.391145,0.704623,0.202218,0.920576,,,,,,
sample,85,drone,,2.123701,2.803272,0.824503,1.739220,1.095451,1.444915,0.390808,0.366388,0.658002,0.189990,0.922105,,,,,,
sample,86,drone,,2.148685,2.830756,0.860810,1.749044,1.104296,1.460773,0.395402,0.341632,0.611380,0.177761,0.923487,,,,,,
sample,87,drone,,2.173670,2.858453,0.897497,1.758978,1.112522,1.475466,0.399691,0.316875,0.564759,0.165532,0.924731,,,,,,
sample,88,drone,,2.198655,2.886348,0.934538,1.769016,1.120130,1.488994,0.403674,0.292119,0.518138,0.153304,0.925842,,,,,,
sample,89,drone,,2.223640,2.914425,0.971902,1.779150,1.127119,1.501357,0.407351,0.267362,0.471517,0.141075,0.926826,,,,,,
sample,90,drone,,2.248624,2.942669,1.009560,1.789371,1.133490,1.512555,0.410723,0.242605,0.424896,0.128846,0.927687,,,,,,
sample,91,drone,,2.273609,2.971065,1.047483,1.799673,1.139242,1.522588,0.413790,0.217849,0.378274,0.116618,0.928431,,,,,,
sample,92,drone,,2.298594,2.999596,1.085643,1.810048,1.144375,1.531457,0.416550,0.193092,0.331653,0.104389,0.929060,,,,,,
sample,93,drone,,2.323578,3.028249,1.124009,1.820488,1.148891,1.539161,0.419006,0.168336,0.285032,0.092160,0.929578,,,,,,
sample,94,drone,,2.348563,3.057006,1.162554,1.830986,1.152787,1.545700,0.421156,0.143579,0.238411,0.079932,0.929987,,,,,,
sample,95,drone,,2.373548,3.085853,1.201247,1.841533,1.156065,1.551074,0.423000,0.118822,0.191790,0.067703,0.930289,,,,,,
sample,96,drone,,2.398533,3.114774,1.240060,1.852123,1.158725,1.555284,0.424539,0.094066,0.145168,0.055474,0.930487,,,,,,
sample,97,drone,,2.423517,3.143754,1.278964,1.862747,1.160766,1.558328,0.425772,0.069309,0.098547,0.043246,0.930581,,,,,,
sample,98,drone,,2.448502,3.172777,1.317929,1.873398,1.162188,1.560208,0.426700,0.044553,0.051926,0.031017,0.930572,,,,,,
sample,99,drone,,2.473487,3.201827,1.356926,1.884069,1.162992,1.560923,0.427322,0.019796,0.005305,0.018788,0.930460,,,,,,
sample,100,drone,,2.498471,3.230891,1.395927,1.894751,1.163177,1.560473,0.427639,-0.004960,-0.041316,0.006560,0.930245,,,,,,
sample,101,drone,,2.523456,3.259951,1.434902,1.905438,1.162744,1.558858,0.427650,-0.029717,-0.087938,-0.005669,0.929928,,,,,,
sample,102,drone,,2.548441,3.288992,1.473822,1.916121,1.161692,1.556079,0.427355,-0.054474,-0.134559,-0.017898,0.929506,,,,,,
sample,103,drone,,2.573426,3.318000,1.512659,1.926793,1.160022,1.552135,0.426755,-0.079230,-0.181180,-0.030126,0.928979,,,,,,
sample,104,drone,,2.598410,3.346958,1.551382,1.937445,1.157733,1.547025,0.425850,-0.103987,-0.227801,-0.042355,0.928345,,,,,,
sample,105,drone,,2.623395,3.375851,1.589963,1.948072,1.154826,1.540751,0.424639,-0.128743,-0.274423,-0.054584,0.927602,,,,,,
sample,106,drone,,2.648380,3.404664,1.628372,1.958664,1.151300,1.533313,0.423122,-0.153500,-0.321044,-0.066812,0.926746,,,,,,
sample,107,drone,,2.673364,3.433381,1.666581,1.969215,1.147155,1.524709,0.421300,-0.178256,-0.367665,-0.079041,0.925776,,,,,,
sample,108,drone,,2.698349,3.461987,1.704561,1.979717,1.142393,1.514941,0.419173,-0.203013,-0.414286,-0.091270,0.924687,,,,,,
sample,109,drone,,2.723334,3.490466,1.742282,1.990161,1.137011,1.504007,0.416740,-0.227770,-0.460907,-0.103498,0.923474,,,,,,
sample,110,drone,,2.748319,3.518802,1.779715,2.000541,1.131011,1.491909,0.414001,-0.252526,-0.507529,-0.115727,0.922134,,,,,,
sample,111,drone,,2.773303,3.546982,1.816832,2.010848,1.124392,1.478646,0.410957,-0.277283,-0.554150,-0.127956,0.920660,,,,,,
sample,112,drone,,2.798288,3.574988,1.853602,2.021076,1.117155,1.464219,0.407607,-0.302039,-0.600771,-0.140185,0.919046,,,,,,
sample,113,drone,,2.823273,3.602805,1.889998,2.031216,1.109300,1.448626,0.403952,-0.326796,-0.647392,-0.152413,0.917285,,,,,,
sample,114,drone,,2.848258,3.630419,1.925989,2.041261,1.100826,1.431869,0.399991,-0.351553,-0.694013,-0.164642,0.915369,,,,,,
sample,115,drone,,2.873242,3.657813,1.961548,2.051204,1.091733,1.413947,0.395725,-0.376309,-0.740635,-0.176871,0.913290,,,,,,
sample,116,drone,,2.898227,3.684972,1.996644,2.061035,1.082022,1.394860,0.391153,-0.401066,-0.787256,-0.189099,0.911036,,,,,,
sample,117,drone,,2.923212,3.711881,2.031248,2.070749,1.071692,1.374608,0.386276,-0.425822,-0.833877,-0.201328,0.908597,,,,,,
sample,118,drone,,2.948196,3.738524,2.065332,2.080337,1.060744,1.353192,0.381093,-0.450579,-0.880498,-0.213557,0.905961,,,,,,
sample,119,drone,,2.973181,3.764886,2.098866,2.089792,1.049177,1.330610,0.375604,-0.475335,-0.927120,-0.225785,0.903111,,,,,,
sample,120,drone,,2.998166,3.790951,2.131822,2.099106,1.036991,1.306864,0.369810,-0.500092,-0.973741,-0.238014,0.900034,,,,,,
sample,121,drone,,3.023151,3.816703,2.164169,2.108272,1.024187,1.281953,0.363711,-0.524849,-1.020362,-0.250243,0.896710,,,,,,
sample,122,drone,,3.048135,3.842129,2.195880,2.117281,1.010765,1.255877,0.357306,-0.549605,-1.066983,-0.262471,0.893118,,,,,,
sample,123,drone,,3.073120,3.867211,2.226925,2.126126,0.996724,1.228636,0.350595,-0.574362,-1.113604,-0.274700,0.889237,,,,,,
sample,124,drone,,3.098105,3.891934,2.257274,2.134800,0.982064,1.200231,0.343579,-0.599118,-1.160226,-0.286929,0.885038,,,,,,
sample,125,drone,,3.123089,3.916284,2.286900,2.143294,0.966786,1.170660,0.336258,-0.623875,-1.206847,-0.299157,0.880493,,,,,,
sample,126,drone,,3.148074,3.940244,2.315772,2.151602,0.950890,1.139925,0.328631,-0.648631,-1.253468,-0.311386,0.875565,,,,,,
sample,127,drone,,3.173059,3.963799,2.343861,2.159716,0.934375,1.108025,0.320698,-0.673388,-1.300089,-0.323615,0.870217,,,,,,
sample,128,drone,,3.198044,3.986934,2.371139,2.167627,0.917241,1.074961,0.312460,-0.698145,-1.346710,-0.335843,0.864402,,,,,,
sample,129,drone,,3.223028,4.009633,2.397576,2.175329,0.899489,1.040731,0.303916,-0.722901,-1.393332,-0.348072,0.858067,,,,,,
sample,130,drone,,3.248013,4.031881,2.423144,2.182814,0.881118,1.005337,0.295067,-0.747658,-1.439953,-0.360301,0.851151,,,,,,
sample,131,drone,,3.272998,4.053662,2.447812,2.190074,0.862129,0.968777,0.285912,-0.772414,-1.486574,-0.372529,0.843582,,,,,,
sample,132,drone,,3.297982,4.074961,2.471553,2.197101,0.842521,0.931053,0.276452,-0.797171,-1.533195,-0.384758,0.835274,,,,,,
sample,133,drone,,3.322967,4.095763,2.494337,2.203888,0.822294,0.892165,0.266686,-0.821928,-1.579817,-0.396987,0.826129,,,,,,
sample,134,drone,,3.347952,4.116051,2.516134,2.210427,0.801450,0.852111,0.256614,-0.846684,-1.626438,-0.409215,0.816026,,,,,,
sample,135,drone,,3.372937,4.135811,2.536916,2.216711,0.779986,0.810892,0.246238,-0.871441,-1.673059,-0.421444,0.804823,,,,,,
sample,136,drone,,3.397921,4.155026,2.556654,2.222731,0.757904,0.768509,0.235555,-0.896197,-1.719680,-0.433673,0.792346,,,,,,
sample,137,drone,,3.422906,4.173683,2.575318,2.228481,0.735204,0.724961,0.224567,-0.920954,-1.766301,-0.445901,0.778383,,,,,,
sample,138,drone,,3.447891,4.191764,2.592880,2.233953,0.711885,0.680248,0.213274,-0.945710,-1.812923,-0.458130,0.762677,,,,,,
sample,139,drone,,3.472875,4.209255,2.609310,2.239138,0.687947,0.634370,0.201675,-0.970467,-1.859544,-0.470359,0.744903,,,,,,
sample,140,drone,,3.497860,4.226140,2.624579,2.244030,0.663391,0.587328,0.189770,-0.995224,-1.906165,-0.482588,0.724657,,,,,,
sample,141,drone,,3.522845,4.242404,2.638658,2.248621,0.638216,0.539120,0.177560,-1.019980,-1.952786,-0.494816,0.701426,,,,,,
sample,142,drone,,3.547830,4.258032,2.651518,2.252903,0.612423,0.489748,0.165044,-1.044737,-1.999407,-0.507045,0.674551,,,,,,
sample,143,drone,,3.572814,4.273007,2.663131,2.256868,0.586011,0.439211,0.152223,-1.069493,-2.046029,-0.519274,0.643176,,,,,,
sample,144,drone,,3.597799,4.287314,2.673466,2.260509,0.558981,0.387509,0.139097,-1.094250,-2.092650,-0.531502,0.606176,,,,,,
sample,145,drone,,3.622784,4.300939,2.682494,2.263819,0.531332,0.334642,0.125664,-1.119006,-2.139271,-0.543731,0.562056,,,,,,
sample,146,drone,,3.647768,4.313865,2.690187,2.266789,0.503065,0.280611,0.111927,-1.143763,-2.185892,-0.555960,0.508814,,,,,,
sample,147,drone,,3.672753,4.326077,2.696516,2.269412,0.474179,0.225415,0.097883,-1.168520,-2.232514,-0.568188,0.443757,,,,,,
sample,148,drone,,3.697738,4.337559,2.701451,2.271680,0.444675,0.169054,0.083535,-1.193276,-2.279135,-0.580417,0.363299,,,,,,
sample,149,drone,,3.722723,4.348297,2.704964,2.273586,0.414552,0.111528,0.068880,-1.218033,-2.325756,-0.592646,0.262809,,,,,,
sample,150,drone,,3.747707,4.358274,2.707024,2.275122,0.383810,0.052837,0.053920,-1.242789,-2.372377,-0.604874,0.136804,,,,,,
sample,151,drone,,3.772692,4.367476,2.707604,2.276280,0.352450,-0.007019,0.038655,-1.267546,-2.418998,-0.617103,-0.019912,,,,,,
sample,152,drone,,3.797677,4.375886,2.706674,2.277053,0.320472,-0.068039,0.023084,-1.223583,-2.389338,-0.606126,-0.209203,,,,,,
sample,153,drone,,3.822661,4.383489,2.704204,2.277434,0.291309,-0.126413,0.008367,-0.857046,-1.998247,-0.485560,-0.409425,,,,,,
sample,154,drone,,3.847646,4.390442,2.700357,2.277472,0.277646,-0.167890,-0.001179,-0.276346,-1.358666,-0.290560,-0.543863,,,,,,
sample,155,drone,,3.872631,4.397363,2.695815,2.277375,0.277500,-0.194304,-0.006152,0.016883,-1.026583,-0.190355,-0.610858,,,,,,
sample,156,drone,,3.897616,4.404309,2.690647,2.277164,0.278489,-0.219188,-0.010691,0.039378,-0.990649,-0.180715,-0.666802,,,,,,
sample,157,drone,,3.922600,4.411279,2.684862,2.276841,0.279467,-0.243807,-0.015182,0.038917,-0.980027,-0.178794,-0.717354,,,,,,
sample,158,drone,,3.947585,4.418274,2.678465,2.276405,0.280434,-0.268160,-0.019625,0.038456,-0.969405,-0.176872,-0.763028,,,,,,
sample,159,drone,,3.972570,4.425292,2.671462,2.275860,0.281389,-0.292247,-0.024020,0.037995,-0.958782,-0.174951,-0.804325,,,,,,
sample,160,drone,,3.997554,4.432335,2.663861,2.275205,0.282333,-0.316069,-0.028367,0.037534,-0.948160,-0.173029,-0.841717,,,,,,
sample,161,drone,,4.022539,4.439400,2.655668,2.274442,0.283265,-0.339626,-0.032666,0.037073,-0.937538,-0.171107,-0.875636,,,,,,
sample,162,drone,,4.047524,4.446489,2.646890,2.273573,0.284185,-0.362918,-0.036917,0.036612,-0.926915,-0.169186,-0.906472,,,,,,
sample,163,drone,,4.072509,4.453601,2.637534,2.272598,0.285094,-0.385944,-0.041120,0.036151,-0.916293,-0.167264,-0.934571,,,,,,
sample,164,drone,,4.097493,4.460735,2.627605,2.271518,0.285992,-0.408704,-0.045276,0.035690,-0.905671,-0.165342,-0.960237,,,,,,
sample,165,drone,,4.122478,4.467892,2.617111,2.270335,0.286877,-0.431200,-0.049383,0.035229,-0.895049,-0.163421,-0.983740,,,,,,
sample,166,drone,,4.147463,4.475070,2.606058,2.269050,0.287752,-0.453429,-0.053442,0.034768,-0.884426,-0.161499,-1.005314,,,,,,
sample,167,drone,,4.172447,4.482270,2.594453,2.267665,0.288615,-0.475394,-0.057453,0.034307,-0.873804,-0.159578,-1.025168,,,,,,
sample,168,drone,,4.197432,4.489492,2.582303,2.266180,0.289466,-0.497093,-0.061416,0.033846,-0.863182,-0.157656,-1.043480,,,,,,
sample,169,drone,,4.222417,4.496735,2.569614,2.264596,0.290306,-0.518526,-0.065331,0.033386,-0.852559,-0.155734,-1.060409,,,,,,
sample,170,drone,,4.247402,4.503999,2.556392,2.262915,0.291135,-0.539695,-0.069198,0.032925,-0.841937,-0.153813,-1.076094,,,,,,
sample,171,drone,,4.272386,4.511283,2.542646,2.261138,0.291951,-0.560598,-0.073016,0.032464,-0.831315,-0.151891,-1.090659,,,,,,
sample,172,drone,,4.297371,4.518587,2.528380,2.259266,0.292757,-0.581235,-0.076787,0.032003,-0.820692,-0.149969,-1.104209,,,,,,
sample,173,drone,,4.322356,4.525912,2.513602,2.257301,0.293551,-0.601607,-0.080510,0.031542,-0.810070,-0.148048,-1.116840,,,,,,
sample,174,drone,,4.347340,4.533256,2.498318,2.255243,0.294333,-0.621714,-0.084185,0.031081,-0.799448,-0.146126,-1.128637,,,,,,
sample,175,drone,,4.372325,4.540619,2.482535,2.253094,0.295104,-0.641555,-0.087812,0.030620,-0.788826,-0.144205,-1.139673,,,,,,
sample,176,drone,,4.397310,4.548002,2.466260,2.250856,0.295863,-0.661131,-0.091391,0.030159,-0.778203,-0.142283,-1.150015,,,,,,
sample,177,drone,,4.422295,4.555403,2.449499,2.248528,0.296611,-0.680441,-0.094922,0.029698,-0.767581,-0.140361,-1.159722,,,,,,
sample,178,drone,,4.447279,4.562823,2.432258,2.246112,0.297347,-0.699487,-0.098405,0.029237,-0.756959,-0.138440,-1.168847,,,,,,
sample,179,drone,,4.472264,4.570262,2.414546,2.243610,0.298072,-0.718266,-0.101840,0.028776,-0.746336,-0.136518,-1.177437,,,,,,
sample,180,drone,,4.497249,4.577718,2.396367,2.241023,0.298785,-0.736781,-0.105227,0.028315,-0.735714,-0.134596,-1.185534,,,,,,
sample,181,drone,,4.522233,4.585192,2.377729,2.238352,0.299486,-0.755029,-0.108565,0.027854,-0.725092,-0.132675,-1.193177,,,,,,
sample,182,drone,,4.547218,4.592683,2.358639,2.235598,0.300177,-0.773013,-0.111856,0.027393,-0.714469,-0.130753,-1.200399,,,,,,
sample,183,drone,,4.572203,4.600191,2.339102,2.232763,0.300855,-0.790731,-0.115099,0.026932,-0.703847,-0.128832,-1.207232,,,,,,
sample,184,drone,,4.597188,4.607717,2.319126,2.229847,0.301522,-0.808184,-0.118294,0.026472,-0.693225,-0.126910,-1.213704,,,,,,
sample,185,drone,,4.622172,4.615258,2.298718,2.226852,0.302178,-0.825371,-0.121441,0.026011,-0.682603,-0.124988,-1.219841,,,,,,
sample,186,drone,,4.647157,4.622816,2.277883,2.223779,0.302822,-0.842293,-0.124540,0.025550,-0.671980,-0.123067,-1.225665,,,,,,
sample,187,drone,,4.672142,4.630390,2.256629,2.220629,0.303455,-0.858950,-0.127590,0.025089,-0.661358,-0.121145,-1.231197,,,,,,
sample,188,drone,,4.697126,4.637980,2.234962,2.217403,0.304076,-0.875341,-0.130593,0.024628,-0.650736,-0.119223,-1.236457,,,,,,
sample,189,drone,,4.722111,4.645585,2.212888,2.214103,0.304685,-0.891466,-0.133548,0.024167,-0.640113,-0.117302,-1.241463,,,,,,
sample,190,drone,,4.747096,4.653205,2.190416,2.210730,0.305283,-0.907327,-0.136455,0.023706,-0.629491,-0.115380,-1.246230,,,,,,
sample,191,drone,,4.772081,4.660840,2.167550,2.207285,0.305870,-0.922922,-0.139313,0.023245,-0.618869,-0.113459,-1.250773,,,,,,
sample,192,drone,,4.797065,4.668489,2.144298,2.203768,0.306445,-0.938251,-0.142124,0.022784,-0.608246,-0.111537,-1.255106,,,,,,
sample,193,drone,,4.822050,4.676152,2.120666,2.200183,0.307009,-0.953316,-0.144887,0.022323,-0.597624,-0.109615,-1.259241,,,,,,
sample,194,drone,,4.847035,4.683830,2.096661,2.196528,0.307561,-0.968114,-0.147601,0.021862,-0.587002,-0.107694,-1.263190,,,,,,
sample,195,drone,,4.872019,4.691521,2.072290,2.192807,0.308101,-0.982648,-0.150268,0.021401,-0.576380,-0.105772,-1.266963,,,,,,
sample,196,drone,,4.897004,4.699226,2.047559,2.189020,0.308630,-0.996916,-0.152887,0.020940,-0.565757,-0.103850,-1.270570,,,,,,
sample,197,drone,,4.921989,4.706943,2.022474,2.185167,0.309147,-1.010918,-0.155458,0.020479,-0.555135,-0.101929,-1.274019,,,,,,
sample,198,drone,,4.946974,4.714673,1.997044,2.181252,0.309653,-1.024655,-0.157980,0.020019,-0.544513,-0.100007,-1.277320,,,,,,
sample,199,drone,,4.971958,4.722416,1.971273,2.177273,0.310148,-1.038127,-0.160455,0.019558,-0.533890,-0.098086,-1.280480,,,,,,
sample,200,drone,,4.996943,4.730171,1.945169,2.173234,0.310631,-1.051334,-0.162881,0.019097,-0.523268,-0.096164,-1.283507,,,,,,
sample,201,drone,,5.021928,4.737938,1.918738,2.169134,0.311102,-1.064275,-0.165260,0.018636,-0.512646,-0.094242,-1.286406,,,,,,
sample,202,drone,,5.046912,4.745717,1.891988,2.164976,0.311562,-1.076950,-0.167591,0.018175,-0.502023,-0.092321,-1.289185,,,,,,
sample,203,drone,,5.071897,4.753507,1.864924,2.160760,0.312010,-1.089360,-0.169873,0.017714,-0.491401,-0.090399,-1.291848,,,,,,
sample,204,drone,,5.096882,4.761308,1.837553,2.156487,0.312447,-1.101505,-0.172108,0.017253,-0.480779,-0.088478,-1.294402,,,,,,
sample,205,drone,,5.121867,4.769120,1.809882,2.152160,0.312872,-1.113385,-0.174294,0.016792,-0.470157,-0.086556,-1.296851,,,,,,
sample,206,drone,,5.146851,4.776942,1.781918,2.147778,0.313286,-1.124999,-0.176433,0.016331,-0.459534,-0.084634,-1.299201,,,,,,
sample,207,drone,,5.171836,4.784774,1.753667,2.143343,0.313688,-1.136347,-0.178524,0.015870,-0.448912,-0.082713,-1.301455,,,,,,
sample,208,drone,,5.196821,4.792617,1.725135,2.138857,0.314079,-1.147431,-0.180566,0.015409,-0.438290,-0.080791,-1.303617,,,,,,
sample,209,drone,,5.221805,4.800469,1.696330,2.134321,0.314458,-1.158248,-0.182561,0.014948,-0.427667,-0.078869,-1.305692,,,,,,
sample,210,drone,,5.246790,4.808330,1.667258,2.129735,0.314826,-1.168801,-0.184507,0.014487,-0.417045,-0.076948,-1.307683,,,,,,
sample,211,drone,,5.271775,4.816200,1.637926,2.125101,0.315182,-1.179088,-0.186406,0.014026,-0.406423,-0.075026,-1.309593,,,,,,
sample,212,drone,,5.296760,4.824080,1.608340,2.120420,0.315527,-1.189110,-0.188256,0.013565,-0.395801,-0.073105,-1.311426,,,,,,
sample,213,drone,,5.321744,4.831967,1.578507,2.115694,0.315860,-1.198866,-0.190059,0.013105,-0.385178,-0.071183,-1.313185,,,,,,
sample,214,drone,,5.346729,4.839863,1.548433,2.110923,0.316182,-1.208357,-0.191813,0.012644,-0.374556,-0.069261,-1.314872,,,,,,
sample,215,drone,,5.371714,4.847767,1.518126,2.106109,0.316492,-1.217582,-0.193520,0.012183,-0.363934,-0.067340,-1.316489,,,,,,
sample,216,drone,,5.396698,4.855678,1.487591,2.101253,0.316790,-1.226542,-0.195178,0.011722,-0.353311,-0.065418,-1.318041,,,,,,
sample,217,drone,,5.421683,4.863596,1.456836,2.096356,0.317078,-1.235237,-0.196789,0.011261,-0.342689,-0.063496,-1.319528,,,,,,
sample,218,drone,,5.446668,4.871522,1.425867,2.091420,0.317353,-1.243666,-0.198351,0.010800,-0.332067,-0.061575,-1.320953,,,,,,
sample,219,drone,,5.471653,4.879454,1.394691,2.086445,0.317617,-1.251830,-0.199865,0.010339,-0.321444,-0.059653,-1.322317,,,,,,
sample,220,drone,,5.496637,4.887393,1.363314,2.081432,0.317870,-1.259729,-0.201332,0.009878,-0.310822,-0.057732,-1.323624,,,,,,
sample,221,drone,,5.521622,4.895338,1.331743,2.076384,0.318111,-1.267362,-0.202750,0.009417,-0.300200,-0.055810,-1.324874,,,,,,
sample,222,drone,,5.546607,4.903289,1.299985,2.071301,0.318340,-1.274730,-0.204121,0.008956,-0.289578,-0.053888,-1.326070,,,,,,
sample,223,drone,,5.571591,4.911245,1.268046,2.066184,0.318558,-1.281832,-0.205443,0.008495,-0.278955,-0.051967,-1.327213,,,,,,
sample,224,drone,,5.596576,4.919207,1.235932,2.061035,0.318765,-1.288669,-0.206717,0.008034,-0.268333,-0.050045,-1.328304,,,,,,
sample,225,drone,,5.621561,4.927174,1.203652,2.055855,0.318960,-1.295240,-0.207944,0.007573,-0.257711,-0.048123,-1.329345,,,,,,
sample,226,drone,,5.646546,4.935145,1.171210,2.050644,0.319143,-1.301546,-0.209122,0.007112,-0.247088,-0.046202,-1.330337,,,,,,
sample,227,drone,,5.671530,4.943121,1.138614,2.045405,0.319315,-1.307587,-0.210252,0.006652,-0.236466,-0.044280,-1.331282,,,,,,
sample,228,drone,,5.696515,4.951101,1.105871,2.040138,0.319476,-1.313362,-0.211335,0.006191,-0.225844,-0.042359,-1.332180,,,,,,
sample,229,drone,,5.721500,4.959085,1.072986,2.034845,0.319625,-1.318872,-0.212369,0.005730,-0.215221,-0.040437,-1.333034,,,,,,
sample,230,drone,,5.746484,4.967073,1.039967,2.029526,0.319762,-1.324117,-0.213355,0.005269,-0.204599,-0.038515,-1.333842,,,,,,
sample,231,drone,,5.771469,4.975064,1.006821,2.024184,0.319888,-1.329096,-0.214294,0.004808,-0.193977,-0.036594,-1.334608,,,,,,
sample,232,drone,,5.796454,4.983057,0.973553,2.018818,0.320002,-1.333810,-0.215184,0.004347,-0.183355,-0.034672,-1.335331,,,,,,
sample,233,drone,,5.821439,4.991054,0.940171,2.013431,0.320105,-1.338258,-0.216026,0.003886,-0.172732,-0.032750,-1.336012,,,,,,
sample,234,drone,,5.846423,4.999053,0.906681,2.008023,0.320196,-1.342441,-0.216820,0.003425,-0.162110,-0.030829,-1.336653,,,,,,
sample,235,drone,,5.871408,5.007054,0.873090,2.002597,0.320276,-1.346359,-0.217567,0.002964,-0.151488,-0.028907,-1.337254,,,,,,
sample,236,drone,,5.896393,5.015057,0.839404,1.997152,0.320344,-1.350011,-0.218265,0.002503,-0.140865,-0.026986,-1.337815,,,,,,
sample,237,drone,,5.921377,5.023061,0.805631,1.991690,0.320401,-1.353398,-0.218915,0.002042,-0.130243,-0.025064,-1.338338,,,,,,
sample,238,drone,,5.946362,5.031067,0.771776,1.986213,0.320447,-1.356519,-0.219517,0.001581,-0.119621,-0.023142,-1.338822,,,,,,
sample,239,drone,,5.971347,5.039074,0.737846,1.980721,0.320480,-1.359375,-0.220072,0.001120,-0.108998,-0.021221,-1.339268,,,,,,
sample,240,drone,,5.996332,5.047081,0.703849,1.975216,0.320503,-1.361966,-0.220578,0.000659,-0.098376,-0.019299,-1.339678,,,,,,
sample,241,drone,,6.021316,5.055089,0.669790,1.969699,0.320513,-1.364291,-0.221036,0.000198,-0.087754,-0.017377,-1.340050,,,,,,
sample,242,drone,,6.046301,5.063097,0.635676,1.964171,0.320512,-1.366351,-0.221446,-0.000262,-0.077132,-0.015456,-1.340387,,,,,,
sample,243,drone,,6.071286,5.071105,0.601514,1.958633,0.320500,-1.368145,-0.221808,-0.000723,-0.066509,-0.013534,-1.340687,,,,,,
sample,244,drone,,6.096270,5.079112,0.567310,1.953087,0.320476,-1.369674,-0.222122,-0.001184,-0.055887,-0.011613,-1.340951,,,,,,
sample,245,drone,,6.121255,5.087119,0.533072,1.947534,0.320441,-1.370938,-0.222388,-0.001645,-0.045265,-0.009691,-1.341180,,,,,,
sample,246,drone,,6.146240,5.095125,0.498805,1.941974,0.320394,-1.371936,-0.222607,-0.002106,-0.034642,-0.007769,-1.341374,,,,,,
sample,247,drone,,6.171225,5.103129,0.464517,1.936410,0.320336,-1.372669,-0.222777,-0.002567,-0.024020,-0.005848,-1.341532,,,,,,
sample,248,drone,,6.196209,5.111132,0.430214,1.930842,0.320266,-1.373136,-0.222899,-0.003028,-0.013398,-0.003926,-1.341656,,,,,,
sample,249,drone,,6.221194,5.119133,0.395902,1.925272,0.320184,-1.373338,-0.222973,-0.003489,-0.002775,-0.002004,-1.341745,,,,,,
sample,250,drone,,6.246179,5.127131,0.361589,1.919701,0.320091,-1.373275,-0.222999,-0.003950,0.007847,-0.000083,-1.341799,,,,,,
sample,251,drone,,6.271163,5.135127,0.327280,1.914129,0.319987,-1.372946,-0.222977,-0.004411,0.018469,0.001839,-1.341818,,,,,,
sample,252,drone,,6.296148,5.143121,0.292984,1.908559,0.319871,-1.372352,-0.222907,-0.004872,0.029091,0.003760,-1.341802,,,,,,
sample,253,drone,,6.321133,5.151111,0.258705,1.902990,0.319744,-1.371493,-0.222789,-0.005333,0.039714,0.005682,-1.341752,,,,,,
sample,254,drone,,6.346118,5.159098,0.224451,1.897426,0.319605,-1.370368,-0.222623,-0.005794,0.050336,0.007604,-1.341667,,,,,,
sample,255,drone,,6.371102,5.167082,0.190228,1.891866,0.319454,-1.368977,-0.222409,-0.006255,0.060958,0.009525,-1.341546,,,,,,
sample,256,drone,,6.396087,5.175061,0.156044,1.886312,0.319292,-1.367322,-0.222147,-0.006715,0.071581,0.011447,-1.341391,,,,,,
sample,257,drone,,6.421072,5.183036,0.121904,1.880766,0.319119,-1.365400,-0.221837,-0.007176,0.082203,0.013369,-1.341200,,,,,,
sample,258,drone,,6.446056,5.191007,0.087816,1.875227,0.318933,-1.363214,-0.221479,-0.007637,0.092825,0.015290,-1.340973,,,,,,
sample,259,drone,,6.471041,5.198973,0.053785,1.869698,0.318737,-1.360762,-0.221073,-0.008098,0.103448,0.017212,-1.340710,,,,,,
sample,260,drone,,6.496026,5.206934,0.019819,1.864180,0.318529,-1.358045,-0.220619,-0.008559,0.114070,0.019133,-1.340411,,,,,,
sample,261,drone,,6.521011,5.214890,-0.014076,1.858674,0.318309,-1.355062,-0.220117,-0.009020,0.124692,0.021055,-1.340076,,,,,,
sample,262,drone,,6.545995,5.222840,-0.047893,1.853181,0.318078,-1.351814,-0.219567,-0.009481,0.135314,0.022977,-1.339703,,,,,,
sample,263,drone,,6.570980,5.230784,-0.081625,1.847703,0.317835,-1.348300,-0.218969,-0.009942,0.145937,0.024898,-1.339292,,,,,,
sample,264,drone,,6.595965,5.238722,-0.115266,1.842239,0.317581,-1.344522,-0.218323,-0.010403,0.156559,0.026820,-1.338844,,,,,,
sample,265,drone,,6.620949,5.246654,-0.148810,1.836793,0.317316,-1.340477,-0.217629,-0.010864,0.167181,0.028742,-1.338357,,,,,,
sample,266,drone,,6.645934,5.254578,-0.182249,1.831365,0.317038,-1.336168,-0.216887,-0.011325,0.177804,0.030663,-1.337830,,,,,,
sample,267,drone,,6.670919,5.262496,-0.215578,1.825955,0.316750,-1.331593,-0.216096,-0.011786,0.188426,0.032585,-1.337264,,,,,,
sample,268,drone,,6.695904,5.270406,-0.248788,1.820566,0.316449,-1.326752,-0.215258,-0.012247,0.199048,0.034506,-1.336657,,,,,,
sample,269,drone,,6.720888,5.278309,-0.281875,1.815199,0.316138,-1.321646,-0.214372,-0.012708,0.209671,0.036428,-1.336008,,,,,,
sample,270,drone,,6.745873,5.286203,-0.314830,1.809854,0.315814,-1.316275,-0.213438,-0.013169,0.220293,0.038350,-1.335317,,,,,,
sample,271,drone,,6.770858,5.294090,-0.347648,1.804534,0.315480,-1.310638,-0.212456,-0.013629,0.230915,0.040271,-1.334583,,,,,,
sample,272,drone,,6.795842,5.301968,-0.380322,1.799238,0.315133,-1.304736,-0.211426,-0.014090,0.241537,0.042193,-1.333805,,,,,,
sample,273,drone,,6.820827,5.309837,-0.412845,1.793969,0.314776,-1.298569,-0.210348,-0.014551,0.252160,0.044115,-1.332981,,,,,,
sample,274,drone,,6.845812,5.317697,-0.445211,1.788727,0.314406,-1.292136,-0.209221,-0.015012,0.262782,0.046036,-1.332112,,,,,,
sample,275,drone,,6.870797,5.325547,-0.477412,1.783514,0.314025,-1.285438,-0.208047,-0.015473,0.273404,0.047958,-1.331195,,,,,,
sample,276,drone,,6.895781,5.333388,-0.509443,1.778331,0.313633,-1.278474,-0.206825,-0.015934,0.284027,0.049879,-1.330229,,,,,,
sample,277,drone,,6.920766,5.341219,-0.541297,1.773179,0.313229,-1.271245,-0.205555,-0.016395,0.294649,0.051801,-1.329213,,,,,,
sample,278,drone,,6.945751,5.349040,-0.572967,1.768060,0.312814,-1.263751,-0.204236,-0.016856,0.305271,0.053723,-1.328145,,,,,,
sample,279,drone,,6.970735,5.356851,-0.604446,1.762974,0.312387,-1.255991,-0.202870,-0.017317,0.315894,0.055644,-1.327025,,,,,,
sample,280,drone,,6.995720,5.364650,-0.635728,1.757922,0.311949,-1.247966,-0.201456,-0.017778,0.326516,0.057566,-1.325850,,,,,,
sample,281,drone,,7.020705,5.372438,-0.666806,1.752907,0.311499,-1.239675,-0.199994,-0.018239,0.337138,0.059488,-1.324619,,,,,,
sample,282,drone,,7.045690,5.380215,-0.697674,1.747929,0.311037,-1.231119,-0.198483,-0.018700,0.347760,0.061409,-1.323329,,,,,,
sample,283,drone,,7.070674,5.387981,-0.728324,1.742989,0.310564,-1.222298,-0.196925,-0.019161,0.358383,0.063331,-1.321979,,,,,,
sample,284,drone,,7.095659,5.395734,-0.758751,1.738089,0.310080,-1.213211,-0.195319,-0.019622,0.369005,0.065252,-1.320567,,,,,,
sample,285,drone,,7.120644,5.403475,-0.788948,1.733229,0.309584,-1.203859,-0.193664,-0.020082,0.379627,0.067174,-1.319091,,,,,,
sample,286,drone,,7.145628,5.411204,-0.818907,1.728411,0.309076,-1.194241,-0.191962,-0.020543,0.390250,0.069096,-1.317547,,,,,,
sample,287,drone,,7.170613,5.418920,-0.848623,1.723637,0.308557,-1.184358,-0.190212,-0.021004,0.400872,0.071017,-1.315935,,,,,,
sample,288,drone,,7.195598,5.426622,-0.878089,1.718907,0.308027,-1.174210,-0.188413,-0.021465,0.411494,0.072939,-1.314250,,,,,,
sample,289,drone,,7.220583,5.434312,-0.907298,1.714222,0.307485,-1.163796,-0.186567,-0.021926,0.422116,0.074861,-1.312490,,,,,,
sample,290,drone,,7.245567,5.441987,-0.936243,1.709584,0.306931,-1.153117,-0.184673,-0.022387,0.432739,0.076782,-1.310653,,,,,,
sample,291,drone,,7.270552,5.449649,-0.964919,1.704994,0.306366,-1.142172,-0.182730,-0.022848,0.443361,0.078704,-1.308734,,,,,,
sample,292,drone,,7.295537,5.457296,-0.993317,1.700453,0.305789,-1.130962,-0.180740,-0.023309,0.453983,0.080625,-1.306731,,,,,,
sample,293,drone,,7.320521,5.464929,-1.021432,1.695962,0.305201,-1.119487,-0.178702,-0.023770,0.464606,0.082547,-1.304639,,,,,,
sample,294,drone,,7.345506,5.472547,-1.049257,1.691523,0.304602,-1.107746,-0.176615,-0.024231,0.475228,0.084469,-1.302454,,,,,,
sample,295,drone,,7.370491,5.480150,-1.076785,1.687137,0.303990,-1.095740,-0.174481,-0.024692,0.485850,0.086390,-1.300173,,,,,,
sample,296,drone,,7.395476,5.487737,-1.104011,1.682805,0.303368,-1.083469,-0.172298,-0.025153,0.496473,0.088312,-1.297791,,,,,,
sample,297,drone,,7.420460,5.495309,-1.130926,1.678527,0.302733,-1.070932,-0.170068,-0.025614,0.507095,0.090234,-1.295302,,,,,,
sample,298,drone,,7.445445,5.502864,-1.157524,1.674306,0.302088,-1.058129,-0.167789,-0.026075,0.517717,0.092155,-1.292702,,,,,,
sample,299,drone,,7.470430,5.510404,-1.183800,1.670143,0.301431,-1.045062,-0.165463,-0.026536,0.528339,0.094077,-1.289985,,,,,,
sample,300,drone,,7.495414,5.517927,-1.209746,1.666038,0.300762,-1.031729,-0.163088,-0.026996,0.538962,0.095998,-1.287144,,,,,,
sample,301,drone,,7.520399,5.525433,-1.235355,1.661994,0.300082,-1.018130,-0.160666,-0.027457,0.549584,0.097920,-1.284174,,,,,,
sample,302,drone,,7.545384,5.532922,-1.260621,1.658010,0.299390,-1.004266,-0.158195,-0.027918,0.560206,0.099842,-1.281067,,,,,,
sample,303,drone,,7.570369,5.540393,-1.285537,1.654089,0.298686,-0.990137,-0.155677,-0.028379,0.570829,0.101763,-1.277816,,,,,,
sample,304,drone,,7.595353,5.547847,-1.310098,1.650231,0.297972,-0.975742,-0.153110,-0.028840,0.581451,0.103685,-1.274412,,,,,,
sample,305,drone,,7.620338,5.555283,-1.334295,1.646438,0.297245,-0.961082,-0.150496,-0.029301,0.592073,0.105607,-1.270846,,,,,,
sample,306,drone,,7.645323,5.562700,-1.358122,1.642711,0.296508,-0.946157,-0.147833,-0.029762,0.602696,0.107528,-1.267109,,,,,,
sample,307,drone,,7.670307,5.570099,-1.381574,1.639051,0.295758,-0.930966,-0.145123,-0.030223,0.613318,0.109450,-1.263191,,,,,,
sample,308,drone,,7.695292,5.577479,-1.404642,1.635459,0.294997,-0.915509,-0.142364,-0.030684,0.623940,0.111371,-1.259079,,,,,,
sample,309,drone,,7.720277,5.584840,-1.427321,1.631937,0.294225,-0.899788,-0.139557,-0.031145,0.634562,0.113293,-1.254762,,,,,,
sample,310,drone,,7.745262,5.592181,-1.449604,1.628485,0.293441,-0.883801,-0.136703,-0.031606,0.645185,0.115215,-1.250227,,,,,,
sample,311,drone,,7.770246,5.599503,-1.471484,1.625106,0.292646,-0.867548,-0.133800,-0.032067,0.655807,0.117136,-1.245458,,,,,,
sample,312,drone,,7.795231,5.606805,-1.492955,1.621799,0.291839,-0.851030,-0.130850,-0.032528,0.666429,0.119058,-1.240439,,,,,,
sample,313,drone,,7.820216,5.614086,-1.514010,1.618567,0.291020,-0.834247,-0.127851,-0.032989,0.677052,0.120980,-1.235154,,,,,,
sample,314,drone,,7.845200,5.621347,-1.534642,1.615411,0.290190,-0.817199,-0.124804,-0.033449,0.687674,0.122901,-1.229582,,,,,,
sample,315,drone,,7.870185,5.628587,-1.554845,1.612331,0.289349,-0.799884,-0.121710,-0.033910,0.698296,0.124823,-1.223703,,,,,,
sample,316,drone,,7.895170,5.635805,-1.574611,1.609329,0.288496,-0.782305,-0.118567,-0.034371,0.708919,0.126744,-1.217493,,,,,,
sample,317,drone,,7.920155,5.643002,-1.593936,1.606406,0.287631,-0.764460,-0.115376,-0.034832,0.719541,0.128666,-1.210927,,,,,,
sample,318,drone,,7.945139,5.650178,-1.612811,1.603564,0.286755,-0.746350,-0.112138,-0.035293,0.730163,0.130588,-1.203976,,,,,,
sample,319,drone,,7.970124,5.657331,-1.631231,1.600803,0.285868,-0.727974,-0.108851,-0.035754,0.740785,0.132509,-1.196608,,,,,,
sample,320,drone,,7.995109,5.664463,-1.649188,1.598125,0.284969,-0.709333,-0.105516,-0.036215,0.751408,0.134431,-1.188790,,,,,,
sample,321,drone,,8.020093,5.671571,-1.666676,1.595530,0.284058,-0.690427,-0.102134,-0.036676,0.762030,0.136353,-1.180481,,,,,,
sample,322,drone,,8.045078,5.678657,-1.683688,1.593021,0.283136,-0.671255,-0.098703,-0.037137,0.772652,0.138274,-1.171639,,,,,,
sample,323,drone,,8.070063,5.685719,-1.700218,1.590598,0.282202,-0.651818,-0.095224,-0.037598,0.783275,0.140196,-1.162214,,,,,,
sample,324,drone,,8.095048,5.692758,-1.716259,1.588263,0.281257,-0.632115,-0.091697,-0.038059,0.793897,0.142117,-1.152153,,,,,,
sample,325,drone,,8.120032,5.699774,-1.731804,1.586016,0.280301,-0.612147,-0.088123,-0.038520,0.804519,0.144039,-1.141395,,,,,,
sample,326,drone,,8.145017,5.706765,-1.746847,1.583859,0.279332,-0.591914,-0.084500,-0.038981,0.815142,0.145961,-1.129869,,,,,,
sample,327,drone,,8.170002,5.713732,-1.761382,1.581794,0.278353,-0.571415,-0.080829,-0.039442,0.825764,0.147882,-1.117499,,,,,,
sample,328,drone,,8.194986,5.720674,-1.775401,1.579820,0.277361,-0.550651,-0.077110,-0.039903,0.836386,0.149804,-1.104195,,,,,,
sample,329,drone,,8.219971,5.727591,-1.788898,1.577940,0.276359,-0.529622,-0.073343,-0.040363,0.847008,0.151725,-1.089858,,,,,,
sample,330,drone,,8.244956,5.734483,-1.801866,1.576155,0.275345,-0.508327,-0.069529,-0.040824,0.857631,0.153647,-1.074372,,,,,,
sample,331,drone,,8.269941,5.741350,-1.814298,1.574466,0.274319,-0.486766,-0.065666,-0.041285,0.868253,0.155569,-1.057607,,,,,,
sample,332,drone,,8.294925,5.748191,-1.826189,1.572874,0.273282,-0.464940,-0.061755,-0.041746,0.878875,0.157490,-1.039412,,,,,,
sample,333,drone,,8.319910,5.755006,-1.837531,1.571380,0.272233,-0.442849,-0.057796,-0.042207,0.889498,0.159412,-1.019616,,,,,,
sample,334,drone,,8.344895,5.761794,-1.848318,1.569986,0.271172,-0.420493,-0.053789,-0.042668,0.900120,0.161334,-0.998020,,,,,,
sample,335,drone,,8.369880,5.768556,-1.858543,1.568693,0.270101,-0.397871,-0.049734,-0.043129,0.910742,0.163255,-0.974396,,,,,,
sample,336,drone,,8.394864,5.775291,-1.868199,1.567501,0.269017,-0.374983,-0.045631,-0.043590,0.921365,0.165177,-0.948480,,,,,,
sample,337,drone,,8.419849,5.781999,-1.877281,1.566412,0.267923,-0.351831,-0.041480,-0.044051,0.931987,0.167098,-0.919970,,,,,,
sample,338,drone,,8.444834,5.788679,-1.885780,1.565428,0.266816,-0.328413,-0.037282,-0.044512,0.942609,0.169020,-0.888515,,,,,,
sample,339,drone,,8.469818,5.795331,-1.893691,1.564549,0.265698,-0.304729,-0.033035,-0.044973,0.953231,0.170942,-0.853716,,,,,,
sample,340,drone,,8.494803,5.801956,-1.901007,1.563777,0.264569,-0.280780,-0.028740,-0.045434,0.963854,0.172863,-0.815116,,,,,,
sample,341,drone,,8.519788,5.808552,-1.907722,1.563113,0.263428,-0.256566,-0.024397,-0.045895,0.974476,0.174785,-0.772202,,,,,,
sample,342,drone,,8.544773,5.815119,-1.913828,1.562558,0.262276,-0.232086,-0.020006,-0.046356,0.985098,0.176707,-0.724407,,,,,,
sample,343,drone,,8.569757,5.821658,-1.919319,1.562114,0.261112,-0.207341,-0.015567,-0.046816,0.995721,0.178628,-0.671115,,,,,,
sample,344,drone,,8.594742,5.828167,-1.924188,1.561780,0.259936,-0.182331,-0.011080,-0.047277,1.006343,0.180550,-0.611694,,,,,,
sample,345,drone,,8.619727,5.834646,-1.928430,1.561560,0.258749,-0.157055,-0.006545,-0.047738,1.016965,0.182471,-0.545534,,,,,,
sample,346,drone,,8.644711,5.841096,-1.932036,1.561453,0.257551,-0.131513,-0.001962,-0.048199,1.027588,0.184393,-0.472116,,,,,,
sample,347,drone,,8.669696,5.847516,-1.935002,1.561462,0.256341,-0.105707,0.002669,-0.048660,1.038210,0.186315,-0.391123,,,,,,
sample,348,drone,,8.694681,5.853906,-1.937319,1.561587,0.255119,-0.079635,0.007348,-0.049121,1.048832,0.188236,-0.302563,,,,,,
sample,349,drone,,8.719666,5.860264,-1.938981,1.561829,0.253886,-0.053297,0.012075,-0.049582,1.059454,0.190158,-0.206921,,,,,,
sample,350,drone,,8.744650,5.866592,-1.939982,1.562190,0.252642,-0.026694,0.016850,-0.021338,1.084809,0.200036,-0.105270,,,,,,
sample,351,drone,,8.769635,5.872889,-1.940315,1.562671,0.252820,0.000910,0.022071,0.128231,1.169778,0.243000,0.003600,,,,,,
sample,352,drone,,8.794620,5.879225,-1.939936,1.563293,0.259049,0.031759,0.028993,0.347744,1.282377,0.303661,0.121989,,,,,,
sample,353,drone,,8.819604,5.885833,-1.938728,1.564120,0.270196,0.064990,0.037245,0.450820,1.326533,0.330277,0.236044,,,,,,
sample,354,drone,,8.844589,5.892727,-1.936689,1.565154,0.281576,0.098045,0.045497,0.452967,1.315714,0.328270,0.335070,,,,,,
sample,355,drone,,8.869574,5.899903,-1.933828,1.566393,0.292831,0.130735,0.053648,0.447947,1.301111,0.324254,0.419900,,,,,,
sample,356,drone,,8.894559,5.907359,-1.930156,1.567835,0.303960,0.163061,0.061699,0.442926,1.286508,0.320238,0.492384,,,,,,
sample,357,drone,,8.919543,5.915092,-1.925680,1.569476,0.314964,0.195021,0.069650,0.437905,1.271905,0.316222,0.554408,,,,,,
sample,358,drone,,8.944528,5.923098,-1.920411,1.571315,0.325842,0.226617,0.077501,0.432885,1.257302,0.312206,0.607687,,,,,,
sample,359,drone,,8.969513,5.931374,-1.914357,1.573349,0.336595,0.257848,0.085251,0.427864,1.242699,0.308191,0.653693,,,,,,
sample,360,drone,,8.994497,5.939917,-1.907526,1.575575,0.347222,0.288714,0.092901,0.422843,1.228095,0.304175,0.693653,,,,,,
sample,361,drone,,9.019482,5.948725,-1.899930,1.577991,0.357724,0.319215,0.100451,0.417822,1.213492,0.300159,0.728573,,,,,,
sample,362,drone,,9.044467,5.957793,-1.891575,1.580595,0.368100,0.349351,0.107900,0.412802,1.198889,0.296143,0.759271,,,,,,
sample,363,drone,,9.069452,5.967118,-1.882473,1.583383,0.378351,0.379123,0.115249,0.407781,1.184286,0.292127,0.786417,,,,,,
sample,364,drone,,9.094436,5.976699,-1.872631,1.586354,0.388477,0.408530,0.122497,0.402760,1.169683,0.288112,0.810553,,,,,,
sample,365,drone,,9.119421,5.986530,-1.862059,1.589504,0.398477,0.437571,0.129645,0.397740,1.155080,0.284096,0.832125,,,,,,
sample,366,drone,,9.144406,5.996610,-1.850766,1.592832,0.408352,0.466248,0.136693,0.392719,1.140477,0.280080,0.851499,,,,,,
sample,367,drone,,9.169390,6.006936,-1.838761,1.596335,0.418101,0.494560,0.143641,0.387698,1.125874,0.276064,0.868979,,,,,,
sample,368,drone,,9.194375,6.017503,-1.826053,1.600010,0.427725,0.522508,0.150488,0.382677,1.111270,0.272049,0.884816,,,,,,
sample,369,drone,,9.219360,6.028309,-1.812651,1.603854,0.437223,0.550090,0.157235,0.377657,1.096667,0.268033,0.899221,,,,,,
sample,370,drone,,9.244345,6.039350,-1.798565,1.607867,0.446596,0.577307,0.163882,0.372636,1.082064,0.264017,0.912371,,,,,,
sample,371,drone,,9.269329,6.050625,-1.783803,1.612043,0.455844,0.604160,0.170428,0.367615,1.067461,0.260001,0.924416,,,,,,
sample,372,drone,,9.294314,6.062129,-1.768376,1.616383,0.464966,0.630648,0.176874,0.362595,1.052858,0.255985,0.935484,,,,,,
sample,373,drone,,9.319299,6.073859,-1.752290,1.620882,0.473962,0.656771,0.183219,0.357574,1.038255,0.251970,0.945684,,,,,,
sample,374,drone,,9.344283,6.085812,-1.735557,1.625538,0.482833,0.682529,0.189464,0.352553,1.023652,0.247954,0.955109,,,,,,
sample,375,drone,,9.369268,6.097986,-1.718185,1.630349,0.491579,0.707922,0.195609,0.347533,1.009049,0.243938,0.963840,,,,,,
sample,376,drone,,9.394253,6.110376,-1.700183,1.635313,0.500199,0.732950,0.201654,0.342512,0.994445,0.239922,0.971949,,,,,,
sample,377,drone,,9.419238,6.122981,-1.681560,1.640426,0.508694,0.757614,0.207598,0.337491,0.979842,0.235906,0.979495,,,,,,
sample,378,drone,,9.444222,6.135795,-1.662325,1.645686,0.517064,0.781913,0.213442,0.332470,0.965239,0.231891,0.986532,,,,,,
sample,379,drone,,9.469207,6.148818,-1.642488,1.651091,0.525308,0.805846,0.219186,0.327450,0.950636,0.227875,0.993107,,,,,,
sample,380,drone,,9.494192,6.162045,-1.622057,1.656639,0.533426,0.829415,0.224829,0.322429,0.936033,0.223859,0.999262,,,,,,
sample,381,drone,,9.519176,6.175473,-1.601043,1.662326,0.541419,0.852619,0.230372,0.317408,0.921430,0.219843,1.005033,,,,,,
sample,382,drone,,9.544161,6.189099,-1.579453,1.668150,0.549287,0.875459,0.235814,0.312388,0.906827,0.215827,1.010453,,,,,,
sample,383,drone,,9.569146,6.202920,-1.557296,1.674109,0.557029,0.897933,0.241156,0.307367,0.892224,0.211812,1.015551,,,,,,
sample,384,drone,,9.594131,6.216934,-1.534583,1.680201,0.564646,0.920043,0.246398,0.302346,0.877620,0.207796,1.020352,,,,,,
sample,385,drone,,9.619115,6.231136,-1.511322,1.686422,0.572137,0.941787,0.251540,0.297325,0.863017,0.203780,1.024879,,,,,,
sample,386,drone,,9.644100,6.245523,-1.487523,1.692770,0.579503,0.963167,0.256581,0.292305,0.848414,0.199764,1.029154,,,,,,
sample,387,drone,,9.669085,6.260093,-1.463193,1.699243,0.586743,0.984182,0.261522,0.287284,0.833811,0.195749,1.033195,,,,,,
sample,388,drone,,9.694069,6.274842,-1.438344,1.705838,0.593858,1.004832,0.266362,0.282263,0.819208,0.191733,1.037019,,,,,,
sample,389,drone,,9.719054,6.289768,-1.412983,1.712553,0.600848,1.025117,0.271103,0.277243,0.804605,0.187717,1.040641,,,,,,
sample,390,drone,,9.744039,6.304866,-1.387119,1.719385,0.607712,1.045038,0.275743,0.272222,0.790002,0.183701,1.044075,,,,,,
sample,391,drone,,9.769024,6.320135,-1.360763,1.726332,0.614451,1.064593,0.280282,0.267201,0.775399,0.179685,1.047333,,,,,,
sample,392,drone,,9.794008,6.335570,-1.333922,1.733390,0.621064,1.083784,0.284721,0.262180,0.760795,0.175670,1.050428,,,,,,
sample,393,drone,,9.818993,6.351169,-1.306607,1.740559,0.627552,1.102610,0.289060,0.257160,0.746192,0.171654,1.053369,,,,,,
sample,394,drone,,9.843978,6.366928,-1.278825,1.747835,0.633914,1.121071,0.293299,0.252139,0.731589,0.167638,1.056166,,,,,,
sample,395,drone,,9.868962,6.382845,-1.250587,1.755215,0.640151,1.139167,0.297437,0.247118,0.716986,0.163622,1.058827,,,,,,
sample,396,drone,,9.893947,6.398916,-1.221902,1.762697,0.646262,1.156898,0.301475,0.242098,0.702383,0.159606,1.061362,,,,,,
sample,397,drone,,9.918932,6.415139,-1.192778,1.770279,0.652248,1.174265,0.305412,0.237077,0.687780,0.155591,1.063776,,,,,,
sample,398,drone,,9.943917,6.431509,-1.163224,1.777959,0.658109,1.191266,0.309250,0.232056,0.673177,0.151575,1.066078,,,,,,
sample,399,drone,,9.968901,6.448024,-1.133251,1.785732,0.663844,1.207903,0.312987,0.227035,0.658574,0.147559,1.068272,,,,,,
sample,400,drone,,9.993886,6.464681,-1.102866,1.793598,0.669454,1.224175,0.316623,0.222015,0.643970,0.143543,1.070366,,,,,,
sample,401,drone,,10.018871,6.481476,-1.072080,1.801554,0.674938,1.240082,0.320159,0.216994,0.629367,0.139527,1.072364,,,,,,
sample,402,drone,,10.043855,6.498407,-1.040900,1.809597,0.680297,1.255624,0.323595,0.211973,0.614764,0.135512,1.074270,,,,,,
sample,403,drone,,10.068840,6.515470,-1.009337,1.817724,0.685530,1.270801,0.326931,0.206953,0.600161,0.131496,1.076091,,,,,,
sample,404,drone,,10.093825,6.532663,-0.977399,1.825933,0.690638,1.285613,0.330166,0.201932,0.585558,0.127480,1.077829,,,,,,
sample,405,drone,,10.118810,6.549981,-0.945095,1.834222,0.695621,1.300061,0.333301,0.196911,0.570955,0.123464,1.079490,,,,,,
sample,406,drone,,10.143794,6.567422,-0.912436,1.842588,0.700478,1.314144,0.336335,0.191891,0.556352,0.119448,1.081075,,,,,,
sample,407,drone,,10.168779,6.584984,-0.879428,1.851029,0.705209,1.327862,0.339270,0.186870,0.541749,0.115433,1.082590,,,,,,
sample,408,drone,,10.193764,6.602661,-0.846083,1.859541,0.709816,1.341215,0.342104,0.181849,0.527145,0.111417,1.084036,,,,,,
sample,409,drone,,10.218748,6.620453,-0.812409,1.868123,0.714296,1.354203,0.344837,0.176828,0.512542,0.107401,1.085418,,,,,,
sample,410,drone,,10.243733,6.638354,-0.778414,1.876772,0.718652,1.366826,0.347470,0.171808,0.497939,0.103385,1.086737,,,,,,
sample,411,drone,,10.268718,6.656363,-0.744109,1.885486,0.722881,1.379085,0.350003,0.166787,0.483336,0.099370,1.087996,,,,,,
sample,412,drone,,10.293703,6.674476,-0.709502,1.894262,0.726986,1.390978,0.352436,0.161766,0.468733,0.095354,1.089198,,,,,,
sample,413,drone,,10.318687,6.692690,-0.674603,1.903097,0.730965,1.402507,0.354768,0.156746,0.454130,0.091338,1.090345,,,,,,
sample,414,drone,,10.343672,6.711002,-0.639420,1.911989,0.734818,1.413671,0.357000,0.151725,0.439527,0.087322,1.091439,,,,,,
sample,415,drone,,10.368657,6.729409,-0.603962,1.920936,0.738546,1.424470,0.359131,0.146704,0.424924,0.083306,1.092481,,,,,,
sample,416,drone,,10.393641,6.747907,-0.568240,1.929935,0.742149,1.434904,0.361163,0.141683,0.410320,0.079291,1.093474,,,,,,
sample,417,drone,,10.418626,6.766494,-0.532261,1.938983,0.745626,1.444973,0.363094,0.136663,0.395717,0.075275,1.094420,,,,,,
sample,418,drone,,10.443611,6.785165,-0.496035,1.948079,0.748978,1.454678,0.364924,0.131642,0.381114,0.071259,1.095319,,,,,,
sample,419,drone,,10.468596,6.803920,-0.459572,1.957218,0.752204,1.464017,0.366654,0.126621,0.366511,0.067243,1.096174,,,,,,
sample,420,drone,,10.493580,6.822753,-0.422879,1.966400,0.755305,1.472992,0.368284,0.121601,0.351908,0.063227,1.096985,,,,,,
sample,421,drone,,10.518565,6.841662,-0.385967,1.975621,0.758281,1.481602,0.369814,0.116580,0.337305,0.059212,1.097755,,,,,,
sample,422,drone,,10.543550,6.860644,-0.348844,1.984880,0.761131,1.489847,0.371243,0.111559,0.322702,0.055196,1.098484,,,,,,
sample,423,drone,,10.568534,6.879695,-0.311520,1.994172,0.763855,1.497727,0.372572,0.106538,0.308099,0.051180,1.099173,,,,,,
sample,424,drone,,10.593519,6.898813,-0.274004,2.003497,0.766454,1.505242,0.373800,0.101518,0.293495,0.047164,1.099824,,,,,,
sample,425,drone,,10.618504,6.917994,-0.236304,2.012851,0.768928,1.512393,0.374929,0.096497,0.278892,0.043148,1.100437,,,,,,
sample,426,drone,,10.643489,6.937236,-0.198430,2.022232,0.771276,1.519179,0.375957,0.091476,0.264289,0.039133,1.101013,,,,,,
sample,427,drone,,10.668473,6.956534,-0.160392,2.031637,0.773499,1.525599,0.376884,0.086456,0.249686,0.035117,1.101554,,,,,,
sample,428,drone,,10.693458,6.975887,-0.122197,2.041064,0.775596,1.531655,0.377711,0.081435,0.235083,0.031101,1.102059,,,,,,
sample,429,drone,,10.718443,6.995291,-0.083856,2.050511,0.777568,1.537346,0.378438,0.076414,0.220480,0.027085,1.102531,,,,,,
sample,430,drone,,10.743427,7.014742,-0.045377,2.059975,0.779415,1.542672,0.379065,0.071394,0.205877,0.023070,1.102968,,,,,,
sample,431,drone,,10.768412,7.034237,-0.006769,2.069453,0.781136,1.547634,0.379591,0.066373,0.191274,0.019054,1.103373,,,,,,
sample,432,drone,,10.793397,7.053775,0.031958,2.078943,0.782731,1.552230,0.380017,0.061352,0.176670,0.015038,1.103745,,,,,,
sample,433,drone,,10.818382,7.073350,0.070795,2.088442,0.784202,1.556462,0.380342,0.056331,0.162067,0.011022,1.104085,,,,,,
sample,434,drone,,10.843366,7.092961,0.109733,2.097948,0.785546,1.560329,0.380568,0.051311,0.147464,0.007006,1.104393,,,,,,
sample,435,drone,,10.868351,7.112603,0.148763,2.107459,0.786765,1.563831,0.380692,0.046290,0.132861,0.002991,1.104671,,,,,,
sample,436,drone,,10.893336,7.132275,0.187877,2.116971,0.787859,1.566968,0.380717,0.041269,0.118258,-0.001025,1.104917,,,,,,
sample,437,drone,,10.918320,7.151972,0.227064,2.126483,0.788828,1.569740,0.380641,0.036249,0.103655,-0.005041,1.105134,,,,,,
sample,438,drone,,10.943305,7.171692,0.266316,2.135992,0.789671,1.572147,0.380465,0.031228,0.089052,-0.009057,1.105320,,,,,,
sample,439,drone,,10.968290,7.191432,0.305623,2.145495,0.790388,1.574190,0.380189,0.026207,0.074449,-0.013073,1.105477,,,,,,
sample,440,drone,,10.993275,7.211188,0.344977,2.154989,0.790980,1.575867,0.379812,0.021186,0.059845,-0.017088,1.105603,,,,,,
sample,441,drone,,11.018259,7.230957,0.384368,2.164474,0.791447,1.577180,0.379335,0.016166,0.045242,-0.021104,1.105701,,,,,,
sample,442,drone,,11.043244,7.250736,0.423788,2.173945,0.791788,1.578128,0.378757,0.011145,0.030639,-0.025120,1.105769,,,,,,
sample,443,drone,,11.068229,7.270522,0.463227,2.183400,0.792004,1.578711,0.378080,0.006124,0.016036,-0.029136,1.105808,,,,,,
sample,444,drone,,11.093213,7.290312,0.502675,2.192837,0.792094,1.578930,0.377301,0.001104,0.001433,-0.033152,1.105817,,,,,,
sample,445,drone,,11.118198,7.310102,0.542125,2.202253,0.792059,1.578783,0.376423,-0.003917,-0.013170,-0.037167,1.105798,,,,,,
sample,446,drone,,11.143183,7.329890,0.581566,2.211647,0.791898,1.578271,0.375444,-0.008938,-0.027773,-0.041183,1.105749,,,,,,
sample,447,drone,,11.168168,7.349673,0.620990,2.221014,0.791612,1.577395,0.374365,-0.013959,-0.042376,-0.045199,1.105672,,,,,,
sample,448,drone,,11.193152,7.369447,0.660388,2.230353,0.791201,1.576154,0.373186,-0.018979,-0.056980,-0.049215,1.105564,,,,,,
sample,449,drone,,11.218137,7.389209,0.699750,2.239662,0.790664,1.574548,0.371906,-0.024000,-0.071583,-0.053231,1.105428,,,,,,
sample,450,drone,,11.243122,7.408956,0.739067,2.248937,0.790001,1.572577,0.370526,-0.029021,-0.086186,-0.057246,1.105262,,,,,,
sample,451,drone,,11.268106,7.428685,0.778330,2.258177,0.789214,1.570241,0.369045,-0.034041,-0.100789,-0.061262,1.105066,,,,,,
sample,452,drone,,11.293091,7.448392,0.817531,2.267378,0.788300,1.567541,0.367465,-0.039062,-0.115392,-0.065278,1.104839,,,,,,
sample,453,drone,,11.318076,7.468076,0.856660,2.276539,0.787262,1.564475,0.365783,-0.044083,-0.129995,-0.069294,1.104583,,,,,,
sample,454,drone,,11.343061,7.487731,0.895707,2.285656,0.786098,1.561045,0.364002,-0.049103,-0.144598,-0.073309,1.104296,,,,,,
sample,455,drone,,11.368045,7.507356,0.934664,2.294728,0.784808,1.557250,0.362120,-0.054124,-0.159201,-0.077325,1.103977,,,,,,
sample,456,drone,,11.393030,7.526948,0.973522,2.303751,0.783393,1.553090,0.360138,-0.059145,-0.173805,-0.081341,1.103627,,,,,,
sample,457,drone,,11.418015,7.546502,1.012271,2.312724,0.781853,1.548565,0.358056,-0.064166,-0.188408,-0.085357,1.103245,,,,,,
sample,458,drone,,11.442999,7.566017,1.050903,2.321643,0.780187,1.543675,0.355873,-0.069186,-0.203011,-0.089373,1.102831,,,,,,
sample,459,drone,,11.467984,7.585488,1.089408,2.330507,0.778395,1.538420,0.353590,-0.074207,-0.217614,-0.093388,1.102384,,,,,,
sample,460,drone,,11.492969,7.604912,1.127777,2.339312,0.776479,1.532801,0.351206,-0.079228,-0.232217,-0.097404,1.101903,,,,,,
sample,461,drone,,11.517954,7.624288,1.166001,2.348056,0.774437,1.526817,0.348722,-0.084248,-0.246820,-0.101420,1.101387,,,,,,
sample,462,drone,,11.542938,7.643611,1.204071,2.356737,0.772269,1.520467,0.346138,-0.089269,-0.261423,-0.105436,1.100836,,,,,,
sample,463,drone,,11.567923,7.662878,1.241978,2.365352,0.769976,1.513753,0.343454,-0.094290,-0.276026,-0.109452,1.100250,,,,,,
sample,464,drone,,11.592908,7.682086,1.279712,2.373899,0.767557,1.506675,0.340669,-0.099311,-0.290630,-0.113467,1.099627,,,,,,
sample,465,drone,,11.617892,7.701232,1.317265,2.382375,0.765013,1.499231,0.337784,-0.104331,-0.305233,-0.117483,1.098966,,,,,,
sample,466,drone,,11.642877,7.720313,1.354628,2.390778,0.762344,1.491422,0.334799,-0.109352,-0.319836,-0.121499,1.098267,,,,,,
sample,467,drone,,11.667862,7.739326,1.391791,2.399105,0.759549,1.483249,0.331713,-0.114373,-0.334439,-0.125515,1.097528,,,,,,
sample,468,drone,,11.692847,7.758267,1.428745,2.407354,0.756629,1.474711,0.328527,-0.119393,-0.349042,-0.129531,1.096748,,,,,,
sample,469,drone,,11.717831,7.777134,1.465481,2.415521,0.753583,1.465807,0.325240,-0.124414,-0.363645,-0.133546,1.095926,,,,,,
sample,470,drone,,11.742816,7.795924,1.501991,2.423606,0.750412,1.456539,0.321853,-0.129435,-0.378248,-0.137562,1.095061,,,,,,
sample,471,drone,,11.767801,7.814632,1.538264,2.431604,0.747115,1.446907,0.318366,-0.134456,-0.392851,-0.141578,1.094152,,,,,,
sample,472,drone,,11.792785,7.833256,1.574292,2.439514,0.743693,1.436909,0.314779,-0.139476,-0.407455,-0.145594,1.093196,,,,,,
sample,473,drone,,11.817770,7.851794,1.610065,2.447334,0.740146,1.426546,0.311091,-0.144497,-0.422058,-0.149609,1.092193,,,,,,
sample,474,drone,,11.842755,7.870241,1.645575,2.455059,0.736473,1.415819,0.307303,-0.149518,-0.436661,-0.153625,1.091140,,,,,,
sample,475,drone,,11.867740,7.888595,1.680813,2.462689,0.732674,1.404727,0.303415,-0.154538,-0.451264,-0.157641,1.090036,,,,,,
sample,476,drone,,11.892724,7.906852,1.715769,2.470221,0.728751,1.393269,0.299426,-0.159559,-0.465867,-0.161657,1.088879,,,,,,
sample,477,drone,,11.917709,7.925010,1.750434,2.477652,0.724701,1.381447,0.295337,-0.164580,-0.480470,-0.165673,1.087666,,,,,,
sample,478,drone,,11.942694,7.943065,1.784799,2.484979,0.720527,1.369261,0.291147,-0.169600,-0.495073,-0.169688,1.086397,,,,,,
sample,479,drone,,11.967678,7.961015,1.818855,2.492200,0.716226,1.356709,0.286857,-0.174621,-0.509676,-0.173704,1.085067,,,,,,
sample,480,drone,,11.992663,7.978855,1.852593,2.499313,0.711801,1.343792,0.282467,-0.179642,-0.524280,-0.177720,1.083675,,,,,,
sample,481,drone,,12.017648,7.996583,1.886004,2.506315,0.707250,1.330511,0.277977,-0.184663,-0.538883,-0.181736,1.082219,,,,,,
sample,482,drone,,12.042633,8.014196,1.919078,2.513203,0.702573,1.316865,0.273386,-0.189683,-0.553486,-0.185752,1.080694,,,,,,
sample,483,drone,,12.067617,8.031690,1.951807,2.519976,0.697771,1.302854,0.268695,-0.194704,-0.568089,-0.189767,1.079098,,,,,,
sample,484,drone,,12.092602,8.049063,1.984181,2.526630,0.692844,1.288478,0.263903,-0.199725,-0.582692,-0.193783,1.077428,,,,,,
sample,485,drone,,12.117587,8.066311,2.016191,2.533163,0.687791,1.273737,0.259012,-0.204745,-0.597295,-0.197799,1.075679,,,,,,
sample,486,drone,,12.142571,8.083431,2.047829,2.539572,0.682613,1.258631,0.254020,-0.209766,-0.611898,-0.201815,1.073849,,,,,,
sample,487,drone,,12.167556,8.100421,2.079084,2.545856,0.677309,1.243161,0.248927,-0.214787,-0.626501,-0.205831,1.071932,,,,,,
sample,488,drone,,12.192541,8.117276,2.109949,2.552011,0.671880,1.227325,0.243734,-0.219808,-0.641105,-0.209846,1.069925,,,,,,
sample,489,drone,,12.217526,8.133994,2.140413,2.558035,0.666326,1.211125,0.238441,-0.224828,-0.655708,-0.213862,1.067822,,,,,,
sample,490,drone,,12.242510,8.150572,2.170468,2.563926,0.660646,1.194560,0.233048,-0.229849,-0.670311,-0.217878,1.065618,,,,,,
sample,491,drone,,12.267495,8.167006,2.200104,2.569680,0.654840,1.177630,0.227554,-0.234870,-0.684914,-0.221894,1.063308,,,,,,
sample,492,drone,,12.292480,8.183294,2.229313,2.575297,0.648910,1.160335,0.221960,-0.239890,-0.699517,-0.225909,1.060884,,,,,,
sample,493,drone,,12.317464,8.199432,2.258086,2.580772,0.642853,1.142676,0.216265,-0.244911,-0.714120,-0.229925,1.058342,,,,,,
sample,494,drone,,12.342449,8.215417,2.286412,2.586103,0.636671,1.124651,0.210471,-0.249932,-0.728723,-0.233941,1.055672,,,,,,
sample,495,drone,,12.367434,8.231246,2.314284,2.591289,0.630364,1.106262,0.204575,-0.254953,-0.743326,-0.237957,1.052868,,,,,,
sample,496,drone,,12.392419,8.246916,2.341691,2.596326,0.623932,1.087507,0.198580,-0.259973,-0.757930,-0.241973,1.049920,,,,,,
sample,497,drone,,12.417403,8.262424,2.368626,2.601212,0.617374,1.068388,0.192484,-0.264994,-0.772533,-0.245988,1.046819,,,,,,
sample,498,drone,,12.442388,8.277766,2.395078,2.605944,0.610690,1.048904,0.186288,-0.270015,-0.787136,-0.250004,1.043555,,,,,,
sample,499,drone,,12.467373,8.292940,2.421039,2.610520,0.603881,1.029056,0.179992,-0.275035,-0.801739,-0.254020,1.040117,,,,,,
sample,500,drone,,12.492357,8.307941,2.446499,2.614938,0.596947,1.008842,0.173595,-0.280056,-0.816342,-0.258036,1.036491,,,,,,
sample,501,drone,,12.517342,8.322769,2.471450,2.619195,0.589887,0.988263,0.167098,-0.285077,-0.830945,-0.262052,1.032665,,,,,,
sample,502,drone,,12.542327,8.337418,2.495882,2.623288,0.582702,0.967320,0.160500,-0.290097,-0.845548,-0.266067,1.028623,,,,,,
sample,503,drone,,12.567312,8.351886,2.519787,2.627215,0.575391,0.946012,0.153803,-0.295118,-0.860151,-0.270083,1.024349,,,,,,
sample,504,drone,,12.592296,8.366170,2.543154,2.630973,0.567955,0.924339,0.147004,-0.300139,-0.874755,-0.274099,1.019824,,,,,,
sample,505,drone,,12.617281,8.380266,2.565975,2.634561,0.560393,0.902301,0.140106,-0.305160,-0.889358,-0.278115,1.015027,,,,,,
sample,506,drone,,12.642266,8.394172,2.588242,2.637974,0.552706,0.879898,0.133107,-0.310180,-0.903961,-0.282131,1.009937,,,,,,
sample,507,drone,,12.667250,8.407885,2.609943,2.641212,0.544894,0.857130,0.126008,-0.315201,-0.918564,-0.286146,1.004527,,,,,,
sample,508,drone,,12.692235,8.421400,2.631072,2.644271,0.536956,0.833998,0.118809,-0.320222,-0.933167,-0.290162,0.998769,,,,,,
sample,509,drone,,12.717220,8.434716,2.651618,2.647149,0.528892,0.810501,0.111509,-0.325242,-0.947770,-0.294178,0.992631,,,,,,
sample,510,drone,,12.742205,8.447829,2.671572,2.649843,0.520703,0.786638,0.104109,-0.330263,-0.962373,-0.298194,0.986077,,,,,,
sample,511,drone,,12.767189,8.460735,2.690926,2.652351,0.512389,0.762411,0.096608,-0.335284,-0.976976,-0.302210,0.979067,,,,,,
sample,512,drone,,12.792174,8.473432,2.709669,2.654670,0.503949,0.737820,0.089007,-0.340305,-0.991580,-0.306225,0.971554,,,,,,
sample,513,drone,,12.817159,8.485917,2.727794,2.656799,0.495384,0.712863,0.081306,-0.345325,-1.006183,-0.310241,0.963486,,,,,,
sample,514,drone,,12.842143,8.498187,2.745291,2.658733,0.486694,0.687541,0.073505,-0.350346,-1.020786,-0.314257,0.954804,,,,,,
sample,515,drone,,12.867128,8.510237,2.762150,2.660472,0.477878,0.661855,0.065603,-0.355367,-1.035389,-0.318273,0.945439,,,,,,
sample,516,drone,,12.892113,8.522066,2.778363,2.662011,0.468936,0.635803,0.057601,-0.360387,-1.049992,-0.322288,0.935311,,,,,,
sample,517,drone,,12.917098,8.533670,2.793921,2.663350,0.459869,0.609387,0.049499,-0.365408,-1.064595,-0.326304,0.924331,,,,,,
sample,518,drone,,12.942082,8.545045,2.808814,2.664485,0.450677,0.582606,0.041296,-0.370429,-1.079198,-0.330320,0.912391,,,,,,
sample,519,drone,,12.967067,8.556190,2.823033,2.665414,0.441359,0.555460,0.032993,-0.375450,-1.093801,-0.334336,0.899367,,,,,,
sample,520,drone,,12.992052,8.567100,2.836570,2.666133,0.431916,0.527949,0.024589,-0.263213,-1.082279,-0.438191,0.885115,,,,,,
sample,521,drone,,13.017036,8.577772,2.849415,2.666642,0.428207,0.501379,0.011097,0.671659,-0.885458,-1.239235,0.863952,,,,,,
sample,522,drone,,13.042021,8.588497,2.861624,2.666688,0.465478,0.483704,-0.037335,2.285627,-0.530165,-2.606922,0.804597,,,,,,
sample,523,drone,,13.067006,8.601032,2.873585,2.664777,0.542418,0.474887,-0.119170,3.135632,-0.336551,-3.310344,0.719113,,,,,,
sample,524,drone,,13.091991,8.615601,2.885354,2.660733,0.622164,0.466886,-0.202751,3.124673,-0.331160,-3.274869,0.643772,,,,,,
sample,525,drone,,13.116975,8.632121,2.896915,2.654645,0.698556,0.458339,-0.282813,2.990431,-0.353007,-3.134056,0.580668,,,,,,
sample,526,drone,,13.141960,8.650508,2.908256,2.646601,0.771594,0.449247,-0.359358,2.856189,-0.374855,-2.993242,0.527252,,,,,,
sample,527,drone,,13.166945,8.670677,2.919364,2.636688,0.841278,0.439608,-0.432384,2.721947,-0.396703,-2.852429,0.481523,,,,,,
sample,528,drone,,13.191929,8.692546,2.930223,2.624995,0.907608,0.429424,-0.501892,2.587705,-0.418551,-2.711616,0.441928,,,,,,
sample,529,drone,,13.216914,8.716030,2.940822,2.611609,0.970585,0.418693,-0.567882,2.453463,-0.440399,-2.570803,0.407264,,,,,,
sample,530,drone,,13.241899,8.741046,2.951145,2.596618,1.030207,0.407417,-0.630353,2.319220,-0.462247,-2.429989,0.376596,,,,,,
sample,531,drone,,13.266884,8.767509,2.961180,2.580111,1.086475,0.395595,-0.689307,2.184978,-0.484094,-2.289176,0.349188,,,,,,
sample,532,drone,,13.291868,8.795336,2.970913,2.562174,1.139389,0.383227,-0.744742,2.050736,-0.505942,-2.148363,0.324458,,,,,,
sample,533,drone,,13.316853,8.824443,2.980330,2.542896,1.188949,0.370314,-0.796659,1.916494,-0.527790,-2.007549,0.301940,,,,,,
sample,534,drone,,13.341838,8.854747,2.989417,2.522366,1.235155,0.356854,-0.845058,1.782252,-0.549638,-1.866736,0.281256,,,,,,
sample,535,drone,,13.366822,8.886163,2.998162,2.500669,1.278007,0.342849,-0.889939,1.648010,-0.571486,-1.725923,0.262097,,,,,,
sample,536,drone,,13.391807,8.918608,3.006549,2.477896,1.317505,0.328297,-0.931302,1.513768,-0.593334,-1.585109,0.244208,,,,,,
sample,537,drone,,13.416792,8.951998,3.014567,2.454133,1.353649,0.313200,-0.969146,1.379526,-0.615181,-1.444296,0.227374,,,,,,
sample,538,drone,,13.441777,8.986249,3.022200,2.429468,1.386439,0.297557,-1.003472,1.245284,-0.637029,-1.303483,0.211412,,,,,,
sample,539,drone,,13.466761,9.021278,3.029435,2.403990,1.415875,0.281368,-1.034280,1.111042,-0.658877,-1.162670,0.196168,,,,,,
sample,540,drone,,13.491746,9.057000,3.036260,2.377786,1.441957,0.264633,-1.061570,0.976800,-0.680725,-1.021856,0.181504,,,,,,
sample,541,drone,,13.516731,9.093332,3.042659,2.350944,1.464685,0.247353,-1.085342,0.842558,-0.702573,-0.881043,0.167299,,,,,,
sample,542,drone,,13.541715,9.130189,3.048620,2.323552,1.484059,0.229526,-1.105596,0.708316,-0.724421,-0.740230,0.153445,,,,,,
sample,543,drone,,13.566700,9.167489,3.054128,2.295698,1.500079,0.211154,-1.122331,0.574074,-0.746268,-0.599416,0.139843,,,,,,
sample,544,drone,,13.591685,9.205148,3.059171,2.267470,1.512746,0.192235,-1.135548,0.439832,-0.768116,-0.458603,0.126400,,,,,,
sample,545,drone,,13.616670,9.243080,3.063734,2.238955,1.522058,0.172771,-1.145247,0.305590,-0.789964,-0.317790,0.113028,,,,,,
sample,546,drone,,13.641654,9.281204,3.067804,2.210242,1.528016,0.152761,-1.151428,0.171348,-0.811812,-0.176976,0.099643,,,,,,
sample,547,drone,,13.666639,9.319434,3.071367,2.181419,1.530620,0.132206,-1.154090,0.037106,-0.833660,-0.036163,0.086160,,,,,,
sample,548,drone,,13.691624,9.357688,3.074410,2.152573,1.529870,0.111104,-1.153235,-0.097136,-0.855507,0.104650,0.072496,,,,,,
sample,549,drone,,13.716608,9.395881,3.076919,2.123792,1.525766,0.089456,-1.148861,-0.231378,-0.877355,0.245463,0.058563,,,,,,
sample,550,drone,,13.741593,9.433930,3.078880,2.095165,1.518308,0.067263,-1.140969,-0.365620,-0.899203,0.386277,0.044272,,,,,,
sample,551,drone,,13.766578,9.471750,3.080280,2.066779,1.507496,0.044524,-1.129559,-0.499862,-0.921051,0.527090,0.029526,,,,,,
sample,552,drone,,13.791563,9.509258,3.081105,2.038722,1.493330,0.021239,-1.114631,-0.634104,-0.942899,0.667903,0.014221,,,,,,
sample,553,drone,,13.816547,9.546371,3.081342,2.011081,1.475810,-0.002592,-1.096184,-0.768346,-0.964747,0.808717,-0.001757,,,,,,
sample,554,drone,,13.841532,9.583004,3.080976,1.983946,1.454936,-0.026969,-1.074220,-0.902588,-0.986594,0.949530,-0.018534,,,,,,
sample,555,drone,,13.866517,9.619073,3.079994,1.957403,1.430709,-0.051892,-1.048737,-1.036830,-1.008442,1.090343,-0.036254,,,,,,
sample,556,drone,,13.891502,9.654496,3.078383,1.931541,1.403127,-0.077361,-1.019736,-1.171072,-1.030290,1.231157,-0.055079,,,,,,
sample,557,drone,,13.916486,9.689187,3.076128,1.906448,1.372191,-0.103375,-0.987217,-1.305314,-1.052138,1.371970,-0.075194,,,,,,
sample,558,drone,,13.941471,9.723063,3.073217,1.882210,1.337901,-0.129935,-0.951179,-1.439556,-1.073986,1.512783,-0.096815,,,,,,
sample,559,drone,,13.966456,9.756041,3.069635,1.858918,1.300257,-0.157041,-0.911624,-1.573798,-1.095834,1.653596,-0.120195,,,,,,
sample,560,drone,,13.991440,9.788036,3.065370,1.836657,1.259259,-0.184693,-0.868550,-1.708040,-1.117681,1.794410,-0.145630,,,,,,
sample,561,drone,,14.016425,9.818965,3.060406,1.815517,1.214907,-0.212891,-0.821958,-1.842282,-1.139529,1.935223,-0.173471,,,,,,
sample,562,drone,,14.041410,9.848744,3.054732,1.795584,1.167201,-0.241635,-0.771848,-1.976524,-1.161377,2.076036,-0.204137,,,,,,
sample,563,drone,,14.066395,9.877290,3.048332,1.776948,1.116141,-0.270925,-0.718220,-2.110766,-1.183225,2.216850,-0.238128,,,,,,
sample,564,drone,,14.091379,9.904517,3.041194,1.759695,1.061727,-0.300760,-0.661073,-2.245008,-1.205073,2.357663,-0.276042,,,,,,
sample,565,drone,,14.116364,9.930344,3.033303,1.743914,1.003960,-0.331141,-0.600409,-2.379250,-1.226921,2.498476,-0.318599,,,,,,
sample,566,drone,,14.141349,9.954685,3.024647,1.729693,0.942838,-0.362069,-0.536226,-2.513492,-1.248768,2.639289,-0.366655,,,,,,
sample,567,drone,,14.166333,9.977457,3.015211,1.717120,0.878362,-0.393542,-0.468525,-2.647734,-1.270616,2.780103,-0.421223,,,,,,
sample,568,drone,,14.191318,9.998576,3.004982,1.706281,0.810532,-0.425561,-0.397306,-2.781976,-1.292464,2.920916,-0.483477,,,,,,
sample,569,drone,,14.216303,10.017959,2.993946,1.697266,0.739348,-0.458125,-0.322568,-2.916219,-1.314312,3.061729,-0.554732,,,,,,
sample,570,drone,,14.241288,10.035521,2.982090,1.690163,0.664810,-0.491236,-0.244313,-3.050461,-1.336160,3.202543,-0.636367,,,,,,
sample,571,drone,,14.266272,10.051179,2.969399,1.685058,0.586918,-0.524893,-0.162539,-3.139079,-1.362511,3.305750,-0.729668,,,,,,
sample,572,drone,,14.291257,10.064849,2.955861,1.682041,0.507952,-0.559320,-0.079126,-2.486104,-1.457658,2.794754,-0.833491,,,,,,
sample,573,drone,,14.316242,10.076561,2.941450,1.681104,0.462689,-0.597731,-0.022887,-0.922564,-1.624078,1.520803,-0.912064,,,,,,
sample,574,drone,,14.341226,10.087969,2.925993,1.680897,0.461852,-0.640474,-0.003133,0.191600,-1.720906,0.600419,-0.946043,,,,,,
sample,575,drone,,14.366211,10.099639,2.909446,1.680948,0.472263,-0.683724,0.007116,0.413565,-1.717404,0.407257,-0.966324,,,,,,
sample,576,drone,,14.391196,10.111568,2.891827,1.681253,0.482518,-0.726292,0.017218,0.407306,-1.690144,0.401389,-0.984394,,,,,,
sample,577,drone,,14.416181,10.123750,2.873154,1.681808,0.492616,-0.768179,0.027173,0.401046,-1.662883,0.395521,-1.000577,,,,,,
sample,578,drone,,14.441165,10.136183,2.853442,1.682611,0.502558,-0.809385,0.036982,0.394787,-1.635622,0.389654,-1.015141,,,,,,
sample,579,drone,,14.466150,10.148863,2.832709,1.683656,0.512343,-0.849910,0.046644,0.388527,-1.608362,0.383786,-1.028306,,,,,,
sample,580,drone,,14.491135,10.161785,2.810972,1.684941,0.521972,-0.889754,0.056159,0.382268,-1.581101,0.377918,-1.040253,,,,,,
sample,581,drone,,14.516119,10.174946,2.788249,1.686462,0.531445,-0.928917,0.065528,0.376009,-1.553841,0.372051,-1.051135,,,,,,
sample,582,drone,,14.541104,10.188341,2.764555,1.688216,0.540761,-0.967399,0.074750,0.369749,-1.526580,0.366183,-1.061081,,,,,,
sample,583,drone,,14.566089,10.201967,2.739908,1.690198,0.549921,-1.005199,0.083826,0.363490,-1.499319,0.360316,-1.070200,,,,,,
sample,584,drone,,14.591074,10.215820,2.714326,1.692404,0.558925,-1.042319,0.092755,0.357231,-1.472059,0.354448,-1.078585,,,,,,
sample,585,drone,,14.616058,10.229896,2.687824,1.694832,0.567772,-1.078757,0.101538,0.350971,-1.444798,0.348580,-1.086315,,,,,,
sample,586,drone,,14.641043,10.244191,2.660421,1.697478,0.576462,-1.114515,0.110173,0.344712,-1.417538,0.342713,-1.093458,,,,,,
sample,587,drone,,14.666028,10.258702,2.632133,1.700338,0.584997,-1.149591,0.118663,0.338453,-1.390277,0.336845,-1.100075,,,,,,
sample,588,drone,,14.691012,10.273423,2.602976,1.703408,0.593375,-1.183986,0.127005,0.332193,-1.363017,0.330977,-1.106216,,,,,,
sample,589,drone,,14.715997,10.288352,2.572969,1.706684,0.601596,-1.217700,0.135201,0.325934,-1.335756,0.325110,-1.111926,,,,,,
sample,590,drone,,14.740982,10.303485,2.542129,1.710164,0.609661,-1.250733,0.143251,0.319675,-1.308495,0.319242,-1.117244,,,,,,
sample,591,drone,,14.765967,10.318817,2.510471,1.713842,0.617570,-1.283085,0.151154,0.313415,-1.281235,0.313374,-1.122207,,,,,,
sample,592,drone,,14.790951,10.334344,2.478014,1.717717,0.625323,-1.314755,0.158910,0.307156,-1.253974,0.307507,-1.126843,,,,,,
sample,593,drone,,14.815936,10.350064,2.444773,1.721783,0.632919,-1.345745,0.166520,0.300897,-1.226714,0.301639,-1.131181,,,,,,
sample,594,drone,,14.840921,10.365971,2.410768,1.726038,0.640358,-1.376054,0.173983,0.294637,-1.199453,0.295772,-1.135244,,,,,,
sample,595,drone,,14.865905,10.382062,2.376013,1.730477,0.647642,-1.405681,0.181299,0.288378,-1.172193,0.289904,-1.139054,,,,,,
sample,596,drone,,14.890890,10.398333,2.340526,1.735097,0.654768,-1.434627,0.188469,0.282119,-1.144932,0.284036,-1.142630,,,,,,
sample,597,drone,,14.915875,10.414781,2.304325,1.739894,0.661739,-1.462893,0.195492,0.275859,-1.117671,0.278169,-1.145990,,,,,,
sample,598,drone,,14.940860,10.431400,2.267427,1.744866,0.668553,-1.490477,0.202369,0.269600,-1.090411,0.272301,-1.149149,,,,,,
sample,599,drone,,14.965844,10.448188,2.229847,1.750007,0.675211,-1.517380,0.209099,0.263341,-1.063150,0.266433,-1.152121,,,,,,
sample,600,drone,,14.990829,10.465140,2.191604,1.755314,0.681712,-1.543602,0.215683,0.257081,-1.035890,0.260566,-1.154919,,,,,,
sample,601,drone,,15.015814,10.482253,2.152714,1.760784,0.688057,-1.569143,0.222119,0.250822,-1.008629,0.254698,-1.157553,,,,,,
sample,602,drone,,15.040798,10.499522,2.113195,1.766413,0.694245,-1.594002,0.228410,0.244563,-0.981369,0.248831,-1.160036,,,,,,
sample,603,drone,,15.065783,10.516944,2.073063,1.772198,0.700277,-1.618181,0.234553,0.238303,-0.954108,0.242963,-1.162375,,,,,,
sample,604,drone,,15.090768,10.534514,2.032335,1.778134,0.706153,-1.641679,0.240550,0.232044,-0.926847,0.237095,-1.164579,,,,,,
sample,605,drone,,15.115753,10.552230,1.991029,1.784218,0.711873,-1.664495,0.246401,0.225785,-0.899587,0.231228,-1.166657,,,,,,
sample,606,drone,,15.140737,10.570086,1.949161,1.790446,0.717436,-1.686631,0.252105,0.219525,-0.872326,0.225360,-1.168616,,,,,,
sample,607,drone,,15.165722,10.588079,1.906749,1.796816,0.722842,-1.708085,0.257662,0.213266,-0.845066,0.219492,-1.170461,,,,,,
sample,608,drone,,15.190707,10.606206,1.863809,1.803322,0.728092,-1.728858,0.263073,0.207007,-0.817805,0.213625,-1.172199,,,,,,
sample,609,drone,,15.215691,10.624462,1.820359,1.809961,0.733186,-1.748950,0.268337,0.200747,-0.790545,0.207757,-1.173836,,,,,,
sample,610,drone,,15.240676,10.642843,1.776415,1.816730,0.738124,-1.768361,0.273454,0.194488,-0.763284,0.201890,-1.175376,,,,,,
sample,611,drone,,15.265661,10.661345,1.731995,1.823625,0.742905,-1.787091,0.278425,0.188229,-0.736023,0.196022,-1.176824,,,,,,
sample,612,drone,,15.290646,10.679965,1.687115,1.830643,0.747529,-1.805140,0.283249,0.181969,-0.708763,0.190154,-1.178184,,,,,,
sample,613,drone,,15.315630,10.698699,1.641793,1.837779,0.751997,-1.822507,0.287927,0.175710,-0.681502,0.184287,-1.179461,,,,,,
sample,614,drone,,15.340615,10.717542,1.596046,1.845031,0.756309,-1.839194,0.292458,0.169451,-0.654242,0.178419,-1.180657,,,,,,
sample,615,drone,,15.365600,10.736491,1.549890,1.852393,0.760465,-1.855200,0.296842,0.163191,-0.626981,0.172551,-1.181776,,,,,,
sample,616,drone,,15.390584,10.755542,1.503342,1.859864,0.764464,-1.870524,0.301080,0.156932,-0.599721,0.166684,-1.182821,,,,,,
sample,617,drone,,15.415569,10.774691,1.456421,1.867438,0.768307,-1.885167,0.305172,0.150673,-0.572460,0.160816,-1.183795,,,,,,
sample,618,drone,,15.440554,10.793934,1.409142,1.875113,0.771993,-1.899129,0.309116,0.144413,-0.545199,0.154949,-1.184701,,,,,,
sample,619,drone,,15.465539,10.813267,1.361522,1.882884,0.775523,-1.912411,0.312914,0.138154,-0.517939,0.149081,-1.185539,,,,,,
sample,620,drone,,15.490523,10.832687,1.313580,1.890749,0.778896,-1.925011,0.316566,0.131895,-0.490678,0.143213,-1.186314,,,,,,
sample,621,drone,,15.515508,10.852188,1.265331,1.898703,0.782114,-1.936929,0.320071,0.125635,-0.463418,0.137346,-1.187027,,,,,,
sample,622,drone,,15.540493,10.871768,1.216792,1.906743,0.785174,-1.948167,0.323429,0.119376,-0.436157,0.131478,-1.187679,,,,,,
sample,623,drone,,15.565477,10.891423,1.167982,1.914865,0.788079,-1.958724,0.326640,0.113117,-0.408897,0.125610,-1.188272,,,,,,
sample,624,drone,,15.590462,10.911148,1.118916,1.923065,0.790827,-1.968600,0.329705,0.106857,-0.381636,0.119743,-1.188808,,,,,,
sample,625,drone,,15.615447,10.930940,1.069612,1.931340,0.793418,-1.977794,0.332624,0.100598,-0.354375,0.113875,-1.189288,,,,,,
sample,626,drone,,15.640432,10.950795,1.020087,1.939686,0.795854,-1.986308,0.335396,0.094339,-0.327115,0.108007,-1.189713,,,,,,
sample,627,drone,,15.665416,10.970709,0.970357,1.948099,0.798132,-1.994140,0.338021,0.088079,-0.299854,0.102140,-1.190084,,,,,,
sample,628,drone,,15.690401,10.990677,0.920441,1.956576,0.800255,-2.001291,0.340500,0.081820,-0.272594,0.096272,-1.190403,,,,,,
sample,629,drone,,15.715386,11.010697,0.870354,1.965114,0.802221,-2.007761,0.342832,0.075561,-0.245333,0.090405,-1.190669,,,,,,
sample,630,drone,,15.740370,11.030764,0.820114,1.973708,0.804031,-2.013550,0.345017,0.069301,-0.218073,0.084537,-1.190885,,,,,,
sample,631,drone,,15.765355,11.050874,0.769738,1.982354,0.805684,-2.018658,0.347056,0.063042,-0.190812,0.078669,-1.191050,,,,,,
sample,632,drone,,15.790340,11.071023,0.719243,1.991050,0.807181,-2.023085,0.348948,0.056782,-0.163551,0.072802,-1.191165,,,,,,
sample,633,drone,,15.815325,11.091208,0.668646,1.999791,0.808521,-2.026831,0.350694,0.050523,-0.136291,0.066934,-1.191231,,,,,,
sample,634,drone,,15.840309,11.111425,0.617963,2.008574,0.809705,-2.029895,0.352293,0.044264,-0.109030,0.061066,-1.191247,,,,,,
sample,635,drone,,15.865294,11.131669,0.567213,2.017395,0.810733,-2.032279,0.353745,0.038004,-0.081770,0.055199,-1.191214,,,,,,
sample,636,drone,,15.890279,11.151936,0.516411,2.026250,0.811604,-2.033981,0.355051,0.031745,-0.054509,0.049331,-1.191133,,,,,,
sample,637,drone,,15.915263,11.172224,0.465576,2.035136,0.812319,-2.035003,0.356210,0.025486,-0.027248,0.043464,-1.191003,,,,,,
sample,638,drone,,15.940248,11.192528,0.414724,2.044050,0.812878,-2.035343,0.357223,0.019226,0.000012,0.037596,-1.190823,,,,,,
sample,639,drone,,15.965233,11.212843,0.363871,2.052987,0.813280,-2.035002,0.358089,0.012967,0.027273,0.031728,-1.190595,,,,,,
sample,640,drone,,15.990218,11.233167,0.313036,2.061943,0.813526,-2.033980,0.358808,0.006708,0.054533,0.025861,-1.190318,,,,,,
sample,641,drone,,16.015202,11.253494,0.262234,2.070916,0.813615,-2.032277,0.359381,0.000448,0.081794,0.019993,-1.189991,,,,,,
sample,642,drone,,16.040187,11.273823,0.211484,2.079901,0.813548,-2.029893,0.359807,-0.005811,0.109054,0.014125,-1.189614,,,,,,
sample,643,drone,,16.065172,11.294147,0.160802,2.088895,0.813325,-2.026828,0.360087,-0.012070,0.136315,0.008258,-1.189187,,,,,,
sample,644,drone,,16.090156,11.314464,0.110205,2.097895,0.812945,-2.023081,0.360220,-0.018330,0.163576,0.002390,-1.188709,,,,,,
sample,645,drone,,16.115141,11.334769,0.059709,2.106895,0.812409,-2.018654,0.360206,-0.024589,0.190836,-0.003477,-1.188179,,,,,,
sample,646,drone,,16.140126,11.355060,0.009334,2.115894,0.811716,-2.013545,0.360046,-0.030848,0.218097,-0.009345,-1.187596,,,,,,
sample,647,drone,,16.165111,11.375330,-0.040906,2.124887,0.810867,-2.007756,0.359739,-0.037108,0.245357,-0.015213,-1.186960,,,,,,
sample,648,drone,,16.190095,11.395578,-0.090993,2.133870,0.809862,-2.001285,0.359286,-0.043367,0.272618,-0.021080,-1.186270,,,,,,
sample,649,drone,,16.215080,11.415799,-0.140909,2.142840,0.808700,-1.994133,0.358686,-0.049626,0.299878,-0.026948,-1.185523,,,,,,
sample,650,drone,,16.240065,11.435988,-0.190639,2.151793,0.807382,-1.986300,0.357939,-0.055886,0.327139,-0.032816,-1.184720,,,,,,
sample,651,drone,,16.265049,11.456143,-0.240164,2.160726,0.805908,-1.977786,0.357046,-0.062145,0.354400,-0.038683,-1.183859,,,,,,
sample,652,drone,,16.290034,11.476259,-0.289467,2.169635,0.804277,-1.968591,0.356006,-0.068404,0.381660,-0.044551,-1.182937,,,,,,
sample,653,drone,,16.315019,11.496332,-0.338533,2.178516,0.802490,-1.958715,0.354820,-0.074664,0.408921,-0.050419,-1.181954,,,,,,
sample,654,drone,,16.340004,11.516359,-0.387343,2.187365,0.800546,-1.948158,0.353487,-0.080923,0.436181,-0.056286,-1.180908,,,,,,
sample,655,drone,,16.364988,11.536335,-0.435881,2.196179,0.798446,-1.936919,0.352008,-0.087182,0.463442,-0.062154,-1.179796,,,,,,
sample,656,drone,,16.389973,11.556257,-0.484130,2.204955,0.796190,-1.925000,0.350381,-0.093442,0.490702,-0.068021,-1.178617,,,,,,
sample,657,drone,,16.414958,11.576120,-0.532072,2.213687,0.793777,-1.912399,0.348609,-0.099701,0.517963,-0.073889,-1.177368,,,,,,
sample,658,drone,,16.439942,11.595922,-0.579692,2.222374,0.791208,-1.899117,0.346689,-0.105960,0.545224,-0.079757,-1.176046,,,,,,
sample,659,drone,,16.464927,11.615657,-0.626970,2.231011,0.788482,-1.885155,0.344623,-0.112220,0.572484,-0.085624,-1.174650,,,,,,
sample,660,drone,,16.489912,11.635322,-0.673892,2.239595,0.785600,-1.870511,0.342411,-0.118479,0.599745,-0.091492,-1.173175,,,,,,
sample,661,drone,,16.514897,11.654913,-0.720439,2.248121,0.782562,-1.855186,0.340051,-0.124738,0.627005,-0.097360,-1.171619,,,,,,
sample,662,drone,,16.539881,11.674426,-0.766594,2.256587,0.779367,-1.839180,0.337546,-0.130998,0.654266,-0.103227,-1.169978,,,,,,
sample,663,drone,,16.564866,11.693857,-0.812341,2.264988,0.776016,-1.822492,0.334893,-0.137257,0.681526,-0.109095,-1.168249,,,,,,
sample,664,drone,,16.589851,11.713203,-0.857663,2.273321,0.772508,-1.805124,0.332094,-0.143516,0.708787,-0.114962,-1.166427,,,,,,
sample,665,drone,,16.614835,11.732459,-0.902542,2.281583,0.768844,-1.787075,0.329149,-0.149776,0.736048,-0.120830,-1.164508,,,,,,
sample,666,drone,,16.639820,11.751622,-0.946962,2.289769,0.765024,-1.768344,0.326056,-0.156035,0.763308,-0.126698,-1.162488,,,,,,
sample,667,drone,,16.664805,11.770687,-0.990906,2.297876,0.761047,-1.748933,0.322817,-0.162294,0.790569,-0.132565,-1.160360,,,,,,
sample,668,drone,,16.689790,11.789651,-1.034355,2.305900,0.756914,-1.728840,0.319432,-0.168554,0.817829,-0.138433,-1.158120,,,,,,
sample,669,drone,,16.714774,11.808509,-1.077295,2.313838,0.752625,-1.708066,0.315900,-0.174813,0.845090,-0.144301,-1.155762,,,,,,
sample,670,drone,,16.739759,11.827259,-1.119706,2.321685,0.748179,-1.686611,0.312221,-0.181072,0.872350,-0.150168,-1.153278,,,,,,
sample,671,drone,,16.764744,11.845895,-1.161574,2.329439,0.743577,-1.664475,0.308396,-0.187332,0.899611,-0.156036,-1.150662,,,,,,
sample,672,drone,,16.789728,11.864415,-1.202879,2.337096,0.738818,-1.641658,0.304424,-0.193591,0.926872,-0.161903,-1.147906,,,,,,
sample,673,drone,,16.814713,11.882814,-1.243606,2.344651,0.733903,-1.618160,0.300306,-0.199850,0.954132,-0.167771,-1.145001,,,,,,
sample,674,drone,,16.839698,11.901088,-1.283738,2.352102,0.728832,-1.593981,0.296041,-0.206110,0.981393,-0.173639,-1.141938,,,,,,
sample,675,drone,,16.864683,11.919233,-1.323257,2.359444,0.723604,-1.569120,0.291629,-0.212369,1.008653,-0.179506,-1.138707,,,,,,
sample,676,drone,,16.889667,11.937246,-1.362146,2.366674,0.718220,-1.543579,0.287071,-0.218628,1.035914,-0.185374,-1.135296,,,,,,
sample,677,drone,,16.914652,11.955122,-1.400388,2.373789,0.712679,-1.517356,0.282366,-0.224888,1.063174,-0.191242,-1.131694,,,,,,
sample,678,drone,,16.939637,11.972858,-1.437967,2.380784,0.706982,-1.490453,0.277515,-0.231147,1.090435,-0.197109,-1.127886,,,,,,
sample,679,drone,,16.964621,11.990450,-1.474866,2.387656,0.701129,-1.462868,0.272517,-0.237406,1.117696,-0.202977,-1.123859,,,,,,
sample,680,drone,,16.989606,12.007893,-1.511066,2.394401,0.695119,-1.434602,0.267372,-0.243666,1.144956,-0.208844,-1.119595,,,,,,
sample,681,drone,,17.014591,12.025184,-1.546552,2.401017,0.688953,-1.405655,0.262081,-0.249925,1.172217,-0.214712,-1.115076,,,,,,
sample,682,drone,,17.039576,12.042320,-1.581306,2.407498,0.682631,-1.376027,0.256643,-0.256185,1.199477,-0.220580,-1.110283,,,,,,
sample,683,drone,,17.064560,12.059295,-1.615311,2.413841,0.676152,-1.345718,0.251059,-0.262444,1.226738,-0.226447,-1.105193,,,,,,
sample,684,drone,,17.089545,12.076107,-1.648551,2.420043,0.669516,-1.314728,0.245328,-0.268703,1.253998,-0.232315,-1.099781,,,,,,
sample,685,drone,,17.114530,12.092750,-1.681007,2.426100,0.662725,-1.283056,0.239450,-0.274963,1.281259,-0.238183,-1.094020,,,,,,
sample,686,drone,,17.139514,12.109223,-1.712664,2.432008,0.655777,-1.250704,0.233426,-0.281222,1.308520,-0.244050,-1.087878,,,,,,
sample,687,drone,,17.164499,12.125519,-1.743504,2.437764,0.648672,-1.217670,0.227255,-0.287481,1.335780,-0.249918,-1.081320,,,,,,
sample,688,drone,,17.189484,12.141636,-1.773510,2.443364,0.641411,-1.183956,0.220938,-0.293741,1.363041,-0.255786,-1.074307,,,,,,
sample,689,drone,,17.214469,12.157570,-1.802666,2.448804,0.633994,-1.149560,0.214474,-0.300000,1.390301,-0.261653,-1.066794,,,,,,
sample,690,drone,,17.239453,12.173317,-1.830953,2.454081,0.626421,-1.114483,0.207863,-0.306259,1.417562,-0.267521,-1.058731,,,,,,
sample,691,drone,,17.264438,12.188872,-1.858356,2.459191,0.618691,-1.078725,0.201106,-0.312519,1.444823,-0.273388,-1.050061,,,,,,
sample,692,drone,,17.289423,12.204232,-1.884857,2.464130,0.610804,-1.042286,0.194202,-0.318778,1.472083,-0.279256,-1.040717,,,,,,
sample,693,drone,,17.314407,12.219394,-1.910438,2.468895,0.602761,-1.005166,0.187152,-0.325037,1.499344,-0.285124,-1.030624,,,,,,
sample,694,drone,,17.339392,12.234352,-1.935084,2.473482,0.594562,-0.967365,0.179955,-0.331297,1.526604,-0.290991,-1.019696,,,,,,
sample,695,drone,,17.364377,12.249103,-1.958777,2.477887,0.586207,-0.928883,0.172611,-0.337556,1.553865,-0.296859,-1.007831,,,,,,
sample,696,drone,,17.389362,12.263644,-1.981500,2.482107,0.577695,-0.889719,0.165121,-0.343815,1.581125,-0.302727,-0.994913,,,,,,
sample,697,drone,,17.414346,12.277971,-2.003236,2.486138,0.569027,-0.849875,0.157484,-0.350075,1.608386,-0.308594,-0.980806,,,,,,
sample,698,drone,,17.439331,12.292078,-2.023968,2.489977,0.560202,-0.809349,0.149700,-0.356334,1.635647,-0.314462,-0.965349,,,,,,
sample,699,drone,,17.464316,12.305964,-2.043679,2.493619,0.551221,-0.768142,0.141770,-0.362593,1.662907,-0.320329,-0.948354,,,,,,
sample,700,drone,,17.489300,12.319622,-2.062351,2.497061,0.542083,-0.726254,0.133694,-0.368853,1.690168,-0.326197,-0.929597,,,,,,
sample,701,drone,,17.514285,12.333051,-2.079969,2.500299,0.532789,-0.683686,0.125470,-0.375112,1.717428,-0.332065,-0.908812,,,,,,
sample,702,drone,,17.539270,12.346246,-2.096515,2.503330,0.523339,-0.640436,0.117101,-0.381371,1.744689,-0.337932,-0.885678,,,,,,
sample,703,drone,,17.564255,12.359202,-2.111971,2.506151,0.513732,-0.596504,0.108584,-0.387631,1.771949,-0.343800,-0.859814,,,,,,
sample,704,drone,,17.589239,12.371917,-2.126322,2.508756,0.503969,-0.551892,0.099921,-0.393890,1.799210,-0.349668,-0.830754,,,,,,
sample,705,drone,,17.614224,12.384385,-2.139549,2.511144,0.494050,-0.506599,0.091111,-0.400149,1.826471,-0.355535,-0.797938,,,,,,
sample,706,drone,,17.639209,12.396604,-2.151636,2.513309,0.483974,-0.460625,0.082155,-0.406409,1.853731,-0.361403,-0.760684,,,,,,
sample,707,drone,,17.664193,12.408569,-2.162566,2.515249,0.473742,-0.413969,0.073052,-0.412668,1.880992,-0.367270,-0.718166,,,,,,
sample,708,drone,,17.689178,12.420277,-2.172322,2.516959,0.463353,-0.366632,0.063803,-0.418927,1.908252,-0.373138,-0.669388,,,,,,
sample,709,drone,,17.714163,12.431723,-2.180887,2.518437,0.452808,-0.318615,0.054407,-0.425187,1.935513,-0.379006,-0.613166,,,,,,
sample,710,drone,,17.739148,12.442903,-2.188243,2.519678,0.442107,-0.269916,0.044864,-0.431446,1.962773,-0.384873,-0.548120,,,,,,
sample,711,drone,,17.764132,12.453814,-2.194374,2.520679,0.431249,-0.220536,0.035175,-0.375066,2.058608,-0.400323,-0.472717,,,,,,
sample,712,drone,,17.789117,12.464452,-2.199263,2.521436,0.423365,-0.167049,0.024860,0.038738,2.537502,-0.468856,-0.375819,,,,,,
sample,713,drone,,17.814102,12.474970,-2.202721,2.521921,0.433185,-0.093739,0.011747,0.718396,3.279603,-0.572667,-0.213108,,,,,,
sample,714,drone,,17.839086,12.486098,-2.203947,2.522023,0.459263,-0.003169,-0.003756,1.069649,3.630554,-0.620118,-0.006899,,,,,,
sample,715,drone,,17.864071,12.497919,-2.202880,2.521734,0.486635,0.087678,-0.019240,1.083026,3.598940,-0.613428,0.178260,,,,,,
sample,716,drone,,17.889056,12.510415,-2.199566,2.521061,0.513381,0.176668,-0.034408,1.058001,3.524636,-0.600738,0.331433,,,,,,
sample,717,drone,,17.914041,12.523572,-2.194052,2.520014,0.539502,0.263802,-0.049259,1.032975,3.450332,-0.588049,0.454787,,,,,,
sample,718,drone,,17.939025,12.537374,-2.186384,2.518600,0.564998,0.349080,-0.063793,1.007950,3.376028,-0.575359,0.553435,,,,,,
sample,719,drone,,17.964010,12.551805,-2.176608,2.516827,0.589869,0.432500,-0.078009,0.982925,3.301724,-0.562669,0.632671,,,,,,
sample,720,drone,,17.988995,12.566849,-2.164772,2.514702,0.614115,0.514065,-0.091909,0.957899,3.227420,-0.549979,0.696947,,,,,,
sample,721,drone,,18.013979,12.582492,-2.150921,2.512234,0.637735,0.593773,-0.105491,0.932874,3.153116,-0.537290,0.749715,,,,,,
sample,722,drone,,18.038964,12.598717,-2.135102,2.509431,0.660730,0.671624,-0.118757,0.907849,3.078812,-0.524600,0.793575,,,,,,
sample,723,drone,,18.063949,12.615508,-2.117360,2.506300,0.683100,0.747619,-0.131705,0.882823,3.004508,-0.511910,0.830464,,,,,,
sample,724,drone,,18.088934,12.632851,-2.097743,2.502849,0.704844,0.821758,-0.144337,0.857798,2.930204,-0.499220,0.861833,,,,,,
sample,725,drone,,18.113918,12.650729,-2.076297,2.499087,0.725963,0.894040,-0.156651,0.832772,2.855900,-0.486530,0.888779,,,,,,
sample,726,drone,,18.138903,12.669127,-2.053069,2.495022,0.746457,0.964465,-0.168648,0.807747,2.781595,-0.473841,0.912137,,,,,,
sample,727,drone,,18.163888,12.688029,-2.028104,2.490660,0.766326,1.033035,-0.180329,0.782722,2.707291,-0.461151,0.932551,,,,,,
sample,728,drone,,18.188872,12.707420,-2.001449,2.486011,0.785569,1.099747,-0.191692,0.757696,2.632987,-0.448461,0.950525,,,,,,
sample,729,drone,,18.213857,12.727283,-1.973150,2.481081,0.804188,1.164603,-0.202738,0.732671,2.558683,-0.435771,0.966458,,,,,,
sample,730,drone,,18.238842,12.747604,-1.943254,2.475880,0.822180,1.227603,-0.213467,0.707646,2.484379,-0.423082,0.980666,,,,,,
sample,731,drone,,18.263827,12.768367,-1.911807,2.470414,0.839548,1.288746,-0.223879,0.682620,2.410075,-0.410392,0.993406,,,,,,
sample,732,drone,,18.288811,12.789556,-1.878856,2.464693,0.856291,1.348033,-0.233974,0.657595,2.335771,-0.397702,1.004885,,,,,,
sample,733,drone,,18.313796,12.811155,-1.844447,2.458723,0.872408,1.405464,-0.243752,0.632570,2.261467,-0.385012,1.015276,,,,,,
sample,734,drone,,18.338781,12.833150,-1.808626,2.452513,0.887900,1.461037,-0.253213,0.607544,2.187163,-0.372322,1.024721,,,,,,
sample,735,drone,,18.363765,12.855523,-1.771440,2.446070,0.902766,1.514755,-0.262357,0.582519,2.112859,-0.359633,1.033337,,,,,,
sample,736,drone,,18.388750,12.878261,-1.732934,2.439403,0.917008,1.566616,-0.271184,0.557494,2.038555,-0.346943,1.041224,,,,,,
sample,737,drone,,18.413735,12.901346,-1.693157,2.432519,0.930624,1.616620,-0.279693,0.532468,1.964250,-0.334253,1.048466,,,,,,
sample,738,drone,,18.438720,12.924763,-1.652153,2.425427,0.943615,1.664768,-0.287886,0.507443,1.889946,-0.321563,1.055135,,,,,,
sample,739,drone,,18.463704,12.948498,-1.609969,2.418134,0.955981,1.711060,-0.295762,0.482417,1.815642,-0.308874,1.061293,,,,,,
sample,740,drone,,18.488689,12.972533,-1.566652,2.410648,0.967721,1.755495,-0.303320,0.457392,1.741338,-0.296184,1.066992,,,,,,
sample,741,drone,,18.513674,12.996854,-1.522248,2.402977,0.978836,1.798073,-0.310562,0.432367,1.667034,-0.283494,1.072278,,,,,,
sample,742,drone,,18.538658,13.021445,-1.476803,2.395129,0.989326,1.838796,-0.317486,0.407341,1.592730,-0.270804,1.077190,,,,,,
sample,743,drone,,18.563643,13.046290,-1.430365,2.387112,0.999191,1.877661,-0.324094,0.382316,1.518426,-0.258114,1.081763,,,,,,
sample,744,drone,,18.588628,13.071374,-1.382978,2.378934,1.008430,1.914670,-0.330384,0.357291,1.444122,-0.245425,1.086028,,,,,,
sample,745,drone,,18.613613,13.096681,-1.334690,2.370603,1.017045,1.949823,-0.336358,0.332265,1.369818,-0.232735,1.090012,,,,,,
sample,746,drone,,18.638597,13.122195,-1.285546,2.362127,1.025034,1.983119,-0.342014,0.307240,1.295514,-0.220045,1.093737,,,,,,
sample,747,drone,,18.663582,13.147901,-1.235594,2.353513,1.032397,2.014559,-0.347353,0.282215,1.221210,-0.207355,1.097224,,,,,,
sample,748,drone,,18.688567,13.173783,-1.184880,2.344770,1.039136,2.044143,-0.352375,0.257189,1.146905,-0.194666,1.100493,,,,,,
sample,749,drone,,18.713551,13.199826,-1.133450,2.335905,1.045249,2.071870,-0.357080,0.232164,1.072601,-0.181976,1.103559,,,,,,
sample,750,drone,,18.738536,13.226014,-1.081350,2.326927,1.050737,2.097740,-0.361469,0.207139,0.998297,-0.169286,1.106437,,,,,,
sample,751,drone,,18.763521,13.252331,-1.028627,2.317842,1.055599,2.121754,-0.365540,0.182113,0.923993,-0.156596,1.109141,,,,,,
sample,752,drone,,18.788506,13.278762,-0.975327,2.308661,1.059837,2.143911,-0.369294,0.157088,0.849689,-0.143906,1.111681,,,,,,
sample,753,drone,,18.813490,13.305290,-0.921497,2.299389,1.063449,2.164212,-0.372730,0.132062,0.775385,-0.131217,1.114069,,,,,,
sample,754,drone,,18.838475,13.331902,-0.867182,2.290036,1.066436,2.182657,-0.375850,0.107037,0.701081,-0.118527,1.116314,,,,,,
sample,755,drone,,18.863460,13.358580,-0.812431,2.280608,1.068798,2.199245,-0.378653,0.082012,0.626777,-0.105837,1.118424,,,,,,
sample,756,drone,,18.888444,13.385309,-0.757287,2.271114,1.070534,2.213977,-0.381139,0.056986,0.552473,-0.093147,1.120408,,,,,,
sample,757,drone,,18.913429,13.412074,-0.701799,2.261563,1.071645,2.226852,-0.383308,0.031961,0.478169,-0.080458,1.122271,,,,,,
sample,758,drone,,18.938414,13.438858,-0.646013,2.251961,1.072131,2.237870,-0.385159,0.006936,0.403865,-0.067768,1.124020,,,,,,
sample,759,drone,,18.963399,13.465647,-0.589974,2.242317,1.071992,2.247033,-0.386694,-0.018090,0.329561,-0.055078,1.125660,,,,,,
sample,760,drone,,18.988383,13.492425,-0.533730,2.232638,1.071227,2.254338,-0.387912,-0.043115,0.255256,-0.042388,1.127197,,,,,,
sample,761,drone,,19.013368,13.519176,-0.477326,2.222933,1.069837,2.259788,-0.388812,-0.068140,0.180952,-0.029698,1.128635,,,,,,
sample,762,drone,,19.038353,13.545884,-0.420810,2.213209,1.067822,2.263380,-0.389396,-0.093166,0.106648,-0.017009,1.129977,,,,,,
sample,763,drone,,19.063337,13.572534,-0.364226,2.203475,1.065182,2.265117,-0.389662,-0.118191,0.032344,-0.004319,1.131227,,,,,,
sample,764,drone,,19.088322,13.599111,-0.307623,2.193738,1.061916,2.264997,-0.389611,-0.143216,-0.041960,0.008371,1.132388,,,,,,
sample,765,drone,,19.113307,13.625598,-0.251046,2.184006,1.058025,2.263020,-0.389244,-0.168242,-0.116264,0.021061,1.133462,,,,,,
sample,766,drone,,19.138292,13.651980,-0.194541,2.174288,1.053509,2.259187,-0.388559,-0.193267,-0.190568,0.033750,1.134452,,,,,,
sample,767,drone,,19.163276,13.678241,-0.138156,2.164590,1.048368,2.253497,-0.387557,-0.218292,-0.264872,0.046440,1.135359,,,,,,
sample,768,drone,,19.188261,13.704366,-0.081935,2.154922,1.042601,2.245951,-0.386238,-0.243318,-0.339176,0.059130,1.136185,,,,,,
sample,769,drone,,19.213246,13.730339,-0.025927,2.145290,1.036210,2.236549,-0.384603,-0.268343,-0.413480,0.071820,1.136931,,,,,,
sample,770,drone,,19.238231,13.756145,0.029824,2.135703,1.029192,2.225290,-0.382650,-0.293369,-0.487784,0.084510,1.137598,,,,,,
sample,771,drone,,19.263215,13.781767,0.085270,2.126169,1.021550,2.212175,-0.380380,-0.318394,-0.562089,0.097199,1.138185,,,,,,
sample,772,drone,,19.288200,13.807191,0.140365,2.116696,1.013282,2.197203,-0.377793,-0.343419,-0.636393,0.109889,1.138693,,,,,,
sample,773,drone,,19.313185,13.832400,0.195063,2.107291,1.004390,2.180375,-0.374889,-0.368445,-0.710697,0.122579,1.139121,,,,,,
sample,774,drone,,19.338169,13.857380,0.249317,2.097963,0.994871,2.161690,-0.371667,-0.393470,-0.785001,0.135269,1.139469,,,,,,
sample,775,drone,,19.363154,13.882114,0.303081,2.088719,0.984728,2.141148,-0.368129,-0.418495,-0.859305,0.147958,1.139735,,,,,,
sample,776,drone,,19.388139,13.906586,0.356309,2.079568,0.973959,2.118751,-0.364274,-0.443521,-0.933609,0.160648,1.139917,,,,,,
sample,777,drone,,19.413124,13.930782,0.408954,2.070517,0.962566,2.094497,-0.360102,-0.468546,-1.007913,0.173338,1.140013,,,,,,
sample,778,drone,,19.438108,13.954685,0.460970,2.061574,0.950547,2.068386,-0.355612,-0.493571,-1.082217,0.186028,1.140021,,,,,,
sample,779,drone,,19.463093,13.978280,0.512310,2.052747,0.937902,2.040419,-0.350806,-0.518597,-1.156521,0.198718,1.139937,,,,,,
sample,780,drone,,19.488078,14.001551,0.562928,2.044044,0.924633,2.010595,-0.345683,-0.543622,-1.230825,0.211407,1.139757,,,,,,
sample,781,drone,,19.513062,14.024483,0.612778,2.035473,0.910738,1.978915,-0.340242,-0.568647,-1.305129,0.224097,1.139475,,,,,,
sample,782,drone,,19.538047,14.047060,0.661814,2.027042,0.896218,1.945379,-0.334485,-0.593673,-1.379434,0.236787,1.139088,,,,,,
sample,783,drone,,19.563032,14.069267,0.709988,2.018759,0.881072,1.909986,-0.328410,-0.618698,-1.453738,0.249477,1.138587,,,,,,
sample,784,drone,,19.588017,14.091087,0.757254,2.010632,0.865302,1.872736,-0.322018,-0.643724,-1.528042,0.262166,1.137965,,,,,,
sample,785,drone,,19.613001,14.112506,0.803567,2.002668,0.848906,1.833630,-0.315310,-0.668749,-1.602346,0.274856,1.137214,,,,,,
sample,786,drone,,19.637986,14.133507,0.848880,1.994876,0.831885,1.792668,-0.308284,-0.693774,-1.676650,0.287546,1.136321,,,,,,
sample,787,drone,,19.662971,14.154074,0.893146,1.987263,0.814238,1.749849,-0.300941,-0.718800,-1.750954,0.300236,1.135276,,,,,,
sample,788,drone,,19.687955,14.174194,0.936319,1.979838,0.795967,1.705174,-0.293281,-0.743825,-1.825258,0.312926,1.134064,,,,,,
sample,789,drone,,19.712940,14.193848,0.978352,1.972608,0.777070,1.658642,-0.285305,-0.768850,-1.899562,0.325615,1.132667,,,,,,
sample,790,drone,,19.737925,14.213023,1.019200,1.965582,0.757548,1.610254,-0.277011,-0.793876,-1.973866,0.338305,1.131065,,,,,,
sample,791,drone,,19.762910,14.231703,1.058816,1.958766,0.737400,1.560009,-0.268400,-0.818901,-2.048170,0.350995,1.129235,,,,,,
sample,792,drone,,19.787894,14.249871,1.097153,1.952170,0.716627,1.507908,-0.259472,-0.843926,-2.122474,0.363685,1.127147,,,,,,
sample,793,drone,,19.812879,14.267512,1.134165,1.945801,0.695230,1.453950,-0.250227,-0.868952,-2.196779,0.376374,1.124768,,,,,,
sample,794,drone,,19.837864,14.284611,1.169806,1.939666,0.673206,1.398136,-0.240664,-0.893977,-2.271083,0.389064,1.122056,,,,,,
sample,795,drone,,19.862848,14.301152,1.204029,1.933775,0.650558,1.340465,-0.230785,-0.919002,-2.345387,0.401754,1.118959,,,,,,
sample,796,drone,,19.887833,14.317119,1.236788,1.928134,0.627284,1.280938,-0.220589,-0.944028,-2.419691,0.414444,1.115417,,,,,,
sample,797,drone,,19.912818,14.332497,1.268037,1.922752,0.603386,1.219555,-0.210076,-0.969053,-2.493995,0.427133,1.111350,,,,,,
sample,798,drone,,19.937803,14.347270,1.297729,1.917637,0.578861,1.156315,-0.199245,-0.994079,-2.568299,0.439823,1.106662,,,,,,
sample,799,drone,,19.962787,14.361422,1.325817,1.912796,0.553712,1.091218,-0.188098,-1.019104,-2.642603,0.452513,1.101226,,,,,,
sample,800,drone,,19.987772,14.374938,1.352256,1.908238,0.527937,1.024265,-0.176634,-1.044129,-2.716907,0.465203,1.094881,,,,,,
sample,801,drone,,20.012757,14.387803,1.376999,1.903970,0.501537,0.955456,-0.164852,-0.795610,-2.074832,0.355247,1.087412,,,,,,
sample,802,drone,,20.037741,14.400000,1.400000,1.900000,0.488181,0.920587,-0.158882,-0.534577,-1.395606,0.238946,1.083209,,,,,,
