section,index,name,t,x,y,z,vx,vy,vz,ax,ay,az,yaw,local_u,local_v,plane_error,gate_margin,contains
crossing,1,G1,1.284455,2.269604,-0.118415,1.091313,,,,,,,,-0.679278,-0.339289,0.000000000,0.172465651,True
crossing,2,G6,3.823287,4.427078,2.903514,1.832904,,,,,,,,-0.386946,-0.244715,0.000000000,0.116905641,True
crossing,3,G1,7.035361,1.933868,0.789465,1.567708,,,,,,,,0.576651,0.006146,0.000000000,0.298831134,True
crossing,4,G3,10.259479,5.815526,-3.348734,1.216062,,,,,,,,0.550638,0.200316,0.000000000,0.237122204,True
crossing,5,G2,14.912081,8.461174,3.372271,2.466021,,,,,,,,-0.581142,-0.262235,0.000000000,0.285254484,True
crossing,6,G5,16.690291,10.405078,2.346379,1.635899,,,,,,,,0.622332,0.300825,0.000000000,0.244923587,True
crossing,7,G4,20.156829,12.141904,-1.800107,3.637549,,,,,,,,0.475298,0.400813,0.000000000,0.197857537,True
crossing,8,G2,24.599051,8.589005,2.355235,2.401500,,,,,,,,-0.566750,0.289799,0.000000000,0.295876558,True
sample,0,drone,0.000000,0.000000,-1.400000,1.200000,1.024044,0.573300,-0.051359,2.030445,0.956325,-0.186338,0.510366,,,,,
sample,1,drone,0.024993,0.025594,-1.385671,1.198716,1.074792,0.597202,-0.056016,3.001918,1.415679,-0.274650,0.507166,,,,,
sample,2,drone,0.049987,0.053726,-1.370148,1.197200,1.174101,0.644065,-0.065088,3.885892,1.837418,-0.353248,0.501737,,,,,
sample,3,drone,0.074980,0.084284,-1.353476,1.195463,1.269036,0.689049,-0.073674,3.710896,1.762186,-0.333820,0.497430,,,,,
sample,4,drone,0.099974,0.117161,-1.335704,1.193517,1.359597,0.732152,-0.081774,3.535899,1.686954,-0.314391,0.493976,,,,,
sample,5,drone,0.124967,0.152246,-1.316878,1.191375,1.445785,0.773374,-0.089389,3.360902,1.611722,-0.294963,0.491189,,,,,
sample,6,drone,0.149961,0.189431,-1.297046,1.189049,1.527599,0.812717,-0.096519,3.185905,1.536491,-0.275535,0.488936,,,,,
sample,7,drone,0.174954,0.228606,-1.276253,1.186551,1.605039,0.850179,-0.103162,3.010908,1.461259,-0.256107,0.487119,,,,,
sample,8,drone,0.199948,0.269662,-1.254548,1.183892,1.678105,0.885761,-0.109321,2.835912,1.386027,-0.236679,0.485666,,,,,
sample,9,drone,0.224941,0.312490,-1.231977,1.181086,1.746797,0.919462,-0.114993,2.660915,1.310795,-0.217251,0.484521,,,,,
sample,10,drone,0.249935,0.356979,-1.208587,1.178144,1.811116,0.951283,-0.120180,2.485918,1.235563,-0.197823,0.483641,,,,,
sample,11,drone,0.274928,0.403022,-1.184425,1.175078,1.871061,0.981224,-0.124882,2.310921,1.160332,-0.178395,0.482993,,,,,
sample,12,drone,0.299922,0.450508,-1.159538,1.171902,1.926632,1.009285,-0.129098,2.135924,1.085100,-0.158967,0.482553,,,,,
sample,13,drone,0.324915,0.499328,-1.133974,1.168625,1.977829,1.035465,-0.132828,1.960928,1.009868,-0.139539,0.482299,,,,,
sample,14,drone,0.349909,0.549374,-1.107779,1.165262,2.024653,1.059765,-0.136073,1.785931,0.934636,-0.120111,0.482216,,,,,
sample,15,drone,0.374902,0.600535,-1.080999,1.161823,2.067102,1.082185,-0.138832,1.610934,0.859404,-0.100682,0.482292,,,,,
sample,16,drone,0.399896,0.652702,-1.053683,1.158322,2.105178,1.102724,-0.141106,1.435937,0.784173,-0.081254,0.482518,,,,,
sample,17,drone,0.424889,0.705766,-1.025878,1.154770,2.138880,1.121383,-0.142894,1.260940,0.708941,-0.061826,0.482886,,,,,
sample,18,drone,0.449883,0.759618,-0.997629,1.151179,2.168209,1.138162,-0.144196,1.085944,0.633709,-0.042398,0.483394,,,,,
sample,19,drone,0.474876,0.814148,-0.968984,1.147562,2.193164,1.153060,-0.145013,0.910947,0.558477,-0.022970,0.484036,,,,,
sample,20,drone,0.499870,0.869248,-0.939991,1.143930,2.213744,1.166078,-0.145344,0.735950,0.483245,-0.003542,0.484814,,,,,
sample,21,drone,0.524863,0.924807,-0.910696,1.140297,2.229951,1.177216,-0.145190,0.560953,0.408014,0.015886,0.485726,,,,,
sample,22,drone,0.549857,0.980716,-0.881145,1.136673,2.241785,1.186474,-0.144550,0.385956,0.332782,0.035314,0.486776,,,,,
sample,23,drone,0.574850,1.036867,-0.851387,1.133071,2.249244,1.193851,-0.143425,0.210960,0.257550,0.054742,0.487966,,,,,
sample,24,drone,0.599844,1.093149,-0.821468,1.129504,2.252330,1.199348,-0.141814,0.035963,0.182318,0.074170,0.489302,,,,,
sample,25,drone,0.624837,1.149454,-0.791436,1.125982,2.251042,1.202964,-0.139717,-0.139034,0.107086,0.093599,0.490790,,,,,
sample,26,drone,0.649830,1.205672,-0.761336,1.122519,2.245380,1.204701,-0.137135,-0.314031,0.031855,0.113027,0.492438,,,,,
sample,27,drone,0.674824,1.261693,-0.731216,1.119127,2.235344,1.204557,-0.134067,-0.489028,-0.043377,0.132455,0.494257,,,,,
sample,28,drone,0.699817,1.317410,-0.701124,1.115818,2.220935,1.202532,-0.130514,-0.664024,-0.118609,0.151883,0.496258,,,,,
sample,29,drone,0.724811,1.372711,-0.671105,1.112603,2.202152,1.198628,-0.126475,-0.839021,-0.193841,0.171311,0.498455,,,,,
sample,30,drone,0.749804,1.427489,-0.641208,1.109496,2.178995,1.192843,-0.121951,-1.014018,-0.269072,0.190739,0.500866,,,,,
sample,31,drone,0.774798,1.481633,-0.611479,1.106507,2.151464,1.185178,-0.116941,-1.189015,-0.344304,0.210167,0.503511,,,,,
sample,32,drone,0.799791,1.535034,-0.581965,1.103650,2.119560,1.175632,-0.111445,-1.364012,-0.419536,0.229595,0.506413,,,,,
sample,33,drone,0.824785,1.587583,-0.552713,1.100937,2.083281,1.164206,-0.105464,-1.539008,-0.494768,0.249023,0.509599,,,,,
sample,34,drone,0.849778,1.639171,-0.523769,1.098378,2.042629,1.150900,-0.098997,-1.714005,-0.570000,0.268451,0.513104,,,,,
sample,35,drone,0.874772,1.689688,-0.495182,1.095988,1.997604,1.135714,-0.092045,-1.889002,-0.645231,0.287879,0.516964,,,,,
sample,36,drone,0.899765,1.739025,-0.466999,1.093777,1.948204,1.118647,-0.084607,-2.063999,-0.720463,0.307308,0.521228,,,,,
sample,37,drone,0.924759,1.787073,-0.439265,1.091759,1.894430,1.099700,-0.076684,-2.238996,-0.795695,0.326736,0.525951,,,,,
sample,38,drone,0.949752,1.833722,-0.412028,1.089944,1.836283,1.078873,-0.068275,-2.413992,-0.870927,0.346164,0.531200,,,,,
sample,39,drone,0.974746,1.878863,-0.385335,1.088346,1.773762,1.056165,-0.059380,-2.588989,-0.946159,0.365592,0.537058,,,,,
sample,40,drone,0.999739,1.922387,-0.359233,1.086976,1.706868,1.031577,-0.050000,-2.763986,-1.021390,0.385020,0.543625,,,,,
sample,41,drone,1.024733,1.964184,-0.333770,1.085847,1.635599,1.005109,-0.040134,-2.938983,-1.096622,0.404448,0.551028,,,,,
sample,42,drone,1.049726,2.004145,-0.308991,1.084970,1.559957,0.976760,-0.029783,-3.113980,-1.171854,0.423876,0.559423,,,,,
sample,43,drone,1.074720,2.042161,-0.284944,1.084358,1.479941,0.946531,-0.018946,-3.288976,-1.247086,0.443304,0.569011,,,,,
sample,44,drone,1.099713,2.078123,-0.261677,1.084023,1.395551,0.914422,-0.007623,-3.463973,-1.322318,0.462732,0.580051,,,,,
sample,45,drone,1.124707,2.111921,-0.239235,1.083977,1.306787,0.880433,0.004185,-3.638970,-1.397549,0.482160,0.592882,,,,,
sample,46,drone,1.149700,2.143445,-0.217667,1.084232,1.213650,0.844563,0.016479,-3.813967,-1.472781,0.501588,0.607960,,,,,
sample,47,drone,1.174694,2.172587,-0.197018,1.084800,1.116139,0.806813,0.029258,-3.988963,-1.548013,0.521017,0.625905,,,,,
sample,48,drone,1.199687,2.199238,-0.177337,1.085694,1.014254,0.767183,0.042523,-4.163960,-1.623245,0.540445,0.647585,,,,,
sample,49,drone,1.224681,2.223287,-0.158669,1.086926,0.907995,0.725672,0.056273,-4.338957,-1.698476,0.559873,0.674255,,,,,
sample,50,drone,1.249674,2.244626,-0.141062,1.088507,0.797362,0.682281,0.070509,-4.244749,-1.604590,0.574608,0.707778,,,,,
sample,51,drone,1.274668,2.263145,-0.124564,1.090451,0.695813,0.645463,0.084996,-2.791439,-0.663110,0.562719,0.747877,,,,,
sample,52,drone,1.299661,2.279407,-0.108798,1.092756,0.657827,0.649134,0.098638,-0.369492,0.866617,0.524375,0.778747,,,,,
sample,53,drone,1.324654,2.296027,-0.092116,1.095381,0.677343,0.688783,0.111208,0.878676,1.636712,0.495982,0.793772,,,,,
sample,54,drone,1.349648,2.313265,-0.074368,1.098315,0.701749,0.730948,0.123430,0.963766,1.667575,0.483816,0.805776,,,,,
sample,55,drone,1.374641,2.331106,-0.055578,1.101551,0.725519,0.772140,0.135392,0.938294,1.628614,0.473402,0.816517,,,,,
sample,56,drone,1.399635,2.349532,-0.035771,1.105083,0.748652,0.812358,0.147094,0.912823,1.589652,0.462989,0.826186,,,,,
sample,57,drone,1.424628,2.368528,-0.014970,1.108904,0.771148,0.851602,0.158536,0.887351,1.550691,0.452576,0.834936,,,,,
sample,58,drone,1.449622,2.388079,0.006798,1.113008,0.793008,0.889872,0.169717,0.861879,1.511729,0.442162,0.842893,,,,,
sample,59,drone,1.474615,2.408168,0.029512,1.117387,0.814231,0.927169,0.180638,0.836408,1.472768,0.431749,0.850162,,,,,
sample,60,drone,1.499609,2.428780,0.053145,1.122037,0.834817,0.963491,0.191299,0.810936,1.433807,0.421335,0.856829,,,,,
sample,61,drone,1.524602,2.449898,0.077674,1.126950,0.854767,0.998840,0.201699,0.785465,1.394845,0.410922,0.862968,,,,,
sample,62,drone,1.549596,2.471507,0.103074,1.132119,0.874080,1.033215,0.211840,0.759993,1.355884,0.400509,0.868640,,,,,
sample,63,drone,1.574589,2.493591,0.129321,1.137539,0.892757,1.066617,0.221720,0.734521,1.316922,0.390095,0.873899,,,,,
sample,64,drone,1.599583,2.516134,0.156391,1.143203,0.910797,1.099044,0.231339,0.709050,1.277961,0.379682,0.878789,,,,,
sample,65,drone,1.624576,2.539119,0.184259,1.149103,0.928200,1.130498,0.240699,0.683578,1.238999,0.369269,0.883349,,,,,
sample,66,drone,1.649570,2.562531,0.212901,1.155234,0.944967,1.160978,0.249798,0.658107,1.200038,0.358855,0.887613,,,,,
sample,67,drone,1.674563,2.586355,0.242292,1.161590,0.961097,1.190484,0.258637,0.632635,1.161076,0.348442,0.891610,,,,,
sample,68,drone,1.699557,2.610574,0.272409,1.168163,0.976590,1.219017,0.267215,0.607163,1.122115,0.338029,0.895367,,,,,
sample,69,drone,1.724550,2.635172,0.303227,1.174947,0.991447,1.246575,0.275534,0.581692,1.083153,0.327615,0.898905,,,,,
sample,70,drone,1.749544,2.660133,0.334722,1.181936,1.005667,1.273160,0.283592,0.556220,1.044192,0.317202,0.902245,,,,,
sample,71,drone,1.774537,2.685442,0.366869,1.189123,1.019251,1.298771,0.291390,0.530748,1.005230,0.306788,0.905405,,,,,
sample,72,drone,1.799531,2.711082,0.399644,1.196502,1.032198,1.323409,0.298927,0.505277,0.966269,0.296375,0.908399,,,,,
sample,73,drone,1.824524,2.737038,0.433022,1.204065,1.044508,1.347072,0.306205,0.479805,0.927308,0.285962,0.911242,,,,,
sample,74,drone,1.849518,2.763294,0.466980,1.211808,1.056182,1.369762,0.313222,0.454334,0.888346,0.275548,0.913947,,,,,
sample,75,drone,1.874511,2.789834,0.501492,1.219722,1.067219,1.391478,0.319978,0.428862,0.849385,0.265135,0.916524,,,,,
sample,76,drone,1.899505,2.816641,0.536535,1.227803,1.077619,1.412220,0.326475,0.403390,0.810423,0.254722,0.918984,,,,,
sample,77,drone,1.924498,2.843701,0.572085,1.236042,1.087383,1.431989,0.332711,0.377919,0.771462,0.244308,0.921337,,,,,
sample,78,drone,1.949491,2.870996,0.608116,1.244434,1.096510,1.450783,0.338687,0.352447,0.732500,0.233895,0.923590,,,,,
sample,79,drone,1.974485,2.898512,0.644605,1.252972,1.105001,1.468604,0.344403,0.326976,0.693539,0.223481,0.925751,,,,,
sample,80,drone,1.999478,2.926232,0.681527,1.261649,1.112855,1.485451,0.349858,0.301504,0.654577,0.213068,0.927827,,,,,
sample,81,drone,2.024472,2.954140,0.718858,1.270460,1.120072,1.501324,0.355054,0.276032,0.615616,0.202655,0.929824,,,,,
sample,82,drone,2.049465,2.982221,0.756574,1.279397,1.126653,1.516224,0.359988,0.250561,0.576654,0.192241,0.931748,,,,,
sample,83,drone,2.074459,3.010458,0.794650,1.288455,1.132597,1.530150,0.364663,0.225089,0.537693,0.181828,0.933605,,,,,
sample,84,drone,2.099452,3.038836,0.833061,1.297626,1.137904,1.543101,0.369077,0.199618,0.498731,0.171415,0.935399,,,,,
sample,85,drone,2.124446,3.067338,0.871785,1.306904,1.142575,1.555080,0.373232,0.174146,0.459770,0.161001,0.937135,,,,,
sample,86,drone,2.149439,3.095950,0.910795,1.316283,1.146609,1.566084,0.377125,0.148674,0.420808,0.150588,0.938817,,,,,
sample,87,drone,2.174433,3.124654,0.950068,1.325755,1.150007,1.576115,0.380759,0.123203,0.381847,0.140174,0.940449,,,,,
sample,88,drone,2.199426,3.153435,0.989580,1.335316,1.152768,1.585171,0.384132,0.097731,0.342886,0.129761,0.942035,,,,,
sample,89,drone,2.224420,3.182277,1.029306,1.344957,1.154892,1.593254,0.387245,0.072260,0.303924,0.119348,0.943578,,,,,
sample,90,drone,2.249413,3.211165,1.069222,1.354673,1.156380,1.600364,0.390098,0.046788,0.264963,0.108934,0.945081,,,,,
sample,91,drone,2.274407,3.240081,1.109304,1.364457,1.157231,1.606499,0.392691,0.021316,0.226001,0.098521,0.946547,,,,,
sample,92,drone,2.299400,3.269011,1.149526,1.374302,1.157445,1.611661,0.395023,-0.004155,0.187040,0.088108,0.947980,,,,,
sample,93,drone,2.324394,3.297938,1.189866,1.384203,1.157023,1.615849,0.397095,-0.029627,0.148078,0.077694,0.949382,,,,,
sample,94,drone,2.349387,3.326847,1.230298,1.394152,1.155964,1.619063,0.398907,-0.055098,0.109117,0.067281,0.950755,,,,,
sample,95,drone,2.374381,3.355722,1.270798,1.404143,1.154269,1.621303,0.400458,-0.080570,0.070155,0.056868,0.952102,,,,,
sample,96,drone,2.399374,3.384546,1.311342,1.414169,1.151937,1.622570,0.401749,-0.106042,0.031194,0.046454,0.953426,,,,,
sample,97,drone,2.424368,3.413303,1.351905,1.424225,1.148968,1.622862,0.402780,-0.131513,-0.007768,0.036041,0.954729,,,,,
sample,98,drone,2.449361,3.441979,1.392464,1.434303,1.145363,1.622181,0.403551,-0.156985,-0.046729,0.025627,0.956012,,,,,
sample,99,drone,2.474355,3.470557,1.432993,1.444397,1.141121,1.620526,0.404061,-0.182456,-0.085691,0.015214,0.957279,,,,,
sample,100,drone,2.499348,3.499020,1.473469,1.454501,1.136243,1.617898,0.404311,-0.207928,-0.124652,0.004801,0.958531,,,,,
sample,101,drone,2.524342,3.527354,1.513867,1.464608,1.130727,1.614295,0.404301,-0.233400,-0.163614,-0.005613,0.959771,,,,,
sample,102,drone,2.549335,3.555542,1.554162,1.474711,1.124576,1.609719,0.404031,-0.258871,-0.202575,-0.016026,0.961000,,,,,
sample,103,drone,2.574328,3.583568,1.594332,1.484804,1.117787,1.604169,0.403500,-0.284343,-0.241536,-0.026439,0.962220,,,,,
sample,104,drone,2.599322,3.611417,1.634350,1.494881,1.110362,1.597646,0.402709,-0.309814,-0.280498,-0.036853,0.963435,,,,,
sample,105,drone,2.624315,3.639072,1.674193,1.504934,1.102301,1.590148,0.401658,-0.335286,-0.319459,-0.047266,0.964645,,,,,
sample,106,drone,2.649309,3.666517,1.713837,1.514958,1.093602,1.581677,0.400346,-0.360758,-0.358421,-0.057680,0.965852,,,,,
sample,107,drone,2.674302,3.693738,1.753256,1.524946,1.084267,1.572232,0.398775,-0.386229,-0.397382,-0.068093,0.967060,,,,,
sample,108,drone,2.699296,3.720716,1.792428,1.534892,1.074296,1.561813,0.396943,-0.411701,-0.436344,-0.078506,0.968270,,,,,
sample,109,drone,2.724289,3.747438,1.831327,1.544788,1.063688,1.550420,0.394850,-0.437173,-0.475305,-0.088920,0.969485,,,,,
sample,110,drone,2.749283,3.773887,1.869929,1.554629,1.052443,1.538054,0.392498,-0.462644,-0.514267,-0.099333,0.970706,,,,,
sample,111,drone,2.774276,3.800047,1.908209,1.564408,1.040561,1.524714,0.389885,-0.488116,-0.553228,-0.109746,0.971937,,,,,
sample,112,drone,2.799270,3.825902,1.946144,1.574118,1.028043,1.510400,0.387012,-0.513587,-0.592190,-0.120160,0.973180,,,,,
sample,113,drone,2.824263,3.851435,1.983710,1.583754,1.014889,1.495112,0.383879,-0.539059,-0.631151,-0.130573,0.974438,,,,,
sample,114,drone,2.849257,3.876633,2.020880,1.593307,1.001098,1.478850,0.380485,-0.564531,-0.670113,-0.140986,0.975713,,,,,
sample,115,drone,2.874250,3.901477,2.057633,1.602773,0.986670,1.461615,0.376831,-0.590002,-0.709074,-0.151400,0.977009,,,,,
sample,116,drone,2.899244,3.925953,2.093942,1.612144,0.971605,1.443406,0.372917,-0.615474,-0.748035,-0.161813,0.978330,,,,,
sample,117,drone,2.924237,3.950045,2.129784,1.621414,0.955904,1.424223,0.368743,-0.640945,-0.786997,-0.172227,0.979678,,,,,
sample,118,drone,2.949231,3.973736,2.165135,1.630576,0.939566,1.404066,0.364308,-0.666417,-0.825958,-0.182640,0.981059,,,,,
sample,119,drone,2.974224,3.997011,2.199969,1.639624,0.922592,1.382936,0.359613,-0.691889,-0.864920,-0.193053,0.982476,,,,,
sample,120,drone,2.999218,4.019854,2.234264,1.648552,0.904981,1.360832,0.354658,-0.717360,-0.903881,-0.203467,0.983934,,,,,
sample,121,drone,3.024211,4.042248,2.267993,1.657353,0.886733,1.337754,0.349442,-0.742832,-0.942843,-0.213880,0.985439,,,,,
sample,122,drone,3.049205,4.064179,2.301134,1.666020,0.867849,1.313702,0.343967,-0.768303,-0.981804,-0.224293,0.986996,,,,,
sample,123,drone,3.074198,4.085629,2.333661,1.674547,0.848328,1.288676,0.338231,-0.793775,-1.020766,-0.234707,0.988612,,,,,
sample,124,drone,3.099192,4.106584,2.365551,1.682927,0.828171,1.262677,0.332234,-0.819247,-1.059727,-0.245120,0.990295,,,,,
sample,125,drone,3.124185,4.127027,2.396778,1.691154,0.807376,1.235704,0.325978,-0.844718,-1.098689,-0.255534,0.992053,,,,,
sample,126,drone,3.149179,4.146942,2.427320,1.699221,0.785946,1.207757,0.319461,-0.870190,-1.137650,-0.265947,0.993895,,,,,
sample,127,drone,3.174172,4.166314,2.457151,1.707123,0.763878,1.178836,0.312684,-0.895661,-1.176612,-0.276360,0.995833,,,,,
sample,128,drone,3.199166,4.185126,2.486246,1.714852,0.741174,1.148941,0.305647,-0.921133,-1.215573,-0.286774,0.997878,,,,,
sample,129,drone,3.224159,4.203363,2.514583,1.722401,0.717834,1.118073,0.298349,-0.946605,-1.254535,-0.297187,1.000046,,,,,
sample,130,drone,3.249152,4.221009,2.542135,1.729765,0.693856,1.086231,0.290791,-0.972076,-1.293496,-0.307600,1.002353,,,,,
sample,131,drone,3.274146,4.238047,2.568880,1.736937,0.669242,1.053415,0.282973,-0.997548,-1.332457,-0.318014,1.004819,,,,,
sample,132,drone,3.299139,4.254462,2.594792,1.743910,0.643992,1.019626,0.274895,-1.023019,-1.371419,-0.328427,1.007467,,,,,
sample,133,drone,3.324133,4.270238,2.619848,1.750678,0.618105,0.984862,0.266556,-1.048491,-1.410380,-0.338841,1.010326,,,,,
sample,134,drone,3.349126,4.285359,2.644023,1.757234,0.591581,0.949125,0.257957,-1.073963,-1.449342,-0.349254,1.013427,,,,,
sample,135,drone,3.374120,4.299809,2.667292,1.763573,0.564421,0.912414,0.249098,-1.099434,-1.488303,-0.359667,1.016811,,,,,
sample,136,drone,3.399113,4.313573,2.689631,1.769686,0.536624,0.874729,0.239978,-1.124906,-1.527265,-0.370081,1.020528,,,,,
sample,137,drone,3.424107,4.326634,2.711017,1.775568,0.508190,0.836071,0.230599,-1.150377,-1.566226,-0.380494,1.024638,,,,,
sample,138,drone,3.449100,4.338976,2.731424,1.781213,0.479120,0.796438,0.220959,-1.175849,-1.605188,-0.390907,1.029217,,,,,
sample,139,drone,3.474094,4.350583,2.750828,1.786613,0.449413,0.755832,0.211058,-1.201321,-1.644149,-0.401321,1.034362,,,,,
sample,140,drone,3.499087,4.361441,2.769206,1.791763,0.419069,0.714252,0.200898,-1.226792,-1.683111,-0.411734,1.040195,,,,,
sample,141,drone,3.524081,4.371531,2.786532,1.796656,0.388089,0.671699,0.190477,-1.252264,-1.722072,-0.422147,1.046880,,,,,
sample,142,drone,3.549074,4.380840,2.802782,1.801284,0.356473,0.628171,0.179796,-1.277736,-1.761034,-0.432561,1.054634,,,,,
sample,143,drone,3.574068,4.389350,2.817932,1.805643,0.324219,0.583670,0.168854,-1.303207,-1.799995,-0.442974,1.063753,,,,,
sample,144,drone,3.599061,4.397047,2.831958,1.809725,0.291329,0.538195,0.157653,-1.328679,-1.838956,-0.453388,1.074651,,,,,
sample,145,drone,3.624055,4.403913,2.844835,1.813524,0.257803,0.491746,0.146191,-1.354150,-1.877918,-0.463801,1.087930,,,,,
sample,146,drone,3.649048,4.409933,2.856539,1.817033,0.223639,0.444323,0.134469,-1.379622,-1.916879,-0.474214,1.104492,,,,,
sample,147,drone,3.674042,4.415092,2.867045,1.820245,0.188839,0.395927,0.122486,-1.405094,-1.955841,-0.484628,1.125754,,,,,
sample,148,drone,3.699035,4.419373,2.876330,1.823155,0.153403,0.346557,0.110244,-1.430565,-1.994802,-0.495041,1.154072,,,,,
sample,149,drone,3.724029,4.422760,2.884369,1.825756,0.117330,0.296213,0.097741,-1.456037,-2.033764,-0.505454,1.193657,,,,,
sample,150,drone,3.749022,4.425238,2.891137,1.828041,0.080620,0.244895,0.084978,-1.481508,-2.072725,-0.515868,1.252768,,,,,
sample,151,drone,3.774016,4.426790,2.896610,1.830004,0.043274,0.192604,0.071954,-1.506972,-2.111566,-0.526243,1.349788,,,,,
sample,152,drone,3.799009,4.427401,2.900764,1.831638,0.005291,0.139344,0.058672,-1.520509,-1.991767,-0.487359,1.532843,,,,,
sample,153,drone,3.824003,4.427055,2.903575,1.832937,-0.032732,0.093041,0.047593,-1.503035,-1.563035,-0.353115,1.909073,,,,,
sample,154,drone,3.848996,4.425765,2.905415,1.834017,-0.069841,0.061213,0.041021,-1.466067,-1.129509,-0.218776,2.421934,,,,,
sample,155,drone,3.873989,4.423564,2.906635,1.834987,-0.106016,0.036581,0.036657,-1.435470,-0.979242,-0.173481,2.809337,,,,,
sample,156,drone,3.898983,4.420465,2.907244,1.835849,-0.141596,0.012264,0.032349,-1.411649,-0.966614,-0.171185,3.055198,,,,,
sample,157,drone,3.923976,4.416486,2.907248,1.836604,-0.176580,-0.011738,0.028100,-1.387827,-0.953985,-0.168889,-3.075219,,,,,
sample,158,drone,3.948970,4.411639,2.906657,1.837254,-0.210969,-0.035423,0.023907,-1.364006,-0.941356,-0.166593,-2.975238,,,,,
sample,159,drone,3.973963,4.405940,2.905478,1.837799,-0.244763,-0.058793,0.019772,-1.340184,-0.928728,-0.164296,-2.905854,,,,,
sample,160,drone,3.998957,4.399404,2.903718,1.838242,-0.277961,-0.081847,0.015695,-1.316363,-0.916099,-0.162000,-2.855229,,,,,
sample,161,drone,4.023950,4.392045,2.901386,1.838584,-0.310564,-0.104586,0.011674,-1.292541,-0.903470,-0.159704,-2.816759,,,,,
sample,162,drone,4.048944,4.383880,2.898490,1.838826,-0.342571,-0.127009,0.007711,-1.268720,-0.890842,-0.157408,-2.786551,,,,,
sample,163,drone,4.073937,4.374921,2.895038,1.838969,-0.373983,-0.149117,0.003806,-1.244898,-0.878213,-0.155112,-2.762185,,,,,
sample,164,drone,4.098931,4.365185,2.891036,1.839016,-0.404800,-0.170908,-0.000042,-1.221076,-0.865584,-0.152816,-2.742092,,,,,
sample,165,drone,4.123924,4.354687,2.886494,1.838967,-0.435021,-0.192384,-0.003833,-1.197255,-0.852956,-0.150520,-2.725209,,,,,
sample,166,drone,4.148918,4.343440,2.881420,1.838824,-0.464647,-0.213545,-0.007566,-1.173433,-0.840327,-0.148224,-2.710796,,,,,
sample,167,drone,4.173911,4.331460,2.875820,1.838589,-0.493677,-0.234390,-0.011242,-1.149612,-0.827699,-0.145928,-2.698321,,,,,
sample,168,drone,4.198905,4.318763,2.869703,1.838263,-0.522112,-0.254919,-0.014861,-1.125790,-0.815070,-0.143631,-2.687393,,,,,
sample,169,drone,4.223898,4.305362,2.863077,1.837846,-0.549952,-0.275133,-0.018422,-1.101969,-0.802441,-0.141335,-2.677717,,,,,
sample,170,drone,4.248892,4.291272,2.855950,1.837342,-0.577196,-0.295031,-0.021926,-1.078147,-0.789813,-0.139039,-2.669069,,,,,
sample,171,drone,4.273885,4.276509,2.848330,1.836750,-0.603845,-0.314613,-0.025372,-1.054326,-0.777184,-0.136743,-2.661274,,,,,
sample,172,drone,4.298879,4.261088,2.840224,1.836073,-0.629899,-0.333880,-0.028761,-1.030504,-0.764555,-0.134447,-2.654193,,,,,
sample,173,drone,4.323872,4.245023,2.831640,1.835313,-0.655357,-0.352831,-0.032093,-1.006683,-0.751927,-0.132151,-2.647715,,,,,
sample,174,drone,4.348866,4.228329,2.822587,1.834469,-0.680220,-0.371466,-0.035367,-0.982861,-0.739298,-0.129855,-2.641751,,,,,
sample,175,drone,4.373859,4.211020,2.813071,1.833545,-0.704487,-0.389786,-0.038584,-0.959040,-0.726669,-0.127559,-2.636227,,,,,
sample,176,drone,4.398853,4.193113,2.803102,1.832541,-0.728159,-0.407790,-0.041743,-0.935218,-0.714041,-0.125263,-2.631082,,,,,
sample,177,drone,4.423846,4.174622,2.792687,1.831458,-0.751236,-0.425479,-0.044845,-0.911397,-0.701412,-0.122966,-2.626267,,,,,
sample,178,drone,4.448840,4.155561,2.781834,1.830299,-0.773717,-0.442852,-0.047890,-0.887575,-0.688784,-0.120670,-2.621738,,,,,
sample,179,drone,4.473833,4.135946,2.770550,1.829064,-0.795603,-0.459909,-0.050877,-0.863754,-0.676155,-0.118374,-2.617459,,,,,
sample,180,drone,4.498826,4.115792,2.758845,1.827756,-0.816894,-0.476651,-0.053807,-0.839932,-0.663526,-0.116078,-2.613400,,,,,
sample,181,drone,4.523820,4.095112,2.746724,1.826375,-0.837589,-0.493077,-0.056679,-0.816110,-0.650898,-0.113782,-2.609534,,,,,
sample,182,drone,4.548813,4.073923,2.734197,1.824922,-0.857689,-0.509187,-0.059495,-0.792289,-0.638269,-0.111486,-2.605838,,,,,
sample,183,drone,4.573807,4.052239,2.721271,1.823401,-0.877193,-0.524982,-0.062252,-0.768467,-0.625640,-0.109190,-2.602292,,,,,
sample,184,drone,4.598800,4.030075,2.707955,1.821811,-0.896102,-0.540461,-0.064953,-0.744646,-0.613012,-0.106894,-2.598879,,,,,
sample,185,drone,4.623794,4.007445,2.694255,1.820154,-0.914416,-0.555624,-0.067596,-0.720824,-0.600383,-0.104598,-2.595583,,,,,
sample,186,drone,4.648787,3.984366,2.680181,1.818432,-0.932134,-0.570472,-0.070181,-0.697003,-0.587754,-0.102301,-2.592391,,,,,
sample,187,drone,4.673781,3.960851,2.665739,1.816646,-0.949257,-0.585005,-0.072709,-0.673181,-0.575126,-0.100005,-2.589291,,,,,
sample,188,drone,4.698774,3.936915,2.650938,1.814797,-0.965784,-0.599221,-0.075180,-0.649360,-0.562497,-0.097709,-2.586272,,,,,
sample,189,drone,4.723768,3.912574,2.635786,1.812888,-0.981716,-0.613122,-0.077593,-0.625538,-0.549868,-0.095413,-2.583323,,,,,
sample,190,drone,4.748761,3.887842,2.620290,1.810919,-0.997053,-0.626707,-0.079950,-0.601717,-0.537240,-0.093117,-2.580438,,,,,
sample,191,drone,4.773755,3.862735,2.604459,1.808891,-1.011794,-0.639977,-0.082248,-0.577895,-0.524611,-0.090821,-2.577606,,,,,
sample,192,drone,4.798748,3.837266,2.588300,1.806807,-1.025940,-0.652931,-0.084489,-0.554074,-0.511983,-0.088525,-2.574822,,,,,
sample,193,drone,4.823742,3.811451,2.571821,1.804668,-1.039491,-0.665569,-0.086673,-0.530252,-0.499354,-0.086229,-2.572078,,,,,
sample,194,drone,4.848735,3.785305,2.555030,1.802475,-1.052446,-0.677892,-0.088800,-0.506431,-0.486725,-0.083933,-2.569368,,,,,
sample,195,drone,4.873729,3.758843,2.537935,1.800229,-1.064806,-0.689899,-0.090869,-0.482609,-0.474097,-0.081636,-2.566687,,,,,
sample,196,drone,4.898722,3.732079,2.520544,1.797932,-1.076570,-0.701591,-0.092880,-0.458787,-0.461468,-0.079340,-2.564030,,,,,
sample,197,drone,4.923716,3.705028,2.502865,1.795586,-1.087739,-0.712967,-0.094835,-0.434966,-0.448839,-0.077044,-2.561390,,,,,
sample,198,drone,4.948709,3.677706,2.484905,1.793192,-1.098313,-0.724027,-0.096732,-0.411144,-0.436211,-0.074748,-2.558765,,,,,
sample,199,drone,4.973703,3.650127,2.466673,1.790751,-1.108291,-0.734772,-0.098571,-0.387323,-0.423582,-0.072452,-2.556149,,,,,
sample,200,drone,4.998696,3.622306,2.448176,1.788265,-1.117674,-0.745201,-0.100353,-0.363501,-0.410953,-0.070156,-2.553538,,,,,
sample,201,drone,5.023690,3.594258,2.429422,1.785735,-1.126461,-0.755314,-0.102078,-0.339680,-0.398325,-0.067860,-2.550928,,,,,
sample,202,drone,5.048683,3.565997,2.410420,1.783162,-1.134653,-0.765112,-0.103745,-0.315858,-0.385696,-0.065564,-2.548315,,,,,
sample,203,drone,5.073677,3.537540,2.391177,1.780549,-1.142250,-0.774594,-0.105355,-0.292037,-0.373068,-0.063268,-2.545696,,,,,
sample,204,drone,5.098670,3.508900,2.371700,1.777896,-1.149251,-0.783760,-0.106908,-0.268215,-0.360439,-0.060971,-2.543067,,,,,
sample,205,drone,5.123664,3.480092,2.351999,1.775205,-1.155657,-0.792611,-0.108403,-0.244394,-0.347810,-0.058675,-2.540425,,,,,
sample,206,drone,5.148657,3.451132,2.332080,1.772477,-1.161468,-0.801146,-0.109841,-0.220572,-0.335182,-0.056379,-2.537765,,,,,
sample,207,drone,5.173650,3.422034,2.311952,1.769714,-1.166683,-0.809366,-0.111221,-0.196751,-0.322553,-0.054083,-2.535086,,,,,
sample,208,drone,5.198644,3.392813,2.291623,1.766917,-1.171303,-0.817270,-0.112544,-0.172929,-0.309924,-0.051787,-2.532382,,,,,
sample,209,drone,5.223637,3.363484,2.271099,1.764088,-1.175327,-0.824858,-0.113810,-0.149108,-0.297296,-0.049491,-2.529652,,,,,
sample,210,drone,5.248631,3.334062,2.250390,1.761228,-1.178756,-0.832130,-0.115018,-0.125286,-0.284667,-0.047195,-2.526892,,,,,
sample,211,drone,5.273624,3.304562,2.229504,1.758339,-1.181590,-0.839087,-0.116169,-0.101465,-0.272038,-0.044899,-2.524097,,,,,
sample,212,drone,5.298618,3.274998,2.208447,1.755421,-1.183828,-0.845729,-0.117263,-0.077643,-0.259410,-0.042603,-2.521266,,,,,
sample,213,drone,5.323611,3.245386,2.187228,1.752477,-1.185471,-0.852055,-0.118299,-0.053821,-0.246781,-0.040306,-2.518395,,,,,
sample,214,drone,5.348605,3.215740,2.165855,1.749508,-1.186518,-0.858065,-0.119277,-0.030000,-0.234153,-0.038010,-2.515479,,,,,
sample,215,drone,5.373598,3.186075,2.144336,1.746515,-1.186971,-0.863759,-0.120199,-0.006178,-0.221524,-0.035714,-2.512517,,,,,
sample,216,drone,5.398592,3.156407,2.122679,1.743500,-1.186827,-0.869138,-0.121063,0.017643,-0.208895,-0.033418,-2.509503,,,,,
sample,217,drone,5.423585,3.126749,2.100891,1.740463,-1.186089,-0.874201,-0.121869,0.041465,-0.196267,-0.031122,-2.506434,,,,,
sample,218,drone,5.448579,3.097118,2.078980,1.737408,-1.184755,-0.878949,-0.122618,0.065286,-0.183638,-0.028826,-2.503307,,,,,
sample,219,drone,5.473572,3.067527,2.056955,1.734334,-1.182825,-0.883381,-0.123310,0.089108,-0.171009,-0.026530,-2.500117,,,,,
sample,220,drone,5.498566,3.037992,2.034822,1.731244,-1.180300,-0.887497,-0.123945,0.112929,-0.158381,-0.024234,-2.496861,,,,,
sample,221,drone,5.523559,3.008527,2.012591,1.728138,-1.177180,-0.891298,-0.124522,0.136751,-0.145752,-0.021938,-2.493534,,,,,
sample,222,drone,5.548553,2.979148,1.990269,1.725019,-1.173465,-0.894783,-0.125041,0.160572,-0.133123,-0.019642,-2.490131,,,,,
sample,223,drone,5.573546,2.949869,1.967864,1.721888,-1.169154,-0.897952,-0.125503,0.184394,-0.120495,-0.017345,-2.486648,,,,,
sample,224,drone,5.598540,2.920706,1.945383,1.718746,-1.164247,-0.900806,-0.125908,0.208215,-0.107866,-0.015049,-2.483080,,,,,
sample,225,drone,5.623533,2.891672,1.922835,1.715594,-1.158746,-0.903344,-0.126256,0.232037,-0.095237,-0.012753,-2.479423,,,,,
sample,226,drone,5.648527,2.862784,1.900228,1.712435,-1.152649,-0.905567,-0.126546,0.255858,-0.082609,-0.010457,-2.475669,,,,,
sample,227,drone,5.673520,2.834055,1.877569,1.709269,-1.145956,-0.907473,-0.126778,0.279680,-0.069980,-0.008161,-2.471815,,,,,
sample,228,drone,5.698514,2.805501,1.854866,1.706097,-1.138668,-0.909065,-0.126954,0.303501,-0.057352,-0.005865,-2.467854,,,,,
sample,229,drone,5.723507,2.777136,1.832127,1.702923,-1.130785,-0.910340,-0.127072,0.327323,-0.044723,-0.003569,-2.463779,,,,,
sample,230,drone,5.748501,2.748976,1.809361,1.699746,-1.122306,-0.911300,-0.127132,0.351145,-0.032094,-0.001273,-2.459584,,,,,
sample,231,drone,5.773494,2.721036,1.786574,1.696568,-1.113232,-0.911944,-0.127135,0.374966,-0.019466,0.001023,-2.455262,,,,,
sample,232,drone,5.798487,2.693329,1.763776,1.693390,-1.103563,-0.912273,-0.127081,0.398788,-0.006837,0.003320,-2.450805,,,,,
sample,233,drone,5.823481,2.665872,1.740973,1.690215,-1.093298,-0.912286,-0.126969,0.422609,0.005792,0.005616,-2.446205,,,,,
sample,234,drone,5.848474,2.638679,1.718173,1.687044,-1.082438,-0.911984,-0.126800,0.446431,0.018420,0.007912,-2.441453,,,,,
sample,235,drone,5.873468,2.611764,1.695385,1.683877,-1.070982,-0.911365,-0.126574,0.470252,0.031049,0.010208,-2.436540,,,,,
sample,236,drone,5.898461,2.585143,1.672617,1.680717,-1.058931,-0.910432,-0.126290,0.494074,0.043678,0.012504,-2.431457,,,,,
sample,237,drone,5.923455,2.558831,1.649876,1.677564,-1.046285,-0.909182,-0.125949,0.517895,0.056306,0.014800,-2.426193,,,,,
sample,238,drone,5.948448,2.532843,1.627170,1.674421,-1.033043,-0.907617,-0.125550,0.541717,0.068935,0.017096,-2.420735,,,,,
sample,239,drone,5.973442,2.507193,1.604507,1.671288,-1.019206,-0.905736,-0.125094,0.565538,0.081563,0.019392,-2.415074,,,,,
sample,240,drone,5.998435,2.481896,1.581894,1.668168,-1.004774,-0.903540,-0.124581,0.589360,0.094192,0.021688,-2.409194,,,,,
sample,241,drone,6.023429,2.456967,1.559341,1.665061,-0.989746,-0.901028,-0.124010,0.613181,0.106821,0.023985,-2.403082,,,,,
sample,242,drone,6.048422,2.432421,1.536855,1.661969,-0.974123,-0.898200,-0.123382,0.637003,0.119449,0.026281,-2.396722,,,,,
sample,243,drone,6.073416,2.408274,1.514443,1.658893,-0.957904,-0.895057,-0.122696,0.660824,0.132078,0.028577,-2.390099,,,,,
sample,244,drone,6.098409,2.384539,1.492114,1.655836,-0.941090,-0.891598,-0.121953,0.684646,0.144707,0.030873,-2.383193,,,,,
sample,245,drone,6.123403,2.361231,1.469875,1.652797,-0.923681,-0.887824,-0.121153,0.708467,0.157335,0.033169,-2.375986,,,,,
sample,246,drone,6.148396,2.338367,1.447734,1.649780,-0.905676,-0.883733,-0.120295,0.732289,0.169964,0.035465,-2.368456,,,,,
sample,247,drone,6.173390,2.315959,1.425700,1.646784,-0.887076,-0.879328,-0.119380,0.756111,0.182593,0.037761,-2.360581,,,,,
sample,248,drone,6.198383,2.294024,1.403779,1.643812,-0.867880,-0.874606,-0.118408,0.779932,0.195221,0.040057,-2.352335,,,,,
sample,249,drone,6.223377,2.272577,1.381981,1.640865,-0.848089,-0.869569,-0.117378,0.803754,0.207850,0.042353,-2.343690,,,,,
sample,250,drone,6.248370,2.251631,1.360312,1.637945,-0.827703,-0.864216,-0.116291,0.827575,0.220479,0.044650,-2.334617,,,,,
sample,251,drone,6.273364,2.231202,1.338781,1.635052,-0.806722,-0.858548,-0.115146,0.851397,0.233107,0.046946,-2.325083,,,,,
sample,252,drone,6.298357,2.211305,1.317396,1.632189,-0.785144,-0.852564,-0.113944,0.875218,0.245736,0.049242,-2.315051,,,,,
sample,253,drone,6.323351,2.191955,1.296164,1.629356,-0.762972,-0.846264,-0.112685,0.899040,0.258364,0.051538,-2.304482,,,,,
sample,254,drone,6.348344,2.173167,1.275094,1.626556,-0.740204,-0.839649,-0.111368,0.922861,0.270993,0.053834,-2.293332,,,,,
sample,255,drone,6.373338,2.154955,1.254193,1.623790,-0.716841,-0.832718,-0.109994,0.946683,0.283622,0.056130,-2.281553,,,,,
sample,256,drone,6.398331,2.137334,1.233469,1.621058,-0.692882,-0.825472,-0.108562,0.970504,0.296250,0.058426,-2.269091,,,,,
sample,257,drone,6.423324,2.120320,1.212930,1.618363,-0.668328,-0.817910,-0.107073,0.994326,0.308879,0.060722,-2.255888,,,,,
sample,258,drone,6.448318,2.103926,1.192584,1.615706,-0.643179,-0.810032,-0.105527,1.018147,0.321508,0.063018,-2.241878,,,,,
sample,259,drone,6.473311,2.088169,1.172439,1.613088,-0.617434,-0.801839,-0.103923,1.041969,0.334136,0.065315,-2.226990,,,,,
sample,260,drone,6.498305,2.073063,1.152502,1.610511,-0.591094,-0.793329,-0.102262,1.065790,0.346765,0.067611,-2.211141,,,,,
sample,261,drone,6.523298,2.058622,1.132783,1.607976,-0.564159,-0.784505,-0.100543,1.089612,0.359394,0.069907,-2.194244,,,,,
sample,262,drone,6.548292,2.044862,1.113287,1.605485,-0.536628,-0.775364,-0.098767,1.113434,0.372022,0.072203,-2.176199,,,,,
sample,263,drone,6.573285,2.031798,1.094024,1.603039,-0.508502,-0.765909,-0.096934,1.137255,0.384651,0.074499,-2.156895,,,,,
sample,264,drone,6.598279,2.019444,1.075002,1.600640,-0.479780,-0.756137,-0.095043,1.161077,0.397279,0.076795,-2.136208,,,,,
sample,265,drone,6.623272,2.007815,1.056227,1.598288,-0.450463,-0.746050,-0.093095,1.184898,0.409908,0.079091,-2.114003,,,,,
sample,266,drone,6.648266,1.996926,1.037709,1.595986,-0.420550,-0.735647,-0.091090,1.208720,0.422537,0.081387,-2.090128,,,,,
sample,267,drone,6.673259,1.986793,1.019455,1.593735,-0.390043,-0.724928,-0.089027,1.232541,0.435165,0.083683,-2.064413,,,,,
sample,268,drone,6.698253,1.977429,1.001472,1.591536,-0.358939,-0.713894,-0.086907,1.256363,0.447794,0.085980,-2.036674,,,,,
sample,269,drone,6.723246,1.968851,0.983769,1.589391,-0.327241,-0.702545,-0.084729,1.280184,0.460423,0.088276,-2.006706,,,,,
sample,270,drone,6.748240,1.961072,0.966354,1.587301,-0.294947,-0.690879,-0.082494,1.304006,0.473051,0.090572,-1.974288,,,,,
sample,271,drone,6.773233,1.954107,0.949234,1.585267,-0.262058,-0.678898,-0.080202,1.327827,0.485680,0.092868,-1.939180,,,,,
sample,272,drone,6.798227,1.947972,0.932418,1.583291,-0.228573,-0.666601,-0.077852,1.351649,0.498309,0.095164,-1.901126,,,,,
sample,273,drone,6.823220,1.942682,0.915913,1.581375,-0.194493,-0.653989,-0.075445,1.375470,0.510937,0.097460,-1.859861,,,,,
sample,274,drone,6.848214,1.938250,0.899727,1.579520,-0.159817,-0.641061,-0.072980,1.399292,0.523566,0.099756,-1.815117,,,,,
sample,275,drone,6.873207,1.934693,0.883868,1.577727,-0.124546,-0.627818,-0.070458,1.423113,0.536194,0.102052,-1.766634,,,,,
sample,276,drone,6.898201,1.932024,0.868344,1.575998,-0.088680,-0.614259,-0.067879,1.446935,0.548823,0.104348,-1.714175,,,,,
sample,277,drone,6.923194,1.930260,0.853163,1.574334,-0.052219,-0.600384,-0.065242,1.470756,0.561452,0.106645,-1.657553,,,,,
sample,278,drone,6.948188,1.929414,0.838333,1.572737,-0.015162,-0.586193,-0.062548,1.494578,0.574080,0.108941,-1.596655,,,,,
sample,279,drone,6.973181,1.929502,0.823861,1.571208,0.022491,-0.571687,-0.059797,1.518400,0.586709,0.111237,-1.531475,,,,,
sample,280,drone,6.998175,1.930538,0.809756,1.569748,0.060739,-0.556865,-0.056988,1.549576,0.518933,0.103918,-1.462153,,,,,
sample,281,drone,7.023168,1.932538,0.796025,1.568359,0.099949,-0.545747,-0.054602,1.625372,-0.087150,0.032103,-1.389661,,,,,
sample,282,drone,7.048162,1.935535,0.782476,1.567019,0.141986,-0.561222,-0.055383,1.725682,-1.139062,-0.093464,-1.323001,,,,,
sample,283,drone,7.073155,1.939636,0.767971,1.565591,0.186211,-0.602686,-0.059274,1.763410,-1.716172,-0.162773,-1.271132,,,,,
sample,284,drone,7.098148,1.944843,0.752349,1.564056,0.230134,-0.647008,-0.063519,1.744133,-1.757400,-0.168216,-1.229063,,,,,
sample,285,drone,7.123142,1.951139,0.735630,1.562416,0.273395,-0.690533,-0.067683,1.717683,-1.725473,-0.164925,-1.193813,,,,,
sample,286,drone,7.148135,1.958509,0.717832,1.560672,0.315995,-0.733259,-0.071764,1.691232,-1.693546,-0.161634,-1.163900,,,,,
sample,287,drone,7.173129,1.966935,0.698976,1.558828,0.357935,-0.775188,-0.075762,1.664782,-1.661619,-0.158342,-1.138223,,,,,
sample,288,drone,7.198122,1.976401,0.679082,1.556885,0.399213,-0.816319,-0.079679,1.638332,-1.629692,-0.155051,-1.115955,,,,,
sample,289,drone,7.223116,1.986890,0.658171,1.554845,0.439830,-0.856651,-0.083513,1.611882,-1.597765,-0.151760,-1.096463,,,,,
sample,290,drone,7.248109,1.998387,0.636261,1.552711,0.479786,-0.896186,-0.087265,1.585432,-1.565839,-0.148468,-1.079259,,,,,
sample,291,drone,7.273103,2.010873,0.613373,1.550483,0.519081,-0.934923,-0.090934,1.558981,-1.533912,-0.145177,-1.063960,,,,,
sample,292,drone,7.298096,2.024334,0.589527,1.548165,0.557715,-0.972862,-0.094522,1.532531,-1.501985,-0.141886,-1.050261,,,,,
sample,293,drone,7.323090,2.038752,0.564743,1.545758,0.595687,-1.010002,-0.098027,1.506081,-1.470058,-0.138594,-1.037920,,,,,
sample,294,drone,7.348083,2.054111,0.539040,1.543265,0.632999,-1.046345,-0.101449,1.479631,-1.438131,-0.135303,-1.026736,,,,,
sample,295,drone,7.373077,2.070394,0.512439,1.540687,0.669650,-1.081890,-0.104790,1.453181,-1.406204,-0.132011,-1.016550,,,,,
sample,296,drone,7.398070,2.087584,0.484960,1.538027,0.705639,-1.116637,-0.108048,1.426731,-1.374278,-0.128720,-1.007228,,,,,
sample,297,drone,7.423064,2.105666,0.456622,1.535286,0.740967,-1.150586,-0.111224,1.400280,-1.342351,-0.125429,-0.998657,,,,,
sample,298,drone,7.448057,2.124623,0.427445,1.532467,0.775635,-1.183737,-0.114318,1.373830,-1.310424,-0.122137,-0.990745,,,,,
sample,299,drone,7.473051,2.144438,0.397450,1.529572,0.809641,-1.216090,-0.117330,1.347380,-1.278497,-0.118846,-0.983412,,,,,
sample,300,drone,7.498044,2.165094,0.366657,1.526602,0.842986,-1.247645,-0.120259,1.320930,-1.246570,-0.115555,-0.976592,,,,,
sample,301,drone,7.523038,2.186576,0.335084,1.523561,0.875670,-1.278403,-0.123106,1.294480,-1.214643,-0.112263,-0.970227,,,,,
sample,302,drone,7.548031,2.208867,0.302753,1.520449,0.907693,-1.308362,-0.125871,1.268029,-1.182716,-0.108972,-0.964268,,,,,
sample,303,drone,7.573025,2.231949,0.269683,1.517269,0.939055,-1.337523,-0.128553,1.241579,-1.150790,-0.105681,-0.958672,,,,,
sample,304,drone,7.598018,2.255807,0.235895,1.514023,0.969756,-1.365886,-0.131153,1.215129,-1.118863,-0.102389,-0.953402,,,,,
sample,305,drone,7.623012,2.280424,0.201407,1.510713,0.999796,-1.393451,-0.133671,1.188679,-1.086936,-0.099098,-0.948424,,,,,
sample,306,drone,7.648005,2.305784,0.166240,1.507341,1.029175,-1.420219,-0.136107,1.162229,-1.055009,-0.095807,-0.943712,,,,,
sample,307,drone,7.672999,2.331869,0.130415,1.503909,1.057892,-1.446188,-0.138460,1.135778,-1.023082,-0.092515,-0.939238,,,,,
sample,308,drone,7.697992,2.358665,0.093950,1.500420,1.085949,-1.471360,-0.140731,1.109328,-0.991155,-0.089224,-0.934982,,,,,
sample,309,drone,7.722985,2.386153,0.056866,1.496874,1.113344,-1.495733,-0.142920,1.082878,-0.959228,-0.085933,-0.930923,,,,,
sample,310,drone,7.747979,2.414317,0.019183,1.493275,1.140078,-1.519308,-0.145027,1.056428,-0.927302,-0.082641,-0.927044,,,,,
sample,311,drone,7.772972,2.443142,-0.019080,1.489625,1.166152,-1.542086,-0.147051,1.029978,-0.895375,-0.079350,-0.923328,,,,,
sample,312,drone,7.797966,2.472610,-0.057902,1.485925,1.191564,-1.564066,-0.148993,1.003527,-0.863448,-0.076059,-0.919762,,,,,
sample,313,drone,7.822959,2.502704,-0.097263,1.482177,1.216315,-1.585247,-0.150853,0.977077,-0.831521,-0.072767,-0.916333,,,,,
sample,314,drone,7.847953,2.533410,-0.137143,1.478384,1.240405,-1.605631,-0.152631,0.950627,-0.799594,-0.069476,-0.913029,,,,,
sample,315,drone,7.872946,2.564709,-0.177523,1.474548,1.263834,-1.625216,-0.154326,0.924177,-0.767667,-0.066185,-0.909839,,,,,
sample,316,drone,7.897940,2.596585,-0.218383,1.470670,1.286602,-1.644004,-0.155939,0.897727,-0.735740,-0.062893,-0.906754,,,,,
sample,317,drone,7.922933,2.629022,-0.259702,1.466753,1.308709,-1.661994,-0.157470,0.871277,-0.703814,-0.059602,-0.903765,,,,,
sample,318,drone,7.947927,2.662003,-0.301461,1.462798,1.330154,-1.679186,-0.158918,0.844826,-0.671887,-0.056311,-0.900865,,,,,
sample,319,drone,7.972920,2.695512,-0.343640,1.458809,1.350939,-1.695579,-0.160285,0.818376,-0.639960,-0.053019,-0.898045,,,,,
sample,320,drone,7.997914,2.729533,-0.386218,1.454786,1.371062,-1.711175,-0.161569,0.791926,-0.608033,-0.049728,-0.895300,,,,,
sample,321,drone,8.022907,2.764047,-0.429176,1.450733,1.390525,-1.725973,-0.162770,0.765476,-0.576106,-0.046437,-0.892622,,,,,
sample,322,drone,8.047901,2.799041,-0.472494,1.446650,1.409326,-1.739973,-0.163890,0.739026,-0.544179,-0.043145,-0.890006,,,,,
sample,323,drone,8.072894,2.834495,-0.516152,1.442540,1.427466,-1.753175,-0.164927,0.712575,-0.512253,-0.039854,-0.887446,,,,,
sample,324,drone,8.097888,2.870395,-0.560130,1.438406,1.444946,-1.765579,-0.165882,0.686125,-0.480326,-0.036563,-0.884938,,,,,
sample,325,drone,8.122881,2.906724,-0.604408,1.434248,1.461764,-1.777185,-0.166755,0.659675,-0.448399,-0.033271,-0.882476,,,,,
sample,326,drone,8.147875,2.943464,-0.648966,1.430070,1.477921,-1.787993,-0.167545,0.633225,-0.416472,-0.029980,-0.880056,,,,,
sample,327,drone,8.172868,2.980601,-0.693784,1.425873,1.493417,-1.798003,-0.168253,0.606775,-0.384545,-0.026688,-0.877675,,,,,
sample,328,drone,8.197862,3.018116,-0.738843,1.421660,1.508252,-1.807215,-0.168879,0.580324,-0.352618,-0.023397,-0.875327,,,,,
sample,329,drone,8.222855,3.055994,-0.784121,1.417431,1.522425,-1.815630,-0.169423,0.553874,-0.320691,-0.020106,-0.873010,,,,,
sample,330,drone,8.247849,3.094217,-0.829600,1.413191,1.535938,-1.823246,-0.169884,0.527424,-0.288765,-0.016814,-0.870720,,,,,
sample,331,drone,8.272842,3.132770,-0.875260,1.408939,1.548790,-1.830064,-0.170263,0.500974,-0.256838,-0.013523,-0.868452,,,,,
sample,332,drone,8.297836,3.171637,-0.921080,1.404680,1.560980,-1.836084,-0.170560,0.474524,-0.224911,-0.010232,-0.866205,,,,,
sample,333,drone,8.322829,3.210799,-0.967040,1.400414,1.572510,-1.841307,-0.170775,0.448073,-0.192984,-0.006940,-0.863974,,,,,
sample,334,drone,8.347822,3.250242,-1.013121,1.396143,1.583378,-1.845731,-0.170907,0.421623,-0.161057,-0.003649,-0.861757,,,,,
sample,335,drone,8.372816,3.289947,-1.059303,1.391870,1.593585,-1.849357,-0.170957,0.395173,-0.129130,-0.000358,-0.859551,,,,,
sample,336,drone,8.397809,3.329900,-1.105565,1.387598,1.603132,-1.852186,-0.170925,0.368723,-0.097203,0.002934,-0.857352,,,,,
sample,337,drone,8.422803,3.370083,-1.151888,1.383326,1.612017,-1.854216,-0.170811,0.342273,-0.065277,0.006225,-0.855159,,,,,
sample,338,drone,8.447796,3.410480,-1.198252,1.379059,1.620241,-1.855449,-0.170614,0.315823,-0.033350,0.009516,-0.852967,,,,,
sample,339,drone,8.472790,3.451074,-1.244636,1.374798,1.627804,-1.855883,-0.170335,0.289372,-0.001423,0.012808,-0.850776,,,,,
sample,340,drone,8.497783,3.491849,-1.291021,1.370545,1.634706,-1.855520,-0.169974,0.262922,0.030504,0.016099,-0.848580,,,,,
sample,341,drone,8.522777,3.532788,-1.337388,1.366301,1.640946,-1.854359,-0.169530,0.236472,0.062431,0.019390,-0.846379,,,,,
sample,342,drone,8.547770,3.573875,-1.383715,1.362070,1.646526,-1.852399,-0.169005,0.210022,0.094358,0.022682,-0.844169,,,,,
sample,343,drone,8.572764,3.615093,-1.429984,1.357853,1.651445,-1.849642,-0.168396,0.183572,0.126284,0.025973,-0.841948,,,,,
sample,344,drone,8.597757,3.656425,-1.476173,1.353653,1.655702,-1.846087,-0.167706,0.157121,0.158211,0.029264,-0.839712,,,,,
sample,345,drone,8.622751,3.697856,-1.522264,1.349470,1.659299,-1.841733,-0.166934,0.130671,0.190138,0.032556,-0.837460,,,,,
sample,346,drone,8.647744,3.739369,-1.568236,1.345308,1.662234,-1.836582,-0.166079,0.104221,0.222065,0.035847,-0.835188,,,,,
sample,347,drone,8.672738,3.780946,-1.614069,1.341169,1.664508,-1.830633,-0.165142,0.077771,0.253992,0.039138,-0.832893,,,,,
sample,348,drone,8.697731,3.822572,-1.659744,1.337053,1.666122,-1.823886,-0.164122,0.051321,0.285919,0.042430,-0.830572,,,,,
sample,349,drone,8.722725,3.864231,-1.705240,1.332965,1.667074,-1.816341,-0.163021,0.024870,0.317846,0.045721,-0.828223,,,,,
sample,350,drone,8.747718,3.905904,-1.750537,1.328904,1.667365,-1.807998,-0.161837,-0.001580,0.349772,0.049012,-0.825842,,,,,
sample,351,drone,8.772712,3.947577,-1.795616,1.324875,1.666995,-1.798857,-0.160571,-0.028030,0.381699,0.052304,-0.823426,,,,,
sample,352,drone,8.797705,3.989232,-1.840456,1.320878,1.665964,-1.788918,-0.159222,-0.054480,0.413626,0.055595,-0.820972,,,,,
sample,353,drone,8.822699,4.030854,-1.885038,1.316916,1.664272,-1.778181,-0.157792,-0.080930,0.445553,0.058886,-0.818476,,,,,
sample,354,drone,8.847692,4.072424,-1.929342,1.312990,1.661918,-1.766646,-0.156279,-0.107381,0.477480,0.062178,-0.815934,,,,,
sample,355,drone,8.872686,4.113928,-1.973348,1.309104,1.658904,-1.754313,-0.154684,-0.133831,0.509407,0.065469,-0.813344,,,,,
sample,356,drone,8.897679,4.155348,-2.017035,1.305258,1.655229,-1.741182,-0.153006,-0.160281,0.541334,0.068760,-0.810700,,,,,
sample,357,drone,8.922673,4.196668,-2.060384,1.301456,1.650892,-1.727253,-0.151247,-0.186731,0.573260,0.072052,-0.807999,,,,,
sample,358,drone,8.947666,4.237871,-2.103375,1.297698,1.645894,-1.712527,-0.149405,-0.213181,0.605187,0.075343,-0.805236,,,,,
sample,359,drone,8.972660,4.278941,-2.145988,1.293987,1.640236,-1.697002,-0.147480,-0.239631,0.637114,0.078635,-0.802406,,,,,
sample,360,drone,8.997653,4.319861,-2.188203,1.290326,1.633916,-1.680679,-0.145474,-0.266082,0.669041,0.081926,-0.799506,,,,,
sample,361,drone,9.022646,4.360615,-2.230000,1.286715,1.626935,-1.663559,-0.143385,-0.292532,0.700968,0.085217,-0.796528,,,,,
sample,362,drone,9.047640,4.401187,-2.271359,1.283158,1.619293,-1.645640,-0.141214,-0.318982,0.732895,0.088509,-0.793468,,,,,
sample,363,drone,9.072633,4.441559,-2.312261,1.279657,1.610990,-1.626923,-0.138961,-0.345432,0.764822,0.091800,-0.790319,,,,,
sample,364,drone,9.097627,4.481715,-2.352684,1.276212,1.602026,-1.607409,-0.136625,-0.371882,0.796748,0.095091,-0.787075,,,,,
sample,365,drone,9.122620,4.521639,-2.392610,1.272827,1.592401,-1.587096,-0.134208,-0.398333,0.828675,0.098383,-0.783730,,,,,
sample,366,drone,9.147614,4.561315,-2.432018,1.269504,1.582115,-1.565986,-0.131708,-0.424783,0.860602,0.101674,-0.780275,,,,,
sample,367,drone,9.172607,4.600725,-2.470889,1.266243,1.571167,-1.544078,-0.129125,-0.451233,0.892529,0.104965,-0.776703,,,,,
sample,368,drone,9.197601,4.639853,-2.509202,1.263049,1.559559,-1.521371,-0.126461,-0.477683,0.924456,0.108257,-0.773004,,,,,
sample,369,drone,9.222594,4.678682,-2.546938,1.259922,1.547289,-1.497867,-0.123714,-0.504133,0.956383,0.111548,-0.769170,,,,,
sample,370,drone,9.247588,4.717197,-2.584076,1.256865,1.534359,-1.473565,-0.120885,-0.530584,0.988309,0.114839,-0.765190,,,,,
sample,371,drone,9.272581,4.755380,-2.620597,1.253879,1.520767,-1.448464,-0.117973,-0.557034,1.020236,0.118131,-0.761052,,,,,
sample,372,drone,9.297575,4.793215,-2.656480,1.250968,1.506514,-1.422566,-0.114980,-0.583484,1.052163,0.121422,-0.756746,,,,,
sample,373,drone,9.322568,4.830686,-2.691707,1.248132,1.491601,-1.395870,-0.111904,-0.609934,1.084090,0.124713,-0.752256,,,,,
sample,374,drone,9.347562,4.867776,-2.726256,1.245374,1.476026,-1.368376,-0.108746,-0.636384,1.116017,0.128005,-0.747570,,,,,
sample,375,drone,9.372555,4.904468,-2.760108,1.242696,1.459790,-1.340084,-0.105505,-0.662835,1.147944,0.131296,-0.742670,,,,,
sample,376,drone,9.397549,4.940746,-2.793242,1.240100,1.442893,-1.310993,-0.102183,-0.689285,1.179871,0.134587,-0.737539,,,,,
sample,377,drone,9.422542,4.976594,-2.825640,1.237588,1.425334,-1.281105,-0.098778,-0.715735,1.211797,0.137879,-0.732157,,,,,
sample,378,drone,9.447536,5.011995,-2.857281,1.235163,1.407115,-1.250419,-0.095290,-0.742185,1.243724,0.141170,-0.726504,,,,,
sample,379,drone,9.472529,5.046931,-2.888145,1.232825,1.388235,-1.218935,-0.091721,-0.768635,1.275651,0.144461,-0.720553,,,,,
sample,380,drone,9.497523,5.081388,-2.918212,1.230578,1.368693,-1.186653,-0.088069,-0.795085,1.307578,0.147753,-0.714279,,,,,
sample,381,drone,9.522516,5.115348,-2.947462,1.228423,1.348491,-1.153574,-0.084335,-0.821536,1.339505,0.151044,-0.707653,,,,,
sample,382,drone,9.547510,5.148795,-2.975875,1.226362,1.327627,-1.119696,-0.080519,-0.847986,1.371432,0.154335,-0.700639,,,,,
sample,383,drone,9.572503,5.181712,-3.003432,1.224398,1.306103,-1.085020,-0.076621,-0.874436,1.403359,0.157627,-0.693200,,,,,
sample,384,drone,9.597497,5.214083,-3.030112,1.222532,1.283917,-1.049546,-0.072640,-0.900886,1.435285,0.160918,-0.685295,,,,,
sample,385,drone,9.622490,5.245891,-3.055896,1.220767,1.261070,-1.013274,-0.068577,-0.927336,1.467212,0.164209,-0.676874,,,,,
sample,386,drone,9.647483,5.277120,-3.080763,1.219104,1.237562,-0.976205,-0.064431,-0.953787,1.499139,0.167501,-0.667882,,,,,
sample,387,drone,9.672477,5.307753,-3.104693,1.217546,1.213393,-0.938337,-0.060204,-0.980237,1.531066,0.170792,-0.658257,,,,,
sample,388,drone,9.697470,5.337774,-3.127667,1.216095,1.188563,-0.899671,-0.055894,-1.006687,1.562993,0.174083,-0.647928,,,,,
sample,389,drone,9.722464,5.367166,-3.149665,1.214752,1.163072,-0.860208,-0.051502,-1.033137,1.594920,0.177375,-0.636812,,,,,
sample,390,drone,9.747457,5.395913,-3.170667,1.213520,1.136920,-0.819946,-0.047028,-1.059587,1.626847,0.180666,-0.624813,,,,,
sample,391,drone,9.772451,5.423997,-3.190652,1.212401,1.110106,-0.778886,-0.042471,-1.086038,1.658773,0.183958,-0.611821,,,,,
sample,392,drone,9.797444,5.451403,-3.209601,1.211397,1.082632,-0.737029,-0.037832,-1.112488,1.690700,0.187249,-0.597707,,,,,
sample,393,drone,9.822438,5.478115,-3.227494,1.210510,1.054497,-0.694374,-0.033111,-1.138938,1.722627,0.190540,-0.582319,,,,,
sample,394,drone,9.847431,5.504114,-3.244310,1.209742,1.025700,-0.650920,-0.028308,-1.165388,1.754554,0.193832,-0.565481,,,,,
sample,395,drone,9.872425,5.529386,-3.260031,1.209095,0.996242,-0.606669,-0.023422,-1.191838,1.786481,0.197123,-0.546980,,,,,
sample,396,drone,9.897418,5.553914,-3.274636,1.208571,0.966124,-0.561619,-0.018454,-1.218289,1.818408,0.200414,-0.526565,,,,,
sample,397,drone,9.922412,5.577680,-3.288105,1.208173,0.935344,-0.515772,-0.013404,-1.244739,1.850334,0.203706,-0.503937,,,,,
sample,398,drone,9.947405,5.600669,-3.300418,1.207901,0.903903,-0.469127,-0.008271,-1.271189,1.882261,0.206997,-0.478733,,,,,
sample,399,drone,9.972399,5.622863,-3.311555,1.207759,0.871801,-0.421684,-0.003057,-1.297639,1.914188,0.210288,-0.450517,,,,,
sample,400,drone,9.997392,5.644247,-3.321496,1.207748,0.839038,-0.373442,0.002240,-1.324089,1.946115,0.213580,-0.418758,,,,,
sample,401,drone,10.022386,5.664804,-3.330222,1.207871,0.805614,-0.324403,0.007619,-1.350539,1.978042,0.216871,-0.382813,,,,,
sample,402,drone,10.047379,5.684517,-3.337712,1.208129,0.771528,-0.274566,0.013081,-1.376990,2.009969,0.220162,-0.341897,,,,,
sample,403,drone,10.072373,5.703371,-3.343947,1.208525,0.736782,-0.223931,0.018625,-1.403440,2.041896,0.223454,-0.295059,,,,,
sample,404,drone,10.097366,5.721347,-3.348906,1.209060,0.701375,-0.172498,0.024251,-1.429890,2.073822,0.226745,-0.241156,,,,,
sample,405,drone,10.122360,5.738430,-3.352570,1.209737,0.665306,-0.120267,0.029959,-1.456340,2.105749,0.230036,-0.178838,,,,,
sample,406,drone,10.147353,5.754604,-3.354918,1.210558,0.628577,-0.067238,0.035750,-1.482790,2.137676,0.233328,-0.106563,,,,,
sample,407,drone,10.172347,5.769851,-3.355931,1.211524,0.591186,-0.013411,0.041622,-1.509241,2.169603,0.236619,-0.022681,,,,,
sample,408,drone,10.197340,5.784155,-3.355588,1.212638,0.553134,0.041214,0.047577,-1.535691,2.201530,0.239910,0.074373,,,,,
sample,409,drone,10.222334,5.797500,-3.353870,1.213903,0.514422,0.096637,0.053615,-1.503455,2.207369,0.244123,0.185691,,,,,
sample,410,drone,10.247327,5.809870,-3.350758,1.215319,0.477981,0.151554,0.059780,-1.076837,2.034418,0.253887,0.307043,,,,,
sample,411,drone,10.272320,5.821393,-3.346295,1.216891,0.460594,0.198331,0.066306,-0.314793,1.700130,0.266663,0.406604,,,,,
sample,412,drone,10.297314,5.832893,-3.340844,1.218633,0.462246,0.236538,0.073110,0.117401,1.498080,0.271611,0.472976,,,,,
sample,413,drone,10.322307,5.844499,-3.334471,1.220545,0.466462,0.273216,0.079883,0.167705,1.459797,0.269459,0.529852,,,,,
sample,414,drone,10.347301,5.856210,-3.327186,1.222626,0.470629,0.309509,0.086580,0.165703,1.444406,0.266420,0.581734,,,,,
sample,415,drone,10.372294,5.868025,-3.318999,1.224873,0.474745,0.345417,0.093200,0.163701,1.429014,0.263381,0.629000,,,,,
sample,416,drone,10.397288,5.879941,-3.309920,1.227285,0.478812,0.380941,0.099745,0.161699,1.413623,0.260342,0.672050,,,,,
sample,417,drone,10.422281,5.891959,-3.299957,1.229859,0.482828,0.416080,0.106214,0.159697,1.398232,0.257303,0.711279,,,,,
sample,418,drone,10.447275,5.904076,-3.289121,1.232594,0.486794,0.450834,0.112607,0.157695,1.382841,0.254264,0.747065,,,,,
sample,419,drone,10.472268,5.916292,-3.277422,1.235488,0.490711,0.485204,0.118924,0.155693,1.367449,0.251225,0.779755,,,,,
sample,420,drone,10.497262,5.928606,-3.264868,1.238539,0.494577,0.519189,0.125165,0.153691,1.352058,0.248186,0.809671,,,,,
sample,421,drone,10.522255,5.941015,-3.251469,1.241745,0.498393,0.552789,0.131330,0.151689,1.336667,0.245147,0.837099,,,,,
sample,422,drone,10.547249,5.953519,-3.237235,1.245104,0.502160,0.586005,0.137419,0.149687,1.321276,0.242108,0.862298,,,,,
sample,423,drone,10.572242,5.966116,-3.222176,1.248614,0.505876,0.618836,0.143432,0.147685,1.305884,0.239069,0.885497,,,,,
sample,424,drone,10.597236,5.978806,-3.206302,1.252273,0.509542,0.651282,0.149369,0.145684,1.290493,0.236030,0.906900,,,,,
sample,425,drone,10.622229,5.991587,-3.189621,1.256080,0.513158,0.683344,0.155231,0.143682,1.275102,0.232991,0.926686,,,,,
sample,426,drone,10.647223,6.004457,-3.172143,1.260033,0.516724,0.715021,0.161016,0.141680,1.259711,0.229952,0.945017,,,,,
sample,427,drone,10.672216,6.017416,-3.153879,1.264129,0.520240,0.746313,0.166725,0.139678,1.244319,0.226913,0.962032,,,,,
sample,428,drone,10.697210,6.030462,-3.134837,1.268367,0.523706,0.777220,0.172359,0.137676,1.228928,0.223874,0.977858,,,,,
sample,429,drone,10.722203,6.043595,-3.115028,1.272745,0.527122,0.807743,0.177916,0.135674,1.213537,0.220835,0.992605,,,,,
sample,430,drone,10.747197,6.056812,-3.094461,1.277260,0.530488,0.837881,0.183397,0.133672,1.198146,0.217796,1.006372,,,,,
sample,431,drone,10.772190,6.070112,-3.073145,1.281912,0.533804,0.867635,0.188803,0.131670,1.182754,0.214757,1.019246,,,,,
sample,432,drone,10.797184,6.083495,-3.051090,1.286698,0.537070,0.897004,0.194132,0.129668,1.167363,0.211717,1.031305,,,,,
sample,433,drone,10.822177,6.096959,-3.028306,1.291616,0.540286,0.925988,0.199386,0.127666,1.151972,0.208678,1.042620,,,,,
sample,434,drone,10.847171,6.110502,-3.004803,1.296665,0.543452,0.954587,0.204564,0.125664,1.136581,0.205639,1.053252,,,,,
sample,435,drone,10.872164,6.124124,-2.980590,1.301842,0.546567,0.982802,0.209665,0.123662,1.121190,0.202600,1.063258,,,,,
sample,436,drone,10.897158,6.137823,-2.955676,1.307145,0.549633,1.010632,0.214691,0.121660,1.105798,0.199561,1.072686,,,,,
sample,437,drone,10.922151,6.151599,-2.930071,1.312574,0.552649,1.038077,0.219641,0.119658,1.090407,0.196522,1.081584,,,,,
sample,438,drone,10.947144,6.165449,-2.903785,1.318125,0.555614,1.065138,0.224515,0.117657,1.075016,0.193483,1.089990,,,,,
sample,439,drone,10.972138,6.179372,-2.876828,1.323796,0.558530,1.091814,0.229312,0.115655,1.059625,0.190444,1.097942,,,,,
sample,440,drone,10.997131,6.193368,-2.849209,1.329587,0.561396,1.118106,0.234034,0.113653,1.044233,0.187405,1.105474,,,,,
sample,441,drone,11.022125,6.207435,-2.820937,1.335495,0.564211,1.144012,0.238680,0.111651,1.028842,0.184366,1.112615,,,,,
sample,442,drone,11.047118,6.221571,-2.792023,1.341518,0.566977,1.169534,0.243250,0.109649,1.013451,0.181327,1.119392,,,,,
sample,443,drone,11.072112,6.235776,-2.762476,1.347654,0.569692,1.194672,0.247744,0.107647,0.998060,0.178288,1.125831,,,,,
sample,444,drone,11.097105,6.250048,-2.732305,1.353902,0.572358,1.219424,0.252162,0.105645,0.982668,0.175249,1.131954,,,,,
sample,445,drone,11.122099,6.264386,-2.701521,1.360259,0.574973,1.243792,0.256504,0.103643,0.967277,0.172210,1.137782,,,,,
sample,446,drone,11.147092,6.278789,-2.670132,1.366724,0.577538,1.267775,0.260771,0.101641,0.951886,0.169171,1.143334,,,,,
sample,447,drone,11.172086,6.293256,-2.638148,1.373294,0.580054,1.291374,0.264961,0.099639,0.936495,0.166132,1.148628,,,,,
sample,448,drone,11.197079,6.307784,-2.605580,1.379969,0.582519,1.314588,0.269075,0.097637,0.921103,0.163093,1.153679,,,,,
sample,449,drone,11.222073,6.322374,-2.572436,1.386745,0.584934,1.337417,0.273113,0.095635,0.905712,0.160054,1.158502,,,,,
sample,450,drone,11.247066,6.337024,-2.538727,1.393621,0.587300,1.359862,0.277076,0.093633,0.890321,0.157015,1.163111,,,,,
sample,451,drone,11.272060,6.351731,-2.504461,1.400595,0.589615,1.381922,0.280962,0.091632,0.874930,0.153976,1.167518,,,,,
sample,452,drone,11.297053,6.366497,-2.469648,1.407665,0.591880,1.403597,0.284772,0.089630,0.859538,0.150937,1.171734,,,,,
sample,453,drone,11.322047,6.381318,-2.434299,1.414830,0.594095,1.424887,0.288507,0.087628,0.844147,0.147898,1.175771,,,,,
sample,454,drone,11.347040,6.396194,-2.398423,1.422087,0.596260,1.445793,0.292165,0.085626,0.828756,0.144858,1.179637,,,,,
sample,455,drone,11.372034,6.411123,-2.362028,1.429434,0.598375,1.466314,0.295748,0.083624,0.813365,0.141819,1.183343,,,,,
sample,456,drone,11.397027,6.426105,-2.325126,1.436870,0.600440,1.486451,0.299254,0.081622,0.797973,0.138780,1.186896,,,,,
sample,457,drone,11.422021,6.441137,-2.287725,1.444393,0.602455,1.506203,0.302685,0.079620,0.782582,0.135741,1.190305,,,,,
sample,458,drone,11.447014,6.456219,-2.249836,1.452000,0.604420,1.525570,0.306040,0.077618,0.767191,0.132702,1.193576,,,,,
sample,459,drone,11.472008,6.471350,-2.211467,1.459691,0.606335,1.544552,0.309318,0.075616,0.751800,0.129663,1.196717,,,,,
sample,460,drone,11.497001,6.486528,-2.172628,1.467462,0.608200,1.563150,0.312521,0.073614,0.736408,0.126624,1.199734,,,,,
sample,461,drone,11.521995,6.501752,-2.133330,1.475313,0.610015,1.581363,0.315648,0.071612,0.721017,0.123585,1.202632,,,,,
sample,462,drone,11.546988,6.517021,-2.093581,1.483241,0.611780,1.599191,0.318699,0.069610,0.705626,0.120546,1.205418,,,,,
sample,463,drone,11.571981,6.532333,-2.053391,1.491244,0.613495,1.616635,0.321674,0.067608,0.690235,0.117507,1.208096,,,,,
sample,464,drone,11.596975,6.547688,-2.012770,1.499320,0.615159,1.633694,0.324573,0.065606,0.674843,0.114468,1.210672,,,,,
sample,465,drone,11.621968,6.563083,-1.971727,1.507468,0.616774,1.650368,0.327396,0.063605,0.659452,0.111429,1.213149,,,,,
sample,466,drone,11.646962,6.578519,-1.930273,1.515686,0.618339,1.666658,0.330143,0.061603,0.644061,0.108390,1.215533,,,,,
sample,467,drone,11.671955,6.593992,-1.888416,1.523971,0.619853,1.682563,0.332814,0.059601,0.628670,0.105351,1.217826,,,,,
sample,468,drone,11.696949,6.609503,-1.846167,1.532322,0.621318,1.698083,0.335409,0.057599,0.613278,0.102312,1.220033,,,,,
sample,469,drone,11.721942,6.625050,-1.803534,1.540737,0.622733,1.713219,0.337928,0.055597,0.597887,0.099273,1.222157,,,,,
sample,470,drone,11.746936,6.640632,-1.760528,1.549214,0.624097,1.727970,0.340371,0.053595,0.582496,0.096234,1.224202,,,,,
sample,471,drone,11.771929,6.656247,-1.717158,1.557751,0.625412,1.742336,0.342738,0.051593,0.567105,0.093195,1.226171,,,,,
sample,472,drone,11.796923,6.671894,-1.673434,1.566346,0.626676,1.756318,0.345030,0.049591,0.551713,0.090156,1.228065,,,,,
sample,473,drone,11.821916,6.687572,-1.629365,1.574998,0.627891,1.769915,0.347245,0.047589,0.536322,0.087117,1.229889,,,,,
sample,474,drone,11.846910,6.703280,-1.584961,1.583704,0.629055,1.783127,0.349384,0.045587,0.520931,0.084078,1.231645,,,,,
sample,475,drone,11.871903,6.719017,-1.540232,1.592463,0.630169,1.795954,0.351448,0.043585,0.505540,0.081039,1.233335,,,,,
sample,476,drone,11.896897,6.734781,-1.495187,1.601272,0.631234,1.808397,0.353435,0.041583,0.490148,0.077999,1.234962,,,,,
sample,477,drone,11.921890,6.750570,-1.449836,1.610130,0.632248,1.820455,0.355347,0.039581,0.474757,0.074960,1.236527,,,,,
sample,478,drone,11.946884,6.766385,-1.404188,1.619035,0.633212,1.832129,0.357182,0.037580,0.459366,0.071921,1.238033,,,,,
sample,479,drone,11.971877,6.782223,-1.358253,1.627984,0.634126,1.843418,0.358942,0.035578,0.443975,0.068882,1.239481,,,,,
sample,480,drone,11.996871,6.798083,-1.312041,1.636977,0.634991,1.854322,0.360626,0.033576,0.428583,0.065843,1.240874,,,,,
sample,481,drone,12.021864,6.813964,-1.265561,1.646011,0.635805,1.864841,0.362233,0.031574,0.413192,0.062804,1.242213,,,,,
sample,482,drone,12.046858,6.829865,-1.218824,1.655084,0.636569,1.874976,0.363765,0.029572,0.397801,0.059765,1.243499,,,,,
sample,483,drone,12.071851,6.845784,-1.171837,1.664194,0.637283,1.884726,0.365221,0.027570,0.382410,0.056726,1.244735,,,,,
sample,484,drone,12.096845,6.861721,-1.124612,1.673340,0.637947,1.894092,0.366600,0.025568,0.367018,0.053687,1.245921,,,,,
sample,485,drone,12.121838,6.877673,-1.077157,1.682520,0.638561,1.903072,0.367904,0.023566,0.351627,0.050648,1.247059,,,,,
sample,486,drone,12.146832,6.893640,-1.029483,1.691731,0.639125,1.911668,0.369132,0.021564,0.336236,0.047609,1.248150,,,,,
sample,487,drone,12.171825,6.909621,-0.981599,1.700971,0.639639,1.919880,0.370284,0.019562,0.320845,0.044570,1.249196,,,,,
sample,488,drone,12.196818,6.925614,-0.933514,1.710240,0.640103,1.927706,0.371360,0.017560,0.305453,0.041531,1.250198,,,,,
sample,489,drone,12.221812,6.941618,-0.885239,1.719535,0.640517,1.935148,0.372360,0.015558,0.290062,0.038492,1.251155,,,,,
sample,490,drone,12.246805,6.957631,-0.836782,1.728853,0.640881,1.942206,0.373284,0.013556,0.274671,0.035453,1.252071,,,,,
sample,491,drone,12.271799,6.973654,-0.788154,1.738194,0.641194,1.948878,0.374132,0.011554,0.259280,0.032414,1.252945,,,,,
sample,492,drone,12.296792,6.989683,-0.739363,1.747555,0.641458,1.955166,0.374904,0.009553,0.243888,0.029375,1.253778,,,,,
sample,493,drone,12.321786,7.005718,-0.690421,1.756934,0.641672,1.961070,0.375601,0.007551,0.228497,0.026336,1.254571,,,,,
sample,494,drone,12.346779,7.021758,-0.641335,1.766330,0.641836,1.966588,0.376221,0.005549,0.213106,0.023297,1.255326,,,,,
sample,495,drone,12.371773,7.037801,-0.592117,1.775740,0.641949,1.971722,0.376765,0.003547,0.197715,0.020258,1.256042,,,,,
sample,496,drone,12.396766,7.053847,-0.542775,1.785163,0.642013,1.976471,0.377234,0.001545,0.182323,0.017219,1.256720,,,,,
sample,497,drone,12.421760,7.069894,-0.493319,1.794597,0.642026,1.980836,0.377626,-0.000457,0.166932,0.014180,1.257362,,,,,
sample,498,drone,12.446753,7.085940,-0.443759,1.804040,0.641990,1.984816,0.377942,-0.002459,0.151541,0.011140,1.257966,,,,,
sample,499,drone,12.471747,7.101985,-0.394104,1.813489,0.641904,1.988411,0.378183,-0.004461,0.136150,0.008101,1.258535,,,,,
sample,500,drone,12.496740,7.118027,-0.344364,1.822944,0.641767,1.991622,0.378347,-0.006463,0.120758,0.005062,1.259069,,,,,
sample,501,drone,12.521734,7.134065,-0.294549,1.832402,0.641580,1.994447,0.378436,-0.008465,0.105367,0.002023,1.259567,,,,,
sample,502,drone,12.546727,7.150098,-0.244668,1.841861,0.641344,1.996889,0.378448,-0.010467,0.089976,-0.001016,1.260031,,,,,
sample,503,drone,12.571721,7.166124,-0.194731,1.851319,0.641057,1.998945,0.378385,-0.012469,0.074585,-0.004055,1.260461,,,,,
sample,504,drone,12.596714,7.182142,-0.144747,1.860775,0.640721,2.000617,0.378246,-0.014471,0.059194,-0.007094,1.260856,,,,,
sample,505,drone,12.621708,7.198151,-0.094726,1.870227,0.640334,2.001904,0.378030,-0.016472,0.043802,-0.010133,1.261218,,,,,
sample,506,drone,12.646701,7.214150,-0.044678,1.879672,0.639897,2.002806,0.377739,-0.018474,0.028411,-0.013172,1.261547,,,,,
sample,507,drone,12.671695,7.230138,0.005388,1.889109,0.639410,2.003324,0.377372,-0.020476,0.013020,-0.016211,1.261842,,,,,
sample,508,drone,12.696688,7.246113,0.055462,1.898535,0.638874,2.003457,0.376929,-0.022478,-0.002371,-0.019250,1.262105,,,,,
sample,509,drone,12.721682,7.262073,0.105535,1.907950,0.638287,2.003206,0.376410,-0.024480,-0.017763,-0.022289,1.262334,,,,,
sample,510,drone,12.746675,7.278019,0.155596,1.917351,0.637650,2.002569,0.375815,-0.026482,-0.033154,-0.025328,1.262531,,,,,
sample,511,drone,12.771669,7.293947,0.205637,1.926736,0.636963,2.001548,0.375144,-0.028484,-0.048545,-0.028367,1.262695,,,,,
sample,512,drone,12.796662,7.309858,0.255648,1.936103,0.636226,2.000143,0.374397,-0.030486,-0.063936,-0.031406,1.262827,,,,,
sample,513,drone,12.821656,7.325750,0.305618,1.945451,0.635439,1.998352,0.373574,-0.032488,-0.079328,-0.034445,1.262925,,,,,
sample,514,drone,12.846649,7.341622,0.355539,1.954777,0.634602,1.996177,0.372675,-0.034490,-0.094719,-0.037484,1.262992,,,,,
sample,515,drone,12.871642,7.357472,0.405401,1.964080,0.633715,1.993618,0.371700,-0.036492,-0.110110,-0.040523,1.263025,,,,,
sample,516,drone,12.896636,7.373300,0.455194,1.973357,0.632778,1.990673,0.370649,-0.038494,-0.125501,-0.043562,1.263025,,,,,
sample,517,drone,12.921629,7.389103,0.504909,1.982608,0.631791,1.987344,0.369523,-0.040496,-0.140893,-0.046601,1.262993,,,,,
sample,518,drone,12.946623,7.404881,0.554535,1.991829,0.630754,1.983630,0.368320,-0.042498,-0.156284,-0.049640,1.262927,,,,,
sample,519,drone,12.971616,7.420632,0.604064,2.001019,0.629667,1.979532,0.367041,-0.044499,-0.171675,-0.052679,1.262828,,,,,
sample,520,drone,12.996610,7.436356,0.653486,2.010176,0.628529,1.975049,0.365687,-0.046501,-0.187066,-0.055719,1.262695,,,,,
sample,521,drone,13.021603,7.452051,0.702791,2.019298,0.627342,1.970181,0.364256,-0.048503,-0.202458,-0.058758,1.262529,,,,,
sample,522,drone,13.046597,7.467715,0.751970,2.028384,0.626105,1.964929,0.362749,-0.050505,-0.217849,-0.061797,1.262328,,,,,
sample,523,drone,13.071590,7.483348,0.801012,2.037431,0.624818,1.959291,0.361167,-0.052507,-0.233240,-0.064836,1.262092,,,,,
sample,524,drone,13.096584,7.498948,0.849909,2.046438,0.623480,1.953270,0.359509,-0.054509,-0.248631,-0.067875,1.261821,,,,,
sample,525,drone,13.121577,7.514514,0.898650,2.055402,0.622093,1.946863,0.357774,-0.056511,-0.264023,-0.070914,1.261514,,,,,
sample,526,drone,13.146571,7.530044,0.947226,2.064322,0.620655,1.940072,0.355964,-0.058513,-0.279414,-0.073953,1.261172,,,,,
sample,527,drone,13.171564,7.545538,0.995628,2.073195,0.619168,1.932896,0.354077,-0.060515,-0.294805,-0.076992,1.260792,,,,,
sample,528,drone,13.196558,7.560995,1.043846,2.082021,0.617630,1.925336,0.352115,-0.062517,-0.310196,-0.080031,1.260376,,,,,
sample,529,drone,13.221551,7.576412,1.091870,2.090797,0.616043,1.917390,0.350077,-0.064519,-0.325588,-0.083070,1.259921,,,,,
sample,530,drone,13.246545,7.591789,1.139691,2.099520,0.614405,1.909060,0.347963,-0.066521,-0.340979,-0.086109,1.259428,,,,,
sample,531,drone,13.271538,7.607124,1.187298,2.108190,0.612718,1.900346,0.345773,-0.068523,-0.356370,-0.089148,1.258896,,,,,
sample,532,drone,13.296532,7.622417,1.234683,2.116804,0.610980,1.891247,0.343507,-0.070524,-0.371761,-0.092187,1.258323,,,,,
sample,533,drone,13.321525,7.637665,1.281836,2.125361,0.609192,1.881763,0.341164,-0.072526,-0.387153,-0.095226,1.257709,,,,,
sample,534,drone,13.346519,7.652868,1.328747,2.133858,0.607355,1.871894,0.338746,-0.074528,-0.402544,-0.098265,1.257053,,,,,
sample,535,drone,13.371512,7.668025,1.375406,2.142294,0.605467,1.861641,0.336253,-0.076530,-0.417935,-0.101304,1.256354,,,,,
sample,536,drone,13.396506,7.683134,1.421804,2.150666,0.603529,1.851003,0.333683,-0.078532,-0.433326,-0.104343,1.255610,,,,,
sample,537,drone,13.421499,7.698193,1.467932,2.158974,0.601541,1.839980,0.331037,-0.080534,-0.448718,-0.107382,1.254821,,,,,
sample,538,drone,13.446493,7.713203,1.513779,2.167214,0.599504,1.828573,0.328315,-0.082536,-0.464109,-0.110421,1.253986,,,,,
sample,539,drone,13.471486,7.728161,1.559337,2.175385,0.597416,1.816781,0.325517,-0.084538,-0.479500,-0.113460,1.253102,,,,,
sample,540,drone,13.496479,7.743066,1.604595,2.183485,0.595278,1.804604,0.322643,-0.086540,-0.494891,-0.116499,1.252169,,,,,
sample,541,drone,13.521473,7.757917,1.649544,2.191513,0.593090,1.792042,0.319694,-0.088542,-0.510283,-0.119538,1.251186,,,,,
sample,542,drone,13.546466,7.772713,1.694174,2.199466,0.590852,1.779096,0.316668,-0.090544,-0.525674,-0.122578,1.250149,,,,,
sample,543,drone,13.571460,7.787452,1.738475,2.207342,0.588564,1.765766,0.313566,-0.092546,-0.541065,-0.125617,1.249058,,,,,
sample,544,drone,13.596453,7.802133,1.782439,2.215140,0.586226,1.752050,0.310389,-0.094548,-0.556456,-0.128656,1.247911,,,,,
sample,545,drone,13.621447,7.816756,1.826055,2.222858,0.583838,1.737950,0.307135,-0.096550,-0.571848,-0.131695,1.246706,,,,,
sample,546,drone,13.646440,7.831317,1.869314,2.230493,0.581400,1.723465,0.303806,-0.098551,-0.587239,-0.134734,1.245441,,,,,
sample,547,drone,13.671434,7.845818,1.912206,2.238044,0.578911,1.708596,0.300400,-0.100553,-0.602630,-0.137773,1.244113,,,,,
sample,548,drone,13.696427,7.860256,1.954721,2.245509,0.576373,1.693342,0.296919,-0.102555,-0.618021,-0.140812,1.242721,,,,,
sample,549,drone,13.721421,7.874629,1.996851,2.252886,0.573785,1.677703,0.293362,-0.104557,-0.633413,-0.143851,1.241260,,,,,
sample,550,drone,13.746414,7.888937,2.038584,2.260173,0.571147,1.661679,0.289728,-0.106559,-0.648804,-0.146890,1.239730,,,,,
sample,551,drone,13.771408,7.903179,2.079913,2.267369,0.568458,1.645271,0.286019,-0.108561,-0.664195,-0.149929,1.238127,,,,,
sample,552,drone,13.796401,7.917353,2.120827,2.274471,0.565720,1.628478,0.282234,-0.110563,-0.679586,-0.152968,1.236447,,,,,
sample,553,drone,13.821395,7.931458,2.161316,2.281477,0.562932,1.611301,0.278373,-0.112565,-0.694978,-0.156007,1.234688,,,,,
sample,554,drone,13.846388,7.945492,2.201371,2.288386,0.560093,1.593738,0.274435,-0.114567,-0.710369,-0.159046,1.232845,,,,,
sample,555,drone,13.871382,7.959455,2.240982,2.295195,0.557205,1.575791,0.270422,-0.116569,-0.725760,-0.162085,1.230915,,,,,
sample,556,drone,13.896375,7.973345,2.280140,2.301903,0.554266,1.557460,0.266333,-0.118571,-0.741151,-0.165124,1.228894,,,,,
sample,557,drone,13.921369,7.987161,2.318834,2.308508,0.551278,1.538744,0.262168,-0.120573,-0.756543,-0.168163,1.226778,,,,,
sample,558,drone,13.946362,8.000902,2.357057,2.315008,0.548239,1.519643,0.257927,-0.122575,-0.771934,-0.171202,1.224560,,,,,
sample,559,drone,13.971356,8.014566,2.394797,2.321401,0.545151,1.500157,0.253610,-0.124576,-0.787325,-0.174241,1.222238,,,,,
sample,560,drone,13.996349,8.028152,2.432045,2.327685,0.542012,1.480287,0.249218,-0.126578,-0.802716,-0.177280,1.219804,,,,,
sample,561,drone,14.021343,8.041659,2.468792,2.333859,0.538823,1.460032,0.244749,-0.128580,-0.818108,-0.180319,1.217253,,,,,
sample,562,drone,14.046336,8.055086,2.505027,2.339920,0.535585,1.439392,0.240204,-0.130582,-0.833499,-0.183358,1.214578,,,,,
sample,563,drone,14.071330,8.068432,2.540743,2.345866,0.532296,1.418367,0.235583,-0.132584,-0.848890,-0.186397,1.211773,,,,,
sample,564,drone,14.096323,8.081694,2.575927,2.351696,0.528957,1.396958,0.230886,-0.134586,-0.864281,-0.189437,1.208830,,,,,
sample,565,drone,14.121316,8.094873,2.610572,2.357407,0.525569,1.375165,0.226114,-0.136588,-0.879673,-0.192476,1.205741,,,,,
sample,566,drone,14.146310,8.107966,2.644668,2.362998,0.522130,1.352986,0.221265,-0.138590,-0.895064,-0.195515,1.202496,,,,,
sample,567,drone,14.171303,8.120972,2.678204,2.368468,0.518641,1.330423,0.216341,-0.140592,-0.910455,-0.198554,1.199087,,,,,
sample,568,drone,14.196297,8.133891,2.711171,2.373813,0.515102,1.307475,0.211340,-0.142594,-0.925846,-0.201593,1.195502,,,,,
sample,569,drone,14.221290,8.146721,2.743561,2.379032,0.511513,1.284143,0.206264,-0.144596,-0.941237,-0.204632,1.191730,,,,,
sample,570,drone,14.246284,8.159460,2.775362,2.384123,0.507874,1.260426,0.201111,-0.146598,-0.956629,-0.207671,1.187759,,,,,
sample,571,drone,14.271277,8.172108,2.806566,2.389085,0.504185,1.236324,0.195883,-0.148600,-0.972020,-0.210710,1.183576,,,,,
sample,572,drone,14.296271,8.184663,2.837162,2.393915,0.500446,1.211837,0.190578,-0.150602,-0.987411,-0.213749,1.179164,,,,,
sample,573,drone,14.321264,8.197124,2.867142,2.398611,0.496657,1.186966,0.185198,-0.152603,-1.002802,-0.216788,1.174508,,,,,
sample,574,drone,14.346258,8.209489,2.896495,2.403172,0.492818,1.161710,0.179742,-0.154605,-1.018194,-0.219827,1.169589,,,,,
sample,575,drone,14.371251,8.221758,2.925212,2.407596,0.488929,1.136070,0.174210,-0.156607,-1.033585,-0.222866,1.164387,,,,,
sample,576,drone,14.396245,8.233929,2.953283,2.411880,0.484989,1.110045,0.168602,-0.158609,-1.048976,-0.225905,1.158881,,,,,
sample,577,drone,14.421238,8.246001,2.980700,2.416024,0.481000,1.083635,0.162917,-0.160611,-1.064367,-0.228944,1.153046,,,,,
sample,578,drone,14.446232,8.257973,3.007451,2.420024,0.476961,1.056840,0.157157,-0.162613,-1.079759,-0.231983,1.146855,,,,,
sample,579,drone,14.471225,8.269843,3.033528,2.423880,0.472872,1.029661,0.151321,-0.164615,-1.095150,-0.235022,1.140277,,,,,
sample,580,drone,14.496219,8.281610,3.058921,2.427588,0.468732,1.002097,0.145409,-0.166617,-1.110541,-0.238061,1.133279,,,,,
sample,581,drone,14.521212,8.293273,3.083620,2.431148,0.464543,0.974148,0.139421,-0.168619,-1.125932,-0.241100,1.125823,,,,,
sample,582,drone,14.546206,8.304831,3.107615,2.434558,0.460304,0.945815,0.133357,-0.170621,-1.141324,-0.244139,1.117866,,,,,
sample,583,drone,14.571199,8.316283,3.130898,2.437814,0.456014,0.917097,0.127218,-0.172623,-1.156715,-0.247178,1.109362,,,,,
sample,584,drone,14.596193,8.327626,3.153458,2.440917,0.451675,0.887994,0.121002,-0.174625,-1.172106,-0.250217,1.100256,,,,,
sample,585,drone,14.621186,8.338861,3.175286,2.443863,0.447285,0.858507,0.114710,-0.176627,-1.187497,-0.253256,1.090487,,,,,
sample,586,drone,14.646180,8.349985,3.196372,2.446651,0.442846,0.828635,0.108342,-0.178628,-1.202889,-0.256295,1.079987,,,,,
sample,587,drone,14.671173,8.360997,3.216707,2.449279,0.438356,0.798378,0.101898,-0.180630,-1.218280,-0.259335,1.068676,,,,,
sample,588,drone,14.696167,8.371897,3.236281,2.451744,0.433817,0.767737,0.095379,-0.182632,-1.233671,-0.262374,1.056465,,,,,
sample,589,drone,14.721160,8.382682,3.255084,2.454046,0.429227,0.736711,0.088783,-0.184634,-1.249062,-0.265413,1.043250,,,,,
sample,590,drone,14.746154,8.393352,3.273107,2.456182,0.424587,0.705300,0.082112,-0.186636,-1.264454,-0.268452,1.028911,,,,,
sample,591,drone,14.771147,8.403906,3.290340,2.458151,0.419898,0.673505,0.075364,-0.188638,-1.279845,-0.271491,1.013311,,,,,
sample,592,drone,14.796140,8.414342,3.306773,2.459950,0.415158,0.641324,0.068541,-0.190640,-1.295236,-0.274530,0.996290,,,,,
sample,593,drone,14.821134,8.424658,3.322398,2.461577,0.410368,0.608760,0.061641,-0.192642,-1.310627,-0.277569,0.977662,,,,,
sample,594,drone,14.846127,8.434855,3.337203,2.463031,0.405528,0.575810,0.054666,-0.194644,-1.326019,-0.280608,0.957208,,,,,
sample,595,drone,14.871121,8.444930,3.351181,2.464309,0.400638,0.542476,0.047614,-0.154848,-1.358651,-0.308085,0.934672,,,,,
sample,596,drone,14.896114,8.454882,3.364320,2.465411,0.397788,0.507895,0.039266,0.390068,-1.596497,-0.629583,0.906378,,,,,
sample,597,drone,14.921108,8.464814,3.376569,2.466272,0.420137,0.462672,0.016144,1.472205,-2.043296,-1.259914,0.833543,,,,,
sample,598,drone,14.946101,8.475883,3.387448,2.466218,0.471379,0.405757,-0.023714,2.148724,-2.306234,-1.646199,0.710724,,,,,
sample,599,drone,14.971095,8.488377,3.396851,2.465087,0.527545,0.347390,-0.066145,2.213842,-2.309233,-1.671789,0.582330,,,,,
sample,600,drone,14.996088,8.502253,3.404813,2.462911,0.582042,0.290326,-0.107281,2.147074,-2.257135,-1.619981,0.462691,,,,,
sample,601,drone,15.021082,8.517471,3.411364,2.459724,0.634871,0.234563,-0.147123,2.080306,-2.205037,-1.568172,0.353910,,,,,
sample,602,drone,15.046075,8.533989,3.416538,2.455557,0.686030,0.180103,-0.185669,2.013538,-2.152939,-1.516363,0.256735,,,,,
sample,603,drone,15.071069,8.551764,3.420367,2.450443,0.735521,0.126944,-0.222921,1.946770,-2.100842,-1.464555,0.170907,,,,,
sample,604,drone,15.096062,8.570755,3.422883,2.444414,0.783343,0.075088,-0.258878,1.880002,-2.048744,-1.412746,0.095564,,,,,
sample,605,drone,15.121056,8.590921,3.424120,2.437503,0.829497,0.024534,-0.293540,1.813234,-1.996646,-1.360937,0.029568,,,,,
sample,606,drone,15.146049,8.612219,3.424110,2.429741,0.873981,-0.024718,-0.326907,1.746466,-1.944549,-1.309129,-0.028275,,,,,
sample,607,drone,15.171043,8.634608,3.422885,2.421161,0.916797,-0.072668,-0.358979,1.679698,-1.892451,-1.257320,-0.079098,,,,,
sample,608,drone,15.196036,8.658047,3.420477,2.411797,0.957944,-0.119316,-0.389757,1.612930,-1.840353,-1.205511,-0.123916,,,,,
sample,609,drone,15.221030,8.682493,3.416920,2.401679,0.997423,-0.164662,-0.419239,1.546162,-1.788256,-1.153703,-0.163612,,,,,
sample,610,drone,15.246023,8.707905,3.412246,2.390840,1.035232,-0.208706,-0.447427,1.479394,-1.736158,-1.101894,-0.198936,,,,,
sample,611,drone,15.271017,8.734241,3.406488,2.379313,1.071373,-0.251447,-0.474320,1.412626,-1.684060,-1.050086,-0.230524,,,,,
sample,612,drone,15.296010,8.761460,3.399677,2.367130,1.105845,-0.292887,-0.499918,1.345858,-1.631962,-0.998277,-0.258909,,,,,
sample,613,drone,15.321004,8.789519,3.391847,2.354324,1.138649,-0.333024,-0.524221,1.279090,-1.579865,-0.946468,-0.284537,,,,,
sample,614,drone,15.345997,8.818377,3.383030,2.340926,1.169783,-0.371859,-0.547229,1.212322,-1.527767,-0.894660,-0.307786,,,,,
sample,615,drone,15.370991,8.847993,3.373259,2.326970,1.199249,-0.409393,-0.568942,1.145554,-1.475669,-0.842851,-0.328970,,,,,
sample,616,drone,15.395984,8.878324,3.362566,2.312486,1.227046,-0.445624,-0.589360,1.078786,-1.423572,-0.791042,-0.348357,,,,,
sample,617,drone,15.420977,8.909329,3.350984,2.297509,1.253174,-0.480553,-0.608484,1.012019,-1.371474,-0.739234,-0.366174,,,,,
sample,618,drone,15.445971,8.940967,3.338545,2.282070,1.277634,-0.514180,-0.626312,0.945251,-1.319376,-0.687425,-0.382614,,,,,
sample,619,drone,15.470964,8.973194,3.325281,2.266202,1.300424,-0.546504,-0.642846,0.878483,-1.267279,-0.635616,-0.397841,,,,,
sample,620,drone,15.495958,9.005971,3.311227,2.249936,1.321546,-0.577527,-0.658085,0.811715,-1.215181,-0.583808,-0.411998,,,,,
sample,621,drone,15.520951,9.039254,3.296413,2.233306,1.341000,-0.607247,-0.672029,0.744947,-1.163083,-0.531999,-0.425207,,,,,
sample,622,drone,15.545945,9.073003,3.280872,2.216344,1.358784,-0.635666,-0.684678,0.678179,-1.110985,-0.480190,-0.437574,,,,,
sample,623,drone,15.570938,9.107176,3.264638,2.199081,1.374900,-0.662782,-0.696032,0.611411,-1.058888,-0.428382,-0.449192,,,,,
sample,624,drone,15.595932,9.141730,3.247742,2.181551,1.389347,-0.688597,-0.706091,0.544643,-1.006790,-0.376573,-0.460142,,,,,
sample,625,drone,15.620925,9.176625,3.230217,2.163786,1.402125,-0.713109,-0.714856,0.477875,-0.954692,-0.324764,-0.470497,,,,,
sample,626,drone,15.645919,9.211818,3.212095,2.145818,1.413234,-0.736319,-0.722325,0.411107,-0.902595,-0.272956,-0.480319,,,,,
sample,627,drone,15.670912,9.247268,3.193410,2.127679,1.422675,-0.758227,-0.728500,0.344339,-0.850497,-0.221147,-0.489665,,,,,
sample,628,drone,15.695906,9.282933,3.174194,2.109402,1.430447,-0.778832,-0.733380,0.277571,-0.798399,-0.169338,-0.498586,,,,,
sample,629,drone,15.720899,9.318772,3.154479,2.091020,1.436550,-0.798136,-0.736965,0.210803,-0.746302,-0.117530,-0.507127,,,,,
sample,630,drone,15.745893,9.354742,3.134298,2.072564,1.440984,-0.816138,-0.739255,0.144035,-0.694204,-0.065721,-0.515328,,,,,
sample,631,drone,15.770886,9.390802,3.113683,2.054066,1.443749,-0.832837,-0.740250,0.077267,-0.642106,-0.013912,-0.523229,,,,,
sample,632,drone,15.795880,9.426911,3.092667,2.035561,1.444846,-0.848235,-0.739950,0.010499,-0.590008,0.037896,-0.530862,,,,,
sample,633,drone,15.820873,9.463026,3.071282,2.017079,1.444274,-0.862330,-0.738355,-0.056269,-0.537911,0.089705,-0.538261,,,,,
sample,634,drone,15.845867,9.499106,3.049561,1.998653,1.442034,-0.875123,-0.735466,-0.123037,-0.485813,0.141514,-0.545454,,,,,
sample,635,drone,15.870860,9.535109,3.027537,1.980315,1.438124,-0.886614,-0.731282,-0.189805,-0.433715,0.193322,-0.552469,,,,,
sample,636,drone,15.895854,9.570993,3.005242,1.962098,1.432546,-0.896803,-0.725802,-0.256573,-0.381618,0.245131,-0.559333,,,,,
sample,637,drone,15.920847,9.606717,2.982709,1.944034,1.425299,-0.905690,-0.719028,-0.323341,-0.329520,0.296940,-0.566071,,,,,
sample,638,drone,15.945841,9.642240,2.959970,1.926156,1.416383,-0.913275,-0.710959,-0.390109,-0.277422,0.348748,-0.572707,,,,,
sample,639,drone,15.970834,9.677518,2.937057,1.908496,1.405798,-0.919558,-0.701595,-0.456877,-0.225325,0.400557,-0.579265,,,,,
sample,640,drone,15.995828,9.712511,2.914004,1.891085,1.393545,-0.924538,-0.690937,-0.523645,-0.173227,0.452366,-0.585768,,,,,
sample,641,drone,16.020821,9.747177,2.890842,1.873958,1.379623,-0.928217,-0.678983,-0.590413,-0.121129,0.504174,-0.592240,,,,,
sample,642,drone,16.045814,9.781474,2.867605,1.857145,1.364032,-0.930593,-0.665735,-0.657181,-0.069031,0.555983,-0.598705,,,,,
sample,643,drone,16.070808,9.815361,2.844325,1.840680,1.346773,-0.931668,-0.651191,-0.723949,-0.016934,0.607791,-0.605186,,,,,
sample,644,drone,16.095801,9.848795,2.821034,1.824594,1.327844,-0.931440,-0.635353,-0.790717,0.035164,0.659600,-0.611710,,,,,
sample,645,drone,16.120795,9.881736,2.797765,1.808920,1.307247,-0.929910,-0.618220,-0.857484,0.087262,0.711409,-0.618303,,,,,
sample,646,drone,16.145788,9.914141,2.774550,1.793691,1.284981,-0.927078,-0.599792,-0.924252,0.139359,0.763217,-0.624992,,,,,
sample,647,drone,16.170782,9.945968,2.751423,1.778939,1.261046,-0.922944,-0.580069,-0.991020,0.191457,0.815026,-0.631808,,,,,
sample,648,drone,16.195775,9.977177,2.728415,1.764695,1.235443,-0.917507,-0.559051,-1.057788,0.243555,0.866835,-0.638783,,,,,
sample,649,drone,16.220769,10.007724,2.705559,1.750993,1.208171,-0.910769,-0.536738,-1.124556,0.295652,0.918643,-0.645955,,,,,
sample,650,drone,16.245762,10.037569,2.682889,1.737865,1.179230,-0.902729,-0.513131,-1.191324,0.347750,0.970452,-0.653363,,,,,
sample,651,drone,16.270756,10.066670,2.660435,1.725343,1.148620,-0.893386,-0.488228,-1.258092,0.399848,1.022261,-0.661051,,,,,
sample,652,drone,16.295749,10.094985,2.638231,1.713460,1.116342,-0.882741,-0.462031,-1.324860,0.451946,1.074069,-0.669072,,,,,
sample,653,drone,16.320743,10.122473,2.616309,1.702248,1.082394,-0.870795,-0.434539,-1.391628,0.504043,1.125878,-0.677484,,,,,
sample,654,drone,16.345736,10.149091,2.594703,1.691739,1.046778,-0.857546,-0.405752,-1.458396,0.556141,1.177687,-0.686353,,,,,
sample,655,drone,16.370730,10.174798,2.573443,1.681966,1.009494,-0.842995,-0.375670,-1.525164,0.608239,1.229495,-0.695761,,,,,
sample,656,drone,16.395723,10.199553,2.552564,1.672960,0.970540,-0.827142,-0.344293,-1.591932,0.660336,1.281304,-0.705798,,,,,
sample,657,drone,16.420717,10.223312,2.532097,1.664755,0.929918,-0.809987,-0.311622,-1.658700,0.712434,1.333113,-0.716577,,,,,
sample,658,drone,16.445710,10.246036,2.512075,1.657383,0.887627,-0.791529,-0.277655,-1.725468,0.764532,1.384921,-0.728231,,,,,
sample,659,drone,16.470704,10.267682,2.492531,1.650876,0.843667,-0.771770,-0.242393,-1.792236,0.816629,1.436730,-0.740921,,,,,
sample,660,drone,16.495697,10.288209,2.473497,1.645267,0.798038,-0.750709,-0.205837,-1.859004,0.868727,1.488539,-0.754848,,,,,
sample,661,drone,16.520691,10.307574,2.455005,1.640587,0.750741,-0.728345,-0.167986,-1.925772,0.920825,1.540347,-0.770258,,,,,
sample,662,drone,16.545684,10.325736,2.437089,1.636870,0.701775,-0.704679,-0.128840,-1.992540,0.972923,1.592156,-0.787463,,,,,
sample,663,drone,16.570678,10.342653,2.419780,1.634147,0.651140,-0.679712,-0.088399,-2.059308,1.025020,1.643965,-0.806864,,,,,
sample,664,drone,16.595671,10.358284,2.403112,1.632451,0.598836,-0.653442,-0.046663,-2.126076,1.077118,1.695773,-0.828976,,,,,
sample,665,drone,16.620665,10.372587,2.387117,1.631814,0.544864,-0.625870,-0.003632,-2.192844,1.129216,1.747582,-0.854481,,,,,
sample,666,drone,16.645658,10.385520,2.371827,1.632269,0.489223,-0.596996,0.040693,-2.243106,1.165705,1.793256,-0.884293,,,,,
sample,667,drone,16.670652,10.397042,2.357275,1.633848,0.432738,-0.567600,0.086007,-1.792534,0.730138,1.650162,-0.919407,,,,,
sample,668,drone,16.695645,10.407152,2.343454,1.636569,0.399619,-0.560498,0.123180,-0.639137,-0.362804,1.233661,-0.951418,,,,,
sample,669,drone,16.720638,10.417018,2.329257,1.640006,0.400789,-0.585735,0.147674,0.262801,-1.207478,0.893014,-0.970719,,,,,
sample,670,drone,16.745632,10.427186,2.314175,1.643950,0.412756,-0.620856,0.167819,0.474160,-1.393671,0.799896,-0.984075,,,,,
sample,671,drone,16.770625,10.437650,2.298222,1.648395,0.424491,-0.655401,0.187658,0.464896,-1.370579,0.787683,-0.996052,,,,,
sample,672,drone,16.795619,10.448405,2.281414,1.653331,0.435995,-0.689368,0.207193,0.455632,-1.347486,0.775469,-1.006853,,,,,
sample,673,drone,16.820612,10.459444,2.263763,1.658751,0.447267,-0.722757,0.226422,0.446368,-1.324393,0.763255,-1.016643,,,,,
sample,674,drone,16.845606,10.470762,2.245285,1.664649,0.458307,-0.755570,0.245345,0.437104,-1.301301,0.751041,-1.025559,,,,,
sample,675,drone,16.870599,10.482354,2.225994,1.671016,0.469116,-0.787805,0.263964,0.427840,-1.278208,0.738827,-1.033713,,,,,
sample,676,drone,16.895593,10.494212,2.205905,1.677844,0.479694,-0.819464,0.282277,0.418576,-1.255115,0.726613,-1.041200,,,,,
sample,677,drone,16.920586,10.506332,2.185032,1.685126,0.490040,-0.850545,0.300285,0.409312,-1.232022,0.714399,-1.048100,,,,,
sample,678,drone,16.945580,10.518708,2.163389,1.692854,0.500154,-0.881049,0.317988,0.400048,-1.208930,0.702185,-1.054480,,,,,
sample,679,drone,16.970573,10.531333,2.140991,1.701021,0.510037,-0.910976,0.335385,0.390784,-1.185837,0.689971,-1.060400,,,,,
sample,680,drone,16.995567,10.544203,2.117852,1.709619,0.519688,-0.940325,0.352477,0.381520,-1.162744,0.677757,-1.065907,,,,,
sample,681,drone,17.020560,10.557311,2.093987,1.718640,0.529108,-0.969098,0.369264,0.372256,-1.139652,0.665543,-1.071045,,,,,
sample,682,drone,17.045554,10.570651,2.069410,1.728077,0.538296,-0.997293,0.385746,0.362992,-1.116559,0.653329,-1.075851,,,,,
sample,683,drone,17.070547,10.584219,2.044135,1.737922,0.547253,-1.024911,0.401922,0.353728,-1.093466,0.641115,-1.080358,,,,,
sample,684,drone,17.095541,10.598007,2.018178,1.748168,0.555978,-1.051952,0.417793,0.344464,-1.070374,0.628901,-1.084594,,,,,
sample,685,drone,17.120534,10.612010,1.991551,1.758807,0.564471,-1.078416,0.433359,0.335199,-1.047281,0.616688,-1.088584,,,,,
sample,686,drone,17.145528,10.626223,1.964271,1.769830,0.572733,-1.104302,0.448620,0.325935,-1.024188,0.604474,-1.092350,,,,,
sample,687,drone,17.170521,10.640640,1.936351,1.781232,0.580764,-1.129612,0.463575,0.316671,-1.001096,0.592260,-1.095911,,,,,
sample,688,drone,17.195515,10.655254,1.907805,1.793003,0.588563,-1.154344,0.478225,0.307407,-0.978003,0.580046,-1.099286,,,,,
sample,689,drone,17.220508,10.670060,1.878649,1.805137,0.596130,-1.178499,0.492570,0.298143,-0.954910,0.567832,-1.102489,,,,,
sample,690,drone,17.245502,10.685052,1.848895,1.817625,0.603466,-1.202077,0.506609,0.288879,-0.931817,0.555618,-1.105534,,,,,
sample,691,drone,17.270495,10.700225,1.818560,1.830461,0.610570,-1.225078,0.520343,0.279615,-0.908725,0.543404,-1.108435,,,,,
sample,692,drone,17.295489,10.715573,1.787658,1.843636,0.617443,-1.247501,0.533772,0.270351,-0.885632,0.531190,-1.111202,,,,,
sample,693,drone,17.320482,10.731090,1.756202,1.857142,0.624084,-1.269348,0.546896,0.261087,-0.862539,0.518976,-1.113845,,,,,
sample,694,drone,17.345475,10.746769,1.724207,1.870973,0.630494,-1.290617,0.559714,0.251823,-0.839447,0.506762,-1.116374,,,,,
sample,695,drone,17.370469,10.762606,1.691687,1.885121,0.636672,-1.311309,0.572227,0.242559,-0.816354,0.494548,-1.118796,,,,,
sample,696,drone,17.395462,10.778594,1.658658,1.899577,0.642619,-1.331424,0.584435,0.233295,-0.793261,0.482334,-1.121121,,,,,
sample,697,drone,17.420456,10.794729,1.625134,1.914335,0.648334,-1.350962,0.596338,0.224031,-0.770169,0.470120,-1.123353,,,,,
sample,698,drone,17.445449,10.811003,1.591128,1.929386,0.653817,-1.369923,0.607935,0.214767,-0.747076,0.457906,-1.125501,,,,,
sample,699,drone,17.470443,10.827411,1.556655,1.944724,0.659069,-1.388306,0.619227,0.205503,-0.723983,0.445692,-1.127569,,,,,
sample,700,drone,17.495436,10.843948,1.521731,1.960340,0.664090,-1.406112,0.630214,0.196238,-0.700890,0.433479,-1.129563,,,,,
sample,701,drone,17.520430,10.860607,1.486368,1.976226,0.668879,-1.423341,0.640895,0.186974,-0.677798,0.421265,-1.131488,,,,,
sample,702,drone,17.545423,10.877383,1.450582,1.992376,0.673436,-1.439993,0.651272,0.177710,-0.654705,0.409051,-1.133349,,,,,
sample,703,drone,17.570417,10.894270,1.414387,2.008781,0.677762,-1.456068,0.661343,0.168446,-0.631612,0.396837,-1.135149,,,,,
sample,704,drone,17.595410,10.911262,1.377798,2.025434,0.681856,-1.471566,0.671108,0.159182,-0.608520,0.384623,-1.136893,,,,,
sample,705,drone,17.620404,10.928354,1.340828,2.042328,0.685719,-1.486486,0.680569,0.149918,-0.585427,0.372409,-1.138583,,,,,
sample,706,drone,17.645397,10.945539,1.303493,2.059454,0.689350,-1.500829,0.689724,0.140654,-0.562334,0.360195,-1.140225,,,,,
sample,707,drone,17.670391,10.962812,1.265806,2.076805,0.692750,-1.514596,0.698574,0.131390,-0.539242,0.347981,-1.141820,,,,,
sample,708,drone,17.695384,10.980168,1.227783,2.094374,0.695918,-1.527785,0.707118,0.122126,-0.516149,0.335767,-1.143371,,,,,
sample,709,drone,17.720378,10.997599,1.189437,2.112152,0.698855,-1.540396,0.715358,0.112862,-0.493056,0.323553,-1.144882,,,,,
sample,710,drone,17.745371,11.015101,1.150783,2.130132,0.701560,-1.552431,0.723292,0.103598,-0.469963,0.311339,-1.146355,,,,,
sample,711,drone,17.770365,11.032668,1.111836,2.148307,0.704033,-1.563888,0.730921,0.094334,-0.446871,0.299125,-1.147792,,,,,
sample,712,drone,17.795358,11.050294,1.072609,2.166669,0.706275,-1.574769,0.738244,0.085070,-0.423778,0.286911,-1.149195,,,,,
sample,713,drone,17.820352,11.067972,1.033118,2.185210,0.708286,-1.585072,0.745262,0.075806,-0.400685,0.274697,-1.150567,,,,,
sample,714,drone,17.845345,11.085699,0.993376,2.203922,0.710064,-1.594798,0.751975,0.066542,-0.377593,0.262484,-1.151910,,,,,
sample,715,drone,17.870339,11.103466,0.953399,2.222799,0.711612,-1.603946,0.758383,0.057277,-0.354500,0.250270,-1.153225,,,,,
sample,716,drone,17.895332,11.121270,0.913200,2.241831,0.712928,-1.612518,0.764486,0.048013,-0.331407,0.238056,-1.154514,,,,,
sample,717,drone,17.920326,11.139104,0.872794,2.261013,0.714012,-1.620512,0.770283,0.038749,-0.308315,0.225842,-1.155780,,,,,
sample,718,drone,17.945319,11.156961,0.832195,2.280335,0.714865,-1.627930,0.775775,0.029485,-0.285222,0.213628,-1.157023,,,,,
sample,719,drone,17.970312,11.174837,0.791418,2.299791,0.715486,-1.634770,0.780961,0.020221,-0.262129,0.201414,-1.158245,,,,,
sample,720,drone,17.995306,11.192726,0.750478,2.319373,0.715875,-1.641033,0.785843,0.010957,-0.239037,0.189200,-1.159448,,,,,
sample,721,drone,18.020299,11.210622,0.709388,2.339073,0.716033,-1.646719,0.790419,0.001693,-0.215944,0.176986,-1.160634,,,,,
sample,722,drone,18.045293,11.228519,0.668164,2.358884,0.715960,-1.651827,0.794690,-0.007571,-0.192851,0.164772,-1.161803,,,,,
sample,723,drone,18.070286,11.246411,0.626818,2.378798,0.715655,-1.656359,0.798655,-0.016835,-0.169758,0.152558,-1.162957,,,,,
sample,724,drone,18.095280,11.264292,0.585367,2.398806,0.715118,-1.660313,0.802316,-0.026099,-0.146666,0.140344,-1.164097,,,,,
sample,725,drone,18.120273,11.282157,0.543824,2.418903,0.714350,-1.663690,0.805671,-0.035363,-0.123573,0.128130,-1.165224,,,,,
sample,726,drone,18.145267,11.300000,0.502204,2.439079,0.713351,-1.666490,0.808721,-0.044627,-0.100480,0.115916,-1.166340,,,,,
sample,727,drone,18.170260,11.317815,0.460522,2.459328,0.712120,-1.668713,0.811465,-0.053891,-0.077388,0.103702,-1.167446,,,,,
sample,728,drone,18.195254,11.335597,0.418791,2.479642,0.710657,-1.670358,0.813904,-0.063155,-0.054295,0.091488,-1.168543,,,,,
sample,729,drone,18.220247,11.353339,0.377026,2.500013,0.708963,-1.671427,0.816038,-0.072419,-0.031202,0.079275,-1.169632,,,,,
sample,730,drone,18.245241,11.371036,0.335241,2.520433,0.707037,-1.671918,0.817867,-0.081684,-0.008110,0.067061,-1.170715,,,,,
sample,731,drone,18.270234,11.388682,0.293451,2.540896,0.704880,-1.671832,0.819391,-0.090948,0.014983,0.054847,-1.171791,,,,,
sample,732,drone,18.295228,11.406271,0.251671,2.561392,0.702491,-1.671169,0.820609,-0.100212,0.038076,0.042633,-1.172863,,,,,
sample,733,drone,18.320221,11.423797,0.209915,2.581915,0.699870,-1.669929,0.821522,-0.109476,0.061169,0.030419,-1.173932,,,,,
sample,734,drone,18.345215,11.441255,0.168197,2.602458,0.697018,-1.668111,0.822129,-0.118740,0.084261,0.018205,-1.174998,,,,,
sample,735,drone,18.370208,11.458639,0.126531,2.623011,0.693935,-1.665717,0.822432,-0.128004,0.107354,0.005991,-1.176063,,,,,
sample,736,drone,18.395202,11.475943,0.084932,2.643568,0.690620,-1.662745,0.822429,-0.137268,0.130447,-0.006223,-1.177128,,,,,
sample,737,drone,18.420195,11.493161,0.043415,2.664122,0.687073,-1.659196,0.822121,-0.146532,0.153539,-0.018437,-1.178194,,,,,
sample,738,drone,18.445189,11.510287,0.001994,2.684664,0.683295,-1.655070,0.821507,-0.155796,0.176632,-0.030651,-1.179262,,,,,
sample,739,drone,18.470182,11.527317,-0.039317,2.705186,0.679285,-1.650367,0.820588,-0.165060,0.199725,-0.042865,-1.180333,,,,,
sample,740,drone,18.495176,11.544243,-0.080503,2.725682,0.675044,-1.645087,0.819364,-0.174324,0.222817,-0.055079,-1.181408,,,,,
sample,741,drone,18.520169,11.561060,-0.121549,2.746144,0.670571,-1.639229,0.817835,-0.183588,0.245910,-0.067293,-1.182489,,,,,
sample,742,drone,18.545163,11.577763,-0.162443,2.766564,0.665867,-1.632794,0.816001,-0.192852,0.269003,-0.079507,-1.183577,,,,,
sample,743,drone,18.570156,11.594345,-0.203168,2.786933,0.660931,-1.625782,0.813861,-0.202116,0.292096,-0.091720,-1.184672,,,,,
sample,744,drone,18.595150,11.610801,-0.243711,2.807246,0.655764,-1.618193,0.811416,-0.211380,0.315188,-0.103934,-1.185777,,,,,
sample,745,drone,18.620143,11.627124,-0.284056,2.827494,0.650365,-1.610027,0.808666,-0.220644,0.338281,-0.116148,-1.186892,,,,,
sample,746,drone,18.645136,11.643310,-0.324191,2.847669,0.644735,-1.601284,0.805610,-0.229909,0.361374,-0.128362,-1.188019,,,,,
sample,747,drone,18.670130,11.659353,-0.364100,2.867764,0.638873,-1.591963,0.802249,-0.239173,0.384466,-0.140576,-1.189160,,,,,
sample,748,drone,18.695123,11.675246,-0.403768,2.887771,0.632779,-1.582065,0.798583,-0.248437,0.407559,-0.152790,-1.190316,,,,,
sample,749,drone,18.720117,11.690983,-0.443182,2.907682,0.626454,-1.571590,0.794612,-0.257701,0.430652,-0.165004,-1.191487,,,,,
sample,750,drone,18.745110,11.706560,-0.482327,2.927491,0.619897,-1.560538,0.790335,-0.266965,0.453744,-0.177218,-1.192677,,,,,
sample,751,drone,18.770104,11.721970,-0.521189,2.947189,0.613109,-1.548909,0.785753,-0.276229,0.476837,-0.189432,-1.193887,,,,,
sample,752,drone,18.795097,11.737208,-0.559753,2.966768,0.606090,-1.536703,0.780866,-0.285493,0.499930,-0.201646,-1.195119,,,,,
sample,753,drone,18.820091,11.752267,-0.598004,2.986222,0.598838,-1.523919,0.775673,-0.294757,0.523022,-0.213860,-1.196374,,,,,
sample,754,drone,18.845084,11.767142,-0.635929,3.005542,0.591356,-1.510558,0.770176,-0.304021,0.546115,-0.226074,-1.197655,,,,,
sample,755,drone,18.870078,11.781827,-0.673512,3.024721,0.583641,-1.496620,0.764373,-0.313285,0.569208,-0.238288,-1.198964,,,,,
sample,756,drone,18.895071,11.796316,-0.710740,3.043751,0.575695,-1.482105,0.758264,-0.322549,0.592301,-0.250502,-1.200303,,,,,
sample,757,drone,18.920065,11.810604,-0.747598,3.062624,0.567518,-1.467013,0.751851,-0.331813,0.615393,-0.262715,-1.201675,,,,,
sample,758,drone,18.945058,11.824685,-0.784072,3.081333,0.559109,-1.451344,0.745132,-0.341077,0.638486,-0.274929,-1.203082,,,,,
sample,759,drone,18.970052,11.838552,-0.820146,3.099871,0.550469,-1.435097,0.738108,-0.350341,0.661579,-0.287143,-1.204528,,,,,
sample,760,drone,18.995045,11.852201,-0.855808,3.118229,0.541597,-1.418273,0.730779,-0.359605,0.684671,-0.299357,-1.206016,,,,,
sample,761,drone,19.020039,11.865625,-0.891042,3.136400,0.532493,-1.400873,0.723144,-0.368870,0.707764,-0.311571,-1.207549,,,,,
sample,762,drone,19.045032,11.878819,-0.925833,3.154377,0.523158,-1.382894,0.715204,-0.378134,0.730857,-0.323785,-1.209130,,,,,
sample,763,drone,19.070026,11.891776,-0.960168,3.172151,0.513591,-1.364339,0.706959,-0.387398,0.753949,-0.335999,-1.210764,,,,,
sample,764,drone,19.095019,11.904492,-0.994032,3.189716,0.503793,-1.345207,0.698409,-0.396662,0.777042,-0.348213,-1.212456,,,,,
sample,765,drone,19.120013,11.916959,-1.027411,3.207062,0.493763,-1.325497,0.689553,-0.405926,0.800135,-0.360427,-1.214209,,,,,
sample,766,drone,19.145006,11.929173,-1.060290,3.224184,0.483502,-1.305211,0.680392,-0.415190,0.823228,-0.372641,-1.216029,,,,,
sample,767,drone,19.170000,11.941128,-1.092655,3.241073,0.473009,-1.284347,0.670926,-0.424454,0.846320,-0.384855,-1.217923,,,,,
sample,768,drone,19.194993,11.952818,-1.124491,3.257722,0.462285,-1.262906,0.661154,-0.433718,0.869413,-0.397069,-1.219896,,,,,
sample,769,drone,19.219987,11.964236,-1.155783,3.274122,0.451329,-1.240887,0.651077,-0.442982,0.892506,-0.409283,-1.221956,,,,,
sample,770,drone,19.244980,11.975378,-1.186519,3.290267,0.440142,-1.218292,0.640695,-0.452246,0.915598,-0.421497,-1.224110,,,,,
sample,771,drone,19.269973,11.986238,-1.216682,3.306149,0.428723,-1.195119,0.630008,-0.461510,0.938691,-0.433711,-1.226367,,,,,
sample,772,drone,19.294967,11.996809,-1.246259,3.321759,0.417072,-1.171370,0.619015,-0.470774,0.961784,-0.445924,-1.228737,,,,,
sample,773,drone,19.319960,12.007086,-1.275235,3.337091,0.405190,-1.147043,0.607718,-0.480038,0.984876,-0.458138,-1.231231,,,,,
sample,774,drone,19.344954,12.017063,-1.303596,3.352137,0.393076,-1.122139,0.596115,-0.489302,1.007969,-0.470352,-1.233861,,,,,
sample,775,drone,19.369947,12.026734,-1.331328,3.366889,0.380731,-1.096657,0.584206,-0.498566,1.031062,-0.482566,-1.236641,,,,,
sample,776,drone,19.394941,12.036094,-1.358415,3.381340,0.368155,-1.070599,0.571993,-0.507831,1.054155,-0.494780,-1.239586,,,,,
sample,777,drone,19.419934,12.045137,-1.384844,3.395482,0.355346,-1.043963,0.559474,-0.517095,1.077247,-0.506994,-1.242715,,,,,
sample,778,drone,19.444928,12.053857,-1.410599,3.409306,0.342307,-1.016751,0.546649,-0.526359,1.100340,-0.519208,-1.246048,,,,,
sample,779,drone,19.469921,12.062248,-1.435668,3.422807,0.329035,-0.988961,0.533520,-0.535623,1.123433,-0.531422,-1.249608,,,,,
sample,780,drone,19.494915,12.070305,-1.460035,3.435975,0.315533,-0.960594,0.520085,-0.544887,1.146525,-0.543636,-1.253423,,,,,
sample,781,drone,19.519908,12.078021,-1.483685,3.448804,0.301798,-0.931649,0.506345,-0.554151,1.169618,-0.555850,-1.257524,,,,,
sample,782,drone,19.544902,12.085391,-1.506605,3.461286,0.287832,-0.902128,0.492300,-0.563415,1.192711,-0.568064,-1.261947,,,,,
sample,783,drone,19.569895,12.092409,-1.528780,3.473413,0.273635,-0.872029,0.477949,-0.572679,1.215803,-0.580278,-1.266736,,,,,
sample,784,drone,19.594889,12.099069,-1.550195,3.485177,0.259206,-0.841354,0.463294,-0.581943,1.238896,-0.592492,-1.271942,,,,,
sample,785,drone,19.619882,12.105365,-1.570836,3.496572,0.244545,-0.810101,0.448333,-0.591207,1.261989,-0.604706,-1.277625,,,,,
sample,786,drone,19.644876,12.111293,-1.590690,3.507588,0.229653,-0.778271,0.433066,-0.600471,1.285081,-0.616919,-1.283858,,,,,
sample,787,drone,19.669869,12.116845,-1.609740,3.518219,0.214529,-0.745864,0.417495,-0.609735,1.308174,-0.629133,-1.290730,,,,,
sample,788,drone,19.694863,12.122017,-1.627973,3.528457,0.199174,-0.712879,0.401618,-0.618999,1.331267,-0.641347,-1.298349,,,,,
sample,789,drone,19.719856,12.126801,-1.645375,3.538295,0.183588,-0.679318,0.385436,-0.628263,1.354360,-0.653561,-1.306849,,,,,
sample,790,drone,19.744850,12.131194,-1.661930,3.547724,0.167769,-0.645179,0.368948,-0.637527,1.377452,-0.665775,-1.316395,,,,,
sample,791,drone,19.769843,12.135188,-1.677625,3.556737,0.151719,-0.610463,0.352156,-0.646792,1.400545,-0.677989,-1.327200,,,,,
sample,792,drone,19.794837,12.138778,-1.692445,3.565327,0.135438,-0.575170,0.335058,-0.656056,1.423638,-0.690203,-1.339534,,,,,
sample,793,drone,19.819830,12.141958,-1.706376,3.573486,0.118925,-0.539300,0.317654,-0.665320,1.446730,-0.702417,-1.353752,,,,,
sample,794,drone,19.844824,12.144722,-1.719403,3.581206,0.102181,-0.502852,0.299946,-0.674584,1.469823,-0.714631,-1.370323,,,,,
sample,795,drone,19.869817,12.147065,-1.731512,3.588479,0.085205,-0.465828,0.281932,-0.683848,1.492916,-0.726845,-1.389885,,,,,
sample,796,drone,19.894810,12.148981,-1.742688,3.595299,0.067997,-0.428226,0.263613,-0.693112,1.516008,-0.739059,-1.413322,,,,,
sample,797,drone,19.919804,12.150464,-1.752918,3.601657,0.050558,-0.390047,0.244989,-0.702376,1.539101,-0.751273,-1.441894,,,,,
sample,798,drone,19.944797,12.151509,-1.762186,3.607545,0.032888,-0.351291,0.226059,-0.711640,1.562194,-0.763487,-1.477449,,,,,
sample,799,drone,19.969791,12.152108,-1.770478,3.612957,0.014986,-0.311958,0.206825,-0.720904,1.585287,-0.775701,-1.522796,,,,,
sample,800,drone,19.994784,12.152258,-1.777780,3.617884,-0.003148,-0.272047,0.187284,-0.730168,1.608379,-0.787915,-1.582368,,,,,
sample,801,drone,20.019778,12.151951,-1.784077,3.622318,-0.021513,-0.231560,0.167439,-0.739432,1.631472,-0.800128,-1.663436,,,,,
sample,802,drone,20.044771,12.151182,-1.789354,3.626253,-0.040110,-0.190495,0.147288,-0.748696,1.654565,-0.812342,-1.778322,,,,,
sample,803,drone,20.069765,12.149946,-1.793599,3.629681,-0.058938,-0.148853,0.126833,-0.757960,1.677657,-0.824556,-1.947807,,,,,
sample,804,drone,20.094758,12.148236,-1.796795,3.632593,-0.077998,-0.106634,0.106071,-0.767224,1.700750,-0.836770,-2.202324,,,,,
sample,805,drone,20.119752,12.146047,-1.798929,3.634983,-0.097290,-0.063838,0.085005,-0.784537,1.703874,-0.832343,-2.560899,,,,,
sample,806,drone,20.144745,12.143373,-1.799986,3.636843,-0.117215,-0.021462,0.064465,-0.853058,1.571387,-0.716223,-2.960496,,,,,
sample,807,drone,20.169739,12.140188,-1.800002,3.638206,-0.139931,0.014711,0.049203,-0.958547,1.317166,-0.503281,3.036846,,,,,
sample,808,drone,20.194732,12.136378,-1.799251,3.639302,-0.165130,0.044379,0.039308,-1.009279,1.163579,-0.379632,2.879045,,,,,
sample,809,drone,20.219726,12.131934,-1.797784,3.640170,-0.190382,0.072875,0.030226,-1.004184,1.133865,-0.361469,2.776016,,,,,
sample,810,drone,20.244719,12.126862,-1.795608,3.640813,-0.215326,0.101057,0.021239,-0.991827,1.121296,-0.357728,2.702787,,,,,
sample,811,drone,20.269713,12.121170,-1.792732,3.641232,-0.239961,0.128925,0.012345,-0.979471,1.108728,-0.353987,2.648570,,,,,
sample,812,drone,20.294706,12.114867,-1.789163,3.641430,-0.264287,0.156479,0.003544,-0.967115,1.096159,-0.350246,2.607016,,,,,
sample,813,drone,20.319700,12.107959,-1.784910,3.641409,-0.288304,0.183719,-0.005163,-0.954758,1.083591,-0.346504,2.574239,,,,,
sample,814,drone,20.344693,12.100455,-1.779980,3.641172,-0.312012,0.210645,-0.013777,-0.942402,1.071022,-0.342763,2.547763,,,,,
sample,815,drone,20.369687,12.092363,-1.774381,3.640721,-0.335411,0.237256,-0.022297,-0.930046,1.058454,-0.339022,2.525945,,,,,
sample,816,drone,20.394680,12.083689,-1.768120,3.640057,-0.358502,0.263553,-0.030723,-0.917690,1.045885,-0.335281,2.507662,,,,,
sample,817,drone,20.419674,12.074442,-1.761206,3.639185,-0.381284,0.289537,-0.039056,-0.905333,1.033317,-0.331540,2.492120,,,,,
sample,818,drone,20.444667,12.064630,-1.753647,3.638105,-0.403757,0.315206,-0.047296,-0.892977,1.020748,-0.327799,2.478743,,,,,
sample,819,drone,20.469661,12.054260,-1.745450,3.636821,-0.425921,0.340561,-0.055442,-0.880621,1.008180,-0.324058,2.467104,,,,,
sample,820,drone,20.494654,12.043339,-1.736624,3.635334,-0.447777,0.365602,-0.063495,-0.868264,0.995611,-0.320317,2.456882,,,,,
sample,821,drone,20.519647,12.031877,-1.727175,3.633647,-0.469323,0.390328,-0.071454,-0.855908,0.983043,-0.316576,2.447829,,,,,
sample,822,drone,20.544641,12.019879,-1.717112,3.631762,-0.490561,0.414741,-0.079319,-0.843552,0.970474,-0.312835,2.439750,,,,,
sample,823,drone,20.569634,12.007355,-1.706443,3.629682,-0.511490,0.438839,-0.087091,-0.831196,0.957906,-0.309094,2.432494,,,,,
sample,824,drone,20.594628,11.994311,-1.695176,3.627409,-0.532110,0.462624,-0.094770,-0.818839,0.945337,-0.305353,2.425935,,,,,
sample,825,drone,20.619621,11.980756,-1.683318,3.624945,-0.552421,0.486094,-0.102355,-0.806483,0.932769,-0.301612,2.419975,,,,,
sample,826,drone,20.644615,11.966698,-1.670878,3.622292,-0.572423,0.509250,-0.109847,-0.794127,0.920200,-0.297871,2.414532,,,,,
sample,827,drone,20.669608,11.952143,-1.657862,3.619454,-0.592117,0.532092,-0.117245,-0.781771,0.907632,-0.294130,2.409537,,,,,
sample,828,drone,20.694602,11.937099,-1.644280,3.616431,-0.611502,0.554620,-0.124549,-0.769414,0.895063,-0.290389,2.404935,,,,,
sample,829,drone,20.719595,11.921576,-1.630139,3.613228,-0.630578,0.576833,-0.131760,-0.757058,0.882495,-0.286648,2.400677,,,,,
sample,830,drone,20.744589,11.905579,-1.615446,3.609845,-0.649345,0.598733,-0.138878,-0.744702,0.869926,-0.282907,2.396724,,,,,
sample,831,drone,20.769582,11.889117,-1.600210,3.606286,-0.667803,0.620318,-0.145902,-0.732345,0.857358,-0.279166,2.393041,,,,,
sample,832,drone,20.794576,11.872197,-1.584438,3.602552,-0.685953,0.641590,-0.152833,-0.719989,0.844789,-0.275425,2.389599,,,,,
sample,833,drone,20.819569,11.854828,-1.568139,3.598646,-0.703793,0.662547,-0.159670,-0.707633,0.832221,-0.271684,2.386373,,,,,
sample,834,drone,20.844563,11.837017,-1.551319,3.594570,-0.721325,0.683190,-0.166413,-0.695277,0.819652,-0.267943,2.383340,,,,,
sample,835,drone,20.869556,11.818771,-1.533988,3.590328,-0.738548,0.703519,-0.173063,-0.682920,0.807084,-0.264202,2.380481,,,,,
sample,836,drone,20.894550,11.800099,-1.516152,3.585920,-0.755462,0.723534,-0.179620,-0.670564,0.794515,-0.260461,2.377779,,,,,
sample,837,drone,20.919543,11.781008,-1.497821,3.581349,-0.772067,0.743234,-0.186083,-0.658208,0.781947,-0.256720,2.375220,,,,,
sample,838,drone,20.944537,11.761506,-1.479000,3.576618,-0.788364,0.762621,-0.192453,-0.645851,0.769378,-0.252979,2.372791,,,,,
sample,839,drone,20.969530,11.741600,-1.459700,3.571729,-0.804351,0.781693,-0.198729,-0.633495,0.756810,-0.249238,2.370480,,,,,
sample,840,drone,20.994524,11.721299,-1.439926,3.566684,-0.820030,0.800451,-0.204911,-0.621139,0.744241,-0.245497,2.368276,,,,,
sample,841,drone,21.019517,11.700609,-1.419687,3.561486,-0.835400,0.818895,-0.211000,-0.608783,0.731673,-0.241756,2.366171,,,,,
sample,842,drone,21.044511,11.679540,-1.398992,3.556137,-0.850462,0.837025,-0.216996,-0.596426,0.719104,-0.238015,2.364156,,,,,
sample,843,drone,21.069504,11.658097,-1.377847,3.550639,-0.865214,0.854841,-0.222898,-0.584070,0.706536,-0.234274,2.362225,,,,,
sample,844,drone,21.094498,11.636290,-1.356261,3.544995,-0.879657,0.872343,-0.228707,-0.571714,0.693967,-0.230533,2.360369,,,,,
sample,845,drone,21.119491,11.614126,-1.334241,3.539207,-0.893792,0.889531,-0.234422,-0.559357,0.681399,-0.226792,2.358584,,,,,
sample,846,drone,21.144485,11.591612,-1.311796,3.533277,-0.907618,0.906404,-0.240043,-0.547001,0.668830,-0.223051,2.356864,,,,,
sample,847,drone,21.169478,11.568757,-1.288933,3.527208,-0.921135,0.922963,-0.245571,-0.534645,0.656262,-0.219310,2.355203,,,,,
sample,848,drone,21.194471,11.545568,-1.265660,3.521001,-0.934343,0.939209,-0.251006,-0.522289,0.643693,-0.215569,2.353598,,,,,
sample,849,drone,21.219465,11.522052,-1.241985,3.514660,-0.947243,0.955140,-0.256347,-0.509932,0.631125,-0.211828,2.352043,,,,,
sample,850,drone,21.244458,11.498218,-1.217915,3.508187,-0.959833,0.970757,-0.261595,-0.497576,0.618556,-0.208087,2.350536,,,,,
sample,851,drone,21.269452,11.474073,-1.193460,3.501584,-0.972115,0.986059,-0.266749,-0.485220,0.605988,-0.204346,2.349073,,,,,
sample,852,drone,21.294445,11.449625,-1.168625,3.494853,-0.984088,1.001048,-0.271809,-0.472863,0.593419,-0.200605,2.347651,,,,,
sample,853,drone,21.319439,11.424881,-1.143420,3.487997,-0.995752,1.015723,-0.276776,-0.460507,0.580851,-0.196864,2.346266,,,,,
sample,854,drone,21.344432,11.399850,-1.117852,3.481018,-1.007107,1.030083,-0.281650,-0.448151,0.568282,-0.193123,2.344917,,,,,
sample,855,drone,21.369426,11.374539,-1.091930,3.473918,-1.018154,1.044129,-0.286430,-0.435795,0.555714,-0.189382,2.343600,,,,,
sample,856,drone,21.394419,11.348956,-1.065660,3.466700,-1.028891,1.057862,-0.291116,-0.423438,0.543145,-0.185641,2.342312,,,,,
sample,857,drone,21.419413,11.323108,-1.039050,3.459366,-1.039320,1.071280,-0.295710,-0.411082,0.530577,-0.181900,2.341053,,,,,
sample,858,drone,21.444406,11.297003,-1.012110,3.451919,-1.049440,1.084383,-0.300209,-0.398726,0.518008,-0.178159,2.339820,,,,,
sample,859,drone,21.469400,11.270650,-0.984845,3.444360,-1.059251,1.097173,-0.304615,-0.386369,0.505440,-0.174418,2.338611,,,,,
sample,860,drone,21.494393,11.244054,-0.957265,3.436692,-1.068753,1.109649,-0.308928,-0.374013,0.492871,-0.170677,2.337424,,,,,
sample,861,drone,21.519387,11.217226,-0.929377,3.428918,-1.077947,1.121810,-0.313147,-0.361657,0.480303,-0.166936,2.336257,,,,,
sample,862,drone,21.544380,11.190171,-0.901189,3.421039,-1.086832,1.133658,-0.317272,-0.349301,0.467734,-0.163195,2.335109,,,,,
sample,863,drone,21.569374,11.162898,-0.872709,3.413058,-1.095407,1.145191,-0.321304,-0.336944,0.455166,-0.159454,2.333979,,,,,
sample,864,drone,21.594367,11.135415,-0.843945,3.404978,-1.103674,1.156410,-0.325243,-0.324588,0.442597,-0.155713,2.332865,,,,,
sample,865,drone,21.619361,11.107729,-0.814904,3.396800,-1.111633,1.167315,-0.329088,-0.312232,0.430029,-0.151972,2.331766,,,,,
sample,866,drone,21.644354,11.079848,-0.785594,3.388528,-1.119282,1.177906,-0.332839,-0.299875,0.417460,-0.148231,2.330680,,,,,
sample,867,drone,21.669348,11.051780,-0.756024,3.380163,-1.126622,1.188183,-0.336498,-0.287519,0.404892,-0.144490,2.329607,,,,,
sample,868,drone,21.694341,11.023532,-0.726200,3.371707,-1.133654,1.198145,-0.340062,-0.275163,0.392323,-0.140749,2.328544,,,,,
sample,869,drone,21.719335,10.995112,-0.696132,3.363164,-1.140377,1.207794,-0.343533,-0.262807,0.379755,-0.137008,2.327492,,,,,
sample,870,drone,21.744328,10.966528,-0.665827,3.354535,-1.146791,1.217128,-0.346911,-0.250450,0.367186,-0.133267,2.326449,,,,,
sample,871,drone,21.769322,10.937787,-0.635292,3.345823,-1.152896,1.226148,-0.350195,-0.238094,0.354618,-0.129526,2.325414,,,,,
sample,872,drone,21.794315,10.908898,-0.604535,3.337030,-1.158693,1.234854,-0.353385,-0.225738,0.342049,-0.125785,2.324386,,,,,
sample,873,drone,21.819308,10.879867,-0.573565,3.328158,-1.164180,1.243246,-0.356482,-0.213382,0.329481,-0.122044,2.323364,,,,,
sample,874,drone,21.844302,10.850704,-0.542389,3.319210,-1.169359,1.251324,-0.359486,-0.201025,0.316912,-0.118303,2.322347,,,,,
sample,875,drone,21.869295,10.821415,-0.511015,3.310189,-1.174229,1.259088,-0.362396,-0.188669,0.304344,-0.114562,2.321335,,,,,
sample,876,drone,21.894289,10.792008,-0.479451,3.301095,-1.178790,1.266537,-0.365212,-0.176313,0.291775,-0.110821,2.320326,,,,,
sample,877,drone,21.919282,10.762491,-0.447705,3.291933,-1.183042,1.273673,-0.367935,-0.163956,0.279207,-0.107080,2.319320,,,,,
sample,878,drone,21.944276,10.732871,-0.415784,3.282703,-1.186986,1.280494,-0.370565,-0.151600,0.266638,-0.103339,2.318316,,,,,
sample,879,drone,21.969269,10.703157,-0.383697,3.273409,-1.190620,1.287001,-0.373101,-0.139244,0.254070,-0.099597,2.317314,,,,,
sample,880,drone,21.994263,10.673356,-0.351451,3.264053,-1.193946,1.293194,-0.375544,-0.126888,0.241501,-0.095856,2.316311,,,,,
sample,881,drone,22.019256,10.643475,-0.319054,3.254637,-1.196963,1.299073,-0.377893,-0.114531,0.228933,-0.092115,2.315308,,,,,
sample,882,drone,22.044250,10.613523,-0.286514,3.245163,-1.199671,1.304638,-0.380148,-0.102175,0.216364,-0.088374,2.314305,,,,,
sample,883,drone,22.069243,10.583507,-0.253839,3.235635,-1.202070,1.309888,-0.382310,-0.089819,0.203796,-0.084633,2.313299,,,,,
sample,884,drone,22.094237,10.553435,-0.221037,3.226053,-1.204161,1.314825,-0.384379,-0.077462,0.191227,-0.080892,2.312291,,,,,
sample,885,drone,22.119230,10.523315,-0.188115,3.216421,-1.205942,1.319447,-0.386354,-0.065106,0.178659,-0.077151,2.311279,,,,,
sample,886,drone,22.144224,10.493154,-0.155082,3.206740,-1.207415,1.323755,-0.388235,-0.052750,0.166090,-0.073410,2.310264,,,,,
sample,887,drone,22.169217,10.462960,-0.121944,3.197014,-1.208579,1.327750,-0.390023,-0.040394,0.153522,-0.069669,2.309244,,,,,
sample,888,drone,22.194211,10.432741,-0.088711,3.187244,-1.209434,1.331430,-0.391718,-0.028037,0.140953,-0.065928,2.308218,,,,,
sample,889,drone,22.219204,10.402504,-0.055390,3.177433,-1.209981,1.334795,-0.393319,-0.015681,0.128385,-0.062187,2.307186,,,,,
sample,890,drone,22.244198,10.372257,-0.021989,3.167583,-1.210218,1.337847,-0.394826,-0.003325,0.115816,-0.058446,2.306148,,,,,
sample,891,drone,22.269191,10.342009,0.011485,3.157697,-1.210147,1.340585,-0.396240,0.009032,0.103248,-0.054705,2.305102,,,,,
sample,892,drone,22.294185,10.311766,0.045023,3.147776,-1.209767,1.343008,-0.397561,0.021388,0.090679,-0.050964,2.304047,,,,,
sample,893,drone,22.319178,10.281536,0.078618,3.137824,-1.209078,1.345118,-0.398788,0.033744,0.078111,-0.047223,2.302984,,,,,
sample,894,drone,22.344172,10.251328,0.112261,3.127842,-1.208080,1.346913,-0.399922,0.046100,0.065542,-0.043482,2.301910,,,,,
sample,895,drone,22.369165,10.221148,0.145946,3.117833,-1.206773,1.348394,-0.400962,0.058457,0.052974,-0.039741,2.300826,,,,,
sample,896,drone,22.394159,10.191005,0.179663,3.107799,-1.205158,1.349561,-0.401908,0.070813,0.040405,-0.036000,2.299731,,,,,
sample,897,drone,22.419152,10.160906,0.213406,3.097743,-1.203234,1.350414,-0.402761,0.083169,0.027837,-0.032259,2.298623,,,,,
sample,898,drone,22.444145,10.130859,0.247166,3.087667,-1.201001,1.350952,-0.403521,0.095526,0.015268,-0.028518,2.297502,,,,,
sample,899,drone,22.469139,10.100871,0.280936,3.077572,-1.198459,1.351177,-0.404187,0.107882,0.002700,-0.024777,2.296368,,,,,
sample,900,drone,22.494132,10.070951,0.314707,3.067463,-1.195608,1.351087,-0.404759,0.120238,-0.009869,-0.021036,2.295219,,,,,
sample,901,drone,22.519126,10.041107,0.348473,3.057340,-1.192448,1.350683,-0.405238,0.132594,-0.022437,-0.017295,2.294054,,,,,
sample,902,drone,22.544119,10.011345,0.382224,3.047206,-1.188980,1.349966,-0.405624,0.144951,-0.035006,-0.013554,2.292873,,,,,
sample,903,drone,22.569113,9.981673,0.415953,3.037064,-1.185203,1.348934,-0.405916,0.157307,-0.047574,-0.009813,2.291674,,,,,
sample,904,drone,22.594106,9.952100,0.449653,3.026915,-1.181117,1.347587,-0.406114,0.169663,-0.060143,-0.006072,2.290457,,,,,
sample,905,drone,22.619100,9.922633,0.483315,3.016763,-1.176722,1.345927,-0.406219,0.182020,-0.072711,-0.002331,2.289220,,,,,
sample,906,drone,22.644093,9.893279,0.516932,3.006610,-1.172018,1.343953,-0.406231,0.194376,-0.085280,0.001410,2.287963,,,,,
sample,907,drone,22.669087,9.864047,0.550495,2.996457,-1.167005,1.341664,-0.406149,0.206732,-0.097848,0.005151,2.286685,,,,,
sample,908,drone,22.694080,9.834944,0.583998,2.986308,-1.161684,1.339062,-0.405973,0.219088,-0.110417,0.008892,2.285383,,,,,
sample,909,drone,22.719074,9.805978,0.617431,2.976164,-1.156054,1.336145,-0.405704,0.231445,-0.122985,0.012633,2.284058,,,,,
sample,910,drone,22.744067,9.777156,0.650787,2.966028,-1.150115,1.332914,-0.405342,0.243801,-0.135554,0.016374,2.282708,,,,,
sample,911,drone,22.769061,9.748487,0.684059,2.955902,-1.143867,1.329369,-0.404886,0.256157,-0.148122,0.020115,2.281331,,,,,
sample,912,drone,22.794054,9.719978,0.717239,2.945789,-1.137310,1.325510,-0.404336,0.268514,-0.160691,0.023856,2.279926,,,,,
sample,913,drone,22.819048,9.691637,0.750318,2.935690,-1.130445,1.321337,-0.403693,0.280870,-0.173259,0.027597,2.278493,,,,,
sample,914,drone,22.844041,9.663471,0.783288,2.925609,-1.123271,1.316849,-0.402957,0.293226,-0.185828,0.031338,2.277029,,,,,
sample,915,drone,22.869035,9.635488,0.816143,2.915548,-1.115787,1.312048,-0.402127,0.305582,-0.198396,0.035079,2.275532,,,,,
sample,916,drone,22.894028,9.607696,0.848873,2.905508,-1.107995,1.306932,-0.401203,0.317939,-0.210965,0.038820,2.274002,,,,,
sample,917,drone,22.919022,9.580102,0.881472,2.895493,-1.099895,1.301502,-0.400186,0.330295,-0.223533,0.042561,2.272437,,,,,
sample,918,drone,22.944015,9.552715,0.913932,2.885504,-1.091485,1.295758,-0.399076,0.342651,-0.236102,0.046302,2.270834,,,,,
sample,919,drone,22.969009,9.525542,0.946243,2.875544,-1.082767,1.289700,-0.397872,0.355007,-0.248670,0.050043,2.269192,,,,,
sample,920,drone,22.994002,9.498591,0.978400,2.865616,-1.073739,1.283328,-0.396574,0.367364,-0.261239,0.053784,2.267508,,,,,
sample,921,drone,23.018996,9.471869,1.010393,2.855721,-1.064403,1.276642,-0.395183,0.379720,-0.273807,0.057525,2.265782,,,,,
sample,922,drone,23.043989,9.445385,1.042215,2.845862,-1.054758,1.269641,-0.393699,0.392076,-0.286376,0.061266,2.264010,,,,,
sample,923,drone,23.068983,9.419145,1.073859,2.836041,-1.044804,1.262327,-0.392121,0.404433,-0.298944,0.065007,2.262190,,,,,
sample,924,drone,23.093976,9.393158,1.105315,2.826261,-1.034542,1.254698,-0.390449,0.416789,-0.311513,0.068748,2.260319,,,,,
sample,925,drone,23.118969,9.367432,1.136577,2.816524,-1.023970,1.246755,-0.388684,0.429145,-0.324081,0.072489,2.258396,,,,,
sample,926,drone,23.143963,9.341973,1.167637,2.806832,-1.013090,1.238498,-0.386826,0.441501,-0.336650,0.076230,2.256416,,,,,
sample,927,drone,23.168956,9.316790,1.198486,2.797187,-1.001901,1.229927,-0.384874,0.453858,-0.349218,0.079971,2.254378,,,,,
sample,928,drone,23.193950,9.291891,1.229117,2.787593,-0.990403,1.221042,-0.382828,0.466214,-0.361787,0.083712,2.252277,,,,,
sample,929,drone,23.218943,9.267283,1.259522,2.778051,-0.978596,1.211842,-0.380689,0.478570,-0.374355,0.087453,2.250111,,,,,
sample,930,drone,23.243937,9.242974,1.289693,2.768563,-0.966481,1.202329,-0.378457,0.490927,-0.386924,0.091194,2.247875,,,,,
sample,931,drone,23.268930,9.218972,1.319623,2.759133,-0.954057,1.192501,-0.376131,0.503283,-0.399492,0.094935,2.245566,,,,,
sample,932,drone,23.293924,9.195284,1.349303,2.749762,-0.941323,1.182359,-0.373711,0.515639,-0.412061,0.098676,2.243179,,,,,
sample,933,drone,23.318917,9.171918,1.378725,2.740452,-0.928281,1.171903,-0.371198,0.527995,-0.424629,0.102417,2.240710,,,,,
sample,934,drone,23.343911,9.148882,1.407883,2.731207,-0.914930,1.161133,-0.368592,0.540352,-0.437198,0.106158,2.238155,,,,,
sample,935,drone,23.368904,9.126183,1.436767,2.722027,-0.901271,1.150049,-0.365892,0.552708,-0.449766,0.109899,2.235507,,,,,
sample,936,drone,23.393898,9.103830,1.465370,2.712917,-0.887302,1.138651,-0.363098,0.565064,-0.462335,0.113640,2.232761,,,,,
sample,937,drone,23.418891,9.081830,1.493685,2.703877,-0.873025,1.126939,-0.360211,0.577421,-0.474903,0.117381,2.229911,,,,,
sample,938,drone,23.443885,9.060190,1.521702,2.694911,-0.858439,1.114912,-0.357231,0.589777,-0.487472,0.121122,2.226951,,,,,
sample,939,drone,23.468878,9.038919,1.549416,2.686020,-0.843544,1.102571,-0.354157,0.602133,-0.500040,0.124863,2.223872,,,,,
sample,940,drone,23.493872,9.018024,1.576816,2.677208,-0.828340,1.089916,-0.350989,0.614489,-0.512609,0.128604,2.220669,,,,,
sample,941,drone,23.518865,8.997513,1.603897,2.668476,-0.812827,1.076948,-0.347728,0.626846,-0.525177,0.132345,2.217331,,,,,
sample,942,drone,23.543859,8.977393,1.630650,2.659826,-0.797006,1.063664,-0.344373,0.639202,-0.537746,0.136086,2.213851,,,,,
sample,943,drone,23.568852,8.957673,1.657067,2.651261,-0.780876,1.050067,-0.340925,0.651558,-0.550314,0.139827,2.210217,,,,,
sample,944,drone,23.593846,8.938359,1.683139,2.642784,-0.764436,1.036156,-0.337384,0.663915,-0.562883,0.143568,2.206419,,,,,
sample,945,drone,23.618839,8.919461,1.708861,2.634397,-0.747688,1.021930,-0.333749,0.676271,-0.575451,0.147310,2.202445,,,,,
sample,946,drone,23.643833,8.900985,1.734223,2.626101,-0.730632,1.007391,-0.330020,0.688627,-0.588020,0.151051,2.198282,,,,,
sample,947,drone,23.668826,8.882939,1.759217,2.617900,-0.713266,0.992537,-0.326198,0.700983,-0.600588,0.154792,2.193916,,,,,
sample,948,drone,23.693820,8.865331,1.783837,2.609795,-0.695592,0.977369,-0.322283,0.713340,-0.613157,0.158533,2.189330,,,,,
sample,949,drone,23.718813,8.848168,1.808073,2.601790,-0.677608,0.961887,-0.318274,0.725696,-0.625725,0.162274,2.184507,,,,,
sample,950,drone,23.743806,8.831459,1.831918,2.593886,-0.659316,0.946091,-0.314171,0.738052,-0.638294,0.166015,2.179428,,,,,
sample,951,drone,23.768800,8.815211,1.855365,2.586085,-0.640715,0.929981,-0.309975,0.750409,-0.650862,0.169756,2.174071,,,,,
sample,952,drone,23.793793,8.799432,1.878405,2.578391,-0.621806,0.913557,-0.305686,0.762765,-0.663431,0.173497,2.168412,,,,,
sample,953,drone,23.818787,8.784129,1.901031,2.570805,-0.602587,0.896818,-0.301303,0.775121,-0.675999,0.177238,2.162425,,,,,
sample,954,drone,23.843780,8.769310,1.923235,2.563330,-0.583060,0.879765,-0.296826,0.787477,-0.688568,0.180979,2.156079,,,,,
sample,955,drone,23.868774,8.754984,1.945008,2.555968,-0.563224,0.862399,-0.292256,0.799834,-0.701136,0.184720,2.149340,,,,,
sample,956,drone,23.893767,8.741156,1.966343,2.548721,-0.543078,0.844718,-0.287593,0.812190,-0.713705,0.188461,2.142172,,,,,
sample,957,drone,23.918761,8.727837,1.987233,2.541592,-0.522625,0.826723,-0.282836,0.824546,-0.726273,0.192202,2.134531,,,,,
sample,958,drone,23.943754,8.715032,2.007669,2.534583,-0.501862,0.808413,-0.277985,0.836903,-0.738842,0.195943,2.126369,,,,,
sample,959,drone,23.968748,8.702750,2.027643,2.527696,-0.480790,0.789790,-0.273041,0.849259,-0.751410,0.199684,2.117630,,,,,
sample,960,drone,23.993741,8.690999,2.047148,2.520934,-0.459410,0.770853,-0.268003,0.861615,-0.763979,0.203425,2.108252,,,,,
sample,961,drone,24.018735,8.679786,2.066175,2.514300,-0.437721,0.751601,-0.262872,0.873971,-0.776547,0.207166,2.098163,,,,,
sample,962,drone,24.043728,8.669118,2.084718,2.507794,-0.415723,0.732036,-0.257648,0.886328,-0.789116,0.210907,2.087278,,,,,
sample,963,drone,24.068722,8.659005,2.102768,2.501421,-0.393416,0.712156,-0.252330,0.898684,-0.801684,0.214648,2.075503,,,,,
sample,964,drone,24.093715,8.649453,2.120317,2.495181,-0.370800,0.691962,-0.246918,0.911040,-0.814253,0.218389,2.062725,,,,,
sample,965,drone,24.118709,8.640470,2.137357,2.489078,-0.347876,0.671454,-0.241413,0.923396,-0.826821,0.222130,2.048814,,,,,
sample,966,drone,24.143702,8.632064,2.153880,2.483113,-0.324643,0.650631,-0.235815,0.935753,-0.839390,0.225871,2.033616,,,,,
sample,967,drone,24.168696,8.624242,2.169880,2.477290,-0.301100,0.629495,-0.230123,0.948109,-0.851958,0.229612,2.016950,,,,,
sample,968,drone,24.193689,8.617012,2.185347,2.471610,-0.277250,0.608045,-0.224337,0.960465,-0.864527,0.233353,1.998603,,,,,
sample,969,drone,24.218683,8.610383,2.200274,2.466076,-0.253090,0.586280,-0.218458,0.972822,-0.877095,0.237094,1.978318,,,,,
sample,970,drone,24.243676,8.604361,2.214653,2.460690,-0.228621,0.564201,-0.212485,0.985178,-0.889664,0.240835,1.955788,,,,,
sample,971,drone,24.268670,8.598955,2.228477,2.455455,-0.203844,0.541808,-0.206419,0.997534,-0.902232,0.244576,1.930643,,,,,
sample,972,drone,24.293663,8.594172,2.241737,2.450372,-0.178757,0.519101,-0.200260,1.009890,-0.914801,0.248317,1.902437,,,,,
sample,973,drone,24.318657,8.590019,2.254425,2.445444,-0.153362,0.496080,-0.194007,1.022247,-0.927369,0.252058,1.870625,,,,,
sample,974,drone,24.343650,8.586506,2.266534,2.440674,-0.127658,0.472745,-0.187660,1.034603,-0.939938,0.255799,1.834542,,,,,
sample,975,drone,24.368643,8.583638,2.278056,2.436064,-0.101646,0.449096,-0.181220,1.046959,-0.952506,0.259540,1.793380,,,,,
sample,976,drone,24.393637,8.581425,2.288983,2.431616,-0.075324,0.425132,-0.174687,1.059316,-0.965075,0.263281,1.746155,,,,,
sample,977,drone,24.418630,8.579873,2.299307,2.427332,-0.048694,0.400855,-0.168060,1.071672,-0.977643,0.267022,1.691679,,,,,
sample,978,drone,24.443624,8.578991,2.309021,2.423215,-0.021754,0.376263,-0.161339,1.084028,-0.990212,0.270763,1.628549,,,,,
sample,979,drone,24.468617,8.578785,2.318116,2.419267,0.005494,0.351357,-0.154525,1.096384,-1.002780,0.274504,1.555162,,,,,
sample,980,drone,24.493611,8.579265,2.326584,2.415491,0.033050,0.326137,-0.147617,1.108741,-1.015349,0.278245,1.469802,,,,,
sample,981,drone,24.518604,8.580438,2.334418,2.411888,0.060916,0.300603,-0.140616,1.121097,-1.027917,0.281986,1.370857,,,,,
sample,982,drone,24.543598,8.582310,2.341610,2.408462,0.089091,0.274754,-0.133522,1.133453,-1.040486,0.285727,1.257238,,,,,
sample,983,drone,24.568591,8.584891,2.348152,2.405214,0.117574,0.248592,-0.126334,1.203163,-1.015211,0.262938,1.129014,,,,,
sample,984,drone,24.593585,8.588187,2.354037,2.402147,0.149233,0.224007,-0.120378,1.451565,-0.866391,0.154926,0.983118,,,,,
sample,985,drone,24.618578,8.592351,2.359350,2.399196,0.190133,0.205284,-0.118589,1.759580,-0.662017,0.011960,0.823694,,,,,
sample,986,drone,24.643572,8.597692,2.364298,2.396219,0.237189,0.190915,-0.119780,1.875591,-0.568727,-0.049289,0.677725,,,,,
sample,987,drone,24.668565,8.604207,2.368893,2.393209,0.283888,0.176855,-0.121053,1.856758,-0.559299,-0.050490,0.557140,,,,,
sample,988,drone,24.693559,8.611882,2.373138,2.390168,0.330003,0.162957,-0.122304,1.833360,-0.552799,-0.049617,0.458680,,,,,
sample,989,drone,24.718552,8.620703,2.377039,2.387095,0.375533,0.149222,-0.123533,1.809962,-0.546299,-0.048744,0.378229,,,,,
sample,990,drone,24.743546,8.630654,2.380598,2.383992,0.420477,0.135649,-0.124741,1.786564,-0.539799,-0.047871,0.312067,,,,,
sample,991,drone,24.768539,8.641721,2.383819,2.380860,0.464838,0.122239,-0.125926,1.763166,-0.533299,-0.046998,0.257150,,,,,
sample,992,drone,24.793533,8.653890,2.386708,2.377698,0.508613,0.108991,-0.127090,1.739768,-0.526799,-0.046125,0.211099,,,,,
sample,993,drone,24.818526,8.667145,2.389268,2.374507,0.551803,0.095906,-0.128232,1.716370,-0.520299,-0.045252,0.172086,,,,,
sample,994,drone,24.843520,8.681473,2.391502,2.371288,0.594409,0.082983,-0.129352,1.692973,-0.513798,-0.044379,0.138710,,,,,
sample,995,drone,24.868513,8.696858,2.393416,2.368041,0.636430,0.070223,-0.130450,1.669575,-0.507298,-0.043506,0.109894,,,,,
sample,996,drone,24.893507,8.713286,2.395012,2.364767,0.677866,0.057625,-0.131527,1.646177,-0.500798,-0.042633,0.084805,,,,,
sample,997,drone,24.918500,8.730742,2.396296,2.361466,0.718717,0.045189,-0.132581,1.622779,-0.494298,-0.041760,0.062792,,,,,
sample,998,drone,24.943494,8.749213,2.397271,2.358140,0.758984,0.032916,-0.133614,1.599381,-0.487798,-0.040887,0.043342,,,,,
sample,999,drone,24.968487,8.768682,2.397942,2.354787,0.798665,0.020806,-0.134625,1.575983,-0.481298,-0.040014,0.026045,,,,,
sample,1000,drone,24.993481,8.789135,2.398311,2.351410,0.837762,0.008858,-0.135614,1.552585,-0.474798,-0.039142,0.010573,,,,,
sample,1001,drone,25.018474,8.810559,2.398384,2.348008,0.876274,-0.002928,-0.136582,1.529187,-0.468298,-0.038269,-0.003341,,,,,
sample,1002,drone,25.043467,8.832938,2.398165,2.344583,0.914202,-0.014551,-0.137527,1.505789,-0.461798,-0.037396,-0.015915,,,,,
sample,1003,drone,25.068461,8.856257,2.397657,2.341134,0.951544,-0.026012,-0.138451,1.482391,-0.455298,-0.036523,-0.027329,,,,,
sample,1004,drone,25.093454,8.880502,2.396865,2.337662,0.988302,-0.037310,-0.139353,1.458993,-0.448797,-0.035650,-0.037734,,,,,
sample,1005,drone,25.118448,8.905659,2.395792,2.334168,1.024475,-0.048446,-0.140233,1.435595,-0.442297,-0.034777,-0.047253,,,,,
sample,1006,drone,25.143441,8.931713,2.394443,2.330652,1.060063,-0.059419,-0.141091,1.412197,-0.435797,-0.033904,-0.055994,,,,,
sample,1007,drone,25.168435,8.958649,2.392822,2.327115,1.095066,-0.070230,-0.141928,1.388799,-0.429297,-0.033031,-0.064045,,,,,
sample,1008,drone,25.193428,8.986452,2.390932,2.323558,1.129485,-0.080878,-0.142743,1.365401,-0.422797,-0.032158,-0.071484,,,,,
sample,1009,drone,25.218422,9.015108,2.388779,2.319980,1.163318,-0.091364,-0.143535,1.342003,-0.416297,-0.031285,-0.078377,,,,,
sample,1010,drone,25.243415,9.044603,2.386365,2.316383,1.196567,-0.101688,-0.144306,1.318605,-0.409797,-0.030412,-0.084779,,,,,
sample,1011,drone,25.268409,9.074921,2.383696,2.312767,1.229231,-0.111849,-0.145056,1.295207,-0.403297,-0.029539,-0.090741,,,,,
sample,1012,drone,25.293402,9.106048,2.380774,2.309132,1.261311,-0.121847,-0.145783,1.271809,-0.396797,-0.028666,-0.096305,,,,,
sample,1013,drone,25.318396,9.137970,2.377605,2.305479,1.292805,-0.131683,-0.146489,1.248411,-0.390297,-0.027793,-0.101509,,,,,
sample,1014,drone,25.343389,9.170672,2.374192,2.301809,1.323715,-0.141357,-0.147172,1.225013,-0.383797,-0.026921,-0.106385,,,,,
sample,1015,drone,25.368383,9.204138,2.370539,2.298123,1.354040,-0.150868,-0.147834,1.201615,-0.377296,-0.026048,-0.110963,,,,,
sample,1016,drone,25.393376,9.238356,2.366650,2.294420,1.383780,-0.160217,-0.148474,1.178217,-0.370796,-0.025175,-0.115269,,,,,
sample,1017,drone,25.418370,9.273309,2.362530,2.290701,1.412935,-0.169403,-0.149093,1.154819,-0.364296,-0.024302,-0.119325,,,,,
sample,1018,drone,25.443363,9.308984,2.358183,2.286967,1.441506,-0.178427,-0.149689,1.131421,-0.357796,-0.023429,-0.123152,,,,,
sample,1019,drone,25.468357,9.345366,2.353611,2.283218,1.469492,-0.187288,-0.150264,1.108023,-0.351296,-0.022556,-0.126768,,,,,
sample,1020,drone,25.493350,9.382440,2.348821,2.279456,1.496893,-0.195987,-0.150817,1.084625,-0.344796,-0.021683,-0.130189,,,,,
sample,1021,drone,25.518344,9.420191,2.343814,2.275680,1.523709,-0.204524,-0.151348,1.061227,-0.338296,-0.020810,-0.133430,,,,,
sample,1022,drone,25.543337,9.458605,2.338597,2.271890,1.549940,-0.212898,-0.151857,1.037829,-0.331796,-0.019937,-0.136504,,,,,
sample,1023,drone,25.568331,9.497668,2.333172,2.268089,1.575587,-0.221109,-0.152344,1.014431,-0.325296,-0.019064,-0.139424,,,,,
sample,1024,drone,25.593324,9.537364,2.327544,2.264275,1.600649,-0.229158,-0.152810,0.991033,-0.318796,-0.018191,-0.142200,,,,,
sample,1025,drone,25.618318,9.577679,2.321717,2.260450,1.625125,-0.237045,-0.153254,0.967635,-0.312295,-0.017318,-0.144841,,,,,
sample,1026,drone,25.643311,9.618599,2.315695,2.256614,1.649018,-0.244769,-0.153675,0.944237,-0.305795,-0.016445,-0.147357,,,,,
sample,1027,drone,25.668304,9.660109,2.309482,2.252768,1.672325,-0.252330,-0.154076,0.920839,-0.299295,-0.015572,-0.149756,,,,,
sample,1028,drone,25.693298,9.702194,2.303082,2.248913,1.695048,-0.259730,-0.154454,0.897441,-0.292795,-0.014700,-0.152046,,,,,
sample,1029,drone,25.718291,9.744839,2.296499,2.245048,1.717185,-0.266966,-0.154810,0.874043,-0.286295,-0.013827,-0.154233,,,,,
sample,1030,drone,25.743285,9.788030,2.289737,2.241174,1.738738,-0.274041,-0.155145,0.850645,-0.279795,-0.012954,-0.156323,,,,,
sample,1031,drone,25.768278,9.831753,2.282801,2.237293,1.759707,-0.280953,-0.155458,0.827247,-0.273295,-0.012081,-0.158323,,,,,
sample,1032,drone,25.793272,9.875993,2.275693,2.233403,1.780090,-0.287702,-0.155749,0.803849,-0.266795,-0.011208,-0.160236,,,,,
sample,1033,drone,25.818265,9.920735,2.268419,2.229507,1.799888,-0.294289,-0.156018,0.780451,-0.260295,-0.010335,-0.162070,,,,,
sample,1034,drone,25.843259,9.965964,2.260983,2.225604,1.819102,-0.300713,-0.156266,0.757053,-0.253795,-0.009462,-0.163827,,,,,
sample,1035,drone,25.868252,10.011666,2.253388,2.221696,1.837731,-0.306975,-0.156491,0.733655,-0.247294,-0.008589,-0.165512,,,,,
sample,1036,drone,25.893246,10.057826,2.245638,2.217782,1.855775,-0.313075,-0.156695,0.710257,-0.240794,-0.007716,-0.167129,,,,,
sample,1037,drone,25.918239,10.104431,2.237738,2.213863,1.873235,-0.319012,-0.156877,0.686859,-0.234294,-0.006843,-0.168682,,,,,
sample,1038,drone,25.943233,10.151464,2.229691,2.209940,1.890109,-0.324786,-0.157037,0.663461,-0.227794,-0.005970,-0.170173,,,,,
sample,1039,drone,25.968226,10.198911,2.221503,2.206013,1.906399,-0.330399,-0.157175,0.640063,-0.221294,-0.005097,-0.171606,,,,,
sample,1040,drone,25.993220,10.246759,2.213176,2.202083,1.922104,-0.335848,-0.157292,0.616665,-0.214794,-0.004224,-0.172983,,,,,
sample,1041,drone,26.018213,10.294991,2.204715,2.198151,1.937224,-0.341135,-0.157386,0.593267,-0.208294,-0.003351,-0.174308,,,,,
sample,1042,drone,26.043207,10.343595,2.196124,2.194216,1.951760,-0.346260,-0.157459,0.569869,-0.201794,-0.002479,-0.175582,,,,,
sample,1043,drone,26.068200,10.392554,2.187406,2.190280,1.965711,-0.351222,-0.157510,0.546471,-0.195294,-0.001606,-0.176809,,,,,
sample,1044,drone,26.093194,10.441855,2.178567,2.186343,1.979076,-0.356022,-0.157540,0.523073,-0.188794,-0.000733,-0.177989,,,,,
sample,1045,drone,26.118187,10.491482,2.169610,2.182405,1.991857,-0.360660,-0.157547,0.499675,-0.182293,0.000140,-0.179126,,,,,
sample,1046,drone,26.143181,10.541422,2.160539,2.178467,2.004054,-0.365135,-0.157533,0.476277,-0.175793,0.001013,-0.180221,,,,,
sample,1047,drone,26.168174,10.591659,2.151358,2.174530,2.015665,-0.369447,-0.157496,0.452879,-0.169293,0.001886,-0.181276,,,,,
sample,1048,drone,26.193168,10.642179,2.142071,2.170595,2.026692,-0.373597,-0.157438,0.429481,-0.162793,0.002759,-0.182292,,,,,
sample,1049,drone,26.218161,10.692967,2.132683,2.166661,2.037133,-0.377585,-0.157358,0.406083,-0.156293,0.003632,-0.183271,,,,,
sample,1050,drone,26.243155,10.744009,2.123197,2.162729,2.046991,-0.381410,-0.157257,0.382685,-0.149793,0.004505,-0.184215,,,,,
sample,1051,drone,26.268148,10.795290,2.113617,2.158800,2.056263,-0.385072,-0.157133,0.359287,-0.143293,0.005378,-0.185124,,,,,
sample,1052,drone,26.293141,10.846795,2.103948,2.154874,2.064950,-0.388572,-0.156988,0.335889,-0.136793,0.006251,-0.186000,,,,,
sample,1053,drone,26.318135,10.898510,2.094194,2.150952,2.073053,-0.391910,-0.156821,0.312491,-0.130293,0.007124,-0.186845,,,,,
sample,1054,drone,26.343128,10.950421,2.084358,2.147035,2.080571,-0.395085,-0.156632,0.289093,-0.123793,0.007997,-0.187658,,,,,
sample,1055,drone,26.368122,11.002512,2.074445,2.143123,2.087504,-0.398098,-0.156421,0.265695,-0.117293,0.008870,-0.188443,,,,,
sample,1056,drone,26.393115,11.054769,2.064458,2.139216,2.093852,-0.400949,-0.156188,0.242297,-0.110792,0.009742,-0.189198,,,,,
sample,1057,drone,26.418109,11.107177,2.054402,2.135316,2.099615,-0.403636,-0.155934,0.218899,-0.104292,0.010615,-0.189926,,,,,
sample,1058,drone,26.443102,11.159722,2.044282,2.131421,2.104794,-0.406162,-0.155658,0.195501,-0.097792,0.011488,-0.190627,,,,,
sample,1059,drone,26.468096,11.212389,2.034100,2.127535,2.109388,-0.408525,-0.155360,0.172104,-0.091292,0.012361,-0.191301,,,,,
sample,1060,drone,26.493089,11.265164,2.023861,2.123656,2.113397,-0.410725,-0.155040,0.148706,-0.084792,0.013234,-0.191951,,,,,
sample,1061,drone,26.518083,11.318031,2.013569,2.119785,2.116821,-0.412763,-0.154698,0.125308,-0.078292,0.014107,-0.192576,,,,,
sample,1062,drone,26.543076,11.370977,2.003228,2.115923,2.119661,-0.414639,-0.154335,0.101910,-0.071792,0.014980,-0.193176,,,,,
sample,1063,drone,26.568070,11.423987,1.992842,2.112070,2.121915,-0.416352,-0.153949,0.078512,-0.065292,0.015853,-0.193754,,,,,
sample,1064,drone,26.593063,11.477045,1.982416,2.108227,2.123585,-0.417902,-0.153542,0.055114,-0.058792,0.016726,-0.194308,,,,,
sample,1065,drone,26.618057,11.530138,1.971953,2.104395,2.124670,-0.419291,-0.153113,0.031716,-0.052292,0.017599,-0.194840,,,,,
sample,1066,drone,26.643050,11.583251,1.961457,2.100573,2.125171,-0.420516,-0.152663,0.008318,-0.045791,0.018472,-0.195351,,,,,
sample,1067,drone,26.668044,11.636369,1.950932,2.096764,2.125086,-0.421580,-0.152190,-0.015080,-0.039291,0.019345,-0.195840,,,,,
sample,1068,drone,26.693037,11.689478,1.940383,2.092966,2.124417,-0.422480,-0.151696,-0.038478,-0.032791,0.020218,-0.196308,,,,,
sample,1069,drone,26.718031,11.742562,1.929814,2.089181,2.123163,-0.423219,-0.151179,-0.061876,-0.026291,0.021091,-0.196755,,,,,
sample,1070,drone,26.743024,11.795608,1.919228,2.085409,2.121324,-0.423795,-0.150641,-0.085274,-0.019791,0.021963,-0.197182,,,,,
sample,1071,drone,26.768018,11.848601,1.908630,2.081651,2.118900,-0.424208,-0.150081,-0.108672,-0.013291,0.022836,-0.197590,,,,,
sample,1072,drone,26.793011,11.901526,1.898023,2.077907,2.115892,-0.424459,-0.149500,-0.132070,-0.006791,0.023709,-0.197977,,,,,
sample,1073,drone,26.818005,11.954368,1.887412,2.074178,2.112298,-0.424548,-0.148896,-0.155468,-0.000291,0.024582,-0.198346,,,,,
sample,1074,drone,26.842998,12.007113,1.876801,2.070464,2.108120,-0.424474,-0.148271,-0.178866,0.006209,0.025455,-0.198695,,,,,
sample,1075,drone,26.867992,12.059746,1.866194,2.066766,2.103357,-0.424237,-0.147624,-0.202264,0.012709,0.026328,-0.199025,,,,,
sample,1076,drone,26.892985,12.112254,1.855595,2.063085,2.098010,-0.423838,-0.146955,-0.225662,0.019210,0.027201,-0.199336,,,,,
sample,1077,drone,26.917979,12.164620,1.845008,2.059420,2.092077,-0.423277,-0.146264,-0.249060,0.025710,0.028074,-0.199629,,,,,
sample,1078,drone,26.942972,12.216830,1.834436,2.055773,2.085560,-0.422553,-0.145552,-0.272458,0.032210,0.028947,-0.199903,,,,,
sample,1079,drone,26.967965,12.268870,1.823885,2.052145,2.078458,-0.421667,-0.144817,-0.295856,0.038710,0.029820,-0.200158,,,,,
sample,1080,drone,26.992959,12.320726,1.813359,2.048534,2.070771,-0.420618,-0.144061,-0.319254,0.045210,0.030693,-0.200395,,,,,
sample,1081,drone,27.017952,12.372382,1.802860,2.044943,2.062499,-0.419407,-0.143283,-0.342652,0.051710,0.031566,-0.200614,,,,,
sample,1082,drone,27.042946,12.423824,1.792394,2.041372,2.053643,-0.418033,-0.142483,-0.366050,0.058210,0.032439,-0.200813,,,,,
sample,1083,drone,27.067939,12.475037,1.781964,2.037821,2.044202,-0.416497,-0.141661,-0.389448,0.064710,0.033312,-0.200995,,,,,
sample,1084,drone,27.092933,12.526007,1.771574,2.034291,2.034176,-0.414799,-0.140818,-0.412846,0.071210,0.034185,-0.201157,,,,,
sample,1085,drone,27.117926,12.576720,1.761229,2.030782,2.023565,-0.412938,-0.139953,-0.436244,0.077710,0.035057,-0.201301,,,,,
sample,1086,drone,27.142920,12.627159,1.750933,2.027295,2.012369,-0.410914,-0.139066,-0.459642,0.084211,0.035930,-0.201425,,,,,
sample,1087,drone,27.167913,12.677312,1.740689,2.023831,2.000589,-0.408728,-0.138157,-0.483040,0.090711,0.036803,-0.201531,,,,,
sample,1088,drone,27.192907,12.727163,1.730502,2.020389,1.988223,-0.406380,-0.137226,-0.506438,0.097211,0.037676,-0.201616,,,,,
sample,1089,drone,27.217900,12.776697,1.720375,2.016971,1.975273,-0.403869,-0.136273,-0.529836,0.103711,0.038549,-0.201683,,,,,
sample,1090,drone,27.242894,12.825900,1.710314,2.013577,1.961738,-0.401196,-0.135299,-0.553234,0.110211,0.039422,-0.201729,,,,,
sample,1091,drone,27.267887,12.874758,1.700321,2.010208,1.947619,-0.398360,-0.134303,-0.576632,0.116711,0.040295,-0.201754,,,,,
sample,1092,drone,27.292881,12.923256,1.690401,2.006864,1.932914,-0.395362,-0.133285,-0.600030,0.123211,0.041168,-0.201759,,,,,
sample,1093,drone,27.317874,12.971379,1.680558,2.003545,1.917625,-0.392201,-0.132245,-0.623428,0.129711,0.042041,-0.201742,,,,,
sample,1094,drone,27.342868,13.019112,1.670796,2.000253,1.901751,-0.388878,-0.131183,-0.646826,0.136211,0.042914,-0.201703,,,,,
sample,1095,drone,27.367861,13.066442,1.661119,1.996988,1.885292,-0.385392,-0.130100,-0.670224,0.142711,0.043787,-0.201642,,,,,
sample,1096,drone,27.392855,13.113352,1.651531,1.993750,1.868249,-0.381744,-0.128994,-0.693622,0.149211,0.044660,-0.201558,,,,,
sample,1097,drone,27.417848,13.159830,1.642037,1.990540,1.850620,-0.377933,-0.127867,-0.717020,0.155712,0.045533,-0.201450,,,,,
sample,1098,drone,27.442842,13.205859,1.632639,1.987358,1.832407,-0.373960,-0.126718,-0.740418,0.162212,0.046406,-0.201317,,,,,
sample,1099,drone,27.467835,13.251426,1.623344,1.984206,1.813609,-0.369825,-0.125548,-0.763816,0.168712,0.047278,-0.201159,,,,,
sample,1100,drone,27.492829,13.296516,1.614153,1.981083,1.794226,-0.365527,-0.124355,-0.787214,0.175212,0.048151,-0.200974,,,,,
sample,1101,drone,27.517822,13.341114,1.605072,1.977990,1.774259,-0.361067,-0.123141,-0.810612,0.181712,0.049024,-0.200761,,,,,
sample,1102,drone,27.542816,13.385206,1.596104,1.974927,1.753706,-0.356444,-0.121905,-0.834010,0.188212,0.049897,-0.200520,,,,,
sample,1103,drone,27.567809,13.428777,1.587254,1.971896,1.732569,-0.351659,-0.120646,-0.857408,0.194712,0.050770,-0.200249,,,,,
sample,1104,drone,27.592802,13.471812,1.578526,1.968896,1.710847,-0.346711,-0.119367,-0.880806,0.201212,0.051643,-0.199947,,,,,
sample,1105,drone,27.617796,13.514297,1.569923,1.965929,1.688540,-0.341601,-0.118065,-0.904204,0.207712,0.052516,-0.199611,,,,,
sample,1106,drone,27.642789,13.556217,1.561451,1.962995,1.665649,-0.336328,-0.116742,-0.927602,0.214212,0.053389,-0.199241,,,,,
sample,1107,drone,27.667783,13.597557,1.553111,1.960094,1.642172,-0.330893,-0.115396,-0.951000,0.220713,0.054262,-0.198835,,,,,
sample,1108,drone,27.692776,13.638304,1.544910,1.957226,1.618111,-0.325295,-0.114029,-0.974398,0.227213,0.055135,-0.198389,,,,,
sample,1109,drone,27.717770,13.678442,1.536851,1.954394,1.593465,-0.319535,-0.112640,-0.997796,0.233713,0.056008,-0.197904,,,,,
sample,1110,drone,27.742763,13.717956,1.528938,1.951596,1.568234,-0.313612,-0.111230,-1.021194,0.240213,0.056881,-0.197375,,,,,
sample,1111,drone,27.767757,13.756833,1.521174,1.948834,1.542419,-0.307528,-0.109797,-1.044592,0.246713,0.057754,-0.196799,,,,,
sample,1112,drone,27.792750,13.795057,1.513565,1.946107,1.516018,-0.301280,-0.108343,-1.067990,0.253213,0.058627,-0.196175,,,,,
sample,1113,drone,27.817744,13.832614,1.506114,1.943418,1.489033,-0.294870,-0.106866,-1.091388,0.259713,0.059499,-0.195499,,,,,
sample,1114,drone,27.842737,13.869489,1.498826,1.940766,1.461463,-0.288298,-0.105368,-1.114786,0.266213,0.060372,-0.194766,,,,,
sample,1115,drone,27.867731,13.905668,1.491703,1.938151,1.433308,-0.281563,-0.103849,-1.138184,0.272713,0.061245,-0.193973,,,,,
sample,1116,drone,27.892724,13.941136,1.484751,1.935574,1.404569,-0.274666,-0.102307,-1.161582,0.279213,0.062118,-0.193115,,,,,
sample,1117,drone,27.917718,13.975878,1.477973,1.933037,1.375244,-0.267606,-0.100743,-1.184980,0.285714,0.062991,-0.192186,,,,,
sample,1118,drone,27.942711,14.009880,1.471374,1.930539,1.345335,-0.260384,-0.099158,-1.208378,0.292214,0.063864,-0.191182,,,,,
sample,1119,drone,27.967705,14.043128,1.464958,1.928080,1.314841,-0.252999,-0.097551,-1.231776,0.298714,0.064737,-0.190095,,,,,
sample,1120,drone,27.992698,14.075605,1.458728,1.925662,1.283762,-0.245452,-0.095922,-1.255174,0.305214,0.065610,-0.188917,,,,,
sample,1121,drone,28.017692,14.107299,1.452688,1.923285,1.252099,-0.237742,-0.094271,-1.278572,0.311714,0.066483,-0.187641,,,,,
sample,1122,drone,28.042685,14.138194,1.446844,1.920950,1.219851,-0.229870,-0.092599,-1.301970,0.318214,0.067356,-0.186257,,,,,
sample,1123,drone,28.067679,14.168276,1.441198,1.918657,1.187017,-0.221836,-0.090905,-1.325368,0.324714,0.068229,-0.184754,,,,,
sample,1124,drone,28.092672,14.197529,1.435755,1.916406,1.153599,-0.213639,-0.089188,-1.348766,0.331214,0.069102,-0.183119,,,,,
sample,1125,drone,28.117666,14.225940,1.430519,1.914198,1.119597,-0.205279,-0.087450,-1.372163,0.337714,0.069975,-0.181337,,,,,
sample,1126,drone,28.142659,14.253495,1.425493,1.912035,1.085009,-0.196758,-0.085691,-1.395561,0.344214,0.070848,-0.179392,,,,,
sample,1127,drone,28.167653,14.280177,1.420683,1.909915,1.049837,-0.188073,-0.083909,-1.418959,0.350714,0.071720,-0.177265,,,,,
sample,1128,drone,28.192646,14.305973,1.416092,1.907840,1.014080,-0.179226,-0.082105,-1.442357,0.357215,0.072593,-0.174931,,,,,
sample,1129,drone,28.217639,14.330868,1.411724,1.905811,0.977738,-0.170217,-0.080280,-1.465755,0.363715,0.073466,-0.172365,,,,,
sample,1130,drone,28.242633,14.354847,1.407584,1.903827,0.940811,-0.161045,-0.078433,-1.489153,0.370215,0.074339,-0.169534,,,,,
sample,1131,drone,28.267626,14.377896,1.403674,1.901890,0.903299,-0.151711,-0.076564,-1.128564,0.280911,0.056191,-0.166399,,,,,
sample,1132,drone,28.292620,14.400000,1.400000,1.900000,0.884398,-0.147003,-0.075624,-0.756276,0.188357,0.037606,-0.164713,,,,,
