section,index,name,chart_id,t,x,y,z,vx,vy,vz,ax,ay,az,yaw,local_u,local_v,plane_error,boundary_margin,chart_contains,contains
crossing,1,G6,11,6.780479,11.781393,3.122621,3.274571,,,,,,,,-0.494095,0.049072,0.000000000,0.205212560,True,True
crossing,2,G2,0,11.898473,3.312878,0.901776,1.965043,,,,,,,,0.562740,0.227515,0.000000000,0.134590346,True,True
crossing,3,G3,0,14.183710,6.046701,-1.111602,3.038763,,,,,,,,0.768379,0.032539,0.000000000,0.046308087,True,True
crossing,4,G1,13,16.401051,2.429653,-0.302501,2.785641,,,,,,,,-0.197473,-0.193381,0.000000000,0.357489857,True,True
crossing,5,G4,3,19.866028,8.217038,2.294532,2.299292,,,,,,,,-0.345898,0.431370,0.000000000,0.205294417,True,True
crossing,6,G5,14,20.990162,9.914915,2.028989,2.899991,,,,,,,,0.059106,-0.258722,0.000000000,0.145955190,True,True
sample,0,drone,,0.000000,0.000000,-1.000000,1.200000,0.967216,0.338329,0.170285,0.460446,0.156116,0.079855,0.336493,,,,,,
sample,1,drone,,0.024980,0.024161,-0.991549,1.204254,0.978718,0.342228,0.172280,0.688741,0.233528,0.119449,0.336381,,,,,,
sample,2,drone,,0.049960,0.048897,-0.982902,1.208607,1.001626,0.349996,0.176253,0.913179,0.309645,0.158378,0.336165,,,,,,
sample,3,drone,,0.074940,0.074203,-0.974063,1.213059,1.024341,0.357698,0.180193,0.905464,0.307058,0.157047,0.335961,,,,,,
sample,4,drone,,0.099920,0.100073,-0.965032,1.217610,1.046863,0.365336,0.184099,0.897750,0.304470,0.155716,0.335768,,,,,,
sample,5,drone,,0.124900,0.126504,-0.955810,1.222257,1.069193,0.372910,0.187972,0.890036,0.301883,0.154385,0.335585,,,,,,
sample,6,drone,,0.149881,0.153490,-0.946401,1.227001,1.091330,0.380419,0.191812,0.882322,0.299295,0.153054,0.335412,,,,,,
sample,7,drone,,0.174861,0.181027,-0.936805,1.231840,1.113274,0.387863,0.195619,0.874607,0.296708,0.151723,0.335247,,,,,,
sample,8,drone,,0.199841,0.209110,-0.927023,1.236774,1.135025,0.395242,0.199392,0.866893,0.294120,0.150392,0.335091,,,,,,
sample,9,drone,,0.224821,0.237733,-0.917058,1.241802,1.156584,0.402557,0.203132,0.859179,0.291533,0.149061,0.334943,,,,,,
sample,10,drone,,0.249801,0.266893,-0.906911,1.246922,1.177950,0.409807,0.206839,0.851464,0.288945,0.147730,0.334802,,,,,,
sample,11,drone,,0.274781,0.296584,-0.896584,1.252135,1.199123,0.416993,0.210513,0.843750,0.286358,0.146399,0.334667,,,,,,
sample,12,drone,,0.299761,0.326801,-0.886078,1.257440,1.220104,0.424114,0.214153,0.836036,0.283770,0.145068,0.334539,,,,,,
sample,13,drone,,0.324741,0.357540,-0.875395,1.262835,1.240892,0.431170,0.217761,0.828322,0.281182,0.143737,0.334417,,,,,,
sample,14,drone,,0.349721,0.388796,-0.864537,1.268319,1.261487,0.438162,0.221335,0.820607,0.278595,0.142406,0.334301,,,,,,
sample,15,drone,,0.374701,0.420565,-0.853505,1.273892,1.281889,0.445089,0.224875,0.812893,0.276007,0.141075,0.334190,,,,,,
sample,16,drone,,0.399682,0.452840,-0.842300,1.279554,1.302099,0.451951,0.228383,0.805179,0.273420,0.139744,0.334084,,,,,,
sample,17,drone,,0.424662,0.485618,-0.830925,1.285302,1.322116,0.458749,0.231857,0.797464,0.270832,0.138413,0.333982,,,,,,
sample,18,drone,,0.449642,0.518893,-0.819381,1.291137,1.341941,0.465482,0.235298,0.789750,0.268245,0.137082,0.333886,,,,,,
sample,19,drone,,0.474622,0.552661,-0.807670,1.297058,1.361572,0.472150,0.238705,0.782036,0.265657,0.135751,0.333793,,,,,,
sample,20,drone,,0.499602,0.586917,-0.795792,1.303063,1.381011,0.478754,0.242080,0.774322,0.263070,0.134420,0.333704,,,,,,
sample,21,drone,,0.524582,0.621657,-0.783751,1.309152,1.400258,0.485293,0.245421,0.766607,0.260482,0.133089,0.333620,,,,,,
sample,22,drone,,0.549562,0.656875,-0.771547,1.315325,1.419311,0.491768,0.248729,0.758893,0.257895,0.131758,0.333539,,,,,,
sample,23,drone,,0.574542,0.692566,-0.759182,1.321579,1.438172,0.498178,0.252004,0.751179,0.255307,0.130427,0.333461,,,,,,
sample,24,drone,,0.599522,0.728726,-0.746658,1.327915,1.456840,0.504523,0.255245,0.743464,0.252720,0.129096,0.333387,,,,,,
sample,25,drone,,0.624502,0.765350,-0.733976,1.334331,1.475316,0.510804,0.258453,0.735750,0.250132,0.127765,0.333315,,,,,,
sample,26,drone,,0.649483,0.802433,-0.721138,1.340827,1.493598,0.517020,0.261628,0.728036,0.247544,0.126434,0.333247,,,,,,
sample,27,drone,,0.674463,0.839970,-0.708146,1.347402,1.511688,0.523171,0.264770,0.720322,0.244957,0.125103,0.333182,,,,,,
sample,28,drone,,0.699443,0.877957,-0.695000,1.354055,1.529586,0.529258,0.267879,0.712607,0.242369,0.123772,0.333119,,,,,,
sample,29,drone,,0.724423,0.916389,-0.681704,1.360785,1.547290,0.535280,0.270954,0.704893,0.239782,0.122441,0.333059,,,,,,
sample,30,drone,,0.749403,0.955260,-0.668258,1.367592,1.564802,0.541237,0.273996,0.697179,0.237194,0.121110,0.333002,,,,,,
sample,31,drone,,0.774383,0.994567,-0.654664,1.374474,1.582122,0.547130,0.277004,0.689465,0.234607,0.119779,0.332947,,,,,,
sample,32,drone,,0.799363,1.034303,-0.640923,1.381431,1.599248,0.552958,0.279980,0.681750,0.232019,0.118448,0.332894,,,,,,
sample,33,drone,,0.824343,1.074465,-0.627038,1.388462,1.616182,0.558722,0.282922,0.674036,0.229432,0.117117,0.332843,,,,,,
sample,34,drone,,0.849323,1.115048,-0.613009,1.395566,1.632923,0.564421,0.285831,0.666322,0.226844,0.115786,0.332795,,,,,,
sample,35,drone,,0.874303,1.156047,-0.598839,1.402742,1.649472,0.570055,0.288707,0.658607,0.224257,0.114454,0.332748,,,,,,
sample,36,drone,,0.899284,1.197456,-0.584529,1.409990,1.665827,0.575625,0.291549,0.650893,0.221669,0.113123,0.332704,,,,,,
sample,37,drone,,0.924264,1.239272,-0.570081,1.417308,1.681990,0.581130,0.294358,0.643179,0.219082,0.111792,0.332661,,,,,,
sample,38,drone,,0.949244,1.281489,-0.555496,1.424696,1.697961,0.586570,0.297134,0.635465,0.216494,0.110461,0.332621,,,,,,
sample,39,drone,,0.974224,1.324102,-0.540776,1.432153,1.713738,0.591946,0.299877,0.627750,0.213906,0.109130,0.332582,,,,,,
sample,40,drone,,0.999204,1.367107,-0.525922,1.439678,1.729323,0.597257,0.302587,0.620036,0.211319,0.107799,0.332544,,,,,,
sample,41,drone,,1.024184,1.410499,-0.510937,1.447270,1.744715,0.602503,0.305263,0.612322,0.208731,0.106468,0.332509,,,,,,
sample,42,drone,,1.049164,1.454274,-0.495821,1.454929,1.759915,0.607685,0.307906,0.604607,0.206144,0.105137,0.332475,,,,,,
sample,43,drone,,1.074144,1.498425,-0.480577,1.462653,1.774922,0.612802,0.310515,0.596893,0.203556,0.103806,0.332442,,,,,,
sample,44,drone,,1.099124,1.542949,-0.465205,1.470442,1.789736,0.617855,0.313092,0.589179,0.200969,0.102475,0.332411,,,,,,
sample,45,drone,,1.124104,1.587841,-0.449708,1.478295,1.804357,0.622843,0.315635,0.581465,0.198381,0.101144,0.332382,,,,,,
sample,46,drone,,1.149084,1.633095,-0.434088,1.486212,1.818786,0.627766,0.318145,0.573750,0.195794,0.099813,0.332353,,,,,,
sample,47,drone,,1.174065,1.678708,-0.418345,1.494190,1.833022,0.632625,0.320622,0.566036,0.193206,0.098482,0.332327,,,,,,
sample,48,drone,,1.199045,1.724673,-0.402482,1.502230,1.847065,0.637419,0.323065,0.558322,0.190619,0.097151,0.332301,,,,,,
sample,49,drone,,1.224025,1.770987,-0.386500,1.510330,1.860916,0.642148,0.325475,0.550608,0.188031,0.095820,0.332277,,,,,,
sample,50,drone,,1.249005,1.817645,-0.370400,1.518491,1.874574,0.646813,0.327852,0.542893,0.185444,0.094489,0.332254,,,,,,
sample,51,drone,,1.273985,1.864641,-0.354185,1.526710,1.888039,0.651413,0.330196,0.535179,0.182856,0.093158,0.332232,,,,,,
sample,52,drone,,1.298965,1.911972,-0.337855,1.534987,1.901311,0.655948,0.332507,0.527465,0.180268,0.091827,0.332212,,,,,,
sample,53,drone,,1.323945,1.959631,-0.321413,1.543322,1.914391,0.660419,0.334784,0.519750,0.177681,0.090496,0.332192,,,,,,
sample,54,drone,,1.348925,2.007615,-0.304861,1.551713,1.927278,0.664825,0.337028,0.512036,0.175093,0.089165,0.332174,,,,,,
sample,55,drone,,1.373905,2.055918,-0.288199,1.560160,1.939972,0.669167,0.339239,0.504322,0.172506,0.087834,0.332156,,,,,,
sample,56,drone,,1.398885,2.104536,-0.271429,1.568662,1.952474,0.673444,0.341416,0.496608,0.169918,0.086503,0.332140,,,,,,
sample,57,drone,,1.423866,2.153464,-0.254553,1.577217,1.964783,0.677656,0.343560,0.488893,0.167331,0.085172,0.332125,,,,,,
sample,58,drone,,1.448846,2.202697,-0.237573,1.585826,1.976899,0.681803,0.345671,0.481179,0.164743,0.083841,0.332111,,,,,,
sample,59,drone,,1.473826,2.252231,-0.220490,1.594487,1.988823,0.685886,0.347749,0.473465,0.162156,0.082510,0.332098,,,,,,
sample,60,drone,,1.498806,2.302059,-0.203306,1.603200,2.000554,0.689905,0.349793,0.465750,0.159568,0.081179,0.332086,,,,,,
sample,61,drone,,1.523786,2.352179,-0.186022,1.611963,2.012092,0.693858,0.351805,0.458036,0.156981,0.079848,0.332074,,,,,,
sample,62,drone,,1.548766,2.402584,-0.168641,1.620776,2.023437,0.697747,0.353783,0.450322,0.154393,0.078517,0.332064,,,,,,
sample,63,drone,,1.573746,2.453270,-0.151163,1.629638,2.034590,0.701572,0.355727,0.442608,0.151806,0.077186,0.332055,,,,,,
sample,64,drone,,1.598726,2.504232,-0.133590,1.638548,2.045550,0.705332,0.357639,0.434893,0.149218,0.075855,0.332046,,,,,,
sample,65,drone,,1.623706,2.555466,-0.115924,1.647506,2.056317,0.709027,0.359517,0.427179,0.146630,0.074524,0.332039,,,,,,
sample,66,drone,,1.648686,2.606966,-0.098167,1.656510,2.066892,0.712657,0.361362,0.419465,0.144043,0.073193,0.332032,,,,,,
sample,67,drone,,1.673667,2.658728,-0.080320,1.665559,2.077274,0.716223,0.363174,0.411750,0.141455,0.071862,0.332026,,,,,,
sample,68,drone,,1.698647,2.710747,-0.062384,1.674654,2.087463,0.719725,0.364952,0.404036,0.138868,0.070531,0.332021,,,,,,
sample,69,drone,,1.723627,2.763019,-0.044362,1.683792,2.097460,0.723161,0.366698,0.396322,0.136280,0.069200,0.332017,,,,,,
sample,70,drone,,1.748607,2.815537,-0.026255,1.692974,2.107263,0.726533,0.368410,0.388608,0.133693,0.067869,0.332013,,,,,,
sample,71,drone,,1.773587,2.868298,-0.008064,1.702198,2.116875,0.729840,0.370088,0.380893,0.131105,0.066538,0.332010,,,,,,
sample,72,drone,,1.798567,2.921296,0.010208,1.711464,2.126293,0.733083,0.371734,0.373179,0.128518,0.065207,0.332008,,,,,,
sample,73,drone,,1.823547,2.974528,0.028561,1.720770,2.135519,0.736261,0.373346,0.365465,0.125930,0.063876,0.332007,,,,,,
sample,74,drone,,1.848527,3.027987,0.046992,1.730116,2.144552,0.739375,0.374925,0.357751,0.123343,0.062545,0.332007,,,,,,
sample,75,drone,,1.873507,3.081670,0.065500,1.739501,2.153392,0.742423,0.376471,0.350036,0.120755,0.061214,0.332007,,,,,,
sample,76,drone,,1.898487,3.135571,0.084083,1.748925,2.162040,0.745408,0.377983,0.342322,0.118167,0.059883,0.332009,,,,,,
sample,77,drone,,1.923467,3.189686,0.102741,1.758386,2.170494,0.748327,0.379463,0.334608,0.115580,0.058552,0.332010,,,,,,
sample,78,drone,,1.948448,3.244010,0.121470,1.767883,2.178757,0.751182,0.380909,0.326893,0.112992,0.057221,0.332013,,,,,,
sample,79,drone,,1.973428,3.298537,0.140270,1.777416,2.186826,0.753972,0.382321,0.319179,0.110405,0.055890,0.332016,,,,,,
sample,80,drone,,1.998408,3.353264,0.159138,1.786984,2.194703,0.756698,0.383701,0.311465,0.107817,0.054559,0.332020,,,,,,
sample,81,drone,,2.023388,3.408185,0.178075,1.796586,2.202387,0.759359,0.385047,0.303751,0.105230,0.053228,0.332025,,,,,,
sample,82,drone,,2.048368,3.463295,0.197076,1.806221,2.209878,0.761955,0.386360,0.296036,0.102642,0.051897,0.332030,,,,,,
sample,83,drone,,2.073348,3.518591,0.216142,1.815888,2.217177,0.764487,0.387640,0.288322,0.100055,0.050566,0.332037,,,,,,
sample,84,drone,,2.098328,3.574066,0.235270,1.825587,2.224283,0.766954,0.388886,0.280608,0.097467,0.049235,0.332043,,,,,,
sample,85,drone,,2.123308,3.629716,0.254459,1.835317,2.231196,0.769356,0.390100,0.272893,0.094880,0.047903,0.332051,,,,,,
sample,86,drone,,2.148288,3.685537,0.273707,1.845077,2.237917,0.771694,0.391280,0.265179,0.092292,0.046572,0.332059,,,,,,
sample,87,drone,,2.173268,3.741523,0.293013,1.854865,2.244445,0.773967,0.392426,0.257465,0.089705,0.045241,0.332068,,,,,,
sample,88,drone,,2.198249,3.797670,0.312375,1.864682,2.250780,0.776176,0.393540,0.249751,0.087117,0.043910,0.332077,,,,,,
sample,89,drone,,2.223229,3.853973,0.331791,1.874527,2.256922,0.778320,0.394620,0.242036,0.084529,0.042579,0.332087,,,,,,
sample,90,drone,,2.248209,3.910426,0.351260,1.884398,2.262872,0.780399,0.395667,0.234322,0.081942,0.041248,0.332098,,,,,,
sample,91,drone,,2.273189,3.967026,0.370780,1.894294,2.268629,0.782413,0.396681,0.226608,0.079354,0.039917,0.332110,,,,,,
sample,92,drone,,2.298169,4.023767,0.390349,1.904216,2.274193,0.784363,0.397661,0.218893,0.076767,0.038586,0.332122,,,,,,
sample,93,drone,,2.323149,4.080645,0.409967,1.914162,2.279565,0.786249,0.398609,0.211179,0.074179,0.037255,0.332135,,,,,,
sample,94,drone,,2.348129,4.137655,0.429631,1.924131,2.284744,0.788069,0.399523,0.203465,0.071592,0.035924,0.332148,,,,,,
sample,95,drone,,2.373109,4.194791,0.449339,1.934122,2.289730,0.789826,0.400404,0.195751,0.069004,0.034593,0.332162,,,,,,
sample,96,drone,,2.398089,4.252050,0.469090,1.944135,2.294524,0.791517,0.401251,0.188036,0.066417,0.033262,0.332177,,,,,,
sample,97,drone,,2.423069,4.309426,0.488883,1.954168,2.299124,0.793144,0.402065,0.180322,0.063829,0.031931,0.332192,,,,,,
sample,98,drone,,2.448050,4.366915,0.508716,1.964222,2.303532,0.794706,0.402846,0.172608,0.061242,0.030600,0.332209,,,,,,
sample,99,drone,,2.473030,4.424511,0.528587,1.974295,2.307748,0.796203,0.403594,0.164894,0.058654,0.029269,0.332225,,,,,,
sample,100,drone,,2.498010,4.482210,0.548494,1.984386,2.311771,0.797636,0.404309,0.157179,0.056067,0.027938,0.332243,,,,,,
sample,101,drone,,2.522990,4.540008,0.568437,1.994494,2.315601,0.799004,0.404990,0.149465,0.053479,0.026607,0.332261,,,,,,
sample,102,drone,,2.547970,4.597898,0.588413,2.004619,2.319238,0.800308,0.405638,0.141751,0.050891,0.025276,0.332279,,,,,,
sample,103,drone,,2.572950,4.655877,0.608421,2.014760,2.322682,0.801547,0.406253,0.134036,0.048304,0.023945,0.332299,,,,,,
sample,104,drone,,2.597930,4.713940,0.628458,2.024916,2.325934,0.802721,0.406834,0.126322,0.045716,0.022614,0.332319,,,,,,
sample,105,drone,,2.622910,4.772081,0.648525,2.035085,2.328994,0.803831,0.407383,0.118608,0.043129,0.021283,0.332339,,,,,,
sample,106,drone,,2.647890,4.830297,0.668618,2.045268,2.331860,0.804876,0.407898,0.110894,0.040541,0.019952,0.332361,,,,,,
sample,107,drone,,2.672870,4.888582,0.688736,2.055464,2.334534,0.805856,0.408379,0.103179,0.037954,0.018621,0.332383,,,,,,
sample,108,drone,,2.697851,4.946931,0.708879,2.065671,2.337015,0.806772,0.408828,0.095465,0.035366,0.017290,0.332406,,,,,,
sample,109,drone,,2.722831,5.005339,0.729043,2.075889,2.339303,0.807623,0.409243,0.087751,0.032779,0.015959,0.332429,,,,,,
sample,110,drone,,2.747811,5.063803,0.749228,2.086117,2.341399,0.808410,0.409625,0.080036,0.030191,0.014628,0.332453,,,,,,
sample,111,drone,,2.772791,5.122316,0.769431,2.096354,2.343302,0.809132,0.409974,0.072322,0.027604,0.013297,0.332478,,,,,,
sample,112,drone,,2.797771,5.180875,0.789652,2.106599,2.345012,0.809789,0.410290,0.064608,0.025016,0.011966,0.332503,,,,,,
sample,113,drone,,2.822751,5.239473,0.809888,2.116852,2.346530,0.810382,0.410572,0.056894,0.022429,0.010635,0.332529,,,,,,
sample,114,drone,,2.847731,5.298108,0.830139,2.127112,2.347855,0.810909,0.410821,0.049179,0.019841,0.009304,0.332556,,,,,,
sample,115,drone,,2.872711,5.356773,0.850402,2.137377,2.348987,0.811373,0.411037,0.041465,0.017253,0.007973,0.332583,,,,,,
sample,116,drone,,2.897691,5.415463,0.870675,2.147647,2.349926,0.811771,0.411219,0.033751,0.014666,0.006642,0.332612,,,,,,
sample,117,drone,,2.922671,5.474175,0.890958,2.157921,2.350673,0.812105,0.411368,0.026036,0.012078,0.005311,0.332641,,,,,,
sample,118,drone,,2.947651,5.532904,0.911248,2.168199,2.351227,0.812375,0.411484,0.018322,0.009491,0.003980,0.332670,,,,,,
sample,119,drone,,2.972632,5.591643,0.931544,2.178479,2.351588,0.812580,0.411567,0.010608,0.006903,0.002649,0.332701,,,,,,
sample,120,drone,,2.997612,5.650389,0.951845,2.188761,2.351757,0.812720,0.411617,0.002894,0.004316,0.001318,0.332732,,,,,,
sample,121,drone,,3.022592,5.709137,0.972148,2.199044,2.351733,0.812795,0.411633,-0.004821,0.001728,-0.000013,0.332763,,,,,,
sample,122,drone,,3.047572,5.767882,0.992452,2.209326,2.351516,0.812806,0.411616,-0.012535,-0.000859,-0.001344,0.332796,,,,,,
sample,123,drone,,3.072552,5.826620,1.012756,2.219608,2.351107,0.812752,0.411566,-0.020249,-0.003447,-0.002675,0.332829,,,,,,
sample,124,drone,,3.097532,5.885344,1.033057,2.229888,2.350504,0.812634,0.411483,-0.027963,-0.006034,-0.004006,0.332863,,,,,,
sample,125,drone,,3.122512,5.944051,1.053355,2.240166,2.349710,0.812451,0.411366,-0.035678,-0.008622,-0.005337,0.332898,,,,,,
sample,126,drone,,3.147492,6.002736,1.073648,2.250440,2.348722,0.812203,0.411216,-0.043392,-0.011209,-0.006668,0.332934,,,,,,
sample,127,drone,,3.172472,6.061394,1.093933,2.260710,2.347542,0.811891,0.411033,-0.051106,-0.013797,-0.007999,0.332970,,,,,,
sample,128,drone,,3.197452,6.120020,1.114210,2.270975,2.346169,0.811514,0.410816,-0.058821,-0.016385,-0.009330,0.333008,,,,,,
sample,129,drone,,3.222433,6.178609,1.134476,2.281235,2.344603,0.811072,0.410567,-0.066535,-0.018972,-0.010661,0.333046,,,,,,
sample,130,drone,,3.247413,6.237157,1.154731,2.291487,2.342845,0.810566,0.410284,-0.074249,-0.021560,-0.011992,0.333085,,,,,,
sample,131,drone,,3.272393,6.295658,1.174972,2.301733,2.340893,0.809995,0.409967,-0.081963,-0.024147,-0.013323,0.333124,,,,,,
sample,132,drone,,3.297373,6.354108,1.195199,2.311970,2.338750,0.809360,0.409618,-0.089678,-0.026735,-0.014654,0.333165,,,,,,
sample,133,drone,,3.322353,6.412502,1.215408,2.322197,2.336413,0.808659,0.409235,-0.097392,-0.029322,-0.015985,0.333206,,,,,,
sample,134,drone,,3.347333,6.470836,1.235600,2.332415,2.333884,0.807895,0.408819,-0.105106,-0.031910,-0.017316,0.333249,,,,,,
sample,135,drone,,3.372313,6.529104,1.255771,2.342622,2.331162,0.807065,0.408370,-0.112821,-0.034497,-0.018648,0.333292,,,,,,
sample,136,drone,,3.397293,6.587301,1.275921,2.352817,2.328247,0.806171,0.407888,-0.120535,-0.037085,-0.019979,0.333336,,,,,,
sample,137,drone,,3.422273,6.645423,1.296047,2.363000,2.325140,0.805212,0.407372,-0.128249,-0.039672,-0.021310,0.333381,,,,,,
sample,138,drone,,3.447253,6.703465,1.316149,2.373170,2.321840,0.804189,0.406823,-0.135963,-0.042260,-0.022641,0.333427,,,,,,
sample,139,drone,,3.472234,6.761423,1.336225,2.383325,2.318347,0.803101,0.406241,-0.143678,-0.044847,-0.023972,0.333474,,,,,,
sample,140,drone,,3.497214,6.819291,1.356272,2.393466,2.314662,0.801949,0.405625,-0.151392,-0.047435,-0.025303,0.333522,,,,,,
sample,141,drone,,3.522194,6.877064,1.376290,2.403590,2.310784,0.800731,0.404977,-0.159106,-0.050023,-0.026634,0.333571,,,,,,
sample,142,drone,,3.547174,6.934738,1.396277,2.413698,2.306713,0.799449,0.404295,-0.166821,-0.052610,-0.027965,0.333620,,,,,,
sample,143,drone,,3.572154,6.992308,1.416231,2.423789,2.302449,0.798103,0.403580,-0.174535,-0.055198,-0.029296,0.333671,,,,,,
sample,144,drone,,3.597134,7.049769,1.436150,2.433861,2.297993,0.796692,0.402831,-0.182249,-0.057785,-0.030627,0.333723,,,,,,
sample,145,drone,,3.622114,7.107116,1.456034,2.443914,2.293344,0.795216,0.402049,-0.189963,-0.060373,-0.031958,0.333776,,,,,,
sample,146,drone,,3.647094,7.164344,1.475880,2.453948,2.288503,0.793676,0.401235,-0.197678,-0.062960,-0.033289,0.333830,,,,,,
sample,147,drone,,3.672074,7.221450,1.495686,2.463960,2.283468,0.792070,0.400386,-0.205392,-0.065548,-0.034620,0.333885,,,,,,
sample,148,drone,,3.697054,7.278427,1.515452,2.473951,2.278241,0.790401,0.399505,-0.213106,-0.068135,-0.035951,0.333941,,,,,,
sample,149,drone,,3.722035,7.335271,1.535175,2.483919,2.272821,0.788666,0.398590,-0.220820,-0.070723,-0.037282,0.333999,,,,,,
sample,150,drone,,3.747015,7.391978,1.554853,2.493865,2.267209,0.786867,0.397642,-0.228535,-0.073310,-0.038613,0.334057,,,,,,
sample,151,drone,,3.771995,7.448541,1.574487,2.503786,2.261404,0.785004,0.396661,-0.236249,-0.075898,-0.039944,0.334117,,,,,,
sample,152,drone,,3.796975,7.504958,1.594072,2.513682,2.255406,0.783076,0.395647,-0.243963,-0.078485,-0.041275,0.334178,,,,,,
sample,153,drone,,3.821955,7.561222,1.613609,2.523552,2.249215,0.781083,0.394599,-0.251678,-0.081073,-0.042606,0.334240,,,,,,
sample,154,drone,,3.846935,7.617329,1.633095,2.533396,2.242832,0.779025,0.393518,-0.259392,-0.083661,-0.043937,0.334303,,,,,,
sample,155,drone,,3.871915,7.673274,1.652529,2.543213,2.236256,0.776903,0.392404,-0.267106,-0.086248,-0.045268,0.334368,,,,,,
sample,156,drone,,3.896895,7.729053,1.671910,2.553001,2.229487,0.774716,0.391257,-0.274820,-0.088836,-0.046599,0.334434,,,,,,
sample,157,drone,,3.921875,7.784660,1.691234,2.562760,2.222526,0.772465,0.390076,-0.282535,-0.091423,-0.047930,0.334501,,,,,,
sample,158,drone,,3.946855,7.840091,1.710502,2.572489,2.215372,0.770149,0.388862,-0.290249,-0.094011,-0.049261,0.334570,,,,,,
sample,159,drone,,3.971835,7.895340,1.729711,2.582187,2.208025,0.767768,0.387615,-0.297963,-0.096598,-0.050592,0.334640,,,,,,
sample,160,drone,,3.996816,7.950404,1.748860,2.591854,2.200485,0.765323,0.386334,-0.305678,-0.099186,-0.051923,0.334711,,,,,,
sample,161,drone,,4.021796,8.005277,1.767947,2.601489,2.192753,0.762813,0.385021,-0.313392,-0.101773,-0.053254,0.334784,,,,,,
sample,162,drone,,4.046776,8.059954,1.786970,2.611090,2.184828,0.760238,0.383674,-0.321106,-0.104361,-0.054585,0.334858,,,,,,
sample,163,drone,,4.071756,8.114431,1.805928,2.620657,2.176711,0.757599,0.382294,-0.328820,-0.106948,-0.055916,0.334934,,,,,,
sample,164,drone,,4.096736,8.168703,1.824820,2.630189,2.168400,0.754895,0.380880,-0.336535,-0.109536,-0.057247,0.335012,,,,,,
sample,165,drone,,4.121716,8.222765,1.843643,2.639686,2.159897,0.752126,0.379434,-0.344249,-0.112123,-0.058578,0.335091,,,,,,
sample,166,drone,,4.146696,8.276612,1.862396,2.649146,2.151202,0.749293,0.377954,-0.351963,-0.114711,-0.059909,0.335172,,,,,,
sample,167,drone,,4.171676,8.330240,1.881078,2.658569,2.142313,0.746395,0.376440,-0.359678,-0.117299,-0.061240,0.335254,,,,,,
sample,168,drone,,4.196656,8.383643,1.899686,2.667953,2.133232,0.743433,0.374894,-0.367392,-0.119886,-0.062571,0.335338,,,,,,
sample,169,drone,,4.221636,8.436816,1.918220,2.677298,2.123958,0.740406,0.373314,-0.375106,-0.122474,-0.063902,0.335424,,,,,,
sample,170,drone,,4.246617,8.489756,1.936677,2.686604,2.114492,0.737314,0.371701,-0.382820,-0.125061,-0.065233,0.335512,,,,,,
sample,171,drone,,4.271597,8.542457,1.955056,2.695869,2.104833,0.734158,0.370055,-0.390535,-0.127649,-0.066564,0.335602,,,,,,
sample,172,drone,,4.296577,8.594914,1.973356,2.705092,2.094981,0.730937,0.368376,-0.398249,-0.130236,-0.067895,0.335694,,,,,,
sample,173,drone,,4.321557,8.647122,1.991574,2.714273,2.084936,0.727651,0.366663,-0.405963,-0.132824,-0.069226,0.335787,,,,,,
sample,174,drone,,4.346537,8.699078,2.009710,2.723411,2.074699,0.724301,0.364917,-0.413677,-0.135411,-0.070557,0.335883,,,,,,
sample,175,drone,,4.371517,8.750775,2.027760,2.732504,2.064269,0.720886,0.363138,-0.421392,-0.137999,-0.071888,0.335981,,,,,,
sample,176,drone,,4.396497,8.802209,2.045725,2.741553,2.053646,0.717406,0.361326,-0.429106,-0.140586,-0.073219,0.336081,,,,,,
sample,177,drone,,4.421477,8.853375,2.063602,2.750556,2.042830,0.713862,0.359480,-0.436820,-0.143174,-0.074550,0.336183,,,,,,
sample,178,drone,,4.446457,8.904269,2.081390,2.759513,2.031822,0.710253,0.357601,-0.444535,-0.145761,-0.075881,0.336287,,,,,,
sample,179,drone,,4.471437,8.954885,2.099087,2.768422,2.020621,0.706580,0.355689,-0.452249,-0.148349,-0.077212,0.336394,,,,,,
sample,180,drone,,4.496418,9.005220,2.116691,2.777283,2.009228,0.702842,0.353744,-0.459963,-0.150937,-0.078543,0.336503,,,,,,
sample,181,drone,,4.521398,9.055267,2.134201,2.786095,1.997641,0.699039,0.351765,-0.467677,-0.153524,-0.079874,0.336614,,,,,,
sample,182,drone,,4.546378,9.105022,2.151615,2.794857,1.985862,0.695172,0.349753,-0.475392,-0.156112,-0.081205,0.336729,,,,,,
sample,183,drone,,4.571358,9.154481,2.168932,2.803569,1.973891,0.691240,0.347708,-0.483106,-0.158699,-0.082536,0.336845,,,,,,
sample,184,drone,,4.596338,9.203638,2.186149,2.812229,1.961726,0.687243,0.345630,-0.490820,-0.161287,-0.083867,0.336965,,,,,,
sample,185,drone,,4.621318,9.252489,2.203266,2.820837,1.949369,0.683182,0.343518,-0.498535,-0.163874,-0.085199,0.337087,,,,,,
sample,186,drone,,4.646298,9.301029,2.220281,2.829391,1.936819,0.679056,0.341373,-0.506249,-0.166462,-0.086530,0.337212,,,,,,
sample,187,drone,,4.671278,9.349253,2.237192,2.837892,1.924077,0.674865,0.339195,-0.513963,-0.169049,-0.087861,0.337341,,,,,,
sample,188,drone,,4.696258,9.397156,2.253998,2.846337,1.911142,0.670610,0.336984,-0.521677,-0.171637,-0.089192,0.337472,,,,,,
sample,189,drone,,4.721238,9.444734,2.270696,2.854727,1.898014,0.666290,0.334739,-0.529392,-0.174224,-0.090523,0.337606,,,,,,
sample,190,drone,,4.746218,9.491981,2.287286,2.863061,1.884693,0.661906,0.332461,-0.537106,-0.176812,-0.091854,0.337744,,,,,,
sample,191,drone,,4.771199,9.538894,2.303765,2.871337,1.871180,0.657457,0.330150,-0.544820,-0.179399,-0.093185,0.337885,,,,,,
sample,192,drone,,4.796179,9.585466,2.320132,2.879555,1.857474,0.652943,0.327806,-0.552535,-0.181987,-0.094516,0.338030,,,,,,
sample,193,drone,,4.821159,9.631693,2.336386,2.887714,1.843575,0.648365,0.325428,-0.560249,-0.184575,-0.095847,0.338178,,,,,,
sample,194,drone,,4.846139,9.677571,2.352525,2.895814,1.829484,0.643722,0.323017,-0.567963,-0.187162,-0.097178,0.338331,,,,,,
sample,195,drone,,4.871119,9.723095,2.368546,2.903852,1.815200,0.639014,0.320573,-0.575677,-0.189750,-0.098509,0.338487,,,,,,
sample,196,drone,,4.896099,9.768259,2.384450,2.911830,1.800723,0.634242,0.318095,-0.583392,-0.192337,-0.099840,0.338647,,,,,,
sample,197,drone,,4.921079,9.813059,2.400233,2.919744,1.786053,0.629405,0.315585,-0.591106,-0.194925,-0.101171,0.338811,,,,,,
sample,198,drone,,4.946059,9.857491,2.415895,2.927596,1.771191,0.624503,0.313041,-0.598820,-0.197512,-0.102502,0.338980,,,,,,
sample,199,drone,,4.971039,9.901548,2.431434,2.935384,1.756136,0.619537,0.310464,-0.606534,-0.200100,-0.103833,0.339153,,,,,,
sample,200,drone,,4.996019,9.945227,2.446847,2.943107,1.740889,0.614506,0.307853,-0.614249,-0.202687,-0.105164,0.339331,,,,,,
sample,201,drone,,5.021000,9.988523,2.462134,2.950765,1.725448,0.609411,0.305210,-0.621963,-0.205275,-0.106495,0.339514,,,,,,
sample,202,drone,,5.045980,10.031431,2.477294,2.958355,1.709815,0.604251,0.302533,-0.629677,-0.207862,-0.107826,0.339702,,,,,,
sample,203,drone,,5.070960,10.073946,2.492323,2.965879,1.693989,0.599026,0.299823,-0.637392,-0.210450,-0.109157,0.339895,,,,,,
sample,204,drone,,5.095940,10.116063,2.507221,2.973335,1.677971,0.593737,0.297079,-0.645106,-0.213037,-0.110488,0.340093,,,,,,
sample,205,drone,,5.120920,10.157778,2.521986,2.980721,1.661760,0.588382,0.294303,-0.652820,-0.215625,-0.111819,0.340298,,,,,,
sample,206,drone,,5.145900,10.199085,2.536617,2.988038,1.645356,0.582964,0.291493,-0.660534,-0.218213,-0.113150,0.340508,,,,,,
sample,207,drone,,5.170880,10.239980,2.551111,2.995284,1.628759,0.577481,0.288650,-0.668249,-0.220800,-0.114481,0.340725,,,,,,
sample,208,drone,,5.195860,10.280458,2.565468,3.002459,1.611970,0.571933,0.285773,-0.675963,-0.223388,-0.115812,0.340948,,,,,,
sample,209,drone,,5.220840,10.320515,2.579685,3.009562,1.594988,0.566320,0.282864,-0.683677,-0.225975,-0.117143,0.341177,,,,,,
sample,210,drone,,5.245820,10.360144,2.593761,3.016591,1.577813,0.560643,0.279921,-0.691392,-0.228563,-0.118474,0.341414,,,,,,
sample,211,drone,,5.270801,10.399342,2.607695,3.023547,1.560446,0.554901,0.276945,-0.699106,-0.231150,-0.119805,0.341659,,,,,,
sample,212,drone,,5.295781,10.438104,2.621484,3.030427,1.542886,0.549095,0.273936,-0.706820,-0.233738,-0.121136,0.341911,,,,,,
sample,213,drone,,5.320761,10.476425,2.635128,3.037232,1.525133,0.543223,0.270893,-0.714534,-0.236325,-0.122467,0.342171,,,,,,
sample,214,drone,,5.345741,10.514300,2.648624,3.043961,1.507188,0.537288,0.267817,-0.722249,-0.238913,-0.123798,0.342439,,,,,,
sample,215,drone,,5.370721,10.551725,2.661971,3.050613,1.489049,0.531287,0.264708,-0.729963,-0.241500,-0.125129,0.342717,,,,,,
sample,216,drone,,5.395701,10.588693,2.675167,3.057186,1.470719,0.525222,0.261566,-0.737677,-0.244088,-0.126460,0.343003,,,,,,
sample,217,drone,,5.420681,10.625202,2.688211,3.063680,1.452195,0.519093,0.258390,-0.745392,-0.246675,-0.127791,0.343300,,,,,,
sample,218,drone,,5.445661,10.661245,2.701101,3.070095,1.433479,0.512898,0.255181,-0.753106,-0.249263,-0.129122,0.343606,,,,,,
sample,219,drone,,5.470641,10.696819,2.713835,3.076429,1.414570,0.506639,0.251939,-0.760820,-0.251851,-0.130453,0.343924,,,,,,
sample,220,drone,,5.495621,10.731918,2.726413,3.082682,1.395468,0.500316,0.248664,-0.768534,-0.254438,-0.131784,0.344253,,,,,,
sample,221,drone,,5.520602,10.766537,2.738831,3.088853,1.376174,0.493928,0.245355,-0.776249,-0.257026,-0.133115,0.344594,,,,,,
sample,222,drone,,5.545582,10.800672,2.751089,3.094940,1.356686,0.487475,0.242013,-0.783963,-0.259613,-0.134446,0.344947,,,,,,
sample,223,drone,,5.570562,10.834317,2.763186,3.100944,1.337007,0.480957,0.238638,-0.791677,-0.262201,-0.135777,0.345314,,,,,,
sample,224,drone,,5.595542,10.867469,2.775118,3.106862,1.317134,0.474375,0.235230,-0.799391,-0.264788,-0.137108,0.345695,,,,,,
sample,225,drone,,5.620522,10.900121,2.786885,3.112696,1.297069,0.467728,0.231788,-0.807106,-0.267376,-0.138439,0.346090,,,,,,
sample,226,drone,,5.645502,10.932270,2.798486,3.118443,1.276811,0.461017,0.228313,-0.814820,-0.269963,-0.139770,0.346502,,,,,,
sample,227,drone,,5.670482,10.963911,2.809918,3.124102,1.256360,0.454241,0.224805,-0.822534,-0.272551,-0.141101,0.346930,,,,,,
sample,228,drone,,5.695462,10.995038,2.821180,3.129674,1.235717,0.447400,0.221264,-0.830249,-0.275138,-0.142432,0.347376,,,,,,
sample,229,drone,,5.720442,11.025648,2.832270,3.135157,1.214881,0.440495,0.217689,-0.837963,-0.277726,-0.143763,0.347840,,,,,,
sample,230,drone,,5.745422,11.055734,2.843187,3.140550,1.193852,0.433525,0.214081,-0.845677,-0.280313,-0.145094,0.348325,,,,,,
sample,231,drone,,5.770402,11.085293,2.853929,3.145852,1.172631,0.426491,0.210440,-0.853391,-0.282901,-0.146425,0.348831,,,,,,
sample,232,drone,,5.795383,11.114319,2.864495,3.151063,1.151217,0.419391,0.206766,-0.861106,-0.285489,-0.147756,0.349359,,,,,,
sample,233,drone,,5.820363,11.142808,2.874882,3.156182,1.129610,0.412227,0.203058,-0.868820,-0.288076,-0.149087,0.349912,,,,,,
sample,234,drone,,5.845343,11.170754,2.885090,3.161208,1.107810,0.404999,0.199317,-0.876534,-0.290664,-0.150418,0.350491,,,,,,
sample,235,drone,,5.870323,11.198154,2.895116,3.166140,1.085818,0.397706,0.195543,-0.884249,-0.293251,-0.151750,0.351098,,,,,,
sample,236,drone,,5.895303,11.225002,2.904959,3.170978,1.063633,0.390348,0.191736,-0.891963,-0.295839,-0.153081,0.351734,,,,,,
sample,237,drone,,5.920283,11.251294,2.914618,3.175719,1.041255,0.382926,0.187895,-0.899677,-0.298426,-0.154412,0.352403,,,,,,
sample,238,drone,,5.945263,11.277023,2.924090,3.180365,1.018685,0.375439,0.184022,-0.907391,-0.301014,-0.155743,0.353106,,,,,,
sample,239,drone,,5.970243,11.302187,2.933375,3.184913,0.995922,0.367887,0.180115,-0.915106,-0.303601,-0.157074,0.353846,,,,,,
sample,240,drone,,5.995223,11.326780,2.942470,3.189363,0.972966,0.360271,0.176174,-0.922820,-0.306189,-0.158405,0.354627,,,,,,
sample,241,drone,,6.020203,11.350797,2.951374,3.193715,0.949818,0.352590,0.172201,-0.930534,-0.308776,-0.159736,0.355451,,,,,,
sample,242,drone,,6.045184,11.374233,2.960085,3.197967,0.926476,0.344844,0.168194,-0.938249,-0.311364,-0.161067,0.356323,,,,,,
sample,243,drone,,6.070164,11.397084,2.968602,3.202118,0.902942,0.337034,0.164154,-0.945963,-0.313951,-0.162398,0.357246,,,,,,
sample,244,drone,,6.095144,11.419344,2.976924,3.206168,0.879216,0.329159,0.160080,-0.953677,-0.316539,-0.163729,0.358225,,,,,,
sample,245,drone,,6.120124,11.441010,2.985047,3.210116,0.855297,0.321220,0.155974,-0.961391,-0.319127,-0.165060,0.359266,,,,,,
sample,246,drone,,6.145104,11.462075,2.992972,3.213960,0.831185,0.313215,0.151834,-0.969106,-0.321714,-0.166391,0.360374,,,,,,
sample,247,drone,,6.170084,11.482536,3.000696,3.217701,0.806880,0.305147,0.147661,-0.976820,-0.324302,-0.167722,0.361557,,,,,,
sample,248,drone,,6.195064,11.502387,3.008217,3.221337,0.782382,0.297013,0.143455,-0.984534,-0.326889,-0.169053,0.362821,,,,,,
sample,249,drone,,6.220044,11.521624,3.015534,3.224868,0.757692,0.288815,0.139215,-0.992248,-0.329477,-0.170384,0.364175,,,,,,
sample,250,drone,,6.245024,11.540241,3.022646,3.228293,0.732809,0.280553,0.134942,-0.999963,-0.332064,-0.171715,0.365631,,,,,,
sample,251,drone,,6.270004,11.558235,3.029551,3.231610,0.707734,0.272225,0.130636,-1.007677,-0.334652,-0.173046,0.367198,,,,,,
sample,252,drone,,6.294985,11.575600,3.036247,3.234819,0.682466,0.263833,0.126297,-1.015391,-0.337239,-0.174377,0.368891,,,,,,
sample,253,drone,,6.319965,11.592331,3.042732,3.237920,0.657005,0.255377,0.121924,-1.023106,-0.339827,-0.175708,0.370726,,,,,,
sample,254,drone,,6.344945,11.608424,3.049005,3.240911,0.631351,0.246855,0.117518,-1.030820,-0.342414,-0.177039,0.372720,,,,,,
sample,255,drone,,6.369925,11.623873,3.055065,3.243791,0.605505,0.238270,0.113079,-1.038534,-0.345002,-0.178370,0.374895,,,,,,
sample,256,drone,,6.394905,11.638675,3.060909,3.246560,0.579466,0.229619,0.108607,-1.046248,-0.347589,-0.179701,0.377278,,,,,,
sample,257,drone,,6.419885,11.652824,3.066537,3.249217,0.553234,0.220904,0.104101,-1.053963,-0.350177,-0.181032,0.379899,,,,,,
sample,258,drone,,6.444865,11.666315,3.071946,3.251761,0.526810,0.212124,0.099563,-1.061677,-0.352765,-0.182363,0.382796,,,,,,
sample,259,drone,,6.469845,11.679143,3.077135,3.254191,0.500193,0.203280,0.094990,-1.069391,-0.355352,-0.183694,0.386014,,,,,,
sample,260,drone,,6.494825,11.691304,3.082102,3.256507,0.473383,0.194371,0.090385,-1.077106,-0.357940,-0.185025,0.389610,,,,,,
sample,261,drone,,6.519805,11.702794,3.086845,3.258707,0.446380,0.185397,0.085747,-1.084820,-0.360527,-0.186356,0.393655,,,,,,
sample,262,drone,,6.544786,11.713606,3.091364,3.260791,0.419185,0.176359,0.081075,-1.092534,-0.363115,-0.187687,0.398238,,,,,,
sample,263,drone,,6.569766,11.723736,3.095656,3.262757,0.391797,0.167256,0.076370,-1.100248,-0.365702,-0.189018,0.403474,,,,,,
sample,264,drone,,6.594746,11.733180,3.099720,3.264606,0.364216,0.158088,0.071631,-1.107963,-0.368290,-0.190349,0.409511,,,,,,
sample,265,drone,,6.619726,11.741932,3.103554,3.266336,0.336443,0.148856,0.066860,-1.115677,-0.370877,-0.191680,0.416550,,,,,,
sample,266,drone,,6.644706,11.749989,3.107157,3.267946,0.308477,0.139559,0.062055,-1.123391,-0.373465,-0.193011,0.424859,,,,,,
sample,267,drone,,6.669686,11.757344,3.110527,3.269436,0.280318,0.130198,0.057217,-1.131106,-0.376052,-0.194342,0.434817,,,,,,
sample,268,drone,,6.694666,11.763993,3.113662,3.270805,0.251967,0.120771,0.052346,-1.138820,-0.378640,-0.195673,0.446963,,,,,,
sample,269,drone,,6.719646,11.769932,3.116561,3.272052,0.223422,0.111281,0.047441,-1.146534,-0.381227,-0.197004,0.462105,,,,,,
sample,270,drone,,6.744626,11.775156,3.119221,3.273175,0.194685,0.101725,0.042503,-1.183070,-0.386438,-0.203107,0.481493,,,,,,
sample,271,drone,,6.769606,11.779659,3.121643,3.274175,0.164316,0.091974,0.037294,-1.380666,-0.405897,-0.235852,0.510290,,,,,,
sample,272,drone,,6.794586,11.783365,3.123816,3.275038,0.125707,0.081447,0.030720,-1.692726,-0.434404,-0.287476,0.574902,,,,,,
sample,273,drone,,6.819567,11.785939,3.125712,3.275710,0.079747,0.070271,0.022931,-1.848501,-0.447141,-0.313145,0.722318,,,,,,
sample,274,drone,,6.844547,11.787349,3.127327,3.276184,0.033356,0.059107,0.015075,-1.848445,-0.445079,-0.312983,1.057023,,,,,,
sample,275,drone,,6.869527,11.787606,3.128665,3.276463,-0.012602,0.048035,0.007295,-1.831071,-0.441410,-0.309953,1.827359,,,,,,
sample,276,drone,,6.894507,11.786719,3.129727,3.276548,-0.058125,0.037054,-0.000410,-1.813697,-0.437741,-0.306923,2.574059,,,,,,
sample,277,drone,,6.919487,11.784702,3.130516,3.276442,-0.103214,0.026165,-0.008039,-1.796323,-0.434072,-0.303893,2.893318,,,,,,
sample,278,drone,,6.944467,11.781563,3.131034,3.276147,-0.147870,0.015368,-0.015593,-1.778949,-0.430403,-0.300862,3.038035,,,,,,
sample,279,drone,,6.969447,11.777314,3.131284,3.275663,-0.192091,0.004662,-0.023070,-1.761574,-0.426734,-0.297832,3.117326,,,,,,
sample,280,drone,,6.994427,11.771966,3.131267,3.274994,-0.235878,-0.005952,-0.030472,-1.744200,-0.423065,-0.294802,-3.116366,,,,,,
sample,281,drone,,7.019407,11.765530,3.130987,3.274141,-0.279232,-0.016474,-0.037799,-1.726826,-0.419396,-0.291772,-3.082663,,,,,,
sample,282,drone,,7.044387,11.758016,3.130444,3.273106,-0.322151,-0.026905,-0.045049,-1.709452,-0.415728,-0.288741,-3.058270,,,,,,
sample,283,drone,,7.069368,11.749435,3.129642,3.271890,-0.364636,-0.037244,-0.052224,-1.692077,-0.412059,-0.285711,-3.039806,,,,,,
sample,284,drone,,7.094348,11.739798,3.128583,3.270497,-0.406687,-0.047491,-0.059323,-1.674703,-0.408390,-0.282681,-3.025343,,,,,,
sample,285,drone,,7.119328,11.729117,3.127270,3.268927,-0.448305,-0.057647,-0.066347,-1.657329,-0.404721,-0.279651,-3.013705,,,,,,
sample,286,drone,,7.144308,11.717401,3.125703,3.267182,-0.489488,-0.067711,-0.073295,-1.639955,-0.401052,-0.276620,-3.004134,,,,,,
sample,287,drone,,7.169288,11.704662,3.123887,3.265265,-0.530237,-0.077684,-0.080167,-1.622580,-0.397383,-0.273590,-2.996120,,,,,,
sample,288,drone,,7.194268,11.690910,3.121822,3.263177,-0.570552,-0.087565,-0.086963,-1.605206,-0.393714,-0.270560,-2.989307,,,,,,
sample,289,drone,,7.219248,11.676157,3.119512,3.260920,-0.610433,-0.097354,-0.093684,-1.587832,-0.390045,-0.267530,-2.983441,,,,,,
sample,290,drone,,7.244228,11.660413,3.116958,3.258496,-0.649881,-0.107051,-0.100329,-1.570458,-0.386376,-0.264499,-2.978334,,,,,,
sample,291,drone,,7.269208,11.643689,3.114164,3.255908,-0.688894,-0.116657,-0.106899,-1.553084,-0.382707,-0.261469,-2.973844,,,,,,
sample,292,drone,,7.294188,11.625995,3.111130,3.253156,-0.727473,-0.126171,-0.113392,-1.535709,-0.379038,-0.258439,-2.969863,,,,,,
sample,293,drone,,7.319169,11.607344,3.107860,3.250242,-0.765618,-0.135594,-0.119810,-1.518335,-0.375369,-0.255409,-2.966306,,,,,,
sample,294,drone,,7.344149,11.587745,3.104356,3.247170,-0.803329,-0.144925,-0.126153,-1.500961,-0.371701,-0.252378,-2.963107,,,,,,
sample,295,drone,,7.369129,11.567209,3.100620,3.243940,-0.840606,-0.154164,-0.132419,-1.483587,-0.368032,-0.249348,-2.960212,,,,,,
sample,296,drone,,7.394109,11.545748,3.096654,3.240554,-0.877450,-0.163312,-0.138610,-1.466212,-0.364363,-0.246318,-2.957577,,,,,,
sample,297,drone,,7.419089,11.523372,3.092461,3.237015,-0.913859,-0.172368,-0.144725,-1.448838,-0.360694,-0.243288,-2.955167,,,,,,
sample,298,drone,,7.444069,11.500092,3.088042,3.233324,-0.949834,-0.181332,-0.150765,-1.431464,-0.357025,-0.240257,-2.952953,,,,,,
sample,299,drone,,7.469049,11.475918,3.083401,3.229483,-0.985375,-0.190205,-0.156729,-1.414090,-0.353356,-0.237227,-2.950910,,,,,,
sample,300,drone,,7.494029,11.450862,3.078540,3.225494,-1.020482,-0.198986,-0.162617,-1.396715,-0.349687,-0.234197,-2.949017,,,,,,
sample,301,drone,,7.519009,11.424935,3.073460,3.221358,-1.055155,-0.207675,-0.168429,-1.379341,-0.346018,-0.231167,-2.947257,,,,,,
sample,302,drone,,7.543989,11.398146,3.068164,3.217079,-1.089394,-0.216273,-0.174166,-1.361967,-0.342349,-0.228137,-2.945615,,,,,,
sample,303,drone,,7.568969,11.370508,3.062655,3.212657,-1.123199,-0.224779,-0.179827,-1.344593,-0.338680,-0.225106,-2.944078,,,,,,
sample,304,drone,,7.593950,11.342031,3.056934,3.208095,-1.156570,-0.233194,-0.185412,-1.327219,-0.335011,-0.222076,-2.942635,,,,,,
sample,305,drone,,7.618930,11.312726,3.051004,3.203394,-1.189507,-0.241516,-0.190922,-1.309844,-0.331342,-0.219046,-2.941277,,,,,,
sample,306,drone,,7.643910,11.282603,3.044868,3.198556,-1.222010,-0.249748,-0.196356,-1.292470,-0.327674,-0.216016,-2.939995,,,,,,
sample,307,drone,,7.668890,11.251674,3.038527,3.193584,-1.254079,-0.257887,-0.201714,-1.275096,-0.324005,-0.212985,-2.938781,,,,,,
sample,308,drone,,7.693870,11.219949,3.031984,3.188478,-1.285714,-0.265935,-0.206997,-1.257722,-0.320336,-0.209955,-2.937631,,,,,,
sample,309,drone,,7.718850,11.187439,3.025241,3.183242,-1.316915,-0.273891,-0.212203,-1.240347,-0.316667,-0.206925,-2.936537,,,,,,
sample,310,drone,,7.743830,11.154156,3.018300,3.177877,-1.347682,-0.281756,-0.217335,-1.222973,-0.312998,-0.203895,-2.935494,,,,,,
sample,311,drone,,7.768810,11.120109,3.011164,3.172384,-1.378015,-0.289529,-0.222390,-1.205599,-0.309329,-0.200864,-2.934499,,,,,,
sample,312,drone,,7.793790,11.085310,3.003835,3.166766,-1.407914,-0.297210,-0.227370,-1.188225,-0.305660,-0.197834,-2.933548,,,,,,
sample,313,drone,,7.818770,11.049769,2.996316,3.161025,-1.437379,-0.304799,-0.232274,-1.170850,-0.301991,-0.194804,-2.932636,,,,,,
sample,314,drone,,7.843751,11.013498,2.988607,3.155162,-1.466410,-0.312297,-0.237102,-1.153476,-0.298322,-0.191774,-2.931760,,,,,,
sample,315,drone,,7.868731,10.976507,2.980713,3.149179,-1.495007,-0.319704,-0.241855,-1.136102,-0.294653,-0.188743,-2.930918,,,,,,
sample,316,drone,,7.893711,10.938807,2.972635,3.143078,-1.523170,-0.327018,-0.246532,-1.118728,-0.290984,-0.185713,-2.930107,,,,,,
sample,317,drone,,7.918691,10.900409,2.964375,3.136862,-1.550899,-0.334241,-0.251133,-1.101354,-0.287315,-0.182683,-2.929325,,,,,,
sample,318,drone,,7.943671,10.861324,2.955936,3.130532,-1.578194,-0.341373,-0.255659,-1.083979,-0.283647,-0.179653,-2.928569,,,,,,
sample,319,drone,,7.968651,10.821562,2.947320,3.124089,-1.605055,-0.348412,-0.260109,-1.066605,-0.279978,-0.176622,-2.927837,,,,,,
sample,320,drone,,7.993631,10.781135,2.938529,3.117537,-1.631482,-0.355360,-0.264483,-1.049231,-0.276309,-0.173592,-2.927128,,,,,,
sample,321,drone,,8.018611,10.740053,2.929566,3.110876,-1.657475,-0.362217,-0.268781,-1.031857,-0.272640,-0.170562,-2.926440,,,,,,
sample,322,drone,,8.043591,10.698327,2.920433,3.104108,-1.683034,-0.368982,-0.273004,-1.014482,-0.268971,-0.167532,-2.925771,,,,,,
sample,323,drone,,8.068571,10.655968,2.911132,3.097236,-1.708158,-0.375655,-0.277151,-0.997108,-0.265302,-0.164501,-2.925121,,,,,,
sample,324,drone,,8.093552,10.612987,2.901665,3.090262,-1.732849,-0.382236,-0.281223,-0.979734,-0.261633,-0.161471,-2.924487,,,,,,
sample,325,drone,,8.118532,10.569395,2.892035,3.083186,-1.757106,-0.388726,-0.285218,-0.962360,-0.257964,-0.158441,-2.923869,,,,,,
sample,326,drone,,8.143512,10.525202,2.882244,3.076012,-1.780929,-0.395124,-0.289138,-0.944985,-0.254295,-0.155411,-2.923265,,,,,,
sample,327,drone,,8.168492,10.480419,2.872295,3.068741,-1.804318,-0.401430,-0.292983,-0.927611,-0.250626,-0.152380,-2.922675,,,,,,
sample,328,drone,,8.193472,10.435058,2.862189,3.061375,-1.827273,-0.407645,-0.296751,-0.910237,-0.246957,-0.149350,-2.922097,,,,,,
sample,329,drone,,8.218452,10.389128,2.851929,3.053915,-1.849793,-0.413769,-0.300444,-0.892863,-0.243288,-0.146320,-2.921532,,,,,,
sample,330,drone,,8.243432,10.342642,2.841517,3.046365,-1.871880,-0.419800,-0.304062,-0.875489,-0.239620,-0.143290,-2.920976,,,,,,
sample,331,drone,,8.268412,10.295609,2.830956,3.038724,-1.893533,-0.425740,-0.307603,-0.858114,-0.235951,-0.140259,-2.920432,,,,,,
sample,332,drone,,8.293392,10.248041,2.820247,3.030997,-1.914752,-0.431588,-0.311069,-0.840740,-0.232282,-0.137229,-2.919896,,,,,,
sample,333,drone,,8.318372,10.199948,2.809393,3.023183,-1.935537,-0.437345,-0.314459,-0.823366,-0.228613,-0.134199,-2.919369,,,,,,
sample,334,drone,,8.343353,10.151341,2.798397,3.015286,-1.955887,-0.443010,-0.317774,-0.805992,-0.224944,-0.131169,-2.918850,,,,,,
sample,335,drone,,8.368333,10.102231,2.787260,3.007307,-1.975804,-0.448583,-0.321012,-0.788617,-0.221275,-0.128138,-2.918339,,,,,,
sample,336,drone,,8.393313,10.052629,2.775986,2.999248,-1.995287,-0.454065,-0.324175,-0.771243,-0.217606,-0.125108,-2.917835,,,,,,
sample,337,drone,,8.418293,10.002546,2.764575,2.991111,-2.014335,-0.459455,-0.327263,-0.753869,-0.213937,-0.122078,-2.917337,,,,,,
sample,338,drone,,8.443273,9.951993,2.753031,2.982898,-2.032950,-0.464753,-0.330274,-0.736495,-0.210268,-0.119048,-2.916845,,,,,,
sample,339,drone,,8.468253,9.900980,2.741356,2.974611,-2.051131,-0.469960,-0.333210,-0.719120,-0.206599,-0.116017,-2.916358,,,,,,
sample,340,drone,,8.493233,9.849518,2.729552,2.966251,-2.068878,-0.475075,-0.336071,-0.701746,-0.202930,-0.112987,-2.915876,,,,,,
sample,341,drone,,8.518213,9.797618,2.717621,2.957821,-2.086190,-0.480098,-0.338855,-0.684372,-0.199261,-0.109957,-2.915399,,,,,,
sample,342,drone,,8.543193,9.745291,2.705566,2.949322,-2.103069,-0.485030,-0.341564,-0.666998,-0.195593,-0.106927,-2.914926,,,,,,
sample,343,drone,,8.568173,9.692548,2.693389,2.940756,-2.119514,-0.489870,-0.344197,-0.649624,-0.191924,-0.103897,-2.914457,,,,,,
sample,344,drone,,8.593153,9.639400,2.681092,2.932126,-2.135524,-0.494618,-0.346755,-0.632249,-0.188255,-0.100866,-2.913991,,,,,,
sample,345,drone,,8.618134,9.585857,2.668678,2.923432,-2.151101,-0.499275,-0.349237,-0.614875,-0.184586,-0.097836,-2.913529,,,,,,
sample,346,drone,,8.643114,9.531931,2.656148,2.914678,-2.166244,-0.503840,-0.351643,-0.597501,-0.180917,-0.094806,-2.913069,,,,,,
sample,347,drone,,8.668094,9.477631,2.643506,2.905864,-2.180952,-0.508314,-0.353973,-0.580127,-0.177248,-0.091776,-2.912611,,,,,,
sample,348,drone,,8.693074,9.422970,2.630753,2.896993,-2.195227,-0.512696,-0.356228,-0.562752,-0.173579,-0.088745,-2.912155,,,,,,
sample,349,drone,,8.718054,9.367957,2.617892,2.888067,-2.209067,-0.516986,-0.358407,-0.545378,-0.169910,-0.085715,-2.911701,,,,,,
sample,350,drone,,8.743034,9.312604,2.604924,2.879087,-2.222474,-0.521184,-0.360510,-0.528004,-0.166241,-0.082685,-2.911248,,,,,,
sample,351,drone,,8.768014,9.256922,2.591853,2.870056,-2.235447,-0.525291,-0.362538,-0.510630,-0.162572,-0.079655,-2.910797,,,,,,
sample,352,drone,,8.792994,9.200921,2.578681,2.860974,-2.247985,-0.529307,-0.364490,-0.493255,-0.158903,-0.076624,-2.910346,,,,,,
sample,353,drone,,8.817974,9.144612,2.565409,2.851846,-2.260090,-0.533230,-0.366366,-0.475881,-0.155234,-0.073594,-2.909897,,,,,,
sample,354,drone,,8.842954,9.088006,2.552040,2.842671,-2.271760,-0.537062,-0.368167,-0.458507,-0.151566,-0.070564,-2.909447,,,,,,
sample,355,drone,,8.867935,9.031115,2.538577,2.833452,-2.282997,-0.540802,-0.369891,-0.441133,-0.147897,-0.067534,-2.908997,,,,,,
sample,356,drone,,8.892915,8.973947,2.525022,2.824191,-2.293799,-0.544451,-0.371541,-0.423759,-0.144228,-0.064503,-2.908548,,,,,,
sample,357,drone,,8.917895,8.916516,2.511376,2.814890,-2.304168,-0.548008,-0.373114,-0.406384,-0.140559,-0.061473,-2.908097,,,,,,
sample,358,drone,,8.942875,8.858831,2.497643,2.805550,-2.314102,-0.551473,-0.374612,-0.389010,-0.136890,-0.058443,-2.907646,,,,,,
sample,359,drone,,8.967855,8.800903,2.483824,2.796174,-2.323603,-0.554847,-0.376034,-0.371636,-0.133221,-0.055413,-2.907195,,,,,,
sample,360,drone,,8.992835,8.742743,2.469923,2.786763,-2.332669,-0.558129,-0.377380,-0.354262,-0.129552,-0.052382,-2.906742,,,,,,
sample,361,drone,,9.017815,8.684362,2.455940,2.777320,-2.341302,-0.561320,-0.378651,-0.336887,-0.125883,-0.049352,-2.906287,,,,,,
sample,362,drone,,9.042795,8.625771,2.441879,2.767846,-2.349500,-0.564418,-0.379846,-0.319513,-0.122214,-0.046322,-2.905831,,,,,,
sample,363,drone,,9.067775,8.566981,2.427742,2.758343,-2.357265,-0.567425,-0.380965,-0.302139,-0.118545,-0.043292,-2.905373,,,,,,
sample,364,drone,,9.092755,8.508002,2.413530,2.748813,-2.364595,-0.570341,-0.382009,-0.284765,-0.114876,-0.040261,-2.904913,,,,,,
sample,365,drone,,9.117736,8.448845,2.399247,2.739258,-2.371492,-0.573165,-0.382977,-0.267391,-0.111207,-0.037231,-2.904451,,,,,,
sample,366,drone,,9.142716,8.389522,2.384895,2.729679,-2.377954,-0.575897,-0.383869,-0.250016,-0.107539,-0.034201,-2.903986,,,,,,
sample,367,drone,,9.167696,8.330042,2.370476,2.720079,-2.383983,-0.578537,-0.384685,-0.232642,-0.103870,-0.031171,-2.903518,,,,,,
sample,368,drone,,9.192676,8.270417,2.355991,2.710460,-2.389577,-0.581086,-0.385426,-0.215268,-0.100201,-0.028140,-2.903047,,,,,,
sample,369,drone,,9.217656,8.210658,2.341444,2.700824,-2.394737,-0.583543,-0.386091,-0.197894,-0.096532,-0.025110,-2.902573,,,,,,
sample,370,drone,,9.242636,8.150776,2.326837,2.691171,-2.399464,-0.585909,-0.386681,-0.180519,-0.092863,-0.022080,-2.902096,,,,,,
sample,371,drone,,9.267616,8.090781,2.312172,2.681505,-2.403756,-0.588183,-0.387194,-0.163145,-0.089194,-0.019050,-2.901615,,,,,,
sample,372,drone,,9.292596,8.030684,2.297452,2.671827,-2.407615,-0.590365,-0.387632,-0.145771,-0.085525,-0.016019,-2.901130,,,,,,
sample,373,drone,,9.317576,7.970496,2.282677,2.662139,-2.411039,-0.592456,-0.387995,-0.128397,-0.081856,-0.012989,-2.900640,,,,,,
sample,374,drone,,9.342556,7.910228,2.267852,2.652442,-2.414029,-0.594455,-0.388281,-0.111022,-0.078187,-0.009959,-2.900147,,,,,,
sample,375,drone,,9.367537,7.849890,2.252978,2.642740,-2.416586,-0.596362,-0.388492,-0.093648,-0.074518,-0.006929,-2.899648,,,,,,
sample,376,drone,,9.392517,7.789495,2.238058,2.633033,-2.418708,-0.598178,-0.388627,-0.076274,-0.070849,-0.003898,-2.899145,,,,,,
sample,377,drone,,9.417497,7.729051,2.223093,2.623324,-2.420396,-0.599902,-0.388687,-0.058900,-0.067180,-0.000868,-2.898636,,,,,,
sample,378,drone,,9.442477,7.668571,2.208087,2.613614,-2.421651,-0.601534,-0.388671,-0.041526,-0.063512,0.002162,-2.898122,,,,,,
sample,379,drone,,9.467457,7.608065,2.193041,2.603906,-2.422471,-0.603075,-0.388579,-0.024151,-0.059843,0.005192,-2.897602,,,,,,
sample,380,drone,,9.492437,7.547544,2.177957,2.594201,-2.422857,-0.604524,-0.388411,-0.006777,-0.056174,0.008222,-2.897077,,,,,,
sample,381,drone,,9.517417,7.487019,2.162838,2.584501,-2.422810,-0.605881,-0.388168,0.010597,-0.052505,0.011253,-2.896545,,,,,,
sample,382,drone,,9.542397,7.426500,2.147687,2.574808,-2.422328,-0.607147,-0.387849,0.027971,-0.048836,0.014283,-2.896006,,,,,,
sample,383,drone,,9.567377,7.365999,2.132505,2.565124,-2.421412,-0.608321,-0.387455,0.045346,-0.045167,0.017313,-2.895461,,,,,,
sample,384,drone,,9.592357,7.305526,2.117295,2.555451,-2.420062,-0.609403,-0.386984,0.062720,-0.041498,0.020343,-2.894908,,,,,,
sample,385,drone,,9.617337,7.245092,2.102059,2.545790,-2.418279,-0.610394,-0.386438,0.080094,-0.037829,0.023374,-2.894348,,,,,,
sample,386,drone,,9.642318,7.184708,2.086800,2.536144,-2.416061,-0.611293,-0.385816,0.097468,-0.034160,0.026404,-2.893781,,,,,,
sample,387,drone,,9.667298,7.124385,2.071519,2.526515,-2.413409,-0.612101,-0.385119,0.114843,-0.030491,0.029434,-2.893205,,,,,,
sample,388,drone,,9.692278,7.064134,2.056219,2.516904,-2.410323,-0.612817,-0.384346,0.132217,-0.026822,0.032464,-2.892621,,,,,,
sample,389,drone,,9.717258,7.003965,2.040903,2.507313,-2.406803,-0.613441,-0.383497,0.149591,-0.023153,0.035495,-2.892028,,,,,,
sample,390,drone,,9.742238,6.943889,2.025572,2.497744,-2.402850,-0.613973,-0.382573,0.166965,-0.019485,0.038525,-2.891427,,,,,,
sample,391,drone,,9.767218,6.883918,2.010228,2.488199,-2.398462,-0.614414,-0.381572,0.184339,-0.015816,0.041555,-2.890815,,,,,,
sample,392,drone,,9.792198,6.824062,1.994875,2.478681,-2.393640,-0.614764,-0.380496,0.201714,-0.012147,0.044585,-2.890194,,,,,,
sample,393,drone,,9.817178,6.764331,1.979515,2.469190,-2.388384,-0.615021,-0.379345,0.219088,-0.008478,0.047616,-2.889563,,,,,,
sample,394,drone,,9.842158,6.704738,1.964149,2.459728,-2.382694,-0.615187,-0.378118,0.236462,-0.004809,0.050646,-2.888921,,,,,,
sample,395,drone,,9.867138,6.645291,1.948780,2.450299,-2.376570,-0.615261,-0.376815,0.253836,-0.001140,0.053676,-2.888268,,,,,,
sample,396,drone,,9.892119,6.586004,1.933410,2.440903,-2.370013,-0.615244,-0.375436,0.271211,0.002529,0.056706,-2.887604,,,,,,
sample,397,drone,,9.917099,6.526885,1.918042,2.431542,-2.363021,-0.615135,-0.373982,0.288585,0.006198,0.059737,-2.886927,,,,,,
sample,398,drone,,9.942079,6.467947,1.902678,2.422219,-2.355595,-0.614934,-0.372451,0.305959,0.009867,0.062767,-2.886239,,,,,,
sample,399,drone,,9.967059,6.409199,1.887320,2.412934,-2.347735,-0.614642,-0.370846,0.323333,0.013536,0.065797,-2.885537,,,,,,
sample,400,drone,,9.992039,6.350653,1.871970,2.403691,-2.339441,-0.614258,-0.369164,0.340708,0.017205,0.068827,-2.884822,,,,,,
sample,401,drone,,10.017019,6.292320,1.856631,2.394491,-2.330713,-0.613783,-0.367407,0.358082,0.020874,0.071858,-2.884094,,,,,,
sample,402,drone,,10.041999,6.234211,1.841306,2.385335,-2.321551,-0.613215,-0.365574,0.375456,0.024543,0.074888,-2.883350,,,,,,
sample,403,drone,,10.066979,6.176335,1.825995,2.376227,-2.311955,-0.612556,-0.363666,0.392830,0.028211,0.077918,-2.882592,,,,,,
sample,404,drone,,10.091959,6.118705,1.810702,2.367166,-2.301925,-0.611806,-0.361681,0.410204,0.031880,0.080948,-2.881818,,,,,,
sample,405,drone,,10.116939,6.061331,1.795429,2.358157,-2.291461,-0.610964,-0.359621,0.427579,0.035549,0.083979,-2.881028,,,,,,
sample,406,drone,,10.141920,6.004223,1.780178,2.349200,-2.280563,-0.610030,-0.357486,0.444953,0.039218,0.087009,-2.880221,,,,,,
sample,407,drone,,10.166900,5.947393,1.764952,2.340297,-2.269231,-0.609004,-0.355274,0.462327,0.042887,0.090039,-2.879396,,,,,,
sample,408,drone,,10.191880,5.890852,1.749752,2.331450,-2.257465,-0.607887,-0.352987,0.479701,0.046556,0.093069,-2.878553,,,,,,
sample,409,drone,,10.216860,5.834610,1.734582,2.322661,-2.245265,-0.606678,-0.350625,0.497076,0.050225,0.096100,-2.877691,,,,,,
sample,410,drone,,10.241840,5.778678,1.719443,2.313933,-2.232631,-0.605378,-0.348186,0.514450,0.053894,0.099130,-2.876809,,,,,,
sample,411,drone,,10.266820,5.723067,1.704337,2.305266,-2.219563,-0.603986,-0.345672,0.531824,0.057563,0.102160,-2.875907,,,,,,
sample,412,drone,,10.291800,5.667788,1.689267,2.296663,-2.206061,-0.602502,-0.343082,0.549198,0.061232,0.105190,-2.874982,,,,,,
sample,413,drone,,10.316780,5.612852,1.674236,2.288126,-2.192125,-0.600927,-0.340417,0.566573,0.064901,0.108221,-2.874036,,,,,,
sample,414,drone,,10.341760,5.558269,1.659245,2.279656,-2.177755,-0.599260,-0.337676,0.583947,0.068570,0.111251,-2.873066,,,,,,
sample,415,drone,,10.366740,5.504051,1.644297,2.271255,-2.162951,-0.597501,-0.334859,0.601321,0.072238,0.114281,-2.872071,,,,,,
sample,416,drone,,10.391720,5.450208,1.629394,2.262926,-2.147713,-0.595651,-0.331966,0.618695,0.075907,0.117311,-2.871051,,,,,,
sample,417,drone,,10.416701,5.396750,1.614538,2.254670,-2.132041,-0.593709,-0.328998,0.636069,0.079576,0.120342,-2.870004,,,,,,
sample,418,drone,,10.441681,5.343690,1.599732,2.246489,-2.115935,-0.591675,-0.325954,0.653444,0.083245,0.123372,-2.868929,,,,,,
sample,419,drone,,10.466661,5.291038,1.584978,2.238385,-2.099395,-0.589550,-0.322834,0.670818,0.086914,0.126402,-2.867825,,,,,,
sample,420,drone,,10.491641,5.238804,1.570278,2.230360,-2.082421,-0.587333,-0.319639,0.688192,0.090583,0.129432,-2.866690,,,,,,
sample,421,drone,,10.516621,5.187000,1.555634,2.222416,-2.065013,-0.585024,-0.316368,0.705566,0.094252,0.132462,-2.865524,,,,,,
sample,422,drone,,10.541601,5.135636,1.541050,2.214555,-2.047171,-0.582624,-0.313021,0.722941,0.097921,0.135493,-2.864324,,,,,,
sample,423,drone,,10.566581,5.084723,1.526526,2.206778,-2.028895,-0.580132,-0.309598,0.740315,0.101590,0.138523,-2.863089,,,,,,
sample,424,drone,,10.591561,5.034272,1.512066,2.199087,-2.010184,-0.577548,-0.306100,0.757689,0.105259,0.141553,-2.861817,,,,,,
sample,425,drone,,10.616541,4.984294,1.497672,2.191485,-1.991040,-0.574873,-0.302526,0.775063,0.108928,0.144583,-2.860507,,,,,,
sample,426,drone,,10.641521,4.934799,1.483346,2.183973,-1.971462,-0.572106,-0.298877,0.792438,0.112597,0.147614,-2.859156,,,,,,
sample,427,drone,,10.666502,4.885799,1.469090,2.176553,-1.951450,-0.569248,-0.295152,0.809812,0.116265,0.150644,-2.857763,,,,,,
sample,428,drone,,10.691482,4.837304,1.454906,2.169227,-1.931004,-0.566298,-0.291351,0.827186,0.119934,0.153674,-2.856325,,,,,,
sample,429,drone,,10.716462,4.789326,1.440797,2.161997,-1.910124,-0.563256,-0.287474,0.844560,0.123603,0.156704,-2.854840,,,,,,
sample,430,drone,,10.741442,4.741874,1.426766,2.154865,-1.888809,-0.560122,-0.283522,0.861934,0.127272,0.159735,-2.853306,,,,,,
sample,431,drone,,10.766422,4.694960,1.412813,2.147832,-1.867061,-0.556897,-0.279494,0.879309,0.130941,0.162765,-2.851719,,,,,,
sample,432,drone,,10.791402,4.648595,1.398943,2.140901,-1.844879,-0.553581,-0.275390,0.896683,0.134610,0.165795,-2.850078,,,,,,
sample,433,drone,,10.816382,4.602790,1.385156,2.134074,-1.822263,-0.550172,-0.271210,0.914057,0.138279,0.168825,-2.848378,,,,,,
sample,434,drone,,10.841362,4.557555,1.371456,2.127351,-1.799212,-0.546672,-0.266955,0.931431,0.141948,0.171856,-2.846617,,,,,,
sample,435,drone,,10.866342,4.512901,1.357844,2.120736,-1.775728,-0.543080,-0.262625,0.948806,0.145617,0.174886,-2.844791,,,,,,
sample,436,drone,,10.891322,4.468839,1.344324,2.114231,-1.751810,-0.539397,-0.258218,0.966180,0.149286,0.177916,-2.842896,,,,,,
sample,437,drone,,10.916303,4.425380,1.330896,2.107836,-1.727458,-0.535622,-0.253736,0.983554,0.152955,0.180946,-2.840929,,,,,,
sample,438,drone,,10.941283,4.382535,1.317564,2.101554,-1.702671,-0.531755,-0.249178,1.000928,0.156624,0.183977,-2.838884,,,,,,
sample,439,drone,,10.966263,4.340314,1.304330,2.095387,-1.677451,-0.527797,-0.244544,1.018303,0.160292,0.187007,-2.836757,,,,,,
sample,440,drone,,10.991243,4.298729,1.291195,2.089336,-1.651797,-0.523747,-0.239835,1.035677,0.163961,0.190037,-2.834543,,,,,,
sample,441,drone,,11.016223,4.257790,1.278163,2.083405,-1.625708,-0.519606,-0.235050,1.053051,0.167630,0.193067,-2.832236,,,,,,
sample,442,drone,,11.041203,4.217508,1.265235,2.077593,-1.599186,-0.515372,-0.230189,1.070425,0.171299,0.196098,-2.829830,,,,,,
sample,443,drone,,11.066183,4.177895,1.252415,2.071904,-1.572230,-0.511047,-0.225253,1.087799,0.174968,0.199128,-2.827319,,,,,,
sample,444,drone,,11.091163,4.138959,1.239703,2.066340,-1.544839,-0.506631,-0.220241,1.105174,0.178637,0.202158,-2.824694,,,,,,
sample,445,drone,,11.116143,4.100714,1.227104,2.060901,-1.517015,-0.502123,-0.215153,1.122548,0.182306,0.205188,-2.821949,,,,,,
sample,446,drone,,11.141123,4.063169,1.214617,2.055591,-1.488757,-0.497523,-0.209990,1.139922,0.185975,0.208219,-2.819074,,,,,,
sample,447,drone,,11.166104,4.026335,1.202247,2.050410,-1.460064,-0.492831,-0.204750,1.157296,0.189644,0.211249,-2.816060,,,,,,
sample,448,drone,,11.191084,3.990224,1.189995,2.045361,-1.430938,-0.488048,-0.199436,1.174671,0.193313,0.214279,-2.812896,,,,,,
sample,449,drone,,11.216064,3.954846,1.177864,2.040446,-1.401378,-0.483173,-0.194045,1.192045,0.196982,0.217309,-2.809572,,,,,,
sample,450,drone,,11.241044,3.920211,1.165856,2.035667,-1.371383,-0.478207,-0.188579,1.209419,0.200651,0.220340,-2.806073,,,,,,
sample,451,drone,,11.266024,3.886331,1.153973,2.031025,-1.340955,-0.473149,-0.183037,1.226793,0.204319,0.223370,-2.802386,,,,,,
sample,452,drone,,11.291004,3.853217,1.142217,2.026522,-1.310092,-0.467999,-0.177419,1.244168,0.207988,0.226400,-2.798495,,,,,,
sample,453,drone,,11.315984,3.820878,1.130592,2.022161,-1.278796,-0.462758,-0.171726,1.261542,0.211657,0.229430,-2.794383,,,,,,
sample,454,drone,,11.340964,3.789328,1.119098,2.017943,-1.247065,-0.457425,-0.165957,1.278916,0.215326,0.232461,-2.790030,,,,,,
sample,455,drone,,11.365944,3.758575,1.107739,2.013870,-1.214901,-0.452000,-0.160112,1.296290,0.218995,0.235491,-2.785414,,,,,,
sample,456,drone,,11.390924,3.728631,1.096516,2.009943,-1.182303,-0.446484,-0.154192,1.313664,0.222664,0.238521,-2.780510,,,,,,
sample,457,drone,,11.415904,3.699507,1.085432,2.006166,-1.149270,-0.440876,-0.148196,1.331039,0.226333,0.241551,-2.775292,,,,,,
sample,458,drone,,11.440885,3.671213,1.074490,2.002539,-1.115804,-0.435176,-0.142124,1.348413,0.230002,0.244581,-2.769727,,,,,,
sample,459,drone,,11.465865,3.643761,1.063691,1.999066,-1.081903,-0.429385,-0.135976,1.365787,0.233671,0.247612,-2.763780,,,,,,
sample,460,drone,,11.490845,3.617161,1.053037,1.995746,-1.047569,-0.423502,-0.129753,1.383161,0.237340,0.250642,-2.757410,,,,,,
sample,461,drone,,11.515825,3.591424,1.042532,1.992583,-1.012800,-0.417527,-0.123454,1.400536,0.241009,0.253672,-2.750570,,,,,,
sample,462,drone,,11.540805,3.566561,1.032178,1.989578,-0.977598,-0.411461,-0.117079,1.417910,0.244678,0.256702,-2.743208,,,,,,
sample,463,drone,,11.565785,3.542583,1.021976,1.986734,-0.941961,-0.405303,-0.110629,1.435284,0.248346,0.259733,-2.735262,,,,,,
sample,464,drone,,11.590765,3.519501,1.011929,1.984051,-0.905891,-0.399054,-0.104103,1.452658,0.252015,0.262763,-2.726659,,,,,,
sample,465,drone,,11.615745,3.497325,1.002039,1.981533,-0.869386,-0.392712,-0.097501,1.470033,0.255684,0.265793,-2.717316,,,,,,
sample,466,drone,,11.640725,3.476066,0.992309,1.979180,-0.832447,-0.386280,-0.090824,1.487407,0.259353,0.268823,-2.707134,,,,,,
sample,467,drone,,11.665705,3.455736,0.982740,1.976995,-0.795075,-0.379755,-0.084071,1.504781,0.263022,0.271854,-2.695997,,,,,,
sample,468,drone,,11.690686,3.436344,0.973336,1.974980,-0.757268,-0.373139,-0.077242,1.522155,0.266691,0.274884,-2.683767,,,,,,
sample,469,drone,,11.715666,3.417902,0.964098,1.973136,-0.719028,-0.366431,-0.070338,1.539529,0.270360,0.277914,-2.670278,,,,,,
sample,470,drone,,11.740646,3.400421,0.955029,1.971466,-0.680353,-0.359632,-0.063358,1.556904,0.274029,0.280944,-2.655331,,,,,,
sample,471,drone,,11.765626,3.383912,0.946131,1.969971,-0.641244,-0.352741,-0.056302,1.574278,0.277698,0.283975,-2.638682,,,,,,
sample,472,drone,,11.790606,3.368385,0.937406,1.968653,-0.601702,-0.345758,-0.049170,1.591652,0.281367,0.287005,-2.620034,,,,,,
sample,473,drone,,11.815586,3.353851,0.928857,1.967514,-0.561725,-0.338683,-0.041963,1.609026,0.285036,0.290035,-2.599018,,,,,,
sample,474,drone,,11.840566,3.340321,0.920485,1.966556,-0.521315,-0.331517,-0.034680,1.626401,0.288705,0.293065,-2.575175,,,,,,
sample,475,drone,,11.865546,3.327806,0.912294,1.965782,-0.480470,-0.324260,-0.027321,1.776950,0.180584,0.346671,-2.547925,,,,,,
sample,476,drone,,11.890526,3.316316,0.904285,1.965191,-0.432538,-0.322495,-0.017360,2.459409,-0.380091,0.603559,-2.500921,,,,,,
sample,477,drone,,11.915506,3.306196,0.896182,1.964914,-0.357597,-0.343249,0.002833,3.411499,-1.185804,0.966796,-2.376664,,,,,,
sample,478,drone,,11.940487,3.298451,0.887137,1.965333,-0.262099,-0.381738,0.030941,3.810409,-1.546608,1.124062,-2.172467,,,,,,
sample,479,drone,,11.965467,3.293101,0.877110,1.966460,-0.167229,-0.420518,0.058991,3.755831,-1.533759,1.110591,-1.949295,,,,,,
sample,480,drone,,11.990447,3.290096,0.866127,1.968280,-0.074457,-0.458365,0.086426,3.671839,-1.496437,1.085996,-1.731829,,,,,,
sample,481,drone,,12.015427,3.289382,0.854210,1.970778,0.016217,-0.495280,0.113248,3.587848,-1.459116,1.061400,-1.538064,,,,,,
sample,482,drone,,12.040407,3.290906,0.841383,1.973938,0.104793,-0.531263,0.139454,3.503857,-1.421794,1.036805,-1.376044,,,,,,
sample,483,drone,,12.065387,3.294617,0.827668,1.977745,0.191271,-0.566313,0.165047,3.419865,-1.384473,1.012209,-1.245079,,,,,,
sample,484,drone,,12.090367,3.300462,0.813090,1.982184,0.275650,-0.600431,0.190024,3.335874,-1.347151,0.987614,-1.140412,,,,,,
sample,485,drone,,12.115347,3.308389,0.797671,1.987239,0.357931,-0.633617,0.214388,3.251882,-1.309830,0.963018,-1.056584,,,,,,
sample,486,drone,,12.140327,3.318344,0.781434,1.992895,0.438115,-0.665871,0.238137,3.167891,-1.272508,0.938423,-0.988847,,,,,,
sample,487,drone,,12.165307,3.330277,0.764404,1.999136,0.516200,-0.697192,0.261272,3.083899,-1.235186,0.913828,-0.933469,,,,,,
sample,488,drone,,12.190288,3.344134,0.746602,2.005948,0.592187,-0.727581,0.283792,2.999908,-1.197865,0.889232,-0.887630,,,,,,
sample,489,drone,,12.215268,3.359863,0.728054,2.013314,0.666076,-0.757038,0.305698,2.915917,-1.160543,0.864637,-0.849229,,,,,,
sample,490,drone,,12.240248,3.377411,0.708781,2.021221,0.737867,-0.785562,0.326989,2.831925,-1.123222,0.840041,-0.816696,,,,,,
sample,491,drone,,12.265228,3.396727,0.688807,2.029651,0.807559,-0.813154,0.347667,2.747934,-1.085900,0.815446,-0.788850,,,,,,
sample,492,drone,,12.290208,3.417757,0.668155,2.038590,0.875154,-0.839814,0.367729,2.663942,-1.048579,0.790850,-0.764794,,,,,,
sample,493,drone,,12.315188,3.440450,0.646850,2.048023,0.940651,-0.865541,0.387178,2.579951,-1.011257,0.766255,-0.743838,,,,,,
sample,494,drone,,12.340168,3.464752,0.624913,2.057934,1.004049,-0.890336,0.406011,2.495959,-0.973935,0.741659,-0.725444,,,,,,
sample,495,drone,,12.365148,3.490612,0.602368,2.068307,1.065349,-0.914199,0.424231,2.411968,-0.936614,0.717064,-0.709190,,,,,,
sample,496,drone,,12.390128,3.517977,0.579239,2.079128,1.124551,-0.937130,0.441836,2.327977,-0.899292,0.692469,-0.694740,,,,,,
sample,497,drone,,12.415108,3.546795,0.555549,2.090381,1.181655,-0.959128,0.458827,2.243985,-0.861971,0.667873,-0.681823,,,,,,
sample,498,drone,,12.440088,3.577013,0.531321,2.102051,1.236661,-0.980194,0.475203,2.159994,-0.824649,0.643278,-0.670221,,,,,,
sample,499,drone,,12.465069,3.608579,0.506578,2.114123,1.289569,-1.000328,0.490965,2.076002,-0.787328,0.618682,-0.659752,,,,,,
sample,500,drone,,12.490049,3.641440,0.481344,2.126580,1.340379,-1.019529,0.506113,1.992011,-0.750006,0.594087,-0.650268,,,,,,
sample,501,drone,,12.515029,3.675544,0.455643,2.139408,1.389090,-1.037798,0.520646,1.908019,-0.712684,0.569491,-0.641647,,,,,,
sample,502,drone,,12.540009,3.710839,0.429496,2.152592,1.435704,-1.055135,0.534565,1.824028,-0.675363,0.544896,-0.633783,,,,,,
sample,503,drone,,12.564989,3.747272,0.402928,2.166115,1.480219,-1.071539,0.547869,1.740037,-0.638041,0.520300,-0.626591,,,,,,
sample,504,drone,,12.589969,3.784791,0.375962,2.179963,1.522636,-1.087012,0.560559,1.656045,-0.600720,0.495705,-0.619995,,,,,,
sample,505,drone,,12.614949,3.823343,0.348620,2.194121,1.562955,-1.101551,0.572634,1.572054,-0.563398,0.471110,-0.613932,,,,,,
sample,506,drone,,12.639929,3.862877,0.320928,2.208572,1.601176,-1.115159,0.584096,1.488062,-0.526077,0.446514,-0.608348,,,,,,
sample,507,drone,,12.664909,3.903339,0.292907,2.223302,1.637299,-1.127834,0.594942,1.404071,-0.488755,0.421919,-0.603195,,,,,,
sample,508,drone,,12.689889,3.944677,0.264581,2.238296,1.671324,-1.139577,0.605175,1.320079,-0.451434,0.397323,-0.598434,,,,,,
sample,509,drone,,12.714870,3.986838,0.235973,2.253537,1.703251,-1.150388,0.614793,1.236088,-0.414112,0.372728,-0.594029,,,,,,
sample,510,drone,,12.739850,4.029771,0.207107,2.269011,1.733079,-1.160266,0.623796,1.152097,-0.376790,0.348132,-0.589950,,,,,,
sample,511,drone,,12.764830,4.073423,0.178006,2.284702,1.760810,-1.169213,0.632186,1.068105,-0.339469,0.323537,-0.586168,,,,,,
sample,512,drone,,12.789810,4.117742,0.148693,2.300595,1.786442,-1.177226,0.639960,0.984114,-0.302147,0.298941,-0.582661,,,,,,
sample,513,drone,,12.814790,4.162674,0.119192,2.316674,1.809976,-1.184308,0.647121,0.900122,-0.264826,0.274346,-0.579408,,,,,,
sample,514,drone,,12.839770,4.208168,0.089525,2.332925,1.831412,-1.190457,0.653667,0.816131,-0.227504,0.249751,-0.576390,,,,,,
sample,515,drone,,12.864750,4.254172,0.059716,2.349332,1.850750,-1.195674,0.659598,0.732139,-0.190183,0.225155,-0.573592,,,,,,
sample,516,drone,,12.889730,4.300632,0.029789,2.365879,1.867990,-1.199959,0.664915,0.648148,-0.152861,0.200560,-0.570999,,,,,,
sample,517,drone,,12.914710,4.347497,-0.000234,2.382551,1.883132,-1.203311,0.669618,0.564157,-0.115539,0.175964,-0.568600,,,,,,
sample,518,drone,,12.939690,4.394714,-0.030329,2.399333,1.896175,-1.205731,0.673707,0.480165,-0.078218,0.151369,-0.566382,,,,,,
sample,519,drone,,12.964671,4.442230,-0.060472,2.416210,1.907121,-1.207219,0.677181,0.396174,-0.040896,0.126773,-0.564336,,,,,,
sample,520,drone,,12.989651,4.489994,-0.090642,2.433165,1.915968,-1.207774,0.680040,0.312182,-0.003575,0.102178,-0.562454,,,,,,
sample,521,drone,,13.014631,4.537952,-0.120813,2.450185,1.922718,-1.207397,0.682286,0.228191,0.033747,0.077583,-0.560728,,,,,,
sample,522,drone,,13.039611,4.586053,-0.150963,2.467252,1.927369,-1.206088,0.683916,0.144199,0.071068,0.052987,-0.559152,,,,,,
sample,523,drone,,13.064591,4.634244,-0.181069,2.484353,1.929922,-1.203847,0.684933,0.060208,0.108390,0.028392,-0.557722,,,,,,
sample,524,drone,,13.089571,4.682473,-0.211108,2.501472,1.930377,-1.200673,0.685335,-0.023783,0.145711,0.003796,-0.556431,,,,,,
sample,525,drone,,13.114551,4.730686,-0.241055,2.518593,1.928734,-1.196567,0.685122,-0.107775,0.183033,-0.020799,-0.555277,,,,,,
sample,526,drone,,13.139531,4.778833,-0.270889,2.535701,1.924992,-1.191529,0.684296,-0.191766,0.220355,-0.045395,-0.554257,,,,,,
sample,527,drone,,13.164511,4.826859,-0.300584,2.552780,1.919153,-1.185558,0.682855,-0.275758,0.257676,-0.069990,-0.553369,,,,,,
sample,528,drone,,13.189491,4.874714,-0.330119,2.569816,1.911215,-1.178655,0.680799,-0.359749,0.294998,-0.094586,-0.552612,,,,,,
sample,529,drone,,13.214471,4.922344,-0.359470,2.586793,1.901180,-1.170820,0.678129,-0.443741,0.332319,-0.119181,-0.551984,,,,,,
sample,530,drone,,13.239452,4.969697,-0.388614,2.603696,1.889046,-1.162052,0.674845,-0.527732,0.369641,-0.143776,-0.551487,,,,,,
sample,531,drone,,13.264432,5.016721,-0.417526,2.620508,1.874814,-1.152353,0.670946,-0.611723,0.406962,-0.168372,-0.551121,,,,,,
sample,532,drone,,13.289412,5.063363,-0.446185,2.637216,1.858484,-1.141720,0.666433,-0.695715,0.444284,-0.192967,-0.550889,,,,,,
sample,533,drone,,13.314392,5.109571,-0.474567,2.653803,1.840056,-1.130156,0.661305,-0.779706,0.481606,-0.217563,-0.550793,,,,,,
sample,534,drone,,13.339372,5.155293,-0.502648,2.670255,1.819530,-1.117659,0.655563,-0.863698,0.518927,-0.242158,-0.550837,,,,,,
sample,535,drone,,13.364352,5.200475,-0.530406,2.686556,1.796906,-1.104230,0.649207,-0.947689,0.556249,-0.266754,-0.551026,,,,,,
sample,536,drone,,13.389332,5.245067,-0.557816,2.702690,1.772183,-1.089869,0.642236,-1.031681,0.593570,-0.291349,-0.551366,,,,,,
sample,537,drone,,13.414312,5.289014,-0.584856,2.718642,1.745363,-1.074575,0.634651,-1.115672,0.630892,-0.315945,-0.551865,,,,,,
sample,538,drone,,13.439292,5.332265,-0.611502,2.734397,1.716444,-1.058350,0.626452,-1.199663,0.668213,-0.340540,-0.552532,,,,,,
sample,539,drone,,13.464272,5.374768,-0.637731,2.749939,1.685427,-1.041191,0.617638,-1.283655,0.705535,-0.365135,-0.553377,,,,,,
sample,540,drone,,13.489253,5.416469,-0.663520,2.765254,1.652312,-1.023101,0.608209,-1.367646,0.742856,-0.389731,-0.554413,,,,,,
sample,541,drone,,13.514233,5.457318,-0.688845,2.780326,1.617099,-1.004078,0.598167,-1.451638,0.780178,-0.414326,-0.555655,,,,,,
sample,542,drone,,13.539213,5.497260,-0.713684,2.795139,1.579788,-0.984123,0.587510,-1.535629,0.817500,-0.438922,-0.557121,,,,,,
sample,543,drone,,13.564193,5.536244,-0.738012,2.809678,1.540379,-0.963236,0.576238,-1.619621,0.854821,-0.463517,-0.558832,,,,,,
sample,544,drone,,13.589173,5.574218,-0.761807,2.823928,1.498872,-0.941416,0.564352,-1.703612,0.892143,-0.488113,-0.560813,,,,,,
sample,545,drone,,13.614153,5.611128,-0.785046,2.837873,1.455266,-0.918664,0.551852,-1.787603,0.929464,-0.512708,-0.563094,,,,,,
sample,546,drone,,13.639133,5.646923,-0.807704,2.851498,1.409563,-0.894980,0.538737,-1.871595,0.966786,-0.537303,-0.565711,,,,,,
sample,547,drone,,13.664113,5.681550,-0.829759,2.864788,1.361761,-0.870363,0.525008,-1.955586,1.004107,-0.561899,-0.568707,,,,,,
sample,548,drone,,13.689093,5.714957,-0.851187,2.877728,1.311861,-0.844814,0.510665,-2.039578,1.041429,-0.586494,-0.572133,,,,,,
sample,549,drone,,13.714073,5.747091,-0.871966,2.890301,1.259863,-0.818333,0.495707,-2.123569,1.078751,-0.611090,-0.576053,,,,,,
sample,550,drone,,13.739054,5.777900,-0.892072,2.902493,1.205767,-0.790920,0.480134,-2.207560,1.116072,-0.635685,-0.580545,,,,,,
sample,551,drone,,13.764034,5.807331,-0.911481,2.914289,1.149573,-0.762574,0.463948,-2.291552,1.153394,-0.660281,-0.585706,,,,,,
sample,552,drone,,13.789014,5.835333,-0.930170,2.925672,1.091281,-0.733296,0.447147,-2.375543,1.190715,-0.684876,-0.591658,,,,,,
sample,553,drone,,13.813994,5.861852,-0.948116,2.936628,1.030891,-0.703086,0.429731,-2.459535,1.228037,-0.709472,-0.598555,,,,,,
sample,554,drone,,13.838974,5.886836,-0.965296,2.947142,0.968402,-0.671943,0.411701,-2.543526,1.265358,-0.734067,-0.606599,,,,,,
sample,555,drone,,13.863954,5.910234,-0.981687,2.957197,0.903816,-0.639868,0.393057,-2.627518,1.302680,-0.758662,-0.616050,,,,,,
sample,556,drone,,13.888934,5.931991,-0.997264,2.966779,0.837131,-0.606861,0.373798,-2.711509,1.340001,-0.783258,-0.627262,,,,,,
sample,557,drone,,13.913914,5.952057,-1.012005,2.975872,0.768348,-0.572921,0.353925,-2.795500,1.377323,-0.807853,-0.640714,,,,,,
sample,558,drone,,13.938894,5.970378,-1.025887,2.984461,0.697467,-0.538050,0.333438,-2.879492,1.414645,-0.832449,-0.657078,,,,,,
sample,559,drone,,13.963874,5.986902,-1.038887,2.992531,0.624488,-0.502246,0.312336,-2.963483,1.451966,-0.857044,-0.677328,,,,,,
sample,560,drone,,13.988855,6.001578,-1.050980,3.000065,0.549411,-0.465509,0.290620,-3.047475,1.489288,-0.881640,-0.702917,,,,,,
sample,561,drone,,14.013835,6.014351,-1.062143,3.007050,0.472236,-0.427840,0.268289,-3.131466,1.526609,-0.906235,-0.736114,,,,,,
sample,562,drone,,14.038815,6.025171,-1.072355,3.013469,0.392962,-0.389239,0.245344,-3.215458,1.563931,-0.930831,-0.780639,,,,,,
sample,563,drone,,14.063795,6.033984,-1.081590,3.019308,0.311591,-0.349706,0.221785,-3.299449,1.601252,-0.955426,-0.842972,,,,,,
sample,564,drone,,14.088775,6.040738,-1.089826,3.024550,0.228121,-0.309241,0.197611,-3.383440,1.638574,-0.980021,-0.935226,,,,,,
sample,565,drone,,14.113755,6.045381,-1.097040,3.029180,0.142553,-0.267843,0.172823,-3.467432,1.675896,-1.004617,-1.081700,,,,,,
sample,566,drone,,14.138735,6.047860,-1.103208,3.033184,0.054888,-0.225512,0.147420,-3.554878,1.709092,-1.025974,-1.332048,,,,,,
sample,567,drone,,14.163715,6.048123,-1.108306,3.036545,-0.035049,-0.182456,0.121565,-3.749039,1.598256,-0.934859,-1.760580,,,,,,
sample,568,drone,,14.188695,6.046109,-1.112323,3.039257,-0.132415,-0.145663,0.100714,-4.056914,1.273222,-0.678414,-2.308589,,,,,,
sample,569,drone,,14.213675,6.041507,-1.115584,3.041577,-0.237733,-0.118846,0.087671,-4.225344,1.000299,-0.466997,-2.678015,,,,,,
sample,570,drone,,14.238655,6.034231,-1.118261,3.043637,-0.343514,-0.095688,0.077383,-4.183322,0.918700,-0.407934,-2.869923,,,,,,
sample,571,drone,,14.263636,6.024345,-1.120364,3.045443,-0.446733,-0.072947,0.067291,-4.080751,0.902018,-0.400100,-2.979731,,,,,,
sample,572,drone,,14.288616,6.011913,-1.121905,3.046999,-0.547389,-0.050623,0.057394,-3.978180,0.885337,-0.392267,-3.049374,,,,,,
sample,573,drone,,14.313596,5.996998,-1.122893,3.048311,-0.645483,-0.028716,0.047693,-3.875609,0.868655,-0.384433,-3.097135,,,,,,
sample,574,drone,,14.338576,5.979664,-1.123340,3.049382,-0.741015,-0.007225,0.038188,-3.773038,0.851973,-0.376599,-3.131843,,,,,,
sample,575,drone,,14.363556,5.959976,-1.123254,3.050218,-0.833985,0.013849,0.028878,-3.670466,0.835292,-0.368765,3.124988,,,,,,
sample,576,drone,,14.388536,5.937998,-1.122648,3.050825,-0.924393,0.034506,0.019764,-3.567895,0.818610,-0.360931,3.104281,,,,,,
sample,577,drone,,14.413516,5.913793,-1.121530,3.051206,-1.012238,0.054747,0.010846,-3.465324,0.801929,-0.353098,3.087560,,,,,,
sample,578,drone,,14.438496,5.887426,-1.119913,3.051367,-1.097521,0.074571,0.002123,-3.362753,0.785247,-0.345264,3.073752,,,,,,
sample,579,drone,,14.463476,5.858961,-1.117805,3.051312,-1.180242,0.093978,-0.006404,-3.260182,0.768566,-0.337430,3.062134,,,,,,
sample,580,drone,,14.488456,5.828461,-1.115217,3.051047,-1.260400,0.112969,-0.014735,-3.157610,0.751884,-0.329596,3.052202,,,,,,
sample,581,drone,,14.513437,5.795991,-1.112161,3.050576,-1.337996,0.131542,-0.022870,-3.055039,0.735202,-0.321763,3.043595,,,,,,
sample,582,drone,,14.538417,5.761615,-1.108646,3.049904,-1.413031,0.149699,-0.030810,-2.952468,0.718521,-0.313929,3.036044,,,,,,
sample,583,drone,,14.563397,5.725396,-1.104682,3.049036,-1.485502,0.167440,-0.038554,-2.849897,0.701839,-0.306095,3.029350,,,,,,
sample,584,drone,,14.588377,5.687399,-1.100280,3.047978,-1.555412,0.184763,-0.046103,-2.747326,0.685158,-0.298261,3.023359,,,,,,
sample,585,drone,,14.613357,5.647687,-1.095451,3.046733,-1.622759,0.201670,-0.053456,-2.644754,0.668476,-0.290428,3.017950,,,,,,
sample,586,drone,,14.638337,5.606325,-1.090205,3.045307,-1.687544,0.218161,-0.060613,-2.542183,0.651795,-0.282594,3.013029,,,,,,
sample,587,drone,,14.663317,5.563377,-1.084552,3.043705,-1.749767,0.234234,-0.067574,-2.439612,0.635113,-0.274760,3.008518,,,,,,
sample,588,drone,,14.688297,5.518907,-1.078502,3.041931,-1.809428,0.249891,-0.074340,-2.337041,0.618431,-0.266926,3.004356,,,,,,
sample,589,drone,,14.713277,5.472978,-1.072067,3.039991,-1.866526,0.265131,-0.080910,-2.234470,0.601750,-0.259093,3.000491,,,,,,
sample,590,drone,,14.738257,5.425655,-1.065256,3.037889,-1.921062,0.279955,-0.087284,-2.131898,0.585068,-0.251259,2.996882,,,,,,
sample,591,drone,,14.763238,5.377001,-1.058081,3.035630,-1.973036,0.294361,-0.093463,-2.029327,0.568387,-0.243425,2.993493,,,,,,
sample,592,drone,,14.788218,5.327081,-1.050550,3.033219,-2.022448,0.308351,-0.099446,-1.926756,0.551705,-0.235591,2.990293,,,,,,
sample,593,drone,,14.813198,5.275959,-1.042675,3.030662,-2.069297,0.321925,-0.105233,-1.824185,0.535023,-0.227758,2.987258,,,,,,
sample,594,drone,,14.838178,5.223699,-1.034467,3.027962,-2.113585,0.335081,-0.110824,-1.721614,0.518342,-0.219924,2.984364,,,,,,
sample,595,drone,,14.863158,5.170364,-1.025935,3.025125,-2.155310,0.347821,-0.116220,-1.619043,0.501660,-0.212090,2.981593,,,,,,
sample,596,drone,,14.888138,5.116019,-1.017089,3.022156,-2.194472,0.360144,-0.121420,-1.516471,0.484979,-0.204256,2.978928,,,,,,
sample,597,drone,,14.913118,5.060728,-1.007942,3.019059,-2.231073,0.372051,-0.126425,-1.413900,0.468297,-0.196423,2.976354,,,,,,
sample,598,drone,,14.938098,5.004554,-0.998502,3.015839,-2.265111,0.383540,-0.131234,-1.311329,0.451616,-0.188589,2.973858,,,,,,
sample,599,drone,,14.963078,4.947563,-0.988780,3.012502,-2.296587,0.394613,-0.135847,-1.208758,0.434934,-0.180755,2.971428,,,,,,
sample,600,drone,,14.988058,4.889816,-0.978787,3.009052,-2.325501,0.405270,-0.140264,-1.106187,0.418252,-0.172921,2.969053,,,,,,
sample,601,drone,,15.013039,4.831380,-0.968533,3.005495,-2.351852,0.415509,-0.144486,-1.003615,0.401571,-0.165087,2.966724,,,,,,
sample,602,drone,,15.038019,4.772317,-0.958028,3.001834,-2.375642,0.425332,-0.148512,-0.901044,0.384889,-0.157254,2.964431,,,,,,
sample,603,drone,,15.062999,4.712693,-0.947283,2.998075,-2.396869,0.434739,-0.152343,-0.798473,0.368208,-0.149420,2.962166,,,,,,
sample,604,drone,,15.087979,4.652569,-0.936308,2.994223,-2.415533,0.443728,-0.155977,-0.695902,0.351526,-0.141586,2.959920,,,,,,
sample,605,drone,,15.112959,4.592012,-0.925114,2.990282,-2.431636,0.452301,-0.159416,-0.593331,0.334845,-0.133752,2.957688,,,,,,
sample,606,drone,,15.137939,4.531084,-0.913711,2.986258,-2.445176,0.460457,-0.162660,-0.490759,0.318163,-0.125919,2.955460,,,,,,
sample,607,drone,,15.162919,4.469851,-0.902110,2.982156,-2.456155,0.468196,-0.165707,-0.388188,0.301481,-0.118085,2.953231,,,,,,
sample,608,drone,,15.187899,4.408374,-0.890320,2.977980,-2.464570,0.475519,-0.168559,-0.285617,0.284800,-0.110251,2.950993,,,,,,
sample,609,drone,,15.212879,4.346720,-0.878353,2.973735,-2.470424,0.482425,-0.171215,-0.183046,0.268118,-0.102417,2.948739,,,,,,
sample,610,drone,,15.237859,4.284952,-0.866218,2.969426,-2.473715,0.488914,-0.173676,-0.080475,0.251437,-0.094584,2.946464,,,,,,
sample,611,drone,,15.262839,4.223133,-0.853926,2.965058,-2.474445,0.494987,-0.175941,0.022097,0.234755,-0.086750,2.944159,,,,,,
sample,612,drone,,15.287820,4.161328,-0.841488,2.960636,-2.472611,0.500643,-0.178010,0.124668,0.218074,-0.078916,2.941818,,,,,,
sample,613,drone,,15.312800,4.099601,-0.828914,2.956164,-2.468216,0.505882,-0.179883,0.227239,0.201392,-0.071082,2.939434,,,,,,
sample,614,drone,,15.337780,4.038015,-0.816214,2.951649,-2.461259,0.510704,-0.181561,0.329810,0.184710,-0.063249,2.936999,,,,,,
sample,615,drone,,15.362760,3.976636,-0.803399,2.947093,-2.451739,0.515110,-0.183043,0.432381,0.168029,-0.055415,2.934505,,,,,,
sample,616,drone,,15.387740,3.915526,-0.790479,2.942504,-2.439657,0.519099,-0.184330,0.534952,0.151347,-0.047581,2.931944,,,,,,
sample,617,drone,,15.412720,3.854750,-0.777465,2.937884,-2.425012,0.522671,-0.185420,0.637524,0.134666,-0.039747,2.929307,,,,,,
sample,618,drone,,15.437700,3.794372,-0.764367,2.933240,-2.407806,0.525827,-0.186315,0.740095,0.117984,-0.031914,2.926584,,,,,,
sample,619,drone,,15.462680,3.734456,-0.751195,2.928576,-2.388037,0.528566,-0.187015,0.842666,0.101303,-0.024080,2.923765,,,,,,
sample,620,drone,,15.487660,3.675065,-0.737959,2.923897,-2.365706,0.530888,-0.187519,0.945237,0.084621,-0.016246,2.920840,,,,,,
sample,621,drone,,15.512640,3.616264,-0.724671,2.919208,-2.340813,0.532794,-0.187827,1.047808,0.067939,-0.008412,2.917795,,,,,,
sample,622,drone,,15.537621,3.558118,-0.711341,2.914513,-2.313357,0.534282,-0.187939,1.150380,0.051258,-0.000579,2.914617,,,,,,
sample,623,drone,,15.562601,3.500689,-0.697978,2.909818,-2.283340,0.535354,-0.187855,1.252951,0.034576,0.007255,2.911291,,,,,,
sample,624,drone,,15.587581,3.444042,-0.684594,2.905128,-2.250760,0.536010,-0.187576,1.355522,0.017895,0.015089,2.907801,,,,,,
sample,625,drone,,15.612561,3.388240,-0.671199,2.900447,-2.215618,0.536248,-0.187102,1.458093,0.001213,0.022923,2.904128,,,,,,
sample,626,drone,,15.637541,3.333349,-0.657803,2.895780,-2.177913,0.536070,-0.186431,1.560664,-0.015468,0.030757,2.900251,,,,,,
sample,627,drone,,15.662521,3.279431,-0.644417,2.891133,-2.137646,0.535476,-0.185565,1.663236,-0.032150,0.038590,2.896146,,,,,,
sample,628,drone,,15.687501,3.226552,-0.631051,2.886509,-2.094818,0.534464,-0.184503,1.765807,-0.048832,0.046424,2.891786,,,,,,
sample,629,drone,,15.712481,3.174774,-0.617715,2.881915,-2.049426,0.533036,-0.183246,1.868378,-0.065513,0.054258,2.887140,,,,,,
sample,630,drone,,15.737461,3.124162,-0.604420,2.877354,-2.001473,0.531191,-0.181792,1.970949,-0.082195,0.062092,2.882173,,,,,,
sample,631,drone,,15.762441,3.074780,-0.591177,2.872832,-1.950957,0.528930,-0.180144,2.073520,-0.098876,0.069925,2.876844,,,,,,
sample,632,drone,,15.787422,3.026692,-0.577995,2.868354,-1.897880,0.526251,-0.178299,2.176091,-0.115558,0.077759,2.871104,,,,,,
sample,633,drone,,15.812402,2.979961,-0.564885,2.863925,-1.842239,0.523156,-0.176259,2.278663,-0.132239,0.085593,2.864899,,,,,,
sample,634,drone,,15.837382,2.934653,-0.551858,2.859548,-1.784037,0.519645,-0.174023,2.381234,-0.148921,0.093427,2.858160,,,,,,
sample,635,drone,,15.862362,2.890831,-0.538924,2.855230,-1.723273,0.515716,-0.171591,2.483805,-0.165603,0.101260,2.850810,,,,,,
sample,636,drone,,15.887342,2.848558,-0.526093,2.850976,-1.659946,0.511371,-0.168964,2.586376,-0.182284,0.109094,2.842753,,,,,,
sample,637,drone,,15.912322,2.807899,-0.513375,2.846789,-1.594057,0.506609,-0.166141,2.688947,-0.198966,0.116928,2.833876,,,,,,
sample,638,drone,,15.937302,2.768919,-0.500782,2.842675,-1.525605,0.501431,-0.163122,2.791519,-0.215647,0.124762,2.824039,,,,,,
sample,639,drone,,15.962282,2.731680,-0.488324,2.838639,-1.454592,0.495835,-0.159908,2.894090,-0.232329,0.132595,2.813069,,,,,,
sample,640,drone,,15.987262,2.696247,-0.476010,2.834686,-1.381016,0.489823,-0.156497,2.996661,-0.249010,0.140429,2.800752,,,,,,
sample,641,drone,,16.012242,2.662684,-0.463852,2.830821,-1.304878,0.483395,-0.152892,3.099232,-0.265692,0.148263,2.786815,,,,,,
sample,642,drone,,16.037222,2.631055,-0.451860,2.827048,-1.226178,0.476549,-0.149090,3.201803,-0.282374,0.156097,2.770912,,,,,,
sample,643,drone,,16.062203,2.601424,-0.440044,2.823372,-1.144915,0.469287,-0.145093,3.304375,-0.299055,0.163930,2.752591,,,,,,
sample,644,drone,,16.087183,2.573855,-0.428414,2.819799,-1.061091,0.461609,-0.140900,3.406946,-0.315737,0.171764,2.731255,,,,,,
sample,645,drone,,16.112163,2.548412,-0.416982,2.816333,-0.974704,0.453513,-0.136512,3.509517,-0.332418,0.179598,2.706102,,,,,,
sample,646,drone,,16.137143,2.525158,-0.405756,2.812979,-0.885755,0.445001,-0.131927,3.612088,-0.349100,0.187432,2.676029,,,,,,
sample,647,drone,,16.162123,2.504159,-0.394749,2.809742,-0.794243,0.436072,-0.127148,3.714659,-0.365781,0.195265,2.639486,,,,,,
sample,648,drone,,16.187103,2.485478,-0.383970,2.806626,-0.700169,0.426726,-0.122172,3.817231,-0.382463,0.203099,2.594245,,,,,,
sample,649,drone,,16.212083,2.469178,-0.373430,2.803638,-0.603533,0.416964,-0.117001,3.919802,-0.399145,0.210933,2.537020,,,,,,
sample,650,drone,,16.237063,2.455325,-0.363139,2.800781,-0.504335,0.406785,-0.111634,4.022373,-0.415826,0.218767,2.462855,,,,,,
sample,651,drone,,16.262043,2.443982,-0.353107,2.798061,-0.402575,0.396189,-0.106071,4.124944,-0.432508,0.226601,2.364189,,,,,,
sample,652,drone,,16.287023,2.435212,-0.343345,2.795482,-0.298252,0.385177,-0.100313,4.227515,-0.449189,0.234434,2.229685,,,,,,
sample,653,drone,,16.312004,2.429081,-0.333863,2.793049,-0.191367,0.373748,-0.094359,4.330086,-0.465871,0.242268,2.044016,,,,,,
sample,654,drone,,16.336984,2.425652,-0.324672,2.790767,-0.081920,0.361902,-0.088209,4.432658,-0.482553,0.250102,1.793406,,,,,,
sample,655,drone,,16.361964,2.424988,-0.315783,2.788642,0.030089,0.349639,-0.081864,4.474069,-0.468873,0.247534,1.484951,,,,,,
sample,656,drone,,16.386944,2.427155,-0.307204,2.786677,0.141605,0.338477,-0.075842,3.961568,-0.185299,0.152229,1.174564,,,,,,
sample,657,drone,,16.411924,2.432063,-0.298872,2.784853,0.228010,0.340382,-0.074258,2.883625,0.359882,-0.033717,0.980583,,,,,,
sample,658,drone,,16.436904,2.438546,-0.290199,2.782968,0.285671,0.356457,-0.077527,2.193134,0.688997,-0.146898,0.895190,,,,,,
sample,659,drone,,16.461884,2.446335,-0.281064,2.780980,0.337579,0.374804,-0.081597,2.064018,0.728930,-0.161561,0.837605,,,,,,
sample,660,drone,,16.486864,2.455412,-0.271474,2.778891,0.388790,0.392874,-0.085598,2.036138,0.717820,-0.158779,0.790623,,,,,,
sample,661,drone,,16.511844,2.465759,-0.261436,2.776703,0.439305,0.410667,-0.089530,2.008258,0.706711,-0.155997,0.751718,,,,,,
sample,662,drone,,16.536824,2.477360,-0.250957,2.774418,0.489123,0.428181,-0.093392,1.980377,0.695601,-0.153215,0.719060,,,,,,
sample,663,drone,,16.561805,2.490196,-0.240044,2.772037,0.538245,0.445419,-0.097184,1.952497,0.684492,-0.150433,0.691309,,,,,,
sample,664,drone,,16.586785,2.504250,-0.228703,2.769563,0.586670,0.462379,-0.100908,1.924616,0.673383,-0.147651,0.667468,,,,,,
sample,665,drone,,16.611765,2.519506,-0.216943,2.766996,0.634399,0.479061,-0.104561,1.896736,0.662273,-0.144869,0.646784,,,,,,
sample,666,drone,,16.636745,2.535945,-0.204769,2.764339,0.681432,0.495466,-0.108145,1.868856,0.651164,-0.142087,0.628681,,,,,,
sample,667,drone,,16.661725,2.553550,-0.192189,2.761593,0.727768,0.511594,-0.111660,1.840975,0.640054,-0.139305,0.612712,,,,,,
sample,668,drone,,16.686705,2.572305,-0.179210,2.758760,0.773407,0.527443,-0.115105,1.813095,0.628945,-0.136523,0.598525,,,,,,
sample,669,drone,,16.711685,2.592190,-0.165838,2.755842,0.818350,0.543016,-0.118481,1.785215,0.617836,-0.133741,0.585841,,,,,,
sample,670,drone,,16.736665,2.613189,-0.152081,2.752841,0.862597,0.558311,-0.121787,1.757334,0.606726,-0.130959,0.574435,,,,,,
sample,671,drone,,16.761645,2.635286,-0.137945,2.749758,0.906147,0.573328,-0.125023,1.729454,0.595617,-0.128177,0.564124,,,,,,
sample,672,drone,,16.786625,2.658461,-0.123437,2.746595,0.949001,0.588068,-0.128190,1.701574,0.584508,-0.125394,0.554758,,,,,,
sample,673,drone,,16.811606,2.682698,-0.108565,2.743353,0.991158,0.602530,-0.131288,1.673693,0.573398,-0.122612,0.546212,,,,,,
sample,674,drone,,16.836586,2.707979,-0.093335,2.740036,1.032619,0.616715,-0.134316,1.645813,0.562289,-0.119830,0.538383,,,,,,
sample,675,drone,,16.861566,2.734288,-0.077754,2.736643,1.073383,0.630622,-0.137275,1.617932,0.551179,-0.117048,0.531184,,,,,,
sample,676,drone,,16.886546,2.761606,-0.061829,2.733177,1.113451,0.644252,-0.140164,1.590052,0.540070,-0.114266,0.524542,,,,,,
sample,677,drone,,16.911526,2.789916,-0.045567,2.729640,1.152822,0.657604,-0.142983,1.562172,0.528961,-0.111484,0.518393,,,,,,
sample,678,drone,,16.936506,2.819201,-0.028975,2.726034,1.191497,0.670679,-0.145734,1.534291,0.517851,-0.108702,0.512684,,,,,,
sample,679,drone,,16.961486,2.849443,-0.012060,2.722359,1.229476,0.683476,-0.148414,1.506411,0.506742,-0.105920,0.507368,,,,,,
sample,680,drone,,16.986466,2.880626,0.005172,2.718619,1.266758,0.695996,-0.151025,1.478531,0.495633,-0.103138,0.502406,,,,,,
sample,681,drone,,17.011446,2.912731,0.022713,2.714814,1.303343,0.708238,-0.153567,1.450650,0.484523,-0.100356,0.497763,,,,,,
sample,682,drone,,17.036426,2.945741,0.040556,2.710947,1.339233,0.720203,-0.156039,1.422770,0.473414,-0.097574,0.493407,,,,,,
sample,683,drone,,17.061406,2.979639,0.058694,2.707018,1.374425,0.731890,-0.158442,1.394890,0.462304,-0.094792,0.489313,,,,,,
sample,684,drone,,17.086387,3.014408,0.077121,2.703031,1.408922,0.743299,-0.160775,1.367009,0.451195,-0.092010,0.485457,,,,,,
sample,685,drone,,17.111367,3.050029,0.095829,2.698986,1.442721,0.754432,-0.163039,1.339129,0.440086,-0.089228,0.481817,,,,,,
sample,686,drone,,17.136347,3.086486,0.114812,2.694885,1.475825,0.765286,-0.165233,1.311249,0.428976,-0.086446,0.478376,,,,,,
sample,687,drone,,17.161327,3.123762,0.134063,2.690731,1.508232,0.775863,-0.167358,1.283368,0.417867,-0.083664,0.475116,,,,,,
sample,688,drone,,17.186307,3.161838,0.153575,2.686524,1.539942,0.786163,-0.169413,1.255488,0.406757,-0.080882,0.472024,,,,,,
sample,689,drone,,17.211287,3.200697,0.173340,2.682267,1.570956,0.796185,-0.171398,1.227607,0.395648,-0.078100,0.469085,,,,,,
sample,690,drone,,17.236267,3.240323,0.193352,2.677961,1.601274,0.805930,-0.173315,1.199727,0.384539,-0.075318,0.466288,,,,,,
sample,691,drone,,17.261247,3.280697,0.213604,2.673608,1.630895,0.815397,-0.175161,1.171847,0.373429,-0.072536,0.463623,,,,,,
sample,692,drone,,17.286227,3.321803,0.234090,2.669210,1.659819,0.824586,-0.176939,1.143966,0.362320,-0.069754,0.461079,,,,,,
sample,693,drone,,17.311207,3.363622,0.254801,2.664768,1.688047,0.833498,-0.178646,1.116086,0.351211,-0.066972,0.458647,,,,,,
sample,694,drone,,17.336188,3.406138,0.275731,2.660285,1.715579,0.842133,-0.180284,1.088206,0.340101,-0.064190,0.456320,,,,,,
sample,695,drone,,17.361168,3.449333,0.296874,2.655761,1.742414,0.850490,-0.181853,1.060325,0.328992,-0.061408,0.454090,,,,,,
sample,696,drone,,17.386148,3.493189,0.318222,2.651199,1.768553,0.858569,-0.183352,1.032445,0.317882,-0.058625,0.451951,,,,,,
sample,697,drone,,17.411128,3.537690,0.339768,2.646601,1.793996,0.866371,-0.184782,1.004565,0.306773,-0.055843,0.449897,,,,,,
sample,698,drone,,17.436108,3.582818,0.361506,2.641968,1.818741,0.873896,-0.186142,0.976684,0.295664,-0.053061,0.447922,,,,,,
sample,699,drone,,17.461088,3.628555,0.383428,2.637301,1.842791,0.881143,-0.187433,0.948804,0.284554,-0.050279,0.446021,,,,,,
sample,700,drone,,17.486068,3.674884,0.405528,2.632604,1.866144,0.888112,-0.188654,0.920923,0.273445,-0.047497,0.444189,,,,,,
sample,701,drone,,17.511048,3.721788,0.427799,2.627876,1.888800,0.894804,-0.189806,0.893043,0.262336,-0.044715,0.442421,,,,,,
sample,702,drone,,17.536028,3.769249,0.450233,2.623121,1.910760,0.901218,-0.190888,0.865163,0.251226,-0.041933,0.440715,,,,,,
sample,703,drone,,17.561008,3.817250,0.472824,2.618339,1.932024,0.907355,-0.191901,0.837282,0.240117,-0.039151,0.439066,,,,,,
sample,704,drone,,17.585989,3.865773,0.495564,2.613533,1.952591,0.913215,-0.192844,0.809402,0.229007,-0.036369,0.437470,,,,,,
sample,705,drone,,17.610969,3.914801,0.518448,2.608705,1.972462,0.918797,-0.193718,0.781522,0.217898,-0.033587,0.435925,,,,,,
sample,706,drone,,17.635949,3.964318,0.541468,2.603855,1.991636,0.924101,-0.194522,0.753641,0.206789,-0.030805,0.434428,,,,,,
sample,707,drone,,17.660929,4.014304,0.564616,2.598986,2.010114,0.929128,-0.195257,0.725761,0.195679,-0.028023,0.432975,,,,,,
sample,708,drone,,17.685909,4.064743,0.587887,2.594100,2.027895,0.933877,-0.195922,0.697881,0.184570,-0.025241,0.431564,,,,,,
sample,709,drone,,17.710889,4.115618,0.611273,2.589198,2.044980,0.938349,-0.196518,0.670000,0.173461,-0.022459,0.430193,,,,,,
sample,710,drone,,17.735869,4.166911,0.634767,2.584282,2.061369,0.942543,-0.197044,0.642120,0.162351,-0.019677,0.428860,,,,,,
sample,711,drone,,17.760849,4.218604,0.658363,2.579354,2.077061,0.946460,-0.197501,0.614239,0.151242,-0.016895,0.427561,,,,,,
sample,712,drone,,17.785829,4.270681,0.682052,2.574415,2.092056,0.950099,-0.197888,0.586359,0.140132,-0.014113,0.426297,,,,,,
sample,713,drone,,17.810809,4.323124,0.705830,2.569467,2.106355,0.953461,-0.198206,0.558479,0.129023,-0.011331,0.425063,,,,,,
sample,714,drone,,17.835790,4.375915,0.729688,2.564512,2.119958,0.956545,-0.198455,0.530598,0.117914,-0.008549,0.423859,,,,,,
sample,715,drone,,17.860770,4.429037,0.753619,2.559552,2.132864,0.959352,-0.198633,0.502718,0.106804,-0.005767,0.422684,,,,,,
sample,716,drone,,17.885750,4.482473,0.777617,2.554589,2.145074,0.961881,-0.198743,0.474838,0.095695,-0.002985,0.421534,,,,,,
sample,717,drone,,17.910730,4.536206,0.801675,2.549623,2.156587,0.964133,-0.198782,0.446957,0.084585,-0.000203,0.420410,,,,,,
sample,718,drone,,17.935710,4.590217,0.825785,2.544657,2.167404,0.966107,-0.198753,0.419077,0.073476,0.002579,0.419309,,,,,,
sample,719,drone,,17.960690,4.644490,0.849942,2.539693,2.177524,0.967804,-0.198654,0.391197,0.062367,0.005361,0.418230,,,,,,
sample,720,drone,,17.985670,4.699007,0.874137,2.534733,2.186948,0.969223,-0.198485,0.363316,0.051257,0.008144,0.417172,,,,,,
sample,721,drone,,18.010650,4.753750,0.898364,2.529777,2.195676,0.970365,-0.198247,0.335436,0.040148,0.010926,0.416134,,,,,,
sample,722,drone,,18.035630,4.808703,0.922616,2.524828,2.203707,0.971229,-0.197939,0.307556,0.029039,0.013708,0.415114,,,,,,
sample,723,drone,,18.060610,4.863848,0.946887,2.519888,2.211041,0.971815,-0.197562,0.279675,0.017929,0.016490,0.414112,,,,,,
sample,724,drone,,18.085590,4.919167,0.971169,2.514958,2.217679,0.972125,-0.197115,0.251795,0.006820,0.019272,0.413125,,,,,,
sample,725,drone,,18.110571,4.974643,0.995454,2.510040,2.223621,0.972156,-0.196599,0.223914,-0.004290,0.022054,0.412154,,,,,,
sample,726,drone,,18.135551,5.030259,1.019738,2.505136,2.228866,0.971910,-0.196013,0.196034,-0.015399,0.024836,0.411198,,,,,,
sample,727,drone,,18.160531,5.085998,1.044011,2.500247,2.233415,0.971387,-0.195358,0.168154,-0.026508,0.027618,0.410254,,,,,,
sample,728,drone,,18.185511,5.141841,1.068268,2.495376,2.237267,0.970586,-0.194634,0.140273,-0.037618,0.030400,0.409323,,,,,,
sample,729,drone,,18.210491,5.197772,1.092502,2.490523,2.240423,0.969507,-0.193840,0.112393,-0.048727,0.033182,0.408403,,,,,,
sample,730,drone,,18.235471,5.253773,1.116705,2.485691,2.242882,0.968151,-0.192976,0.084513,-0.059836,0.035964,0.407494,,,,,,
sample,731,drone,,18.260451,5.309827,1.140871,2.480882,2.244645,0.966518,-0.192043,0.056632,-0.070946,0.038746,0.406594,,,,,,
sample,732,drone,,18.285431,5.365916,1.164993,2.476097,2.245712,0.964607,-0.191040,0.028752,-0.082055,0.041528,0.405704,,,,,,
sample,733,drone,,18.310411,5.422023,1.189063,2.471338,2.246082,0.962418,-0.189968,0.000872,-0.093165,0.044310,0.404821,,,,,,
sample,734,drone,,18.335391,5.478131,1.213075,2.466606,2.245755,0.959952,-0.188826,-0.027009,-0.104274,0.047092,0.403946,,,,,,
sample,735,drone,,18.360372,5.534222,1.237022,2.461904,2.244732,0.957209,-0.187615,-0.054889,-0.115383,0.049874,0.403077,,,,,,
sample,736,drone,,18.385352,5.590278,1.260898,2.457233,2.243013,0.954188,-0.186335,-0.082770,-0.126493,0.052656,0.402213,,,,,,
sample,737,drone,,18.410332,5.646283,1.284694,2.452595,2.240597,0.950889,-0.184985,-0.110650,-0.137602,0.055438,0.401355,,,,,,
sample,738,drone,,18.435312,5.702219,1.308404,2.447991,2.237485,0.947313,-0.183565,-0.138530,-0.148712,0.058220,0.400500,,,,,,
sample,739,drone,,18.460292,5.758068,1.332022,2.443424,2.233676,0.943460,-0.182076,-0.166411,-0.159821,0.061002,0.399649,,,,,,
sample,740,drone,,18.485272,5.813814,1.355540,2.438894,2.229171,0.939329,-0.180517,-0.194291,-0.170930,0.063784,0.398801,,,,,,
sample,741,drone,,18.510252,5.869438,1.378951,2.434405,2.223969,0.934920,-0.178889,-0.222171,-0.182040,0.066566,0.397954,,,,,,
sample,742,drone,,18.535232,5.924924,1.402248,2.429957,2.218071,0.930234,-0.177192,-0.250052,-0.193149,0.069348,0.397108,,,,,,
sample,743,drone,,18.560212,5.980253,1.425425,2.425552,2.211477,0.925270,-0.175425,-0.277932,-0.204258,0.072130,0.396263,,,,,,
sample,744,drone,,18.585192,6.035409,1.448475,2.421193,2.204186,0.920029,-0.173588,-0.305812,-0.215368,0.074913,0.395417,,,,,,
sample,745,drone,,18.610173,6.090375,1.471390,2.416880,2.196198,0.914510,-0.171682,-0.333693,-0.226477,0.077695,0.394569,,,,,,
sample,746,drone,,18.635153,6.145132,1.494164,2.412616,2.187514,0.908714,-0.169706,-0.361573,-0.237587,0.080477,0.393719,,,,,,
sample,747,drone,,18.660133,6.199663,1.516790,2.408401,2.178134,0.902641,-0.167661,-0.389454,-0.248696,0.083259,0.392867,,,,,,
sample,748,drone,,18.685113,6.253952,1.539260,2.404239,2.168057,0.896289,-0.165547,-0.417334,-0.259805,0.086041,0.392010,,,,,,
sample,749,drone,,18.710093,6.307980,1.561569,2.400131,2.157284,0.889661,-0.163363,-0.445214,-0.270915,0.088823,0.391149,,,,,,
sample,750,drone,,18.735073,6.361730,1.583708,2.396078,2.145814,0.882754,-0.161109,-0.473095,-0.282024,0.091605,0.390282,,,,,,
sample,751,drone,,18.760053,6.415185,1.605671,2.392082,2.133648,0.875571,-0.158786,-0.500975,-0.293133,0.094387,0.389408,,,,,,
sample,752,drone,,18.785033,6.468328,1.627452,2.388145,2.120785,0.868109,-0.156394,-0.528855,-0.304243,0.097169,0.388527,,,,,,
sample,753,drone,,18.810013,6.521140,1.649042,2.384268,2.107226,0.860371,-0.153931,-0.556736,-0.315352,0.099951,0.387637,,,,,,
sample,754,drone,,18.834993,6.573605,1.670436,2.380454,2.092971,0.852354,-0.151400,-0.584616,-0.326462,0.102733,0.386737,,,,,,
sample,755,drone,,18.859973,6.625705,1.691626,2.376704,2.078019,0.844060,-0.148799,-0.612496,-0.337571,0.105515,0.385827,,,,,,
sample,756,drone,,18.884954,6.677423,1.712605,2.373020,2.062370,0.835489,-0.146128,-0.640377,-0.348680,0.108297,0.384905,,,,,,
sample,757,drone,,18.909934,6.728742,1.733367,2.369404,2.046025,0.826640,-0.143388,-0.668257,-0.359790,0.111079,0.383969,,,,,,
sample,758,drone,,18.934914,6.779643,1.753904,2.365856,2.028984,0.817514,-0.140579,-0.696137,-0.370899,0.113861,0.383019,,,,,,
sample,759,drone,,18.959894,6.830110,1.774210,2.362380,2.011246,0.808110,-0.137700,-0.724018,-0.382008,0.116643,0.382053,,,,,,
sample,760,drone,,18.984874,6.880125,1.794278,2.358977,1.992812,0.798429,-0.134751,-0.751898,-0.393118,0.119425,0.381070,,,,,,
sample,761,drone,,19.009854,6.929671,1.814100,2.355648,1.973681,0.788470,-0.131733,-0.779779,-0.404227,0.122207,0.380068,,,,,,
sample,762,drone,,19.034834,6.978731,1.833670,2.352395,1.953854,0.778234,-0.128646,-0.807659,-0.415337,0.124989,0.379046,,,,,,
sample,763,drone,,19.059814,7.027286,1.852981,2.349221,1.933330,0.767720,-0.125489,-0.835539,-0.426446,0.127771,0.378001,,,,,,
sample,764,drone,,19.084794,7.075320,1.872025,2.346126,1.912110,0.756928,-0.122262,-0.863420,-0.437555,0.130553,0.376932,,,,,,
sample,765,drone,,19.109774,7.122816,1.890797,2.343113,1.890194,0.745859,-0.118966,-0.891300,-0.448665,0.133335,0.375837,,,,,,
sample,766,drone,,19.134755,7.169755,1.909289,2.340182,1.867581,0.734513,-0.115601,-0.919180,-0.459774,0.136117,0.374714,,,,,,
sample,767,drone,,19.159735,7.216120,1.927493,2.337337,1.844271,0.722889,-0.112166,-0.947061,-0.470884,0.138899,0.373560,,,,,,
sample,768,drone,,19.184715,7.261895,1.945404,2.334579,1.820265,0.710987,-0.108661,-0.974941,-0.481993,0.141682,0.372373,,,,,,
sample,769,drone,,19.209695,7.307061,1.963014,2.331908,1.795563,0.698808,-0.105088,-1.002821,-0.493102,0.144464,0.371150,,,,,,
sample,770,drone,,19.234675,7.351602,1.980317,2.329328,1.770164,0.686352,-0.101444,-1.030702,-0.504212,0.147246,0.369887,,,,,,
sample,771,drone,,19.259655,7.395499,1.997305,2.326840,1.744069,0.673618,-0.097731,-1.058582,-0.515321,0.150028,0.368583,,,,,,
sample,772,drone,,19.284635,7.438736,2.013971,2.324446,1.717277,0.660606,-0.093949,-1.086463,-0.526430,0.152810,0.367232,,,,,,
sample,773,drone,,19.309615,7.481295,2.030309,2.322147,1.689789,0.647317,-0.090097,-1.114343,-0.537540,0.155592,0.365832,,,,,,
sample,774,drone,,19.334595,7.523158,2.046311,2.319944,1.661604,0.633751,-0.086175,-1.142223,-0.548649,0.158374,0.364378,,,,,,
sample,775,drone,,19.359575,7.564309,2.061971,2.317841,1.632723,0.619907,-0.082184,-1.170104,-0.559759,0.161156,0.362864,,,,,,
sample,776,drone,,19.384556,7.604729,2.077282,2.315839,1.603146,0.605785,-0.078124,-1.197984,-0.570868,0.163938,0.361287,,,,,,
sample,777,drone,,19.409536,7.644402,2.092236,2.313938,1.572872,0.591386,-0.073994,-1.225864,-0.581977,0.166720,0.359639,,,,,,
sample,778,drone,,19.434516,7.683310,2.106827,2.312142,1.541901,0.576709,-0.069795,-1.253745,-0.593087,0.169502,0.357915,,,,,,
sample,779,drone,,19.459496,7.721436,2.121049,2.310451,1.510235,0.561755,-0.065526,-1.281625,-0.604196,0.172284,0.356108,,,,,,
sample,780,drone,,19.484476,7.758762,2.134893,2.308868,1.477871,0.546524,-0.061187,-1.309505,-0.615305,0.175066,0.354208,,,,,,
sample,781,drone,,19.509456,7.795271,2.148353,2.307394,1.444811,0.531015,-0.056779,-1.337386,-0.626415,0.177848,0.352207,,,,,,
sample,782,drone,,19.534436,7.830945,2.161422,2.306031,1.411055,0.515228,-0.052302,-1.365266,-0.637524,0.180630,0.350095,,,,,,
sample,783,drone,,19.559416,7.865767,2.174094,2.304781,1.376602,0.499164,-0.047755,-1.393147,-0.648634,0.183412,0.347860,,,,,,
sample,784,drone,,19.584396,7.899720,2.186361,2.303646,1.341453,0.482822,-0.043139,-1.421027,-0.659743,0.186194,0.345489,,,,,,
sample,785,drone,,19.609376,7.932786,2.198216,2.302626,1.305608,0.466203,-0.038453,-1.448907,-0.670852,0.188976,0.342966,,,,,,
sample,786,drone,,19.634357,7.964949,2.209652,2.301724,1.269066,0.449306,-0.033697,-1.476788,-0.681962,0.191758,0.340274,,,,,,
sample,787,drone,,19.659337,7.996189,2.220663,2.300943,1.231827,0.432132,-0.028872,-1.504668,-0.693071,0.194540,0.337392,,,,,,
sample,788,drone,,19.684317,8.026491,2.231242,2.300282,1.193892,0.414680,-0.023978,-1.532548,-0.704181,0.197322,0.334298,,,,,,
sample,789,drone,,19.709297,8.055836,2.241381,2.299745,1.155261,0.396951,-0.019014,-1.560429,-0.715290,0.200104,0.330964,,,,,,
sample,790,drone,,19.734277,8.084208,2.251073,2.299332,1.115933,0.378944,-0.013981,-1.588309,-0.726399,0.202886,0.327358,,,,,,
sample,791,drone,,19.759257,8.111588,2.260313,2.299046,1.075908,0.360660,-0.008878,-1.616189,-0.737509,0.205668,0.323442,,,,,,
sample,792,drone,,19.784237,8.137960,2.269092,2.298888,1.035188,0.342098,-0.003705,-1.644070,-0.748618,0.208451,0.319171,,,,,,
sample,793,drone,,19.809217,8.163307,2.277404,2.298861,0.993770,0.323259,0.001536,-1.671950,-0.759727,0.211233,0.314490,,,,,,
sample,794,drone,,19.834197,8.187609,2.285242,2.298965,0.951657,0.304142,0.006848,-1.363373,-0.841522,0.390419,0.309333,,,,,,
sample,795,drone,,19.859177,8.210852,2.292599,2.299203,0.925656,0.281216,0.021042,0.159015,-1.172300,1.197312,0.294941,,,,,,
sample,796,drone,,19.884157,8.233855,2.299292,2.300017,0.959601,0.245574,0.066666,2.239134,-1.602256,2.270630,0.250535,,,,,,
sample,797,drone,,19.909138,8.258793,2.304868,2.302534,1.037524,0.201167,0.134483,3.090680,-1.756025,2.673686,0.191515,,,,,,
sample,798,drone,,19.934118,8.285690,2.309342,2.306735,1.114012,0.157842,0.200244,2.984838,-1.702400,2.565740,0.140751,,,,,,
sample,799,drone,,19.959098,8.314450,2.312754,2.312538,1.186647,0.116115,0.262668,2.830560,-1.638448,2.432180,0.097541,,,,,,
sample,800,drone,,19.984078,8.344975,2.315143,2.319858,1.255427,0.075985,0.321756,2.676281,-1.574496,2.298619,0.060451,,,,,,
sample,801,drone,,20.009058,8.377171,2.316550,2.328613,1.320354,0.037453,0.377507,2.522003,-1.510544,2.165059,0.028358,,,,,,
sample,802,drone,,20.034038,8.410941,2.317014,2.338719,1.381427,0.000518,0.429922,2.367724,-1.446592,2.031498,0.000375,,,,,,
sample,803,drone,,20.059018,8.446187,2.316576,2.350092,1.438646,-0.034819,0.479001,2.213446,-1.382640,1.897938,-0.024198,,,,,,
sample,804,drone,,20.083998,8.482816,2.315275,2.362650,1.492011,-0.068559,0.524744,2.059167,-1.318688,1.764377,-0.045918,,,,,,
sample,805,drone,,20.108978,8.520729,2.313151,2.376308,1.541523,-0.100701,0.567150,1.904889,-1.254736,1.630817,-0.065233,,,,,,
sample,806,drone,,20.133958,8.559830,2.310244,2.390984,1.587180,-0.131246,0.606220,1.750610,-1.190783,1.497256,-0.082504,,,,,,
sample,807,drone,,20.158939,8.600024,2.306594,2.406595,1.628983,-0.160193,0.641953,1.596332,-1.126831,1.363696,-0.098024,,,,,,
sample,808,drone,,20.183919,8.641215,2.302240,2.423057,1.666933,-0.187543,0.674350,1.442053,-1.062879,1.230135,-0.112036,,,,,,
sample,809,drone,,20.208899,8.683305,2.297224,2.440286,1.701029,-0.213295,0.703411,1.287775,-0.998927,1.096575,-0.124741,,,,,,
sample,810,drone,,20.233879,8.726198,2.291584,2.458199,1.731270,-0.237449,0.729135,1.133496,-0.934975,0.963014,-0.136303,,,,,,
sample,811,drone,,20.258859,8.769799,2.285361,2.476713,1.757658,-0.260006,0.751523,0.979218,-0.871023,0.829454,-0.146863,,,,,,
sample,812,drone,,20.283839,8.814011,2.278594,2.495745,1.780192,-0.280966,0.770575,0.824940,-0.807071,0.695893,-0.156538,,,,,,
sample,813,drone,,20.308819,8.858738,2.271324,2.515212,1.798872,-0.300328,0.786290,0.670661,-0.743119,0.562333,-0.165427,,,,,,
sample,814,drone,,20.333799,8.903883,2.263590,2.535029,1.813699,-0.318092,0.798669,0.516383,-0.679166,0.428772,-0.173617,,,,,,
sample,815,drone,,20.358779,8.949351,2.255432,2.555113,1.824671,-0.334259,0.807712,0.362104,-0.615214,0.295212,-0.181180,,,,,,
sample,816,drone,,20.383759,8.995044,2.246890,2.575382,1.831790,-0.348828,0.813418,0.207826,-0.551262,0.161651,-0.188177,,,,,,
sample,817,drone,,20.408740,9.040867,2.238004,2.595752,1.835054,-0.361800,0.815788,0.053547,-0.487310,0.028091,-0.194664,,,,,,
sample,818,drone,,20.433720,9.086724,2.228815,2.616139,1.834465,-0.373174,0.814821,-0.100731,-0.423358,-0.105470,-0.200686,,,,,,
sample,819,drone,,20.458700,9.132518,2.219361,2.636460,1.830022,-0.382951,0.810519,-0.255010,-0.359406,-0.239030,-0.206284,,,,,,
sample,820,drone,,20.483680,9.178152,2.209682,2.656633,1.821724,-0.391130,0.802879,-0.409288,-0.295454,-0.372591,-0.211493,,,,,,
sample,821,drone,,20.508660,9.223531,2.199820,2.676572,1.809573,-0.397712,0.791904,-0.563567,-0.231502,-0.506151,-0.216343,,,,,,
sample,822,drone,,20.533640,9.268559,2.189812,2.696196,1.793569,-0.402696,0.777592,-0.717845,-0.167550,-0.639712,-0.220860,,,,,,
sample,823,drone,,20.558620,9.313138,2.179701,2.715421,1.773710,-0.406083,0.759944,-0.872123,-0.103597,-0.773272,-0.225067,,,,,,
sample,824,drone,,20.583600,9.357174,2.169525,2.734163,1.749997,-0.407872,0.738959,-1.026402,-0.039645,-0.906833,-0.228982,,,,,,
sample,825,drone,,20.608580,9.400569,2.159323,2.752340,1.722430,-0.408064,0.714638,-1.180680,0.024307,-1.040393,-0.232623,,,,,,
sample,826,drone,,20.633560,9.443227,2.149138,2.769867,1.691010,-0.406658,0.686981,-1.334959,0.088259,-1.173954,-0.236001,,,,,,
sample,827,drone,,20.658541,9.485052,2.139007,2.786661,1.655736,-0.403654,0.655987,-1.489237,0.152211,-1.307514,-0.239127,,,,,,
sample,828,drone,,20.683521,9.525948,2.128971,2.802640,1.616607,-0.399053,0.621657,-1.643516,0.216163,-1.441075,-0.242008,,,,,,
sample,829,drone,,20.708501,9.565818,2.119070,2.817719,1.573625,-0.392855,0.583991,-1.797794,0.280115,-1.574635,-0.244649,,,,,,
sample,830,drone,,20.733481,9.604566,2.109344,2.831816,1.526789,-0.385058,0.542988,-1.952073,0.344067,-1.708196,-0.247050,,,,,,
sample,831,drone,,20.758461,9.642096,2.099832,2.844847,1.476099,-0.375665,0.498649,-2.106351,0.408020,-1.841756,-0.249208,,,,,,
sample,832,drone,,20.783441,9.678312,2.090576,2.856729,1.421556,-0.364674,0.450974,-2.260630,0.471972,-1.975317,-0.251116,,,,,,
sample,833,drone,,20.808421,9.713118,2.081613,2.867378,1.363158,-0.352085,0.399962,-2.414908,0.535924,-2.108877,-0.252762,,,,,,
sample,834,drone,,20.833401,9.746416,2.072985,2.876711,1.300906,-0.337899,0.345614,-2.569187,0.599876,-2.242437,-0.254126,,,,,,
sample,835,drone,,20.858381,9.778111,2.064732,2.884645,1.234801,-0.322115,0.287929,-2.723465,0.663828,-2.375998,-0.255177,,,,,,
sample,836,drone,,20.883361,9.808107,2.056892,2.891096,1.164841,-0.304734,0.226909,-2.877743,0.727780,-2.509558,-0.255875,,,,,,
sample,837,drone,,20.908341,9.836307,2.049507,2.895981,1.091028,-0.285755,0.162551,-3.032022,0.791732,-2.643119,-0.256160,,,,,,
sample,838,drone,,20.933322,9.862615,2.042616,2.899217,1.013361,-0.265179,0.094858,-3.186300,0.855684,-2.776679,-0.255943,,,,,,
sample,839,drone,,20.958302,9.886935,2.036259,2.900720,0.931840,-0.243005,0.023828,-3.010358,0.820815,-2.746066,-0.255098,,,,,,
sample,840,drone,,20.983282,9.909170,2.030475,2.900408,0.862963,-0.224171,-0.042336,-1.608401,0.416940,-2.095970,-0.254151,,,,,,
sample,841,drone,,21.008262,9.930048,2.025059,2.898605,0.851484,-0.222175,-0.080887,0.438327,-0.186207,-1.095536,-0.255235,,,,,,
sample,842,drone,,21.033242,9.951710,2.019376,2.896367,0.884862,-0.233474,-0.097069,1.370134,-0.462062,-0.619446,-0.257974,,,,,,
sample,843,drone,,21.058222,9.974256,2.013395,2.893756,0.919936,-0.245259,-0.111835,1.390741,-0.467437,-0.585991,-0.260544,,,,,,
sample,844,drone,,21.083202,9.997670,2.007122,2.890779,0.954344,-0.256827,-0.126346,1.364044,-0.458709,-0.575799,-0.262885,,,,,,
sample,845,drone,,21.108182,10.021935,2.000564,2.887443,0.988084,-0.268176,-0.140602,1.337347,-0.449981,-0.565607,-0.265026,,,,,,
sample,846,drone,,21.133162,10.047035,1.993724,2.883755,1.021158,-0.279308,-0.154603,1.310651,-0.441253,-0.555415,-0.266991,,,,,,
sample,847,drone,,21.158142,10.072953,1.986609,2.879719,1.053564,-0.290221,-0.168350,1.283954,-0.432525,-0.545223,-0.268800,,,,,,
sample,848,drone,,21.183123,10.099671,1.979225,2.875344,1.085304,-0.300917,-0.181843,1.257257,-0.423797,-0.535031,-0.270471,,,,,,
sample,849,drone,,21.208103,10.127175,1.971576,2.870635,1.116377,-0.311394,-0.195081,1.230560,-0.415069,-0.524839,-0.272019,,,,,,
sample,850,drone,,21.233083,10.155446,1.963667,2.865598,1.146783,-0.321654,-0.208064,1.203864,-0.406341,-0.514647,-0.273457,,,,,,
sample,851,drone,,21.258063,10.184468,1.955506,2.860240,1.176522,-0.331695,-0.220793,1.177167,-0.397613,-0.504455,-0.274796,,,,,,
sample,852,drone,,21.283043,10.214225,1.947096,2.854567,1.205595,-0.341519,-0.233267,1.150470,-0.388885,-0.494264,-0.276046,,,,,,
sample,853,drone,,21.308023,10.244700,1.938443,2.848586,1.234000,-0.351124,-0.245486,1.123773,-0.380157,-0.484072,-0.277215,,,,,,
sample,854,drone,,21.333003,10.275876,1.929554,2.842302,1.261739,-0.360511,-0.257451,1.097077,-0.371429,-0.473880,-0.278310,,,,,,
sample,855,drone,,21.357983,10.307737,1.920432,2.835723,1.288810,-0.369681,-0.269161,1.070380,-0.362701,-0.463688,-0.279339,,,,,,
sample,856,drone,,21.382963,10.340265,1.911084,2.828855,1.315215,-0.378632,-0.280617,1.043683,-0.353973,-0.453496,-0.280306,,,,,,
sample,857,drone,,21.407943,10.373445,1.901516,2.821704,1.340953,-0.387365,-0.291818,1.016986,-0.345245,-0.443304,-0.281218,,,,,,
sample,858,drone,,21.432924,10.407260,1.891731,2.814276,1.366024,-0.395881,-0.302764,0.990290,-0.336518,-0.433112,-0.282078,,,,,,
sample,859,drone,,21.457904,10.441692,1.881737,2.806577,1.390428,-0.404178,-0.313456,0.963593,-0.327790,-0.422920,-0.282890,,,,,,
sample,860,drone,,21.482884,10.476726,1.871539,2.798615,1.414165,-0.412257,-0.323894,0.936896,-0.319062,-0.412728,-0.283659,,,,,,
sample,861,drone,,21.507864,10.512344,1.861141,2.790396,1.437236,-0.420118,-0.334076,0.910199,-0.310334,-0.402536,-0.284387,,,,,,
sample,862,drone,,21.532844,10.548530,1.850549,2.781925,1.459639,-0.427761,-0.344004,0.883503,-0.301606,-0.392344,-0.285077,,,,,,
sample,863,drone,,21.557824,10.585268,1.839770,2.773209,1.481375,-0.435187,-0.353678,0.856806,-0.292878,-0.382153,-0.285733,,,,,,
sample,864,drone,,21.582804,10.622540,1.828807,2.764255,1.502445,-0.442394,-0.363097,0.830109,-0.284150,-0.371961,-0.286356,,,,,,
sample,865,drone,,21.607784,10.660330,1.817668,2.755069,1.522848,-0.449383,-0.372261,0.803412,-0.275422,-0.361769,-0.286949,,,,,,
sample,866,drone,,21.632764,10.698622,1.806356,2.745657,1.542584,-0.456154,-0.381171,0.776716,-0.266694,-0.351577,-0.287514,,,,,,
sample,867,drone,,21.657744,10.737398,1.794878,2.736025,1.561653,-0.462707,-0.389826,0.750019,-0.257966,-0.341385,-0.288052,,,,,,
sample,868,drone,,21.682724,10.776642,1.783239,2.726181,1.580055,-0.469042,-0.398227,0.723322,-0.249238,-0.331193,-0.288566,,,,,,
sample,869,drone,,21.707705,10.816338,1.771445,2.716130,1.597790,-0.475159,-0.406372,0.696625,-0.240510,-0.321001,-0.289056,,,,,,
sample,870,drone,,21.732685,10.856468,1.759500,2.705878,1.614858,-0.481058,-0.414264,0.669929,-0.231782,-0.310809,-0.289524,,,,,,
sample,871,drone,,21.757665,10.897016,1.747411,2.695433,1.631260,-0.486739,-0.421901,0.643232,-0.223054,-0.300617,-0.289972,,,,,,
sample,872,drone,,21.782645,10.937966,1.735183,2.684800,1.646994,-0.492202,-0.429283,0.616535,-0.214326,-0.290425,-0.290400,,,,,,
sample,873,drone,,21.807625,10.979301,1.722821,2.673986,1.662062,-0.497446,-0.436410,0.589838,-0.205599,-0.280233,-0.290810,,,,,,
sample,874,drone,,21.832605,11.021003,1.710330,2.662997,1.676463,-0.502473,-0.443283,0.563142,-0.196871,-0.270042,-0.291202,,,,,,
sample,875,drone,,21.857585,11.063057,1.697717,2.651840,1.690197,-0.507282,-0.449902,0.536445,-0.188143,-0.259850,-0.291578,,,,,,
sample,876,drone,,21.882565,11.105446,1.684986,2.640520,1.703264,-0.511873,-0.456265,0.509748,-0.179415,-0.249658,-0.291938,,,,,,
sample,877,drone,,21.907545,11.148152,1.672144,2.629045,1.715664,-0.516246,-0.462375,0.483051,-0.170687,-0.239466,-0.292284,,,,,,
sample,878,drone,,21.932525,11.191161,1.659194,2.617420,1.727397,-0.520401,-0.468229,0.456355,-0.161959,-0.229274,-0.292615,,,,,,
sample,879,drone,,21.957506,11.234453,1.646144,2.605652,1.738463,-0.524337,-0.473829,0.429658,-0.153231,-0.219082,-0.292933,,,,,,
sample,880,drone,,21.982486,11.278015,1.632998,2.593747,1.748863,-0.528056,-0.479174,0.402961,-0.144503,-0.208890,-0.293238,,,,,,
sample,881,drone,,22.007466,11.321827,1.619762,2.581712,1.758595,-0.531557,-0.484265,0.376264,-0.135775,-0.198698,-0.293531,,,,,,
sample,882,drone,,22.032446,11.365874,1.606442,2.569553,1.767661,-0.534839,-0.489101,0.349568,-0.127047,-0.188506,-0.293812,,,,,,
sample,883,drone,,22.057426,11.410140,1.593042,2.557276,1.776060,-0.537904,-0.493683,0.322871,-0.118319,-0.178314,-0.294082,,,,,,
sample,884,drone,,22.082406,11.454607,1.579568,2.544889,1.783792,-0.540751,-0.498010,0.296174,-0.109591,-0.168122,-0.294341,,,,,,
sample,885,drone,,22.107386,11.499258,1.566026,2.532396,1.790857,-0.543379,-0.502083,0.269477,-0.100863,-0.157931,-0.294590,,,,,,
sample,886,drone,,22.132366,11.544078,1.552421,2.519804,1.797255,-0.545790,-0.505900,0.242781,-0.092135,-0.147739,-0.294829,,,,,,
sample,887,drone,,22.157346,11.589050,1.538758,2.507121,1.802986,-0.547982,-0.509464,0.216084,-0.083407,-0.137547,-0.295059,,,,,,
sample,888,drone,,22.182326,11.634156,1.525043,2.494352,1.808050,-0.549957,-0.512772,0.189387,-0.074680,-0.127355,-0.295279,,,,,,
sample,889,drone,,22.207307,11.679380,1.511282,2.481503,1.812448,-0.551713,-0.515826,0.162690,-0.065952,-0.117163,-0.295491,,,,,,
sample,890,drone,,22.232287,11.724706,1.497480,2.468581,1.816179,-0.553252,-0.518626,0.135994,-0.057224,-0.106971,-0.295694,,,,,,
sample,891,drone,,22.257267,11.770117,1.483642,2.455592,1.819242,-0.554572,-0.521171,0.109297,-0.048496,-0.096779,-0.295888,,,,,,
sample,892,drone,,22.282247,11.815596,1.469773,2.442543,1.821639,-0.555675,-0.523461,0.082600,-0.039768,-0.086587,-0.296075,,,,,,
sample,893,drone,,22.307227,11.861126,1.455880,2.429440,1.823369,-0.556559,-0.525496,0.055903,-0.031040,-0.076395,-0.296254,,,,,,
sample,894,drone,,22.332207,11.906692,1.441967,2.416289,1.824432,-0.557225,-0.527278,0.029207,-0.022312,-0.066203,-0.296426,,,,,,
sample,895,drone,,22.357187,11.952275,1.428041,2.403097,1.824828,-0.557674,-0.528804,0.002510,-0.013584,-0.056011,-0.296590,,,,,,
sample,896,drone,,22.382167,11.997860,1.414106,2.389870,1.824557,-0.557904,-0.530076,-0.024187,-0.004856,-0.045820,-0.296746,,,,,,
sample,897,drone,,22.407147,12.043430,1.400168,2.376614,1.823620,-0.557916,-0.531093,-0.050884,0.003872,-0.035628,-0.296896,,,,,,
sample,898,drone,,22.432127,12.088969,1.386232,2.363336,1.822015,-0.557711,-0.531856,-0.077580,0.012600,-0.025436,-0.297040,,,,,,
sample,899,drone,,22.457108,12.134459,1.372305,2.350043,1.819744,-0.557287,-0.532364,-0.104277,0.021328,-0.015244,-0.297176,,,,,,
sample,900,drone,,22.482088,12.179883,1.358390,2.336739,1.816805,-0.556645,-0.532617,-0.130974,0.030056,-0.005052,-0.297306,,,,,,
sample,901,drone,,22.507068,12.225227,1.344494,2.323433,1.813200,-0.555785,-0.532616,-0.157671,0.038784,0.005140,-0.297429,,,,,,
sample,902,drone,,22.532048,12.270471,1.330623,2.310130,1.808928,-0.554707,-0.532361,-0.184367,0.047511,0.015332,-0.297546,,,,,,
sample,903,drone,,22.557028,12.315601,1.316781,2.296836,1.803989,-0.553412,-0.531850,-0.211064,0.056239,0.025524,-0.297657,,,,,,
sample,904,drone,,22.582008,12.360599,1.302974,2.283558,1.798383,-0.551898,-0.531085,-0.237761,0.064967,0.035716,-0.297762,,,,,,
sample,905,drone,,22.606988,12.405449,1.289208,2.270303,1.792111,-0.550166,-0.530066,-0.264458,0.073695,0.045908,-0.297860,,,,,,
sample,906,drone,,22.631968,12.450133,1.275488,2.257076,1.785171,-0.548216,-0.528792,-0.291154,0.082423,0.056099,-0.297953,,,,,,
sample,907,drone,,22.656948,12.494636,1.261819,2.243884,1.777565,-0.546048,-0.527263,-0.317851,0.091151,0.066291,-0.298039,,,,,,
sample,908,drone,,22.681928,12.538941,1.248207,2.230734,1.769291,-0.543662,-0.525480,-0.344548,0.099879,0.076483,-0.298119,,,,,,
sample,909,drone,,22.706908,12.583030,1.234658,2.217631,1.760351,-0.541058,-0.523442,-0.371245,0.108607,0.086675,-0.298194,,,,,,
sample,910,drone,,22.731889,12.626888,1.221176,2.204583,1.750744,-0.538236,-0.521150,-0.397941,0.117335,0.096867,-0.298262,,,,,,
sample,911,drone,,22.756869,12.670498,1.207767,2.191595,1.740470,-0.535196,-0.518603,-0.424638,0.126063,0.107059,-0.298324,,,,,,
sample,912,drone,,22.781849,12.713842,1.194438,2.178673,1.729529,-0.531938,-0.515801,-0.451335,0.134791,0.117251,-0.298380,,,,,,
sample,913,drone,,22.806829,12.756905,1.181192,2.165825,1.717921,-0.528462,-0.512745,-0.478032,0.143519,0.127443,-0.298430,,,,,,
sample,914,drone,,22.831809,12.799670,1.168035,2.153056,1.705646,-0.524768,-0.509434,-0.504728,0.152247,0.137635,-0.298474,,,,,,
sample,915,drone,,22.856789,12.842120,1.154974,2.140374,1.692705,-0.520855,-0.505868,-0.531425,0.160975,0.147827,-0.298511,,,,,,
sample,916,drone,,22.881769,12.884238,1.142013,2.127783,1.679096,-0.516725,-0.502048,-0.558122,0.169703,0.158019,-0.298543,,,,,,
sample,917,drone,,22.906749,12.926008,1.129159,2.115291,1.664821,-0.512377,-0.497974,-0.584819,0.178430,0.168210,-0.298567,,,,,,
sample,918,drone,,22.931729,12.967413,1.116415,2.102904,1.649878,-0.507811,-0.493645,-0.611515,0.187158,0.178402,-0.298585,,,,,,
sample,919,drone,,22.956709,13.008436,1.103788,2.090629,1.634269,-0.503027,-0.489061,-0.638212,0.195886,0.188594,-0.298596,,,,,,
sample,920,drone,,22.981690,13.049061,1.091284,2.078471,1.617993,-0.498024,-0.484222,-0.664909,0.204614,0.198786,-0.298601,,,,,,
sample,921,drone,,23.006670,13.089271,1.078907,2.066437,1.601050,-0.492804,-0.479129,-0.691606,0.213342,0.208978,-0.298598,,,,,,
sample,922,drone,,23.031650,13.129050,1.066663,2.054533,1.583440,-0.487366,-0.473782,-0.718302,0.222070,0.219170,-0.298587,,,,,,
sample,923,drone,,23.056630,13.168380,1.054558,2.042767,1.565164,-0.481709,-0.468180,-0.744999,0.230798,0.229362,-0.298569,,,,,,
sample,924,drone,,23.081610,13.207246,1.042597,2.031143,1.546220,-0.475835,-0.462323,-0.771696,0.239526,0.239554,-0.298543,,,,,,
sample,925,drone,,23.106590,13.245630,1.030785,2.019669,1.526610,-0.469743,-0.456211,-0.798393,0.248254,0.249746,-0.298509,,,,,,
sample,926,drone,,23.131570,13.283515,1.019128,2.008351,1.506332,-0.463432,-0.449846,-0.825089,0.256982,0.259938,-0.298466,,,,,,
sample,927,drone,,23.156550,13.320886,1.007632,1.997194,1.485388,-0.456904,-0.443225,-0.851786,0.265710,0.270130,-0.298414,,,,,,
sample,928,drone,,23.181530,13.357726,0.996301,1.986207,1.463777,-0.450157,-0.436350,-0.878483,0.274438,0.280321,-0.298352,,,,,,
sample,929,drone,,23.206510,13.394017,0.985142,1.975394,1.441499,-0.443193,-0.429220,-0.905180,0.283166,0.290513,-0.298280,,,,,,
sample,930,drone,,23.231491,13.429743,0.974159,1.964763,1.418554,-0.436010,-0.421836,-0.931876,0.291894,0.300705,-0.298198,,,,,,
sample,931,drone,,23.256471,13.464888,0.963359,1.954319,1.394942,-0.428610,-0.414197,-0.958573,0.300622,0.310897,-0.298104,,,,,,
sample,932,drone,,23.281451,13.499435,0.952746,1.944070,1.370663,-0.420991,-0.406303,-0.985270,0.309349,0.321089,-0.297998,,,,,,
sample,933,drone,,23.306431,13.533367,0.942326,1.934020,1.345718,-0.413155,-0.398155,-1.011967,0.318077,0.331281,-0.297879,,,,,,
sample,934,drone,,23.331411,13.566667,0.932105,1.924178,1.320105,-0.405100,-0.389752,-1.038663,0.326805,0.341473,-0.297747,,,,,,
sample,935,drone,,23.356391,13.599319,0.922087,1.914548,1.293826,-0.396827,-0.381095,-1.065360,0.335533,0.351665,-0.297600,,,,,,
sample,936,drone,,23.381371,13.631307,0.912279,1.905138,1.266880,-0.388337,-0.372183,-1.092057,0.344261,0.361857,-0.297437,,,,,,
sample,937,drone,,23.406351,13.662613,0.902686,1.895954,1.239267,-0.379628,-0.363017,-1.118754,0.352989,0.372049,-0.297256,,,,,,
sample,938,drone,,23.431331,13.693221,0.893313,1.887002,1.210987,-0.370701,-0.353595,-1.145450,0.361717,0.382241,-0.297057,,,,,,
sample,939,drone,,23.456311,13.723114,0.884166,1.878288,1.182040,-0.361556,-0.343920,-1.172147,0.370445,0.392432,-0.296838,,,,,,
sample,940,drone,,23.481292,13.752276,0.875249,1.869820,1.152426,-0.352194,-0.333989,-1.198844,0.379173,0.402624,-0.296596,,,,,,
sample,941,drone,,23.506272,13.780690,0.866570,1.861602,1.122145,-0.342613,-0.323805,-1.225541,0.387901,0.412816,-0.296330,,,,,,
sample,942,drone,,23.531252,13.808338,0.858132,1.853642,1.091198,-0.332814,-0.313365,-1.252237,0.396629,0.423008,-0.296037,,,,,,
sample,943,drone,,23.556232,13.835206,0.849942,1.845946,1.059583,-0.322797,-0.302671,-1.278934,0.405357,0.433200,-0.295713,,,,,,
sample,944,drone,,23.581212,13.861275,0.842005,1.838521,1.027302,-0.312562,-0.291722,-1.305631,0.414085,0.443392,-0.295356,,,,,,
sample,945,drone,,23.606192,13.886530,0.834327,1.831372,0.994354,-0.302109,-0.280519,-1.332328,0.422813,0.453584,-0.294962,,,,,,
sample,946,drone,,23.631172,13.910954,0.826912,1.824506,0.960739,-0.291439,-0.269061,-1.359024,0.431540,0.463776,-0.294526,,,,,,
sample,947,drone,,23.656152,13.934529,0.819766,1.817929,0.926457,-0.280550,-0.257349,-1.385721,0.440268,0.473968,-0.294042,,,,,,
sample,948,drone,,23.681132,13.957239,0.812896,1.811649,0.891508,-0.269443,-0.245382,-1.412418,0.448996,0.484160,-0.293504,,,,,,
sample,949,drone,,23.706112,13.979069,0.806305,1.805670,0.855892,-0.258118,-0.233160,-1.072662,0.341111,0.368216,-0.292903,,,,,,
sample,950,drone,,23.731092,14.000000,0.800000,1.800000,0.837917,-0.252401,-0.226986,-0.719557,0.228862,0.247176,-0.292579,,,,,,
