section,index,name,chart_id,t,x,y,z,vx,vy,vz,ax,ay,az,yaw,local_u,local_v,plane_error,boundary_margin,chart_contains,contains
crossing,1,G1,14,1.604749,2.220507,-0.714525,1.719426,,,,,,,,-0.186232,-0.272418,0.000000000,0.331406362,True,True
crossing,2,G5,9,5.934230,9.407806,3.086462,3.110252,,,,,,,,-0.365736,0.330091,0.000000000,0.418014648,True,True
crossing,3,G4,0,9.561123,7.586126,-2.808884,2.365485,,,,,,,,0.367613,-0.466266,0.000000000,0.156905628,True,True
crossing,4,G2,4,13.380103,4.188444,3.091755,2.550061,,,,,,,,-0.616318,-0.030824,0.000000000,0.140923879,True,True
crossing,5,G3,20,15.575370,6.122329,-0.333276,2.228779,,,,,,,,0.475969,-0.455649,0.000000000,0.154673523,True,True
crossing,6,G6,4,19.124017,12.290479,-3.528809,1.772463,,,,,,,,0.183853,0.644656,0.000000000,0.151942634,True,True
sample,0,drone,,0.000000,0.000000,-1.000000,1.200000,0.788128,0.097236,0.184773,1.061916,-0.021874,0.264397,0.122756,,,,,,
sample,1,drone,,0.024991,0.019696,-0.997570,1.204618,0.814666,0.096690,0.191381,1.576360,-0.031053,0.392340,0.118134,,,,,,
sample,2,drone,,0.049981,0.040718,-0.995167,1.209565,0.866917,0.095684,0.204383,2.057778,-0.036715,0.511774,0.109928,,,,,,
sample,3,drone,,0.074972,0.063026,-0.992788,1.214833,0.917517,0.094855,0.216960,1.991724,-0.029681,0.494756,0.103016,,,,,,
sample,4,drone,,0.099963,0.086577,-0.990426,1.220409,0.966466,0.094201,0.229112,1.925671,-0.022647,0.477737,0.097162,,,,,,
sample,5,drone,,0.124953,0.111331,-0.988079,1.226284,1.013765,0.093723,0.240838,1.859617,-0.015614,0.460718,0.092188,,,,,,
sample,6,drone,,0.149944,0.137246,-0.985742,1.232447,1.059412,0.093420,0.252139,1.793564,-0.008580,0.443699,0.087954,,,,,,
sample,7,drone,,0.174935,0.164282,-0.983410,1.238887,1.103409,0.093294,0.263015,1.727510,-0.001547,0.426681,0.084350,,,,,,
sample,8,drone,,0.199925,0.192396,-0.981079,1.245593,1.145756,0.093343,0.273465,1.661457,0.005487,0.409662,0.081289,,,,,,
sample,9,drone,,0.224916,0.221548,-0.978745,1.252555,1.186451,0.093568,0.283490,1.595403,0.012520,0.392643,0.078701,,,,,,
sample,10,drone,,0.249907,0.251697,-0.976402,1.259762,1.225496,0.093969,0.293090,1.529350,0.019554,0.375624,0.076528,,,,,,
sample,11,drone,,0.274898,0.282800,-0.974048,1.267204,1.262890,0.094545,0.302264,1.463296,0.026587,0.358605,0.074725,,,,,,
sample,12,drone,,0.299888,0.314818,-0.971677,1.274869,1.298634,0.095298,0.311014,1.397242,0.033621,0.341587,0.073252,,,,,,
sample,13,drone,,0.324879,0.347708,-0.969285,1.282749,1.332726,0.096226,0.319337,1.331189,0.040655,0.324568,0.072077,,,,,,
sample,14,drone,,0.349870,0.381429,-0.966867,1.290830,1.365168,0.097330,0.327236,1.265135,0.047688,0.307549,0.071175,,,,,,
sample,15,drone,,0.374860,0.415941,-0.964420,1.299104,1.395960,0.098609,0.334709,1.199082,0.054722,0.290530,0.070522,,,,,,
sample,16,drone,,0.399851,0.451201,-0.961939,1.307560,1.425100,0.100065,0.341757,1.133028,0.061755,0.273512,0.070101,,,,,,
sample,17,drone,,0.424842,0.487169,-0.959419,1.316186,1.452590,0.101696,0.348380,1.066975,0.068789,0.256493,0.069896,,,,,,
sample,18,drone,,0.449832,0.523803,-0.956856,1.324972,1.478429,0.103503,0.354577,1.000921,0.075822,0.239474,0.069895,,,,,,
sample,19,drone,,0.474823,0.561063,-0.954246,1.333908,1.502617,0.105486,0.360349,0.934868,0.082856,0.222455,0.070086,,,,,,
sample,20,drone,,0.499814,0.598906,-0.951584,1.342983,1.525155,0.107644,0.365695,0.868814,0.089890,0.205437,0.070462,,,,,,
sample,21,drone,,0.524804,0.637292,-0.948865,1.352186,1.546042,0.109978,0.370617,0.802761,0.096923,0.188418,0.071016,,,,,,
sample,22,drone,,0.549795,0.676180,-0.946087,1.361507,1.565278,0.112489,0.375113,0.736707,0.103957,0.171399,0.071742,,,,,,
sample,23,drone,,0.574786,0.715527,-0.943243,1.370935,1.582863,0.115174,0.379184,0.670653,0.110990,0.154380,0.072635,,,,,,
sample,24,drone,,0.599776,0.755293,-0.940330,1.380459,1.598798,0.118036,0.382829,0.604600,0.118024,0.137361,0.073694,,,,,,
sample,25,drone,,0.624767,0.795437,-0.937343,1.390069,1.613082,0.121073,0.386049,0.538546,0.125057,0.120343,0.074917,,,,,,
sample,26,drone,,0.649758,0.835917,-0.934279,1.399754,1.625715,0.124286,0.388844,0.472493,0.132091,0.103324,0.076302,,,,,,
sample,27,drone,,0.674748,0.876693,-0.931131,1.409504,1.636698,0.127675,0.391213,0.406439,0.139124,0.086305,0.077850,,,,,,
sample,28,drone,,0.699739,0.917722,-0.927897,1.419308,1.646030,0.131240,0.393157,0.340386,0.146158,0.069286,0.079563,,,,,,
sample,29,drone,,0.724730,0.958963,-0.924572,1.429154,1.653711,0.134981,0.394676,0.274332,0.153192,0.052268,0.081442,,,,,,
sample,30,drone,,0.749721,1.000377,-0.921151,1.439034,1.659741,0.138897,0.395770,0.208279,0.160225,0.035249,0.083491,,,,,,
sample,31,drone,,0.774711,1.041920,-0.917630,1.448936,1.664121,0.142989,0.396438,0.142225,0.167259,0.018230,0.085714,,,,,,
sample,32,drone,,0.799702,1.083552,-0.914004,1.458849,1.666850,0.147257,0.396681,0.076172,0.174292,0.001211,0.088116,,,,,,
sample,33,drone,,0.824693,1.125231,-0.910269,1.468762,1.667928,0.151700,0.396499,0.010118,0.181326,-0.015807,0.090702,,,,,,
sample,34,drone,,0.849683,1.166917,-0.906422,1.478666,1.667356,0.156320,0.395891,-0.055936,0.188359,-0.032826,0.093480,,,,,,
sample,35,drone,,0.874674,1.208568,-0.902456,1.488549,1.665132,0.161115,0.394858,-0.121989,0.195393,-0.049845,0.096458,,,,,,
sample,36,drone,,0.899665,1.250142,-0.898369,1.498402,1.661259,0.166086,0.393400,-0.188043,0.202426,-0.066864,0.099645,,,,,,
sample,37,drone,,0.924655,1.291600,-0.894155,1.508212,1.655734,0.171232,0.391516,-0.254096,0.209460,-0.083883,0.103051,,,,,,
sample,38,drone,,0.949646,1.332898,-0.889811,1.517970,1.648558,0.176555,0.389207,-0.320150,0.216494,-0.100901,0.106690,,,,,,
sample,39,drone,,0.974637,1.373997,-0.885331,1.527665,1.639732,0.182053,0.386473,-0.386203,0.223527,-0.117920,0.110573,,,,,,
sample,40,drone,,0.999627,1.414854,-0.880711,1.537287,1.629255,0.187727,0.383313,-0.452257,0.230561,-0.134939,0.114717,,,,,,
sample,41,drone,,1.024618,1.455429,-0.875948,1.546824,1.617128,0.193577,0.379728,-0.518310,0.237594,-0.151958,0.119137,,,,,,
sample,42,drone,,1.049609,1.495681,-0.871036,1.556266,1.603350,0.199602,0.375718,-0.584364,0.244628,-0.168976,0.123854,,,,,,
sample,43,drone,,1.074599,1.535567,-0.865972,1.565603,1.587921,0.205803,0.371283,-0.650417,0.251661,-0.185995,0.128887,,,,,,
sample,44,drone,,1.099590,1.575047,-0.860750,1.574823,1.570841,0.212181,0.366422,-0.716471,0.258695,-0.203014,0.134262,,,,,,
sample,45,drone,,1.124581,1.614080,-0.855366,1.583917,1.552110,0.218733,0.361136,-0.782525,0.265729,-0.220033,0.140004,,,,,,
sample,46,drone,,1.149571,1.652624,-0.849817,1.592873,1.531729,0.225462,0.355424,-0.848578,0.272762,-0.237051,0.146145,,,,,,
sample,47,drone,,1.174562,1.690638,-0.844098,1.601681,1.509697,0.232366,0.349288,-0.914632,0.279796,-0.254070,0.152717,,,,,,
sample,48,drone,,1.199553,1.728080,-0.838203,1.610331,1.486015,0.239447,0.342726,-0.980685,0.286829,-0.271089,0.159760,,,,,,
sample,49,drone,,1.224543,1.764911,-0.832130,1.618811,1.460681,0.246703,0.335738,-1.046739,0.293863,-0.288108,0.167317,,,,,,
sample,50,drone,,1.249534,1.801087,-0.825873,1.627112,1.433697,0.254134,0.328326,-1.112792,0.300896,-0.305127,0.175436,,,,,,
sample,51,drone,,1.274525,1.836569,-0.819428,1.635221,1.405062,0.261742,0.320488,-1.178846,0.307930,-0.322145,0.184174,,,,,,
sample,52,drone,,1.299516,1.871314,-0.812790,1.643130,1.374777,0.269525,0.312224,-1.244899,0.314963,-0.339164,0.193595,,,,,,
sample,53,drone,,1.324506,1.905282,-0.805957,1.650827,1.342841,0.277484,0.303536,-1.310953,0.321997,-0.356183,0.203772,,,,,,
sample,54,drone,,1.349497,1.938431,-0.798921,1.658301,1.309254,0.285619,0.294422,-1.377006,0.329031,-0.373202,0.214789,,,,,,
sample,55,drone,,1.374488,1.970720,-0.791681,1.665543,1.274016,0.293929,0.284883,-1.443060,0.336064,-0.390220,0.226744,,,,,,
sample,56,drone,,1.399478,2.002108,-0.784230,1.672540,1.237128,0.302416,0.274918,-1.509114,0.343098,-0.407239,0.239748,,,,,,
sample,57,drone,,1.424469,2.032554,-0.776566,1.679283,1.198588,0.311078,0.264528,-1.575167,0.350131,-0.424258,0.253934,,,,,,
sample,58,drone,,1.449460,2.062015,-0.768682,1.685762,1.158399,0.319916,0.253713,-1.641221,0.357165,-0.441277,0.269454,,,,,,
sample,59,drone,,1.474450,2.090452,-0.760576,1.691964,1.116558,0.328930,0.242473,-1.707274,0.364198,-0.458295,0.286488,,,,,,
sample,60,drone,,1.499441,2.117822,-0.752242,1.697881,1.073067,0.338119,0.230807,-1.773328,0.371232,-0.475314,0.305248,,,,,,
sample,61,drone,,1.524432,2.144085,-0.743676,1.703500,1.027925,0.347484,0.218716,-1.839381,0.378266,-0.492333,0.325985,,,,,,
sample,62,drone,,1.549422,2.169200,-0.734874,1.708812,0.981132,0.357025,0.206199,-1.905435,0.385299,-0.509352,0.348996,,,,,,
sample,63,drone,,1.574413,2.193124,-0.725832,1.713806,0.932688,0.366742,0.193258,-1.709757,0.433097,-0.463679,0.374639,,,,,,
sample,64,drone,,1.599404,2.215817,-0.716544,1.718472,0.895676,0.378672,0.183024,-0.679806,0.607258,-0.217932,0.399987,,,,,,
sample,65,drone,,1.624394,2.237891,-0.706905,1.722954,0.898711,0.397094,0.182365,0.692600,0.824504,0.110532,0.416054,,,,,,
sample,66,drone,,1.649385,2.260735,-0.696697,1.727587,0.930293,0.419882,0.188549,1.274733,0.908838,0.250365,0.423971,,,,,,
sample,67,drone,,1.674376,2.284388,-0.685919,1.732378,0.962424,0.442519,0.194879,1.277399,0.899719,0.251615,0.430970,,,,,,
sample,68,drone,,1.699366,2.308839,-0.674579,1.737327,0.994139,0.464851,0.201125,1.260782,0.887544,0.248249,0.437386,,,,,,
sample,69,drone,,1.724357,2.334077,-0.662685,1.742431,1.025439,0.486879,0.207287,1.244165,0.875370,0.244883,0.443286,,,,,,
sample,70,drone,,1.749348,2.360092,-0.650244,1.747687,1.056324,0.508603,0.213364,1.227548,0.863196,0.241517,0.448725,,,,,,
sample,71,drone,,1.774339,2.386873,-0.637264,1.753095,1.086794,0.530023,0.219358,1.210930,0.851022,0.238151,0.453755,,,,,,
sample,72,drone,,1.799329,2.414411,-0.623753,1.758651,1.116848,0.551138,0.225267,1.194313,0.838847,0.234785,0.458415,,,,,,
sample,73,drone,,1.824320,2.442695,-0.609718,1.764354,1.146487,0.571950,0.231093,1.177696,0.826673,0.231419,0.462744,,,,,,
sample,74,drone,,1.849311,2.471714,-0.595166,1.770201,1.175711,0.592457,0.236834,1.161078,0.814499,0.228053,0.466774,,,,,,
sample,75,drone,,1.874301,2.501458,-0.580106,1.776191,1.204519,0.612659,0.242491,1.144461,0.802325,0.224687,0.470531,,,,,,
sample,76,drone,,1.899292,2.531917,-0.564544,1.782321,1.232913,0.632558,0.248064,1.127844,0.790150,0.221321,0.474041,,,,,,
sample,77,drone,,1.924283,2.563081,-0.548490,1.788590,1.260891,0.652152,0.253553,1.111226,0.777976,0.217955,0.477325,,,,,,
sample,78,drone,,1.949273,2.594939,-0.531949,1.794994,1.288453,0.671442,0.258958,1.094609,0.765802,0.214589,0.480403,,,,,,
sample,79,drone,,1.974264,2.627480,-0.514930,1.801533,1.315601,0.690428,0.264278,1.077992,0.753628,0.211223,0.483291,,,,,,
sample,80,drone,,1.999255,2.660694,-0.497440,1.808203,1.342333,0.709110,0.269515,1.061375,0.741453,0.207857,0.486004,,,,,,
sample,81,drone,,2.024245,2.694571,-0.479488,1.815004,1.368650,0.727487,0.274667,1.044757,0.729279,0.204491,0.488557,,,,,,
sample,82,drone,,2.049236,2.729101,-0.461080,1.821932,1.394551,0.745560,0.279736,1.028140,0.717105,0.201125,0.490961,,,,,,
sample,83,drone,,2.074227,2.764273,-0.442224,1.828985,1.420038,0.763329,0.284720,1.011523,0.704931,0.197759,0.493228,,,,,,
sample,84,drone,,2.099217,2.800076,-0.422927,1.836162,1.445109,0.780793,0.289620,0.994905,0.692756,0.194393,0.495366,,,,,,
sample,85,drone,,2.124208,2.836501,-0.403199,1.843461,1.469764,0.797954,0.294436,0.978288,0.680582,0.191027,0.497386,,,,,,
sample,86,drone,,2.149199,2.873537,-0.383045,1.850879,1.494005,0.814810,0.299168,0.961671,0.668408,0.187661,0.499294,,,,,,
sample,87,drone,,2.174189,2.911174,-0.362473,1.858414,1.517830,0.831362,0.303815,0.945053,0.656234,0.184294,0.501099,,,,,,
sample,88,drone,,2.199180,2.949400,-0.341492,1.866064,1.541240,0.847609,0.308379,0.928436,0.644059,0.180928,0.502807,,,,,,
sample,89,drone,,2.224171,2.988207,-0.320109,1.873827,1.564234,0.863553,0.312859,0.911819,0.631885,0.177562,0.504424,,,,,,
sample,90,drone,,2.249162,3.027583,-0.298331,1.881701,1.586814,0.879192,0.317254,0.895201,0.619711,0.174196,0.505956,,,,,,
sample,91,drone,,2.274152,3.067518,-0.276165,1.889684,1.608978,0.894527,0.321565,0.878584,0.607537,0.170830,0.507407,,,,,,
sample,92,drone,,2.299143,3.108002,-0.253621,1.897773,1.630727,0.909557,0.325792,0.861967,0.595362,0.167464,0.508783,,,,,,
sample,93,drone,,2.324134,3.149024,-0.230704,1.905967,1.652060,0.924284,0.329935,0.845350,0.583188,0.164098,0.510087,,,,,,
sample,94,drone,,2.349124,3.190574,-0.207424,1.914264,1.672978,0.938706,0.333994,0.828732,0.571014,0.160732,0.511324,,,,,,
sample,95,drone,,2.374115,3.232642,-0.183787,1.922661,1.693481,0.952824,0.337969,0.812115,0.558839,0.157366,0.512497,,,,,,
sample,96,drone,,2.399106,3.275217,-0.159800,1.931156,1.713569,0.966637,0.341859,0.795498,0.546665,0.154000,0.513610,,,,,,
sample,97,drone,,2.424096,3.318288,-0.135473,1.939747,1.733241,0.980147,0.345666,0.778880,0.534491,0.150634,0.514665,,,,,,
sample,98,drone,,2.449087,3.361846,-0.110811,1.948433,1.752498,0.993352,0.349388,0.762263,0.522317,0.147268,0.515665,,,,,,
sample,99,drone,,2.474078,3.405881,-0.085824,1.957210,1.771340,1.006253,0.353027,0.745646,0.510142,0.143902,0.516614,,,,,,
sample,100,drone,,2.499068,3.450380,-0.060518,1.966077,1.789767,1.018850,0.356581,0.729028,0.497968,0.140536,0.517513,,,,,,
sample,101,drone,,2.524059,3.495336,-0.034900,1.975033,1.807778,1.031142,0.360051,0.712411,0.485794,0.137170,0.518364,,,,,,
sample,102,drone,,2.549050,3.540736,-0.008980,1.984073,1.825374,1.043130,0.363437,0.695794,0.473620,0.133804,0.519171,,,,,,
sample,103,drone,,2.574040,3.586570,0.017237,1.993198,1.842555,1.054814,0.366739,0.679177,0.461445,0.130438,0.519934,,,,,,
sample,104,drone,,2.599031,3.632829,0.043741,2.002403,1.859320,1.066194,0.369956,0.662559,0.449271,0.127072,0.520655,,,,,,
sample,105,drone,,2.624022,3.679502,0.070527,2.011689,1.875670,1.077269,0.373090,0.645942,0.437097,0.123706,0.521337,,,,,,
sample,106,drone,,2.649012,3.726578,0.097585,2.021051,1.891605,1.088041,0.376139,0.629325,0.424923,0.120340,0.521980,,,,,,
sample,107,drone,,2.674003,3.774047,0.124908,2.030488,1.907125,1.098508,0.379105,0.612707,0.412748,0.116974,0.522587,,,,,,
sample,108,drone,,2.698994,3.821898,0.152490,2.039999,1.922229,1.108670,0.381986,0.596090,0.400574,0.113608,0.523158,,,,,,
sample,109,drone,,2.723985,3.870122,0.180321,2.049581,1.936918,1.118529,0.384783,0.579473,0.388400,0.110242,0.523695,,,,,,
sample,110,drone,,2.748975,3.918708,0.208395,2.059231,1.951192,1.128083,0.387496,0.562855,0.376226,0.106876,0.524199,,,,,,
sample,111,drone,,2.773966,3.967646,0.236704,2.068948,1.965051,1.137333,0.390125,0.546238,0.364051,0.103510,0.524671,,,,,,
sample,112,drone,,2.798957,4.016924,0.265241,2.078730,1.978494,1.146279,0.392669,0.529621,0.351877,0.100144,0.525112,,,,,,
sample,113,drone,,2.823947,4.066533,0.293997,2.088574,1.991522,1.154920,0.395130,0.513003,0.339703,0.096778,0.525523,,,,,,
sample,114,drone,,2.848938,4.116463,0.322965,2.098479,2.004134,1.163258,0.397506,0.496386,0.327529,0.093412,0.525905,,,,,,
sample,115,drone,,2.873929,4.166703,0.352138,2.108442,2.016332,1.171291,0.399799,0.479769,0.315354,0.090046,0.526258,,,,,,
sample,116,drone,,2.898919,4.217242,0.381508,2.118462,2.028114,1.179019,0.402007,0.463152,0.303180,0.086680,0.526584,,,,,,
sample,117,drone,,2.923910,4.268071,0.411067,2.128535,2.039481,1.186444,0.404131,0.446534,0.291006,0.083314,0.526884,,,,,,
sample,118,drone,,2.948901,4.319178,0.440808,2.138661,2.050432,1.193564,0.406171,0.429917,0.278832,0.079948,0.527157,,,,,,
sample,119,drone,,2.973891,4.370554,0.470723,2.148836,2.060969,1.200380,0.408127,0.413300,0.266657,0.076582,0.527404,,,,,,
sample,120,drone,,2.998882,4.422188,0.500805,2.159059,2.071090,1.206892,0.409999,0.396682,0.254483,0.073216,0.527626,,,,,,
sample,121,drone,,3.023873,4.474070,0.531045,2.169328,2.080795,1.213100,0.411787,0.380065,0.242309,0.069850,0.527824,,,,,,
sample,122,drone,,3.048863,4.526189,0.561437,2.179641,2.090086,1.219003,0.413490,0.363448,0.230134,0.066484,0.527998,,,,,,
sample,123,drone,,3.073854,4.578535,0.591973,2.189995,2.098961,1.224602,0.415109,0.346830,0.217960,0.063118,0.528149,,,,,,
sample,124,drone,,3.098845,4.631098,0.622644,2.200389,2.107421,1.229897,0.416645,0.330213,0.205786,0.059752,0.528276,,,,,,
sample,125,drone,,3.123835,4.683867,0.653445,2.210820,2.115465,1.234888,0.418096,0.313596,0.193612,0.056386,0.528380,,,,,,
sample,126,drone,,3.148826,4.736832,0.684366,2.221286,2.123095,1.239574,0.419463,0.296979,0.181437,0.053020,0.528462,,,,,,
sample,127,drone,,3.173817,4.789982,0.715400,2.231785,2.130309,1.243956,0.420746,0.280361,0.169263,0.049654,0.528521,,,,,,
sample,128,drone,,3.198808,4.843308,0.746540,2.242315,2.137108,1.248034,0.421945,0.263744,0.157089,0.046288,0.528559,,,,,,
sample,129,drone,,3.223798,4.896798,0.777779,2.252874,2.143491,1.251808,0.423059,0.247127,0.144915,0.042922,0.528575,,,,,,
sample,130,drone,,3.248789,4.950442,0.809108,2.263460,2.149459,1.255277,0.424090,0.230509,0.132740,0.039556,0.528569,,,,,,
sample,131,drone,,3.273780,5.004231,0.840519,2.274071,2.155012,1.258442,0.425037,0.213892,0.120566,0.036190,0.528542,,,,,,
sample,132,drone,,3.298770,5.058153,0.872006,2.284704,2.160150,1.261303,0.425899,0.197275,0.108392,0.032824,0.528494,,,,,,
sample,133,drone,,3.323761,5.112198,0.903561,2.295358,2.164872,1.263860,0.426677,0.180657,0.096218,0.029458,0.528425,,,,,,
sample,134,drone,,3.348752,5.166356,0.935176,2.306030,2.169179,1.266112,0.427371,0.164040,0.084043,0.026092,0.528335,,,,,,
sample,135,drone,,3.373742,5.220617,0.966843,2.316719,2.173071,1.268060,0.427981,0.147423,0.071869,0.022726,0.528224,,,,,,
sample,136,drone,,3.398733,5.274969,0.998555,2.327421,2.176548,1.269704,0.428507,0.130805,0.059695,0.019360,0.528092,,,,,,
sample,137,drone,,3.423724,5.329403,1.030304,2.338136,2.179609,1.271044,0.428949,0.114188,0.047521,0.015994,0.527939,,,,,,
sample,138,drone,,3.448714,5.383909,1.062084,2.348861,2.182255,1.272080,0.429306,0.097571,0.035346,0.012627,0.527766,,,,,,
sample,139,drone,,3.473705,5.438476,1.093885,2.359593,2.184486,1.272811,0.429580,0.080954,0.023172,0.009261,0.527571,,,,,,
sample,140,drone,,3.498696,5.493093,1.125700,2.370332,2.186301,1.273238,0.429769,0.064336,0.010998,0.005895,0.527356,,,,,,
sample,141,drone,,3.523686,5.547750,1.157523,2.381074,2.187701,1.273360,0.429875,0.047719,-0.001176,0.002529,0.527119,,,,,,
sample,142,drone,,3.548677,5.602437,1.189345,2.391817,2.188686,1.273179,0.429896,0.031102,-0.013351,-0.000837,0.526862,,,,,,
sample,143,drone,,3.573668,5.657143,1.221158,2.402561,2.189256,1.272693,0.429833,0.014484,-0.025525,-0.004203,0.526583,,,,,,
sample,144,drone,,3.598658,5.711859,1.252956,2.413301,2.189410,1.271903,0.429686,-0.002133,-0.037699,-0.007569,0.526282,,,,,,
sample,145,drone,,3.623649,5.766573,1.284730,2.424037,2.189149,1.270809,0.429455,-0.018750,-0.049873,-0.010935,0.525960,,,,,,
sample,146,drone,,3.648640,5.821276,1.316472,2.434766,2.188473,1.269410,0.429139,-0.035368,-0.062048,-0.014301,0.525617,,,,,,
sample,147,drone,,3.673630,5.875956,1.348176,2.445486,2.187382,1.267708,0.428740,-0.051985,-0.074222,-0.017667,0.525251,,,,,,
sample,148,drone,,3.698621,5.930604,1.379834,2.456195,2.185875,1.265701,0.428256,-0.068602,-0.086396,-0.021033,0.524862,,,,,,
sample,149,drone,,3.723612,5.985209,1.411438,2.466891,2.183953,1.263389,0.427688,-0.085219,-0.098571,-0.024399,0.524451,,,,,,
sample,150,drone,,3.748603,6.039761,1.442980,2.477571,2.181615,1.260774,0.427037,-0.101837,-0.110745,-0.027765,0.524017,,,,,,
sample,151,drone,,3.773593,6.094249,1.474453,2.488235,2.178863,1.257854,0.426301,-0.118454,-0.122919,-0.031131,0.523560,,,,,,
sample,152,drone,,3.798584,6.148663,1.505849,2.498878,2.175695,1.254630,0.425481,-0.135071,-0.135093,-0.034497,0.523079,,,,,,
sample,153,drone,,3.823575,6.202993,1.537161,2.509501,2.172112,1.251102,0.424577,-0.151689,-0.147268,-0.037863,0.522574,,,,,,
sample,154,drone,,3.848565,6.257229,1.568381,2.520099,2.168113,1.247270,0.423588,-0.168306,-0.159442,-0.041229,0.522044,,,,,,
sample,155,drone,,3.873556,6.311359,1.599501,2.530672,2.163700,1.243133,0.422516,-0.184923,-0.171616,-0.044595,0.521489,,,,,,
sample,156,drone,,3.898547,6.365373,1.630515,2.541217,2.158871,1.238692,0.421359,-0.201541,-0.183790,-0.047961,0.520908,,,,,,
sample,157,drone,,3.923537,6.419262,1.661413,2.551732,2.153626,1.233947,0.420119,-0.218158,-0.195965,-0.051327,0.520302,,,,,,
sample,158,drone,,3.948528,6.473014,1.692189,2.562215,2.147967,1.228898,0.418794,-0.234775,-0.208139,-0.054693,0.519668,,,,,,
sample,159,drone,,3.973519,6.526620,1.722835,2.572664,2.141892,1.223544,0.417385,-0.251393,-0.220313,-0.058059,0.519007,,,,,,
sample,160,drone,,3.998509,6.580069,1.753343,2.583077,2.135402,1.217886,0.415892,-0.268010,-0.232487,-0.061425,0.518318,,,,,,
sample,161,drone,,4.023500,6.633351,1.783707,2.593451,2.128497,1.211924,0.414315,-0.284627,-0.244662,-0.064791,0.517601,,,,,,
sample,162,drone,,4.048491,6.686454,1.813917,2.603785,2.121176,1.205657,0.412654,-0.301244,-0.256836,-0.068157,0.516853,,,,,,
sample,163,drone,,4.073481,6.739370,1.843967,2.614076,2.113440,1.199087,0.410908,-0.317862,-0.269010,-0.071523,0.516076,,,,,,
sample,164,drone,,4.098472,6.792087,1.873849,2.624323,2.105289,1.192212,0.409079,-0.334479,-0.281184,-0.074889,0.515267,,,,,,
sample,165,drone,,4.123463,6.844595,1.903555,2.634522,2.096722,1.185033,0.407165,-0.351096,-0.293359,-0.078255,0.514426,,,,,,
sample,166,drone,,4.148453,6.896884,1.933079,2.644673,2.087740,1.177549,0.405168,-0.367714,-0.305533,-0.081621,0.513551,,,,,,
sample,167,drone,,4.173444,6.948943,1.962411,2.654773,2.078343,1.169762,0.403086,-0.384331,-0.317707,-0.084987,0.512643,,,,,,
sample,168,drone,,4.198435,7.000762,1.991545,2.664820,2.068531,1.161670,0.400920,-0.400948,-0.329881,-0.088353,0.511699,,,,,,
sample,169,drone,,4.223426,7.052331,2.020473,2.674812,2.058303,1.153274,0.398670,-0.417566,-0.342056,-0.091719,0.510719,,,,,,
sample,170,drone,,4.248416,7.103639,2.049187,2.684746,2.047661,1.144574,0.396336,-0.434183,-0.354230,-0.095085,0.509701,,,,,,
sample,171,drone,,4.273407,7.154676,2.077680,2.694621,2.036602,1.135569,0.393917,-0.450800,-0.366404,-0.098451,0.508644,,,,,,
sample,172,drone,,4.298398,7.205431,2.105944,2.704435,2.025129,1.126260,0.391415,-0.467417,-0.378578,-0.101817,0.507547,,,,,,
sample,173,drone,,4.323388,7.255895,2.133972,2.714185,2.013240,1.116647,0.388828,-0.484035,-0.390753,-0.105183,0.506408,,,,,,
sample,174,drone,,4.348379,7.306056,2.161756,2.723869,2.000936,1.106730,0.386158,-0.500652,-0.402927,-0.108549,0.505225,,,,,,
sample,175,drone,,4.373370,7.355904,2.189288,2.733485,1.988217,1.096508,0.383403,-0.517269,-0.415101,-0.111915,0.503997,,,,,,
sample,176,drone,,4.398360,7.405430,2.216561,2.743032,1.975082,1.085983,0.380564,-0.533887,-0.427276,-0.115281,0.502722,,,,,,
sample,177,drone,,4.423351,7.454622,2.243567,2.752506,1.961533,1.075153,0.377641,-0.550504,-0.439450,-0.118647,0.501398,,,,,,
sample,178,drone,,4.448342,7.503470,2.270298,2.761907,1.947567,1.064018,0.374634,-0.567121,-0.451624,-0.122013,0.500023,,,,,,
sample,179,drone,,4.473332,7.551964,2.296748,2.771231,1.933187,1.052580,0.371543,-0.583739,-0.463798,-0.125379,0.498595,,,,,,
sample,180,drone,,4.498323,7.600093,2.322908,2.780477,1.918391,1.040837,0.368367,-0.600356,-0.475973,-0.128745,0.497111,,,,,,
sample,181,drone,,4.523314,7.647847,2.348770,2.789643,1.903180,1.028790,0.365108,-0.616973,-0.488147,-0.132111,0.495569,,,,,,
sample,182,drone,,4.548304,7.695217,2.374328,2.798726,1.887554,1.016439,0.361764,-0.633591,-0.500321,-0.135477,0.493967,,,,,,
sample,183,drone,,4.573295,7.742190,2.399573,2.807724,1.871513,1.003783,0.358336,-0.650208,-0.512495,-0.138843,0.492302,,,,,,
sample,184,drone,,4.598286,7.788757,2.424499,2.816636,1.855056,0.990824,0.354825,-0.666825,-0.524670,-0.142209,0.490570,,,,,,
sample,185,drone,,4.623276,7.834908,2.449096,2.825459,1.838184,0.977560,0.351229,-0.683442,-0.536844,-0.145575,0.488768,,,,,,
sample,186,drone,,4.648267,7.880632,2.473358,2.834191,1.820897,0.963991,0.347549,-0.700060,-0.549018,-0.148941,0.486894,,,,,,
sample,187,drone,,4.673258,7.925919,2.497278,2.842830,1.803194,0.950119,0.343784,-0.716677,-0.561192,-0.152307,0.484942,,,,,,
sample,188,drone,,4.698249,7.970758,2.520847,2.851373,1.785076,0.935942,0.339936,-0.733294,-0.573367,-0.155673,0.482910,,,,,,
sample,189,drone,,4.723239,8.015140,2.544057,2.859820,1.766543,0.921461,0.336004,-0.749912,-0.585541,-0.159040,0.480792,,,,,,
sample,190,drone,,4.748230,8.059053,2.566903,2.868167,1.747594,0.906676,0.331987,-0.766529,-0.597715,-0.162406,0.478585,,,,,,
sample,191,drone,,4.773221,8.102487,2.589374,2.876413,1.728231,0.891587,0.327886,-0.783146,-0.609889,-0.165772,0.476283,,,,,,
sample,192,drone,,4.798211,8.145432,2.611465,2.884556,1.708452,0.876193,0.323702,-0.799764,-0.622064,-0.169138,0.473881,,,,,,
sample,193,drone,,4.823202,8.187878,2.633168,2.892592,1.688257,0.860495,0.319433,-0.816381,-0.634238,-0.172504,0.471373,,,,,,
sample,194,drone,,4.848193,8.229813,2.654474,2.900521,1.667648,0.844493,0.315080,-0.832998,-0.646412,-0.175870,0.468753,,,,,,
sample,195,drone,,4.873183,8.271229,2.675377,2.908340,1.646623,0.828186,0.310642,-0.849615,-0.658586,-0.179236,0.466013,,,,,,
sample,196,drone,,4.898174,8.312114,2.695868,2.916048,1.625183,0.811576,0.306121,-0.866233,-0.670761,-0.182602,0.463148,,,,,,
sample,197,drone,,4.923165,8.352458,2.715940,2.923641,1.603328,0.794661,0.301516,-0.882850,-0.682935,-0.185968,0.460147,,,,,,
sample,198,drone,,4.948155,8.392250,2.735586,2.931118,1.581057,0.777442,0.296826,-0.899467,-0.695109,-0.189334,0.457004,,,,,,
sample,199,drone,,4.973146,8.431481,2.754798,2.938477,1.558371,0.759918,0.292053,-0.916085,-0.707283,-0.192700,0.453708,,,,,,
sample,200,drone,,4.998137,8.470140,2.773568,2.945715,1.535270,0.742091,0.287195,-0.932702,-0.719458,-0.196066,0.450249,,,,,,
sample,201,drone,,5.023127,8.508216,2.791889,2.952831,1.511753,0.723959,0.282253,-0.949319,-0.731632,-0.199432,0.446615,,,,,,
sample,202,drone,,5.048118,8.545699,2.809752,2.959822,1.487821,0.705523,0.277227,-0.965937,-0.743806,-0.202798,0.442794,,,,,,
sample,203,drone,,5.073109,8.582579,2.827152,2.966687,1.463474,0.686782,0.272117,-0.982554,-0.755981,-0.206164,0.438773,,,,,,
sample,204,drone,,5.098099,8.618846,2.844079,2.973423,1.438712,0.667738,0.266923,-0.999171,-0.768155,-0.209530,0.434535,,,,,,
sample,205,drone,,5.123090,8.654488,2.860526,2.980028,1.413534,0.648389,0.261644,-1.015789,-0.780329,-0.212896,0.430066,,,,,,
sample,206,drone,,5.148081,8.689496,2.876486,2.986500,1.387942,0.628736,0.256282,-1.032406,-0.792503,-0.216262,0.425345,,,,,,
sample,207,drone,,5.173072,8.723859,2.891951,2.992838,1.361933,0.608779,0.250835,-1.049023,-0.804678,-0.219628,0.420353,,,,,,
sample,208,drone,,5.198062,8.757567,2.906914,2.999038,1.335510,0.588517,0.245304,-1.065640,-0.816852,-0.222994,0.415067,,,,,,
sample,209,drone,,5.223053,8.790610,2.921366,3.005098,1.308671,0.567951,0.239690,-1.082258,-0.829026,-0.226360,0.409461,,,,,,
sample,210,drone,,5.248044,8.822977,2.935301,3.011018,1.281417,0.547081,0.233991,-1.098875,-0.841200,-0.229726,0.403508,,,,,,
sample,211,drone,,5.273034,8.854657,2.948710,3.016793,1.253748,0.525907,0.228208,-1.115492,-0.853375,-0.233092,0.397176,,,,,,
sample,212,drone,,5.298025,8.885641,2.961586,3.022424,1.225663,0.504428,0.222340,-1.132110,-0.865549,-0.236458,0.390428,,,,,,
sample,213,drone,,5.323016,8.915917,2.973922,3.027906,1.197164,0.482646,0.216389,-1.148727,-0.877723,-0.239824,0.383225,,,,,,
sample,214,drone,,5.348006,8.945477,2.985709,3.033239,1.168248,0.460559,0.210354,-1.165344,-0.889897,-0.243190,0.375522,,,,,,
sample,215,drone,,5.372997,8.974308,2.996941,3.038420,1.138918,0.438167,0.204234,-1.181962,-0.902072,-0.246556,0.367267,,,,,,
sample,216,drone,,5.397988,9.002401,3.007610,3.043447,1.109172,0.415472,0.198030,-1.198579,-0.914246,-0.249922,0.358401,,,,,,
sample,217,drone,,5.422978,9.029746,3.017707,3.048318,1.079011,0.392472,0.191743,-1.215196,-0.926420,-0.253288,0.348856,,,,,,
sample,218,drone,,5.447969,9.056332,3.027226,3.053031,1.048435,0.369168,0.185371,-1.231813,-0.938594,-0.256654,0.338556,,,,,,
sample,219,drone,,5.472960,9.082148,3.036159,3.057583,1.017444,0.345560,0.178915,-1.248431,-0.950769,-0.260020,0.327412,,,,,,
sample,220,drone,,5.497950,9.107185,3.044497,3.061973,0.986037,0.321647,0.172375,-1.265048,-0.962943,-0.263386,0.315319,,,,,,
sample,221,drone,,5.522941,9.131432,3.052235,3.066198,0.954215,0.297431,0.165750,-1.281665,-0.975117,-0.266752,0.302158,,,,,,
sample,222,drone,,5.547932,9.154878,3.059363,3.070257,0.921978,0.272910,0.159042,-1.298283,-0.987291,-0.270118,0.287787,,,,,,
sample,223,drone,,5.572922,9.177513,3.065875,3.074148,0.889325,0.248084,0.152249,-1.314900,-0.999466,-0.273484,0.272042,,,,,,
sample,224,drone,,5.597913,9.199328,3.071763,3.077867,0.856257,0.222955,0.145373,-1.331517,-1.011640,-0.276850,0.254727,,,,,,
sample,225,drone,,5.622904,9.220310,3.077019,3.081414,0.822774,0.197521,0.138412,-1.348135,-1.023814,-0.280216,0.235609,,,,,,
sample,226,drone,,5.647895,9.240451,3.081635,3.084785,0.788875,0.171783,0.131367,-1.364752,-1.035988,-0.283582,0.214410,,,,,,
sample,227,drone,,5.672885,9.259739,3.085605,3.087979,0.754562,0.145741,0.124238,-1.381369,-1.048163,-0.286948,0.190797,,,,,,
sample,228,drone,,5.697876,9.278165,3.088920,3.090995,0.719833,0.119395,0.117025,-1.397987,-1.060337,-0.290314,0.164368,,,,,,
sample,229,drone,,5.722867,9.295718,3.091572,3.093829,0.684688,0.092744,0.109728,-1.414604,-1.072511,-0.293680,0.134635,,,,,,
sample,230,drone,,5.747857,9.312387,3.093555,3.096479,0.649129,0.065789,0.102347,-1.431221,-1.084686,-0.297046,0.101005,,,,,,
sample,231,drone,,5.772848,9.328162,3.094861,3.098944,0.613154,0.038530,0.094881,-1.447838,-1.096860,-0.300412,0.062757,,,,,,
sample,232,drone,,5.797839,9.343033,3.095481,3.101221,0.576764,0.010967,0.087332,-1.464456,-1.109034,-0.303778,0.019012,,,,,,
sample,233,drone,,5.822829,9.356989,3.095409,3.103309,0.539959,-0.016901,0.079698,-1.481073,-1.121208,-0.307144,-0.031290,,,,,,
sample,234,drone,,5.847820,9.370021,3.094636,3.105205,0.502738,-0.045073,0.071980,-1.497690,-1.133383,-0.310510,-0.089416,,,,,,
sample,235,drone,,5.872811,9.382117,3.093156,3.106907,0.465102,-0.073549,0.064178,-1.514308,-1.145557,-0.313876,-0.156837,,,,,,
sample,236,drone,,5.897801,9.393267,3.090960,3.108412,0.427051,-0.102329,0.056292,-1.511338,-1.207193,-0.318806,-0.235185,,,,,,
sample,237,drone,,5.922792,9.403461,3.088041,3.109720,0.389563,-0.133886,0.048244,-1.386351,-1.565248,-0.332453,-0.331036,,,,,,
sample,238,drone,,5.947783,9.412738,3.084268,3.110824,0.357759,-0.180563,0.039676,-1.157838,-2.144549,-0.350855,-0.467404,,,,,,
sample,239,drone,,5.972773,9.421343,3.079017,3.111703,0.331693,-0.241074,0.030708,-1.023682,-2.439287,-0.357680,-0.628486,,,,,,
sample,240,drone,,5.997764,9.429317,3.072219,3.112359,0.306594,-0.302482,0.021798,-0.998690,-2.439523,-0.354145,-0.778646,,,,,,
sample,241,drone,,6.022755,9.436667,3.063898,3.112793,0.281777,-0.363004,0.013007,-0.987406,-2.404113,-0.349426,-0.910715,,,,,,
sample,242,drone,,6.047745,9.443400,3.054076,3.113009,0.257242,-0.422642,0.004334,-0.976122,-2.368702,-0.344708,-1.024039,,,,,,
sample,243,drone,,6.072736,9.449524,3.042774,3.113009,0.232989,-0.481395,-0.004222,-0.964838,-2.333291,-0.339989,-1.120041,,,,,,
sample,244,drone,,6.097727,9.455045,3.030015,3.112798,0.209018,-0.539263,-0.012660,-0.953555,-2.297880,-0.335270,-1.201026,,,,,,
sample,245,drone,,6.122717,9.459971,3.015821,3.112377,0.185329,-0.596247,-0.020979,-0.942271,-2.262470,-0.330551,-1.269437,,,,,,
sample,246,drone,,6.147708,9.464308,3.000214,3.111749,0.161922,-0.652345,-0.029181,-0.930987,-2.227059,-0.325832,-1.327498,,,,,,
sample,247,drone,,6.172699,9.468064,2.983216,3.110918,0.138797,-0.707558,-0.037265,-0.919703,-2.191648,-0.321114,-1.377092,,,,,,
sample,248,drone,,6.197690,9.471246,2.964849,3.109887,0.115954,-0.761886,-0.045231,-0.908419,-2.156238,-0.316395,-1.419762,,,,,,
sample,249,drone,,6.222680,9.473860,2.945136,3.108657,0.093393,-0.815330,-0.053079,-0.897135,-2.120827,-0.311676,-1.456747,,,,,,
sample,250,drone,,6.247671,9.475914,2.924098,3.107234,0.071114,-0.867888,-0.060809,-0.885851,-2.085416,-0.306957,-1.489040,,,,,,
sample,251,drone,,6.272662,9.477414,2.901757,3.105618,0.049117,-0.919562,-0.068421,-0.874568,-2.050006,-0.302238,-1.517433,,,,,,
sample,252,drone,,6.297652,9.478368,2.878137,3.103814,0.027402,-0.970350,-0.075915,-0.863284,-2.014595,-0.297520,-1.542565,,,,,,
sample,253,drone,,6.322643,9.478784,2.853258,3.101824,0.005969,-1.020254,-0.083291,-0.852000,-1.979184,-0.292801,-1.564946,,,,,,
sample,254,drone,,6.347634,9.478667,2.827143,3.099651,-0.015182,-1.069273,-0.090549,-0.840716,-1.943773,-0.288082,-1.584994,,,,,,
sample,255,drone,,6.372624,9.478025,2.799814,3.097298,-0.036051,-1.117406,-0.097690,-0.829432,-1.908363,-0.283363,-1.603048,,,,,,
sample,256,drone,,6.397615,9.476865,2.771294,3.094768,-0.056638,-1.164655,-0.104712,-0.818148,-1.872952,-0.278644,-1.619389,,,,,,
sample,257,drone,,6.422606,9.475194,2.741603,3.092064,-0.076943,-1.211019,-0.111617,-0.806864,-1.837541,-0.273926,-1.634247,,,,,,
sample,258,drone,,6.447596,9.473019,2.710765,3.089189,-0.096966,-1.256498,-0.118404,-0.795581,-1.802131,-0.269207,-1.647816,,,,,,
sample,259,drone,,6.472587,9.470347,2.678802,3.086146,-0.116708,-1.301092,-0.125072,-0.784297,-1.766720,-0.264488,-1.660257,,,,,,
sample,260,drone,,6.497578,9.467186,2.645735,3.082938,-0.136167,-1.344801,-0.131623,-0.773013,-1.731309,-0.259769,-1.671707,,,,,,
sample,261,drone,,6.522568,9.463542,2.611587,3.079568,-0.155344,-1.387625,-0.138056,-0.761729,-1.695899,-0.255050,-1.682282,,,,,,
sample,262,drone,,6.547559,9.459422,2.576379,3.076038,-0.174239,-1.429564,-0.144371,-0.750445,-1.660488,-0.250332,-1.692081,,,,,,
sample,263,drone,,6.572550,9.454833,2.540135,3.072352,-0.192852,-1.470619,-0.150568,-0.739161,-1.625077,-0.245613,-1.701189,,,,,,
sample,264,drone,,6.597540,9.449783,2.502876,3.068512,-0.211183,-1.510788,-0.156647,-0.727877,-1.589666,-0.240894,-1.709680,,,,,,
sample,265,drone,,6.622531,9.444278,2.464624,3.064522,-0.229232,-1.550072,-0.162608,-0.716594,-1.554256,-0.236175,-1.717617,,,,,,
sample,266,drone,,6.647522,9.438325,2.425401,3.060385,-0.247000,-1.588472,-0.168451,-0.705310,-1.518845,-0.231456,-1.725056,,,,,,
sample,267,drone,,6.672513,9.431932,2.385230,3.056103,-0.264485,-1.625986,-0.174176,-0.694026,-1.483434,-0.226738,-1.732045,,,,,,
sample,268,drone,,6.697503,9.425106,2.344132,3.051679,-0.281688,-1.662616,-0.179784,-0.682742,-1.448024,-0.222019,-1.738627,,,,,,
sample,269,drone,,6.722494,9.417853,2.302130,3.047117,-0.298609,-1.698361,-0.185273,-0.671458,-1.412613,-0.217300,-1.744839,,,,,,
sample,270,drone,,6.747485,9.410181,2.259246,3.042419,-0.315248,-1.733220,-0.190645,-0.660174,-1.377202,-0.212581,-1.750715,,,,,,
sample,271,drone,,6.772475,9.402097,2.215501,3.037588,-0.331606,-1.767195,-0.195898,-0.648891,-1.341792,-0.207862,-1.756284,,,,,,
sample,272,drone,,6.797466,9.393607,2.170919,3.032628,-0.347681,-1.800285,-0.201034,-0.637607,-1.306381,-0.203144,-1.761573,,,,,,
sample,273,drone,,6.822457,9.384719,2.125521,3.027540,-0.363474,-1.832490,-0.206052,-0.626323,-1.270970,-0.198425,-1.766605,,,,,,
sample,274,drone,,6.847447,9.375440,2.079329,3.022329,-0.378985,-1.863810,-0.210952,-0.615039,-1.235560,-0.193706,-1.771400,,,,,,
sample,275,drone,,6.872438,9.365777,2.032365,3.016997,-0.394214,-1.894245,-0.215733,-0.603755,-1.200149,-0.188987,-1.775979,,,,,,
sample,276,drone,,6.897429,9.355737,1.984652,3.011546,-0.409162,-1.923795,-0.220397,-0.592471,-1.164738,-0.184268,-1.780358,,,,,,
sample,277,drone,,6.922419,9.345326,1.936211,3.005981,-0.423827,-1.952460,-0.224943,-0.581187,-1.129327,-0.179550,-1.784553,,,,,,
sample,278,drone,,6.947410,9.334553,1.887065,3.000303,-0.438210,-1.980240,-0.229372,-0.569904,-1.093917,-0.174831,-1.788578,,,,,,
sample,279,drone,,6.972401,9.323424,1.837236,2.994517,-0.452312,-2.007135,-0.233682,-0.558620,-1.058506,-0.170112,-1.792446,,,,,,
sample,280,drone,,6.997391,9.311946,1.786746,2.988624,-0.466131,-2.033146,-0.237874,-0.547336,-1.023095,-0.165393,-1.796167,,,,,,
sample,281,drone,,7.022382,9.300126,1.735616,2.982627,-0.479668,-2.058271,-0.241948,-0.536052,-0.987685,-0.160674,-1.799754,,,,,,
sample,282,drone,,7.047373,9.287972,1.683870,2.976531,-0.492923,-2.082511,-0.245905,-0.524768,-0.952274,-0.155956,-1.803216,,,,,,
sample,283,drone,,7.072363,9.275489,1.631530,2.970337,-0.505897,-2.105867,-0.249743,-0.513484,-0.916863,-0.151237,-1.806561,,,,,,
sample,284,drone,,7.097354,9.262686,1.578616,2.964048,-0.518588,-2.128338,-0.253464,-0.502200,-0.881453,-0.146518,-1.809798,,,,,,
sample,285,drone,,7.122345,9.249570,1.525152,2.957668,-0.530997,-2.149923,-0.257066,-0.490917,-0.846042,-0.141799,-1.812935,,,,,,
sample,286,drone,,7.147336,9.236146,1.471160,2.951200,-0.543125,-2.170624,-0.260551,-0.479633,-0.810631,-0.137080,-1.815978,,,,,,
sample,287,drone,,7.172326,9.222423,1.416662,2.944646,-0.554970,-2.190440,-0.263918,-0.468349,-0.775220,-0.132362,-1.818935,,,,,,
sample,288,drone,,7.197317,9.208408,1.361679,2.938009,-0.566534,-2.209370,-0.267167,-0.457065,-0.739810,-0.127643,-1.821811,,,,,,
sample,289,drone,,7.222308,9.194107,1.306234,2.931292,-0.577815,-2.227416,-0.270298,-0.445781,-0.704399,-0.122924,-1.824612,,,,,,
sample,290,drone,,7.247298,9.179528,1.250350,2.924499,-0.588814,-2.244577,-0.273311,-0.434497,-0.668988,-0.118205,-1.827343,,,,,,
sample,291,drone,,7.272289,9.164678,1.194047,2.917632,-0.599532,-2.260853,-0.276206,-0.423214,-0.633578,-0.113486,-1.830010,,,,,,
sample,292,drone,,7.297280,9.149563,1.137349,2.910694,-0.609967,-2.276244,-0.278983,-0.411930,-0.598167,-0.108768,-1.832616,,,,,,
sample,293,drone,,7.322270,9.134191,1.080278,2.903688,-0.620120,-2.290750,-0.281642,-0.400646,-0.562756,-0.104049,-1.835166,,,,,,
sample,294,drone,,7.347261,9.118568,1.022854,2.896617,-0.629992,-2.304372,-0.284183,-0.389362,-0.527346,-0.099330,-1.837665,,,,,,
sample,295,drone,,7.372252,9.102703,0.965102,2.889484,-0.639581,-2.317108,-0.286607,-0.378078,-0.491935,-0.094611,-1.840116,,,,,,
sample,296,drone,,7.397242,9.086601,0.907042,2.882292,-0.648889,-2.328959,-0.288912,-0.366794,-0.456524,-0.089892,-1.842523,,,,,,
sample,297,drone,,7.422233,9.070270,0.848697,2.875044,-0.657914,-2.339926,-0.291100,-0.355510,-0.421113,-0.085174,-1.844889,,,,,,
sample,298,drone,,7.447224,9.053718,0.790089,2.867742,-0.666658,-2.350007,-0.293169,-0.344227,-0.385703,-0.080455,-1.847217,,,,,,
sample,299,drone,,7.472214,9.036950,0.731241,2.860391,-0.675119,-2.359204,-0.295121,-0.332943,-0.350292,-0.075736,-1.849512,,,,,,
sample,300,drone,,7.497205,9.019974,0.672173,2.852992,-0.683299,-2.367515,-0.296955,-0.321659,-0.314881,-0.071017,-1.851775,,,,,,
sample,301,drone,,7.522196,9.002798,0.612909,2.845549,-0.691196,-2.374942,-0.298670,-0.310375,-0.279471,-0.066298,-1.854010,,,,,,
sample,302,drone,,7.547186,8.985427,0.553470,2.838064,-0.698812,-2.381484,-0.300268,-0.299091,-0.244060,-0.061580,-1.856220,,,,,,
sample,303,drone,,7.572177,8.967870,0.493879,2.830541,-0.706145,-2.387140,-0.301748,-0.287807,-0.208649,-0.056861,-1.858407,,,,,,
sample,304,drone,,7.597168,8.950133,0.434158,2.822982,-0.713197,-2.391912,-0.303110,-0.276523,-0.173239,-0.052142,-1.860573,,,,,,
sample,305,drone,,7.622159,8.932224,0.374328,2.815391,-0.719966,-2.395799,-0.304354,-0.265240,-0.137828,-0.047423,-1.862723,,,,,,
sample,306,drone,,7.647149,8.914148,0.314413,2.807770,-0.726454,-2.398801,-0.305481,-0.253956,-0.102417,-0.042704,-1.864857,,,,,,
sample,307,drone,,7.672140,8.895914,0.254433,2.800123,-0.732659,-2.400918,-0.306489,-0.242672,-0.067007,-0.037986,-1.866978,,,,,,
sample,308,drone,,7.697131,8.877529,0.194411,2.792451,-0.738583,-2.402150,-0.307379,-0.231388,-0.031596,-0.033267,-1.869090,,,,,,
sample,309,drone,,7.722121,8.858999,0.134370,2.784759,-0.744224,-2.402497,-0.308151,-0.220104,0.003815,-0.028548,-1.871193,,,,,,
sample,310,drone,,7.747112,8.840332,0.074331,2.777050,-0.749584,-2.401959,-0.308806,-0.208820,0.039226,-0.023829,-1.873291,,,,,,
sample,311,drone,,7.772103,8.821534,0.014317,2.769325,-0.754661,-2.400537,-0.309343,-0.197536,0.074636,-0.019110,-1.875386,,,,,,
sample,312,drone,,7.797093,8.802613,-0.045651,2.761588,-0.759457,-2.398229,-0.309761,-0.186253,0.110047,-0.014392,-1.877479,,,,,,
sample,313,drone,,7.822084,8.783575,-0.105550,2.753843,-0.763970,-2.395036,-0.310062,-0.174969,0.145458,-0.009673,-1.879574,,,,,,
sample,314,drone,,7.847075,8.764428,-0.165358,2.746091,-0.768202,-2.390959,-0.310245,-0.163685,0.180868,-0.004954,-1.881673,,,,,,
sample,315,drone,,7.872065,8.745179,-0.225053,2.738336,-0.772152,-2.385996,-0.310309,-0.152401,0.216279,-0.000235,-1.883778,,,,,,
sample,316,drone,,7.897056,8.725835,-0.284613,2.730581,-0.775819,-2.380149,-0.310256,-0.141117,0.251690,0.004484,-1.885891,,,,,,
sample,317,drone,,7.922047,8.706403,-0.344016,2.722829,-0.779205,-2.373416,-0.310085,-0.129833,0.287100,0.009202,-1.888015,,,,,,
sample,318,drone,,7.947037,8.686890,-0.403240,2.715083,-0.782309,-2.365799,-0.309796,-0.118550,0.322511,0.013921,-1.890152,,,,,,
sample,319,drone,,7.972028,8.667302,-0.462262,2.707345,-0.785130,-2.357297,-0.309390,-0.107266,0.357922,0.018640,-1.892304,,,,,,
sample,320,drone,,7.997019,8.647648,-0.521061,2.699619,-0.787670,-2.347910,-0.308865,-0.095982,0.393333,0.023359,-1.894475,,,,,,
sample,321,drone,,8.022009,8.627933,-0.579614,2.691908,-0.789927,-2.337638,-0.308222,-0.084698,0.428743,0.028078,-1.896666,,,,,,
sample,322,drone,,8.047000,8.608166,-0.637899,2.684214,-0.791903,-2.326481,-0.307461,-0.073414,0.464154,0.032796,-1.898881,,,,,,
sample,323,drone,,8.071991,8.588353,-0.695895,2.676540,-0.793597,-2.314439,-0.306583,-0.062130,0.499565,0.037515,-1.901123,,,,,,
sample,324,drone,,8.096982,8.568501,-0.753578,2.668890,-0.795009,-2.301512,-0.305586,-0.050846,0.534975,0.042234,-1.903393,,,,,,
sample,325,drone,,8.121972,8.548617,-0.810927,2.661267,-0.796138,-2.287700,-0.304472,-0.039563,0.570386,0.046953,-1.905696,,,,,,
sample,326,drone,,8.146963,8.528709,-0.867920,2.653672,-0.796986,-2.273003,-0.303240,-0.028279,0.605797,0.051672,-1.908033,,,,,,
sample,327,drone,,8.171954,8.508783,-0.924535,2.646110,-0.797552,-2.257421,-0.301889,-0.016995,0.641207,0.056390,-1.910410,,,,,,
sample,328,drone,,8.196944,8.488846,-0.980749,2.638583,-0.797835,-2.240955,-0.300421,-0.005711,0.676618,0.061109,-1.912828,,,,,,
sample,329,drone,,8.221935,8.468906,-1.036541,2.631095,-0.797837,-2.223603,-0.298835,0.005573,0.712029,0.065828,-1.915292,,,,,,
sample,330,drone,,8.246926,8.448969,-1.091888,2.623647,-0.797557,-2.205366,-0.297131,0.016857,0.747440,0.070547,-1.917806,,,,,,
sample,331,drone,,8.271916,8.429043,-1.146768,2.616244,-0.796995,-2.186245,-0.295309,0.028141,0.782850,0.075266,-1.920374,,,,,,
sample,332,drone,,8.296907,8.409134,-1.201160,2.608887,-0.796150,-2.166238,-0.293369,0.039424,0.818261,0.079984,-1.922999,,,,,,
sample,333,drone,,8.321898,8.389250,-1.255040,2.601581,-0.795024,-2.145347,-0.291311,0.050708,0.853672,0.084703,-1.925687,,,,,,
sample,334,drone,,8.346888,8.369398,-1.308387,2.594327,-0.793616,-2.123571,-0.289135,0.061992,0.889082,0.089422,-1.928442,,,,,,
sample,335,drone,,8.371879,8.349584,-1.361179,2.587129,-0.791926,-2.100909,-0.286842,0.073276,0.924493,0.094141,-1.931270,,,,,,
sample,336,drone,,8.396870,8.329816,-1.413393,2.579990,-0.789953,-2.077363,-0.284430,0.084560,0.959904,0.098860,-1.934177,,,,,,
sample,337,drone,,8.421860,8.310101,-1.465008,2.572913,-0.787699,-2.052932,-0.281901,0.095844,0.995314,0.103578,-1.937168,,,,,,
sample,338,drone,,8.446851,8.290446,-1.516002,2.565901,-0.785163,-2.027616,-0.279253,0.107127,1.030725,0.108297,-1.940250,,,,,,
sample,339,drone,,8.471842,8.270858,-1.566351,2.558956,-0.782345,-2.001415,-0.276488,0.118411,1.066136,0.113016,-1.943430,,,,,,
sample,340,drone,,8.496832,8.251343,-1.616035,2.552081,-0.779245,-1.974329,-0.273604,0.129695,1.101546,0.117735,-1.946715,,,,,,
sample,341,drone,,8.521823,8.231910,-1.665031,2.545281,-0.775862,-1.946358,-0.270603,0.140979,1.136957,0.122454,-1.950115,,,,,,
sample,342,drone,,8.546814,8.212565,-1.713317,2.538556,-0.772198,-1.917503,-0.267484,0.152263,1.172368,0.127172,-1.953637,,,,,,
sample,343,drone,,8.571804,8.193315,-1.760870,2.531911,-0.768252,-1.887762,-0.264247,0.163547,1.207779,0.131891,-1.957292,,,,,,
sample,344,drone,,8.596795,8.174166,-1.807670,2.525349,-0.764024,-1.857136,-0.260892,0.174831,1.243189,0.136610,-1.961091,,,,,,
sample,345,drone,,8.621786,8.155128,-1.853693,2.518872,-0.759514,-1.825625,-0.257419,0.186114,1.278600,0.141329,-1.965044,,,,,,
sample,346,drone,,8.646777,8.136205,-1.898917,2.512483,-0.754722,-1.793230,-0.253828,0.197398,1.314011,0.146048,-1.969166,,,,,,
sample,347,drone,,8.671767,8.117406,-1.943321,2.506185,-0.749648,-1.759949,-0.250119,0.208682,1.349421,0.150766,-1.973470,,,,,,
sample,348,drone,,8.696758,8.098736,-1.986882,2.499981,-0.744292,-1.725784,-0.246293,0.219966,1.384832,0.155485,-1.977972,,,,,,
sample,349,drone,,8.721749,8.080205,-2.029578,2.493875,-0.738653,-1.690734,-0.242348,0.231250,1.420243,0.160204,-1.982689,,,,,,
sample,350,drone,,8.746739,8.061818,-2.071387,2.487869,-0.732733,-1.654798,-0.238285,0.242534,1.455653,0.164923,-1.987641,,,,,,
sample,351,drone,,8.771730,8.043582,-2.112287,2.481965,-0.726531,-1.617978,-0.234105,0.253818,1.491064,0.169642,-1.992849,,,,,,
sample,352,drone,,8.796721,8.025505,-2.152256,2.476168,-0.720047,-1.580273,-0.229807,0.265101,1.526475,0.174360,-1.998337,,,,,,
sample,353,drone,,8.821711,8.007593,-2.191271,2.470479,-0.713281,-1.541683,-0.225390,0.276385,1.561886,0.179079,-2.004132,,,,,,
sample,354,drone,,8.846702,7.989854,-2.229311,2.464902,-0.706233,-1.502208,-0.220856,0.287669,1.597296,0.183798,-2.010264,,,,,,
sample,355,drone,,8.871693,7.972294,-2.266353,2.459440,-0.698903,-1.461848,-0.216204,0.298953,1.632707,0.188517,-2.016767,,,,,,
sample,356,drone,,8.896683,7.954922,-2.302376,2.454096,-0.691291,-1.420603,-0.211434,0.310237,1.668118,0.193236,-2.023681,,,,,,
sample,357,drone,,8.921674,7.937743,-2.337357,2.448873,-0.683397,-1.378473,-0.206546,0.321521,1.703528,0.197954,-2.031049,,,,,,
sample,358,drone,,8.946665,7.920765,-2.371274,2.443773,-0.675221,-1.335458,-0.201540,0.332805,1.738939,0.202673,-2.038922,,,,,,
sample,359,drone,,8.971655,7.903994,-2.404105,2.438799,-0.666763,-1.291558,-0.196416,0.344088,1.774350,0.207392,-2.047357,,,,,,
sample,360,drone,,8.996646,7.887439,-2.435828,2.433956,-0.658023,-1.246774,-0.191174,0.355372,1.809760,0.212111,-2.056421,,,,,,
sample,361,drone,,9.021637,7.871105,-2.466420,2.429244,-0.649001,-1.201104,-0.185814,0.366656,1.845171,0.216830,-2.066190,,,,,,
sample,362,drone,,9.046627,7.855001,-2.495861,2.424668,-0.639697,-1.154550,-0.180336,0.377940,1.880582,0.221548,-2.076756,,,,,,
sample,363,drone,,9.071618,7.839132,-2.524126,2.420231,-0.630111,-1.107110,-0.174741,0.389224,1.915993,0.226267,-2.088223,,,,,,
sample,364,drone,,9.096609,7.823507,-2.551196,2.415935,-0.620243,-1.058786,-0.169027,0.400508,1.951403,0.230986,-2.100714,,,,,,
sample,365,drone,,9.121600,7.808132,-2.577046,2.411783,-0.610093,-1.009576,-0.163196,0.411791,1.986814,0.235705,-2.114376,,,,,,
sample,366,drone,,9.146590,7.793014,-2.601656,2.407778,-0.599661,-0.959482,-0.157246,0.423075,2.022225,0.240424,-2.129384,,,,,,
sample,367,drone,,9.171581,7.778160,-2.625002,2.403923,-0.588947,-0.908503,-0.151179,0.434359,2.057635,0.245142,-2.145948,,,,,,
sample,368,drone,,9.196572,7.763577,-2.647064,2.400222,-0.577951,-0.856639,-0.144994,0.445643,2.093046,0.249861,-2.164322,,,,,,
sample,369,drone,,9.221562,7.749273,-2.667818,2.396676,-0.566673,-0.803889,-0.138691,0.456927,2.128457,0.254580,-2.184813,,,,,,
sample,370,drone,,9.246553,7.735254,-2.687243,2.393290,-0.555113,-0.750255,-0.132270,0.468211,2.163867,0.259299,-2.207802,,,,,,
sample,371,drone,,9.271544,7.721528,-2.705317,2.390065,-0.543272,-0.695736,-0.125731,0.479495,2.199278,0.264018,-2.233756,,,,,,
sample,372,drone,,9.296534,7.708101,-2.722017,2.387006,-0.531148,-0.640332,-0.119074,0.490778,2.234689,0.268736,-2.263261,,,,,,
sample,373,drone,,9.321525,7.694980,-2.737322,2.384114,-0.518742,-0.584044,-0.112299,0.502062,2.270099,0.273455,-2.297048,,,,,,
sample,374,drone,,9.346516,7.682173,-2.751208,2.381393,-0.506054,-0.526870,-0.105406,0.513346,2.305510,0.278174,-2.336045,,,,,,
sample,375,drone,,9.371506,7.669687,-2.763655,2.378845,-0.493084,-0.468811,-0.098395,0.524630,2.340921,0.282893,-2.381424,,,,,,
sample,376,drone,,9.396497,7.657528,-2.774640,2.376475,-0.479832,-0.409867,-0.091267,0.535914,2.376332,0.287612,-2.434672,,,,,,
sample,377,drone,,9.421488,7.645704,-2.784141,2.374284,-0.466298,-0.350039,-0.084020,0.547198,2.411742,0.292330,-2.497659,,,,,,
sample,378,drone,,9.446478,7.634222,-2.792136,2.372275,-0.452482,-0.289325,-0.076655,0.558482,2.447153,0.297049,-2.572693,,,,,,
sample,379,drone,,9.471469,7.623089,-2.798602,2.370453,-0.438385,-0.227727,-0.069173,0.569765,2.482564,0.301768,-2.662493,,,,,,
sample,380,drone,,9.496460,7.612311,-2.803518,2.368818,-0.424005,-0.165243,-0.061573,0.581049,2.517974,0.306487,-2.769980,,,,,,
sample,381,drone,,9.521450,7.601896,-2.806861,2.367375,-0.409343,-0.101875,-0.053854,0.559704,2.546791,0.307084,-2.897674,,,,,,
sample,382,drone,,9.546441,7.591852,-2.808610,2.366126,-0.396030,-0.037951,-0.046224,0.221201,2.506088,0.267085,-3.046055,,,,,,
sample,383,drone,,9.571432,7.582102,-2.808758,2.365065,-0.398287,0.023383,-0.040505,-0.434983,2.380401,0.184896,3.082951,,,,,,
sample,384,drone,,9.596423,7.571945,-2.807441,2.364102,-0.417771,0.081025,-0.036983,-0.839372,2.279367,0.131903,2.950026,,,,,,
sample,385,drone,,9.621413,7.561221,-2.804708,2.363216,-0.440240,0.137309,-0.033912,-0.892616,2.237487,0.122087,2.839259,,,,,,
sample,386,drone,,9.646404,7.549941,-2.800578,2.362407,-0.462385,0.192857,-0.030881,-0.879662,2.208049,0.120540,2.746439,,,,,,
sample,387,drone,,9.671395,7.538111,-2.795069,2.361673,-0.484207,0.247670,-0.027888,-0.866708,2.178610,0.118992,2.668790,,,,,,
sample,388,drone,,9.696385,7.525740,-2.788199,2.361013,-0.505705,0.301747,-0.024933,-0.853755,2.149172,0.117444,2.603613,,,,,,
sample,389,drone,,9.721376,7.512835,-2.779987,2.360427,-0.526879,0.355089,-0.022018,-0.840801,2.119733,0.115896,2.548566,,,,,,
sample,390,drone,,9.746367,7.499405,-2.770451,2.359913,-0.547729,0.407694,-0.019141,-0.827847,2.090295,0.114349,2.501726,,,,,,
sample,391,drone,,9.771357,7.485459,-2.759610,2.359470,-0.568255,0.459564,-0.016302,-0.814893,2.060857,0.112801,2.461552,,,,,,
sample,392,drone,,9.796348,7.471003,-2.747482,2.359098,-0.588458,0.510699,-0.013503,-0.801940,2.031418,0.111253,2.426822,,,,,,
sample,393,drone,,9.821339,7.456047,-2.734085,2.358795,-0.608338,0.561097,-0.010742,-0.788986,2.001980,0.109705,2.396568,,,,,,
sample,394,drone,,9.846329,7.440598,-2.719437,2.358561,-0.627893,0.610760,-0.008020,-0.776032,1.972542,0.108158,2.370025,,,,,,
sample,395,drone,,9.871320,7.424664,-2.703558,2.358394,-0.647125,0.659688,-0.005336,-0.763079,1.943103,0.106610,2.346581,,,,,,
sample,396,drone,,9.896311,7.408253,-2.686465,2.358294,-0.666033,0.707879,-0.002691,-0.750125,1.913665,0.105062,2.325746,,,,,,
sample,397,drone,,9.921301,7.391375,-2.668177,2.358260,-0.684617,0.755335,-0.000085,-0.737171,1.884226,0.103515,2.307122,,,,,,
sample,398,drone,,9.946292,7.374035,-2.648712,2.358290,-0.702878,0.802056,0.002483,-0.724218,1.854788,0.101967,2.290388,,,,,,
sample,399,drone,,9.971283,7.356244,-2.628089,2.358384,-0.720814,0.848040,0.005012,-0.711264,1.825350,0.100419,2.275277,,,,,,
sample,400,drone,,9.996273,7.338008,-2.606326,2.358540,-0.738427,0.893289,0.007502,-0.698310,1.795911,0.098871,2.261571,,,,,,
sample,401,drone,,10.021264,7.319336,-2.583442,2.358759,-0.755717,0.937802,0.009953,-0.685356,1.766473,0.097324,2.249087,,,,,,
sample,402,drone,,10.046255,7.300236,-2.559454,2.359038,-0.772682,0.981580,0.012366,-0.672403,1.737035,0.095776,2.237673,,,,,,
sample,403,drone,,10.071246,7.280717,-2.534381,2.359377,-0.789324,1.024622,0.014740,-0.659449,1.707596,0.094228,2.227199,,,,,,
sample,404,drone,,10.096236,7.260785,-2.508242,2.359775,-0.805643,1.066928,0.017076,-0.646495,1.678158,0.092680,2.217557,,,,,,
sample,405,drone,,10.121227,7.240449,-2.481054,2.360230,-0.821637,1.108498,0.019373,-0.633542,1.648720,0.091133,2.208652,,,,,,
sample,406,drone,,10.146218,7.219718,-2.452837,2.360743,-0.837308,1.149333,0.021631,-0.620588,1.619281,0.089585,2.200406,,,,,,
sample,407,drone,,10.171208,7.198600,-2.423609,2.361311,-0.852655,1.189432,0.023850,-0.607634,1.589843,0.088037,2.192748,,,,,,
sample,408,drone,,10.196199,7.177101,-2.393388,2.361935,-0.867678,1.228796,0.026031,-0.594681,1.560404,0.086489,2.185619,,,,,,
sample,409,drone,,10.221190,7.155232,-2.362192,2.362612,-0.882378,1.267423,0.028173,-0.581727,1.530966,0.084942,2.178966,,,,,,
sample,410,drone,,10.246180,7.132999,-2.330040,2.363343,-0.896754,1.305315,0.030277,-0.568773,1.501528,0.083394,2.172745,,,,,,
sample,411,drone,,10.271171,7.110411,-2.296951,2.364126,-0.910806,1.342472,0.032341,-0.555819,1.472089,0.081846,2.166915,,,,,,
sample,412,drone,,10.296162,7.087476,-2.262942,2.364960,-0.924534,1.378892,0.034367,-0.542866,1.442651,0.080298,2.161442,,,,,,
sample,413,drone,,10.321152,7.064201,-2.228032,2.365843,-0.937939,1.414577,0.036355,-0.529912,1.413213,0.078751,2.156293,,,,,,
sample,414,drone,,10.346143,7.040596,-2.192239,2.366777,-0.951020,1.449527,0.038303,-0.516958,1.383774,0.077203,2.151441,,,,,,
sample,415,drone,,10.371134,7.016668,-2.155583,2.367758,-0.963777,1.483740,0.040213,-0.504005,1.354336,0.075655,2.146862,,,,,,
sample,416,drone,,10.396124,6.992425,-2.118080,2.368787,-0.976211,1.517218,0.042085,-0.491051,1.324898,0.074107,2.142533,,,,,,
sample,417,drone,,10.421115,6.967876,-2.079750,2.369861,-0.988321,1.549961,0.043917,-0.478097,1.295459,0.072560,2.138435,,,,,,
sample,418,drone,,10.446106,6.943028,-2.040611,2.370982,-1.000107,1.581967,0.045711,-0.465144,1.266021,0.071012,2.134551,,,,,,
sample,419,drone,,10.471096,6.917889,-2.000681,2.372146,-1.011569,1.613238,0.047467,-0.452190,1.236582,0.069464,2.130863,,,,,,
sample,420,drone,,10.496087,6.892468,-1.959979,2.373354,-1.022708,1.643773,0.049183,-0.439236,1.207144,0.067917,2.127359,,,,,,
sample,421,drone,,10.521078,6.866773,-1.918523,2.374604,-1.033523,1.673573,0.050861,-0.426283,1.177706,0.066369,2.124024,,,,,,
sample,422,drone,,10.546069,6.840811,-1.876331,2.375896,-1.044014,1.702637,0.052500,-0.413329,1.148267,0.064821,2.120847,,,,,,
sample,423,drone,,10.571059,6.814591,-1.833423,2.377228,-1.054182,1.730965,0.054101,-0.400375,1.118829,0.063273,2.117817,,,,,,
sample,424,drone,,10.596050,6.788122,-1.789815,2.378600,-1.064026,1.758557,0.055663,-0.387421,1.089391,0.061726,2.114925,,,,,,
sample,425,drone,,10.621041,6.761410,-1.745528,2.380010,-1.073546,1.785414,0.057186,-0.374468,1.059952,0.060178,2.112161,,,,,,
sample,426,drone,,10.646031,6.734464,-1.700578,2.381458,-1.082742,1.811535,0.058671,-0.361514,1.030514,0.058630,2.109518,,,,,,
sample,427,drone,,10.671022,6.707293,-1.654985,2.382943,-1.091615,1.836920,0.060117,-0.348560,1.001075,0.057082,2.106987,,,,,,
sample,428,drone,,10.696013,6.679904,-1.608766,2.384463,-1.100163,1.861570,0.061524,-0.335607,0.971637,0.055535,2.104562,,,,,,
sample,429,drone,,10.721003,6.652305,-1.561941,2.386018,-1.108389,1.885484,0.062892,-0.322653,0.942199,0.053987,2.102237,,,,,,
sample,430,drone,,10.745994,6.624505,-1.514527,2.387607,-1.116290,1.908662,0.064222,-0.309699,0.912760,0.052439,2.100005,,,,,,
sample,431,drone,,10.770985,6.596512,-1.466543,2.389228,-1.123868,1.931105,0.065513,-0.296746,0.883322,0.050891,2.097862,,,,,,
sample,432,drone,,10.795975,6.568333,-1.418008,2.390881,-1.131122,1.952812,0.066766,-0.283792,0.853884,0.049344,2.095802,,,,,,
sample,433,drone,,10.820966,6.539977,-1.368939,2.392565,-1.138052,1.973783,0.067980,-0.270838,0.824445,0.047796,2.093820,,,,,,
sample,434,drone,,10.845957,6.511451,-1.319356,2.394279,-1.144659,1.994019,0.069155,-0.257884,0.795007,0.046248,2.091913,,,,,,
sample,435,drone,,10.870947,6.482765,-1.269275,2.396021,-1.150942,2.013519,0.070291,-0.244931,0.765569,0.044700,2.090077,,,,,,
sample,436,drone,,10.895938,6.453926,-1.218717,2.397792,-1.156901,2.032283,0.071389,-0.231977,0.736130,0.043153,2.088307,,,,,,
sample,437,drone,,10.920929,6.424942,-1.167699,2.399589,-1.162536,2.050312,0.072448,-0.219023,0.706692,0.041605,2.086601,,,,,,
sample,438,drone,,10.945919,6.395821,-1.116240,2.401413,-1.167848,2.067605,0.073468,-0.206070,0.677253,0.040057,2.084955,,,,,,
sample,439,drone,,10.970910,6.366571,-1.064357,2.403262,-1.172836,2.084162,0.074450,-0.193116,0.647815,0.038509,2.083366,,,,,,
sample,440,drone,,10.995901,6.337201,-1.012070,2.405134,-1.177500,2.099983,0.075393,-0.180162,0.618377,0.036962,2.081832,,,,,,
sample,441,drone,,11.020891,6.307718,-0.959397,2.407030,-1.181841,2.115069,0.076297,-0.167209,0.588938,0.035414,2.080349,,,,,,
sample,442,drone,,11.045882,6.278131,-0.906356,2.408948,-1.185857,2.129419,0.077163,-0.154255,0.559500,0.033866,2.078916,,,,,,
sample,443,drone,,11.070873,6.248447,-0.852966,2.410887,-1.189550,2.143034,0.077990,-0.141301,0.530062,0.032319,2.077530,,,,,,
sample,444,drone,,11.095864,6.218675,-0.799245,2.412846,-1.192920,2.155912,0.078778,-0.128348,0.500623,0.030771,2.076189,,,,,,
sample,445,drone,,11.120854,6.188823,-0.745211,2.414824,-1.195965,2.168056,0.079528,-0.115394,0.471185,0.029223,2.074890,,,,,,
sample,446,drone,,11.145845,6.158899,-0.690882,2.416821,-1.198687,2.179463,0.080239,-0.102440,0.441747,0.027675,2.073633,,,,,,
sample,447,drone,,11.170836,6.128911,-0.636278,2.418834,-1.201085,2.190135,0.080911,-0.089486,0.412308,0.026128,2.072416,,,,,,
sample,448,drone,,11.195826,6.098867,-0.581416,2.420865,-1.203160,2.200071,0.081545,-0.076533,0.382870,0.024580,2.071236,,,,,,
sample,449,drone,,11.220817,6.068776,-0.526316,2.422910,-1.204911,2.209271,0.082140,-0.063579,0.353431,0.023032,2.070092,,,,,,
sample,450,drone,,11.245808,6.038644,-0.470994,2.424970,-1.206338,2.217736,0.082696,-0.050625,0.323993,0.021484,2.068983,,,,,,
sample,451,drone,,11.270798,6.008481,-0.415470,2.427043,-1.207441,2.225465,0.083214,-0.037672,0.294555,0.019937,2.067907,,,,,,
sample,452,drone,,11.295789,5.978295,-0.359762,2.429129,-1.208221,2.232458,0.083693,-0.024718,0.265116,0.018389,2.066863,,,,,,
sample,453,drone,,11.320780,5.948093,-0.303889,2.431226,-1.208676,2.238715,0.084133,-0.011764,0.235678,0.016841,2.065850,,,,,,
sample,454,drone,,11.345770,5.917883,-0.247868,2.433334,-1.208809,2.244237,0.084534,0.001189,0.206240,0.015293,2.064867,,,,,,
sample,455,drone,,11.370761,5.887675,-0.191719,2.435452,-1.208617,2.249024,0.084897,0.014143,0.176801,0.013746,2.063912,,,,,,
sample,456,drone,,11.395752,5.857475,-0.135459,2.437578,-1.208102,2.253074,0.085221,0.027097,0.147363,0.012198,2.062984,,,,,,
sample,457,drone,,11.420742,5.827292,-0.079107,2.439711,-1.207263,2.256389,0.085507,0.040051,0.117925,0.010650,2.062083,,,,,,
sample,458,drone,,11.445733,5.797135,-0.022681,2.441851,-1.206100,2.258968,0.085754,0.053004,0.088486,0.009102,2.061207,,,,,,
sample,459,drone,,11.470724,5.767010,0.033799,2.443997,-1.204613,2.260812,0.085962,0.065958,0.059048,0.007555,2.060357,,,,,,
sample,460,drone,,11.495714,5.736926,0.090317,2.446148,-1.202803,2.261919,0.086131,0.078912,0.029609,0.006007,2.059530,,,,,,
sample,461,drone,,11.520705,5.706892,0.146853,2.448302,-1.200669,2.262292,0.086262,0.091865,0.000171,0.004459,2.058726,,,,,,
sample,462,drone,,11.545696,5.676915,0.203389,2.450459,-1.198212,2.261928,0.086354,0.104819,-0.029267,0.002912,2.057944,,,,,,
sample,463,drone,,11.570687,5.647004,0.259907,2.452618,-1.195430,2.260829,0.086408,0.117773,-0.058706,0.001364,2.057184,,,,,,
sample,464,drone,,11.595677,5.617166,0.316389,2.454778,-1.192325,2.258994,0.086422,0.130726,-0.088144,-0.000184,2.056446,,,,,,
sample,465,drone,,11.620668,5.587410,0.372815,2.456938,-1.188896,2.256423,0.086398,0.143680,-0.117582,-0.001732,2.055727,,,,,,
sample,466,drone,,11.645659,5.557743,0.429168,2.459096,-1.185144,2.253117,0.086336,0.156634,-0.147021,-0.003279,2.055028,,,,,,
sample,467,drone,,11.670649,5.528175,0.485429,2.461253,-1.181068,2.249075,0.086234,0.169588,-0.176459,-0.004827,2.054349,,,,,,
sample,468,drone,,11.695640,5.498712,0.541580,2.463406,-1.176668,2.244297,0.086094,0.182541,-0.205898,-0.006375,2.053688,,,,,,
sample,469,drone,,11.720631,5.469363,0.597602,2.465556,-1.171944,2.238784,0.085916,0.195495,-0.235336,-0.007923,2.053046,,,,,,
sample,470,drone,,11.745621,5.440137,0.653477,2.467701,-1.166897,2.232535,0.085699,0.208449,-0.264774,-0.009470,2.052421,,,,,,
sample,471,drone,,11.770612,5.411040,0.709187,2.469839,-1.161525,2.225550,0.085442,0.221402,-0.294213,-0.011018,2.051814,,,,,,
sample,472,drone,,11.795603,5.382082,0.764713,2.471971,-1.155831,2.217830,0.085148,0.234356,-0.323651,-0.012566,2.051223,,,,,,
sample,473,drone,,11.820593,5.353270,0.820037,2.474095,-1.149812,2.209374,0.084814,0.247310,-0.353089,-0.014114,2.050650,,,,,,
sample,474,drone,,11.845584,5.324613,0.875141,2.476210,-1.143470,2.200182,0.084442,0.260263,-0.382528,-0.015661,2.050092,,,,,,
sample,475,drone,,11.870575,5.296118,0.930005,2.478316,-1.136804,2.190254,0.084032,0.273217,-0.411966,-0.017209,2.049550,,,,,,
sample,476,drone,,11.895565,5.267794,0.984613,2.480410,-1.129814,2.179591,0.083582,0.286171,-0.441404,-0.018757,2.049024,,,,,,
sample,477,drone,,11.920556,5.239648,1.038944,2.482493,-1.122500,2.168192,0.083094,0.299124,-0.470843,-0.020305,2.048513,,,,,,
sample,478,drone,,11.945547,5.211690,1.092982,2.484564,-1.114863,2.156058,0.082567,0.312078,-0.500281,-0.021852,2.048018,,,,,,
sample,479,drone,,11.970537,5.183926,1.146707,2.486620,-1.106902,2.143188,0.082002,0.325032,-0.529720,-0.023400,2.047537,,,,,,
sample,480,drone,,11.995528,5.156365,1.200101,2.488662,-1.098618,2.129582,0.081398,0.337986,-0.559158,-0.024948,2.047070,,,,,,
sample,481,drone,,12.020519,5.129015,1.253146,2.490689,-1.090009,2.115240,0.080755,0.350939,-0.588596,-0.026496,2.046619,,,,,,
sample,482,drone,,12.045510,5.101885,1.305824,2.492698,-1.081077,2.100163,0.080074,0.363893,-0.618035,-0.028043,2.046181,,,,,,
sample,483,drone,,12.070500,5.074982,1.358115,2.494691,-1.071822,2.084350,0.079353,0.376847,-0.647473,-0.029591,2.045758,,,,,,
sample,484,drone,,12.095491,5.048314,1.410003,2.496665,-1.062242,2.067801,0.078595,0.389800,-0.676911,-0.031139,2.045349,,,,,,
sample,485,drone,,12.120482,5.021889,1.461467,2.498619,-1.052339,2.050517,0.077797,0.402754,-0.706350,-0.032686,2.044953,,,,,,
sample,486,drone,,12.145472,4.995717,1.512490,2.500553,-1.042112,2.032497,0.076961,0.415708,-0.735788,-0.034234,2.044572,,,,,,
sample,487,drone,,12.170463,4.969803,1.563054,2.502466,-1.031561,2.013741,0.076086,0.428661,-0.765226,-0.035782,2.044205,,,,,,
sample,488,drone,,12.195454,4.944158,1.613140,2.504356,-1.020687,1.994250,0.075172,0.441615,-0.794665,-0.037330,2.043851,,,,,,
sample,489,drone,,12.220444,4.918788,1.662729,2.506223,-1.009489,1.974023,0.074220,0.454569,-0.824103,-0.038877,2.043512,,,,,,
sample,490,drone,,12.245435,4.893702,1.711804,2.508065,-0.997967,1.953060,0.073229,0.467523,-0.853542,-0.040425,2.043186,,,,,,
sample,491,drone,,12.270426,4.868908,1.760346,2.509883,-0.986121,1.931362,0.072200,0.480476,-0.882980,-0.041973,2.042875,,,,,,
sample,492,drone,,12.295416,4.844414,1.808336,2.511674,-0.973952,1.908927,0.071131,0.493430,-0.912418,-0.043521,2.042578,,,,,,
sample,493,drone,,12.320407,4.820229,1.855757,2.513438,-0.961459,1.885758,0.070024,0.506384,-0.941857,-0.045068,2.042295,,,,,,
sample,494,drone,,12.345398,4.796359,1.902589,2.515174,-0.948642,1.861852,0.068879,0.519337,-0.971295,-0.046616,2.042027,,,,,,
sample,495,drone,,12.370388,4.772814,1.948815,2.516881,-0.935502,1.837211,0.067695,0.532291,-1.000733,-0.048164,2.041774,,,,,,
sample,496,drone,,12.395379,4.749602,1.994415,2.518557,-0.922038,1.811834,0.066472,0.545245,-1.030172,-0.049712,2.041536,,,,,,
sample,497,drone,,12.420370,4.726730,2.039373,2.520203,-0.908250,1.785722,0.065210,0.558198,-1.059610,-0.051259,2.041314,,,,,,
sample,498,drone,,12.445360,4.704206,2.083668,2.521817,-0.894138,1.758873,0.063910,0.571152,-1.089049,-0.052807,2.041108,,,,,,
sample,499,drone,,12.470351,4.682039,2.127283,2.523397,-0.879703,1.731289,0.062570,0.584106,-1.118487,-0.054355,2.040919,,,,,,
sample,500,drone,,12.495342,4.660237,2.170200,2.524944,-0.864944,1.702970,0.061193,0.597059,-1.147925,-0.055903,2.040746,,,,,,
sample,501,drone,,12.520333,4.638808,2.212400,2.526456,-0.849861,1.673915,0.059776,0.610013,-1.177364,-0.057450,2.040592,,,,,,
sample,502,drone,,12.545323,4.617760,2.253865,2.527932,-0.834454,1.644124,0.058321,0.622967,-1.206802,-0.058998,2.040456,,,,,,
sample,503,drone,,12.570314,4.597101,2.294576,2.529371,-0.818724,1.613597,0.056828,0.635921,-1.236240,-0.060546,2.040339,,,,,,
sample,504,drone,,12.595305,4.576839,2.334515,2.530772,-0.802670,1.582335,0.055295,0.648874,-1.265679,-0.062094,2.040243,,,,,,
sample,505,drone,,12.620295,4.556983,2.373663,2.532135,-0.786292,1.550337,0.053724,0.661828,-1.295117,-0.063641,2.040168,,,,,,
sample,506,drone,,12.645286,4.537539,2.412003,2.533457,-0.769591,1.517603,0.052114,0.674782,-1.324555,-0.065189,2.040115,,,,,,
sample,507,drone,,12.670277,4.518517,2.449515,2.534739,-0.752566,1.484134,0.050466,0.687735,-1.353994,-0.066737,2.040087,,,,,,
sample,508,drone,,12.695267,4.499925,2.486182,2.535980,-0.735217,1.449928,0.048779,0.700689,-1.383432,-0.068284,2.040085,,,,,,
sample,509,drone,,12.720258,4.481770,2.521984,2.537177,-0.717545,1.414988,0.047053,0.713643,-1.412871,-0.069832,2.040110,,,,,,
sample,510,drone,,12.745249,4.464061,2.556905,2.538331,-0.699548,1.379311,0.045288,0.726596,-1.442309,-0.071380,2.040165,,,,,,
sample,511,drone,,12.770239,4.446806,2.590924,2.539441,-0.681228,1.342899,0.043485,0.739550,-1.471747,-0.072928,2.040252,,,,,,
sample,512,drone,,12.795230,4.430012,2.624024,2.540505,-0.662585,1.305751,0.041643,0.752504,-1.501186,-0.074475,2.040375,,,,,,
sample,513,drone,,12.820221,4.413689,2.656187,2.541522,-0.643617,1.267868,0.039763,0.765458,-1.530624,-0.076023,2.040535,,,,,,
sample,514,drone,,12.845211,4.397844,2.687394,2.542492,-0.624326,1.229249,0.037844,0.778411,-1.560062,-0.077571,2.040738,,,,,,
sample,515,drone,,12.870202,4.382484,2.717627,2.543414,-0.604711,1.189894,0.035886,0.791365,-1.589501,-0.079119,2.040987,,,,,,
sample,516,drone,,12.895193,4.367619,2.746867,2.544286,-0.584772,1.149803,0.033889,0.804319,-1.618939,-0.080666,2.041288,,,,,,
sample,517,drone,,12.920183,4.353257,2.775096,2.545108,-0.564510,1.108977,0.031854,0.817272,-1.648377,-0.082214,2.041647,,,,,,
sample,518,drone,,12.945174,4.339404,2.802295,2.545878,-0.543924,1.067415,0.029780,0.830226,-1.677816,-0.083762,2.042072,,,,,,
sample,519,drone,,12.970165,4.326070,2.828446,2.546596,-0.523014,1.025117,0.027667,0.843180,-1.707254,-0.085310,2.042570,,,,,,
sample,520,drone,,12.995155,4.313263,2.853532,2.547261,-0.501781,0.982084,0.025516,0.856133,-1.736693,-0.086857,2.043153,,,,,,
sample,521,drone,,13.020146,4.300991,2.877532,2.547871,-0.480224,0.938315,0.023326,0.869087,-1.766131,-0.088405,2.043834,,,,,,
sample,522,drone,,13.045137,4.289261,2.900430,2.548427,-0.458343,0.893811,0.021098,0.882041,-1.795569,-0.089953,2.044628,,,,,,
sample,523,drone,,13.070128,4.278082,2.922206,2.548926,-0.436138,0.848570,0.018830,0.894995,-1.825008,-0.091501,2.045556,,,,,,
sample,524,drone,,13.095118,4.267462,2.942843,2.549368,-0.413610,0.802594,0.016524,0.907948,-1.854446,-0.093048,2.046641,,,,,,
sample,525,drone,,13.120109,4.257409,2.962321,2.549752,-0.390757,0.755882,0.014180,0.920902,-1.883884,-0.094596,2.047916,,,,,,
sample,526,drone,,13.145100,4.247932,2.980623,2.550077,-0.367582,0.708435,0.011796,0.933856,-1.913323,-0.096144,2.049421,,,,,,
sample,527,drone,,13.170090,4.239037,2.997730,2.550341,-0.344082,0.660252,0.009374,0.946809,-1.942761,-0.097691,2.051211,,,,,,
sample,528,drone,,13.195081,4.230734,3.013623,2.550545,-0.320259,0.611333,0.006913,0.959763,-1.972200,-0.099239,2.053357,,,,,,
sample,529,drone,,13.220072,4.223030,3.028285,2.550687,-0.296112,0.561679,0.004414,0.972717,-2.001638,-0.100787,2.055959,,,,,,
sample,530,drone,,13.245062,4.215934,3.041697,2.550766,-0.271641,0.511289,0.001876,0.985670,-2.031076,-0.102335,2.059159,,,,,,
sample,531,drone,,13.270053,4.209453,3.053840,2.550781,-0.246847,0.460163,-0.000701,0.998624,-2.060515,-0.103882,2.063164,,,,,,
sample,532,drone,,13.295044,4.203596,3.064696,2.550731,-0.221729,0.408301,-0.003316,1.011578,-2.089953,-0.105430,2.068289,,,,,,
sample,533,drone,,13.320034,4.198371,3.074247,2.550615,-0.196287,0.355704,-0.005970,1.024531,-2.119391,-0.106978,2.075040,,,,,,
sample,534,drone,,13.345025,4.193786,3.082475,2.550432,-0.170521,0.302371,-0.008663,1.076593,-2.232694,-0.117289,2.084284,,,,,,
sample,535,drone,,13.370016,4.189848,3.089360,2.550182,-0.142477,0.244111,-0.011833,1.325584,-2.767095,-0.172019,2.099112,,,,,,
sample,536,drone,,13.395006,4.186664,3.094676,2.549841,-0.104267,0.164068,-0.017261,1.699578,-3.565591,-0.255723,2.136916,,,,,,
sample,537,drone,,13.419997,4.184637,3.097560,2.549319,-0.057530,0.065898,-0.024614,1.870981,-3.925256,-0.295102,2.288501,,,,,,
sample,538,drone,,13.444988,4.183789,3.097969,2.548611,-0.010752,-0.032122,-0.032010,1.854374,-3.880038,-0.292768,-1.893809,,,,,,
sample,539,drone,,13.469978,4.184099,3.095955,2.547719,0.035154,-0.128032,-0.039247,1.819529,-3.795632,-0.286367,-1.302825,,,,,,
sample,540,drone,,13.494969,4.185546,3.091570,2.546649,0.080190,-0.221833,-0.046323,1.784683,-3.711225,-0.279965,-1.223922,,,,,,
sample,541,drone,,13.519960,4.188107,3.084867,2.545404,0.124355,-0.313524,-0.053240,1.749838,-3.626819,-0.273564,-1.193192,,,,,,
sample,542,drone,,13.544951,4.191761,3.075900,2.543988,0.167650,-0.403106,-0.059997,1.714992,-3.542412,-0.267162,-1.176663,,,,,,
sample,543,drone,,13.569941,4.196487,3.064720,2.542405,0.210073,-0.490579,-0.066593,1.680147,-3.458005,-0.260760,-1.166206,,,,,,
sample,544,drone,,13.594932,4.202261,3.051380,2.540660,0.251626,-0.575942,-0.073030,1.645302,-3.373599,-0.254359,-1.158895,,,,,,
sample,545,drone,,13.619923,4.209063,3.035933,2.538755,0.292307,-0.659196,-0.079306,1.610456,-3.289192,-0.247957,-1.153419,,,,,,
sample,546,drone,,13.644913,4.216871,3.018432,2.536696,0.332118,-0.740340,-0.085423,1.575611,-3.204785,-0.241556,-1.149105,,,,,,
sample,547,drone,,13.669904,4.225663,2.998930,2.534486,0.371059,-0.819375,-0.091380,1.540765,-3.120379,-0.235154,-1.145570,,,,,,
sample,548,drone,,13.694895,4.235417,2.977479,2.532129,0.409128,-0.896301,-0.097176,1.505920,-3.035972,-0.228753,-1.142581,,,,,,
sample,549,drone,,13.719885,4.246112,2.954132,2.529629,0.446326,-0.971117,-0.102813,1.471074,-2.951565,-0.222351,-1.139987,,,,,,
sample,550,drone,,13.744876,4.257725,2.928941,2.526990,0.482654,-1.043824,-0.108290,1.436229,-2.867159,-0.215950,-1.137686,,,,,,
sample,551,drone,,13.769867,4.270235,2.901960,2.524216,0.518111,-1.114422,-0.113606,1.401383,-2.782752,-0.209548,-1.135609,,,,,,
sample,552,drone,,13.794857,4.283621,2.873241,2.521312,0.552697,-1.182910,-0.118763,1.366538,-2.698346,-0.203147,-1.133702,,,,,,
sample,553,drone,,13.819848,4.297860,2.842837,2.518280,0.586413,-1.249289,-0.123760,1.331693,-2.613939,-0.196745,-1.131929,,,,,,
sample,554,drone,,13.844839,4.312931,2.810800,2.515126,0.619257,-1.313558,-0.128597,1.296847,-2.529532,-0.190344,-1.130261,,,,,,
sample,555,drone,,13.869829,4.328811,2.777183,2.511853,0.651231,-1.375718,-0.133274,1.262002,-2.445126,-0.183942,-1.128675,,,,,,
sample,556,drone,,13.894820,4.345480,2.742039,2.508465,0.682334,-1.435769,-0.137791,1.227156,-2.360719,-0.177541,-1.127153,,,,,,
sample,557,drone,,13.919811,4.362915,2.705421,2.504966,0.712566,-1.493710,-0.142147,1.192311,-2.276312,-0.171139,-1.125681,,,,,,
sample,558,drone,,13.944801,4.381095,2.667382,2.501360,0.741927,-1.549542,-0.146344,1.157465,-2.191906,-0.164737,-1.124249,,,,,,
sample,559,drone,,13.969792,4.399998,2.627973,2.497651,0.770417,-1.603265,-0.150381,1.122620,-2.107499,-0.158336,-1.122845,,,,,,
sample,560,drone,,13.994783,4.419602,2.587248,2.493844,0.798037,-1.654878,-0.154258,1.087774,-2.023092,-0.151934,-1.121463,,,,,,
sample,561,drone,,14.019774,4.439885,2.545260,2.489941,0.824786,-1.704381,-0.157975,1.052929,-1.938686,-0.145533,-1.120095,,,,,,
sample,562,drone,,14.044764,4.460826,2.502061,2.485948,0.850664,-1.751776,-0.161532,1.018084,-1.854279,-0.139131,-1.118734,,,,,,
sample,563,drone,,14.069755,4.482402,2.457704,2.481868,0.875671,-1.797061,-0.164929,0.983238,-1.769872,-0.132730,-1.117377,,,,,,
sample,564,drone,,14.094746,4.504593,2.412242,2.477705,0.899807,-1.840237,-0.168166,0.948393,-1.685466,-0.126328,-1.116017,,,,,,
sample,565,drone,,14.119736,4.527376,2.365726,2.473462,0.923073,-1.881303,-0.171243,0.913547,-1.601059,-0.119927,-1.114652,,,,,,
sample,566,drone,,14.144727,4.550729,2.318211,2.469146,0.945468,-1.920260,-0.174160,0.878702,-1.516653,-0.113525,-1.113276,,,,,,
sample,567,drone,,14.169718,4.574632,2.269749,2.464758,0.966992,-1.957107,-0.176917,0.843856,-1.432246,-0.107124,-1.111886,,,,,,
sample,568,drone,,14.194708,4.599061,2.220393,2.460303,0.987645,-1.991845,-0.179514,0.809011,-1.347839,-0.100722,-1.110479,,,,,,
sample,569,drone,,14.219699,4.623995,2.170194,2.455785,1.007427,-2.024474,-0.181951,0.774165,-1.263433,-0.094321,-1.109051,,,,,,
sample,570,drone,,14.244690,4.649413,2.119207,2.451209,1.026339,-2.054993,-0.184229,0.739320,-1.179026,-0.087919,-1.107600,,,,,,
sample,571,drone,,14.269680,4.675293,2.067483,2.446577,1.044379,-2.083403,-0.186346,0.704475,-1.094619,-0.081518,-1.106121,,,,,,
sample,572,drone,,14.294671,4.701613,2.015075,2.441895,1.061549,-2.109704,-0.188303,0.669629,-1.010213,-0.075116,-1.104612,,,,,,
sample,573,drone,,14.319662,4.728351,1.962037,2.437166,1.077848,-2.133895,-0.190100,0.634784,-0.925806,-0.068715,-1.103070,,,,,,
sample,574,drone,,14.344652,4.755485,1.908420,2.432394,1.093277,-2.155977,-0.191737,0.599938,-0.841399,-0.062313,-1.101492,,,,,,
sample,575,drone,,14.369643,4.782994,1.854278,2.427582,1.107834,-2.175949,-0.193215,0.565093,-0.756993,-0.055911,-1.099874,,,,,,
sample,576,drone,,14.394634,4.810856,1.799663,2.422736,1.121521,-2.193813,-0.194532,0.530247,-0.672586,-0.049510,-1.098213,,,,,,
sample,577,drone,,14.419624,4.839049,1.744628,2.417859,1.134337,-2.209566,-0.195689,0.495402,-0.588179,-0.043108,-1.096506,,,,,,
sample,578,drone,,14.444615,4.867552,1.689226,2.412956,1.146282,-2.223211,-0.196687,0.460556,-0.503773,-0.036707,-1.094749,,,,,,
sample,579,drone,,14.469606,4.896342,1.633509,2.408029,1.157356,-2.234745,-0.197524,0.425711,-0.419366,-0.030305,-1.092938,,,,,,
sample,580,drone,,14.494597,4.925398,1.577531,2.403083,1.167559,-2.244171,-0.198201,0.390865,-0.334960,-0.023904,-1.091070,,,,,,
sample,581,drone,,14.519587,4.954698,1.521343,2.398122,1.176892,-2.251487,-0.198719,0.356020,-0.250553,-0.017502,-1.089140,,,,,,
sample,582,drone,,14.544578,4.984221,1.464998,2.393151,1.185354,-2.256694,-0.199076,0.321175,-0.166146,-0.011101,-1.087145,,,,,,
sample,583,drone,,14.569569,5.013944,1.408550,2.388172,1.192945,-2.259791,-0.199274,0.286329,-0.081740,-0.004699,-1.085078,,,,,,
sample,584,drone,,14.594559,5.043846,1.352051,2.383191,1.199665,-2.260779,-0.199311,0.251484,0.002667,0.001702,-1.082937,,,,,,
sample,585,drone,,14.619550,5.073905,1.295553,2.378210,1.205514,-2.259658,-0.199188,0.216638,0.087074,0.008104,-1.080714,,,,,,
sample,586,drone,,14.644541,5.104099,1.239110,2.373235,1.210493,-2.256427,-0.198906,0.181793,0.171480,0.014505,-1.078405,,,,,,
sample,587,drone,,14.669531,5.134407,1.182774,2.368269,1.214600,-2.251087,-0.198463,0.146947,0.255887,0.020907,-1.076003,,,,,,
sample,588,drone,,14.694522,5.164807,1.126597,2.363316,1.217837,-2.243638,-0.197861,0.112102,0.340294,0.027308,-1.073501,,,,,,
sample,589,drone,,14.719513,5.195276,1.070634,2.358380,1.220203,-2.234079,-0.197099,0.077256,0.424700,0.033710,-1.070893,,,,,,
sample,590,drone,,14.744503,5.225794,1.014935,2.353464,1.221699,-2.222411,-0.196176,0.042411,0.509107,0.040111,-1.068170,,,,,,
sample,591,drone,,14.769494,5.256338,0.959555,2.348574,1.222323,-2.208633,-0.195094,0.007566,0.593513,0.046513,-1.065324,,,,,,
sample,592,drone,,14.794485,5.286887,0.904545,2.343713,1.222077,-2.192746,-0.193851,-0.027280,0.677920,0.052915,-1.062345,,,,,,
sample,593,drone,,14.819475,5.317419,0.849958,2.338885,1.220960,-2.174750,-0.192449,-0.062125,0.762327,0.059316,-1.059224,,,,,,
sample,594,drone,,14.844466,5.347913,0.795848,2.334095,1.218972,-2.154644,-0.190887,-0.096971,0.846733,0.065718,-1.055948,,,,,,
sample,595,drone,,14.869457,5.378345,0.742266,2.329345,1.216113,-2.132429,-0.189164,-0.131816,0.931140,0.072119,-1.052505,,,,,,
sample,596,drone,,14.894447,5.408696,0.689266,2.324640,1.212383,-2.108104,-0.187282,-0.166662,1.015547,0.078521,-1.048882,,,,,,
sample,597,drone,,14.919438,5.438942,0.636900,2.319984,1.207783,-2.081670,-0.185240,-0.201507,1.099953,0.084922,-1.045064,,,,,,
sample,598,drone,,14.944429,5.469062,0.585221,2.315381,1.202312,-2.053127,-0.183037,-0.236353,1.184360,0.091324,-1.041032,,,,,,
sample,599,drone,,14.969420,5.499035,0.534282,2.310836,1.195970,-2.022474,-0.180675,-0.271198,1.268767,0.097725,-1.036769,,,,,,
sample,600,drone,,14.994410,5.528838,0.484135,2.306351,1.188757,-1.989712,-0.178153,-0.306043,1.353173,0.104127,-1.032253,,,,,,
sample,601,drone,,15.019401,5.558451,0.434833,2.301931,1.180673,-1.954841,-0.175471,-0.340889,1.437580,0.110528,-1.027460,,,,,,
sample,602,drone,,15.044392,5.587850,0.386430,2.297581,1.171719,-1.917860,-0.172629,-0.375734,1.521987,0.116930,-1.022363,,,,,,
sample,603,drone,,15.069382,5.617015,0.338976,2.293303,1.161894,-1.878770,-0.169627,-0.410580,1.606393,0.123331,-1.016933,,,,,,
sample,604,drone,,15.094373,5.645923,0.292526,2.289102,1.151197,-1.837571,-0.166464,-0.445425,1.690800,0.129733,-1.011135,,,,,,
sample,605,drone,,15.119364,5.674553,0.247132,2.284983,1.139631,-1.794262,-0.163142,-0.480271,1.775206,0.136134,-1.004929,,,,,,
sample,606,drone,,15.144354,5.702883,0.202846,2.280948,1.127193,-1.748843,-0.159660,-0.515116,1.859613,0.142536,-0.998272,,,,,,
sample,607,drone,,15.169345,5.730892,0.159722,2.277003,1.113884,-1.701316,-0.156018,-0.549962,1.944020,0.148938,-0.991111,,,,,,
sample,608,drone,,15.194336,5.758557,0.117812,2.273150,1.099705,-1.651679,-0.152216,-0.584807,2.028426,0.155339,-0.983387,,,,,,
sample,609,drone,,15.219326,5.785857,0.077169,2.269395,1.084655,-1.599932,-0.148254,-0.619653,2.112833,0.161741,-0.975031,,,,,,
sample,610,drone,,15.244317,5.812769,0.037846,2.265740,1.068734,-1.546076,-0.144132,-0.654498,2.197240,0.168142,-0.965963,,,,,,
sample,611,drone,,15.269308,5.839273,-0.000106,2.262191,1.051942,-1.490111,-0.139850,-0.689343,2.281646,0.174544,-0.956089,,,,,,
sample,612,drone,,15.294298,5.865347,-0.036632,2.258751,1.034280,-1.432036,-0.135408,-0.724189,2.366053,0.180945,-0.945297,,,,,,
sample,613,drone,,15.319289,5.890968,-0.071681,2.255423,1.015746,-1.371852,-0.130806,-0.759034,2.450460,0.187347,-0.933455,,,,,,
sample,614,drone,,15.344280,5.916115,-0.105199,2.252213,0.996342,-1.309559,-0.126044,-0.793880,2.534866,0.193748,-0.920405,,,,,,
sample,615,drone,,15.369270,5.940767,-0.137135,2.249123,0.976067,-1.245156,-0.121122,-0.828725,2.619273,0.200150,-0.905955,,,,,,
sample,616,drone,,15.394261,5.964901,-0.167434,2.246159,0.954921,-1.178644,-0.116041,-0.863571,2.703679,0.206551,-0.889875,,,,,,
sample,617,drone,,15.419252,5.988495,-0.196045,2.243323,0.932905,-1.110023,-0.110799,-0.898416,2.788086,0.212953,-0.871880,,,,,,
sample,618,drone,,15.444242,6.011528,-0.222914,2.240621,0.910017,-1.039292,-0.105397,-0.933262,2.872493,0.219354,-0.851619,,,,,,
sample,619,drone,,15.469233,6.033979,-0.247990,2.238055,0.886259,-0.966452,-0.099835,-0.968107,2.956899,0.225756,-0.828655,,,,,,
sample,620,drone,,15.494224,6.055825,-0.271219,2.235631,0.861630,-0.891502,-0.094113,-1.002952,3.041306,0.232157,-0.802436,,,,,,
sample,621,drone,,15.519215,6.077044,-0.292548,2.233352,0.836130,-0.814443,-0.088232,-1.037798,3.125713,0.238559,-0.772260,,,,,,
sample,622,drone,,15.544205,6.097616,-0.311926,2.231221,0.809759,-0.735275,-0.082190,-0.876063,2.912522,0.219072,-0.737226,,,,,,
sample,623,drone,,15.569196,6.117517,-0.329299,2.229244,0.792343,-0.668871,-0.077282,-0.040525,1.672606,0.110437,-0.701099,,,,,,
sample,624,drone,,15.594187,6.137218,-0.345357,2.227358,0.807734,-0.651676,-0.076670,1.099631,-0.048027,-0.039517,-0.678870,,,,,,
sample,625,drone,,15.619177,6.157889,-0.361870,2.225412,0.847304,-0.671272,-0.079257,1.592790,-0.808436,-0.105448,-0.669994,,,,,,
sample,626,drone,,15.644168,6.179568,-0.378908,2.223397,0.887344,-0.692082,-0.081940,1.590419,-0.825164,-0.106518,-0.662394,,,,,,
sample,627,drone,,15.669159,6.202239,-0.396461,2.221316,0.926796,-0.712514,-0.084581,1.566910,-0.810024,-0.104813,-0.655421,,,,,,
sample,628,drone,,15.694149,6.225890,-0.414521,2.219170,0.965660,-0.732568,-0.087179,1.543401,-0.794884,-0.103108,-0.648995,,,,,,
sample,629,drone,,15.719140,6.250504,-0.433076,2.216959,1.003937,-0.752244,-0.089735,1.519892,-0.779745,-0.101403,-0.643049,,,,,,
sample,630,drone,,15.744131,6.276068,-0.452119,2.214685,1.041626,-0.771541,-0.092247,1.496383,-0.764605,-0.099698,-0.637528,,,,,,
sample,631,drone,,15.769121,6.302566,-0.471639,2.212348,1.078728,-0.790460,-0.094718,1.472874,-0.749465,-0.097993,-0.632383,,,,,,
sample,632,drone,,15.794112,6.329984,-0.491627,2.209950,1.115243,-0.809000,-0.097145,1.449365,-0.734325,-0.096288,-0.627572,,,,,,
sample,633,drone,,15.819103,6.358308,-0.512074,2.207493,1.151169,-0.827162,-0.099530,1.425856,-0.719185,-0.094583,-0.623062,,,,,,
sample,634,drone,,15.844093,6.387522,-0.532970,2.204976,1.186509,-0.844946,-0.101873,1.402347,-0.704045,-0.092878,-0.618819,,,,,,
sample,635,drone,,15.869084,6.417611,-0.554305,2.202401,1.221261,-0.862352,-0.104172,1.378838,-0.688905,-0.091173,-0.614819,,,,,,
sample,636,drone,,15.894075,6.448562,-0.576071,2.199769,1.255425,-0.879379,-0.106430,1.355329,-0.673765,-0.089468,-0.611037,,,,,,
sample,637,drone,,15.919065,6.480359,-0.598258,2.197081,1.289002,-0.896027,-0.108644,1.331820,-0.658625,-0.087763,-0.607452,,,,,,
sample,638,drone,,15.944056,6.512988,-0.620856,2.194339,1.321991,-0.912298,-0.110816,1.308311,-0.643485,-0.086058,-0.604046,,,,,,
sample,639,drone,,15.969047,6.546434,-0.643856,2.191543,1.354393,-0.928190,-0.112945,1.284802,-0.628345,-0.084353,-0.600804,,,,,,
sample,640,drone,,15.994038,6.580682,-0.667248,2.188694,1.386207,-0.943703,-0.115032,1.261293,-0.613206,-0.082648,-0.597710,,,,,,
sample,641,drone,,16.019028,6.615718,-0.691023,2.185793,1.417434,-0.958838,-0.117076,1.237784,-0.598066,-0.080943,-0.594752,,,,,,
sample,642,drone,,16.044019,6.651528,-0.715172,2.182842,1.448073,-0.973595,-0.119078,1.214275,-0.582926,-0.079238,-0.591919,,,,,,
sample,643,drone,,16.069010,6.688095,-0.739685,2.179842,1.478125,-0.987974,-0.121037,1.190766,-0.567786,-0.077533,-0.589199,,,,,,
sample,644,drone,,16.094000,6.725406,-0.764552,2.176793,1.507590,-1.001974,-0.122953,1.167257,-0.552646,-0.075828,-0.586584,,,,,,
sample,645,drone,,16.118991,6.763446,-0.789765,2.173696,1.536466,-1.015596,-0.124827,1.143748,-0.537506,-0.074123,-0.584065,,,,,,
sample,646,drone,,16.143982,6.802201,-0.815313,2.170554,1.564756,-1.028839,-0.126658,1.120239,-0.522366,-0.072418,-0.581635,,,,,,
sample,647,drone,,16.168972,6.841655,-0.841188,2.167366,1.592457,-1.041704,-0.128446,1.096730,-0.507226,-0.070713,-0.579286,,,,,,
sample,648,drone,,16.193963,6.881794,-0.867379,2.164134,1.619572,-1.054191,-0.130192,1.073221,-0.492086,-0.069008,-0.577013,,,,,,
sample,649,drone,,16.218954,6.922604,-0.893878,2.160858,1.646098,-1.066300,-0.131895,1.049712,-0.476946,-0.067303,-0.574809,,,,,,
sample,650,drone,,16.243944,6.964068,-0.920674,2.157541,1.672038,-1.078030,-0.133556,1.026203,-0.461806,-0.065598,-0.572669,,,,,,
sample,651,drone,,16.268935,7.006174,-0.947759,2.154183,1.697390,-1.089381,-0.135174,1.002694,-0.446666,-0.063892,-0.570588,,,,,,
sample,652,drone,,16.293926,7.048906,-0.975123,2.150785,1.722154,-1.100355,-0.136749,0.979185,-0.431527,-0.062187,-0.568562,,,,,,
sample,653,drone,,16.318916,7.092250,-1.002756,2.147348,1.746331,-1.110950,-0.138282,0.955676,-0.416387,-0.060482,-0.566586,,,,,,
sample,654,drone,,16.343907,7.136190,-1.030650,2.143874,1.769920,-1.121166,-0.139772,0.932167,-0.401247,-0.058777,-0.564657,,,,,,
sample,655,drone,,16.368898,7.180713,-1.058794,2.140362,1.792922,-1.131004,-0.141220,0.908658,-0.386107,-0.057072,-0.562771,,,,,,
sample,656,drone,,16.393888,7.225803,-1.087179,2.136815,1.815336,-1.140464,-0.142625,0.885149,-0.370967,-0.055367,-0.560925,,,,,,
sample,657,drone,,16.418879,7.271446,-1.115796,2.133234,1.837162,-1.149546,-0.143987,0.861640,-0.355827,-0.053662,-0.559116,,,,,,
sample,658,drone,,16.443870,7.317627,-1.144635,2.129619,1.858402,-1.158249,-0.145307,0.838131,-0.340687,-0.051957,-0.557340,,,,,,
sample,659,drone,,16.468861,7.364331,-1.173687,2.125971,1.879053,-1.166574,-0.146584,0.814622,-0.325547,-0.050252,-0.555595,,,,,,
sample,660,drone,,16.493851,7.411544,-1.202942,2.122292,1.899118,-1.174520,-0.147819,0.791113,-0.310407,-0.048547,-0.553880,,,,,,
sample,661,drone,,16.518842,7.459252,-1.232391,2.118583,1.918594,-1.182088,-0.149011,0.767604,-0.295267,-0.046842,-0.552190,,,,,,
sample,662,drone,,16.543833,7.507438,-1.262024,2.114844,1.937484,-1.189278,-0.150160,0.744095,-0.280127,-0.045137,-0.550524,,,,,,
sample,663,drone,,16.568823,7.556090,-1.291832,2.111078,1.955785,-1.196090,-0.151267,0.720586,-0.264987,-0.043432,-0.548880,,,,,,
sample,664,drone,,16.593814,7.605191,-1.321806,2.107284,1.973499,-1.202523,-0.152331,0.697077,-0.249848,-0.041727,-0.547255,,,,,,
sample,665,drone,,16.618805,7.654728,-1.351936,2.103464,1.990626,-1.208577,-0.153352,0.673568,-0.234708,-0.040022,-0.545649,,,,,,
sample,666,drone,,16.643795,7.704685,-1.382213,2.099619,2.007165,-1.214254,-0.154331,0.650059,-0.219568,-0.038317,-0.544058,,,,,,
sample,667,drone,,16.668786,7.755049,-1.412626,2.095750,2.023117,-1.219552,-0.155267,0.626550,-0.204428,-0.036612,-0.542482,,,,,,
sample,668,drone,,16.693777,7.805804,-1.443167,2.091859,2.038481,-1.224471,-0.156161,0.603041,-0.189288,-0.034907,-0.540918,,,,,,
sample,669,drone,,16.718767,7.856935,-1.473827,2.087945,2.053258,-1.229012,-0.157012,0.579532,-0.174148,-0.033202,-0.539365,,,,,,
sample,670,drone,,16.743758,7.908428,-1.504595,2.084011,2.067447,-1.233175,-0.157820,0.556023,-0.159008,-0.031497,-0.537822,,,,,,
sample,671,drone,,16.768749,7.960269,-1.535463,2.080057,2.081049,-1.236960,-0.158586,0.532514,-0.143868,-0.029792,-0.536286,,,,,,
sample,672,drone,,16.793739,8.012442,-1.566420,2.076085,2.094063,-1.240366,-0.159309,0.509005,-0.128728,-0.028087,-0.534757,,,,,,
sample,673,drone,,16.818730,8.064933,-1.597458,2.072095,2.106489,-1.243394,-0.159990,0.485496,-0.113588,-0.026382,-0.533233,,,,,,
sample,674,drone,,16.843721,8.117727,-1.628567,2.068088,2.118328,-1.246043,-0.160628,0.461987,-0.098448,-0.024677,-0.531713,,,,,,
sample,675,drone,,16.868711,8.170810,-1.659737,2.064066,2.129580,-1.248314,-0.161223,0.438478,-0.083309,-0.022972,-0.530195,,,,,,
sample,676,drone,,16.893702,8.224166,-1.690959,2.060030,2.140244,-1.250207,-0.161776,0.414969,-0.068169,-0.021267,-0.528678,,,,,,
sample,677,drone,,16.918693,8.277782,-1.722224,2.055980,2.150321,-1.251722,-0.162286,0.391460,-0.053029,-0.019562,-0.527161,,,,,,
sample,678,drone,,16.943684,8.331642,-1.753522,2.051919,2.159810,-1.252858,-0.162754,0.367951,-0.037889,-0.017857,-0.525642,,,,,,
sample,679,drone,,16.968674,8.385732,-1.784843,2.047846,2.168711,-1.253615,-0.163179,0.344442,-0.022749,-0.016152,-0.524121,,,,,,
sample,680,drone,,16.993665,8.440038,-1.816179,2.043763,2.177026,-1.253995,-0.163561,0.320933,-0.007609,-0.014447,-0.522595,,,,,,
sample,681,drone,,17.018656,8.494543,-1.847520,2.039671,2.184752,-1.253996,-0.163901,0.297424,0.007531,-0.012742,-0.521065,,,,,,
sample,682,drone,,17.043646,8.549234,-1.878856,2.035571,2.191891,-1.253618,-0.164198,0.273915,0.022671,-0.011037,-0.519527,,,,,,
sample,683,drone,,17.068637,8.604097,-1.910177,2.031464,2.198443,-1.252863,-0.164453,0.250406,0.037811,-0.009332,-0.517983,,,,,,
sample,684,drone,,17.093628,8.659116,-1.941476,2.027351,2.204407,-1.251728,-0.164664,0.226897,0.052951,-0.007626,-0.516429,,,,,,
sample,685,drone,,17.118618,8.714276,-1.972741,2.023234,2.209783,-1.250216,-0.164834,0.203388,0.068091,-0.005921,-0.514866,,,,,,
sample,686,drone,,17.143609,8.769564,-2.003963,2.019113,2.214572,-1.248325,-0.164960,0.179879,0.083231,-0.004216,-0.513291,,,,,,
sample,687,drone,,17.168600,8.824963,-2.035134,2.014989,2.218774,-1.246056,-0.165045,0.156370,0.098370,-0.002511,-0.511703,,,,,,
sample,688,drone,,17.193590,8.880461,-2.066243,2.010863,2.222388,-1.243409,-0.165086,0.132861,0.113510,-0.000806,-0.510102,,,,,,
sample,689,drone,,17.218581,8.936041,-2.097281,2.006737,2.225415,-1.240383,-0.165085,0.109352,0.128650,0.000899,-0.508485,,,,,,
sample,690,drone,,17.243572,8.991690,-2.128239,2.002612,2.227854,-1.236978,-0.165041,0.085843,0.143790,0.002604,-0.506852,,,,,,
sample,691,drone,,17.268562,9.047393,-2.159107,1.998489,2.229705,-1.233196,-0.164955,0.062334,0.158930,0.004309,-0.505202,,,,,,
sample,692,drone,,17.293553,9.103134,-2.189875,1.994368,2.230969,-1.229035,-0.164826,0.038825,0.174070,0.006014,-0.503532,,,,,,
sample,693,drone,,17.318544,9.158900,-2.220535,1.990250,2.231646,-1.224496,-0.164654,0.015316,0.189210,0.007719,-0.501842,,,,,,
sample,694,drone,,17.343534,9.214675,-2.251077,1.986138,2.231735,-1.219578,-0.164440,-0.008193,0.204350,0.009424,-0.500130,,,,,,
sample,695,drone,,17.368525,9.270445,-2.281492,1.982031,2.231236,-1.214282,-0.164183,-0.031702,0.219490,0.011129,-0.498394,,,,,,
sample,696,drone,,17.393516,9.326195,-2.311769,1.977932,2.230150,-1.208607,-0.163884,-0.055211,0.234630,0.012834,-0.496634,,,,,,
sample,697,drone,,17.418507,9.381911,-2.341900,1.973840,2.228477,-1.202555,-0.163542,-0.078720,0.249770,0.014539,-0.494847,,,,,,
sample,698,drone,,17.443497,9.437577,-2.371874,1.969758,2.226216,-1.196124,-0.163157,-0.102229,0.264910,0.016244,-0.493033,,,,,,
sample,699,drone,,17.468488,9.493180,-2.401683,1.965685,2.223367,-1.189314,-0.162730,-0.125738,0.280049,0.017949,-0.491189,,,,,,
sample,700,drone,,17.493479,9.548704,-2.431318,1.961624,2.219931,-1.182126,-0.162260,-0.149247,0.295189,0.019654,-0.489313,,,,,,
sample,701,drone,,17.518469,9.604135,-2.460768,1.957575,2.215907,-1.174560,-0.161747,-0.172756,0.310329,0.021359,-0.487404,,,,,,
sample,702,drone,,17.543460,9.659458,-2.490024,1.953540,2.211296,-1.166616,-0.161192,-0.196265,0.325469,0.023064,-0.485460,,,,,,
sample,703,drone,,17.568451,9.714659,-2.519077,1.949519,2.206098,-1.158293,-0.160595,-0.219774,0.340609,0.024769,-0.483480,,,,,,
sample,704,drone,,17.593441,9.769722,-2.547917,1.945513,2.200312,-1.149592,-0.159954,-0.243283,0.355749,0.026474,-0.481460,,,,,,
sample,705,drone,,17.618432,9.824633,-2.576535,1.941524,2.193938,-1.140512,-0.159271,-0.266792,0.370889,0.028179,-0.479399,,,,,,
sample,706,drone,,17.643423,9.879378,-2.604921,1.937553,2.186977,-1.131054,-0.158546,-0.290301,0.386029,0.029884,-0.477295,,,,,,
sample,707,drone,,17.668413,9.933941,-2.633067,1.933600,2.179429,-1.121218,-0.157778,-0.313810,0.401169,0.031589,-0.475145,,,,,,
sample,708,drone,,17.693404,9.988309,-2.660961,1.929667,2.171293,-1.111003,-0.156967,-0.337319,0.416309,0.033294,-0.472946,,,,,,
sample,709,drone,,17.718395,10.042466,-2.688596,1.925754,2.162569,-1.100410,-0.156114,-0.360828,0.431449,0.034999,-0.470698,,,,,,
sample,710,drone,,17.743385,10.096397,-2.715961,1.921864,2.153258,-1.089439,-0.155218,-0.384337,0.446589,0.036704,-0.468395,,,,,,
sample,711,drone,,17.768376,10.150088,-2.743048,1.917996,2.143359,-1.078089,-0.154279,-0.407846,0.461728,0.038409,-0.466037,,,,,,
sample,712,drone,,17.793367,10.203525,-2.769846,1.914153,2.132873,-1.066361,-0.153298,-0.431355,0.476868,0.040114,-0.463619,,,,,,
sample,713,drone,,17.818357,10.256692,-2.796346,1.910334,2.121800,-1.054254,-0.152274,-0.454864,0.492008,0.041819,-0.461139,,,,,,
sample,714,drone,,17.843348,10.309575,-2.822539,1.906542,2.110138,-1.041770,-0.151208,-0.478373,0.507148,0.043524,-0.458593,,,,,,
sample,715,drone,,17.868339,10.362160,-2.848415,1.902777,2.097890,-1.028906,-0.150099,-0.501882,0.522288,0.045229,-0.455977,,,,,,
sample,716,drone,,17.893329,10.414431,-2.873965,1.899040,2.085054,-1.015665,-0.148947,-0.525391,0.537428,0.046934,-0.453288,,,,,,
sample,717,drone,,17.918320,10.466374,-2.899179,1.895332,2.071630,-1.002045,-0.147753,-0.548900,0.552568,0.048640,-0.450522,,,,,,
sample,718,drone,,17.943311,10.517974,-2.924048,1.891655,2.057619,-0.988047,-0.146516,-0.572409,0.567708,0.050345,-0.447674,,,,,,
sample,719,drone,,17.968302,10.569216,-2.948563,1.888009,2.043020,-0.973670,-0.145237,-0.595918,0.582848,0.052050,-0.444740,,,,,,
sample,720,drone,,17.993292,10.620087,-2.972714,1.884396,2.027834,-0.958915,-0.143915,-0.619427,0.597988,0.053755,-0.441714,,,,,,
sample,721,drone,,18.018283,10.670570,-2.996491,1.880816,2.012060,-0.943782,-0.142550,-0.642936,0.613128,0.055460,-0.438593,,,,,,
sample,722,drone,,18.043274,10.720652,-3.019885,1.877271,1.995699,-0.928270,-0.141143,-0.666445,0.628267,0.057165,-0.435369,,,,,,
sample,723,drone,,18.068264,10.770318,-3.042887,1.873762,1.978751,-0.912380,-0.139693,-0.689954,0.643407,0.058870,-0.432037,,,,,,
sample,724,drone,,18.093255,10.819553,-3.065487,1.870289,1.961214,-0.896112,-0.138200,-0.713463,0.658547,0.060575,-0.428591,,,,,,
sample,725,drone,,18.118246,10.868342,-3.087676,1.866854,1.943091,-0.879465,-0.136665,-0.736972,0.673687,0.062280,-0.425024,,,,,,
sample,726,drone,,18.143236,10.916671,-3.109444,1.863458,1.924380,-0.862440,-0.135087,-0.760481,0.688827,0.063985,-0.421327,,,,,,
sample,727,drone,,18.168227,10.964525,-3.130782,1.860102,1.905081,-0.845037,-0.133467,-0.783990,0.703967,0.065690,-0.417494,,,,,,
sample,728,drone,,18.193218,11.011890,-3.151680,1.856787,1.885195,-0.827255,-0.131804,-0.807499,0.719107,0.067395,-0.413515,,,,,,
sample,729,drone,,18.218208,11.058750,-3.172129,1.853514,1.864721,-0.809095,-0.130099,-0.831008,0.734247,0.069100,-0.409381,,,,,,
sample,730,drone,,18.243199,11.105091,-3.192120,1.850285,1.843660,-0.790556,-0.128350,-0.854517,0.749387,0.070805,-0.405083,,,,,,
sample,731,drone,,18.268190,11.150899,-3.211643,1.847099,1.822011,-0.771639,-0.126560,-0.878026,0.764527,0.072510,-0.400608,,,,,,
sample,732,drone,,18.293180,11.196158,-3.230688,1.843959,1.799775,-0.752344,-0.124726,-0.901535,0.779667,0.074215,-0.395945,,,,,,
sample,733,drone,,18.318171,11.240854,-3.249246,1.840865,1.776951,-0.732671,-0.122850,-0.925044,0.794807,0.075920,-0.391081,,,,,,
sample,734,drone,,18.343162,11.284972,-3.267307,1.837819,1.753540,-0.712619,-0.120932,-0.948553,0.809946,0.077625,-0.386002,,,,,,
sample,735,drone,,18.368152,11.328498,-3.284863,1.834821,1.729541,-0.692188,-0.118971,-0.972062,0.825086,0.079330,-0.380692,,,,,,
sample,736,drone,,18.393143,11.371417,-3.301904,1.831873,1.704955,-0.671380,-0.116967,-0.995571,0.840226,0.081035,-0.375134,,,,,,
sample,737,drone,,18.418134,11.413714,-3.318420,1.828975,1.679781,-0.650193,-0.114920,-1.019080,0.855366,0.082740,-0.369310,,,,,,
sample,738,drone,,18.443125,11.455375,-3.334402,1.826129,1.654020,-0.628627,-0.112831,-1.042589,0.870506,0.084445,-0.363200,,,,,,
sample,739,drone,,18.468115,11.496384,-3.349839,1.823335,1.627671,-0.606684,-0.110700,-1.066098,0.885646,0.086150,-0.356780,,,,,,
sample,740,drone,,18.493106,11.536728,-3.364724,1.820596,1.600735,-0.584362,-0.108525,-1.089607,0.900786,0.087855,-0.350026,,,,,,
sample,741,drone,,18.518097,11.576391,-3.379047,1.817911,1.573211,-0.561661,-0.106308,-1.113116,0.915926,0.089560,-0.342911,,,,,,
sample,742,drone,,18.543087,11.615359,-3.392797,1.815282,1.545100,-0.538582,-0.104049,-1.136625,0.931066,0.091265,-0.335404,,,,,,
sample,743,drone,,18.568078,11.653617,-3.405966,1.812711,1.516401,-0.515125,-0.101747,-1.160134,0.946206,0.092970,-0.327472,,,,,,
sample,744,drone,,18.593069,11.691151,-3.418544,1.810197,1.487115,-0.491290,-0.099402,-1.183643,0.961346,0.094675,-0.319076,,,,,,
sample,745,drone,,18.618059,11.727945,-3.430521,1.807742,1.457241,-0.467076,-0.097015,-1.207152,0.976486,0.096380,-0.310175,,,,,,
sample,746,drone,,18.643050,11.763986,-3.441889,1.805348,1.426779,-0.442484,-0.094585,-1.230661,0.991625,0.098085,-0.300722,,,,,,
sample,747,drone,,18.668041,11.799258,-3.452637,1.803015,1.395731,-0.417513,-0.092112,-1.254170,1.006765,0.099790,-0.290664,,,,,,
sample,748,drone,,18.693031,11.833746,-3.462757,1.800744,1.364094,-0.392164,-0.089597,-1.277679,1.021905,0.101495,-0.279941,,,,,,
sample,749,drone,,18.718022,11.867437,-3.472238,1.798537,1.331870,-0.366437,-0.087040,-1.301188,1.037045,0.103200,-0.268487,,,,,,
sample,750,drone,,18.743013,11.900315,-3.481072,1.796394,1.299059,-0.340331,-0.084439,-1.324697,1.052185,0.104906,-0.256224,,,,,,
sample,751,drone,,18.768003,11.932366,-3.489248,1.794316,1.265660,-0.313847,-0.081796,-1.348206,1.067325,0.106611,-0.243068,,,,,,
sample,752,drone,,18.792994,11.963574,-3.496758,1.792305,1.231674,-0.286985,-0.079111,-1.371715,1.082465,0.108316,-0.228919,,,,,,
sample,753,drone,,18.817985,11.993927,-3.503592,1.790362,1.197100,-0.259744,-0.076382,-1.395224,1.097605,0.110021,-0.213666,,,,,,
sample,754,drone,,18.842975,12.023407,-3.509740,1.788488,1.161939,-0.232125,-0.073612,-1.418733,1.112745,0.111726,-0.197178,,,,,,
sample,755,drone,,18.867966,12.052002,-3.515194,1.786683,1.126190,-0.204128,-0.070798,-1.442242,1.127885,0.113431,-0.179308,,,,,,
sample,756,drone,,18.892957,12.079696,-3.519943,1.784949,1.089853,-0.175752,-0.067942,-1.465751,1.143025,0.115136,-0.159885,,,,,,
sample,757,drone,,18.917948,12.106474,-3.523978,1.783287,1.052930,-0.146998,-0.065044,-1.489260,1.158165,0.116841,-0.138712,,,,,,
sample,758,drone,,18.942938,12.132323,-3.527290,1.781698,1.015418,-0.117865,-0.062102,-1.512769,1.173304,0.118546,-0.115558,,,,,,
sample,759,drone,,18.967929,12.157226,-3.529869,1.780183,0.977319,-0.088354,-0.059119,-1.536278,1.188444,0.120251,-0.090160,,,,,,
sample,760,drone,,18.992920,12.181170,-3.531706,1.778743,0.938633,-0.058465,-0.056092,-1.559787,1.203584,0.121956,-0.062207,,,,,,
sample,761,drone,,19.017910,12.204140,-3.532792,1.777380,0.899359,-0.028198,-0.053023,-1.583296,1.218724,0.123661,-0.031343,,,,,,
sample,762,drone,,19.042901,12.226121,-3.533116,1.776093,0.859498,0.002448,-0.049911,-1.606805,1.233864,0.125366,0.002849,,,,,,
sample,763,drone,,19.067892,12.247099,-3.532669,1.774885,0.819049,0.033473,-0.046757,-1.630314,1.249004,0.127071,0.040845,,,,,,
sample,764,drone,,19.092882,12.267059,-3.531443,1.773756,0.778012,0.064875,-0.043560,-1.517433,1.417152,0.125703,0.083194,,,,,,
sample,765,drone,,19.117873,12.285985,-3.529427,1.772708,0.743205,0.104304,-0.040474,-0.937374,2.096983,0.113453,0.139433,,,,,,
sample,766,drone,,19.142864,12.304205,-3.526229,1.771733,0.731161,0.169685,-0.037890,-0.144501,2.979188,0.095361,0.228040,,,,,,
sample,767,drone,,19.167854,12.322530,-3.520945,1.770814,0.735983,0.253208,-0.035708,0.203572,3.326652,0.086263,0.331356,,,,,,
sample,768,drone,,19.192845,12.340991,-3.513574,1.769949,0.741336,0.335956,-0.033578,0.210361,3.279217,0.084507,0.425492,,,,,,
sample,769,drone,,19.217836,12.359583,-3.504154,1.769136,0.746497,0.417108,-0.031484,0.202692,3.215320,0.083069,0.509539,,,,,,
sample,770,drone,,19.242826,12.378301,-3.492726,1.768375,0.751467,0.496662,-0.029426,0.195024,3.151422,0.081632,0.584016,,,,,,
sample,771,drone,,19.267817,12.397142,-3.479330,1.767665,0.756245,0.574620,-0.027404,0.187355,3.087525,0.080195,0.649765,,,,,,
sample,772,drone,,19.292808,12.416100,-3.464006,1.767005,0.760831,0.650981,-0.025418,0.179687,3.023627,0.078758,0.707747,,,,,,
sample,773,drone,,19.317798,12.435169,-3.446793,1.766395,0.765226,0.725745,-0.023468,0.172018,2.959730,0.077321,0.758925,,,,,,
sample,774,drone,,19.342789,12.454347,-3.427732,1.765832,0.769429,0.798912,-0.021553,0.164350,2.895832,0.075883,0.804195,,,,,,
sample,775,drone,,19.367780,12.473626,-3.406862,1.765317,0.773440,0.870483,-0.019675,0.156681,2.831934,0.074446,0.844361,,,,,,
sample,776,drone,,19.392771,12.493004,-3.384224,1.764849,0.777260,0.940456,-0.017832,0.149012,2.768037,0.073009,0.880122,,,,,,
sample,777,drone,,19.417761,12.512475,-3.359857,1.764426,0.780888,1.008833,-0.016026,0.141344,2.704139,0.071572,0.912080,,,,,,
sample,778,drone,,19.442752,12.532034,-3.333801,1.764048,0.784324,1.075613,-0.014255,0.133675,2.640242,0.070135,0.940748,,,,,,
sample,779,drone,,19.467743,12.551677,-3.306097,1.763714,0.787569,1.140796,-0.012520,0.126007,2.576344,0.068697,0.966564,,,,,,
sample,780,drone,,19.492733,12.571398,-3.276783,1.763422,0.790622,1.204382,-0.010822,0.118338,2.512446,0.067260,0.989897,,,,,,
sample,781,drone,,19.517724,12.591193,-3.245900,1.763173,0.793484,1.266371,-0.009159,0.110670,2.448549,0.065823,1.011061,,,,,,
sample,782,drone,,19.542715,12.611057,-3.213488,1.762964,0.796154,1.326764,-0.007532,0.103001,2.384651,0.064386,1.030324,,,,,,
sample,783,drone,,19.567705,12.630986,-3.179586,1.762796,0.798632,1.385559,-0.005941,0.095333,2.320754,0.062949,1.047913,,,,,,
sample,784,drone,,19.592696,12.650974,-3.144236,1.762667,0.800919,1.442758,-0.004385,0.087664,2.256856,0.061511,1.064023,,,,,,
sample,785,drone,,19.617687,12.671017,-3.107475,1.762577,0.803014,1.498360,-0.002866,0.079996,2.192959,0.060074,1.078821,,,,,,
sample,786,drone,,19.642677,12.691110,-3.069346,1.762524,0.804917,1.552365,-0.001383,0.072327,2.129061,0.058637,1.092451,,,,,,
sample,787,drone,,19.667668,12.711248,-3.029886,1.762508,0.806629,1.604774,0.000065,0.064658,2.065163,0.057200,1.105036,,,,,,
sample,788,drone,,19.692659,12.731426,-2.989137,1.762527,0.808149,1.655585,0.001476,0.056990,2.001266,0.055762,1.116686,,,,,,
sample,789,drone,,19.717649,12.751640,-2.947138,1.762582,0.809477,1.704800,0.002852,0.049321,1.937368,0.054325,1.127493,,,,,,
sample,790,drone,,19.742640,12.771885,-2.903929,1.762670,0.810614,1.752417,0.004191,0.041653,1.873471,0.052888,1.137539,,,,,,
sample,791,drone,,19.767631,12.792156,-2.859549,1.762791,0.811559,1.798438,0.005495,0.033984,1.809573,0.051451,1.146897,,,,,,
sample,792,drone,,19.792621,12.812448,-2.814040,1.762945,0.812312,1.842862,0.006763,0.026316,1.745675,0.050014,1.155629,,,,,,
sample,793,drone,,19.817612,12.832756,-2.767441,1.763129,0.812874,1.885689,0.007995,0.018647,1.681778,0.048576,1.163791,,,,,,
sample,794,drone,,19.842603,12.853076,-2.719791,1.763344,0.813244,1.926920,0.009191,0.010979,1.617880,0.047139,1.171432,,,,,,
sample,795,drone,,19.867594,12.873403,-2.671131,1.763589,0.813423,1.966553,0.010351,0.003310,1.553983,0.045702,1.178597,,,,,,
sample,796,drone,,19.892584,12.893732,-2.621500,1.763862,0.813410,2.004590,0.011475,-0.004358,1.490085,0.044265,1.185323,,,,,,
sample,797,drone,,19.917575,12.914059,-2.570938,1.764162,0.813205,2.041030,0.012563,-0.012027,1.426188,0.042828,1.191645,,,,,,
sample,798,drone,,19.942566,12.934377,-2.519486,1.764489,0.812809,2.075873,0.013616,-0.019695,1.362290,0.041390,1.197595,,,,,,
sample,799,drone,,19.967556,12.954684,-2.467183,1.764843,0.812221,2.109119,0.014632,-0.027364,1.298392,0.039953,1.203201,,,,,,
sample,800,drone,,19.992547,12.974973,-2.414070,1.765221,0.811441,2.140768,0.015613,-0.035033,1.234495,0.038516,1.208487,,,,,,
sample,801,drone,,20.017538,12.995241,-2.360185,1.765623,0.810470,2.170821,0.016557,-0.042701,1.170597,0.037079,1.213476,,,,,,
sample,802,drone,,20.042528,13.015482,-2.305569,1.766048,0.809307,2.199276,0.017466,-0.050370,1.106700,0.035642,1.218188,,,,,,
sample,803,drone,,20.067519,13.035691,-2.250262,1.766496,0.807952,2.226135,0.018339,-0.058038,1.042802,0.034204,1.222641,,,,,,
sample,804,drone,,20.092510,13.055864,-2.194304,1.766965,0.806406,2.251397,0.019175,-0.065707,0.978904,0.032767,1.226853,,,,,,
sample,805,drone,,20.117500,13.075996,-2.137734,1.767454,0.804668,2.275062,0.019976,-0.073375,0.915007,0.031330,1.230837,,,,,,
sample,806,drone,,20.142491,13.096083,-2.080593,1.767963,0.802739,2.297130,0.020741,-0.081044,0.851109,0.029893,1.234609,,,,,,
sample,807,drone,,20.167482,13.116118,-2.022921,1.768491,0.800617,2.317602,0.021470,-0.088712,0.787212,0.028455,1.238180,,,,,,
sample,808,drone,,20.192472,13.136099,-1.964756,1.769036,0.798305,2.336476,0.022164,-0.096381,0.723314,0.027018,1.241561,,,,,,
sample,809,drone,,20.217463,13.156019,-1.906140,1.769599,0.795800,2.353754,0.022821,-0.104049,0.659417,0.025581,1.244763,,,,,,
sample,810,drone,,20.242454,13.175874,-1.847112,1.770177,0.793104,2.369435,0.023442,-0.111718,0.595519,0.024144,1.247796,,,,,,
sample,811,drone,,20.267444,13.195659,-1.787713,1.770770,0.790216,2.383519,0.024028,-0.119386,0.531621,0.022707,1.250666,,,,,,
sample,812,drone,,20.292435,13.215370,-1.727981,1.771378,0.787137,2.396006,0.024577,-0.127055,0.467724,0.021269,1.253384,,,,,,
sample,813,drone,,20.317426,13.235001,-1.667957,1.771999,0.783866,2.406896,0.025091,-0.134724,0.403826,0.019832,1.255954,,,,,,
sample,814,drone,,20.342416,13.254548,-1.607681,1.772632,0.780403,2.416190,0.025568,-0.142392,0.339929,0.018395,1.258384,,,,,,
sample,815,drone,,20.367407,13.274007,-1.547193,1.773277,0.776749,2.423886,0.026010,-0.150061,0.276031,0.016958,1.260680,,,,,,
sample,816,drone,,20.392398,13.293371,-1.486532,1.773932,0.772903,2.429986,0.026416,-0.157729,0.212133,0.015521,1.262846,,,,,,
sample,817,drone,,20.417389,13.312638,-1.425739,1.774597,0.768865,2.434489,0.026786,-0.165398,0.148236,0.014083,1.264888,,,,,,
sample,818,drone,,20.442379,13.331800,-1.364853,1.775271,0.764636,2.437395,0.027120,-0.173066,0.084338,0.012646,1.266809,,,,,,
sample,819,drone,,20.467370,13.350855,-1.303914,1.775953,0.760215,2.438704,0.027418,-0.180735,0.020441,0.011209,1.268614,,,,,,
sample,820,drone,,20.492361,13.369797,-1.242963,1.776641,0.755603,2.438417,0.027680,-0.188403,-0.043457,0.009772,1.270305,,,,,,
sample,821,drone,,20.517351,13.388621,-1.182039,1.777336,0.750799,2.436532,0.027906,-0.196072,-0.107354,0.008335,1.271886,,,,,,
sample,822,drone,,20.542342,13.407323,-1.121182,1.778036,0.745803,2.433051,0.028097,-0.203740,-0.171252,0.006897,1.273360,,,,,,
sample,823,drone,,20.567333,13.425897,-1.060432,1.778740,0.740615,2.427973,0.028251,-0.211409,-0.235150,0.005460,1.274727,,,,,,
sample,824,drone,,20.592323,13.444340,-0.999828,1.779448,0.735236,2.421298,0.028369,-0.219078,-0.299047,0.004023,1.275991,,,,,,
sample,825,drone,,20.617314,13.462646,-0.939412,1.780158,0.729666,2.413026,0.028452,-0.226746,-0.362945,0.002586,1.277152,,,,,,
sample,826,drone,,20.642305,13.480810,-0.879222,1.780870,0.723903,2.403157,0.028499,-0.234415,-0.426842,0.001148,1.278211,,,,,,
sample,827,drone,,20.667295,13.498827,-0.819299,1.781583,0.717949,2.391692,0.028509,-0.242083,-0.490740,-0.000289,1.279170,,,,,,
sample,828,drone,,20.692286,13.516694,-0.759682,1.782295,0.711804,2.378630,0.028484,-0.249752,-0.554638,-0.001726,1.280028,,,,,,
sample,829,drone,,20.717277,13.534404,-0.700412,1.783006,0.705466,2.363970,0.028423,-0.257420,-0.618535,-0.003163,1.280786,,,,,,
sample,830,drone,,20.742267,13.551954,-0.641527,1.783716,0.698937,2.347714,0.028326,-0.265089,-0.682433,-0.004600,1.281442,,,,,,
sample,831,drone,,20.767258,13.569338,-0.583070,1.784422,0.692217,2.329861,0.028193,-0.272757,-0.746330,-0.006038,1.281996,,,,,,
sample,832,drone,,20.792249,13.586552,-0.525078,1.785125,0.685305,2.310412,0.028024,-0.280426,-0.810228,-0.007475,1.282447,,,,,,
sample,833,drone,,20.817239,13.603590,-0.467592,1.785823,0.678201,2.289365,0.027820,-0.288094,-0.874125,-0.008912,1.282793,,,,,,
sample,834,drone,,20.842230,13.620449,-0.410652,1.786515,0.670905,2.266722,0.027579,-0.295763,-0.938023,-0.010349,1.283031,,,,,,
sample,835,drone,,20.867221,13.637123,-0.354298,1.787201,0.663418,2.242482,0.027302,-0.303431,-1.001921,-0.011786,1.283159,,,,,,
sample,836,drone,,20.892212,13.653608,-0.298570,1.787880,0.655739,2.216644,0.026990,-0.311100,-1.065818,-0.013224,1.283174,,,,,,
sample,837,drone,,20.917202,13.669898,-0.243507,1.788550,0.647869,2.189210,0.026641,-0.318769,-1.129716,-0.014661,1.283071,,,,,,
sample,838,drone,,20.942193,13.685989,-0.189150,1.789212,0.639807,2.160180,0.026257,-0.326437,-1.193613,-0.016098,1.282846,,,,,,
sample,839,drone,,20.967184,13.701876,-0.135539,1.789863,0.631553,2.129552,0.025837,-0.334106,-1.257511,-0.017535,1.282493,,,,,,
sample,840,drone,,20.992174,13.717555,-0.082712,1.790503,0.623108,2.097328,0.025381,-0.341774,-1.321409,-0.018972,1.282006,,,,,,
sample,841,drone,,21.017165,13.733020,-0.030711,1.791131,0.614471,2.063506,0.024889,-0.349443,-1.385306,-0.020410,1.281377,,,,,,
sample,842,drone,,21.042156,13.748267,0.020425,1.791747,0.605642,2.028088,0.024361,-0.357111,-1.449204,-0.021847,1.280599,,,,,,
sample,843,drone,,21.067146,13.763291,0.070655,1.792349,0.596622,1.991073,0.023797,-0.364780,-1.513101,-0.023284,1.279662,,,,,,
sample,844,drone,,21.092137,13.778087,0.119941,1.792936,0.587410,1.952461,0.023197,-0.372448,-1.576999,-0.024721,1.278554,,,,,,
sample,845,drone,,21.117128,13.792651,0.168242,1.793508,0.578006,1.912252,0.022561,-0.380117,-1.640896,-0.026159,1.277263,,,,,,
sample,846,drone,,21.142118,13.806977,0.215518,1.794064,0.568411,1.870447,0.021889,-0.387785,-1.704794,-0.027596,1.275774,,,,,,
sample,847,drone,,21.167109,13.821061,0.261730,1.794602,0.558624,1.827045,0.021182,-0.395454,-1.768692,-0.029033,1.274070,,,,,,
sample,848,drone,,21.192100,13.834897,0.306836,1.795123,0.548646,1.782045,0.020438,-0.403123,-1.832589,-0.030470,1.272131,,,,,,
sample,849,drone,,21.217090,13.848483,0.350799,1.795624,0.538476,1.735449,0.019659,-0.410791,-1.896487,-0.031907,1.269935,,,,,,
sample,850,drone,,21.242081,13.861811,0.393576,1.796105,0.528114,1.687256,0.018843,-0.418460,-1.960384,-0.033345,1.267454,,,,,,
sample,851,drone,,21.267072,13.874878,0.435130,1.796566,0.517561,1.637467,0.017992,-0.426128,-2.024282,-0.034782,1.264659,,,,,,
sample,852,drone,,21.292062,13.887680,0.475419,1.797004,0.506816,1.586080,0.017105,-0.433797,-2.088180,-0.036219,1.261511,,,,,,
sample,853,drone,,21.317053,13.900210,0.514404,1.797421,0.495879,1.533096,0.016182,-0.441465,-2.152077,-0.037656,1.257968,,,,,,
sample,854,drone,,21.342044,13.912464,0.552046,1.797813,0.484751,1.478516,0.015223,-0.449134,-2.215975,-0.039093,1.253977,,,,,,
sample,855,drone,,21.367035,13.924438,0.588303,1.798181,0.473431,1.422339,0.014228,-0.456802,-2.279872,-0.040531,1.249478,,,,,,
sample,856,drone,,21.392025,13.936127,0.623136,1.798524,0.461919,1.364565,0.013197,-0.464471,-2.343770,-0.041968,1.244394,,,,,,
sample,857,drone,,21.417016,13.947526,0.656506,1.798841,0.450216,1.305194,0.012130,-0.472139,-2.407667,-0.043405,1.238635,,,,,,
sample,858,drone,,21.442007,13.958629,0.688371,1.799131,0.438321,1.244227,0.011028,-0.479808,-2.471565,-0.044842,1.232088,,,,,,
sample,859,drone,,21.466997,13.969434,0.718694,1.799392,0.426234,1.181662,0.009889,-0.487476,-2.535463,-0.046279,1.224615,,,,,,
sample,860,drone,,21.491988,13.979933,0.747432,1.799625,0.413956,1.117501,0.008715,-0.495145,-2.599360,-0.047717,1.216038,,,,,,
sample,861,drone,,21.516979,13.990124,0.774548,1.799828,0.401486,1.051742,0.007504,-0.375193,-1.981469,-0.036506,1.206135,,,,,,
sample,862,drone,,21.541969,14.000000,0.800000,1.800000,0.395203,1.018464,0.006890,-0.251407,-1.331629,-0.024577,1.200644,,,,,,
