section,index,name,chart_id,t,x,y,z,vx,vy,vz,ax,ay,az,yaw,local_u,local_v,plane_error,boundary_margin,chart_contains,contains
crossing,1,G5,3,5.447413,10.406378,-2.868399,3.036621,,,,,,,,0.448891,0.255814,0.000000000,0.178575693,True,True
crossing,2,G4,3,8.558844,8.528678,1.987663,1.453979,,,,,,,,-0.406253,0.419381,0.000000000,0.172427518,True,True
crossing,3,G3,12,10.441460,6.142162,1.061667,1.870259,,,,,,,,-0.332485,-0.097361,0.000000000,0.224896276,True,True
crossing,4,G6,8,13.769814,11.600601,2.717116,2.603119,,,,,,,,-0.120383,0.304107,0.000000000,0.196878212,True,True
crossing,5,G1,4,19.208127,2.267379,-0.964692,1.683798,,,,,,,,0.362767,0.647663,0.000000000,0.185250972,True,True
crossing,6,G2,4,21.302245,3.611173,1.928132,3.063677,,,,,,,,-0.663565,0.021985,0.000000000,0.144829545,True,True
sample,0,drone,,0.000000,0.000000,-1.000000,1.200000,1.064779,-0.192501,0.188290,0.560079,-0.153133,0.113406,-0.178858,,,,,,
sample,1,drone,,0.024999,0.026619,-1.004812,1.204707,1.078781,-0.196329,0.191125,0.837311,-0.228828,0.169511,-0.180021,,,,,,
sample,2,drone,,0.049999,0.053938,-1.009816,1.209556,1.106644,-0.203942,0.196765,1.108927,-0.302781,0.224423,-0.182244,,,,,,
sample,3,drone,,0.074998,0.081950,-1.015009,1.214545,1.134226,-0.211468,0.202346,1.097696,-0.299297,0.222034,-0.184326,,,,,,
sample,4,drone,,0.099998,0.110648,-1.020389,1.219673,1.161527,-0.218906,0.207867,1.086464,-0.295812,0.219645,-0.186279,,,,,,
sample,5,drone,,0.124997,0.140025,-1.025954,1.224938,1.188548,-0.226258,0.213328,1.075233,-0.292328,0.217257,-0.188114,,,,,,
sample,6,drone,,0.149997,0.170074,-1.031702,1.230339,1.215288,-0.233523,0.218730,1.064002,-0.288844,0.214868,-0.189840,,,,,,
sample,7,drone,,0.174996,0.200788,-1.037630,1.235875,1.241747,-0.240700,0.224071,1.052771,-0.285359,0.212479,-0.191465,,,,,,
sample,8,drone,,0.199996,0.232160,-1.043737,1.241543,1.267925,-0.247790,0.229353,1.041539,-0.281875,0.210091,-0.192997,,,,,,
sample,9,drone,,0.224995,0.264183,-1.050019,1.247342,1.293823,-0.254793,0.234576,1.030308,-0.278391,0.207702,-0.194443,,,,,,
sample,10,drone,,0.249995,0.296850,-1.056476,1.253271,1.319439,-0.261709,0.239738,1.019077,-0.274906,0.205313,-0.195808,,,,,,
sample,11,drone,,0.274994,0.330153,-1.063105,1.259329,1.344775,-0.268538,0.244841,1.007845,-0.271422,0.202925,-0.197098,,,,,,
sample,12,drone,,0.299993,0.364087,-1.069903,1.265513,1.369831,-0.275280,0.249884,0.996614,-0.267938,0.200536,-0.198318,,,,,,
sample,13,drone,,0.324993,0.398643,-1.076868,1.271823,1.394605,-0.281935,0.254868,0.985383,-0.264453,0.198147,-0.199473,,,,,,
sample,14,drone,,0.349992,0.433816,-1.083999,1.278256,1.419099,-0.288503,0.259791,0.974151,-0.260969,0.195759,-0.200567,,,,,,
sample,15,drone,,0.374992,0.469597,-1.091293,1.284812,1.443311,-0.294983,0.264655,0.962920,-0.257484,0.193370,-0.201603,,,,,,
sample,16,drone,,0.399991,0.505980,-1.098748,1.291489,1.467244,-0.301377,0.269460,0.951689,-0.254000,0.190982,-0.202586,,,,,,
sample,17,drone,,0.424991,0.542957,-1.106362,1.298285,1.490895,-0.307683,0.274204,0.940458,-0.250516,0.188593,-0.203517,,,,,,
sample,18,drone,,0.449990,0.580523,-1.114132,1.305198,1.514265,-0.313902,0.278889,0.929226,-0.247031,0.186204,-0.204402,,,,,,
sample,19,drone,,0.474990,0.618669,-1.122056,1.312229,1.537355,-0.320034,0.283514,0.917995,-0.243547,0.183816,-0.205241,,,,,,
sample,20,drone,,0.499989,0.657389,-1.130133,1.319374,1.560164,-0.326079,0.288080,0.906764,-0.240063,0.181427,-0.206037,,,,,,
sample,21,drone,,0.524989,0.696675,-1.138360,1.326632,1.582692,-0.332037,0.292585,0.895532,-0.236578,0.179038,-0.206793,,,,,,
sample,22,drone,,0.549988,0.736522,-1.146735,1.334003,1.604940,-0.337908,0.297031,0.884301,-0.233094,0.176650,-0.207512,,,,,,
sample,23,drone,,0.574987,0.776921,-1.155255,1.341484,1.626906,-0.343691,0.301418,0.873070,-0.229609,0.174261,-0.208194,,,,,,
sample,24,drone,,0.599987,0.817865,-1.163919,1.349073,1.648592,-0.349388,0.305744,0.861838,-0.226125,0.171872,-0.208841,,,,,,
sample,25,drone,,0.624986,0.859349,-1.172724,1.356770,1.669997,-0.354997,0.310011,0.850607,-0.222641,0.169484,-0.209456,,,,,,
sample,26,drone,,0.649986,0.901363,-1.181668,1.364574,1.691122,-0.360520,0.314218,0.839376,-0.219156,0.167095,-0.210040,,,,,,
sample,27,drone,,0.674985,0.943903,-1.190750,1.372481,1.711965,-0.365955,0.318366,0.828144,-0.215672,0.164706,-0.210594,,,,,,
sample,28,drone,,0.699985,0.986960,-1.199966,1.380491,1.732528,-0.371303,0.322453,0.816913,-0.212188,0.162318,-0.211119,,,,,,
sample,29,drone,,0.724984,1.030527,-1.209314,1.388603,1.752810,-0.376564,0.326481,0.805682,-0.208703,0.159929,-0.211618,,,,,,
sample,30,drone,,0.749984,1.074598,-1.218794,1.396815,1.772811,-0.381738,0.330450,0.794451,-0.205219,0.157540,-0.212091,,,,,,
sample,31,drone,,0.774983,1.119166,-1.228401,1.405125,1.792532,-0.386825,0.334358,0.783219,-0.201735,0.155152,-0.212539,,,,,,
sample,32,drone,,0.799982,1.164223,-1.238134,1.413533,1.811971,-0.391825,0.338207,0.771988,-0.198250,0.152763,-0.212963,,,,,,
sample,33,drone,,0.824982,1.209762,-1.247992,1.422035,1.831130,-0.396737,0.341996,0.760757,-0.194766,0.150374,-0.213365,,,,,,
sample,34,drone,,0.849981,1.255777,-1.257971,1.430632,1.850008,-0.401563,0.345726,0.749525,-0.191281,0.147986,-0.213744,,,,,,
sample,35,drone,,0.874981,1.302261,-1.268069,1.439321,1.868606,-0.406301,0.349395,0.738294,-0.187797,0.145597,-0.214103,,,,,,
sample,36,drone,,0.899980,1.349206,-1.278285,1.448102,1.886922,-0.410952,0.353005,0.727063,-0.184313,0.143209,-0.214441,,,,,,
sample,37,drone,,0.924980,1.396605,-1.288617,1.456971,1.904958,-0.415517,0.356556,0.715831,-0.180828,0.140820,-0.214760,,,,,,
sample,38,drone,,0.949979,1.444452,-1.299061,1.465929,1.922713,-0.419994,0.360046,0.704600,-0.177344,0.138431,-0.215060,,,,,,
sample,39,drone,,0.974979,1.492738,-1.309616,1.474973,1.940187,-0.424384,0.363477,0.693369,-0.173860,0.136043,-0.215342,,,,,,
sample,40,drone,,0.999978,1.541459,-1.320280,1.484102,1.957381,-0.428686,0.366848,0.682138,-0.170375,0.133654,-0.215606,,,,,,
sample,41,drone,,1.024978,1.590605,-1.331050,1.493315,1.974293,-0.432902,0.370160,0.670906,-0.166891,0.131265,-0.215853,,,,,,
sample,42,drone,,1.049977,1.640171,-1.341924,1.502610,1.990925,-0.437031,0.373411,0.659675,-0.163406,0.128877,-0.216084,,,,,,
sample,43,drone,,1.074976,1.690149,-1.352901,1.511985,2.007276,-0.441072,0.376603,0.648444,-0.159922,0.126488,-0.216299,,,,,,
sample,44,drone,,1.099976,1.740533,-1.363977,1.521440,2.023347,-0.445027,0.379736,0.637212,-0.156438,0.124099,-0.216499,,,,,,
sample,45,drone,,1.124975,1.791315,-1.375152,1.530972,2.039136,-0.448894,0.382808,0.625981,-0.152953,0.121711,-0.216683,,,,,,
sample,46,drone,,1.149975,1.842487,-1.386421,1.540580,2.054645,-0.452674,0.385821,0.614750,-0.149469,0.119322,-0.216853,,,,,,
sample,47,drone,,1.174974,1.894045,-1.397785,1.550262,2.069873,-0.456367,0.388774,0.603518,-0.145985,0.116933,-0.217009,,,,,,
sample,48,drone,,1.199974,1.945979,-1.409239,1.560018,2.084820,-0.459973,0.391667,0.592287,-0.142500,0.114545,-0.217151,,,,,,
sample,49,drone,,1.224973,1.998283,-1.420783,1.569845,2.099487,-0.463492,0.394501,0.581056,-0.139016,0.112156,-0.217279,,,,,,
sample,50,drone,,1.249973,2.050951,-1.432413,1.579743,2.113873,-0.466924,0.397275,0.569824,-0.135532,0.109767,-0.217395,,,,,,
sample,51,drone,,1.274972,2.103975,-1.444129,1.589709,2.127977,-0.470269,0.399989,0.558593,-0.132047,0.107379,-0.217497,,,,,,
sample,52,drone,,1.299972,2.157347,-1.455926,1.599742,2.141802,-0.473526,0.402644,0.547362,-0.128563,0.104990,-0.217588,,,,,,
sample,53,drone,,1.324971,2.211062,-1.467804,1.609840,2.155345,-0.476697,0.405239,0.536131,-0.125078,0.102602,-0.217666,,,,,,
sample,54,drone,,1.349970,2.265112,-1.479761,1.620003,2.168608,-0.479780,0.407774,0.524899,-0.121594,0.100213,-0.217731,,,,,,
sample,55,drone,,1.374970,2.319490,-1.491793,1.630229,2.181589,-0.482776,0.410249,0.513668,-0.118110,0.097824,-0.217786,,,,,,
sample,56,drone,,1.399969,2.374189,-1.503899,1.640515,2.194290,-0.485685,0.412665,0.502437,-0.114625,0.095436,-0.217829,,,,,,
sample,57,drone,,1.424969,2.429202,-1.516077,1.650861,2.206711,-0.488507,0.415021,0.491205,-0.111141,0.093047,-0.217860,,,,,,
sample,58,drone,,1.449968,2.484523,-1.528324,1.661266,2.218850,-0.491242,0.417317,0.479974,-0.107657,0.090658,-0.217880,,,,,,
sample,59,drone,,1.474968,2.540143,-1.540638,1.671727,2.230709,-0.493890,0.419554,0.468743,-0.104172,0.088270,-0.217890,,,,,,
sample,60,drone,,1.499967,2.596056,-1.553018,1.682243,2.242287,-0.496451,0.421731,0.457511,-0.100688,0.085881,-0.217889,,,,,,
sample,61,drone,,1.524967,2.652254,-1.565460,1.692813,2.253584,-0.498924,0.423848,0.446280,-0.097203,0.083492,-0.217877,,,,,,
sample,62,drone,,1.549966,2.708732,-1.577963,1.703435,2.264600,-0.501311,0.425905,0.435049,-0.093719,0.081104,-0.217855,,,,,,
sample,63,drone,,1.574966,2.765482,-1.590525,1.714108,2.275336,-0.503610,0.427903,0.423818,-0.090235,0.078715,-0.217823,,,,,,
sample,64,drone,,1.599965,2.822497,-1.603143,1.724830,2.285791,-0.505822,0.429841,0.412586,-0.086750,0.076326,-0.217780,,,,,,
sample,65,drone,,1.624964,2.879769,-1.615816,1.735599,2.295965,-0.507948,0.431719,0.401355,-0.083266,0.073938,-0.217728,,,,,,
sample,66,drone,,1.649964,2.937292,-1.628540,1.746415,2.305858,-0.509986,0.433538,0.390124,-0.079782,0.071549,-0.217666,,,,,,
sample,67,drone,,1.674963,2.995059,-1.641314,1.757276,2.315470,-0.511937,0.435296,0.378892,-0.076297,0.069160,-0.217594,,,,,,
sample,68,drone,,1.699963,3.053063,-1.654136,1.768179,2.324802,-0.513800,0.436996,0.367661,-0.072813,0.066772,-0.217512,,,,,,
sample,69,drone,,1.724962,3.111297,-1.667004,1.779125,2.333853,-0.515577,0.438635,0.356430,-0.069329,0.064383,-0.217420,,,,,,
sample,70,drone,,1.749962,3.169753,-1.679915,1.790111,2.342623,-0.517267,0.440215,0.345198,-0.065844,0.061995,-0.217320,,,,,,
sample,71,drone,,1.774961,3.228426,-1.692867,1.801135,2.351113,-0.518869,0.441735,0.333967,-0.062360,0.059606,-0.217209,,,,,,
sample,72,drone,,1.799961,3.287306,-1.705858,1.812197,2.359321,-0.520385,0.443195,0.322736,-0.058875,0.057217,-0.217090,,,,,,
sample,73,drone,,1.824960,3.346389,-1.718885,1.823294,2.367249,-0.521813,0.444595,0.311504,-0.055391,0.054829,-0.216961,,,,,,
sample,74,drone,,1.849960,3.405666,-1.731948,1.834426,2.374896,-0.523154,0.445936,0.300273,-0.051907,0.052440,-0.216822,,,,,,
sample,75,drone,,1.874959,3.465131,-1.745042,1.845591,2.382262,-0.524408,0.447217,0.289042,-0.048422,0.050051,-0.216675,,,,,,
sample,76,drone,,1.899958,3.524777,-1.758168,1.856787,2.389348,-0.525575,0.448439,0.277811,-0.044938,0.047663,-0.216518,,,,,,
sample,77,drone,,1.924958,3.584596,-1.771321,1.868012,2.396153,-0.526655,0.449600,0.266579,-0.041454,0.045274,-0.216352,,,,,,
sample,78,drone,,1.949957,3.644582,-1.784500,1.879266,2.402677,-0.527648,0.450702,0.255348,-0.037969,0.042885,-0.216177,,,,,,
sample,79,drone,,1.974957,3.704727,-1.797702,1.890547,2.408920,-0.528553,0.451745,0.244117,-0.034485,0.040497,-0.215992,,,,,,
sample,80,drone,,1.999956,3.765025,-1.810927,1.901853,2.414882,-0.529372,0.452727,0.232885,-0.031000,0.038108,-0.215799,,,,,,
sample,81,drone,,2.024956,3.825469,-1.824171,1.913183,2.420564,-0.530103,0.453650,0.221654,-0.027516,0.035719,-0.215596,,,,,,
sample,82,drone,,2.049955,3.886051,-1.837431,1.924535,2.425965,-0.530748,0.454513,0.210423,-0.024032,0.033331,-0.215384,,,,,,
sample,83,drone,,2.074955,3.946764,-1.850707,1.935908,2.431085,-0.531305,0.455317,0.199191,-0.020547,0.030942,-0.215163,,,,,,
sample,84,drone,,2.099954,4.007602,-1.863996,1.947300,2.435924,-0.531775,0.456060,0.187960,-0.017063,0.028553,-0.214933,,,,,,
sample,85,drone,,2.124953,4.068558,-1.877295,1.958710,2.440482,-0.532158,0.456744,0.176729,-0.013579,0.026165,-0.214694,,,,,,
sample,86,drone,,2.149953,4.129624,-1.890603,1.970137,2.444760,-0.532454,0.457368,0.165498,-0.010094,0.023776,-0.214445,,,,,,
sample,87,drone,,2.174952,4.190793,-1.903918,1.981578,2.448757,-0.532663,0.457933,0.154266,-0.006610,0.021387,-0.214187,,,,,,
sample,88,drone,,2.199952,4.252059,-1.917236,1.993033,2.452473,-0.532785,0.458438,0.143035,-0.003126,0.018999,-0.213920,,,,,,
sample,89,drone,,2.224951,4.313414,-1.930556,2.004500,2.455909,-0.532819,0.458883,0.131804,0.000359,0.016610,-0.213643,,,,,,
sample,90,drone,,2.249951,4.374852,-1.943876,2.015977,2.459063,-0.532767,0.459268,0.120572,0.003843,0.014222,-0.213357,,,,,,
sample,91,drone,,2.274950,4.436365,-1.957194,2.027463,2.461937,-0.532627,0.459594,0.109341,0.007328,0.011833,-0.213061,,,,,,
sample,92,drone,,2.299950,4.497946,-1.970507,2.038956,2.464530,-0.532400,0.459860,0.098110,0.010812,0.009444,-0.212756,,,,,,
sample,93,drone,,2.324949,4.559588,-1.983813,2.050455,2.466843,-0.532086,0.460066,0.086878,0.014296,0.007056,-0.212441,,,,,,
sample,94,drone,,2.349949,4.621285,-1.997111,2.061959,2.468874,-0.531685,0.460213,0.075647,0.017781,0.004667,-0.212116,,,,,,
sample,95,drone,,2.374948,4.683029,-2.010397,2.073465,2.470625,-0.531197,0.460300,0.064416,0.021265,0.002278,-0.211781,,,,,,
sample,96,drone,,2.399947,4.744814,-2.023670,2.084973,2.472095,-0.530622,0.460327,0.053184,0.024749,-0.000110,-0.211437,,,,,,
sample,97,drone,,2.424947,4.806631,-2.036928,2.096481,2.473284,-0.529960,0.460294,0.041953,0.028234,-0.002499,-0.211082,,,,,,
sample,98,drone,,2.449946,4.868475,-2.050168,2.107987,2.474192,-0.529211,0.460202,0.030722,0.031718,-0.004888,-0.210717,,,,,,
sample,99,drone,,2.474946,4.930338,-2.063388,2.119491,2.474820,-0.528374,0.460050,0.019491,0.035203,-0.007276,-0.210342,,,,,,
sample,100,drone,,2.499945,4.992214,-2.076586,2.130989,2.475167,-0.527450,0.459838,0.008259,0.038687,-0.009665,-0.209956,,,,,,
sample,101,drone,,2.524945,5.054094,-2.089760,2.142482,2.475233,-0.526440,0.459566,-0.002972,0.042171,-0.012054,-0.209560,,,,,,
sample,102,drone,,2.549944,5.115973,-2.102907,2.153967,2.475018,-0.525342,0.459235,-0.014203,0.045656,-0.014442,-0.209154,,,,,,
sample,103,drone,,2.574944,5.177842,-2.116026,2.165443,2.474523,-0.524157,0.458844,-0.025435,0.049140,-0.016831,-0.208736,,,,,,
sample,104,drone,,2.599943,5.239696,-2.129114,2.176909,2.473747,-0.522885,0.458394,-0.036666,0.052624,-0.019220,-0.208308,,,,,,
sample,105,drone,,2.624943,5.301527,-2.142170,2.188362,2.472690,-0.521526,0.457883,-0.047897,0.056109,-0.021608,-0.207868,,,,,,
sample,106,drone,,2.649942,5.363328,-2.155190,2.199803,2.471352,-0.520080,0.457313,-0.059129,0.059593,-0.023997,-0.207417,,,,,,
sample,107,drone,,2.674941,5.425092,-2.168173,2.211228,2.469733,-0.518546,0.456684,-0.070360,0.063077,-0.026385,-0.206954,,,,,,
sample,108,drone,,2.699941,5.486812,-2.181117,2.222636,2.467834,-0.516926,0.455994,-0.081591,0.066562,-0.028774,-0.206480,,,,,,
sample,109,drone,,2.724940,5.548481,-2.194019,2.234027,2.465654,-0.515218,0.455245,-0.092822,0.070046,-0.031163,-0.205994,,,,,,
sample,110,drone,,2.749940,5.610092,-2.206877,2.245398,2.463193,-0.513424,0.454436,-0.104054,0.073531,-0.033551,-0.205496,,,,,,
sample,111,drone,,2.774939,5.671638,-2.219689,2.256748,2.460451,-0.511542,0.453567,-0.115285,0.077015,-0.035940,-0.204985,,,,,,
sample,112,drone,,2.799939,5.733112,-2.232454,2.268076,2.457429,-0.509573,0.452639,-0.126516,0.080499,-0.038329,-0.204463,,,,,,
sample,113,drone,,2.824938,5.794506,-2.245168,2.279380,2.454126,-0.507517,0.451651,-0.137748,0.083984,-0.040717,-0.203927,,,,,,
sample,114,drone,,2.849938,5.855815,-2.257829,2.290658,2.450542,-0.505374,0.450603,-0.148979,0.087468,-0.043106,-0.203378,,,,,,
sample,115,drone,,2.874937,5.917031,-2.270436,2.301909,2.446677,-0.503144,0.449496,-0.160210,0.090952,-0.045495,-0.202816,,,,,,
sample,116,drone,,2.899937,5.978146,-2.282986,2.313132,2.442531,-0.500826,0.448328,-0.171442,0.094437,-0.047883,-0.202241,,,,,,
sample,117,drone,,2.924936,6.039155,-2.295476,2.324325,2.438105,-0.498422,0.447102,-0.182673,0.097921,-0.050272,-0.201652,,,,,,
sample,118,drone,,2.949935,6.100049,-2.307906,2.335487,2.433398,-0.495930,0.445815,-0.193904,0.101406,-0.052661,-0.201048,,,,,,
sample,119,drone,,2.974935,6.160822,-2.320272,2.346615,2.428410,-0.493352,0.444469,-0.205136,0.104890,-0.055049,-0.200431,,,,,,
sample,120,drone,,2.999934,6.221467,-2.332573,2.357710,2.423141,-0.490686,0.443063,-0.216367,0.108374,-0.057438,-0.199798,,,,,,
sample,121,drone,,3.024934,6.281976,-2.344806,2.368768,2.417592,-0.487933,0.441597,-0.227598,0.111859,-0.059827,-0.199151,,,,,,
sample,122,drone,,3.049933,6.342344,-2.356969,2.379789,2.411762,-0.485093,0.440071,-0.238829,0.115343,-0.062215,-0.198488,,,,,,
sample,123,drone,,3.074933,6.402562,-2.369060,2.390771,2.405651,-0.482166,0.438486,-0.250061,0.118827,-0.064604,-0.197810,,,,,,
sample,124,drone,,3.099932,6.462624,-2.381077,2.401713,2.399259,-0.479152,0.436841,-0.261292,0.122312,-0.066993,-0.197115,,,,,,
sample,125,drone,,3.124932,6.522522,-2.393017,2.412613,2.392586,-0.476051,0.435136,-0.272523,0.125796,-0.069381,-0.196404,,,,,,
sample,126,drone,,3.149931,6.582250,-2.404879,2.423469,2.385633,-0.472862,0.433372,-0.283755,0.129281,-0.071770,-0.195676,,,,,,
sample,127,drone,,3.174931,6.641801,-2.416660,2.434281,2.378399,-0.469587,0.431548,-0.294986,0.132765,-0.074158,-0.194931,,,,,,
sample,128,drone,,3.199930,6.701168,-2.428358,2.445046,2.370884,-0.466224,0.429664,-0.306217,0.136249,-0.076547,-0.194168,,,,,,
sample,129,drone,,3.224929,6.760343,-2.439971,2.455764,2.363088,-0.462774,0.427721,-0.317449,0.139734,-0.078936,-0.193387,,,,,,
sample,130,drone,,3.249929,6.819319,-2.451496,2.466432,2.355012,-0.459238,0.425718,-0.328680,0.143218,-0.081324,-0.192587,,,,,,
sample,131,drone,,3.274928,6.878091,-2.462932,2.477049,2.346655,-0.455614,0.423655,-0.339911,0.146702,-0.083713,-0.191769,,,,,,
sample,132,drone,,3.299928,6.936650,-2.474276,2.487614,2.338017,-0.451903,0.421532,-0.351142,0.150187,-0.086102,-0.190930,,,,,,
sample,133,drone,,3.324927,6.994989,-2.485527,2.498125,2.329098,-0.448105,0.419350,-0.362374,0.153671,-0.088490,-0.190072,,,,,,
sample,134,drone,,3.349927,7.053102,-2.496681,2.508581,2.319898,-0.444219,0.417108,-0.373605,0.157155,-0.090879,-0.189192,,,,,,
sample,135,drone,,3.374926,7.110981,-2.507737,2.518980,2.310418,-0.440247,0.414806,-0.384836,0.160640,-0.093268,-0.188291,,,,,,
sample,136,drone,,3.399926,7.168620,-2.518693,2.529321,2.300657,-0.436187,0.412444,-0.396068,0.164124,-0.095656,-0.187369,,,,,,
sample,137,drone,,3.424925,7.226012,-2.529546,2.539602,2.290615,-0.432041,0.410023,-0.407299,0.167609,-0.098045,-0.186423,,,,,,
sample,138,drone,,3.449924,7.283149,-2.540294,2.549822,2.280293,-0.427807,0.407542,-0.418530,0.171093,-0.100434,-0.185455,,,,,,
sample,139,drone,,3.474924,7.340024,-2.550936,2.559979,2.269689,-0.423486,0.405002,-0.429762,0.174577,-0.102822,-0.184462,,,,,,
sample,140,drone,,3.499923,7.396631,-2.561468,2.570071,2.258805,-0.419079,0.402401,-0.440993,0.178062,-0.105211,-0.183445,,,,,,
sample,141,drone,,3.524923,7.452962,-2.571889,2.580098,2.247640,-0.414584,0.399741,-0.452224,0.181546,-0.107600,-0.182403,,,,,,
sample,142,drone,,3.549922,7.509010,-2.582197,2.590058,2.236194,-0.410001,0.397021,-0.463456,0.185030,-0.109988,-0.181334,,,,,,
sample,143,drone,,3.574922,7.564769,-2.592389,2.599949,2.224468,-0.405332,0.394242,-0.474687,0.188515,-0.112377,-0.180238,,,,,,
sample,144,drone,,3.599921,7.620231,-2.602463,2.609769,2.212460,-0.400576,0.391403,-0.485918,0.191999,-0.114765,-0.179114,,,,,,
sample,145,drone,,3.624921,7.675390,-2.612417,2.619518,2.200172,-0.395732,0.388504,-0.497149,0.195484,-0.117154,-0.177962,,,,,,
sample,146,drone,,3.649920,7.730237,-2.622249,2.629194,2.187603,-0.390802,0.385545,-0.508381,0.198968,-0.119543,-0.176779,,,,,,
sample,147,drone,,3.674920,7.784767,-2.631957,2.638795,2.174754,-0.385784,0.382527,-0.519612,0.202452,-0.121931,-0.175566,,,,,,
sample,148,drone,,3.699919,7.838973,-2.641538,2.648320,2.161623,-0.380680,0.379449,-0.530843,0.205937,-0.124320,-0.174321,,,,,,
sample,149,drone,,3.724918,7.892846,-2.650991,2.657767,2.148212,-0.375488,0.376311,-0.542075,0.209421,-0.126709,-0.173043,,,,,,
sample,150,drone,,3.749918,7.946381,-2.660312,2.667135,2.134520,-0.370209,0.373113,-0.553306,0.212905,-0.129097,-0.171730,,,,,,
sample,151,drone,,3.774917,7.999570,-2.669501,2.676423,2.120548,-0.364843,0.369856,-0.564537,0.216390,-0.131486,-0.170383,,,,,,
sample,152,drone,,3.799917,8.052406,-2.678554,2.685628,2.106294,-0.359389,0.366539,-0.575769,0.219874,-0.133875,-0.168999,,,,,,
sample,153,drone,,3.824916,8.104882,-2.687470,2.694749,2.091760,-0.353849,0.363163,-0.587000,0.223358,-0.136263,-0.167577,,,,,,
sample,154,drone,,3.849916,8.156992,-2.696246,2.703785,2.076945,-0.348222,0.359726,-0.598231,0.226843,-0.138652,-0.166116,,,,,,
sample,155,drone,,3.874915,8.208727,-2.704880,2.712735,2.061849,-0.342507,0.356230,-0.609462,0.230327,-0.141041,-0.164613,,,,,,
sample,156,drone,,3.899915,8.260082,-2.713371,2.721597,2.046472,-0.336706,0.352674,-0.620694,0.233812,-0.143429,-0.163069,,,,,,
sample,157,drone,,3.924914,8.311049,-2.721715,2.730368,2.030815,-0.330817,0.349059,-0.631925,0.237296,-0.145818,-0.161480,,,,,,
sample,158,drone,,3.949914,8.361620,-2.729911,2.739049,2.014877,-0.324841,0.345384,-0.643156,0.240780,-0.148207,-0.159846,,,,,,
sample,159,drone,,3.974913,8.411790,-2.737957,2.747637,1.998658,-0.318778,0.341649,-0.654388,0.244265,-0.150595,-0.158164,,,,,,
sample,160,drone,,3.999912,8.461551,-2.745850,2.756131,1.982158,-0.312628,0.337854,-0.665619,0.247749,-0.152984,-0.156432,,,,,,
sample,161,drone,,4.024912,8.510896,-2.753588,2.764530,1.965377,-0.306391,0.334000,-0.676850,0.251233,-0.155372,-0.154649,,,,,,
sample,162,drone,,4.049911,8.559818,-2.761169,2.772831,1.948316,-0.300067,0.330085,-0.688082,0.254718,-0.157761,-0.152813,,,,,,
sample,163,drone,,4.074911,8.608310,-2.768591,2.781033,1.930974,-0.293655,0.326112,-0.699313,0.258202,-0.160150,-0.150920,,,,,,
sample,164,drone,,4.099910,8.656364,-2.775852,2.789136,1.913351,-0.287157,0.322078,-0.710544,0.261687,-0.162538,-0.148969,,,,,,
sample,165,drone,,4.124910,8.703975,-2.782949,2.797137,1.895448,-0.280571,0.317985,-0.721776,0.265171,-0.164927,-0.146957,,,,,,
sample,166,drone,,4.149909,8.751135,-2.789880,2.805035,1.877263,-0.273899,0.313832,-0.733007,0.268655,-0.167316,-0.144881,,,,,,
sample,167,drone,,4.174909,8.797836,-2.796643,2.812828,1.858798,-0.267139,0.309619,-0.744238,0.272140,-0.169704,-0.142739,,,,,,
sample,168,drone,,4.199908,8.844073,-2.803237,2.820516,1.840052,-0.260292,0.305347,-0.755469,0.275624,-0.172093,-0.140527,,,,,,
sample,169,drone,,4.224908,8.889837,-2.809658,2.828095,1.821026,-0.253358,0.301015,-0.766701,0.279108,-0.174482,-0.138242,,,,,,
sample,170,drone,,4.249907,8.935122,-2.815904,2.835566,1.801718,-0.246337,0.296623,-0.777932,0.282593,-0.176870,-0.135881,,,,,,
sample,171,drone,,4.274906,8.979921,-2.821974,2.842926,1.782130,-0.239229,0.292172,-0.789163,0.286077,-0.179259,-0.133440,,,,,,
sample,172,drone,,4.299906,9.024226,-2.827865,2.850174,1.762261,-0.232033,0.287660,-0.800395,0.289561,-0.181648,-0.130915,,,,,,
sample,173,drone,,4.324905,9.068032,-2.833576,2.857309,1.742111,-0.224751,0.283089,-0.811626,0.293046,-0.184036,-0.128302,,,,,,
sample,174,drone,,4.349905,9.111330,-2.839103,2.864328,1.721680,-0.217381,0.278459,-0.822857,0.296530,-0.186425,-0.125597,,,,,,
sample,175,drone,,4.374904,9.154114,-2.844444,2.871231,1.700969,-0.209925,0.273768,-0.834089,0.300015,-0.188814,-0.122794,,,,,,
sample,176,drone,,4.399904,9.196377,-2.849599,2.878016,1.679977,-0.202381,0.269018,-0.845320,0.303499,-0.191202,-0.119889,,,,,,
sample,177,drone,,4.424903,9.238111,-2.854563,2.884682,1.658704,-0.194750,0.264208,-0.856551,0.306983,-0.193591,-0.116876,,,,,,
sample,178,drone,,4.449903,9.279310,-2.859336,2.891227,1.637150,-0.187032,0.259339,-0.867782,0.310468,-0.195980,-0.113749,,,,,,
sample,179,drone,,4.474902,9.319967,-2.863915,2.897649,1.615316,-0.179227,0.254410,-0.879014,0.313952,-0.198368,-0.110503,,,,,,
sample,180,drone,,4.499902,9.360074,-2.868297,2.903947,1.593200,-0.171335,0.249421,-0.890245,0.317436,-0.200757,-0.107130,,,,,,
sample,181,drone,,4.524901,9.399625,-2.872481,2.910119,1.570804,-0.163356,0.244372,-0.901476,0.320921,-0.203145,-0.103622,,,,,,
sample,182,drone,,4.549900,9.438612,-2.876465,2.916165,1.548128,-0.155289,0.239264,-0.912708,0.324405,-0.205534,-0.099973,,,,,,
sample,183,drone,,4.574900,9.477030,-2.880246,2.922082,1.525170,-0.147136,0.234096,-0.923939,0.327890,-0.207923,-0.096174,,,,,,
sample,184,drone,,4.599899,9.514869,-2.883821,2.927870,1.501932,-0.138895,0.228868,-0.935170,0.331374,-0.210311,-0.092215,,,,,,
sample,185,drone,,4.624899,9.552125,-2.887190,2.933526,1.478413,-0.130567,0.223580,-0.946402,0.334858,-0.212700,-0.088087,,,,,,
sample,186,drone,,4.649898,9.588788,-2.890350,2.939048,1.454613,-0.122153,0.218233,-0.957633,0.338343,-0.215089,-0.083779,,,,,,
sample,187,drone,,4.674898,9.624854,-2.893298,2.944437,1.430532,-0.113651,0.212826,-0.968864,0.341827,-0.217477,-0.079280,,,,,,
sample,188,drone,,4.699897,9.660313,-2.896032,2.949689,1.406171,-0.105062,0.207359,-0.980096,0.345311,-0.219866,-0.074576,,,,,,
sample,189,drone,,4.724897,9.695161,-2.898551,2.954805,1.381528,-0.096385,0.201833,-0.991327,0.348796,-0.222255,-0.069654,,,,,,
sample,190,drone,,4.749896,9.729388,-2.900851,2.959781,1.356605,-0.087622,0.196247,-1.002558,0.352280,-0.224643,-0.064500,,,,,,
sample,191,drone,,4.774895,9.762989,-2.902932,2.964617,1.331401,-0.078772,0.190601,-1.013789,0.355764,-0.227032,-0.059096,,,,,,
sample,192,drone,,4.799895,9.795957,-2.904790,2.969311,1.305917,-0.069834,0.184896,-1.025021,0.359249,-0.229421,-0.053424,,,,,,
sample,193,drone,,4.824894,9.828284,-2.906423,2.973861,1.280152,-0.060810,0.179130,-1.036252,0.362733,-0.231809,-0.047466,,,,,,
sample,194,drone,,4.849894,9.859963,-2.907830,2.978267,1.254105,-0.051698,0.173305,-1.047483,0.366218,-0.234198,-0.041200,,,,,,
sample,195,drone,,4.874893,9.890988,-2.909008,2.982526,1.227779,-0.042499,0.167421,-1.058715,0.369702,-0.236587,-0.034601,,,,,,
sample,196,drone,,4.899893,9.921351,-2.909955,2.986638,1.201171,-0.033213,0.161476,-1.069946,0.373186,-0.238975,-0.027644,,,,,,
sample,197,drone,,4.924892,9.951045,-2.910669,2.990600,1.174282,-0.023840,0.155472,-1.081177,0.376671,-0.241364,-0.020299,,,,,,
sample,198,drone,,4.949892,9.980063,-2.911147,2.994411,1.147113,-0.014380,0.149408,-1.092409,0.380155,-0.243752,-0.012535,,,,,,
sample,199,drone,,4.974891,10.008399,-2.911388,2.998070,1.119663,-0.004833,0.143285,-1.103640,0.383639,-0.246141,-0.004316,,,,,,
sample,200,drone,,4.999891,10.036045,-2.911389,3.001575,1.091932,0.004801,0.137102,-1.114871,0.387124,-0.248530,0.004397,,,,,,
sample,201,drone,,5.024890,10.062995,-2.911148,3.004925,1.063921,0.014523,0.130859,-1.126102,0.390608,-0.250918,0.013649,,,,,,
sample,202,drone,,5.049889,10.089240,-2.910663,3.008118,1.035629,0.024331,0.124556,-1.137334,0.394093,-0.253307,0.023490,,,,,,
sample,203,drone,,5.074889,10.114775,-2.909931,3.011153,1.007055,0.034227,0.118193,-1.148565,0.397577,-0.255696,0.033974,,,,,,
sample,204,drone,,5.099888,10.139592,-2.908951,3.014028,0.978202,0.044210,0.111771,-1.159796,0.401061,-0.258084,0.045164,,,,,,
sample,205,drone,,5.124888,10.163684,-2.907721,3.016741,0.949067,0.054280,0.105290,-1.171028,0.404546,-0.260473,0.057130,,,,,,
sample,206,drone,,5.149887,10.187044,-2.906237,3.019292,0.919651,0.064437,0.098748,-1.182259,0.408030,-0.262862,0.069952,,,,,,
sample,207,drone,,5.174887,10.209666,-2.904499,3.021679,0.889955,0.074681,0.092147,-1.193490,0.411514,-0.265250,0.083719,,,,,,
sample,208,drone,,5.199886,10.231541,-2.902503,3.023899,0.859978,0.085012,0.085486,-1.204722,0.414999,-0.267639,0.098533,,,,,,
sample,209,drone,,5.224886,10.252664,-2.900248,3.025953,0.829720,0.095430,0.078765,-1.215953,0.418483,-0.270028,0.114512,,,,,,
sample,210,drone,,5.249885,10.273026,-2.897732,3.027838,0.799182,0.105935,0.071985,-1.227184,0.421967,-0.272416,0.131787,,,,,,
sample,211,drone,,5.274885,10.292622,-2.894952,3.029552,0.768363,0.116528,0.065145,-1.238416,0.425452,-0.274805,0.150511,,,,,,
sample,212,drone,,5.299884,10.311443,-2.891906,3.031095,0.737262,0.127208,0.058245,-1.249647,0.428936,-0.277194,0.170858,,,,,,
sample,213,drone,,5.324883,10.329484,-2.888592,3.032464,0.705882,0.137974,0.051285,-1.260878,0.432421,-0.279582,0.193030,,,,,,
sample,214,drone,,5.349883,10.346737,-2.885007,3.033659,0.674220,0.148828,0.044266,-1.272109,0.435905,-0.281971,0.217257,,,,,,
sample,215,drone,,5.374882,10.363194,-2.881150,3.034677,0.642278,0.159769,0.037187,-1.283341,0.439389,-0.284359,0.243806,,,,,,
sample,216,drone,,5.399882,10.378850,-2.877019,3.035518,0.610054,0.170797,0.030048,-1.294876,0.445351,-0.287513,0.272981,,,,,,
sample,217,drone,,5.424881,10.393696,-2.872611,3.036180,0.577535,0.182036,0.022812,-1.341886,0.751125,-0.382994,0.305338,,,,,,
sample,218,drone,,5.449881,10.407726,-2.867917,3.036659,0.542961,0.208353,0.010899,-1.442364,1.549138,-0.629439,0.366405,,,,,,
sample,219,drone,,5.474880,10.420844,-2.862193,3.036725,0.505419,0.259491,-0.008660,-1.518181,2.234182,-0.839613,0.474325,,,,,,
sample,220,drone,,5.499880,10.432996,-2.854943,3.036226,0.467054,0.320059,-0.031081,-1.524653,2.403425,-0.889854,0.600773,,,,,,
sample,221,drone,,5.524879,10.444196,-2.846191,3.035171,0.429188,0.379660,-0.053151,-1.504737,2.364743,-0.875830,0.724242,,,,,,
sample,222,drone,,5.549879,10.454455,-2.835960,3.033568,0.391819,0.438294,-0.074871,-1.484821,2.326061,-0.861805,0.841326,,,,,,
sample,223,drone,,5.574878,10.463787,-2.824276,3.031427,0.354948,0.495961,-0.096241,-1.464905,2.287378,-0.847780,0.949625,,,,,,
sample,224,drone,,5.599877,10.472202,-2.811163,3.028756,0.318575,0.552660,-0.117259,-1.444989,2.248696,-0.833756,1.047881,,,,,,
sample,225,drone,,5.624877,10.479715,-2.796644,3.025564,0.282700,0.608393,-0.137928,-1.425073,2.210013,-0.819731,1.135812,,,,,,
sample,226,drone,,5.649876,10.486337,-2.780744,3.021860,0.247323,0.663158,-0.158245,-1.405157,2.171331,-0.805706,1.213827,,,,,,
sample,227,drone,,5.674876,10.492081,-2.763487,3.017652,0.212444,0.716957,-0.178212,-1.385241,2.132648,-0.791681,1.282725,,,,,,
sample,228,drone,,5.699875,10.496959,-2.744897,3.012950,0.178063,0.769789,-0.197828,-1.365325,2.093966,-0.777657,1.343481,,,,,,
sample,229,drone,,5.724875,10.500984,-2.724998,3.007761,0.144179,0.821653,-0.217094,-1.345409,2.055284,-0.763632,1.397090,,,,,,
sample,230,drone,,5.749874,10.504168,-2.703815,3.002095,0.110794,0.872550,-0.236009,-1.325493,2.016601,-0.749607,1.444496,,,,,,
sample,231,drone,,5.774874,10.506523,-2.681372,2.995961,0.077906,0.922481,-0.254573,-1.305577,1.977919,-0.735582,1.486544,,,,,,
sample,232,drone,,5.799873,10.508063,-2.657692,2.989367,0.045516,0.971444,-0.272787,-1.285661,1.939236,-0.721558,1.523976,,,,,,
sample,233,drone,,5.824873,10.508799,-2.632801,2.982322,0.013624,1.019441,-0.290651,-1.265745,1.900554,-0.707533,1.557433,,,,,,
sample,234,drone,,5.849872,10.508744,-2.606721,2.974835,-0.017770,1.066470,-0.308163,-1.245829,1.861872,-0.693508,1.587457,,,,,,
sample,235,drone,,5.874871,10.507911,-2.579478,2.966914,-0.048666,1.112532,-0.325325,-1.225913,1.823189,-0.679484,1.614512,,,,,,
sample,236,drone,,5.899871,10.506311,-2.551096,2.958569,-0.079064,1.157627,-0.342137,-1.205997,1.784507,-0.665459,1.638989,,,,,,
sample,237,drone,,5.924870,10.503958,-2.521598,2.949808,-0.108964,1.201756,-0.358597,-1.186081,1.745824,-0.651434,1.661220,,,,,,
sample,238,drone,,5.949870,10.500863,-2.491009,2.940639,-0.138367,1.244917,-0.374708,-1.166165,1.707142,-0.637409,1.681487,,,,,,
sample,239,drone,,5.974869,10.497039,-2.459354,2.931073,-0.167271,1.287111,-0.390467,-1.146249,1.668459,-0.623385,1.700031,,,,,,
sample,240,drone,,5.999869,10.492499,-2.426655,2.921116,-0.195678,1.328338,-0.405876,-1.126333,1.629777,-0.609360,1.717055,,,,,,
sample,241,drone,,6.024868,10.487256,-2.392938,2.910779,-0.223587,1.368598,-0.420934,-1.106417,1.591095,-0.595335,1.732735,,,,,,
sample,242,drone,,6.049868,10.481320,-2.358227,2.900070,-0.250998,1.407891,-0.435642,-1.086501,1.552412,-0.581310,1.747222,,,,,,
sample,243,drone,,6.074867,10.474706,-2.322545,2.888998,-0.277911,1.446217,-0.449999,-1.066585,1.513730,-0.567286,1.760646,,,,,,
sample,244,drone,,6.099866,10.467425,-2.285918,2.877571,-0.304326,1.483576,-0.464006,-1.046669,1.475047,-0.553261,1.773120,,,,,,
sample,245,drone,,6.124866,10.459490,-2.248368,2.865798,-0.330243,1.519967,-0.477662,-1.026753,1.436365,-0.539236,1.784741,,,,,,
sample,246,drone,,6.149865,10.450913,-2.209921,2.853688,-0.355662,1.555392,-0.490967,-1.006837,1.397682,-0.525211,1.795595,,,,,,
sample,247,drone,,6.174865,10.441707,-2.170600,2.841250,-0.380584,1.589850,-0.503922,-0.986921,1.359000,-0.511187,1.805758,,,,,,
sample,248,drone,,6.199864,10.431885,-2.130430,2.828493,-0.405007,1.623341,-0.516526,-0.967005,1.320318,-0.497162,1.815295,,,,,,
sample,249,drone,,6.224864,10.421457,-2.089435,2.815424,-0.428933,1.655864,-0.528779,-0.947089,1.281635,-0.483137,1.824264,,,,,,
sample,250,drone,,6.249863,10.410438,-2.047639,2.802054,-0.452361,1.687421,-0.540682,-0.927173,1.242953,-0.469113,1.832716,,,,,,
sample,251,drone,,6.274863,10.398840,-2.005066,2.788391,-0.475291,1.718011,-0.552234,-0.907257,1.204270,-0.455088,1.840697,,,,,,
sample,252,drone,,6.299862,10.386674,-1.961740,2.774443,-0.497723,1.747633,-0.563436,-0.887341,1.165588,-0.441063,1.848249,,,,,,
sample,253,drone,,6.324862,10.373954,-1.917686,2.760220,-0.519657,1.776289,-0.574287,-0.867425,1.126906,-0.427038,1.855406,,,,,,
sample,254,drone,,6.349861,10.360692,-1.872928,2.745729,-0.541093,1.803977,-0.584788,-0.847509,1.088223,-0.413014,1.862202,,,,,,
sample,255,drone,,6.374860,10.346900,-1.827489,2.730981,-0.562031,1.830699,-0.594937,-0.827593,1.049541,-0.398989,1.868666,,,,,,
sample,256,drone,,6.399860,10.332591,-1.781395,2.715983,-0.582472,1.856453,-0.604737,-0.807677,1.010858,-0.384964,1.874824,,,,,,
sample,257,drone,,6.424859,10.317777,-1.734668,2.700745,-0.602414,1.881241,-0.614185,-0.787761,0.972176,-0.370939,1.880700,,,,,,
sample,258,drone,,6.449859,10.302471,-1.687335,2.685274,-0.621859,1.905061,-0.623283,-0.767845,0.933493,-0.356915,1.886316,,,,,,
sample,259,drone,,6.474858,10.286685,-1.639417,2.669581,-0.640806,1.927914,-0.632031,-0.747929,0.894811,-0.342890,1.891691,,,,,,
sample,260,drone,,6.499858,10.270432,-1.590941,2.653674,-0.659254,1.949801,-0.640427,-0.728013,0.856129,-0.328865,1.896843,,,,,,
sample,261,drone,,6.524857,10.253723,-1.541930,2.637561,-0.677205,1.970720,-0.648473,-0.708097,0.817446,-0.314840,1.901788,,,,,,
sample,262,drone,,6.549857,10.236572,-1.492407,2.621251,-0.694659,1.990672,-0.656169,-0.688181,0.778764,-0.300816,1.906542,,,,,,
sample,263,drone,,6.574856,10.218991,-1.442398,2.604753,-0.711614,2.009657,-0.663514,-0.668265,0.740081,-0.286791,1.911116,,,,,,
sample,264,drone,,6.599856,10.200992,-1.391926,2.588076,-0.728071,2.027675,-0.670508,-0.648349,0.701399,-0.272766,1.915526,,,,,,
sample,265,drone,,6.624855,10.182588,-1.341017,2.571228,-0.744031,2.044726,-0.677152,-0.628433,0.662716,-0.258742,1.919781,,,,,,
sample,266,drone,,6.649854,10.163791,-1.289692,2.554219,-0.759492,2.060810,-0.683445,-0.608517,0.624034,-0.244717,1.923892,,,,,,
sample,267,drone,,6.674854,10.144614,-1.237978,2.537057,-0.774456,2.075927,-0.689387,-0.588601,0.585352,-0.230692,1.927869,,,,,,
sample,268,drone,,6.699853,10.125069,-1.185898,2.519750,-0.788922,2.090077,-0.694979,-0.568685,0.546669,-0.216667,1.931722,,,,,,
sample,269,drone,,6.724853,10.105169,-1.133477,2.502308,-0.802889,2.103260,-0.700221,-0.548769,0.507987,-0.202643,1.935459,,,,,,
sample,270,drone,,6.749852,10.084926,-1.080738,2.484740,-0.816359,2.115476,-0.705111,-0.528853,0.469304,-0.188618,1.939088,,,,,,
sample,271,drone,,6.774852,10.064352,-1.027705,2.467054,-0.829331,2.126725,-0.709651,-0.508937,0.430622,-0.174593,1.942615,,,,,,
sample,272,drone,,6.799851,10.043460,-0.974404,2.449258,-0.841806,2.137007,-0.713841,-0.489021,0.391940,-0.160568,1.946049,,,,,,
sample,273,drone,,6.824851,10.022263,-0.920857,2.431362,-0.853782,2.146321,-0.717680,-0.469105,0.353257,-0.146544,1.949395,,,,,,
sample,274,drone,,6.849850,10.000772,-0.867090,2.413375,-0.865260,2.154669,-0.721168,-0.449189,0.314575,-0.132519,1.952659,,,,,,
sample,275,drone,,6.874850,9.979001,-0.813126,2.395305,-0.876241,2.162050,-0.724305,-0.429273,0.275892,-0.118494,1.955848,,,,,,
sample,276,drone,,6.899849,9.956961,-0.758990,2.377161,-0.886724,2.168463,-0.727092,-0.409357,0.237210,-0.104470,1.958967,,,,,,
sample,277,drone,,6.924848,9.934665,-0.704705,2.358951,-0.896708,2.173910,-0.729529,-0.389441,0.198527,-0.090445,1.962020,,,,,,
sample,278,drone,,6.949848,9.912127,-0.650297,2.340685,-0.906195,2.178390,-0.731614,-0.369525,0.159845,-0.076420,1.965013,,,,,,
sample,279,drone,,6.974847,9.889357,-0.595788,2.322371,-0.915184,2.181902,-0.733350,-0.349609,0.121163,-0.062395,1.967951,,,,,,
sample,280,drone,,6.999847,9.866368,-0.541204,2.304018,-0.923675,2.184448,-0.734734,-0.329693,0.082480,-0.048371,1.970837,,,,,,
sample,281,drone,,7.024846,9.843174,-0.486568,2.285635,-0.931669,2.186026,-0.735768,-0.309777,0.043798,-0.034346,1.973677,,,,,,
sample,282,drone,,7.049846,9.819786,-0.431905,2.267231,-0.939164,2.186637,-0.736451,-0.289862,0.005115,-0.020321,1.976474,,,,,,
sample,283,drone,,7.074845,9.796217,-0.377239,2.248813,-0.946161,2.186282,-0.736784,-0.269946,-0.033567,-0.006296,1.979231,,,,,,
sample,284,drone,,7.099845,9.772479,-0.322593,2.230392,-0.952661,2.184959,-0.736766,-0.250030,-0.072250,0.007728,1.981954,,,,,,
sample,285,drone,,7.124844,9.748585,-0.267993,2.211976,-0.958663,2.182669,-0.736398,-0.230114,-0.110932,0.021753,1.984646,,,,,,
sample,286,drone,,7.149844,9.724547,-0.213462,2.193573,-0.964166,2.179413,-0.735679,-0.210198,-0.149614,0.035778,1.987310,,,,,,
sample,287,drone,,7.174843,9.700377,-0.159025,2.175193,-0.969172,2.175189,-0.734609,-0.190282,-0.188297,0.049803,1.989950,,,,,,
sample,288,drone,,7.199842,9.676089,-0.104705,2.156843,-0.973680,2.169998,-0.733189,-0.170366,-0.226979,0.063827,1.992569,,,,,,
sample,289,drone,,7.224842,9.651695,-0.050527,2.138534,-0.977690,2.163840,-0.731418,-0.150450,-0.265662,0.077852,1.995172,,,,,,
sample,290,drone,,7.249841,9.627206,0.003484,2.120273,-0.981203,2.156715,-0.729296,-0.130534,-0.304344,0.091877,1.997761,,,,,,
sample,291,drone,,7.274841,9.602635,0.057306,2.102070,-0.984217,2.148623,-0.726824,-0.110618,-0.343027,0.105901,2.000340,,,,,,
sample,292,drone,,7.299840,9.577996,0.110913,2.083933,-0.986733,2.139564,-0.724001,-0.090702,-0.381709,0.119926,2.002912,,,,,,
sample,293,drone,,7.324840,9.553300,0.164282,2.065871,-0.988752,2.129538,-0.720828,-0.070786,-0.420391,0.133951,2.005481,,,,,,
sample,294,drone,,7.349839,9.528560,0.217388,2.047892,-0.990272,2.118545,-0.717304,-0.050870,-0.459074,0.147976,2.008050,,,,,,
sample,295,drone,,7.374839,9.503787,0.270207,2.030006,-0.991295,2.106585,-0.713429,-0.030954,-0.497756,0.162000,2.010624,,,,,,
sample,296,drone,,7.399838,9.478996,0.322715,2.012222,-0.991820,2.093658,-0.709204,-0.011038,-0.536439,0.176025,2.013205,,,,,,
sample,297,drone,,7.424837,9.454197,0.374887,1.994547,-0.991847,2.079764,-0.704628,0.008878,-0.575121,0.190050,2.015797,,,,,,
sample,298,drone,,7.449837,9.429405,0.426701,1.976991,-0.991376,2.064902,-0.699702,0.028794,-0.613803,0.204075,2.018404,,,,,,
sample,299,drone,,7.474836,9.404630,0.478130,1.959563,-0.990407,2.049074,-0.694424,0.048710,-0.652486,0.218099,2.021030,,,,,,
sample,300,drone,,7.499836,9.379885,0.529152,1.942271,-0.988941,2.032279,-0.688797,0.068626,-0.691168,0.232124,2.023680,,,,,,
sample,301,drone,,7.524835,9.355184,0.579742,1.925124,-0.986976,2.014517,-0.682819,0.088542,-0.729851,0.246149,2.026357,,,,,,
sample,302,drone,,7.549835,9.330538,0.629876,1.908130,-0.984514,1.995787,-0.676490,0.108458,-0.768533,0.260173,2.029066,,,,,,
sample,303,drone,,7.574834,9.305959,0.679529,1.891300,-0.981553,1.976091,-0.669810,0.128374,-0.807216,0.274198,2.031812,,,,,,
sample,304,drone,,7.599834,9.281461,0.728678,1.874641,-0.978095,1.955427,-0.662780,0.148290,-0.845898,0.288223,2.034600,,,,,,
sample,305,drone,,7.624833,9.257055,0.777298,1.858162,-0.974139,1.933797,-0.655399,0.168206,-0.884580,0.302248,2.037435,,,,,,
sample,306,drone,,7.649833,9.232755,0.825366,1.841871,-0.969685,1.911199,-0.647668,0.188122,-0.923263,0.316272,2.040322,,,,,,
sample,307,drone,,7.674832,9.208572,0.872856,1.825779,-0.964733,1.887635,-0.639586,0.208038,-0.961945,0.330297,2.043269,,,,,,
sample,308,drone,,7.699831,9.184519,0.919745,1.809893,-0.959283,1.863103,-0.631153,0.227954,-1.000628,0.344322,2.046281,,,,,,
sample,309,drone,,7.724831,9.160609,0.966009,1.794222,-0.953336,1.837604,-0.622370,0.247870,-1.039310,0.358347,2.049365,,,,,,
sample,310,drone,,7.749830,9.136854,1.011624,1.778775,-0.946890,1.811139,-0.613237,0.267786,-1.077993,0.372371,2.052529,,,,,,
sample,311,drone,,7.774830,9.113266,1.056564,1.763561,-0.939947,1.783706,-0.603752,0.287702,-1.116675,0.386396,2.055781,,,,,,
sample,312,drone,,7.799829,9.089857,1.100807,1.748588,-0.932505,1.755306,-0.593917,0.307618,-1.155357,0.400421,2.059130,,,,,,
sample,313,drone,,7.824829,9.066641,1.144328,1.733866,-0.924566,1.725939,-0.583732,0.327534,-1.194040,0.414446,2.062586,,,,,,
sample,314,drone,,7.849828,9.043630,1.187102,1.719402,-0.916129,1.695605,-0.573195,0.347450,-1.232722,0.428470,2.066159,,,,,,
sample,315,drone,,7.874828,9.020836,1.229106,1.705206,-0.907194,1.664305,-0.562309,0.367366,-1.271405,0.442495,2.069861,,,,,,
sample,316,drone,,7.899827,8.998271,1.270316,1.691287,-0.897761,1.632037,-0.551071,0.387282,-1.310087,0.456520,2.073706,,,,,,
sample,317,drone,,7.924827,8.975949,1.310706,1.677654,-0.887830,1.598802,-0.539483,0.407198,-1.348769,0.470544,2.077707,,,,,,
sample,318,drone,,7.949826,8.953881,1.350254,1.664314,-0.877402,1.564600,-0.527544,0.427114,-1.387452,0.484569,2.081881,,,,,,
sample,319,drone,,7.974825,8.932080,1.388934,1.651277,-0.866475,1.529431,-0.515255,0.447030,-1.426134,0.498594,2.086245,,,,,,
sample,320,drone,,7.999825,8.910558,1.426724,1.638552,-0.855051,1.493294,-0.502615,0.466946,-1.464817,0.512619,2.090820,,,,,,
sample,321,drone,,8.024824,8.889328,1.463598,1.626147,-0.843128,1.456191,-0.489625,0.486862,-1.503499,0.526643,2.095628,,,,,,
sample,322,drone,,8.049824,8.868403,1.499532,1.614071,-0.830708,1.418121,-0.476284,0.506778,-1.542182,0.540668,2.100695,,,,,,
sample,323,drone,,8.074823,8.847794,1.534502,1.602333,-0.817790,1.379084,-0.462592,0.526694,-1.580864,0.554693,2.106049,,,,,,
sample,324,drone,,8.099823,8.827514,1.568484,1.590942,-0.804374,1.339080,-0.448550,0.546610,-1.619546,0.568718,2.111724,,,,,,
sample,325,drone,,8.124822,8.807576,1.601455,1.579906,-0.790460,1.298108,-0.434157,0.566526,-1.658229,0.582742,2.117758,,,,,,
sample,326,drone,,8.149822,8.787992,1.633388,1.569234,-0.776048,1.256170,-0.419413,0.586442,-1.696911,0.596767,2.124193,,,,,,
sample,327,drone,,8.174821,8.768774,1.664262,1.558936,-0.761138,1.213265,-0.404319,0.606358,-1.735594,0.610792,2.131082,,,,,,
sample,328,drone,,8.199821,8.749936,1.694050,1.549019,-0.745731,1.169392,-0.388874,0.626274,-1.774276,0.624816,2.138482,,,,,,
sample,329,drone,,8.224820,8.731489,1.722730,1.539493,-0.729825,1.124553,-0.373079,0.646190,-1.812959,0.638841,2.146462,,,,,,
sample,330,drone,,8.249819,8.713445,1.750277,1.530365,-0.713422,1.078746,-0.356933,0.666106,-1.851641,0.652866,2.155105,,,,,,
sample,331,drone,,8.274819,8.695818,1.776666,1.521646,-0.696521,1.031973,-0.340436,0.686022,-1.890323,0.666891,2.164506,,,,,,
sample,332,drone,,8.299818,8.678620,1.801874,1.513344,-0.679122,0.984232,-0.323589,0.705938,-1.929006,0.680915,2.174780,,,,,,
sample,333,drone,,8.324818,8.661863,1.825877,1.505467,-0.661225,0.935525,-0.306391,0.725854,-1.967688,0.694940,2.186069,,,,,,
sample,334,drone,,8.349817,8.645560,1.848649,1.498025,-0.642830,0.885850,-0.288843,0.745770,-2.006371,0.708965,2.198540,,,,,,
sample,335,drone,,8.374817,8.629722,1.870168,1.491025,-0.623937,0.835208,-0.270944,0.765686,-2.045053,0.722990,2.212403,,,,,,
sample,336,drone,,8.399816,8.614363,1.890409,1.484478,-0.604546,0.783600,-0.252694,0.785602,-2.083735,0.737014,2.227915,,,,,,
sample,337,drone,,8.424816,8.599496,1.909347,1.478391,-0.584658,0.731024,-0.234094,0.805518,-2.122418,0.751039,2.245403,,,,,,
sample,338,drone,,8.449815,8.585131,1.926959,1.472773,-0.564271,0.677481,-0.215143,0.825434,-2.161100,0.765064,2.265277,,,,,,
sample,339,drone,,8.474815,8.571283,1.943221,1.467634,-0.543387,0.622971,-0.195841,0.845350,-2.199783,0.779089,2.288067,,,,,,
sample,340,drone,,8.499814,8.557962,1.958107,1.462982,-0.522005,0.567494,-0.176189,0.865266,-2.238465,0.793113,2.314466,,,,,,
sample,341,drone,,8.524813,8.545183,1.971595,1.458825,-0.500125,0.511050,-0.156187,0.666818,-2.288241,0.807930,2.345390,,,,,,
sample,342,drone,,8.549813,8.532957,1.983659,1.455172,-0.488665,0.453085,-0.135794,-0.523125,-2.377447,0.822677,2.393957,,,,,,
sample,343,drone,,8.574812,8.520750,1.994248,1.452035,-0.526280,0.392181,-0.115054,-2.317821,-2.462526,0.827942,2.501175,,,,,,
sample,344,drone,,8.599812,8.506643,2.003268,1.449420,-0.604553,0.329961,-0.094398,-3.150699,-2.461333,0.817189,2.641985,,,,,,
sample,345,drone,,8.624811,8.490523,2.010746,1.447315,-0.683812,0.269117,-0.074195,-3.119846,-2.402226,0.798602,2.766656,,,,,,
sample,346,drone,,8.649811,8.472453,2.016723,1.445710,-0.760542,0.209852,-0.054468,-3.018701,-2.339018,0.779583,2.872367,,,,,,
sample,347,drone,,8.674810,8.452497,2.021239,1.444592,-0.834743,0.152168,-0.035217,-2.917556,-2.275809,0.760564,2.961279,,,,,,
sample,348,drone,,8.699810,8.430717,2.024331,1.443949,-0.906417,0.096064,-0.016441,-2.816411,-2.212600,0.741545,3.036004,,,,,,
sample,349,drone,,8.724809,8.407177,2.026042,1.443770,-0.975561,0.041541,0.001859,-2.715267,-2.149391,0.722525,3.099037,,,,,,
sample,350,drone,,8.749808,8.381940,2.026408,1.444042,-1.042177,-0.011403,0.019684,-2.614122,-2.086182,0.703506,-3.130652,,,,,,
sample,351,drone,,8.774808,8.355069,2.025471,1.444754,-1.106264,-0.062766,0.037034,-2.512977,-2.022974,0.684487,-3.084916,,,,,,
sample,352,drone,,8.799807,8.326628,2.023270,1.445894,-1.167823,-0.112549,0.053908,-2.411832,-1.959765,0.665468,-3.045514,,,,,,
sample,353,drone,,8.824807,8.296680,2.019844,1.447450,-1.226853,-0.160752,0.070307,-2.310688,-1.896556,0.646449,-3.011307,,,,,,
sample,354,drone,,8.849806,8.265287,2.015233,1.449409,-1.283355,-0.207375,0.086230,-2.209543,-1.833347,0.627429,-2.981389,,,,,,
sample,355,drone,,8.874806,8.232513,2.009476,1.451761,-1.337328,-0.252418,0.101677,-2.108398,-1.770139,0.608410,-2.955040,,,,,,
sample,356,drone,,8.899805,8.198422,2.002612,1.454493,-1.388772,-0.295880,0.116650,-2.007253,-1.706930,0.589391,-2.931680,,,,,,
sample,357,drone,,8.924805,8.163076,1.994682,1.457593,-1.437688,-0.337762,0.131146,-1.906109,-1.643721,0.570372,-2.910843,,,,,,
sample,358,drone,,8.949804,8.126539,1.985724,1.461050,-1.484076,-0.378064,0.145168,-1.804964,-1.580512,0.551353,-2.892151,,,,,,
sample,359,drone,,8.974804,8.088874,1.975779,1.464852,-1.527935,-0.416786,0.158713,-1.703819,-1.517303,0.532333,-2.875294,,,,,,
sample,360,drone,,8.999803,8.050144,1.964886,1.468986,-1.569265,-0.453928,0.171784,-1.602675,-1.454095,0.513314,-2.860017,,,,,,
sample,361,drone,,9.024802,8.010412,1.953083,1.473441,-1.608067,-0.489489,0.184379,-1.501530,-1.390886,0.494295,-2.846108,,,,,,
sample,362,drone,,9.049802,7.969742,1.940412,1.478204,-1.644340,-0.523471,0.196498,-1.400385,-1.327677,0.475276,-2.833390,,,,,,
sample,363,drone,,9.074801,7.928197,1.926910,1.483265,-1.678084,-0.555872,0.208142,-1.299240,-1.264468,0.456257,-2.821715,,,,,,
sample,364,drone,,9.099801,7.885840,1.912619,1.488611,-1.709300,-0.586693,0.219310,-1.198096,-1.201259,0.437237,-2.810957,,,,,,
sample,365,drone,,9.124800,7.842734,1.897576,1.494230,-1.737988,-0.615933,0.230003,-1.096951,-1.138051,0.418218,-2.801008,,,,,,
sample,366,drone,,9.149800,7.798943,1.881823,1.500111,-1.764147,-0.643594,0.240221,-0.995806,-1.074842,0.399199,-2.791778,,,,,,
sample,367,drone,,9.174799,7.754529,1.865397,1.506241,-1.787777,-0.669674,0.249963,-0.894661,-1.011633,0.380180,-2.783186,,,,,,
sample,368,drone,,9.199799,7.709556,1.848340,1.512609,-1.808879,-0.694174,0.259229,-0.793517,-0.948424,0.361160,-2.775165,,,,,,
sample,369,drone,,9.224798,7.664087,1.830689,1.519202,-1.827452,-0.717094,0.268020,-0.692372,-0.885215,0.342141,-2.767654,,,,,,
sample,370,drone,,9.249798,7.618185,1.812486,1.526010,-1.843497,-0.738434,0.276336,-0.591227,-0.822007,0.323122,-2.760602,,,,,,
sample,371,drone,,9.274797,7.571914,1.793768,1.533019,-1.857013,-0.758194,0.284176,-0.490082,-0.758798,0.304103,-2.753963,,,,,,
sample,372,drone,,9.299796,7.525336,1.774577,1.540218,-1.868000,-0.776373,0.291541,-0.388938,-0.695589,0.285084,-2.747696,,,,,,
sample,373,drone,,9.324796,7.478516,1.754951,1.547596,-1.876459,-0.792972,0.298430,-0.287793,-0.632380,0.266064,-2.741765,,,,,,
sample,374,drone,,9.349795,7.431516,1.734929,1.555139,-1.882390,-0.807992,0.304844,-0.186648,-0.569172,0.247045,-2.736139,,,,,,
sample,375,drone,,9.374795,7.384399,1.714552,1.562838,-1.885791,-0.821430,0.310782,-0.085504,-0.505963,0.228026,-2.730787,,,,,,
sample,376,drone,,9.399794,7.337228,1.693859,1.570678,-1.886665,-0.833289,0.316245,0.015641,-0.442754,0.209007,-2.725685,,,,,,
sample,377,drone,,9.424794,7.290067,1.672888,1.578649,-1.885009,-0.843568,0.321232,0.116786,-0.379545,0.189988,-2.720808,,,,,,
sample,378,drone,,9.449793,7.242980,1.651681,1.586739,-1.880825,-0.852266,0.325744,0.217931,-0.316336,0.170968,-2.716136,,,,,,
sample,379,drone,,9.474793,7.196028,1.630276,1.594936,-1.874113,-0.859384,0.329780,0.319075,-0.253128,0.151949,-2.711647,,,,,,
sample,380,drone,,9.499792,7.149276,1.608713,1.603228,-1.864872,-0.864922,0.333341,0.420220,-0.189919,0.132930,-2.707325,,,,,,
sample,381,drone,,9.524792,7.102787,1.587031,1.611603,-1.853102,-0.868880,0.336427,0.521365,-0.126710,0.113911,-2.703151,,,,,,
sample,382,drone,,9.549791,7.056623,1.565270,1.620049,-1.838804,-0.871257,0.339037,0.622510,-0.063501,0.094892,-2.699110,,,,,,
sample,383,drone,,9.574790,7.010848,1.543469,1.628554,-1.821978,-0.872055,0.341171,0.723654,-0.000292,0.075872,-2.695186,,,,,,
sample,384,drone,,9.599790,6.965526,1.521668,1.637107,-1.802622,-0.871272,0.342830,0.824799,0.062916,0.056853,-2.691365,,,,,,
sample,385,drone,,9.624789,6.920719,1.499906,1.645696,-1.780739,-0.868909,0.344014,0.925944,0.126125,0.037834,-2.687632,,,,,,
sample,386,drone,,9.649789,6.876491,1.478223,1.654308,-1.756326,-0.864966,0.344722,1.027089,0.189334,0.018815,-2.683974,,,,,,
sample,387,drone,,9.674788,6.832905,1.456659,1.662931,-1.729385,-0.859443,0.344954,1.128233,0.252543,-0.000205,-2.680377,,,,,,
sample,388,drone,,9.699788,6.790024,1.435252,1.671555,-1.699916,-0.852339,0.344712,1.229378,0.315751,-0.019224,-2.676825,,,,,,
sample,389,drone,,9.724787,6.747911,1.414043,1.680166,-1.667918,-0.843655,0.343993,1.330523,0.378960,-0.038243,-2.673305,,,,,,
sample,390,drone,,9.749787,6.706630,1.393070,1.688754,-1.633391,-0.833392,0.342799,1.431667,0.442169,-0.057262,-2.669801,,,,,,
sample,391,drone,,9.774786,6.666243,1.372374,1.697306,-1.596336,-0.821547,0.341130,1.532812,0.505378,-0.076281,-2.666297,,,,,,
sample,392,drone,,9.799785,6.626815,1.351994,1.705810,-1.556752,-0.808123,0.338985,1.633957,0.568587,-0.095301,-2.662775,,,,,,
sample,393,drone,,9.824785,6.588407,1.331969,1.714255,-1.514640,-0.793119,0.336365,1.735102,0.631795,-0.114320,-2.659216,,,,,,
sample,394,drone,,9.849784,6.551084,1.312339,1.722628,-1.469999,-0.776534,0.333270,1.836246,0.695004,-0.133339,-2.655598,,,,,,
sample,395,drone,,9.874784,6.514909,1.293143,1.730918,-1.422830,-0.758369,0.329698,1.937391,0.758213,-0.152358,-2.651894,,,,,,
sample,396,drone,,9.899783,6.479944,1.274421,1.739113,-1.373132,-0.738624,0.325652,2.038536,0.821422,-0.171377,-2.648077,,,,,,
sample,397,drone,,9.924783,6.446254,1.256213,1.747200,-1.320905,-0.717299,0.321130,2.139681,0.884631,-0.190397,-2.644112,,,,,,
sample,398,drone,,9.949782,6.413901,1.238557,1.755169,-1.266150,-0.694394,0.316132,2.240825,0.947839,-0.209416,-2.639956,,,,,,
sample,399,drone,,9.974782,6.382948,1.221494,1.763007,-1.208866,-0.669908,0.310659,2.341970,1.011048,-0.228435,-2.635559,,,,,,
sample,400,drone,,9.999781,6.353459,1.205062,1.770701,-1.149054,-0.643842,0.304711,2.443115,1.074257,-0.247454,-2.630858,,,,,,
sample,401,drone,,10.024781,6.325496,1.189302,1.778242,-1.086713,-0.616196,0.298287,2.544260,1.137466,-0.266473,-2.625770,,,,,,
sample,402,drone,,10.049780,6.299124,1.174253,1.785616,-1.021844,-0.586970,0.291387,2.645404,1.200675,-0.285493,-2.620192,,,,,,
sample,403,drone,,10.074779,6.274405,1.159955,1.792811,-0.954446,-0.556164,0.284012,2.746549,1.263883,-0.304512,-2.613984,,,,,,
sample,404,drone,,10.099779,6.251403,1.146446,1.799816,-0.884519,-0.523778,0.276162,2.847694,1.327092,-0.323531,-2.606957,,,,,,
sample,405,drone,,10.124778,6.230180,1.133766,1.806619,-0.812064,-0.489811,0.267836,2.948838,1.390301,-0.342550,-2.598847,,,,,,
sample,406,drone,,10.149778,6.210801,1.121956,1.813207,-0.737081,-0.454264,0.259035,3.049983,1.453510,-0.361570,-2.589273,,,,,,
sample,407,drone,,10.174777,6.193327,1.111054,1.819570,-0.659568,-0.417137,0.249758,3.151128,1.516718,-0.380589,-2.577662,,,,,,
sample,408,drone,,10.199777,6.177823,1.101099,1.825695,-0.579528,-0.378430,0.240006,3.252273,1.579927,-0.399608,-2.563114,,,,,,
sample,409,drone,,10.224776,6.164351,1.092132,1.831570,-0.496958,-0.338142,0.229778,3.353417,1.643136,-0.418627,-2.544126,,,,,,
sample,410,drone,,10.249776,6.152975,1.084193,1.837184,-0.411860,-0.296275,0.219075,3.454562,1.706345,-0.437646,-2.517993,,,,,,
sample,411,drone,,10.274775,6.143759,1.077319,1.842524,-0.324234,-0.252827,0.207896,3.555707,1.769554,-0.456666,-2.479311,,,,,,
sample,412,drone,,10.299775,6.136764,1.071551,1.847578,-0.234079,-0.207799,0.196242,3.656852,1.832762,-0.475685,-2.415598,,,,,,
sample,413,drone,,10.324774,6.132055,1.066929,1.852336,-0.141395,-0.161191,0.184113,3.757996,1.895971,-0.494704,-2.290867,,,,,,
sample,414,drone,,10.349773,6.129694,1.063492,1.856784,-0.046183,-0.113003,0.171508,3.859141,1.959180,-0.513723,-1.958774,,,,,,
sample,415,drone,,10.374773,6.129746,1.061279,1.860911,0.051557,-0.063234,0.158427,3.960286,2.022389,-0.532742,-0.886770,,,,,,
sample,416,drone,,10.399772,6.132272,1.060330,1.864705,0.151827,-0.011885,0.144871,4.040245,2.067372,-0.540110,-0.078123,,,,,,
sample,417,drone,,10.424772,6.137337,1.060685,1.868154,0.253565,0.040132,0.131422,3.811595,1.850332,-0.382551,0.156970,,,,,,
sample,418,drone,,10.449771,6.144950,1.062337,1.871276,0.342402,0.080629,0.125744,3.197873,1.316346,-0.033034,0.231268,,,,,,
sample,419,drone,,10.474771,6.154457,1.064716,1.874441,0.413455,0.105948,0.129771,2.737808,0.933668,0.205527,0.250853,,,,,,
sample,420,drone,,10.499770,6.165623,1.067634,1.877764,0.479290,0.127312,0.136020,2.611774,0.847483,0.247749,0.259630,,,,,,
sample,421,drone,,10.524770,6.178421,1.071082,1.881242,0.544041,0.148321,0.142158,2.568461,0.833335,0.243270,0.266160,,,,,,
sample,422,drone,,10.549769,6.192824,1.075050,1.884872,0.607710,0.168977,0.148183,2.525149,0.819187,0.238791,0.271205,,,,,,
sample,423,drone,,10.574769,6.208806,1.079531,1.888651,0.670296,0.189280,0.154097,2.481836,0.805039,0.234312,0.275217,,,,,,
sample,424,drone,,10.599768,6.226338,1.084514,1.892577,0.731799,0.209229,0.159899,2.438524,0.790891,0.229833,0.278480,,,,,,
sample,425,drone,,10.624767,6.245395,1.089992,1.896646,0.792219,0.228824,0.165588,2.395211,0.776743,0.225355,0.281186,,,,,,
sample,426,drone,,10.649767,6.265948,1.095955,1.900856,0.851557,0.248065,0.171166,2.351899,0.762595,0.220876,0.283463,,,,,,
sample,427,drone,,10.674766,6.287972,1.102395,1.905204,0.909812,0.266952,0.176632,2.308586,0.748447,0.216397,0.285405,,,,,,
sample,428,drone,,10.699766,6.311438,1.109302,1.909687,0.966984,0.285486,0.181986,2.265274,0.734299,0.211918,0.287079,,,,,,
sample,429,drone,,10.724765,6.336320,1.116669,1.914303,1.023073,0.303667,0.187228,2.221961,0.720151,0.207439,0.288535,,,,,,
sample,430,drone,,10.749765,6.362590,1.124485,1.919048,1.078079,0.321493,0.192357,2.178649,0.706003,0.202960,0.289813,,,,,,
sample,431,drone,,10.774764,6.390222,1.132743,1.923921,1.132003,0.338966,0.197375,2.135336,0.691855,0.198481,0.290942,,,,,,
sample,432,drone,,10.799764,6.419189,1.141433,1.928917,1.184844,0.356085,0.202281,2.092023,0.677707,0.194003,0.291946,,,,,,
sample,433,drone,,10.824763,6.449463,1.150547,1.934035,1.236602,0.372851,0.207075,2.048711,0.663559,0.189524,0.292844,,,,,,
sample,434,drone,,10.849763,6.481018,1.160075,1.939271,1.287277,0.389262,0.211757,2.005398,0.649411,0.185045,0.293650,,,,,,
sample,435,drone,,10.874762,6.513826,1.170010,1.944622,1.336870,0.405320,0.216327,1.962086,0.635263,0.180566,0.294377,,,,,,
sample,436,drone,,10.899761,6.547860,1.180341,1.950087,1.385379,0.421025,0.220785,1.918773,0.621115,0.176087,0.295036,,,,,,
sample,437,drone,,10.924761,6.583093,1.191060,1.955661,1.432806,0.436376,0.225132,1.875461,0.606967,0.171608,0.295635,,,,,,
sample,438,drone,,10.949760,6.619499,1.202159,1.961343,1.479150,0.451373,0.229366,1.832148,0.592819,0.167129,0.296181,,,,,,
sample,439,drone,,10.974760,6.657049,1.213629,1.967129,1.524412,0.466016,0.233488,1.788836,0.578672,0.162650,0.296680,,,,,,
sample,440,drone,,10.999759,6.695718,1.225459,1.973017,1.568590,0.480306,0.237498,1.745523,0.564524,0.158172,0.297137,,,,,,
sample,441,drone,,11.024759,6.735477,1.237643,1.979004,1.611686,0.494241,0.241396,1.702211,0.550376,0.153693,0.297557,,,,,,
sample,442,drone,,11.049758,6.776300,1.250171,1.985087,1.653699,0.507824,0.245182,1.658898,0.536228,0.149214,0.297943,,,,,,
sample,443,drone,,11.074758,6.818160,1.263034,1.991263,1.694629,0.521052,0.248857,1.615586,0.522080,0.144735,0.298298,,,,,,
sample,444,drone,,11.099757,6.861030,1.276223,1.997529,1.734476,0.533927,0.252419,1.572273,0.507932,0.140256,0.298626,,,,,,
sample,445,drone,,11.124756,6.904882,1.289730,2.003883,1.773241,0.546448,0.255869,1.528961,0.493784,0.135777,0.298929,,,,,,
sample,446,drone,,11.149756,6.949690,1.303545,2.010322,1.810923,0.558616,0.259208,1.485648,0.479636,0.131298,0.299209,,,,,,
sample,447,drone,,11.174755,6.995426,1.317660,2.016843,1.847522,0.570430,0.262434,1.442336,0.465488,0.126820,0.299468,,,,,,
sample,448,drone,,11.199755,7.042064,1.332066,2.023444,1.883038,0.581890,0.265549,1.399023,0.451340,0.122341,0.299708,,,,,,
sample,449,drone,,11.224754,7.089576,1.346754,2.030121,1.917471,0.592996,0.268551,1.355711,0.437192,0.117862,0.299930,,,,,,
sample,450,drone,,11.249754,7.137935,1.361715,2.036871,1.950822,0.603749,0.271442,1.312398,0.423044,0.113383,0.300135,,,,,,
sample,451,drone,,11.274753,7.187115,1.376940,2.043692,1.983090,0.614148,0.274220,1.269086,0.408896,0.108904,0.300325,,,,,,
sample,452,drone,,11.299753,7.237088,1.392422,2.050582,2.014275,0.624193,0.276887,1.225773,0.394748,0.104425,0.300501,,,,,,
sample,453,drone,,11.324752,7.287826,1.408149,2.057536,2.044377,0.633885,0.279441,1.182460,0.380600,0.099946,0.300663,,,,,,
sample,454,drone,,11.349752,7.339304,1.424115,2.064554,2.073396,0.643223,0.281884,1.139148,0.366452,0.095468,0.300812,,,,,,
sample,455,drone,,11.374751,7.391494,1.440310,2.071630,2.101333,0.652207,0.284215,1.095835,0.352304,0.090989,0.300950,,,,,,
sample,456,drone,,11.399750,7.444369,1.456725,2.078764,2.128187,0.660837,0.286433,1.052523,0.338156,0.086510,0.301077,,,,,,
sample,457,drone,,11.424750,7.497901,1.473351,2.085952,2.153958,0.669114,0.288540,1.009210,0.324008,0.082031,0.301193,,,,,,
sample,458,drone,,11.449749,7.552064,1.490180,2.093191,2.178646,0.677037,0.290535,0.965898,0.309860,0.077552,0.301299,,,,,,
sample,459,drone,,11.474749,7.606831,1.507202,2.100478,2.202252,0.684607,0.292417,0.922585,0.295712,0.073073,0.301396,,,,,,
sample,460,drone,,11.499748,7.662174,1.524409,2.107811,2.224775,0.691823,0.294188,0.879273,0.281564,0.068594,0.301484,,,,,,
sample,461,drone,,11.524748,7.718067,1.541793,2.115187,2.246215,0.698685,0.295847,0.835960,0.267416,0.064116,0.301563,,,,,,
sample,462,drone,,11.549747,7.774483,1.559343,2.122603,2.266572,0.705193,0.297394,0.792648,0.253268,0.059637,0.301634,,,,,,
sample,463,drone,,11.574747,7.831393,1.577051,2.130057,2.285846,0.711348,0.298829,0.749335,0.239120,0.055158,0.301697,,,,,,
sample,464,drone,,11.599746,7.888772,1.594909,2.137544,2.304038,0.717149,0.300152,0.706023,0.224972,0.050679,0.301752,,,,,,
sample,465,drone,,11.624746,7.946593,1.612908,2.145064,2.321147,0.722596,0.301363,0.662710,0.210824,0.046200,0.301800,,,,,,
sample,466,drone,,11.649745,8.004827,1.631038,2.152612,2.337173,0.727690,0.302462,0.619398,0.196676,0.041721,0.301841,,,,,,
sample,467,drone,,11.674744,8.063449,1.649292,2.160187,2.352116,0.732430,0.303449,0.576085,0.182528,0.037242,0.301875,,,,,,
sample,468,drone,,11.699744,8.122430,1.667659,2.167784,2.365976,0.736816,0.304324,0.532773,0.168380,0.032764,0.301902,,,,,,
sample,469,drone,,11.724743,8.181745,1.686132,2.175402,2.378754,0.740849,0.305087,0.489460,0.154232,0.028285,0.301923,,,,,,
sample,470,drone,,11.749743,8.241366,1.704701,2.183038,2.390449,0.744528,0.305738,0.446148,0.140084,0.023806,0.301937,,,,,,
sample,471,drone,,11.774742,8.301265,1.723357,2.190689,2.401061,0.747853,0.306277,0.402835,0.125936,0.019327,0.301944,,,,,,
sample,472,drone,,11.799742,8.361416,1.742093,2.198352,2.410590,0.750824,0.306704,0.359522,0.111788,0.014848,0.301945,,,,,,
sample,473,drone,,11.824741,8.421792,1.760898,2.206024,2.419036,0.753442,0.307020,0.316210,0.097640,0.010369,0.301940,,,,,,
sample,474,drone,,11.849741,8.482365,1.779764,2.213702,2.426400,0.755706,0.307223,0.272897,0.083492,0.005890,0.301929,,,,,,
sample,475,drone,,11.874740,8.543109,1.798682,2.221385,2.432681,0.757617,0.307314,0.229585,0.069344,0.001412,0.301912,,,,,,
sample,476,drone,,11.899740,8.603996,1.817644,2.229068,2.437879,0.759173,0.307293,0.186272,0.055196,-0.003067,0.301889,,,,,,
sample,477,drone,,11.924739,8.665000,1.836640,2.236749,2.441994,0.760376,0.307161,0.142960,0.041048,-0.007546,0.301860,,,,,,
sample,478,drone,,11.949738,8.726094,1.855662,2.244426,2.445027,0.761226,0.306916,0.099647,0.026900,-0.012025,0.301824,,,,,,
sample,479,drone,,11.974738,8.787249,1.874701,2.252094,2.446977,0.761721,0.306560,0.056335,0.012752,-0.016504,0.301783,,,,,,
sample,480,drone,,11.999737,8.848440,1.893747,2.259753,2.447844,0.761863,0.306091,0.013022,-0.001396,-0.020983,0.301735,,,,,,
sample,481,drone,,12.024737,8.909639,1.912793,2.267399,2.447628,0.761651,0.305510,-0.030290,-0.015544,-0.025462,0.301681,,,,,,
sample,482,drone,,12.049736,8.970818,1.931829,2.275028,2.446329,0.761086,0.304818,-0.073603,-0.029692,-0.029940,0.301621,,,,,,
sample,483,drone,,12.074736,9.031952,1.950846,2.282639,2.443948,0.760167,0.304013,-0.116915,-0.043840,-0.034419,0.301555,,,,,,
sample,484,drone,,12.099735,9.093013,1.969836,2.290229,2.440483,0.758894,0.303097,-0.160228,-0.057988,-0.038898,0.301482,,,,,,
sample,485,drone,,12.124735,9.153974,1.988790,2.297794,2.435936,0.757268,0.302069,-0.203540,-0.072136,-0.043377,0.301402,,,,,,
sample,486,drone,,12.149734,9.214807,2.007699,2.305332,2.430307,0.755287,0.300928,-0.246853,-0.086284,-0.047856,0.301316,,,,,,
sample,487,drone,,12.174734,9.275486,2.026554,2.312840,2.423594,0.752953,0.299676,-0.290165,-0.100432,-0.052335,0.301223,,,,,,
sample,488,drone,,12.199733,9.335984,2.045346,2.320315,2.415799,0.750266,0.298311,-0.333478,-0.114580,-0.056814,0.301122,,,,,,
sample,489,drone,,12.224732,9.396274,2.064066,2.327755,2.406921,0.747225,0.296835,-0.376790,-0.128728,-0.061292,0.301015,,,,,,
sample,490,drone,,12.249732,9.456328,2.082706,2.335157,2.396960,0.743830,0.295247,-0.420103,-0.142876,-0.065771,0.300900,,,,,,
sample,491,drone,,12.274731,9.516119,2.101257,2.342517,2.385916,0.740081,0.293547,-0.463415,-0.157024,-0.070250,0.300777,,,,,,
sample,492,drone,,12.299731,9.575621,2.119709,2.349834,2.373789,0.735979,0.291734,-0.506728,-0.171172,-0.074729,0.300646,,,,,,
sample,493,drone,,12.324730,9.634806,2.138055,2.357104,2.360580,0.731523,0.289810,-0.550041,-0.185320,-0.079208,0.300506,,,,,,
sample,494,drone,,12.349730,9.693647,2.156285,2.364324,2.346288,0.726713,0.287774,-0.593353,-0.199468,-0.083687,0.300358,,,,,,
sample,495,drone,,12.374729,9.752118,2.174390,2.371492,2.330913,0.721549,0.285626,-0.636666,-0.213616,-0.088166,0.300201,,,,,,
sample,496,drone,,12.399729,9.810190,2.192361,2.378605,2.314455,0.716032,0.283366,-0.679978,-0.227764,-0.092644,0.300034,,,,,,
sample,497,drone,,12.424728,9.867838,2.210191,2.385660,2.296915,0.710161,0.280994,-0.723291,-0.241912,-0.097123,0.299858,,,,,,
sample,498,drone,,12.449727,9.925034,2.227869,2.392654,2.278292,0.703937,0.278510,-0.766603,-0.256060,-0.101602,0.299671,,,,,,
sample,499,drone,,12.474727,9.981750,2.245387,2.399585,2.258586,0.697359,0.275914,-0.809916,-0.270208,-0.106081,0.299473,,,,,,
sample,500,drone,,12.499726,10.037960,2.262736,2.406450,2.237797,0.690427,0.273206,-0.853228,-0.284356,-0.110560,0.299264,,,,,,
sample,501,drone,,12.524726,10.093638,2.279907,2.413245,2.215925,0.683141,0.270386,-0.896541,-0.298504,-0.115039,0.299042,,,,,,
sample,502,drone,,12.549725,10.148754,2.296892,2.419969,2.192971,0.675502,0.267454,-0.939853,-0.312652,-0.119518,0.298808,,,,,,
sample,503,drone,,12.574725,10.203284,2.313682,2.426618,2.168933,0.667509,0.264410,-0.983166,-0.326800,-0.123996,0.298560,,,,,,
sample,504,drone,,12.599724,10.257199,2.330267,2.433189,2.143813,0.659162,0.261254,-1.026478,-0.340948,-0.128475,0.298298,,,,,,
sample,505,drone,,12.624724,10.310472,2.346639,2.439680,2.117611,0.650462,0.257987,-1.069791,-0.355096,-0.132954,0.298020,,,,,,
sample,506,drone,,12.649723,10.363077,2.362789,2.446088,2.090325,0.641408,0.254607,-1.113103,-0.369244,-0.137433,0.297726,,,,,,
sample,507,drone,,12.674723,10.414986,2.378709,2.452410,2.061957,0.632000,0.251115,-1.156416,-0.383392,-0.141912,0.297414,,,,,,
sample,508,drone,,12.699722,10.466172,2.394389,2.458643,2.032506,0.622239,0.247511,-1.199728,-0.397540,-0.146391,0.297084,,,,,,
sample,509,drone,,12.724721,10.516609,2.409820,2.464785,2.001972,0.612124,0.243796,-1.243041,-0.411687,-0.150870,0.296733,,,,,,
sample,510,drone,,12.749721,10.566269,2.424994,2.470833,1.970355,0.601655,0.239968,-1.286353,-0.425835,-0.155349,0.296361,,,,,,
sample,511,drone,,12.774720,10.615125,2.439902,2.476783,1.937655,0.590832,0.236029,-1.329666,-0.439983,-0.159827,0.295966,,,,,,
sample,512,drone,,12.799720,10.663149,2.454535,2.482634,1.903873,0.579656,0.231977,-1.372978,-0.454131,-0.164306,0.295545,,,,,,
sample,513,drone,,12.824719,10.710316,2.468884,2.488382,1.869008,0.568126,0.227813,-1.416291,-0.468279,-0.168785,0.295097,,,,,,
sample,514,drone,,12.849719,10.756598,2.482941,2.494025,1.833060,0.556243,0.223538,-1.459604,-0.482427,-0.173264,0.294619,,,,,,
sample,515,drone,,12.874718,10.801967,2.496696,2.499559,1.796029,0.544006,0.219150,-1.502916,-0.496575,-0.177743,0.294109,,,,,,
sample,516,drone,,12.899718,10.846397,2.510140,2.504982,1.757916,0.531415,0.214651,-1.546229,-0.510723,-0.182222,0.293564,,,,,,
sample,517,drone,,12.924717,10.889861,2.523266,2.510291,1.718720,0.518470,0.210040,-1.589541,-0.524871,-0.186701,0.292980,,,,,,
sample,518,drone,,12.949717,10.932331,2.536063,2.515484,1.678441,0.505172,0.205316,-1.632854,-0.539019,-0.191179,0.292353,,,,,,
sample,519,drone,,12.974716,10.973781,2.548524,2.520557,1.637079,0.491520,0.200481,-1.676166,-0.553167,-0.195658,0.291679,,,,,,
sample,520,drone,,12.999715,11.014184,2.560639,2.525507,1.594634,0.477514,0.195533,-1.719479,-0.567315,-0.200137,0.290952,,,,,,
sample,521,drone,,13.024715,11.053511,2.572399,2.530333,1.551107,0.463154,0.190474,-1.762791,-0.581463,-0.204616,0.290168,,,,,,
sample,522,drone,,13.049714,11.091737,2.583796,2.535031,1.506496,0.448441,0.185303,-1.806104,-0.595611,-0.209095,0.289319,,,,,,
sample,523,drone,,13.074714,11.128834,2.594821,2.539598,1.460803,0.433374,0.180020,-1.849416,-0.609759,-0.213574,0.288398,,,,,,
sample,524,drone,,13.099713,11.164776,2.605464,2.544032,1.414028,0.417954,0.174624,-1.892729,-0.623907,-0.218053,0.287394,,,,,,
sample,525,drone,,13.124713,11.199534,2.615718,2.548329,1.366169,0.402180,0.169117,-1.936041,-0.638055,-0.222531,0.286298,,,,,,
sample,526,drone,,13.149712,11.233083,2.625573,2.552487,1.317228,0.386052,0.163498,-1.979354,-0.652203,-0.227010,0.285095,,,,,,
sample,527,drone,,13.174712,11.265394,2.635020,2.556504,1.267204,0.369570,0.157767,-2.022666,-0.666351,-0.231489,0.283772,,,,,,
sample,528,drone,,13.199711,11.296441,2.644051,2.560376,1.216097,0.352735,0.151924,-2.065979,-0.680499,-0.235968,0.282308,,,,,,
sample,529,drone,,13.224711,11.326198,2.652657,2.564100,1.163907,0.335546,0.145969,-2.109291,-0.694647,-0.240447,0.280682,,,,,,
sample,530,drone,,13.249710,11.354636,2.660828,2.567674,1.110634,0.318003,0.139902,-2.152604,-0.708795,-0.244926,0.278865,,,,,,
sample,531,drone,,13.274709,11.381728,2.668556,2.571095,1.056279,0.300107,0.133723,-2.195916,-0.722943,-0.249405,0.276823,,,,,,
sample,532,drone,,13.299709,11.407448,2.675833,2.574360,1.000841,0.281857,0.127432,-2.239229,-0.737091,-0.253883,0.274511,,,,,,
sample,533,drone,,13.324708,11.431769,2.682649,2.577466,0.944320,0.263253,0.121029,-2.282541,-0.751239,-0.258362,0.271873,,,,,,
sample,534,drone,,13.349708,11.454663,2.688995,2.580411,0.886716,0.244296,0.114514,-2.325854,-0.765387,-0.262841,0.268837,,,,,,
sample,535,drone,,13.374707,11.476104,2.694863,2.583192,0.828030,0.224985,0.107887,-2.369167,-0.779535,-0.267320,0.265306,,,,,,
sample,536,drone,,13.399707,11.496064,2.700244,2.585805,0.768261,0.205320,0.101148,-2.412479,-0.793683,-0.271799,0.261150,,,,,,
sample,537,drone,,13.424706,11.514516,2.705129,2.588249,0.707409,0.185302,0.094298,-2.455792,-0.807831,-0.276278,0.256188,,,,,,
sample,538,drone,,13.449706,11.531434,2.709509,2.590520,0.645474,0.164929,0.087335,-2.499104,-0.821979,-0.280757,0.250164,,,,,,
sample,539,drone,,13.474705,11.546789,2.713375,2.592616,0.582456,0.144204,0.080260,-2.542417,-0.836127,-0.285235,0.242698,,,,,,
sample,540,drone,,13.499705,11.560556,2.716719,2.594533,0.518356,0.123124,0.073073,-2.585729,-0.850275,-0.289714,0.233206,,,,,,
sample,541,drone,,13.524704,11.572706,2.719532,2.596269,0.453172,0.101691,0.065775,-2.629042,-0.864423,-0.294193,0.220741,,,,,,
sample,542,drone,,13.549703,11.583214,2.721804,2.597822,0.386906,0.079904,0.058364,-2.672354,-0.878571,-0.298672,0.203656,,,,,,
sample,543,drone,,13.574703,11.592051,2.723527,2.599187,0.319558,0.057763,0.050841,-2.715667,-0.892719,-0.303151,0.178829,,,,,,
sample,544,drone,,13.599702,11.599191,2.724692,2.600364,0.251126,0.035269,0.043207,-2.758979,-0.906867,-0.307630,0.139530,,,,,,
sample,545,drone,,13.624702,11.604607,2.725290,2.601348,0.181612,0.012421,0.035460,-2.802292,-0.921015,-0.312109,0.068285,,,,,,
sample,546,drone,,13.649701,11.608272,2.725313,2.602137,0.111015,-0.010781,0.027602,-2.845604,-0.935163,-0.316587,-0.096810,,,,,,
sample,547,drone,,13.674701,11.610158,2.724751,2.602728,0.039335,-0.034336,0.019631,-2.888917,-0.949311,-0.321066,-0.717656,,,,,,
sample,548,drone,,13.699700,11.610238,2.723596,2.603118,-0.033428,-0.058245,0.011549,-2.932229,-0.963459,-0.325545,-2.091817,,,,,,
sample,549,drone,,13.724700,11.608486,2.721839,2.603305,-0.107274,-0.082508,0.003354,-2.968109,-0.975830,-0.329316,-2.485955,,,,,,
sample,550,drone,,13.749699,11.604875,2.719471,2.603286,-0.181830,-0.107036,-0.004917,-2.737323,-0.924075,-0.307647,-2.609554,,,,,,
sample,551,drone,,13.774698,11.599395,2.716487,2.603059,-0.244137,-0.128711,-0.012028,-2.116109,-0.777149,-0.248548,-2.656416,,,,,,
sample,552,drone,,13.799698,11.592668,2.713035,2.602685,-0.287633,-0.145893,-0.017344,-1.608804,-0.654733,-0.199912,-2.672188,,,,,,
sample,553,drone,,13.824697,11.585014,2.709193,2.602192,-0.324575,-0.161447,-0.022023,-1.471095,-0.619225,-0.186259,-2.680019,,,,,,
sample,554,drone,,13.849697,11.576440,2.704963,2.601583,-0.361187,-0.176853,-0.026657,-1.457878,-0.613294,-0.184433,-2.686264,,,,,,
sample,555,drone,,13.874696,11.566955,2.700350,2.600859,-0.397468,-0.192111,-0.031245,-1.444662,-0.607364,-0.182607,-2.691364,,,,,,
sample,556,drone,,13.899696,11.556567,2.695358,2.600021,-0.433418,-0.207221,-0.035787,-1.431445,-0.601434,-0.180781,-2.695612,,,,,,
sample,557,drone,,13.924695,11.545284,2.689989,2.599070,-0.469038,-0.222182,-0.040283,-1.418229,-0.595504,-0.178956,-2.699208,,,,,,
sample,558,drone,,13.949695,11.533116,2.684249,2.598007,-0.504328,-0.236995,-0.044734,-1.405012,-0.589573,-0.177130,-2.702295,,,,,,
sample,559,drone,,13.974694,11.520069,2.678140,2.596833,-0.539287,-0.251660,-0.049140,-1.391796,-0.583643,-0.175304,-2.704977,,,,,,
sample,560,drone,,13.999694,11.506152,2.671666,2.595550,-0.573916,-0.266177,-0.053499,-1.378579,-0.577713,-0.173478,-2.707330,,,,,,
sample,561,drone,,14.024693,11.491373,2.664831,2.594158,-0.608215,-0.280545,-0.057813,-1.365363,-0.571782,-0.171652,-2.709415,,,,,,
sample,562,drone,,14.049692,11.475742,2.657639,2.592660,-0.642183,-0.294765,-0.062082,-1.352146,-0.565852,-0.169826,-2.711275,,,,,,
sample,563,drone,,14.074692,11.459265,2.650093,2.591054,-0.675821,-0.308837,-0.066305,-1.338930,-0.559922,-0.168000,-2.712949,,,,,,
sample,564,drone,,14.099691,11.441951,2.642198,2.589344,-0.709128,-0.322761,-0.070482,-1.325713,-0.553992,-0.166174,-2.714463,,,,,,
sample,565,drone,,14.124691,11.423809,2.633956,2.587530,-0.742105,-0.336536,-0.074613,-1.312497,-0.548061,-0.164348,-2.715841,,,,,,
sample,566,drone,,14.149690,11.404847,2.625371,2.585614,-0.774751,-0.350163,-0.078699,-1.299280,-0.542131,-0.162522,-2.717103,,,,,,
sample,567,drone,,14.174690,11.385073,2.616448,2.583596,-0.807067,-0.363642,-0.082739,-1.286064,-0.536201,-0.160696,-2.718263,,,,,,
sample,568,drone,,14.199689,11.364495,2.607190,2.581477,-0.839053,-0.376973,-0.086734,-1.272847,-0.530271,-0.158870,-2.719335,,,,,,
sample,569,drone,,14.224689,11.343121,2.597600,2.579259,-0.870708,-0.390155,-0.090682,-1.259631,-0.524340,-0.157045,-2.720329,,,,,,
sample,570,drone,,14.249688,11.320960,2.587682,2.576943,-0.902033,-0.403189,-0.094586,-1.246414,-0.518410,-0.155219,-2.721255,,,,,,
sample,571,drone,,14.274688,11.298020,2.577441,2.574530,-0.933028,-0.416075,-0.098443,-1.233198,-0.512480,-0.153393,-2.722120,,,,,,
sample,572,drone,,14.299687,11.274310,2.566879,2.572021,-0.963692,-0.428812,-0.102255,-1.219981,-0.506550,-0.151567,-2.722931,,,,,,
sample,573,drone,,14.324686,11.249837,2.556001,2.569417,-0.994025,-0.441402,-0.106021,-1.206765,-0.500619,-0.149741,-2.723694,,,,,,
sample,574,drone,,14.349686,11.224610,2.544809,2.566720,-1.024029,-0.453843,-0.109742,-1.193548,-0.494689,-0.147915,-2.724413,,,,,,
sample,575,drone,,14.374685,11.198636,2.533309,2.563930,-1.053701,-0.466136,-0.113417,-1.180332,-0.488759,-0.146089,-2.725094,,,,,,
sample,576,drone,,14.399685,11.171926,2.521503,2.561049,-1.083044,-0.478280,-0.117046,-1.167115,-0.482828,-0.144263,-2.725740,,,,,,
sample,577,drone,,14.424684,11.144485,2.509395,2.558078,-1.112056,-0.490277,-0.120630,-1.153899,-0.476898,-0.142437,-2.726354,,,,,,
sample,578,drone,,14.449684,11.116324,2.496990,2.555018,-1.140738,-0.502125,-0.124168,-1.140682,-0.470968,-0.140611,-2.726939,,,,,,
sample,579,drone,,14.474683,11.087450,2.484290,2.551870,-1.169089,-0.513824,-0.127660,-1.127466,-0.465038,-0.138785,-2.727498,,,,,,
sample,580,drone,,14.499683,11.057871,2.471299,2.548635,-1.197110,-0.525376,-0.131107,-1.114249,-0.459107,-0.136959,-2.728033,,,,,,
sample,581,drone,,14.524682,11.027596,2.458022,2.545315,-1.224800,-0.536779,-0.134508,-1.101033,-0.453177,-0.135134,-2.728546,,,,,,
sample,582,drone,,14.549682,10.996632,2.444461,2.541910,-1.252160,-0.548034,-0.137864,-1.087816,-0.447247,-0.133308,-2.729039,,,,,,
sample,583,drone,,14.574681,10.964989,2.430620,2.538422,-1.279190,-0.559141,-0.141173,-1.074600,-0.441317,-0.131482,-2.729513,,,,,,
sample,584,drone,,14.599680,10.932674,2.416504,2.534851,-1.305889,-0.570100,-0.144438,-1.061383,-0.435386,-0.129656,-2.729971,,,,,,
sample,585,drone,,14.624680,10.899696,2.402116,2.531200,-1.332258,-0.580910,-0.147656,-1.048167,-0.429456,-0.127830,-2.730413,,,,,,
sample,586,drone,,14.649679,10.866063,2.387459,2.527469,-1.358296,-0.591572,-0.150829,-1.034950,-0.423526,-0.126004,-2.730841,,,,,,
sample,587,drone,,14.674679,10.831783,2.372538,2.523659,-1.384004,-0.602086,-0.153956,-1.021734,-0.417596,-0.124178,-2.731256,,,,,,
sample,588,drone,,14.699678,10.796864,2.357356,2.519771,-1.409382,-0.612451,-0.157038,-1.008517,-0.411665,-0.122352,-2.731658,,,,,,
sample,589,drone,,14.724678,10.761315,2.341916,2.515807,-1.434429,-0.622669,-0.160074,-0.995301,-0.405735,-0.120526,-2.732049,,,,,,
sample,590,drone,,14.749677,10.725144,2.326223,2.511767,-1.459146,-0.632738,-0.163064,-0.982084,-0.399805,-0.118700,-2.732430,,,,,,
sample,591,drone,,14.774677,10.688359,2.310280,2.507654,-1.483532,-0.642658,-0.166008,-0.968868,-0.393874,-0.116874,-2.732801,,,,,,
sample,592,drone,,14.799676,10.650969,2.294091,2.503467,-1.507588,-0.652431,-0.168907,-0.955651,-0.387944,-0.115048,-2.733164,,,,,,
sample,593,drone,,14.824676,10.612982,2.277659,2.499209,-1.531313,-0.662055,-0.171761,-0.942435,-0.382014,-0.113223,-2.733517,,,,,,
sample,594,drone,,14.849675,10.574405,2.260989,2.494879,-1.554709,-0.671531,-0.174568,-0.929218,-0.376084,-0.111397,-2.733864,,,,,,
sample,595,drone,,14.874674,10.535248,2.244083,2.490480,-1.577773,-0.680859,-0.177330,-0.916002,-0.370153,-0.109571,-2.734203,,,,,,
sample,596,drone,,14.899674,10.495518,2.226947,2.486013,-1.600508,-0.690039,-0.180047,-0.902785,-0.364223,-0.107745,-2.734535,,,,,,
sample,597,drone,,14.924673,10.455224,2.209582,2.481478,-1.622912,-0.699070,-0.182718,-0.889569,-0.358293,-0.105919,-2.734861,,,,,,
sample,598,drone,,14.949673,10.414374,2.191994,2.476877,-1.644985,-0.707953,-0.185343,-0.876352,-0.352363,-0.104093,-2.735182,,,,,,
sample,599,drone,,14.974672,10.372977,2.174185,2.472211,-1.666728,-0.716688,-0.187922,-0.863136,-0.346432,-0.102267,-2.735497,,,,,,
sample,600,drone,,14.999672,10.331040,2.156160,2.467481,-1.688141,-0.725274,-0.190456,-0.849919,-0.340502,-0.100441,-2.735808,,,,,,
sample,601,drone,,15.024671,10.288572,2.137922,2.462689,-1.709223,-0.733712,-0.192944,-0.836703,-0.334572,-0.098615,-2.736114,,,,,,
sample,602,drone,,15.049671,10.245581,2.119475,2.457834,-1.729975,-0.742002,-0.195387,-0.823486,-0.328642,-0.096789,-2.736416,,,,,,
sample,603,drone,,15.074670,10.202075,2.100823,2.452920,-1.750397,-0.750144,-0.197783,-0.810270,-0.322711,-0.094963,-2.736713,,,,,,
sample,604,drone,,15.099669,10.158063,2.081969,2.447945,-1.770488,-0.758137,-0.200135,-0.797053,-0.316781,-0.093137,-2.737008,,,,,,
sample,605,drone,,15.124669,10.113552,2.062917,2.442913,-1.790249,-0.765983,-0.202440,-0.783837,-0.310851,-0.091312,-2.737299,,,,,,
sample,606,drone,,15.149668,10.068552,2.043671,2.437824,-1.809679,-0.773680,-0.204700,-0.770620,-0.304920,-0.089486,-2.737587,,,,,,
sample,607,drone,,15.174668,10.023070,2.024234,2.432678,-1.828779,-0.781228,-0.206914,-0.757404,-0.298990,-0.087660,-2.737872,,,,,,
sample,608,drone,,15.199667,9.977115,2.004610,2.427478,-1.847548,-0.788629,-0.209083,-0.744187,-0.293060,-0.085834,-2.738155,,,,,,
sample,609,drone,,15.224667,9.930695,1.984803,2.422224,-1.865987,-0.795881,-0.211206,-0.730971,-0.287130,-0.084008,-2.738435,,,,,,
sample,610,drone,,15.249666,9.883818,1.964817,2.416918,-1.884096,-0.802985,-0.213283,-0.717754,-0.281199,-0.082182,-2.738714,,,,,,
sample,611,drone,,15.274666,9.836492,1.944655,2.411561,-1.901874,-0.809941,-0.215315,-0.704538,-0.275269,-0.080356,-2.738990,,,,,,
sample,612,drone,,15.299665,9.788726,1.924321,2.406153,-1.919322,-0.816748,-0.217301,-0.691321,-0.269339,-0.078530,-2.739265,,,,,,
sample,613,drone,,15.324665,9.740528,1.903818,2.400696,-1.936440,-0.823407,-0.219241,-0.678105,-0.263409,-0.076704,-2.739538,,,,,,
sample,614,drone,,15.349664,9.691906,1.883151,2.395191,-1.953227,-0.829918,-0.221136,-0.664888,-0.257478,-0.074878,-2.739810,,,,,,
sample,615,drone,,15.374663,9.642869,1.862323,2.389639,-1.969683,-0.836281,-0.222985,-0.651672,-0.251548,-0.073052,-2.740081,,,,,,
sample,616,drone,,15.399663,9.593424,1.841338,2.384042,-1.985809,-0.842495,-0.224789,-0.638455,-0.245618,-0.071226,-2.740351,,,,,,
sample,617,drone,,15.424662,9.543581,1.820200,2.378400,-2.001605,-0.848562,-0.226546,-0.625239,-0.239688,-0.069401,-2.740620,,,,,,
sample,618,drone,,15.449662,9.493346,1.798911,2.372715,-2.017071,-0.854480,-0.228259,-0.612022,-0.233757,-0.067575,-2.740888,,,,,,
sample,619,drone,,15.474661,9.442729,1.777477,2.366987,-2.032206,-0.860249,-0.229925,-0.598806,-0.227827,-0.065749,-2.741156,,,,,,
sample,620,drone,,15.499661,9.391738,1.755900,2.361219,-2.047010,-0.865871,-0.231546,-0.585589,-0.221897,-0.063923,-2.741423,,,,,,
sample,621,drone,,15.524660,9.340381,1.734184,2.355410,-2.061485,-0.871344,-0.233121,-0.572373,-0.215966,-0.062097,-2.741691,,,,,,
sample,622,drone,,15.549660,9.288666,1.712333,2.349563,-2.075628,-0.876669,-0.234651,-0.559156,-0.210036,-0.060271,-2.741958,,,,,,
sample,623,drone,,15.574659,9.236602,1.690351,2.343678,-2.089442,-0.881845,-0.236135,-0.545940,-0.204106,-0.058445,-2.742225,,,,,,
sample,624,drone,,15.599659,9.184196,1.668242,2.337756,-2.102925,-0.886874,-0.237573,-0.532723,-0.198176,-0.056619,-2.742492,,,,,,
sample,625,drone,,15.624658,9.131458,1.646009,2.331800,-2.116077,-0.891754,-0.238966,-0.519507,-0.192245,-0.054793,-2.742760,,,,,,
sample,626,drone,,15.649657,9.078395,1.623655,2.325808,-2.128900,-0.896486,-0.240312,-0.506290,-0.186315,-0.052967,-2.743027,,,,,,
sample,627,drone,,15.674657,9.025015,1.601185,2.319784,-2.141391,-0.901070,-0.241614,-0.493074,-0.180385,-0.051141,-2.743296,,,,,,
sample,628,drone,,15.699656,8.971328,1.578603,2.313728,-2.153553,-0.905505,-0.242870,-0.479858,-0.174455,-0.049315,-2.743565,,,,,,
sample,629,drone,,15.724656,8.917340,1.555911,2.307641,-2.165384,-0.909792,-0.244080,-0.466641,-0.168524,-0.047489,-2.743835,,,,,,
sample,630,drone,,15.749655,8.863061,1.533114,2.301524,-2.176884,-0.913931,-0.245244,-0.453425,-0.162594,-0.045664,-2.744105,,,,,,
sample,631,drone,,15.774655,8.808498,1.510216,2.295379,-2.188054,-0.917922,-0.246363,-0.440208,-0.156664,-0.043838,-2.744377,,,,,,
sample,632,drone,,15.799654,8.753661,1.487219,2.289206,-2.198894,-0.921764,-0.247436,-0.426992,-0.150734,-0.042012,-2.744650,,,,,,
sample,633,drone,,15.824654,8.698556,1.464128,2.283008,-2.209404,-0.925458,-0.248463,-0.413775,-0.144803,-0.040186,-2.744924,,,,,,
sample,634,drone,,15.849653,8.643193,1.440947,2.276784,-2.219583,-0.929004,-0.249445,-0.400559,-0.138873,-0.038360,-2.745199,,,,,,
sample,635,drone,,15.874653,8.587579,1.417679,2.270536,-2.229431,-0.932402,-0.250381,-0.387342,-0.132943,-0.036534,-2.745475,,,,,,
sample,636,drone,,15.899652,8.531724,1.394328,2.264265,-2.238949,-0.935651,-0.251272,-0.374126,-0.127012,-0.034708,-2.745753,,,,,,
sample,637,drone,,15.924651,8.475634,1.370898,2.257972,-2.248137,-0.938752,-0.252117,-0.360909,-0.121082,-0.032882,-2.746033,,,,,,
sample,638,drone,,15.949651,8.419319,1.347392,2.251659,-2.256994,-0.941705,-0.252916,-0.347693,-0.115152,-0.031056,-2.746314,,,,,,
sample,639,drone,,15.974650,8.362787,1.323814,2.245327,-2.265521,-0.944510,-0.253669,-0.334476,-0.109222,-0.029230,-2.746598,,,,,,
sample,640,drone,,15.999650,8.306046,1.300167,2.238976,-2.273718,-0.947166,-0.254377,-0.321260,-0.103291,-0.027404,-2.746883,,,,,,
sample,641,drone,,16.024649,8.249104,1.276456,2.232608,-2.281584,-0.949674,-0.255039,-0.308043,-0.097361,-0.025578,-2.747170,,,,,,
sample,642,drone,,16.049649,8.191969,1.252685,2.226224,-2.289120,-0.952034,-0.255656,-0.294827,-0.091431,-0.023753,-2.747459,,,,,,
sample,643,drone,,16.074648,8.134650,1.228856,2.219826,-2.296325,-0.954245,-0.256227,-0.281610,-0.085501,-0.021927,-2.747751,,,,,,
sample,644,drone,,16.099648,8.077155,1.204973,2.213413,-2.303200,-0.956309,-0.256752,-0.268394,-0.079570,-0.020101,-2.748044,,,,,,
sample,645,drone,,16.124647,8.019493,1.181041,2.206988,-2.309744,-0.958224,-0.257232,-0.255177,-0.073640,-0.018275,-2.748341,,,,,,
sample,646,drone,,16.149647,7.961671,1.157063,2.200552,-2.315958,-0.959991,-0.257666,-0.241961,-0.067710,-0.016449,-2.748640,,,,,,
sample,647,drone,,16.174646,7.903697,1.133043,2.194105,-2.321842,-0.961609,-0.258055,-0.228744,-0.061780,-0.014623,-2.748941,,,,,,
sample,648,drone,,16.199645,7.845581,1.108984,2.187649,-2.327395,-0.963080,-0.258397,-0.215528,-0.055849,-0.012797,-2.749245,,,,,,
sample,649,drone,,16.224645,7.787330,1.084890,2.181186,-2.332618,-0.964402,-0.258694,-0.202311,-0.049919,-0.010971,-2.749553,,,,,,
sample,650,drone,,16.249644,7.728953,1.060765,2.174715,-2.337511,-0.965576,-0.258946,-0.189095,-0.043989,-0.009145,-2.749863,,,,,,
sample,651,drone,,16.274644,7.670457,1.036612,2.168239,-2.342073,-0.966601,-0.259152,-0.175878,-0.038058,-0.007319,-2.750176,,,,,,
sample,652,drone,,16.299643,7.611852,1.012436,2.161758,-2.346304,-0.967478,-0.259312,-0.162662,-0.032128,-0.005493,-2.750493,,,,,,
sample,653,drone,,16.324643,7.553144,0.988239,2.155273,-2.350206,-0.968207,-0.259426,-0.149445,-0.026198,-0.003667,-2.750813,,,,,,
sample,654,drone,,16.349642,7.494344,0.964026,2.148787,-2.353776,-0.968788,-0.259495,-0.136229,-0.020268,-0.001842,-2.751136,,,,,,
sample,655,drone,,16.374642,7.435458,0.939801,2.142299,-2.357017,-0.969221,-0.259518,-0.123012,-0.014337,-0.000016,-2.751463,,,,,,
sample,656,drone,,16.399641,7.376496,0.915566,2.135811,-2.359927,-0.969505,-0.259496,-0.109796,-0.008407,0.001810,-2.751794,,,,,,
sample,657,drone,,16.424640,7.317464,0.891327,2.129324,-2.362506,-0.969641,-0.259428,-0.096579,-0.002477,0.003636,-2.752128,,,,,,
sample,658,drone,,16.449640,7.258373,0.867085,2.122840,-2.364756,-0.969629,-0.259314,-0.083363,0.003453,0.005462,-2.752467,,,,,,
sample,659,drone,,16.474639,7.199229,0.842846,2.116359,-2.366675,-0.969468,-0.259155,-0.070146,0.009384,0.007288,-2.752809,,,,,,
sample,660,drone,,16.499639,7.140042,0.818613,2.109883,-2.368263,-0.969160,-0.258950,-0.056930,0.015314,0.009114,-2.753156,,,,,,
sample,661,drone,,16.524638,7.080819,0.794389,2.103412,-2.369521,-0.968703,-0.258699,-0.043713,0.021244,0.010940,-2.753508,,,,,,
sample,662,drone,,16.549638,7.021568,0.770179,2.096948,-2.370449,-0.968098,-0.258403,-0.030497,0.027174,0.012766,-2.753864,,,,,,
sample,663,drone,,16.574637,6.962299,0.745986,2.090492,-2.371046,-0.967344,-0.258061,-0.017280,0.033105,0.014592,-2.754224,,,,,,
sample,664,drone,,16.599637,6.903019,0.721813,2.084045,-2.371313,-0.966442,-0.257673,-0.004064,0.039035,0.016418,-2.754590,,,,,,
sample,665,drone,,16.624636,6.843736,0.697664,2.077609,-2.371249,-0.965392,-0.257240,0.009153,0.044965,0.018244,-2.754960,,,,,,
sample,666,drone,,16.649636,6.784459,0.673544,2.071183,-2.370855,-0.964194,-0.256761,0.022369,0.050896,0.020069,-2.755336,,,,,,
sample,667,drone,,16.674635,6.725196,0.649456,2.064771,-2.370130,-0.962848,-0.256236,0.035586,0.056826,0.021895,-2.755716,,,,,,
sample,668,drone,,16.699634,6.665955,0.625403,2.058372,-2.369076,-0.961353,-0.255666,0.048802,0.062756,0.023721,-2.756103,,,,,,
sample,669,drone,,16.724634,6.606744,0.601389,2.051988,-2.367690,-0.959710,-0.255050,0.062019,0.068686,0.025547,-2.756495,,,,,,
sample,670,drone,,16.749633,6.547573,0.577418,2.045620,-2.365975,-0.957919,-0.254389,0.075235,0.074617,0.027373,-2.756893,,,,,,
sample,671,drone,,16.774633,6.488448,0.553494,2.039269,-2.363929,-0.955979,-0.253682,0.088452,0.080547,0.029199,-2.757297,,,,,,
sample,672,drone,,16.799632,6.429379,0.529621,2.032936,-2.361552,-0.953891,-0.252929,0.101668,0.086477,0.031025,-2.757707,,,,,,
sample,673,drone,,16.824632,6.370373,0.505801,2.026622,-2.358845,-0.951655,-0.252131,0.114885,0.092407,0.032851,-2.758123,,,,,,
sample,674,drone,,16.849631,6.311439,0.482039,2.020330,-2.355808,-0.949271,-0.251287,0.128101,0.098338,0.034677,-2.758546,,,,,,
sample,675,drone,,16.874631,6.252585,0.458338,2.014058,-2.352441,-0.946739,-0.250397,0.141318,0.104268,0.036503,-2.758976,,,,,,
sample,676,drone,,16.899630,6.193820,0.434703,2.007810,-2.348742,-0.944058,-0.249461,0.154534,0.110198,0.038329,-2.759413,,,,,,
sample,677,drone,,16.924630,6.135151,0.411136,2.001586,-2.344714,-0.941229,-0.248480,0.167751,0.116128,0.040155,-2.759858,,,,,,
sample,678,drone,,16.949629,6.076587,0.387643,1.995386,-2.340355,-0.938252,-0.247454,0.180967,0.122059,0.041980,-2.760309,,,,,,
sample,679,drone,,16.974628,6.018136,0.364225,1.989213,-2.335666,-0.935126,-0.246381,0.194184,0.127989,0.043806,-2.760769,,,,,,
sample,680,drone,,16.999628,5.959806,0.340887,1.983067,-2.330646,-0.931852,-0.245263,0.207400,0.133919,0.045632,-2.761237,,,,,,
sample,681,drone,,17.024627,5.901606,0.317633,1.976950,-2.325296,-0.928430,-0.244100,0.220617,0.139850,0.047458,-2.761712,,,,,,
sample,682,drone,,17.049627,5.843544,0.294467,1.970863,-2.319616,-0.924860,-0.242891,0.233833,0.145780,0.049284,-2.762197,,,,,,
sample,683,drone,,17.074626,5.785628,0.271391,1.964806,-2.313605,-0.921141,-0.241636,0.247050,0.151710,0.051110,-2.762690,,,,,,
sample,684,drone,,17.099626,5.727866,0.248411,1.958781,-2.307263,-0.917275,-0.240335,0.260266,0.157640,0.052936,-2.763192,,,,,,
sample,685,drone,,17.124625,5.670267,0.225529,1.952789,-2.300592,-0.913260,-0.238989,0.273483,0.163571,0.054762,-2.763703,,,,,,
sample,686,drone,,17.149625,5.612839,0.202749,1.946832,-2.293590,-0.909096,-0.237597,0.286699,0.169501,0.056588,-2.764225,,,,,,
sample,687,drone,,17.174624,5.555590,0.180075,1.940910,-2.286257,-0.904785,-0.236160,0.299916,0.175431,0.058414,-2.764756,,,,,,
sample,688,drone,,17.199624,5.498529,0.157510,1.935024,-2.278594,-0.900325,-0.234677,0.313132,0.181361,0.060240,-2.765298,,,,,,
sample,689,drone,,17.224623,5.441663,0.135059,1.929176,-2.270601,-0.895717,-0.233148,0.326349,0.187292,0.062066,-2.765850,,,,,,
sample,690,drone,,17.249622,5.385001,0.112726,1.923367,-2.262277,-0.890961,-0.231573,0.339565,0.193222,0.063891,-2.766413,,,,,,
sample,691,drone,,17.274622,5.328552,0.090512,1.917598,-2.253623,-0.886056,-0.229953,0.352782,0.199152,0.065717,-2.766988,,,,,,
sample,692,drone,,17.299621,5.272322,0.068424,1.911870,-2.244638,-0.881003,-0.228288,0.365998,0.205082,0.067543,-2.767575,,,,,,
sample,693,drone,,17.324621,5.216322,0.046463,1.906184,-2.235323,-0.875802,-0.226576,0.379215,0.211013,0.069369,-2.768174,,,,,,
sample,694,drone,,17.349620,5.160559,0.024635,1.900541,-2.225678,-0.870453,-0.224819,0.392431,0.216943,0.071195,-2.768786,,,,,,
sample,695,drone,,17.374620,5.105041,0.002942,1.894943,-2.215702,-0.864955,-0.223016,0.405648,0.222873,0.073021,-2.769411,,,,,,
sample,696,drone,,17.399619,5.049776,-0.018612,1.889391,-2.205396,-0.859309,-0.221168,0.418864,0.228804,0.074847,-2.770050,,,,,,
sample,697,drone,,17.424619,4.994773,-0.040023,1.883885,-2.194759,-0.853515,-0.219274,0.432081,0.234734,0.076673,-2.770702,,,,,,
sample,698,drone,,17.449618,4.940040,-0.061287,1.878427,-2.183792,-0.847573,-0.217335,0.445297,0.240664,0.078499,-2.771370,,,,,,
sample,699,drone,,17.474618,4.885586,-0.082401,1.873018,-2.172495,-0.841482,-0.215349,0.458514,0.246594,0.080325,-2.772052,,,,,,
sample,700,drone,,17.499617,4.831418,-0.103360,1.867660,-2.160867,-0.835243,-0.213318,0.471730,0.252525,0.082151,-2.772751,,,,,,
sample,701,drone,,17.524616,4.777545,-0.124162,1.862353,-2.148909,-0.828856,-0.211242,0.484947,0.258455,0.083977,-2.773465,,,,,,
sample,702,drone,,17.549616,4.723975,-0.144802,1.857098,-2.136621,-0.822321,-0.209120,0.498163,0.264385,0.085802,-2.774197,,,,,,
sample,703,drone,,17.574615,4.670716,-0.165277,1.851897,-2.124001,-0.815637,-0.206952,0.511380,0.270315,0.087628,-2.774946,,,,,,
sample,704,drone,,17.599615,4.617777,-0.185583,1.846751,-2.111052,-0.808805,-0.204738,0.524596,0.276246,0.089454,-2.775714,,,,,,
sample,705,drone,,17.624614,4.565166,-0.205716,1.841660,-2.097772,-0.801825,-0.202479,0.537813,0.282176,0.091280,-2.776501,,,,,,
sample,706,drone,,17.649614,4.512891,-0.225673,1.836627,-2.084162,-0.794697,-0.200174,0.551029,0.288106,0.093106,-2.777308,,,,,,
sample,707,drone,,17.674613,4.460960,-0.245450,1.831652,-2.070221,-0.787420,-0.197824,0.564246,0.294037,0.094932,-2.778135,,,,,,
sample,708,drone,,17.699613,4.409382,-0.265044,1.826736,-2.055950,-0.779995,-0.195428,0.577462,0.299967,0.096758,-2.778984,,,,,,
sample,709,drone,,17.724612,4.358165,-0.284449,1.821881,-2.041349,-0.772422,-0.192986,0.590678,0.305897,0.098584,-2.779855,,,,,,
sample,710,drone,,17.749611,4.307317,-0.303664,1.817087,-2.026417,-0.764701,-0.190499,0.603895,0.311827,0.100410,-2.780749,,,,,,
sample,711,drone,,17.774611,4.256846,-0.322684,1.812356,-2.011155,-0.756831,-0.187966,0.617111,0.317758,0.102236,-2.781668,,,,,,
sample,712,drone,,17.799610,4.206761,-0.341505,1.807689,-1.995562,-0.748813,-0.185387,0.630328,0.323688,0.104062,-2.782612,,,,,,
sample,713,drone,,17.824610,4.157070,-0.360123,1.803087,-1.979639,-0.740647,-0.182763,0.643544,0.329618,0.105888,-2.783583,,,,,,
sample,714,drone,,17.849609,4.107782,-0.378536,1.798551,-1.963386,-0.732333,-0.180093,0.656761,0.335548,0.107713,-2.784581,,,,,,
sample,715,drone,,17.874609,4.058903,-0.396739,1.794082,-1.946802,-0.723870,-0.177377,0.669977,0.341479,0.109539,-2.785608,,,,,,
sample,716,drone,,17.899608,4.010444,-0.414729,1.789682,-1.929888,-0.715259,-0.174616,0.683194,0.347409,0.111365,-2.786665,,,,,,
sample,717,drone,,17.924608,3.962411,-0.432501,1.785352,-1.912643,-0.706500,-0.171809,0.696410,0.353339,0.113191,-2.787754,,,,,,
sample,718,drone,,17.949607,3.914814,-0.450053,1.781092,-1.895068,-0.697593,-0.168957,0.709627,0.359269,0.115017,-2.788876,,,,,,
sample,719,drone,,17.974607,3.867660,-0.467380,1.776904,-1.877162,-0.688537,-0.166058,0.722843,0.365200,0.116843,-2.790033,,,,,,
sample,720,drone,,17.999606,3.820958,-0.484479,1.772789,-1.858926,-0.679333,-0.163115,0.736060,0.371130,0.118669,-2.791226,,,,,,
sample,721,drone,,18.024605,3.774715,-0.501346,1.768748,-1.840360,-0.669981,-0.160125,0.749276,0.377060,0.120495,-2.792457,,,,,,
sample,722,drone,,18.049605,3.728942,-0.517978,1.764783,-1.821463,-0.660481,-0.157090,0.762493,0.382991,0.122321,-2.793729,,,,,,
sample,723,drone,,18.074604,3.683644,-0.534370,1.760894,-1.802236,-0.650832,-0.154009,0.775709,0.388921,0.124147,-2.795042,,,,,,
sample,724,drone,,18.099604,3.638832,-0.550518,1.757083,-1.782679,-0.641035,-0.150883,0.788926,0.394851,0.125973,-2.796399,,,,,,
sample,725,drone,,18.124603,3.594512,-0.566421,1.753350,-1.762791,-0.631090,-0.147711,0.802142,0.400781,0.127799,-2.797803,,,,,,
sample,726,drone,,18.149603,3.550694,-0.582072,1.749697,-1.742573,-0.620996,-0.144493,0.815359,0.406712,0.129624,-2.799256,,,,,,
sample,727,drone,,18.174602,3.507385,-0.597470,1.746126,-1.722024,-0.610755,-0.141230,0.828575,0.412642,0.131450,-2.800761,,,,,,
sample,728,drone,,18.199602,3.464595,-0.612609,1.742636,-1.701145,-0.600365,-0.137921,0.841792,0.418572,0.133276,-2.802321,,,,,,
sample,729,drone,,18.224601,3.422330,-0.627487,1.739230,-1.679935,-0.589826,-0.134566,0.855008,0.424502,0.135102,-2.803938,,,,,,
sample,730,drone,,18.249601,3.380600,-0.642100,1.735908,-1.658395,-0.579140,-0.131166,0.868225,0.430433,0.136928,-2.805615,,,,,,
sample,731,drone,,18.274600,3.339412,-0.656444,1.732672,-1.636525,-0.568305,-0.127720,0.881441,0.436363,0.138754,-2.807358,,,,,,
sample,732,drone,,18.299599,3.298775,-0.670515,1.729522,-1.614324,-0.557322,-0.124228,0.894658,0.442293,0.140580,-2.809168,,,,,,
sample,733,drone,,18.324599,3.258698,-0.684309,1.726460,-1.591793,-0.546191,-0.120691,0.907874,0.448223,0.142406,-2.811052,,,,,,
sample,734,drone,,18.349598,3.219187,-0.697824,1.723488,-1.568931,-0.534912,-0.117108,0.921091,0.454154,0.144232,-2.813012,,,,,,
sample,735,drone,,18.374598,3.180253,-0.711054,1.720605,-1.545739,-0.523484,-0.113479,0.934307,0.460084,0.146058,-2.815054,,,,,,
sample,736,drone,,18.399597,3.141902,-0.723997,1.717814,-1.522217,-0.511908,-0.109805,0.947524,0.466014,0.147884,-2.817182,,,,,,
sample,737,drone,,18.424597,3.104144,-0.736649,1.715115,-1.498364,-0.500184,-0.106085,0.960740,0.471945,0.149710,-2.819404,,,,,,
sample,738,drone,,18.449596,3.066986,-0.749006,1.712510,-1.474181,-0.488311,-0.102320,0.973957,0.477875,0.151535,-2.821725,,,,,,
sample,739,drone,,18.474596,3.030436,-0.761064,1.709999,-1.449667,-0.476291,-0.098509,0.987173,0.483805,0.153361,-2.824152,,,,,,
sample,740,drone,,18.499595,2.994504,-0.772820,1.707584,-1.424823,-0.464122,-0.094652,1.000390,0.489735,0.155187,-2.826692,,,,,,
sample,741,drone,,18.524595,2.959197,-0.784270,1.705266,-1.399649,-0.451804,-0.090750,1.013606,0.495666,0.157013,-2.829353,,,,,,
sample,742,drone,,18.549594,2.924523,-0.795410,1.703047,-1.374144,-0.439339,-0.086802,1.026823,0.501596,0.158839,-2.832145,,,,,,
sample,743,drone,,18.574593,2.890491,-0.806236,1.700926,-1.348309,-0.426725,-0.082808,1.040039,0.507526,0.160665,-2.835078,,,,,,
sample,744,drone,,18.599593,2.857109,-0.816745,1.698907,-1.322143,-0.413963,-0.078768,1.053256,0.513456,0.162491,-2.838161,,,,,,
sample,745,drone,,18.624592,2.824385,-0.826934,1.696988,-1.295647,-0.401053,-0.074683,1.066472,0.519387,0.164317,-2.841408,,,,,,
sample,746,drone,,18.649592,2.792328,-0.836798,1.695172,-1.268821,-0.387994,-0.070553,1.079689,0.525317,0.166143,-2.844831,,,,,,
sample,747,drone,,18.674591,2.760946,-0.846333,1.693461,-1.241664,-0.374788,-0.066377,1.092905,0.531247,0.167969,-2.848446,,,,,,
sample,748,drone,,18.699591,2.730246,-0.855537,1.691854,-1.214177,-0.361433,-0.062155,1.106122,0.537177,0.169795,-2.852268,,,,,,
sample,749,drone,,18.724590,2.700238,-0.864404,1.690353,-1.186359,-0.347929,-0.057887,1.119338,0.543108,0.171621,-2.856317,,,,,,
sample,750,drone,,18.749590,2.670929,-0.872933,1.688959,-1.158211,-0.334278,-0.053574,1.132555,0.549038,0.173447,-2.860613,,,,,,
sample,751,drone,,18.774589,2.642329,-0.881118,1.687674,-1.129733,-0.320478,-0.049215,1.145771,0.554968,0.175272,-2.865179,,,,,,
sample,752,drone,,18.799589,2.614444,-0.888956,1.686499,-1.100924,-0.306530,-0.044810,1.158988,0.560899,0.177098,-2.870041,,,,,,
sample,753,drone,,18.824588,2.587284,-0.896444,1.685434,-1.071785,-0.292434,-0.040360,1.172204,0.566829,0.178924,-2.875229,,,,,,
sample,754,drone,,18.849587,2.560856,-0.903578,1.684481,-1.042315,-0.278189,-0.035864,1.185421,0.572759,0.180750,-2.880777,,,,,,
sample,755,drone,,18.874587,2.535169,-0.910353,1.683641,-1.012515,-0.263796,-0.031323,1.198637,0.578689,0.182576,-2.886723,,,,,,
sample,756,drone,,18.899586,2.510231,-0.916767,1.682915,-0.982384,-0.249255,-0.026736,1.211854,0.584620,0.184402,-2.893111,,,,,,
sample,757,drone,,18.924586,2.486051,-0.922816,1.682304,-0.951924,-0.234566,-0.022103,1.225070,0.590550,0.186228,-2.899993,,,,,,
sample,758,drone,,18.949585,2.462636,-0.928495,1.681810,-0.921132,-0.219728,-0.017424,1.238287,0.596480,0.188054,-2.907427,,,,,,
sample,759,drone,,18.974585,2.439995,-0.933802,1.681433,-0.890011,-0.204743,-0.012700,1.251503,0.602410,0.189880,-2.915481,,,,,,
sample,760,drone,,18.999584,2.418137,-0.938732,1.681175,-0.858558,-0.189609,-0.007931,1.264720,0.608341,0.191706,-2.924236,,,,,,
sample,761,drone,,19.024584,2.397068,-0.943282,1.681036,-0.826776,-0.174326,-0.003115,1.277936,0.614271,0.193532,-2.933786,,,,,,
sample,762,drone,,19.049583,2.376799,-0.947448,1.681019,-0.794663,-0.158896,0.001746,1.291153,0.620201,0.195358,-2.944242,,,,,,
sample,763,drone,,19.074582,2.357336,-0.951227,1.681123,-0.762220,-0.143317,0.006652,1.304369,0.626131,0.197183,-2.955737,,,,,,
sample,764,drone,,19.099582,2.338689,-0.954614,1.681351,-0.729446,-0.127590,0.011605,1.317586,0.632062,0.199009,-2.968431,,,,,,
sample,765,drone,,19.124581,2.320865,-0.957606,1.681704,-0.696342,-0.111714,0.016603,1.330802,0.637992,0.200835,-2.982518,,,,,,
sample,766,drone,,19.149581,2.303872,-0.960199,1.682181,-0.662907,-0.095691,0.021646,1.344019,0.643922,0.202661,-2.998233,,,,,,
sample,767,drone,,19.174580,2.287720,-0.962390,1.682786,-0.629142,-0.079519,0.026735,1.397107,0.826533,0.291026,-3.015867,,,,,,
sample,768,drone,,19.199580,2.272416,-0.964175,1.683518,-0.593054,-0.054365,0.036197,1.618146,1.766164,0.750466,-3.050178,,,,,,
sample,769,drone,,19.224579,2.258068,-0.965109,1.684596,-0.548237,0.008787,0.064258,1.926558,3.133140,1.420123,3.125566,,,,,,
sample,770,drone,,19.249579,2.245005,-0.963736,1.686731,-0.496728,0.102288,0.107202,2.054360,3.742305,1.719556,2.938507,,,,,,
sample,771,drone,,19.274578,2.233232,-0.959994,1.689956,-0.445521,0.195898,0.150234,2.031263,3.698481,1.699506,2.727332,,,,,,
sample,772,drone,,19.299578,2.222729,-0.953941,1.694243,-0.395167,0.287208,0.192175,1.997173,3.606487,1.655875,2.513104,,,,,,
sample,773,drone,,19.324577,2.213474,-0.945634,1.699564,-0.345665,0.376219,0.233026,1.963083,3.514493,1.612244,2.313894,,,,,,
sample,774,drone,,19.349576,2.205446,-0.935131,1.705894,-0.297015,0.462929,0.272786,1.928993,3.422499,1.568612,2.141243,,,,,,
sample,775,drone,,19.374576,2.198624,-0.922488,1.713203,-0.249217,0.547340,0.311455,1.894903,3.330505,1.524981,1.998069,,,,,,
sample,776,drone,,19.399575,2.192986,-0.907764,1.721466,-0.202272,0.629451,0.349033,1.860813,3.238512,1.481349,1.881720,,,,,,
sample,777,drone,,19.424575,2.188510,-0.891016,1.730655,-0.156179,0.709262,0.385521,1.826723,3.146518,1.437718,1.787536,,,,,,
sample,778,drone,,19.449574,2.185177,-0.872302,1.740742,-0.110938,0.786773,0.420917,1.792633,3.054524,1.394087,1.710876,,,,,,
sample,779,drone,,19.474574,2.182964,-0.851679,1.751700,-0.066549,0.861985,0.455223,1.758543,2.962530,1.350455,1.647848,,,,,,
sample,780,drone,,19.499573,2.181849,-0.829204,1.763502,-0.023012,0.934897,0.488439,1.724453,2.870536,1.306824,1.595406,,,,,,
sample,781,drone,,19.524573,2.181813,-0.804935,1.776121,0.019672,1.005509,0.520563,1.690363,2.778542,1.263192,1.551235,,,,,,
sample,782,drone,,19.549572,2.182833,-0.778929,1.789530,0.061504,1.073821,0.551597,1.656273,2.686548,1.219561,1.513583,,,,,,
sample,783,drone,,19.574572,2.184888,-0.751245,1.803701,0.102484,1.139833,0.581540,1.622182,2.594555,1.175930,1.481126,,,,,,
sample,784,drone,,19.599571,2.187957,-0.721939,1.818606,0.142611,1.203546,0.610392,1.588092,2.502561,1.132298,1.452854,,,,,,
sample,785,drone,,19.624570,2.192019,-0.691069,1.834220,0.181887,1.264958,0.638153,1.554002,2.410567,1.088667,1.427987,,,,,,
sample,786,drone,,19.649570,2.197051,-0.658692,1.850513,0.220310,1.324071,0.664824,1.519912,2.318573,1.045035,1.405919,,,,,,
sample,787,drone,,19.674569,2.203034,-0.624867,1.867460,0.257881,1.380884,0.690404,1.485822,2.226579,1.001404,1.386173,,,,,,
sample,788,drone,,19.699569,2.209945,-0.589650,1.885033,0.294599,1.435398,0.714893,1.451732,2.134585,0.957772,1.368369,,,,,,
sample,789,drone,,19.724568,2.217763,-0.553099,1.903204,0.330466,1.487611,0.738292,1.417642,2.042591,0.914141,1.352201,,,,,,
sample,790,drone,,19.749568,2.226468,-0.515271,1.921946,0.365480,1.537525,0.760599,1.383552,1.950598,0.870510,1.337421,,,,,,
sample,791,drone,,19.774567,2.236037,-0.476224,1.941233,0.399642,1.585139,0.781816,1.349462,1.858604,0.826878,1.323826,,,,,,
sample,792,drone,,19.799567,2.246450,-0.436016,1.961036,0.432951,1.630453,0.801942,1.315372,1.766610,0.783247,1.311246,,,,,,
sample,793,drone,,19.824566,2.257684,-0.394703,1.981329,0.465409,1.673468,0.820978,1.281282,1.674616,0.739615,1.299541,,,,,,
sample,794,drone,,19.849566,2.269719,-0.352344,2.002084,0.497014,1.714182,0.838922,1.247192,1.582622,0.695984,1.288592,,,,,,
sample,795,drone,,19.874565,2.282534,-0.308996,2.023274,0.527767,1.752597,0.855776,1.213102,1.490628,0.652353,1.278299,,,,,,
sample,796,drone,,19.899564,2.296107,-0.264716,2.044872,0.557668,1.788712,0.871539,1.179011,1.398635,0.608721,1.268576,,,,,,
sample,797,drone,,19.924564,2.310417,-0.219562,2.066850,0.586716,1.822527,0.886211,1.144921,1.306641,0.565090,1.259349,,,,,,
sample,798,drone,,19.949563,2.325442,-0.173592,2.089182,0.614913,1.854043,0.899793,1.110831,1.214647,0.521458,1.250552,,,,,,
sample,799,drone,,19.974563,2.341162,-0.126862,2.111839,0.642257,1.883258,0.912284,1.076741,1.122653,0.477827,1.242131,,,,,,
sample,800,drone,,19.999562,2.357555,-0.079431,2.134795,0.668748,1.910174,0.923684,1.042651,1.030659,0.434196,1.234034,,,,,,
sample,801,drone,,20.024562,2.374599,-0.031356,2.158022,0.694388,1.934790,0.933993,1.008561,0.938665,0.390564,1.226219,,,,,,
sample,802,drone,,20.049561,2.392273,0.017306,2.181494,0.719175,1.957106,0.943212,0.974471,0.846671,0.346933,1.218645,,,,,,
sample,803,drone,,20.074561,2.410557,0.066498,2.205182,0.743111,1.977123,0.951339,0.940381,0.754678,0.303301,1.211277,,,,,,
sample,804,drone,,20.099560,2.429428,0.116160,2.229060,0.766193,1.994839,0.958376,0.906291,0.662684,0.259670,1.204082,,,,,,
sample,805,drone,,20.124560,2.448866,0.166237,2.253100,0.788424,2.010256,0.964323,0.872201,0.570690,0.216039,1.197031,,,,,,
sample,806,drone,,20.149559,2.468848,0.216671,2.277275,0.809803,2.023373,0.969178,0.838111,0.478696,0.172407,1.190097,,,,,,
sample,807,drone,,20.174558,2.489355,0.267404,2.301557,0.830329,2.034190,0.972943,0.804021,0.386702,0.128776,1.183253,,,,,,
sample,808,drone,,20.199558,2.510364,0.318378,2.325921,0.850003,2.042708,0.975617,0.769931,0.294708,0.085144,1.176475,,,,,,
sample,809,drone,,20.224557,2.531854,0.369537,2.350337,0.868824,2.048926,0.977200,0.735841,0.202714,0.041513,1.169740,,,,,,
sample,810,drone,,20.249557,2.553804,0.420822,2.374780,0.886794,2.052843,0.977692,0.701750,0.110721,-0.002118,1.163026,,,,,,
sample,811,drone,,20.274556,2.576193,0.472177,2.399221,0.903911,2.054461,0.977094,0.667660,0.018727,-0.045750,1.156311,,,,,,
sample,812,drone,,20.299556,2.598999,0.523543,2.423633,0.920176,2.053780,0.975405,0.633570,-0.073267,-0.089381,1.149573,,,,,,
sample,813,drone,,20.324555,2.622200,0.574864,2.447990,0.935589,2.050798,0.972625,0.599480,-0.165261,-0.133013,1.142792,,,,,,
sample,814,drone,,20.349555,2.645777,0.626081,2.472263,0.950150,2.045517,0.968754,0.565390,-0.257255,-0.176644,1.135947,,,,,,
sample,815,drone,,20.374554,2.669707,0.677137,2.496427,0.963858,2.037936,0.963793,0.531300,-0.349249,-0.220275,1.129015,,,,,,
sample,816,drone,,20.399553,2.693969,0.727975,2.520452,0.976714,2.028055,0.957741,0.497210,-0.441243,-0.263907,1.121976,,,,,,
sample,817,drone,,20.424553,2.718542,0.778538,2.544313,0.988718,2.015874,0.950598,0.463120,-0.533236,-0.307538,1.114805,,,,,,
sample,818,drone,,20.449552,2.743404,0.828767,2.567981,0.999869,2.001394,0.942364,0.429030,-0.625230,-0.351170,1.107479,,,,,,
sample,819,drone,,20.474552,2.768534,0.878605,2.591430,1.010169,1.984613,0.933040,0.394940,-0.717224,-0.394801,1.099974,,,,,,
sample,820,drone,,20.499551,2.793911,0.927995,2.614632,1.019616,1.965533,0.922625,0.360850,-0.809218,-0.438433,1.092263,,,,,,
sample,821,drone,,20.524551,2.819514,0.976880,2.637560,1.028211,1.944153,0.911119,0.326760,-0.901212,-0.482064,1.084318,,,,,,
sample,822,drone,,20.549550,2.845320,1.025201,2.660187,1.035954,1.920473,0.898522,0.292670,-0.993206,-0.525695,1.076107,,,,,,
sample,823,drone,,20.574550,2.871310,1.072901,2.682485,1.042844,1.894494,0.884835,0.258579,-1.085200,-0.569327,1.067600,,,,,,
sample,824,drone,,20.599549,2.897461,1.119924,2.704428,1.048882,1.866215,0.870056,0.224489,-1.177193,-0.612958,1.058758,,,,,,
sample,825,drone,,20.624549,2.923753,1.166210,2.725987,1.054068,1.835636,0.854187,0.190399,-1.269187,-0.656590,1.049544,,,,,,
sample,826,drone,,20.649548,2.950164,1.211703,2.747136,1.058402,1.802757,0.837228,0.156309,-1.361181,-0.700221,1.039915,,,,,,
sample,827,drone,,20.674547,2.976672,1.256346,2.767847,1.061884,1.767578,0.819177,0.122219,-1.453175,-0.743852,1.029821,,,,,,
sample,828,drone,,20.699547,3.003257,1.300080,2.788094,1.064513,1.730100,0.800036,0.088129,-1.545169,-0.787484,1.019210,,,,,,
sample,829,drone,,20.724546,3.029897,1.342849,2.807848,1.066290,1.690321,0.779804,0.054039,-1.637163,-0.831115,1.008022,,,,,,
sample,830,drone,,20.749546,3.056570,1.384595,2.827083,1.067215,1.648243,0.758481,0.019949,-1.729157,-0.874747,0.996190,,,,,,
sample,831,drone,,20.774545,3.083256,1.425259,2.845772,1.067287,1.603865,0.736067,-0.014141,-1.821150,-0.918378,0.983639,,,,,,
sample,832,drone,,20.799545,3.109933,1.464786,2.863886,1.066508,1.557188,0.712563,-0.048231,-1.913144,-0.962009,0.970281,,,,,,
sample,833,drone,,20.824544,3.136580,1.503117,2.881399,1.064876,1.508210,0.687968,-0.082321,-2.005138,-1.005641,0.956020,,,,,,
sample,834,drone,,20.849544,3.163176,1.540195,2.898284,1.062392,1.456933,0.662282,-0.116411,-2.097132,-1.049272,0.940742,,,,,,
sample,835,drone,,20.874543,3.189699,1.575962,2.914512,1.059055,1.403356,0.635505,-0.150501,-2.189126,-1.092904,0.924320,,,,,,
sample,836,drone,,20.899543,3.216128,1.610361,2.930058,1.054867,1.347479,0.607638,-0.184591,-2.281120,-1.136535,0.906604,,,,,,
sample,837,drone,,20.924542,3.242441,1.643335,2.944894,1.049826,1.289302,0.578680,-0.218682,-2.373114,-1.180166,0.887421,,,,,,
sample,838,drone,,20.949541,3.268618,1.674825,2.958991,1.043933,1.228826,0.548631,-0.252772,-2.465107,-1.223798,0.866571,,,,,,
sample,839,drone,,20.974541,3.294636,1.704775,2.972325,1.037188,1.166050,0.517491,-0.286862,-2.557101,-1.267429,0.843819,,,,,,
sample,840,drone,,20.999540,3.320476,1.733126,2.984865,1.029590,1.100974,0.485261,-0.320952,-2.649095,-1.311061,0.818890,,,,,,
sample,841,drone,,21.024540,3.346115,1.759822,2.996587,1.021141,1.033598,0.451940,-0.355042,-2.741089,-1.354692,0.791461,,,,,,
sample,842,drone,,21.049539,3.371532,1.784805,3.007462,1.011839,0.963922,0.417528,-0.389132,-2.833083,-1.398323,0.761151,,,,,,
sample,843,drone,,21.074539,3.396706,1.808017,3.017463,1.001684,0.891947,0.382025,-0.423222,-2.925077,-1.441955,0.727512,,,,,,
sample,844,drone,,21.099538,3.421615,1.829401,3.026563,0.990678,0.817672,0.345432,-0.457312,-3.017071,-1.485586,0.690018,,,,,,
sample,845,drone,,21.124538,3.446238,1.848900,3.034734,0.978819,0.741097,0.307747,-0.491402,-3.109064,-1.529218,0.648051,,,,,,
sample,846,drone,,21.149537,3.470555,1.866455,3.041950,0.966108,0.662222,0.268972,-0.525492,-3.201058,-1.572849,0.600896,,,,,,
sample,847,drone,,21.174537,3.494543,1.882010,3.048182,0.952545,0.581047,0.229107,-0.559582,-3.293052,-1.616480,0.547736,,,,,,
sample,848,drone,,21.199536,3.518181,1.895507,3.053405,0.938130,0.497573,0.188150,-0.593672,-3.385046,-1.660112,0.487661,,,,,,
sample,849,drone,,21.224535,3.541448,1.906888,3.057590,0.922862,0.411799,0.146103,-0.627762,-3.477040,-1.703743,0.419705,,,,,,
sample,850,drone,,21.249535,3.564323,1.916096,3.060710,0.906742,0.323725,0.102965,-0.661853,-3.569034,-1.747375,0.342914,,,,,,
sample,851,drone,,21.274534,3.586784,1.923074,3.062738,0.889770,0.233351,0.058736,-0.508757,-3.313527,-1.629272,0.256483,,,,,,
sample,852,drone,,21.299534,3.608811,1.927764,3.063647,0.881305,0.158052,0.021503,0.116099,-2.174723,-1.099827,0.177452,,,,,,
sample,853,drone,,21.324533,3.630849,1.930977,3.063813,0.895575,0.124617,0.003746,0.847029,-0.818950,-0.468760,0.138260,,,,,,
sample,854,drone,,21.349533,3.653589,1.933994,3.063834,0.923656,0.117105,-0.001934,1.120812,-0.294220,-0.223915,0.126112,,,,,,
sample,855,drone,,21.374532,3.677030,1.936832,3.063716,0.951615,0.109906,-0.007450,1.113190,-0.286804,-0.219675,0.114985,,,,,,
sample,856,drone,,21.399532,3.701168,1.939490,3.063461,0.979314,0.102765,-0.012918,1.102809,-0.284483,-0.217806,0.104554,,,,,,
sample,857,drone,,21.424531,3.725995,1.941970,3.063070,1.006754,0.095683,-0.018340,1.092428,-0.282162,-0.215938,0.094756,,,,,,
sample,858,drone,,21.449531,3.751505,1.944274,3.062545,1.033934,0.088658,-0.023715,1.082048,-0.279842,-0.214069,0.085539,,,,,,
sample,859,drone,,21.474530,3.777691,1.946403,3.061885,1.060855,0.081691,-0.029043,1.071667,-0.277521,-0.212200,0.076853,,,,,,
sample,860,drone,,21.499529,3.804546,1.948358,3.061092,1.087516,0.074782,-0.034324,1.061287,-0.275201,-0.210331,0.068656,,,,,,
sample,861,drone,,21.524529,3.832065,1.950142,3.060169,1.113918,0.067931,-0.039559,1.050906,-0.272880,-0.208463,0.060908,,,,,,
sample,862,drone,,21.549528,3.860241,1.951755,3.059114,1.140060,0.061138,-0.044747,1.040525,-0.270559,-0.206594,0.053576,,,,,,
sample,863,drone,,21.574528,3.889067,1.953198,3.057931,1.165943,0.054403,-0.049889,1.030145,-0.268239,-0.204725,0.046627,,,,,,
sample,864,drone,,21.599527,3.918537,1.954475,3.056620,1.191567,0.047727,-0.054983,1.019764,-0.265918,-0.202856,0.040032,,,,,,
sample,865,drone,,21.624527,3.948644,1.955585,3.055182,1.216930,0.041108,-0.060031,1.009384,-0.263598,-0.200988,0.033767,,,,,,
sample,866,drone,,21.649526,3.979382,1.956530,3.053619,1.242035,0.034547,-0.065032,0.999003,-0.261277,-0.199119,0.027808,,,,,,
sample,867,drone,,21.674526,4.010744,1.957312,3.051931,1.266879,0.028044,-0.069987,0.988622,-0.258956,-0.197250,0.022133,,,,,,
sample,868,drone,,21.699525,4.042725,1.957932,3.050119,1.291465,0.021599,-0.074895,0.978242,-0.256636,-0.195381,0.016723,,,,,,
sample,869,drone,,21.724524,4.075316,1.958392,3.048186,1.315790,0.015213,-0.079756,0.967861,-0.254315,-0.193512,0.011561,,,,,,
sample,870,drone,,21.749524,4.108513,1.958693,3.046132,1.339857,0.008884,-0.084570,0.957481,-0.251995,-0.191644,0.006630,,,,,,
sample,871,drone,,21.774523,4.142308,1.958836,3.043958,1.363663,0.002613,-0.089338,0.947100,-0.249674,-0.189775,0.001916,,,,,,
sample,872,drone,,21.799523,4.176694,1.958824,3.041665,1.387211,-0.003599,-0.094059,0.936719,-0.247353,-0.187906,-0.002595,,,,,,
sample,873,drone,,21.824522,4.211667,1.958656,3.039255,1.410498,-0.009754,-0.098733,0.926339,-0.245033,-0.186037,-0.006915,,,,,,
sample,874,drone,,21.849522,4.247218,1.958336,3.036728,1.433527,-0.015851,-0.103360,0.915958,-0.242712,-0.184169,-0.011057,,,,,,
sample,875,drone,,21.874521,4.283341,1.957864,3.034087,1.456295,-0.021890,-0.107941,0.905578,-0.240392,-0.182300,-0.015030,,,,,,
sample,876,drone,,21.899521,4.320031,1.957241,3.031331,1.478804,-0.027870,-0.112475,0.895197,-0.238071,-0.180431,-0.018844,,,,,,
sample,877,drone,,21.924520,4.357280,1.956470,3.028463,1.501054,-0.033793,-0.116962,0.884816,-0.235750,-0.178562,-0.022509,,,,,,
sample,878,drone,,21.949520,4.395082,1.955552,3.025483,1.523044,-0.039657,-0.121403,0.874436,-0.233430,-0.176694,-0.026032,,,,,,
sample,879,drone,,21.974519,4.433431,1.954487,3.022393,1.544775,-0.045464,-0.125797,0.864055,-0.231109,-0.174825,-0.029422,,,,,,
sample,880,drone,,21.999518,4.472319,1.953279,3.019194,1.566246,-0.051213,-0.130144,0.853675,-0.228788,-0.172956,-0.032686,,,,,,
sample,881,drone,,22.024518,4.511741,1.951927,3.015886,1.587458,-0.056903,-0.134445,0.843294,-0.226468,-0.171087,-0.035830,,,,,,
sample,882,drone,,22.049517,4.551690,1.950434,3.012472,1.608410,-0.062536,-0.138698,0.832913,-0.224147,-0.169218,-0.038861,,,,,,
sample,883,drone,,22.074517,4.592160,1.948800,3.008951,1.629103,-0.068110,-0.142905,0.822533,-0.221827,-0.167350,-0.041784,,,,,,
sample,884,drone,,22.099516,4.633144,1.947028,3.005326,1.649536,-0.073627,-0.147066,0.812152,-0.219506,-0.165481,-0.044605,,,,,,
sample,885,drone,,22.124516,4.674635,1.945119,3.001598,1.669709,-0.079085,-0.151179,0.801772,-0.217185,-0.163612,-0.047329,,,,,,
sample,886,drone,,22.149515,4.716627,1.943074,2.997768,1.689623,-0.084486,-0.155246,0.791391,-0.214865,-0.161743,-0.049961,,,,,,
sample,887,drone,,22.174515,4.759114,1.940895,2.993836,1.709278,-0.089828,-0.159266,0.781010,-0.212544,-0.159875,-0.052505,,,,,,
sample,888,drone,,22.199514,4.802089,1.938583,2.989805,1.728673,-0.095113,-0.163240,0.770630,-0.210224,-0.158006,-0.054965,,,,,,
sample,889,drone,,22.224514,4.845546,1.936139,2.985674,1.747809,-0.100339,-0.167166,0.760249,-0.207903,-0.156137,-0.057346,,,,,,
sample,890,drone,,22.249513,4.889478,1.933566,2.981446,1.766685,-0.105508,-0.171046,0.749869,-0.205582,-0.154268,-0.059650,,,,,,
sample,891,drone,,22.274512,4.933878,1.930864,2.977122,1.785301,-0.110618,-0.174879,0.739488,-0.203262,-0.152399,-0.061881,,,,,,
sample,892,drone,,22.299512,4.978741,1.928035,2.972703,1.803658,-0.115671,-0.178666,0.729107,-0.200941,-0.150531,-0.064043,,,,,,
sample,893,drone,,22.324511,5.024059,1.925080,2.968189,1.821756,-0.120665,-0.182406,0.718727,-0.198621,-0.148662,-0.066139,,,,,,
sample,894,drone,,22.349511,5.069827,1.922002,2.963583,1.839594,-0.125601,-0.186099,0.708346,-0.196300,-0.146793,-0.068171,,,,,,
sample,895,drone,,22.374510,5.116037,1.918800,2.958884,1.857172,-0.130480,-0.189745,0.697966,-0.193979,-0.144924,-0.070142,,,,,,
sample,896,drone,,22.399510,5.162683,1.915478,2.954095,1.874491,-0.135300,-0.193345,0.687585,-0.191659,-0.143056,-0.072055,,,,,,
sample,897,drone,,22.424509,5.209759,1.912036,2.949217,1.891551,-0.140063,-0.196898,0.677204,-0.189338,-0.141187,-0.073912,,,,,,
sample,898,drone,,22.449509,5.257259,1.908475,2.944251,1.908351,-0.144767,-0.200404,0.666824,-0.187018,-0.139318,-0.075715,,,,,,
sample,899,drone,,22.474508,5.305175,1.904797,2.939197,1.924891,-0.149413,-0.203864,0.656443,-0.184697,-0.137449,-0.077466,,,,,,
sample,900,drone,,22.499508,5.353501,1.901004,2.934058,1.941172,-0.154002,-0.207277,0.646063,-0.182376,-0.135581,-0.079169,,,,,,
sample,901,drone,,22.524507,5.402231,1.897098,2.928834,1.957194,-0.158532,-0.210643,0.635682,-0.180056,-0.133712,-0.080823,,,,,,
sample,902,drone,,22.549506,5.451359,1.893078,2.923526,1.972956,-0.163004,-0.213962,0.625301,-0.177735,-0.131843,-0.082432,,,,,,
sample,903,drone,,22.574506,5.500877,1.888947,2.918136,1.988458,-0.167418,-0.217235,0.614921,-0.175414,-0.129974,-0.083997,,,,,,
sample,904,drone,,22.599505,5.550779,1.884707,2.912664,2.003701,-0.171775,-0.220461,0.604540,-0.173094,-0.128105,-0.085520,,,,,,
sample,905,drone,,22.624505,5.601060,1.880359,2.907113,2.018684,-0.176073,-0.223640,0.594160,-0.170773,-0.126237,-0.087001,,,,,,
sample,906,drone,,22.649504,5.651712,1.875904,2.901483,2.033408,-0.180313,-0.226772,0.583779,-0.168453,-0.124368,-0.088444,,,,,,
sample,907,drone,,22.674504,5.702728,1.871343,2.895775,2.047873,-0.184495,-0.229858,0.573398,-0.166132,-0.122499,-0.089849,,,,,,
sample,908,drone,,22.699503,5.754103,1.866679,2.889990,2.062078,-0.188620,-0.232897,0.563018,-0.163811,-0.120630,-0.091217,,,,,,
sample,909,drone,,22.724503,5.805830,1.861913,2.884130,2.076023,-0.192686,-0.235889,0.552637,-0.161491,-0.118762,-0.092550,,,,,,
sample,910,drone,,22.749502,5.857902,1.857045,2.878196,2.089709,-0.196694,-0.238835,0.542257,-0.159170,-0.116893,-0.093849,,,,,,
sample,911,drone,,22.774502,5.910313,1.852078,2.872189,2.103135,-0.200644,-0.241734,0.531876,-0.156850,-0.115024,-0.095115,,,,,,
sample,912,drone,,22.799501,5.963056,1.847013,2.866109,2.116302,-0.204536,-0.244586,0.521495,-0.154529,-0.113155,-0.096349,,,,,,
sample,913,drone,,22.824500,6.016126,1.841852,2.859960,2.129209,-0.208370,-0.247392,0.511115,-0.152208,-0.111287,-0.097552,,,,,,
sample,914,drone,,22.849500,6.069514,1.836595,2.853740,2.141857,-0.212147,-0.250150,0.500734,-0.149888,-0.109418,-0.098726,,,,,,
sample,915,drone,,22.874499,6.123216,1.831245,2.847452,2.154246,-0.215865,-0.252862,0.490354,-0.147567,-0.107549,-0.099871,,,,,,
sample,916,drone,,22.899499,6.177224,1.825802,2.841097,2.166374,-0.219525,-0.255528,0.479973,-0.145247,-0.105680,-0.100988,,,,,,
sample,917,drone,,22.924498,6.231532,1.820269,2.834676,2.178244,-0.223127,-0.258146,0.469592,-0.142926,-0.103811,-0.102078,,,,,,
sample,918,drone,,22.949498,6.286134,1.814646,2.828190,2.189853,-0.226671,-0.260718,0.459212,-0.140605,-0.101943,-0.103142,,,,,,
sample,919,drone,,22.974497,6.341023,1.808935,2.821641,2.201204,-0.230157,-0.263243,0.448831,-0.138285,-0.100074,-0.104181,,,,,,
sample,920,drone,,22.999497,6.396192,1.803138,2.815028,2.212295,-0.233585,-0.265722,0.438451,-0.135964,-0.098205,-0.105195,,,,,,
sample,921,drone,,23.024496,6.451635,1.797256,2.808355,2.223126,-0.236955,-0.268153,0.428070,-0.133644,-0.096336,-0.106185,,,,,,
sample,922,drone,,23.049495,6.507346,1.791291,2.801621,2.233698,-0.240267,-0.270538,0.417689,-0.131323,-0.094468,-0.107153,,,,,,
sample,923,drone,,23.074495,6.563317,1.785243,2.794828,2.244010,-0.243521,-0.272877,0.407309,-0.129002,-0.092599,-0.108097,,,,,,
sample,924,drone,,23.099494,6.619544,1.779115,2.787977,2.254063,-0.246717,-0.275168,0.396928,-0.126682,-0.090730,-0.109020,,,,,,
sample,925,drone,,23.124494,6.676018,1.772908,2.781070,2.263856,-0.249855,-0.277413,0.386548,-0.124361,-0.088861,-0.109922,,,,,,
sample,926,drone,,23.149493,6.732734,1.766622,2.774107,2.273390,-0.252935,-0.279611,0.376167,-0.122041,-0.086993,-0.110803,,,,,,
sample,927,drone,,23.174493,6.789685,1.760261,2.767090,2.282664,-0.255957,-0.281763,0.365786,-0.119720,-0.085124,-0.111664,,,,,,
sample,928,drone,,23.199492,6.846865,1.753825,2.760019,2.291678,-0.258921,-0.283867,0.355406,-0.117399,-0.083255,-0.112506,,,,,,
sample,929,drone,,23.224492,6.904267,1.747315,2.752897,2.300434,-0.261827,-0.285925,0.345025,-0.115079,-0.081386,-0.113329,,,,,,
sample,930,drone,,23.249491,6.961884,1.740734,2.745723,2.308929,-0.264675,-0.287937,0.334645,-0.112758,-0.079517,-0.114133,,,,,,
sample,931,drone,,23.274491,7.019710,1.734082,2.738500,2.317166,-0.267464,-0.289901,0.324264,-0.110437,-0.077649,-0.114919,,,,,,
sample,932,drone,,23.299490,7.077740,1.727361,2.731229,2.325142,-0.270196,-0.291819,0.313883,-0.108117,-0.075780,-0.115687,,,,,,
sample,933,drone,,23.324489,7.135965,1.720572,2.723910,2.332859,-0.272870,-0.293690,0.303503,-0.105796,-0.073911,-0.116439,,,,,,
sample,934,drone,,23.349489,7.194380,1.713718,2.716544,2.340317,-0.275486,-0.295514,0.293122,-0.103476,-0.072042,-0.117174,,,,,,
sample,935,drone,,23.374488,7.252978,1.706798,2.709134,2.347515,-0.278044,-0.297292,0.282742,-0.101155,-0.070174,-0.117893,,,,,,
sample,936,drone,,23.399488,7.311753,1.699816,2.701680,2.354454,-0.280544,-0.299023,0.272361,-0.098834,-0.068305,-0.118595,,,,,,
sample,937,drone,,23.424487,7.370698,1.692772,2.694183,2.361133,-0.282985,-0.300707,0.261980,-0.096514,-0.066436,-0.119283,,,,,,
sample,938,drone,,23.449487,7.429807,1.685667,2.686645,2.367552,-0.285369,-0.302345,0.251600,-0.094193,-0.064567,-0.119955,,,,,,
sample,939,drone,,23.474486,7.489073,1.678503,2.679066,2.373713,-0.287695,-0.303935,0.241219,-0.091873,-0.062699,-0.120612,,,,,,
sample,940,drone,,23.499486,7.548490,1.671282,2.671449,2.379613,-0.289963,-0.305480,0.230839,-0.089552,-0.060830,-0.121255,,,,,,
sample,941,drone,,23.524485,7.608052,1.664006,2.663793,2.385254,-0.292173,-0.306977,0.220458,-0.087231,-0.058961,-0.121884,,,,,,
sample,942,drone,,23.549485,7.667750,1.656674,2.656100,2.390636,-0.294324,-0.308428,0.210077,-0.084911,-0.057092,-0.122499,,,,,,
sample,943,drone,,23.574484,7.727581,1.649290,2.648372,2.395758,-0.296418,-0.309831,0.199697,-0.082590,-0.055223,-0.123101,,,,,,
sample,944,drone,,23.599483,7.787536,1.641854,2.640609,2.400620,-0.298454,-0.311189,0.189316,-0.080270,-0.053355,-0.123689,,,,,,
sample,945,drone,,23.624483,7.847609,1.634367,2.632813,2.405224,-0.300431,-0.312499,0.178936,-0.077949,-0.051486,-0.124264,,,,,,
sample,946,drone,,23.649482,7.907794,1.626832,2.624984,2.409567,-0.302351,-0.313763,0.168555,-0.075628,-0.049617,-0.124827,,,,,,
sample,947,drone,,23.674482,7.968085,1.619250,2.617125,2.413651,-0.304213,-0.314980,0.158174,-0.073308,-0.047748,-0.125377,,,,,,
sample,948,drone,,23.699481,8.028474,1.611622,2.609236,2.417476,-0.306016,-0.316150,0.147794,-0.070987,-0.045880,-0.125915,,,,,,
sample,949,drone,,23.724481,8.088956,1.603950,2.601318,2.421041,-0.307762,-0.317274,0.137413,-0.068667,-0.044011,-0.126442,,,,,,
sample,950,drone,,23.749480,8.149524,1.596234,2.593372,2.424346,-0.309450,-0.318351,0.127033,-0.066346,-0.042142,-0.126956,,,,,,
sample,951,drone,,23.774480,8.210171,1.588477,2.585401,2.427392,-0.311079,-0.319381,0.116652,-0.064025,-0.040273,-0.127459,,,,,,
sample,952,drone,,23.799479,8.270891,1.580681,2.577404,2.430179,-0.312651,-0.320364,0.106271,-0.061705,-0.038405,-0.127951,,,,,,
sample,953,drone,,23.824479,8.331677,1.572845,2.569383,2.432706,-0.314164,-0.321301,0.095891,-0.059384,-0.036536,-0.128431,,,,,,
sample,954,drone,,23.849478,8.392523,1.564973,2.561339,2.434973,-0.315620,-0.322191,0.085510,-0.057064,-0.034667,-0.128901,,,,,,
sample,955,drone,,23.874477,8.453423,1.557065,2.553273,2.436981,-0.317017,-0.323034,0.075130,-0.054743,-0.032798,-0.129360,,,,,,
sample,956,drone,,23.899477,8.514370,1.549122,2.545188,2.438729,-0.318357,-0.323831,0.064749,-0.052422,-0.030929,-0.129808,,,,,,
sample,957,drone,,23.924476,8.575357,1.541147,2.537082,2.440218,-0.319639,-0.324581,0.054368,-0.050102,-0.029061,-0.130246,,,,,,
sample,958,drone,,23.949476,8.636378,1.533141,2.528959,2.441448,-0.320862,-0.325284,0.043988,-0.047781,-0.027192,-0.130674,,,,,,
sample,959,drone,,23.974475,8.697426,1.525104,2.520818,2.442418,-0.322028,-0.325940,0.033607,-0.045460,-0.025323,-0.131092,,,,,,
sample,960,drone,,23.999475,8.758496,1.517040,2.512662,2.443128,-0.323135,-0.326550,0.023227,-0.043140,-0.023454,-0.131500,,,,,,
sample,961,drone,,24.024474,8.819580,1.508948,2.504491,2.443579,-0.324184,-0.327113,0.012846,-0.040819,-0.021586,-0.131898,,,,,,
sample,962,drone,,24.049474,8.880672,1.500831,2.496307,2.443770,-0.325176,-0.327629,0.002465,-0.038499,-0.019717,-0.132286,,,,,,
sample,963,drone,,24.074473,8.941766,1.492690,2.488110,2.443702,-0.326109,-0.328099,-0.007915,-0.036178,-0.017848,-0.132665,,,,,,
sample,964,drone,,24.099473,9.002855,1.484526,2.479902,2.443375,-0.326985,-0.328522,-0.018296,-0.033857,-0.015979,-0.133035,,,,,,
sample,965,drone,,24.124472,9.063932,1.476341,2.471684,2.442787,-0.327802,-0.328898,-0.028676,-0.031537,-0.014110,-0.133395,,,,,,
sample,966,drone,,24.149471,9.124991,1.468136,2.463458,2.441941,-0.328562,-0.329227,-0.039057,-0.029216,-0.012242,-0.133746,,,,,,
sample,967,drone,,24.174471,9.186026,1.459913,2.455223,2.440835,-0.329263,-0.329510,-0.049438,-0.026896,-0.010373,-0.134088,,,,,,
sample,968,drone,,24.199470,9.247030,1.451673,2.446983,2.439469,-0.329906,-0.329746,-0.059818,-0.024575,-0.008504,-0.134421,,,,,,
sample,969,drone,,24.224470,9.307997,1.443418,2.438737,2.437844,-0.330492,-0.329935,-0.070199,-0.022254,-0.006635,-0.134746,,,,,,
sample,970,drone,,24.249469,9.368920,1.435149,2.430486,2.435959,-0.331019,-0.330078,-0.080579,-0.019934,-0.004767,-0.135061,,,,,,
sample,971,drone,,24.274469,9.429792,1.426867,2.422233,2.433815,-0.331488,-0.330173,-0.090960,-0.017613,-0.002898,-0.135368,,,,,,
sample,972,drone,,24.299468,9.490608,1.418575,2.413978,2.431411,-0.331900,-0.330223,-0.101341,-0.015293,-0.001029,-0.135666,,,,,,
sample,973,drone,,24.324468,9.551360,1.410273,2.405722,2.428748,-0.332253,-0.330225,-0.111721,-0.012972,0.000840,-0.135956,,,,,,
sample,974,drone,,24.349467,9.612043,1.401963,2.397467,2.425825,-0.332548,-0.330181,-0.122102,-0.010651,0.002708,-0.136237,,,,,,
sample,975,drone,,24.374466,9.672649,1.393646,2.389214,2.422643,-0.332786,-0.330089,-0.132482,-0.008331,0.004577,-0.136510,,,,,,
sample,976,drone,,24.399466,9.733172,1.385324,2.380963,2.419201,-0.332965,-0.329952,-0.142863,-0.006010,0.006446,-0.136775,,,,,,
sample,977,drone,,24.424465,9.793606,1.376998,2.372716,2.415500,-0.333086,-0.329767,-0.153244,-0.003690,0.008315,-0.137031,,,,,,
sample,978,drone,,24.449465,9.853945,1.368670,2.364475,2.411539,-0.333149,-0.329536,-0.163624,-0.001369,0.010184,-0.137279,,,,,,
sample,979,drone,,24.474464,9.914181,1.360341,2.356240,2.407319,-0.333154,-0.329258,-0.174005,0.000952,0.012052,-0.137519,,,,,,
sample,980,drone,,24.499464,9.974308,1.352012,2.348012,2.402839,-0.333102,-0.328933,-0.184385,0.003272,0.013921,-0.137750,,,,,,
sample,981,drone,,24.524463,10.034320,1.343686,2.339794,2.398100,-0.332991,-0.328562,-0.194766,0.005593,0.015790,-0.137974,,,,,,
sample,982,drone,,24.549463,10.094210,1.335363,2.331585,2.393101,-0.332822,-0.328144,-0.205147,0.007913,0.017659,-0.138189,,,,,,
sample,983,drone,,24.574462,10.153972,1.327045,2.323387,2.387843,-0.332595,-0.327679,-0.215527,0.010234,0.019527,-0.138396,,,,,,
sample,984,drone,,24.599462,10.213600,1.318734,2.315201,2.382325,-0.332310,-0.327168,-0.225908,0.012555,0.021396,-0.138596,,,,,,
sample,985,drone,,24.624461,10.273086,1.310430,2.307029,2.376548,-0.331967,-0.326609,-0.236288,0.014875,0.023265,-0.138787,,,,,,
sample,986,drone,,24.649460,10.332425,1.302136,2.298871,2.370511,-0.331567,-0.326004,-0.246669,0.017196,0.025134,-0.138970,,,,,,
sample,987,drone,,24.674460,10.391609,1.293852,2.290729,2.364215,-0.331108,-0.325353,-0.257050,0.019517,0.027002,-0.139145,,,,,,
sample,988,drone,,24.699459,10.450633,1.285581,2.282604,2.357659,-0.330591,-0.324654,-0.267430,0.021837,0.028871,-0.139312,,,,,,
sample,989,drone,,24.724459,10.509489,1.277323,2.274497,2.350843,-0.330016,-0.323909,-0.277811,0.024158,0.030740,-0.139470,,,,,,
sample,990,drone,,24.749458,10.568172,1.269080,2.266409,2.343768,-0.329383,-0.323117,-0.288191,0.026478,0.032609,-0.139621,,,,,,
sample,991,drone,,24.774458,10.626675,1.260854,2.258341,2.336434,-0.328692,-0.322279,-0.298572,0.028799,0.034478,-0.139764,,,,,,
sample,992,drone,,24.799457,10.684992,1.252646,2.250295,2.328840,-0.327943,-0.321393,-0.308953,0.031120,0.036346,-0.139898,,,,,,
sample,993,drone,,24.824457,10.743115,1.244457,2.242272,2.320987,-0.327136,-0.320461,-0.319333,0.033440,0.038215,-0.140025,,,,,,
sample,994,drone,,24.849456,10.801038,1.236290,2.234272,2.312874,-0.326271,-0.319483,-0.329714,0.035761,0.040084,-0.140143,,,,,,
sample,995,drone,,24.874456,10.858756,1.228144,2.226298,2.304501,-0.325348,-0.318457,-0.340094,0.038081,0.041953,-0.140252,,,,,,
sample,996,drone,,24.899455,10.916261,1.220023,2.218350,2.295869,-0.324367,-0.317385,-0.350475,0.040402,0.043821,-0.140354,,,,,,
sample,997,drone,,24.924454,10.973547,1.211926,2.210429,2.286978,-0.323328,-0.316266,-0.360856,0.042723,0.045690,-0.140447,,,,,,
sample,998,drone,,24.949454,11.030607,1.203857,2.202537,2.277827,-0.322231,-0.315101,-0.371236,0.045043,0.047559,-0.140532,,,,,,
sample,999,drone,,24.974453,11.087436,1.195815,2.194674,2.268417,-0.321076,-0.313888,-0.381617,0.047364,0.049428,-0.140608,,,,,,
sample,1000,drone,,24.999453,11.144026,1.187803,2.186843,2.258747,-0.319863,-0.312629,-0.391997,0.049684,0.051296,-0.140675,,,,,,
sample,1001,drone,,25.024452,11.200371,1.179822,2.179043,2.248817,-0.318592,-0.311324,-0.402378,0.052005,0.053165,-0.140734,,,,,,
sample,1002,drone,,25.049452,11.256464,1.171874,2.171277,2.238628,-0.317263,-0.309971,-0.412759,0.054326,0.055034,-0.140784,,,,,,
sample,1003,drone,,25.074451,11.312300,1.163959,2.163545,2.228180,-0.315875,-0.308572,-0.423139,0.056646,0.056903,-0.140826,,,,,,
sample,1004,drone,,25.099451,11.367871,1.156080,2.155849,2.217472,-0.314430,-0.307126,-0.433520,0.058967,0.058772,-0.140858,,,,,,
sample,1005,drone,,25.124450,11.423171,1.148238,2.148189,2.206504,-0.312927,-0.305633,-0.443900,0.061287,0.060640,-0.140881,,,,,,
sample,1006,drone,,25.149450,11.478193,1.140434,2.140567,2.195277,-0.311366,-0.304094,-0.454281,0.063608,0.062509,-0.140895,,,,,,
sample,1007,drone,,25.174449,11.532932,1.132670,2.132985,2.183791,-0.309747,-0.302508,-0.464662,0.065929,0.064378,-0.140899,,,,,,
sample,1008,drone,,25.199448,11.587381,1.124947,2.125442,2.172045,-0.308070,-0.300875,-0.475042,0.068249,0.066247,-0.140894,,,,,,
sample,1009,drone,,25.224448,11.641532,1.117267,2.117941,2.160039,-0.306334,-0.299196,-0.485423,0.070570,0.068115,-0.140879,,,,,,
sample,1010,drone,,25.249447,11.695380,1.109631,2.110483,2.147774,-0.304541,-0.297470,-0.495803,0.072891,0.069984,-0.140855,,,,,,
sample,1011,drone,,25.274447,11.748918,1.102040,2.103068,2.135249,-0.302690,-0.295697,-0.506184,0.075211,0.071853,-0.140820,,,,,,
sample,1012,drone,,25.299446,11.802140,1.094497,2.095698,2.122465,-0.300781,-0.293877,-0.516565,0.077532,0.073722,-0.140776,,,,,,
sample,1013,drone,,25.324446,11.855039,1.087002,2.088374,2.109422,-0.298814,-0.292011,-0.526945,0.079852,0.075590,-0.140720,,,,,,
sample,1014,drone,,25.349445,11.907609,1.079557,2.081098,2.096119,-0.296788,-0.290098,-0.537326,0.082173,0.077459,-0.140654,,,,,,
sample,1015,drone,,25.374445,11.959843,1.072163,2.073870,2.082556,-0.294705,-0.288138,-0.547706,0.084494,0.079328,-0.140578,,,,,,
sample,1016,drone,,25.399444,12.011735,1.064822,2.066691,2.068734,-0.292564,-0.286131,-0.558087,0.086814,0.081197,-0.140490,,,,,,
sample,1017,drone,,25.424444,12.063277,1.057535,2.059564,2.054652,-0.290364,-0.284078,-0.568468,0.089135,0.083066,-0.140391,,,,,,
sample,1018,drone,,25.449443,12.114465,1.050304,2.052488,2.040311,-0.288107,-0.281978,-0.578848,0.091455,0.084934,-0.140280,,,,,,
sample,1019,drone,,25.474442,12.165291,1.043130,2.045465,2.025711,-0.285792,-0.279831,-0.589229,0.093776,0.086803,-0.140157,,,,,,
sample,1020,drone,,25.499442,12.215748,1.036014,2.038497,2.010850,-0.283418,-0.277638,-0.599609,0.096097,0.088672,-0.140022,,,,,,
sample,1021,drone,,25.524441,12.265831,1.028959,2.031583,1.995731,-0.280987,-0.275398,-0.609990,0.098417,0.090541,-0.139875,,,,,,
sample,1022,drone,,25.549441,12.315533,1.021965,2.024727,1.980352,-0.278498,-0.273111,-0.620371,0.100738,0.092409,-0.139714,,,,,,
sample,1023,drone,,25.574440,12.364846,1.015035,2.017928,1.964713,-0.275950,-0.270778,-0.630751,0.103058,0.094278,-0.139540,,,,,,
sample,1024,drone,,25.599440,12.413766,1.008168,2.011188,1.948815,-0.273345,-0.268397,-0.641132,0.105379,0.096147,-0.139353,,,,,,
sample,1025,drone,,25.624439,12.462285,1.001368,2.004509,1.932657,-0.270681,-0.265970,-0.651512,0.107700,0.098016,-0.139151,,,,,,
sample,1026,drone,,25.649439,12.510397,0.994634,1.997890,1.916240,-0.267960,-0.263497,-0.661893,0.110020,0.099884,-0.138935,,,,,,
sample,1027,drone,,25.674438,12.558095,0.987970,1.991334,1.899563,-0.265180,-0.260976,-0.672274,0.112341,0.101753,-0.138704,,,,,,
sample,1028,drone,,25.699437,12.605373,0.981376,1.984842,1.882627,-0.262343,-0.258409,-0.682654,0.114661,0.103622,-0.138458,,,,,,
sample,1029,drone,,25.724437,12.652224,0.974853,1.978414,1.865431,-0.259448,-0.255795,-0.693035,0.116982,0.105491,-0.138195,,,,,,
sample,1030,drone,,25.749436,12.698642,0.968404,1.972052,1.847976,-0.256494,-0.253135,-0.703415,0.119303,0.107360,-0.137916,,,,,,
sample,1031,drone,,25.774436,12.744621,0.962029,1.965757,1.830261,-0.253483,-0.250427,-0.713796,0.121623,0.109228,-0.137620,,,,,,
sample,1032,drone,,25.799435,12.790153,0.955730,1.959531,1.812287,-0.250413,-0.247673,-0.724177,0.123944,0.111097,-0.137306,,,,,,
sample,1033,drone,,25.824435,12.835233,0.949508,1.953374,1.794053,-0.247285,-0.244873,-0.734557,0.126264,0.112966,-0.136973,,,,,,
sample,1034,drone,,25.849434,12.879854,0.943366,1.947288,1.775560,-0.244100,-0.242025,-0.744938,0.128585,0.114835,-0.136621,,,,,,
sample,1035,drone,,25.874434,12.924009,0.937304,1.941273,1.756807,-0.240856,-0.239131,-0.755318,0.130906,0.116703,-0.136250,,,,,,
sample,1036,drone,,25.899433,12.967693,0.931323,1.935331,1.737795,-0.237555,-0.236190,-0.765699,0.133226,0.118572,-0.135857,,,,,,
sample,1037,drone,,25.924433,13.010897,0.925426,1.929464,1.718523,-0.234195,-0.233203,-0.776080,0.135547,0.120441,-0.135443,,,,,,
sample,1038,drone,,25.949432,13.053617,0.919614,1.923672,1.698992,-0.230778,-0.230168,-0.786460,0.137868,0.122310,-0.135006,,,,,,
sample,1039,drone,,25.974431,13.095845,0.913887,1.917956,1.679201,-0.227302,-0.227087,-0.796841,0.140188,0.124178,-0.134545,,,,,,
sample,1040,drone,,25.999431,13.137575,0.908249,1.912317,1.659150,-0.223768,-0.223959,-0.807221,0.142509,0.126047,-0.134060,,,,,,
sample,1041,drone,,26.024430,13.178801,0.902699,1.906758,1.638840,-0.220177,-0.220785,-0.817602,0.144829,0.127916,-0.133549,,,,,,
sample,1042,drone,,26.049430,13.219515,0.897240,1.901278,1.618271,-0.216527,-0.217564,-0.827983,0.147150,0.129785,-0.133011,,,,,,
sample,1043,drone,,26.074429,13.259712,0.891873,1.895880,1.597442,-0.212819,-0.214296,-0.838363,0.149471,0.131654,-0.132445,,,,,,
sample,1044,drone,,26.099429,13.299386,0.886599,1.890564,1.576354,-0.209054,-0.210981,-0.848744,0.151791,0.133522,-0.131849,,,,,,
sample,1045,drone,,26.124428,13.338528,0.881421,1.885331,1.555006,-0.205230,-0.207620,-0.859124,0.154112,0.135391,-0.131222,,,,,,
sample,1046,drone,,26.149428,13.377134,0.876338,1.880183,1.533399,-0.201348,-0.204212,-0.869505,0.156432,0.137260,-0.130562,,,,,,
sample,1047,drone,,26.174427,13.415197,0.871353,1.875121,1.511532,-0.197408,-0.200757,-0.879886,0.158753,0.139129,-0.129867,,,,,,
sample,1048,drone,,26.199427,13.452709,0.866468,1.870145,1.489405,-0.193411,-0.197256,-0.890266,0.161074,0.140997,-0.129135,,,,,,
sample,1049,drone,,26.224426,13.489665,0.861683,1.865258,1.467019,-0.189355,-0.193707,-0.900647,0.163394,0.142866,-0.128365,,,,,,
sample,1050,drone,,26.249425,13.526058,0.857000,1.860460,1.444374,-0.185241,-0.190112,-0.911027,0.165715,0.144735,-0.127554,,,,,,
sample,1051,drone,,26.274425,13.561882,0.852421,1.855753,1.421469,-0.181069,-0.186471,-0.921408,0.168035,0.146604,-0.126700,,,,,,
sample,1052,drone,,26.299424,13.597130,0.847947,1.851137,1.398305,-0.176840,-0.182782,-0.931789,0.170356,0.148473,-0.125799,,,,,,
sample,1053,drone,,26.324424,13.631796,0.843580,1.846614,1.374881,-0.172552,-0.179047,-0.942169,0.172677,0.150341,-0.124850,,,,,,
sample,1054,drone,,26.349423,13.665873,0.839320,1.842185,1.351197,-0.168206,-0.175265,-0.952550,0.174997,0.152210,-0.123850,,,,,,
sample,1055,drone,,26.374423,13.699354,0.835169,1.837851,1.327254,-0.163802,-0.171437,-0.962930,0.177318,0.154079,-0.122793,,,,,,
sample,1056,drone,,26.399422,13.732234,0.831130,1.833613,1.303052,-0.159340,-0.167562,-0.973311,0.179638,0.155948,-0.121678,,,,,,
sample,1057,drone,,26.424422,13.764506,0.827203,1.829473,1.278590,-0.154820,-0.163640,-0.983692,0.181959,0.157816,-0.120500,,,,,,
sample,1058,drone,,26.449421,13.796162,0.823389,1.825431,1.253868,-0.150243,-0.159671,-0.994072,0.184280,0.159685,-0.119255,,,,,,
sample,1059,drone,,26.474421,13.827198,0.819691,1.821490,1.228887,-0.145607,-0.155656,-1.004453,0.186600,0.161554,-0.117937,,,,,,
sample,1060,drone,,26.499420,13.857605,0.816109,1.817649,1.203647,-0.140913,-0.151594,-1.014833,0.188921,0.163423,-0.116541,,,,,,
sample,1061,drone,,26.524419,13.887379,0.812645,1.813910,1.178147,-0.136161,-0.147485,-1.025214,0.191241,0.165291,-0.115062,,,,,,
sample,1062,drone,,26.549419,13.916511,0.809301,1.810275,1.152387,-0.131351,-0.143329,-1.035595,0.193562,0.167160,-0.113492,,,,,,
sample,1063,drone,,26.574418,13.944997,0.806078,1.806744,1.126368,-0.126483,-0.139127,-1.045975,0.195883,0.169029,-0.111824,,,,,,
sample,1064,drone,,26.599418,13.972828,0.802977,1.803318,1.100089,-0.121557,-0.134878,-0.789672,0.148072,0.127706,-0.110051,,,,,,
sample,1065,drone,,26.624417,14.000000,0.800000,1.800000,1.086885,-0.119079,-0.132742,-0.528178,0.099102,0.085449,-0.109125,,,,,,
