section,index,name,chart_id,t,x,y,z,vx,vy,vz,ax,ay,az,yaw,local_u,local_v,plane_error,boundary_margin,chart_contains,contains
crossing,1,G6,11,7.882967,12.008443,3.503977,2.849517,,,,,,,,-0.183050,-0.022037,0.000000000,0.419241306,True,True
crossing,2,G1,7,13.820588,2.375594,3.281251,3.298743,,,,,,,,-0.032456,0.386724,0.000000000,0.525579719,True,True
crossing,3,G2,0,16.724328,3.548931,-1.136229,3.144764,,,,,,,,0.778238,0.134757,0.000000000,0.167130687,True,True
crossing,4,G3,10,19.338928,5.570249,1.607196,2.933604,,,,,,,,-0.502506,0.269775,0.000000000,0.180168723,True,True
crossing,5,G5,3,21.619154,9.531457,0.282715,2.494733,,,,,,,,0.398454,0.378707,0.000000000,0.110041441,True,True
crossing,6,G4,0,23.435726,7.873538,-0.897987,1.355311,,,,,,,,0.187262,-0.392184,0.000000000,0.141239313,True,True
sample,0,drone,,0.000000,0.000000,-1.000000,1.200000,0.846693,0.317141,0.116081,0.352621,0.115304,0.039574,0.358388,,,,,,
sample,1,drone,,0.024992,0.021161,-0.992074,1.202901,0.855505,0.320022,0.117070,0.527656,0.172560,0.059229,0.357958,,,,,,
sample,2,drone,,0.049985,0.042762,-0.984004,1.205852,0.873067,0.325766,0.119042,0.700140,0.229021,0.078618,0.357128,,,,,,
sample,3,drone,,0.074977,0.064801,-0.975791,1.208851,0.890502,0.331470,0.121000,0.695038,0.227433,0.078088,0.356338,,,,,,
sample,4,drone,,0.099970,0.087274,-0.967435,1.211900,0.907809,0.337134,0.122945,0.689936,0.225845,0.077557,0.355585,,,,,,
sample,5,drone,,0.124962,0.110178,-0.958939,1.214997,0.924988,0.342759,0.124877,0.684833,0.224257,0.077026,0.354868,,,,,,
sample,6,drone,,0.149954,0.133509,-0.950303,1.218142,0.942040,0.348343,0.126795,0.679731,0.222669,0.076496,0.354183,,,,,,
sample,7,drone,,0.174947,0.157265,-0.941527,1.221335,0.958964,0.353889,0.128700,0.674629,0.221080,0.075965,0.353528,,,,,,
sample,8,drone,,0.199939,0.181443,-0.932614,1.224575,0.975761,0.359394,0.130592,0.669527,0.219492,0.075434,0.352903,,,,,,
sample,9,drone,,0.224932,0.206039,-0.923563,1.227862,0.992431,0.364860,0.132471,0.664425,0.217904,0.074904,0.352305,,,,,,
sample,10,drone,,0.249924,0.231049,-0.914376,1.231196,1.008972,0.370286,0.134336,0.659323,0.216316,0.074373,0.351733,,,,,,
sample,11,drone,,0.274916,0.256472,-0.905054,1.234577,1.025387,0.375672,0.136189,0.654221,0.214728,0.073843,0.351185,,,,,,
sample,12,drone,,0.299909,0.282303,-0.895598,1.238004,1.041674,0.381019,0.138027,0.649119,0.213140,0.073312,0.350659,,,,,,
sample,13,drone,,0.324901,0.308540,-0.886009,1.241476,1.057833,0.386326,0.139853,0.644017,0.211552,0.072781,0.350156,,,,,,
sample,14,drone,,0.349894,0.335179,-0.876288,1.244994,1.073865,0.391594,0.141665,0.638915,0.209964,0.072251,0.349673,,,,,,
sample,15,drone,,0.374886,0.362217,-0.866435,1.248557,1.089769,0.396821,0.143465,0.633813,0.208376,0.071720,0.349210,,,,,,
sample,16,drone,,0.399879,0.389651,-0.856453,1.252165,1.105546,0.402009,0.145250,0.628711,0.206788,0.071189,0.348765,,,,,,
sample,17,drone,,0.424871,0.417477,-0.846341,1.255818,1.121195,0.407158,0.147023,0.623608,0.205200,0.070659,0.348338,,,,,,
sample,18,drone,,0.449863,0.445693,-0.836101,1.259514,1.136717,0.412266,0.148782,0.618506,0.203612,0.070128,0.347927,,,,,,
sample,19,drone,,0.474856,0.474296,-0.825734,1.263255,1.152111,0.417335,0.150528,0.613404,0.202024,0.069598,0.347533,,,,,,
sample,20,drone,,0.499848,0.503281,-0.815241,1.267038,1.167377,0.422364,0.152261,0.608302,0.200436,0.069067,0.347154,,,,,,
sample,21,drone,,0.524841,0.532647,-0.804622,1.270865,1.182517,0.427354,0.153981,0.603200,0.198848,0.068536,0.346789,,,,,,
sample,22,drone,,0.549833,0.562389,-0.793879,1.274735,1.197528,0.432304,0.155687,0.598098,0.197260,0.068006,0.346438,,,,,,
sample,23,drone,,0.574825,0.592505,-0.783013,1.278647,1.212412,0.437214,0.157380,0.592996,0.195672,0.067475,0.346100,,,,,,
sample,24,drone,,0.599818,0.622991,-0.772025,1.282602,1.227169,0.442084,0.159060,0.587894,0.194084,0.066944,0.345774,,,,,,
sample,25,drone,,0.624810,0.653845,-0.760916,1.286598,1.241798,0.446915,0.160726,0.582792,0.192496,0.066414,0.345461,,,,,,
sample,26,drone,,0.649803,0.685062,-0.749686,1.290636,1.256300,0.451706,0.162379,0.577690,0.190907,0.065883,0.345160,,,,,,
sample,27,drone,,0.674795,0.716641,-0.738337,1.294714,1.270674,0.456457,0.164019,0.572588,0.189319,0.065353,0.344869,,,,,,
sample,28,drone,,0.699787,0.748577,-0.726870,1.298834,1.284920,0.461169,0.165646,0.567485,0.187731,0.064822,0.344589,,,,,,
sample,29,drone,,0.724780,0.780867,-0.715286,1.302994,1.299040,0.465841,0.167259,0.562383,0.186143,0.064291,0.344319,,,,,,
sample,30,drone,,0.749772,0.813509,-0.703585,1.307194,1.313031,0.470473,0.168859,0.557281,0.184555,0.063761,0.344060,,,,,,
sample,31,drone,,0.774765,0.846499,-0.691770,1.311435,1.326895,0.475066,0.170446,0.552179,0.182967,0.063230,0.343809,,,,,,
sample,32,drone,,0.799757,0.879834,-0.679839,1.315714,1.340632,0.479619,0.172020,0.547077,0.181379,0.062699,0.343568,,,,,,
sample,33,drone,,0.824749,0.913510,-0.667796,1.320033,1.354241,0.484132,0.173580,0.541975,0.179791,0.062169,0.343335,,,,,,
sample,34,drone,,0.849742,0.947525,-0.655640,1.324391,1.367722,0.488606,0.175127,0.536873,0.178203,0.061638,0.343111,,,,,,
sample,35,drone,,0.874734,0.981875,-0.643373,1.328787,1.381076,0.493040,0.176661,0.531771,0.176615,0.061108,0.342894,,,,,,
sample,36,drone,,0.899727,1.016558,-0.630996,1.333221,1.394303,0.497434,0.178182,0.526669,0.175027,0.060577,0.342686,,,,,,
sample,37,drone,,0.924719,1.051569,-0.618509,1.337693,1.407402,0.501788,0.179689,0.521567,0.173439,0.060046,0.342485,,,,,,
sample,38,drone,,0.949711,1.086907,-0.605914,1.342203,1.420373,0.506103,0.181183,0.516465,0.171851,0.059516,0.342291,,,,,,
sample,39,drone,,0.974704,1.122567,-0.593211,1.346749,1.433217,0.510378,0.182664,0.511363,0.170263,0.058985,0.342105,,,,,,
sample,40,drone,,0.999696,1.158546,-0.580403,1.351333,1.445933,0.514614,0.184132,0.506260,0.168675,0.058454,0.341925,,,,,,
sample,41,drone,,1.024689,1.194841,-0.567488,1.355953,1.458522,0.518810,0.185586,0.501158,0.167087,0.057924,0.341752,,,,,,
sample,42,drone,,1.049681,1.231450,-0.554470,1.360610,1.470984,0.522966,0.187027,0.496056,0.165499,0.057393,0.341585,,,,,,
sample,43,drone,,1.074673,1.268368,-0.541348,1.365302,1.483318,0.527082,0.188455,0.490954,0.163911,0.056862,0.341424,,,,,,
sample,44,drone,,1.099666,1.305593,-0.528124,1.370029,1.495524,0.531159,0.189869,0.485852,0.162322,0.056332,0.341269,,,,,,
sample,45,drone,,1.124658,1.343122,-0.514798,1.374792,1.507603,0.535196,0.191270,0.480750,0.160734,0.055801,0.341120,,,,,,
sample,46,drone,,1.149651,1.380950,-0.501372,1.379590,1.519554,0.539193,0.192658,0.475648,0.159146,0.055271,0.340977,,,,,,
sample,47,drone,,1.174643,1.419076,-0.487847,1.384422,1.531378,0.543151,0.194033,0.470546,0.157558,0.054740,0.340839,,,,,,
sample,48,drone,,1.199636,1.457496,-0.474223,1.389289,1.543074,0.547068,0.195395,0.465444,0.155970,0.054209,0.340706,,,,,,
sample,49,drone,,1.224628,1.496206,-0.460502,1.394189,1.554643,0.550947,0.196743,0.460342,0.154382,0.053679,0.340578,,,,,,
sample,50,drone,,1.249620,1.535205,-0.446684,1.399123,1.566084,0.554785,0.198078,0.455240,0.152794,0.053148,0.340456,,,,,,
sample,51,drone,,1.274613,1.574487,-0.432771,1.404090,1.577398,0.558584,0.199399,0.450138,0.151206,0.052617,0.340338,,,,,,
sample,52,drone,,1.299605,1.614050,-0.418763,1.409090,1.588584,0.562343,0.200708,0.445035,0.149618,0.052087,0.340225,,,,,,
sample,53,drone,,1.324598,1.653892,-0.404662,1.414122,1.599643,0.566063,0.202003,0.439933,0.148030,0.051556,0.340117,,,,,,
sample,54,drone,,1.349590,1.694008,-0.390469,1.419187,1.610574,0.569742,0.203285,0.434831,0.146442,0.051026,0.340013,,,,,,
sample,55,drone,,1.374582,1.734396,-0.376184,1.424284,1.621378,0.573383,0.204553,0.429729,0.144854,0.050495,0.339913,,,,,,
sample,56,drone,,1.399575,1.775053,-0.361808,1.429412,1.632054,0.576983,0.205809,0.424627,0.143266,0.049964,0.339818,,,,,,
sample,57,drone,,1.424567,1.815974,-0.347343,1.434571,1.642603,0.580544,0.207051,0.419525,0.141678,0.049434,0.339726,,,,,,
sample,58,drone,,1.449560,1.857158,-0.332790,1.439761,1.653024,0.584065,0.208280,0.414423,0.140090,0.048903,0.339639,,,,,,
sample,59,drone,,1.474552,1.898600,-0.318149,1.444982,1.663318,0.587546,0.209495,0.409321,0.138502,0.048372,0.339556,,,,,,
sample,60,drone,,1.499544,1.940299,-0.303422,1.450233,1.673484,0.590988,0.210698,0.404219,0.136914,0.047842,0.339477,,,,,,
sample,61,drone,,1.524537,1.982249,-0.288609,1.455513,1.683523,0.594390,0.211887,0.399117,0.135326,0.047311,0.339401,,,,,,
sample,62,drone,,1.549529,2.024449,-0.273711,1.460824,1.693434,0.597752,0.213062,0.394015,0.133738,0.046781,0.339329,,,,,,
sample,63,drone,,1.574522,2.066895,-0.258730,1.466163,1.703218,0.601075,0.214225,0.388913,0.132149,0.046250,0.339261,,,,,,
sample,64,drone,,1.599514,2.109584,-0.243667,1.471532,1.712874,0.604357,0.215374,0.383810,0.130561,0.045719,0.339196,,,,,,
sample,65,drone,,1.624506,2.152513,-0.228521,1.476929,1.722402,0.607601,0.216510,0.378708,0.128973,0.045189,0.339135,,,,,,
sample,66,drone,,1.649499,2.195678,-0.213296,1.482354,1.731803,0.610804,0.217633,0.373606,0.127385,0.044658,0.339077,,,,,,
sample,67,drone,,1.674491,2.239077,-0.197990,1.487807,1.741077,0.613968,0.218742,0.368504,0.125797,0.044127,0.339022,,,,,,
sample,68,drone,,1.699484,2.282705,-0.182607,1.493288,1.750223,0.617092,0.219839,0.363402,0.124209,0.043597,0.338971,,,,,,
sample,69,drone,,1.724476,2.326561,-0.167145,1.498796,1.759241,0.620176,0.220922,0.358300,0.122621,0.043066,0.338922,,,,,,
sample,70,drone,,1.749468,2.370641,-0.151607,1.504330,1.768132,0.623221,0.221991,0.353198,0.121033,0.042536,0.338877,,,,,,
sample,71,drone,,1.774461,2.414941,-0.135994,1.509892,1.776896,0.626226,0.223048,0.348096,0.119445,0.042005,0.338835,,,,,,
sample,72,drone,,1.799453,2.459459,-0.120305,1.515479,1.785532,0.629192,0.224091,0.342994,0.117857,0.041474,0.338796,,,,,,
sample,73,drone,,1.824446,2.504190,-0.104544,1.521093,1.794040,0.632117,0.225121,0.337892,0.116269,0.040944,0.338760,,,,,,
sample,74,drone,,1.849438,2.549133,-0.088709,1.526732,1.802421,0.635003,0.226138,0.332790,0.114681,0.040413,0.338727,,,,,,
sample,75,drone,,1.874430,2.594284,-0.072803,1.532396,1.810675,0.637850,0.227141,0.327688,0.113093,0.039882,0.338697,,,,,,
sample,76,drone,,1.899423,2.639640,-0.056826,1.538086,1.818801,0.640656,0.228131,0.322585,0.111505,0.039352,0.338670,,,,,,
sample,77,drone,,1.924415,2.685197,-0.040780,1.543799,1.826799,0.643423,0.229108,0.317483,0.109917,0.038821,0.338645,,,,,,
sample,78,drone,,1.949408,2.730952,-0.024665,1.549538,1.834670,0.646150,0.230072,0.312381,0.108329,0.038290,0.338624,,,,,,
sample,79,drone,,1.974400,2.776902,-0.008482,1.555300,1.842414,0.648838,0.231022,0.307279,0.106741,0.037760,0.338604,,,,,,
sample,80,drone,,1.999393,2.823045,0.007767,1.561085,1.850029,0.651486,0.231959,0.302177,0.105153,0.037229,0.338588,,,,,,
sample,81,drone,,2.024385,2.869376,0.024082,1.566894,1.857518,0.654094,0.232883,0.297075,0.103564,0.036699,0.338574,,,,,,
sample,82,drone,,2.049377,2.915892,0.040462,1.572726,1.864879,0.656663,0.233793,0.291973,0.101976,0.036168,0.338563,,,,,,
sample,83,drone,,2.074370,2.962591,0.056905,1.578580,1.872112,0.659191,0.234691,0.286871,0.100388,0.035637,0.338554,,,,,,
sample,84,drone,,2.099362,3.009469,0.073411,1.584457,1.879218,0.661680,0.235575,0.281769,0.098800,0.035107,0.338548,,,,,,
sample,85,drone,,2.124355,3.056524,0.089979,1.590355,1.886196,0.664130,0.236445,0.276667,0.097212,0.034576,0.338544,,,,,,
sample,86,drone,,2.149347,3.103751,0.106608,1.596275,1.893047,0.666540,0.237303,0.271565,0.095624,0.034045,0.338543,,,,,,
sample,87,drone,,2.174339,3.151147,0.123296,1.602217,1.899770,0.668910,0.238147,0.266463,0.094036,0.033515,0.338545,,,,,,
sample,88,drone,,2.199332,3.198710,0.140043,1.608179,1.906366,0.671240,0.238978,0.261360,0.092448,0.032984,0.338548,,,,,,
sample,89,drone,,2.224324,3.246437,0.156848,1.614162,1.912834,0.673531,0.239796,0.256258,0.090860,0.032454,0.338554,,,,,,
sample,90,drone,,2.249317,3.294323,0.173709,1.620165,1.919175,0.675782,0.240600,0.251156,0.089272,0.031923,0.338563,,,,,,
sample,91,drone,,2.274309,3.342366,0.190627,1.626188,1.925388,0.677993,0.241392,0.246054,0.087684,0.031392,0.338574,,,,,,
sample,92,drone,,2.299301,3.390563,0.207599,1.632231,1.931474,0.680164,0.242169,0.240952,0.086096,0.030862,0.338587,,,,,,
sample,93,drone,,2.324294,3.438911,0.224625,1.638293,1.937432,0.682296,0.242934,0.235850,0.084508,0.030331,0.338602,,,,,,
sample,94,drone,,2.349286,3.487405,0.241703,1.644374,1.943263,0.684389,0.243686,0.230748,0.082920,0.029800,0.338620,,,,,,
sample,95,drone,,2.374279,3.536044,0.258834,1.650474,1.948966,0.686441,0.244424,0.225646,0.081332,0.029270,0.338640,,,,,,
sample,96,drone,,2.399271,3.584824,0.276015,1.656592,1.954542,0.688454,0.245149,0.220544,0.079744,0.028739,0.338663,,,,,,
sample,97,drone,,2.424263,3.633742,0.293246,1.662728,1.959990,0.690427,0.245860,0.215442,0.078156,0.028209,0.338687,,,,,,
sample,98,drone,,2.449256,3.682794,0.310526,1.668881,1.965311,0.692360,0.246559,0.210340,0.076568,0.027678,0.338714,,,,,,
sample,99,drone,,2.474248,3.731977,0.327853,1.675052,1.970504,0.694254,0.247244,0.205238,0.074980,0.027147,0.338743,,,,,,
sample,100,drone,,2.499241,3.781289,0.345228,1.681239,1.975569,0.696108,0.247916,0.200135,0.073391,0.026617,0.338774,,,,,,
sample,101,drone,,2.524233,3.830726,0.362648,1.687444,1.980508,0.697923,0.248574,0.195033,0.071803,0.026086,0.338808,,,,,,
sample,102,drone,,2.549225,3.880284,0.380113,1.693664,1.985318,0.699697,0.249219,0.189931,0.070215,0.025555,0.338843,,,,,,
sample,103,drone,,2.574218,3.929961,0.397622,1.699901,1.990001,0.701432,0.249852,0.184829,0.068627,0.025025,0.338881,,,,,,
sample,104,drone,,2.599210,3.979754,0.415174,1.706153,1.994557,0.703128,0.250470,0.179727,0.067039,0.024494,0.338921,,,,,,
sample,105,drone,,2.624203,4.029659,0.432768,1.712421,1.998985,0.704783,0.251076,0.174625,0.065451,0.023964,0.338963,,,,,,
sample,106,drone,,2.649195,4.079673,0.450403,1.718703,2.003285,0.706399,0.251668,0.169523,0.063863,0.023433,0.339007,,,,,,
sample,107,drone,,2.674188,4.129793,0.468077,1.725000,2.007458,0.707976,0.252247,0.164421,0.062275,0.022902,0.339054,,,,,,
sample,108,drone,,2.699180,4.180015,0.485791,1.731312,2.011504,0.709512,0.252813,0.159319,0.060687,0.022372,0.339102,,,,,,
sample,109,drone,,2.724172,4.230338,0.503542,1.737637,2.015422,0.711009,0.253365,0.154217,0.059099,0.021841,0.339153,,,,,,
sample,110,drone,,2.749165,4.280756,0.521331,1.743976,2.019212,0.712466,0.253905,0.149115,0.057511,0.021310,0.339206,,,,,,
sample,111,drone,,2.774157,4.331268,0.539155,1.750328,2.022875,0.713884,0.254431,0.144013,0.055923,0.020780,0.339261,,,,,,
sample,112,drone,,2.799150,4.381869,0.557014,1.756694,2.026411,0.715261,0.254943,0.138910,0.054335,0.020249,0.339318,,,,,,
sample,113,drone,,2.824142,4.432557,0.574907,1.763072,2.029819,0.716600,0.255443,0.133808,0.052747,0.019718,0.339377,,,,,,
sample,114,drone,,2.849134,4.483329,0.592833,1.769462,2.033099,0.717898,0.255929,0.128706,0.051159,0.019188,0.339438,,,,,,
sample,115,drone,,2.874127,4.534181,0.610791,1.775864,2.036252,0.719157,0.256402,0.123604,0.049571,0.018657,0.339502,,,,,,
sample,116,drone,,2.899119,4.585111,0.628780,1.782278,2.039278,0.720376,0.256861,0.118502,0.047983,0.018127,0.339568,,,,,,
sample,117,drone,,2.924112,4.636114,0.646799,1.788703,2.042176,0.721555,0.257308,0.113400,0.046395,0.017596,0.339635,,,,,,
sample,118,drone,,2.949104,4.687189,0.664847,1.795140,2.044946,0.722695,0.257741,0.108298,0.044806,0.017065,0.339705,,,,,,
sample,119,drone,,2.974096,4.738331,0.682923,1.801587,2.047589,0.723795,0.258161,0.103196,0.043218,0.016535,0.339777,,,,,,
sample,120,drone,,2.999089,4.789537,0.701025,1.808044,2.050104,0.724855,0.258568,0.098094,0.041630,0.016004,0.339852,,,,,,
sample,121,drone,,3.024081,4.840805,0.719154,1.814511,2.052492,0.725876,0.258961,0.092992,0.040042,0.015473,0.339928,,,,,,
sample,122,drone,,3.049074,4.892130,0.737308,1.820988,2.054752,0.726857,0.259341,0.087890,0.038454,0.014943,0.340006,,,,,,
sample,123,drone,,3.074066,4.943511,0.755486,1.827474,2.056885,0.727798,0.259708,0.082788,0.036866,0.014412,0.340087,,,,,,
sample,124,drone,,3.099058,4.994943,0.773687,1.833969,2.058890,0.728699,0.260061,0.077685,0.035278,0.013882,0.340170,,,,,,
sample,125,drone,,3.124051,5.046424,0.791910,1.840473,2.060768,0.729561,0.260402,0.072583,0.033690,0.013351,0.340255,,,,,,
sample,126,drone,,3.149043,5.097950,0.810154,1.846985,2.062518,0.730383,0.260729,0.067481,0.032102,0.012820,0.340342,,,,,,
sample,127,drone,,3.174036,5.149519,0.828418,1.853506,2.064141,0.731166,0.261042,0.062379,0.030514,0.012290,0.340432,,,,,,
sample,128,drone,,3.199028,5.201126,0.846701,1.860034,2.065636,0.731909,0.261343,0.057277,0.028926,0.011759,0.340523,,,,,,
sample,129,drone,,3.224020,5.252769,0.865002,1.866569,2.067004,0.732612,0.261630,0.052175,0.027338,0.011228,0.340617,,,,,,
sample,130,drone,,3.249013,5.304445,0.883321,1.873111,2.068244,0.733275,0.261904,0.047073,0.025750,0.010698,0.340713,,,,,,
sample,131,drone,,3.274005,5.356150,0.901655,1.879660,2.069357,0.733899,0.262165,0.041971,0.024162,0.010167,0.340812,,,,,,
sample,132,drone,,3.298998,5.407881,0.920004,1.886215,2.070342,0.734483,0.262412,0.036869,0.022574,0.009637,0.340913,,,,,,
sample,133,drone,,3.323990,5.459636,0.938368,1.892777,2.071200,0.735027,0.262647,0.031767,0.020986,0.009106,0.341015,,,,,,
sample,134,drone,,3.348982,5.511410,0.956745,1.899344,2.071930,0.735532,0.262868,0.026665,0.019398,0.008575,0.341121,,,,,,
sample,135,drone,,3.373975,5.563201,0.975133,1.905916,2.072533,0.735997,0.263075,0.021562,0.017810,0.008045,0.341228,,,,,,
sample,136,drone,,3.398967,5.615005,0.993533,1.912494,2.073008,0.736422,0.263270,0.016460,0.016222,0.007514,0.341338,,,,,,
sample,137,drone,,3.423960,5.666820,1.011943,1.919076,2.073356,0.736807,0.263451,0.011358,0.014633,0.006983,0.341450,,,,,,
sample,138,drone,,3.448952,5.718641,1.030362,1.925662,2.073576,0.737153,0.263619,0.006256,0.013045,0.006453,0.341565,,,,,,
sample,139,drone,,3.473945,5.770467,1.048790,1.932253,2.073668,0.737460,0.263773,0.001154,0.011457,0.005922,0.341682,,,,,,
sample,140,drone,,3.498937,5.822293,1.067224,1.938847,2.073633,0.737726,0.263915,-0.003948,0.009869,0.005392,0.341801,,,,,,
sample,141,drone,,3.523929,5.874117,1.085665,1.945444,2.073471,0.737953,0.264043,-0.009050,0.008281,0.004861,0.341923,,,,,,
sample,142,drone,,3.548922,5.925935,1.104111,1.952045,2.073181,0.738140,0.264158,-0.014152,0.006693,0.004330,0.342047,,,,,,
sample,143,drone,,3.573914,5.977745,1.122561,1.958648,2.072764,0.738287,0.264259,-0.019254,0.005105,0.003800,0.342174,,,,,,
sample,144,drone,,3.598907,6.029542,1.141014,1.965254,2.072219,0.738395,0.264348,-0.024356,0.003517,0.003269,0.342303,,,,,,
sample,145,drone,,3.623899,6.081324,1.159469,1.971862,2.071546,0.738463,0.264423,-0.029458,0.001929,0.002738,0.342435,,,,,,
sample,146,drone,,3.648891,6.133088,1.177926,1.978471,2.070746,0.738492,0.264485,-0.034560,0.000341,0.002208,0.342570,,,,,,
sample,147,drone,,3.673884,6.184830,1.196383,1.985082,2.069819,0.738480,0.264533,-0.039663,-0.001247,0.001677,0.342707,,,,,,
sample,148,drone,,3.698876,6.236547,1.214839,1.991694,2.068764,0.738429,0.264568,-0.044765,-0.002835,0.001146,0.342846,,,,,,
sample,149,drone,,3.723869,6.288237,1.233293,1.998306,2.067581,0.738339,0.264590,-0.049867,-0.004423,0.000616,0.342988,,,,,,
sample,150,drone,,3.748861,6.339895,1.251744,2.004919,2.066271,0.738208,0.264599,-0.054969,-0.006011,0.000085,0.343133,,,,,,
sample,151,drone,,3.773853,6.391519,1.270192,2.011532,2.064834,0.738038,0.264595,-0.060071,-0.007599,-0.000445,0.343281,,,,,,
sample,152,drone,,3.798846,6.443105,1.288635,2.018145,2.063268,0.737828,0.264577,-0.065173,-0.009187,-0.000976,0.343431,,,,,,
sample,153,drone,,3.823838,6.494651,1.307072,2.024757,2.061576,0.737579,0.264546,-0.070275,-0.010775,-0.001507,0.343584,,,,,,
sample,154,drone,,3.848831,6.546153,1.325503,2.031368,2.059756,0.737290,0.264502,-0.075377,-0.012363,-0.002037,0.343740,,,,,,
sample,155,drone,,3.873823,6.597608,1.343925,2.037978,2.057808,0.736961,0.264444,-0.080479,-0.013952,-0.002568,0.343898,,,,,,
sample,156,drone,,3.898815,6.649012,1.362340,2.044586,2.055733,0.736592,0.264373,-0.085581,-0.015540,-0.003099,0.344060,,,,,,
sample,157,drone,,3.923808,6.700363,1.380744,2.051193,2.053530,0.736184,0.264289,-0.090683,-0.017128,-0.003629,0.344224,,,,,,
sample,158,drone,,3.948800,6.751657,1.399138,2.057797,2.051200,0.735736,0.264192,-0.095785,-0.018716,-0.004160,0.344392,,,,,,
sample,159,drone,,3.973793,6.802892,1.417520,2.064398,2.048743,0.735249,0.264081,-0.100888,-0.020304,-0.004690,0.344562,,,,,,
sample,160,drone,,3.998785,6.854063,1.435889,2.070997,2.046157,0.734721,0.263957,-0.105990,-0.021892,-0.005221,0.344735,,,,,,
sample,161,drone,,4.023777,6.905169,1.454244,2.077592,2.043445,0.734154,0.263820,-0.111092,-0.023480,-0.005752,0.344912,,,,,,
sample,162,drone,,4.048770,6.956205,1.472585,2.084184,2.040605,0.733548,0.263670,-0.116194,-0.025068,-0.006282,0.345091,,,,,,
sample,163,drone,,4.073762,7.007168,1.490911,2.090772,2.037637,0.732901,0.263506,-0.121296,-0.026656,-0.006813,0.345274,,,,,,
sample,164,drone,,4.098755,7.058056,1.509219,2.097355,2.034542,0.732215,0.263329,-0.126398,-0.028244,-0.007344,0.345460,,,,,,
sample,165,drone,,4.123747,7.108864,1.527510,2.103934,2.031319,0.731490,0.263139,-0.131500,-0.029832,-0.007874,0.345649,,,,,,
sample,166,drone,,4.148739,7.159591,1.545783,2.110508,2.027969,0.730724,0.262936,-0.136602,-0.031420,-0.008405,0.345842,,,,,,
sample,167,drone,,4.173732,7.210232,1.564035,2.117077,2.024491,0.729919,0.262719,-0.141704,-0.033008,-0.008935,0.346038,,,,,,
sample,168,drone,,4.198724,7.260784,1.582268,2.123640,2.020885,0.729074,0.262489,-0.146806,-0.034596,-0.009466,0.346237,,,,,,
sample,169,drone,,4.223717,7.311245,1.600478,2.130197,2.017153,0.728190,0.262246,-0.151908,-0.036184,-0.009997,0.346440,,,,,,
sample,170,drone,,4.248709,7.361611,1.618666,2.136748,2.013292,0.727266,0.261989,-0.157010,-0.037772,-0.010527,0.346646,,,,,,
sample,171,drone,,4.273702,7.411879,1.636830,2.143293,2.009305,0.726302,0.261720,-0.162113,-0.039360,-0.011058,0.346856,,,,,,
sample,172,drone,,4.298694,7.462046,1.654970,2.149830,2.005189,0.725298,0.261437,-0.167215,-0.040948,-0.011589,0.347069,,,,,,
sample,173,drone,,4.323686,7.512108,1.673084,2.156361,2.000946,0.724255,0.261140,-0.172317,-0.042536,-0.012119,0.347286,,,,,,
sample,174,drone,,4.348679,7.562063,1.691172,2.162883,1.996576,0.723172,0.260831,-0.177419,-0.044125,-0.012650,0.347507,,,,,,
sample,175,drone,,4.373671,7.611907,1.709232,2.169398,1.992078,0.722049,0.260508,-0.182521,-0.045713,-0.013180,0.347732,,,,,,
sample,176,drone,,4.398664,7.661637,1.727263,2.175905,1.987453,0.720887,0.260172,-0.187623,-0.047301,-0.013711,0.347961,,,,,,
sample,177,drone,,4.423656,7.711249,1.745265,2.182403,1.982700,0.719685,0.259823,-0.192725,-0.048889,-0.014242,0.348193,,,,,,
sample,178,drone,,4.448648,7.760742,1.763237,2.188892,1.977819,0.718443,0.259460,-0.197827,-0.050477,-0.014772,0.348430,,,,,,
sample,179,drone,,4.473641,7.810110,1.781177,2.195372,1.972811,0.717162,0.259084,-0.202929,-0.052065,-0.015303,0.348671,,,,,,
sample,180,drone,,4.498633,7.859352,1.799084,2.201842,1.967676,0.715841,0.258695,-0.208031,-0.053653,-0.015834,0.348916,,,,,,
sample,181,drone,,4.523626,7.908464,1.816958,2.208303,1.962413,0.714480,0.258293,-0.213133,-0.055241,-0.016364,0.349165,,,,,,
sample,182,drone,,4.548618,7.957443,1.834797,2.214753,1.957023,0.713080,0.257877,-0.218235,-0.056829,-0.016895,0.349419,,,,,,
sample,183,drone,,4.573610,8.006286,1.852601,2.221193,1.951505,0.711640,0.257448,-0.223338,-0.058417,-0.017426,0.349677,,,,,,
sample,184,drone,,4.598603,8.054989,1.870368,2.227622,1.945859,0.710160,0.257006,-0.228440,-0.060005,-0.017956,0.349939,,,,,,
sample,185,drone,,4.623595,8.103549,1.888098,2.234039,1.940086,0.708640,0.256551,-0.233542,-0.061593,-0.018487,0.350206,,,,,,
sample,186,drone,,4.648588,8.151964,1.905789,2.240445,1.934186,0.707081,0.256082,-0.238644,-0.063181,-0.019017,0.350478,,,,,,
sample,187,drone,,4.673580,8.200229,1.923441,2.246839,1.928158,0.705482,0.255600,-0.243746,-0.064769,-0.019548,0.350755,,,,,,
sample,188,drone,,4.698572,8.248342,1.941053,2.253221,1.922002,0.703844,0.255105,-0.248848,-0.066357,-0.020079,0.351036,,,,,,
sample,189,drone,,4.723565,8.296300,1.958623,2.259591,1.915719,0.702165,0.254597,-0.253950,-0.067945,-0.020609,0.351323,,,,,,
sample,190,drone,,4.748557,8.344099,1.976150,2.265947,1.909308,0.700447,0.254075,-0.259052,-0.069533,-0.021140,0.351614,,,,,,
sample,191,drone,,4.773550,8.391736,1.993635,2.272291,1.902770,0.698690,0.253540,-0.264154,-0.071121,-0.021671,0.351911,,,,,,
sample,192,drone,,4.798542,8.439209,2.011074,2.278620,1.896105,0.696892,0.252992,-0.269256,-0.072710,-0.022201,0.352213,,,,,,
sample,193,drone,,4.823534,8.486513,2.028469,2.284936,1.889312,0.695055,0.252430,-0.274358,-0.074298,-0.022732,0.352521,,,,,,
sample,194,drone,,4.848527,8.533645,2.045816,2.291238,1.882391,0.693179,0.251856,-0.279460,-0.075886,-0.023262,0.352834,,,,,,
sample,195,drone,,4.873519,8.580604,2.063117,2.297525,1.875343,0.691262,0.251268,-0.284563,-0.077474,-0.023793,0.353153,,,,,,
sample,196,drone,,4.898512,8.627384,2.080369,2.303798,1.868167,0.689306,0.250666,-0.289665,-0.079062,-0.024324,0.353478,,,,,,
sample,197,drone,,4.923504,8.673984,2.097572,2.310055,1.860864,0.687310,0.250052,-0.294767,-0.080650,-0.024854,0.353808,,,,,,
sample,198,drone,,4.948497,8.720399,2.114724,2.316296,1.853433,0.685275,0.249424,-0.299869,-0.082238,-0.025385,0.354145,,,,,,
sample,199,drone,,4.973489,8.766627,2.131825,2.322522,1.845875,0.683200,0.248783,-0.304971,-0.083826,-0.025916,0.354488,,,,,,
sample,200,drone,,4.998481,8.812665,2.148874,2.328732,1.838189,0.681085,0.248129,-0.310073,-0.085414,-0.026446,0.354837,,,,,,
sample,201,drone,,5.023474,8.858509,2.165869,2.334925,1.830376,0.678930,0.247461,-0.315175,-0.087002,-0.026977,0.355192,,,,,,
sample,202,drone,,5.048466,8.904156,2.182810,2.341101,1.822435,0.676736,0.246780,-0.320277,-0.088590,-0.027507,0.355555,,,,,,
sample,203,drone,,5.073459,8.949603,2.199696,2.347260,1.814367,0.674502,0.246086,-0.325379,-0.090178,-0.028038,0.355924,,,,,,
sample,204,drone,,5.098451,8.994847,2.216525,2.353402,1.806171,0.672228,0.245379,-0.330481,-0.091766,-0.028569,0.356300,,,,,,
sample,205,drone,,5.123443,9.039884,2.233297,2.359525,1.797848,0.669915,0.244658,-0.335583,-0.093354,-0.029099,0.356683,,,,,,
sample,206,drone,,5.148436,9.084712,2.250010,2.365631,1.789397,0.667562,0.243924,-0.340685,-0.094942,-0.029630,0.357073,,,,,,
sample,207,drone,,5.173428,9.129327,2.266665,2.371718,1.780819,0.665169,0.243177,-0.345788,-0.096530,-0.030161,0.357472,,,,,,
sample,208,drone,,5.198421,9.173726,2.283259,2.377786,1.772113,0.662737,0.242417,-0.350890,-0.098118,-0.030691,0.357877,,,,,,
sample,209,drone,,5.223413,9.217905,2.299792,2.383835,1.763280,0.660265,0.241643,-0.355992,-0.099706,-0.031222,0.358291,,,,,,
sample,210,drone,,5.248405,9.261863,2.316262,2.389865,1.754319,0.657753,0.240856,-0.361094,-0.101294,-0.031752,0.358713,,,,,,
sample,211,drone,,5.273398,9.305595,2.332669,2.395874,1.745231,0.655202,0.240056,-0.366196,-0.102883,-0.032283,0.359143,,,,,,
sample,212,drone,,5.298390,9.349098,2.349012,2.401864,1.736015,0.652611,0.239242,-0.371298,-0.104471,-0.032814,0.359581,,,,,,
sample,213,drone,,5.323383,9.392369,2.365290,2.407833,1.726671,0.649980,0.238416,-0.376400,-0.106059,-0.033344,0.360028,,,,,,
sample,214,drone,,5.348375,9.435405,2.381501,2.413781,1.717200,0.647309,0.237576,-0.381502,-0.107647,-0.033875,0.360485,,,,,,
sample,215,drone,,5.373367,9.478203,2.397645,2.419708,1.707602,0.644599,0.236722,-0.386604,-0.109235,-0.034406,0.360950,,,,,,
sample,216,drone,,5.398360,9.520759,2.413721,2.425613,1.697876,0.641849,0.235856,-0.391706,-0.110823,-0.034936,0.361425,,,,,,
sample,217,drone,,5.423352,9.563071,2.429728,2.431497,1.688023,0.639060,0.234976,-0.396808,-0.112411,-0.035467,0.361910,,,,,,
sample,218,drone,,5.448345,9.605135,2.445665,2.437359,1.678042,0.636230,0.234083,-0.401910,-0.113999,-0.035998,0.362405,,,,,,
sample,219,drone,,5.473337,9.646948,2.461530,2.443198,1.667933,0.633362,0.233177,-0.407013,-0.115587,-0.036528,0.362910,,,,,,
sample,220,drone,,5.498329,9.688506,2.477323,2.449014,1.657697,0.630453,0.232257,-0.412115,-0.117175,-0.037059,0.363425,,,,,,
sample,221,drone,,5.523322,9.729807,2.493043,2.454807,1.647334,0.627505,0.231324,-0.417217,-0.118763,-0.037589,0.363952,,,,,,
sample,222,drone,,5.548314,9.770848,2.508689,2.460577,1.636843,0.624517,0.230378,-0.422319,-0.120351,-0.038120,0.364490,,,,,,
sample,223,drone,,5.573307,9.811625,2.524259,2.466322,1.626224,0.621489,0.229419,-0.427421,-0.121939,-0.038651,0.365039,,,,,,
sample,224,drone,,5.598299,9.852134,2.539754,2.472044,1.615478,0.618421,0.228446,-0.432523,-0.123527,-0.039181,0.365600,,,,,,
sample,225,drone,,5.623291,9.892374,2.555171,2.477741,1.604605,0.615314,0.227460,-0.437625,-0.125115,-0.039712,0.366174,,,,,,
sample,226,drone,,5.648284,9.932340,2.570510,2.483414,1.593604,0.612168,0.226461,-0.442727,-0.126703,-0.040243,0.366760,,,,,,
sample,227,drone,,5.673276,9.972030,2.585770,2.489061,1.582475,0.608981,0.225449,-0.447829,-0.128291,-0.040773,0.367359,,,,,,
sample,228,drone,,5.698269,10.011440,2.600950,2.494683,1.571219,0.605755,0.224423,-0.452931,-0.129879,-0.041304,0.367972,,,,,,
sample,229,drone,,5.723261,10.050567,2.616049,2.500279,1.559835,0.602489,0.223384,-0.458033,-0.131468,-0.041834,0.368599,,,,,,
sample,230,drone,,5.748254,10.089408,2.631065,2.505848,1.548324,0.599184,0.222332,-0.463135,-0.133056,-0.042365,0.369239,,,,,,
sample,231,drone,,5.773246,10.127960,2.645999,2.511392,1.536686,0.595838,0.221267,-0.468238,-0.134644,-0.042896,0.369895,,,,,,
sample,232,drone,,5.798238,10.166219,2.660848,2.516908,1.524919,0.592453,0.220188,-0.473340,-0.136232,-0.043426,0.370566,,,,,,
sample,233,drone,,5.823231,10.204182,2.675613,2.522398,1.513026,0.589029,0.219096,-0.478442,-0.137820,-0.043957,0.371253,,,,,,
sample,234,drone,,5.848223,10.241847,2.690291,2.527860,1.501005,0.585565,0.217991,-0.483544,-0.139408,-0.044488,0.371956,,,,,,
sample,235,drone,,5.873216,10.279210,2.704882,2.533294,1.488856,0.582061,0.216872,-0.488646,-0.140996,-0.045018,0.372676,,,,,,
sample,236,drone,,5.898208,10.316267,2.719385,2.538700,1.476580,0.578517,0.215741,-0.493748,-0.142584,-0.045549,0.373413,,,,,,
sample,237,drone,,5.923200,10.353016,2.733799,2.544078,1.464176,0.574934,0.214596,-0.498850,-0.144172,-0.046079,0.374169,,,,,,
sample,238,drone,,5.948193,10.389454,2.748123,2.549427,1.451645,0.571310,0.213437,-0.503952,-0.145760,-0.046610,0.374943,,,,,,
sample,239,drone,,5.973185,10.425577,2.762356,2.554746,1.438986,0.567648,0.212266,-0.509054,-0.147348,-0.047141,0.375737,,,,,,
sample,240,drone,,5.998178,10.461381,2.776497,2.560037,1.426200,0.563945,0.211081,-0.514156,-0.148936,-0.047671,0.376550,,,,,,
sample,241,drone,,6.023170,10.496865,2.790544,2.565297,1.413286,0.560203,0.209883,-0.519258,-0.150524,-0.048202,0.377385,,,,,,
sample,242,drone,,6.048162,10.532024,2.804498,2.570528,1.400245,0.556421,0.208672,-0.524360,-0.152112,-0.048733,0.378241,,,,,,
sample,243,drone,,6.073155,10.566856,2.818357,2.575728,1.387076,0.552600,0.207447,-0.529463,-0.153700,-0.049263,0.379119,,,,,,
sample,244,drone,,6.098147,10.601357,2.832120,2.580897,1.373780,0.548739,0.206209,-0.534565,-0.155288,-0.049794,0.380021,,,,,,
sample,245,drone,,6.123140,10.635524,2.845786,2.586035,1.360356,0.544838,0.204958,-0.539667,-0.156876,-0.050324,0.380947,,,,,,
sample,246,drone,,6.148132,10.669354,2.859354,2.591142,1.346805,0.540897,0.203694,-0.544769,-0.158464,-0.050855,0.381898,,,,,,
sample,247,drone,,6.173124,10.702844,2.872822,2.596217,1.333126,0.536917,0.202416,-0.549871,-0.160052,-0.051386,0.382875,,,,,,
sample,248,drone,,6.198117,10.735990,2.886191,2.601260,1.319319,0.532897,0.201125,-0.554973,-0.161641,-0.051916,0.383880,,,,,,
sample,249,drone,,6.223109,10.768790,2.899459,2.606270,1.305385,0.528837,0.199821,-0.560075,-0.163229,-0.052447,0.384912,,,,,,
sample,250,drone,,6.248102,10.801240,2.912625,2.611248,1.291324,0.524738,0.198504,-0.565177,-0.164817,-0.052978,0.385974,,,,,,
sample,251,drone,,6.273094,10.833336,2.925688,2.616192,1.277135,0.520599,0.197173,-0.570279,-0.166405,-0.053508,0.387067,,,,,,
sample,252,drone,,6.298086,10.865077,2.938647,2.621103,1.262819,0.516420,0.195829,-0.575381,-0.167993,-0.054039,0.388192,,,,,,
sample,253,drone,,6.323079,10.896458,2.951501,2.625981,1.248375,0.512202,0.194472,-0.580483,-0.169581,-0.054570,0.389350,,,,,,
sample,254,drone,,6.348071,10.927477,2.964249,2.630824,1.233803,0.507944,0.193102,-0.585586,-0.171169,-0.055100,0.390543,,,,,,
sample,255,drone,,6.373064,10.958130,2.976891,2.635633,1.219105,0.503646,0.191718,-0.590688,-0.172757,-0.055631,0.391772,,,,,,
sample,256,drone,,6.398056,10.988413,2.989424,2.640407,1.204278,0.499309,0.190321,-0.595790,-0.174345,-0.056161,0.393040,,,,,,
sample,257,drone,,6.423049,11.018325,3.001849,2.645146,1.189324,0.494932,0.188911,-0.600892,-0.175933,-0.056692,0.394347,,,,,,
sample,258,drone,,6.448041,11.047862,3.014163,2.649849,1.174243,0.490515,0.187487,-0.605994,-0.177521,-0.057223,0.395696,,,,,,
sample,259,drone,,6.473033,11.077020,3.026367,2.654517,1.159034,0.486058,0.186050,-0.611096,-0.179109,-0.057753,0.397088,,,,,,
sample,260,drone,,6.498026,11.105796,3.038459,2.659149,1.143697,0.481562,0.184600,-0.616198,-0.180697,-0.058284,0.398526,,,,,,
sample,261,drone,,6.523018,11.134187,3.050438,2.663745,1.128233,0.477026,0.183137,-0.621300,-0.182285,-0.058815,0.400013,,,,,,
sample,262,drone,,6.548011,11.162190,3.062303,2.668303,1.112642,0.472451,0.181660,-0.626402,-0.183873,-0.059345,0.401549,,,,,,
sample,263,drone,,6.573003,11.189802,3.074053,2.672825,1.096922,0.467835,0.180171,-0.631504,-0.185461,-0.059876,0.403139,,,,,,
sample,264,drone,,6.597995,11.217020,3.085687,2.677309,1.081076,0.463180,0.178668,-0.636606,-0.187049,-0.060406,0.404784,,,,,,
sample,265,drone,,6.622988,11.243840,3.097205,2.681755,1.065102,0.458486,0.177151,-0.641708,-0.188637,-0.060937,0.406488,,,,,,
sample,266,drone,,6.647980,11.270259,3.108605,2.686164,1.049000,0.453751,0.175622,-0.646811,-0.190226,-0.061468,0.408253,,,,,,
sample,267,drone,,6.672973,11.296274,3.119886,2.690534,1.032771,0.448977,0.174079,-0.651913,-0.191814,-0.061998,0.410084,,,,,,
sample,268,drone,,6.697965,11.321881,3.131047,2.694865,1.016414,0.444164,0.172523,-0.657015,-0.193402,-0.062529,0.411983,,,,,,
sample,269,drone,,6.722957,11.347079,3.142087,2.699157,0.999930,0.439310,0.170953,-0.662117,-0.194990,-0.063060,0.413954,,,,,,
sample,270,drone,,6.747950,11.371863,3.153006,2.703410,0.983319,0.434417,0.169371,-0.667219,-0.196578,-0.063590,0.416003,,,,,,
sample,271,drone,,6.772942,11.396230,3.163801,2.707623,0.966580,0.429484,0.167775,-0.672321,-0.198166,-0.064121,0.418132,,,,,,
sample,272,drone,,6.797935,11.420177,3.174473,2.711796,0.949713,0.424512,0.166166,-0.677423,-0.199754,-0.064651,0.420348,,,,,,
sample,273,drone,,6.822927,11.443701,3.185020,2.715929,0.932719,0.419500,0.164543,-0.682525,-0.201342,-0.065182,0.422654,,,,,,
sample,274,drone,,6.847919,11.466799,3.195442,2.720021,0.915597,0.414448,0.162907,-0.687627,-0.202930,-0.065713,0.425058,,,,,,
sample,275,drone,,6.872912,11.489467,3.205737,2.724072,0.898348,0.409356,0.161259,-0.692729,-0.204518,-0.066243,0.427565,,,,,,
sample,276,drone,,6.897904,11.511703,3.215904,2.728082,0.880971,0.404225,0.159596,-0.697831,-0.206106,-0.066774,0.430181,,,,,,
sample,277,drone,,6.922897,11.533502,3.225942,2.732049,0.863467,0.399054,0.157921,-0.702933,-0.207694,-0.067305,0.432914,,,,,,
sample,278,drone,,6.947889,11.554863,3.235850,2.735975,0.845835,0.393843,0.156232,-0.708036,-0.209282,-0.067835,0.435773,,,,,,
sample,279,drone,,6.972881,11.575781,3.245628,2.739859,0.828076,0.388593,0.154530,-0.713138,-0.210870,-0.068366,0.438765,,,,,,
sample,280,drone,,6.997874,11.596254,3.255274,2.743699,0.810189,0.383303,0.152815,-0.718240,-0.212458,-0.068896,0.441900,,,,,,
sample,281,drone,,7.022866,11.616278,3.264787,2.747497,0.792175,0.377973,0.151086,-0.723342,-0.214046,-0.069427,0.445188,,,,,,
sample,282,drone,,7.047859,11.635851,3.274167,2.751251,0.774033,0.372604,0.149345,-0.728444,-0.215634,-0.069958,0.448641,,,,,,
sample,283,drone,,7.072851,11.654968,3.283412,2.754962,0.755764,0.367195,0.147590,-0.733546,-0.217222,-0.070488,0.452271,,,,,,
sample,284,drone,,7.097843,11.673627,3.292521,2.758629,0.737367,0.361746,0.145821,-0.738648,-0.218810,-0.071019,0.456093,,,,,,
sample,285,drone,,7.122836,11.691825,3.301494,2.762251,0.718842,0.356258,0.144040,-0.743750,-0.220399,-0.071550,0.460121,,,,,,
sample,286,drone,,7.147828,11.709559,3.310328,2.765828,0.700191,0.350730,0.142245,-0.748852,-0.221987,-0.072080,0.464372,,,,,,
sample,287,drone,,7.172821,11.726824,3.319025,2.769361,0.681411,0.345162,0.140437,-0.753954,-0.223575,-0.072611,0.468866,,,,,,
sample,288,drone,,7.197813,11.743619,3.327581,2.772848,0.662504,0.339554,0.138615,-0.759056,-0.225163,-0.073142,0.473622,,,,,,
sample,289,drone,,7.222806,11.759939,3.335997,2.776290,0.643470,0.333907,0.136781,-0.764158,-0.226751,-0.073672,0.478666,,,,,,
sample,290,drone,,7.247798,11.775783,3.344272,2.779685,0.624308,0.328220,0.134933,-0.769261,-0.228339,-0.074203,0.484023,,,,,,
sample,291,drone,,7.272790,11.791145,3.352403,2.783034,0.605018,0.322494,0.133072,-0.774363,-0.229927,-0.074733,0.489722,,,,,,
sample,292,drone,,7.297783,11.806024,3.360391,2.786337,0.585602,0.316727,0.131197,-0.779465,-0.231515,-0.075264,0.495797,,,,,,
sample,293,drone,,7.322775,11.820416,3.368235,2.789592,0.566057,0.310921,0.129310,-0.784567,-0.233103,-0.075795,0.502287,,,,,,
sample,294,drone,,7.347768,11.834319,3.375933,2.792800,0.546385,0.305076,0.127409,-0.789669,-0.234691,-0.076325,0.509233,,,,,,
sample,295,drone,,7.372760,11.847727,3.383484,2.795961,0.526586,0.299190,0.125495,-0.794771,-0.236279,-0.076856,0.516686,,,,,,
sample,296,drone,,7.397752,11.860640,3.390888,2.799073,0.506659,0.293265,0.123567,-0.799873,-0.237867,-0.077387,0.524702,,,,,,
sample,297,drone,,7.422745,11.873053,3.398143,2.802137,0.486604,0.287301,0.121626,-0.804975,-0.239455,-0.077917,0.533345,,,,,,
sample,298,drone,,7.447737,11.884963,3.405248,2.805152,0.466422,0.281296,0.119672,-0.810077,-0.241043,-0.078448,0.542691,,,,,,
sample,299,drone,,7.472730,11.896367,3.412203,2.808119,0.446113,0.275252,0.117705,-0.815179,-0.242631,-0.078978,0.552827,,,,,,
sample,300,drone,,7.497722,11.907262,3.419007,2.811036,0.425676,0.269168,0.115725,-0.820281,-0.244219,-0.079509,0.563854,,,,,,
sample,301,drone,,7.522714,11.917644,3.425658,2.813903,0.405111,0.263045,0.113731,-0.825383,-0.245807,-0.080040,0.575894,,,,,,
sample,302,drone,,7.547707,11.927511,3.432155,2.816721,0.384419,0.256882,0.111724,-0.830486,-0.247395,-0.080570,0.589087,,,,,,
sample,303,drone,,7.572699,11.936859,3.438498,2.819488,0.363599,0.250679,0.109704,-0.835588,-0.248984,-0.081101,0.603601,,,,,,
sample,304,drone,,7.597692,11.945685,3.444685,2.822204,0.342652,0.244436,0.107670,-0.840690,-0.250572,-0.081632,0.619640,,,,,,
sample,305,drone,,7.622684,11.953987,3.450716,2.824870,0.321578,0.238154,0.105623,-0.845792,-0.252160,-0.082162,0.637445,,,,,,
sample,306,drone,,7.647676,11.961759,3.456589,2.827484,0.300375,0.231832,0.103563,-0.850894,-0.253748,-0.082693,0.657313,,,,,,
sample,307,drone,,7.672669,11.969001,3.462304,2.830046,0.279046,0.225471,0.101490,-0.855996,-0.255336,-0.083223,0.679603,,,,,,
sample,308,drone,,7.697661,11.975707,3.467859,2.832557,0.257589,0.219069,0.099403,-0.861098,-0.256924,-0.083754,0.704762,,,,,,
sample,309,drone,,7.722654,11.981876,3.473254,2.835015,0.236004,0.212628,0.097304,-0.866200,-0.258512,-0.084285,0.733341,,,,,,
sample,310,drone,,7.747646,11.987504,3.478488,2.837421,0.214292,0.206148,0.095190,-0.871302,-0.260100,-0.084815,0.766030,,,,,,
sample,311,drone,,7.772638,11.992588,3.483558,2.839773,0.192452,0.199627,0.093064,-0.876404,-0.261688,-0.085346,0.803696,,,,,,
sample,312,drone,,7.797631,11.997124,3.488466,2.842072,0.170485,0.193067,0.090924,-0.881506,-0.263276,-0.085877,0.847434,,,,,,
sample,313,drone,,7.822623,12.001109,3.493209,2.844318,0.148390,0.186467,0.088772,-0.886608,-0.264864,-0.086407,0.898623,,,,,,
sample,314,drone,,7.847616,12.004541,3.497786,2.846510,0.126168,0.179828,0.086605,-0.918432,-0.257302,-0.082577,0.958995,,,,,,
sample,315,drone,,7.872608,12.007416,3.502198,2.848647,0.102483,0.173606,0.084644,-1.090967,-0.200798,-0.055461,1.037528,,,,,,
sample,316,drone,,7.897600,12.009664,3.506464,2.850740,0.071636,0.169791,0.083833,-1.360015,-0.108726,-0.011517,1.171548,,,,,,
sample,317,drone,,7.922593,12.010996,3.510684,2.852837,0.034502,0.168172,0.084068,-1.493332,-0.060319,0.011484,1.368442,,,,,,
sample,318,drone,,7.947585,12.011388,3.514870,2.854943,-0.003008,0.166776,0.084407,-1.494880,-0.055928,0.013457,1.588829,,,,,,
sample,319,drone,,7.972578,12.010846,3.519021,2.857056,-0.040219,0.165376,0.084741,-1.482916,-0.056112,0.013246,1.809362,,,,,,
sample,320,drone,,7.997570,12.009378,3.523136,2.859178,-0.077131,0.163971,0.085069,-1.470951,-0.056296,0.013036,2.010479,,,,,,
sample,321,drone,,8.022563,12.006991,3.527217,2.861308,-0.113744,0.162562,0.085392,-1.458986,-0.056480,0.012826,2.181319,,,,,,
sample,322,drone,,8.047555,12.003692,3.531262,2.863447,-0.150058,0.161148,0.085710,-1.447022,-0.056664,0.012616,2.320574,,,,,,
sample,323,drone,,8.072547,11.999490,3.535272,2.865593,-0.186073,0.159730,0.086023,-1.435057,-0.056848,0.012406,2.432228,,,,,,
sample,324,drone,,8.097540,11.994392,3.539246,2.867747,-0.221789,0.158307,0.086330,-1.423092,-0.057032,0.012195,2.521684,,,,,,
sample,325,drone,,8.122532,11.988404,3.543185,2.869908,-0.257206,0.156879,0.086633,-1.411128,-0.057216,0.011985,2.593900,,,,,,
sample,326,drone,,8.147525,11.981535,3.547088,2.872077,-0.292324,0.155447,0.086930,-1.399163,-0.057400,0.011775,2.652860,,,,,,
sample,327,drone,,8.172517,11.973792,3.550955,2.874253,-0.327143,0.154010,0.087221,-1.387198,-0.057584,0.011565,2.701600,,,,,,
sample,328,drone,,8.197509,11.965183,3.554786,2.876437,-0.361663,0.152568,0.087508,-1.375234,-0.057768,0.011354,2.742391,,,,,,
sample,329,drone,,8.222502,11.955715,3.558581,2.878627,-0.395884,0.151122,0.087789,-1.363269,-0.057952,0.011144,2.776932,,,,,,
sample,330,drone,,8.247494,11.945395,3.562340,2.880825,-0.429806,0.149672,0.088065,-1.351304,-0.058136,0.010934,2.806495,,,,,,
sample,331,drone,,8.272487,11.934231,3.566062,2.883029,-0.463429,0.148216,0.088335,-1.339340,-0.058320,0.010724,2.832048,,,,,,
sample,332,drone,,8.297479,11.922230,3.569748,2.885240,-0.496752,0.146756,0.088601,-1.327375,-0.058504,0.010513,2.854332,,,,,,
sample,333,drone,,8.322471,11.909401,3.573398,2.887458,-0.529777,0.145292,0.088861,-1.315410,-0.058688,0.010303,2.873923,,,,,,
sample,334,drone,,8.347464,11.895750,3.577011,2.889682,-0.562503,0.143823,0.089116,-1.303446,-0.058872,0.010093,2.891272,,,,,,
sample,335,drone,,8.372456,11.881284,3.580587,2.891912,-0.594930,0.142349,0.089365,-1.291481,-0.059056,0.009883,2.906737,,,,,,
sample,336,drone,,8.397449,11.866012,3.584126,2.894149,-0.627057,0.140871,0.089610,-1.279516,-0.059240,0.009673,2.920607,,,,,,
sample,337,drone,,8.422441,11.849941,3.587628,2.896391,-0.658886,0.139388,0.089849,-1.267552,-0.059424,0.009462,2.933115,,,,,,
sample,338,drone,,8.447433,11.833078,3.591093,2.898640,-0.690416,0.137901,0.090083,-1.255587,-0.059608,0.009252,2.944451,,,,,,
sample,339,drone,,8.472426,11.815430,3.594521,2.900894,-0.721646,0.136409,0.090311,-1.243622,-0.059792,0.009042,2.954773,,,,,,
sample,340,drone,,8.497418,11.797006,3.597912,2.903154,-0.752578,0.134912,0.090535,-1.231658,-0.059976,0.008832,2.964210,,,,,,
sample,341,drone,,8.522411,11.777813,3.601265,2.905419,-0.783211,0.133411,0.090753,-1.219693,-0.060160,0.008621,2.972874,,,,,,
sample,342,drone,,8.547403,11.757858,3.604580,2.907690,-0.813544,0.131905,0.090966,-1.207729,-0.060344,0.008411,2.980855,,,,,,
sample,343,drone,,8.572395,11.737148,3.607858,2.909966,-0.843579,0.130395,0.091173,-1.195764,-0.060528,0.008201,2.988233,,,,,,
sample,344,drone,,8.597388,11.715692,3.611098,2.912247,-0.873314,0.128880,0.091375,-1.183799,-0.060712,0.007991,2.995075,,,,,,
sample,345,drone,,8.622380,11.693496,3.614300,2.914534,-0.902751,0.127360,0.091573,-1.171835,-0.060896,0.007780,3.001438,,,,,,
sample,346,drone,,8.647373,11.670568,3.617464,2.916825,-0.931888,0.125836,0.091764,-1.159870,-0.061080,0.007570,3.007372,,,,,,
sample,347,drone,,8.672365,11.646915,3.620590,2.919120,-0.960727,0.124307,0.091951,-1.147905,-0.061264,0.007360,3.012919,,,,,,
sample,348,drone,,8.697358,11.622546,3.623677,2.921421,-0.989266,0.122773,0.092132,-1.135941,-0.061448,0.007150,3.018118,,,,,,
sample,349,drone,,8.722350,11.597467,3.626727,2.923726,-1.017506,0.121235,0.092308,-1.123976,-0.061632,0.006939,3.023002,,,,,,
sample,350,drone,,8.747342,11.571686,3.629737,2.926035,-1.045448,0.119693,0.092479,-1.112011,-0.061816,0.006729,3.027600,,,,,,
sample,351,drone,,8.772335,11.545211,3.632709,2.928348,-1.073090,0.118146,0.092645,-1.100047,-0.062000,0.006519,3.031936,,,,,,
sample,352,drone,,8.797327,11.518048,3.635643,2.930666,-1.100433,0.116594,0.092805,-1.088082,-0.062184,0.006309,3.036034,,,,,,
sample,353,drone,,8.822320,11.490206,3.638537,2.932987,-1.127478,0.115037,0.092960,-1.076117,-0.062368,0.006099,3.039914,,,,,,
sample,354,drone,,8.847312,11.461691,3.641393,2.935312,-1.154223,0.113476,0.093110,-1.064153,-0.062552,0.005888,3.043594,,,,,,
sample,355,drone,,8.872304,11.432512,3.644209,2.937641,-1.180669,0.111911,0.093254,-1.052188,-0.062736,0.005678,3.047089,,,,,,
sample,356,drone,,8.897297,11.402676,3.646987,2.939974,-1.206816,0.110340,0.093394,-1.040223,-0.062920,0.005468,3.050415,,,,,,
sample,357,drone,,8.922289,11.372190,3.649725,2.942309,-1.232664,0.108766,0.093528,-1.028259,-0.063104,0.005258,3.053584,,,,,,
sample,358,drone,,8.947282,11.341061,3.652423,2.944649,-1.258214,0.107186,0.093656,-1.016294,-0.063288,0.005047,3.056609,,,,,,
sample,359,drone,,8.972274,11.309298,3.655082,2.946991,-1.283464,0.105602,0.093780,-1.004329,-0.063472,0.004837,3.059499,,,,,,
sample,360,drone,,8.997266,11.276908,3.657702,2.949336,-1.308415,0.104014,0.093898,-0.992365,-0.063656,0.004627,3.062264,,,,,,
sample,361,drone,,9.022259,11.243897,3.660281,2.951684,-1.333067,0.102420,0.094011,-0.980400,-0.063840,0.004417,3.064913,,,,,,
sample,362,drone,,9.047251,11.210274,3.662821,2.954035,-1.357420,0.100822,0.094119,-0.968435,-0.064024,0.004206,3.067454,,,,,,
sample,363,drone,,9.072244,11.176047,3.665321,2.956389,-1.381474,0.099220,0.094221,-0.956471,-0.064208,0.003996,3.069894,,,,,,
sample,364,drone,,9.097236,11.141222,3.667781,2.958745,-1.405229,0.097613,0.094319,-0.944506,-0.064392,0.003786,3.072240,,,,,,
sample,365,drone,,9.122228,11.105807,3.670200,2.961103,-1.428685,0.096001,0.094411,-0.932541,-0.064576,0.003576,3.074498,,,,,,
sample,366,drone,,9.147221,11.069809,3.672579,2.963464,-1.451842,0.094385,0.094497,-0.920577,-0.064760,0.003365,3.076673,,,,,,
sample,367,drone,,9.172213,11.033237,3.674918,2.965827,-1.474700,0.092764,0.094579,-0.908612,-0.064944,0.003155,3.078771,,,,,,
sample,368,drone,,9.197206,10.996097,3.677216,2.968192,-1.497259,0.091139,0.094655,-0.896647,-0.065128,0.002945,3.080797,,,,,,
sample,369,drone,,9.222198,10.958396,3.679474,2.970558,-1.519518,0.089509,0.094726,-0.884683,-0.065312,0.002735,3.082754,,,,,,
sample,370,drone,,9.247190,10.920144,3.681690,2.972926,-1.541479,0.087874,0.094792,-0.872718,-0.065496,0.002525,3.084648,,,,,,
sample,371,drone,,9.272183,10.881346,3.683866,2.975296,-1.563141,0.086235,0.094852,-0.860753,-0.065680,0.002314,3.086481,,,,,,
sample,372,drone,,9.297175,10.842010,3.686001,2.977668,-1.584504,0.084591,0.094908,-0.848789,-0.065864,0.002104,3.088257,,,,,,
sample,373,drone,,9.322168,10.802145,3.688094,2.980040,-1.605568,0.082943,0.094957,-0.836824,-0.066048,0.001894,3.089979,,,,,,
sample,374,drone,,9.347160,10.761756,3.690147,2.982414,-1.626332,0.081290,0.095002,-0.824859,-0.066232,0.001684,3.091651,,,,,,
sample,375,drone,,9.372152,10.720853,3.692158,2.984789,-1.646798,0.079632,0.095042,-0.812895,-0.066416,0.001473,3.093274,,,,,,
sample,376,drone,,9.397145,10.679442,3.694127,2.987165,-1.666965,0.077970,0.095076,-0.800930,-0.066600,0.001263,3.094853,,,,,,
sample,377,drone,,9.422137,10.637530,3.696055,2.989541,-1.686832,0.076303,0.095105,-0.788965,-0.066784,0.001053,3.096389,,,,,,
sample,378,drone,,9.447130,10.595126,3.697941,2.991918,-1.706401,0.074632,0.095128,-0.777001,-0.066968,0.000843,3.097884,,,,,,
sample,379,drone,,9.472122,10.552236,3.699785,2.994296,-1.725671,0.072956,0.095147,-0.765036,-0.067152,0.000632,3.099341,,,,,,
sample,380,drone,,9.497115,10.508868,3.701588,2.996674,-1.744641,0.071276,0.095160,-0.753071,-0.067336,0.000422,3.100761,,,,,,
sample,381,drone,,9.522107,10.465030,3.703348,2.999053,-1.763313,0.069590,0.095168,-0.741107,-0.067520,0.000212,3.102147,,,,,,
sample,382,drone,,9.547099,10.420729,3.705066,3.001431,-1.781685,0.067901,0.095171,-0.729142,-0.067704,0.000002,3.103501,,,,,,
sample,383,drone,,9.572092,10.375973,3.706742,3.003810,-1.799759,0.066206,0.095168,-0.717177,-0.067888,-0.000209,3.104823,,,,,,
sample,384,drone,,9.597084,10.330769,3.708375,3.006188,-1.817533,0.064507,0.095160,-0.705213,-0.068072,-0.000419,3.106116,,,,,,
sample,385,drone,,9.622077,10.285124,3.709966,3.008566,-1.835009,0.062804,0.095147,-0.693248,-0.068256,-0.000629,3.107381,,,,,,
sample,386,drone,,9.647069,10.239046,3.711515,3.010944,-1.852185,0.061095,0.095129,-0.681283,-0.068440,-0.000839,3.108619,,,,,,
sample,387,drone,,9.672061,10.192543,3.713020,3.013321,-1.869063,0.059383,0.095105,-0.669319,-0.068624,-0.001049,3.109832,,,,,,
sample,388,drone,,9.697054,10.145621,3.714483,3.015698,-1.885641,0.057665,0.095076,-0.657354,-0.068808,-0.001260,3.111021,,,,,,
sample,389,drone,,9.722046,10.098289,3.715903,3.018074,-1.901920,0.055943,0.095042,-0.645389,-0.068992,-0.001470,3.112187,,,,,,
sample,390,drone,,9.747039,10.050554,3.717279,3.020449,-1.917901,0.054217,0.095003,-0.633425,-0.069176,-0.001680,3.113331,,,,,,
sample,391,drone,,9.772031,10.002424,3.718613,3.022822,-1.933582,0.052486,0.094958,-0.621460,-0.069360,-0.001890,3.114455,,,,,,
sample,392,drone,,9.797023,9.953905,3.719903,3.025195,-1.948964,0.050750,0.094908,-0.609495,-0.069544,-0.002101,3.115559,,,,,,
sample,393,drone,,9.822016,9.905005,3.721149,3.027566,-1.964047,0.049009,0.094853,-0.597531,-0.069728,-0.002311,3.116645,,,,,,
sample,394,drone,,9.847008,9.855732,3.722352,3.029936,-1.978832,0.047264,0.094793,-0.585566,-0.069912,-0.002521,3.117712,,,,,,
sample,395,drone,,9.872001,9.806093,3.723512,3.032305,-1.993317,0.045515,0.094727,-0.573601,-0.070096,-0.002731,3.118763,,,,,,
sample,396,drone,,9.896993,9.756096,3.724628,3.034671,-2.007503,0.043761,0.094656,-0.561637,-0.070280,-0.002942,3.119798,,,,,,
sample,397,drone,,9.921985,9.705749,3.725699,3.037036,-2.021390,0.042002,0.094580,-0.549672,-0.070464,-0.003152,3.120817,,,,,,
sample,398,drone,,9.946978,9.655058,3.726727,3.039399,-2.034978,0.040239,0.094499,-0.537707,-0.070648,-0.003362,3.121822,,,,,,
sample,399,drone,,9.971970,9.604031,3.727711,3.041760,-2.048267,0.038471,0.094412,-0.525743,-0.070832,-0.003572,3.122813,,,,,,
sample,400,drone,,9.996963,9.552675,3.728650,3.044118,-2.061257,0.036698,0.094320,-0.513778,-0.071016,-0.003782,3.123791,,,,,,
sample,401,drone,,10.021955,9.500999,3.729545,3.046474,-2.073948,0.034921,0.094223,-0.501813,-0.071200,-0.003993,3.124756,,,,,,
sample,402,drone,,10.046947,9.449010,3.730395,3.048828,-2.086340,0.033139,0.094121,-0.489849,-0.071384,-0.004203,3.125710,,,,,,
sample,403,drone,,10.071940,9.396714,3.731201,3.051179,-2.098433,0.031353,0.094013,-0.477884,-0.071568,-0.004413,3.126653,,,,,,
sample,404,drone,,10.096932,9.344120,3.731963,3.053527,-2.110227,0.029562,0.093900,-0.465919,-0.071752,-0.004623,3.127585,,,,,,
sample,405,drone,,10.121925,9.291235,3.732679,3.055872,-2.121722,0.027766,0.093782,-0.453955,-0.071936,-0.004834,3.128507,,,,,,
sample,406,drone,,10.146917,9.238066,3.733351,3.058215,-2.132918,0.025966,0.093658,-0.441990,-0.072120,-0.005044,3.129419,,,,,,
sample,407,drone,,10.171909,9.184621,3.733977,3.060554,-2.143815,0.024161,0.093530,-0.430025,-0.072304,-0.005254,3.130323,,,,,,
sample,408,drone,,10.196902,9.130908,3.734558,3.062890,-2.154413,0.022352,0.093396,-0.418061,-0.072488,-0.005464,3.131218,,,,,,
sample,409,drone,,10.221894,9.076933,3.735094,3.065222,-2.164712,0.020538,0.093257,-0.406096,-0.072672,-0.005675,3.132105,,,,,,
sample,410,drone,,10.246887,9.022705,3.735585,3.067551,-2.174712,0.018720,0.093112,-0.394131,-0.072856,-0.005885,3.132985,,,,,,
sample,411,drone,,10.271879,8.968231,3.736030,3.069876,-2.184412,0.016896,0.092962,-0.382167,-0.073040,-0.006095,3.133858,,,,,,
sample,412,drone,,10.296872,8.913517,3.736429,3.072198,-2.193814,0.015069,0.092808,-0.370202,-0.073224,-0.006305,3.134724,,,,,,
sample,413,drone,,10.321864,8.858573,3.736783,3.074515,-2.202917,0.013236,0.092647,-0.358237,-0.073408,-0.006516,3.135584,,,,,,
sample,414,drone,,10.346856,8.803405,3.737091,3.076829,-2.211721,0.011399,0.092482,-0.346273,-0.073592,-0.006726,3.136439,,,,,,
sample,415,drone,,10.371849,8.748021,3.737353,3.079138,-2.220225,0.009558,0.092311,-0.334308,-0.073776,-0.006936,3.137288,,,,,,
sample,416,drone,,10.396841,8.692428,3.737569,3.081443,-2.228431,0.007712,0.092135,-0.322344,-0.073960,-0.007146,3.138132,,,,,,
sample,417,drone,,10.421834,8.636633,3.737738,3.083743,-2.236338,0.005861,0.091954,-0.310379,-0.074144,-0.007356,3.138972,,,,,,
sample,418,drone,,10.446826,8.580645,3.737862,3.086039,-2.243945,0.004006,0.091767,-0.298414,-0.074328,-0.007567,3.139808,,,,,,
sample,419,drone,,10.471818,8.524470,3.737939,3.088330,-2.251254,0.002146,0.091576,-0.286450,-0.074512,-0.007777,3.140639,,,,,,
sample,420,drone,,10.496811,8.468116,3.737969,3.090617,-2.258263,0.000281,0.091379,-0.274485,-0.074696,-0.007987,3.141468,,,,,,
sample,421,drone,,10.521803,8.411591,3.737953,3.092898,-2.264974,-0.001588,0.091176,-0.262520,-0.074880,-0.008197,-3.140892,,,,,,
sample,422,drone,,10.546796,8.354902,3.737890,3.095174,-2.271385,-0.003462,0.090969,-0.250556,-0.075064,-0.008408,-3.140069,,,,,,
sample,423,drone,,10.571788,8.298056,3.737780,3.097445,-2.277498,-0.005340,0.090756,-0.238591,-0.075248,-0.008618,-3.139248,,,,,,
sample,424,drone,,10.596780,8.241062,3.737623,3.099710,-2.283311,-0.007223,0.090538,-0.226626,-0.075432,-0.008828,-3.138429,,,,,,
sample,425,drone,,10.621773,8.183925,3.737419,3.101970,-2.288826,-0.009110,0.090315,-0.214662,-0.075616,-0.009038,-3.137612,,,,,,
sample,426,drone,,10.646765,8.126655,3.737167,3.104225,-2.294041,-0.011002,0.090086,-0.202697,-0.075800,-0.009249,-3.136797,,,,,,
sample,427,drone,,10.671758,8.069258,3.736869,3.106473,-2.298957,-0.012899,0.089853,-0.190732,-0.075984,-0.009459,-3.135982,,,,,,
sample,428,drone,,10.696750,8.011742,3.736523,3.108716,-2.303575,-0.014800,0.089614,-0.178768,-0.076168,-0.009669,-3.135168,,,,,,
sample,429,drone,,10.721742,7.954114,3.736129,3.110953,-2.307893,-0.016706,0.089369,-0.166803,-0.076352,-0.009879,-3.134354,,,,,,
sample,430,drone,,10.746735,7.896382,3.735687,3.113183,-2.311912,-0.018617,0.089120,-0.154838,-0.076536,-0.010090,-3.133540,,,,,,
sample,431,drone,,10.771727,7.838554,3.735198,3.115407,-2.315633,-0.020532,0.088865,-0.142874,-0.076720,-0.010300,-3.132726,,,,,,
sample,432,drone,,10.796720,7.780636,3.734661,3.117625,-2.319054,-0.022452,0.088605,-0.130909,-0.076904,-0.010510,-3.131912,,,,,,
sample,433,drone,,10.821712,7.722636,3.734076,3.119836,-2.322176,-0.024376,0.088340,-0.118944,-0.077088,-0.010720,-3.131096,,,,,,
sample,434,drone,,10.846704,7.664562,3.733443,3.122041,-2.324999,-0.026305,0.088069,-0.106980,-0.077272,-0.010930,-3.130279,,,,,,
sample,435,drone,,10.871697,7.606422,3.732761,3.124238,-2.327523,-0.028238,0.087793,-0.095015,-0.077456,-0.011141,-3.129461,,,,,,
sample,436,drone,,10.896689,7.548222,3.732031,3.126429,-2.329749,-0.030177,0.087512,-0.083050,-0.077640,-0.011351,-3.128641,,,,,,
sample,437,drone,,10.921682,7.489970,3.731253,3.128613,-2.331675,-0.032119,0.087226,-0.071086,-0.077824,-0.011561,-3.127818,,,,,,
sample,438,drone,,10.946674,7.431673,3.730426,3.130789,-2.333302,-0.034067,0.086934,-0.059121,-0.078008,-0.011771,-3.126994,,,,,,
sample,439,drone,,10.971667,7.373340,3.729550,3.132958,-2.334630,-0.036018,0.086638,-0.047156,-0.078192,-0.011982,-3.126166,,,,,,
sample,440,drone,,10.996659,7.314977,3.728625,3.135120,-2.335659,-0.037975,0.086335,-0.035192,-0.078376,-0.012192,-3.125335,,,,,,
sample,441,drone,,11.021651,7.256593,3.727652,3.137274,-2.336389,-0.039936,0.086028,-0.023227,-0.078560,-0.012402,-3.124501,,,,,,
sample,442,drone,,11.046644,7.198193,3.726629,3.139420,-2.336820,-0.041902,0.085716,-0.011262,-0.078744,-0.012612,-3.123663,,,,,,
sample,443,drone,,11.071636,7.139787,3.725557,3.141558,-2.336952,-0.043872,0.085398,0.000702,-0.078928,-0.012823,-3.122822,,,,,,
sample,444,drone,,11.096629,7.081381,3.724436,3.143688,-2.336785,-0.045847,0.085075,0.012667,-0.079112,-0.013033,-3.121976,,,,,,
sample,445,drone,,11.121621,7.022983,3.723266,3.145810,-2.336319,-0.047826,0.084746,0.024632,-0.079296,-0.013243,-3.121125,,,,,,
sample,446,drone,,11.146613,6.964601,3.722046,3.147924,-2.335554,-0.049810,0.084413,0.036596,-0.079480,-0.013453,-3.120269,,,,,,
sample,447,drone,,11.171606,6.906241,3.720776,3.150030,-2.334489,-0.051799,0.084074,0.048561,-0.079664,-0.013664,-3.119408,,,,,,
sample,448,drone,,11.196598,6.847912,3.719457,3.152127,-2.333126,-0.053792,0.083730,0.060526,-0.079848,-0.013874,-3.118541,,,,,,
sample,449,drone,,11.221591,6.789620,3.718087,3.154215,-2.331464,-0.055790,0.083380,0.072490,-0.080032,-0.014084,-3.117668,,,,,,
sample,450,drone,,11.246583,6.731374,3.716668,3.156295,-2.329503,-0.057793,0.083026,0.084455,-0.080216,-0.014294,-3.116789,,,,,,
sample,451,drone,,11.271575,6.673180,3.715198,3.158365,-2.327243,-0.059800,0.082666,0.096420,-0.080400,-0.014504,-3.115903,,,,,,
sample,452,drone,,11.296568,6.615047,3.713679,3.160427,-2.324683,-0.061812,0.082301,0.108384,-0.080584,-0.014715,-3.115010,,,,,,
sample,453,drone,,11.321560,6.556982,3.712109,3.162479,-2.321825,-0.063828,0.081930,0.120349,-0.080768,-0.014925,-3.114109,,,,,,
sample,454,drone,,11.346553,6.498991,3.710488,3.164522,-2.318668,-0.065849,0.081555,0.132314,-0.080952,-0.015135,-3.113201,,,,,,
sample,455,drone,,11.371545,6.441083,3.708817,3.166555,-2.315211,-0.067874,0.081174,0.144278,-0.081136,-0.015345,-3.112284,,,,,,
sample,456,drone,,11.396537,6.383266,3.707096,3.168579,-2.311456,-0.069904,0.080788,0.156243,-0.081320,-0.015556,-3.111359,,,,,,
sample,457,drone,,11.421530,6.325546,3.705323,3.170594,-2.307402,-0.071939,0.080396,0.168208,-0.081504,-0.015766,-3.110425,,,,,,
sample,458,drone,,11.446522,6.267931,3.703500,3.172598,-2.303048,-0.073978,0.080000,0.180172,-0.081688,-0.015976,-3.109482,,,,,,
sample,459,drone,,11.471515,6.210428,3.701625,3.174592,-2.298396,-0.076022,0.079598,0.192137,-0.081872,-0.016186,-3.108529,,,,,,
sample,460,drone,,11.496507,6.153046,3.699700,3.176577,-2.293444,-0.078071,0.079191,0.204102,-0.082056,-0.016397,-3.107565,,,,,,
sample,461,drone,,11.521499,6.095791,3.697723,3.178551,-2.288194,-0.080124,0.078778,0.216066,-0.082240,-0.016607,-3.106591,,,,,,
sample,462,drone,,11.546492,6.038671,3.695695,3.180514,-2.282644,-0.082181,0.078360,0.228031,-0.082424,-0.016817,-3.105606,,,,,,
sample,463,drone,,11.571484,5.981693,3.693615,3.182467,-2.276796,-0.084244,0.077938,0.239996,-0.082608,-0.017027,-3.104609,,,,,,
sample,464,drone,,11.596477,5.924866,3.691484,3.184410,-2.270648,-0.086310,0.077509,0.251960,-0.082792,-0.017237,-3.103600,,,,,,
sample,465,drone,,11.621469,5.868195,3.689301,3.186342,-2.264201,-0.088382,0.077076,0.263925,-0.082976,-0.017448,-3.102578,,,,,,
sample,466,drone,,11.646461,5.811690,3.687066,3.188263,-2.257456,-0.090458,0.076637,0.275890,-0.083160,-0.017658,-3.101543,,,,,,
sample,467,drone,,11.671454,5.755357,3.684780,3.190172,-2.250411,-0.092539,0.076193,0.287854,-0.083344,-0.017868,-3.100495,,,,,,
sample,468,drone,,11.696446,5.699204,3.682441,3.192071,-2.243067,-0.094624,0.075744,0.299819,-0.083528,-0.018078,-3.099433,,,,,,
sample,469,drone,,11.721439,5.643238,3.680050,3.193958,-2.235425,-0.096714,0.075290,0.311784,-0.083712,-0.018289,-3.098356,,,,,,
sample,470,drone,,11.746431,5.587466,3.677607,3.195834,-2.227483,-0.098808,0.074830,0.323748,-0.083896,-0.018499,-3.097263,,,,,,
sample,471,drone,,11.771424,5.531897,3.675111,3.197699,-2.219242,-0.100907,0.074365,0.335713,-0.084080,-0.018709,-3.096155,,,,,,
sample,472,drone,,11.796416,5.476538,3.672563,3.199552,-2.210702,-0.103011,0.073895,0.347678,-0.084264,-0.018919,-3.095030,,,,,,
sample,473,drone,,11.821408,5.421396,3.669962,3.201392,-2.201864,-0.105119,0.073419,0.359642,-0.084448,-0.019130,-3.093888,,,,,,
sample,474,drone,,11.846401,5.366478,3.667308,3.203221,-2.192726,-0.107232,0.072939,0.371607,-0.084632,-0.019340,-3.092728,,,,,,
sample,475,drone,,11.871393,5.311793,3.664602,3.205038,-2.183289,-0.109349,0.072453,0.383572,-0.084816,-0.019550,-3.091550,,,,,,
sample,476,drone,,11.896386,5.257347,3.661843,3.206843,-2.173553,-0.111471,0.071961,0.395536,-0.085000,-0.019760,-3.090352,,,,,,
sample,477,drone,,11.921378,5.203148,3.659030,3.208635,-2.163518,-0.113598,0.071465,0.407501,-0.085184,-0.019971,-3.089135,,,,,,
sample,478,drone,,11.946370,5.149204,3.656164,3.210415,-2.153184,-0.115729,0.070963,0.419466,-0.085368,-0.020181,-3.087896,,,,,,
sample,479,drone,,11.971363,5.095522,3.653245,3.212182,-2.142551,-0.117865,0.070456,0.431430,-0.085552,-0.020391,-3.086636,,,,,,
sample,480,drone,,11.996355,5.042109,3.650273,3.213937,-2.131619,-0.120006,0.069944,0.443395,-0.085736,-0.020601,-3.085354,,,,,,
sample,481,drone,,12.021348,4.988973,3.647247,3.215678,-2.120388,-0.122151,0.069426,0.455360,-0.085920,-0.020811,-3.084049,,,,,,
sample,482,drone,,12.046340,4.936122,3.644167,3.217407,-2.108858,-0.124300,0.068904,0.467324,-0.086103,-0.021022,-3.082719,,,,,,
sample,483,drone,,12.071332,4.883562,3.641034,3.219123,-2.097029,-0.126454,0.068376,0.479289,-0.086287,-0.021232,-3.081364,,,,,,
sample,484,drone,,12.096325,4.831302,3.637846,3.220825,-2.084901,-0.128613,0.067842,0.491254,-0.086471,-0.021442,-3.079983,,,,,,
sample,485,drone,,12.121317,4.779349,3.634605,3.222514,-2.072474,-0.130777,0.067304,0.503218,-0.086655,-0.021652,-3.078574,,,,,,
sample,486,drone,,12.146310,4.727710,3.631310,3.224189,-2.059748,-0.132945,0.066760,0.515183,-0.086839,-0.021863,-3.077138,,,,,,
sample,487,drone,,12.171302,4.676393,3.627960,3.225851,-2.046723,-0.135117,0.066211,0.527147,-0.087023,-0.022073,-3.075672,,,,,,
sample,488,drone,,12.196294,4.625405,3.624556,3.227499,-2.033398,-0.137295,0.065657,0.539112,-0.087207,-0.022283,-3.074175,,,,,,
sample,489,drone,,12.221287,4.574754,3.621097,3.229133,-2.019775,-0.139476,0.065097,0.551077,-0.087391,-0.022493,-3.072647,,,,,,
sample,490,drone,,12.246279,4.524447,3.617584,3.230752,-2.005853,-0.141663,0.064532,0.563041,-0.087575,-0.022704,-3.071085,,,,,,
sample,491,drone,,12.271272,4.474491,3.614016,3.232358,-1.991632,-0.143854,0.063962,0.575006,-0.087759,-0.022914,-3.069489,,,,,,
sample,492,drone,,12.296264,4.424895,3.610394,3.233950,-1.977111,-0.146049,0.063387,0.586971,-0.087943,-0.023124,-3.067856,,,,,,
sample,493,drone,,12.321256,4.375666,3.606716,3.235527,-1.962292,-0.148250,0.062807,0.598935,-0.088127,-0.023334,-3.066187,,,,,,
sample,494,drone,,12.346249,4.326811,3.602983,3.237089,-1.947174,-0.150455,0.062221,0.610900,-0.088311,-0.023545,-3.064478,,,,,,
sample,495,drone,,12.371241,4.278337,3.599196,3.238637,-1.931756,-0.152664,0.061630,0.622865,-0.088495,-0.023755,-3.062728,,,,,,
sample,496,drone,,12.396234,4.230252,3.595352,3.240170,-1.916040,-0.154878,0.061033,0.634829,-0.088679,-0.023965,-3.060936,,,,,,
sample,497,drone,,12.421226,4.182564,3.591454,3.241687,-1.900024,-0.157097,0.060432,0.646794,-0.088863,-0.024175,-3.059099,,,,,,
sample,498,drone,,12.446218,4.135280,3.587500,3.243190,-1.883710,-0.159320,0.059825,0.658759,-0.089047,-0.024385,-3.057216,,,,,,
sample,499,drone,,12.471211,4.088407,3.583490,3.244678,-1.867097,-0.161548,0.059213,0.670723,-0.089231,-0.024596,-3.055284,,,,,,
sample,500,drone,,12.496203,4.041953,3.579425,3.246150,-1.850184,-0.163780,0.058596,0.682688,-0.089415,-0.024806,-3.053302,,,,,,
sample,501,drone,,12.521196,3.995926,3.575304,3.247607,-1.832972,-0.166017,0.057973,0.694653,-0.089599,-0.025016,-3.051267,,,,,,
sample,502,drone,,12.546188,3.950332,3.571127,3.249048,-1.815462,-0.168259,0.057345,0.706617,-0.089783,-0.025226,-3.049176,,,,,,
sample,503,drone,,12.571181,3.905180,3.566894,3.250473,-1.797652,-0.170505,0.056712,0.718582,-0.089967,-0.025437,-3.047027,,,,,,
sample,504,drone,,12.596173,3.860477,3.562604,3.251882,-1.779544,-0.172756,0.056074,0.730547,-0.090151,-0.025647,-3.044817,,,,,,
sample,505,drone,,12.621165,3.816230,3.558258,3.253276,-1.761136,-0.175011,0.055430,0.742511,-0.090335,-0.025857,-3.042544,,,,,,
sample,506,drone,,12.646158,3.772447,3.553856,3.254653,-1.742429,-0.177271,0.054781,0.754476,-0.090519,-0.026067,-3.040204,,,,,,
sample,507,drone,,12.671150,3.729135,3.549398,3.256014,-1.723424,-0.179536,0.054127,0.766441,-0.090703,-0.026278,-3.037793,,,,,,
sample,508,drone,,12.696143,3.686302,3.544882,3.257359,-1.704119,-0.181805,0.053468,0.778405,-0.090887,-0.026488,-3.035309,,,,,,
sample,509,drone,,12.721135,3.643955,3.540310,3.258687,-1.684515,-0.184079,0.052803,0.790370,-0.091071,-0.026698,-3.032748,,,,,,
sample,510,drone,,12.746127,3.602102,3.535681,3.259998,-1.664613,-0.186357,0.052133,0.802335,-0.091255,-0.026908,-3.030105,,,,,,
sample,511,drone,,12.771120,3.560750,3.530995,3.261293,-1.644411,-0.188640,0.051458,0.814299,-0.091439,-0.027119,-3.027376,,,,,,
sample,512,drone,,12.796112,3.519906,3.526252,3.262570,-1.623910,-0.190928,0.050778,0.826264,-0.091623,-0.027329,-3.024557,,,,,,
sample,513,drone,,12.821105,3.479579,3.521452,3.263831,-1.603110,-0.193220,0.050092,0.838229,-0.091807,-0.027539,-3.021643,,,,,,
sample,514,drone,,12.846097,3.439775,3.516594,3.265074,-1.582011,-0.195517,0.049401,0.850193,-0.091991,-0.027749,-3.018629,,,,,,
sample,515,drone,,12.871089,3.400502,3.511679,3.266300,-1.560613,-0.197818,0.048705,0.862158,-0.092175,-0.027959,-3.015509,,,,,,
sample,516,drone,,12.896082,3.361768,3.506706,3.267508,-1.538916,-0.200124,0.048004,0.874123,-0.092359,-0.028170,-3.012276,,,,,,
sample,517,drone,,12.921074,3.323580,3.501676,3.268699,-1.516920,-0.202435,0.047297,0.886087,-0.092543,-0.028380,-3.008926,,,,,,
sample,518,drone,,12.946067,3.285945,3.496587,3.269873,-1.494626,-0.204750,0.046585,0.898052,-0.092727,-0.028590,-3.005449,,,,,,
sample,519,drone,,12.971059,3.248871,3.491441,3.271028,-1.472032,-0.207069,0.045868,0.910017,-0.092911,-0.028800,-3.001840,,,,,,
sample,520,drone,,12.996051,3.212366,3.486237,3.272165,-1.449138,-0.209394,0.045146,0.921981,-0.093095,-0.029011,-2.998090,,,,,,
sample,521,drone,,13.021044,3.176436,3.480975,3.273285,-1.425946,-0.211723,0.044418,0.933946,-0.093279,-0.029221,-2.994191,,,,,,
sample,522,drone,,13.046036,3.141090,3.475654,3.274386,-1.402455,-0.214056,0.043685,0.945911,-0.093463,-0.029431,-2.990132,,,,,,
sample,523,drone,,13.071029,3.106335,3.470275,3.275468,-1.378665,-0.216395,0.042947,0.957875,-0.093647,-0.029641,-2.985903,,,,,,
sample,524,drone,,13.096021,3.072178,3.464838,3.276532,-1.354576,-0.218737,0.042203,0.969840,-0.093831,-0.029852,-2.981494,,,,,,
sample,525,drone,,13.121013,3.038627,3.459342,3.277578,-1.330188,-0.221085,0.041455,0.981805,-0.094015,-0.030062,-2.976893,,,,,,
sample,526,drone,,13.146006,3.005689,3.453787,3.278604,-1.305501,-0.223437,0.040701,0.993769,-0.094199,-0.030272,-2.972085,,,,,,
sample,527,drone,,13.170998,2.973372,3.448173,3.279612,-1.280515,-0.225793,0.039941,1.005734,-0.094383,-0.030482,-2.967057,,,,,,
sample,528,drone,,13.195991,2.941683,3.442500,3.280601,-1.255229,-0.228154,0.039177,1.017699,-0.094567,-0.030692,-2.961792,,,,,,
sample,529,drone,,13.220983,2.910629,3.436769,3.281570,-1.229645,-0.230520,0.038407,1.029663,-0.094751,-0.030903,-2.956275,,,,,,
sample,530,drone,,13.245976,2.880219,3.430978,3.282521,-1.203762,-0.232891,0.037632,1.041628,-0.094935,-0.031113,-2.950485,,,,,,
sample,531,drone,,13.270968,2.850459,3.425128,3.283451,-1.177580,-0.235266,0.036852,1.053593,-0.095119,-0.031323,-2.944402,,,,,,
sample,532,drone,,13.295960,2.821358,3.419218,3.284363,-1.151098,-0.237645,0.036067,1.065557,-0.095303,-0.031533,-2.938002,,,,,,
sample,533,drone,,13.320953,2.792922,3.413249,3.285254,-1.124318,-0.240029,0.035276,1.077522,-0.095487,-0.031744,-2.931261,,,,,,
sample,534,drone,,13.345945,2.765159,3.407220,3.286126,-1.097239,-0.242418,0.034480,1.089487,-0.095671,-0.031954,-2.924151,,,,,,
sample,535,drone,,13.370938,2.738077,3.401132,3.286978,-1.069860,-0.244811,0.033679,1.101451,-0.095855,-0.032164,-2.916640,,,,,,
sample,536,drone,,13.395930,2.711682,3.394984,3.287809,-1.042183,-0.247209,0.032872,1.113416,-0.096039,-0.032374,-2.908694,,,,,,
sample,537,drone,,13.420922,2.685983,3.388775,3.288621,-1.014206,-0.249612,0.032061,1.125381,-0.096223,-0.032585,-2.900273,,,,,,
sample,538,drone,,13.445915,2.660987,3.382507,3.289412,-0.985931,-0.252019,0.031244,1.137345,-0.096407,-0.032795,-2.891336,,,,,,
sample,539,drone,,13.470907,2.636702,3.376178,3.290182,-0.957356,-0.254431,0.030421,1.149310,-0.096591,-0.033005,-2.881833,,,,,,
sample,540,drone,,13.495900,2.613134,3.369789,3.290932,-0.928483,-0.256847,0.029594,1.161275,-0.096775,-0.033215,-2.871711,,,,,,
sample,541,drone,,13.520892,2.590292,3.363340,3.291662,-0.899310,-0.259268,0.028761,1.173239,-0.096959,-0.033426,-2.860907,,,,,,
sample,542,drone,,13.545884,2.568182,3.356830,3.292370,-0.869839,-0.261694,0.027923,1.185204,-0.097143,-0.033636,-2.849353,,,,,,
sample,543,drone,,13.570877,2.546813,3.350259,3.293057,-0.840068,-0.264124,0.027080,1.197169,-0.097327,-0.033846,-2.836971,,,,,,
sample,544,drone,,13.595869,2.526192,3.343627,3.293724,-0.809998,-0.266558,0.026231,1.209133,-0.097511,-0.034056,-2.823670,,,,,,
sample,545,drone,,13.620862,2.506325,3.336935,3.294369,-0.779630,-0.268998,0.025377,1.221098,-0.097695,-0.034266,-2.809350,,,,,,
sample,546,drone,,13.645854,2.487222,3.330182,3.294992,-0.748962,-0.271442,0.024518,1.233063,-0.097879,-0.034477,-2.793893,,,,,,
sample,547,drone,,13.670846,2.468889,3.323367,3.295594,-0.717995,-0.273890,0.023654,1.245027,-0.098063,-0.034687,-2.777166,,,,,,
sample,548,drone,,13.695839,2.451333,3.316491,3.296174,-0.686729,-0.276343,0.022785,1.256992,-0.098247,-0.034897,-2.759015,,,,,,
sample,549,drone,,13.720831,2.434563,3.309554,3.296733,-0.655165,-0.278801,0.021910,1.268957,-0.098431,-0.035107,-2.739262,,,,,,
sample,550,drone,,13.745824,2.418585,3.302556,3.297270,-0.623301,-0.281263,0.021030,1.280921,-0.098615,-0.035318,-2.717701,,,,,,
sample,551,drone,,13.770816,2.403407,3.295495,3.297784,-0.591138,-0.283730,0.020144,1.292886,-0.098822,-0.035529,-2.694095,,,,,,
sample,552,drone,,13.795808,2.389037,3.288373,3.298277,-0.558676,-0.286203,0.019254,1.306599,-0.418903,-0.045053,-2.668163,,,,,,
sample,553,drone,,13.820801,2.375482,3.281189,3.298747,-0.525828,-0.304669,0.017892,1.318701,-1.360230,-0.072593,-2.616452,,,,,,
sample,554,drone,,13.845793,2.362753,3.273144,3.299171,-0.492761,-0.354194,0.015625,1.318189,-2.271553,-0.099079,-2.518364,,,,,,
sample,555,drone,,13.870786,2.350851,3.263485,3.299528,-0.459939,-0.418212,0.012940,1.304269,-2.538509,-0.106661,-2.403675,,,,,,
sample,556,drone,,13.895778,2.339764,3.252240,3.299818,-0.427568,-0.481081,0.010294,1.286200,-2.492499,-0.105096,-2.297369,,,,,,
sample,557,drone,,13.920770,2.329479,3.239438,3.300042,-0.395648,-0.542799,0.007687,1.268131,-2.446488,-0.103530,-2.200658,,,,,,
sample,558,drone,,13.945763,2.319987,3.225108,3.300202,-0.364180,-0.603368,0.005119,1.250062,-2.400477,-0.101965,-2.113843,,,,,,
sample,559,drone,,13.970755,2.311276,3.209279,3.300298,-0.333164,-0.662787,0.002590,1.231993,-2.354467,-0.100399,-2.036579,,,,,,
sample,560,drone,,13.995748,2.303334,3.191979,3.300331,-0.302599,-0.721056,0.000101,1.213924,-2.308456,-0.098833,-1.968137,,,,,,
sample,561,drone,,14.020740,2.296150,3.173237,3.300303,-0.272486,-0.778175,-0.002350,1.195855,-2.262445,-0.097268,-1.907614,,,,,,
sample,562,drone,,14.045733,2.289714,3.153082,3.300214,-0.242825,-0.834144,-0.004761,1.177786,-2.216435,-0.095702,-1.854074,,,,,,
sample,563,drone,,14.070725,2.284013,3.131543,3.300065,-0.213615,-0.888963,-0.007134,1.159717,-2.170424,-0.094137,-1.806622,,,,,,
sample,564,drone,,14.095717,2.279036,3.108648,3.299857,-0.184857,-0.942632,-0.009467,1.141648,-2.124413,-0.092571,-1.764446,,,,,,
sample,565,drone,,14.120710,2.274773,3.084426,3.299592,-0.156550,-0.995151,-0.011761,1.123578,-2.078403,-0.091006,-1.726830,,,,,,
sample,566,drone,,14.145702,2.271211,3.058905,3.299270,-0.128695,-1.046520,-0.014016,1.105509,-2.032392,-0.089440,-1.693156,,,,,,
sample,567,drone,,14.170695,2.268340,3.032115,3.298891,-0.101291,-1.096740,-0.016231,1.087440,-1.986381,-0.087874,-1.662892,,,,,,
sample,568,drone,,14.195687,2.266148,3.004085,3.298458,-0.074339,-1.145809,-0.018408,1.069371,-1.940371,-0.086309,-1.635585,,,,,,
sample,569,drone,,14.220679,2.264624,2.974842,3.297971,-0.047839,-1.193729,-0.020546,1.051302,-1.894360,-0.084743,-1.610850,,,,,,
sample,570,drone,,14.245672,2.263757,2.944417,3.297431,-0.021790,-1.240499,-0.022644,1.033233,-1.848350,-0.083178,-1.588360,,,,,,
sample,571,drone,,14.270664,2.263535,2.912836,3.296839,0.003807,-1.286118,-0.024703,1.015164,-1.802339,-0.081612,-1.567836,,,,,,
sample,572,drone,,14.295657,2.263947,2.880130,3.296196,0.028953,-1.330588,-0.026723,0.997095,-1.756328,-0.080047,-1.549040,,,,,,
sample,573,drone,,14.320649,2.264982,2.846327,3.295504,0.053647,-1.373908,-0.028704,0.979026,-1.710318,-0.078481,-1.531769,,,,,,
sample,574,drone,,14.345641,2.266629,2.811456,3.294762,0.077889,-1.416078,-0.030646,0.960957,-1.664307,-0.076915,-1.515848,,,,,,
sample,575,drone,,14.370634,2.268876,2.775545,3.293972,0.101680,-1.457098,-0.032549,0.942887,-1.618296,-0.075350,-1.501127,,,,,,
sample,576,drone,,14.395626,2.271711,2.738623,3.293135,0.125019,-1.496968,-0.034413,0.924818,-1.572286,-0.073784,-1.487475,,,,,,
sample,577,drone,,14.420619,2.275125,2.700719,3.292252,0.147907,-1.535689,-0.036237,0.906749,-1.526275,-0.072219,-1.474779,,,,,,
sample,578,drone,,14.445611,2.279104,2.661862,3.291323,0.170343,-1.573259,-0.038022,0.888680,-1.480264,-0.070653,-1.462943,,,,,,
sample,579,drone,,14.470603,2.283639,2.622080,3.290351,0.192327,-1.609679,-0.039769,0.870611,-1.434254,-0.069088,-1.451878,,,,,,
sample,580,drone,,14.495596,2.288718,2.581402,3.289336,0.213860,-1.644950,-0.041476,0.852542,-1.388243,-0.067522,-1.441511,,,,,,
sample,581,drone,,14.520588,2.294329,2.539857,3.288278,0.234942,-1.679070,-0.043144,0.834473,-1.342232,-0.065957,-1.431775,,,,,,
sample,582,drone,,14.545581,2.300461,2.497474,3.287179,0.255571,-1.712041,-0.044773,0.816404,-1.296222,-0.064391,-1.422612,,,,,,
sample,583,drone,,14.570573,2.307104,2.454281,3.286040,0.275749,-1.743862,-0.046362,0.798335,-1.250211,-0.062825,-1.413969,,,,,,
sample,584,drone,,14.595565,2.314245,2.410308,3.284862,0.295476,-1.774533,-0.047913,0.780266,-1.204200,-0.061260,-1.405801,,,,,,
sample,585,drone,,14.620558,2.321873,2.365582,3.283645,0.314751,-1.804053,-0.049424,0.762196,-1.158190,-0.059694,-1.398066,,,,,,
sample,586,drone,,14.645550,2.329977,2.320132,3.282391,0.333574,-1.832424,-0.050897,0.744127,-1.112179,-0.058129,-1.390728,,,,,,
sample,587,drone,,14.670543,2.338547,2.273988,3.281101,0.351946,-1.859646,-0.052330,0.726058,-1.066169,-0.056563,-1.383754,,,,,,
sample,588,drone,,14.695535,2.347569,2.227178,3.279775,0.369866,-1.885717,-0.053724,0.707989,-1.020158,-0.054998,-1.377114,,,,,,
sample,589,drone,,14.720527,2.357034,2.179731,3.278416,0.387334,-1.910638,-0.055079,0.689920,-0.974147,-0.053432,-1.370782,,,,,,
sample,590,drone,,14.745520,2.366930,2.131675,3.277022,0.404351,-1.934409,-0.056395,0.671851,-0.928137,-0.051866,-1.364732,,,,,,
sample,591,drone,,14.770512,2.377246,2.083040,3.275597,0.420917,-1.957031,-0.057671,0.653782,-0.882126,-0.050301,-1.358944,,,,,,
sample,592,drone,,14.795505,2.387970,2.033854,3.274140,0.437031,-1.978502,-0.058909,0.635713,-0.836115,-0.048735,-1.353398,,,,,,
sample,593,drone,,14.820497,2.399091,1.984145,3.272652,0.452693,-1.998824,-0.060107,0.617644,-0.790105,-0.047170,-1.348074,,,,,,
sample,594,drone,,14.845490,2.410597,1.933943,3.271135,0.467903,-2.017995,-0.061267,0.599574,-0.744094,-0.045604,-1.342957,,,,,,
sample,595,drone,,14.870482,2.422479,1.883276,3.269590,0.482662,-2.036017,-0.062387,0.581505,-0.698083,-0.044039,-1.338031,,,,,,
sample,596,drone,,14.895474,2.434723,1.832173,3.268017,0.496970,-2.052889,-0.063468,0.563436,-0.652073,-0.042473,-1.333283,,,,,,
sample,597,drone,,14.920467,2.447320,1.780663,3.266417,0.510826,-2.068611,-0.064510,0.545367,-0.606062,-0.040907,-1.328698,,,,,,
sample,598,drone,,14.945459,2.460257,1.728774,3.264792,0.524230,-2.083183,-0.065513,0.527298,-0.560051,-0.039342,-1.324267,,,,,,
sample,599,drone,,14.970452,2.473523,1.676535,3.263143,0.537183,-2.096605,-0.066477,0.509229,-0.514041,-0.037776,-1.319976,,,,,,
sample,600,drone,,14.995444,2.487108,1.623975,3.261469,0.549684,-2.108877,-0.067401,0.491160,-0.468030,-0.036211,-1.315817,,,,,,
sample,601,drone,,15.020436,2.500999,1.571123,3.259774,0.561733,-2.119999,-0.068286,0.473091,-0.422019,-0.034645,-1.311780,,,,,,
sample,602,drone,,15.045429,2.515186,1.518008,3.258056,0.573331,-2.129972,-0.069133,0.455022,-0.376009,-0.033080,-1.307855,,,,,,
sample,603,drone,,15.070421,2.529657,1.464657,3.256318,0.584477,-2.138794,-0.069940,0.436953,-0.329998,-0.031514,-1.304035,,,,,,
sample,604,drone,,15.095414,2.544401,1.411100,3.254560,0.595172,-2.146467,-0.070708,0.418883,-0.283987,-0.029948,-1.300312,,,,,,
sample,605,drone,,15.120406,2.559406,1.357366,3.252784,0.605415,-2.152989,-0.071437,0.400814,-0.237977,-0.028383,-1.296678,,,,,,
sample,606,drone,,15.145398,2.574662,1.303484,3.250989,0.615207,-2.158362,-0.072127,0.382745,-0.191966,-0.026817,-1.293126,,,,,,
sample,607,drone,,15.170391,2.590157,1.249481,3.249178,0.624547,-2.162584,-0.072777,0.364676,-0.145956,-0.025252,-1.289650,,,,,,
sample,608,drone,,15.195383,2.605880,1.195387,3.247352,0.633435,-2.165657,-0.073389,0.346607,-0.099945,-0.023686,-1.286243,,,,,,
sample,609,drone,,15.220376,2.621819,1.141231,3.245510,0.641872,-2.167580,-0.073961,0.328538,-0.053934,-0.022121,-1.282900,,,,,,
sample,610,drone,,15.245368,2.637964,1.087041,3.243655,0.649857,-2.168353,-0.074495,0.310469,-0.007924,-0.020555,-1.279614,,,,,,
sample,611,drone,,15.270360,2.654302,1.032846,3.241787,0.657390,-2.167976,-0.074989,0.292400,0.038087,-0.018990,-1.276381,,,,,,
sample,612,drone,,15.295353,2.670823,0.978675,3.239906,0.664472,-2.166449,-0.075444,0.274331,0.084098,-0.017424,-1.273195,,,,,,
sample,613,drone,,15.320345,2.687516,0.924557,3.238015,0.671103,-2.163773,-0.075860,0.256262,0.130108,-0.015858,-1.270050,,,,,,
sample,614,drone,,15.345338,2.704368,0.870519,3.236115,0.677282,-2.159946,-0.076237,0.238192,0.176119,-0.014293,-1.266942,,,,,,
sample,615,drone,,15.370330,2.721370,0.816592,3.234205,0.683009,-2.154969,-0.076574,0.220123,0.222130,-0.012727,-1.263866,,,,,,
sample,616,drone,,15.395322,2.738508,0.762804,3.232287,0.688284,-2.148843,-0.076873,0.202054,0.268140,-0.011162,-1.260817,,,,,,
sample,617,drone,,15.420315,2.755773,0.709183,3.230362,0.693108,-2.141566,-0.077132,0.183985,0.314151,-0.009596,-1.257790,,,,,,
sample,618,drone,,15.445307,2.773153,0.655758,3.228432,0.697481,-2.133140,-0.077352,0.165916,0.360162,-0.008031,-1.254780,,,,,,
sample,619,drone,,15.470300,2.790637,0.602558,3.226496,0.701402,-2.123564,-0.077533,0.147847,0.406172,-0.006465,-1.251783,,,,,,
sample,620,drone,,15.495292,2.808213,0.549612,3.224556,0.704871,-2.112838,-0.077675,0.129778,0.452183,-0.004899,-1.248794,,,,,,
sample,621,drone,,15.520285,2.825870,0.496948,3.222613,0.707889,-2.100962,-0.077778,0.111709,0.498194,-0.003334,-1.245807,,,,,,
sample,622,drone,,15.545277,2.843596,0.444596,3.220668,0.710455,-2.087936,-0.077842,0.093640,0.544204,-0.001768,-1.242819,,,,,,
sample,623,drone,,15.570269,2.861382,0.392583,3.218722,0.712569,-2.073760,-0.077867,0.075571,0.590215,-0.000203,-1.239823,,,,,,
sample,624,drone,,15.595262,2.879214,0.340939,3.216776,0.714232,-2.058434,-0.077852,0.057501,0.636225,0.001363,-1.236816,,,,,,
sample,625,drone,,15.620254,2.897082,0.289693,3.214831,0.715443,-2.041958,-0.077799,0.039432,0.682236,0.002928,-1.233791,,,,,,
sample,626,drone,,15.645247,2.914975,0.238872,3.212888,0.716203,-2.024332,-0.077706,0.021363,0.728247,0.004494,-1.230743,,,,,,
sample,627,drone,,15.670239,2.932882,0.188507,3.210947,0.716511,-2.005557,-0.077574,0.003294,0.774257,0.006060,-1.227666,,,,,,
sample,628,drone,,15.695231,2.950790,0.138625,3.209010,0.716368,-1.985631,-0.077403,-0.014775,0.820268,0.007625,-1.224554,,,,,,
sample,629,drone,,15.720224,2.968689,0.089256,3.207078,0.715773,-1.964556,-0.077193,-0.032844,0.866279,0.009191,-1.221401,,,,,,
sample,630,drone,,15.745216,2.986568,0.040427,3.205152,0.714726,-1.942330,-0.076944,-0.050913,0.912289,0.010756,-1.218200,,,,,,
sample,631,drone,,15.770209,3.004415,-0.007832,3.203232,0.713228,-1.918955,-0.076655,-0.068982,0.958300,0.012322,-1.214944,,,,,,
sample,632,drone,,15.795201,3.022218,-0.055492,3.201320,0.711278,-1.894430,-0.076328,-0.087051,1.004311,0.013887,-1.211625,,,,,,
sample,633,drone,,15.820193,3.039968,-0.102524,3.199417,0.708877,-1.868755,-0.075961,-0.105121,1.050321,0.015453,-1.208234,,,,,,
sample,634,drone,,15.845186,3.057651,-0.148901,3.197523,0.706024,-1.841930,-0.075555,-0.123190,1.096332,0.017019,-1.204763,,,,,,
sample,635,drone,,15.870178,3.075258,-0.194593,3.195640,0.702719,-1.813955,-0.075110,-0.141259,1.142343,0.018584,-1.201202,,,,,,
sample,636,drone,,15.895171,3.092777,-0.239571,3.193769,0.698963,-1.784830,-0.074626,-0.159328,1.188353,0.020150,-1.197541,,,,,,
sample,637,drone,,15.920163,3.110196,-0.283807,3.191910,0.694755,-1.754555,-0.074103,-0.177397,1.234364,0.021715,-1.193767,,,,,,
sample,638,drone,,15.945155,3.127504,-0.327272,3.190065,0.690096,-1.723131,-0.073541,-0.195466,1.280375,0.023281,-1.189868,,,,,,
sample,639,drone,,15.970148,3.144690,-0.369938,3.188234,0.684985,-1.690556,-0.072940,-0.213535,1.326385,0.024846,-1.185830,,,,,,
sample,640,drone,,15.995140,3.161743,-0.411774,3.186419,0.679422,-1.656832,-0.072299,-0.231604,1.372396,0.026412,-1.181637,,,,,,
sample,641,drone,,16.020133,3.178651,-0.452754,3.184620,0.673408,-1.621957,-0.071619,-0.249673,1.418407,0.027977,-1.177271,,,,,,
sample,642,drone,,16.045125,3.195403,-0.492848,3.182839,0.666942,-1.585933,-0.070901,-0.267742,1.464417,0.029543,-1.172713,,,,,,
sample,643,drone,,16.070117,3.211988,-0.532026,3.181076,0.660025,-1.548758,-0.070143,-0.285812,1.510428,0.031109,-1.167940,,,,,,
sample,644,drone,,16.095110,3.228394,-0.570262,3.179333,0.652656,-1.510434,-0.069346,-0.303881,1.556438,0.032674,-1.162929,,,,,,
sample,645,drone,,16.120102,3.244611,-0.607525,3.177610,0.644835,-1.470960,-0.068509,-0.321950,1.602449,0.034240,-1.157650,,,,,,
sample,646,drone,,16.145095,3.260626,-0.643788,3.175908,0.636563,-1.430336,-0.067634,-0.340019,1.648460,0.035805,-1.152071,,,,,,
sample,647,drone,,16.170087,3.276429,-0.679020,3.174229,0.627840,-1.388562,-0.066720,-0.358088,1.694470,0.037371,-1.146155,,,,,,
sample,648,drone,,16.195079,3.292009,-0.713195,3.172573,0.618664,-1.345638,-0.065766,-0.376157,1.740481,0.038936,-1.139860,,,,,,
sample,649,drone,,16.220072,3.307353,-0.746282,3.170942,0.609038,-1.301565,-0.064773,-0.394226,1.786492,0.040502,-1.133135,,,,,,
sample,650,drone,,16.245064,3.322451,-0.778253,3.169336,0.598959,-1.256341,-0.063742,-0.412295,1.832502,0.042068,-1.125922,,,,,,
sample,651,drone,,16.270057,3.337292,-0.809080,3.167756,0.588429,-1.209967,-0.062671,-0.430364,1.878513,0.043633,-1.118154,,,,,,
sample,652,drone,,16.295049,3.351864,-0.838733,3.166203,0.577447,-1.162444,-0.061561,-0.448433,1.924524,0.045199,-1.109750,,,,,,
sample,653,drone,,16.320042,3.366155,-0.867184,3.164679,0.566014,-1.113770,-0.060411,-0.466503,1.970534,0.046764,-1.100613,,,,,,
sample,654,drone,,16.345034,3.380156,-0.894405,3.163183,0.554129,-1.063947,-0.059223,-0.484572,2.016545,0.048330,-1.090628,,,,,,
sample,655,drone,,16.370026,3.393854,-0.920366,3.161718,0.541793,-1.012974,-0.057996,-0.502641,2.062556,0.049895,-1.079656,,,,,,
sample,656,drone,,16.395019,3.407237,-0.945038,3.160285,0.529005,-0.960851,-0.056729,-0.520710,2.108566,0.051461,-1.067524,,,,,,
sample,657,drone,,16.420011,3.420296,-0.968393,3.158883,0.515765,-0.907577,-0.055423,-0.538779,2.154577,0.053027,-1.054021,,,,,,
sample,658,drone,,16.445004,3.433018,-0.990403,3.157514,0.502074,-0.853154,-0.054079,-0.556848,2.200588,0.054592,-1.038882,,,,,,
sample,659,drone,,16.469996,3.445392,-1.011038,3.156180,0.487931,-0.797582,-0.052695,-0.574917,2.246598,0.056158,-1.021772,,,,,,
sample,660,drone,,16.494988,3.457407,-1.030270,3.154880,0.473337,-0.740859,-0.051272,-0.592986,2.292609,0.057723,-1.002262,,,,,,
sample,661,drone,,16.519981,3.469052,-1.048070,3.153617,0.458291,-0.682986,-0.049809,-0.611055,2.338619,0.059289,-0.979792,,,,,,
sample,662,drone,,16.544973,3.480314,-1.064409,3.152391,0.442794,-0.623963,-0.048308,-0.629124,2.384630,0.060854,-0.953625,,,,,,
sample,663,drone,,16.569966,3.491184,-1.079259,3.151202,0.426844,-0.563791,-0.046768,-0.647194,2.430641,0.062420,-0.922768,,,,,,
sample,664,drone,,16.594958,3.501650,-1.092590,3.150053,0.410444,-0.502468,-0.045188,-0.665263,2.476651,0.063985,-0.885862,,,,,,
sample,665,drone,,16.619950,3.511700,-1.104374,3.148944,0.393591,-0.439996,-0.043569,-0.683332,2.522662,0.065551,-0.841009,,,,,,
sample,666,drone,,16.644943,3.521324,-1.114583,3.147875,0.376287,-0.376373,-0.041911,-0.701401,2.568673,0.067117,-0.785512,,,,,,
sample,667,drone,,16.669935,3.530509,-1.123187,3.146849,0.358532,-0.311601,-0.040214,-0.719470,2.614683,0.068682,-0.715480,,,,,,
sample,668,drone,,16.694928,3.539245,-1.130158,3.145865,0.340325,-0.245679,-0.038478,-0.607534,2.643823,0.057868,-0.625270,,,,,,
sample,669,drone,,16.719920,3.547520,-1.135468,3.144925,0.328165,-0.179450,-0.037322,-0.117449,2.611220,0.011066,-0.500406,,,,,,
sample,670,drone,,16.744912,3.555648,-1.139128,3.143999,0.334454,-0.115157,-0.037925,0.498198,2.526909,-0.047640,-0.331601,,,,,,
sample,671,drone,,16.769905,3.564238,-1.141224,3.143030,0.353067,-0.053143,-0.039703,0.744592,2.457585,-0.071136,-0.149396,,,,,,
sample,672,drone,,16.794897,3.573296,-1.141785,3.142015,0.371673,0.007684,-0.041481,0.738359,2.410735,-0.070560,0.020672,,,,,,
sample,673,drone,,16.819890,3.582816,-1.140840,3.140956,0.389974,0.067357,-0.043230,0.726173,2.364540,-0.069417,0.171035,,,,,,
sample,674,drone,,16.844882,3.592789,-1.138418,3.139854,0.407970,0.125876,-0.044951,0.713986,2.318345,-0.068275,0.299274,,,,,,
sample,675,drone,,16.869874,3.603208,-1.134548,3.138709,0.425662,0.183239,-0.046643,0.701800,2.272149,-0.067132,0.406504,,,,,,
sample,676,drone,,16.894867,3.614066,-1.129258,3.137523,0.443049,0.239448,-0.048306,0.689614,2.225954,-0.065989,0.495486,,,,,,
sample,677,drone,,16.919859,3.625354,-1.122579,3.136295,0.460132,0.294503,-0.049941,0.677427,2.179759,-0.064847,0.569342,,,,,,
sample,678,drone,,16.944852,3.637065,-1.114538,3.135026,0.476911,0.348403,-0.051548,0.665241,2.133563,-0.063704,0.630931,,,,,,
sample,679,drone,,16.969844,3.649192,-1.105164,3.133718,0.493384,0.401149,-0.053126,0.653054,2.087368,-0.062561,0.682651,,,,,,
sample,680,drone,,16.994837,3.661727,-1.094486,3.132371,0.509553,0.452740,-0.054675,0.640868,2.041173,-0.061419,0.726427,,,,,,
sample,681,drone,,17.019829,3.674662,-1.082534,3.130985,0.525418,0.503177,-0.056196,0.628681,1.994977,-0.060276,0.763779,,,,,,
sample,682,drone,,17.044821,3.687990,-1.069335,3.129562,0.540978,0.552459,-0.057688,0.616495,1.948782,-0.059133,0.795897,,,,,,
sample,683,drone,,17.069814,3.701703,-1.054919,3.128102,0.556233,0.600586,-0.059151,0.604309,1.902587,-0.057991,0.823720,,,,,,
sample,684,drone,,17.094806,3.715793,-1.039315,3.126605,0.571184,0.647559,-0.060586,0.592122,1.856391,-0.056848,0.847983,,,,,,
sample,685,drone,,17.119799,3.730253,-1.022551,3.125073,0.585830,0.693377,-0.061993,0.579936,1.810196,-0.055706,0.869274,,,,,,
sample,686,drone,,17.144791,3.745076,-1.004657,3.123507,0.600172,0.738041,-0.063371,0.567749,1.764001,-0.054563,0.888061,,,,,,
sample,687,drone,,17.169783,3.760253,-0.985660,3.121906,0.614209,0.781551,-0.064720,0.555563,1.717805,-0.053420,0.904721,,,,,,
sample,688,drone,,17.194776,3.775777,-0.965591,3.120271,0.627942,0.823906,-0.066041,0.543376,1.671610,-0.052278,0.919563,,,,,,
sample,689,drone,,17.219768,3.791640,-0.944478,3.118605,0.641370,0.865106,-0.067333,0.531190,1.625415,-0.051135,0.932837,,,,,,
sample,690,drone,,17.244761,3.807836,-0.922349,3.116906,0.654493,0.905152,-0.068597,0.519003,1.579219,-0.049992,0.944751,,,,,,
sample,691,drone,,17.269753,3.824355,-0.899234,3.115176,0.667312,0.944043,-0.069832,0.506817,1.533024,-0.048850,0.955477,,,,,,
sample,692,drone,,17.294745,3.841191,-0.875161,3.113415,0.679826,0.981780,-0.071039,0.494631,1.486829,-0.047707,0.965160,,,,,,
sample,693,drone,,17.319738,3.858336,-0.850160,3.111625,0.692036,1.018362,-0.072217,0.482444,1.440633,-0.046564,0.973922,,,,,,
sample,694,drone,,17.344730,3.875782,-0.824258,3.109806,0.703941,1.053789,-0.073366,0.470258,1.394438,-0.045422,0.981865,,,,,,
sample,695,drone,,17.369723,3.893522,-0.797486,3.107958,0.715542,1.088062,-0.074487,0.458071,1.348243,-0.044279,0.989076,,,,,,
sample,696,drone,,17.394715,3.911549,-0.769872,3.106082,0.726838,1.121181,-0.075580,0.445885,1.302048,-0.043136,0.995632,,,,,,
sample,697,drone,,17.419707,3.929853,-0.741444,3.104180,0.737829,1.153145,-0.076643,0.433698,1.255852,-0.041994,1.001596,,,,,,
sample,698,drone,,17.444700,3.948429,-0.712232,3.102251,0.748516,1.183955,-0.077679,0.421512,1.209657,-0.040851,1.007024,,,,,,
sample,699,drone,,17.469692,3.967268,-0.682264,3.100297,0.758898,1.213610,-0.078685,0.409325,1.163462,-0.039708,1.011964,,,,,,
sample,700,drone,,17.494685,3.986362,-0.651570,3.098318,0.768976,1.242110,-0.079663,0.397139,1.117266,-0.038566,1.016459,,,,,,
sample,701,drone,,17.519677,4.005705,-0.620178,3.096315,0.778749,1.269456,-0.080613,0.384953,1.071071,-0.037423,1.020545,,,,,,
sample,702,drone,,17.544669,4.025288,-0.588117,3.094289,0.788218,1.295647,-0.081534,0.372766,1.024876,-0.036280,1.024254,,,,,,
sample,703,drone,,17.569662,4.045104,-0.555415,3.092240,0.797382,1.320684,-0.082426,0.360580,0.978680,-0.035138,1.027613,,,,,,
sample,704,drone,,17.594654,4.065145,-0.522102,3.090169,0.806242,1.344566,-0.083290,0.348393,0.932485,-0.033995,1.030649,,,,,,
sample,705,drone,,17.619647,4.085404,-0.488207,3.088077,0.814796,1.367294,-0.084126,0.336207,0.886290,-0.032852,1.033383,,,,,,
sample,706,drone,,17.644639,4.105872,-0.453758,3.085964,0.823047,1.388867,-0.084932,0.324020,0.840094,-0.031710,1.035834,,,,,,
sample,707,drone,,17.669631,4.126543,-0.418785,3.083831,0.830993,1.409286,-0.085711,0.311834,0.793899,-0.030567,1.038018,,,,,,
sample,708,drone,,17.694624,4.147409,-0.383316,3.081680,0.838634,1.428550,-0.086460,0.299648,0.747704,-0.029424,1.039952,,,,,,
sample,709,drone,,17.719616,4.168462,-0.347379,3.079510,0.845970,1.446660,-0.087181,0.287461,0.701508,-0.028282,1.041647,,,,,,
sample,710,drone,,17.744609,4.189695,-0.311005,3.077322,0.853002,1.463615,-0.087874,0.275275,0.655313,-0.027139,1.043116,,,,,,
sample,711,drone,,17.769601,4.211100,-0.274221,3.075117,0.859730,1.479416,-0.088538,0.263088,0.609118,-0.025996,1.044369,,,,,,
sample,712,drone,,17.794594,4.232668,-0.237056,3.072896,0.866153,1.494062,-0.089173,0.250902,0.562922,-0.024854,1.045414,,,,,,
sample,713,drone,,17.819586,4.254394,-0.199540,3.070660,0.872271,1.507553,-0.089780,0.238715,0.516727,-0.023711,1.046260,,,,,,
sample,714,drone,,17.844578,4.276269,-0.161701,3.068409,0.878085,1.519890,-0.090359,0.226529,0.470532,-0.022568,1.046913,,,,,,
sample,715,drone,,17.869571,4.298285,-0.123569,3.066143,0.883594,1.531073,-0.090908,0.214342,0.424336,-0.021426,1.047379,,,,,,
sample,716,drone,,17.894563,4.320435,-0.085171,3.063865,0.888799,1.541101,-0.091430,0.202156,0.378141,-0.020283,1.047663,,,,,,
sample,717,drone,,17.919556,4.342711,-0.046537,3.061573,0.893699,1.549974,-0.091922,0.189970,0.331946,-0.019140,1.047768,,,,,,
sample,718,drone,,17.944548,4.365106,-0.007696,3.059270,0.898294,1.557693,-0.092386,0.177783,0.285750,-0.017998,1.047698,,,,,,
sample,719,drone,,17.969540,4.387612,0.031324,3.056955,0.902585,1.564257,-0.092822,0.165597,0.239555,-0.016855,1.047456,,,,,,
sample,720,drone,,17.994533,4.410222,0.070493,3.054630,0.906572,1.569667,-0.093229,0.153410,0.193360,-0.015712,1.047043,,,,,,
sample,721,drone,,18.019525,4.432927,0.109783,3.052295,0.910254,1.573922,-0.093607,0.141224,0.147164,-0.014570,1.046460,,,,,,
sample,722,drone,,18.044518,4.455721,0.149165,3.049951,0.913631,1.577023,-0.093957,0.129037,0.100969,-0.013427,1.045707,,,,,,
sample,723,drone,,18.069510,4.478595,0.188610,3.047599,0.916703,1.578969,-0.094278,0.116851,0.054774,-0.012284,1.044785,,,,,,
sample,724,drone,,18.094502,4.501542,0.228090,3.045239,0.919472,1.579761,-0.094571,0.104664,0.008578,-0.011142,1.043693,,,,,,
sample,725,drone,,18.119495,4.524555,0.267575,3.042872,0.921935,1.579398,-0.094835,0.092478,-0.037617,-0.009999,1.042429,,,,,,
sample,726,drone,,18.144487,4.547625,0.307036,3.040498,0.924094,1.577880,-0.095071,0.080292,-0.083812,-0.008856,1.040991,,,,,,
sample,727,drone,,18.169480,4.570745,0.346445,3.038120,0.925948,1.575209,-0.095278,0.068105,-0.130008,-0.007714,1.039376,,,,,,
sample,728,drone,,18.194472,4.593908,0.385772,3.035736,0.927498,1.571382,-0.095456,0.055919,-0.176203,-0.006571,1.037581,,,,,,
sample,729,drone,,18.219464,4.617106,0.424990,3.033348,0.928744,1.566401,-0.095606,0.043732,-0.222398,-0.005428,1.035602,,,,,,
sample,730,drone,,18.244457,4.640331,0.464068,3.030957,0.929684,1.560266,-0.095728,0.031546,-0.268594,-0.004286,1.033434,,,,,,
sample,731,drone,,18.269449,4.663576,0.502979,3.028563,0.930320,1.552975,-0.095821,0.019359,-0.314789,-0.003143,1.031071,,,,,,
sample,732,drone,,18.294442,4.686833,0.541694,3.026168,0.930652,1.544531,-0.095885,0.007173,-0.360984,-0.002000,1.028506,,,,,,
sample,733,drone,,18.319434,4.710095,0.580182,3.023771,0.930679,1.534932,-0.095921,-0.005013,-0.407180,-0.000858,1.025734,,,,,,
sample,734,drone,,18.344426,4.733353,0.618417,3.021373,0.930401,1.524178,-0.095928,-0.017200,-0.453375,0.000285,1.022744,,,,,,
sample,735,drone,,18.369419,4.756601,0.656368,3.018976,0.929819,1.512270,-0.095906,-0.029386,-0.499570,0.001428,1.019529,,,,,,
sample,736,drone,,18.394411,4.779830,0.694007,3.016579,0.928932,1.499207,-0.095856,-0.041573,-0.545766,0.002570,1.016078,,,,,,
sample,737,drone,,18.419404,4.803033,0.731306,3.014184,0.927741,1.484990,-0.095778,-0.053759,-0.591961,0.003713,1.012380,,,,,,
sample,738,drone,,18.444396,4.826203,0.768234,3.011792,0.926245,1.469618,-0.095671,-0.065946,-0.638156,0.004856,1.008422,,,,,,
sample,739,drone,,18.469388,4.849331,0.804764,3.009402,0.924445,1.453092,-0.095535,-0.078132,-0.684352,0.005998,1.004190,,,,,,
sample,740,drone,,18.494381,4.872411,0.840867,3.007016,0.922340,1.435411,-0.095371,-0.090319,-0.730547,0.007141,0.999668,,,,,,
sample,741,drone,,18.519373,4.895434,0.876513,3.004635,0.919930,1.416576,-0.095178,-0.102505,-0.776742,0.008283,0.994840,,,,,,
sample,742,drone,,18.544366,4.918393,0.911674,3.002259,0.917216,1.396586,-0.094957,-0.114691,-0.822937,0.009426,0.989686,,,,,,
sample,743,drone,,18.569358,4.941281,0.946321,2.999889,0.914197,1.375441,-0.094707,-0.126878,-0.869133,0.010569,0.984186,,,,,,
sample,744,drone,,18.594351,4.964089,0.980425,2.997525,0.910874,1.353142,-0.094429,-0.139064,-0.915328,0.011711,0.978315,,,,,,
sample,745,drone,,18.619343,4.986811,1.013958,2.995169,0.907246,1.329689,-0.094122,-0.151251,-0.961523,0.012854,0.972049,,,,,,
sample,746,drone,,18.644335,5.009438,1.046890,2.992820,0.903314,1.305081,-0.093786,-0.163437,-1.007719,0.013997,0.965357,,,,,,
sample,747,drone,,18.669328,5.031963,1.079192,2.990481,0.899077,1.279318,-0.093422,-0.175624,-1.053914,0.015139,0.958208,,,,,,
sample,748,drone,,18.694320,5.054378,1.110836,2.988151,0.894535,1.252401,-0.093029,-0.187810,-1.100109,0.016282,0.950566,,,,,,
sample,749,drone,,18.719313,5.076676,1.141793,2.985831,0.889689,1.224329,-0.092608,-0.199997,-1.146305,0.017425,0.942391,,,,,,
sample,750,drone,,18.744305,5.098849,1.172034,2.983522,0.884539,1.195103,-0.092158,-0.212183,-1.192500,0.018567,0.933638,,,,,,
sample,751,drone,,18.769297,5.120890,1.201530,2.981224,0.879083,1.164722,-0.091680,-0.224369,-1.238695,0.019710,0.924257,,,,,,
sample,752,drone,,18.794290,5.142790,1.230252,2.978939,0.873324,1.133187,-0.091173,-0.236556,-1.284891,0.020853,0.914191,,,,,,
sample,753,drone,,18.819282,5.164543,1.258172,2.976667,0.867259,1.100497,-0.090638,-0.248742,-1.331086,0.021995,0.903378,,,,,,
sample,754,drone,,18.844275,5.186140,1.285261,2.974409,0.860890,1.066653,-0.090074,-0.260929,-1.377281,0.023138,0.891744,,,,,,
sample,755,drone,,18.869267,5.207574,1.311489,2.972165,0.854217,1.031654,-0.089481,-0.273115,-1.423477,0.024281,0.879210,,,,,,
sample,756,drone,,18.894259,5.228838,1.336828,2.969936,0.847239,0.995501,-0.088860,-0.285302,-1.469672,0.025423,0.865683,,,,,,
sample,757,drone,,18.919252,5.249923,1.361249,2.967723,0.839956,0.958193,-0.088210,-0.297488,-1.515867,0.026566,0.851058,,,,,,
sample,758,drone,,18.944244,5.270823,1.384723,2.965527,0.832369,0.919730,-0.087532,-0.309674,-1.562063,0.027709,0.835218,,,,,,
sample,759,drone,,18.969237,5.291529,1.407221,2.963348,0.824477,0.880113,-0.086825,-0.321861,-1.608258,0.028851,0.818026,,,,,,
sample,760,drone,,18.994229,5.312034,1.428715,2.961187,0.816281,0.839342,-0.086090,-0.334047,-1.654453,0.029994,0.799326,,,,,,
sample,761,drone,,19.019221,5.332331,1.449175,2.959044,0.807780,0.797416,-0.085326,-0.346234,-1.700649,0.031137,0.778942,,,,,,
sample,762,drone,,19.044214,5.352411,1.468574,2.956922,0.798974,0.754335,-0.084534,-0.358420,-1.746844,0.032279,0.756668,,,,,,
sample,763,drone,,19.069206,5.372267,1.486881,2.954819,0.789864,0.710100,-0.083713,-0.370607,-1.793039,0.033422,0.732271,,,,,,
sample,764,drone,,19.094199,5.391892,1.504068,2.952737,0.780449,0.664711,-0.082863,-0.382793,-1.839235,0.034565,0.705481,,,,,,
sample,765,drone,,19.119191,5.411278,1.520106,2.950677,0.770730,0.618166,-0.081985,-0.394980,-1.885430,0.035707,0.675991,,,,,,
sample,766,drone,,19.144183,5.430417,1.534967,2.948639,0.760706,0.570468,-0.081078,-0.407166,-1.931625,0.036850,0.643449,,,,,,
sample,767,drone,,19.169176,5.449301,1.548621,2.946624,0.750378,0.521615,-0.080143,-0.419352,-1.977821,0.037993,0.607454,,,,,,
sample,768,drone,,19.194168,5.467924,1.561040,2.944633,0.739745,0.471607,-0.079179,-0.431539,-2.024016,0.039135,0.567556,,,,,,
sample,769,drone,,19.219161,5.486278,1.572194,2.942667,0.728808,0.420444,-0.078187,-0.443725,-2.070211,0.040278,0.523256,,,,,,
sample,770,drone,,19.244153,5.504354,1.582055,2.940725,0.717566,0.368128,-0.077166,-0.455912,-2.116407,0.041421,0.474012,,,,,,
sample,771,drone,,19.269146,5.522145,1.590595,2.938810,0.706019,0.314656,-0.076116,-0.468098,-2.162602,0.042563,0.419253,,,,,,
sample,772,drone,,19.294138,5.539644,1.597783,2.936921,0.694168,0.260030,-0.075038,-0.460739,-2.204565,0.042420,0.358414,,,,,,
sample,773,drone,,19.319130,5.556843,1.603592,2.935059,0.682989,0.204462,-0.073996,0.163835,-2.107545,0.001532,0.290872,,,,,,
sample,774,drone,,19.344123,5.573783,1.608003,2.933222,0.702357,0.154685,-0.074962,1.636991,-1.801846,-0.095814,0.216776,,,,,,
sample,775,drone,,19.369115,5.591950,1.611324,2.931312,0.764814,0.114397,-0.078785,2.748463,-1.538316,-0.170265,0.148474,,,,,,
sample,776,drone,,19.394108,5.612012,1.613722,2.929284,0.839739,0.077793,-0.083473,2.961951,-1.450400,-0.186101,0.092375,,,,,,
sample,777,drone,,19.419100,5.633924,1.615213,2.927139,0.912866,0.041899,-0.088088,2.890053,-1.421997,-0.183217,0.045866,,,,,,
sample,778,drone,,19.444092,5.657641,1.615816,2.924881,0.984197,0.006714,-0.092631,2.818154,-1.393594,-0.180332,0.006822,,,,,,
sample,779,drone,,19.469085,5.683119,1.615548,2.922509,1.053731,-0.027760,-0.097101,2.746256,-1.365191,-0.177448,-0.026338,,,,,,
sample,780,drone,,19.494077,5.710312,1.614428,2.920027,1.121468,-0.061524,-0.101500,2.674358,-1.336789,-0.174564,-0.054806,,,,,,
sample,781,drone,,19.519070,5.739175,1.612473,2.917436,1.187409,-0.094579,-0.105827,2.602459,-1.308386,-0.171680,-0.079484,,,,,,
sample,782,drone,,19.544062,5.769664,1.609701,2.914737,1.251552,-0.126924,-0.110082,2.530561,-1.279983,-0.168795,-0.101068,,,,,,
sample,783,drone,,19.569054,5.801734,1.606129,2.911933,1.313898,-0.158559,-0.114264,2.458662,-1.251580,-0.165911,-0.120097,,,,,,
sample,784,drone,,19.594047,5.835339,1.601775,2.909026,1.374448,-0.189484,-0.118375,2.386764,-1.223177,-0.163027,-0.136998,,,,,,
sample,785,drone,,19.619039,5.870436,1.596658,2.906017,1.433200,-0.219699,-0.122413,2.314866,-1.194774,-0.160142,-0.152109,,,,,,
sample,786,drone,,19.644032,5.906978,1.590794,2.902907,1.490156,-0.249204,-0.126379,2.242967,-1.166371,-0.157258,-0.165700,,,,,,
sample,787,drone,,19.669024,5.944921,1.584201,2.899699,1.545314,-0.278000,-0.130274,2.171069,-1.137969,-0.154374,-0.177995,,,,,,
sample,788,drone,,19.694016,5.984220,1.576898,2.896395,1.598676,-0.306086,-0.134096,2.099171,-1.109566,-0.151489,-0.189173,,,,,,
sample,789,drone,,19.719009,6.024830,1.568901,2.892997,1.650241,-0.333461,-0.137846,2.027272,-1.081163,-0.148605,-0.199383,,,,,,
sample,790,drone,,19.744001,6.066707,1.560230,2.889505,1.700009,-0.360127,-0.141524,1.955374,-1.052760,-0.145721,-0.208752,,,,,,
sample,791,drone,,19.768994,6.109805,1.550901,2.885923,1.747980,-0.386083,-0.145130,1.883475,-1.024357,-0.142837,-0.217384,,,,,,
sample,792,drone,,19.793986,6.154079,1.540932,2.882251,1.794154,-0.411330,-0.148663,1.811577,-0.995954,-0.139952,-0.225366,,,,,,
sample,793,drone,,19.818978,6.199485,1.530340,2.878492,1.838531,-0.435866,-0.152125,1.739679,-0.967551,-0.137068,-0.232775,,,,,,
sample,794,drone,,19.843971,6.245978,1.519145,2.874647,1.881112,-0.459692,-0.155515,1.667780,-0.939149,-0.134184,-0.239675,,,,,,
sample,795,drone,,19.868963,6.293512,1.507363,2.870718,1.921895,-0.482809,-0.158832,1.595882,-0.910746,-0.131299,-0.246122,,,,,,
sample,796,drone,,19.893956,6.342044,1.495012,2.866708,1.960882,-0.505216,-0.162078,1.523984,-0.882343,-0.128415,-0.252163,,,,,,
sample,797,drone,,19.918948,6.391527,1.482110,2.862617,1.998071,-0.526913,-0.165251,1.452085,-0.853940,-0.125531,-0.257841,,,,,,
sample,798,drone,,19.943940,6.441917,1.468674,2.858448,2.033464,-0.547900,-0.168352,1.380187,-0.825537,-0.122646,-0.263191,,,,,,
sample,799,drone,,19.968933,6.493169,1.454723,2.854202,2.067060,-0.568177,-0.171381,1.308288,-0.797134,-0.119762,-0.268247,,,,,,
sample,800,drone,,19.993925,6.545238,1.440274,2.849881,2.098858,-0.587745,-0.174339,1.236390,-0.768731,-0.116878,-0.273037,,,,,,
sample,801,drone,,20.018918,6.598080,1.425345,2.845488,2.128860,-0.606602,-0.177224,1.164492,-0.740329,-0.113994,-0.277586,,,,,,
sample,802,drone,,20.043910,6.651649,1.409953,2.841023,2.157065,-0.624750,-0.180037,1.092593,-0.711926,-0.111109,-0.281916,,,,,,
sample,803,drone,,20.068903,6.705900,1.394117,2.836489,2.183473,-0.642188,-0.182777,1.020695,-0.683523,-0.108225,-0.286047,,,,,,
sample,804,drone,,20.093895,6.760789,1.377853,2.831887,2.208084,-0.658916,-0.185446,0.948797,-0.655120,-0.105341,-0.289998,,,,,,
sample,805,drone,,20.118887,6.816271,1.361181,2.827219,2.230899,-0.674934,-0.188043,0.876898,-0.626717,-0.102456,-0.293784,,,,,,
sample,806,drone,,20.143880,6.872301,1.344117,2.822487,2.251916,-0.690242,-0.190567,0.805000,-0.598314,-0.099572,-0.297421,,,,,,
sample,807,drone,,20.168872,6.928833,1.326679,2.817694,2.271137,-0.704840,-0.193020,0.733101,-0.569911,-0.096688,-0.300922,,,,,,
sample,808,drone,,20.193865,6.985823,1.308886,2.812839,2.288560,-0.718729,-0.195400,0.661203,-0.541509,-0.093803,-0.304299,,,,,,
sample,809,drone,,20.218857,7.043226,1.290754,2.807927,2.304187,-0.731907,-0.197709,0.589305,-0.513106,-0.090919,-0.307563,,,,,,
sample,810,drone,,20.243849,7.100997,1.272301,2.802957,2.318016,-0.744376,-0.199945,0.517406,-0.484703,-0.088035,-0.310724,,,,,,
sample,811,drone,,20.268842,7.159092,1.253546,2.797932,2.330049,-0.756135,-0.202109,0.445508,-0.456300,-0.085151,-0.313793,,,,,,
sample,812,drone,,20.293834,7.217464,1.234506,2.792855,2.340285,-0.767184,-0.204201,0.373610,-0.427897,-0.082266,-0.316777,,,,,,
sample,813,drone,,20.318827,7.276070,1.215199,2.787725,2.348724,-0.777524,-0.206221,0.301711,-0.399494,-0.079382,-0.319686,,,,,,
sample,814,drone,,20.343819,7.334865,1.195642,2.782547,2.355366,-0.787153,-0.208169,0.229813,-0.371092,-0.076498,-0.322526,,,,,,
sample,815,drone,,20.368811,7.393803,1.175853,2.777320,2.360211,-0.796073,-0.210045,0.157915,-0.342689,-0.073613,-0.325306,,,,,,
sample,816,drone,,20.393804,7.452840,1.155850,2.772048,2.363259,-0.804282,-0.211849,0.086016,-0.314286,-0.070729,-0.328032,,,,,,
sample,817,drone,,20.418796,7.511930,1.135651,2.766731,2.364511,-0.811782,-0.213580,0.014118,-0.285883,-0.067845,-0.330711,,,,,,
sample,818,drone,,20.443789,7.571029,1.115273,2.761372,2.363965,-0.818572,-0.215240,-0.057781,-0.257480,-0.064961,-0.333349,,,,,,
sample,819,drone,,20.468781,7.630092,1.094735,2.755972,2.361622,-0.824652,-0.216827,-0.129679,-0.229077,-0.062076,-0.335952,,,,,,
sample,820,drone,,20.493773,7.689074,1.074053,2.750534,2.357483,-0.830022,-0.218343,-0.201577,-0.200674,-0.059192,-0.338527,,,,,,
sample,821,drone,,20.518766,7.747931,1.053246,2.745058,2.351547,-0.834683,-0.219786,-0.273476,-0.172272,-0.056308,-0.341078,,,,,,
sample,822,drone,,20.543758,7.806616,1.032332,2.739548,2.343813,-0.838633,-0.221157,-0.345374,-0.143869,-0.053423,-0.343613,,,,,,
sample,823,drone,,20.568751,7.865086,1.011327,2.734004,2.334283,-0.841874,-0.222456,-0.417272,-0.115466,-0.050539,-0.346137,,,,,,
sample,824,drone,,20.593743,7.923295,0.990251,2.728428,2.322956,-0.844405,-0.223683,-0.489171,-0.087063,-0.047655,-0.348655,,,,,,
sample,825,drone,,20.618735,7.981198,0.969120,2.722823,2.309832,-0.846226,-0.224838,-0.561069,-0.058660,-0.044770,-0.351173,,,,,,
sample,826,drone,,20.643728,8.038751,0.947952,2.717190,2.294911,-0.847337,-0.225921,-0.632968,-0.030257,-0.041886,-0.353697,,,,,,
sample,827,drone,,20.668720,8.095909,0.926766,2.711530,2.278193,-0.847738,-0.226932,-0.704866,-0.001854,-0.039002,-0.356234,,,,,,
sample,828,drone,,20.693713,8.152626,0.905578,2.705847,2.259678,-0.847430,-0.227871,-0.776764,0.026548,-0.036118,-0.358790,,,,,,
sample,829,drone,,20.718705,8.208859,0.884407,2.700140,2.239367,-0.846411,-0.228737,-0.848663,0.054951,-0.033233,-0.361371,,,,,,
sample,830,drone,,20.743697,8.264561,0.863271,2.694413,2.217258,-0.844683,-0.229532,-0.920561,0.083354,-0.030349,-0.363984,,,,,,
sample,831,drone,,20.768690,8.319688,0.842186,2.688667,2.193353,-0.842245,-0.230254,-0.992459,0.111757,-0.027465,-0.366637,,,,,,
sample,832,drone,,20.793682,8.374195,0.821171,2.682904,2.167650,-0.839097,-0.230905,-1.064358,0.140160,-0.024580,-0.369336,,,,,,
sample,833,drone,,20.818675,8.428037,0.800244,2.677126,2.140151,-0.835239,-0.231483,-1.136256,0.168563,-0.021696,-0.372091,,,,,,
sample,834,drone,,20.843667,8.481170,0.779422,2.671333,2.110855,-0.830671,-0.231989,-1.208155,0.196966,-0.018812,-0.374911,,,,,,
sample,835,drone,,20.868660,8.533548,0.758723,2.665530,2.079762,-0.825394,-0.232423,-1.280053,0.225368,-0.015927,-0.377805,,,,,,
sample,836,drone,,20.893652,8.585127,0.738165,2.659716,2.046872,-0.819406,-0.232785,-1.351951,0.253771,-0.013043,-0.380783,,,,,,
sample,837,drone,,20.918644,8.635861,0.717765,2.653894,2.012185,-0.812709,-0.233075,-1.423850,0.282174,-0.010159,-0.383859,,,,,,
sample,838,drone,,20.943637,8.685705,0.697542,2.648066,1.975701,-0.805302,-0.233293,-1.495748,0.310577,-0.007275,-0.387044,,,,,,
sample,839,drone,,20.968629,8.734616,0.677512,2.642233,1.937420,-0.797185,-0.233439,-1.567646,0.338980,-0.004390,-0.390353,,,,,,
sample,840,drone,,20.993622,8.782547,0.657695,2.636397,1.897342,-0.788358,-0.233512,-1.639545,0.367383,-0.001506,-0.393802,,,,,,
sample,841,drone,,21.018614,8.829454,0.638106,2.630561,1.855468,-0.778821,-0.233514,-1.711443,0.395786,0.001378,-0.397410,,,,,,
sample,842,drone,,21.043606,8.875292,0.618765,2.624725,1.811796,-0.768575,-0.233444,-1.783342,0.424188,0.004263,-0.401198,,,,,,
sample,843,drone,,21.068599,8.920016,0.599689,2.618892,1.766328,-0.757618,-0.233301,-1.855240,0.452591,0.007147,-0.405189,,,,,,
sample,844,drone,,21.093591,8.963582,0.580896,2.613064,1.719062,-0.745952,-0.233086,-1.927138,0.480994,0.010031,-0.409410,,,,,,
sample,845,drone,,21.118584,9.005943,0.562403,2.607241,1.670000,-0.733576,-0.232800,-1.999037,0.509397,0.012916,-0.413893,,,,,,
sample,846,drone,,21.143576,9.047056,0.544228,2.601427,1.619141,-0.720490,-0.232441,-2.070935,0.537800,0.015800,-0.418674,,,,,,
sample,847,drone,,21.168568,9.086876,0.526389,2.595623,1.566485,-0.706694,-0.232010,-2.142833,0.566203,0.018684,-0.423796,,,,,,
sample,848,drone,,21.193561,9.125357,0.508904,2.589830,1.512032,-0.692188,-0.231507,-2.214732,0.594605,0.021568,-0.429311,,,,,,
sample,849,drone,,21.218553,9.162454,0.491791,2.584051,1.455782,-0.676973,-0.230932,-2.286630,0.623008,0.024453,-0.435277,,,,,,
sample,850,drone,,21.243546,9.198124,0.475066,2.578287,1.397735,-0.661047,-0.230285,-2.358529,0.651411,0.027337,-0.441768,,,,,,
sample,851,drone,,21.268538,9.232320,0.458748,2.572540,1.337891,-0.644412,-0.229565,-2.430427,0.679814,0.030221,-0.448870,,,,,,
sample,852,drone,,21.293530,9.264998,0.442855,2.566812,1.276250,-0.627067,-0.228774,-2.502325,0.708217,0.033106,-0.456692,,,,,,
sample,853,drone,,21.318523,9.296113,0.427404,2.561105,1.212813,-0.609012,-0.227911,-2.574224,0.736620,0.035990,-0.465365,,,,,,
sample,854,drone,,21.343515,9.325620,0.412414,2.555420,1.147578,-0.590247,-0.226975,-2.646122,0.765023,0.038874,-0.475055,,,,,,
sample,855,drone,,21.368508,9.353474,0.397901,2.549760,1.080547,-0.570773,-0.225967,-2.718020,0.793425,0.041759,-0.485972,,,,,,
sample,856,drone,,21.393500,9.379631,0.383884,2.544125,1.011719,-0.550588,-0.224888,-2.789919,0.821828,0.044643,-0.498388,,,,,,
sample,857,drone,,21.418492,9.404045,0.370380,2.538519,0.941093,-0.529694,-0.223736,-2.861817,0.850231,0.047527,-0.512655,,,,,,
sample,858,drone,,21.443485,9.426671,0.357407,2.532942,0.868671,-0.508089,-0.222512,-2.933716,0.878634,0.050411,-0.529246,,,,,,
sample,859,drone,,21.468477,9.447465,0.344983,2.527397,0.794452,-0.485775,-0.221216,-3.005614,0.907037,0.053296,-0.548803,,,,,,
sample,860,drone,,21.493470,9.466382,0.333126,2.521884,0.718436,-0.462751,-0.219848,-3.077512,0.935440,0.056180,-0.572223,,,,,,
sample,861,drone,,21.518462,9.483376,0.321853,2.516407,0.640623,-0.439018,-0.218408,-3.149411,0.963843,0.059064,-0.600790,,,,,,
sample,862,drone,,21.543455,9.498403,0.311182,2.510967,0.561013,-0.414574,-0.216896,-3.221309,0.992245,0.061949,-0.636406,,,,,,
sample,863,drone,,21.568447,9.511418,0.301130,2.505566,0.479607,-0.389420,-0.215312,-3.293207,1.020648,0.064833,-0.681990,,,,,,
sample,864,drone,,21.593439,9.522376,0.291716,2.500205,0.396403,-0.363557,-0.213655,-3.443152,0.750482,-0.119694,-0.742204,,,,,,
sample,865,drone,,21.618432,9.531232,0.282958,2.494886,0.307501,-0.351908,-0.221294,-3.728088,-0.149769,-0.694798,-0.852639,,,,,,
sample,866,drone,,21.643424,9.537747,0.274126,2.489144,0.210055,-0.371043,-0.248384,-3.944957,-1.078830,-1.275448,-1.055660,,,,,,
sample,867,drone,,21.668417,9.541732,0.264411,2.482471,0.110313,-0.405833,-0.285047,-3.932832,-1.369263,-1.444940,-1.305389,,,,,,
sample,868,drone,,21.693409,9.543261,0.253841,2.474896,0.013473,-0.439486,-0.320610,-3.816646,-1.323511,-1.400725,-1.540149,,,,,,
sample,869,drone,,21.718401,9.542406,0.242444,2.466445,-0.080461,-0.471988,-0.355062,-3.700385,-1.277493,-1.356344,-1.739646,,,,,,
sample,870,drone,,21.743394,9.539239,0.230249,2.457148,-0.171490,-0.503341,-0.388406,-3.584124,-1.231476,-1.311962,-1.899165,,,,,,
sample,871,drone,,21.768386,9.533834,0.217284,2.447031,-0.259613,-0.533543,-0.420641,-3.467864,-1.185458,-1.267580,-2.023652,,,,,,
sample,872,drone,,21.793379,9.526262,0.203580,2.436122,-0.344830,-0.562596,-0.451766,-3.351603,-1.139441,-1.223198,-2.120667,,,,,,
sample,873,drone,,21.818371,9.516597,0.189163,2.424450,-0.427142,-0.590498,-0.481782,-3.235342,-1.093423,-1.178816,-2.197028,,,,,,
sample,874,drone,,21.843363,9.504912,0.174064,2.412041,-0.506548,-0.617250,-0.510689,-3.119081,-1.047406,-1.134434,-2.258004,,,,,,
sample,875,drone,,21.868356,9.491278,0.158310,2.398923,-0.583049,-0.642852,-0.538486,-3.002820,-1.001388,-1.090052,-2.307450,,,,,,
sample,876,drone,,21.893348,9.475768,0.141931,2.385124,-0.656643,-0.667304,-0.565175,-2.886559,-0.955371,-1.045670,-2.348142,,,,,,
sample,877,drone,,21.918341,9.458455,0.124955,2.370673,-0.727333,-0.690606,-0.590754,-2.770298,-0.909353,-1.001288,-2.382090,,,,,,
sample,878,drone,,21.943333,9.439412,0.107411,2.355596,-0.795116,-0.712758,-0.615224,-2.654037,-0.863336,-0.956906,-2.410759,,,,,,
sample,879,drone,,21.968325,9.418712,0.089328,2.339921,-0.859994,-0.733760,-0.638585,-2.537776,-0.817318,-0.912525,-2.435235,,,,,,
sample,880,drone,,21.993318,9.396426,0.070734,2.323676,-0.921967,-0.753612,-0.660836,-2.421515,-0.771301,-0.868143,-2.456334,,,,,,
sample,881,drone,,22.018310,9.372627,0.051659,2.306889,-0.981033,-0.772313,-0.681979,-2.305254,-0.725283,-0.823761,-2.474678,,,,,,
sample,882,drone,,22.043303,9.347389,0.032130,2.289588,-1.037194,-0.789865,-0.702012,-2.188993,-0.679266,-0.779379,-2.490747,,,,,,
sample,883,drone,,22.068295,9.320783,0.012177,2.271799,-1.090450,-0.806266,-0.720936,-2.072732,-0.633249,-0.734997,-2.504917,,,,,,
sample,884,drone,,22.093287,9.292883,-0.008171,2.253552,-1.140799,-0.821518,-0.738751,-1.956471,-0.587231,-0.690615,-2.517487,,,,,,
sample,885,drone,,22.118280,9.263761,-0.028886,2.234873,-1.188243,-0.835619,-0.755456,-1.840210,-0.541214,-0.646233,-2.528696,,,,,,
sample,886,drone,,22.143272,9.233489,-0.049939,2.215790,-1.232782,-0.848570,-0.771052,-1.723949,-0.495196,-0.601851,-2.538737,,,,,,
sample,887,drone,,22.168265,9.202140,-0.071302,2.196332,-1.274415,-0.860371,-0.785540,-1.607688,-0.449179,-0.557469,-2.547767,,,,,,
sample,888,drone,,22.193257,9.169788,-0.092945,2.176525,-1.313142,-0.871022,-0.798917,-1.491427,-0.403161,-0.513088,-2.555916,,,,,,
sample,889,drone,,22.218249,9.136503,-0.114839,2.156398,-1.348963,-0.880523,-0.811186,-1.375166,-0.357144,-0.468706,-2.563293,,,,,,
sample,890,drone,,22.243242,9.102360,-0.136957,2.135978,-1.381879,-0.888874,-0.822346,-1.258905,-0.311126,-0.424324,-2.569987,,,,,,
sample,891,drone,,22.268234,9.067430,-0.159270,2.115293,-1.411890,-0.896075,-0.832396,-1.142644,-0.265109,-0.379942,-2.576074,,,,,,
sample,892,drone,,22.293227,9.031787,-0.181748,2.094371,-1.438994,-0.902126,-0.841337,-1.026383,-0.219091,-0.335560,-2.581618,,,,,,
sample,893,drone,,22.318219,8.995502,-0.204362,2.073239,-1.463193,-0.907026,-0.849169,-0.910122,-0.173074,-0.291178,-2.586673,,,,,,
sample,894,drone,,22.343212,8.958649,-0.227085,2.051926,-1.484487,-0.910777,-0.855891,-0.793862,-0.127056,-0.246796,-2.591284,,,,,,
sample,895,drone,,22.368204,8.921301,-0.249887,2.030458,-1.502874,-0.913377,-0.861505,-0.677601,-0.081039,-0.202414,-2.595492,,,,,,
sample,896,drone,,22.393196,8.883529,-0.272740,2.008863,-1.518356,-0.914827,-0.866009,-0.561340,-0.035021,-0.158032,-2.599328,,,,,,
sample,897,drone,,22.418189,8.845406,-0.295615,1.987170,-1.530933,-0.915128,-0.869404,-0.445079,0.010996,-0.113650,-2.602823,,,,,,
sample,898,drone,,22.443181,8.807005,-0.318483,1.965406,-1.540603,-0.914278,-0.871690,-0.328818,0.057014,-0.069269,-2.606000,,,,,,
sample,899,drone,,22.468174,8.768399,-0.341315,1.943599,-1.547369,-0.912278,-0.872866,-0.212557,0.103031,-0.024887,-2.608880,,,,,,
sample,900,drone,,22.493166,8.729660,-0.364083,1.921776,-1.551228,-0.909128,-0.872934,-0.096296,0.149049,0.019495,-2.611479,,,,,,
sample,901,drone,,22.518158,8.690861,-0.386757,1.899966,-1.552182,-0.904828,-0.871892,0.019965,0.195066,0.063877,-2.613812,,,,,,
sample,902,drone,,22.543151,8.652075,-0.409310,1.878195,-1.550230,-0.899377,-0.869741,0.136226,0.241084,0.108259,-2.615891,,,,,,
sample,903,drone,,22.568143,8.613373,-0.431712,1.856492,-1.545373,-0.892777,-0.866481,0.252487,0.287101,0.152641,-2.617724,,,,,,
sample,904,drone,,22.593136,8.574830,-0.453935,1.834884,-1.537610,-0.885027,-0.862111,0.368748,0.333119,0.197023,-2.619318,,,,,,
sample,905,drone,,22.618128,8.536516,-0.475950,1.813399,-1.526941,-0.876126,-0.856633,0.485009,0.379136,0.241405,-2.620677,,,,,,
sample,906,drone,,22.643120,8.498506,-0.497728,1.792066,-1.513366,-0.866076,-0.850045,0.601270,0.425154,0.285787,-2.621802,,,,,,
sample,907,drone,,22.668113,8.460871,-0.519241,1.770910,-1.496886,-0.854875,-0.842348,0.717531,0.471171,0.330168,-2.622693,,,,,,
sample,908,drone,,22.693105,8.423684,-0.540459,1.749961,-1.477501,-0.842524,-0.833541,0.833792,0.517189,0.374550,-2.623346,,,,,,
sample,909,drone,,22.718098,8.387018,-0.561354,1.729246,-1.455210,-0.829023,-0.823626,0.950053,0.563206,0.418932,-2.623756,,,,,,
sample,910,drone,,22.743090,8.350946,-0.581898,1.708792,-1.430013,-0.814372,-0.812601,1.066314,0.609224,0.463314,-2.623912,,,,,,
sample,911,drone,,22.768082,8.315539,-0.602061,1.688628,-1.401910,-0.798571,-0.800467,1.182575,0.655241,0.507696,-2.623803,,,,,,
sample,912,drone,,22.793075,8.280872,-0.621814,1.668781,-1.370902,-0.781620,-0.787224,1.298836,0.701259,0.552078,-2.623411,,,,,,
sample,913,drone,,22.818067,8.247015,-0.641130,1.649279,-1.336988,-0.763519,-0.772872,1.415097,0.747276,0.596460,-2.622714,,,,,,
sample,914,drone,,22.843060,8.214042,-0.659979,1.630149,-1.300168,-0.744268,-0.757410,1.531358,0.793294,0.640842,-2.621685,,,,,,
sample,915,drone,,22.868052,8.182026,-0.678332,1.611420,-1.260443,-0.723866,-0.740839,1.647619,0.839311,0.685224,-2.620288,,,,,,
sample,916,drone,,22.893044,8.151039,-0.696161,1.593118,-1.217813,-0.702315,-0.723159,1.763880,0.885328,0.729606,-2.618480,,,,,,
sample,917,drone,,22.918037,8.121154,-0.713437,1.575273,-1.172276,-0.679613,-0.704370,1.880141,0.931346,0.773987,-2.616205,,,,,,
sample,918,drone,,22.943029,8.092443,-0.730131,1.557911,-1.123834,-0.655762,-0.684472,1.996401,0.977363,0.818369,-2.613391,,,,,,
sample,919,drone,,22.968022,8.064980,-0.746215,1.541060,-1.072486,-0.630760,-0.663464,2.112662,1.023381,0.862751,-2.609948,,,,,,
sample,920,drone,,22.993014,8.038835,-0.761660,1.524747,-1.018233,-0.604608,-0.641347,2.228923,1.069398,0.907133,-2.605758,,,,,,
sample,921,drone,,23.018006,8.014083,-0.776436,1.509002,-0.961074,-0.577306,-0.618121,2.345184,1.115416,0.951515,-2.600667,,,,,,
sample,922,drone,,23.042999,7.990796,-0.790516,1.493851,-0.901009,-0.548855,-0.593786,2.461445,1.161433,0.995897,-2.594469,,,,,,
sample,923,drone,,23.067991,7.969047,-0.803871,1.479322,-0.838039,-0.519252,-0.568341,2.577706,1.207451,1.040279,-2.586883,,,,,,
sample,924,drone,,23.092984,7.948907,-0.816471,1.465442,-0.772163,-0.488500,-0.541788,2.693967,1.253468,1.084661,-2.577519,,,,,,
sample,925,drone,,23.117976,7.930450,-0.828288,1.452241,-0.703382,-0.456598,-0.514125,2.810228,1.299486,1.129043,-2.565817,,,,,,
sample,926,drone,,23.142969,7.913749,-0.839294,1.439744,-0.631695,-0.423546,-0.485353,2.926489,1.345503,1.173424,-2.550947,,,,,,
sample,927,drone,,23.167961,7.898875,-0.849459,1.427980,-0.557102,-0.389343,-0.455471,3.042750,1.391521,1.217806,-2.531623,,,,,,
sample,928,drone,,23.192953,7.885902,-0.858755,1.416977,-0.479603,-0.353991,-0.424481,3.159011,1.437538,1.262188,-2.505757,,,,,,
sample,929,drone,,23.217946,7.874902,-0.867153,1.406763,-0.399199,-0.317488,-0.392381,3.275272,1.483556,1.306570,-2.469716,,,,,,
sample,930,drone,,23.242938,7.865948,-0.874625,1.397364,-0.315889,-0.279836,-0.359172,3.391533,1.529573,1.350952,-2.416642,,,,,,
sample,931,drone,,23.267931,7.859112,-0.881141,1.388810,-0.229674,-0.241033,-0.324854,3.507794,1.575591,1.395334,-2.332068,,,,,,
sample,932,drone,,23.292923,7.854468,-0.886673,1.381126,-0.140553,-0.201080,-0.289427,3.624055,1.621608,1.439716,-2.180844,,,,,,
sample,933,drone,,23.317915,7.852087,-0.891192,1.374343,-0.048526,-0.159977,-0.252890,3.740316,1.667626,1.484098,-1.865308,,,,,,
sample,934,drone,,23.342908,7.852042,-0.894669,1.368486,0.046406,-0.117724,-0.215244,3.856577,1.713643,1.528480,-1.195306,,,,,,
sample,935,drone,,23.367900,7.854407,-0.897076,1.363584,0.144244,-0.074321,-0.176489,3.972838,1.759661,1.572862,-0.475769,,,,,,
sample,936,drone,,23.392893,7.859252,-0.898384,1.359664,0.244988,-0.029768,-0.136625,4.060110,1.791211,1.601954,-0.120914,,,,,,
sample,937,drone,,23.417885,7.866652,-0.898564,1.356754,0.347188,0.015212,-0.096416,3.610447,1.555838,1.349505,0.043788,,,,,,
sample,938,drone,,23.442877,7.876606,-0.897624,1.354845,0.425455,0.048001,-0.069170,2.470864,0.980657,0.740273,0.112347,,,,,,
sample,939,drone,,23.467870,7.887919,-0.896165,1.353297,0.470693,0.064230,-0.059414,1.623910,0.557729,0.295128,0.135621,,,,,,
sample,940,drone,,23.492862,7.900134,-0.894413,1.351875,0.506626,0.075879,-0.054418,1.429183,0.463373,0.198787,0.148667,,,,,,
sample,941,drone,,23.517855,7.913242,-0.892372,1.350577,0.542131,0.087392,-0.049477,1.412080,0.457986,0.196631,0.159826,,,,,,
sample,942,drone,,23.542847,7.927232,-0.890045,1.349402,0.577208,0.098771,-0.044590,1.394976,0.452598,0.194475,0.169477,,,,,,
sample,943,drone,,23.567839,7.942094,-0.887435,1.348348,0.611859,0.110015,-0.039756,1.377873,0.447210,0.192319,0.177904,,,,,,
sample,944,drone,,23.592832,7.957816,-0.884546,1.347415,0.646081,0.121125,-0.034977,1.360770,0.441823,0.190162,0.185325,,,,,,
sample,945,drone,,23.617824,7.974388,-0.881381,1.346600,0.679876,0.132099,-0.030251,1.343667,0.436435,0.188006,0.191908,,,,,,
sample,946,drone,,23.642817,7.991799,-0.877943,1.345902,0.713244,0.142940,-0.025579,1.326563,0.431047,0.185850,0.197788,,,,,,
sample,947,drone,,23.667809,8.010039,-0.874236,1.345321,0.746184,0.153645,-0.020961,1.309460,0.425660,0.183694,0.203070,,,,,,
sample,948,drone,,23.692801,8.029097,-0.870263,1.344855,0.778697,0.164216,-0.016397,1.292357,0.420272,0.181538,0.207840,,,,,,
sample,949,drone,,23.717794,8.048962,-0.866028,1.344502,0.810783,0.174652,-0.011887,1.275254,0.414884,0.179381,0.212170,,,,,,
sample,950,drone,,23.742786,8.069624,-0.861533,1.344261,0.842441,0.184954,-0.007431,1.258151,0.409497,0.177225,0.216117,,,,,,
sample,951,drone,,23.767779,8.091072,-0.856783,1.344130,0.873671,0.195121,-0.003029,1.241047,0.404109,0.175069,0.219729,,,,,,
sample,952,drone,,23.792771,8.113294,-0.851780,1.344109,0.904474,0.205153,0.001320,1.223944,0.398721,0.172913,0.223047,,,,,,
sample,953,drone,,23.817764,8.136282,-0.846528,1.344196,0.934850,0.215051,0.005614,1.206841,0.393334,0.170756,0.226105,,,,,,
sample,954,drone,,23.842756,8.160023,-0.841031,1.344390,0.964798,0.224814,0.009855,1.189738,0.387946,0.168600,0.228932,,,,,,
sample,955,drone,,23.867748,8.184507,-0.835291,1.344689,0.994318,0.234443,0.014042,1.172634,0.382558,0.166444,0.231553,,,,,,
sample,956,drone,,23.892741,8.209724,-0.829312,1.345092,1.023412,0.243936,0.018175,1.155531,0.377171,0.164288,0.233990,,,,,,
sample,957,drone,,23.917733,8.235662,-0.823098,1.345597,1.052077,0.253295,0.022254,1.138428,0.371783,0.162132,0.236261,,,,,,
sample,958,drone,,23.942726,8.262311,-0.816651,1.346204,1.080316,0.262520,0.026279,1.121325,0.366396,0.159975,0.238382,,,,,,
sample,959,drone,,23.967718,8.289661,-0.809976,1.346911,1.108127,0.271610,0.030250,1.104222,0.361008,0.157819,0.240368,,,,,,
sample,960,drone,,23.992710,8.317701,-0.803075,1.347716,1.135510,0.280565,0.034167,1.087118,0.355620,0.155663,0.242231,,,,,,
sample,961,drone,,24.017703,8.346420,-0.795952,1.348619,1.162466,0.289385,0.038031,1.070015,0.350233,0.153507,0.243981,,,,,,
sample,962,drone,,24.042695,8.375807,-0.788610,1.349617,1.188995,0.298071,0.041840,1.052912,0.344845,0.151350,0.245629,,,,,,
sample,963,drone,,24.067688,8.405851,-0.781053,1.350710,1.215096,0.306622,0.045596,1.035809,0.339457,0.149194,0.247184,,,,,,
sample,964,drone,,24.092680,8.436543,-0.773283,1.351896,1.240769,0.315039,0.049298,1.018706,0.334070,0.147038,0.248651,,,,,,
sample,965,drone,,24.117672,8.467871,-0.765306,1.353174,1.266015,0.323321,0.052946,1.001602,0.328682,0.144882,0.250040,,,,,,
sample,966,drone,,24.142665,8.499824,-0.757122,1.354543,1.290834,0.331468,0.056540,0.984499,0.323294,0.142726,0.251355,,,,,,
sample,967,drone,,24.167657,8.532393,-0.748737,1.356000,1.315226,0.339480,0.060080,0.967396,0.317907,0.140569,0.252602,,,,,,
sample,968,drone,,24.192650,8.565566,-0.740153,1.357546,1.339189,0.347358,0.063566,0.950293,0.312519,0.138413,0.253787,,,,,,
sample,969,drone,,24.217642,8.599332,-0.731375,1.359177,1.362726,0.355102,0.066998,0.933189,0.307131,0.136257,0.254913,,,,,,
sample,970,drone,,24.242634,8.633681,-0.722404,1.360894,1.385835,0.362710,0.070377,0.916086,0.301744,0.134101,0.255985,,,,,,
sample,971,drone,,24.267627,8.668603,-0.713245,1.362695,1.408516,0.370184,0.073701,0.898983,0.296356,0.131944,0.257006,,,,,,
sample,972,drone,,24.292619,8.704086,-0.703900,1.364578,1.430770,0.377524,0.076972,0.881880,0.290968,0.129788,0.257981,,,,,,
sample,973,drone,,24.317612,8.740120,-0.694374,1.366543,1.452597,0.384728,0.080189,0.864777,0.285581,0.127632,0.258911,,,,,,
sample,974,drone,,24.342604,8.776694,-0.684670,1.368587,1.473996,0.391798,0.083352,0.847673,0.280193,0.125476,0.259800,,,,,,
sample,975,drone,,24.367596,8.813797,-0.674790,1.370709,1.494967,0.398734,0.086461,0.830570,0.274806,0.123320,0.260650,,,,,,
sample,976,drone,,24.392589,8.851419,-0.664739,1.372908,1.515512,0.405534,0.089516,0.813467,0.269418,0.121163,0.261463,,,,,,
sample,977,drone,,24.417581,8.889550,-0.654520,1.375183,1.535628,0.412200,0.092517,0.796364,0.264030,0.119007,0.262243,,,,,,
sample,978,drone,,24.442574,8.928177,-0.644135,1.377533,1.555318,0.418732,0.095464,0.779260,0.258643,0.116851,0.262990,,,,,,
sample,979,drone,,24.467566,8.967292,-0.633589,1.379955,1.574580,0.425129,0.098358,0.762157,0.253255,0.114695,0.263707,,,,,,
sample,980,drone,,24.492558,9.006882,-0.622885,1.382449,1.593414,0.431391,0.101197,0.745054,0.247867,0.112539,0.264395,,,,,,
sample,981,drone,,24.517551,9.046938,-0.612026,1.385013,1.611821,0.437518,0.103983,0.727951,0.242480,0.110382,0.265057,,,,,,
sample,982,drone,,24.542543,9.087449,-0.601016,1.387647,1.629801,0.443511,0.106715,0.710848,0.237092,0.108226,0.265692,,,,,,
sample,983,drone,,24.567536,9.128404,-0.589858,1.390348,1.647353,0.449369,0.109393,0.693744,0.231704,0.106070,0.266304,,,,,,
sample,984,drone,,24.592528,9.169792,-0.578554,1.393115,1.664477,0.455093,0.112017,0.676641,0.226317,0.103914,0.266892,,,,,,
sample,985,drone,,24.617521,9.211602,-0.567110,1.395947,1.681174,0.460682,0.114587,0.659538,0.220929,0.101757,0.267458,,,,,,
sample,986,drone,,24.642513,9.253825,-0.555527,1.398842,1.697444,0.466136,0.117103,0.642435,0.215541,0.099601,0.268004,,,,,,
sample,987,drone,,24.667505,9.296449,-0.543810,1.401800,1.713286,0.471455,0.119565,0.625332,0.210154,0.097445,0.268530,,,,,,
sample,988,drone,,24.692498,9.339463,-0.531962,1.404819,1.728701,0.476640,0.121974,0.608228,0.204766,0.095289,0.269037,,,,,,
sample,989,drone,,24.717490,9.382857,-0.519985,1.407897,1.743689,0.481691,0.124328,0.591125,0.199378,0.093133,0.269526,,,,,,
sample,990,drone,,24.742483,9.426621,-0.507884,1.411033,1.758248,0.486606,0.126629,0.574022,0.193991,0.090976,0.269998,,,,,,
sample,991,drone,,24.767475,9.470743,-0.495662,1.414226,1.772381,0.491387,0.128876,0.556919,0.188603,0.088820,0.270454,,,,,,
sample,992,drone,,24.792467,9.515213,-0.483323,1.417475,1.786086,0.496034,0.131068,0.539815,0.183215,0.086664,0.270894,,,,,,
sample,993,drone,,24.817460,9.560020,-0.470868,1.420778,1.799364,0.500545,0.133207,0.522712,0.177828,0.084508,0.271319,,,,,,
sample,994,drone,,24.842452,9.605154,-0.458303,1.424133,1.812214,0.504922,0.135293,0.505609,0.172440,0.082351,0.271730,,,,,,
sample,995,drone,,24.867445,9.650603,-0.445630,1.427540,1.824636,0.509165,0.137324,0.488506,0.167053,0.080195,0.272127,,,,,,
sample,996,drone,,24.892437,9.696358,-0.432852,1.430998,1.836632,0.513272,0.139301,0.471403,0.161665,0.078039,0.272512,,,,,,
sample,997,drone,,24.917429,9.742407,-0.419974,1.434503,1.848199,0.517245,0.141225,0.454299,0.156277,0.075883,0.272883,,,,,,
sample,998,drone,,24.942422,9.788740,-0.406998,1.438057,1.859340,0.521084,0.143094,0.437196,0.150890,0.073727,0.273242,,,,,,
sample,999,drone,,24.967414,9.835346,-0.393928,1.441656,1.870052,0.524788,0.144910,0.420093,0.145502,0.071570,0.273590,,,,,,
sample,1000,drone,,24.992407,9.882214,-0.380767,1.445300,1.880338,0.528357,0.146672,0.402990,0.140114,0.069414,0.273927,,,,,,
sample,1001,drone,,25.017399,9.929334,-0.367518,1.448987,1.890196,0.531791,0.148379,0.385886,0.134727,0.067258,0.274253,,,,,,
sample,1002,drone,,25.042391,9.976695,-0.354185,1.452717,1.899626,0.535091,0.150033,0.368783,0.129339,0.065102,0.274568,,,,,,
sample,1003,drone,,25.067384,10.024287,-0.340772,1.456487,1.908629,0.538256,0.151634,0.351680,0.123951,0.062945,0.274873,,,,,,
sample,1004,drone,,25.092376,10.072098,-0.327280,1.460296,1.917205,0.541287,0.153180,0.334577,0.118564,0.060789,0.275169,,,,,,
sample,1005,drone,,25.117369,10.120118,-0.313715,1.464143,1.925353,0.544182,0.154672,0.317474,0.113176,0.058633,0.275455,,,,,,
sample,1006,drone,,25.142361,10.168336,-0.300080,1.468027,1.933074,0.546944,0.156110,0.300370,0.107788,0.056477,0.275733,,,,,,
sample,1007,drone,,25.167353,10.216742,-0.286377,1.471946,1.940367,0.549570,0.157495,0.283267,0.102401,0.054321,0.276001,,,,,,
sample,1008,drone,,25.192346,10.265325,-0.272609,1.475900,1.947233,0.552062,0.158826,0.266164,0.097013,0.052164,0.276262,,,,,,
sample,1009,drone,,25.217338,10.314074,-0.258782,1.479885,1.953671,0.554419,0.160102,0.249061,0.091625,0.050008,0.276514,,,,,,
sample,1010,drone,,25.242331,10.362979,-0.244897,1.483902,1.959682,0.556642,0.161325,0.231958,0.086238,0.047852,0.276758,,,,,,
sample,1011,drone,,25.267323,10.412029,-0.230958,1.487949,1.965266,0.558730,0.162494,0.214854,0.080850,0.045696,0.276994,,,,,,
sample,1012,drone,,25.292316,10.461212,-0.216969,1.492025,1.970422,0.560683,0.163609,0.197751,0.075463,0.043540,0.277223,,,,,,
sample,1013,drone,,25.317308,10.510520,-0.202932,1.496127,1.975150,0.562502,0.164671,0.180648,0.070075,0.041383,0.277444,,,,,,
sample,1014,drone,,25.342300,10.559940,-0.188852,1.500256,1.979451,0.564186,0.165678,0.163545,0.064687,0.039227,0.277659,,,,,,
sample,1015,drone,,25.367293,10.609462,-0.174732,1.504409,1.983325,0.565735,0.166631,0.146441,0.059300,0.037071,0.277867,,,,,,
sample,1016,drone,,25.392285,10.659076,-0.160574,1.508585,1.986771,0.567150,0.167531,0.129338,0.053912,0.034915,0.278068,,,,,,
sample,1017,drone,,25.417278,10.708771,-0.146383,1.512783,1.989790,0.568430,0.168377,0.112235,0.048524,0.032758,0.278262,,,,,,
sample,1018,drone,,25.442270,10.758535,-0.132161,1.517001,1.992381,0.569576,0.169168,0.095132,0.043137,0.030602,0.278450,,,,,,
sample,1019,drone,,25.467262,10.808359,-0.117913,1.521238,1.994545,0.570586,0.169906,0.078029,0.037749,0.028446,0.278632,,,,,,
sample,1020,drone,,25.492255,10.858232,-0.103641,1.525494,1.996281,0.571462,0.170590,0.060925,0.032361,0.026290,0.278807,,,,,,
sample,1021,drone,,25.517247,10.908143,-0.089348,1.529765,1.997590,0.572204,0.171220,0.043822,0.026974,0.024134,0.278977,,,,,,
sample,1022,drone,,25.542240,10.958081,-0.075039,1.534052,1.998472,0.572811,0.171797,0.026719,0.021586,0.021977,0.279141,,,,,,
sample,1023,drone,,25.567232,11.008036,-0.060716,1.538353,1.998926,0.573283,0.172319,0.009616,0.016198,0.019821,0.279299,,,,,,
sample,1024,drone,,25.592224,11.057997,-0.046384,1.542665,1.998952,0.573620,0.172787,-0.007488,0.010811,0.017665,0.279451,,,,,,
sample,1025,drone,,25.617217,11.107954,-0.032044,1.546989,1.998552,0.573823,0.173202,-0.024591,0.005423,0.015509,0.279598,,,,,,
sample,1026,drone,,25.642209,11.157895,-0.017701,1.551323,1.997723,0.573891,0.173563,-0.041694,0.000035,0.013352,0.279740,,,,,,
sample,1027,drone,,25.667202,11.207809,-0.003358,1.555665,1.996468,0.573825,0.173869,-0.058797,-0.005352,0.011196,0.279876,,,,,,
sample,1028,drone,,25.692194,11.257688,0.010981,1.560014,1.994784,0.573624,0.174122,-0.075900,-0.010740,0.009040,0.280007,,,,,,
sample,1029,drone,,25.717186,11.307518,0.025314,1.564368,1.992674,0.573288,0.174321,-0.093004,-0.016127,0.006884,0.280133,,,,,,
sample,1030,drone,,25.742179,11.357291,0.039637,1.568727,1.990136,0.572818,0.174466,-0.110107,-0.021515,0.004728,0.280253,,,,,,
sample,1031,drone,,25.767171,11.406995,0.053946,1.573089,1.987170,0.572213,0.174557,-0.127210,-0.026903,0.002571,0.280369,,,,,,
sample,1032,drone,,25.792164,11.456619,0.068239,1.577452,1.983777,0.571473,0.174595,-0.144313,-0.032290,0.000415,0.280479,,,,,,
sample,1033,drone,,25.817156,11.506154,0.082511,1.581816,1.979957,0.570599,0.174578,-0.161417,-0.037678,-0.001741,0.280585,,,,,,
sample,1034,drone,,25.842148,11.555587,0.096760,1.586179,1.975709,0.569590,0.174508,-0.178520,-0.043066,-0.003897,0.280685,,,,,,
sample,1035,drone,,25.867141,11.604909,0.110982,1.590539,1.971033,0.568446,0.174383,-0.195623,-0.048453,-0.006054,0.280781,,,,,,
sample,1036,drone,,25.892133,11.654109,0.125174,1.594895,1.965930,0.567168,0.174205,-0.212726,-0.053841,-0.008210,0.280872,,,,,,
sample,1037,drone,,25.917126,11.703176,0.139332,1.599246,1.960400,0.565755,0.173973,-0.229829,-0.059229,-0.010366,0.280958,,,,,,
sample,1038,drone,,25.942118,11.752099,0.153453,1.603591,1.954442,0.564207,0.173687,-0.246933,-0.064616,-0.012522,0.281039,,,,,,
sample,1039,drone,,25.967110,11.800868,0.167534,1.607928,1.948057,0.562525,0.173347,-0.264036,-0.070004,-0.014678,0.281115,,,,,,
sample,1040,drone,,25.992103,11.849472,0.181571,1.612256,1.941245,0.560708,0.172953,-0.281139,-0.075392,-0.016835,0.281187,,,,,,
sample,1041,drone,,26.017095,11.897901,0.195561,1.616573,1.934005,0.558757,0.172506,-0.298242,-0.080779,-0.018991,0.281253,,,,,,
sample,1042,drone,,26.042088,11.946143,0.209500,1.620878,1.926337,0.556670,0.172004,-0.315345,-0.086167,-0.021147,0.281315,,,,,,
sample,1043,drone,,26.067080,11.994189,0.223386,1.625171,1.918242,0.554450,0.171449,-0.332449,-0.091555,-0.023303,0.281372,,,,,,
sample,1044,drone,,26.092073,12.042026,0.237214,1.629448,1.909720,0.552094,0.170839,-0.349552,-0.096942,-0.025459,0.281424,,,,,,
sample,1045,drone,,26.117065,12.089646,0.250982,1.633710,1.900770,0.549604,0.170176,-0.366655,-0.102330,-0.027616,0.281471,,,,,,
sample,1046,drone,,26.142057,12.137036,0.264686,1.637954,1.891393,0.546979,0.169459,-0.383758,-0.107718,-0.029772,0.281514,,,,,,
sample,1047,drone,,26.167050,12.184186,0.278323,1.642180,1.881588,0.544220,0.168688,-0.400862,-0.113105,-0.031928,0.281551,,,,,,
sample,1048,drone,,26.192042,12.231087,0.291889,1.646386,1.871356,0.541326,0.167863,-0.417965,-0.118493,-0.034084,0.281583,,,,,,
sample,1049,drone,,26.217035,12.277726,0.305381,1.650571,1.860696,0.538297,0.166984,-0.435068,-0.123880,-0.036241,0.281610,,,,,,
sample,1050,drone,,26.242027,12.324093,0.318795,1.654733,1.849609,0.535133,0.166051,-0.452171,-0.129268,-0.038397,0.281632,,,,,,
sample,1051,drone,,26.267019,12.370178,0.332129,1.658871,1.838094,0.531835,0.165065,-0.469274,-0.134656,-0.040553,0.281649,,,,,,
sample,1052,drone,,26.292012,12.415970,0.345379,1.662984,1.826152,0.528403,0.164024,-0.486378,-0.140043,-0.042709,0.281661,,,,,,
sample,1053,drone,,26.317004,12.461458,0.358541,1.667070,1.813783,0.524835,0.162930,-0.503481,-0.145431,-0.044865,0.281667,,,,,,
sample,1054,drone,,26.341997,12.506632,0.371613,1.671128,1.800986,0.521133,0.161782,-0.520584,-0.150819,-0.047022,0.281667,,,,,,
sample,1055,drone,,26.366989,12.551480,0.384590,1.675156,1.787761,0.517297,0.160580,-0.537687,-0.156206,-0.049178,0.281662,,,,,,
sample,1056,drone,,26.391981,12.595992,0.397470,1.679154,1.774110,0.513325,0.159324,-0.554791,-0.161594,-0.051334,0.281651,,,,,,
sample,1057,drone,,26.416974,12.640158,0.410249,1.683120,1.760030,0.509220,0.158014,-0.571894,-0.166982,-0.053490,0.281634,,,,,,
sample,1058,drone,,26.441966,12.683967,0.422923,1.687053,1.745524,0.504979,0.156650,-0.588997,-0.172369,-0.055647,0.281611,,,,,,
sample,1059,drone,,26.466959,12.727408,0.435490,1.690950,1.730589,0.500604,0.155232,-0.606100,-0.177757,-0.057803,0.281582,,,,,,
sample,1060,drone,,26.491951,12.770470,0.447946,1.694812,1.715228,0.496094,0.153761,-0.623203,-0.183145,-0.059959,0.281546,,,,,,
sample,1061,drone,,26.516943,12.813143,0.460287,1.698636,1.699439,0.491449,0.152235,-0.640307,-0.188532,-0.062115,0.281504,,,,,,
sample,1062,drone,,26.541936,12.855417,0.472511,1.702421,1.683222,0.486670,0.150656,-0.657410,-0.193920,-0.064271,0.281455,,,,,,
sample,1063,drone,,26.566928,12.897279,0.484613,1.706167,1.666578,0.481756,0.149023,-0.674513,-0.199308,-0.066428,0.281398,,,,,,
sample,1064,drone,,26.591921,12.938720,0.496591,1.709870,1.649507,0.476708,0.147336,-0.691616,-0.204695,-0.068584,0.281335,,,,,,
sample,1065,drone,,26.616913,12.979729,0.508441,1.713531,1.632008,0.471525,0.145595,-0.708719,-0.210083,-0.070740,0.281264,,,,,,
sample,1066,drone,,26.641905,13.020296,0.520160,1.717148,1.614082,0.466207,0.143800,-0.725823,-0.215470,-0.072896,0.281184,,,,,,
sample,1067,drone,,26.666898,13.060409,0.531745,1.720719,1.595728,0.460754,0.141951,-0.742926,-0.220858,-0.075052,0.281097,,,,,,
sample,1068,drone,,26.691890,13.100058,0.543191,1.724243,1.576946,0.455167,0.140048,-0.760029,-0.226246,-0.077209,0.281001,,,,,,
sample,1069,drone,,26.716883,13.139232,0.554496,1.727719,1.557738,0.449445,0.138092,-0.777132,-0.231633,-0.079365,0.280896,,,,,,
sample,1070,drone,,26.741875,13.177921,0.565656,1.731146,1.538102,0.443589,0.136081,-0.794236,-0.237021,-0.081521,0.280781,,,,,,
sample,1071,drone,,26.766867,13.216114,0.576669,1.734521,1.518038,0.437598,0.134017,-0.811339,-0.242409,-0.083677,0.280657,,,,,,
sample,1072,drone,,26.791860,13.253800,0.587530,1.737844,1.497547,0.431472,0.131899,-0.828442,-0.247796,-0.085834,0.280522,,,,,,
sample,1073,drone,,26.816852,13.290969,0.598236,1.741114,1.476629,0.425212,0.129726,-0.845545,-0.253184,-0.087990,0.280376,,,,,,
sample,1074,drone,,26.841845,13.327609,0.608784,1.744329,1.455283,0.418817,0.127500,-0.862648,-0.258572,-0.090146,0.280218,,,,,,
sample,1075,drone,,26.866837,13.363711,0.619170,1.747487,1.433509,0.412287,0.125220,-0.879752,-0.263959,-0.092302,0.280049,,,,,,
sample,1076,drone,,26.891830,13.399263,0.629392,1.750588,1.411308,0.405623,0.122887,-0.896855,-0.269347,-0.094458,0.279866,,,,,,
sample,1077,drone,,26.916822,13.434255,0.639445,1.753630,1.388680,0.398824,0.120499,-0.913958,-0.274735,-0.096615,0.279669,,,,,,
sample,1078,drone,,26.941814,13.468676,0.649327,1.756611,1.365624,0.391890,0.118057,-0.931061,-0.280122,-0.098771,0.279458,,,,,,
sample,1079,drone,,26.966807,13.502515,0.659034,1.759531,1.342141,0.384822,0.115562,-0.948165,-0.285510,-0.100927,0.279232,,,,,,
sample,1080,drone,,26.991799,13.535762,0.668562,1.762387,1.318231,0.377619,0.113013,-0.965268,-0.290898,-0.103083,0.278988,,,,,,
sample,1081,drone,,27.016792,13.568407,0.677909,1.765180,1.293892,0.370282,0.110409,-0.982371,-0.296285,-0.105240,0.278727,,,,,,
sample,1082,drone,,27.041784,13.600437,0.687071,1.767906,1.269127,0.362809,0.107752,-0.999474,-0.301673,-0.107396,0.278447,,,,,,
sample,1083,drone,,27.066776,13.631844,0.696044,1.770566,1.243934,0.355203,0.105041,-1.016577,-0.307060,-0.109552,0.278146,,,,,,
sample,1084,drone,,27.091769,13.662615,0.704826,1.773157,1.218314,0.347461,0.102276,-1.033681,-0.312448,-0.111708,0.277823,,,,,,
sample,1085,drone,,27.116761,13.692741,0.713412,1.775678,1.192266,0.339585,0.099457,-1.050784,-0.317836,-0.113864,0.277476,,,,,,
sample,1086,drone,,27.141754,13.722210,0.721800,1.778128,1.165790,0.331574,0.096585,-1.067887,-0.323223,-0.116021,0.277103,,,,,,
sample,1087,drone,,27.166746,13.751013,0.729986,1.780506,1.138887,0.323429,0.093658,-1.084990,-0.328611,-0.118177,0.276702,,,,,,
sample,1088,drone,,27.191738,13.779137,0.737966,1.782809,1.111557,0.315149,0.090678,-1.102093,-0.333999,-0.120333,0.276270,,,,,,
sample,1089,drone,,27.216731,13.806574,0.745738,1.785038,1.083800,0.306734,0.087643,-1.119197,-0.339386,-0.122489,0.275804,,,,,,
sample,1090,drone,,27.241723,13.833311,0.753298,1.787190,1.055614,0.298184,0.084555,-1.136300,-0.344774,-0.124646,0.275302,,,,,,
sample,1091,drone,,27.266716,13.859338,0.760643,1.789265,1.027002,0.289500,0.081413,-1.153403,-0.350162,-0.126802,0.274759,,,,,,
sample,1092,drone,,27.291708,13.884645,0.767769,1.791260,0.997962,0.280682,0.078217,-1.170506,-0.355549,-0.128958,0.274172,,,,,,
sample,1093,drone,,27.316700,13.909221,0.774673,1.793174,0.968494,0.271728,0.074967,-1.187610,-0.360937,-0.131114,0.273535,,,,,,
sample,1094,drone,,27.341693,13.933055,0.781351,1.795007,0.938599,0.262640,0.071663,-1.204713,-0.366325,-0.133270,0.272843,,,,,,
sample,1095,drone,,27.366685,13.956137,0.787801,1.796756,0.908277,0.253418,0.068306,-1.221816,-0.371712,-0.135427,0.272090,,,,,,
sample,1096,drone,,27.391678,13.978455,0.794018,1.798421,0.877527,0.244060,0.064894,-0.924914,-0.281478,-0.102648,0.271267,,,,,,
sample,1097,drone,,27.416670,14.000000,0.800000,1.800000,0.862045,0.239348,0.063175,-0.619460,-0.188550,-0.068791,0.270829,,,,,,
