section,index,name,chart_id,t,x,y,z,vx,vy,vz,ax,ay,az,yaw,local_u,local_v,plane_error,boundary_margin,chart_contains,contains
crossing,1,G1,8,1.297122,2.162903,-0.621000,1.598779,,,,,,,,-0.203425,0.421267,0.000000000,0.388766842,True,True
crossing,2,G6,11,4.193651,4.306829,3.257959,2.411441,,,,,,,,-0.364241,0.029054,0.000000000,0.243690507,True,True
crossing,3,G3,0,8.492397,5.765214,-2.279887,0.926310,,,,,,,,0.776358,0.033535,0.000000000,0.051245669,True,True
crossing,4,G2,4,12.546559,8.635778,2.687366,2.574082,,,,,,,,-0.667025,-0.042941,0.000000000,0.152974677,True,True
crossing,5,G5,5,13.953961,10.260681,2.315185,1.370011,,,,,,,,0.234873,0.427353,0.000000000,0.189844495,True,True
crossing,6,G4,0,17.134136,12.512520,-1.730218,2.979031,,,,,,,,0.302769,-0.436479,0.000000000,0.143520677,True,True
sample,0,drone,,0.000000,0.000000,-1.400000,1.200000,0.966529,0.340417,0.177168,1.924519,0.397157,0.315064,0.338638,,,,,,
sample,1,drone,,0.024968,0.024132,-1.391500,1.204424,1.014581,0.350333,0.185034,2.845532,0.589950,0.466209,0.332480,,,,,,
sample,2,drone,,0.049936,0.050664,-1.382506,1.209240,1.108624,0.369877,0.200448,3.684052,0.771171,0.604582,0.322023,,,,,,
sample,3,drone,,0.074904,0.079493,-1.373030,1.214433,1.198548,0.388842,0.215225,3.519068,0.748029,0.579038,0.313714,,,,,,
sample,4,drone,,0.099872,0.110515,-1.363089,1.219987,1.284352,0.407230,0.229363,3.354083,0.724886,0.553493,0.307043,,,,,,
sample,5,drone,,0.124840,0.143628,-1.352695,1.225887,1.366037,0.425040,0.242864,3.189098,0.701744,0.527948,0.301653,,,,,,
sample,6,drone,,0.149808,0.178729,-1.341864,1.232115,1.443603,0.442272,0.255727,3.024113,0.678601,0.502404,0.297288,,,,,,
sample,7,drone,,0.174776,0.215716,-1.330610,1.238657,1.517049,0.458927,0.267952,2.859129,0.655459,0.476859,0.293761,,,,,,
sample,8,drone,,0.199744,0.254484,-1.318947,1.245495,1.586376,0.475003,0.279539,2.694144,0.632316,0.451314,0.290931,,,,,,
sample,9,drone,,0.224712,0.294933,-1.306890,1.252616,1.651584,0.490502,0.290489,2.529159,0.609174,0.425770,0.288692,,,,,,
sample,10,drone,,0.249680,0.336958,-1.294453,1.260001,1.712672,0.505423,0.300800,2.364174,0.586031,0.400225,0.286963,,,,,,
sample,11,drone,,0.274648,0.380457,-1.281651,1.267636,1.769641,0.519766,0.310474,2.199190,0.562889,0.374680,0.285679,,,,,,
sample,12,drone,,0.299616,0.425327,-1.268498,1.275505,1.822491,0.533532,0.319510,2.034205,0.539747,0.349136,0.284791,,,,,,
sample,13,drone,,0.324584,0.471465,-1.255009,1.283591,1.871221,0.546719,0.327909,1.869220,0.516604,0.323591,0.284260,,,,,,
sample,14,drone,,0.349552,0.518768,-1.241197,1.291880,1.915832,0.559329,0.335669,1.704235,0.493462,0.298046,0.284056,,,,,,
sample,15,drone,,0.374520,0.567134,-1.227078,1.300353,1.956324,0.571360,0.342792,1.539250,0.470319,0.272501,0.284155,,,,,,
sample,16,drone,,0.399488,0.616459,-1.212666,1.308997,1.992696,0.582815,0.349277,1.374266,0.447177,0.246957,0.284539,,,,,,
sample,17,drone,,0.424456,0.666641,-1.197975,1.317795,2.024949,0.593691,0.355124,1.209281,0.424034,0.221412,0.285196,,,,,,
sample,18,drone,,0.449424,0.717577,-1.183019,1.326731,2.053083,0.603989,0.360333,1.044296,0.400892,0.195867,0.286115,,,,,,
sample,19,drone,,0.474392,0.769164,-1.167814,1.335788,2.077097,0.613710,0.364905,0.879311,0.377749,0.170323,0.287291,,,,,,
sample,20,drone,,0.499360,0.821299,-1.152373,1.344953,2.096992,0.622852,0.368839,0.714327,0.354607,0.144778,0.288722,,,,,,
sample,21,drone,,0.524328,0.873879,-1.136711,1.354207,2.112768,0.631417,0.372134,0.549342,0.331464,0.119233,0.290409,,,,,,
sample,22,drone,,0.549296,0.926802,-1.120842,1.363535,2.124424,0.639404,0.374793,0.384357,0.308322,0.093689,0.292354,,,,,,
sample,23,drone,,0.574264,0.979964,-1.104782,1.372922,2.131961,0.646814,0.376813,0.219372,0.285179,0.068144,0.294563,,,,,,
sample,24,drone,,0.599232,1.033263,-1.088543,1.382352,2.135379,0.653645,0.378195,0.054388,0.262037,0.042599,0.297046,,,,,,
sample,25,drone,,0.624200,1.086596,-1.072141,1.391808,2.134677,0.659899,0.378940,-0.110597,0.238894,0.017055,0.299814,,,,,,
sample,26,drone,,0.649168,1.139861,-1.055591,1.401275,2.129856,0.665574,0.379047,-0.275582,0.215752,-0.008490,0.302883,,,,,,
sample,27,drone,,0.674136,1.192953,-1.038905,1.410736,2.120915,0.670672,0.378516,-0.440567,0.192609,-0.034035,0.306269,,,,,,
sample,28,drone,,0.699104,1.245770,-1.022100,1.420176,2.107856,0.675193,0.377347,-0.605551,0.169467,-0.059580,0.309995,,,,,,
sample,29,drone,,0.724072,1.298211,-1.005189,1.429579,2.090677,0.679135,0.375541,-0.770536,0.146325,-0.085124,0.314087,,,,,,
sample,30,drone,,0.749040,1.350170,-0.988187,1.438929,2.069378,0.682499,0.373097,-0.935521,0.123182,-0.110669,0.318575,,,,,,
sample,31,drone,,0.774008,1.401547,-0.971108,1.448210,2.043960,0.685286,0.370015,-1.100506,0.100040,-0.136214,0.323496,,,,,,
sample,32,drone,,0.798976,1.452238,-0.953966,1.457406,2.014423,0.687495,0.366295,-1.265490,0.076897,-0.161758,0.328891,,,,,,
sample,33,drone,,0.823944,1.502139,-0.936777,1.466502,1.980767,0.689126,0.361937,-1.430475,0.053755,-0.187303,0.334811,,,,,,
sample,34,drone,,0.848912,1.551149,-0.919554,1.475480,1.942991,0.690179,0.356942,-1.595460,0.030612,-0.212848,0.341313,,,,,,
sample,35,drone,,0.873880,1.599164,-0.902312,1.484326,1.901096,0.690655,0.351308,-1.760445,0.007470,-0.238392,0.348468,,,,,,
sample,36,drone,,0.898848,1.646082,-0.885065,1.493023,1.855082,0.690552,0.345037,-1.925429,-0.015673,-0.263937,0.356357,,,,,,
sample,37,drone,,0.923816,1.691800,-0.867829,1.501556,1.804948,0.689872,0.338128,-2.090414,-0.038815,-0.289482,0.365078,,,,,,
sample,38,drone,,0.948784,1.736214,-0.850616,1.509908,1.750695,0.688614,0.330582,-2.255399,-0.061958,-0.315026,0.374750,,,,,,
sample,39,drone,,0.973752,1.779222,-0.833442,1.518063,1.692322,0.686778,0.322397,-2.420384,-0.085100,-0.340571,0.385514,,,,,,
sample,40,drone,,0.998720,1.820722,-0.816321,1.526007,1.629831,0.684365,0.313575,-2.585368,-0.108243,-0.366116,0.397542,,,,,,
sample,41,drone,,1.023688,1.860610,-0.799268,1.533722,1.563219,0.681373,0.304115,-2.750353,-0.131385,-0.391660,0.411048,,,,,,
sample,42,drone,,1.048656,1.898783,-0.782296,1.541193,1.492489,0.677804,0.294017,-2.915338,-0.154528,-0.417205,0.426294,,,,,,
sample,43,drone,,1.073624,1.935139,-0.765421,1.548404,1.417639,0.673657,0.283281,-3.080323,-0.177670,-0.442750,0.443608,,,,,,
sample,44,drone,,1.098592,1.969574,-0.748656,1.555339,1.338670,0.668932,0.271908,-3.245307,-0.200813,-0.468295,0.463406,,,,,,
sample,45,drone,,1.123560,2.001986,-0.732017,1.561982,1.255582,0.663629,0.259897,-3.410292,-0.223955,-0.493839,0.486220,,,,,,
sample,46,drone,,1.148528,2.032273,-0.715517,1.568317,1.168374,0.657748,0.247248,-3.575277,-0.247097,-0.519384,0.512739,,,,,,
sample,47,drone,,1.173496,2.060330,-0.699172,1.574329,1.077047,0.651290,0.233961,-3.740262,-0.270240,-0.544929,0.543868,,,,,,
sample,48,drone,,1.198464,2.086056,-0.682995,1.580000,0.981600,0.644253,0.220036,-3.905246,-0.293382,-0.570473,0.580812,,,,,,
sample,49,drone,,1.223432,2.109347,-0.667000,1.585316,0.882034,0.636639,0.205473,-4.070231,-0.316525,-0.596018,0.625198,,,,,,
sample,50,drone,,1.248400,2.130101,-0.651203,1.590261,0.778349,0.628447,0.190273,-4.233703,-0.338958,-0.621247,0.679243,,,,,,
sample,51,drone,,1.273368,2.148215,-0.635618,1.594818,0.670620,0.619713,0.174451,-3.689056,-0.033321,-0.499383,0.745966,,,,,,
sample,52,drone,,1.298336,2.163589,-0.620257,1.598972,0.594132,0.626784,0.165336,-1.827124,0.867388,-0.106410,0.812135,,,,,,
sample,53,drone,,1.323304,2.177884,-0.604319,1.603074,0.579381,0.663027,0.169137,-0.022726,1.704442,0.268477,0.852622,,,,,,
sample,54,drone,,1.348271,2.192521,-0.587148,1.607418,0.592998,0.711897,0.178743,0.539650,1.937695,0.380662,0.876265,,,,,,
sample,55,drone,,1.373239,2.207496,-0.568770,1.612000,0.606329,0.759788,0.188146,0.528219,1.898515,0.372562,0.897261,,,,,,
sample,56,drone,,1.398207,2.222799,-0.549208,1.616814,0.619375,0.806701,0.197347,0.516789,1.859334,0.364462,0.916008,,,,,,
sample,57,drone,,1.423175,2.238425,-0.528486,1.621855,0.632135,0.852635,0.206346,0.505359,1.820154,0.356361,0.932829,,,,,,
sample,58,drone,,1.448143,2.254365,-0.506631,1.627118,0.644610,0.897592,0.215142,0.493929,1.780974,0.348261,0.947989,,,,,,
sample,59,drone,,1.473111,2.270614,-0.483664,1.632598,0.656800,0.941570,0.223736,0.482498,1.741794,0.340161,0.961711,,,,,,
sample,60,drone,,1.498079,2.287163,-0.459612,1.638290,0.668704,0.984570,0.232128,0.471068,1.702613,0.332060,0.974178,,,,,,
sample,61,drone,,1.523047,2.304006,-0.434499,1.644189,0.680323,1.026592,0.240318,0.459638,1.663433,0.323960,0.985544,,,,,,
sample,62,drone,,1.548015,2.321136,-0.408348,1.650291,0.691657,1.067635,0.248306,0.448208,1.624253,0.315860,0.995941,,,,,,
sample,63,drone,,1.572983,2.338545,-0.381185,1.656589,0.702705,1.107700,0.256091,0.436778,1.585073,0.307760,1.005479,,,,,,
sample,64,drone,,1.597951,2.356226,-0.353034,1.663079,0.713468,1.146787,0.263674,0.425347,1.545892,0.299659,1.014253,,,,,,
sample,65,drone,,1.622919,2.374173,-0.323919,1.669756,0.723945,1.184896,0.271055,0.413917,1.506712,0.291559,1.022344,,,,,,
sample,66,drone,,1.647887,2.392377,-0.293865,1.676614,0.734137,1.222027,0.278233,0.402487,1.467532,0.283459,1.029823,,,,,,
sample,67,drone,,1.672855,2.410832,-0.262896,1.683649,0.744044,1.258179,0.285210,0.391057,1.428352,0.275359,1.036750,,,,,,
sample,68,drone,,1.697823,2.429532,-0.231037,1.690856,0.753665,1.293353,0.291984,0.379626,1.389172,0.267258,1.043178,,,,,,
sample,69,drone,,1.722791,2.448467,-0.198312,1.698230,0.763001,1.327548,0.298555,0.368196,1.349991,0.259158,1.049154,,,,,,
sample,70,drone,,1.747759,2.467633,-0.164745,1.705765,0.772051,1.360766,0.304925,0.356766,1.310811,0.251058,1.054719,,,,,,
sample,71,drone,,1.772727,2.487021,-0.130360,1.713457,0.780816,1.393005,0.311092,0.345336,1.271631,0.242957,1.059907,,,,,,
sample,72,drone,,1.797695,2.506624,-0.095183,1.721300,0.789296,1.424266,0.317057,0.333906,1.232451,0.234857,1.064752,,,,,,
sample,73,drone,,1.822663,2.526435,-0.059238,1.729289,0.797490,1.454549,0.322820,0.322475,1.193270,0.226757,1.069280,,,,,,
sample,74,drone,,1.847631,2.546447,-0.022549,1.737420,0.805399,1.483853,0.328381,0.311045,1.154090,0.218657,1.073517,,,,,,
sample,75,drone,,1.872599,2.566653,0.014859,1.745687,0.813023,1.512179,0.333739,0.299615,1.114910,0.210556,1.077485,,,,,,
sample,76,drone,,1.897567,2.587046,0.052963,1.754086,0.820361,1.539527,0.338895,0.288185,1.075730,0.202456,1.081203,,,,,,
sample,77,drone,,1.922535,2.607619,0.091737,1.762610,0.827413,1.565897,0.343849,0.276755,1.036550,0.194356,1.084691,,,,,,
sample,78,drone,,1.947503,2.628364,0.131158,1.771256,0.834181,1.591288,0.348600,0.265324,0.997369,0.186256,1.087963,,,,,,
sample,79,drone,,1.972471,2.649274,0.171200,1.780018,0.840663,1.615702,0.353150,0.253894,0.958189,0.178155,1.091035,,,,,,
sample,80,drone,,1.997439,2.670343,0.211839,1.788891,0.846859,1.639136,0.357497,0.242464,0.919009,0.170055,1.093918,,,,,,
sample,81,drone,,2.022407,2.691563,0.253052,1.797870,0.852770,1.661593,0.361641,0.231034,0.879829,0.161955,1.096625,,,,,,
sample,82,drone,,2.047375,2.712927,0.294813,1.806950,0.858396,1.683072,0.365584,0.219603,0.840648,0.153854,1.099167,,,,,,
sample,83,drone,,2.072343,2.734428,0.337097,1.816126,0.863736,1.703572,0.369324,0.208173,0.801468,0.145754,1.101553,,,,,,
sample,84,drone,,2.097311,2.756059,0.379882,1.825392,0.868791,1.723094,0.372862,0.196743,0.762288,0.137654,1.103791,,,,,,
sample,85,drone,,2.122279,2.777812,0.423142,1.834745,0.873561,1.741637,0.376198,0.185313,0.723108,0.129554,1.105890,,,,,,
sample,86,drone,,2.147247,2.799681,0.466852,1.844178,0.878045,1.759203,0.379332,0.173883,0.683927,0.121453,1.107857,,,,,,
sample,87,drone,,2.172215,2.821658,0.510989,1.853687,0.882244,1.775790,0.382263,0.162452,0.644747,0.113353,1.109698,,,,,,
sample,88,drone,,2.197183,2.843736,0.555528,1.863267,0.886157,1.791399,0.384992,0.151022,0.605567,0.105253,1.111419,,,,,,
sample,89,drone,,2.222151,2.865909,0.600445,1.872912,0.889785,1.806030,0.387519,0.139592,0.566387,0.097153,1.113026,,,,,,
sample,90,drone,,2.247119,2.888169,0.645714,1.882618,0.893128,1.819682,0.389844,0.128162,0.527207,0.089052,1.114523,,,,,,
sample,91,drone,,2.272087,2.910508,0.691312,1.892379,0.896185,1.832356,0.391966,0.116731,0.488026,0.080952,1.115916,,,,,,
sample,92,drone,,2.297055,2.932921,0.737215,1.902191,0.898957,1.844052,0.393886,0.105301,0.448846,0.072852,1.117207,,,,,,
sample,93,drone,,2.322023,2.955399,0.783397,1.912049,0.901443,1.854770,0.395604,0.093871,0.409666,0.064751,1.118400,,,,,,
sample,94,drone,,2.346991,2.977935,0.829834,1.921946,0.903645,1.864509,0.397119,0.082441,0.370486,0.056651,1.119500,,,,,,
sample,95,drone,,2.371959,3.000523,0.876503,1.931879,0.905560,1.873270,0.398433,0.071011,0.331305,0.048551,1.120507,,,,,,
sample,96,drone,,2.396927,3.023155,0.923378,1.941842,0.907191,1.881053,0.399544,0.059580,0.292125,0.040451,1.121427,,,,,,
sample,97,drone,,2.421895,3.045824,0.970435,1.951831,0.908535,1.887858,0.400453,0.048150,0.252945,0.032350,1.122259,,,,,,
sample,98,drone,,2.446863,3.068524,1.017650,1.961839,0.909595,1.893684,0.401159,0.036720,0.213765,0.024250,1.123007,,,,,,
sample,99,drone,,2.471831,3.091246,1.064998,1.971863,0.910369,1.898532,0.401664,0.025290,0.174585,0.016150,1.123673,,,,,,
sample,100,drone,,2.496799,3.113984,1.112455,1.981897,0.910858,1.902402,0.401966,0.013860,0.135404,0.008050,1.124257,,,,,,
sample,101,drone,,2.521767,3.136731,1.159996,1.991936,0.911061,1.905294,0.402066,0.002429,0.096224,-0.000051,1.124762,,,,,,
sample,102,drone,,2.546735,3.159479,1.207598,2.001974,0.910979,1.907207,0.401963,-0.009001,0.057044,-0.008151,1.125187,,,,,,
sample,103,drone,,2.571703,3.182221,1.255235,2.012008,0.910612,1.908142,0.401659,-0.020431,0.017864,-0.016251,1.125535,,,,,,
sample,104,drone,,2.596671,3.204951,1.302883,2.022032,0.909959,1.908099,0.401152,-0.031861,-0.021317,-0.024352,1.125805,,,,,,
sample,105,drone,,2.621639,3.227661,1.350517,2.032040,0.909021,1.907078,0.400443,-0.043292,-0.060497,-0.032452,1.125997,,,,,,
sample,106,drone,,2.646607,3.250344,1.398115,2.042028,0.907797,1.905078,0.399531,-0.054722,-0.099677,-0.040552,1.126113,,,,,,
sample,107,drone,,2.671575,3.272993,1.445649,2.051991,0.906288,1.902100,0.398418,-0.066152,-0.138857,-0.048652,1.126152,,,,,,
sample,108,drone,,2.696543,3.295600,1.493098,2.061923,0.904494,1.898144,0.397102,-0.077582,-0.178038,-0.056753,1.126113,,,,,,
sample,109,drone,,2.721511,3.318159,1.540435,2.071821,0.902414,1.893210,0.395584,-0.089012,-0.217218,-0.064853,1.125996,,,,,,
sample,110,drone,,2.746479,3.340663,1.587637,2.081677,0.900049,1.887297,0.393863,-0.100443,-0.256398,-0.072953,1.125800,,,,,,
sample,111,drone,,2.771447,3.363104,1.634679,2.091488,0.897398,1.880407,0.391941,-0.111873,-0.295578,-0.081053,1.125525,,,,,,
sample,112,drone,,2.796415,3.385476,1.681537,2.101249,0.894462,1.872537,0.389816,-0.123303,-0.334758,-0.089154,1.125169,,,,,,
sample,113,drone,,2.821383,3.407770,1.728186,2.110954,0.891241,1.863690,0.387489,-0.134733,-0.373939,-0.097254,1.124730,,,,,,
sample,114,drone,,2.846351,3.429981,1.774602,2.120599,0.887734,1.853864,0.384959,-0.146164,-0.413119,-0.105354,1.124206,,,,,,
sample,115,drone,,2.871319,3.452100,1.820761,2.130178,0.883942,1.843061,0.382228,-0.157594,-0.452299,-0.113455,1.123597,,,,,,
sample,116,drone,,2.896287,3.474121,1.866637,2.139686,0.879865,1.831278,0.379294,-0.169024,-0.491479,-0.121555,1.122899,,,,,,
sample,117,drone,,2.921255,3.496037,1.912207,2.149118,0.875502,1.818518,0.376158,-0.180454,-0.530660,-0.129655,1.122109,,,,,,
sample,118,drone,,2.946223,3.517840,1.957447,2.158470,0.870854,1.804779,0.372819,-0.191884,-0.569840,-0.137755,1.121225,,,,,,
sample,119,drone,,2.971191,3.539524,2.002331,2.167735,0.865920,1.790063,0.369279,-0.203315,-0.609020,-0.145856,1.120243,,,,,,
sample,120,drone,,2.996159,3.561081,2.046835,2.176910,0.860701,1.774367,0.365536,-0.214745,-0.648200,-0.153956,1.119160,,,,,,
sample,121,drone,,3.021127,3.582504,2.090936,2.185989,0.855196,1.757694,0.361591,-0.226175,-0.687381,-0.162056,1.117971,,,,,,
sample,122,drone,,3.046095,3.603786,2.134607,2.194966,0.849407,1.740042,0.357443,-0.237605,-0.726561,-0.170156,1.116671,,,,,,
sample,123,drone,,3.071063,3.624920,2.177826,2.203838,0.843331,1.721412,0.353094,-0.249036,-0.765741,-0.178257,1.115256,,,,,,
sample,124,drone,,3.096031,3.645898,2.220568,2.212598,0.836971,1.701804,0.348542,-0.260466,-0.804921,-0.186357,1.113719,,,,,,
sample,125,drone,,3.120999,3.666715,2.262808,2.221243,0.830325,1.681218,0.343788,-0.271896,-0.844101,-0.194457,1.112054,,,,,,
sample,126,drone,,3.145967,3.687361,2.304521,2.229766,0.823393,1.659653,0.338832,-0.283326,-0.883282,-0.202558,1.110255,,,,,,
sample,127,drone,,3.170935,3.707832,2.345684,2.238163,0.816177,1.637110,0.333673,-0.294756,-0.922462,-0.210658,1.108312,,,,,,
sample,128,drone,,3.195903,3.728118,2.386272,2.246428,0.808674,1.613589,0.328312,-0.306187,-0.961642,-0.218758,1.106217,,,,,,
sample,129,drone,,3.220871,3.748214,2.426260,2.254557,0.800887,1.589090,0.322749,-0.317617,-1.000822,-0.226858,1.103961,,,,,,
sample,130,drone,,3.245839,3.768111,2.465625,2.262545,0.792814,1.563612,0.316984,-0.329047,-1.040003,-0.234959,1.101533,,,,,,
sample,131,drone,,3.270807,3.787803,2.504341,2.270386,0.784456,1.537156,0.311016,-0.340477,-1.079183,-0.243059,1.098920,,,,,,
sample,132,drone,,3.295775,3.807284,2.542384,2.278076,0.775812,1.509722,0.304846,-0.351907,-1.118363,-0.251159,1.096109,,,,,,
sample,133,drone,,3.320743,3.826544,2.579730,2.285609,0.766883,1.481310,0.298474,-0.363338,-1.157543,-0.259259,1.093085,,,,,,
sample,134,drone,,3.345711,3.845579,2.616355,2.292980,0.757668,1.451919,0.291900,-0.374768,-1.196723,-0.267360,1.089830,,,,,,
sample,135,drone,,3.370679,3.864379,2.652233,2.300185,0.748168,1.421550,0.285123,-0.386198,-1.235904,-0.275460,1.086327,,,,,,
sample,136,drone,,3.395647,3.882939,2.687341,2.307218,0.738383,1.390203,0.278145,-0.397628,-1.275084,-0.283560,1.082553,,,,,,
sample,137,drone,,3.420615,3.901251,2.721654,2.314075,0.728312,1.357878,0.270964,-0.409059,-1.314264,-0.291661,1.078485,,,,,,
sample,138,drone,,3.445583,3.919308,2.755148,2.320749,0.717956,1.324574,0.263580,-0.420489,-1.353444,-0.299761,1.074094,,,,,,
sample,139,drone,,3.470551,3.937103,2.787798,2.327237,0.707315,1.290292,0.255995,-0.431919,-1.392625,-0.307861,1.069350,,,,,,
sample,140,drone,,3.495519,3.954629,2.819580,2.333532,0.696388,1.255032,0.248207,-0.443349,-1.431805,-0.315961,1.064217,,,,,,
sample,141,drone,,3.520487,3.971878,2.850469,2.339631,0.685176,1.218793,0.240217,-0.454779,-1.470985,-0.324062,1.058653,,,,,,
sample,142,drone,,3.545455,3.988844,2.880442,2.345528,0.673678,1.181577,0.232025,-0.466210,-1.510165,-0.332162,1.052613,,,,,,
sample,143,drone,,3.570423,4.005519,2.909473,2.351218,0.661895,1.143382,0.223630,-0.477640,-1.549346,-0.340262,1.046042,,,,,,
sample,144,drone,,3.595391,4.021896,2.937538,2.356695,0.649827,1.104209,0.215033,-0.489070,-1.588526,-0.348362,1.038876,,,,,,
sample,145,drone,,3.620359,4.037968,2.964612,2.361955,0.637473,1.064057,0.206234,-0.500500,-1.627706,-0.356463,1.031041,,,,,,
sample,146,drone,,3.645327,4.053729,2.990672,2.366994,0.624834,1.022928,0.197233,-0.511931,-1.666886,-0.364563,1.022452,,,,,,
sample,147,drone,,3.670295,4.069170,3.015693,2.371804,0.611909,0.980820,0.188029,-0.523361,-1.706066,-0.372663,1.013006,,,,,,
sample,148,drone,,3.695263,4.084285,3.039651,2.376383,0.598699,0.937734,0.178624,-0.534791,-1.745247,-0.380764,1.002581,,,,,,
sample,149,drone,,3.720231,4.099067,3.062520,2.380724,0.585204,0.893669,0.169016,-0.546221,-1.784427,-0.388864,0.991031,,,,,,
sample,150,drone,,3.745199,4.113508,3.084277,2.384823,0.571423,0.848626,0.159205,-0.557651,-1.823607,-0.396964,0.978181,,,,,,
sample,151,drone,,3.770167,4.127601,3.104897,2.388674,0.557357,0.802605,0.149193,-0.569082,-1.862787,-0.405064,0.963815,,,,,,
sample,152,drone,,3.795135,4.141340,3.124356,2.392273,0.543005,0.755606,0.138978,-0.580512,-1.901968,-0.413165,0.947673,,,,,,
sample,153,drone,,3.820103,4.154717,3.142629,2.395614,0.528369,0.707629,0.128561,-0.591942,-1.941148,-0.421265,0.929427,,,,,,
sample,154,drone,,3.845071,4.167725,3.159692,2.398693,0.513446,0.658673,0.117942,-0.603372,-1.980328,-0.429365,0.908671,,,,,,
sample,155,drone,,3.870039,4.180356,3.175520,2.401504,0.498239,0.608739,0.107120,-0.614802,-2.019508,-0.437465,0.884891,,,,,,
sample,156,drone,,3.895007,4.192605,3.190090,2.404042,0.482745,0.557827,0.096097,-0.626233,-2.058689,-0.445566,0.857427,,,,,,
sample,157,drone,,3.919975,4.204463,3.203376,2.406303,0.466967,0.505937,0.084871,-0.637663,-2.097869,-0.453666,0.825432,,,,,,
sample,158,drone,,3.944943,4.215923,3.215354,2.408280,0.450903,0.453068,0.073442,-0.649093,-2.137049,-0.461766,0.787793,,,,,,
sample,159,drone,,3.969911,4.226979,3.226000,2.409970,0.434554,0.399221,0.061812,-0.660523,-2.176229,-0.469867,0.743046,,,,,,
sample,160,drone,,3.994879,4.237623,3.235290,2.411367,0.417919,0.344396,0.049979,-0.671954,-2.215409,-0.477967,0.689248,,,,,,
sample,161,drone,,4.019846,4.247848,3.243198,2.412466,0.400999,0.288592,0.037944,-0.683384,-2.254590,-0.486067,0.623814,,,,,,
sample,162,drone,,4.044814,4.257647,3.249701,2.413262,0.383794,0.231811,0.025707,-0.694814,-2.293770,-0.494167,0.543354,,,,,,
sample,163,drone,,4.069782,4.267013,3.254774,2.413749,0.366303,0.174051,0.013267,-0.706244,-2.332950,-0.502268,0.443575,,,,,,
sample,164,drone,,4.094750,4.275939,3.258392,2.413924,0.348527,0.115312,0.000626,-0.717674,-2.372130,-0.510368,0.319520,,,,,,
sample,165,drone,,4.119718,4.284417,3.260532,2.413781,0.330465,0.055596,-0.012218,-0.729105,-2.411311,-0.518468,0.166675,,,,,,
sample,166,drone,,4.144686,4.292441,3.261169,2.413314,0.312118,-0.005099,-0.025265,-0.740374,-2.450327,-0.526549,-0.016334,,,,,,
sample,167,drone,,4.169654,4.300003,3.260277,2.412519,0.293494,-0.066763,-0.038512,-0.637115,-2.370261,-0.520135,-0.223672,,,,,,
sample,168,drone,,4.194622,4.307097,3.257835,2.411391,0.280303,-0.123460,-0.051238,-0.319548,-2.059088,-0.484512,-0.414885,,,,,,
sample,169,drone,,4.219590,4.314000,3.254112,2.409960,0.277537,-0.169586,-0.062707,-0.013792,-1.739960,-0.445290,-0.548497,,,,,,
sample,170,drone,,4.244558,4.320956,3.249366,2.408259,0.279615,-0.210347,-0.073474,0.082732,-1.622736,-0.428609,-0.644955,,,,,,
sample,171,drone,,4.269526,4.327963,3.243608,2.406291,0.281668,-0.250619,-0.084110,0.081775,-1.603182,-0.423338,-0.727132,,,,,,
sample,172,drone,,4.294494,4.335021,3.236851,2.404059,0.283698,-0.290403,-0.094614,0.080817,-1.583627,-0.418066,-0.797077,,,,,,
sample,173,drone,,4.319462,4.342130,3.229107,2.401567,0.285704,-0.329699,-0.104986,0.079860,-1.564073,-0.412795,-0.856767,,,,,,
sample,174,drone,,4.344430,4.349288,3.220387,2.398817,0.287686,-0.368507,-0.115227,0.078902,-1.544518,-0.407523,-0.907947,,,,,,
sample,175,drone,,4.369398,4.356496,3.210705,2.395813,0.289644,-0.406826,-0.125336,0.077944,-1.524963,-0.402251,-0.952088,,,,,,
sample,176,drone,,4.394366,4.363752,3.200072,2.392558,0.291578,-0.444657,-0.135314,0.076987,-1.505409,-0.396980,-0.990399,,,,,,
sample,177,drone,,4.419334,4.371056,3.188501,2.389056,0.293488,-0.482000,-0.145160,0.076029,-1.485854,-0.391708,-1.023861,,,,,,
sample,178,drone,,4.444302,4.378408,3.176003,2.385309,0.295375,-0.518855,-0.154874,0.075072,-1.466299,-0.386437,-1.053270,,,,,,
sample,179,drone,,4.469270,4.385806,3.162591,2.381322,0.297237,-0.555221,-0.164457,0.074114,-1.446745,-0.381165,-1.079271,,,,,,
sample,180,drone,,4.494238,4.393250,3.148278,2.377097,0.299076,-0.591099,-0.173908,0.073157,-1.427190,-0.375893,-1.102388,,,,,,
sample,181,drone,,4.519206,4.400741,3.133074,2.372638,0.300890,-0.626489,-0.183228,0.072199,-1.407635,-0.370622,-1.123049,,,,,,
sample,182,drone,,4.544174,4.408276,3.116993,2.367947,0.302681,-0.661391,-0.192415,0.071241,-1.388081,-0.365350,-1.141605,,,,,,
sample,183,drone,,4.569142,4.415855,3.100047,2.363029,0.304448,-0.695804,-0.201472,0.070284,-1.368526,-0.360079,-1.158346,,,,,,
sample,184,drone,,4.594110,4.423479,3.082248,2.357887,0.306191,-0.729730,-0.210396,0.069326,-1.348971,-0.354807,-1.173513,,,,,,
sample,185,drone,,4.619078,4.431145,3.063607,2.352523,0.307910,-0.763167,-0.219189,0.068369,-1.329417,-0.349535,-1.187308,,,,,,
sample,186,drone,,4.644046,4.438854,3.044138,2.346941,0.309605,-0.796115,-0.227851,0.067411,-1.309862,-0.344264,-1.199900,,,,,,
sample,187,drone,,4.669014,4.446606,3.023852,2.341145,0.311276,-0.828576,-0.236380,0.066454,-1.290307,-0.338992,-1.211433,,,,,,
sample,188,drone,,4.693982,4.454398,3.002762,2.335137,0.312923,-0.860548,-0.244779,0.065496,-1.270753,-0.333721,-1.222029,,,,,,
sample,189,drone,,4.718950,4.462232,2.980880,2.328922,0.314547,-0.892032,-0.253045,0.064539,-1.251198,-0.328449,-1.231791,,,,,,
sample,190,drone,,4.743918,4.470105,2.958218,2.322501,0.316146,-0.923028,-0.261180,0.063581,-1.231644,-0.323177,-1.240810,,,,,,
sample,191,drone,,4.768886,4.478019,2.934788,2.315879,0.317722,-0.953536,-0.269183,0.062623,-1.212089,-0.317906,-1.249162,,,,,,
sample,192,drone,,4.793854,4.485971,2.910602,2.309059,0.319273,-0.983555,-0.277055,0.061666,-1.192534,-0.312634,-1.256916,,,,,,
sample,193,drone,,4.818822,4.493962,2.885673,2.302044,0.320801,-1.013086,-0.284795,0.060708,-1.172980,-0.307363,-1.264129,,,,,,
sample,194,drone,,4.843790,4.501991,2.860013,2.294838,0.322305,-1.042129,-0.292403,0.059751,-1.153425,-0.302091,-1.270852,,,,,,
sample,195,drone,,4.868758,4.510057,2.833633,2.287443,0.323785,-1.070683,-0.299880,0.058793,-1.133870,-0.296819,-1.277131,,,,,,
sample,196,drone,,4.893726,4.518159,2.806547,2.279863,0.325241,-1.098750,-0.307225,0.057836,-1.114316,-0.291548,-1.283004,,,,,,
sample,197,drone,,4.918694,4.526298,2.778766,2.272101,0.326673,-1.126328,-0.314439,0.056878,-1.094761,-0.286276,-1.288508,,,,,,
sample,198,drone,,4.943662,4.534472,2.750303,2.264161,0.328081,-1.153418,-0.321521,0.055920,-1.075206,-0.281005,-1.293673,,,,,,
sample,199,drone,,4.968630,4.542681,2.721169,2.256046,0.329465,-1.180019,-0.328471,0.054963,-1.055652,-0.275733,-1.298527,,,,,,
sample,200,drone,,4.993598,4.550924,2.691377,2.247759,0.330825,-1.206133,-0.335290,0.054005,-1.036097,-0.270461,-1.303094,,,,,,
sample,201,drone,,5.018566,4.559201,2.660940,2.239303,0.332162,-1.231758,-0.341977,0.053048,-1.016542,-0.265190,-1.307397,,,,,,
sample,202,drone,,5.043534,4.567511,2.629868,2.230682,0.333474,-1.256895,-0.348532,0.052090,-0.996988,-0.259918,-1.311455,,,,,,
sample,203,drone,,5.068502,4.575853,2.598175,2.221899,0.334763,-1.281543,-0.354956,0.051133,-0.977433,-0.254647,-1.315287,,,,,,
sample,204,drone,,5.093470,4.584228,2.565873,2.212957,0.336028,-1.305704,-0.361248,0.050175,-0.957878,-0.249375,-1.318908,,,,,,
sample,205,drone,,5.118438,4.592633,2.532974,2.203859,0.337269,-1.329376,-0.367409,0.049218,-0.938324,-0.244103,-1.322334,,,,,,
sample,206,drone,,5.143406,4.601069,2.499489,2.194610,0.338486,-1.352560,-0.373438,0.048260,-0.918769,-0.238832,-1.325577,,,,,,
sample,207,drone,,5.168374,4.609536,2.465432,2.185211,0.339679,-1.375256,-0.379335,0.047302,-0.899215,-0.233560,-1.328650,,,,,,
sample,208,drone,,5.193342,4.618032,2.430815,2.175667,0.340848,-1.397463,-0.385101,0.046345,-0.879660,-0.228289,-1.331563,,,,,,
sample,209,drone,,5.218310,4.626556,2.395649,2.165981,0.341993,-1.419182,-0.390735,0.045387,-0.860105,-0.223017,-1.334326,,,,,,
sample,210,drone,,5.243278,4.635109,2.359946,2.156155,0.343114,-1.440413,-0.396238,0.044430,-0.840551,-0.217745,-1.336949,,,,,,
sample,211,drone,,5.268246,4.643690,2.323720,2.146194,0.344211,-1.461156,-0.401608,0.043472,-0.820996,-0.212474,-1.339440,,,,,,
sample,212,drone,,5.293214,4.652298,2.286982,2.136101,0.345285,-1.481410,-0.406848,0.042515,-0.801441,-0.207202,-1.341806,,,,,,
sample,213,drone,,5.318182,4.660932,2.249745,2.125878,0.346334,-1.501177,-0.411955,0.041557,-0.781887,-0.201930,-1.344055,,,,,,
sample,214,drone,,5.343150,4.669592,2.212019,2.115529,0.347360,-1.520455,-0.416931,0.040599,-0.762332,-0.196659,-1.346193,,,,,,
sample,215,drone,,5.368118,4.678278,2.173819,2.105058,0.348362,-1.539245,-0.421776,0.039642,-0.742777,-0.191387,-1.348226,,,,,,
sample,216,drone,,5.393086,4.686988,2.135156,2.094468,0.349340,-1.557546,-0.426488,0.038684,-0.723223,-0.186116,-1.350159,,,,,,
sample,217,drone,,5.418054,4.695723,2.096042,2.083761,0.350294,-1.575359,-0.431069,0.037727,-0.703668,-0.180844,-1.351998,,,,,,
sample,218,drone,,5.443022,4.704480,2.056489,2.072942,0.351224,-1.592684,-0.435519,0.036769,-0.684113,-0.175572,-1.353747,,,,,,
sample,219,drone,,5.467990,4.713261,2.016509,2.062013,0.352130,-1.609521,-0.439837,0.035812,-0.664559,-0.170301,-1.355411,,,,,,
sample,220,drone,,5.492958,4.722064,1.976116,2.050978,0.353012,-1.625870,-0.444023,0.034854,-0.645004,-0.165029,-1.356993,,,,,,
sample,221,drone,,5.517926,4.730889,1.935320,2.039840,0.353870,-1.641730,-0.448078,0.033897,-0.625449,-0.159758,-1.358497,,,,,,
sample,222,drone,,5.542894,4.739735,1.894134,2.028603,0.354705,-1.657102,-0.452001,0.032939,-0.605895,-0.154486,-1.359927,,,,,,
sample,223,drone,,5.567862,4.748602,1.852571,2.017269,0.355515,-1.671986,-0.455792,0.031981,-0.586340,-0.149214,-1.361286,,,,,,
sample,224,drone,,5.592830,4.757488,1.810642,2.005842,0.356302,-1.686382,-0.459452,0.031024,-0.566786,-0.143943,-1.362577,,,,,,
sample,225,drone,,5.617798,4.766394,1.768360,1.994326,0.357064,-1.700289,-0.462980,0.030066,-0.547231,-0.138671,-1.363802,,,,,,
sample,226,drone,,5.642766,4.775319,1.725736,1.982723,0.357803,-1.713708,-0.466377,0.029109,-0.527676,-0.133400,-1.364965,,,,,,
sample,227,drone,,5.667734,4.784261,1.682784,1.971037,0.358518,-1.726639,-0.469642,0.028151,-0.508122,-0.128128,-1.366066,,,,,,
sample,228,drone,,5.692702,4.793222,1.639515,1.959271,0.359209,-1.739082,-0.472775,0.027194,-0.488567,-0.122856,-1.367110,,,,,,
sample,229,drone,,5.717670,4.802199,1.595941,1.947428,0.359876,-1.751036,-0.475776,0.026236,-0.469012,-0.117585,-1.368097,,,,,,
sample,230,drone,,5.742638,4.811192,1.552075,1.935513,0.360519,-1.762502,-0.478647,0.025278,-0.449458,-0.112313,-1.369030,,,,,,
sample,231,drone,,5.767606,4.820202,1.507929,1.923527,0.361138,-1.773480,-0.481385,0.024321,-0.429903,-0.107042,-1.369911,,,,,,
sample,232,drone,,5.792574,4.829226,1.463515,1.911474,0.361733,-1.783970,-0.483992,0.023363,-0.410348,-0.101770,-1.370740,,,,,,
sample,233,drone,,5.817542,4.838265,1.418845,1.899358,0.362305,-1.793971,-0.486467,0.022406,-0.390794,-0.096498,-1.371520,,,,,,
sample,234,drone,,5.842510,4.847318,1.373931,1.887182,0.362852,-1.803485,-0.488811,0.021448,-0.371239,-0.091227,-1.372252,,,,,,
sample,235,drone,,5.867478,4.856385,1.328786,1.874949,0.363376,-1.812510,-0.491022,0.020491,-0.351684,-0.085955,-1.372937,,,,,,
sample,236,drone,,5.892446,4.865464,1.283422,1.862662,0.363875,-1.821046,-0.493103,0.019533,-0.332130,-0.080684,-1.373577,,,,,,
sample,237,drone,,5.917414,4.874555,1.237850,1.850325,0.364351,-1.829095,-0.495051,0.018576,-0.312575,-0.075412,-1.374172,,,,,,
sample,238,drone,,5.942382,4.883658,1.192084,1.837941,0.364803,-1.836655,-0.496869,0.017618,-0.293020,-0.070140,-1.374725,,,,,,
sample,239,drone,,5.967350,4.892772,1.146135,1.825514,0.365231,-1.843727,-0.498554,0.016660,-0.273466,-0.064869,-1.375234,,,,,,
sample,240,drone,,5.992318,4.901896,1.100016,1.813046,0.365635,-1.850311,-0.500108,0.015703,-0.253911,-0.059597,-1.375702,,,,,,
sample,241,drone,,6.017286,4.911030,1.053738,1.800540,0.366015,-1.856406,-0.501530,0.014745,-0.234357,-0.054326,-1.376130,,,,,,
sample,242,drone,,6.042254,4.920173,1.007314,1.788001,0.366371,-1.862014,-0.502821,0.013788,-0.214802,-0.049054,-1.376517,,,,,,
sample,243,drone,,6.067222,4.929325,0.960756,1.775432,0.366704,-1.867133,-0.503980,0.012830,-0.195247,-0.043782,-1.376865,,,,,,
sample,244,drone,,6.092190,4.938485,0.914077,1.762835,0.367012,-1.871764,-0.505007,0.011873,-0.175693,-0.038511,-1.377175,,,,,,
sample,245,drone,,6.117158,4.947652,0.867288,1.750214,0.367296,-1.875906,-0.505903,0.010915,-0.156138,-0.033239,-1.377446,,,,,,
sample,246,drone,,6.142126,4.956826,0.820402,1.737572,0.367557,-1.879561,-0.506667,0.009957,-0.136583,-0.027968,-1.377679,,,,,,
sample,247,drone,,6.167094,4.966007,0.773430,1.724913,0.367794,-1.882727,-0.507299,0.009000,-0.117029,-0.022696,-1.377874,,,,,,
sample,248,drone,,6.192062,4.975193,0.726386,1.712239,0.368006,-1.885404,-0.507800,0.008042,-0.097474,-0.017424,-1.378033,,,,,,
sample,249,drone,,6.217030,4.984383,0.679281,1.699555,0.368195,-1.887594,-0.508169,0.007085,-0.077919,-0.012153,-1.378155,,,,,,
sample,250,drone,,6.241998,4.993579,0.632127,1.686863,0.368360,-1.889295,-0.508407,0.006127,-0.058365,-0.006881,-1.378240,,,,,,
sample,251,drone,,6.266966,5.002778,0.584937,1.674167,0.368501,-1.890509,-0.508513,0.005170,-0.038810,-0.001610,-1.378288,,,,,,
sample,252,drone,,6.291934,5.011980,0.537723,1.661470,0.368618,-1.891233,-0.508487,0.004212,-0.019255,0.003662,-1.378301,,,,,,
sample,253,drone,,6.316902,5.021185,0.490496,1.648776,0.368712,-1.891470,-0.508330,0.003255,0.000299,0.008934,-1.378277,,,,,,
sample,254,drone,,6.341870,5.030392,0.443270,1.636086,0.368781,-1.891219,-0.508041,0.002297,0.019854,0.014205,-1.378216,,,,,,
sample,255,drone,,6.366838,5.039601,0.396057,1.623406,0.368826,-1.890479,-0.507621,0.001339,0.039409,0.019477,-1.378120,,,,,,
sample,256,drone,,6.391806,5.048810,0.348867,1.610738,0.368848,-1.889251,-0.507069,0.000382,0.058963,0.024748,-1.377987,,,,,,
sample,257,drone,,6.416774,5.058019,0.301715,1.598085,0.368845,-1.887534,-0.506385,-0.000576,0.078518,0.030020,-1.377817,,,,,,
sample,258,drone,,6.441742,5.067229,0.254612,1.585451,0.368819,-1.885330,-0.505570,-0.001533,0.098072,0.035292,-1.377610,,,,,,
sample,259,drone,,6.466710,5.076437,0.207569,1.572839,0.368769,-1.882637,-0.504623,-0.002491,0.117627,0.040563,-1.377367,,,,,,
sample,260,drone,,6.491678,5.085643,0.160600,1.560252,0.368695,-1.879456,-0.503544,-0.003448,0.137182,0.045835,-1.377085,,,,,,
sample,261,drone,,6.516646,5.094848,0.113717,1.547694,0.368597,-1.875787,-0.502334,-0.004406,0.156736,0.051106,-1.376766,,,,,,
sample,262,drone,,6.541614,5.104050,0.066931,1.535168,0.368475,-1.871629,-0.500992,-0.005363,0.176291,0.056378,-1.376409,,,,,,
sample,263,drone,,6.566582,5.113248,0.020255,1.522676,0.368329,-1.866983,-0.499519,-0.006321,0.195846,0.061650,-1.376012,,,,,,
sample,264,drone,,6.591550,5.122442,-0.026299,1.510224,0.368159,-1.861849,-0.497913,-0.007279,0.215400,0.066921,-1.375576,,,,,,
sample,265,drone,,6.616518,5.131632,-0.072718,1.497813,0.367965,-1.856227,-0.496177,-0.008236,0.234955,0.072193,-1.375100,,,,,,
sample,266,drone,,6.641486,5.140817,-0.118991,1.485447,0.367748,-1.850117,-0.494308,-0.009194,0.254510,0.077464,-1.374584,,,,,,
sample,267,drone,,6.666454,5.149996,-0.165106,1.473129,0.367506,-1.843518,-0.492309,-0.010151,0.274064,0.082736,-1.374025,,,,,,
sample,268,drone,,6.691422,5.159169,-0.211049,1.460863,0.367241,-1.836431,-0.490177,-0.011109,0.293619,0.088008,-1.373425,,,,,,
sample,269,drone,,6.716389,5.168335,-0.256810,1.448651,0.366951,-1.828856,-0.487914,-0.012066,0.313174,0.093279,-1.372780,,,,,,
sample,270,drone,,6.741357,5.177493,-0.302375,1.436498,0.366638,-1.820792,-0.485519,-0.013024,0.332728,0.098551,-1.372092,,,,,,
sample,271,drone,,6.766325,5.186643,-0.347733,1.424406,0.366301,-1.812241,-0.482993,-0.013982,0.352283,0.103822,-1.371357,,,,,,
sample,272,drone,,6.791293,5.195785,-0.392871,1.412379,0.365940,-1.803201,-0.480335,-0.014939,0.371838,0.109094,-1.370576,,,,,,
sample,273,drone,,6.816261,5.204917,-0.437777,1.400421,0.365555,-1.793673,-0.477545,-0.015897,0.391392,0.114366,-1.369747,,,,,,
sample,274,drone,,6.841229,5.214039,-0.482440,1.388533,0.365146,-1.783656,-0.474624,-0.016854,0.410947,0.119637,-1.368869,,,,,,
sample,275,drone,,6.866197,5.223151,-0.526846,1.376720,0.364713,-1.773152,-0.471571,-0.017812,0.430501,0.124909,-1.367939,,,,,,
sample,276,drone,,6.891165,5.232251,-0.570984,1.364984,0.364257,-1.762159,-0.468386,-0.018769,0.450056,0.130180,-1.366957,,,,,,
sample,277,drone,,6.916133,5.241340,-0.614841,1.353330,0.363776,-1.750678,-0.465070,-0.019727,0.469611,0.135452,-1.365920,,,,,,
sample,278,drone,,6.941101,5.250417,-0.658405,1.341761,0.363272,-1.738708,-0.461622,-0.020684,0.489165,0.140724,-1.364827,,,,,,
sample,279,drone,,6.966069,5.259481,-0.701665,1.330279,0.362743,-1.726251,-0.458043,-0.021642,0.508720,0.145995,-1.363676,,,,,,
sample,280,drone,,6.991037,5.268531,-0.744608,1.318888,0.362191,-1.713305,-0.454332,-0.022600,0.528275,0.151267,-1.362465,,,,,,
sample,281,drone,,7.016005,5.277567,-0.787221,1.307591,0.361615,-1.699871,-0.450489,-0.023557,0.547829,0.156538,-1.361190,,,,,,
sample,282,drone,,7.040973,5.286588,-0.829492,1.296392,0.361015,-1.685948,-0.446515,-0.024515,0.567384,0.161810,-1.359850,,,,,,
sample,283,drone,,7.065941,5.295595,-0.871410,1.285294,0.360391,-1.671538,-0.442409,-0.025472,0.586939,0.167082,-1.358443,,,,,,
sample,284,drone,,7.090909,5.304585,-0.912962,1.274300,0.359743,-1.656639,-0.438171,-0.026430,0.606493,0.172353,-1.356964,,,,,,
sample,285,drone,,7.115877,5.313559,-0.954136,1.263414,0.359071,-1.641252,-0.433802,-0.027387,0.626048,0.177625,-1.355411,,,,,,
sample,286,drone,,7.140845,5.322515,-0.994920,1.252638,0.358375,-1.625377,-0.429302,-0.028345,0.645603,0.182896,-1.353781,,,,,,
sample,287,drone,,7.165813,5.331454,-1.035301,1.241976,0.357655,-1.609013,-0.424669,-0.029303,0.665157,0.188168,-1.352070,,,,,,
sample,288,drone,,7.190781,5.340375,-1.075267,1.231432,0.356912,-1.592161,-0.419905,-0.030260,0.684712,0.193440,-1.350274,,,,,,
sample,289,drone,,7.215749,5.349277,-1.114807,1.221008,0.356144,-1.574821,-0.415010,-0.031218,0.704267,0.198711,-1.348389,,,,,,
sample,290,drone,,7.240717,5.358160,-1.153908,1.210708,0.355353,-1.556993,-0.409982,-0.032175,0.723821,0.203983,-1.346409,,,,,,
sample,291,drone,,7.265685,5.367022,-1.192557,1.200535,0.354538,-1.538677,-0.404824,-0.033133,0.743376,0.209254,-1.344332,,,,,,
sample,292,drone,,7.290653,5.375864,-1.230743,1.190492,0.353698,-1.519872,-0.399533,-0.034090,0.762930,0.214526,-1.342150,,,,,,
sample,293,drone,,7.315621,5.384684,-1.268453,1.180584,0.352835,-1.500579,-0.394111,-0.035048,0.782485,0.219798,-1.339859,,,,,,
sample,294,drone,,7.340589,5.393483,-1.305676,1.170812,0.351948,-1.480798,-0.388557,-0.036005,0.802040,0.225069,-1.337451,,,,,,
sample,295,drone,,7.365557,5.402259,-1.342398,1.161181,0.351037,-1.460528,-0.382872,-0.036963,0.821594,0.230341,-1.334921,,,,,,
sample,296,drone,,7.390525,5.411012,-1.378609,1.151693,0.350102,-1.439771,-0.377055,-0.037921,0.841149,0.235612,-1.332260,,,,,,
sample,297,drone,,7.415493,5.419742,-1.414295,1.142352,0.349144,-1.418525,-0.371106,-0.038878,0.860704,0.240884,-1.329462,,,,,,
sample,298,drone,,7.440461,5.428447,-1.449444,1.133161,0.348161,-1.396791,-0.365026,-0.039836,0.880258,0.246156,-1.326516,,,,,,
sample,299,drone,,7.465429,5.437128,-1.484045,1.124124,0.347154,-1.374568,-0.358814,-0.040793,0.899813,0.251427,-1.323414,,,,,,
sample,300,drone,,7.490397,5.445783,-1.518085,1.115244,0.346124,-1.351858,-0.352471,-0.041751,0.919368,0.256699,-1.320145,,,,,,
sample,301,drone,,7.515365,5.454412,-1.551551,1.106523,0.345070,-1.328659,-0.345996,-0.042708,0.938922,0.261970,-1.316697,,,,,,
sample,302,drone,,7.540333,5.463014,-1.584432,1.097966,0.343991,-1.304972,-0.339389,-0.043666,0.958477,0.267242,-1.313059,,,,,,
sample,303,drone,,7.565301,5.471589,-1.616716,1.089575,0.342889,-1.280796,-0.332651,-0.044624,0.978032,0.272514,-1.309215,,,,,,
sample,304,drone,,7.590269,5.480137,-1.648390,1.081355,0.341763,-1.256133,-0.325781,-0.045581,0.997586,0.277785,-1.305151,,,,,,
sample,305,drone,,7.615237,5.488656,-1.679442,1.073307,0.340613,-1.230981,-0.318779,-0.046539,1.017141,0.283057,-1.300850,,,,,,
sample,306,drone,,7.640205,5.497146,-1.709860,1.065436,0.339439,-1.205341,-0.311646,-0.047496,1.036696,0.288328,-1.296293,,,,,,
sample,307,drone,,7.665173,5.505606,-1.739632,1.057745,0.338241,-1.179212,-0.304381,-0.048454,1.056250,0.293600,-1.291459,,,,,,
sample,308,drone,,7.690141,5.514036,-1.768746,1.050237,0.337019,-1.152596,-0.296985,-0.049411,1.075805,0.298872,-1.286326,,,,,,
sample,309,drone,,7.715109,5.522435,-1.797188,1.042915,0.335774,-1.125491,-0.289457,-0.050369,1.095359,0.304143,-1.280867,,,,,,
sample,310,drone,,7.740077,5.530803,-1.824948,1.035782,0.334504,-1.097898,-0.281797,-0.051326,1.114914,0.309415,-1.275054,,,,,,
sample,311,drone,,7.765045,5.539139,-1.852013,1.028843,0.333211,-1.069817,-0.274006,-0.052284,1.134469,0.314686,-1.268854,,,,,,
sample,312,drone,,7.790013,5.547442,-1.878370,1.022100,0.331893,-1.041247,-0.266083,-0.053242,1.154023,0.319958,-1.262231,,,,,,
sample,313,drone,,7.814981,5.555712,-1.904009,1.015556,0.330552,-1.012189,-0.258029,-0.054199,1.173578,0.325230,-1.255144,,,,,,
sample,314,drone,,7.839949,5.563949,-1.928915,1.009215,0.329187,-0.982643,-0.249842,-0.055157,1.193133,0.330501,-1.247545,,,,,,
sample,315,drone,,7.864917,5.572151,-1.953078,1.003080,0.327798,-0.952609,-0.241525,-0.056114,1.212687,0.335773,-1.239383,,,,,,
sample,316,drone,,7.889885,5.580318,-1.976485,0.997154,0.326385,-0.922087,-0.233075,-0.057072,1.232242,0.341044,-1.230595,,,,,,
sample,317,drone,,7.914853,5.588449,-1.999123,0.991441,0.324948,-0.891076,-0.224494,-0.058029,1.251797,0.346316,-1.221114,,,,,,
sample,318,drone,,7.939821,5.596544,-2.020981,0.985944,0.323487,-0.859577,-0.215782,-0.058987,1.271351,0.351588,-1.210858,,,,,,
sample,319,drone,,7.964789,5.604603,-2.042047,0.980665,0.322002,-0.827590,-0.206937,-0.059945,1.290906,0.356859,-1.199735,,,,,,
sample,320,drone,,7.989757,5.612624,-2.062308,0.975610,0.320494,-0.795114,-0.197962,-0.060902,1.310461,0.362131,-1.187639,,,,,,
sample,321,drone,,8.014725,5.620607,-2.081752,0.970780,0.318961,-0.762151,-0.188854,-0.061860,1.330015,0.367402,-1.174443,,,,,,
sample,322,drone,,8.039693,5.628551,-2.100367,0.966179,0.317405,-0.728699,-0.179615,-0.062817,1.349570,0.372674,-1.160001,,,,,,
sample,323,drone,,8.064661,5.636457,-2.118140,0.961811,0.315824,-0.694759,-0.170244,-0.063775,1.369125,0.377946,-1.144139,,,,,,
sample,324,drone,,8.089629,5.644322,-2.135060,0.957678,0.314220,-0.660330,-0.160742,-0.064732,1.388679,0.383217,-1.126652,,,,,,
sample,325,drone,,8.114597,5.652148,-2.151114,0.953784,0.312592,-0.625413,-0.151108,-0.065690,1.408234,0.388489,-1.107296,,,,,,
sample,326,drone,,8.139565,5.659932,-2.166291,0.950132,0.310940,-0.590009,-0.141342,-0.066647,1.427788,0.393760,-1.085776,,,,,,
sample,327,drone,,8.164533,5.667675,-2.180577,0.946726,0.309264,-0.554115,-0.131445,-0.067605,1.447343,0.399032,-1.061739,,,,,,
sample,328,drone,,8.189501,5.675375,-2.193961,0.943568,0.307564,-0.517734,-0.121416,-0.068563,1.466898,0.404304,-1.034758,,,,,,
sample,329,drone,,8.214469,5.683033,-2.206431,0.940663,0.305840,-0.480864,-0.111256,-0.069520,1.486452,0.409575,-1.004311,,,,,,
sample,330,drone,,8.239437,5.690648,-2.217973,0.938013,0.304092,-0.443507,-0.100964,-0.070478,1.506007,0.414847,-0.969763,,,,,,
sample,331,drone,,8.264405,5.698218,-2.228577,0.935621,0.302321,-0.405661,-0.090540,-0.071435,1.525562,0.420118,-0.930339,,,,,,
sample,332,drone,,8.289373,5.705744,-2.238230,0.933492,0.300525,-0.367326,-0.079985,-0.072393,1.545116,0.425390,-0.885091,,,,,,
sample,333,drone,,8.314341,5.713225,-2.246920,0.931627,0.298706,-0.328504,-0.069298,-0.073350,1.564671,0.430662,-0.832872,,,,,,
sample,334,drone,,8.339309,5.720661,-2.254635,0.930031,0.296862,-0.289193,-0.058479,-0.074308,1.584226,0.435933,-0.772313,,,,,,
sample,335,drone,,8.364277,5.728049,-2.261361,0.928707,0.294995,-0.249394,-0.047529,-0.075266,1.603780,0.441205,-0.701828,,,,,,
sample,336,drone,,8.389245,5.735391,-2.267088,0.927658,0.293104,-0.209106,-0.036447,-0.076223,1.623335,0.446477,-0.619677,,,,,,
sample,337,drone,,8.414213,5.742686,-2.271803,0.926887,0.291189,-0.168331,-0.025234,-0.077181,1.642890,0.451748,-0.524148,,,,,,
sample,338,drone,,8.439181,5.749932,-2.275494,0.926398,0.289250,-0.127067,-0.013889,-0.078138,1.662444,0.457020,-0.413920,,,,,,
sample,339,drone,,8.464149,5.757130,-2.278149,0.926193,0.287287,-0.085315,-0.002412,-0.020433,1.673222,0.471452,-0.288674,,,,,,
sample,340,drone,,8.489117,5.764278,-2.279754,0.926277,0.288229,-0.043513,0.009654,0.190669,1.655406,0.508184,-0.149836,,,,,,
sample,341,drone,,8.514085,5.771523,-2.280321,0.926675,0.296808,-0.002651,0.022965,0.437880,1.616872,0.546070,-0.008931,,,,,,
sample,342,drone,,8.539053,5.779100,-2.279887,0.927424,0.310095,0.037227,0.036922,0.530428,1.587751,0.555786,0.119478,,,,,,
sample,343,drone,,8.564021,5.787008,-2.278462,0.928519,0.323295,0.076635,0.050718,0.525591,1.569119,0.549101,0.232748,,,,,,
sample,344,drone,,8.588989,5.795244,-2.276060,0.929957,0.336341,0.115582,0.064342,0.519408,1.550659,0.542196,0.331003,,,,,,
sample,345,drone,,8.613957,5.803803,-2.272691,0.931732,0.349233,0.154069,0.077793,0.513225,1.532200,0.535292,0.415481,,,,,,
sample,346,drone,,8.638925,5.812683,-2.268366,0.933841,0.361970,0.192094,0.091072,0.507043,1.513740,0.528388,0.487898,,,,,,
sample,347,drone,,8.663893,5.821879,-2.263098,0.936280,0.374552,0.229659,0.104179,0.500860,1.495281,0.521484,0.550037,,,,,,
sample,348,drone,,8.688861,5.831387,-2.256898,0.939044,0.386981,0.266763,0.117113,0.494677,1.476822,0.514580,0.603538,,,,,,
sample,349,drone,,8.713829,5.841203,-2.249777,0.942128,0.399254,0.303405,0.129875,0.488494,1.458362,0.507676,0.649826,,,,,,
sample,350,drone,,8.738797,5.851324,-2.241747,0.945529,0.411374,0.339587,0.142465,0.482311,1.439903,0.500772,0.690095,,,,,,
sample,351,drone,,8.763765,5.861745,-2.232820,0.949242,0.423339,0.375308,0.154882,0.476128,1.421444,0.493868,0.725330,,,,,,
sample,352,drone,,8.788733,5.872464,-2.223006,0.953263,0.435150,0.410569,0.167126,0.469945,1.402984,0.486963,0.756341,,,,,,
sample,353,drone,,8.813701,5.883475,-2.212317,0.957588,0.446806,0.445368,0.179199,0.463762,1.384525,0.480059,0.783786,,,,,,
sample,354,drone,,8.838669,5.894775,-2.200766,0.962212,0.458308,0.479706,0.191099,0.457580,1.366065,0.473155,0.808206,,,,,,
sample,355,drone,,8.863637,5.906361,-2.188363,0.967130,0.469656,0.513584,0.202826,0.451397,1.347606,0.466251,0.830045,,,,,,
sample,356,drone,,8.888605,5.918228,-2.175120,0.972340,0.480849,0.547000,0.214381,0.445214,1.329147,0.459347,0.849668,,,,,,
sample,357,drone,,8.913573,5.930373,-2.161048,0.977836,0.491888,0.579956,0.225764,0.439031,1.310687,0.452443,0.867379,,,,,,
sample,358,drone,,8.938541,5.942791,-2.146159,0.983614,0.502773,0.612451,0.236974,0.432848,1.292228,0.445539,0.883429,,,,,,
sample,359,drone,,8.963509,5.955479,-2.130465,0.989669,0.513503,0.644485,0.248012,0.426665,1.273769,0.438635,0.898031,,,,,,
sample,360,drone,,8.988477,5.968433,-2.113976,0.995998,0.524079,0.676058,0.258878,0.420482,1.255309,0.431730,0.911362,,,,,,
sample,361,drone,,9.013445,5.981649,-2.096705,1.002597,0.534500,0.707170,0.269571,0.414299,1.236850,0.424826,0.923574,,,,,,
sample,362,drone,,9.038413,5.995124,-2.078663,1.009460,0.544767,0.737821,0.280092,0.408117,1.218390,0.417922,0.934796,,,,,,
sample,363,drone,,9.063381,6.008853,-2.059861,1.016583,0.554880,0.768011,0.290441,0.401934,1.199931,0.411018,0.945136,,,,,,
sample,364,drone,,9.088349,6.022832,-2.040311,1.023963,0.564838,0.797741,0.300617,0.395751,1.181472,0.404114,0.954690,,,,,,
sample,365,drone,,9.113317,6.037059,-2.020025,1.031595,0.574642,0.827009,0.310621,0.389568,1.163012,0.397210,0.963539,,,,,,
sample,366,drone,,9.138285,6.051528,-1.999014,1.039474,0.584291,0.855817,0.320452,0.383385,1.144553,0.390306,0.971755,,,,,,
sample,367,drone,,9.163253,6.066236,-1.977289,1.047597,0.593787,0.884163,0.330111,0.377202,1.126094,0.383402,0.979400,,,,,,
sample,368,drone,,9.188221,6.081179,-1.954862,1.055959,0.603127,0.912049,0.339597,0.371019,1.107634,0.376498,0.986527,,,,,,
sample,369,drone,,9.213189,6.096354,-1.931745,1.064555,0.612314,0.939474,0.348912,0.364836,1.089175,0.369593,0.993183,,,,,,
sample,370,drone,,9.238157,6.111756,-1.907949,1.073382,0.621346,0.966438,0.358053,0.358654,1.070715,0.362689,0.999412,,,,,,
sample,371,drone,,9.263125,6.127381,-1.883485,1.082435,0.630224,0.992942,0.367023,0.352471,1.052256,0.355785,1.005250,,,,,,
sample,372,drone,,9.288093,6.143226,-1.858365,1.091710,0.638947,1.018984,0.375820,0.346288,1.033797,0.348881,1.010729,,,,,,
sample,373,drone,,9.313061,6.159288,-1.832601,1.101202,0.647516,1.044565,0.384445,0.340105,1.015337,0.341977,1.015880,,,,,,
sample,374,drone,,9.338029,6.175561,-1.806204,1.110907,0.655930,1.069686,0.392897,0.333922,0.996878,0.335073,1.020728,,,,,,
sample,375,drone,,9.362997,6.192042,-1.779185,1.120822,0.664191,1.094345,0.401177,0.327739,0.978419,0.328169,1.025297,,,,,,
sample,376,drone,,9.387964,6.208728,-1.751557,1.130940,0.672296,1.118544,0.409284,0.321556,0.959959,0.321265,1.029608,,,,,,
sample,377,drone,,9.412932,6.225614,-1.723330,1.141260,0.680248,1.142282,0.417219,0.315373,0.941500,0.314360,1.033680,,,,,,
sample,378,drone,,9.437900,6.242697,-1.694516,1.151775,0.688045,1.165559,0.424982,0.309191,0.923040,0.307456,1.037530,,,,,,
sample,379,drone,,9.462868,6.259972,-1.665126,1.162481,0.695687,1.188375,0.432573,0.303008,0.904581,0.300552,1.041173,,,,,,
sample,380,drone,,9.487836,6.277436,-1.635173,1.173376,0.703176,1.210730,0.439991,0.296825,0.886122,0.293648,1.044624,,,,,,
sample,381,drone,,9.512804,6.295086,-1.604667,1.184453,0.710510,1.232624,0.447236,0.290642,0.867662,0.286744,1.047895,,,,,,
sample,382,drone,,9.537772,6.312916,-1.573621,1.195709,0.717689,1.254057,0.454309,0.284459,0.849203,0.279840,1.050998,,,,,,
sample,383,drone,,9.562740,6.330924,-1.542045,1.207139,0.724714,1.275030,0.461210,0.278276,0.830744,0.272936,1.053944,,,,,,
sample,384,drone,,9.587708,6.349106,-1.509951,1.218740,0.731585,1.295541,0.467939,0.272093,0.812284,0.266032,1.056741,,,,,,
sample,385,drone,,9.612676,6.367457,-1.477351,1.230506,0.738302,1.315592,0.474495,0.265910,0.793825,0.259127,1.059400,,,,,,
sample,386,drone,,9.637644,6.385974,-1.444256,1.242434,0.744864,1.335182,0.480879,0.259728,0.775365,0.252223,1.061928,,,,,,
sample,387,drone,,9.662612,6.404652,-1.410677,1.254519,0.751271,1.354311,0.487090,0.253545,0.756906,0.245319,1.064332,,,,,,
sample,388,drone,,9.687580,6.423489,-1.376627,1.266757,0.757525,1.372979,0.493129,0.247362,0.738447,0.238415,1.066620,,,,,,
sample,389,drone,,9.712548,6.442480,-1.342116,1.279144,0.763624,1.391186,0.498995,0.241179,0.719987,0.231511,1.068797,,,,,,
sample,390,drone,,9.737516,6.461621,-1.307157,1.291675,0.769568,1.408932,0.504689,0.234996,0.701528,0.224607,1.070870,,,,,,
sample,391,drone,,9.762484,6.480909,-1.271760,1.304346,0.775358,1.426217,0.510211,0.228813,0.683069,0.217703,1.072844,,,,,,
sample,392,drone,,9.787452,6.500340,-1.235937,1.317153,0.780994,1.443042,0.515561,0.222630,0.664609,0.210799,1.074724,,,,,,
sample,393,drone,,9.812420,6.519909,-1.199700,1.330091,0.786476,1.459405,0.520738,0.216447,0.646150,0.203895,1.076514,,,,,,
sample,394,drone,,9.837388,6.539613,-1.163060,1.343157,0.791803,1.475308,0.525742,0.210265,0.627690,0.196990,1.078219,,,,,,
sample,395,drone,,9.862356,6.559448,-1.126029,1.356345,0.796975,1.490749,0.530575,0.204082,0.609231,0.190086,1.079842,,,,,,
sample,396,drone,,9.887324,6.579411,-1.088618,1.369652,0.801994,1.505730,0.535235,0.197899,0.590772,0.183182,1.081388,,,,,,
sample,397,drone,,9.912292,6.599497,-1.050839,1.383072,0.806858,1.520250,0.539722,0.191716,0.572312,0.176278,1.082860,,,,,,
sample,398,drone,,9.937260,6.619702,-1.012703,1.396603,0.811567,1.534309,0.544037,0.185533,0.553853,0.169374,1.084261,,,,,,
sample,399,drone,,9.962228,6.640023,-0.974222,1.410239,0.816123,1.547907,0.548180,0.179350,0.535394,0.162470,1.085593,,,,,,
sample,400,drone,,9.987196,6.660456,-0.935407,1.423977,0.820523,1.561045,0.552150,0.173167,0.516934,0.155566,1.086860,,,,,,
sample,401,drone,,10.012164,6.680997,-0.896269,1.437812,0.824770,1.573721,0.555948,0.166984,0.498475,0.148662,1.088064,,,,,,
sample,402,drone,,10.037132,6.701642,-0.856821,1.451739,0.828862,1.585936,0.559574,0.160802,0.480015,0.141757,1.089207,,,,,,
sample,403,drone,,10.062100,6.722387,-0.817074,1.465754,0.832800,1.597691,0.563027,0.154619,0.461556,0.134853,1.090292,,,,,,
sample,404,drone,,10.087068,6.743228,-0.777039,1.479854,0.836583,1.608985,0.566308,0.148436,0.443097,0.127949,1.091321,,,,,,
sample,405,drone,,10.112036,6.764162,-0.736728,1.494034,0.840212,1.619818,0.569416,0.142253,0.424637,0.121045,1.092295,,,,,,
sample,406,drone,,10.137004,6.785185,-0.696152,1.508288,0.843686,1.630189,0.572352,0.136070,0.406178,0.114141,1.093216,,,,,,
sample,407,drone,,10.161972,6.806293,-0.655323,1.522615,0.847007,1.640100,0.575116,0.129887,0.387719,0.107237,1.094087,,,,,,
sample,408,drone,,10.186940,6.827481,-0.614252,1.537007,0.850173,1.649551,0.577707,0.123704,0.369259,0.100333,1.094908,,,,,,
sample,409,drone,,10.211908,6.848747,-0.572951,1.551463,0.853184,1.658540,0.580126,0.117521,0.350800,0.093429,1.095680,,,,,,
sample,410,drone,,10.236876,6.870086,-0.531431,1.565977,0.856041,1.667068,0.582373,0.111339,0.332340,0.086524,1.096406,,,,,,
sample,411,drone,,10.261844,6.891494,-0.489704,1.580544,0.858744,1.675136,0.584447,0.105156,0.313881,0.079620,1.097087,,,,,,
sample,412,drone,,10.286812,6.912968,-0.447781,1.595162,0.861292,1.682742,0.586349,0.098973,0.295422,0.072716,1.097723,,,,,,
sample,413,drone,,10.311780,6.934504,-0.405675,1.609824,0.863686,1.689888,0.588078,0.092790,0.276962,0.065812,1.098315,,,,,,
sample,414,drone,,10.336748,6.956097,-0.363395,1.624528,0.865926,1.696572,0.589635,0.086607,0.258503,0.058908,1.098866,,,,,,
sample,415,drone,,10.361716,6.977744,-0.320955,1.639268,0.868011,1.702796,0.591020,0.080424,0.240044,0.052004,1.099374,,,,,,
sample,416,drone,,10.386684,6.999442,-0.278364,1.654041,0.869942,1.708559,0.592232,0.074241,0.221584,0.045100,1.099842,,,,,,
sample,417,drone,,10.411652,7.021186,-0.235636,1.668842,0.871718,1.713861,0.593272,0.068058,0.203125,0.038196,1.100270,,,,,,
sample,418,drone,,10.436620,7.042972,-0.192781,1.683667,0.873340,1.718702,0.594139,0.061876,0.184665,0.031292,1.100658,,,,,,
sample,419,drone,,10.461588,7.064797,-0.149811,1.698511,0.874808,1.723083,0.594834,0.055693,0.166206,0.024387,1.101008,,,,,,
sample,420,drone,,10.486556,7.086656,-0.106737,1.713370,0.876121,1.727002,0.595357,0.049510,0.147747,0.017483,1.101320,,,,,,
sample,421,drone,,10.511524,7.108547,-0.063571,1.728241,0.877280,1.730461,0.595707,0.043327,0.129287,0.010579,1.101593,,,,,,
sample,422,drone,,10.536492,7.130464,-0.020325,1.743117,0.878285,1.733458,0.595885,0.037144,0.110828,0.003675,1.101830,,,,,,
sample,423,drone,,10.561460,7.152405,0.022990,1.757997,0.879135,1.735995,0.595891,0.030961,0.092369,-0.003229,1.102029,,,,,,
sample,424,drone,,10.586428,7.174365,0.066364,1.772874,0.879831,1.738071,0.595724,0.024778,0.073909,-0.010133,1.102192,,,,,,
sample,425,drone,,10.611396,7.196340,0.109783,1.787745,0.880372,1.739686,0.595385,0.018595,0.055450,-0.017037,1.102318,,,,,,
sample,426,drone,,10.636364,7.218327,0.153236,1.802605,0.880760,1.740840,0.594873,0.012413,0.036990,-0.023941,1.102408,,,,,,
sample,427,drone,,10.661332,7.240322,0.196713,1.817450,0.880992,1.741533,0.594189,0.006230,0.018531,-0.030846,1.102462,,,,,,
sample,428,drone,,10.686300,7.262320,0.240202,1.832276,0.881071,1.741765,0.593333,0.000047,0.000072,-0.037750,1.102480,,,,,,
sample,429,drone,,10.711268,7.284319,0.283690,1.847079,0.880995,1.741536,0.592304,-0.006136,-0.018388,-0.044654,1.102462,,,,,,
sample,430,drone,,10.736236,7.306314,0.327167,1.861854,0.880764,1.740847,0.591103,-0.012319,-0.036847,-0.051558,1.102408,,,,,,
sample,431,drone,,10.761204,7.328301,0.370621,1.876596,0.880379,1.739696,0.589730,-0.018502,-0.055306,-0.058462,1.102318,,,,,,
sample,432,drone,,10.786172,7.350276,0.414040,1.891302,0.879840,1.738085,0.588184,-0.024685,-0.073766,-0.065366,1.102191,,,,,,
sample,433,drone,,10.811140,7.372236,0.457414,1.905968,0.879147,1.736013,0.586466,-0.030868,-0.092225,-0.072270,1.102028,,,,,,
sample,434,drone,,10.836108,7.394177,0.500730,1.920588,0.878299,1.733480,0.584575,-0.037050,-0.110685,-0.079174,1.101828,,,,,,
sample,435,drone,,10.861076,7.416095,0.543977,1.935159,0.877297,1.730486,0.582512,-0.043233,-0.129144,-0.086078,1.101592,,,,,,
sample,436,drone,,10.886044,7.437986,0.587143,1.949676,0.876140,1.727031,0.580277,-0.049416,-0.147603,-0.092983,1.101318,,,,,,
sample,437,drone,,10.911012,7.459846,0.630218,1.964136,0.874829,1.723115,0.577869,-0.055599,-0.166063,-0.099887,1.101006,,,,,,
sample,438,drone,,10.935980,7.481671,0.673189,1.978533,0.873364,1.718738,0.575289,-0.061782,-0.184522,-0.106791,1.100656,,,,,,
sample,439,drone,,10.960948,7.503458,0.716045,1.992863,0.871744,1.713901,0.572536,-0.067965,-0.202981,-0.113695,1.100267,,,,,,
sample,440,drone,,10.985916,7.525203,0.758774,2.007123,0.869970,1.708602,0.569611,-0.074148,-0.221441,-0.120599,1.099839,,,,,,
sample,441,drone,,11.010884,7.546901,0.801365,2.021307,0.868041,1.702843,0.566514,-0.080331,-0.239900,-0.127503,1.099371,,,,,,
sample,442,drone,,11.035852,7.568549,0.843807,2.035412,0.865958,1.696623,0.563244,-0.086513,-0.258360,-0.134407,1.098862,,,,,,
sample,443,drone,,11.060820,7.590144,0.886088,2.049434,0.863721,1.689941,0.559802,-0.092696,-0.276819,-0.141311,1.098312,,,,,,
sample,444,drone,,11.085788,7.611680,0.928196,2.063367,0.861330,1.682799,0.556188,-0.098879,-0.295278,-0.148216,1.097719,,,,,,
sample,445,drone,,11.110756,7.633155,0.970120,2.077207,0.858784,1.675196,0.552401,-0.105062,-0.313738,-0.155120,1.097083,,,,,,
sample,446,drone,,11.135724,7.654564,1.011849,2.090951,0.856083,1.667133,0.548442,-0.111245,-0.332197,-0.162024,1.096402,,,,,,
sample,447,drone,,11.160692,7.675904,1.053370,2.104594,0.853228,1.658608,0.544310,-0.117428,-0.350656,-0.168928,1.095676,,,,,,
sample,448,drone,,11.185660,7.697171,1.094673,2.118132,0.850219,1.649622,0.540006,-0.123611,-0.369116,-0.175832,1.094903,,,,,,
sample,449,drone,,11.210628,7.718361,1.135746,2.131560,0.847056,1.640176,0.535530,-0.129794,-0.387575,-0.182736,1.094082,,,,,,
sample,450,drone,,11.235596,7.739470,1.176577,2.144874,0.843738,1.630268,0.530881,-0.135976,-0.406035,-0.189640,1.093211,,,,,,
sample,451,drone,,11.260564,7.760494,1.217155,2.158070,0.840266,1.619900,0.526060,-0.142159,-0.424494,-0.196544,1.092289,,,,,,
sample,452,drone,,11.285532,7.781429,1.257468,2.171144,0.836639,1.609071,0.521066,-0.148342,-0.442953,-0.203449,1.091315,,,,,,
sample,453,drone,,11.310500,7.802272,1.297505,2.184090,0.832858,1.597781,0.515900,-0.154525,-0.461413,-0.210353,1.090286,,,,,,
sample,454,drone,,11.335468,7.823019,1.337255,2.196906,0.828923,1.586030,0.510562,-0.160708,-0.479872,-0.217257,1.089201,,,,,,
sample,455,drone,,11.360436,7.843665,1.376705,2.209586,0.824833,1.573818,0.505051,-0.166891,-0.498331,-0.224161,1.088058,,,,,,
sample,456,drone,,11.385404,7.864208,1.415845,2.222126,0.820589,1.561145,0.499368,-0.173074,-0.516791,-0.231065,1.086853,,,,,,
sample,457,drone,,11.410372,7.884642,1.454662,2.234522,0.816190,1.548011,0.493513,-0.179257,-0.535250,-0.237969,1.085586,,,,,,
sample,458,drone,,11.435340,7.904965,1.493146,2.246770,0.811637,1.534417,0.487485,-0.185439,-0.553710,-0.244873,1.084254,,,,,,
sample,459,drone,,11.460308,7.925172,1.531285,2.258865,0.806930,1.520361,0.481285,-0.191622,-0.572169,-0.251777,1.082853,,,,,,
sample,460,drone,,11.485276,7.945260,1.569067,2.270803,0.802069,1.505845,0.474912,-0.197805,-0.590628,-0.258681,1.081381,,,,,,
sample,461,drone,,11.510244,7.965224,1.606481,2.282580,0.797053,1.490868,0.468367,-0.203988,-0.609088,-0.265586,1.079835,,,,,,
sample,462,drone,,11.535212,7.985061,1.643515,2.294192,0.791882,1.475429,0.461650,-0.210171,-0.627547,-0.272490,1.078211,,,,,,
sample,463,drone,,11.560180,8.004767,1.680158,2.305633,0.786558,1.459530,0.454760,-0.216354,-0.646006,-0.279394,1.076506,,,,,,
sample,464,drone,,11.585148,8.024339,1.716398,2.316901,0.781078,1.443170,0.447698,-0.222537,-0.664466,-0.286298,1.074716,,,,,,
sample,465,drone,,11.610116,8.043771,1.752224,2.327989,0.775445,1.426350,0.440464,-0.228720,-0.682925,-0.293202,1.072836,,,,,,
sample,466,drone,,11.635084,8.063061,1.787624,2.338896,0.769657,1.409068,0.433057,-0.234902,-0.701385,-0.300106,1.070862,,,,,,
sample,467,drone,,11.660052,8.082205,1.822587,2.349615,0.763715,1.391325,0.425478,-0.241085,-0.719844,-0.307010,1.068789,,,,,,
sample,468,drone,,11.685020,8.101198,1.857101,2.360142,0.757618,1.373122,0.417726,-0.247268,-0.738303,-0.313914,1.066611,,,,,,
sample,469,drone,,11.709988,8.120037,1.891155,2.370474,0.751367,1.354457,0.409802,-0.253451,-0.756763,-0.320819,1.064324,,,,,,
sample,470,drone,,11.734956,8.138718,1.924738,2.380606,0.744962,1.335332,0.401706,-0.259634,-0.775222,-0.327723,1.061919,,,,,,
sample,471,drone,,11.759924,8.157238,1.957836,2.390534,0.738402,1.315746,0.393437,-0.265817,-0.793681,-0.334627,1.059392,,,,,,
sample,472,drone,,11.784892,8.175591,1.990441,2.400253,0.731688,1.295699,0.384996,-0.272000,-0.812141,-0.341531,1.056733,,,,,,
sample,473,drone,,11.809860,8.193775,2.022538,2.409759,0.724820,1.275191,0.376382,-0.278183,-0.830600,-0.348435,1.053936,,,,,,
sample,474,drone,,11.834828,8.211786,2.054119,2.419048,0.717797,1.254222,0.367596,-0.284365,-0.849060,-0.355339,1.050990,,,,,,
sample,475,drone,,11.859796,8.229619,2.085169,2.428115,0.710620,1.232792,0.358638,-0.290548,-0.867519,-0.362243,1.047887,,,,,,
sample,476,drone,,11.884764,8.247271,2.115679,2.436957,0.703288,1.210902,0.349507,-0.296731,-0.885978,-0.369147,1.044616,,,,,,
sample,477,drone,,11.909732,8.264739,2.145637,2.445568,0.695802,1.188550,0.340204,-0.302914,-0.904438,-0.376052,1.041166,,,,,,
sample,478,drone,,11.934700,8.282017,2.175031,2.453945,0.688162,1.165738,0.330729,-0.309097,-0.922897,-0.382956,1.037523,,,,,,
sample,479,drone,,11.959668,8.299103,2.203849,2.462083,0.680367,1.142464,0.321081,-0.315280,-0.941356,-0.389860,1.033673,,,,,,
sample,480,drone,,11.984636,8.315992,2.232081,2.469979,0.672418,1.118730,0.311261,-0.321463,-0.959816,-0.396764,1.029602,,,,,,
sample,481,drone,,12.009604,8.332680,2.259714,2.477627,0.664314,1.094535,0.301268,-0.327646,-0.978275,-0.403668,1.025291,,,,,,
sample,482,drone,,12.034572,8.349165,2.286737,2.485023,0.656057,1.069879,0.291103,-0.333828,-0.996735,-0.410572,1.020723,,,,,,
sample,483,drone,,12.059539,8.365441,2.313139,2.492163,0.647644,1.044762,0.280766,-0.340011,-1.015194,-0.417476,1.015875,,,,,,
sample,484,drone,,12.084507,8.381506,2.338909,2.499043,0.639078,1.019184,0.270256,-0.346194,-1.033653,-0.424380,1.010725,,,,,,
sample,485,drone,,12.109475,8.397354,2.364033,2.505659,0.630357,0.993146,0.259574,-0.352377,-1.052113,-0.431284,1.005247,,,,,,
sample,486,drone,,12.134443,8.412983,2.388502,2.512005,0.621481,0.966646,0.248720,-0.358560,-1.070572,-0.438189,0.999410,,,,,,
sample,487,drone,,12.159411,8.428389,2.412304,2.518079,0.612452,0.939685,0.237693,-0.364743,-1.089031,-0.445093,0.993183,,,,,,
sample,488,drone,,12.184379,8.443567,2.435426,2.523875,0.603268,0.912264,0.226493,-0.370926,-1.107491,-0.451997,0.986528,,,,,,
sample,489,drone,,12.209347,8.458513,2.457859,2.529389,0.593929,0.884382,0.215122,-0.377109,-1.125950,-0.458901,0.979403,,,,,,
sample,490,drone,,12.234315,8.473225,2.479589,2.534617,0.584436,0.856039,0.203578,-0.383291,-1.144410,-0.465805,0.971761,,,,,,
sample,491,drone,,12.259283,8.487698,2.500606,2.539555,0.574789,0.827235,0.191861,-0.389474,-1.162869,-0.472709,0.963547,,,,,,
sample,492,drone,,12.284251,8.501928,2.520898,2.544198,0.564988,0.797970,0.179973,-0.395657,-1.181328,-0.479613,0.954700,,,,,,
sample,493,drone,,12.309219,8.515911,2.540453,2.548542,0.555032,0.768244,0.167911,-0.401840,-1.199788,-0.486517,0.945150,,,,,,
sample,494,drone,,12.334187,8.529644,2.559261,2.552583,0.544921,0.738057,0.155678,-0.408023,-1.218247,-0.493422,0.934813,,,,,,
sample,495,drone,,12.359155,8.543122,2.577309,2.556316,0.534657,0.707409,0.143272,-0.414206,-1.236706,-0.500326,0.923597,,,,,,
sample,496,drone,,12.384123,8.556342,2.594586,2.559737,0.524238,0.676301,0.130694,-0.420389,-1.255166,-0.507230,0.911390,,,,,,
sample,497,drone,,12.409091,8.569300,2.611081,2.562842,0.513664,0.644731,0.117943,-0.426572,-1.273625,-0.514134,0.898065,,,,,,
sample,498,drone,,12.434059,8.581993,2.626781,2.565627,0.502936,0.612701,0.105020,-0.432754,-1.292085,-0.521038,0.883470,,,,,,
sample,499,drone,,12.459027,8.594415,2.641676,2.568086,0.492054,0.580210,0.091924,-0.438937,-1.310544,-0.527942,0.867428,,,,,,
sample,500,drone,,12.483995,8.606564,2.655755,2.570217,0.481018,0.547258,0.078657,-0.445120,-1.329003,-0.534846,0.849728,,,,,,
sample,501,drone,,12.508963,8.618435,2.669004,2.572014,0.469827,0.513845,0.065216,-0.346892,-1.356803,-0.641529,0.830117,,,,,,
sample,502,drone,,12.533931,8.630025,2.681414,2.573474,0.463695,0.479505,0.046621,0.487595,-1.446321,-1.447278,0.802158,,,,,,
sample,503,drone,,12.558899,8.641590,2.692949,2.574342,0.494175,0.441621,-0.007055,1.935126,-1.575876,-2.822689,0.729298,,,,,,
sample,504,drone,,12.583867,8.654702,2.703467,2.573121,0.560328,0.400812,-0.094333,2.707235,-1.627359,-3.533345,0.620932,,,,,,
sample,505,drone,,12.608835,8.669571,2.712964,2.569632,0.629364,0.360358,-0.183496,2.712359,-1.602764,-3.502879,0.520010,,,,,,
sample,506,drone,,12.633803,8.686130,2.721461,2.563958,0.695772,0.320776,-0.269252,2.607112,-1.567822,-3.366419,0.431994,,,,,,
sample,507,drone,,12.658771,8.704315,2.728982,2.556186,0.759552,0.282067,-0.351601,2.501865,-1.532880,-3.229960,0.355575,,,,,,
sample,508,drone,,12.683739,8.724059,2.735547,2.546401,0.820705,0.244230,-0.430544,2.396618,-1.497937,-3.093500,0.289241,,,,,,
sample,509,drone,,12.708707,8.745297,2.741178,2.534687,0.879230,0.207266,-0.506078,2.291371,-1.462995,-2.957041,0.231509,,,,,,
sample,510,drone,,12.733675,8.767964,2.745897,2.521129,0.935127,0.171174,-0.578206,2.186124,-1.428053,-2.820581,0.181045,,,,,,
sample,511,drone,,12.758643,8.791994,2.749726,2.505813,0.988396,0.135955,-0.646927,2.080877,-1.393111,-2.684122,0.136693,,,,,,
sample,512,drone,,12.783611,8.817321,2.752686,2.488824,1.039037,0.101608,-0.712241,1.975629,-1.358168,-2.547662,0.097480,,,,,,
sample,513,drone,,12.808579,8.843879,2.754799,2.470247,1.087051,0.068133,-0.774147,1.870382,-1.323226,-2.411203,0.062595,,,,,,
sample,514,drone,,12.833547,8.871604,2.756088,2.450166,1.132437,0.035531,-0.832646,1.765135,-1.288284,-2.274743,0.031366,,,,,,
sample,515,drone,,12.858515,8.900429,2.756574,2.428668,1.175195,0.003802,-0.887738,1.659888,-1.253341,-2.138284,0.003235,,,,,,
sample,516,drone,,12.883483,8.930288,2.756278,2.405836,1.215325,-0.027056,-0.939424,1.554641,-1.218399,-2.001824,-0.022258,,,,,,
sample,517,drone,,12.908451,8.961117,2.755223,2.381757,1.252827,-0.057040,-0.987702,1.449394,-1.183457,-1.865365,-0.045498,,,,,,
sample,518,drone,,12.933419,8.992849,2.753430,2.356514,1.287702,-0.086153,-1.032572,1.344147,-1.148514,-1.728905,-0.066805,,,,,,
sample,519,drone,,12.958387,9.025420,2.750921,2.330194,1.319949,-0.114393,-1.074036,1.238900,-1.113572,-1.592446,-0.086448,,,,,,
sample,520,drone,,12.983355,9.058762,2.747717,2.302881,1.349567,-0.141760,-1.112093,1.133652,-1.078630,-1.455986,-0.104657,,,,,,
sample,521,drone,,13.008323,9.092812,2.743842,2.274661,1.376559,-0.168255,-1.146742,1.028405,-1.043687,-1.319527,-0.121625,,,,,,
sample,522,drone,,13.033291,9.127502,2.739315,2.245618,1.400922,-0.193878,-1.177985,0.923158,-1.008745,-1.183067,-0.137519,,,,,,
sample,523,drone,,13.058259,9.162768,2.734160,2.215837,1.422657,-0.218628,-1.205820,0.817911,-0.973803,-1.046608,-0.152483,,,,,,
sample,524,drone,,13.083227,9.198544,2.728398,2.185404,1.441765,-0.242505,-1.230248,0.712664,-0.938861,-0.910148,-0.166641,,,,,,
sample,525,drone,,13.108195,9.234764,2.722050,2.154403,1.458245,-0.265511,-1.251269,0.607417,-0.903918,-0.773689,-0.180103,,,,,,
sample,526,drone,,13.133163,9.271363,2.715139,2.122921,1.472097,-0.287643,-1.268883,0.502170,-0.868976,-0.637230,-0.192966,,,,,,
sample,527,drone,,13.158131,9.308275,2.707687,2.091040,1.483321,-0.308904,-1.283090,0.396923,-0.834034,-0.500770,-0.205317,,,,,,
sample,528,drone,,13.183099,9.345434,2.699714,2.058848,1.491918,-0.329292,-1.293889,0.291676,-0.799091,-0.364311,-0.217234,,,,,,
sample,529,drone,,13.208067,9.382775,2.691243,2.026429,1.497886,-0.348807,-1.301282,0.186428,-0.764149,-0.227851,-0.228789,,,,,,
sample,530,drone,,13.233035,9.420232,2.682296,1.993867,1.501227,-0.367450,-1.305267,0.081181,-0.729207,-0.091392,-0.240047,,,,,,
sample,531,drone,,13.258003,9.457740,2.672894,1.961249,1.501940,-0.385221,-1.305846,-0.024066,-0.694264,0.045068,-0.251070,,,,,,
sample,532,drone,,13.282971,9.495233,2.663060,1.928659,1.500025,-0.402119,-1.303017,-0.129313,-0.659322,0.181527,-0.261917,,,,,,
sample,533,drone,,13.307939,9.532646,2.652814,1.896182,1.495483,-0.418145,-1.296781,-0.234560,-0.624380,0.317987,-0.272643,,,,,,
sample,534,drone,,13.332907,9.569912,2.642179,1.863903,1.488313,-0.433298,-1.287138,-0.339807,-0.589437,0.454446,-0.283303,,,,,,
sample,535,drone,,13.357875,9.606966,2.631177,1.831907,1.478514,-0.447579,-1.274088,-0.445054,-0.554495,0.590906,-0.293952,,,,,,
sample,536,drone,,13.382843,9.643743,2.619829,1.800280,1.466088,-0.460987,-1.257630,-0.550301,-0.519553,0.727365,-0.304645,,,,,,
sample,537,drone,,13.407811,9.680176,2.608157,1.769106,1.451034,-0.473523,-1.237766,-0.655548,-0.484610,0.863825,-0.315439,,,,,,
sample,538,drone,,13.432779,9.716201,2.596183,1.738471,1.433353,-0.485187,-1.214494,-0.760796,-0.449668,1.000284,-0.326391,,,,,,
sample,539,drone,,13.457747,9.751752,2.583929,1.708459,1.413043,-0.495978,-1.187816,-0.866043,-0.414726,1.136744,-0.337565,,,,,,
sample,540,drone,,13.482715,9.786763,2.571416,1.679156,1.390106,-0.505897,-1.157730,-0.971290,-0.379784,1.273203,-0.349027,,,,,,
sample,541,drone,,13.507683,9.821169,2.558666,1.650647,1.364541,-0.514943,-1.124237,-1.076537,-0.344841,1.409663,-0.360851,,,,,,
sample,542,drone,,13.532651,9.854903,2.545702,1.623016,1.336348,-0.523117,-1.087337,-1.181784,-0.309899,1.546122,-0.373116,,,,,,
sample,543,drone,,13.557619,9.887900,2.532544,1.596349,1.305528,-0.530418,-1.047030,-1.287031,-0.274957,1.682582,-0.385914,,,,,,
sample,544,drone,,13.582587,9.920096,2.519215,1.570732,1.272079,-0.536847,-1.003316,-1.392278,-0.240014,1.819041,-0.399346,,,,,,
sample,545,drone,,13.607555,9.951423,2.505736,1.546248,1.236003,-0.542403,-0.956194,-1.497525,-0.205072,1.955501,-0.413532,,,,,,
sample,546,drone,,13.632523,9.981817,2.492129,1.522983,1.197299,-0.547087,-0.905666,-1.602772,-0.170130,2.091960,-0.428606,,,,,,
sample,547,drone,,13.657491,10.011211,2.478417,1.501023,1.155967,-0.550899,-0.851730,-1.708020,-0.135187,2.228420,-0.444728,,,,,,
sample,548,drone,,13.682459,10.039541,2.464620,1.480451,1.112007,-0.553838,-0.794388,-1.813267,-0.100245,2.364879,-0.462088,,,,,,
sample,549,drone,,13.707427,10.066740,2.450760,1.461354,1.065420,-0.555905,-0.733638,-1.918514,-0.065303,2.501339,-0.480912,,,,,,
sample,550,drone,,13.732395,10.092744,2.436860,1.443816,1.016204,-0.557099,-0.669481,-2.023761,-0.030360,2.637798,-0.501472,,,,,,
sample,551,drone,,13.757363,10.117486,2.422941,1.427923,0.964361,-0.557421,-0.601917,-2.129008,0.004582,2.774258,-0.524101,,,,,,
sample,552,drone,,13.782331,10.140900,2.409025,1.413759,0.909890,-0.556870,-0.530946,-2.234255,0.039524,2.910717,-0.549210,,,,,,
sample,553,drone,,13.807299,10.162922,2.395133,1.401410,0.852791,-0.555447,-0.456567,-2.339502,0.074466,3.047177,-0.577308,,,,,,
sample,554,drone,,13.832267,10.183485,2.381288,1.390960,0.793065,-0.553152,-0.378782,-2.444749,0.109409,3.183636,-0.609037,,,,,,
sample,555,drone,,13.857235,10.202524,2.367511,1.382495,0.730710,-0.549984,-0.297589,-2.549996,0.144351,3.320096,-0.645208,,,,,,
sample,556,drone,,13.882203,10.219974,2.353824,1.376099,0.665728,-0.545943,-0.212990,-2.655244,0.179293,3.456555,-0.686859,,,,,,
sample,557,drone,,13.907171,10.235768,2.340249,1.371859,0.598118,-0.541030,-0.124983,-2.753634,0.210352,3.587071,-0.735326,,,,,,
sample,558,drone,,13.932139,10.249841,2.326807,1.369858,0.528223,-0.535439,-0.033866,-2.313035,-0.061280,3.246955,-0.792182,,,,,,
sample,559,drone,,13.957107,10.262145,2.313511,1.370168,0.482614,-0.544090,0.037157,-0.996051,-0.816082,2.129443,-0.845204,,,,,,
sample,560,drone,,13.982075,10.273941,2.299637,1.371714,0.478484,-0.576191,0.072470,0.157362,-1.458050,1.126428,-0.877776,,,,,,
sample,561,drone,,14.007043,10.286039,2.284738,1.373787,0.490473,-0.616900,0.093406,0.476151,-1.616187,0.831775,-0.899075,,,,,,
sample,562,drone,,14.032011,10.298434,2.268832,1.376378,0.502261,-0.656897,0.114006,0.468139,-1.587691,0.818284,-0.918019,,,,,,
sample,563,drone,,14.056979,10.311120,2.251936,1.379480,0.513849,-0.696183,0.134268,0.460127,-1.559195,0.804792,-0.934957,,,,,,
sample,564,drone,,14.081947,10.324093,2.234067,1.383083,0.525238,-0.734757,0.154194,0.452115,-1.530699,0.791301,-0.950176,,,,,,
sample,565,drone,,14.106915,10.337348,2.215245,1.387179,0.536426,-0.772619,0.173783,0.444102,-1.502203,0.777810,-0.963909,,,,,,
sample,566,drone,,14.131883,10.350880,2.195486,1.391761,0.547415,-0.809771,0.193035,0.436090,-1.473707,0.764318,-0.976352,,,,,,
sample,567,drone,,14.156851,10.364684,2.174808,1.396819,0.558203,-0.846210,0.211950,0.428078,-1.445211,0.750827,-0.987667,,,,,,
sample,568,drone,,14.181819,10.378754,2.153229,1.402345,0.568791,-0.881939,0.230528,0.420066,-1.416715,0.737336,-0.997992,,,,,,
sample,569,drone,,14.206787,10.393087,2.130768,1.408330,0.579179,-0.916956,0.248769,0.412054,-1.388219,0.723844,-1.007442,,,,,,
sample,570,drone,,14.231755,10.407676,2.107440,1.414767,0.589367,-0.951261,0.266674,0.404042,-1.359723,0.710353,-1.016115,,,,,,
sample,571,drone,,14.256723,10.422518,2.083265,1.421647,0.599355,-0.984855,0.284241,0.396029,-1.331227,0.696862,-1.024097,,,,,,
sample,572,drone,,14.281691,10.437606,2.058261,1.428961,0.609144,-1.017737,0.301472,0.388017,-1.302731,0.683370,-1.031460,,,,,,
sample,573,drone,,14.306659,10.452936,2.032444,1.436701,0.618732,-1.049908,0.318366,0.380005,-1.274235,0.669879,-1.038267,,,,,,
sample,574,drone,,14.331627,10.468503,2.005832,1.444859,0.628119,-1.081367,0.334923,0.371993,-1.245739,0.656388,-1.044572,,,,,,
sample,575,drone,,14.356595,10.484302,1.978445,1.453426,0.637307,-1.112115,0.351143,0.363981,-1.217243,0.642896,-1.050422,,,,,,
sample,576,drone,,14.381563,10.500327,1.950298,1.462394,0.646295,-1.142151,0.367027,0.355969,-1.188747,0.629405,-1.055860,,,,,,
sample,577,drone,,14.406531,10.516575,1.921410,1.471754,0.655083,-1.171476,0.382573,0.347957,-1.160251,0.615914,-1.060921,,,,,,
sample,578,drone,,14.431499,10.533040,1.891799,1.481498,0.663671,-1.200090,0.397783,0.339944,-1.131755,0.602422,-1.065639,,,,,,
sample,579,drone,,14.456467,10.549716,1.861482,1.491618,0.672058,-1.227992,0.412656,0.331932,-1.103259,0.588931,-1.070042,,,,,,
sample,580,drone,,14.481435,10.566599,1.830478,1.502104,0.680246,-1.255182,0.427192,0.323920,-1.074763,0.575440,-1.074154,,,,,,
sample,581,drone,,14.506403,10.583685,1.798804,1.512950,0.688234,-1.281661,0.441391,0.315908,-1.046267,0.561948,-1.078000,,,,,,
sample,582,drone,,14.531371,10.600967,1.766477,1.524146,0.696021,-1.307428,0.455253,0.307896,-1.017771,0.548457,-1.081598,,,,,,
sample,583,drone,,14.556339,10.618441,1.733516,1.535683,0.703609,-1.332484,0.468779,0.299884,-0.989275,0.534966,-1.084967,,,,,,
sample,584,drone,,14.581307,10.636102,1.699938,1.547555,0.710996,-1.356829,0.481967,0.291872,-0.960779,0.521474,-1.088123,,,,,,
sample,585,drone,,14.606275,10.653946,1.665761,1.559751,0.718184,-1.380462,0.494819,0.283859,-0.932283,0.507983,-1.091081,,,,,,
sample,586,drone,,14.631243,10.671966,1.631003,1.572264,0.725171,-1.403383,0.507334,0.275847,-0.903787,0.494491,-1.093854,,,,,,
sample,587,drone,,14.656211,10.690158,1.595682,1.585085,0.731958,-1.425593,0.519512,0.267835,-0.875291,0.481000,-1.096454,,,,,,
sample,588,drone,,14.681179,10.708517,1.559815,1.598206,0.738546,-1.447092,0.531353,0.259823,-0.846795,0.467509,-1.098891,,,,,,
sample,589,drone,,14.706147,10.727038,1.523420,1.611619,0.744933,-1.467879,0.542858,0.251811,-0.818299,0.454017,-1.101175,,,,,,
sample,590,drone,,14.731114,10.745716,1.486515,1.625314,0.751120,-1.487954,0.554025,0.243799,-0.789803,0.440526,-1.103316,,,,,,
sample,591,drone,,14.756082,10.764546,1.449118,1.639285,0.757107,-1.507318,0.564856,0.235786,-0.761307,0.427035,-1.105320,,,,,,
sample,592,drone,,14.781050,10.783523,1.411246,1.653521,0.762894,-1.525971,0.575349,0.227774,-0.732811,0.413543,-1.107197,,,,,,
sample,593,drone,,14.806018,10.802641,1.372917,1.668015,0.768481,-1.543912,0.585506,0.219762,-0.704315,0.400052,-1.108951,,,,,,
sample,594,drone,,14.830986,10.821897,1.334149,1.682759,0.773868,-1.561142,0.595326,0.211750,-0.675819,0.386561,-1.110589,,,,,,
sample,595,drone,,14.855954,10.841285,1.294960,1.697743,0.779055,-1.577660,0.604810,0.203738,-0.647323,0.373069,-1.112117,,,,,,
sample,596,drone,,14.880922,10.860800,1.255367,1.712961,0.784042,-1.593466,0.613956,0.195726,-0.618827,0.359578,-1.113540,,,,,,
sample,597,drone,,14.905890,10.880437,1.215388,1.728402,0.788829,-1.608561,0.622766,0.187714,-0.590331,0.346087,-1.114863,,,,,,
sample,598,drone,,14.930858,10.900191,1.175042,1.744059,0.793416,-1.622945,0.631238,0.179701,-0.561835,0.332595,-1.116089,,,,,,
sample,599,drone,,14.955826,10.920057,1.134345,1.759923,0.797803,-1.636617,0.639374,0.171689,-0.533339,0.319104,-1.117222,,,,,,
sample,600,drone,,14.980794,10.940030,1.093316,1.775987,0.801989,-1.649578,0.647173,0.163677,-0.504843,0.305613,-1.118267,,,,,,
sample,601,drone,,15.005762,10.960105,1.051972,1.792241,0.805976,-1.661827,0.654635,0.155665,-0.476347,0.292121,-1.119225,,,,,,
sample,602,drone,,15.030730,10.980278,1.010331,1.808677,0.809763,-1.673365,0.661760,0.147653,-0.447851,0.278630,-1.120101,,,,,,
sample,603,drone,,15.055698,11.000542,0.968411,1.825286,0.813349,-1.684191,0.668549,0.139641,-0.419355,0.265139,-1.120896,,,,,,
sample,604,drone,,15.080666,11.020893,0.926229,1.842061,0.816736,-1.694306,0.675000,0.131629,-0.390859,0.251647,-1.121614,,,,,,
sample,605,drone,,15.105634,11.041326,0.883804,1.858993,0.819922,-1.703709,0.681115,0.123616,-0.362363,0.238156,-1.122255,,,,,,
sample,606,drone,,15.130602,11.061837,0.841153,1.876073,0.822909,-1.712401,0.686893,0.115604,-0.333867,0.224665,-1.122823,,,,,,
sample,607,drone,,15.155570,11.082419,0.798293,1.893294,0.825695,-1.720381,0.692334,0.107592,-0.305371,0.211173,-1.123318,,,,,,
sample,608,drone,,15.180538,11.103068,0.755244,1.910646,0.828281,-1.727650,0.697438,0.099580,-0.276875,0.197682,-1.123742,,,,,,
sample,609,drone,,15.205506,11.123780,0.712022,1.928121,0.830668,-1.734207,0.702205,0.091568,-0.248379,0.184191,-1.124098,,,,,,
sample,610,drone,,15.230474,11.144549,0.668644,1.945711,0.832854,-1.740053,0.706636,0.083556,-0.219883,0.170699,-1.124385,,,,,,
sample,611,drone,,15.255442,11.165369,0.625130,1.963408,0.834840,-1.745187,0.710729,0.075544,-0.191387,0.157208,-1.124604,,,,,,
sample,612,drone,,15.280410,11.186237,0.581497,1.981202,0.836626,-1.749610,0.714486,0.067531,-0.162891,0.143717,-1.124758,,,,,,
sample,613,drone,,15.305378,11.207147,0.537762,1.999086,0.838212,-1.753321,0.717906,0.059519,-0.134395,0.130225,-1.124845,,,,,,
sample,614,drone,,15.330346,11.228094,0.493943,2.017051,0.839598,-1.756321,0.720989,0.051507,-0.105899,0.116734,-1.124867,,,,,,
sample,615,drone,,15.355314,11.249073,0.450058,2.035089,0.840784,-1.758609,0.723735,0.043495,-0.077403,0.103242,-1.124825,,,,,,
sample,616,drone,,15.380282,11.270080,0.406125,2.053192,0.841770,-1.760186,0.726145,0.035483,-0.048907,0.089751,-1.124718,,,,,,
sample,617,drone,,15.405250,11.291108,0.362162,2.071350,0.842556,-1.761052,0.728217,0.027471,-0.020411,0.076260,-1.124546,,,,,,
sample,618,drone,,15.430218,11.312153,0.318185,2.089556,0.843142,-1.761205,0.729953,0.019458,0.008085,0.062768,-1.124309,,,,,,
sample,619,drone,,15.455186,11.333211,0.274214,2.107801,0.843528,-1.760648,0.731351,0.011446,0.036581,0.049277,-1.124007,,,,,,
sample,620,drone,,15.480154,11.354276,0.230266,2.126077,0.843714,-1.759379,0.732413,0.003434,0.065077,0.035786,-1.123640,,,,,,
sample,621,drone,,15.505122,11.375343,0.186358,2.144375,0.843699,-1.757398,0.733138,-0.004578,0.093573,0.022294,-1.123208,,,,,,
sample,622,drone,,15.530090,11.396407,0.142508,2.162687,0.843485,-1.754706,0.733527,-0.012590,0.122069,0.008803,-1.122709,,,,,,
sample,623,drone,,15.555058,11.417463,0.098735,2.181004,0.843071,-1.751303,0.733578,-0.020602,0.150565,-0.004688,-1.122142,,,,,,
sample,624,drone,,15.580026,11.438506,0.055055,2.199319,0.842456,-1.747188,0.733293,-0.028614,0.179061,-0.018180,-1.121507,,,,,,
sample,625,drone,,15.604994,11.459532,0.011487,2.217622,0.841642,-1.742361,0.732670,-0.036627,0.207557,-0.031671,-1.120803,,,,,,
sample,626,drone,,15.629962,11.480535,-0.031951,2.235905,0.840627,-1.736823,0.731711,-0.044639,0.236053,-0.045162,-1.120028,,,,,,
sample,627,drone,,15.654930,11.501509,-0.075243,2.254161,0.839413,-1.730573,0.730415,-0.052651,0.264549,-0.058654,-1.119181,,,,,,
sample,628,drone,,15.679898,11.522451,-0.118369,2.272379,0.837998,-1.723612,0.728782,-0.060663,0.293045,-0.072145,-1.118260,,,,,,
sample,629,drone,,15.704866,11.543356,-0.161313,2.290553,0.836383,-1.715940,0.726812,-0.068675,0.321541,-0.085636,-1.117263,,,,,,
sample,630,drone,,15.729834,11.564217,-0.204056,2.308673,0.834569,-1.707556,0.724506,-0.076687,0.350037,-0.099128,-1.116189,,,,,,
sample,631,drone,,15.754802,11.585031,-0.246581,2.326732,0.832554,-1.698461,0.721862,-0.084699,0.378533,-0.112619,-1.115034,,,,,,
sample,632,drone,,15.779770,11.605791,-0.288871,2.344720,0.830339,-1.688654,0.718882,-0.092712,0.407029,-0.126110,-1.113797,,,,,,
sample,633,drone,,15.804738,11.626494,-0.330906,2.362630,0.827924,-1.678135,0.715565,-0.100724,0.435525,-0.139602,-1.112475,,,,,,
sample,634,drone,,15.829706,11.647135,-0.372670,2.380453,0.825310,-1.666905,0.711911,-0.108736,0.464021,-0.153093,-1.111064,,,,,,
sample,635,drone,,15.854674,11.667707,-0.414145,2.398180,0.822495,-1.654964,0.707920,-0.116748,0.492517,-0.166584,-1.109562,,,,,,
sample,636,drone,,15.879642,11.688207,-0.455312,2.415803,0.819480,-1.642311,0.703592,-0.124760,0.521013,-0.180076,-1.107965,,,,,,
sample,637,drone,,15.904610,11.708629,-0.496155,2.433315,0.816265,-1.628947,0.698928,-0.132772,0.549509,-0.193567,-1.106269,,,,,,
sample,638,drone,,15.929578,11.728968,-0.536655,2.450705,0.812849,-1.614871,0.693926,-0.140784,0.578005,-0.207058,-1.104470,,,,,,
sample,639,drone,,15.954546,11.749219,-0.576795,2.467967,0.809234,-1.600083,0.688588,-0.148797,0.606501,-0.220550,-1.102563,,,,,,
sample,640,drone,,15.979514,11.769378,-0.616557,2.485090,0.805419,-1.584585,0.682913,-0.156809,0.634997,-0.234041,-1.100543,,,,,,
sample,641,drone,,16.004482,11.789438,-0.655923,2.502068,0.801404,-1.568374,0.676901,-0.164821,0.663493,-0.247532,-1.098405,,,,,,
sample,642,drone,,16.029450,11.809397,-0.694875,2.518892,0.797189,-1.551452,0.670552,-0.172833,0.691989,-0.261024,-1.096143,,,,,,
sample,643,drone,,16.054418,11.829247,-0.733396,2.535553,0.792773,-1.533819,0.663867,-0.180845,0.720485,-0.274515,-1.093750,,,,,,
sample,644,drone,,16.079386,11.848984,-0.771468,2.552043,0.788158,-1.515474,0.656844,-0.188857,0.748981,-0.288007,-1.091219,,,,,,
sample,645,drone,,16.104354,11.868604,-0.809073,2.568353,0.783343,-1.496418,0.649485,-0.196870,0.777477,-0.301498,-1.088543,,,,,,
sample,646,drone,,16.129322,11.888101,-0.846193,2.584476,0.778327,-1.476650,0.641788,-0.204882,0.805973,-0.314989,-1.085713,,,,,,
sample,647,drone,,16.154290,11.907471,-0.882811,2.600402,0.773112,-1.456171,0.633755,-0.212894,0.834469,-0.328481,-1.082719,,,,,,
sample,648,drone,,16.179258,11.926708,-0.918908,2.616123,0.767696,-1.434980,0.625385,-0.220906,0.862965,-0.341972,-1.079552,,,,,,
sample,649,drone,,16.204226,11.945806,-0.954468,2.631631,0.762080,-1.413078,0.616679,-0.228918,0.891461,-0.355463,-1.076201,,,,,,
sample,650,drone,,16.229194,11.964763,-0.989472,2.646917,0.756265,-1.390464,0.607635,-0.236930,0.919957,-0.368955,-1.072653,,,,,,
sample,651,drone,,16.254162,11.983571,-1.023902,2.661974,0.750249,-1.367139,0.598255,-0.244942,0.948453,-0.382446,-1.068896,,,,,,
sample,652,drone,,16.279130,12.002227,-1.057741,2.676792,0.744033,-1.343102,0.588537,-0.252955,0.976949,-0.395937,-1.064913,,,,,,
sample,653,drone,,16.304098,12.020725,-1.090971,2.691363,0.737618,-1.318354,0.578483,-0.260967,1.005445,-0.409429,-1.060690,,,,,,
sample,654,drone,,16.329066,12.039061,-1.123575,2.705679,0.731002,-1.292894,0.568092,-0.268979,1.033941,-0.422920,-1.056207,,,,,,
sample,655,drone,,16.354034,12.057229,-1.155533,2.719731,0.724186,-1.266723,0.557364,-0.276991,1.062437,-0.436411,-1.051446,,,,,,
sample,656,drone,,16.379002,12.075224,-1.186830,2.733511,0.717170,-1.239841,0.546299,-0.285003,1.090933,-0.449903,-1.046383,,,,,,
sample,657,drone,,16.403970,12.093041,-1.217446,2.747011,0.709954,-1.212247,0.534898,-0.293015,1.119429,-0.463394,-1.040994,,,,,,
sample,658,drone,,16.428938,12.110676,-1.247364,2.760222,0.702538,-1.183941,0.523159,-0.301027,1.147925,-0.476885,-1.035252,,,,,,
sample,659,drone,,16.453906,12.128123,-1.276567,2.773136,0.694922,-1.154924,0.511084,-0.309040,1.176421,-0.490377,-1.029125,,,,,,
sample,660,drone,,16.478874,12.145378,-1.305037,2.785743,0.687106,-1.125195,0.498672,-0.317052,1.204917,-0.503868,-1.022579,,,,,,
sample,661,drone,,16.503842,12.162434,-1.332755,2.798037,0.679090,-1.094755,0.485923,-0.325064,1.233413,-0.517359,-1.015575,,,,,,
sample,662,drone,,16.528810,12.179289,-1.359704,2.810009,0.670873,-1.063604,0.472837,-0.333076,1.261909,-0.530851,-1.008069,,,,,,
sample,663,drone,,16.553778,12.195935,-1.385867,2.821649,0.662457,-1.031740,0.459414,-0.341088,1.290405,-0.544342,-1.000011,,,,,,
sample,664,drone,,16.578746,12.212369,-1.411225,2.832950,0.653841,-0.999166,0.445655,-0.349100,1.318901,-0.557833,-0.991344,,,,,,
sample,665,drone,,16.603714,12.228585,-1.435761,2.843903,0.645024,-0.965880,0.431558,-0.357112,1.347397,-0.571325,-0.982002,,,,,,
sample,666,drone,,16.628682,12.244579,-1.459457,2.854500,0.636008,-0.931882,0.417125,-0.365125,1.375893,-0.584816,-0.971913,,,,,,
sample,667,drone,,16.653650,12.260345,-1.482296,2.864733,0.626792,-0.897173,0.402355,-0.373137,1.404389,-0.598307,-0.960991,,,,,,
sample,668,drone,,16.678618,12.275878,-1.504259,2.874592,0.617375,-0.861753,0.387248,-0.381149,1.432885,-0.611799,-0.949136,,,,,,
sample,669,drone,,16.703586,12.291174,-1.525328,2.884070,0.607758,-0.825621,0.371804,-0.389161,1.461381,-0.625290,-0.936236,,,,,,
sample,670,drone,,16.728554,12.306227,-1.545487,2.893159,0.597942,-0.788777,0.356024,-0.397173,1.489876,-0.638781,-0.922156,,,,,,
sample,671,drone,,16.753522,12.321033,-1.564717,2.901849,0.587925,-0.751222,0.339906,-0.405185,1.518372,-0.652273,-0.906740,,,,,,
sample,672,drone,,16.778490,12.335586,-1.583000,2.910132,0.577709,-0.712956,0.323452,-0.413198,1.546868,-0.665764,-0.889806,,,,,,
sample,673,drone,,16.803458,12.349882,-1.600319,2.918000,0.567292,-0.673978,0.306660,-0.421210,1.575364,-0.679256,-0.871137,,,,,,
sample,674,drone,,16.828426,12.363914,-1.616656,2.925445,0.556675,-0.634289,0.289532,-0.429222,1.603860,-0.692747,-0.850475,,,,,,
sample,675,drone,,16.853394,12.377680,-1.631993,2.932459,0.545858,-0.593888,0.272067,-0.437234,1.632356,-0.706238,-0.827514,,,,,,
sample,676,drone,,16.878362,12.391172,-1.646312,2.939031,0.534841,-0.552775,0.254266,-0.445246,1.660852,-0.719730,-0.801886,,,,,,
sample,677,drone,,16.903330,12.404387,-1.659596,2.945156,0.523624,-0.510951,0.236127,-0.453258,1.689348,-0.733221,-0.773149,,,,,,
sample,678,drone,,16.928298,12.417320,-1.671827,2.950823,0.512207,-0.468416,0.217652,-0.461270,1.717844,-0.746712,-0.740771,,,,,,
sample,679,drone,,16.953266,12.429965,-1.682987,2.956024,0.500590,-0.425169,0.198839,-0.469283,1.746340,-0.760204,-0.704108,,,,,,
sample,680,drone,,16.978234,12.442317,-1.693058,2.960752,0.488773,-0.381211,0.179690,-0.477295,1.774836,-0.773695,-0.662385,,,,,,
sample,681,drone,,17.003202,12.454372,-1.702023,2.964997,0.476756,-0.336541,0.160204,-0.485307,1.803332,-0.787186,-0.614673,,,,,,
sample,682,drone,,17.028170,12.466125,-1.709864,2.968752,0.464539,-0.291160,0.140381,-0.493319,1.831828,-0.800678,-0.559872,,,,,,
sample,683,drone,,17.053138,12.477570,-1.716562,2.972007,0.452122,-0.245067,0.120221,-0.501331,1.860324,-0.814169,-0.496709,,,,,,
sample,684,drone,,17.078106,12.488702,-1.722101,2.974755,0.439505,-0.198262,0.099725,-0.509343,1.888820,-0.827660,-0.423772,,,,,,
sample,685,drone,,17.103074,12.499517,-1.726463,2.976987,0.426687,-0.150747,0.078891,-0.411456,1.983044,-0.853103,-0.339607,,,,,,
sample,686,drone,,17.128042,12.510009,-1.729629,2.978695,0.418958,-0.099237,0.057124,0.044509,2.289898,-0.914941,-0.232580,,,,,,
sample,687,drone,,17.153010,12.520438,-1.731418,2.979840,0.428910,-0.036398,0.033203,0.654829,2.664412,-0.982449,-0.084660,,,,,,
sample,688,drone,,17.177978,12.531427,-1.731447,2.980353,0.451658,0.033813,0.008065,0.912162,2.792219,-0.998590,0.074725,,,,,,
sample,689,drone,,17.202946,12.542992,-1.729730,2.980242,0.474460,0.103034,-0.016663,0.903258,2.745500,-0.980811,0.213840,,,,,,
sample,690,drone,,17.227914,12.555120,-1.726301,2.979521,0.496763,0.170912,-0.040913,0.883283,2.691725,-0.961704,0.331366,,,,,,
sample,691,drone,,17.252882,12.567798,-1.721195,2.978199,0.518567,0.237448,-0.064686,0.863309,2.637950,-0.942598,0.429398,,,,,,
sample,692,drone,,17.277850,12.581015,-1.714444,2.976290,0.539873,0.302641,-0.087983,0.843334,2.584175,-0.923491,0.510928,,,,,,
sample,693,drone,,17.302818,12.594757,-1.706082,2.973806,0.560680,0.366491,-0.110802,0.823360,2.530400,-0.904385,0.578940,,,,,,
sample,694,drone,,17.327786,12.609013,-1.696143,2.970757,0.580988,0.428999,-0.133144,0.803386,2.476624,-0.885279,0.636032,,,,,,
sample,695,drone,,17.352754,12.623769,-1.684660,2.967157,0.600798,0.490164,-0.155009,0.783411,2.422849,-0.866172,0.684334,,,,,,
sample,696,drone,,17.377722,12.639014,-1.671666,2.963017,0.620109,0.549986,-0.176397,0.763437,2.369074,-0.847066,0.725541,,,,,,
sample,697,drone,,17.402690,12.654735,-1.657196,2.958349,0.638921,0.608466,-0.197308,0.743462,2.315299,-0.827959,0.760988,,,,,,
sample,698,drone,,17.427657,12.670919,-1.641282,2.953164,0.657234,0.665603,-0.217742,0.723488,2.261524,-0.808853,0.791724,,,,,,
sample,699,drone,,17.452625,12.687555,-1.623958,2.947475,0.675049,0.721397,-0.237699,0.703513,2.207748,-0.789746,0.818576,,,,,,
sample,700,drone,,17.477593,12.704629,-1.605258,2.941294,0.692365,0.775849,-0.257179,0.683539,2.153973,-0.770640,0.842198,,,,,,
sample,701,drone,,17.502561,12.722129,-1.585216,2.934633,0.709182,0.828958,-0.276182,0.663565,2.100198,-0.751534,0.863112,,,,,,
sample,702,drone,,17.527529,12.740042,-1.563864,2.927503,0.725501,0.880724,-0.294707,0.643590,2.046423,-0.732427,0.881738,,,,,,
sample,703,drone,,17.552497,12.758357,-1.541236,2.919917,0.741320,0.931148,-0.312756,0.623616,1.992648,-0.713321,0.898416,,,,,,
sample,704,drone,,17.577465,12.777061,-1.517366,2.911885,0.756641,0.980229,-0.330328,0.603641,1.938872,-0.694214,0.913424,,,,,,
sample,705,drone,,17.602433,12.796141,-1.492287,2.903421,0.771464,1.027968,-0.347422,0.583667,1.885097,-0.675108,0.926991,,,,,,
sample,706,drone,,17.627401,12.815585,-1.466033,2.894536,0.785787,1.074363,-0.364040,0.563693,1.831322,-0.656001,0.939307,,,,,,
sample,707,drone,,17.652369,12.835380,-1.438638,2.885243,0.799612,1.119416,-0.380180,0.543718,1.777547,-0.636895,0.950530,,,,,,
sample,708,drone,,17.677337,12.855514,-1.410134,2.875552,0.812938,1.163127,-0.395844,0.523744,1.723772,-0.617788,0.960792,,,,,,
sample,709,drone,,17.702305,12.875975,-1.380556,2.865476,0.825766,1.205495,-0.411030,0.503769,1.669996,-0.598682,0.970207,,,,,,
sample,710,drone,,17.727273,12.896750,-1.349936,2.855027,0.838095,1.246520,-0.425740,0.483795,1.616221,-0.579576,0.978871,,,,,,
sample,711,drone,,17.752241,12.917826,-1.318310,2.844216,0.849925,1.286202,-0.439972,0.463821,1.562446,-0.560469,0.986865,,,,,,
sample,712,drone,,17.777209,12.939191,-1.285709,2.833056,0.861256,1.324542,-0.453727,0.443846,1.508671,-0.541363,0.994260,,,,,,
sample,713,drone,,17.802177,12.960834,-1.252167,2.821559,0.872089,1.361539,-0.467005,0.423872,1.454896,-0.522256,1.001117,,,,,,
sample,714,drone,,17.827145,12.982740,-1.217719,2.809736,0.882422,1.397194,-0.479807,0.403897,1.401120,-0.503150,1.007488,,,,,,
sample,715,drone,,17.852113,13.004898,-1.182397,2.797599,0.892258,1.431506,-0.492131,0.383923,1.347345,-0.484043,1.013420,,,,,,
sample,716,drone,,17.877081,13.027296,-1.146235,2.785161,0.901594,1.464475,-0.503978,0.363948,1.293570,-0.464937,1.018954,,,,,,
sample,717,drone,,17.902049,13.049920,-1.109267,2.772432,0.910432,1.496101,-0.515348,0.343974,1.239795,-0.445831,1.024124,,,,,,
sample,718,drone,,17.927017,13.072759,-1.071526,2.759426,0.918771,1.526385,-0.526241,0.324000,1.186020,-0.426724,1.028962,,,,,,
sample,719,drone,,17.951985,13.095800,-1.033046,2.746154,0.926611,1.555326,-0.536657,0.304025,1.132244,-0.407618,1.033496,,,,,,
sample,720,drone,,17.976953,13.119030,-0.993859,2.732628,0.933953,1.582925,-0.546596,0.284051,1.078469,-0.388511,1.037750,,,,,,
sample,721,drone,,18.001921,13.142438,-0.954001,2.718859,0.940795,1.609181,-0.556057,0.264076,1.024694,-0.369405,1.041746,,,,,,
sample,722,drone,,18.026889,13.166010,-0.913503,2.704861,0.947139,1.634094,-0.565042,0.244102,0.970919,-0.350298,1.045503,,,,,,
sample,723,drone,,18.051857,13.189734,-0.872401,2.690643,0.952985,1.657664,-0.573550,0.224128,0.917144,-0.331192,1.049040,,,,,,
sample,724,drone,,18.076825,13.213598,-0.830726,2.676220,0.958331,1.679892,-0.581581,0.204153,0.863368,-0.312085,1.052372,,,,,,
sample,725,drone,,18.101793,13.237589,-0.788513,2.661602,0.963179,1.700778,-0.589134,0.184179,0.809593,-0.292979,1.055512,,,,,,
sample,726,drone,,18.126761,13.261695,-0.745796,2.646801,0.967529,1.720320,-0.596211,0.164204,0.755818,-0.273873,1.058474,,,,,,
sample,727,drone,,18.151729,13.285904,-0.702608,2.631829,0.971379,1.738520,-0.602810,0.144230,0.702043,-0.254766,1.061268,,,,,,
sample,728,drone,,18.176697,13.310202,-0.658981,2.616699,0.974731,1.755377,-0.608933,0.124256,0.648267,-0.235660,1.063906,,,,,,
sample,729,drone,,18.201665,13.334578,-0.614951,2.601422,0.977584,1.770892,-0.614578,0.104281,0.594492,-0.216553,1.066397,,,,,,
sample,730,drone,,18.226633,13.359019,-0.570550,2.586009,0.979938,1.785064,-0.619747,0.084307,0.540717,-0.197447,1.068748,,,,,,
sample,731,drone,,18.251601,13.383512,-0.525812,2.570474,0.981794,1.797893,-0.624438,0.064332,0.486942,-0.178340,1.070968,,,,,,
sample,732,drone,,18.276569,13.408046,-0.480771,2.554827,0.983151,1.809380,-0.628652,0.044358,0.433167,-0.159234,1.073063,,,,,,
sample,733,drone,,18.301537,13.432607,-0.435459,2.539082,0.984009,1.819524,-0.632389,0.024383,0.379391,-0.140127,1.075039,,,,,,
sample,734,drone,,18.326505,13.457183,-0.389911,2.523248,0.984368,1.828325,-0.635650,0.004409,0.325616,-0.121021,1.076903,,,,,,
sample,735,drone,,18.351473,13.481762,-0.344160,2.507340,0.984229,1.835784,-0.638433,-0.015565,0.271841,-0.101915,1.078660,,,,,,
sample,736,drone,,18.376441,13.506331,-0.298239,2.491368,0.983591,1.841900,-0.640739,-0.035540,0.218066,-0.082808,1.080313,,,,,,
sample,737,drone,,18.401409,13.530879,-0.252183,2.475344,0.982454,1.846673,-0.642568,-0.055514,0.164291,-0.063702,1.081867,,,,,,
sample,738,drone,,18.426377,13.555391,-0.206024,2.459280,0.980819,1.850104,-0.643920,-0.075489,0.110515,-0.044595,1.083326,,,,,,
sample,739,drone,,18.451345,13.579857,-0.159796,2.443189,0.978685,1.852192,-0.644795,-0.095463,0.056740,-0.025489,1.084693,,,,,,
sample,740,drone,,18.476313,13.604263,-0.113533,2.427082,0.976052,1.852937,-0.645193,-0.115437,0.002965,-0.006382,1.085971,,,,,,
sample,741,drone,,18.501281,13.628597,-0.067268,2.410971,0.972920,1.852340,-0.645113,-0.135412,-0.050810,0.012724,1.087162,,,,,,
sample,742,drone,,18.526249,13.652847,-0.021034,2.394868,0.969290,1.850400,-0.644557,-0.155386,-0.104585,0.031830,1.088269,,,,,,
sample,743,drone,,18.551217,13.676999,0.025134,2.378784,0.965161,1.847117,-0.643524,-0.175361,-0.158361,0.050937,1.089293,,,,,,
sample,744,drone,,18.576185,13.701043,0.071203,2.362733,0.960533,1.842492,-0.642014,-0.195335,-0.212136,0.070043,1.090236,,,,,,
sample,745,drone,,18.601153,13.724965,0.117140,2.346725,0.955407,1.836524,-0.640026,-0.215309,-0.265911,0.089150,1.091100,,,,,,
sample,746,drone,,18.626121,13.748752,0.162912,2.330772,0.949782,1.829214,-0.637562,-0.235284,-0.319686,0.108256,1.091884,,,,,,
sample,747,drone,,18.651089,13.772393,0.208484,2.314887,0.943658,1.820560,-0.634620,-0.255258,-0.373461,0.127363,1.092590,,,,,,
sample,748,drone,,18.676057,13.795875,0.253823,2.299082,0.937035,1.810564,-0.631202,-0.275233,-0.427237,0.146469,1.093217,,,,,,
sample,749,drone,,18.701025,13.819185,0.298896,2.283368,0.929914,1.799226,-0.627306,-0.295207,-0.481012,0.165576,1.093767,,,,,,
sample,750,drone,,18.725993,13.842311,0.343669,2.267757,0.922293,1.786545,-0.622934,-0.315182,-0.534787,0.184682,1.094238,,,,,,
sample,751,drone,,18.750961,13.865240,0.388109,2.252261,0.914175,1.772521,-0.618084,-0.335156,-0.588562,0.203788,1.094630,,,,,,
sample,752,drone,,18.775929,13.887961,0.432182,2.236892,0.905557,1.757154,-0.612757,-0.355130,-0.642337,0.222895,1.094941,,,,,,
sample,753,drone,,18.800897,13.910460,0.475854,2.221662,0.896441,1.740445,-0.606954,-0.375105,-0.696113,0.242001,1.095170,,,,,,
sample,754,drone,,18.825865,13.932726,0.519093,2.206583,0.886826,1.722393,-0.600673,-0.395079,-0.749888,0.261108,1.095316,,,,,,
sample,755,drone,,18.850833,13.954745,0.561864,2.191667,0.876712,1.702999,-0.593915,-0.415054,-0.803663,0.280214,1.095375,,,,,,
sample,756,drone,,18.875801,13.976505,0.604134,2.176926,0.866100,1.682261,-0.586680,-0.435028,-0.857438,0.299321,1.095345,,,,,,
sample,757,drone,,18.900769,13.997994,0.645869,2.162371,0.854989,1.660182,-0.578968,-0.455002,-0.911213,0.318427,1.095223,,,,,,
sample,758,drone,,18.925737,14.019200,0.687037,2.148014,0.843379,1.636759,-0.570779,-0.474977,-0.964989,0.337533,1.095005,,,,,,
sample,759,drone,,18.950705,14.040109,0.727602,2.133868,0.831270,1.611994,-0.562113,-0.494951,-1.018764,0.356640,1.094685,,,,,,
sample,760,drone,,18.975673,14.060710,0.767533,2.119945,0.818663,1.585886,-0.552970,-0.514926,-1.072539,0.375746,1.094259,,,,,,
sample,761,drone,,19.000641,14.080990,0.806795,2.106255,0.805557,1.558436,-0.543350,-0.534900,-1.126314,0.394853,1.093720,,,,,,
sample,762,drone,,19.025609,14.100936,0.845355,2.092812,0.791952,1.529642,-0.533252,-0.554874,-1.180089,0.413959,1.093060,,,,,,
sample,763,drone,,19.050577,14.120537,0.883179,2.079627,0.777849,1.499507,-0.522678,-0.574849,-1.233865,0.433066,1.092272,,,,,,
sample,764,drone,,19.075545,14.139779,0.920234,2.066711,0.763247,1.468028,-0.511627,-0.594823,-1.287640,0.452172,1.091346,,,,,,
sample,765,drone,,19.100513,14.158650,0.956487,2.054078,0.748146,1.435207,-0.500099,-0.614798,-1.341415,0.471279,1.090270,,,,,,
sample,766,drone,,19.125481,14.177138,0.991903,2.041738,0.732546,1.401043,-0.488093,-0.634772,-1.395190,0.490385,1.089030,,,,,,
sample,767,drone,,19.150449,14.195231,1.026449,2.029705,0.716448,1.365537,-0.475611,-0.654747,-1.448965,0.509491,1.087613,,,,,,
sample,768,drone,,19.175417,14.212915,1.060092,2.017988,0.699851,1.328688,-0.462651,-0.674721,-1.502741,0.528598,1.085999,,,,,,
sample,769,drone,,19.200385,14.230178,1.092799,2.006602,0.682755,1.290496,-0.449215,-0.694695,-1.556516,0.547704,1.084169,,,,,,
sample,770,drone,,19.225353,14.247009,1.124534,1.995556,0.665160,1.250962,-0.435301,-0.714670,-1.610291,0.566811,1.082097,,,,,,
sample,771,drone,,19.250321,14.263394,1.155267,1.984864,0.647067,1.210085,-0.420910,-0.734644,-1.664066,0.585917,1.079753,,,,,,
sample,772,drone,,19.275289,14.279321,1.184961,1.974538,0.628475,1.167865,-0.406043,-0.754619,-1.717841,0.605024,1.077104,,,,,,
sample,773,drone,,19.300257,14.294777,1.213585,1.964588,0.609384,1.124303,-0.390698,-0.774593,-1.771617,0.624130,1.074107,,,,,,
sample,774,drone,,19.325225,14.309751,1.241104,1.955028,0.589795,1.079397,-0.374876,-0.794567,-1.825392,0.643236,1.070712,,,,,,
sample,775,drone,,19.350193,14.324229,1.267486,1.945869,0.569707,1.033150,-0.358577,-0.814542,-1.879167,0.662343,1.066858,,,,,,
sample,776,drone,,19.375161,14.338200,1.292696,1.937122,0.549120,0.985559,-0.341801,-0.834516,-1.932942,0.681449,1.062468,,,,,,
sample,777,drone,,19.400129,14.351650,1.316701,1.928800,0.528035,0.936626,-0.324548,-0.854491,-1.986717,0.700556,1.057449,,,,,,
sample,778,drone,,19.425097,14.364568,1.339467,1.920915,0.506450,0.886351,-0.306818,-0.874465,-2.040493,0.719662,1.051681,,,,,,
sample,779,drone,,19.450065,14.376940,1.360961,1.913479,0.484367,0.834732,-0.288611,-0.894439,-2.094268,0.738769,1.045013,,,,,,
sample,780,drone,,19.475033,14.388755,1.381150,1.906503,0.461786,0.781771,-0.269927,-0.680817,-1.597588,0.563630,1.037250,,,,,,
sample,781,drone,,19.500001,14.400000,1.400000,1.900000,0.450370,0.754955,-0.260466,-0.457207,-1.074022,0.378938,1.032916,,,,,,
