section,index,name,chart_id,t,x,y,z,vx,vy,vz,ax,ay,az,yaw,local_u,local_v,plane_error,boundary_margin,chart_contains,contains
crossing,1,G1,11,1.202980,2.091297,-0.376420,1.384222,,,,,,,,-0.255598,0.014105,0.000000000,0.335262953,True,True
crossing,2,G6,11,3.856295,4.343939,3.119935,2.411458,,,,,,,,-0.335043,0.026054,0.000000000,0.235772282,True,True
crossing,3,G3,1,8.015629,5.795040,-2.036430,1.398766,,,,,,,,0.784592,0.164021,0.000000000,0.154848321,True,True
crossing,4,G2,4,11.931235,8.443359,2.568739,2.452925,,,,,,,,-0.620892,-0.046722,0.000000000,0.142107533,True,True
crossing,5,G5,5,13.857115,10.240214,2.340998,1.470249,,,,,,,,0.226816,0.403430,0.000000000,0.180088724,True,True
crossing,6,G4,0,17.196956,12.416430,-1.843449,2.806871,,,,,,,,0.312677,-0.449695,0.000000000,0.147874354,True,True
sample,0,drone,,0.000000,0.000000,-1.400000,1.200000,1.011037,0.487908,0.086659,2.132240,0.777492,0.095688,0.449616,,,,,,
sample,1,drone,,0.024979,0.025254,-1.387813,1.202165,1.064298,0.507329,0.089049,3.149138,1.150985,0.142256,0.444817,,,,,,
sample,2,drone,,0.049958,0.053170,-1.374655,1.204449,1.168360,0.545408,0.093765,4.067589,1.493973,0.186274,0.436749,,,,,,
sample,3,drone,,0.074936,0.083623,-1.360565,1.206849,1.267505,0.581964,0.098355,3.870697,1.432963,0.181171,0.430430,,,,,,
sample,4,drone,,0.099915,0.116491,-1.345582,1.209362,1.361731,0.616995,0.102816,3.673805,1.371953,0.176069,0.425426,,,,,,
sample,5,drone,,0.124894,0.151652,-1.329742,1.211985,1.451039,0.650503,0.107151,3.476913,1.310942,0.170967,0.421441,,,,,,
sample,6,drone,,0.149873,0.188981,-1.313084,1.214715,1.535429,0.682487,0.111357,3.280021,1.249932,0.165864,0.418265,,,,,,
sample,7,drone,,0.174851,0.228358,-1.295647,1.217548,1.614901,0.712947,0.115437,3.083129,1.188922,0.160762,0.415746,,,,,,
sample,8,drone,,0.199830,0.269658,-1.277467,1.220482,1.689454,0.741882,0.119389,2.886238,1.127911,0.155660,0.413774,,,,,,
sample,9,drone,,0.224809,0.312759,-1.258584,1.223513,1.759090,0.769294,0.123213,2.689346,1.066901,0.150558,0.412264,,,,,,
sample,10,drone,,0.249788,0.357537,-1.239035,1.226638,1.823807,0.795182,0.126910,2.492454,1.005891,0.145455,0.411152,,,,,,
sample,11,drone,,0.274766,0.403871,-1.218859,1.229853,1.883607,0.819546,0.130480,2.295562,0.944880,0.140353,0.410389,,,,,,
sample,12,drone,,0.299745,0.451638,-1.198093,1.233156,1.938488,0.842386,0.133922,2.098670,0.883870,0.135251,0.409939,,,,,,
sample,13,drone,,0.324724,0.500714,-1.176775,1.236543,1.988451,0.863702,0.137236,1.901778,0.822860,0.130148,0.409771,,,,,,
sample,14,drone,,0.349703,0.550976,-1.154944,1.240012,2.033496,0.883494,0.140424,1.704886,0.761849,0.125046,0.409865,,,,,,
sample,15,drone,,0.374681,0.602302,-1.132638,1.243559,2.073623,0.901762,0.143483,1.507994,0.700839,0.119944,0.410203,,,,,,
sample,16,drone,,0.399660,0.654569,-1.109894,1.247180,2.108831,0.918506,0.146416,1.311102,0.639829,0.114841,0.410774,,,,,,
sample,17,drone,,0.424639,0.707654,-1.086752,1.250873,2.139122,0.933726,0.149221,1.114210,0.578818,0.109739,0.411571,,,,,,
sample,18,drone,,0.449618,0.761434,-1.063248,1.254635,2.164495,0.947422,0.151898,0.917319,0.517808,0.104637,0.412587,,,,,,
sample,19,drone,,0.474596,0.815787,-1.039421,1.258462,2.184949,0.959595,0.154448,0.720427,0.456798,0.099535,0.413823,,,,,,
sample,20,drone,,0.499575,0.870589,-1.015309,1.262351,2.200485,0.970243,0.156871,0.523535,0.395787,0.094432,0.415279,,,,,,
sample,21,drone,,0.524554,0.925717,-0.990950,1.266298,2.211104,0.979367,0.159166,0.326643,0.334777,0.089330,0.416960,,,,,,
sample,22,drone,,0.549533,0.981050,-0.966382,1.270302,2.216804,0.986968,0.161333,0.129751,0.273767,0.084228,0.418873,,,,,,
sample,23,drone,,0.574511,1.036463,-0.941643,1.274358,2.217586,0.993044,0.163373,-0.067141,0.212756,0.079125,0.421026,,,,,,
sample,24,drone,,0.599490,1.091835,-0.916772,1.278464,2.213449,0.997596,0.165286,-0.264033,0.151746,0.074023,0.423434,,,,,,
sample,25,drone,,0.624469,1.147042,-0.891806,1.282616,2.204395,1.000625,0.167071,-0.460925,0.090736,0.068921,0.426111,,,,,,
sample,26,drone,,0.649448,1.201961,-0.866783,1.286810,2.190423,1.002129,0.168729,-0.657817,0.029725,0.063819,0.429077,,,,,,
sample,27,drone,,0.674426,1.256470,-0.841742,1.291045,2.171532,1.002110,0.170260,-0.854709,-0.031285,0.058716,0.432356,,,,,,
sample,28,drone,,0.699405,1.310445,-0.816720,1.295316,2.147724,1.000566,0.171663,-1.051600,-0.092295,0.053614,0.435975,,,,,,
sample,29,drone,,0.724384,1.363765,-0.791756,1.299621,2.118997,0.997499,0.172938,-1.248492,-0.153306,0.048512,0.439968,,,,,,
sample,30,drone,,0.749363,1.416305,-0.766888,1.303956,2.085352,0.992908,0.174086,-1.445384,-0.214316,0.043409,0.444373,,,,,,
sample,31,drone,,0.774341,1.467944,-0.742153,1.308318,2.046789,0.986792,0.175107,-1.642276,-0.275326,0.038307,0.449239,,,,,,
sample,32,drone,,0.799320,1.518558,-0.717590,1.312704,2.003308,0.979153,0.176000,-1.839168,-0.336336,0.033205,0.454622,,,,,,
sample,33,drone,,0.824299,1.568024,-0.693237,1.317110,1.954909,0.969990,0.176766,-2.036060,-0.397347,0.028102,0.460588,,,,,,
sample,34,drone,,0.849278,1.616220,-0.669132,1.321534,1.901592,0.959302,0.177404,-2.232952,-0.458357,0.023000,0.467220,,,,,,
sample,35,drone,,0.874256,1.663023,-0.645313,1.325973,1.843356,0.947091,0.177915,-2.429844,-0.519367,0.017898,0.474616,,,,,,
sample,36,drone,,0.899235,1.708310,-0.621818,1.330422,1.780203,0.933356,0.178298,-2.626736,-0.580378,0.012796,0.482896,,,,,,
sample,37,drone,,0.924214,1.751957,-0.598685,1.334880,1.712131,0.918097,0.178554,-2.823628,-0.641388,0.007693,0.492210,,,,,,
sample,38,drone,,0.949193,1.793843,-0.575952,1.339343,1.639141,0.901314,0.178682,-3.020520,-0.702398,0.002591,0.502743,,,,,,
sample,39,drone,,0.974171,1.833845,-0.553657,1.343807,1.561233,0.883007,0.178683,-3.217411,-0.763409,-0.002511,0.514728,,,,,,
sample,40,drone,,0.999150,1.871839,-0.531839,1.348269,1.478407,0.863176,0.178557,-3.414303,-0.824419,-0.007614,0.528464,,,,,,
sample,41,drone,,1.024129,1.907702,-0.510535,1.352727,1.390663,0.841821,0.178303,-3.611195,-0.885429,-0.012716,0.544335,,,,,,
sample,42,drone,,1.049108,1.941313,-0.489784,1.357177,1.298001,0.818942,0.177922,-3.808087,-0.946440,-0.017818,0.562849,,,,,,
sample,43,drone,,1.074086,1.972547,-0.469623,1.361615,1.200421,0.794539,0.177413,-4.004979,-1.007450,-0.022920,0.584684,,,,,,
sample,44,drone,,1.099065,2.001283,-0.450090,1.366040,1.097922,0.768612,0.176777,-4.201871,-1.068460,-0.028023,0.610767,,,,,,
sample,45,drone,,1.124044,2.027397,-0.431225,1.370447,0.990506,0.741162,0.176013,-4.398763,-1.129471,-0.033125,0.642390,,,,,,
sample,46,drone,,1.149023,2.050766,-0.413064,1.374833,0.878171,0.712187,0.175122,-4.595655,-1.190481,-0.038227,0.681406,,,,,,
sample,47,drone,,1.174001,2.071268,-0.395646,1.379195,0.760918,0.681688,0.174103,-4.278307,-0.948544,0.014974,0.730532,,,,,,
sample,48,drone,,1.198980,2.088780,-0.379008,1.383531,0.664438,0.664800,0.175870,-2.496243,0.143529,0.230276,0.785671,,,,,,
sample,49,drone,,1.223959,2.104462,-0.362434,1.387981,0.636212,0.688859,0.185607,-0.214370,1.494776,0.491280,0.825108,,,,,,
sample,50,drone,,1.248938,2.120563,-0.344595,1.392803,0.653728,0.739475,0.200413,0.711431,2.014770,0.588470,0.846867,,,,,,
sample,51,drone,,1.273916,2.137120,-0.325492,1.397994,0.671754,0.789511,0.215006,0.713333,1.980528,0.577816,0.865811,,,,,,
sample,52,drone,,1.298895,2.154122,-0.305153,1.403544,0.689364,0.838418,0.229279,0.696740,1.935293,0.565036,0.882652,,,,,,
sample,53,drone,,1.323874,2.171559,-0.283606,1.409448,0.706561,0.886194,0.243233,0.680148,1.890059,0.552255,0.897705,,,,,,
sample,54,drone,,1.348853,2.189420,-0.260881,1.415696,0.723343,0.932840,0.256868,0.663555,1.844825,0.539475,0.911224,,,,,,
sample,55,drone,,1.373831,2.207696,-0.237004,1.422280,0.739710,0.978357,0.270184,0.646962,1.799591,0.526694,0.923419,,,,,,
sample,56,drone,,1.398810,2.226374,-0.212004,1.429193,0.755664,1.022743,0.283181,0.630370,1.754356,0.513914,0.934463,,,,,,
sample,57,drone,,1.423789,2.245447,-0.185910,1.436427,0.771202,1.066000,0.295858,0.613777,1.709122,0.501134,0.944502,,,,,,
sample,58,drone,,1.448768,2.264902,-0.158750,1.443974,0.786326,1.108127,0.308216,0.597184,1.663888,0.488353,0.953657,,,,,,
sample,59,drone,,1.473747,2.284730,-0.130551,1.451825,0.801036,1.149124,0.320255,0.580592,1.618654,0.475573,0.962030,,,,,,
sample,60,drone,,1.498725,2.304920,-0.101342,1.459973,0.815331,1.188991,0.331975,0.563999,1.573419,0.462792,0.969709,,,,,,
sample,61,drone,,1.523704,2.325461,-0.071152,1.468410,0.829212,1.227728,0.343375,0.547406,1.528185,0.450012,0.976769,,,,,,
sample,62,drone,,1.548683,2.346345,-0.040008,1.477127,0.842678,1.265335,0.354456,0.530814,1.482951,0.437231,0.983274,,,,,,
sample,63,drone,,1.573662,2.367560,-0.007939,1.486117,0.855730,1.301812,0.365218,0.514221,1.437716,0.424451,0.989280,,,,,,
sample,64,drone,,1.598640,2.389095,0.025027,1.495372,0.868367,1.337160,0.375661,0.497628,1.392482,0.411670,0.994835,,,,,,
sample,65,drone,,1.623619,2.410941,0.058862,1.504884,0.880590,1.371377,0.385784,0.481035,1.347248,0.398890,0.999980,,,,,,
sample,66,drone,,1.648598,2.433087,0.093538,1.514645,0.892399,1.404465,0.395588,0.464443,1.302014,0.386109,1.004752,,,,,,
sample,67,drone,,1.673577,2.455523,0.129026,1.524647,0.903793,1.436423,0.405073,0.447850,1.256779,0.373329,1.009185,,,,,,
sample,68,drone,,1.698555,2.478238,0.165298,1.534882,0.914772,1.467250,0.414239,0.431257,1.211545,0.360549,1.013305,,,,,,
sample,69,drone,,1.723534,2.501223,0.202326,1.545341,0.925337,1.496948,0.423085,0.414665,1.166311,0.347768,1.017139,,,,,,
sample,70,drone,,1.748513,2.524466,0.240082,1.556018,0.935488,1.525516,0.431612,0.398072,1.121077,0.334988,1.020708,,,,,,
sample,71,drone,,1.773492,2.547957,0.278537,1.566904,0.945224,1.552955,0.439820,0.381479,1.075842,0.322207,1.024032,,,,,,
sample,72,drone,,1.798470,2.571687,0.317663,1.577990,0.954546,1.579263,0.447709,0.364887,1.030608,0.309427,1.027130,,,,,,
sample,73,drone,,1.823449,2.595644,0.357433,1.589270,0.963453,1.604441,0.455278,0.348294,0.985374,0.296646,1.030016,,,,,,
sample,74,drone,,1.848428,2.619819,0.397817,1.600735,0.971946,1.628490,0.462529,0.331701,0.940139,0.283866,1.032705,,,,,,
sample,75,drone,,1.873407,2.644200,0.438788,1.612377,0.980024,1.651408,0.469460,0.315109,0.894905,0.271085,1.035209,,,,,,
sample,76,drone,,1.898385,2.668778,0.480317,1.624188,0.987688,1.673197,0.476071,0.298516,0.849671,0.258305,1.037540,,,,,,
sample,77,drone,,1.923364,2.693543,0.522377,1.636160,0.994937,1.693856,0.482364,0.281923,0.804437,0.245524,1.039708,,,,,,
sample,78,drone,,1.948343,2.718483,0.564938,1.648286,1.001772,1.713385,0.488337,0.265331,0.759202,0.232744,1.041722,,,,,,
sample,79,drone,,1.973322,2.743589,0.607973,1.660556,1.008192,1.731784,0.493991,0.248738,0.713968,0.219964,1.043590,,,,,,
sample,80,drone,,1.998300,2.768850,0.651454,1.672964,1.014198,1.749053,0.499326,0.232145,0.668734,0.207183,1.045321,,,,,,
sample,81,drone,,2.023279,2.794255,0.695352,1.685501,1.019790,1.765192,0.504342,0.215553,0.623500,0.194403,1.046919,,,,,,
sample,82,drone,,2.048258,2.819796,0.739638,1.698160,1.024967,1.780201,0.509038,0.198960,0.578265,0.181622,1.048392,,,,,,
sample,83,drone,,2.073237,2.845460,0.784286,1.710932,1.029729,1.794081,0.513415,0.182367,0.533031,0.168842,1.049745,,,,,,
sample,84,drone,,2.098215,2.871238,0.829266,1.723809,1.034077,1.806830,0.517473,0.165775,0.487797,0.156061,1.050982,,,,,,
sample,85,drone,,2.123194,2.897120,0.874551,1.736783,1.038011,1.818450,0.521211,0.149182,0.442563,0.143281,1.052108,,,,,,
sample,86,drone,,2.148173,2.923095,0.920111,1.749847,1.041530,1.828939,0.524631,0.132589,0.397328,0.130500,1.053126,,,,,,
sample,87,drone,,2.173152,2.949152,0.965920,1.762992,1.044635,1.838299,0.527731,0.115997,0.352094,0.117720,1.054041,,,,,,
sample,88,drone,,2.198130,2.975282,1.011948,1.776211,1.047325,1.846529,0.530512,0.099404,0.306860,0.104939,1.054855,,,,,,
sample,89,drone,,2.223109,3.001474,1.058168,1.789496,1.049601,1.853629,0.532973,0.082811,0.261625,0.092159,1.055570,,,,,,
sample,90,drone,,2.248088,3.027718,1.104551,1.802837,1.051462,1.859599,0.535116,0.066219,0.216391,0.079379,1.056188,,,,,,
sample,91,drone,,2.273067,3.054002,1.151069,1.816229,1.052909,1.864439,0.536939,0.049626,0.171157,0.066598,1.056713,,,,,,
sample,92,drone,,2.298045,3.080318,1.197694,1.829661,1.053941,1.868150,0.538443,0.033033,0.125923,0.053818,1.057144,,,,,,
sample,93,drone,,2.323024,3.106655,1.244397,1.843128,1.054559,1.870730,0.539628,0.016441,0.080688,0.041037,1.057484,,,,,,
sample,94,drone,,2.348003,3.133001,1.291151,1.856620,1.054762,1.872181,0.540493,-0.000152,0.035454,0.028257,1.057733,,,,,,
sample,95,drone,,2.372982,3.159348,1.337927,1.870130,1.054551,1.872501,0.541039,-0.016745,-0.009780,0.015476,1.057892,,,,,,
sample,96,drone,,2.397960,3.185684,1.384696,1.883649,1.053926,1.871692,0.541266,-0.033338,-0.055014,0.002696,1.057961,,,,,,
sample,97,drone,,2.422939,3.212000,1.431432,1.897170,1.052886,1.869753,0.541174,-0.049930,-0.100249,-0.010085,1.057940,,,,,,
sample,98,drone,,2.447918,3.238284,1.478105,1.910685,1.051432,1.866684,0.540762,-0.066523,-0.145483,-0.022865,1.057828,,,,,,
sample,99,drone,,2.472897,3.264526,1.524687,1.924185,1.049563,1.862485,0.540032,-0.083116,-0.190717,-0.035646,1.057626,,,,,,
sample,100,drone,,2.497875,3.290717,1.571150,1.937663,1.047279,1.857156,0.538982,-0.099708,-0.235952,-0.048426,1.057332,,,,,,
sample,101,drone,,2.522854,3.316846,1.617465,1.951111,1.044581,1.850698,0.537612,-0.116301,-0.281186,-0.061206,1.056945,,,,,,
sample,102,drone,,2.547833,3.342902,1.663606,1.964521,1.041469,1.843109,0.535924,-0.132894,-0.326420,-0.073987,1.056463,,,,,,
sample,103,drone,,2.572812,3.368875,1.709543,1.977885,1.037942,1.834390,0.533916,-0.149486,-0.371654,-0.086767,1.055885,,,,,,
sample,104,drone,,2.597790,3.394755,1.755247,1.991194,1.034001,1.824542,0.531589,-0.166079,-0.416889,-0.099548,1.055208,,,,,,
sample,105,drone,,2.622769,3.420531,1.800692,2.004441,1.029646,1.813564,0.528943,-0.182672,-0.462123,-0.112328,1.054430,,,,,,
sample,106,drone,,2.647748,3.446194,1.845849,2.017619,1.024875,1.801456,0.525978,-0.199264,-0.507357,-0.125109,1.053547,,,,,,
sample,107,drone,,2.672727,3.471731,1.890688,2.030718,1.019691,1.788217,0.522693,-0.215857,-0.552591,-0.137889,1.052556,,,,,,
sample,108,drone,,2.697705,3.497135,1.935183,2.043731,1.014092,1.773849,0.519089,-0.232450,-0.597826,-0.150670,1.051453,,,,,,
sample,109,drone,,2.722684,3.522393,1.979306,2.056650,1.008078,1.758352,0.515166,-0.249042,-0.643060,-0.163450,1.050234,,,,,,
sample,110,drone,,2.747663,3.547496,2.023026,2.069468,1.001650,1.741724,0.510923,-0.265635,-0.688294,-0.176231,1.048893,,,,,,
sample,111,drone,,2.772642,3.572433,2.066318,2.082175,0.994808,1.723966,0.506362,-0.282228,-0.733529,-0.189011,1.047426,,,,,,
sample,112,drone,,2.797620,3.597194,2.109151,2.094764,0.987551,1.705078,0.501481,-0.298820,-0.778763,-0.201792,1.045825,,,,,,
sample,113,drone,,2.822599,3.621769,2.151499,2.107228,0.979879,1.685061,0.496281,-0.315413,-0.823997,-0.214572,1.044084,,,,,,
sample,114,drone,,2.847578,3.646146,2.193333,2.119557,0.971794,1.663914,0.490761,-0.332006,-0.869231,-0.227352,1.042194,,,,,,
sample,115,drone,,2.872557,3.670317,2.234624,2.131745,0.963293,1.641636,0.484923,-0.348598,-0.914466,-0.240133,1.040148,,,,,,
sample,116,drone,,2.897536,3.694270,2.275345,2.143783,0.954378,1.618229,0.478765,-0.365191,-0.959700,-0.252913,1.037935,,,,,,
sample,117,drone,,2.922514,3.717995,2.315467,2.155663,0.945049,1.593692,0.472288,-0.381784,-1.004934,-0.265694,1.035545,,,,,,
sample,118,drone,,2.947493,3.741482,2.354962,2.167377,0.935305,1.568025,0.465492,-0.398376,-1.050168,-0.278474,1.032964,,,,,,
sample,119,drone,,2.972472,3.764721,2.393801,2.178917,0.925147,1.541228,0.458376,-0.414969,-1.095403,-0.291255,1.030181,,,,,,
sample,120,drone,,2.997451,3.787700,2.431958,2.190276,0.914575,1.513302,0.450941,-0.431562,-1.140637,-0.304035,1.027179,,,,,,
sample,121,drone,,3.022429,3.810411,2.469402,2.201445,0.903588,1.484245,0.443187,-0.448154,-1.185871,-0.316816,1.023942,,,,,,
sample,122,drone,,3.047408,3.832841,2.506107,2.212417,0.892186,1.454058,0.435114,-0.464747,-1.231105,-0.329596,1.020449,,,,,,
sample,123,drone,,3.072387,3.854982,2.542043,2.223183,0.880370,1.422742,0.426721,-0.481340,-1.276340,-0.342377,1.016679,,,,,,
sample,124,drone,,3.097366,3.876822,2.577184,2.233735,0.868139,1.390296,0.418010,-0.497932,-1.321574,-0.355157,1.012609,,,,,,
sample,125,drone,,3.122344,3.898352,2.611499,2.244065,0.855494,1.356719,0.408979,-0.514525,-1.366808,-0.367937,1.008208,,,,,,
sample,126,drone,,3.147323,3.919561,2.644962,2.254166,0.842435,1.322013,0.399628,-0.531118,-1.412043,-0.380718,1.003446,,,,,,
sample,127,drone,,3.172302,3.940438,2.677544,2.264030,0.828961,1.286177,0.389959,-0.547711,-1.457277,-0.393498,0.998286,,,,,,
sample,128,drone,,3.197281,3.960974,2.709216,2.273648,0.815073,1.249211,0.379970,-0.564303,-1.502511,-0.406279,0.992687,,,,,,
sample,129,drone,,3.222259,3.981157,2.739951,2.283012,0.800770,1.211116,0.369662,-0.580896,-1.547745,-0.419059,0.986599,,,,,,
sample,130,drone,,3.247238,4.000978,2.769720,2.292115,0.786053,1.171890,0.359035,-0.597489,-1.592980,-0.431840,0.979968,,,,,,
sample,131,drone,,3.272217,4.020426,2.798496,2.300949,0.770921,1.131534,0.348089,-0.614081,-1.638214,-0.444620,0.972727,,,,,,
sample,132,drone,,3.297196,4.039491,2.826249,2.309505,0.755375,1.090049,0.336823,-0.630674,-1.683448,-0.457401,0.964802,,,,,,
sample,133,drone,,3.322174,4.058163,2.852952,2.317775,0.739414,1.047433,0.325238,-0.647267,-1.728682,-0.470181,0.956102,,,,,,
sample,134,drone,,3.347153,4.076431,2.878576,2.325753,0.723039,1.003688,0.313334,-0.663859,-1.773917,-0.482962,0.946522,,,,,,
sample,135,drone,,3.372132,4.094284,2.903094,2.333429,0.706249,0.958813,0.301110,-0.680452,-1.819151,-0.495742,0.935935,,,,,,
sample,136,drone,,3.397111,4.111713,2.926476,2.340796,0.689045,0.912808,0.288568,-0.697045,-1.864385,-0.508522,0.924190,,,,,,
sample,137,drone,,3.422089,4.128707,2.948695,2.347845,0.671427,0.865673,0.275706,-0.713637,-1.909620,-0.521303,0.911104,,,,,,
sample,138,drone,,3.447068,4.145256,2.969723,2.354569,0.653394,0.817408,0.262525,-0.730230,-1.954854,-0.534083,0.896453,,,,,,
sample,139,drone,,3.472047,4.161349,2.989531,2.360960,0.634946,0.768013,0.249024,-0.746823,-2.000088,-0.546864,0.879963,,,,,,
sample,140,drone,,3.497026,4.176976,3.008091,2.367010,0.616084,0.717489,0.235205,-0.763415,-2.045322,-0.559644,0.861292,,,,,,
sample,141,drone,,3.522004,4.192127,3.025375,2.372710,0.596808,0.665834,0.221066,-0.780008,-2.090557,-0.572425,0.840012,,,,,,
sample,142,drone,,3.546983,4.206791,3.041354,2.378054,0.577117,0.613050,0.206608,-0.796601,-2.135791,-0.585205,0.815580,,,,,,
sample,143,drone,,3.571962,4.220958,3.056001,2.383032,0.557012,0.559135,0.191831,-0.813193,-2.181025,-0.597986,0.787301,,,,,,
sample,144,drone,,3.596941,4.234618,3.069287,2.387637,0.536492,0.504091,0.176734,-0.829786,-2.226259,-0.610766,0.754271,,,,,,
sample,145,drone,,3.621919,4.247760,3.081184,2.391861,0.515558,0.447917,0.161318,-0.846379,-2.271494,-0.623547,0.715308,,,,,,
sample,146,drone,,3.646898,4.260374,3.091664,2.395696,0.494209,0.390613,0.145583,-0.862971,-2.316728,-0.636327,0.668848,,,,,,
sample,147,drone,,3.671877,4.272450,3.100699,2.399134,0.472446,0.332179,0.129529,-0.879564,-2.361962,-0.649107,0.612807,,,,,,
sample,148,drone,,3.696856,4.283976,3.108259,2.402167,0.450268,0.272615,0.113155,-0.896157,-2.407196,-0.661888,0.544418,,,,,,
sample,149,drone,,3.721834,4.294944,3.114318,2.404787,0.427676,0.211921,0.096463,-0.912749,-2.452431,-0.674668,0.460056,,,,,,
sample,150,drone,,3.746813,4.305342,3.118846,2.406986,0.404669,0.150098,0.079451,-0.929342,-2.497665,-0.687449,0.355184,,,,,,
sample,151,drone,,3.771792,4.315160,3.121816,2.408756,0.381248,0.087144,0.062119,-0.945935,-2.542899,-0.700229,0.224716,,,,,,
sample,152,drone,,3.796771,4.324388,3.123200,2.410089,0.357413,0.023061,0.044469,-0.962527,-2.588134,-0.713010,0.064433,,,,,,
sample,153,drone,,3.821749,4.333016,3.122968,2.410978,0.333163,-0.042152,0.026499,-0.927408,-2.582549,-0.707077,-0.125853,,,,,,
sample,154,drone,,3.846728,4.341032,3.121094,2.411413,0.311082,-0.105957,0.009145,-0.638841,-2.322453,-0.608184,-0.328283,,,,,,
sample,155,drone,,3.871707,4.348557,3.117675,2.411435,0.301248,-0.158176,-0.003884,-0.176528,-1.873994,-0.442393,-0.483502,,,,,,
sample,156,drone,,3.896686,4.356082,3.113192,2.411219,0.302263,-0.199577,-0.012956,0.059946,-1.628248,-0.353938,-0.583565,,,,,,
sample,157,drone,,3.921664,4.363657,3.107705,2.410787,0.304243,-0.239520,-0.021566,0.078742,-1.589071,-0.342578,-0.666927,,,,,,
sample,158,drone,,3.946643,4.371281,3.101226,2.410142,0.306197,-0.278963,-0.030070,0.077707,-1.569078,-0.338325,-0.738891,,,,,,
sample,159,drone,,3.971622,4.378954,3.093768,2.409285,0.308125,-0.317907,-0.038468,0.076671,-1.549085,-0.334072,-0.801022,,,,,,
sample,160,drone,,3.996601,4.386674,3.085344,2.408220,0.310027,-0.356351,-0.046759,0.075636,-1.529091,-0.329819,-0.854803,,,,,,
sample,161,drone,,4.021579,4.394442,3.075966,2.406949,0.311903,-0.394296,-0.054945,0.074600,-1.509098,-0.325566,-0.901544,,,,,,
sample,162,drone,,4.046558,4.402256,3.065646,2.405475,0.313754,-0.431742,-0.063024,0.073565,-1.489105,-0.321313,-0.942364,,,,,,
sample,163,drone,,4.071537,4.410116,3.054397,2.403801,0.315578,-0.468688,-0.070997,0.072529,-1.469112,-0.317059,-0.978200,,,,,,
sample,164,drone,,4.096516,4.418022,3.042232,2.401928,0.317377,-0.505135,-0.078863,0.071494,-1.449118,-0.312806,-1.009826,,,,,,
sample,165,drone,,4.121494,4.425972,3.029162,2.399861,0.319150,-0.541083,-0.086624,0.070458,-1.429125,-0.308553,-1.037884,,,,,,
sample,166,drone,,4.146473,4.433966,3.015200,2.397601,0.320897,-0.576531,-0.094278,0.069423,-1.409132,-0.304300,-1.062900,,,,,,
sample,167,drone,,4.171452,4.442003,3.000360,2.395151,0.322618,-0.611479,-0.101826,0.068388,-1.389139,-0.300047,-1.085311,,,,,,
sample,168,drone,,4.196431,4.450083,2.984652,2.392514,0.324314,-0.645929,-0.109268,0.067352,-1.369145,-0.295794,-1.105479,,,,,,
sample,169,drone,,4.221409,4.458205,2.968091,2.389692,0.325983,-0.679878,-0.116603,0.066317,-1.349152,-0.291541,-1.123705,,,,,,
sample,170,drone,,4.246388,4.466368,2.950687,2.386689,0.327627,-0.713329,-0.123832,0.065281,-1.329159,-0.287287,-1.140242,,,,,,
sample,171,drone,,4.271367,4.474572,2.932455,2.383506,0.329244,-0.746280,-0.130955,0.064246,-1.309165,-0.283034,-1.155301,,,,,,
sample,172,drone,,4.296346,4.482816,2.913405,2.380146,0.330836,-0.778732,-0.137972,0.063210,-1.289172,-0.278781,-1.169061,,,,,,
sample,173,drone,,4.321325,4.491100,2.893551,2.376613,0.332402,-0.810684,-0.144882,0.062175,-1.269179,-0.274528,-1.181676,,,,,,
sample,174,drone,,4.346303,4.499422,2.872905,2.372908,0.333942,-0.842137,-0.151687,0.061139,-1.249186,-0.270275,-1.193275,,,,,,
sample,175,drone,,4.371282,4.507783,2.851480,2.369035,0.335457,-0.873090,-0.158385,0.060104,-1.229192,-0.266022,-1.203969,,,,,,
sample,176,drone,,4.396261,4.516181,2.829288,2.364996,0.336945,-0.903544,-0.164976,0.059068,-1.209199,-0.261769,-1.213855,,,,,,
sample,177,drone,,4.421240,4.524616,2.806341,2.360793,0.338407,-0.933499,-0.171462,0.058033,-1.189206,-0.257516,-1.223016,,,,,,
sample,178,drone,,4.446218,4.533087,2.782653,2.356430,0.339844,-0.962954,-0.177841,0.056997,-1.169213,-0.253262,-1.231524,,,,,,
sample,179,drone,,4.471197,4.541594,2.758235,2.351909,0.341255,-0.991910,-0.184114,0.055962,-1.149219,-0.249009,-1.239442,,,,,,
sample,180,drone,,4.496176,4.550135,2.733099,2.347232,0.342640,-1.020366,-0.190281,0.054926,-1.129226,-0.244756,-1.246827,,,,,,
sample,181,drone,,4.521155,4.558711,2.707260,2.342403,0.343999,-1.048323,-0.196342,0.053891,-1.109233,-0.240503,-1.253725,,,,,,
sample,182,drone,,4.546133,4.567320,2.680728,2.337424,0.345332,-1.075780,-0.202296,0.052856,-1.089240,-0.236250,-1.260181,,,,,,
sample,183,drone,,4.571112,4.575963,2.653516,2.332297,0.346639,-1.102739,-0.208144,0.051820,-1.069246,-0.231997,-1.266232,,,,,,
sample,184,drone,,4.596091,4.584638,2.625638,2.327025,0.347921,-1.129197,-0.213886,0.050785,-1.049253,-0.227744,-1.271913,,,,,,
sample,185,drone,,4.621070,4.593344,2.597104,2.321611,0.349177,-1.155157,-0.219522,0.049749,-1.029260,-0.223490,-1.277252,,,,,,
sample,186,drone,,4.646048,4.602082,2.567929,2.316058,0.350406,-1.180617,-0.225051,0.048714,-1.009267,-0.219237,-1.282278,,,,,,
sample,187,drone,,4.671027,4.610850,2.538124,2.310368,0.351610,-1.205577,-0.230474,0.047678,-0.989273,-0.214984,-1.287015,,,,,,
sample,188,drone,,4.696006,4.619647,2.507701,2.304544,0.352788,-1.230038,-0.235791,0.046643,-0.969280,-0.210731,-1.291483,,,,,,
sample,189,drone,,4.720985,4.628474,2.476674,2.298589,0.353940,-1.254000,-0.241002,0.045607,-0.949287,-0.206478,-1.295703,,,,,,
sample,190,drone,,4.745963,4.637329,2.445055,2.292505,0.355067,-1.277462,-0.246106,0.044572,-0.929293,-0.202225,-1.299693,,,,,,
sample,191,drone,,4.770942,4.646212,2.412855,2.286294,0.356167,-1.300425,-0.251104,0.043536,-0.909300,-0.197972,-1.303467,,,,,,
sample,192,drone,,4.795921,4.655122,2.380089,2.279960,0.357242,-1.322889,-0.255996,0.042501,-0.889307,-0.193718,-1.307041,,,,,,
sample,193,drone,,4.820900,4.664059,2.346767,2.273505,0.358290,-1.344853,-0.260782,0.041465,-0.869314,-0.189465,-1.310428,,,,,,
sample,194,drone,,4.845878,4.673022,2.312903,2.266932,0.359313,-1.366317,-0.265462,0.040430,-0.849320,-0.185212,-1.313640,,,,,,
sample,195,drone,,4.870857,4.682010,2.278509,2.260243,0.360310,-1.387283,-0.270035,0.039394,-0.829327,-0.180959,-1.316687,,,,,,
sample,196,drone,,4.895836,4.691022,2.243598,2.253442,0.361281,-1.407748,-0.274502,0.038359,-0.809334,-0.176706,-1.319580,,,,,,
sample,197,drone,,4.920815,4.700058,2.208182,2.246530,0.362226,-1.427715,-0.278863,0.037323,-0.789341,-0.172453,-1.322328,,,,,,
sample,198,drone,,4.945793,4.709118,2.172273,2.239510,0.363146,-1.447182,-0.283117,0.036288,-0.769347,-0.168200,-1.324940,,,,,,
sample,199,drone,,4.970772,4.718200,2.135884,2.232386,0.364039,-1.466150,-0.287266,0.035253,-0.749354,-0.163946,-1.327422,,,,,,
sample,200,drone,,4.995751,4.727304,2.099028,2.225159,0.364907,-1.484618,-0.291308,0.034217,-0.729361,-0.159693,-1.329782,,,,,,
sample,201,drone,,5.020730,4.736430,2.061716,2.217833,0.365749,-1.502587,-0.295243,0.033182,-0.709368,-0.155440,-1.332027,,,,,,
sample,202,drone,,5.045708,4.745576,2.023962,2.210410,0.366564,-1.520056,-0.299073,0.032146,-0.689374,-0.151187,-1.334162,,,,,,
sample,203,drone,,5.070687,4.754743,1.985778,2.202892,0.367354,-1.537026,-0.302796,0.031111,-0.669381,-0.146934,-1.336194,,,,,,
sample,204,drone,,5.095666,4.763928,1.947176,2.195283,0.368119,-1.553497,-0.306413,0.030075,-0.649388,-0.142681,-1.338126,,,,,,
sample,205,drone,,5.120645,4.773133,1.908169,2.187584,0.368857,-1.569468,-0.309924,0.029040,-0.629395,-0.138428,-1.339965,,,,,,
sample,206,drone,,5.145623,4.782355,1.868770,2.179800,0.369569,-1.584940,-0.313329,0.028004,-0.609401,-0.134174,-1.341714,,,,,,
sample,207,drone,,5.170602,4.791596,1.828990,2.171931,0.370256,-1.599912,-0.316627,0.026969,-0.589408,-0.129921,-1.343377,,,,,,
sample,208,drone,,5.195581,4.800853,1.788842,2.163982,0.370917,-1.614385,-0.319819,0.025933,-0.569415,-0.125668,-1.344958,,,,,,
sample,209,drone,,5.220560,4.810126,1.748339,2.155954,0.371552,-1.628359,-0.322905,0.024898,-0.549421,-0.121415,-1.346461,,,,,,
sample,210,drone,,5.245538,4.819414,1.707493,2.147850,0.372161,-1.641833,-0.325885,0.023862,-0.529428,-0.117162,-1.347889,,,,,,
sample,211,drone,,5.270517,4.828718,1.666317,2.139674,0.372744,-1.654807,-0.328759,0.022827,-0.509435,-0.112909,-1.349245,,,,,,
sample,212,drone,,5.295496,4.838036,1.624823,2.131426,0.373301,-1.667283,-0.331526,0.021791,-0.489442,-0.108656,-1.350531,,,,,,
sample,213,drone,,5.320475,4.847367,1.583024,2.123111,0.373832,-1.679259,-0.334187,0.020756,-0.469448,-0.104402,-1.351751,,,,,,
sample,214,drone,,5.345453,4.856711,1.540932,2.114731,0.374338,-1.690735,-0.336741,0.019721,-0.449455,-0.100149,-1.352906,,,,,,
sample,215,drone,,5.370432,4.866068,1.498559,2.106289,0.374818,-1.701712,-0.339190,0.018685,-0.429462,-0.095896,-1.353999,,,,,,
sample,216,drone,,5.395411,4.875436,1.455918,2.097786,0.375271,-1.712190,-0.341532,0.017650,-0.409469,-0.091643,-1.355032,,,,,,
sample,217,drone,,5.420390,4.884816,1.413022,2.089227,0.375699,-1.722168,-0.343768,0.016614,-0.389475,-0.087390,-1.356007,,,,,,
sample,218,drone,,5.445368,4.894205,1.369883,2.080612,0.376101,-1.731647,-0.345898,0.015579,-0.369482,-0.083137,-1.356925,,,,,,
sample,219,drone,,5.470347,4.903605,1.326513,2.071946,0.376478,-1.740627,-0.347921,0.014543,-0.349489,-0.078884,-1.357789,,,,,,
sample,220,drone,,5.495326,4.913013,1.282926,2.063231,0.376828,-1.749107,-0.349839,0.013508,-0.329496,-0.074631,-1.358599,,,,,,
sample,221,drone,,5.520305,4.922430,1.239132,2.054469,0.377152,-1.757088,-0.351650,0.012472,-0.309502,-0.070377,-1.359358,,,,,,
sample,222,drone,,5.545283,4.931855,1.195146,2.045664,0.377451,-1.764569,-0.353355,0.011437,-0.289509,-0.066124,-1.360067,,,,,,
sample,223,drone,,5.570262,4.941287,1.150979,2.036817,0.377724,-1.771551,-0.354953,0.010401,-0.269516,-0.061871,-1.360726,,,,,,
sample,224,drone,,5.595241,4.950725,1.106644,2.027931,0.377971,-1.778033,-0.356446,0.009366,-0.249523,-0.057618,-1.361336,,,,,,
sample,225,drone,,5.620220,4.960169,1.062153,2.019009,0.378192,-1.784016,-0.357832,0.008330,-0.229529,-0.053365,-1.361900,,,,,,
sample,226,drone,,5.645199,4.969618,1.017519,2.010055,0.378387,-1.789500,-0.359112,0.007295,-0.209536,-0.049112,-1.362417,,,,,,
sample,227,drone,,5.670177,4.979072,0.972754,2.001069,0.378556,-1.794484,-0.360285,0.006259,-0.189543,-0.044859,-1.362889,,,,,,
sample,228,drone,,5.695156,4.988530,0.927871,1.992056,0.378699,-1.798969,-0.361353,0.005224,-0.169550,-0.040605,-1.363317,,,,,,
sample,229,drone,,5.720135,4.997991,0.882882,1.983017,0.378817,-1.802954,-0.362314,0.004189,-0.149556,-0.036352,-1.363700,,,,,,
sample,230,drone,,5.745114,5.007455,0.837800,1.973955,0.378909,-1.806440,-0.363169,0.003153,-0.129563,-0.032099,-1.364039,,,,,,
sample,231,drone,,5.770092,5.016921,0.792637,1.964874,0.378975,-1.809427,-0.363917,0.002118,-0.109570,-0.027846,-1.364336,,,,,,
sample,232,drone,,5.795071,5.026388,0.747405,1.955775,0.379014,-1.811914,-0.364560,0.001082,-0.089576,-0.023593,-1.364591,,,,,,
sample,233,drone,,5.820050,5.035855,0.702118,1.946661,0.379029,-1.813902,-0.365096,0.000047,-0.069583,-0.019340,-1.364803,,,,,,
sample,234,drone,,5.845029,5.045323,0.656787,1.937536,0.379017,-1.815390,-0.365526,-0.000989,-0.049590,-0.015087,-1.364973,,,,,,
sample,235,drone,,5.870007,5.054790,0.611425,1.928401,0.378979,-1.816379,-0.365850,-0.002024,-0.029597,-0.010833,-1.365102,,,,,,
sample,236,drone,,5.894986,5.064256,0.566045,1.919259,0.378916,-1.816869,-0.366067,-0.003060,-0.009603,-0.006580,-1.365189,,,,,,
sample,237,drone,,5.919965,5.073720,0.520659,1.910113,0.378826,-1.816859,-0.366178,-0.004095,0.010390,-0.002327,-1.365235,,,,,,
sample,238,drone,,5.944944,5.083181,0.475280,1.900965,0.378711,-1.816350,-0.366183,-0.005131,0.030383,0.001926,-1.365240,,,,,,
sample,239,drone,,5.969922,5.092639,0.429919,1.891819,0.378570,-1.815341,-0.366082,-0.006166,0.050376,0.006179,-1.365204,,,,,,
sample,240,drone,,5.994901,5.102093,0.384590,1.882677,0.378403,-1.813833,-0.365875,-0.007202,0.070370,0.010432,-1.365126,,,,,,
sample,241,drone,,6.019880,5.111543,0.339304,1.873541,0.378210,-1.811826,-0.365561,-0.008237,0.090363,0.014685,-1.365006,,,,,,
sample,242,drone,,6.044859,5.120988,0.294075,1.864414,0.377992,-1.809319,-0.365141,-0.009273,0.110356,0.018939,-1.364845,,,,,,
sample,243,drone,,6.069837,5.130427,0.248915,1.855299,0.377747,-1.806313,-0.364615,-0.010308,0.130349,0.023192,-1.364641,,,,,,
sample,244,drone,,6.094816,5.139859,0.203836,1.846199,0.377477,-1.802807,-0.363982,-0.011343,0.150343,0.027445,-1.364395,,,,,,
sample,245,drone,,6.119795,5.149284,0.158851,1.837116,0.377180,-1.798802,-0.363244,-0.012379,0.170336,0.031698,-1.364107,,,,,,
sample,246,drone,,6.144774,5.158702,0.113973,1.828052,0.376858,-1.794298,-0.362399,-0.013414,0.190329,0.035951,-1.363774,,,,,,
sample,247,drone,,6.169752,5.168111,0.069213,1.819011,0.376510,-1.789294,-0.361448,-0.014450,0.210322,0.040204,-1.363398,,,,,,
sample,248,drone,,6.194731,5.177512,0.024584,1.809995,0.376136,-1.783790,-0.360390,-0.015485,0.230316,0.044457,-1.362977,,,,,,
sample,249,drone,,6.219710,5.186902,-0.019901,1.801007,0.375737,-1.777788,-0.359227,-0.016521,0.250309,0.048711,-1.362511,,,,,,
sample,250,drone,,6.244689,5.196282,-0.064230,1.792049,0.375311,-1.771286,-0.357957,-0.017556,0.270302,0.052964,-1.361998,,,,,,
sample,251,drone,,6.269667,5.205652,-0.108390,1.783124,0.374859,-1.764284,-0.356581,-0.018592,0.290296,0.057217,-1.361439,,,,,,
sample,252,drone,,6.294646,5.215010,-0.152369,1.774235,0.374382,-1.756783,-0.355099,-0.019627,0.310289,0.061470,-1.360831,,,,,,
sample,253,drone,,6.319625,5.224355,-0.196154,1.765385,0.373879,-1.748783,-0.353510,-0.020663,0.330282,0.065723,-1.360173,,,,,,
sample,254,drone,,6.344604,5.233688,-0.239734,1.756575,0.373350,-1.740283,-0.351815,-0.021698,0.350275,0.069976,-1.359466,,,,,,
sample,255,drone,,6.369582,5.243007,-0.283095,1.747809,0.372795,-1.731284,-0.350014,-0.022734,0.370269,0.074229,-1.358706,,,,,,
sample,256,drone,,6.394561,5.252312,-0.326224,1.739089,0.372214,-1.721785,-0.348107,-0.023769,0.390262,0.078483,-1.357893,,,,,,
sample,257,drone,,6.419540,5.261602,-0.369111,1.730418,0.371608,-1.711787,-0.346093,-0.024805,0.410255,0.082736,-1.357026,,,,,,
sample,258,drone,,6.444519,5.270876,-0.411741,1.721799,0.370975,-1.701290,-0.343974,-0.025840,0.430248,0.086989,-1.356102,,,,,,
sample,259,drone,,6.469497,5.280135,-0.454103,1.713234,0.370317,-1.690293,-0.341748,-0.026875,0.450242,0.091242,-1.355120,,,,,,
sample,260,drone,,6.494476,5.289376,-0.496184,1.704726,0.369632,-1.678797,-0.339415,-0.027911,0.470235,0.095495,-1.354077,,,,,,
sample,261,drone,,6.519455,5.298600,-0.537972,1.696278,0.368922,-1.666801,-0.336977,-0.028946,0.490228,0.099748,-1.352973,,,,,,
sample,262,drone,,6.544434,5.307807,-0.579453,1.687892,0.368186,-1.654306,-0.334432,-0.029982,0.510221,0.104001,-1.351803,,,,,,
sample,263,drone,,6.569412,5.316994,-0.620617,1.679570,0.367424,-1.641312,-0.331781,-0.031017,0.530215,0.108254,-1.350567,,,,,,
sample,264,drone,,6.594391,5.326162,-0.661449,1.671317,0.366637,-1.627818,-0.329024,-0.032053,0.550208,0.112508,-1.349261,,,,,,
sample,265,drone,,6.619370,5.335310,-0.701938,1.663133,0.365823,-1.613825,-0.326161,-0.033088,0.570201,0.116761,-1.347883,,,,,,
sample,266,drone,,6.644349,5.344438,-0.742072,1.655022,0.364984,-1.599332,-0.323191,-0.034124,0.590194,0.121014,-1.346429,,,,,,
sample,267,drone,,6.669327,5.353544,-0.781837,1.646987,0.364118,-1.584340,-0.320115,-0.035159,0.610188,0.125267,-1.344896,,,,,,
sample,268,drone,,6.694306,5.362628,-0.821221,1.639030,0.363227,-1.568849,-0.316933,-0.036195,0.630181,0.129520,-1.343280,,,,,,
sample,269,drone,,6.719285,5.371690,-0.860213,1.631154,0.362310,-1.552858,-0.313645,-0.037230,0.650174,0.133773,-1.341579,,,,,,
sample,270,drone,,6.744264,5.380728,-0.898798,1.623361,0.361367,-1.536368,-0.310250,-0.038266,0.670168,0.138026,-1.339786,,,,,,
sample,271,drone,,6.769242,5.389743,-0.936966,1.615655,0.360399,-1.519378,-0.306749,-0.039301,0.690161,0.142280,-1.337899,,,,,,
sample,272,drone,,6.794221,5.398733,-0.974703,1.608037,0.359404,-1.501889,-0.303142,-0.040337,0.710154,0.146533,-1.335912,,,,,,
sample,273,drone,,6.819200,5.407698,-1.011996,1.600511,0.358383,-1.483901,-0.299429,-0.041372,0.730147,0.150786,-1.333820,,,,,,
sample,274,drone,,6.844179,5.416637,-1.048835,1.593078,0.357337,-1.465413,-0.295609,-0.042408,0.750141,0.155039,-1.331617,,,,,,
sample,275,drone,,6.869157,5.425550,-1.085205,1.585743,0.356265,-1.446426,-0.291683,-0.043443,0.770134,0.159292,-1.329296,,,,,,
sample,276,drone,,6.894136,5.434435,-1.121095,1.578507,0.355167,-1.426939,-0.287651,-0.044478,0.790127,0.163545,-1.326852,,,,,,
sample,277,drone,,6.919115,5.443293,-1.156491,1.571372,0.354043,-1.406953,-0.283513,-0.045514,0.810120,0.167798,-1.324277,,,,,,
sample,278,drone,,6.944094,5.452122,-1.191382,1.564343,0.352893,-1.386467,-0.279269,-0.046549,0.830114,0.172052,-1.321562,,,,,,
sample,279,drone,,6.969072,5.460922,-1.225756,1.557421,0.351717,-1.365482,-0.274918,-0.047585,0.850107,0.176305,-1.318699,,,,,,
sample,280,drone,,6.994051,5.469693,-1.259598,1.550609,0.350516,-1.343998,-0.270461,-0.048620,0.870100,0.180558,-1.315678,,,,,,
sample,281,drone,,7.019030,5.478433,-1.292898,1.543909,0.349288,-1.322014,-0.265898,-0.049656,0.890093,0.184811,-1.312490,,,,,,
sample,282,drone,,7.044009,5.487143,-1.325643,1.537325,0.348035,-1.299531,-0.261228,-0.050691,0.910087,0.189064,-1.309121,,,,,,
sample,283,drone,,7.068988,5.495820,-1.357820,1.530859,0.346756,-1.276549,-0.256452,-0.051727,0.930080,0.193317,-1.305561,,,,,,
sample,284,drone,,7.093966,5.504466,-1.389416,1.524513,0.345451,-1.253067,-0.251570,-0.052762,0.950073,0.197570,-1.301794,,,,,,
sample,285,drone,,7.118945,5.513078,-1.420420,1.518291,0.344120,-1.229085,-0.246582,-0.053798,0.970066,0.201824,-1.297806,,,,,,
sample,286,drone,,7.143924,5.521657,-1.450818,1.512195,0.342763,-1.204605,-0.241488,-0.054833,0.990060,0.206077,-1.293579,,,,,,
sample,287,drone,,7.168903,5.530202,-1.480599,1.506227,0.341381,-1.179624,-0.236287,-0.055869,1.010053,0.210330,-1.289094,,,,,,
sample,288,drone,,7.193881,5.538712,-1.509749,1.500390,0.339972,-1.154145,-0.230980,-0.056904,1.030046,0.214583,-1.284332,,,,,,
sample,289,drone,,7.218860,5.547186,-1.538257,1.494688,0.338538,-1.128166,-0.225567,-0.057940,1.050040,0.218836,-1.279268,,,,,,
sample,290,drone,,7.243839,5.555624,-1.566110,1.489122,0.337078,-1.101688,-0.220048,-0.058975,1.070033,0.223089,-1.273876,,,,,,
sample,291,drone,,7.268818,5.564026,-1.593295,1.483695,0.335592,-1.074710,-0.214422,-0.060010,1.090026,0.227342,-1.268128,,,,,,
sample,292,drone,,7.293796,5.572390,-1.619800,1.478410,0.334080,-1.047233,-0.208690,-0.061046,1.110019,0.231596,-1.261990,,,,,,
sample,293,drone,,7.318775,5.580715,-1.645612,1.473269,0.332542,-1.019256,-0.202852,-0.062081,1.130013,0.235849,-1.255426,,,,,,
sample,294,drone,,7.343754,5.589002,-1.670719,1.468276,0.330978,-0.990780,-0.196908,-0.063117,1.150006,0.240102,-1.248393,,,,,,
sample,295,drone,,7.368733,5.597250,-1.695109,1.463432,0.329389,-0.961805,-0.190857,-0.064152,1.169999,0.244355,-1.240846,,,,,,
sample,296,drone,,7.393711,5.605458,-1.718768,1.458741,0.327774,-0.932330,-0.184701,-0.065188,1.189992,0.248608,-1.232729,,,,,,
sample,297,drone,,7.418690,5.613625,-1.741686,1.454205,0.326132,-0.902355,-0.178437,-0.066223,1.209986,0.252861,-1.223981,,,,,,
sample,298,drone,,7.443669,5.621751,-1.763848,1.449827,0.324465,-0.871882,-0.172068,-0.067259,1.229979,0.257114,-1.214532,,,,,,
sample,299,drone,,7.468648,5.629834,-1.785243,1.445609,0.322772,-0.840909,-0.165593,-0.068294,1.249972,0.261368,-1.204300,,,,,,
sample,300,drone,,7.493626,5.637876,-1.805858,1.441554,0.321053,-0.809436,-0.159011,-0.069330,1.269965,0.265621,-1.193191,,,,,,
sample,301,drone,,7.518605,5.645873,-1.825680,1.437665,0.319309,-0.777464,-0.152323,-0.070365,1.289959,0.269874,-1.181096,,,,,,
sample,302,drone,,7.543584,5.653827,-1.844698,1.433944,0.317538,-0.744993,-0.145529,-0.071401,1.309952,0.274127,-1.167885,,,,,,
sample,303,drone,,7.568563,5.661737,-1.862898,1.430395,0.315742,-0.712023,-0.138628,-0.072436,1.329945,0.278380,-1.153408,,,,,,
sample,304,drone,,7.593541,5.669601,-1.880269,1.427019,0.313919,-0.678552,-0.131622,-0.073472,1.349938,0.282633,-1.137488,,,,,,
sample,305,drone,,7.618520,5.677420,-1.896797,1.423819,0.312071,-0.644583,-0.124509,-0.074507,1.369932,0.286886,-1.119913,,,,,,
sample,306,drone,,7.643499,5.685191,-1.912470,1.420799,0.310197,-0.610114,-0.117289,-0.075542,1.389925,0.291139,-1.100432,,,,,,
sample,307,drone,,7.668478,5.692916,-1.927277,1.417960,0.308297,-0.575146,-0.109964,-0.076578,1.409918,0.295393,-1.078739,,,,,,
sample,308,drone,,7.693456,5.700593,-1.941203,1.415305,0.306372,-0.539678,-0.102532,-0.077613,1.429911,0.299646,-1.054471,,,,,,
sample,309,drone,,7.718435,5.708222,-1.954238,1.412838,0.304420,-0.503711,-0.094994,-0.078649,1.449905,0.303899,-1.027181,,,,,,
sample,310,drone,,7.743414,5.715801,-1.966367,1.410559,0.302442,-0.467244,-0.087350,-0.079684,1.469898,0.308152,-0.996329,,,,,,
sample,311,drone,,7.768393,5.723331,-1.977580,1.408474,0.300439,-0.430279,-0.079600,-0.080720,1.489891,0.312405,-0.961250,,,,,,
sample,312,drone,,7.793371,5.730810,-1.987863,1.406583,0.298410,-0.392813,-0.071743,-0.081755,1.509885,0.316658,-0.921133,,,,,,
sample,313,drone,,7.818350,5.738239,-1.997204,1.404890,0.296355,-0.354848,-0.063780,-0.082791,1.529878,0.320911,-0.874982,,,,,,
sample,314,drone,,7.843329,5.745616,-2.005590,1.403397,0.294274,-0.316384,-0.055711,-0.083826,1.549871,0.325165,-0.821590,,,,,,
sample,315,drone,,7.868308,5.752940,-2.013010,1.402106,0.292167,-0.277421,-0.047536,-0.084862,1.569864,0.329418,-0.759515,,,,,,
sample,316,drone,,7.893286,5.760212,-2.019450,1.401022,0.290034,-0.237958,-0.039254,-0.085897,1.589858,0.333671,-0.687085,,,,,,
sample,317,drone,,7.918265,5.767429,-2.024897,1.400145,0.287876,-0.197995,-0.030867,-0.086933,1.609851,0.337924,-0.602478,,,,,,
sample,318,drone,,7.943244,5.774593,-2.029341,1.399480,0.285691,-0.157534,-0.022373,-0.087968,1.629844,0.342177,-0.503927,,,,,,
sample,319,drone,,7.968223,5.781702,-2.032767,1.399028,0.283481,-0.116572,-0.013772,-0.088185,1.649760,0.346497,-0.390139,,,,,,
sample,320,drone,,7.993201,5.788755,-2.035165,1.398792,0.281286,-0.075116,-0.005063,0.005066,1.658866,0.358009,-0.260955,,,,,,
sample,321,drone,,8.018180,5.795754,-2.036520,1.398775,0.283734,-0.033700,0.004113,0.252286,1.642850,0.379717,-0.118218,,,,,,
sample,322,drone,,8.043159,5.802930,-2.036848,1.398997,0.293890,0.006957,0.013907,0.466839,1.613346,0.395018,0.023668,,,,,,
sample,323,drone,,8.068138,5.810436,-2.036173,1.399470,0.307056,0.046899,0.023847,0.523919,1.589380,0.395343,0.151566,,,,,,
sample,324,drone,,8.093116,5.818270,-2.034505,1.400189,0.320063,0.086358,0.033658,0.517517,1.570049,0.390173,0.263541,,,,,,
sample,325,drone,,8.118095,5.826426,-2.031858,1.401151,0.332910,0.125335,0.043339,0.511114,1.550717,0.385003,0.360070,,,,,,
sample,326,drone,,8.143074,5.834901,-2.028244,1.402354,0.345597,0.163828,0.052891,0.504712,1.531386,0.379833,0.442668,,,,,,
sample,327,drone,,8.168053,5.843691,-2.023674,1.403793,0.358124,0.201839,0.062315,0.498310,1.512054,0.374663,0.513225,,,,,,
sample,328,drone,,8.193031,5.852792,-2.018160,1.405467,0.370492,0.239367,0.071609,0.491908,1.492723,0.369493,0.573614,,,,,,
sample,329,drone,,8.218010,5.862200,-2.011716,1.407371,0.382699,0.276412,0.080773,0.485505,1.473392,0.364323,0.625516,,,,,,
sample,330,drone,,8.242989,5.871911,-2.004352,1.409502,0.394746,0.312974,0.089809,0.479103,1.454060,0.359153,0.670365,,,,,,
sample,331,drone,,8.267968,5.881920,-1.996080,1.411857,0.406634,0.349053,0.098716,0.472701,1.434729,0.353983,0.709349,,,,,,
sample,332,drone,,8.292946,5.892225,-1.986914,1.414434,0.418361,0.384649,0.107493,0.466299,1.415397,0.348813,0.743441,,,,,,
sample,333,drone,,8.317925,5.902821,-1.976864,1.417227,0.429929,0.419763,0.116142,0.459897,1.396066,0.343643,0.773434,,,,,,
sample,334,drone,,8.342904,5.913703,-1.965943,1.420236,0.441336,0.454393,0.124661,0.453494,1.376735,0.338473,0.799974,,,,,,
sample,335,drone,,8.367883,5.924869,-1.954164,1.423455,0.452584,0.488541,0.133051,0.447092,1.357403,0.333303,0.823586,,,,,,
sample,336,drone,,8.392861,5.936313,-1.941537,1.426883,0.463672,0.522206,0.141312,0.440690,1.338072,0.328133,0.844701,,,,,,
sample,337,drone,,8.417840,5.948033,-1.928076,1.430515,0.474600,0.555388,0.149444,0.434288,1.318740,0.322964,0.863673,,,,,,
sample,338,drone,,8.442819,5.960023,-1.913791,1.434348,0.485368,0.588087,0.157446,0.427885,1.299409,0.317794,0.880798,,,,,,
sample,339,drone,,8.467798,5.972280,-1.898696,1.438380,0.495976,0.620303,0.165320,0.421483,1.280078,0.312624,0.896317,,,,,,
sample,340,drone,,8.492777,5.984801,-1.882803,1.442607,0.506424,0.652036,0.173064,0.415081,1.260746,0.307454,0.910437,,,,,,
sample,341,drone,,8.517755,5.997580,-1.866122,1.447026,0.516713,0.683287,0.180680,0.408679,1.241415,0.302284,0.923329,,,,,,
sample,342,drone,,8.542734,6.010614,-1.848667,1.451634,0.526841,0.714054,0.188166,0.402277,1.222083,0.297114,0.935139,,,,,,
sample,343,drone,,8.567713,6.023900,-1.830450,1.456427,0.536809,0.744339,0.195523,0.395874,1.202752,0.291944,0.945990,,,,,,
sample,344,drone,,8.592692,6.037432,-1.811482,1.461402,0.546618,0.774141,0.202750,0.389472,1.183421,0.286774,0.955991,,,,,,
sample,345,drone,,8.617670,6.051207,-1.791776,1.466555,0.556266,0.803460,0.209849,0.383070,1.164089,0.281604,0.965231,,,,,,
sample,346,drone,,8.642649,6.065222,-1.771343,1.471885,0.565755,0.832296,0.216819,0.376668,1.144758,0.276434,0.973789,,,,,,
sample,347,drone,,8.667628,6.079471,-1.750196,1.477387,0.575084,0.860649,0.223659,0.370265,1.125427,0.271264,0.981734,,,,,,
sample,348,drone,,8.692607,6.093951,-1.728347,1.483059,0.584252,0.888519,0.230370,0.363863,1.106095,0.266094,0.989127,,,,,,
sample,349,drone,,8.717585,6.108659,-1.705808,1.488896,0.593261,0.915907,0.236952,0.357461,1.086764,0.260924,0.996018,,,,,,
sample,350,drone,,8.742564,6.123589,-1.682591,1.494896,0.602110,0.942811,0.243405,0.351059,1.067432,0.255754,1.002454,,,,,,
sample,351,drone,,8.767543,6.138739,-1.658708,1.501056,0.610799,0.969233,0.249729,0.344656,1.048101,0.250584,1.008475,,,,,,
sample,352,drone,,8.792522,6.154103,-1.634170,1.507372,0.619329,0.995172,0.255924,0.338254,1.028770,0.245415,1.014117,,,,,,
sample,353,drone,,8.817500,6.169679,-1.608991,1.513841,0.627698,1.020628,0.261990,0.331852,1.009438,0.240245,1.019412,,,,,,
sample,354,drone,,8.842479,6.185462,-1.583182,1.520460,0.635907,1.045601,0.267926,0.325450,0.990107,0.235075,1.024388,,,,,,
sample,355,drone,,8.867458,6.201447,-1.556756,1.527226,0.643956,1.070091,0.273733,0.319048,0.970775,0.229905,1.029071,,,,,,
sample,356,drone,,8.892437,6.217632,-1.529723,1.534135,0.651846,1.094098,0.279412,0.312645,0.951444,0.224735,1.033483,,,,,,
sample,357,drone,,8.917415,6.234012,-1.502097,1.541185,0.659575,1.117623,0.284961,0.306243,0.932113,0.219565,1.037644,,,,,,
sample,358,drone,,8.942394,6.250583,-1.473890,1.548371,0.667145,1.140664,0.290380,0.299841,0.912781,0.214395,1.041573,,,,,,
sample,359,drone,,8.967373,6.267341,-1.445112,1.555691,0.674555,1.163223,0.295671,0.293439,0.893450,0.209225,1.045286,,,,,,
sample,360,drone,,8.992352,6.284282,-1.415778,1.563142,0.681804,1.185299,0.300833,0.287036,0.874118,0.204055,1.048799,,,,,,
sample,361,drone,,9.017330,6.301402,-1.385898,1.570720,0.688894,1.206892,0.305865,0.280634,0.854787,0.198885,1.052124,,,,,,
sample,362,drone,,9.042309,6.318697,-1.355485,1.578422,0.695824,1.228002,0.310769,0.274232,0.835456,0.193715,1.055274,,,,,,
sample,363,drone,,9.067288,6.336164,-1.324550,1.586246,0.702594,1.248629,0.315543,0.267830,0.816124,0.188545,1.058261,,,,,,
sample,364,drone,,9.092267,6.353797,-1.293106,1.594186,0.709204,1.268773,0.320188,0.261427,0.796793,0.183375,1.061094,,,,,,
sample,365,drone,,9.117245,6.371594,-1.261165,1.602241,0.715654,1.288435,0.324704,0.255025,0.777462,0.178205,1.063782,,,,,,
sample,366,drone,,9.142224,6.389549,-1.228739,1.610408,0.721945,1.307613,0.329091,0.248623,0.758130,0.173035,1.066336,,,,,,
sample,367,drone,,9.167203,6.407660,-1.195840,1.618682,0.728075,1.326309,0.333348,0.242221,0.738799,0.167866,1.068761,,,,,,
sample,368,drone,,9.192182,6.425922,-1.162480,1.627061,0.734045,1.344522,0.337477,0.235819,0.719467,0.162696,1.071066,,,,,,
sample,369,drone,,9.217160,6.444331,-1.128671,1.635541,0.739856,1.362252,0.341476,0.229416,0.700136,0.157526,1.073256,,,,,,
sample,370,drone,,9.242139,6.462884,-1.094425,1.644120,0.745507,1.379499,0.345346,0.223014,0.680805,0.152356,1.075339,,,,,,
sample,371,drone,,9.267118,6.481575,-1.059755,1.652794,0.750997,1.396263,0.349087,0.216612,0.661473,0.147186,1.077320,,,,,,
sample,372,drone,,9.292097,6.500402,-1.024672,1.661560,0.756328,1.412545,0.352699,0.210210,0.642142,0.142016,1.079203,,,,,,
sample,373,drone,,9.317075,6.519359,-0.989188,1.670414,0.761499,1.428343,0.356182,0.203807,0.622810,0.136846,1.080994,,,,,,
sample,374,drone,,9.342054,6.538444,-0.953315,1.679354,0.766510,1.443659,0.359536,0.197405,0.603479,0.131676,1.082697,,,,,,
sample,375,drone,,9.367033,6.557652,-0.917066,1.688375,0.771361,1.458491,0.362760,0.191003,0.584148,0.126506,1.084316,,,,,,
sample,376,drone,,9.392012,6.576979,-0.880452,1.697476,0.776052,1.472841,0.365856,0.184601,0.564816,0.121336,1.085855,,,,,,
sample,377,drone,,9.416990,6.596422,-0.843487,1.706653,0.780583,1.486708,0.368822,0.178199,0.545485,0.116166,1.087317,,,,,,
sample,378,drone,,9.441969,6.615975,-0.806180,1.715902,0.784954,1.500092,0.371659,0.171796,0.526153,0.110996,1.088706,,,,,,
sample,379,drone,,9.466948,6.635636,-0.768546,1.725220,0.789165,1.512993,0.374367,0.165394,0.506822,0.105826,1.090025,,,,,,
sample,380,drone,,9.491927,6.655400,-0.730595,1.734604,0.793217,1.525412,0.376946,0.158992,0.487491,0.100656,1.091276,,,,,,
sample,381,drone,,9.516905,6.675263,-0.692340,1.744051,0.797108,1.537347,0.379396,0.152590,0.468159,0.095486,1.092462,,,,,,
sample,382,drone,,9.541884,6.695222,-0.653793,1.753558,0.800840,1.548800,0.381716,0.146187,0.448828,0.090316,1.093585,,,,,,
sample,383,drone,,9.566863,6.715271,-0.614966,1.763121,0.804411,1.559770,0.383908,0.139785,0.429496,0.085147,1.094648,,,,,,
sample,384,drone,,9.591842,6.735408,-0.575871,1.772737,0.807823,1.570256,0.385970,0.133383,0.410165,0.079977,1.095653,,,,,,
sample,385,drone,,9.616820,6.755628,-0.536520,1.782403,0.811075,1.580260,0.387903,0.126981,0.390834,0.074807,1.096602,,,,,,
sample,386,drone,,9.641799,6.775927,-0.496925,1.792116,0.814167,1.589782,0.389707,0.120578,0.371502,0.069637,1.097496,,,,,,
sample,387,drone,,9.666778,6.796302,-0.457098,1.801872,0.817099,1.598820,0.391382,0.114176,0.352171,0.064467,1.098337,,,,,,
sample,388,drone,,9.691757,6.816747,-0.417052,1.811668,0.819871,1.607375,0.392928,0.107774,0.332840,0.059297,1.099127,,,,,,
sample,389,drone,,9.716735,6.837260,-0.376798,1.821501,0.822483,1.615448,0.394344,0.101372,0.313508,0.054127,1.099867,,,,,,
sample,390,drone,,9.741714,6.857837,-0.336348,1.831368,0.824935,1.623037,0.395632,0.094970,0.294177,0.048957,1.100558,,,,,,
sample,391,drone,,9.766693,6.878472,-0.295715,1.841266,0.827227,1.630144,0.396790,0.088567,0.274845,0.043787,1.101201,,,,,,
sample,392,drone,,9.791672,6.899163,-0.254910,1.851191,0.829360,1.636768,0.397819,0.082165,0.255514,0.038617,1.101799,,,,,,
sample,393,drone,,9.816650,6.919905,-0.213946,1.861140,0.831332,1.642909,0.398719,0.075763,0.236183,0.033447,1.102351,,,,,,
sample,394,drone,,9.841629,6.940694,-0.172834,1.871110,0.833144,1.648567,0.399490,0.069361,0.216851,0.028277,1.102858,,,,,,
sample,395,drone,,9.866608,6.961527,-0.131588,1.881098,0.834797,1.653742,0.400132,0.062958,0.197520,0.023107,1.103322,,,,,,
sample,396,drone,,9.891587,6.982399,-0.090218,1.891100,0.836290,1.658435,0.400645,0.056556,0.178188,0.017937,1.103743,,,,,,
sample,397,drone,,9.916566,7.003306,-0.048736,1.901113,0.837622,1.662644,0.401028,0.050154,0.158857,0.012767,1.104122,,,,,,
sample,398,drone,,9.941544,7.024244,-0.007156,1.911134,0.838795,1.666371,0.401282,0.043752,0.139526,0.007598,1.104459,,,,,,
sample,399,drone,,9.966523,7.045210,0.034511,1.921160,0.839808,1.669614,0.401408,0.037350,0.120194,0.002428,1.104755,,,,,,
sample,400,drone,,9.991502,7.066199,0.076254,1.931187,0.840661,1.672375,0.401404,0.030947,0.100863,-0.002742,1.105011,,,,,,
sample,401,drone,,10.016481,7.087207,0.118059,1.941213,0.841354,1.674653,0.401271,0.024545,0.081531,-0.007912,1.105227,,,,,,
sample,402,drone,,10.041459,7.108231,0.159915,1.951234,0.841887,1.676448,0.401008,0.018143,0.062200,-0.013082,1.105402,,,,,,
sample,403,drone,,10.066438,7.129266,0.201810,1.961246,0.842261,1.677761,0.400617,0.011741,0.042869,-0.018252,1.105538,,,,,,
sample,404,drone,,10.091417,7.150308,0.243732,1.971248,0.842474,1.678590,0.400097,0.005338,0.023537,-0.023422,1.105635,,,,,,
sample,405,drone,,10.116396,7.171354,0.285668,1.981234,0.842527,1.678936,0.399447,-0.001064,0.004206,-0.028592,1.105692,,,,,,
sample,406,drone,,10.141374,7.192399,0.327608,1.991203,0.842421,1.678800,0.398668,-0.007466,-0.015125,-0.033762,1.105710,,,,,,
sample,407,drone,,10.166353,7.213439,0.369537,2.001151,0.842154,1.678181,0.397760,-0.013868,-0.034457,-0.038932,1.105689,,,,,,
sample,408,drone,,10.191332,7.234471,0.411445,2.011074,0.841728,1.677079,0.396723,-0.020271,-0.053788,-0.044102,1.105629,,,,,,
sample,409,drone,,10.216311,7.255489,0.453320,2.020970,0.841142,1.675494,0.395557,-0.026673,-0.073120,-0.049272,1.105529,,,,,,
sample,410,drone,,10.241289,7.276492,0.495149,2.030835,0.840395,1.673426,0.394262,-0.033075,-0.092451,-0.054442,1.105390,,,,,,
sample,411,drone,,10.266268,7.297474,0.536920,2.040666,0.839489,1.670875,0.392837,-0.039477,-0.111782,-0.059612,1.105211,,,,,,
sample,412,drone,,10.291247,7.318431,0.578621,2.050460,0.838423,1.667841,0.391284,-0.045879,-0.131114,-0.064782,1.104991,,,,,,
sample,413,drone,,10.316226,7.339359,0.620241,2.060214,0.837197,1.664325,0.389601,-0.052282,-0.150445,-0.069951,1.104732,,,,,,
sample,414,drone,,10.341204,7.360255,0.661767,2.069924,0.835811,1.660326,0.387789,-0.058684,-0.169777,-0.075121,1.104431,,,,,,
sample,415,drone,,10.366183,7.381114,0.703187,2.079587,0.834266,1.655843,0.385848,-0.065086,-0.189108,-0.080291,1.104088,,,,,,
sample,416,drone,,10.391162,7.401933,0.744489,2.089200,0.832560,1.650878,0.383778,-0.071488,-0.208439,-0.085461,1.103704,,,,,,
sample,417,drone,,10.416141,7.422707,0.785661,2.098759,0.830694,1.645430,0.381579,-0.077891,-0.227771,-0.090631,1.103277,,,,,,
sample,418,drone,,10.441119,7.443432,0.826690,2.108263,0.828669,1.639499,0.379250,-0.084293,-0.247102,-0.095801,1.102806,,,,,,
sample,419,drone,,10.466098,7.464105,0.867566,2.117706,0.826483,1.633086,0.376793,-0.090695,-0.266434,-0.100971,1.102291,,,,,,
sample,420,drone,,10.491077,7.484721,0.908275,2.127086,0.824138,1.626189,0.374206,-0.097097,-0.285765,-0.106141,1.101731,,,,,,
sample,421,drone,,10.516056,7.505277,0.948806,2.136400,0.821632,1.618809,0.371490,-0.103499,-0.305096,-0.111311,1.101124,,,,,,
sample,422,drone,,10.541034,7.525768,0.989147,2.145645,0.818967,1.610947,0.368645,-0.109902,-0.324428,-0.116481,1.100470,,,,,,
sample,423,drone,,10.566013,7.546190,1.029285,2.154817,0.816142,1.602602,0.365671,-0.116304,-0.343759,-0.121651,1.099768,,,,,,
sample,424,drone,,10.590992,7.566540,1.069209,2.163913,0.813157,1.593774,0.362568,-0.122706,-0.363091,-0.126821,1.099015,,,,,,
sample,425,drone,,10.615971,7.586814,1.108906,2.172930,0.810012,1.584463,0.359335,-0.129108,-0.382422,-0.131991,1.098212,,,,,,
sample,426,drone,,10.640949,7.607007,1.148365,2.181864,0.806707,1.574669,0.355974,-0.135511,-0.401753,-0.137161,1.097355,,,,,,
sample,427,drone,,10.665928,7.627115,1.187573,2.190713,0.803242,1.564392,0.352483,-0.141913,-0.421085,-0.142331,1.096444,,,,,,
sample,428,drone,,10.690907,7.647134,1.226518,2.199474,0.799617,1.553633,0.348863,-0.148315,-0.440416,-0.147501,1.095477,,,,,,
sample,429,drone,,10.715886,7.667062,1.265188,2.208142,0.795833,1.542390,0.345114,-0.154717,-0.459747,-0.152670,1.094452,,,,,,
sample,430,drone,,10.740864,7.686892,1.303572,2.216715,0.791888,1.530665,0.341236,-0.161120,-0.479079,-0.157840,1.093366,,,,,,
sample,431,drone,,10.765843,7.706622,1.341657,2.225189,0.787784,1.518457,0.337229,-0.167522,-0.498410,-0.163010,1.092218,,,,,,
sample,432,drone,,10.790822,7.726248,1.379430,2.233562,0.783519,1.505765,0.333093,-0.173924,-0.517742,-0.168180,1.091005,,,,,,
sample,433,drone,,10.815801,7.745765,1.416881,2.241830,0.779095,1.492591,0.328827,-0.180326,-0.537073,-0.173350,1.089724,,,,,,
sample,434,drone,,10.840779,7.765170,1.453996,2.249989,0.774510,1.478935,0.324433,-0.186728,-0.556404,-0.178520,1.088373,,,,,,
sample,435,drone,,10.865758,7.784458,1.490765,2.258037,0.769766,1.464795,0.319909,-0.193131,-0.575736,-0.183690,1.086949,,,,,,
sample,436,drone,,10.890737,7.803625,1.527174,2.265971,0.764862,1.450172,0.315256,-0.199533,-0.595067,-0.188860,1.085447,,,,,,
sample,437,drone,,10.915716,7.822668,1.563212,2.273787,0.759798,1.435067,0.310474,-0.205935,-0.614399,-0.194030,1.083866,,,,,,
sample,438,drone,,10.940694,7.841583,1.598866,2.281482,0.754574,1.419478,0.305563,-0.212337,-0.633730,-0.199200,1.082201,,,,,,
sample,439,drone,,10.965673,7.860365,1.634125,2.289052,0.749190,1.403407,0.300522,-0.218740,-0.653061,-0.204370,1.080447,,,,,,
sample,440,drone,,10.990652,7.879011,1.668977,2.296495,0.743646,1.386853,0.295353,-0.225142,-0.672393,-0.209540,1.078601,,,,,,
sample,441,drone,,11.015631,7.897516,1.703409,2.303807,0.737943,1.369816,0.290054,-0.231544,-0.691724,-0.214710,1.076657,,,,,,
sample,442,drone,,11.040609,7.915876,1.737410,2.310985,0.732079,1.352296,0.284626,-0.237946,-0.711056,-0.219880,1.074611,,,,,,
sample,443,drone,,11.065588,7.934089,1.770966,2.318026,0.726055,1.334294,0.279070,-0.244349,-0.730387,-0.225050,1.072456,,,,,,
sample,444,drone,,11.090567,7.952148,1.804068,2.324927,0.719872,1.315808,0.273384,-0.250751,-0.749718,-0.230219,1.070186,,,,,,
sample,445,drone,,11.115546,7.970052,1.836701,2.331684,0.713529,1.296840,0.267568,-0.257153,-0.769050,-0.235389,1.067795,,,,,,
sample,446,drone,,11.140524,7.987794,1.868854,2.338294,0.707025,1.277388,0.261624,-0.263555,-0.788381,-0.240559,1.065275,,,,,,
sample,447,drone,,11.165503,8.005373,1.900516,2.344754,0.700362,1.257454,0.255551,-0.269957,-0.807712,-0.245729,1.062619,,,,,,
sample,448,drone,,11.190482,8.022783,1.931674,2.351061,0.693539,1.237037,0.249348,-0.276360,-0.827044,-0.250899,1.059817,,,,,,
sample,449,drone,,11.215461,8.040020,1.962315,2.357211,0.686556,1.216137,0.243016,-0.282762,-0.846375,-0.256069,1.056860,,,,,,
sample,450,drone,,11.240439,8.057081,1.992429,2.363201,0.679413,1.194754,0.236555,-0.289164,-0.865707,-0.261239,1.053737,,,,,,
sample,451,drone,,11.265418,8.073962,2.022002,2.369028,0.672110,1.172888,0.229965,-0.295566,-0.885038,-0.266409,1.050438,,,,,,
sample,452,drone,,11.290397,8.090658,2.051023,2.374690,0.664647,1.150540,0.223246,-0.301969,-0.904369,-0.271579,1.046948,,,,,,
sample,453,drone,,11.315376,8.107166,2.079480,2.380181,0.657024,1.127708,0.216398,-0.308371,-0.923701,-0.276749,1.043255,,,,,,
sample,454,drone,,11.340355,8.123482,2.107361,2.385500,0.649242,1.104394,0.209421,-0.314773,-0.943032,-0.281919,1.039343,,,,,,
sample,455,drone,,11.365333,8.139601,2.134653,2.390643,0.641299,1.080597,0.202314,-0.321175,-0.962364,-0.287089,1.035194,,,,,,
sample,456,drone,,11.390312,8.155519,2.161345,2.395607,0.633196,1.056317,0.195078,-0.327577,-0.981695,-0.292259,1.030790,,,,,,
sample,457,drone,,11.415291,8.171234,2.187424,2.400389,0.624934,1.031554,0.187714,-0.333980,-1.001026,-0.297429,1.026110,,,,,,
sample,458,drone,,11.440270,8.186739,2.212879,2.404985,0.616512,1.006308,0.180220,-0.340382,-1.020358,-0.302599,1.021129,,,,,,
sample,459,drone,,11.465248,8.202033,2.237697,2.409392,0.607929,0.980579,0.172596,-0.346784,-1.039689,-0.307768,1.015822,,,,,,
sample,460,drone,,11.490227,8.217110,2.261866,2.413608,0.599187,0.954368,0.164844,-0.353186,-1.059021,-0.312938,1.010160,,,,,,
sample,461,drone,,11.515206,8.231967,2.285375,2.417628,0.590285,0.927673,0.156963,-0.359589,-1.078352,-0.318108,1.004107,,,,,,
sample,462,drone,,11.540185,8.246599,2.308210,2.421449,0.581223,0.900496,0.148952,-0.365991,-1.097683,-0.323278,0.997628,,,,,,
sample,463,drone,,11.565163,8.261003,2.330361,2.425069,0.572001,0.872836,0.140813,-0.372393,-1.117015,-0.328448,0.990679,,,,,,
sample,464,drone,,11.590142,8.275175,2.351815,2.428484,0.562619,0.844693,0.132544,-0.378795,-1.136346,-0.333618,0.983211,,,,,,
sample,465,drone,,11.615121,8.289110,2.372560,2.431690,0.553077,0.816067,0.124146,-0.385198,-1.155678,-0.338788,0.975170,,,,,,
sample,466,drone,,11.640100,8.302805,2.392584,2.434686,0.543376,0.786958,0.115619,-0.391600,-1.175009,-0.343958,0.966491,,,,,,
sample,467,drone,,11.665078,8.316256,2.411874,2.437466,0.533514,0.757366,0.106963,-0.398002,-1.194340,-0.349128,0.957101,,,,,,
sample,468,drone,,11.690057,8.329458,2.430420,2.440029,0.523493,0.727292,0.098177,-0.404404,-1.213672,-0.354298,0.946916,,,,,,
sample,469,drone,,11.715036,8.342408,2.448208,2.442371,0.513311,0.696734,0.089263,-0.410806,-1.233003,-0.359468,0.935837,,,,,,
sample,470,drone,,11.740015,8.355102,2.465227,2.444489,0.502970,0.665694,0.080219,-0.417209,-1.252334,-0.364638,0.923748,,,,,,
sample,471,drone,,11.764993,8.367535,2.481464,2.446379,0.492468,0.634171,0.071046,-0.423611,-1.271666,-0.369808,0.910515,,,,,,
sample,472,drone,,11.789972,8.379705,2.496908,2.448038,0.481807,0.602165,0.061745,-0.430013,-1.290997,-0.374978,0.895979,,,,,,
sample,473,drone,,11.814951,8.391605,2.511547,2.449463,0.470986,0.569676,0.052313,-0.436415,-1.310329,-0.380148,0.879949,,,,,,
sample,474,drone,,11.839930,8.403234,2.525368,2.450651,0.460005,0.536704,0.042753,-0.442818,-1.329660,-0.385318,0.862199,,,,,,
sample,475,drone,,11.864908,8.414586,2.538359,2.451599,0.448864,0.503249,0.033064,-0.449220,-1.348991,-0.390487,0.842457,,,,,,
sample,476,drone,,11.889887,8.425658,2.550509,2.452303,0.437563,0.469312,0.023246,-0.424903,-1.358558,-0.413956,0.820393,,,,,,
sample,477,drone,,11.914866,8.436446,2.561805,2.452760,0.427637,0.435379,0.012384,0.002869,-1.237006,-0.675714,0.794369,,,,,,
sample,478,drone,,11.939845,8.447022,2.572259,2.452922,0.437706,0.407514,-0.010511,0.875511,-0.962317,-1.194132,0.749692,,,,,,
sample,479,drone,,11.964823,8.458312,2.582163,2.452235,0.471375,0.387304,-0.047272,1.438721,-0.770469,-1.517190,0.687802,,,,,,
sample,480,drone,,11.989802,8.470570,2.591608,2.450560,0.509581,0.369023,-0.086306,1.508683,-0.728062,-1.541201,0.626763,,,,,,
sample,481,drone,,12.014781,8.483770,2.600599,2.447924,0.546745,0.350932,-0.124267,1.466962,-0.720474,-1.498200,0.570629,,,,,,
sample,482,drone,,12.039760,8.497884,2.609140,2.444352,0.582867,0.333030,-0.161153,1.425242,-0.712885,-1.455198,0.519098,,,,,,
sample,483,drone,,12.064738,8.512888,2.617236,2.439873,0.617947,0.315318,-0.196965,1.383521,-0.705296,-1.412196,0.471827,,,,,,
sample,484,drone,,12.089717,8.528756,2.624892,2.434512,0.651984,0.297795,-0.231703,1.341801,-0.697707,-1.369195,0.428455,,,,,,
sample,485,drone,,12.114696,8.545460,2.632113,2.428298,0.684980,0.280462,-0.265366,1.300080,-0.690118,-1.326193,0.388623,,,,,,
sample,486,drone,,12.139675,8.562975,2.638904,2.421255,0.716933,0.263319,-0.297956,1.258359,-0.682529,-1.283192,0.351990,,,,,,
sample,487,drone,,12.164653,8.581276,2.645268,2.413412,0.747844,0.246365,-0.329471,1.216639,-0.674940,-1.240190,0.318236,,,,,,
sample,488,drone,,12.189632,8.600336,2.651211,2.404796,0.777713,0.229600,-0.359913,1.174918,-0.667351,-1.197188,0.287070,,,,,,
sample,489,drone,,12.214611,8.620129,2.656738,2.395432,0.806540,0.213025,-0.389280,1.133197,-0.659762,-1.154187,0.258226,,,,,,
sample,490,drone,,12.239590,8.640629,2.661854,2.385348,0.834325,0.196640,-0.417573,1.091477,-0.652173,-1.111185,0.231464,,,,,,
sample,491,drone,,12.264568,8.661809,2.666562,2.374571,0.861068,0.180444,-0.444792,1.049756,-0.644584,-1.068184,0.206570,,,,,,
sample,492,drone,,12.289547,8.683645,2.670868,2.363128,0.886768,0.164438,-0.470937,1.008035,-0.636995,-1.025182,0.183353,,,,,,
sample,493,drone,,12.314526,8.706110,2.674777,2.351044,0.911427,0.148622,-0.496008,0.966315,-0.629407,-0.982180,0.161642,,,,,,
sample,494,drone,,12.339505,8.729178,2.678293,2.338348,0.935043,0.132995,-0.520004,0.924594,-0.621818,-0.939179,0.141286,,,,,,
sample,495,drone,,12.364483,8.752823,2.681421,2.325066,0.957617,0.117557,-0.542927,0.882873,-0.614229,-0.896177,0.122149,,,,,,
sample,496,drone,,12.389462,8.777018,2.684166,2.311225,0.979149,0.102309,-0.564775,0.841153,-0.606640,-0.853176,0.104110,,,,,,
sample,497,drone,,12.414441,8.801738,2.686532,2.296851,0.999639,0.087251,-0.585549,0.799432,-0.599051,-0.810174,0.087062,,,,,,
sample,498,drone,,12.439420,8.826958,2.688525,2.281972,1.019087,0.072382,-0.605249,0.757711,-0.591462,-0.767172,0.070908,,,,,,
sample,499,drone,,12.464398,8.852649,2.690148,2.266615,1.037492,0.057703,-0.623875,0.715991,-0.583873,-0.724171,0.055561,,,,,,
sample,500,drone,,12.489377,8.878788,2.691407,2.250805,1.054856,0.043214,-0.641427,0.674270,-0.576284,-0.681169,0.040943,,,,,,
sample,501,drone,,12.514356,8.905347,2.692307,2.234571,1.071177,0.028913,-0.657905,0.632549,-0.568695,-0.638168,0.026986,,,,,,
sample,502,drone,,12.539335,8.932301,2.692852,2.217938,1.086456,0.014803,-0.673308,0.590829,-0.561106,-0.595166,0.013624,,,,,,
sample,503,drone,,12.564313,8.959624,2.693046,2.200934,1.100693,0.000882,-0.687638,0.549108,-0.553517,-0.552165,0.000801,,,,,,
sample,504,drone,,12.589292,8.987289,2.692896,2.183585,1.113888,-0.012849,-0.700893,0.507387,-0.545928,-0.509163,-0.011535,,,,,,
sample,505,drone,,12.614271,9.015271,2.692405,2.165919,1.126041,-0.026391,-0.713074,0.465667,-0.538339,-0.466161,-0.023433,,,,,,
sample,506,drone,,12.639250,9.043544,2.691577,2.147962,1.137152,-0.039744,-0.724181,0.423946,-0.530751,-0.423160,-0.034936,,,,,,
sample,507,drone,,12.664228,9.072080,2.690419,2.129741,1.147221,-0.052906,-0.734214,0.382225,-0.523162,-0.380158,-0.046084,,,,,,
sample,508,drone,,12.689207,9.100856,2.688934,2.111282,1.156247,-0.065879,-0.743173,0.340505,-0.515573,-0.337157,-0.056915,,,,,,
sample,509,drone,,12.714186,9.129844,2.687128,2.092614,1.164231,-0.078663,-0.751058,0.298784,-0.507984,-0.294155,-0.067464,,,,,,
sample,510,drone,,12.739165,9.159018,2.685004,2.073761,1.171174,-0.091257,-0.757868,0.257063,-0.500395,-0.251153,-0.077762,,,,,,
sample,511,drone,,12.764144,9.188353,2.682569,2.054752,1.177074,-0.103661,-0.763605,0.215343,-0.492806,-0.208152,-0.087840,,,,,,
sample,512,drone,,12.789122,9.217822,2.679826,2.035614,1.181932,-0.115876,-0.768267,0.173622,-0.485217,-0.165150,-0.097727,,,,,,
sample,513,drone,,12.814101,9.247399,2.676780,2.016372,1.185747,-0.127902,-0.771855,0.131902,-0.477628,-0.122149,-0.107450,,,,,,
sample,514,drone,,12.839080,9.277059,2.673436,1.997054,1.188521,-0.139737,-0.774369,0.090181,-0.470039,-0.079147,-0.117035,,,,,,
sample,515,drone,,12.864059,9.306775,2.669799,1.977686,1.190253,-0.151384,-0.775809,0.048460,-0.462450,-0.036145,-0.126507,,,,,,
sample,516,drone,,12.889037,9.336521,2.665873,1.958296,1.190942,-0.162840,-0.776175,0.006740,-0.454861,0.006856,-0.135890,,,,,,
sample,517,drone,,12.914016,9.366271,2.661664,1.938910,1.190589,-0.174107,-0.775467,-0.034981,-0.447272,0.049858,-0.145207,,,,,,
sample,518,drone,,12.938995,9.396000,2.657175,1.919556,1.189194,-0.185185,-0.773684,-0.076702,-0.439683,0.092859,-0.154482,,,,,,
sample,519,drone,,12.963974,9.425680,2.652413,1.900259,1.186757,-0.196073,-0.770828,-0.118422,-0.432095,0.135861,-0.163738,,,,,,
sample,520,drone,,12.988952,9.455287,2.647380,1.881047,1.183278,-0.206771,-0.766897,-0.160143,-0.424506,0.178863,-0.172998,,,,,,
sample,521,drone,,13.013931,9.484794,2.642083,1.861947,1.178757,-0.217280,-0.761892,-0.201864,-0.416917,0.221864,-0.182284,,,,,,
sample,522,drone,,13.038910,9.514175,2.636525,1.842985,1.173194,-0.227599,-0.755813,-0.243584,-0.409328,0.264866,-0.191620,,,,,,
sample,523,drone,,13.063889,9.543404,2.630713,1.824188,1.166588,-0.237729,-0.748660,-0.285305,-0.401739,0.307867,-0.201029,,,,,,
sample,524,drone,,13.088867,9.572455,2.624649,1.805584,1.158941,-0.247669,-0.740433,-0.327026,-0.394150,0.350869,-0.210536,,,,,,
sample,525,drone,,13.113846,9.601301,2.618340,1.787198,1.150251,-0.257420,-0.731131,-0.368746,-0.386561,0.393871,-0.220167,,,,,,
sample,526,drone,,13.138825,9.629918,2.611789,1.769058,1.140519,-0.266981,-0.720756,-0.410467,-0.378972,0.436872,-0.229947,,,,,,
sample,527,drone,,13.163804,9.658279,2.605002,1.751191,1.129745,-0.276352,-0.709306,-0.452188,-0.371383,0.479874,-0.239904,,,,,,
sample,528,drone,,13.188782,9.686357,2.597983,1.733623,1.117929,-0.285534,-0.696783,-0.493908,-0.363794,0.522875,-0.250067,,,,,,
sample,529,drone,,13.213761,9.714128,2.590737,1.716381,1.105070,-0.294527,-0.683185,-0.535629,-0.356205,0.565877,-0.260468,,,,,,
sample,530,drone,,13.238740,9.741564,2.583269,1.699493,1.091170,-0.303329,-0.668513,-0.577350,-0.348616,0.608879,-0.271140,,,,,,
sample,531,drone,,13.263719,9.768640,2.575584,1.682984,1.076227,-0.311943,-0.652767,-0.619070,-0.341028,0.651880,-0.282117,,,,,,
sample,532,drone,,13.288697,9.795330,2.567685,1.666882,1.060243,-0.320366,-0.635947,-0.660791,-0.333439,0.694882,-0.293440,,,,,,
sample,533,drone,,13.313676,9.821607,2.559579,1.651214,1.043216,-0.328600,-0.618052,-0.702512,-0.325850,0.737883,-0.305150,,,,,,
sample,534,drone,,13.338655,9.847446,2.551269,1.636006,1.025147,-0.336645,-0.599084,-0.744232,-0.318261,0.780885,-0.317292,,,,,,
sample,535,drone,,13.363634,9.872821,2.542761,1.621285,1.006036,-0.344500,-0.579041,-0.785953,-0.310672,0.823887,-0.329918,,,,,,
sample,536,drone,,13.388612,9.897705,2.534059,1.607078,0.985883,-0.352165,-0.557924,-0.827674,-0.303083,0.866888,-0.343082,,,,,,
sample,537,drone,,13.413591,9.922073,2.525168,1.593413,0.964688,-0.359641,-0.535734,-0.869394,-0.295494,0.909890,-0.356846,,,,,,
sample,538,drone,,13.438570,9.945899,2.516092,1.580314,0.942450,-0.366927,-0.512469,-0.911115,-0.287905,0.952891,-0.371278,,,,,,
sample,539,drone,,13.463549,9.969156,2.506837,1.567811,0.919171,-0.374024,-0.488130,-0.952836,-0.280316,0.995893,-0.386453,,,,,,
sample,540,drone,,13.488527,9.991818,2.497407,1.555929,0.894849,-0.380931,-0.462716,-0.994556,-0.272727,1.038895,-0.402458,,,,,,
sample,541,drone,,13.513506,10.013860,2.487807,1.544695,0.869485,-0.387649,-0.436229,-1.036277,-0.265138,1.081896,-0.419387,,,,,,
sample,542,drone,,13.538485,10.035255,2.478041,1.534136,0.843079,-0.394177,-0.408667,-1.077997,-0.257549,1.124898,-0.437348,,,,,,
sample,543,drone,,13.563464,10.055978,2.468115,1.524279,0.815631,-0.400515,-0.380032,-1.119718,-0.249960,1.167899,-0.456462,,,,,,
sample,544,drone,,13.588442,10.076002,2.458032,1.515150,0.787141,-0.406664,-0.350322,-1.161439,-0.242372,1.210901,-0.476867,,,,,,
sample,545,drone,,13.613421,10.095302,2.447799,1.506778,0.757608,-0.412624,-0.319538,-1.203159,-0.234783,1.253903,-0.498719,,,,,,
sample,546,drone,,13.638400,10.113850,2.437418,1.499187,0.727034,-0.418394,-0.287680,-1.244880,-0.227194,1.296904,-0.522195,,,,,,
sample,547,drone,,13.663379,10.131623,2.426897,1.492406,0.695417,-0.423974,-0.254748,-1.286601,-0.219605,1.339906,-0.547498,,,,,,
sample,548,drone,,13.688357,10.148592,2.416238,1.486460,0.662758,-0.429364,-0.220742,-1.328321,-0.212016,1.382907,-0.574859,,,,,,
sample,549,drone,,13.713336,10.164732,2.405447,1.481378,0.629058,-0.434566,-0.185662,-1.370042,-0.204427,1.425909,-0.604538,,,,,,
sample,550,drone,,13.738315,10.180018,2.394528,1.477185,0.594315,-0.439577,-0.149507,-1.411763,-0.196838,1.468911,-0.636836,,,,,,
sample,551,drone,,13.763294,10.194423,2.383487,1.473909,0.558529,-0.444399,-0.112278,-1.453483,-0.189249,1.511912,-0.672089,,,,,,
sample,552,drone,,13.788272,10.207921,2.372327,1.471576,0.521702,-0.449032,-0.073976,-1.495204,-0.181660,1.554914,-0.710676,,,,,,
sample,553,drone,,13.813251,10.220486,2.361054,1.470213,0.483833,-0.453474,-0.034599,-1.521695,-0.185099,1.590270,-0.753021,,,,,,
sample,554,drone,,13.838230,10.232092,2.349672,1.469848,0.445682,-0.458279,0.005470,-1.180368,-0.452027,1.438728,-0.799332,,,,,,
sample,555,drone,,13.863209,10.242751,2.338160,1.470487,0.424864,-0.476057,0.037276,-0.347443,-1.062091,1.030220,-0.842159,,,,,,
sample,556,drone,,13.888187,10.253317,2.325890,1.471710,0.428325,-0.511338,0.056938,0.280694,-1.505701,0.710080,-0.873513,,,,,,
sample,557,drone,,13.913166,10.264149,2.312614,1.473331,0.438887,-0.551278,0.072750,0.419579,-1.585811,0.628198,-0.898421,,,,,,
sample,558,drone,,13.938145,10.275243,2.298349,1.475344,0.449286,-0.590561,0.088321,0.413013,-1.559549,0.618495,-0.920433,,,,,,
sample,559,drone,,13.963124,10.286594,2.283111,1.477743,0.459520,-0.629189,0.103649,0.406448,-1.533288,0.608792,-0.939998,,,,,,
sample,560,drone,,13.988102,10.298199,2.266917,1.480522,0.469591,-0.667160,0.118734,0.399882,-1.507027,0.599089,-0.957481,,,,,,
sample,561,drone,,14.013081,10.310054,2.249782,1.483675,0.479497,-0.704476,0.133578,0.393317,-1.480766,0.589386,-0.973179,,,,,,
sample,562,drone,,14.038060,10.322154,2.231723,1.487196,0.489240,-0.741136,0.148179,0.386751,-1.454504,0.579683,-0.987338,,,,,,
sample,563,drone,,14.063039,10.334495,2.212756,1.491078,0.498819,-0.777140,0.162537,0.380185,-1.428243,0.569980,-1.000161,,,,,,
sample,564,drone,,14.088017,10.347073,2.192899,1.495316,0.508233,-0.812487,0.176653,0.373620,-1.401982,0.560277,-1.011818,,,,,,
sample,565,drone,,14.112996,10.359885,2.172167,1.499903,0.517484,-0.847179,0.190527,0.367054,-1.375720,0.550574,-1.022450,,,,,,
sample,566,drone,,14.137975,10.372926,2.150576,1.504834,0.526570,-0.881215,0.204159,0.360489,-1.349459,0.540871,-1.032180,,,,,,
sample,567,drone,,14.162954,10.386191,2.128143,1.510102,0.535493,-0.914595,0.217548,0.353923,-1.323198,0.531168,-1.041109,,,,,,
sample,568,drone,,14.187933,10.399677,2.104885,1.515702,0.544251,-0.947319,0.230695,0.347357,-1.296936,0.521465,-1.049324,,,,,,
sample,569,drone,,14.212911,10.413381,2.080818,1.521627,0.552846,-0.979386,0.243599,0.340792,-1.270675,0.511762,-1.056903,,,,,,
sample,570,drone,,14.237890,10.427296,2.055957,1.527872,0.561276,-1.010798,0.256261,0.334226,-1.244414,0.502059,-1.063908,,,,,,
sample,571,drone,,14.262869,10.441421,2.030321,1.534429,0.569543,-1.041554,0.268681,0.327661,-1.218153,0.492356,-1.070398,,,,,,
sample,572,drone,,14.287848,10.455749,2.003924,1.541294,0.577646,-1.071654,0.280858,0.321095,-1.191891,0.482653,-1.076420,,,,,,
sample,573,drone,,14.312826,10.470278,1.976783,1.548460,0.585584,-1.101098,0.292793,0.314529,-1.165630,0.472950,-1.082019,,,,,,
sample,574,drone,,14.337805,10.485004,1.948916,1.555921,0.593359,-1.129886,0.304485,0.307964,-1.139369,0.463247,-1.087232,,,,,,
sample,575,drone,,14.362784,10.499921,1.920337,1.563672,0.600969,-1.158018,0.315935,0.301398,-1.113107,0.453544,-1.092093,,,,,,
sample,576,drone,,14.387763,10.515026,1.891064,1.571705,0.608416,-1.185494,0.327143,0.294832,-1.086846,0.443841,-1.096631,,,,,,
sample,577,drone,,14.412741,10.530316,1.861113,1.580015,0.615698,-1.212314,0.338109,0.288267,-1.060585,0.434138,-1.100872,,,,,,
sample,578,drone,,14.437720,10.545785,1.830500,1.588596,0.622817,-1.238478,0.348832,0.281701,-1.034323,0.424435,-1.104840,,,,,,
sample,579,drone,,14.462699,10.561430,1.799242,1.597442,0.629771,-1.263986,0.359312,0.275136,-1.008062,0.414732,-1.108556,,,,,,
sample,580,drone,,14.487678,10.577247,1.767354,1.606546,0.636562,-1.288839,0.369551,0.268570,-0.981801,0.405029,-1.112038,,,,,,
sample,581,drone,,14.512656,10.593231,1.734854,1.615903,0.643189,-1.313035,0.379546,0.262004,-0.955540,0.395326,-1.115303,,,,,,
sample,582,drone,,14.537635,10.609379,1.701758,1.625507,0.649651,-1.336575,0.389300,0.255439,-0.929278,0.385623,-1.118366,,,,,,
sample,583,drone,,14.562614,10.625686,1.668082,1.635352,0.655950,-1.359459,0.398811,0.248873,-0.903017,0.375920,-1.121240,,,,,,
sample,584,drone,,14.587593,10.642149,1.633843,1.645431,0.662084,-1.381687,0.408080,0.242308,-0.876756,0.366217,-1.123939,,,,,,
sample,585,drone,,14.612571,10.658762,1.599057,1.655738,0.668055,-1.403260,0.417107,0.235742,-0.850494,0.356514,-1.126473,,,,,,
sample,586,drone,,14.637550,10.675523,1.563740,1.666268,0.673861,-1.424176,0.425891,0.229176,-0.824233,0.346811,-1.128851,,,,,,
sample,587,drone,,14.662529,10.692427,1.527908,1.677015,0.679504,-1.444436,0.434432,0.222611,-0.797972,0.337108,-1.131085,,,,,,
sample,588,drone,,14.687508,10.709469,1.491579,1.687972,0.684982,-1.464041,0.442732,0.216045,-0.771710,0.327405,-1.133181,,,,,,
sample,589,drone,,14.712486,10.726647,1.454769,1.699133,0.690297,-1.482989,0.450789,0.209480,-0.745449,0.317702,-1.135147,,,,,,
sample,590,drone,,14.737465,10.743955,1.417493,1.710492,0.695447,-1.501282,0.458603,0.202914,-0.719188,0.307999,-1.136990,,,,,,
sample,591,drone,,14.762444,10.761390,1.379768,1.722043,0.700434,-1.518918,0.466175,0.196348,-0.692926,0.298296,-1.138717,,,,,,
sample,592,drone,,14.787423,10.778947,1.341612,1.733781,0.705256,-1.535898,0.473505,0.189783,-0.666665,0.288593,-1.140333,,,,,,
sample,593,drone,,14.812401,10.796622,1.303039,1.745699,0.709915,-1.552223,0.480593,0.183217,-0.640404,0.278890,-1.141844,,,,,,
sample,594,drone,,14.837380,10.814412,1.264066,1.757790,0.714410,-1.567891,0.487438,0.176652,-0.614143,0.269187,-1.143254,,,,,,
sample,595,drone,,14.862359,10.832313,1.224711,1.770050,0.718740,-1.582904,0.494041,0.170086,-0.587881,0.259484,-1.144568,,,,,,
sample,596,drone,,14.887338,10.850319,1.184988,1.782471,0.722907,-1.597260,0.500401,0.163520,-0.561620,0.249781,-1.145789,,,,,,
sample,597,drone,,14.912316,10.868427,1.144916,1.795048,0.726909,-1.610961,0.506519,0.156955,-0.535359,0.240078,-1.146922,,,,,,
sample,598,drone,,14.937295,10.886633,1.104509,1.807776,0.730748,-1.624006,0.512395,0.150389,-0.509097,0.230375,-1.147971,,,,,,
sample,599,drone,,14.962274,10.904934,1.063784,1.820646,0.734422,-1.636394,0.518028,0.143823,-0.482836,0.220672,-1.148936,,,,,,
sample,600,drone,,14.987253,10.923323,1.022759,1.833655,0.737933,-1.648127,0.523419,0.137258,-0.456575,0.210969,-1.149823,,,,,,
sample,601,drone,,15.012231,10.941799,0.981448,1.846795,0.741279,-1.659204,0.528568,0.130692,-0.430313,0.201266,-1.150633,,,,,,
sample,602,drone,,15.037210,10.960356,0.939869,1.860061,0.744462,-1.669624,0.533474,0.124127,-0.404052,0.191563,-1.151369,,,,,,
sample,603,drone,,15.062189,10.978990,0.898038,1.873446,0.747480,-1.679389,0.538138,0.117561,-0.377791,0.181860,-1.152033,,,,,,
sample,604,drone,,15.087168,10.997698,0.855971,1.886945,0.750335,-1.688498,0.542559,0.110995,-0.351530,0.172157,-1.152626,,,,,,
sample,605,drone,,15.112146,11.016475,0.813685,1.900551,0.753025,-1.696951,0.546738,0.104430,-0.325268,0.162454,-1.153150,,,,,,
sample,606,drone,,15.137125,11.035317,0.771195,1.914259,0.755552,-1.704747,0.550675,0.097864,-0.299007,0.152751,-1.153608,,,,,,
sample,607,drone,,15.162104,11.054221,0.728520,1.928061,0.757914,-1.711888,0.554369,0.091299,-0.272746,0.143048,-1.154000,,,,,,
sample,608,drone,,15.187083,11.073181,0.685674,1.941954,0.760113,-1.718373,0.557821,0.084733,-0.246484,0.133345,-1.154327,,,,,,
sample,609,drone,,15.212061,11.092194,0.642674,1.955929,0.762147,-1.724202,0.561031,0.078167,-0.220223,0.123642,-1.154591,,,,,,
sample,610,drone,,15.237040,11.111256,0.599537,1.969981,0.764018,-1.729375,0.563998,0.071602,-0.193962,0.113939,-1.154792,,,,,,
sample,611,drone,,15.262019,11.130362,0.556279,1.984105,0.765725,-1.733892,0.566723,0.065036,-0.167700,0.104236,-1.154931,,,,,,
sample,612,drone,,15.286998,11.149510,0.512916,1.998293,0.767267,-1.737753,0.569205,0.058471,-0.141439,0.094533,-1.155010,,,,,,
sample,613,drone,,15.311976,11.168693,0.469465,2.012541,0.768646,-1.740958,0.571445,0.051905,-0.115178,0.084830,-1.155027,,,,,,
sample,614,drone,,15.336955,11.187909,0.425942,2.026841,0.769860,-1.743507,0.573443,0.045339,-0.088917,0.075127,-1.154985,,,,,,
sample,615,drone,,15.361934,11.207153,0.382364,2.041189,0.770911,-1.745400,0.575199,0.038774,-0.062655,0.065424,-1.154882,,,,,,
sample,616,drone,,15.386913,11.226422,0.338746,2.055577,0.771797,-1.746637,0.576712,0.032208,-0.036394,0.055721,-1.154719,,,,,,
sample,617,drone,,15.411891,11.245711,0.295106,2.070000,0.772520,-1.747218,0.577982,0.025643,-0.010133,0.046018,-1.154496,,,,,,
sample,618,drone,,15.436870,11.265015,0.251460,2.084451,0.773078,-1.747143,0.579010,0.019077,0.016129,0.036315,-1.154213,,,,,,
sample,619,drone,,15.461849,11.284332,0.207823,2.098926,0.773473,-1.746412,0.579796,0.012511,0.042390,0.026612,-1.153869,,,,,,
sample,620,drone,,15.486828,11.303656,0.164213,2.113416,0.773703,-1.745025,0.580340,0.005946,0.068651,0.016909,-1.153464,,,,,,
sample,621,drone,,15.511806,11.322984,0.120646,2.127918,0.773770,-1.742983,0.580641,-0.000620,0.094913,0.007206,-1.152998,,,,,,
sample,622,drone,,15.536785,11.342311,0.077138,2.142424,0.773672,-1.740284,0.580700,-0.007186,0.121174,-0.002497,-1.152470,,,,,,
sample,623,drone,,15.561764,11.361635,0.033706,2.156928,0.773411,-1.736929,0.580516,-0.013751,0.147435,-0.012200,-1.151879,,,,,,
sample,624,drone,,15.586743,11.380949,-0.009635,2.171425,0.772985,-1.732918,0.580090,-0.020317,0.173697,-0.021903,-1.151224,,,,,,
sample,625,drone,,15.611722,11.400251,-0.052866,2.185908,0.772396,-1.728252,0.579422,-0.026882,0.199958,-0.031606,-1.150504,,,,,,
sample,626,drone,,15.636700,11.419536,-0.095974,2.200371,0.771642,-1.722929,0.578511,-0.033448,0.226219,-0.041309,-1.149718,,,,,,
sample,627,drone,,15.661679,11.438800,-0.138940,2.214809,0.770725,-1.716950,0.577358,-0.040014,0.252480,-0.051012,-1.148864,,,,,,
sample,628,drone,,15.686658,11.458040,-0.181748,2.229215,0.769643,-1.710316,0.575963,-0.046579,0.278742,-0.060715,-1.147942,,,,,,
sample,629,drone,,15.711637,11.477250,-0.224383,2.243583,0.768398,-1.703025,0.574325,-0.053145,0.305003,-0.070418,-1.146948,,,,,,
sample,630,drone,,15.736615,11.496427,-0.266827,2.257907,0.766988,-1.695078,0.572445,-0.059710,0.331264,-0.080122,-1.145882,,,,,,
sample,631,drone,,15.761594,11.515567,-0.309065,2.272181,0.765415,-1.686476,0.570323,-0.066276,0.357526,-0.089825,-1.144742,,,,,,
sample,632,drone,,15.786573,11.534665,-0.351079,2.286399,0.763677,-1.677217,0.567958,-0.072842,0.383787,-0.099528,-1.143524,,,,,,
sample,633,drone,,15.811552,11.553718,-0.392854,2.300554,0.761776,-1.667303,0.565350,-0.079407,0.410048,-0.109231,-1.142227,,,,,,
sample,634,drone,,15.836530,11.572721,-0.434374,2.314642,0.759710,-1.656732,0.562501,-0.085973,0.436310,-0.118934,-1.140847,,,,,,
sample,635,drone,,15.861509,11.591671,-0.475621,2.328656,0.757481,-1.645506,0.559409,-0.092538,0.462571,-0.128637,-1.139383,,,,,,
sample,636,drone,,15.886488,11.610563,-0.516579,2.342589,0.755087,-1.633623,0.556074,-0.099104,0.488832,-0.138340,-1.137830,,,,,,
sample,637,drone,,15.911467,11.629394,-0.557232,2.356436,0.752530,-1.621085,0.552498,-0.105670,0.515093,-0.148043,-1.136185,,,,,,
sample,638,drone,,15.936445,11.648158,-0.597564,2.370190,0.749808,-1.607891,0.548679,-0.112235,0.541355,-0.157746,-1.134445,,,,,,
sample,639,drone,,15.961424,11.666852,-0.637558,2.383846,0.746923,-1.594040,0.544617,-0.118801,0.567616,-0.167449,-1.132606,,,,,,
sample,640,drone,,15.986403,11.685472,-0.677199,2.397398,0.743873,-1.579534,0.540313,-0.125366,0.593877,-0.177152,-1.130662,,,,,,
sample,641,drone,,16.011382,11.704014,-0.716468,2.410839,0.740660,-1.564372,0.535767,-0.131932,0.620139,-0.186855,-1.128609,,,,,,
sample,642,drone,,16.036360,11.722474,-0.755351,2.424163,0.737282,-1.548553,0.530978,-0.138498,0.646400,-0.196558,-1.126442,,,,,,
sample,643,drone,,16.061339,11.740847,-0.793830,2.437365,0.733741,-1.532079,0.525947,-0.145063,0.672661,-0.206261,-1.124156,,,,,,
sample,644,drone,,16.086318,11.759130,-0.831890,2.450439,0.730035,-1.514949,0.520674,-0.151629,0.698923,-0.215964,-1.121743,,,,,,
sample,645,drone,,16.111297,11.777318,-0.869513,2.463377,0.726166,-1.497163,0.515158,-0.158195,0.725184,-0.225667,-1.119198,,,,,,
sample,646,drone,,16.136275,11.795407,-0.906684,2.476175,0.722132,-1.478721,0.509400,-0.164760,0.751445,-0.235370,-1.116513,,,,,,
sample,647,drone,,16.161254,11.813394,-0.943386,2.488825,0.717935,-1.459622,0.503400,-0.171326,0.777706,-0.245073,-1.113679,,,,,,
sample,648,drone,,16.186233,11.831273,-0.979603,2.501323,0.713573,-1.439868,0.497157,-0.177891,0.803968,-0.254776,-1.110689,,,,,,
sample,649,drone,,16.211212,11.849042,-1.015318,2.513662,0.709048,-1.419458,0.490672,-0.184457,0.830229,-0.264479,-1.107533,,,,,,
sample,650,drone,,16.236190,11.866696,-1.050516,2.525836,0.704358,-1.398392,0.483945,-0.191023,0.856490,-0.274182,-1.104200,,,,,,
sample,651,drone,,16.261169,11.884230,-1.085179,2.537839,0.699505,-1.376670,0.476975,-0.197588,0.882752,-0.283885,-1.100679,,,,,,
sample,652,drone,,16.286148,11.901641,-1.119291,2.549664,0.694487,-1.354292,0.469762,-0.204154,0.909013,-0.293588,-1.096957,,,,,,
sample,653,drone,,16.311127,11.918925,-1.152836,2.561307,0.689306,-1.331258,0.462308,-0.210719,0.935274,-0.303291,-1.093022,,,,,,
sample,654,drone,,16.336105,11.936077,-1.185797,2.572760,0.683960,-1.307568,0.454611,-0.217285,0.961536,-0.312994,-1.088857,,,,,,
sample,655,drone,,16.361084,11.953094,-1.218159,2.584018,0.678451,-1.283222,0.446671,-0.223851,0.987797,-0.322697,-1.084446,,,,,,
sample,656,drone,,16.386063,11.969971,-1.249904,2.595075,0.672777,-1.258220,0.438490,-0.230416,1.014058,-0.332400,-1.079771,,,,,,
sample,657,drone,,16.411042,11.986704,-1.281016,2.605924,0.666940,-1.232562,0.430065,-0.236982,1.040320,-0.342103,-1.074812,,,,,,
sample,658,drone,,16.436020,12.003289,-1.311479,2.616560,0.660938,-1.206248,0.421399,-0.243547,1.066581,-0.351806,-1.069545,,,,,,
sample,659,drone,,16.460999,12.019723,-1.341277,2.626976,0.654773,-1.179279,0.412490,-0.250113,1.092842,-0.361509,-1.063945,,,,,,
sample,660,drone,,16.485978,12.036000,-1.370393,2.637167,0.648443,-1.151653,0.403339,-0.256679,1.119103,-0.371212,-1.057986,,,,,,
sample,661,drone,,16.510957,12.052118,-1.398811,2.647126,0.641950,-1.123371,0.393945,-0.263244,1.145365,-0.380915,-1.051634,,,,,,
sample,662,drone,,16.535935,12.068070,-1.426514,2.656847,0.635292,-1.094433,0.384309,-0.269810,1.171626,-0.390618,-1.044856,,,,,,
sample,663,drone,,16.560914,12.083855,-1.453486,2.666325,0.628471,-1.064839,0.374431,-0.276375,1.197887,-0.400321,-1.037612,,,,,,
sample,664,drone,,16.585893,12.099467,-1.479711,2.675553,0.621485,-1.034590,0.364310,-0.282941,1.224149,-0.410024,-1.029857,,,,,,
sample,665,drone,,16.610872,12.114903,-1.505172,2.684525,0.614336,-1.003684,0.353947,-0.289507,1.250410,-0.419727,-1.021541,,,,,,
sample,666,drone,,16.635850,12.130158,-1.529852,2.693235,0.607022,-0.972122,0.343342,-0.296072,1.276671,-0.429430,-1.012607,,,,,,
sample,667,drone,,16.660829,12.145228,-1.553736,2.701677,0.599545,-0.939905,0.332494,-0.302638,1.302933,-0.439133,-1.002990,,,,,,
sample,668,drone,,16.685808,12.160110,-1.576808,2.709846,0.591903,-0.907031,0.321404,-0.309204,1.329194,-0.448836,-0.992615,,,,,,
sample,669,drone,,16.710787,12.174798,-1.599049,2.717734,0.584098,-0.873501,0.310071,-0.315769,1.355455,-0.458539,-0.981397,,,,,,
sample,670,drone,,16.735765,12.189290,-1.620446,2.725336,0.576128,-0.839316,0.298496,-0.322335,1.381716,-0.468242,-0.969239,,,,,,
sample,671,drone,,16.760744,12.203580,-1.640980,2.732646,0.567995,-0.804474,0.286679,-0.328900,1.407978,-0.477945,-0.956025,,,,,,
sample,672,drone,,16.785723,12.217665,-1.660635,2.739658,0.559697,-0.768977,0.274619,-0.335466,1.434239,-0.487648,-0.941625,,,,,,
sample,673,drone,,16.810702,12.231541,-1.679396,2.746365,0.551236,-0.732823,0.262317,-0.342032,1.460500,-0.497351,-0.925884,,,,,,
sample,674,drone,,16.835680,12.245204,-1.697245,2.752763,0.542610,-0.696014,0.249773,-0.348597,1.486762,-0.507054,-0.908621,,,,,,
sample,675,drone,,16.860659,12.258649,-1.714167,2.758843,0.533820,-0.658548,0.236986,-0.355163,1.513023,-0.516757,-0.889624,,,,,,
sample,676,drone,,16.885638,12.271872,-1.730145,2.764602,0.524867,-0.620427,0.223957,-0.361728,1.539284,-0.526460,-0.868642,,,,,,
sample,677,drone,,16.910617,12.284870,-1.745162,2.770032,0.515749,-0.581650,0.210686,-0.368294,1.565546,-0.536163,-0.845377,,,,,,
sample,678,drone,,16.935596,12.297638,-1.759202,2.775127,0.506468,-0.542216,0.197172,-0.374860,1.591807,-0.545866,-0.819474,,,,,,
sample,679,drone,,16.960574,12.310172,-1.772250,2.779882,0.497022,-0.502127,0.183416,-0.381425,1.618068,-0.555569,-0.790507,,,,,,
sample,680,drone,,16.985553,12.322468,-1.784287,2.784290,0.487413,-0.461382,0.169417,-0.387991,1.644329,-0.565272,-0.757969,,,,,,
sample,681,drone,,17.010532,12.334522,-1.795299,2.788346,0.477639,-0.419980,0.155176,-0.394556,1.670591,-0.574975,-0.721251,,,,,,
sample,682,drone,,17.035511,12.346329,-1.805268,2.792042,0.467702,-0.377923,0.140693,-0.401122,1.696852,-0.584678,-0.679626,,,,,,
sample,683,drone,,17.060489,12.357887,-1.814179,2.795374,0.457600,-0.335210,0.125967,-0.407688,1.723113,-0.594381,-0.632232,,,,,,
sample,684,drone,,17.085468,12.369190,-1.822015,2.798335,0.447335,-0.291841,0.110999,-0.414253,1.749375,-0.604084,-0.578060,,,,,,
sample,685,drone,,17.110447,12.380235,-1.828759,2.800920,0.436905,-0.247815,0.095788,-0.420819,1.775636,-0.613787,-0.515957,,,,,,
sample,686,drone,,17.135426,12.391017,-1.834395,2.803121,0.426312,-0.203134,0.080336,-0.427384,1.801897,-0.623490,-0.444665,,,,,,
sample,687,drone,,17.160404,12.401532,-1.838907,2.804933,0.415554,-0.157797,0.064640,-0.380736,1.866370,-0.640306,-0.362908,,,,,,
sample,688,drone,,17.185383,12.411777,-1.842278,2.806350,0.407291,-0.109895,0.048348,-0.005695,2.159760,-0.698726,-0.263544,,,,,,
sample,689,drone,,17.210362,12.421879,-1.844397,2.807348,0.415270,-0.049901,0.029734,0.627436,2.614717,-0.783725,-0.119592,,,,,,
sample,690,drone,,17.235341,12.432522,-1.844771,2.807835,0.438636,0.020730,0.009195,0.964642,2.829697,-0.820003,0.047224,,,,,,
sample,691,drone,,17.260319,12.443792,-1.843361,2.807808,0.463461,0.091464,-0.011231,0.983224,2.804648,-0.809943,0.194846,,,,,,
sample,692,drone,,17.285298,12.455676,-1.840202,2.807274,0.487756,0.160843,-0.031268,0.962020,2.750404,-0.794355,0.318532,,,,,,
sample,693,drone,,17.310277,12.468159,-1.835326,2.806246,0.511521,0.228867,-0.050915,0.940817,2.696161,-0.778767,0.420710,,,,,,
sample,694,drone,,17.335256,12.481230,-1.828768,2.804731,0.534756,0.295536,-0.070173,0.919613,2.641917,-0.763179,0.504880,,,,,,
sample,695,drone,,17.360234,12.494875,-1.820562,2.802740,0.557462,0.360851,-0.089042,0.898409,2.587674,-0.747592,0.574481,,,,,,
sample,696,drone,,17.385213,12.509080,-1.810741,2.800282,0.579639,0.424810,-0.107521,0.877205,2.533430,-0.732004,0.632459,,,,,,
sample,697,drone,,17.410192,12.523832,-1.799339,2.797368,0.601285,0.487415,-0.125611,0.856002,2.479187,-0.716416,0.681184,,,,,,
sample,698,drone,,17.435171,12.539118,-1.786391,2.794007,0.622402,0.548664,-0.143312,0.834798,2.424943,-0.700828,0.722514,,,,,,
sample,699,drone,,17.460149,12.554926,-1.771929,2.790209,0.642990,0.608559,-0.160623,0.813594,2.370699,-0.685240,0.757894,,,,,,
sample,700,drone,,17.485128,12.571240,-1.755989,2.785983,0.663048,0.667098,-0.177544,0.792390,2.316456,-0.669653,0.788443,,,,,,
sample,701,drone,,17.510107,12.588050,-1.738603,2.781339,0.682576,0.724283,-0.194077,0.771187,2.262212,-0.654065,0.815035,,,,,,
sample,702,drone,,17.535086,12.605340,-1.719805,2.776287,0.701574,0.780113,-0.210220,0.749983,2.207969,-0.638477,0.838355,,,,,,
sample,703,drone,,17.560064,12.623099,-1.699630,2.770837,0.720043,0.834588,-0.225974,0.728779,2.153725,-0.622889,0.858945,,,,,,
sample,704,drone,,17.585043,12.641312,-1.678112,2.764998,0.737982,0.887708,-0.241338,0.707575,2.099482,-0.607301,0.877239,,,,,,
sample,705,drone,,17.610022,12.659966,-1.655283,2.758780,0.755392,0.939473,-0.256313,0.686372,2.045238,-0.591714,0.893585,,,,,,
sample,706,drone,,17.635001,12.679049,-1.631178,2.752194,0.772272,0.989883,-0.270898,0.665168,1.990994,-0.576126,0.908268,,,,,,
sample,707,drone,,17.659979,12.698547,-1.605831,2.745247,0.788622,1.038938,-0.285095,0.643964,1.936751,-0.560538,0.921518,,,,,,
sample,708,drone,,17.684958,12.718447,-1.579275,2.737951,0.804442,1.086638,-0.298902,0.622761,1.882507,-0.544950,0.933530,,,,,,
sample,709,drone,,17.709937,12.738735,-1.551545,2.730315,0.819733,1.132983,-0.312319,0.601557,1.828264,-0.529362,0.944460,,,,,,
sample,710,drone,,17.734916,12.759399,-1.522674,2.722348,0.834495,1.177973,-0.325347,0.580353,1.774020,-0.513775,0.954445,,,,,,
sample,711,drone,,17.759894,12.780424,-1.492696,2.714061,0.848726,1.221609,-0.337986,0.559149,1.719777,-0.498187,0.963595,,,,,,
sample,712,drone,,17.784873,12.801799,-1.461646,2.705463,0.862428,1.263889,-0.350235,0.537946,1.665533,-0.482599,0.972007,,,,,,
sample,713,drone,,17.809852,12.823509,-1.429556,2.696564,0.875601,1.304815,-0.362095,0.516742,1.611289,-0.467011,0.979763,,,,,,
sample,714,drone,,17.834831,12.845542,-1.396460,2.687374,0.888244,1.344385,-0.373566,0.495538,1.557046,-0.451424,0.986932,,,,,,
sample,715,drone,,17.859809,12.867884,-1.362393,2.677902,0.900357,1.382601,-0.384647,0.474334,1.502802,-0.435836,0.993574,,,,,,
sample,716,drone,,17.884788,12.890521,-1.327389,2.668158,0.911940,1.419461,-0.395339,0.453131,1.448559,-0.420248,0.999743,,,,,,
sample,717,drone,,17.909767,12.913442,-1.291481,2.658152,0.922994,1.454967,-0.405642,0.431927,1.394315,-0.404660,1.005484,,,,,,
sample,718,drone,,17.934746,12.936632,-1.254702,2.647893,0.933518,1.489118,-0.415555,0.410723,1.340072,-0.389072,1.010837,,,,,,
sample,719,drone,,17.959724,12.960078,-1.217088,2.637392,0.943513,1.521914,-0.425079,0.389519,1.285828,-0.373485,1.015836,,,,,,
sample,720,drone,,17.984703,12.983767,-1.178671,2.626657,0.952978,1.553355,-0.434213,0.368316,1.231584,-0.357897,1.020512,,,,,,
sample,721,drone,,18.009682,13.007686,-1.139486,2.615699,0.961913,1.583441,-0.442959,0.347112,1.177341,-0.342309,1.024893,,,,,,
sample,722,drone,,18.034661,13.031822,-1.099567,2.604528,0.970318,1.612172,-0.451314,0.325908,1.123097,-0.326721,1.029003,,,,,,
sample,723,drone,,18.059639,13.056161,-1.058946,2.593153,0.978194,1.639548,-0.459281,0.304704,1.068854,-0.311133,1.032863,,,,,,
sample,724,drone,,18.084618,13.080690,-1.017659,2.581583,0.985541,1.665569,-0.466858,0.283501,1.014610,-0.295546,1.036492,,,,,,
sample,725,drone,,18.109597,13.105396,-0.975739,2.569830,0.992357,1.690235,-0.474046,0.262297,0.960367,-0.279958,1.039907,,,,,,
sample,726,drone,,18.134576,13.130266,-0.933219,2.557901,0.998644,1.713546,-0.480844,0.241093,0.906123,-0.264370,1.043124,,,,,,
sample,727,drone,,18.159554,13.155286,-0.890134,2.545808,1.004402,1.735503,-0.487253,0.219889,0.851879,-0.248782,1.046157,,,,,,
sample,728,drone,,18.184533,13.180443,-0.846518,2.533559,1.009629,1.756104,-0.493272,0.198686,0.797636,-0.233194,1.049018,,,,,,
sample,729,drone,,18.209512,13.205725,-0.802403,2.521165,1.014328,1.775351,-0.498903,0.177482,0.743392,-0.217607,1.051718,,,,,,
sample,730,drone,,18.234491,13.231117,-0.757826,2.508635,1.018496,1.793242,-0.504143,0.156278,0.689149,-0.202019,1.054266,,,,,,
sample,731,drone,,18.259469,13.256606,-0.712818,2.495980,1.022135,1.809779,-0.508995,0.135074,0.634905,-0.186431,1.056673,,,,,,
sample,732,drone,,18.284448,13.282180,-0.667413,2.483207,1.025244,1.824960,-0.513457,0.113871,0.580662,-0.170843,1.058947,,,,,,
sample,733,drone,,18.309427,13.307825,-0.621647,2.470329,1.027824,1.838787,-0.517530,0.092667,0.526418,-0.155256,1.061094,,,,,,
sample,734,drone,,18.334406,13.333528,-0.575552,2.457353,1.029873,1.851259,-0.521213,0.071463,0.472174,-0.139668,1.063122,,,,,,
sample,735,drone,,18.359385,13.359275,-0.529163,2.444290,1.031394,1.862376,-0.524507,0.050260,0.417931,-0.124080,1.065036,,,,,,
sample,736,drone,,18.384363,13.385053,-0.482513,2.431150,1.032384,1.872138,-0.527412,0.029056,0.363687,-0.108492,1.066843,,,,,,
sample,737,drone,,18.409342,13.410850,-0.435635,2.417942,1.032845,1.880545,-0.529927,0.007852,0.309444,-0.092904,1.068547,,,,,,
sample,738,drone,,18.434321,13.436652,-0.388565,2.404676,1.032777,1.887597,-0.532053,-0.013352,0.255200,-0.077317,1.070153,,,,,,
sample,739,drone,,18.459300,13.462445,-0.341336,2.391362,1.032178,1.893294,-0.533790,-0.034555,0.200957,-0.061729,1.071664,,,,,,
sample,740,drone,,18.484278,13.488217,-0.293981,2.378009,1.031050,1.897636,-0.535137,-0.055759,0.146713,-0.046141,1.073085,,,,,,
sample,741,drone,,18.509257,13.513954,-0.246535,2.364628,1.029393,1.900623,-0.536095,-0.076963,0.092469,-0.030553,1.074419,,,,,,
sample,742,drone,,18.534236,13.539643,-0.199031,2.351227,1.027205,1.902256,-0.536663,-0.098167,0.038226,-0.014965,1.075668,,,,,,
sample,743,drone,,18.559215,13.565270,-0.151503,2.337817,1.024488,1.902533,-0.536843,-0.119370,-0.016018,0.000622,1.076836,,,,,,
sample,744,drone,,18.584193,13.590824,-0.103985,2.324408,1.021242,1.901455,-0.536632,-0.140574,-0.070261,0.016210,1.077923,,,,,,
sample,745,drone,,18.609172,13.616289,-0.056511,2.311008,1.017466,1.899023,-0.536033,-0.161778,-0.124505,0.031798,1.078933,,,,,,
sample,746,drone,,18.634151,13.641654,-0.009114,2.297629,1.013160,1.895236,-0.535044,-0.182982,-0.178748,0.047386,1.079867,,,,,,
sample,747,drone,,18.659130,13.666904,0.038171,2.284279,1.008324,1.890093,-0.533666,-0.204185,-0.232992,0.062974,1.080726,,,,,,
sample,748,drone,,18.684108,13.692027,0.085310,2.270968,1.002959,1.883596,-0.531898,-0.225389,-0.287236,0.078561,1.081511,,,,,,
sample,749,drone,,18.709087,13.717009,0.132270,2.257707,0.997065,1.875744,-0.529741,-0.246593,-0.341479,0.094149,1.082223,,,,,,
sample,750,drone,,18.734066,13.741838,0.179017,2.244504,0.990640,1.866536,-0.527194,-0.267797,-0.395723,0.109737,1.082862,,,,,,
sample,751,drone,,18.759045,13.766499,0.225518,2.231369,0.983686,1.855974,-0.524259,-0.289000,-0.449966,0.125325,1.083429,,,,,,
sample,752,drone,,18.784023,13.790980,0.271737,2.218313,0.976202,1.844057,-0.520933,-0.310204,-0.504210,0.140912,1.083924,,,,,,
sample,753,drone,,18.809002,13.815268,0.317642,2.205345,0.968189,1.830785,-0.517219,-0.331408,-0.558453,0.156500,1.084345,,,,,,
sample,754,drone,,18.833981,13.839349,0.363199,2.192474,0.959646,1.816158,-0.513115,-0.352612,-0.612697,0.172088,1.084693,,,,,,
sample,755,drone,,18.858960,13.863209,0.408373,2.179711,0.950573,1.800176,-0.508622,-0.373815,-0.666941,0.187676,1.084966,,,,,,
sample,756,drone,,18.883938,13.886837,0.453131,2.167065,0.940971,1.782840,-0.503739,-0.395019,-0.721184,0.203264,1.085162,,,,,,
sample,757,drone,,18.908917,13.910218,0.497439,2.154545,0.930839,1.764148,-0.498467,-0.416223,-0.775428,0.218851,1.085280,,,,,,
sample,758,drone,,18.933896,13.933339,0.541264,2.142163,0.920178,1.744101,-0.492806,-0.437427,-0.829671,0.234439,1.085318,,,,,,
sample,759,drone,,18.958875,13.956188,0.584570,2.129926,0.908987,1.722699,-0.486755,-0.458630,-0.883915,0.250027,1.085272,,,,,,
sample,760,drone,,18.983853,13.978750,0.627325,2.117845,0.897266,1.699943,-0.480315,-0.479834,-0.938158,0.265615,1.085140,,,,,,
sample,761,drone,,19.008832,14.001013,0.669495,2.105931,0.885015,1.675831,-0.473486,-0.501038,-0.992402,0.281203,1.084918,,,,,,
sample,762,drone,,19.033811,14.022963,0.711046,2.094191,0.872235,1.650365,-0.466267,-0.522242,-1.046646,0.296790,1.084601,,,,,,
sample,763,drone,,19.058790,14.044588,0.751943,2.082637,0.858925,1.623544,-0.458659,-0.543445,-1.100889,0.312378,1.084185,,,,,,
sample,764,drone,,19.083768,14.065873,0.792154,2.071278,0.845086,1.595367,-0.450661,-0.564649,-1.155133,0.327966,1.083662,,,,,,
sample,765,drone,,19.108747,14.086806,0.831644,2.060123,0.830717,1.565836,-0.442275,-0.585853,-1.209376,0.343554,1.083027,,,,,,
sample,766,drone,,19.133726,14.107374,0.870379,2.049183,0.815818,1.534950,-0.433498,-0.607056,-1.263620,0.359142,1.082271,,,,,,
sample,767,drone,,19.158705,14.127562,0.908326,2.038467,0.800390,1.502709,-0.424333,-0.628260,-1.317863,0.374729,1.081386,,,,,,
sample,768,drone,,19.183683,14.147359,0.945451,2.027984,0.784432,1.469113,-0.414778,-0.649464,-1.372107,0.390317,1.080359,,,,,,
sample,769,drone,,19.208662,14.166751,0.981719,2.017745,0.767944,1.434162,-0.404834,-0.670668,-1.426351,0.405905,1.079180,,,,,,
sample,770,drone,,19.233641,14.185724,1.017098,2.007760,0.750927,1.397856,-0.394500,-0.691871,-1.480594,0.421493,1.077834,,,,,,
sample,771,drone,,19.258620,14.204265,1.051553,1.998037,0.733380,1.360195,-0.383777,-0.713075,-1.534838,0.437080,1.076304,,,,,,
sample,772,drone,,19.283598,14.222361,1.085050,1.988587,0.715304,1.321179,-0.372664,-0.734279,-1.589081,0.452668,1.074570,,,,,,
sample,773,drone,,19.308577,14.240000,1.117556,1.979420,0.696697,1.280808,-0.361163,-0.755483,-1.643325,0.468256,1.072609,,,,,,
sample,774,drone,,19.333556,14.257167,1.149036,1.970544,0.677561,1.239083,-0.349272,-0.776686,-1.697568,0.483844,1.070394,,,,,,
sample,775,drone,,19.358535,14.273849,1.179457,1.961971,0.657896,1.196002,-0.336991,-0.797890,-1.751812,0.499432,1.067892,,,,,,
sample,776,drone,,19.383513,14.290034,1.208785,1.953709,0.637701,1.151567,-0.324321,-0.819094,-1.806056,0.515019,1.065065,,,,,,
sample,777,drone,,19.408492,14.305707,1.236986,1.945769,0.616976,1.105776,-0.311262,-0.840298,-1.860299,0.530607,1.061864,,,,,,
sample,778,drone,,19.433471,14.320856,1.264027,1.938159,0.595722,1.058631,-0.297813,-0.861501,-1.914543,0.546195,1.058233,,,,,,
sample,779,drone,,19.458450,14.335468,1.289873,1.930891,0.573938,1.010130,-0.283975,-0.882705,-1.968786,0.561783,1.054101,,,,,,
sample,780,drone,,19.483428,14.349529,1.314491,1.923973,0.551624,0.960275,-0.269748,-0.903909,-2.023030,0.577371,1.049380,,,,,,
sample,781,drone,,19.508407,14.363026,1.337846,1.917415,0.528781,0.909065,-0.255131,-0.925113,-2.077273,0.592958,1.043960,,,,,,
sample,782,drone,,19.533386,14.375945,1.359905,1.911227,0.505408,0.856500,-0.240125,-0.946316,-2.131517,0.608546,1.037699,,,,,,
sample,783,drone,,19.558365,14.388274,1.380634,1.905419,0.481505,0.802579,-0.224730,-0.720339,-1.625760,0.464203,1.030416,,,,,,
sample,784,drone,,19.583343,14.400000,1.400000,1.900000,0.469421,0.775281,-0.216935,-0.483760,-1.092880,0.312067,1.026353,,,,,,
