section,index,name,t,x,y,z,vx,vy,vz,ax,ay,az,yaw
crossing,1,G1,1.881245,2.405237,-0.404519,0.971314,,,,,,
crossing,2,G6,5.082642,4.265573,3.455294,2.105182,,,,,,
crossing,3,G3,9.978234,6.101917,-2.750496,0.429205,,,,,,
crossing,4,G2,14.794174,8.517863,2.974360,2.707663,,,,,,
crossing,5,G5,16.460815,10.038741,1.852327,1.707078,,,,,,
crossing,6,G4,19.744600,12.338960,-2.011943,2.431645,,,,,,
sample,0,drone,0.000000,0.000000,-1.400000,1.200000,0.002210,0.000915,-0.000210,0.258311,0.106910,-0.024560,0.392415
sample,1,drone,0.024982,0.000055,-1.399977,1.199995,0.008663,0.003585,-0.000824,0.507020,0.209846,-0.048207,0.392415
sample,2,drone,0.049964,0.000433,-1.399821,1.199959,0.027543,0.011399,-0.002619,0.984625,0.407517,-0.093617,0.392415
sample,3,drone,0.074946,0.001431,-1.399408,1.199864,0.057859,0.023947,-0.005501,1.422275,0.588652,-0.135228,0.392415
sample,4,drone,0.099928,0.003324,-1.398624,1.199684,0.098605,0.040811,-0.009375,1.820217,0.753353,-0.173064,0.392415
sample,5,drone,0.124910,0.006358,-1.397369,1.199395,0.148804,0.061587,-0.014148,2.179598,0.902094,-0.207233,0.392415
sample,6,drone,0.149892,0.010759,-1.395547,1.198977,0.207507,0.085883,-0.019729,2.501562,1.035349,-0.237845,0.392415
sample,7,drone,0.174874,0.016726,-1.393077,1.198410,0.273793,0.113318,-0.026032,2.787257,1.153592,-0.265008,0.392415
sample,8,drone,0.199856,0.024438,-1.389885,1.197676,0.346770,0.143521,-0.032970,3.037827,1.257299,-0.288832,0.392415
sample,9,drone,0.224838,0.034052,-1.385907,1.196762,0.425575,0.176137,-0.040463,3.254420,1.346942,-0.309426,0.392415
sample,10,drone,0.249820,0.045702,-1.381085,1.195655,0.509374,0.210820,-0.048431,3.438180,1.422997,-0.326897,0.392415
sample,11,drone,0.274802,0.059502,-1.375373,1.194343,0.597360,0.247236,-0.056796,3.590253,1.485937,-0.341356,0.392415
sample,12,drone,0.299784,0.075548,-1.368732,1.192817,0.688757,0.285064,-0.065486,3.711786,1.536237,-0.352911,0.392415
sample,13,drone,0.324767,0.093916,-1.361130,1.191071,0.782816,0.323993,-0.074429,3.803925,1.574372,-0.361672,0.392415
sample,14,drone,0.349749,0.114661,-1.352544,1.189098,0.878817,0.363726,-0.083557,3.867815,1.600814,-0.367746,0.392415
sample,15,drone,0.374731,0.137825,-1.342957,1.186896,0.976068,0.403976,-0.092803,3.904602,1.616040,-0.371244,0.392415
sample,16,drone,0.399713,0.163429,-1.332360,1.184461,1.073907,0.444470,-0.102106,3.915432,1.620522,-0.372274,0.392415
sample,17,drone,0.424695,0.191482,-1.320749,1.181794,1.171699,0.484944,-0.111403,3.901451,1.614736,-0.370944,0.392415
sample,18,drone,0.449677,0.221972,-1.308130,1.178895,1.268839,0.525148,-0.120639,3.863805,1.599155,-0.367365,0.392415
sample,19,drone,0.474659,0.254878,-1.294511,1.175767,1.364751,0.564844,-0.129759,3.803640,1.574254,-0.361645,0.392415
sample,20,drone,0.499641,0.290161,-1.279908,1.172412,1.458885,0.603804,-0.138709,3.722102,1.540507,-0.353892,0.392415
sample,21,drone,0.524623,0.327770,-1.264342,1.168836,1.550722,0.641814,-0.147440,3.620336,1.498388,-0.344216,0.392415
sample,22,drone,0.549605,0.367641,-1.247840,1.165045,1.639772,0.678670,-0.155907,3.499489,1.448372,-0.332726,0.392415
sample,23,drone,0.574587,0.409700,-1.230433,1.161046,1.725571,0.714181,-0.164065,3.360706,1.390932,-0.319531,0.392415
sample,24,drone,0.599569,0.453858,-1.212157,1.156848,1.807686,0.748167,-0.171872,3.205134,1.326544,-0.304740,0.392415
sample,25,drone,0.624551,0.500019,-1.193052,1.152459,1.885712,0.780460,-0.179291,3.033918,1.255680,-0.288461,0.392415
sample,26,drone,0.649533,0.548076,-1.173162,1.147890,1.959273,0.810906,-0.186285,2.848204,1.178817,-0.270803,0.392415
sample,27,drone,0.674515,0.597912,-1.152536,1.143151,2.028020,0.839359,-0.192821,2.649137,1.096427,-0.251876,0.392415
sample,28,drone,0.699497,0.649404,-1.131224,1.138256,2.091635,0.865688,-0.198870,2.437865,1.008986,-0.231789,0.392415
sample,29,drone,0.724479,0.702419,-1.109282,1.133215,2.149826,0.889772,-0.204402,2.215533,0.916967,-0.210650,0.392415
sample,30,drone,0.749461,0.756818,-1.086768,1.128043,2.202332,0.911503,-0.209395,1.983286,0.820844,-0.188568,0.392415
sample,31,drone,0.774443,0.812456,-1.063740,1.122753,2.248919,0.930785,-0.213824,1.742271,0.721093,-0.165653,0.392415
sample,32,drone,0.799425,0.869183,-1.040262,1.117359,2.289383,0.947532,-0.217671,1.493634,0.618186,-0.142013,0.392415
sample,33,drone,0.824407,0.926843,-1.016397,1.111877,2.323547,0.961672,-0.220920,1.238520,0.512600,-0.117757,0.392415
sample,34,drone,0.849389,0.985277,-0.992213,1.106321,2.351264,0.973143,-0.223555,0.978075,0.404806,-0.092994,0.392415
sample,35,drone,0.874371,1.044322,-0.967775,1.100707,2.372416,0.981897,-0.225566,0.713445,0.295281,-0.067833,0.392415
sample,36,drone,0.899353,1.103813,-0.943153,1.095051,2.386911,0.987897,-0.226944,0.445777,0.184499,-0.042384,0.392415
sample,37,drone,0.924335,1.163582,-0.918416,1.089368,2.394689,0.991116,-0.227684,0.176216,0.072932,-0.016754,0.392415
sample,38,drone,0.949318,1.223461,-0.893633,1.083675,2.395715,0.991541,-0.227781,-0.094093,-0.038943,0.008946,0.392415
sample,39,drone,0.974300,1.283281,-0.868874,1.077987,2.389987,0.989170,-0.227237,-0.364002,-0.150654,0.034609,0.392415
sample,40,drone,0.999282,1.342874,-0.844210,1.072321,2.377528,0.984013,-0.226052,-0.632367,-0.261725,0.060125,0.392415
sample,41,drone,1.024264,1.402072,-0.819709,1.066693,2.358392,0.976093,-0.224233,-0.898042,-0.371682,0.085385,0.392415
sample,42,drone,1.049246,1.460709,-0.795440,1.061118,2.332659,0.965443,-0.221786,-1.159879,-0.480052,0.110280,0.392415
sample,43,drone,1.074228,1.518622,-0.771472,1.055612,2.300439,0.952108,-0.218722,-1.416735,-0.586359,0.134701,0.392415
sample,44,drone,1.099210,1.575649,-0.747869,1.050190,2.261873,0.936146,-0.215056,-1.667462,-0.690130,0.158540,0.392415
sample,45,drone,1.124192,1.631634,-0.724698,1.044867,2.217126,0.917626,-0.210801,-1.910914,-0.790891,0.181687,0.392415
sample,46,drone,1.149174,1.686425,-0.702021,1.039657,2.166396,0.896630,-0.205978,-2.145947,-0.888166,0.204034,0.392415
sample,47,drone,1.174156,1.739876,-0.679899,1.034575,2.109906,0.873250,-0.200607,-2.371414,-0.981483,0.225471,0.392415
sample,48,drone,1.199138,1.791845,-0.658390,1.029634,2.047910,0.847591,-0.194712,-2.586168,-1.070366,0.245889,0.392415
sample,49,drone,1.224120,1.842198,-0.637550,1.024846,1.980690,0.819770,-0.188321,-2.789065,-1.154341,0.265180,0.392415
sample,50,drone,1.249102,1.890808,-0.617431,1.020225,1.908557,0.789915,-0.181463,-2.978958,-1.232934,0.283235,0.392415
sample,51,drone,1.274084,1.937557,-0.598082,1.015780,1.831849,0.758167,-0.174170,-3.154702,-1.305671,0.299945,0.392415
sample,52,drone,1.299066,1.982335,-0.579550,1.011522,1.750935,0.724679,-0.166476,-3.315150,-1.372077,0.315200,0.392415
sample,53,drone,1.324048,2.025041,-0.561874,1.007462,1.666211,0.689613,-0.158421,-3.459156,-1.431679,0.328892,0.392415
sample,54,drone,1.349030,2.065586,-0.545094,1.003607,1.578102,0.653146,-0.150044,-3.585575,-1.484001,0.340911,0.392415
sample,55,drone,1.374012,2.103889,-0.529240,0.999965,1.487061,0.615466,-0.141388,-3.693261,-1.528570,0.351150,0.392415
sample,56,drone,1.398994,2.139885,-0.514342,0.996543,1.393571,0.576772,-0.132499,-3.781068,-1.564912,0.359499,0.392415
sample,57,drone,1.423976,2.173518,-0.500423,0.993345,1.298143,0.537277,-0.123426,-3.847850,-1.592551,0.365848,0.392415
sample,58,drone,1.448958,2.204746,-0.487498,0.990376,1.201317,0.497202,-0.114220,-3.892461,-1.611015,0.370090,0.392415
sample,59,drone,1.473940,2.233541,-0.475580,0.987638,1.103660,0.456784,-0.104934,-3.913755,-1.619828,0.372114,0.392415
sample,60,drone,1.498922,2.259889,-0.464675,0.985133,1.005770,0.416269,-0.095627,-3.910586,-1.618517,0.371813,0.392415
sample,61,drone,1.523904,2.283793,-0.454782,0.982860,0.908271,0.375916,-0.086357,-3.881809,-1.606606,0.369077,0.392415
sample,62,drone,1.548886,2.305270,-0.445893,0.980818,0.811819,0.335996,-0.077187,-3.826277,-1.583623,0.363797,0.392415
sample,63,drone,1.573869,2.324355,-0.437994,0.979004,0.717095,0.296792,-0.068180,-3.742845,-1.549092,0.355864,0.392415
sample,64,drone,1.598851,2.341099,-0.431064,0.977412,0.624811,0.258597,-0.059406,-3.630366,-1.502539,0.345170,0.392415
sample,65,drone,1.623833,2.355573,-0.425073,0.976035,0.535707,0.221719,-0.050934,-3.487695,-1.443490,0.331605,0.392415
sample,66,drone,1.648815,2.367865,-0.419986,0.974867,0.450552,0.186475,-0.042838,-3.313686,-1.371471,0.315061,0.392415
sample,67,drone,1.673797,2.378084,-0.415756,0.973895,0.370142,0.153195,-0.035193,-3.107193,-1.286008,0.295427,0.392415
sample,68,drone,1.698779,2.386359,-0.412332,0.973108,0.295304,0.122220,-0.028077,-2.867070,-1.186625,0.272597,0.392415
sample,69,drone,1.723761,2.392839,-0.409650,0.972492,0.226891,0.093906,-0.021572,-2.592171,-1.072850,0.246460,0.392415
sample,70,drone,1.748743,2.397695,-0.407640,0.972031,0.165788,0.068617,-0.015763,-2.281350,-0.944207,0.216908,0.392415
sample,71,drone,1.773725,2.401122,-0.406221,0.971705,0.112906,0.046730,-0.010735,-1.933462,-0.800223,0.183831,0.392415
sample,72,drone,1.798707,2.403337,-0.405305,0.971494,0.069184,0.028634,-0.006578,-1.547360,-0.640423,0.147121,0.392415
sample,73,drone,1.823689,2.404579,-0.404791,0.971376,0.035593,0.014731,-0.003384,-1.121899,-0.464333,0.106669,0.392415
sample,74,drone,1.848671,2.405115,-0.404569,0.971325,0.013130,0.005434,-0.001248,-0.662464,-0.272213,0.063821,0.392415
sample,75,drone,1.873653,2.405235,-0.404519,0.971314,0.002494,0.001130,-0.000195,-0.245218,-0.073361,0.035248,0.425596
sample,76,drone,1.898635,2.405240,-0.404512,0.971315,0.000878,0.001769,0.000513,0.016128,0.114396,0.044163,1.110184
sample,77,drone,1.923617,2.405279,-0.404431,0.971339,0.003300,0.006846,0.002011,0.136651,0.284569,0.083732,1.121672
sample,78,drone,1.948599,2.405404,-0.404170,0.971416,0.007705,0.015987,0.004696,0.213603,0.443181,0.130190,1.121672
sample,79,drone,1.973581,2.405664,-0.403632,0.971574,0.013972,0.028989,0.008516,0.286212,0.593831,0.174445,1.121672
sample,80,drone,1.998563,2.406103,-0.402722,0.971841,0.022006,0.045657,0.013412,0.355072,0.736701,0.216415,1.121672
sample,81,drone,2.023545,2.406763,-0.401351,0.972244,0.031713,0.065798,0.019329,0.420245,0.871921,0.256138,1.121672
sample,82,drone,2.048527,2.407687,-0.399434,0.972807,0.043003,0.089222,0.026210,0.481792,0.999618,0.293650,1.121672
sample,83,drone,2.073509,2.408912,-0.396893,0.973554,0.055785,0.115743,0.034001,0.539775,1.119922,0.328991,1.121672
sample,84,drone,2.098491,2.410474,-0.393651,0.974506,0.069972,0.145178,0.042648,0.594258,1.232962,0.362198,1.121672
sample,85,drone,2.123473,2.412408,-0.389639,0.975685,0.085477,0.177347,0.052098,0.645301,1.338867,0.393309,1.121672
sample,86,drone,2.148455,2.414745,-0.384791,0.977109,0.102214,0.212073,0.062299,0.692968,1.437764,0.422361,1.121672
sample,87,drone,2.173437,2.417515,-0.379043,0.978797,0.120100,0.249183,0.073201,0.737319,1.529785,0.449393,1.121672
sample,88,drone,2.198420,2.420746,-0.372340,0.980766,0.139054,0.288507,0.084753,0.778418,1.615056,0.474443,1.121672
sample,89,drone,2.223402,2.424463,-0.364628,0.983032,0.158993,0.329878,0.096906,0.816326,1.693707,0.497548,1.121672
sample,90,drone,2.248384,2.428690,-0.355858,0.985608,0.179840,0.373132,0.109612,0.851105,1.765867,0.518746,1.121672
sample,91,drone,2.273366,2.433448,-0.345985,0.988508,0.201518,0.418108,0.122824,0.882818,1.831665,0.538075,1.121672
sample,92,drone,2.298348,2.438758,-0.334968,0.991745,0.223950,0.464649,0.136497,0.911526,1.891229,0.555572,1.121672
sample,93,drone,2.323330,2.444638,-0.322769,0.995328,0.247061,0.512602,0.150583,0.937293,1.944689,0.571277,1.121672
sample,94,drone,2.348312,2.451103,-0.309356,0.999269,0.270781,0.561814,0.165040,0.960179,1.992172,0.585226,1.121672
sample,95,drone,2.373294,2.458167,-0.294699,1.003574,0.295036,0.612139,0.179823,0.980247,2.033809,0.597457,1.121672
sample,96,drone,2.398276,2.465844,-0.278771,1.008253,0.319758,0.663431,0.194891,0.997559,2.069728,0.608009,1.121672
sample,97,drone,2.423258,2.474144,-0.261551,1.013312,0.344878,0.715551,0.210202,1.012177,2.100057,0.616918,1.121672
sample,98,drone,2.448240,2.483075,-0.243019,1.018756,0.370330,0.768359,0.225715,1.024163,2.124926,0.624224,1.121672
sample,99,drone,2.473222,2.492647,-0.223161,1.024590,0.396049,0.821721,0.241391,1.033579,2.144464,0.629963,1.121672
sample,100,drone,2.498204,2.502864,-0.201963,1.030817,0.421972,0.875505,0.257191,1.040489,2.158799,0.634174,1.121672
sample,101,drone,2.523186,2.513730,-0.179417,1.037440,0.448036,0.929583,0.273077,1.044952,2.168060,0.636895,1.121672
sample,102,drone,2.548168,2.525249,-0.155517,1.044461,0.474182,0.983830,0.289012,1.047032,2.172376,0.638163,1.121672
sample,103,drone,2.573150,2.537422,-0.130261,1.051880,0.500350,1.038124,0.304962,1.046791,2.171876,0.638016,1.121672
sample,104,drone,2.598132,2.550249,-0.103648,1.059698,0.526484,1.092346,0.320890,1.044291,2.166688,0.636492,1.121672
sample,105,drone,2.623114,2.563728,-0.075683,1.067913,0.552527,1.146380,0.336764,1.039594,2.156942,0.633629,1.121672
sample,106,drone,2.648096,2.577855,-0.046370,1.076524,0.578426,1.200115,0.352549,1.032762,2.142767,0.629465,1.121672
sample,107,drone,2.673078,2.592628,-0.015720,1.085528,0.604128,1.253442,0.368214,1.023856,2.124291,0.624037,1.121672
sample,108,drone,2.698060,2.608040,0.016257,1.094922,0.629582,1.306254,0.383728,1.012941,2.101642,0.617384,1.121672
sample,109,drone,2.723042,2.624085,0.049546,1.104701,0.654739,1.358448,0.399061,1.000076,2.074951,0.609543,1.121672
sample,110,drone,2.748024,2.640754,0.084130,1.114860,0.679550,1.409927,0.414184,0.985325,2.044346,0.600552,1.121672
sample,111,drone,2.773006,2.658038,0.119991,1.125395,0.703970,1.460592,0.429067,0.968750,2.009955,0.590450,1.121672
sample,112,drone,2.797988,2.675927,0.157107,1.136298,0.727953,1.510352,0.443685,0.950412,1.971908,0.579273,1.121672
sample,113,drone,2.822971,2.694409,0.195455,1.147563,0.751456,1.559117,0.458010,0.930374,1.930333,0.567060,1.121672
sample,114,drone,2.847953,2.713473,0.235007,1.159182,0.774438,1.606800,0.472018,0.908698,1.885360,0.553848,1.121672
sample,115,drone,2.872935,2.733103,0.275737,1.171147,0.796859,1.653317,0.485683,0.885445,1.837116,0.539676,1.121672
sample,116,drone,2.897917,2.753287,0.317614,1.183449,0.818679,1.698589,0.498982,0.860679,1.785732,0.524581,1.121672
sample,117,drone,2.922899,2.774008,0.360605,1.196078,0.839862,1.742539,0.511893,0.834461,1.731335,0.508601,1.121672
sample,118,drone,2.947881,2.795250,0.404678,1.209025,0.860372,1.785094,0.524394,0.806854,1.674054,0.491775,1.121672
sample,119,drone,2.972863,2.816996,0.449796,1.222279,0.880175,1.826182,0.536464,0.777918,1.614020,0.474139,1.121672
sample,120,drone,2.997845,2.839227,0.495922,1.235829,0.899240,1.865737,0.548084,0.747717,1.551359,0.455731,1.121672
sample,121,drone,3.022827,2.861925,0.543016,1.249664,0.917534,1.903694,0.559234,0.716313,1.486202,0.436590,1.121672
sample,122,drone,3.047809,2.885071,0.591038,1.263771,0.935030,1.939994,0.569897,0.683768,1.418676,0.416754,1.121672
sample,123,drone,3.072791,2.908643,0.639946,1.278138,0.951698,1.974577,0.580057,0.650143,1.348912,0.396260,1.121672
sample,124,drone,3.097773,2.932621,0.689696,1.292753,0.967514,2.007391,0.589696,0.615501,1.277037,0.375146,1.121672
sample,125,drone,3.122755,2.956984,0.740243,1.307602,0.982451,2.038383,0.598801,0.579904,1.203181,0.353450,1.121672
sample,126,drone,3.147737,2.981709,0.791542,1.322671,0.996488,2.067507,0.607356,0.543414,1.127472,0.331209,1.121672
sample,127,drone,3.172719,3.006773,0.843544,1.337948,1.009602,2.094716,0.615349,0.506094,1.050040,0.308462,1.121672
sample,128,drone,3.197701,3.032153,0.896202,1.353417,1.021774,2.119971,0.622768,0.468004,0.971012,0.285247,1.121672
sample,129,drone,3.222683,3.057825,0.949467,1.369064,1.032986,2.143232,0.629601,0.429208,0.890519,0.261601,1.121672
sample,130,drone,3.247665,3.083765,1.003287,1.384874,1.043219,2.164465,0.635839,0.389768,0.808688,0.237562,1.121672
sample,131,drone,3.272647,3.109948,1.057612,1.400833,1.052460,2.183637,0.641471,0.349745,0.725649,0.213169,1.121672
sample,132,drone,3.297629,3.136350,1.112390,1.416925,1.060694,2.200721,0.646489,0.309202,0.641531,0.188458,1.121672
sample,133,drone,3.322611,3.162945,1.167569,1.433134,1.067909,2.215691,0.650887,0.268201,0.556461,0.163468,1.121672
sample,134,drone,3.347593,3.189707,1.223095,1.449446,1.074095,2.228524,0.654657,0.226804,0.470571,0.138236,1.121672
sample,135,drone,3.372575,3.216611,1.278915,1.465843,1.079241,2.239202,0.657794,0.185072,0.383987,0.112801,1.121672
sample,136,drone,3.397557,3.243630,1.334975,1.482312,1.083342,2.247710,0.660293,0.143069,0.296839,0.087200,1.121672
sample,137,drone,3.422539,3.270739,1.391220,1.498834,1.086390,2.254034,0.662151,0.100856,0.209256,0.061471,1.121672
sample,138,drone,3.447522,3.297911,1.447596,1.515395,1.088381,2.258165,0.663364,0.058495,0.121366,0.035653,1.121672
sample,139,drone,3.472504,3.325119,1.504047,1.531979,1.089312,2.260098,0.663932,0.016049,0.033299,0.009782,1.121672
sample,140,drone,3.497486,3.352337,1.560520,1.548568,1.089183,2.259829,0.663853,-0.026420,-0.054817,-0.016103,1.121672
sample,141,drone,3.522468,3.379539,1.616958,1.565148,1.087992,2.257359,0.663127,-0.068852,-0.142853,-0.041965,1.121672
sample,142,drone,3.547450,3.406698,1.673306,1.581701,1.085742,2.252691,0.661756,-0.111182,-0.230679,-0.067765,1.121672
sample,143,drone,3.572432,3.433787,1.729511,1.598212,1.082437,2.245833,0.659742,-0.153349,-0.318168,-0.093466,1.121672
sample,144,drone,3.597414,3.460781,1.785517,1.614664,1.078081,2.236794,0.657086,-0.195292,-0.405190,-0.119030,1.121672
sample,145,drone,3.622396,3.487652,1.841271,1.631042,1.072679,2.225588,0.653794,-0.236947,-0.491617,-0.144419,1.121672
sample,146,drone,3.647378,3.514376,1.896717,1.647330,1.066242,2.212231,0.649871,-0.278254,-0.577319,-0.169595,1.121672
sample,147,drone,3.672360,3.540926,1.951803,1.663512,1.058777,2.196743,0.645321,-0.319149,-0.662168,-0.194520,1.121672
sample,148,drone,3.697342,3.567277,2.006475,1.679573,1.050296,2.179147,0.640152,-0.359570,-0.746034,-0.219157,1.121672
sample,149,drone,3.722324,3.593403,2.060682,1.695497,1.040811,2.159468,0.634371,-0.399457,-0.828790,-0.243468,1.121672
sample,150,drone,3.747306,3.619280,2.114371,1.711269,1.030337,2.137737,0.627987,-0.438745,-0.910306,-0.267414,1.121672
sample,151,drone,3.772288,3.644883,2.167492,1.726874,1.018890,2.113985,0.621010,-0.477375,-0.990453,-0.290958,1.121672
sample,152,drone,3.797270,3.670188,2.219994,1.742297,1.006486,2.088250,0.613450,-0.515282,-1.069103,-0.314063,1.121672
sample,153,drone,3.822252,3.695171,2.271829,1.757524,0.993144,2.060569,0.605318,-0.552405,-1.146127,-0.336689,1.121672
sample,154,drone,3.847234,3.719810,2.322949,1.772541,0.978885,2.030985,0.596627,-0.588683,-1.221395,-0.358800,1.121672
sample,155,drone,3.872216,3.744080,2.373306,1.787334,0.963731,1.999543,0.587391,-0.624052,-1.294779,-0.380358,1.121672
sample,156,drone,3.897198,3.767962,2.422854,1.801890,0.947705,1.966292,0.577623,-0.658451,-1.366150,-0.401324,1.121672
sample,157,drone,3.922180,3.791432,2.471549,1.816195,0.930832,1.931284,0.567339,-0.691818,-1.435380,-0.421661,1.121672
sample,158,drone,3.947162,3.814470,2.519349,1.830236,0.913139,1.894575,0.556555,-0.724091,-1.502339,-0.441331,1.121672
sample,159,drone,3.972144,3.837056,2.566210,1.844002,0.894654,1.856221,0.545288,-0.755207,-1.566898,-0.460296,1.121672
sample,160,drone,3.997126,3.859170,2.612093,1.857481,0.875406,1.816286,0.533557,-0.785104,-1.628929,-0.478518,1.121672
sample,161,drone,4.022108,3.880795,2.656959,1.870661,0.855427,1.774833,0.521380,-0.813721,-1.688303,-0.495960,1.121672
sample,162,drone,4.047090,3.901911,2.700771,1.883531,0.834749,1.731932,0.508777,-0.840995,-1.744891,-0.512584,1.121672
sample,163,drone,4.072073,3.922502,2.743494,1.896082,0.813407,1.687652,0.495769,-0.866864,-1.798564,-0.528351,1.121672
sample,164,drone,4.097055,3.942552,2.785093,1.908302,0.791437,1.642068,0.482378,-0.891266,-1.849194,-0.543224,1.121672
sample,165,drone,4.122037,3.962045,2.825538,1.920183,0.768876,1.595258,0.468627,-0.914139,-1.896650,-0.557165,1.121672
sample,166,drone,4.147019,3.980968,2.864799,1.931717,0.745763,1.547304,0.454540,-0.935421,-1.940806,-0.570136,1.121672
sample,167,drone,4.172001,3.999307,2.902848,1.942894,0.722138,1.498288,0.440141,-0.955050,-1.981531,-0.582100,1.121672
sample,168,drone,4.196983,4.017049,2.939659,1.953708,0.698045,1.448298,0.425456,-0.972963,-2.018697,-0.593018,1.121672
sample,169,drone,4.221965,4.034184,2.975210,1.964151,0.673525,1.397425,0.410511,-0.989099,-2.052175,-0.602852,1.121672
sample,170,drone,4.246947,4.050701,3.009480,1.974219,0.648625,1.345763,0.395335,-1.003395,-2.081836,-0.611566,1.121672
sample,171,drone,4.271929,4.066592,3.042450,1.983904,0.623391,1.293408,0.379955,-1.015789,-2.107552,-0.619120,1.121672
sample,172,drone,4.296911,4.081848,3.074104,1.993203,0.597872,1.240461,0.364401,-1.026219,-2.129193,-0.625477,1.121672
sample,173,drone,4.321893,4.096464,3.104429,2.002111,0.572117,1.187025,0.348704,-1.034624,-2.146631,-0.630600,1.121672
sample,174,drone,4.346875,4.110434,3.133413,2.010625,0.546178,1.133207,0.332894,-1.040940,-2.159736,-0.634450,1.121672
sample,175,drone,4.371857,4.123753,3.161048,2.018744,0.520108,1.079116,0.317004,-1.045107,-2.168381,-0.636989,1.121672
sample,176,drone,4.396839,4.136420,3.187330,2.026464,0.493960,1.024866,0.301067,-1.047061,-2.172435,-0.638180,1.121672
sample,177,drone,4.421821,4.148434,3.212255,2.033786,0.467792,0.970572,0.285118,-1.046741,-2.171771,-0.637985,1.121672
sample,178,drone,4.446803,4.159793,3.235824,2.040710,0.441661,0.916355,0.269191,-1.044084,-2.166259,-0.636366,1.121672
sample,179,drone,4.471785,4.170501,3.258040,2.047236,0.415626,0.862337,0.253322,-1.039029,-2.155771,-0.633285,1.121672
sample,180,drone,4.496767,4.180560,3.278910,2.053367,0.389747,0.808644,0.237549,-1.031513,-2.140177,-0.628704,1.121672
sample,181,drone,4.521749,4.189974,3.298443,2.059105,0.364087,0.755405,0.221910,-1.021475,-2.119349,-0.622586,1.121672
sample,182,drone,4.546731,4.198751,3.316653,2.064454,0.338710,0.702753,0.206442,-1.008852,-2.093159,-0.614892,1.121672
sample,183,drone,4.571713,4.206897,3.333555,2.069420,0.313681,0.650822,0.191187,-0.993581,-2.061476,-0.605584,1.121672
sample,184,drone,4.596695,4.214424,3.349170,2.074007,0.289066,0.599753,0.176185,-0.975602,-2.024173,-0.594626,1.121672
sample,185,drone,4.621677,4.221340,3.363521,2.078223,0.264935,0.549686,0.161477,-0.954852,-1.981120,-0.581979,1.121672
sample,186,drone,4.646659,4.227661,3.376635,2.082075,0.241358,0.500768,0.147107,-0.931268,-1.932188,-0.567605,1.121672
sample,187,drone,4.671641,4.233400,3.388542,2.085573,0.218406,0.453146,0.133117,-0.904789,-1.877250,-0.551466,1.121672
sample,188,drone,4.696624,4.238573,3.399276,2.088726,0.196151,0.406973,0.119553,-0.875352,-1.816175,-0.533524,1.121672
sample,189,drone,4.721606,4.243200,3.408876,2.091546,0.174669,0.362403,0.106460,-0.842896,-1.748835,-0.513742,1.121672
sample,190,drone,4.746588,4.247300,3.417383,2.094045,0.154037,0.319594,0.093885,-0.807358,-1.675102,-0.492082,1.121672
sample,191,drone,4.771570,4.250896,3.424844,2.096237,0.134330,0.278708,0.081874,-0.768677,-1.594846,-0.468506,1.121672
sample,192,drone,4.796552,4.254012,3.431309,2.098136,0.115630,0.239909,0.070476,-0.726790,-1.507938,-0.442976,1.121672
sample,193,drone,4.821534,4.256674,3.436831,2.099758,0.098017,0.203365,0.059741,-0.681634,-1.414250,-0.415454,1.121672
sample,194,drone,4.846516,4.258910,3.441470,2.101121,0.081573,0.169247,0.049719,-0.633149,-1.313653,-0.385902,1.121672
sample,195,drone,4.871498,4.260750,3.445287,2.102242,0.066382,0.137730,0.040460,-0.581271,-1.206018,-0.354283,1.121672
sample,196,drone,4.896480,4.262226,3.448351,2.103142,0.052530,0.108990,0.032017,-0.525939,-1.091215,-0.320558,1.121672
sample,197,drone,4.921462,4.263374,3.450733,2.103842,0.040104,0.083208,0.024443,-0.467091,-0.969117,-0.284690,1.121672
sample,198,drone,4.946444,4.264230,3.452508,2.104364,0.029193,0.060569,0.017793,-0.404664,-0.839595,-0.246642,1.121672
sample,199,drone,4.971426,4.264833,3.453759,2.104731,0.019886,0.041259,0.012120,-0.338597,-0.702519,-0.206374,1.121672
sample,200,drone,4.996408,4.265224,3.454570,2.104969,0.012275,0.025468,0.007482,-0.268827,-0.557760,-0.163849,1.121672
sample,201,drone,5.021390,4.265446,3.455031,2.105105,0.006454,0.013391,0.003934,-0.195292,-0.405191,-0.119030,1.121672
sample,202,drone,5.046372,4.265546,3.455239,2.105166,0.002517,0.005223,0.001534,-0.118357,-0.246441,-0.072382,1.121672
sample,203,drone,5.071354,4.265572,3.455292,2.105182,0.000540,0.001077,0.000317,-0.046474,-0.115973,-0.033781,1.105933
sample,204,drone,5.096336,4.265573,3.455293,2.105182,0.000195,-0.000571,-0.000154,0.004884,-0.074614,-0.020675,-1.241476
sample,205,drone,5.121318,4.265582,3.455264,2.105174,0.000784,-0.002651,-0.000716,0.034992,-0.120026,-0.032431,-1.283097
sample,206,drone,5.146300,4.265612,3.455160,2.105146,0.001944,-0.006568,-0.001774,0.057233,-0.193415,-0.052235,-1.283098
sample,207,drone,5.171282,4.265679,3.454936,2.105085,0.003644,-0.012314,-0.003326,0.078540,-0.265420,-0.071681,-1.283098
sample,208,drone,5.196264,4.265794,3.454545,2.104980,0.005868,-0.019830,-0.005355,0.099155,-0.335085,-0.090495,-1.283098
sample,209,drone,5.221246,4.265972,3.453945,2.104818,0.008598,-0.029057,-0.007847,0.119084,-0.402436,-0.108685,-1.283098
sample,210,drone,5.246228,4.266224,3.453093,2.104588,0.011818,-0.039937,-0.010786,0.138336,-0.467497,-0.126255,-1.283098
sample,211,drone,5.271210,4.266562,3.451949,2.104279,0.015510,-0.052415,-0.014155,0.156918,-0.530293,-0.143214,-1.283098
sample,212,drone,5.296192,4.266999,3.450474,2.103880,0.019658,-0.066433,-0.017941,0.174837,-0.590848,-0.159568,-1.283098
sample,213,drone,5.321175,4.267545,3.448630,2.103382,0.024246,-0.081936,-0.022128,0.192100,-0.649188,-0.175324,-1.283098
sample,214,drone,5.346157,4.268210,3.446381,2.102775,0.029256,-0.098869,-0.026701,0.208715,-0.705336,-0.190488,-1.283098
sample,215,drone,5.371139,4.269006,3.443690,2.102048,0.034674,-0.117177,-0.031646,0.224689,-0.759319,-0.205067,-1.283098
sample,216,drone,5.396121,4.269943,3.440526,2.101194,0.040482,-0.136808,-0.036947,0.240029,-0.811161,-0.219068,-1.283098
sample,217,drone,5.421103,4.271029,3.436855,2.100202,0.046667,-0.157706,-0.042591,0.254743,-0.860886,-0.232497,-1.283098
sample,218,drone,5.446085,4.272274,3.432646,2.099066,0.053211,-0.179821,-0.048564,0.268838,-0.908519,-0.245361,-1.283098
sample,219,drone,5.471067,4.273688,3.427870,2.097776,0.060099,-0.203100,-0.054850,0.282322,-0.954086,-0.257667,-1.283098
sample,220,drone,5.496049,4.275277,3.422499,2.096325,0.067316,-0.227491,-0.061438,0.295201,-0.997610,-0.269421,-1.283098
sample,221,drone,5.521031,4.277051,3.416504,2.094706,0.074848,-0.252944,-0.068312,0.307483,-1.039117,-0.280631,-1.283098
sample,222,drone,5.546013,4.279017,3.409860,2.092912,0.082680,-0.279410,-0.075459,0.319176,-1.078631,-0.291302,-1.283098
sample,223,drone,5.570995,4.281182,3.402543,2.090936,0.090796,-0.306837,-0.082866,0.330286,-1.116177,-0.301442,-1.283098
sample,224,drone,5.595977,4.283553,3.394530,2.088772,0.099182,-0.335178,-0.090520,0.340821,-1.151780,-0.311058,-1.283098
sample,225,drone,5.620959,4.286138,3.385797,2.086413,0.107824,-0.364385,-0.098408,0.350789,-1.185465,-0.320155,-1.283098
sample,226,drone,5.645941,4.288941,3.376323,2.083855,0.116709,-0.394409,-0.106517,0.360196,-1.217257,-0.328741,-1.283098
sample,227,drone,5.670923,4.291969,3.366090,2.081091,0.125821,-0.425204,-0.114833,0.369051,-1.247179,-0.336822,-1.283098
sample,228,drone,5.695905,4.295227,3.355079,2.078117,0.135148,-0.456723,-0.123346,0.377359,-1.275258,-0.344405,-1.283098
sample,229,drone,5.720887,4.298721,3.343271,2.074928,0.144676,-0.488921,-0.132041,0.385130,-1.301517,-0.351497,-1.283098
sample,230,drone,5.745869,4.302456,3.330650,2.071520,0.154391,-0.521752,-0.140908,0.392369,-1.325982,-0.358104,-1.283098
sample,231,drone,5.770851,4.306435,3.317202,2.067888,0.164280,-0.555172,-0.149934,0.399085,-1.348678,-0.364233,-1.283098
sample,232,drone,5.795833,4.310664,3.302911,2.064028,0.174331,-0.589138,-0.159106,0.405284,-1.369628,-0.369891,-1.283098
sample,233,drone,5.820815,4.315146,3.287766,2.059938,0.184530,-0.623605,-0.168415,0.410975,-1.388858,-0.375084,-1.283098
sample,234,drone,5.845797,4.319884,3.271754,2.055614,0.194865,-0.658531,-0.177847,0.416163,-1.406393,-0.379820,-1.283098
sample,235,drone,5.870779,4.324882,3.254863,2.051052,0.205323,-0.693874,-0.187392,0.420858,-1.422257,-0.384104,-1.283098
sample,236,drone,5.895761,4.330143,3.237085,2.046251,0.215892,-0.729592,-0.197039,0.425065,-1.436476,-0.387944,-1.283098
sample,237,drone,5.920743,4.335669,3.218410,2.041207,0.226561,-0.765646,-0.206775,0.428793,-1.449073,-0.391347,-1.283098
sample,238,drone,5.945726,4.341463,3.198830,2.035920,0.237317,-0.801994,-0.216592,0.432048,-1.460075,-0.394318,-1.283098
sample,239,drone,5.970708,4.347526,3.178339,2.030386,0.248148,-0.838597,-0.226477,0.434838,-1.469504,-0.396864,-1.283098
sample,240,drone,5.995690,4.353861,3.156930,2.024604,0.259043,-0.875417,-0.236421,0.437171,-1.477387,-0.398993,-1.283098
sample,241,drone,6.020672,4.360469,3.134599,2.018573,0.269991,-0.912414,-0.246413,0.439053,-1.483749,-0.400711,-1.283098
sample,242,drone,6.045654,4.367351,3.111342,2.012292,0.280980,-0.949551,-0.256442,0.440493,-1.488612,-0.402025,-1.283098
sample,243,drone,6.070636,4.374508,3.087156,2.005760,0.292000,-0.986791,-0.266499,0.441496,-1.492004,-0.402941,-1.283098
sample,244,drone,6.095618,4.381940,3.062038,1.998977,0.303039,-1.024097,-0.276575,0.442071,-1.493948,-0.403466,-1.283098
sample,245,drone,6.120600,4.389649,3.035988,1.991941,0.314087,-1.061434,-0.286658,0.442226,-1.494469,-0.403606,-1.283098
sample,246,drone,6.145582,4.397633,3.009005,1.984654,0.325134,-1.098767,-0.296740,0.441966,-1.493592,-0.403369,-1.283098
sample,247,drone,6.170564,4.405894,2.981089,1.977115,0.336170,-1.136060,-0.306812,0.441300,-1.491342,-0.402762,-1.283098
sample,248,drone,6.195546,4.414430,2.952242,1.969324,0.347183,-1.173281,-0.316864,0.440235,-1.487743,-0.401790,-1.283098
sample,249,drone,6.220528,4.423241,2.922467,1.961283,0.358166,-1.210394,-0.326887,0.438779,-1.482820,-0.400460,-1.283098
sample,250,drone,6.245510,4.432325,2.891766,1.952992,0.369107,-1.247368,-0.336873,0.436938,-1.476599,-0.398780,-1.283098
sample,251,drone,6.270492,4.441683,2.860144,1.944452,0.379997,-1.284171,-0.346812,0.434720,-1.469103,-0.396756,-1.283098
sample,252,drone,6.295474,4.451311,2.827604,1.935664,0.390827,-1.320771,-0.356696,0.432132,-1.460358,-0.394394,-1.283098
sample,253,drone,6.320456,4.461210,2.794152,1.926630,0.401588,-1.357136,-0.366517,0.429182,-1.450388,-0.391702,-1.283098
sample,254,drone,6.345438,4.471376,2.759796,1.917351,0.412271,-1.393238,-0.376267,0.425877,-1.439218,-0.388685,-1.283098
sample,255,drone,6.370420,4.481809,2.724541,1.907830,0.422866,-1.429046,-0.385938,0.422224,-1.426874,-0.385351,-1.283098
sample,256,drone,6.395402,4.492504,2.688395,1.898068,0.433367,-1.464530,-0.395521,0.418230,-1.413378,-0.381706,-1.283098
sample,257,drone,6.420384,4.503461,2.651367,1.888068,0.443763,-1.499664,-0.405009,0.413904,-1.398758,-0.377758,-1.283098
sample,258,drone,6.445366,4.514677,2.613465,1.877832,0.454047,-1.534418,-0.414395,0.409252,-1.383036,-0.373512,-1.283098
sample,259,drone,6.470348,4.526147,2.574701,1.867363,0.464211,-1.568766,-0.423671,0.404281,-1.366239,-0.368976,-1.283098
sample,260,drone,6.495330,4.537871,2.535083,1.856664,0.474246,-1.602681,-0.432831,0.399000,-1.348390,-0.364155,-1.283098
sample,261,drone,6.520312,4.549843,2.494624,1.845737,0.484146,-1.636137,-0.441866,0.393414,-1.329515,-0.359058,-1.283098
sample,262,drone,6.545294,4.562060,2.453335,1.834586,0.493903,-1.669109,-0.450771,0.387533,-1.309638,-0.353690,-1.283098
sample,263,drone,6.570277,4.574520,2.411229,1.823215,0.503509,-1.701572,-0.459538,0.381362,-1.288784,-0.348058,-1.283098
sample,264,drone,6.595259,4.587218,2.368318,1.811626,0.512957,-1.733502,-0.468161,0.374909,-1.266978,-0.342169,-1.283098
sample,265,drone,6.620241,4.600150,2.324616,1.799823,0.522241,-1.764875,-0.476634,0.368182,-1.244245,-0.336029,-1.283098
sample,266,drone,6.645223,4.613311,2.280138,1.787811,0.531353,-1.795669,-0.484951,0.361188,-1.220609,-0.329646,-1.283098
sample,267,drone,6.670205,4.626698,2.234897,1.775593,0.540288,-1.825862,-0.493105,0.353934,-1.196095,-0.323025,-1.283098
sample,268,drone,6.695187,4.640306,2.188910,1.763174,0.549037,-1.855431,-0.501090,0.346428,-1.170728,-0.316175,-1.283098
sample,269,drone,6.720169,4.654130,2.142192,1.750557,0.557597,-1.884356,-0.508902,0.338677,-1.144533,-0.309100,-1.283098
sample,270,drone,6.745151,4.668166,2.094760,1.737747,0.565959,-1.912617,-0.516534,0.330688,-1.117534,-0.301809,-1.283098
sample,271,drone,6.770133,4.682408,2.046630,1.724749,0.574119,-1.940193,-0.523982,0.322468,-1.089757,-0.294307,-1.283098
sample,272,drone,6.795115,4.696851,1.997820,1.711567,0.582071,-1.967065,-0.531239,0.314025,-1.061226,-0.286602,-1.283098
sample,273,drone,6.820097,4.711491,1.948347,1.698206,0.589809,-1.993216,-0.538301,0.305367,-1.031965,-0.278699,-1.283098
sample,274,drone,6.845079,4.726321,1.898231,1.684671,0.597328,-2.018627,-0.545164,0.296500,-1.002000,-0.270607,-1.283098
sample,275,drone,6.870061,4.741336,1.847489,1.670967,0.604623,-2.043280,-0.551822,0.287432,-0.971356,-0.262331,-1.283098
sample,276,drone,6.895043,4.756530,1.796140,1.657100,0.611690,-2.067160,-0.558271,0.278170,-0.940056,-0.253878,-1.283098
sample,277,drone,6.920025,4.771898,1.744205,1.643074,0.618522,-2.090249,-0.564507,0.268722,-0.908127,-0.245255,-1.283098
sample,278,drone,6.945007,4.787434,1.691703,1.628895,0.625116,-2.112533,-0.570525,0.259095,-0.875592,-0.236468,-1.283098
sample,279,drone,6.969989,4.803131,1.638654,1.614568,0.631467,-2.133997,-0.576322,0.249296,-0.842477,-0.227525,-1.283098
sample,280,drone,6.994971,4.818985,1.585080,1.600099,0.637572,-2.154627,-0.581893,0.239332,-0.808806,-0.218432,-1.283098
sample,281,drone,7.019953,4.834987,1.531000,1.585494,0.643425,-2.174408,-0.587235,0.229212,-0.774604,-0.209195,-1.283098
sample,282,drone,7.044935,4.851133,1.476437,1.570759,0.649024,-2.193329,-0.592345,0.218941,-0.739895,-0.199821,-1.283098
sample,283,drone,7.069917,4.867415,1.421412,1.555898,0.654365,-2.211377,-0.597219,0.208528,-0.704705,-0.190317,-1.283098
sample,284,drone,7.094899,4.883827,1.365948,1.540919,0.659443,-2.228539,-0.601854,0.197980,-0.669059,-0.180691,-1.283098
sample,285,drone,7.119881,4.900363,1.310066,1.525827,0.664256,-2.244806,-0.606247,0.187304,-0.632981,-0.170947,-1.283098
sample,286,drone,7.144863,4.917016,1.253788,1.510629,0.668802,-2.260165,-0.610395,0.176508,-0.596495,-0.161093,-1.283098
sample,287,drone,7.169845,4.933780,1.197138,1.495329,0.673076,-2.274609,-0.614296,0.165598,-0.559627,-0.151137,-1.283098
sample,288,drone,7.194828,4.950646,1.140139,1.479936,0.677076,-2.288127,-0.617947,0.154583,-0.522402,-0.141083,-1.283098
sample,289,drone,7.219810,4.967609,1.082814,1.464454,0.680799,-2.300710,-0.621345,0.143469,-0.484844,-0.130940,-1.283098
sample,290,drone,7.244792,4.984661,1.025187,1.448891,0.684244,-2.312351,-0.624489,0.132264,-0.446977,-0.120714,-1.283098
sample,291,drone,7.269774,5.001797,0.967280,1.433252,0.687408,-2.323043,-0.627377,0.120975,-0.408828,-0.110411,-1.283098
sample,292,drone,7.294756,5.019007,0.909118,1.417545,0.690288,-2.332778,-0.630006,0.109610,-0.370420,-0.100038,-1.283098
sample,293,drone,7.319738,5.036286,0.850725,1.401774,0.692884,-2.341551,-0.632375,0.098176,-0.331778,-0.089602,-1.283098
sample,294,drone,7.344720,5.053626,0.792124,1.385949,0.695194,-2.349355,-0.634483,0.086680,-0.292927,-0.079110,-1.283098
sample,295,drone,7.369702,5.071021,0.733341,1.370073,0.697215,-2.356187,-0.636328,0.075129,-0.253892,-0.068568,-1.283098
sample,296,drone,7.394684,5.088462,0.674400,1.354155,0.698947,-2.362041,-0.637909,0.063531,-0.214698,-0.057983,-1.283098
sample,297,drone,7.419666,5.105943,0.615324,1.338201,0.700389,-2.366914,-0.639225,0.051893,-0.175369,-0.047361,-1.283098
sample,298,drone,7.444648,5.123457,0.556139,1.322217,0.701540,-2.370803,-0.640275,0.040223,-0.135930,-0.036710,-1.283098
sample,299,drone,7.469630,5.140995,0.496869,1.306210,0.702399,-2.373705,-0.641059,0.028528,-0.096407,-0.026036,-1.283098
sample,300,drone,7.494612,5.158551,0.437539,1.290187,0.702965,-2.375620,-0.641576,0.016814,-0.056823,-0.015346,-1.283098
sample,301,drone,7.519594,5.176118,0.378174,1.274154,0.703239,-2.376544,-0.641826,0.005090,-0.017203,-0.004646,-1.283098
sample,302,drone,7.544576,5.193688,0.318797,1.258119,0.703220,-2.376479,-0.641808,-0.006636,0.022427,0.006057,-1.283098
sample,303,drone,7.569558,5.211254,0.259435,1.242087,0.702908,-2.375424,-0.641523,-0.018359,0.062044,0.016756,-1.283098
sample,304,drone,7.594540,5.228808,0.200111,1.226065,0.702302,-2.373379,-0.640971,-0.030071,0.101621,0.027445,-1.283098
sample,305,drone,7.619522,5.246344,0.140851,1.210061,0.701405,-2.370346,-0.640152,-0.041763,0.141135,0.038116,-1.283098
sample,306,drone,7.644504,5.263853,0.081679,1.194081,0.700216,-2.366328,-0.639066,-0.053430,0.180561,0.048764,-1.283098
sample,307,drone,7.669486,5.281329,0.022620,1.178131,0.698735,-2.361325,-0.637715,-0.065062,0.219874,0.059381,-1.283098
sample,308,drone,7.694468,5.298765,-0.036302,1.162218,0.696965,-2.355342,-0.636099,-0.076655,0.259048,0.069960,-1.283098
sample,309,drone,7.719450,5.316152,-0.095063,1.146349,0.694906,-2.348382,-0.634220,-0.088199,0.298060,0.080496,-1.283098
sample,310,drone,7.744432,5.333485,-0.153637,1.130530,0.692558,-2.340449,-0.632077,-0.099687,0.336885,0.090981,-1.283098
sample,311,drone,7.769414,5.350756,-0.212001,1.114768,0.689925,-2.331550,-0.629674,-0.111113,0.375497,0.101409,-1.283098
sample,312,drone,7.794396,5.367957,-0.270131,1.099069,0.687007,-2.321688,-0.627011,-0.122468,0.413873,0.111773,-1.283098
sample,313,drone,7.819379,5.385081,-0.328002,1.083440,0.683806,-2.310871,-0.624089,-0.133746,0.451986,0.122066,-1.283098
sample,314,drone,7.844361,5.402122,-0.385591,1.067887,0.680324,-2.299105,-0.620912,-0.144940,0.489813,0.132282,-1.283098
sample,315,drone,7.869343,5.419073,-0.442875,1.052416,0.676564,-2.286398,-0.617480,-0.156041,0.527329,0.142414,-1.283098
sample,316,drone,7.894325,5.435926,-0.499829,1.037035,0.672528,-2.272757,-0.613796,-0.167043,0.564509,0.152455,-1.283098
sample,317,drone,7.919307,5.452675,-0.556431,1.021749,0.668218,-2.258193,-0.609863,-0.177938,0.601328,0.162399,-1.283098
sample,318,drone,7.944289,5.469313,-0.612658,1.006564,0.663637,-2.242713,-0.605682,-0.188719,0.637761,0.172238,-1.283098
sample,319,drone,7.969271,5.485833,-0.668486,0.991486,0.658789,-2.226328,-0.601257,-0.199378,0.673784,0.181967,-1.283098
sample,320,drone,7.994253,5.502229,-0.723894,0.976522,0.653675,-2.209048,-0.596590,-0.209909,0.709372,0.191578,-1.283098
sample,321,drone,8.019235,5.518493,-0.778859,0.961678,0.648301,-2.190884,-0.591685,-0.220303,0.744499,0.201064,-1.283098
sample,322,drone,8.044217,5.534621,-0.833359,0.946959,0.642668,-2.171849,-0.586544,-0.230555,0.779142,0.210420,-1.283098
sample,323,drone,8.069199,5.550604,-0.887374,0.932372,0.636781,-2.151955,-0.581172,-0.240655,0.813276,0.219639,-1.283098
sample,324,drone,8.094181,5.566437,-0.940880,0.917922,0.630644,-2.131215,-0.575570,-0.250597,0.846875,0.228713,-1.283098
sample,325,drone,8.119163,5.582113,-0.993858,0.903614,0.624260,-2.109642,-0.569744,-0.260374,0.879915,0.237636,-1.283098
sample,326,drone,8.144145,5.597627,-1.046286,0.889455,0.617635,-2.087251,-0.563697,-0.269978,0.912372,0.246401,-1.283098
sample,327,drone,8.169127,5.612973,-1.098145,0.875450,0.610771,-2.064056,-0.557433,-0.279402,0.944220,0.255002,-1.283098
sample,328,drone,8.194109,5.628144,-1.149415,0.861603,0.603675,-2.040074,-0.550956,-0.288639,0.975434,0.263432,-1.283098
sample,329,drone,8.219091,5.643135,-1.200076,0.847922,0.596350,-2.015319,-0.544271,-0.297681,1.005990,0.271685,-1.283098
sample,330,drone,8.244073,5.657940,-1.250109,0.834409,0.588801,-1.989810,-0.537382,-0.306521,1.035864,0.279752,-1.283098
sample,331,drone,8.269055,5.672554,-1.299495,0.821072,0.581035,-1.963563,-0.530293,-0.315151,1.065030,0.287629,-1.283098
sample,332,drone,8.294037,5.686971,-1.348216,0.807914,0.573055,-1.936597,-0.523010,-0.323565,1.093463,0.295308,-1.283098
sample,333,drone,8.319019,5.701186,-1.396255,0.794940,0.564868,-1.908930,-0.515538,-0.331754,1.121139,0.302782,-1.283098
sample,334,drone,8.344001,5.715194,-1.443594,0.782155,0.556479,-1.880580,-0.507882,-0.339712,1.148033,0.310046,-1.283098
sample,335,drone,8.368983,5.728990,-1.490216,0.769564,0.547895,-1.851569,-0.500047,-0.347432,1.174120,0.317091,-1.283098
sample,336,drone,8.393965,5.742569,-1.536106,0.757171,0.539120,-1.821917,-0.492039,-0.354905,1.199376,0.323912,-1.283098
sample,337,drone,8.418947,5.755927,-1.581247,0.744980,0.530162,-1.791643,-0.483863,-0.362125,1.223776,0.330501,-1.283098
sample,338,drone,8.443930,5.769058,-1.625624,0.732995,0.521027,-1.760772,-0.475526,-0.369085,1.247294,0.336853,-1.283098
sample,339,drone,8.468912,5.781959,-1.669222,0.721221,0.511721,-1.729324,-0.467033,-0.375776,1.269907,0.342959,-1.283098
sample,340,drone,8.493894,5.794626,-1.712028,0.709660,0.502252,-1.697322,-0.458390,-0.382192,1.291588,0.348815,-1.283098
sample,341,drone,8.518876,5.807054,-1.754027,0.698318,0.492625,-1.664791,-0.449605,-0.388325,1.312315,0.354413,-1.283098
sample,342,drone,8.543858,5.819239,-1.795208,0.687196,0.482849,-1.631753,-0.440682,-0.394168,1.332061,0.359745,-1.283098
sample,343,drone,8.568840,5.831179,-1.835556,0.676299,0.472931,-1.598235,-0.431630,-0.399714,1.350802,0.364807,-1.283098
sample,344,drone,8.593822,5.842869,-1.875062,0.665630,0.462878,-1.564262,-0.422455,-0.404955,1.368514,0.369590,-1.283098
sample,345,drone,8.618804,5.854306,-1.913713,0.655192,0.452698,-1.529859,-0.413164,-0.409884,1.385171,0.374089,-1.283098
sample,346,drone,8.643786,5.865488,-1.951500,0.644987,0.442398,-1.495053,-0.403764,-0.414493,1.400749,0.378296,-1.283098
sample,347,drone,8.668768,5.876410,-1.988412,0.635018,0.431988,-1.459872,-0.394263,-0.418776,1.415223,0.382205,-1.283098
sample,348,drone,8.693750,5.887071,-2.024441,0.625288,0.421475,-1.424343,-0.384668,-0.422725,1.428567,0.385809,-1.283098
sample,349,drone,8.718732,5.897469,-2.059578,0.615799,0.410867,-1.388495,-0.374986,-0.426332,1.440759,0.389101,-1.283098
sample,350,drone,8.743714,5.907600,-2.093816,0.606552,0.400173,-1.352357,-0.365226,-0.429591,1.451772,0.392075,-1.283098
sample,351,drone,8.768696,5.917463,-2.127147,0.597550,0.389403,-1.315958,-0.355397,-0.432494,1.461581,0.394725,-1.283098
sample,352,drone,8.793678,5.927056,-2.159567,0.588795,0.378564,-1.279330,-0.345504,-0.435033,1.470163,0.397042,-1.283098
sample,353,drone,8.818660,5.936378,-2.191068,0.580288,0.367667,-1.242503,-0.335559,-0.437202,1.477493,0.399022,-1.283098
sample,354,drone,8.843642,5.945426,-2.221647,0.572029,0.356720,-1.205508,-0.325568,-0.438993,1.483544,0.400656,-1.283098
sample,355,drone,8.868624,5.954201,-2.251300,0.564021,0.345733,-1.168379,-0.315540,-0.440398,1.488294,0.401939,-1.283098
sample,356,drone,8.893606,5.962701,-2.280024,0.556263,0.334716,-1.131147,-0.305485,-0.441411,1.491716,0.402863,-1.283098
sample,357,drone,8.918588,5.970925,-2.307817,0.548758,0.323678,-1.093847,-0.295412,-0.442024,1.493787,0.403422,-1.283098
sample,358,drone,8.943570,5.978873,-2.334677,0.541503,0.312630,-1.056511,-0.285329,-0.442229,1.494481,0.403610,-1.283098
sample,359,drone,8.968552,5.986545,-2.360604,0.534501,0.301583,-1.019176,-0.275246,-0.442020,1.493774,0.403419,-1.283098
sample,360,drone,8.993534,5.993941,-2.385599,0.527751,0.290545,-0.981876,-0.265172,-0.441389,1.491640,0.402842,-1.283098
sample,361,drone,9.018516,6.001062,-2.409663,0.521252,0.279529,-0.944648,-0.255118,-0.440328,1.488056,0.401874,-1.283098
sample,362,drone,9.043498,6.007908,-2.432798,0.515004,0.268545,-0.907527,-0.245093,-0.438831,1.482996,0.400508,-1.283098
sample,363,drone,9.068481,6.014479,-2.455007,0.509006,0.257603,-0.870551,-0.235107,-0.436890,1.476436,0.398736,-1.283098
sample,364,drone,9.093463,6.020778,-2.476294,0.503257,0.246716,-0.833758,-0.225170,-0.434497,1.468350,0.396553,-1.283098
sample,365,drone,9.118445,6.026806,-2.496665,0.497756,0.235894,-0.797187,-0.215294,-0.431646,1.458715,0.393950,-1.283098
sample,366,drone,9.143427,6.032565,-2.516125,0.492500,0.225149,-0.760875,-0.205487,-0.428328,1.447504,0.390923,-1.283098
sample,367,drone,9.168409,6.038056,-2.534681,0.487489,0.214493,-0.724863,-0.195761,-0.424538,1.434695,0.387463,-1.283098
sample,368,drone,9.193391,6.043282,-2.552342,0.482719,0.203938,-0.689192,-0.186128,-0.420267,1.420261,0.383565,-1.283098
sample,369,drone,9.218373,6.048245,-2.569116,0.478189,0.193495,-0.653901,-0.176597,-0.415508,1.404177,0.379222,-1.283098
sample,370,drone,9.243355,6.052949,-2.585013,0.473896,0.183177,-0.619033,-0.167180,-0.410253,1.386420,0.374426,-1.283098
sample,371,drone,9.268337,6.057398,-2.600045,0.469836,0.172997,-0.584630,-0.157889,-0.404496,1.366965,0.369172,-1.283098
sample,372,drone,9.293319,6.061593,-2.614224,0.466007,0.162967,-0.550734,-0.148735,-0.398229,1.345786,0.363452,-1.283098
sample,373,drone,9.318301,6.065540,-2.627562,0.462405,0.153100,-0.517389,-0.139730,-0.391445,1.322859,0.357260,-1.283098
sample,374,drone,9.343283,6.069243,-2.640075,0.459026,0.143409,-0.484639,-0.130885,-0.384136,1.298159,0.350589,-1.283098
sample,375,drone,9.368265,6.072705,-2.651777,0.455865,0.133907,-0.452528,-0.122213,-0.376295,1.271661,0.343433,-1.283098
sample,376,drone,9.393247,6.075933,-2.662685,0.452919,0.124607,-0.421101,-0.113725,-0.367915,1.243340,0.335785,-1.283098
sample,377,drone,9.418229,6.078931,-2.672817,0.450183,0.115524,-0.390405,-0.105436,-0.358988,1.213173,0.327638,-1.283098
sample,378,drone,9.443211,6.081705,-2.682191,0.447651,0.106671,-0.360486,-0.097355,-0.349507,1.181133,0.318985,-1.283098
sample,379,drone,9.468193,6.084261,-2.690828,0.445319,0.098061,-0.331391,-0.089498,-0.339465,1.147197,0.309820,-1.283098
sample,380,drone,9.493175,6.086605,-2.698749,0.443180,0.089710,-0.303168,-0.081876,-0.328854,1.111339,0.300136,-1.283098
sample,381,drone,9.518157,6.088743,-2.705976,0.441228,0.081630,-0.275864,-0.074502,-0.317668,1.073535,0.289926,-1.283098
sample,382,drone,9.543139,6.090683,-2.712532,0.439457,0.073838,-0.249530,-0.067390,-0.305898,1.033759,0.279184,-1.283098
sample,383,drone,9.568121,6.092432,-2.718443,0.437861,0.066347,-0.224213,-0.060553,-0.293537,0.991988,0.267903,-1.283098
sample,384,drone,9.593103,6.093998,-2.723735,0.436432,0.059172,-0.199966,-0.054004,-0.280579,0.948196,0.256076,-1.283098
sample,385,drone,9.618085,6.095389,-2.728434,0.435163,0.052328,-0.176838,-0.047758,-0.267015,0.902358,0.243697,-1.283098
sample,386,drone,9.643067,6.096613,-2.732570,0.434046,0.045830,-0.154880,-0.041828,-0.252839,0.854451,0.230759,-1.283098
sample,387,drone,9.668049,6.097679,-2.736173,0.433073,0.039695,-0.134146,-0.036228,-0.238043,0.804448,0.217255,-1.283098
sample,388,drone,9.693032,6.098596,-2.739273,0.432236,0.033937,-0.114687,-0.030973,-0.222619,0.752325,0.203178,-1.283098
sample,389,drone,9.718014,6.099374,-2.741903,0.431525,0.028572,-0.096557,-0.026077,-0.206561,0.698058,0.188522,-1.283098
sample,390,drone,9.742996,6.100024,-2.744097,0.430933,0.023616,-0.079809,-0.021554,-0.189861,0.641622,0.173281,-1.283098
sample,391,drone,9.767978,6.100554,-2.745891,0.430448,0.019086,-0.064499,-0.017419,-0.172512,0.582992,0.157447,-1.283098
sample,392,drone,9.792960,6.100977,-2.747320,0.430062,0.014997,-0.050680,-0.013687,-0.154506,0.522142,0.141013,-1.283098
sample,393,drone,9.817942,6.101304,-2.748423,0.429765,0.011366,-0.038410,-0.010373,-0.135837,0.459049,0.123974,-1.283098
sample,394,drone,9.842924,6.101545,-2.749239,0.429544,0.008210,-0.027744,-0.007493,-0.116496,0.393688,0.106322,-1.283098
sample,395,drone,9.867906,6.101714,-2.749809,0.429390,0.005545,-0.018740,-0.005061,-0.096476,0.326034,0.088051,-1.283098
sample,396,drone,9.892888,6.101822,-2.750175,0.429291,0.003389,-0.011454,-0.003093,-0.075771,0.256061,0.069154,-1.283098
sample,397,drone,9.917870,6.101883,-2.750381,0.429236,0.001759,-0.005946,-0.001606,-0.054372,0.183746,0.049624,-1.283098
sample,398,drone,9.942852,6.101910,-2.750472,0.429211,0.000673,-0.002274,-0.000614,-0.032201,0.110357,0.029885,-1.283097
sample,399,drone,9.967834,6.101917,-2.750495,0.429205,0.000151,-0.000432,-0.000113,-0.008096,0.057828,0.017224,-1.235451
sample,400,drone,9.992816,6.101918,-2.750494,0.429205,0.000268,0.000616,0.000247,0.019551,0.062121,0.023536,1.159768
sample,401,drone,10.017798,6.101930,-2.750464,0.429217,0.001127,0.002672,0.001063,0.049783,0.118370,0.047080,1.171461
sample,402,drone,10.042780,6.101974,-2.750360,0.429259,0.002756,0.006530,0.002599,0.080100,0.189806,0.075542,1.171461
sample,403,drone,10.067762,6.102068,-2.750138,0.429347,0.005130,0.012155,0.004838,0.109463,0.259385,0.103234,1.171461
sample,404,drone,10.092744,6.102230,-2.749753,0.429500,0.008225,0.019490,0.007757,0.137854,0.326661,0.130009,1.171461
sample,405,drone,10.117726,6.102479,-2.749164,0.429735,0.012017,0.028476,0.011333,0.165284,0.391660,0.155878,1.171461
sample,406,drone,10.142708,6.102831,-2.748330,0.430066,0.016483,0.039059,0.015545,0.191764,0.454406,0.180851,1.171461
sample,407,drone,10.167690,6.103302,-2.747213,0.430511,0.021599,0.051180,0.020370,0.217303,0.514925,0.204937,1.171461
sample,408,drone,10.192672,6.103910,-2.745773,0.431084,0.027341,0.064786,0.025785,0.241913,0.573240,0.228146,1.171461
sample,409,drone,10.217654,6.104668,-2.743976,0.431800,0.033686,0.079822,0.031769,0.265604,0.629377,0.250488,1.171461
sample,410,drone,10.242636,6.105593,-2.741785,0.432672,0.040611,0.096233,0.038300,0.288385,0.683361,0.271974,1.171461
sample,411,drone,10.267618,6.106698,-2.739167,0.433713,0.048095,0.113965,0.045358,0.310269,0.735217,0.292612,1.171461
sample,412,drone,10.292600,6.107996,-2.736091,0.434938,0.056113,0.132967,0.052920,0.331265,0.784968,0.312413,1.171461
sample,413,drone,10.317583,6.109501,-2.732524,0.436357,0.064646,0.153186,0.060967,0.351383,0.832641,0.331386,1.171461
sample,414,drone,10.342565,6.111226,-2.728437,0.437984,0.073670,0.174569,0.069478,0.370634,0.878260,0.349542,1.171461
sample,415,drone,10.367547,6.113182,-2.723802,0.439829,0.083164,0.197067,0.078432,0.389030,0.921849,0.366890,1.171461
sample,416,drone,10.392529,6.115381,-2.718591,0.441903,0.093107,0.220629,0.087809,0.406579,0.963434,0.383441,1.171461
sample,417,drone,10.417511,6.117834,-2.712778,0.444216,0.103479,0.245204,0.097590,0.423292,1.003039,0.399203,1.171461
sample,418,drone,10.442493,6.120551,-2.706339,0.446779,0.114257,0.270745,0.107755,0.439181,1.040689,0.414188,1.171461
sample,419,drone,10.467475,6.123543,-2.699251,0.449600,0.125422,0.297201,0.118284,0.454255,1.076409,0.428404,1.171461
sample,420,drone,10.492457,6.126818,-2.691490,0.452689,0.136953,0.324526,0.129160,0.468526,1.110224,0.441862,1.171461
sample,421,drone,10.517439,6.130386,-2.683036,0.456053,0.148831,0.352673,0.140362,0.482002,1.142158,0.454572,1.171461
sample,422,drone,10.542421,6.134254,-2.673869,0.459702,0.161036,0.381593,0.151872,0.494696,1.172236,0.466543,1.171461
sample,423,drone,10.567403,6.138432,-2.663970,0.463641,0.173548,0.411242,0.163672,0.506616,1.200484,0.477786,1.171461
sample,424,drone,10.592385,6.142925,-2.653322,0.467879,0.186349,0.441574,0.175744,0.517775,1.226926,0.488309,1.171461
sample,425,drone,10.617367,6.147742,-2.641907,0.472422,0.199419,0.472544,0.188070,0.528182,1.251586,0.498124,1.171461
sample,426,drone,10.642349,6.152889,-2.629711,0.477276,0.212739,0.504109,0.200632,0.537848,1.274490,0.507239,1.171461
sample,427,drone,10.667331,6.158372,-2.616720,0.482447,0.226292,0.536223,0.213414,0.546783,1.295662,0.515666,1.171461
sample,428,drone,10.692313,6.164196,-2.602919,0.487939,0.240058,0.568845,0.226397,0.554997,1.315128,0.523413,1.171461
sample,429,drone,10.717295,6.170366,-2.588298,0.493758,0.254021,0.601932,0.239565,0.562502,1.332911,0.530491,1.171461
sample,430,drone,10.742277,6.176887,-2.572844,0.499909,0.268163,0.635443,0.252902,0.569307,1.349038,0.536909,1.171461
sample,431,drone,10.767259,6.183764,-2.556549,0.506394,0.282466,0.669336,0.266392,0.575424,1.363531,0.542677,1.171461
sample,432,drone,10.792241,6.191001,-2.539402,0.513219,0.296914,0.703570,0.280017,0.580862,1.376418,0.547806,1.171461
sample,433,drone,10.817223,6.198599,-2.521395,0.520385,0.311489,0.738107,0.293762,0.585632,1.387721,0.552305,1.171461
sample,434,drone,10.842205,6.206564,-2.502523,0.527896,0.326174,0.772907,0.307612,0.589745,1.397466,0.556183,1.171461
sample,435,drone,10.867187,6.214896,-2.482778,0.535755,0.340955,0.807930,0.321551,0.593210,1.405679,0.559452,1.171461
sample,436,drone,10.892169,6.223599,-2.462155,0.543962,0.355814,0.843140,0.335565,0.596040,1.412382,0.562120,1.171461
sample,437,drone,10.917151,6.232674,-2.440651,0.552521,0.370735,0.878499,0.349637,0.598243,1.417603,0.564197,1.171461
sample,438,drone,10.942134,6.242123,-2.418262,0.561432,0.385704,0.913969,0.363754,0.599830,1.421364,0.565695,1.171461
sample,439,drone,10.967116,6.251946,-2.394986,0.570696,0.400705,0.949516,0.377902,0.600812,1.423692,0.566621,1.171461
sample,440,drone,10.992098,6.262144,-2.370820,0.580313,0.415723,0.985103,0.392065,0.601200,1.424610,0.566986,1.171461
sample,441,drone,11.017080,6.272717,-2.345766,0.590285,0.430744,1.020695,0.406231,0.601003,1.424144,0.566801,1.171461
sample,442,drone,11.042062,6.283665,-2.319822,0.600610,0.445752,1.056259,0.420385,0.600233,1.422319,0.566074,1.171461
sample,443,drone,11.067044,6.294989,-2.292991,0.611289,0.460734,1.091760,0.434514,0.598899,1.419159,0.564817,1.171461
sample,444,drone,11.092026,6.306686,-2.265273,0.622320,0.475675,1.127166,0.448605,0.597013,1.414689,0.563038,1.171461
sample,445,drone,11.117008,6.318755,-2.236673,0.633703,0.490563,1.162444,0.462646,0.594584,1.408933,0.560747,1.171461
sample,446,drone,11.141990,6.331196,-2.207193,0.645436,0.505383,1.197562,0.476623,0.591623,1.401918,0.557955,1.171461
sample,447,drone,11.166972,6.344006,-2.176838,0.657517,0.520123,1.232489,0.490523,0.588141,1.393667,0.554671,1.171461
sample,448,drone,11.191954,6.357184,-2.145613,0.669944,0.534769,1.267195,0.504336,0.584148,1.384205,0.550905,1.171461
sample,449,drone,11.216936,6.370725,-2.113524,0.682716,0.549309,1.301650,0.518049,0.579655,1.373557,0.546668,1.171461
sample,450,drone,11.241918,6.384629,-2.080577,0.695828,0.563731,1.335824,0.531650,0.574672,1.361749,0.541968,1.171461
sample,451,drone,11.266900,6.398892,-2.046780,0.709279,0.578022,1.369688,0.545128,0.569209,1.348804,0.536816,1.171461
sample,452,drone,11.291882,6.413510,-2.012142,0.723065,0.592171,1.403215,0.558471,0.563277,1.334747,0.531221,1.171461
sample,453,drone,11.316864,6.428479,-1.976670,0.737183,0.606166,1.436378,0.571670,0.556886,1.319604,0.525195,1.171461
sample,454,drone,11.341846,6.443796,-1.940375,0.751628,0.619995,1.469148,0.584712,0.550048,1.303399,0.518745,1.171461
sample,455,drone,11.366828,6.459457,-1.903265,0.766397,0.633648,1.501501,0.597588,0.542771,1.286157,0.511883,1.171461
sample,456,drone,11.391810,6.475456,-1.865353,0.781486,0.647114,1.533410,0.610288,0.535068,1.267903,0.504618,1.171461
sample,457,drone,11.416792,6.491789,-1.826650,0.796890,0.660383,1.564850,0.622801,0.526948,1.248661,0.496960,1.171461
sample,458,drone,11.441774,6.508451,-1.787167,0.812604,0.673443,1.595798,0.635118,0.518421,1.228457,0.488919,1.171461
sample,459,drone,11.466756,6.525437,-1.746917,0.828623,0.686285,1.626229,0.647230,0.509499,1.207315,0.480504,1.171461
sample,460,drone,11.491738,6.542741,-1.705914,0.844942,0.698899,1.656120,0.659126,0.500192,1.185260,0.471726,1.171461
sample,461,drone,11.516720,6.560357,-1.664171,0.861555,0.711277,1.685450,0.670799,0.490509,1.162317,0.462595,1.171461
sample,462,drone,11.541702,6.578279,-1.621702,0.878458,0.723407,1.714195,0.682239,0.480463,1.138510,0.453120,1.171461
sample,463,drone,11.566685,6.596501,-1.578523,0.895643,0.735283,1.742334,0.693439,0.470062,1.113865,0.443312,1.171461
sample,464,drone,11.591667,6.615017,-1.534648,0.913105,0.746894,1.769848,0.704389,0.459318,1.088406,0.433179,1.171461
sample,465,drone,11.616649,6.633819,-1.490094,0.930837,0.758232,1.796715,0.715082,0.448241,1.062158,0.422732,1.171461
sample,466,drone,11.641631,6.652901,-1.444877,0.948833,0.769289,1.822918,0.725510,0.436842,1.035146,0.411982,1.171461
sample,467,drone,11.666613,6.672256,-1.399014,0.967087,0.780058,1.848435,0.735666,0.425130,1.007394,0.400937,1.171461
sample,468,drone,11.691595,6.691876,-1.352521,0.985590,0.790531,1.873251,0.745543,0.413117,0.978928,0.389607,1.171461
sample,469,drone,11.716577,6.711754,-1.305418,1.004337,0.800699,1.897347,0.755133,0.400813,0.949772,0.378004,1.171461
sample,470,drone,11.741559,6.731882,-1.257722,1.023320,0.810557,1.920706,0.764429,0.388229,0.919951,0.366135,1.171461
sample,471,drone,11.766541,6.752253,-1.209452,1.042531,0.820097,1.943311,0.773426,0.375374,0.889490,0.354012,1.171461
sample,472,drone,11.791523,6.772858,-1.160626,1.061963,0.829312,1.965148,0.782117,0.362259,0.858414,0.341644,1.171461
sample,473,drone,11.816505,6.793689,-1.111265,1.081609,0.838197,1.986201,0.790496,0.348896,0.826747,0.329041,1.171461
sample,474,drone,11.841487,6.814737,-1.061388,1.101460,0.846744,2.006456,0.798557,0.335293,0.794515,0.316212,1.171461
sample,475,drone,11.866469,6.835995,-1.011014,1.121508,0.854949,2.025898,0.806295,0.321463,0.761742,0.303169,1.171461
sample,476,drone,11.891451,6.857454,-0.960166,1.141745,0.862806,2.044516,0.813705,0.307414,0.728452,0.289920,1.171461
sample,477,drone,11.916433,6.879105,-0.908862,1.162164,0.870309,2.062295,0.820781,0.293158,0.694671,0.276475,1.171461
sample,478,drone,11.941415,6.900938,-0.857125,1.182755,0.877453,2.079224,0.827519,0.278706,0.660424,0.262845,1.171461
sample,479,drone,11.966397,6.922946,-0.804976,1.203510,0.884234,2.095292,0.833914,0.264067,0.625735,0.249039,1.171461
sample,480,drone,11.991379,6.945118,-0.752436,1.224421,0.890647,2.110488,0.839962,0.249252,0.590630,0.235067,1.171461
sample,481,drone,12.016361,6.967446,-0.699527,1.245478,0.896688,2.124803,0.845659,0.234271,0.555132,0.220939,1.171461
sample,482,drone,12.041343,6.989920,-0.646272,1.266673,0.902352,2.138225,0.851001,0.219136,0.519267,0.206665,1.171461
sample,483,drone,12.066325,7.012531,-0.592693,1.287998,0.907637,2.150747,0.855985,0.203856,0.483059,0.192255,1.171461
sample,484,drone,12.091307,7.035270,-0.538812,1.309442,0.912538,2.162361,0.860607,0.188442,0.446534,0.177718,1.171461
sample,485,drone,12.116289,7.058126,-0.484652,1.330997,0.917052,2.173058,0.864864,0.172904,0.409716,0.163065,1.171461
sample,486,drone,12.141271,7.081089,-0.430237,1.352654,0.921177,2.182832,0.868754,0.157254,0.372630,0.148305,1.171461
sample,487,drone,12.166253,7.104151,-0.375589,1.374403,0.924909,2.191676,0.872274,0.141500,0.335301,0.133448,1.171461
sample,488,drone,12.191236,7.127302,-0.320732,1.396236,0.928247,2.199585,0.875422,0.125655,0.297753,0.118504,1.171461
sample,489,drone,12.216218,7.150530,-0.265689,1.418143,0.931187,2.206553,0.878195,0.109728,0.260012,0.103483,1.171461
sample,490,drone,12.241200,7.173828,-0.210483,1.440114,0.933729,2.212576,0.880592,0.093729,0.222102,0.088395,1.171461
sample,491,drone,12.266182,7.197183,-0.155139,1.462141,0.935871,2.217650,0.882612,0.077670,0.184048,0.073250,1.171461
sample,492,drone,12.291164,7.220587,-0.099681,1.484213,0.937610,2.221772,0.884252,0.061561,0.145875,0.058057,1.171461
sample,493,drone,12.316146,7.244030,-0.044131,1.506322,0.938946,2.224939,0.885512,0.045411,0.107607,0.042827,1.171461
sample,494,drone,12.341128,7.267501,0.011486,1.528457,0.939879,2.227148,0.886392,0.029233,0.069270,0.027569,1.171461
sample,495,drone,12.366110,7.290990,0.067147,1.550610,0.940407,2.228400,0.886890,0.013035,0.030888,0.012293,1.171461
sample,496,drone,12.391092,7.314488,0.122826,1.572770,0.940530,2.228692,0.887006,-0.003171,-0.007514,-0.002990,1.171461
sample,497,drone,12.416074,7.337983,0.178501,1.594928,0.940249,2.228024,0.886740,-0.019375,-0.045911,-0.018272,1.171461
sample,498,drone,12.441056,7.361466,0.234148,1.617075,0.939562,2.226398,0.886093,-0.035566,-0.084278,-0.033542,1.171461
sample,499,drone,12.466038,7.384927,0.289741,1.639201,0.938472,2.223813,0.885064,-0.051735,-0.122591,-0.048791,1.171461
sample,500,drone,12.491020,7.408356,0.345258,1.661296,0.936977,2.220273,0.883655,-0.067870,-0.160825,-0.064007,1.171461
sample,501,drone,12.516002,7.431743,0.400675,1.683352,0.935080,2.215778,0.881866,-0.083961,-0.198954,-0.079183,1.171461
sample,502,drone,12.540984,7.455077,0.455968,1.705358,0.932782,2.210332,0.879699,-0.099997,-0.236955,-0.094307,1.171461
sample,503,drone,12.565966,7.478348,0.511112,1.727305,0.930084,2.203939,0.877154,-0.115969,-0.274802,-0.109369,1.171461
sample,504,drone,12.590948,7.501547,0.566085,1.749184,0.926988,2.196602,0.874234,-0.131866,-0.312470,-0.124361,1.171461
sample,505,drone,12.615930,7.524664,0.620863,1.770986,0.923496,2.188326,0.870941,-0.147676,-0.349935,-0.139272,1.171461
sample,506,drone,12.640912,7.547689,0.675423,1.792700,0.919609,2.179118,0.867276,-0.163391,-0.387172,-0.154092,1.171461
sample,507,drone,12.665894,7.570612,0.729741,1.814318,0.915332,2.168982,0.863242,-0.178998,-0.424156,-0.168812,1.171461
sample,508,drone,12.690876,7.593423,0.783794,1.835831,0.910666,2.157925,0.858841,-0.194489,-0.460863,-0.183421,1.171461
sample,509,drone,12.715858,7.616112,0.837560,1.857229,0.905615,2.145955,0.854077,-0.209851,-0.497267,-0.197909,1.171461
sample,510,drone,12.740840,7.638671,0.891015,1.878504,0.900181,2.133080,0.848953,-0.225076,-0.533343,-0.212267,1.171461
sample,511,drone,12.765822,7.661089,0.944137,1.899647,0.894369,2.119307,0.843472,-0.240152,-0.569067,-0.226485,1.171461
sample,512,drone,12.790804,7.683357,0.996904,1.920648,0.888182,2.104647,0.837637,-0.255069,-0.604415,-0.240553,1.171461
sample,513,drone,12.815787,7.705466,1.049294,1.941498,0.881625,2.089108,0.831453,-0.269816,-0.639360,-0.254462,1.171461
sample,514,drone,12.840769,7.727407,1.101285,1.962190,0.874701,2.072702,0.824923,-0.284384,-0.673879,-0.268200,1.171461
sample,515,drone,12.865751,7.749170,1.152855,1.982715,0.867416,2.055438,0.818052,-0.298761,-0.707947,-0.281759,1.171461
sample,516,drone,12.890733,7.770746,1.203983,2.003064,0.859774,2.037330,0.810845,-0.312937,-0.741538,-0.295128,1.171461
sample,517,drone,12.915715,7.792128,1.254648,2.023228,0.851780,2.018388,0.803306,-0.326901,-0.774629,-0.308298,1.171461
sample,518,drone,12.940697,7.813305,1.304830,2.043200,0.843440,1.998626,0.795441,-0.340644,-0.807193,-0.321258,1.171461
sample,519,drone,12.965679,7.834269,1.354507,2.062971,0.834760,1.978057,0.787255,-0.354154,-0.839208,-0.334000,1.171461
sample,520,drone,12.990661,7.855013,1.403661,2.082534,0.825745,1.956696,0.778753,-0.367421,-0.870646,-0.346512,1.171461
sample,521,drone,13.015643,7.875527,1.452272,2.101881,0.816402,1.934556,0.769942,-0.380436,-0.901485,-0.358785,1.171461
sample,522,drone,13.040625,7.895804,1.500320,2.121004,0.806737,1.911654,0.760827,-0.393186,-0.931698,-0.370810,1.171461
sample,523,drone,13.065607,7.915835,1.547786,2.139895,0.796757,1.888005,0.751415,-0.405662,-0.961261,-0.382576,1.171461
sample,524,drone,13.090589,7.935613,1.594652,2.158548,0.786469,1.863625,0.741712,-0.417853,-0.990150,-0.394074,1.171461
sample,525,drone,13.115571,7.955130,1.640900,2.176954,0.775879,1.838533,0.731725,-0.429750,-1.018340,-0.405293,1.171461
sample,526,drone,13.140553,7.974379,1.686513,2.195108,0.764997,1.812745,0.721462,-0.441340,-1.045805,-0.416224,1.171461
sample,527,drone,13.165535,7.993352,1.731472,2.213001,0.753828,1.786280,0.710929,-0.452615,-1.072521,-0.426857,1.171461
sample,528,drone,13.190517,8.012043,1.775763,2.230629,0.742382,1.759157,0.700134,-0.463563,-1.098463,-0.437182,1.171461
sample,529,drone,13.215499,8.030445,1.819367,2.247983,0.730667,1.731396,0.689086,-0.474173,-1.123607,-0.447189,1.171461
sample,530,drone,13.240481,8.048550,1.862270,2.265058,0.718690,1.703017,0.677791,-0.484437,-1.147927,-0.456868,1.171461
sample,531,drone,13.265463,8.066353,1.904457,2.281848,0.706462,1.674041,0.666259,-0.494342,-1.171399,-0.466210,1.171461
sample,532,drone,13.290445,8.083848,1.945912,2.298347,0.693991,1.644490,0.654497,-0.503879,-1.193997,-0.475204,1.171461
sample,533,drone,13.315427,8.101028,1.986622,2.314549,0.681286,1.614384,0.642515,-0.513037,-1.215698,-0.483841,1.171461
sample,534,drone,13.340409,8.117888,2.026573,2.330450,0.668358,1.583748,0.630322,-0.521805,-1.236476,-0.492110,1.171461
sample,535,drone,13.365391,8.134422,2.065753,2.346043,0.655215,1.552605,0.617928,-0.530174,-1.256307,-0.500003,1.171461
sample,536,drone,13.390373,8.150625,2.104148,2.361324,0.641868,1.520978,0.605340,-0.538132,-1.275165,-0.507508,1.171461
sample,537,drone,13.415355,8.166492,2.141747,2.376288,0.628328,1.488893,0.592570,-0.545670,-1.293026,-0.514617,1.171461
sample,538,drone,13.440338,8.182019,2.178539,2.390931,0.614604,1.456373,0.579628,-0.552776,-1.309865,-0.521319,1.171461
sample,539,drone,13.465320,8.197200,2.214513,2.405249,0.600709,1.423446,0.566523,-0.559441,-1.325658,-0.527604,1.171461
sample,540,drone,13.490302,8.212033,2.249660,2.419237,0.586652,1.390138,0.553267,-0.565653,-1.340378,-0.533463,1.171461
sample,541,drone,13.515284,8.226512,2.283970,2.432892,0.572446,1.356476,0.539869,-0.571403,-1.354003,-0.538885,1.171461
sample,542,drone,13.540266,8.240635,2.317435,2.446211,0.558103,1.322487,0.526342,-0.576679,-1.366506,-0.543861,1.171461
sample,543,drone,13.565248,8.254397,2.350047,2.459190,0.543633,1.288199,0.512696,-0.581472,-1.377863,-0.548381,1.171461
sample,544,drone,13.590230,8.267797,2.381799,2.471827,0.529050,1.253643,0.498942,-0.585771,-1.388050,-0.552436,1.171461
sample,545,drone,13.615212,8.280831,2.412684,2.484120,0.514366,1.218847,0.485094,-0.589565,-1.397041,-0.556014,1.171461
sample,546,drone,13.640194,8.293496,2.442697,2.496065,0.499593,1.183841,0.471162,-0.592845,-1.404811,-0.559107,1.171461
sample,547,drone,13.665176,8.305792,2.471834,2.507661,0.484745,1.148657,0.457158,-0.595598,-1.411337,-0.561704,1.171461
sample,548,drone,13.690158,8.317716,2.500089,2.518906,0.469834,1.113325,0.443097,-0.597816,-1.416592,-0.563795,1.171461
sample,549,drone,13.715140,8.329267,2.527460,2.529800,0.454875,1.077878,0.428989,-0.599487,-1.420553,-0.565371,1.171461
sample,550,drone,13.740122,8.340444,2.553944,2.540340,0.439881,1.042348,0.414848,-0.600602,-1.423193,-0.566423,1.171461
sample,551,drone,13.765104,8.351245,2.579540,2.550527,0.424867,1.006769,0.400688,-0.601149,-1.424490,-0.566939,1.171461
sample,552,drone,13.790086,8.361672,2.604246,2.560360,0.409846,0.971175,0.386522,-0.601118,-1.424417,-0.566910,1.171461
sample,553,drone,13.815068,8.371723,2.628064,2.569839,0.394832,0.935600,0.372363,-0.600499,-1.422950,-0.566326,1.171461
sample,554,drone,13.840050,8.381399,2.650993,2.578965,0.379842,0.900078,0.358226,-0.599281,-1.420064,-0.565177,1.171461
sample,555,drone,13.865032,8.390701,2.673035,2.587738,0.364890,0.864647,0.344125,-0.597454,-1.415735,-0.563454,1.171461
sample,556,drone,13.890014,8.399631,2.694194,2.596159,0.349991,0.829343,0.330073,-0.595008,-1.409937,-0.561147,1.171461
sample,557,drone,13.914996,8.408188,2.714473,2.604230,0.335161,0.794201,0.316087,-0.591931,-1.402646,-0.558245,1.171461
sample,558,drone,13.939978,8.416377,2.733876,2.611952,0.320416,0.759261,0.302181,-0.588213,-1.393837,-0.554739,1.171461
sample,559,drone,13.964960,8.424198,2.752408,2.619328,0.305771,0.724559,0.288370,-0.583844,-1.383485,-0.550619,1.171461
sample,560,drone,13.989942,8.431654,2.770078,2.626360,0.291244,0.690136,0.274670,-0.578814,-1.371565,-0.545875,1.171461
sample,561,drone,14.014924,8.438749,2.786891,2.633051,0.276851,0.656030,0.261096,-0.573112,-1.358053,-0.540497,1.171461
sample,562,drone,14.039906,8.445487,2.802856,2.639405,0.262609,0.622282,0.247665,-0.566727,-1.342923,-0.534475,1.171461
sample,563,drone,14.064889,8.451870,2.817982,2.645426,0.248535,0.588932,0.234392,-0.559649,-1.326151,-0.527800,1.171461
sample,564,drone,14.089871,8.457905,2.832281,2.651117,0.234647,0.556022,0.221294,-0.551868,-1.307713,-0.520462,1.171461
sample,565,drone,14.114853,8.463594,2.845763,2.656483,0.220962,0.523594,0.208387,-0.543373,-1.287582,-0.512450,1.171461
sample,566,drone,14.139835,8.468945,2.858442,2.661529,0.207498,0.491689,0.195689,-0.534153,-1.265735,-0.503755,1.171461
sample,567,drone,14.164817,8.473962,2.870330,2.666260,0.194273,0.460353,0.183218,-0.524198,-1.242147,-0.494367,1.171461
sample,568,drone,14.189799,8.478652,2.881443,2.670683,0.181307,0.429627,0.170989,-0.513499,-1.216793,-0.484276,1.171461
sample,569,drone,14.214781,8.483021,2.891796,2.674803,0.168617,0.399557,0.159021,-0.502043,-1.189647,-0.473472,1.171461
sample,570,drone,14.239763,8.487076,2.901407,2.678628,0.156223,0.370187,0.147332,-0.489821,-1.160686,-0.461946,1.171461
sample,571,drone,14.264745,8.490826,2.910292,2.682165,0.144143,0.341564,0.135940,-0.476822,-1.129884,-0.449687,1.171461
sample,572,drone,14.289727,8.494278,2.918472,2.685420,0.132399,0.313733,0.124864,-0.463037,-1.097217,-0.436686,1.171461
sample,573,drone,14.314709,8.497441,2.925968,2.688403,0.121008,0.286743,0.114122,-0.448453,-1.062660,-0.422932,1.171461
sample,574,drone,14.339691,8.500324,2.932799,2.691122,0.109992,0.260639,0.103733,-0.433061,-1.026187,-0.408416,1.171461
sample,575,drone,14.364673,8.502937,2.938990,2.693586,0.099371,0.235470,0.093716,-0.416851,-0.987775,-0.393129,1.171461
sample,576,drone,14.389655,8.505289,2.944564,2.695805,0.089165,0.211285,0.084090,-0.399812,-0.947399,-0.377059,1.171461
sample,577,drone,14.414637,8.507392,2.949547,2.697788,0.079394,0.188134,0.074876,-0.381933,-0.905032,-0.360198,1.171461
sample,578,drone,14.439619,8.509256,2.953964,2.699546,0.070082,0.166066,0.066093,-0.363204,-0.860652,-0.342534,1.171461
sample,579,drone,14.464601,8.510894,2.957844,2.701090,0.061247,0.145132,0.057762,-0.343614,-0.814233,-0.324060,1.171461
sample,580,drone,14.489583,8.512316,2.961216,2.702432,0.052913,0.125384,0.049902,-0.323154,-0.765749,-0.304764,1.171461
sample,581,drone,14.514565,8.513537,2.964109,2.703583,0.045101,0.106872,0.042535,-0.301812,-0.715177,-0.284636,1.171461
sample,582,drone,14.539547,8.514570,2.966555,2.704557,0.037834,0.089651,0.035680,-0.279578,-0.662492,-0.263668,1.171461
sample,583,drone,14.564529,8.515428,2.968588,2.705366,0.031132,0.073772,0.029361,-0.256442,-0.607668,-0.241848,1.171461
sample,584,drone,14.589511,8.516125,2.970241,2.706024,0.025021,0.059289,0.023597,-0.232393,-0.550682,-0.219168,1.171461
sample,585,drone,14.614493,8.516678,2.971551,2.706545,0.019521,0.046257,0.018410,-0.207421,-0.491507,-0.195617,1.171461
sample,586,drone,14.639475,8.517101,2.972553,2.706944,0.014657,0.034731,0.013823,-0.181515,-0.430120,-0.171185,1.171461
sample,587,drone,14.664457,8.517410,2.973286,2.707236,0.010452,0.024767,0.009857,-0.154665,-0.366495,-0.145863,1.171461
sample,588,drone,14.689440,8.517623,2.973790,2.707436,0.006929,0.016420,0.006535,-0.126860,-0.300608,-0.119640,1.171461
sample,589,drone,14.714422,8.517756,2.974106,2.707562,0.004113,0.009747,0.003879,-0.098089,-0.232434,-0.092507,1.171461
sample,590,drone,14.739404,8.517828,2.974277,2.707630,0.002028,0.004806,0.001913,-0.068344,-0.161948,-0.064454,1.171461
sample,591,drone,14.764386,8.517858,2.974346,2.707658,0.000699,0.001656,0.000659,-0.027715,-0.098651,-0.043129,1.171460
sample,592,drone,14.789368,8.517863,2.974360,2.707663,0.000644,-0.000123,-0.000242,0.102338,-0.118924,-0.089701,-0.188155
sample,593,drone,14.814350,8.517890,2.974340,2.707646,0.005812,-0.004286,-0.003823,0.402416,-0.303934,-0.268382,-0.635451
sample,594,drone,14.839332,8.518154,2.974146,2.707472,0.020750,-0.015308,-0.013651,0.805253,-0.594108,-0.529791,-0.635617
sample,595,drone,14.864314,8.518927,2.973575,2.706964,0.046046,-0.033970,-0.030293,1.199383,-0.884849,-0.789073,-0.635617
sample,596,drone,14.889296,8.520454,2.972448,2.705959,0.080676,-0.059519,-0.053077,1.553090,-1.145798,-1.021777,-0.635617
sample,597,drone,14.914278,8.522957,2.970602,2.704312,0.123644,-0.091219,-0.081346,1.867564,-1.377802,-1.228670,-0.635617
sample,598,drone,14.939260,8.526632,2.967891,2.701894,0.173987,-0.128360,-0.114466,2.144134,-1.581843,-1.410625,-0.635617
sample,599,drone,14.964242,8.531651,2.964188,2.698593,0.230774,-0.170254,-0.151826,2.384127,-1.758898,-1.568516,-0.635617
sample,600,drone,14.989224,8.538163,2.959384,2.694308,0.293108,-0.216241,-0.192836,2.588870,-1.909949,-1.703217,-0.635617
sample,601,drone,15.014206,8.546295,2.953384,2.688958,0.360125,-0.265683,-0.236926,2.759692,-2.035973,-1.815600,-0.635617
sample,602,drone,15.039188,8.556156,2.946109,2.682471,0.430993,-0.317967,-0.283550,2.897920,-2.137951,-1.906540,-0.635617
sample,603,drone,15.064170,8.567830,2.937497,2.674790,0.504916,-0.372504,-0.332184,3.004881,-2.216862,-1.976910,-0.635617
sample,604,drone,15.089152,8.581383,2.927498,2.665873,0.581129,-0.428730,-0.382325,3.081904,-2.273686,-2.027583,-0.635617
sample,605,drone,15.114134,8.596865,2.916076,2.655688,0.658901,-0.486107,-0.433491,3.130316,-2.309402,-2.059434,-0.635617
sample,606,drone,15.139116,8.614305,2.903210,2.644214,0.737533,-0.544118,-0.485223,3.151445,-2.324990,-2.073334,-0.635617
sample,607,drone,15.164098,8.633715,2.888890,2.631444,0.816360,-0.602273,-0.537083,3.146619,-2.321429,-2.070159,-0.635617
sample,608,drone,15.189080,8.655094,2.873118,2.617379,0.894751,-0.660106,-0.588656,3.117164,-2.299699,-2.050781,-0.635617
sample,609,drone,15.214062,8.678421,2.855908,2.602032,0.972106,-0.717175,-0.639548,3.064410,-2.260780,-2.016074,-0.635617
sample,610,drone,15.239044,8.703664,2.837285,2.585425,1.047861,-0.773063,-0.689387,2.989683,-2.205650,-1.966911,-0.635617
sample,611,drone,15.264026,8.730776,2.817283,2.567588,1.121483,-0.827378,-0.737823,2.894312,-2.135289,-1.904167,-0.635617
sample,612,drone,15.289008,8.759698,2.795946,2.548560,1.192473,-0.879751,-0.784527,2.779624,-2.050678,-1.828713,-0.635617
sample,613,drone,15.313991,8.790357,2.773327,2.528390,1.260364,-0.929838,-0.829193,2.646946,-1.952794,-1.741425,-0.635617
sample,614,drone,15.338973,8.822671,2.749487,2.507130,1.324725,-0.977321,-0.871536,2.497607,-1.842619,-1.643174,-0.635617
sample,615,drone,15.363955,8.856546,2.724496,2.484844,1.385155,-1.021903,-0.911293,2.332934,-1.721131,-1.534836,-0.635617
sample,616,drone,15.388937,8.891879,2.698429,2.461599,1.441288,-1.063315,-0.948223,2.154255,-1.589309,-1.417283,-0.635617
sample,617,drone,15.413919,8.928558,2.671368,2.437467,1.492790,-1.101312,-0.982106,1.962897,-1.448135,-1.291389,-0.635617
sample,618,drone,15.438901,8.966465,2.643403,2.412529,1.539362,-1.135670,-1.012746,1.760189,-1.298586,-1.158028,-0.635617
sample,619,drone,15.463883,9.005471,2.614625,2.386866,1.580737,-1.166194,-1.039966,1.547458,-1.141643,-1.018072,-0.635617
sample,620,drone,15.488865,9.045445,2.585135,2.360568,1.616680,-1.192711,-1.063613,1.326031,-0.978284,-0.872395,-0.635617
sample,621,drone,15.513847,9.086247,2.555033,2.333724,1.646991,-1.215073,-1.083554,1.097237,-0.809490,-0.721871,-0.635617
sample,622,drone,15.538829,9.127735,2.524425,2.306429,1.671502,-1.233157,-1.099680,0.862402,-0.636240,-0.567374,-0.635617
sample,623,drone,15.563811,9.169762,2.493419,2.278779,1.690080,-1.246862,-1.111903,0.622856,-0.459514,-0.409776,-0.635617
sample,624,drone,15.588793,9.212178,2.462126,2.250874,1.702622,-1.256116,-1.120155,0.379925,-0.280291,-0.249952,-0.635617
sample,625,drone,15.613775,9.254832,2.430658,2.222812,1.709062,-1.260867,-1.124391,0.134937,-0.099550,-0.088775,-0.635617
sample,626,drone,15.638757,9.297570,2.399128,2.194694,1.709364,-1.261090,-1.124590,-0.110780,0.081729,0.072882,-0.635617
sample,627,drone,15.663739,9.340239,2.367649,2.166623,1.703527,-1.256783,-1.120750,-0.355899,0.262566,0.234146,-0.635617
sample,628,drone,15.688721,9.382685,2.336334,2.138697,1.691582,-1.247971,-1.112891,-0.599091,0.441982,0.394142,-0.635617
sample,629,drone,15.713703,9.424757,2.305296,2.111018,1.673594,-1.234700,-1.101057,-0.839030,0.618997,0.551997,-0.635617
sample,630,drone,15.738685,9.466305,2.274644,2.083684,1.649661,-1.217043,-1.085311,-1.074386,0.792632,0.706838,-0.635617
sample,631,drone,15.763667,9.507181,2.244487,2.056792,1.619913,-1.195097,-1.065740,-1.303833,0.961908,0.857791,-0.635617
sample,632,drone,15.788649,9.547242,2.214932,2.030435,1.584516,-1.168983,-1.042452,-1.526044,1.125844,1.003983,-0.635617
sample,633,drone,15.813631,9.586350,2.186080,2.004706,1.543666,-1.138845,-1.015577,-1.739689,1.283462,1.144541,-0.635617
sample,634,drone,15.838613,9.624370,2.158030,1.979693,1.497594,-1.104856,-0.985266,-1.943442,1.433782,1.278590,-0.635617
sample,635,drone,15.863595,9.661176,2.130877,1.955478,1.446564,-1.067208,-0.951694,-2.135975,1.575823,1.405257,-0.635617
sample,636,drone,15.888577,9.696646,2.104708,1.932142,1.390872,-1.026121,-0.915054,-2.315960,1.708608,1.523669,-0.635617
sample,637,drone,15.913560,9.730669,2.079608,1.909759,1.330849,-0.981839,-0.875565,-2.482069,1.831156,1.632952,-0.635617
sample,638,drone,15.938542,9.763141,2.055652,1.888396,1.266858,-0.934629,-0.833465,-2.632975,1.942487,1.732233,-0.635617
sample,639,drone,15.963524,9.793967,2.032910,1.868115,1.199295,-0.884784,-0.789015,-2.767351,2.041623,1.820639,-0.635617
sample,640,drone,15.988506,9.823063,2.011444,1.848973,1.128590,-0.832621,-0.742499,-2.883867,2.127583,1.897295,-0.635617
sample,641,drone,16.013488,9.850356,1.991309,1.831017,1.055205,-0.778481,-0.694219,-2.981197,2.199389,1.961328,-0.635617
sample,642,drone,16.038470,9.875785,1.972548,1.814287,0.979637,-0.722731,-0.644503,-3.058013,2.256060,2.011865,-0.635617
sample,643,drone,16.063452,9.899302,1.955198,1.798815,0.902414,-0.665759,-0.593698,-3.112987,2.296618,2.048033,-0.635617
sample,644,drone,16.088434,9.920873,1.939284,1.784624,0.824099,-0.607982,-0.542175,-3.144792,2.320082,2.068957,-0.635617
sample,645,drone,16.113416,9.940478,1.924821,1.771726,0.745288,-0.549839,-0.490324,-3.152100,2.325473,2.073765,-0.635617
sample,646,drone,16.138398,9.958111,1.911812,1.760125,0.666608,-0.491792,-0.438561,-3.133583,2.311812,2.061583,-0.635617
sample,647,drone,16.163380,9.973784,1.900249,1.749813,0.588721,-0.434331,-0.387319,-3.087913,2.278119,2.031536,-0.635617
sample,648,drone,16.188362,9.987526,1.890111,1.740773,0.512323,-0.377968,-0.337057,-3.013763,2.223414,1.982753,-0.635617
sample,649,drone,16.213344,9.999382,1.881364,1.732973,0.438141,-0.323240,-0.288253,-2.909805,2.146719,1.914359,-0.635617
sample,650,drone,16.238326,10.009417,1.873961,1.726371,0.366937,-0.270709,-0.241408,-2.774711,2.047053,1.825481,-0.635617
sample,651,drone,16.263308,10.017716,1.867838,1.720911,0.299505,-0.220961,-0.197044,-2.607154,1.923437,1.715245,-0.635617
sample,652,drone,16.288290,10.024382,1.862920,1.716525,0.236673,-0.174606,-0.155707,-2.405805,1.774892,1.582778,-0.635617
sample,653,drone,16.313272,10.029541,1.859114,1.713131,0.179301,-0.132280,-0.117962,-2.169338,1.600437,1.427207,-0.635617
sample,654,drone,16.338254,10.033340,1.856311,1.710632,0.128284,-0.094642,-0.084398,-1.896425,1.399094,1.247657,-0.635617
sample,655,drone,16.363236,10.035950,1.854386,1.708914,0.084548,-0.062376,-0.055624,-1.585737,1.169883,1.043256,-0.635617
sample,656,drone,16.388218,10.037565,1.853195,1.707852,0.049054,-0.036190,-0.032273,-1.235948,0.911825,0.813129,-0.635617
sample,657,drone,16.413200,10.038401,1.852577,1.707302,0.022795,-0.016817,-0.014997,-0.845742,0.623946,0.556417,-0.635617
sample,658,drone,16.438182,10.038704,1.852354,1.707103,0.006797,-0.005015,-0.004472,-0.436039,0.316746,0.291974,-0.635632
sample,659,drone,16.463164,10.038741,1.852327,1.707078,0.001009,-0.000991,-0.000409,-0.099681,0.039279,0.100957,-0.776593
sample,660,drone,16.488146,10.038754,1.852305,1.707083,0.001817,-0.003052,0.000572,0.090525,-0.166162,0.043058,-1.033874
sample,661,drone,16.513128,10.038832,1.852174,1.707107,0.005532,-0.009293,0.001743,0.192821,-0.323931,0.060738,-1.033874
sample,662,drone,16.538111,10.039030,1.851840,1.707170,0.011451,-0.019237,0.003607,0.278914,-0.468564,0.087858,-1.033874
sample,663,drone,16.563093,10.039404,1.851213,1.707287,0.019468,-0.032705,0.006132,0.360772,-0.606082,0.113643,-1.033874
sample,664,drone,16.588075,10.040003,1.850206,1.707476,0.029477,-0.049520,0.009285,0.438463,-0.736598,0.138115,-1.033874
sample,665,drone,16.613057,10.040877,1.848739,1.707751,0.041375,-0.069508,0.013033,0.512053,-0.860227,0.161296,-1.033874
sample,666,drone,16.638039,10.042070,1.846733,1.708127,0.055061,-0.092500,0.017344,0.581611,-0.977081,0.183207,-1.033874
sample,667,drone,16.663021,10.043628,1.844117,1.708618,0.070435,-0.118327,0.022187,0.647204,-1.087274,0.203868,-1.033874
sample,668,drone,16.688003,10.045590,1.840821,1.709236,0.087398,-0.146825,0.027530,0.708899,-1.190921,0.223303,-1.033874
sample,669,drone,16.712985,10.047994,1.836781,1.709993,0.105854,-0.177831,0.033344,0.766766,-1.288133,0.241530,-1.033874
sample,670,drone,16.737967,10.050879,1.831936,1.710902,0.125709,-0.211185,0.039598,0.820870,-1.379026,0.258573,-1.033874
sample,671,drone,16.762949,10.054275,1.826230,1.711972,0.146868,-0.246732,0.046263,0.871280,-1.463713,0.274452,-1.033874
sample,672,drone,16.787931,10.058217,1.819608,1.713213,0.169241,-0.284318,0.053311,0.918063,-1.542307,0.289189,-1.033874
sample,673,drone,16.812913,10.062731,1.812024,1.714635,0.192738,-0.323792,0.060712,0.961287,-1.614921,0.302804,-1.033874
sample,674,drone,16.837895,10.067847,1.803430,1.716247,0.217271,-0.365006,0.068440,1.001020,-1.681671,0.315320,-1.033874
sample,675,drone,16.862877,10.073587,1.793787,1.718055,0.242753,-0.407815,0.076467,1.037329,-1.742668,0.326757,-1.033874
sample,676,drone,16.887859,10.079976,1.783054,1.720067,0.269100,-0.452077,0.084766,1.070282,-1.798027,0.337138,-1.033874
sample,677,drone,16.912841,10.087032,1.771199,1.722290,0.296229,-0.497652,0.093312,1.099946,-1.847862,0.346482,-1.033874
sample,678,drone,16.937823,10.094776,1.758190,1.724730,0.324058,-0.544404,0.102078,1.126389,-1.892285,0.354811,-1.033874
sample,679,drone,16.962805,10.103224,1.743998,1.727390,0.352508,-0.592198,0.111040,1.149679,-1.931411,0.362148,-1.033874
sample,680,drone,16.987787,10.112389,1.728601,1.730278,0.381501,-0.640905,0.120172,1.169883,-1.965354,0.368512,-1.033874
sample,681,drone,17.012769,10.122285,1.711976,1.733395,0.410960,-0.690396,0.129452,1.187069,-1.994226,0.373926,-1.033874
sample,682,drone,17.037751,10.132922,1.694106,1.736746,0.440812,-0.740545,0.138855,1.201305,-2.018141,0.378410,-1.033874
sample,683,drone,17.062733,10.144310,1.674976,1.740333,0.470982,-0.791230,0.148359,1.212658,-2.037214,0.381986,-1.033874
sample,684,drone,17.087715,10.156455,1.654573,1.744158,0.501401,-0.842332,0.157941,1.221196,-2.051557,0.384675,-1.033874
sample,685,drone,17.112697,10.169362,1.632889,1.748224,0.531998,-0.893734,0.167579,1.226986,-2.061284,0.386499,-1.033874
sample,686,drone,17.137679,10.183035,1.609918,1.752531,0.562706,-0.945322,0.177252,1.230096,-2.066509,0.387479,-1.033874
sample,687,drone,17.162662,10.197477,1.585657,1.757080,0.593459,-0.996985,0.186939,1.230594,-2.067346,0.387636,-1.033874
sample,688,drone,17.187644,10.212687,1.560105,1.761871,0.624192,-1.048615,0.196620,1.228547,-2.063907,0.386991,-1.033874
sample,689,drone,17.212626,10.228664,1.533264,1.766904,0.654842,-1.100107,0.206275,1.224024,-2.056307,0.385566,-1.033874
sample,690,drone,17.237608,10.245406,1.505139,1.772178,0.685349,-1.151357,0.215884,1.217091,-2.044660,0.383382,-1.033874
sample,691,drone,17.262590,10.262907,1.475737,1.777691,0.715653,-1.202266,0.225430,1.207815,-2.029078,0.380461,-1.033874
sample,692,drone,17.287572,10.281163,1.445069,1.783441,0.745696,-1.252738,0.234894,1.196266,-2.009676,0.376823,-1.033874
sample,693,drone,17.312554,10.300165,1.413146,1.789427,0.775423,-1.302678,0.244257,1.182511,-1.986567,0.372490,-1.033874
sample,694,drone,17.337536,10.319906,1.379982,1.795645,0.804779,-1.351995,0.253505,1.166616,-1.959865,0.367483,-1.033874
sample,695,drone,17.362518,10.340375,1.345594,1.802093,0.833712,-1.400601,0.262618,1.148650,-1.929683,0.361823,-1.033874
sample,696,drone,17.387500,10.361561,1.310002,1.808767,0.862171,-1.448410,0.271583,1.128680,-1.896135,0.355533,-1.033874
sample,697,drone,17.412482,10.383453,1.273226,1.815662,0.890106,-1.495339,0.280382,1.106775,-1.859334,0.348633,-1.033874
sample,698,drone,17.437464,10.406035,1.235289,1.822776,0.917470,-1.541310,0.289002,1.083001,-1.819394,0.341144,-1.033874
sample,699,drone,17.462446,10.429293,1.196216,1.830102,0.944217,-1.586244,0.297427,1.057426,-1.776430,0.333088,-1.033874
sample,700,drone,17.487428,10.453212,1.156034,1.837636,0.970303,-1.630067,0.305644,1.030118,-1.730553,0.324486,-1.033874
sample,701,drone,17.512410,10.477773,1.114771,1.845373,0.995686,-1.672709,0.313640,1.001144,-1.681879,0.315359,-1.033874
sample,702,drone,17.537392,10.502960,1.072458,1.853307,1.020324,-1.714101,0.321401,0.970572,-1.630520,0.305729,-1.033874
sample,703,drone,17.562374,10.528753,1.029128,1.861432,1.044179,-1.754177,0.328915,0.938471,-1.576590,0.295617,-1.033874
sample,704,drone,17.587356,10.555132,0.984812,1.869741,1.067214,-1.792874,0.336171,0.904906,-1.520203,0.285044,-1.033874
sample,705,drone,17.612338,10.582075,0.939548,1.878228,1.089392,-1.830132,0.343157,0.869946,-1.461473,0.274032,-1.033874
sample,706,drone,17.637320,10.609562,0.893372,1.886887,1.110680,-1.865895,0.349863,0.833660,-1.400512,0.262602,-1.033874
sample,707,drone,17.662302,10.637569,0.846321,1.895709,1.131045,-1.900107,0.356278,0.796113,-1.337435,0.250775,-1.033874
sample,708,drone,17.687284,10.666074,0.798434,1.904688,1.150457,-1.932719,0.362393,0.757374,-1.272356,0.238572,-1.033874
sample,709,drone,17.712266,10.695051,0.749754,1.913815,1.168887,-1.963680,0.368198,0.717510,-1.205387,0.226015,-1.033874
sample,710,drone,17.737248,10.724476,0.700321,1.923084,1.186307,-1.992945,0.373685,0.676590,-1.136642,0.213125,-1.033874
sample,711,drone,17.762230,10.754324,0.650178,1.932486,1.202692,-2.020471,0.378847,0.634680,-1.066236,0.199924,-1.033874
sample,712,drone,17.787213,10.784568,0.599370,1.942013,1.218018,-2.046218,0.383674,0.591849,-0.994281,0.186432,-1.033874
sample,713,drone,17.812195,10.815181,0.547941,1.951656,1.232263,-2.070149,0.388161,0.548164,-0.920891,0.172671,-1.033874
sample,714,drone,17.837177,10.846136,0.495937,1.961407,1.245407,-2.092230,0.392302,0.503692,-0.846181,0.158662,-1.033874
sample,715,drone,17.862159,10.877406,0.443405,1.971257,1.257430,-2.112428,0.396089,0.458501,-0.770263,0.144427,-1.033874
sample,716,drone,17.887141,10.908963,0.390391,1.981197,1.268315,-2.130715,0.399518,0.412660,-0.693250,0.129987,-1.033874
sample,717,drone,17.912123,10.940777,0.336945,1.991219,1.278048,-2.147065,0.402584,0.366234,-0.615258,0.115363,-1.033874
sample,718,drone,17.937105,10.972819,0.283115,2.001312,1.286614,-2.161456,0.405282,0.319293,-0.536399,0.100577,-1.033874
sample,719,drone,17.962087,11.005061,0.228950,2.011468,1.294001,-2.173866,0.407609,0.271904,-0.456787,0.085649,-1.033874
sample,720,drone,17.987069,11.037473,0.174500,2.021678,1.300199,-2.184279,0.409561,0.224134,-0.376535,0.070602,-1.033874
sample,721,drone,18.012051,11.070024,0.119815,2.031932,1.305200,-2.192679,0.411136,0.176051,-0.295757,0.055456,-1.033874
sample,722,drone,18.037033,11.102686,0.064945,2.042220,1.308995,-2.199056,0.412332,0.127722,-0.214568,0.040232,-1.033874
sample,723,drone,18.062015,11.135427,0.009941,2.052533,1.311581,-2.203400,0.413147,0.079216,-0.133079,0.024953,-1.033874
sample,724,drone,18.086997,11.168218,-0.045146,2.062862,1.312953,-2.205705,0.413579,0.030599,-0.051405,0.009639,-1.033874
sample,725,drone,18.111979,11.201028,-0.100265,2.073197,1.313110,-2.205968,0.413628,-0.018060,0.030340,-0.005689,-1.033874
sample,726,drone,18.136961,11.233826,-0.155365,2.083529,1.312051,-2.204189,0.413295,-0.066694,0.112042,-0.021008,-1.033874
sample,727,drone,18.161943,11.266583,-0.210395,2.093847,1.309778,-2.200370,0.412579,-0.115235,0.193590,-0.036299,-1.033874
sample,728,drone,18.186925,11.299268,-0.265305,2.104143,1.306293,-2.194517,0.411481,-0.163616,0.274867,-0.051539,-1.033874
sample,729,drone,18.211907,11.331851,-0.320042,2.114407,1.301603,-2.186637,0.410003,-0.211768,0.355762,-0.066707,-1.033874
sample,730,drone,18.236889,11.364301,-0.374558,2.124629,1.295712,-2.176741,0.408148,-0.259626,0.436160,-0.081782,-1.033874
sample,731,drone,18.261871,11.396590,-0.428801,2.134799,1.288631,-2.164845,0.405917,-0.307120,0.515948,-0.096742,-1.033874
sample,732,drone,18.286853,11.428687,-0.482722,2.144910,1.280368,-2.150963,0.403314,-0.354183,0.595012,-0.111567,-1.033874
sample,733,drone,18.311835,11.460562,-0.536272,2.154951,1.270934,-2.135115,0.400343,-0.400748,0.673239,-0.126235,-1.033874
sample,734,drone,18.336817,11.492188,-0.589402,2.164913,1.260345,-2.117325,0.397007,-0.446746,0.750514,-0.140725,-1.033874
sample,735,drone,18.361799,11.523534,-0.642062,2.174787,1.248613,-2.097617,0.393312,-0.492111,0.826725,-0.155014,-1.033874
sample,736,drone,18.386781,11.554573,-0.694207,2.184564,1.235757,-2.076018,0.389262,-0.536774,0.901758,-0.169083,-1.033874
sample,737,drone,18.411764,11.585278,-0.745789,2.194236,1.221794,-2.052561,0.384864,-0.580669,0.975499,-0.182910,-1.033874
sample,738,drone,18.436746,11.615619,-0.796761,2.203793,1.206744,-2.027278,0.380123,-0.623727,1.047834,-0.196473,-1.033874
sample,739,drone,18.461728,11.645572,-0.847080,2.213228,1.190630,-2.000207,0.375047,-0.665881,1.118651,-0.209752,-1.033874
sample,740,drone,18.486710,11.675108,-0.896700,2.222532,1.173474,-1.971386,0.369643,-0.707062,1.187834,-0.222724,-1.033874
sample,741,drone,18.511692,11.704203,-0.945578,2.231697,1.155302,-1.940858,0.363919,-0.747205,1.255272,-0.235369,-1.033874
sample,742,drone,18.536674,11.732832,-0.993673,2.240715,1.136141,-1.908668,0.357883,-0.786240,1.320849,-0.247665,-1.033874
sample,743,drone,18.561656,11.760969,-1.040943,2.249578,1.116018,-1.874863,0.351545,-0.824100,1.384453,-0.259591,-1.033874
sample,744,drone,18.586638,11.788592,-1.087349,2.258280,1.094965,-1.839495,0.344913,-0.860718,1.445970,-0.271125,-1.033874
sample,745,drone,18.611620,11.815678,-1.132852,2.266812,1.073013,-1.802616,0.337998,-0.896027,1.505286,-0.282247,-1.033874
sample,746,drone,18.636602,11.842205,-1.177415,2.275168,1.050196,-1.764284,0.330811,-0.929957,1.562288,-0.292935,-1.033874
sample,747,drone,18.661584,11.868150,-1.221003,2.283340,1.026549,-1.724558,0.323362,-0.962442,1.616862,-0.303168,-1.033874
sample,748,drone,18.686566,11.893495,-1.263581,2.291324,1.002108,-1.683499,0.315663,-0.993415,1.668894,-0.312925,-1.033874
sample,749,drone,18.711548,11.918220,-1.305117,2.299112,0.976914,-1.641173,0.307727,-1.022807,1.718272,-0.322183,-1.033874
sample,750,drone,18.736530,11.942306,-1.345581,2.306699,0.951005,-1.597647,0.299565,-1.050551,1.764880,-0.330922,-1.033874
sample,751,drone,18.761512,11.965736,-1.384942,2.314080,0.924424,-1.552993,0.291193,-1.076579,1.808606,-0.339121,-1.033874
sample,752,drone,18.786494,11.988494,-1.423174,2.321248,0.897215,-1.507282,0.282622,-1.100823,1.849336,-0.346758,-1.033874
sample,753,drone,18.811476,12.010564,-1.460252,2.328201,0.869422,-1.460592,0.273867,-1.123217,1.886957,-0.353812,-1.033874
sample,754,drone,18.836458,12.031934,-1.496152,2.334932,0.841094,-1.413002,0.264944,-1.143692,1.921354,-0.360262,-1.033874
sample,755,drone,18.861440,12.052589,-1.530851,2.341438,0.812279,-1.364594,0.255867,-1.162181,1.952414,-0.366086,-1.033874
sample,756,drone,18.886422,12.072518,-1.564332,2.347716,0.783027,-1.315451,0.246653,-1.178616,1.980024,-0.371263,-1.033874
sample,757,drone,18.911404,12.091712,-1.596577,2.353762,0.753390,-1.265663,0.237317,-1.192929,2.004070,-0.375771,-1.033874
sample,758,drone,18.936386,12.110161,-1.627570,2.359573,0.723423,-1.215320,0.227877,-1.205054,2.024439,-0.379591,-1.033874
sample,759,drone,18.961368,12.127857,-1.657299,2.365148,0.693181,-1.164514,0.218351,-1.214921,2.041016,-0.382699,-1.033874
sample,760,drone,18.986350,12.144795,-1.685754,2.370483,0.662721,-1.113342,0.208756,-1.222465,2.053688,-0.385075,-1.033874
sample,761,drone,19.011332,12.160969,-1.712926,2.375578,0.632102,-1.061904,0.199111,-1.227616,2.062342,-0.386698,-1.033874
sample,762,drone,19.036315,12.176377,-1.738811,2.380432,0.601384,-1.010299,0.189435,-1.230307,2.066864,-0.387545,-1.033874
sample,763,drone,19.061297,12.191017,-1.763405,2.385043,0.570630,-0.958635,0.179748,-1.230472,2.067140,-0.387597,-1.033874
sample,764,drone,19.086279,12.204888,-1.786708,2.389413,0.539905,-0.907017,0.170069,-1.228041,2.063057,-0.386832,-1.033874
sample,765,drone,19.111261,12.217993,-1.808723,2.393540,0.509272,-0.855556,0.160420,-1.222948,2.054501,-0.385227,-1.033874
sample,766,drone,19.136243,12.230334,-1.829455,2.397428,0.478801,-0.804365,0.150822,-1.215125,2.041358,-0.382763,-1.033874
sample,767,drone,19.161225,12.241916,-1.848912,2.401076,0.448560,-0.753561,0.141296,-1.204504,2.023515,-0.379417,-1.033874
sample,768,drone,19.186207,12.252746,-1.867106,2.404487,0.418619,-0.703262,0.131865,-1.191018,2.000859,-0.375169,-1.033874
sample,769,drone,19.211189,12.262832,-1.884050,2.407665,0.389052,-0.653590,0.122551,-1.174599,1.973275,-0.369997,-1.033874
sample,770,drone,19.236171,12.272184,-1.899762,2.410611,0.359932,-0.604670,0.113378,-1.155179,1.940651,-0.363880,-1.033874
sample,771,drone,19.261153,12.280815,-1.914262,2.413329,0.331334,-0.556627,0.104370,-1.132690,1.902871,-0.356796,-1.033874
sample,772,drone,19.286135,12.288739,-1.927574,2.415825,0.303338,-0.509594,0.095551,-1.107066,1.859824,-0.348725,-1.033874
sample,773,drone,19.311117,12.295971,-1.939724,2.418104,0.276021,-0.463703,0.086946,-1.078239,1.811395,-0.339644,-1.033874
sample,774,drone,19.336099,12.302530,-1.950742,2.420170,0.249464,-0.419090,0.078581,-1.046140,1.757471,-0.329533,-1.033874
sample,775,drone,19.361081,12.308436,-1.960663,2.422030,0.223751,-0.375893,0.070481,-1.010703,1.697937,-0.318370,-1.033874
sample,776,drone,19.386063,12.313710,-1.969523,2.423691,0.198966,-0.334254,0.062674,-0.971859,1.632681,-0.306134,-1.033874
sample,777,drone,19.411045,12.318377,-1.977364,2.425161,0.175193,-0.294317,0.055186,-0.929541,1.561589,-0.292804,-1.033874
sample,778,drone,19.436027,12.322463,-1.984229,2.426448,0.152522,-0.256230,0.048044,-0.883681,1.484547,-0.278359,-1.033874
sample,779,drone,19.461009,12.325997,-1.990166,2.427562,0.131041,-0.220143,0.041278,-0.834213,1.401441,-0.262776,-1.033874
sample,780,drone,19.485991,12.329010,-1.995228,2.428511,0.110841,-0.186209,0.034915,-0.781067,1.312159,-0.246035,-1.033874
sample,781,drone,19.510973,12.331535,-1.999470,2.429306,0.092016,-0.154582,0.028985,-0.724177,1.216586,-0.228115,-1.033874
sample,782,drone,19.535955,12.333608,-2.002951,2.429959,0.074658,-0.125423,0.023517,-0.663474,1.114609,-0.208994,-1.033874
sample,783,drone,19.560937,12.335266,-2.005736,2.430481,0.058866,-0.098892,0.018543,-0.598892,1.006114,-0.188650,-1.033874
sample,784,drone,19.585919,12.336549,-2.007892,2.430885,0.044735,-0.075154,0.014092,-0.530363,0.890987,-0.167064,-1.033874
sample,785,drone,19.610901,12.337501,-2.009491,2.431185,0.032367,-0.054375,0.010195,-0.457818,0.769115,-0.144212,-1.033874
sample,786,drone,19.635883,12.338166,-2.010609,2.431395,0.021861,-0.036725,0.006886,-0.381191,0.640385,-0.120075,-1.033874
sample,787,drone,19.660866,12.338593,-2.011326,2.431529,0.013321,-0.022378,0.004196,-0.300414,0.504683,-0.094630,-1.033874
sample,788,drone,19.685848,12.338832,-2.011727,2.431605,0.006851,-0.011509,0.002158,-0.215419,0.361894,-0.067857,-1.033874
sample,789,drone,19.710830,12.338935,-2.011901,2.431637,0.002558,-0.004297,0.000806,-0.125846,0.216102,-0.040446,-1.033874
sample,790,drone,19.735812,12.338960,-2.011942,2.431645,0.000563,-0.000712,0.000137,-0.028213,0.123445,-0.021950,-0.901563
sample,791,drone,19.760794,12.338963,-2.011937,2.431644,0.001148,0.001871,-0.000291,0.080668,0.166454,-0.026462,1.020487
sample,792,drone,19.785776,12.339017,-2.011848,2.431630,0.004594,0.007605,-0.001185,0.195093,0.323554,-0.050425,1.027392
sample,793,drone,19.810758,12.339193,-2.011557,2.431585,0.010896,0.018037,-0.002811,0.306381,0.507198,-0.079031,1.027392
sample,794,drone,19.835740,12.339561,-2.010947,2.431490,0.019902,0.032946,-0.005134,0.411591,0.681366,-0.106170,1.027392
sample,795,drone,19.860722,12.340187,-2.009911,2.431328,0.031460,0.052081,-0.008115,0.510780,0.845570,-0.131756,1.027392
sample,796,drone,19.885704,12.341133,-2.008345,2.431084,0.045422,0.075194,-0.011717,0.604061,0.999991,-0.155817,1.027392
sample,797,drone,19.910686,12.342457,-2.006154,2.430743,0.061642,0.102045,-0.015900,0.691542,1.144811,-0.178383,1.027392
sample,798,drone,19.935668,12.344213,-2.003247,2.430290,0.079975,0.132394,-0.020629,0.773333,1.280212,-0.199481,1.027392
sample,799,drone,19.960650,12.346453,-1.999539,2.429712,0.100281,0.166009,-0.025867,0.849546,1.406378,-0.219140,1.027392
sample,800,drone,19.985632,12.349223,-1.994952,2.428997,0.122421,0.202662,-0.031579,0.920289,1.523490,-0.237388,1.027392
sample,801,drone,20.010614,12.352569,-1.989413,2.428134,0.146262,0.242129,-0.037728,0.985673,1.631730,-0.254254,1.027392
sample,802,drone,20.035596,12.356531,-1.982854,2.427112,0.171670,0.284190,-0.044282,1.045808,1.731280,-0.269766,1.027392
sample,803,drone,20.060578,12.361147,-1.975214,2.425922,0.198515,0.328631,-0.051207,1.100805,1.822324,-0.283952,1.027392
sample,804,drone,20.085560,12.366450,-1.966435,2.424554,0.226670,0.375241,-0.058470,1.150773,1.905043,-0.296842,1.027392
sample,805,drone,20.110542,12.372472,-1.956465,2.423000,0.256012,0.423815,-0.066038,1.195822,1.979619,-0.308462,1.027392
sample,806,drone,20.135524,12.379241,-1.945259,2.421254,0.286419,0.474151,-0.073882,1.236062,2.046235,-0.318842,1.027392
sample,807,drone,20.160506,12.386783,-1.932775,2.419309,0.317771,0.526053,-0.081969,1.271604,2.105073,-0.328010,1.027392
sample,808,drone,20.185488,12.395118,-1.918975,2.417159,0.349953,0.579329,-0.090270,1.302558,2.156316,-0.335995,1.027392
sample,809,drone,20.210470,12.404268,-1.903829,2.414799,0.382852,0.633791,-0.098757,1.329033,2.200144,-0.342824,1.027392
sample,810,drone,20.235452,12.414247,-1.887308,2.412225,0.416357,0.689257,-0.107399,1.351141,2.236742,-0.348526,1.027392
sample,811,drone,20.260434,12.425071,-1.869391,2.409433,0.450360,0.745548,-0.116170,1.368990,2.266290,-0.353131,1.027392
sample,812,drone,20.285417,12.436749,-1.850058,2.406420,0.484757,0.802490,-0.125043,1.382691,2.288972,-0.356665,1.027392
sample,813,drone,20.310399,12.449291,-1.829295,2.403185,0.519445,0.859914,-0.133991,1.392354,2.304969,-0.359158,1.027392
sample,814,drone,20.335381,12.462703,-1.807093,2.399725,0.554325,0.917656,-0.142988,1.398090,2.314464,-0.360637,1.027392
sample,815,drone,20.360363,12.476988,-1.783445,2.396041,0.589300,0.975554,-0.152010,1.400008,2.317639,-0.361132,1.027392
sample,816,drone,20.385345,12.492147,-1.758350,2.392130,0.624275,1.033454,-0.161032,1.398218,2.314676,-0.360670,1.027392
sample,817,drone,20.410327,12.508179,-1.731810,2.387995,0.659160,1.091205,-0.170030,1.392831,2.305758,-0.359281,1.027392
sample,818,drone,20.435309,12.525081,-1.703829,2.383635,0.693867,1.148660,-0.178983,1.383956,2.291067,-0.356991,1.027392
sample,819,drone,20.460291,12.542847,-1.674418,2.379052,0.728308,1.205676,-0.187867,1.371705,2.270784,-0.353831,1.027392
sample,820,drone,20.485273,12.561470,-1.643589,2.374248,0.762403,1.262117,-0.196662,1.356186,2.245093,-0.349828,1.027392
sample,821,drone,20.510255,12.580940,-1.611358,2.369226,0.796069,1.317850,-0.205346,1.337509,2.214176,-0.345010,1.027392
sample,822,drone,20.535237,12.601245,-1.577744,2.363989,0.829230,1.372746,-0.213900,1.315786,2.178214,-0.339407,1.027392
sample,823,drone,20.560219,12.622372,-1.542770,2.358539,0.861811,1.426683,-0.222304,1.291126,2.137391,-0.333046,1.027392
sample,824,drone,20.585201,12.644305,-1.506461,2.352881,0.893740,1.479539,-0.230540,1.263639,2.091888,-0.325955,1.027392
sample,825,drone,20.610183,12.667027,-1.468846,2.347020,0.924948,1.531202,-0.238590,1.233435,2.041887,-0.318164,1.027392
sample,826,drone,20.635165,12.690519,-1.429956,2.340960,0.955367,1.581560,-0.246437,1.200625,1.987571,-0.309701,1.027392
sample,827,drone,20.660147,12.714761,-1.389825,2.334707,0.984936,1.630509,-0.254064,1.165318,1.929123,-0.300594,1.027392
sample,828,drone,20.685129,12.739730,-1.348489,2.328266,1.013591,1.677947,-0.261456,1.127625,1.866724,-0.290871,1.027392
sample,829,drone,20.710111,12.765404,-1.305987,2.321644,1.041276,1.723778,-0.268597,1.087656,1.800556,-0.280561,1.027392
sample,830,drone,20.735093,12.791757,-1.262362,2.314846,1.067935,1.767910,-0.275474,1.045520,1.730803,-0.269692,1.027392
sample,831,drone,20.760075,12.818762,-1.217655,2.307880,1.093515,1.810256,-0.282072,1.001328,1.657645,-0.258292,1.027392
sample,832,drone,20.785057,12.846393,-1.171914,2.300753,1.117966,1.850733,-0.288379,0.955190,1.581266,-0.246391,1.027392
sample,833,drone,20.810039,12.874620,-1.125185,2.293471,1.141240,1.889263,-0.294383,0.907216,1.501848,-0.234016,1.027392
sample,834,drone,20.835021,12.903414,-1.077519,2.286044,1.163294,1.925771,-0.300071,0.857516,1.419572,-0.221196,1.027392
sample,835,drone,20.860003,12.932743,-1.028966,2.278479,1.184085,1.960190,-0.305435,0.806200,1.334622,-0.207959,1.027392
sample,836,drone,20.884985,12.962576,-0.979580,2.270783,1.203575,1.992455,-0.310462,0.753379,1.247179,-0.194334,1.027392
sample,837,drone,20.909968,12.992879,-0.929415,2.262967,1.221727,2.022504,-0.315144,0.699162,1.157426,-0.180349,1.027392
sample,838,drone,20.934950,13.023618,-0.878527,2.255037,1.238508,2.050284,-0.319473,0.643660,1.065545,-0.166032,1.027392
sample,839,drone,20.959932,13.054760,-0.826974,2.247005,1.253887,2.075743,-0.323440,0.586983,0.971719,-0.151412,1.027392
sample,840,drone,20.984914,13.086268,-0.774814,2.238877,1.267836,2.098835,-0.327038,0.529240,0.876128,-0.136517,1.027392
sample,841,drone,21.009896,13.118106,-0.722108,2.230664,1.280330,2.119518,-0.330261,0.470541,0.778957,-0.121376,1.027392
sample,842,drone,21.034878,13.150238,-0.668915,2.222376,1.291346,2.137755,-0.333103,0.410998,0.680386,-0.106017,1.027392
sample,843,drone,21.059860,13.182627,-0.615297,2.214021,1.300865,2.153513,-0.335558,0.350720,0.580599,-0.090468,1.027392
sample,844,drone,21.084842,13.215235,-0.561316,2.205610,1.308870,2.166764,-0.337623,0.289817,0.479777,-0.074758,1.027392
sample,845,drone,21.109824,13.248023,-0.507036,2.197152,1.315345,2.177485,-0.339293,0.228399,0.378103,-0.058916,1.027392
sample,846,drone,21.134806,13.280955,-0.452520,2.188658,1.320281,2.185656,-0.340566,0.166577,0.275759,-0.042968,1.027392
sample,847,drone,21.159788,13.313990,-0.397832,2.180136,1.323668,2.191263,-0.341440,0.104459,0.172927,-0.026945,1.027392
sample,848,drone,21.184770,13.347091,-0.343036,2.171598,1.325500,2.194296,-0.341913,0.042158,0.069790,-0.010875,1.027392
sample,849,drone,21.209752,13.380217,-0.288196,2.163053,1.325775,2.194750,-0.341983,-0.020218,-0.033470,0.005215,1.027392
sample,850,drone,21.234734,13.413332,-0.233377,2.154511,1.324490,2.192624,-0.341652,-0.082559,-0.136672,0.021296,1.027392
sample,851,drone,21.259716,13.446394,-0.178644,2.145982,1.321650,2.187921,-0.340919,-0.144753,-0.239632,0.037339,1.027392
sample,852,drone,21.284698,13.479367,-0.124060,2.137477,1.317258,2.180651,-0.339786,-0.206692,-0.342168,0.053316,1.027392
sample,853,drone,21.309680,13.512210,-0.069690,2.129005,1.311323,2.170825,-0.338255,-0.268265,-0.444099,0.069199,1.027392
sample,854,drone,21.334662,13.544886,-0.015597,2.120577,1.303854,2.158462,-0.336329,-0.329362,-0.545241,0.084959,1.027392
sample,855,drone,21.359644,13.577356,0.038156,2.112201,1.294866,2.143583,-0.334011,-0.389872,-0.645413,0.100567,1.027392
sample,856,drone,21.384626,13.609582,0.091506,2.103888,1.284375,2.126214,-0.331304,-0.449687,-0.744432,0.115997,1.027392
sample,857,drone,21.409608,13.641528,0.144390,2.095648,1.272398,2.106388,-0.328215,-0.508695,-0.842117,0.131218,1.027392
sample,858,drone,21.434590,13.673157,0.196749,2.087489,1.258958,2.084139,-0.324748,-0.566786,-0.938284,0.146202,1.027392
sample,859,drone,21.459572,13.704431,0.248522,2.079422,1.244079,2.059507,-0.320910,-0.623851,-1.032752,0.160922,1.027392
sample,860,drone,21.484554,13.735316,0.299651,2.071455,1.227788,2.032538,-0.316708,-0.679779,-1.125339,0.175349,1.027392
sample,861,drone,21.509536,13.765776,0.350076,2.063598,1.210115,2.003281,-0.312149,-0.734461,-1.215861,0.189454,1.027392
sample,862,drone,21.534519,13.795778,0.399743,2.055859,1.191091,1.971789,-0.307242,-0.787785,-1.304137,0.203209,1.027392
sample,863,drone,21.559501,13.825288,0.448595,2.048247,1.170754,1.938121,-0.301996,-0.839643,-1.389985,0.216586,1.027392
sample,864,drone,21.584483,13.854274,0.496579,2.040770,1.149139,1.902339,-0.296420,-0.889924,-1.473222,0.229556,1.027392
sample,865,drone,21.609465,13.882704,0.543644,2.033436,1.126289,1.864512,-0.290526,-0.938518,-1.553666,0.242090,1.027392
sample,866,drone,21.634447,13.910548,0.589738,2.026254,1.102247,1.824712,-0.284324,-0.985314,-1.631135,0.254162,1.027392
sample,867,drone,21.659429,13.937777,0.634814,2.019230,1.077059,1.783014,-0.277827,-1.030203,-1.705447,0.265741,1.027392
sample,868,drone,21.684411,13.964362,0.678824,2.012373,1.050774,1.739501,-0.271047,-1.073075,-1.776418,0.276799,1.027392
sample,869,drone,21.709393,13.990278,0.721726,2.005688,1.023444,1.694257,-0.263997,-1.113819,-1.843868,0.287309,1.027392
sample,870,drone,21.734375,14.015498,0.763476,1.999182,0.995123,1.647374,-0.256692,-1.152325,-1.907614,0.297242,1.027392
sample,871,drone,21.759357,14.039998,0.804036,1.992862,0.965869,1.598945,-0.249146,-1.188484,-1.967473,0.306569,1.027392
sample,872,drone,21.784339,14.063756,0.843366,1.986734,0.935742,1.549071,-0.241374,-1.222185,-2.023263,0.315262,1.027392
sample,873,drone,21.809321,14.086751,0.881434,1.980802,0.904804,1.497855,-0.233394,-1.253318,-2.074802,0.323293,1.027392
sample,874,drone,21.834303,14.108964,0.918205,1.975073,0.873121,1.445405,-0.225221,-1.281774,-2.121908,0.330633,1.027392
sample,875,drone,21.859285,14.130376,0.953652,1.969549,0.840761,1.391835,-0.216874,-1.307441,-2.164399,0.337254,1.027392
sample,876,drone,21.884267,14.150972,0.987747,1.964237,0.807796,1.337263,-0.208371,-1.330209,-2.202091,0.343127,1.027392
sample,877,drone,21.909249,14.170737,1.020467,1.959138,0.774298,1.281810,-0.199730,-1.349970,-2.234804,0.348225,1.027392
sample,878,drone,21.934231,14.189659,1.051791,1.954257,0.740346,1.225603,-0.190972,-1.366612,-2.262354,0.352517,1.027392
sample,879,drone,21.959213,14.207728,1.081703,1.949597,0.706017,1.168773,-0.182117,-1.380026,-2.284560,0.355977,1.027392
sample,880,drone,21.984195,14.224934,1.110188,1.945158,0.671394,1.111457,-0.173186,-1.390101,-2.301239,0.358576,1.027392
sample,881,drone,22.009177,14.241273,1.137236,1.940944,0.636562,1.053794,-0.164201,-1.396728,-2.312209,0.360286,1.027392
sample,882,drone,22.034159,14.256740,1.162840,1.936954,0.601608,0.995930,-0.155185,-1.399795,-2.317287,0.361077,1.027392
sample,883,drone,22.059141,14.271332,1.186997,1.933190,0.566622,0.938013,-0.146160,-1.399194,-2.316292,0.360922,1.027392
sample,884,drone,22.084123,14.285050,1.209707,1.929651,0.531698,0.880198,-0.137151,-1.394814,-2.309041,0.359792,1.027392
sample,885,drone,22.109105,14.297898,1.230975,1.926337,0.496932,0.822644,-0.128183,-1.386545,-2.295352,0.357659,1.027392
sample,886,drone,22.134087,14.309879,1.250810,1.923247,0.462421,0.765513,-0.119281,-1.374277,-2.275043,0.354494,1.027392
sample,887,drone,22.159070,14.321002,1.269223,1.920377,0.428267,0.708973,-0.110471,-1.357899,-2.247930,0.350270,1.027392
sample,888,drone,22.184052,14.331277,1.286233,1.917727,0.394575,0.653197,-0.101780,-1.337302,-2.213833,0.344957,1.027392
sample,889,drone,22.209034,14.340717,1.301860,1.915292,0.361450,0.598361,-0.093236,-1.312376,-2.172569,0.338527,1.027392
sample,890,drone,22.234016,14.349337,1.316129,1.913069,0.329003,0.544647,-0.084866,-1.283010,-2.123956,0.330952,1.027392
sample,891,drone,22.258998,14.357155,1.329072,1.911052,0.297346,0.492240,-0.076700,-1.249095,-2.067810,0.322204,1.027392
sample,892,drone,22.283980,14.364193,1.340724,1.909236,0.266593,0.441331,-0.068768,-1.210520,-2.003951,0.312253,1.027392
sample,893,drone,22.308962,14.370475,1.351123,1.907616,0.236863,0.392114,-0.061099,-1.167175,-1.932196,0.301073,1.027392
sample,894,drone,22.333944,14.376028,1.360315,1.906184,0.208276,0.344790,-0.053725,-1.118950,-1.852362,0.288633,1.027392
sample,895,drone,22.358926,14.380881,1.368350,1.904932,0.180956,0.299563,-0.046678,-1.065735,-1.764268,0.274906,1.027392
sample,896,drone,22.383908,14.385069,1.375283,1.903851,0.155028,0.256640,-0.039989,-1.007420,-1.667730,0.259864,1.027392
sample,897,drone,22.408890,14.388627,1.381173,1.902934,0.130621,0.216236,-0.033694,-0.943895,-1.562567,0.243477,1.027392
sample,898,drone,22.433872,14.391595,1.386087,1.902168,0.107867,0.178568,-0.027824,-0.875049,-1.448597,0.225719,1.027392
sample,899,drone,22.458854,14.394017,1.390095,1.901543,0.086900,0.143858,-0.022416,-0.800773,-1.325637,0.206559,1.027392
sample,900,drone,22.483836,14.395937,1.393274,1.901048,0.067857,0.112334,-0.017504,-0.720957,-1.193506,0.185971,1.027392
sample,901,drone,22.508818,14.397407,1.395708,1.900669,0.050878,0.084226,-0.013124,-0.635490,-1.052019,0.163924,1.027392
sample,902,drone,22.533800,14.398479,1.397483,1.900392,0.036105,0.059771,-0.009313,-0.544262,-0.900997,0.140392,1.027392
sample,903,drone,22.558782,14.399211,1.398694,1.900203,0.023684,0.039208,-0.006109,-0.447163,-0.740255,0.115346,1.027392
sample,904,drone,22.583764,14.399663,1.399442,1.900087,0.013763,0.022784,-0.003550,-0.344084,-0.569613,0.088756,1.027392
sample,905,drone,22.608746,14.399899,1.399832,1.900026,0.006493,0.010748,-0.001675,-0.234914,-0.388887,0.060596,1.027392
sample,906,drone,22.633728,14.399987,1.399979,1.900003,0.002026,0.003354,-0.000523,-0.119676,-0.198117,0.030870,1.027392
sample,907,drone,22.658710,14.400000,1.400000,1.900000,0.000513,0.000849,-0.000132,-0.060560,-0.100254,0.015621,1.027391
