section,index,name,t,x,y,z,vx,vy,vz,ax,ay,az,yaw
crossing,1,G1,2.000000,2.438065,-0.450914,1.001285,,,,,,
crossing,2,G6,5.250000,4.252510,3.544118,2.185367,,,,,,
crossing,3,G3,11.000000,5.872370,-3.141955,0.274269,,,,,,
crossing,4,G2,16.000000,8.121690,2.101219,2.148046,,,,,,
crossing,5,G5,17.750000,10.233704,1.300154,1.487603,,,,,,
crossing,6,G4,21.750000,12.167649,-0.936193,3.652184,,,,,,
sample,0,drone,0.000000,0.000000,-1.400000,1.200000,0.001869,0.000728,-0.000152,0.218669,0.085123,-0.017823,0.371230
sample,1,drone,0.024999,0.000047,-1.399982,1.199996,0.007336,0.002856,-0.000598,0.429696,0.167271,-0.035022,0.371230
sample,2,drone,0.049998,0.000367,-1.399857,1.199970,0.023353,0.009091,-0.001903,0.835965,0.325423,-0.068136,0.371230
sample,3,drone,0.074998,0.001214,-1.399527,1.199901,0.049133,0.019126,-0.004005,1.210379,0.471175,-0.098652,0.371230
sample,4,drone,0.099997,0.002823,-1.398901,1.199770,0.083870,0.032649,-0.006836,1.553082,0.604581,-0.126584,0.371230
sample,5,drone,0.124996,0.005408,-1.397895,1.199559,0.126784,0.049354,-0.010334,1.864929,0.725977,-0.152002,0.371230
sample,6,drone,0.149995,0.009162,-1.396433,1.199253,0.177114,0.068947,-0.014436,2.146779,0.835695,-0.174974,0.371230
sample,7,drone,0.174994,0.014263,-1.394448,1.198837,0.234120,0.091138,-0.019082,2.399488,0.934069,-0.195571,0.371230
sample,8,drone,0.199994,0.020868,-1.391877,1.198299,0.297084,0.115648,-0.024214,2.623913,1.021433,-0.213863,0.371230
sample,9,drone,0.224993,0.029117,-1.388665,1.197627,0.365311,0.142208,-0.029775,2.820912,1.098121,-0.229919,0.371230
sample,10,drone,0.249992,0.039133,-1.384766,1.196810,0.438125,0.170553,-0.035710,2.991341,1.164465,-0.243810,0.371230
sample,11,drone,0.274991,0.051022,-1.380138,1.195841,0.514873,0.200429,-0.041965,3.136057,1.220800,-0.255605,0.371230
sample,12,drone,0.299990,0.064876,-1.374745,1.194712,0.594923,0.231591,-0.048489,3.255918,1.267459,-0.265375,0.371230
sample,13,drone,0.324989,0.080768,-1.368559,1.193417,0.677664,0.263800,-0.055233,3.351781,1.304776,-0.273188,0.371230
sample,14,drone,0.349989,0.098758,-1.361556,1.191951,0.762507,0.296827,-0.062148,3.424502,1.333085,-0.279115,0.371230
sample,15,drone,0.374988,0.118892,-1.353718,1.190310,0.848883,0.330452,-0.069188,3.474938,1.352719,-0.283226,0.371230
sample,16,drone,0.399987,0.141201,-1.345034,1.188491,0.936248,0.364461,-0.076309,3.503947,1.364012,-0.285590,0.371230
sample,17,drone,0.424986,0.165703,-1.335496,1.186494,1.024075,0.398650,-0.083468,3.512386,1.367297,-0.286278,0.371230
sample,18,drone,0.449985,0.192403,-1.325102,1.184318,1.111861,0.432824,-0.090623,3.501112,1.362908,-0.285359,0.371230
sample,19,drone,0.474985,0.221294,-1.313855,1.181963,1.199125,0.466794,-0.097735,3.470982,1.351179,-0.282903,0.371230
sample,20,drone,0.499984,0.252357,-1.301763,1.179432,1.285405,0.500381,-0.104767,3.422852,1.332443,-0.278980,0.371230
sample,21,drone,0.524983,0.285562,-1.288837,1.176725,1.370262,0.533414,-0.111684,3.357580,1.307034,-0.273660,0.371230
sample,22,drone,0.549982,0.320868,-1.275093,1.173848,1.453278,0.565730,-0.118450,3.276023,1.275286,-0.267013,0.371230
sample,23,drone,0.574981,0.358224,-1.260551,1.170803,1.534058,0.597176,-0.125034,3.179039,1.237532,-0.259108,0.371230
sample,24,drone,0.599981,0.397568,-1.245235,1.167596,1.612225,0.627605,-0.131405,3.067483,1.194105,-0.250016,0.371230
sample,25,drone,0.624980,0.438832,-1.229172,1.164233,1.687427,0.656879,-0.137534,2.942213,1.145341,-0.239806,0.371230
sample,26,drone,0.649979,0.481937,-1.212392,1.160720,1.759331,0.684870,-0.143395,2.804087,1.091571,-0.228548,0.371230
sample,27,drone,0.674978,0.526796,-1.194930,1.157063,1.827627,0.711456,-0.148961,2.653961,1.033130,-0.216312,0.371230
sample,28,drone,0.699977,0.573315,-1.176821,1.153272,1.892025,0.736525,-0.154210,2.492692,0.970351,-0.203168,0.371230
sample,29,drone,0.724977,0.621394,-1.158105,1.149353,1.952257,0.759972,-0.159119,2.321137,0.903569,-0.189185,0.371230
sample,30,drone,0.749976,0.670925,-1.138823,1.145316,2.008078,0.781702,-0.163669,2.140154,0.833116,-0.174434,0.371230
sample,31,drone,0.774975,0.721795,-1.119021,1.141170,2.059262,0.801626,-0.167841,1.950599,0.759326,-0.158984,0.371230
sample,32,drone,0.799974,0.773885,-1.098743,1.136924,2.105605,0.819667,-0.171618,1.753330,0.682534,-0.142906,0.371230
sample,33,drone,0.824973,0.827072,-1.078039,1.132589,2.146925,0.835752,-0.174986,1.549203,0.603071,-0.126268,0.371230
sample,34,drone,0.849972,0.881228,-1.056957,1.128175,2.183062,0.849819,-0.177931,1.339075,0.521273,-0.109142,0.371230
sample,35,drone,0.874972,0.936221,-1.035549,1.123693,2.213877,0.861815,-0.180443,1.123804,0.437473,-0.091596,0.371230
sample,36,drone,0.899971,0.991918,-1.013868,1.119153,2.239251,0.871692,-0.182511,0.904247,0.352004,-0.073701,0.371230
sample,37,drone,0.924970,1.048180,-0.991966,1.114568,2.259088,0.879414,-0.184128,0.681261,0.265200,-0.055526,0.371230
sample,38,drone,0.949969,1.104869,-0.969898,1.109947,2.273313,0.884952,-0.185287,0.455702,0.177395,-0.037142,0.371230
sample,39,drone,0.974968,1.161842,-0.947720,1.105304,2.281872,0.888284,-0.185985,0.228428,0.088922,-0.018618,0.371230
sample,40,drone,0.999968,1.218958,-0.925486,1.100648,2.284734,0.889398,-0.186218,0.000296,0.000115,-0.000024,0.371230
sample,41,drone,1.024967,1.276075,-0.903251,1.095993,2.281887,0.888290,-0.185986,-0.227837,-0.088692,0.018570,0.371230
sample,42,drone,1.049966,1.333049,-0.881073,1.091349,2.273342,0.884963,-0.185289,-0.455115,-0.177166,0.037094,0.371230
sample,43,drone,1.074965,1.389738,-0.859005,1.086729,2.259132,0.879432,-0.184131,-0.680679,-0.264974,0.055479,0.371230
sample,44,drone,1.099964,1.446002,-0.837102,1.082143,2.239309,0.871715,-0.182516,-0.903673,-0.351781,0.073654,0.371230
sample,45,drone,1.124964,1.501700,-0.815420,1.077604,2.213950,0.861843,-0.180449,-1.123240,-0.437253,0.091550,0.371230
sample,46,drone,1.149963,1.556696,-0.794012,1.073121,2.183149,0.849853,-0.177938,-1.338523,-0.521058,0.109097,0.371230
sample,47,drone,1.174962,1.610854,-0.772929,1.068707,2.147026,0.835791,-0.174994,-1.548665,-0.602862,0.126224,0.371230
sample,48,drone,1.199961,1.664044,-0.752223,1.064372,2.105719,0.819711,-0.171627,-1.752809,-0.682331,0.142863,0.371230
sample,49,drone,1.224960,1.716137,-0.731945,1.060126,2.059388,0.801676,-0.167851,-1.950097,-0.759131,0.158943,0.371230
sample,50,drone,1.249959,1.767010,-0.712141,1.055979,2.008217,0.781756,-0.163680,-2.139673,-0.832929,0.174395,0.371230
sample,51,drone,1.274959,1.816544,-0.692858,1.051942,1.952408,0.760031,-0.159132,-2.320680,-0.903391,0.189148,0.371230
sample,52,drone,1.299958,1.864627,-0.674141,1.048023,1.892187,0.736588,-0.154223,-2.492260,-0.970183,0.203132,0.371230
sample,53,drone,1.324957,1.911151,-0.656030,1.044231,1.827799,0.711523,-0.148975,-2.653557,-1.032973,0.216279,0.371230
sample,54,drone,1.349956,1.956014,-0.638566,1.040575,1.759513,0.684941,-0.143410,-2.803713,-1.091425,0.228517,0.371230
sample,55,drone,1.374955,1.999123,-0.621784,1.037061,1.687618,0.656953,-0.137550,-2.941872,-1.145208,0.239778,0.371230
sample,56,drone,1.399955,2.040392,-0.605719,1.033697,1.612424,0.627682,-0.131421,-3.067176,-1.193986,0.249991,0.371230
sample,57,drone,1.424954,2.079742,-0.590401,1.030490,1.534264,0.597256,-0.125051,-3.178768,-1.237426,0.259086,0.371230
sample,58,drone,1.449953,2.117103,-0.575857,1.027445,1.453491,0.565813,-0.118467,-3.275792,-1.275195,0.266994,0.371230
sample,59,drone,1.474952,2.152414,-0.562111,1.024567,1.370480,0.533498,-0.111701,-3.357389,-1.306960,0.273645,0.371230
sample,60,drone,1.499951,2.185625,-0.549183,1.021860,1.285627,0.500467,-0.104785,-3.422704,-1.332385,0.278968,0.371230
sample,61,drone,1.524951,2.216693,-0.537089,1.019328,1.199350,0.466881,-0.097753,-3.470880,-1.351139,0.282895,0.371230
sample,62,drone,1.549950,2.245590,-0.525840,1.016973,1.112089,0.432912,-0.090641,-3.501058,-1.362887,0.285355,0.371230
sample,63,drone,1.574949,2.272296,-0.515444,1.014796,1.024303,0.398739,-0.083486,-3.512382,-1.367295,0.286278,0.371230
sample,64,drone,1.599948,2.296804,-0.505904,1.012798,0.936475,0.364550,-0.076328,-3.503995,-1.364030,0.285594,0.371230
sample,65,drone,1.624947,2.319118,-0.497217,1.010980,0.849109,0.330540,-0.069207,-3.475041,-1.352759,0.283234,0.371230
sample,66,drone,1.649947,2.339258,-0.489377,1.009338,0.762729,0.296914,-0.062166,-3.424661,-1.333147,0.279128,0.371230
sample,67,drone,1.674946,2.357254,-0.482372,1.007871,0.677881,0.263885,-0.055251,-3.351999,-1.304861,0.273206,0.371230
sample,68,drone,1.699945,2.373151,-0.476183,1.006576,0.595134,0.231673,-0.048507,-3.256197,-1.267568,0.265397,0.371230
sample,69,drone,1.724944,2.387009,-0.470788,1.005446,0.515077,0.200508,-0.041981,-3.136400,-1.220933,0.255633,0.371230
sample,70,drone,1.749943,2.398904,-0.466158,1.004477,0.438319,0.170628,-0.035725,-2.991749,-1.164624,0.243843,0.371230
sample,71,drone,1.774942,2.408925,-0.462257,1.003660,0.365494,0.142279,-0.029790,-2.821388,-1.098306,0.229958,0.371230
sample,72,drone,1.799942,2.417178,-0.459044,1.002987,0.297255,0.115715,-0.024228,-2.624459,-1.021646,0.213907,0.371230
sample,73,drone,1.824941,2.423787,-0.456472,1.002449,0.234275,0.091198,-0.019095,-2.400106,-0.934310,0.195621,0.371230
sample,74,drone,1.849940,2.428891,-0.454485,1.002033,0.177253,0.069001,-0.014447,-2.147472,-0.835965,0.175030,0.371230
sample,75,drone,1.874939,2.432649,-0.453022,1.001726,0.126905,0.049402,-0.010343,-1.865699,-0.726276,0.152064,0.371230
sample,76,drone,1.899938,2.435236,-0.452015,1.001515,0.083971,0.032688,-0.006844,-1.553930,-0.604912,0.126653,0.371230
sample,77,drone,1.924938,2.436848,-0.451388,1.001384,0.049211,0.019157,-0.004011,-1.211309,-0.471536,0.098728,0.371230
sample,78,drone,1.949937,2.437697,-0.451057,1.001315,0.023408,0.009112,-0.001908,-0.836978,-0.325817,0.068218,0.371230
sample,79,drone,1.974936,2.438018,-0.450932,1.001289,0.007364,0.002867,-0.000600,-0.446094,-0.167782,0.038738,0.371230
sample,80,drone,1.999935,2.438065,-0.450914,1.001285,0.001104,0.000723,0.000029,-0.121560,-0.000700,0.028790,0.580092
sample,81,drone,2.024934,2.438073,-0.450896,1.001290,0.001286,0.002832,0.000839,0.060596,0.167560,0.053371,1.144475
sample,82,drone,2.049934,2.438129,-0.450772,1.001327,0.004133,0.009101,0.002697,0.149951,0.330160,0.097856,1.144476
sample,83,drone,2.074933,2.438280,-0.450441,1.001425,0.008783,0.019339,0.005732,0.220290,0.485034,0.143759,1.144476
sample,84,drone,2.099932,2.438568,-0.449805,1.001613,0.015148,0.033352,0.009885,0.287140,0.632223,0.187384,1.144476
sample,85,drone,2.124931,2.439037,-0.448773,1.001919,0.023140,0.050949,0.015101,0.350556,0.771851,0.228768,1.144476
sample,86,drone,2.149930,2.439725,-0.447258,1.002368,0.032675,0.071943,0.021323,0.410594,0.904042,0.267948,1.144476
sample,87,drone,2.174930,2.440671,-0.445176,1.002985,0.043669,0.096150,0.028498,0.467310,1.028920,0.304960,1.144476
sample,88,drone,2.199929,2.441909,-0.442450,1.003793,0.056040,0.123388,0.036571,0.520761,1.146609,0.339842,1.144476
sample,89,drone,2.224928,2.443473,-0.439007,1.004814,0.069706,0.153478,0.045489,0.571004,1.257232,0.372630,1.144476
sample,90,drone,2.249927,2.445394,-0.434777,1.006068,0.084589,0.186247,0.055202,0.618094,1.360915,0.403360,1.144476
sample,91,drone,2.274926,2.447702,-0.429695,1.007574,0.100610,0.221522,0.065657,0.662088,1.457780,0.432070,1.144476
sample,92,drone,2.299925,2.450424,-0.423701,1.009350,0.117692,0.259134,0.076804,0.703041,1.547952,0.458795,1.144476
sample,93,drone,2.324925,2.453586,-0.416739,1.011414,0.135761,0.298917,0.088596,0.741011,1.631554,0.483574,1.144476
sample,94,drone,2.349924,2.457212,-0.408756,1.013780,0.154742,0.340709,0.100982,0.776054,1.708710,0.506443,1.144476
sample,95,drone,2.374923,2.461323,-0.399704,1.016463,0.174562,0.384350,0.113917,0.808226,1.779546,0.527437,1.144476
sample,96,drone,2.399922,2.465940,-0.389539,1.019476,0.195152,0.429683,0.127353,0.837583,1.844183,0.546595,1.144476
sample,97,drone,2.424921,2.471081,-0.378220,1.022830,0.216440,0.476556,0.141246,0.864181,1.902747,0.563953,1.144476
sample,98,drone,2.449921,2.476762,-0.365712,1.026538,0.238359,0.524818,0.155550,0.888077,1.955361,0.579547,1.144476
sample,99,drone,2.474920,2.482998,-0.351980,1.030608,0.260842,0.574321,0.170222,0.909327,2.002150,0.593415,1.144476
sample,100,drone,2.499919,2.489803,-0.336997,1.035049,0.283824,0.624922,0.185220,0.927987,2.043236,0.605592,1.144476
sample,101,drone,2.524918,2.497189,-0.320735,1.039868,0.307240,0.676479,0.200501,0.944115,2.078745,0.616117,1.144476
sample,102,drone,2.549917,2.505165,-0.303174,1.045073,0.331028,0.728856,0.216025,0.957765,2.108799,0.625024,1.144476
sample,103,drone,2.574917,2.513740,-0.284294,1.050669,0.355127,0.781916,0.231751,0.968994,2.133524,0.632352,1.144476
sample,104,drone,2.599916,2.522921,-0.264079,1.056660,0.379476,0.835528,0.247641,0.977859,2.153042,0.638138,1.144476
sample,105,drone,2.624915,2.532713,-0.242518,1.063051,0.404018,0.889564,0.263657,0.984415,2.167479,0.642416,1.144476
sample,106,drone,2.649914,2.543121,-0.219602,1.069843,0.428696,0.943899,0.279761,0.988720,2.176957,0.645226,1.144476
sample,107,drone,2.674913,2.554147,-0.195325,1.077038,0.453453,0.998409,0.295917,0.990829,2.181601,0.646602,1.144476
sample,108,drone,2.699912,2.565793,-0.169684,1.084638,0.478235,1.052975,0.312090,0.990799,2.181534,0.646582,1.144476
sample,109,drone,2.724912,2.578058,-0.142678,1.092642,0.502991,1.107482,0.328245,0.988686,2.176882,0.645203,1.144476
sample,110,drone,2.749911,2.590941,-0.114311,1.101050,0.527668,1.161816,0.344349,0.984546,2.167766,0.642502,1.144476
sample,111,drone,2.774910,2.604441,-0.084589,1.109859,0.552217,1.215867,0.360369,0.978436,2.154313,0.638514,1.144476
sample,112,drone,2.799909,2.618551,-0.053520,1.119068,0.576588,1.269528,0.376274,0.970411,2.136644,0.633277,1.144476
sample,113,drone,2.824908,2.633269,-0.021115,1.128672,0.600736,1.322696,0.392032,0.960529,2.114885,0.626828,1.144476
sample,114,drone,2.849908,2.648587,0.012613,1.138669,0.624613,1.375269,0.407614,0.948845,2.089160,0.619203,1.144476
sample,115,drone,2.874907,2.664499,0.047646,1.149052,0.648176,1.427150,0.422991,0.935415,2.059591,0.610440,1.144476
sample,116,drone,2.899906,2.680995,0.083968,1.159818,0.671382,1.478245,0.438135,0.920297,2.026304,0.600574,1.144476
sample,117,drone,2.924905,2.698067,0.121556,1.170958,0.694190,1.528462,0.453019,0.903546,1.989422,0.589642,1.144476
sample,118,drone,2.949904,2.715703,0.160389,1.182468,0.716558,1.577713,0.467616,0.885219,1.949069,0.577682,1.144476
sample,119,drone,2.974904,2.733893,0.200439,1.194339,0.738449,1.625912,0.481902,0.865372,1.905369,0.564730,1.144476
sample,120,drone,2.999903,2.752625,0.241682,1.206562,0.759825,1.672978,0.495852,0.844060,1.858446,0.550822,1.144476
sample,121,drone,3.024902,2.771883,0.284086,1.219130,0.780651,1.718832,0.509442,0.821342,1.808424,0.535996,1.144476
sample,122,drone,3.049901,2.791656,0.327620,1.232034,0.800891,1.763397,0.522651,0.797271,1.755427,0.520289,1.144476
sample,123,drone,3.074900,2.811927,0.372253,1.245262,0.820513,1.806600,0.535456,0.771906,1.699578,0.503736,1.144476
sample,124,drone,3.099900,2.832680,0.417947,1.258805,0.839485,1.848373,0.547837,0.745303,1.641003,0.486375,1.144476
sample,125,drone,3.124899,2.853900,0.464668,1.272653,0.857777,1.888648,0.559774,0.717517,1.579823,0.468242,1.144476
sample,126,drone,3.149898,2.875568,0.512377,1.286793,0.875360,1.927361,0.571248,0.688605,1.516165,0.449374,1.144476
sample,127,drone,3.174897,2.897666,0.561033,1.301214,0.892206,1.964453,0.582242,0.658623,1.450151,0.429808,1.144476
sample,128,drone,3.199896,2.920177,0.610596,1.315904,0.908290,1.999867,0.592738,0.627627,1.381906,0.409581,1.144476
sample,129,drone,3.224895,2.943079,0.661023,1.330850,0.923587,2.033546,0.602720,0.595675,1.311553,0.388729,1.144476
sample,130,drone,3.249895,2.966354,0.712270,1.346039,0.938073,2.065442,0.612174,0.562821,1.239216,0.367290,1.144476
sample,131,drone,3.274894,2.989981,0.764292,1.361458,0.951727,2.095505,0.621084,0.529123,1.165020,0.345299,1.144476
sample,132,drone,3.299893,3.013939,0.817042,1.377093,0.964528,2.123691,0.629438,0.494637,1.089088,0.322793,1.144476
sample,133,drone,3.324892,3.038206,0.870473,1.392929,0.976458,2.149958,0.637223,0.459418,1.011544,0.299810,1.144476
sample,134,drone,3.349891,3.062760,0.924536,1.408953,0.987498,2.174267,0.644428,0.423524,0.932512,0.276386,1.144476
sample,135,drone,3.374891,3.087580,0.979183,1.425149,0.997633,2.196582,0.651042,0.387010,0.852116,0.252558,1.144476
sample,136,drone,3.399890,3.112641,1.034362,1.441504,1.006848,2.216871,0.657056,0.349933,0.770480,0.228362,1.144476
sample,137,drone,3.424889,3.137920,1.090023,1.458001,1.015129,2.235105,0.662460,0.312349,0.687729,0.203835,1.144476
sample,138,drone,3.449888,3.163395,1.146114,1.474626,1.022465,2.251256,0.667247,0.274315,0.603985,0.179014,1.144476
sample,139,drone,3.474887,3.189042,1.202582,1.491362,1.028845,2.265303,0.671410,0.235886,0.519373,0.153936,1.144476
sample,140,drone,3.499887,3.214836,1.259375,1.508195,1.034259,2.277224,0.674944,0.197120,0.434017,0.128638,1.144476
sample,141,drone,3.524886,3.240753,1.316440,1.525108,1.038700,2.287003,0.677842,0.158071,0.348040,0.103155,1.144476
sample,142,drone,3.549885,3.266769,1.373722,1.542086,1.042162,2.294626,0.680101,0.118797,0.261567,0.077526,1.144476
sample,143,drone,3.574884,3.292860,1.431167,1.559112,1.044640,2.300081,0.681718,0.079354,0.174722,0.051786,1.144476
sample,144,drone,3.599883,3.319000,1.488722,1.576171,1.046130,2.303361,0.682690,0.039799,0.087628,0.025972,1.144476
sample,145,drone,3.624883,3.345164,1.546331,1.593246,1.046630,2.304462,0.683017,0.000186,0.000410,0.000122,1.144476
sample,146,drone,3.649882,3.371329,1.603941,1.610321,1.046139,2.303382,0.682696,-0.039426,-0.086809,-0.025729,1.144476
sample,147,drone,3.674881,3.397470,1.661497,1.627379,1.044659,2.300122,0.681730,-0.078983,-0.173904,-0.051543,1.144476
sample,148,drone,3.699880,3.423561,1.718944,1.644406,1.042190,2.294687,0.680119,-0.118427,-0.260753,-0.077284,1.144476
sample,149,drone,3.724879,3.449577,1.776227,1.661384,1.038737,2.287085,0.677866,-0.157703,-0.347229,-0.102915,1.144476
sample,150,drone,3.749878,3.475496,1.833294,1.678298,1.034305,2.277326,0.674974,-0.196754,-0.433211,-0.128399,1.144476
sample,151,drone,3.774878,3.501291,1.890090,1.695132,1.028900,2.265425,0.671446,-0.235523,-0.518574,-0.153699,1.144476
sample,152,drone,3.799877,3.526939,1.946562,1.711870,1.022530,2.251398,0.667289,-0.273956,-0.603193,-0.178780,1.144476
sample,153,drone,3.824876,3.552416,2.002656,1.728495,1.015203,2.235266,0.662508,-0.311994,-0.686946,-0.203603,1.144476
sample,154,drone,3.849875,3.577698,2.058321,1.744994,1.006930,2.217052,0.657109,-0.349582,-0.769708,-0.228133,1.144476
sample,155,drone,3.874874,3.602761,2.113505,1.761350,0.997724,2.196782,0.651101,-0.386664,-0.851354,-0.252332,1.144476
sample,156,drone,3.899874,3.627582,2.168157,1.777548,0.987598,2.174486,0.644493,-0.423183,-0.931762,-0.276164,1.144476
sample,157,drone,3.924873,3.652139,2.222226,1.793573,0.976566,2.150195,0.637294,-0.459084,-1.010808,-0.299592,1.144476
sample,158,drone,3.949872,3.676409,2.275663,1.809411,0.964644,2.123947,0.629514,-0.494309,-1.088366,-0.322579,1.144476
sample,159,drone,3.974871,3.700370,2.328420,1.825048,0.951851,2.095779,0.621165,-0.528803,-1.164314,-0.345089,1.144476
sample,160,drone,3.999870,3.724000,2.380449,1.840469,0.938205,2.065733,0.612260,-0.562508,-1.238527,-0.367085,1.144476
sample,161,drone,4.024870,3.747278,2.431703,1.855660,0.923727,2.033855,0.602812,-0.595370,-1.310882,-0.388531,1.144476
sample,162,drone,4.049869,3.770185,2.482138,1.870608,0.908437,2.000191,0.592834,-0.627331,-1.381254,-0.409388,1.144476
sample,163,drone,4.074868,3.792699,2.531710,1.885301,0.892361,1.964794,0.582343,-0.658336,-1.449520,-0.429621,1.144476
sample,164,drone,4.099867,3.814801,2.580375,1.899725,0.875522,1.927718,0.571354,-0.688328,-1.515555,-0.449193,1.144476
sample,165,drone,4.124866,3.836474,2.628092,1.913868,0.857946,1.889019,0.559884,-0.717250,-1.579236,-0.468068,1.144476
sample,166,drone,4.149865,3.857697,2.674823,1.927718,0.839660,1.848758,0.547951,-0.745047,-1.640439,-0.486208,1.144476
sample,167,drone,4.174865,3.878455,2.720527,1.941264,0.820695,1.807000,0.535574,-0.771662,-1.699040,-0.503576,1.144476
sample,168,drone,4.199864,3.898731,2.765170,1.954496,0.801079,1.763809,0.522773,-0.797039,-1.754915,-0.520137,1.144476
sample,169,drone,4.224863,3.918508,2.808715,1.967402,0.780844,1.719257,0.509568,-0.821121,-1.807939,-0.535853,1.144476
sample,170,drone,4.249862,3.937772,2.851130,1.979973,0.760024,1.673415,0.495981,-0.843853,-1.857990,-0.550687,1.144476
sample,171,drone,4.274861,3.956508,2.892383,1.992200,0.738653,1.626360,0.482035,-0.865178,-1.904943,-0.564604,1.144476
sample,172,drone,4.299861,3.974703,2.932445,2.004074,0.716766,1.578171,0.467752,-0.885039,-1.948674,-0.577565,1.144476
sample,173,drone,4.324860,3.992345,2.971289,2.015587,0.694402,1.528930,0.453158,-0.903381,-1.989059,-0.589535,1.144476
sample,174,drone,4.349859,4.009422,3.008889,2.026731,0.671599,1.478721,0.438276,-0.920147,-2.025974,-0.600476,1.144476
sample,175,drone,4.374858,4.025924,3.045223,2.037500,0.648396,1.427634,0.423135,-0.935281,-2.059295,-0.610352,1.144476
sample,176,drone,4.399857,4.041841,3.080269,2.047887,0.624836,1.375760,0.407760,-0.948727,-2.088899,-0.619126,1.144476
sample,177,drone,4.424857,4.057165,3.114008,2.057888,0.600961,1.323193,0.392179,-0.960427,-2.114662,-0.626762,1.144476
sample,178,drone,4.449856,4.071888,3.146426,2.067496,0.576816,1.270030,0.376423,-0.970327,-2.136459,-0.633222,1.144476
sample,179,drone,4.474855,4.086004,3.177508,2.076708,0.552447,1.216373,0.360519,-0.978369,-2.154166,-0.638470,1.144476
sample,180,drone,4.499854,4.099509,3.207243,2.085521,0.527899,1.162325,0.344500,-0.984498,-2.167660,-0.642470,1.144476
sample,181,drone,4.524853,4.112399,3.235622,2.093933,0.503223,1.107994,0.328397,-0.988656,-2.176816,-0.645184,1.144476
sample,182,drone,4.549853,4.124670,3.262641,2.101940,0.478468,1.053488,0.312242,-0.990789,-2.181512,-0.646576,1.144476
sample,183,drone,4.574852,4.136321,3.288295,2.109544,0.453686,0.998922,0.296069,-0.990839,-2.181622,-0.646608,1.144476
sample,184,drone,4.599851,4.147353,3.312585,2.116743,0.428928,0.944411,0.279913,-0.988750,-2.177023,-0.645245,1.144476
sample,185,drone,4.624850,4.157767,3.335514,2.123539,0.404250,0.890074,0.263808,-0.984466,-2.167591,-0.642449,1.144476
sample,186,drone,4.649849,4.167565,3.357087,2.129933,0.379706,0.836034,0.247791,-0.977931,-2.153202,-0.638185,1.144476
sample,187,drone,4.674848,4.176752,3.377314,2.135928,0.355355,0.782417,0.231900,-0.969088,-2.133731,-0.632414,1.144476
sample,188,drone,4.699848,4.185332,3.396207,2.141528,0.331253,0.729351,0.216172,-0.957881,-2.109056,-0.625101,1.144476
sample,189,drone,4.724847,4.193314,3.413781,2.146737,0.307462,0.676968,0.200646,-0.944254,-2.079052,-0.616208,1.144476
sample,190,drone,4.749846,4.200705,3.430054,2.151560,0.284042,0.625402,0.185362,-0.928151,-2.043596,-0.605699,1.144476
sample,191,drone,4.774845,4.207515,3.445050,2.156004,0.261056,0.574792,0.170362,-0.909514,-2.002562,-0.593537,1.144476
sample,192,drone,4.799844,4.213757,3.458793,2.160078,0.238568,0.525277,0.155686,-0.888289,-1.955828,-0.579685,1.144476
sample,193,drone,4.824844,4.219443,3.471313,2.163789,0.216643,0.477003,0.141378,-0.864418,-1.903269,-0.564108,1.144476
sample,194,drone,4.849843,4.224589,3.482642,2.167146,0.195348,0.430117,0.127482,-0.837845,-1.844762,-0.546767,1.144476
sample,195,drone,4.874842,4.229211,3.492818,2.170162,0.174752,0.384768,0.114041,-0.808515,-1.780182,-0.527626,1.144476
sample,196,drone,4.899841,4.233326,3.501880,2.172848,0.154924,0.341111,0.101101,-0.776370,-1.709406,-0.506649,1.144476
sample,197,drone,4.924840,4.236956,3.509873,2.175217,0.135935,0.299301,0.088709,-0.741354,-1.632309,-0.483798,1.144476
sample,198,drone,4.949840,4.240123,3.516845,2.177284,0.117858,0.259498,0.076912,-0.703412,-1.548768,-0.459037,1.144476
sample,199,drone,4.974839,4.242849,3.522847,2.179063,0.100766,0.221865,0.065758,-0.662487,-1.458658,-0.432330,1.144476
sample,200,drone,4.999838,4.245161,3.527937,2.180571,0.084734,0.186567,0.055296,-0.618522,-1.361857,-0.403639,1.144476
sample,201,drone,5.024837,4.247086,3.532175,2.181828,0.069840,0.153774,0.045577,-0.571461,-1.258239,-0.372928,1.144476
sample,202,drone,5.049836,4.248653,3.535626,2.182850,0.056162,0.123657,0.036651,-0.521249,-1.147681,-0.340160,1.144476
sample,203,drone,5.074836,4.249894,3.538358,2.183660,0.043779,0.096392,0.028570,-0.467828,-1.030059,-0.305298,1.144476
sample,204,drone,5.099835,4.250842,3.540445,2.184279,0.032772,0.072156,0.021386,-0.411142,-0.905250,-0.268306,1.144476
sample,205,drone,5.124834,4.251532,3.541966,2.184729,0.023222,0.051131,0.015155,-0.351136,-0.773128,-0.229146,1.144476
sample,206,drone,5.149833,4.252003,3.543002,2.185036,0.015215,0.033501,0.009929,-0.287752,-0.633570,-0.187783,1.144476
sample,207,drone,5.174832,4.252293,3.543641,2.185226,0.008835,0.019453,0.005766,-0.220935,-0.486453,-0.144179,1.144476
sample,208,drone,5.199831,4.252445,3.543974,2.185325,0.004169,0.009179,0.002721,-0.150628,-0.331652,-0.098298,1.144476
sample,209,drone,5.224831,4.252501,3.544100,2.185362,0.001304,0.002871,0.000851,-0.079530,-0.178390,-0.052850,1.144475
sample,210,drone,5.249830,4.252510,3.544118,2.185367,0.000193,0.000260,0.000078,-0.021921,-0.074610,-0.021932,0.933161
sample,211,drone,5.274829,4.252511,3.544113,2.185366,0.000208,-0.000859,-0.000246,0.009634,-0.060857,-0.017472,-1.333101
sample,212,drone,5.299828,4.252520,3.544075,2.185355,0.000674,-0.002783,-0.000795,0.024707,-0.101978,-0.029149,-1.333102
sample,213,drone,5.324827,4.252545,3.543974,2.185326,0.001443,-0.005958,-0.001703,0.036666,-0.151341,-0.043258,-1.333102
sample,214,drone,5.349827,4.252592,3.543777,2.185270,0.002507,-0.010350,-0.002958,0.048301,-0.199365,-0.056985,-1.333102
sample,215,drone,5.374826,4.252670,3.543456,2.185178,0.003858,-0.015926,-0.004552,0.059614,-0.246059,-0.070332,-1.333102
sample,216,drone,5.399825,4.252785,3.542981,2.185042,0.005488,-0.022652,-0.006475,0.070608,-0.291438,-0.083302,-1.333102
sample,217,drone,5.424824,4.252945,3.542324,2.184854,0.007389,-0.030497,-0.008717,0.081286,-0.335512,-0.095900,-1.333102
sample,218,drone,5.449823,4.253155,3.541456,2.184606,0.009552,-0.039427,-0.011270,0.091651,-0.378294,-0.108129,-1.333102
sample,219,drone,5.474823,4.253422,3.540352,2.184291,0.011971,-0.049411,-0.014123,0.101705,-0.419795,-0.119991,-1.333102
sample,220,drone,5.499822,4.253753,3.538986,2.183900,0.014637,-0.060416,-0.017269,0.111453,-0.460027,-0.131491,-1.333102
sample,221,drone,5.524821,4.254154,3.537332,2.183427,0.017543,-0.072412,-0.020698,0.120895,-0.499004,-0.142632,-1.333102
sample,222,drone,5.549820,4.254630,3.535365,2.182865,0.020682,-0.085366,-0.024400,0.130037,-0.536735,-0.153416,-1.333102
sample,223,drone,5.574819,4.255188,3.533063,2.182207,0.024045,-0.099248,-0.028368,0.138880,-0.573234,-0.163849,-1.333102
sample,224,drone,5.599819,4.255833,3.530403,2.181447,0.027626,-0.114027,-0.032593,0.147427,-0.608512,-0.173933,-1.333102
sample,225,drone,5.624818,4.256569,3.527362,2.180578,0.031416,-0.129672,-0.037065,0.155681,-0.642582,-0.183671,-1.333102
sample,226,drone,5.649817,4.257403,3.523920,2.179594,0.035409,-0.146155,-0.041776,0.163645,-0.675455,-0.193067,-1.333102
sample,227,drone,5.674816,4.258340,3.520055,2.178489,0.039598,-0.163444,-0.046718,0.171322,-0.707143,-0.202125,-1.333102
sample,228,drone,5.699815,4.259383,3.515748,2.177258,0.043975,-0.181511,-0.051882,0.178715,-0.737659,-0.210847,-1.333102
sample,229,drone,5.724814,4.260538,3.510979,2.175895,0.048534,-0.200326,-0.057260,0.185827,-0.767013,-0.219237,-1.333102
sample,230,drone,5.749814,4.261810,3.505732,2.174395,0.053266,-0.219860,-0.062843,0.192661,-0.795219,-0.227300,-1.333102
sample,231,drone,5.774813,4.263202,3.499987,2.172753,0.058166,-0.240085,-0.068624,0.199219,-0.822288,-0.235037,-1.333102
sample,232,drone,5.799812,4.264718,3.493728,2.170964,0.063227,-0.260973,-0.074595,0.205504,-0.848232,-0.242452,-1.333102
sample,233,drone,5.824811,4.266363,3.486939,2.169023,0.068441,-0.282495,-0.080746,0.211520,-0.873063,-0.249550,-1.333102
sample,234,drone,5.849810,4.268140,3.479604,2.166927,0.073803,-0.304625,-0.087072,0.217269,-0.896793,-0.256333,-1.333102
sample,235,drone,5.874810,4.270053,3.471708,2.164670,0.079304,-0.327334,-0.093563,0.222755,-0.919434,-0.262804,-1.333102
sample,236,drone,5.899809,4.272105,3.463237,2.162249,0.084940,-0.350595,-0.100212,0.227979,-0.940998,-0.268968,-1.333102
sample,237,drone,5.924808,4.274300,3.454179,2.159660,0.090703,-0.374382,-0.107011,0.232946,-0.961497,-0.274827,-1.333102
sample,238,drone,5.949807,4.276640,3.444519,2.156898,0.096587,-0.398668,-0.113952,0.237657,-0.980943,-0.280386,-1.333102
sample,239,drone,5.974806,4.279129,3.434246,2.153962,0.102585,-0.423428,-0.121029,0.242116,-0.999347,-0.285646,-1.333102
sample,240,drone,5.999806,4.281769,3.423348,2.150847,0.108692,-0.448634,-0.128234,0.246325,-1.016723,-0.290613,-1.333102
sample,241,drone,6.024805,4.284563,3.411815,2.147551,0.114901,-0.474262,-0.135560,0.250288,-1.033081,-0.295288,-1.333102
sample,242,drone,6.049804,4.287514,3.399636,2.144069,0.121206,-0.500286,-0.142998,0.254008,-1.048434,-0.299677,-1.333102
sample,243,drone,6.074803,4.290623,3.386801,2.140401,0.127601,-0.526682,-0.150543,0.257487,-1.062794,-0.303781,-1.333102
sample,244,drone,6.099802,4.293894,3.373303,2.136543,0.134080,-0.553424,-0.158187,0.260728,-1.076172,-0.307605,-1.333102
sample,245,drone,6.124801,4.297327,3.359131,2.132492,0.140637,-0.580489,-0.165923,0.263735,-1.088581,-0.311152,-1.333102
sample,246,drone,6.149801,4.300926,3.344279,2.128247,0.147267,-0.607852,-0.173744,0.266509,-1.100033,-0.314425,-1.333102
sample,247,drone,6.174800,4.304690,3.328740,2.123805,0.153962,-0.635489,-0.181644,0.269054,-1.110539,-0.317428,-1.333102
sample,248,drone,6.199799,4.308623,3.312506,2.119165,0.160719,-0.663377,-0.189615,0.271374,-1.120112,-0.320165,-1.333102
sample,249,drone,6.224798,4.312726,3.295572,2.114325,0.167531,-0.691493,-0.197651,0.273470,-1.128763,-0.322637,-1.333102
sample,250,drone,6.249797,4.317000,3.277932,2.109283,0.174392,-0.719813,-0.205746,0.275345,-1.136504,-0.324850,-1.333102
sample,251,drone,6.274797,4.321445,3.259582,2.104038,0.181297,-0.748316,-0.213893,0.277003,-1.143349,-0.326806,-1.333102
sample,252,drone,6.299796,4.326064,3.240518,2.098588,0.188242,-0.776979,-0.222086,0.278447,-1.149307,-0.328510,-1.333102
sample,253,drone,6.324795,4.330857,3.220735,2.092934,0.195219,-0.805779,-0.230318,0.279679,-1.154392,-0.329963,-1.333102
sample,254,drone,6.349794,4.335825,3.200230,2.087073,0.202225,-0.834696,-0.238584,0.280702,-1.158615,-0.331170,-1.333102
sample,255,drone,6.374793,4.340968,3.179001,2.081005,0.209254,-0.863708,-0.246876,0.281519,-1.161989,-0.332134,-1.333102
sample,256,drone,6.399793,4.346287,3.157046,2.074729,0.216301,-0.892794,-0.255190,0.282134,-1.164525,-0.332859,-1.333102
sample,257,drone,6.424792,4.351783,3.134363,2.068246,0.223360,-0.921933,-0.263519,0.282548,-1.166235,-0.333348,-1.333102
sample,258,drone,6.449791,4.357455,3.110951,2.061554,0.230428,-0.951104,-0.271857,0.282765,-1.167131,-0.333604,-1.333102
sample,259,drone,6.474790,4.363304,3.086809,2.054653,0.237498,-0.980287,-0.280198,0.282788,-1.167225,-0.333631,-1.333102
sample,260,drone,6.499789,4.369329,3.061938,2.047544,0.244567,-1.009463,-0.288538,0.282620,-1.166530,-0.333432,-1.333102
sample,261,drone,6.524789,4.375532,3.036338,2.040227,0.251628,-1.038612,-0.296869,0.282263,-1.165057,-0.333011,-1.333102
sample,262,drone,6.549788,4.381910,3.010009,2.032701,0.258679,-1.067714,-0.305188,0.281720,-1.162817,-0.332371,-1.333102
sample,263,drone,6.574787,4.388465,2.982954,2.024968,0.265714,-1.096751,-0.313487,0.280995,-1.159824,-0.331516,-1.333102
sample,264,drone,6.599786,4.395196,2.955173,2.017028,0.272728,-1.125703,-0.321763,0.280090,-1.156089,-0.330448,-1.333102
sample,265,drone,6.624785,4.402101,2.926670,2.008880,0.279718,-1.154553,-0.330009,0.279008,-1.151624,-0.329172,-1.333102
sample,266,drone,6.649784,4.409181,2.897448,2.000528,0.286678,-1.183283,-0.338221,0.277752,-1.146440,-0.327690,-1.333102
sample,267,drone,6.674784,4.416435,2.867508,1.991970,0.293605,-1.211874,-0.346393,0.276326,-1.140551,-0.326007,-1.333102
sample,268,drone,6.699783,4.423861,2.836856,1.983208,0.300494,-1.240308,-0.354521,0.274731,-1.133967,-0.324125,-1.333102
sample,269,drone,6.724782,4.431459,2.805495,1.974244,0.307341,-1.268570,-0.362599,0.272970,-1.126701,-0.322048,-1.333102
sample,270,drone,6.749781,4.439227,2.773429,1.965079,0.314142,-1.296642,-0.370623,0.271048,-1.118765,-0.319780,-1.333102
sample,271,drone,6.774780,4.447166,2.740665,1.955714,0.320893,-1.324507,-0.378587,0.268965,-1.110171,-0.317323,-1.333102
sample,272,drone,6.799780,4.455272,2.707206,1.946150,0.327590,-1.352148,-0.386488,0.266727,-1.100930,-0.314682,-1.333102
sample,273,drone,6.824779,4.463544,2.673059,1.936390,0.334229,-1.379551,-0.394321,0.264334,-1.091056,-0.311859,-1.333102
sample,274,drone,6.849778,4.471983,2.638231,1.926435,0.340806,-1.406699,-0.402081,0.261791,-1.080558,-0.308859,-1.333102
sample,275,drone,6.874777,4.480584,2.602727,1.916287,0.347318,-1.433577,-0.409763,0.259100,-1.069451,-0.305684,-1.333102
sample,276,drone,6.899776,4.489348,2.566554,1.905947,0.353761,-1.460170,-0.417364,0.256264,-1.057745,-0.302338,-1.333102
sample,277,drone,6.924776,4.498272,2.529721,1.895419,0.360131,-1.486463,-0.424880,0.253286,-1.045452,-0.298824,-1.333102
sample,278,drone,6.949775,4.507354,2.492234,1.884704,0.366425,-1.512441,-0.432305,0.250168,-1.032585,-0.295147,-1.333102
sample,279,drone,6.974774,4.516592,2.454101,1.873805,0.372639,-1.538091,-0.439637,0.246915,-1.019156,-0.291308,-1.333102
sample,280,drone,6.999773,4.525985,2.415332,1.862723,0.378770,-1.563397,-0.446870,0.243528,-1.005176,-0.287312,-1.333102
sample,281,drone,7.024772,4.535530,2.375934,1.851462,0.384815,-1.588348,-0.454002,0.240010,-0.990657,-0.283162,-1.333102
sample,282,drone,7.049772,4.545225,2.335917,1.840024,0.390770,-1.612929,-0.461028,0.236365,-0.975612,-0.278862,-1.333102
sample,283,drone,7.074771,4.555068,2.295290,1.828411,0.396633,-1.637127,-0.467944,0.232595,-0.960052,-0.274414,-1.333102
sample,284,drone,7.099770,4.565056,2.254063,1.816627,0.402400,-1.660930,-0.474748,0.228704,-0.943990,-0.269823,-1.333102
sample,285,drone,7.124769,4.575188,2.212246,1.804675,0.408068,-1.684325,-0.481435,0.224694,-0.927436,-0.265092,-1.333102
sample,286,drone,7.149768,4.585459,2.169850,1.792556,0.413634,-1.707300,-0.488002,0.220567,-0.910404,-0.260223,-1.333102
sample,287,drone,7.174767,4.595869,2.126884,1.780275,0.419096,-1.729843,-0.494446,0.216328,-0.892905,-0.255222,-1.333102
sample,288,drone,7.199767,4.606413,2.083360,1.767835,0.424450,-1.751944,-0.500763,0.211978,-0.874952,-0.250090,-1.333102
sample,289,drone,7.224766,4.617090,2.039290,1.755238,0.429694,-1.773590,-0.506950,0.207521,-0.856555,-0.244831,-1.333102
sample,290,drone,7.249765,4.627897,1.994684,1.742488,0.434826,-1.794770,-0.513004,0.202959,-0.837728,-0.239450,-1.333102
sample,291,drone,7.274764,4.638831,1.949554,1.729589,0.439842,-1.815475,-0.518922,0.198297,-0.818481,-0.233949,-1.333102
sample,292,drone,7.299763,4.649889,1.903913,1.716543,0.444740,-1.835693,-0.524701,0.193535,-0.798828,-0.228331,-1.333102
sample,293,drone,7.324763,4.661067,1.857772,1.703354,0.449518,-1.855415,-0.530338,0.188678,-0.778780,-0.222601,-1.333102
sample,294,drone,7.349762,4.672364,1.811145,1.690027,0.454174,-1.874631,-0.535831,0.183728,-0.758348,-0.216761,-1.333102
sample,295,drone,7.374761,4.683775,1.764044,1.676564,0.458705,-1.893331,-0.541176,0.178688,-0.737546,-0.210815,-1.333102
sample,296,drone,7.399760,4.695298,1.716482,1.662969,0.463108,-1.911507,-0.546371,0.173561,-0.716384,-0.204766,-1.333102
sample,297,drone,7.424759,4.706930,1.668472,1.649246,0.467382,-1.929149,-0.551414,0.168350,-0.694876,-0.198618,-1.333102
sample,298,drone,7.449759,4.718667,1.620027,1.635399,0.471525,-1.946249,-0.556302,0.163058,-0.673032,-0.192375,-1.333102
sample,299,drone,7.474758,4.730505,1.571162,1.621432,0.475535,-1.962799,-0.561032,0.157688,-0.650865,-0.186038,-1.333102
sample,300,drone,7.499757,4.742443,1.521890,1.607348,0.479409,-1.978792,-0.565603,0.152242,-0.628387,-0.179613,-1.333102
sample,301,drone,7.524756,4.754475,1.472226,1.593153,0.483147,-1.994218,-0.570013,0.146723,-0.605609,-0.173103,-1.333102
sample,302,drone,7.549755,4.766599,1.422183,1.578849,0.486745,-2.009071,-0.574258,0.141135,-0.582544,-0.166510,-1.333102
sample,303,drone,7.574754,4.778812,1.371776,1.564441,0.490203,-2.023344,-0.578338,0.135480,-0.559204,-0.159839,-1.333102
sample,304,drone,7.599754,4.791109,1.321019,1.549933,0.493519,-2.037030,-0.582250,0.129762,-0.535600,-0.153092,-1.333102
sample,305,drone,7.624753,4.803487,1.269927,1.535329,0.496691,-2.050123,-0.585992,0.123983,-0.511745,-0.146274,-1.333102
sample,306,drone,7.649752,4.815942,1.218516,1.520634,0.499718,-2.062617,-0.589563,0.118145,-0.487651,-0.139387,-1.333102
sample,307,drone,7.674751,4.828472,1.166800,1.505852,0.502598,-2.074505,-0.592961,0.112253,-0.463329,-0.132435,-1.333102
sample,308,drone,7.699750,4.841071,1.114794,1.490987,0.505330,-2.085782,-0.596185,0.106308,-0.438792,-0.125421,-1.333102
sample,309,drone,7.724750,4.853737,1.062514,1.476044,0.507913,-2.096444,-0.599232,0.100314,-0.414051,-0.118349,-1.333102
sample,310,drone,7.749749,4.866466,1.009975,1.461026,0.510346,-2.106484,-0.602102,0.094273,-0.389118,-0.111223,-1.333102
sample,311,drone,7.774748,4.879254,0.957193,1.445939,0.512627,-2.115899,-0.604793,0.088189,-0.364006,-0.104045,-1.333102
sample,312,drone,7.799747,4.892097,0.904184,1.430788,0.514755,-2.124684,-0.607304,0.082065,-0.338726,-0.096819,-1.333102
sample,313,drone,7.824746,4.904991,0.850963,1.415575,0.516730,-2.132835,-0.609634,0.075902,-0.313291,-0.089549,-1.333102
sample,314,drone,7.849746,4.917932,0.797545,1.400307,0.518550,-2.140348,-0.611782,0.069705,-0.287712,-0.082237,-1.333102
sample,315,drone,7.874745,4.930918,0.743949,1.384987,0.520215,-2.147220,-0.613746,0.063476,-0.262001,-0.074888,-1.333102
sample,316,drone,7.899744,4.943942,0.690188,1.369621,0.521724,-2.153448,-0.615526,0.057218,-0.236170,-0.067505,-1.333102
sample,317,drone,7.924743,4.957003,0.636280,1.354212,0.523076,-2.159028,-0.617121,0.050934,-0.210232,-0.060091,-1.333102
sample,318,drone,7.949742,4.970095,0.582240,1.338765,0.524271,-2.163959,-0.618530,0.044626,-0.184197,-0.052650,-1.333102
sample,319,drone,7.974742,4.983216,0.528085,1.323286,0.525307,-2.168238,-0.619753,0.038298,-0.158079,-0.045184,-1.333102
sample,320,drone,7.999741,4.996360,0.473832,1.307779,0.526185,-2.171863,-0.620789,0.031953,-0.131889,-0.037698,-1.333102
sample,321,drone,8.024740,5.009524,0.419496,1.292248,0.526905,-2.174832,-0.621638,0.025593,-0.105639,-0.030195,-1.333102
sample,322,drone,8.049739,5.022704,0.365094,1.276698,0.527465,-2.177144,-0.622299,0.019222,-0.079340,-0.022678,-1.333102
sample,323,drone,8.074738,5.035896,0.310642,1.261134,0.527866,-2.178799,-0.622772,0.012842,-0.053006,-0.015151,-1.333102
sample,324,drone,8.099737,5.049097,0.256157,1.245560,0.528107,-2.179795,-0.623057,0.006456,-0.026648,-0.007617,-1.333102
sample,325,drone,8.124737,5.062301,0.201656,1.229982,0.528189,-2.180131,-0.623153,0.000067,-0.000278,-0.000079,-1.333102
sample,326,drone,8.149736,5.075505,0.147154,1.214404,0.528111,-2.179808,-0.623061,-0.006322,0.026093,0.007458,-1.333102
sample,327,drone,8.174735,5.088706,0.092669,1.198830,0.527873,-2.178827,-0.622780,-0.012708,0.052451,0.014992,-1.333102
sample,328,drone,8.199734,5.101898,0.038216,1.183266,0.527475,-2.177186,-0.622311,-0.019088,0.078786,0.022520,-1.333102
sample,329,drone,8.224733,5.115078,-0.016187,1.167715,0.526918,-2.174887,-0.621654,-0.025459,0.105085,0.030037,-1.333102
sample,330,drone,8.249733,5.128243,-0.070524,1.152184,0.526202,-2.171932,-0.620809,-0.031819,0.131336,0.037540,-1.333102
sample,331,drone,8.274732,5.141388,-0.124780,1.136676,0.525327,-2.168321,-0.619777,-0.038165,0.157528,0.045027,-1.333102
sample,332,drone,8.299731,5.154509,-0.178937,1.121196,0.524294,-2.164056,-0.618558,-0.044493,0.183648,0.052493,-1.333102
sample,333,drone,8.324730,5.167602,-0.232979,1.105749,0.523103,-2.159139,-0.617153,-0.050801,0.209684,0.059935,-1.333102
sample,334,drone,8.349729,5.180663,-0.286890,1.090340,0.521754,-2.153572,-0.615561,-0.057086,0.235625,0.067349,-1.333102
sample,335,drone,8.374729,5.193688,-0.340654,1.074972,0.520249,-2.147358,-0.613785,-0.063344,0.261458,0.074733,-1.333102
sample,336,drone,8.399728,5.206674,-0.394255,1.059651,0.518587,-2.140499,-0.611825,-0.069574,0.287171,0.082083,-1.333102
sample,337,drone,8.424727,5.219617,-0.447676,1.044382,0.516770,-2.133000,-0.609681,-0.075772,0.312753,0.089395,-1.333102
sample,338,drone,8.449726,5.232512,-0.500901,1.029168,0.514799,-2.124862,-0.607355,-0.081935,0.338192,0.096666,-1.333102
sample,339,drone,8.474725,5.245356,-0.553916,1.014015,0.512673,-2.116091,-0.604848,-0.088061,0.363475,0.103893,-1.333102
sample,340,drone,8.499725,5.258145,-0.606702,0.998927,0.510396,-2.106689,-0.602161,-0.094145,0.388591,0.111072,-1.333102
sample,341,drone,8.524724,5.270875,-0.659247,0.983908,0.507966,-2.096662,-0.599295,-0.100187,0.413528,0.118200,-1.333102
sample,342,drone,8.549723,5.283542,-0.711532,0.968963,0.505386,-2.086013,-0.596251,-0.106182,0.438273,0.125273,-1.333102
sample,343,drone,8.574722,5.296144,-0.763544,0.954096,0.502657,-2.074749,-0.593031,-0.112128,0.462814,0.132288,-1.333102
sample,344,drone,8.599721,5.308675,-0.815266,0.939312,0.499780,-2.062873,-0.589637,-0.118022,0.487141,0.139241,-1.333102
sample,345,drone,8.624720,5.321132,-0.866684,0.924615,0.496756,-2.050393,-0.586069,-0.123860,0.511240,0.146129,-1.333102
sample,346,drone,8.649720,5.333512,-0.917783,0.910010,0.493587,-2.037312,-0.582331,-0.129641,0.535100,0.152949,-1.333102
sample,347,drone,8.674719,5.345810,-0.968546,0.895500,0.490275,-2.023638,-0.578422,-0.135361,0.558709,0.159697,-1.333102
sample,348,drone,8.699718,5.358024,-1.018961,0.881090,0.486820,-2.009378,-0.574346,-0.141017,0.582055,0.166370,-1.333102
sample,349,drone,8.724717,5.370150,-1.069012,0.866784,0.483224,-1.994537,-0.570104,-0.146606,0.605126,0.172965,-1.333102
sample,350,drone,8.749716,5.382185,-1.118685,0.852585,0.479490,-1.979122,-0.565698,-0.152126,0.627910,0.179477,-1.333102
sample,351,drone,8.774716,5.394124,-1.167965,0.838500,0.475618,-1.963142,-0.561130,-0.157574,0.650394,0.185904,-1.333102
sample,352,drone,8.799715,5.405965,-1.216839,0.824530,0.471611,-1.946604,-0.556403,-0.162946,0.672568,0.192242,-1.333102
sample,353,drone,8.824714,5.417704,-1.265292,0.810680,0.467471,-1.929515,-0.551519,-0.168240,0.694419,0.198488,-1.333102
sample,354,drone,8.849713,5.429338,-1.313311,0.796955,0.463199,-1.911884,-0.546479,-0.173452,0.715935,0.204638,-1.333102
sample,355,drone,8.874712,5.440863,-1.360883,0.783357,0.458799,-1.893719,-0.541287,-0.178581,0.737104,0.210688,-1.333102
sample,356,drone,8.899712,5.452277,-1.407994,0.769891,0.454271,-1.875030,-0.535945,-0.183623,0.757914,0.216637,-1.333102
sample,357,drone,8.924711,5.463576,-1.454632,0.756561,0.449618,-1.855825,-0.530456,-0.188575,0.778353,0.222479,-1.333102
sample,358,drone,8.949710,5.474757,-1.500782,0.743369,0.444842,-1.836114,-0.524821,-0.193434,0.798410,0.228212,-1.333102
sample,359,drone,8.974709,5.485817,-1.546434,0.730321,0.439946,-1.815906,-0.519045,-0.198197,0.818071,0.233832,-1.333102
sample,360,drone,8.999708,5.496754,-1.591575,0.717418,0.434933,-1.795211,-0.513130,-0.202862,0.837326,0.239335,-1.333102
sample,361,drone,9.024707,5.507563,-1.636192,0.704665,0.429804,-1.774041,-0.507079,-0.207426,0.856163,0.244719,-1.333102
sample,362,drone,9.049707,5.518243,-1.680274,0.692065,0.424562,-1.752405,-0.500895,-0.211885,0.874569,0.249980,-1.333102
sample,363,drone,9.074706,5.528791,-1.723809,0.679621,0.419210,-1.730314,-0.494580,-0.216237,0.892532,0.255115,-1.333102
sample,364,drone,9.099705,5.539203,-1.766787,0.667337,0.413750,-1.707779,-0.488139,-0.220479,0.910040,0.260119,-1.333102
sample,365,drone,9.124704,5.549478,-1.809196,0.655215,0.408186,-1.684813,-0.481575,-0.224608,0.927082,0.264990,-1.333102
sample,366,drone,9.149703,5.559612,-1.851025,0.643259,0.402520,-1.661427,-0.474890,-0.228621,0.943646,0.269725,-1.333102
sample,367,drone,9.174703,5.569603,-1.892264,0.631471,0.396755,-1.637632,-0.468089,-0.232515,0.959719,0.274319,-1.333102
sample,368,drone,9.199702,5.579449,-1.932904,0.619855,0.390895,-1.613442,-0.461175,-0.236287,0.975289,0.278770,-1.333102
sample,369,drone,9.224701,5.589147,-1.972934,0.608413,0.384941,-1.588869,-0.454151,-0.239935,0.990346,0.283073,-1.333102
sample,370,drone,9.249700,5.598695,-2.012345,0.597148,0.378899,-1.563927,-0.447021,-0.243455,1.004875,0.287226,-1.333102
sample,371,drone,9.274699,5.608091,-2.051128,0.586063,0.372769,-1.538627,-0.439790,-0.246845,1.018867,0.291226,-1.333102
sample,372,drone,9.299699,5.617333,-2.089274,0.575159,0.366557,-1.512985,-0.432461,-0.250101,1.032308,0.295067,-1.333102
sample,373,drone,9.324698,5.626419,-2.126774,0.564440,0.360264,-1.487014,-0.425037,-0.253221,1.045187,0.298749,-1.333102
sample,374,drone,9.349697,5.635346,-2.163622,0.553908,0.353896,-1.460727,-0.417524,-0.256203,1.057492,0.302266,-1.333102
sample,375,drone,9.374696,5.644113,-2.199808,0.543565,0.347455,-1.434141,-0.409924,-0.259042,1.069210,0.305615,-1.333102
sample,376,drone,9.399695,5.652718,-2.235327,0.533413,0.340944,-1.407269,-0.402243,-0.261736,1.080331,0.308794,-1.333102
sample,377,drone,9.424695,5.661159,-2.270169,0.523453,0.334368,-1.380126,-0.394485,-0.264282,1.090841,0.311798,-1.333102
sample,378,drone,9.449694,5.669436,-2.304331,0.513689,0.327731,-1.352728,-0.386654,-0.266678,1.100729,0.314624,-1.333102
sample,379,drone,9.474693,5.677545,-2.337804,0.504121,0.321035,-1.325091,-0.378754,-0.268920,1.109983,0.317269,-1.333102
sample,380,drone,9.499692,5.685487,-2.370583,0.494752,0.314285,-1.297231,-0.370791,-0.271005,1.118591,0.319730,-1.333102
sample,381,drone,9.524691,5.693259,-2.402663,0.485582,0.307485,-1.269164,-0.362769,-0.272931,1.126541,0.322002,-1.333102
sample,382,drone,9.549690,5.700861,-2.434039,0.476614,0.300639,-1.240906,-0.354691,-0.274695,1.133821,0.324083,-1.333102
sample,383,drone,9.574690,5.708291,-2.464706,0.467848,0.293751,-1.212474,-0.346565,-0.276294,1.140419,0.325969,-1.333102
sample,384,drone,9.599689,5.715548,-2.494661,0.459286,0.286825,-1.183887,-0.338394,-0.277724,1.146323,0.327657,-1.333102
sample,385,drone,9.624688,5.722631,-2.523899,0.450929,0.279865,-1.155160,-0.330183,-0.278984,1.151522,0.329143,-1.333102
sample,386,drone,9.649687,5.729541,-2.552417,0.442778,0.272876,-1.126312,-0.321937,-0.280069,1.156002,0.330423,-1.333102
sample,387,drone,9.674686,5.736275,-2.580213,0.434833,0.265862,-1.097362,-0.313662,-0.280978,1.159753,0.331495,-1.333102
sample,388,drone,9.699686,5.742833,-2.607283,0.427095,0.258828,-1.068327,-0.305363,-0.281707,1.162762,0.332355,-1.333102
sample,389,drone,9.724685,5.749216,-2.633627,0.419565,0.251777,-1.039226,-0.297045,-0.282253,1.165017,0.333000,-1.333102
sample,390,drone,9.749684,5.755422,-2.659243,0.412243,0.244715,-1.010078,-0.288713,-0.282614,1.166507,0.333426,-1.333102
sample,391,drone,9.774683,5.761451,-2.684129,0.405130,0.237647,-0.980902,-0.280374,-0.282787,1.167219,0.333629,-1.333102
sample,392,drone,9.799682,5.767304,-2.708286,0.398225,0.230577,-0.951719,-0.272032,-0.282768,1.167141,0.333607,-1.333102
sample,393,drone,9.824682,5.772980,-2.731714,0.391529,0.223509,-0.922547,-0.263694,-0.282555,1.166262,0.333356,-1.333102
sample,394,drone,9.849681,5.778479,-2.754412,0.385041,0.216449,-0.893407,-0.255365,-0.282145,1.164569,0.332872,-1.333102
sample,395,drone,9.874680,5.783802,-2.776383,0.378761,0.209402,-0.864320,-0.247051,-0.281535,1.162051,0.332152,-1.333102
sample,396,drone,9.899679,5.788949,-2.797627,0.372689,0.202373,-0.835307,-0.238758,-0.280722,1.158695,0.331193,-1.333102
sample,397,drone,9.924678,5.793920,-2.818147,0.366824,0.195367,-0.806387,-0.230492,-0.279703,1.154490,0.329991,-1.333102
sample,398,drone,9.949678,5.798717,-2.837945,0.361165,0.188388,-0.777584,-0.222259,-0.278475,1.149423,0.328543,-1.333102
sample,399,drone,9.974677,5.803339,-2.857025,0.355711,0.181443,-0.748918,-0.214065,-0.277036,1.143483,0.326845,-1.333102
sample,400,drone,9.999676,5.807788,-2.875390,0.350462,0.174537,-0.720412,-0.205917,-0.275382,1.136658,0.324894,-1.333102
sample,401,drone,10.024675,5.812066,-2.893044,0.345415,0.167675,-0.692087,-0.197821,-0.273511,1.128935,0.322687,-1.333102
sample,402,drone,10.049674,5.816172,-2.909993,0.340571,0.160862,-0.663967,-0.189783,-0.271420,1.120303,0.320219,-1.333102
sample,403,drone,10.074673,5.820109,-2.926241,0.335927,0.154104,-0.636074,-0.181811,-0.269106,1.110750,0.317489,-1.333102
sample,404,drone,10.099673,5.823877,-2.941796,0.331481,0.147407,-0.608431,-0.173910,-0.266565,1.100264,0.314491,-1.333102
sample,405,drone,10.124672,5.827479,-2.956662,0.327231,0.140776,-0.581062,-0.166087,-0.263796,1.088832,0.311224,-1.333102
sample,406,drone,10.149671,5.830915,-2.970848,0.323177,0.134218,-0.553991,-0.158349,-0.260794,1.076443,0.307683,-1.333102
sample,407,drone,10.174670,5.834189,-2.984361,0.319314,0.127737,-0.527242,-0.150703,-0.257558,1.063086,0.303865,-1.333102
sample,408,drone,10.199669,5.837302,-2.997209,0.315642,0.121340,-0.500839,-0.143156,-0.254084,1.048747,0.299766,-1.333102
sample,409,drone,10.224669,5.840256,-3.009402,0.312157,0.115033,-0.474806,-0.135715,-0.250369,1.033415,0.295384,-1.333102
sample,410,drone,10.249668,5.843054,-3.020949,0.308856,0.108822,-0.449170,-0.128387,-0.246411,1.017078,0.290714,-1.333102
sample,411,drone,10.274667,5.845697,-3.031859,0.305737,0.102713,-0.423954,-0.121180,-0.242207,0.999724,0.285754,-1.333102
sample,412,drone,10.299666,5.848189,-3.042146,0.302797,0.096712,-0.399185,-0.114100,-0.237753,0.981341,0.280499,-1.333102
sample,413,drone,10.324665,5.850532,-3.051818,0.300033,0.090826,-0.374889,-0.107155,-0.233047,0.961917,0.274947,-1.333102
sample,414,drone,10.349665,5.852730,-3.060889,0.297440,0.085060,-0.351091,-0.100353,-0.228086,0.941441,0.269095,-1.333102
sample,415,drone,10.374664,5.854785,-3.069372,0.295015,0.079422,-0.327818,-0.093701,-0.222868,0.919899,0.262937,-1.333102
sample,416,drone,10.399663,5.856701,-3.077280,0.292755,0.073917,-0.305097,-0.087207,-0.217388,0.897281,0.256472,-1.333102
sample,417,drone,10.424662,5.858481,-3.084626,0.290655,0.068553,-0.282956,-0.080878,-0.211644,0.873574,0.249696,-1.333102
sample,418,drone,10.449661,5.860129,-3.091427,0.288711,0.063335,-0.261420,-0.074722,-0.205634,0.848766,0.242605,-1.333102
sample,419,drone,10.474661,5.861648,-3.097697,0.286919,0.058271,-0.240519,-0.068748,-0.199354,0.822846,0.235196,-1.333102
sample,420,drone,10.499660,5.863042,-3.103453,0.285274,0.053368,-0.220279,-0.062963,-0.192802,0.795801,0.227466,-1.333102
sample,421,drone,10.524659,5.864316,-3.108711,0.283771,0.048632,-0.200730,-0.057375,-0.185974,0.767619,0.219411,-1.333102
sample,422,drone,10.549658,5.865474,-3.113489,0.282405,0.044069,-0.181899,-0.051993,-0.178868,0.738289,0.211027,-1.333102
sample,423,drone,10.574657,5.866519,-3.117805,0.281171,0.039688,-0.163817,-0.046824,-0.171481,0.707798,0.202312,-1.333102
sample,424,drone,10.599656,5.867458,-3.121679,0.280064,0.035496,-0.146511,-0.041878,-0.163810,0.676135,0.193261,-1.333102
sample,425,drone,10.624656,5.868294,-3.125131,0.279078,0.031498,-0.130011,-0.037161,-0.155852,0.643287,0.183872,-1.333102
sample,426,drone,10.649655,5.869033,-3.128180,0.278206,0.027703,-0.114347,-0.032684,-0.147604,0.609243,0.174141,-1.333102
sample,427,drone,10.674654,5.869679,-3.130848,0.277443,0.024118,-0.099550,-0.028455,-0.139063,0.573990,0.164065,-1.333102
sample,428,drone,10.699653,5.870239,-3.133157,0.276783,0.020750,-0.085649,-0.024481,-0.130226,0.537517,0.153640,-1.333102
sample,429,drone,10.724652,5.870717,-3.135130,0.276219,0.017607,-0.072675,-0.020773,-0.121091,0.499811,0.142862,-1.333102
sample,430,drone,10.749652,5.871119,-3.136791,0.275745,0.014696,-0.060659,-0.017338,-0.111655,0.460861,0.131729,-1.333102
sample,431,drone,10.774651,5.871452,-3.138163,0.275352,0.012025,-0.049633,-0.014187,-0.101914,0.420655,0.120237,-1.333102
sample,432,drone,10.799650,5.871720,-3.139272,0.275035,0.009601,-0.039627,-0.011327,-0.091866,0.379181,0.108382,-1.333102
sample,433,drone,10.824649,5.871932,-3.140144,0.274786,0.007432,-0.030674,-0.008768,-0.081507,0.336426,0.096162,-1.333102
sample,434,drone,10.849648,5.872092,-3.140806,0.274597,0.005525,-0.022806,-0.006519,-0.070836,0.292380,0.083572,-1.333102
sample,435,drone,10.874648,5.872208,-3.141284,0.274460,0.003890,-0.016056,-0.004589,-0.059849,0.247029,0.070609,-1.333102
sample,436,drone,10.899647,5.872286,-3.141609,0.274368,0.002533,-0.010455,-0.002988,-0.048542,0.200362,0.057270,-1.333102
sample,437,drone,10.924646,5.872334,-3.141807,0.274311,0.001463,-0.006038,-0.001726,-0.036914,0.152367,0.043551,-1.333102
sample,438,drone,10.949645,5.872359,-3.141910,0.274281,0.000687,-0.002837,-0.000811,-0.024962,0.103032,0.029450,-1.333102
sample,439,drone,10.974644,5.872369,-3.141949,0.274270,0.000215,-0.000886,-0.000253,-0.012126,0.056956,0.016458,-1.333101
sample,440,drone,10.999643,5.872370,-3.141955,0.274269,0.000081,0.000011,0.000012,0.004380,0.037950,0.012294,0.131325
sample,441,drone,11.024643,5.872373,-3.141949,0.274271,0.000434,0.001011,0.000361,0.026577,0.065516,0.023251,1.165542
sample,442,drone,11.049642,5.872392,-3.141904,0.274287,0.001410,0.003286,0.001174,0.051747,0.120622,0.043107,1.165543
sample,443,drone,11.074641,5.872443,-3.141784,0.274330,0.003021,0.007042,0.002517,0.076753,0.178911,0.063938,1.165543
sample,444,drone,11.099640,5.872543,-3.141552,0.274413,0.005247,0.012232,0.004371,0.100974,0.235370,0.084115,1.165543
sample,445,drone,11.124639,5.872706,-3.141173,0.274548,0.008070,0.018810,0.006722,0.124417,0.290017,0.103645,1.165543
sample,446,drone,11.149639,5.872946,-3.140612,0.274749,0.011468,0.026732,0.009553,0.147091,0.342870,0.122533,1.165543
sample,447,drone,11.174638,5.873279,-3.139836,0.275026,0.015424,0.035953,0.012849,0.169004,0.393949,0.140787,1.165543
sample,448,drone,11.199637,5.873718,-3.138814,0.275391,0.019918,0.046429,0.016592,0.190163,0.443272,0.158414,1.165543
sample,449,drone,11.224636,5.874275,-3.137515,0.275855,0.024932,0.058116,0.020769,0.210578,0.490858,0.175420,1.165543
sample,450,drone,11.249635,5.874964,-3.135908,0.276429,0.030447,0.070971,0.025363,0.230256,0.536727,0.191813,1.165543
sample,451,drone,11.274635,5.875797,-3.133966,0.277124,0.036444,0.084951,0.030359,0.249205,0.580897,0.207598,1.165543
sample,452,drone,11.299634,5.876786,-3.131661,0.277947,0.042906,0.100015,0.035743,0.267433,0.623386,0.222782,1.165543
sample,453,drone,11.324633,5.877943,-3.128966,0.278911,0.049815,0.116120,0.041498,0.284948,0.664215,0.237373,1.165543
sample,454,drone,11.349632,5.879277,-3.125855,0.280022,0.057153,0.133225,0.047611,0.301759,0.703401,0.251378,1.165543
sample,455,drone,11.374631,5.880800,-3.122305,0.281291,0.064903,0.151289,0.054067,0.317873,0.740963,0.264802,1.165543
sample,456,drone,11.399631,5.882522,-3.118291,0.282725,0.073046,0.170272,0.060851,0.333299,0.776922,0.277652,1.165543
sample,457,drone,11.424630,5.884452,-3.113791,0.284334,0.081567,0.190133,0.067949,0.348045,0.811294,0.289936,1.165543
sample,458,drone,11.449629,5.886600,-3.108785,0.286123,0.090448,0.210835,0.075347,0.362118,0.844099,0.301660,1.165543
sample,459,drone,11.474628,5.888975,-3.103250,0.288101,0.099673,0.232337,0.083031,0.375528,0.875357,0.312830,1.165543
sample,460,drone,11.499627,5.891584,-3.097168,0.290274,0.109224,0.254601,0.090988,0.388281,0.905085,0.323454,1.165543
sample,461,drone,11.524626,5.894436,-3.090520,0.292650,0.119086,0.277590,0.099204,0.400387,0.933304,0.333539,1.165543
sample,462,drone,11.549626,5.897538,-3.083289,0.295234,0.129243,0.301265,0.107664,0.411853,0.960030,0.343090,1.165543
sample,463,drone,11.574625,5.900897,-3.075458,0.298033,0.139678,0.325590,0.116358,0.422687,0.985285,0.352116,1.165543
sample,464,drone,11.599624,5.904521,-3.067010,0.301052,0.150376,0.350528,0.125270,0.432897,1.009086,0.360622,1.165543
sample,465,drone,11.624623,5.908416,-3.057932,0.304296,0.161322,0.376042,0.134388,0.442492,1.031452,0.368615,1.165543
sample,466,drone,11.649622,5.912587,-3.048209,0.307771,0.172500,0.402099,0.143700,0.451480,1.052402,0.376102,1.165543
sample,467,drone,11.674622,5.917041,-3.037827,0.311481,0.183895,0.428661,0.153192,0.459868,1.071955,0.383090,1.165543
sample,468,drone,11.699621,5.921782,-3.026776,0.315431,0.195493,0.455695,0.162854,0.467666,1.090130,0.389585,1.165543
sample,469,drone,11.724620,5.926815,-3.015043,0.319623,0.207278,0.483166,0.172671,0.474880,1.106946,0.395594,1.165543
sample,470,drone,11.749619,5.932145,-3.002619,0.324064,0.219236,0.511040,0.182633,0.481519,1.122422,0.401125,1.165543
sample,471,drone,11.774618,5.937777,-2.989492,0.328755,0.231353,0.539285,0.192727,0.487591,1.136576,0.406183,1.165543
sample,472,drone,11.799618,5.943713,-2.975655,0.333700,0.243615,0.567867,0.202941,0.493104,1.149427,0.410776,1.165543
sample,473,drone,11.824617,5.949957,-2.961100,0.338902,0.256007,0.596754,0.213265,0.498067,1.160995,0.414910,1.165543
sample,474,drone,11.849616,5.956513,-2.945819,0.344363,0.268517,0.625915,0.223686,0.502487,1.171298,0.418592,1.165543
sample,475,drone,11.874615,5.963382,-2.929805,0.350086,0.281131,0.655317,0.234194,0.506372,1.180355,0.421829,1.165543
sample,476,drone,11.899614,5.970569,-2.913054,0.356072,0.293835,0.684931,0.244777,0.509731,1.188185,0.424627,1.165543
sample,477,drone,11.924614,5.978074,-2.895560,0.362324,0.306617,0.714725,0.255424,0.512572,1.194806,0.426993,1.165543
sample,478,drone,11.949613,5.985899,-2.877319,0.368843,0.319463,0.744669,0.266126,0.514902,1.200239,0.428935,1.165543
sample,479,drone,11.974612,5.994046,-2.858327,0.375630,0.332361,0.774735,0.276870,0.516730,1.204500,0.430458,1.165543
sample,480,drone,11.999611,6.002517,-2.838583,0.382686,0.345299,0.804892,0.287648,0.518064,1.207610,0.431569,1.165543
sample,481,drone,12.024610,6.011311,-2.818084,0.390012,0.358263,0.835113,0.298448,0.518913,1.209588,0.432276,1.165543
sample,482,drone,12.049609,6.020429,-2.796829,0.397608,0.371243,0.865370,0.309261,0.519283,1.210451,0.432584,1.165543
sample,483,drone,12.074609,6.029872,-2.774817,0.405474,0.384227,0.895634,0.320077,0.519184,1.210220,0.432502,1.165543
sample,484,drone,12.099608,6.039640,-2.752049,0.413611,0.397202,0.925879,0.330885,0.518623,1.208912,0.432034,1.165543
sample,485,drone,12.124607,6.049732,-2.728525,0.422018,0.410157,0.956077,0.341678,0.517608,1.206547,0.431189,1.165543
sample,486,drone,12.149606,6.060147,-2.704246,0.430694,0.423081,0.986204,0.352444,0.516148,1.203144,0.429973,1.165543
sample,487,drone,12.174605,6.070885,-2.679216,0.439640,0.435964,1.016233,0.363176,0.514251,1.198721,0.428392,1.165543
sample,488,drone,12.199605,6.081944,-2.653436,0.448853,0.448793,1.046138,0.373863,0.511924,1.193297,0.426454,1.165543
sample,489,drone,12.224604,6.093324,-2.626911,0.458332,0.461559,1.075896,0.384498,0.509176,1.186892,0.424165,1.165543
sample,490,drone,12.249603,6.105022,-2.599643,0.468077,0.474251,1.105481,0.395071,0.506016,1.179524,0.421532,1.165543
sample,491,drone,12.274602,6.117036,-2.571639,0.478085,0.486859,1.134870,0.405574,0.502450,1.171212,0.418561,1.165543
sample,492,drone,12.299601,6.129364,-2.542902,0.488355,0.499373,1.164040,0.415998,0.498487,1.161975,0.415260,1.165543
sample,493,drone,12.324601,6.142004,-2.513439,0.498884,0.511782,1.192967,0.426336,0.494135,1.151831,0.411635,1.165543
sample,494,drone,12.349600,6.154952,-2.483255,0.509671,0.524079,1.221629,0.436579,0.489403,1.140800,0.407693,1.165543
sample,495,drone,12.374599,6.168207,-2.452359,0.520713,0.536252,1.250005,0.446720,0.484298,1.128901,0.403441,1.165543
sample,496,drone,12.399598,6.181764,-2.420757,0.532006,0.548293,1.278072,0.456751,0.478829,1.116152,0.398884,1.165543
sample,497,drone,12.424597,6.195620,-2.388457,0.543549,0.560192,1.305811,0.466664,0.473003,1.102572,0.394031,1.165543
sample,498,drone,12.449596,6.209773,-2.355469,0.555339,0.571942,1.333199,0.476452,0.466829,1.088181,0.388888,1.165543
sample,499,drone,12.474596,6.224217,-2.321800,0.567371,0.583533,1.360218,0.486107,0.460315,1.072996,0.383461,1.165543
sample,500,drone,12.499595,6.238948,-2.287460,0.579643,0.594957,1.386847,0.495624,0.453469,1.057037,0.377758,1.165543
sample,501,drone,12.524594,6.253963,-2.252460,0.592152,0.606206,1.413068,0.504995,0.446298,1.040323,0.371785,1.165543
sample,502,drone,12.549593,6.269258,-2.216809,0.604892,0.617271,1.438862,0.514213,0.438812,1.022872,0.365549,1.165543
sample,503,drone,12.574592,6.284826,-2.180519,0.617861,0.628146,1.464210,0.523271,0.431018,1.004704,0.359056,1.165543
sample,504,drone,12.599592,6.300664,-2.143601,0.631055,0.638821,1.489095,0.532165,0.422924,0.985838,0.352313,1.165543
sample,505,drone,12.624591,6.316766,-2.106066,0.644469,0.649291,1.513500,0.540887,0.414539,0.966291,0.345328,1.165543
sample,506,drone,12.649590,6.333127,-2.067928,0.658098,0.659548,1.537408,0.549431,0.405870,0.946084,0.338106,1.165543
sample,507,drone,12.674589,6.349742,-2.029199,0.671939,0.669584,1.560803,0.557791,0.396925,0.925234,0.330655,1.165543
sample,508,drone,12.699588,6.366605,-1.989891,0.685987,0.679393,1.583669,0.565963,0.387713,0.903762,0.322981,1.165543
sample,509,drone,12.724588,6.383711,-1.950018,0.700237,0.688969,1.605990,0.573940,0.378243,0.881685,0.315092,1.165543
sample,510,drone,12.749587,6.401053,-1.909594,0.714683,0.698305,1.627751,0.581717,0.368520,0.859022,0.306993,1.165543
sample,511,drone,12.774586,6.418625,-1.868633,0.729322,0.707395,1.648939,0.589289,0.358555,0.835794,0.298691,1.165543
sample,512,drone,12.799585,6.436421,-1.827149,0.744147,0.716232,1.669540,0.596651,0.348355,0.812017,0.290194,1.165543
sample,513,drone,12.824584,6.454435,-1.785158,0.759153,0.724812,1.689539,0.603798,0.337928,0.787712,0.281508,1.165543
sample,514,drone,12.849584,6.472661,-1.742675,0.774336,0.733128,1.708924,0.610726,0.327282,0.762897,0.272640,1.165543
sample,515,drone,12.874583,6.491091,-1.699715,0.789688,0.741175,1.727683,0.617430,0.316426,0.737590,0.263596,1.165543
sample,516,drone,12.899582,6.509718,-1.656294,0.805206,0.748949,1.745802,0.623905,0.305367,0.711812,0.254384,1.165543
sample,517,drone,12.924581,6.528537,-1.612428,0.820883,0.756443,1.763272,0.630149,0.294114,0.685580,0.245009,1.165543
sample,518,drone,12.949580,6.547539,-1.568133,0.836712,0.763654,1.780080,0.636155,0.282674,0.658914,0.235479,1.165543
sample,519,drone,12.974579,6.566718,-1.523427,0.852689,0.770576,1.796217,0.641922,0.271056,0.631833,0.225801,1.165543
sample,520,drone,12.999579,6.586067,-1.478325,0.868808,0.777206,1.811671,0.647445,0.259268,0.604354,0.215981,1.165543
sample,521,drone,13.024578,6.605577,-1.432846,0.885061,0.783539,1.826433,0.652721,0.247317,0.576498,0.206026,1.165543
sample,522,drone,13.049577,6.625243,-1.387006,0.901443,0.789572,1.840495,0.657746,0.235213,0.548283,0.195942,1.165543
sample,523,drone,13.074576,6.645055,-1.340824,0.917947,0.795300,1.853847,0.662518,0.222963,0.519728,0.185737,1.165543
sample,524,drone,13.099575,6.665006,-1.294317,0.934567,0.800720,1.866480,0.667033,0.210575,0.490851,0.175418,1.165543
sample,525,drone,13.124575,6.685089,-1.247503,0.951297,0.805828,1.878388,0.671288,0.198058,0.461673,0.164990,1.165543
sample,526,drone,13.149574,6.705296,-1.200401,0.968131,0.810622,1.889563,0.675282,0.185418,0.432211,0.154461,1.165543
sample,527,drone,13.174573,6.725619,-1.153028,0.985060,0.815099,1.899998,0.679011,0.172666,0.402484,0.143838,1.165543
sample,528,drone,13.199572,6.746050,-1.105404,1.002080,0.819255,1.909687,0.682474,0.159807,0.372512,0.133126,1.165543
sample,529,drone,13.224571,6.766581,-1.057547,1.019183,0.823089,1.918623,0.685667,0.146852,0.342313,0.122334,1.165543
sample,530,drone,13.249571,6.787203,-1.009476,1.036362,0.826597,1.926802,0.688590,0.133807,0.311906,0.111467,1.165543
sample,531,drone,13.274570,6.807909,-0.961210,1.053611,0.829779,1.934218,0.691240,0.120682,0.281309,0.100533,1.165543
sample,532,drone,13.299569,6.828691,-0.912768,1.070923,0.832631,1.940867,0.693616,0.107483,0.250543,0.089538,1.165543
sample,533,drone,13.324568,6.849539,-0.864170,1.088291,0.835153,1.946745,0.695717,0.094219,0.219626,0.078489,1.165543
sample,534,drone,13.349567,6.870447,-0.815434,1.105708,0.837342,1.951848,0.697541,0.080899,0.188575,0.067392,1.165543
sample,535,drone,13.374567,6.891405,-0.766580,1.123167,0.839198,1.956173,0.699087,0.067530,0.157412,0.056255,1.165543
sample,536,drone,13.399566,6.912405,-0.717629,1.140661,0.840719,1.959718,0.700353,0.054120,0.126153,0.045084,1.165543
sample,537,drone,13.424565,6.933440,-0.668598,1.158184,0.841904,1.962481,0.701341,0.040677,0.094819,0.033886,1.165543
sample,538,drone,13.449564,6.954499,-0.619508,1.175727,0.842752,1.964459,0.702048,0.027211,0.063428,0.022668,1.165543
sample,539,drone,13.474563,6.975576,-0.570378,1.193285,0.843264,1.965652,0.702474,0.013728,0.031999,0.011436,1.165543
sample,540,drone,13.499562,6.996661,-0.521228,1.210850,0.843439,1.966059,0.702619,0.000236,0.000550,0.000197,1.165543
sample,541,drone,13.524562,7.017746,-0.472078,1.228415,0.843276,1.965679,0.702484,-0.013255,-0.030898,-0.011042,1.165543
sample,542,drone,13.549561,7.038824,-0.422947,1.245973,0.842776,1.964514,0.702067,-0.026739,-0.062328,-0.022275,1.165543
sample,543,drone,13.574560,7.059884,-0.373856,1.263517,0.841939,1.962563,0.701370,-0.040206,-0.093721,-0.033494,1.165543
sample,544,drone,13.599559,7.080919,-0.324822,1.281040,0.840766,1.959828,0.700393,-0.053650,-0.125058,-0.044692,1.165543
sample,545,drone,13.624558,7.101921,-0.275867,1.298535,0.839257,1.956310,0.699136,-0.067061,-0.156319,-0.055864,1.165543
sample,546,drone,13.649558,7.122881,-0.227010,1.315996,0.837413,1.952012,0.697600,-0.080432,-0.187486,-0.067003,1.165543
sample,547,drone,13.674557,7.143790,-0.178270,1.333414,0.835235,1.946936,0.695786,-0.093754,-0.218541,-0.078101,1.165543
sample,548,drone,13.699556,7.164641,-0.129666,1.350784,0.832725,1.941086,0.693695,-0.107020,-0.249463,-0.089152,1.165543
sample,549,drone,13.724555,7.185425,-0.081219,1.368098,0.829884,1.934464,0.691328,-0.120221,-0.280235,-0.100149,1.165543
sample,550,drone,13.749554,7.206134,-0.032946,1.385349,0.826714,1.927074,0.688687,-0.133349,-0.310838,-0.111085,1.165543
sample,551,drone,13.774554,7.226759,0.015132,1.402531,0.823217,1.918922,0.685774,-0.146397,-0.341252,-0.121955,1.165543
sample,552,drone,13.799553,7.247293,0.062997,1.419637,0.819395,1.910012,0.682590,-0.159356,-0.371458,-0.132750,1.165543
sample,553,drone,13.824552,7.267728,0.110629,1.436659,0.815250,1.900350,0.679137,-0.172217,-0.401439,-0.143464,1.165543
sample,554,drone,13.849551,7.288055,0.158011,1.453592,0.810784,1.889941,0.675417,-0.184974,-0.431175,-0.154091,1.165543
sample,555,drone,13.874550,7.308266,0.205123,1.470429,0.806001,1.878792,0.671432,-0.197617,-0.460646,-0.164623,1.165543
sample,556,drone,13.899550,7.328353,0.251948,1.487163,0.800904,1.866910,0.667186,-0.210139,-0.489835,-0.175055,1.165543
sample,557,drone,13.924549,7.348310,0.298466,1.503787,0.795495,1.854301,0.662680,-0.222532,-0.518722,-0.185378,1.165543
sample,558,drone,13.949548,7.368127,0.344660,1.520296,0.789777,1.840974,0.657917,-0.234787,-0.547289,-0.195587,1.165543
sample,559,drone,13.974547,7.387797,0.390511,1.536682,0.783756,1.826937,0.652901,-0.246896,-0.575516,-0.205675,1.165543
sample,560,drone,13.999546,7.407313,0.436004,1.552940,0.777433,1.812199,0.647634,-0.258852,-0.603385,-0.215635,1.165543
sample,561,drone,14.024545,7.426668,0.481118,1.569063,0.770813,1.796769,0.642120,-0.270646,-0.630877,-0.225459,1.165543
sample,562,drone,14.049545,7.445853,0.525839,1.585045,0.763901,1.780657,0.636361,-0.282270,-0.657973,-0.235143,1.165543
sample,563,drone,14.074544,7.464861,0.570148,1.600880,0.756700,1.763872,0.630363,-0.293716,-0.684654,-0.244678,1.165543
sample,564,drone,14.099543,7.483686,0.614030,1.616562,0.749216,1.746425,0.624128,-0.304976,-0.710901,-0.254058,1.165543
sample,565,drone,14.124542,7.502321,0.657467,1.632085,0.741452,1.728328,0.617660,-0.316042,-0.736696,-0.263276,1.165543
sample,566,drone,14.149541,7.520758,0.700443,1.647444,0.733414,1.709591,0.610964,-0.326906,-0.762019,-0.272326,1.165543
sample,567,drone,14.174541,7.538990,0.742944,1.662633,0.725107,1.690228,0.604044,-0.337559,-0.786852,-0.281201,1.165543
sample,568,drone,14.199540,7.557012,0.784952,1.677645,0.716537,1.670250,0.596905,-0.347994,-0.811175,-0.289893,1.165543
sample,569,drone,14.224539,7.574816,0.826453,1.692477,0.707708,1.649670,0.589550,-0.358202,-0.834971,-0.298397,1.165543
sample,570,drone,14.249538,7.592396,0.867433,1.707122,0.698627,1.628503,0.581985,-0.368176,-0.858219,-0.306706,1.165543
sample,571,drone,14.274537,7.609746,0.907876,1.721575,0.689300,1.606761,0.574215,-0.377906,-0.880901,-0.314812,1.165543
sample,572,drone,14.299537,7.626860,0.947768,1.735832,0.679733,1.584459,0.566245,-0.387386,-0.902999,-0.322709,1.165543
sample,573,drone,14.324536,7.643732,0.987096,1.749886,0.669931,1.561612,0.558081,-0.396607,-0.924493,-0.330390,1.165543
sample,574,drone,14.349535,7.660356,1.025846,1.763735,0.659903,1.538236,0.549726,-0.405561,-0.945365,-0.337849,1.165543
sample,575,drone,14.374534,7.676726,1.064006,1.777372,0.649654,1.514346,0.541189,-0.414240,-0.965595,-0.345079,1.165543
sample,576,drone,14.399533,7.692837,1.101561,1.790793,0.639191,1.489958,0.532473,-0.422635,-0.985165,-0.352073,1.165543
sample,577,drone,14.424532,7.708685,1.138501,1.803995,0.628523,1.465089,0.523586,-0.430740,-1.004056,-0.358824,1.165543
sample,578,drone,14.449532,7.724262,1.174813,1.816972,0.617655,1.439757,0.514532,-0.438544,-1.022248,-0.365326,1.165543
sample,579,drone,14.474531,7.739566,1.210487,1.829720,0.606596,1.413978,0.505320,-0.446041,-1.039724,-0.371571,1.165543
sample,580,drone,14.499530,7.754591,1.245510,1.842237,0.595354,1.387772,0.495954,-0.453223,-1.056465,-0.377554,1.165543
sample,581,drone,14.524529,7.769333,1.279873,1.854517,0.583936,1.361157,0.486443,-0.460081,-1.072450,-0.383266,1.165543
sample,582,drone,14.549528,7.783787,1.313566,1.866558,0.572351,1.334151,0.476792,-0.466607,-1.087662,-0.388703,1.165543
sample,583,drone,14.574528,7.797950,1.346578,1.878356,0.560606,1.306775,0.467008,-0.472793,-1.102082,-0.393856,1.165543
sample,584,drone,14.599527,7.811817,1.378902,1.889908,0.548712,1.279049,0.457100,-0.478631,-1.115691,-0.398719,1.165543
sample,585,drone,14.624526,7.825384,1.410529,1.901210,0.536676,1.250993,0.447073,-0.484113,-1.128469,-0.403286,1.165543
sample,586,drone,14.649525,7.838649,1.441450,1.912261,0.524507,1.222627,0.436936,-0.489231,-1.140399,-0.407549,1.165543
sample,587,drone,14.674524,7.851609,1.471658,1.923057,0.512215,1.193975,0.426696,-0.493976,-1.151460,-0.411503,1.165543
sample,588,drone,14.699524,7.864259,1.501147,1.933595,0.499809,1.165056,0.416361,-0.498341,-1.161635,-0.415139,1.165543
sample,589,drone,14.724523,7.876598,1.529909,1.943874,0.487299,1.135895,0.405940,-0.502318,-1.170904,-0.418451,1.165543
sample,590,drone,14.749522,7.888623,1.557940,1.953891,0.474694,1.106513,0.395440,-0.505897,-1.179249,-0.421434,1.165543
sample,591,drone,14.774521,7.900332,1.585233,1.963645,0.462004,1.076934,0.384869,-0.509073,-1.186650,-0.424079,1.165543
sample,592,drone,14.799520,7.911723,1.611785,1.973134,0.449241,1.047182,0.374236,-0.511835,-1.193090,-0.426380,1.165543
sample,593,drone,14.824520,7.922794,1.637590,1.982356,0.436414,1.017282,0.363551,-0.514177,-1.198548,-0.428330,1.165543
sample,594,drone,14.849519,7.933543,1.662647,1.991311,0.423533,0.987257,0.352821,-0.516089,-1.203006,-0.429924,1.165543
sample,595,drone,14.874518,7.943970,1.686952,1.999997,0.410610,0.957133,0.342055,-0.517565,-1.206445,-0.431153,1.165543
sample,596,drone,14.899517,7.954073,1.710502,2.008413,0.397656,0.926937,0.331264,-0.518595,-1.208847,-0.432011,1.165543
sample,597,drone,14.924516,7.963852,1.733297,2.016560,0.384681,0.896693,0.320455,-0.519172,-1.210192,-0.432492,1.165543
sample,598,drone,14.949515,7.973306,1.755335,2.024436,0.371698,0.866429,0.309640,-0.519288,-1.210461,-0.432588,1.165543
sample,599,drone,14.974515,7.982436,1.776617,2.032041,0.358717,0.836172,0.298827,-0.518934,-1.209637,-0.432293,1.165543
sample,600,drone,14.999514,7.991241,1.797142,2.039376,0.345752,0.805949,0.288026,-0.518102,-1.207699,-0.431601,1.165543
sample,601,drone,15.024513,7.999723,1.816913,2.046442,0.332813,0.775789,0.277247,-0.516785,-1.204628,-0.430504,1.165543
sample,602,drone,15.049512,8.007882,1.835931,2.053238,0.319914,0.745720,0.266501,-0.514974,-1.200407,-0.428995,1.165543
sample,603,drone,15.074511,8.015718,1.854198,2.059767,0.307065,0.715770,0.255798,-0.512662,-1.195016,-0.427068,1.165543
sample,604,drone,15.099511,8.023234,1.871718,2.066028,0.294281,0.685971,0.245149,-0.509839,-1.188437,-0.424717,1.165543
sample,605,drone,15.124510,8.030432,1.888495,2.072024,0.281574,0.656351,0.234563,-0.506498,-1.180650,-0.421934,1.165543
sample,606,drone,15.149509,8.037313,1.904535,2.077756,0.268957,0.626940,0.224052,-0.502632,-1.171636,-0.418713,1.165543
sample,607,drone,15.174508,8.043879,1.919841,2.083226,0.256443,0.597771,0.213628,-0.498230,-1.161377,-0.415047,1.165543
sample,608,drone,15.199507,8.050134,1.934422,2.088437,0.244046,0.568873,0.203301,-0.493287,-1.149854,-0.410929,1.165543
sample,609,drone,15.224507,8.056081,1.948284,2.093391,0.231780,0.540280,0.193082,-0.487793,-1.137048,-0.406352,1.165543
sample,610,drone,15.249506,8.061723,1.961435,2.098090,0.219658,0.512023,0.182984,-0.481741,-1.122940,-0.401310,1.165543
sample,611,drone,15.274505,8.067064,1.973884,2.102539,0.207694,0.484135,0.173017,-0.475122,-1.107511,-0.395796,1.165543
sample,612,drone,15.299504,8.072107,1.985641,2.106741,0.195902,0.456649,0.163195,-0.467928,-1.090742,-0.389803,1.165543
sample,613,drone,15.324503,8.076858,1.996716,2.110699,0.184298,0.429599,0.153528,-0.460151,-1.072615,-0.383325,1.165543
sample,614,drone,15.349503,8.081322,2.007120,2.114417,0.172895,0.403020,0.144029,-0.451784,-1.053110,-0.376355,1.165543
sample,615,drone,15.374502,8.085503,2.016866,2.117900,0.161710,0.376946,0.134711,-0.442817,-1.032209,-0.368885,1.165543
sample,616,drone,15.399501,8.089407,2.025967,2.121152,0.150755,0.351411,0.125585,-0.433244,-1.009893,-0.360910,1.165543
sample,617,drone,15.424500,8.093041,2.034436,2.124179,0.140048,0.326453,0.116666,-0.423055,-0.986142,-0.352422,1.165543
sample,618,drone,15.449499,8.096409,2.042289,2.126986,0.129603,0.302106,0.107965,-0.412243,-0.960939,-0.343415,1.165543
sample,619,drone,15.474498,8.099520,2.049541,2.129577,0.119437,0.278407,0.099496,-0.400799,-0.934264,-0.333882,1.165543
sample,620,drone,15.499498,8.102381,2.056209,2.131960,0.109564,0.255394,0.091271,-0.388716,-0.906098,-0.323817,1.165543
sample,621,drone,15.524497,8.104998,2.062310,2.134141,0.100001,0.233104,0.083305,-0.375985,-0.876423,-0.313211,1.165543
sample,622,drone,15.549496,8.107381,2.067864,2.136125,0.090765,0.211574,0.075611,-0.362599,-0.845220,-0.302060,1.165543
sample,623,drone,15.574495,8.109537,2.072889,2.137921,0.081872,0.190844,0.068203,-0.348549,-0.812469,-0.290356,1.165543
sample,624,drone,15.599494,8.111474,2.077406,2.139535,0.073338,0.170952,0.061094,-0.333827,-0.778151,-0.278092,1.165543
sample,625,drone,15.624494,8.113203,2.081436,2.140976,0.065181,0.151938,0.054299,-0.318425,-0.742249,-0.265261,1.165543
sample,626,drone,15.649493,8.114733,2.085002,2.142250,0.057418,0.133841,0.047831,-0.302335,-0.704743,-0.251857,1.165543
sample,627,drone,15.674492,8.116074,2.088128,2.143367,0.050065,0.116702,0.041706,-0.285548,-0.665614,-0.237874,1.165543
sample,628,drone,15.699491,8.117236,2.090837,2.144335,0.043141,0.100561,0.035938,-0.268058,-0.624843,-0.223303,1.165543
sample,629,drone,15.724490,8.118231,2.093156,2.145164,0.036663,0.085461,0.030541,-0.249855,-0.582412,-0.208139,1.165543
sample,630,drone,15.749490,8.119070,2.095110,2.145862,0.030648,0.071442,0.025531,-0.230931,-0.538302,-0.192375,1.165543
sample,631,drone,15.774489,8.119764,2.096728,2.146441,0.025116,0.058546,0.020923,-0.211279,-0.492493,-0.176004,1.165543
sample,632,drone,15.799488,8.120325,2.098037,2.146909,0.020085,0.046818,0.016731,-0.190891,-0.444967,-0.159020,1.165543
sample,633,drone,15.824487,8.120768,2.099069,2.147277,0.015572,0.036299,0.012972,-0.169757,-0.395705,-0.141415,1.165543
sample,634,drone,15.849486,8.121104,2.099852,2.147557,0.011597,0.027033,0.009661,-0.147871,-0.344688,-0.123183,1.165543
sample,635,drone,15.874485,8.121348,2.100420,2.147760,0.008179,0.019065,0.006813,-0.125224,-0.291897,-0.104317,1.165543
sample,636,drone,15.899485,8.121513,2.100806,2.147898,0.005336,0.012439,0.004445,-0.101807,-0.237313,-0.084810,1.165543
sample,637,drone,15.924484,8.121614,2.101042,2.147982,0.003089,0.007200,0.002573,-0.077614,-0.180919,-0.064656,1.165543
sample,638,drone,15.949483,8.121667,2.101166,2.148026,0.001456,0.003393,0.001213,-0.052635,-0.122693,-0.043847,1.165543
sample,639,drone,15.974482,8.121687,2.101212,2.148043,0.000457,0.001065,0.000381,-0.005282,-0.073687,-0.030346,1.165542
sample,640,drone,15.999481,8.121690,2.101219,2.148046,0.001192,-0.000291,-0.000305,0.173818,-0.090699,-0.064826,-0.239614
sample,641,drone,16.024481,8.121747,2.101197,2.148028,0.009148,-0.003470,-0.002861,0.563939,-0.217113,-0.177708,-0.362526
sample,642,drone,16.049480,8.122147,2.101045,2.147902,0.029388,-0.011146,-0.009190,1.056637,-0.400771,-0.330418,-0.362526
sample,643,drone,16.074479,8.123216,2.100640,2.147568,0.061978,-0.023508,-0.019381,1.527117,-0.579220,-0.477541,-0.362526
sample,644,drone,16.099478,8.125246,2.099870,2.146933,0.105741,-0.040106,-0.033066,1.951247,-0.740088,-0.610170,-0.362526
sample,645,drone,16.124477,8.128503,2.098635,2.145915,0.159537,-0.060511,-0.049888,2.330472,-0.883924,-0.728756,-0.362526
sample,646,drone,16.149477,8.133223,2.096845,2.144439,0.222261,-0.084301,-0.069503,2.666241,-1.011278,-0.833754,-0.362526
sample,647,drone,16.174476,8.139616,2.094420,2.142440,0.292845,-0.111073,-0.091575,2.960002,-1.122698,-0.925615,-0.362526
sample,648,drone,16.199475,8.147865,2.091291,2.139861,0.370256,-0.140434,-0.115782,3.213200,-1.218734,-1.004792,-0.362526
sample,649,drone,16.224474,8.158128,2.087398,2.136651,0.453499,-0.172008,-0.141813,3.427285,-1.299934,-1.071738,-0.362526
sample,650,drone,16.249473,8.170539,2.082691,2.132770,0.541615,-0.205429,-0.169367,3.603703,-1.366847,-1.126905,-0.362526
sample,651,drone,16.274473,8.185208,2.077127,2.128183,0.633679,-0.240348,-0.198156,3.743902,-1.420023,-1.170746,-0.362526
sample,652,drone,16.299472,8.202222,2.070674,2.122863,0.728804,-0.276428,-0.227902,3.849329,-1.460011,-1.203714,-0.362526
sample,653,drone,16.324471,8.221647,2.063306,2.116788,0.826139,-0.313346,-0.258340,3.921432,-1.487359,-1.226262,-0.362526
sample,654,drone,16.349470,8.243527,2.055007,2.109946,0.924869,-0.350793,-0.289214,3.961659,-1.502617,-1.238841,-0.362526
sample,655,drone,16.374469,8.267889,2.045767,2.102328,1.024216,-0.388474,-0.320280,3.971457,-1.506333,-1.241905,-0.362526
sample,656,drone,16.399468,8.294736,2.035584,2.093933,1.123436,-0.426108,-0.351307,3.952273,-1.499057,-1.235906,-0.362526
sample,657,drone,16.424468,8.324059,2.024462,2.084763,1.221823,-0.463425,-0.382073,3.905556,-1.481337,-1.221297,-0.362526
sample,658,drone,16.449467,8.355826,2.012414,2.074830,1.318707,-0.500172,-0.412370,3.832751,-1.453723,-1.198530,-0.362526
sample,659,drone,16.474466,8.389992,1.999455,2.064146,1.413454,-0.536109,-0.441998,3.735308,-1.416764,-1.168059,-0.362526
sample,660,drone,16.499465,8.426496,1.985609,2.052730,1.505466,-0.571008,-0.470771,3.614673,-1.371008,-1.130336,-0.362526
sample,661,drone,16.524464,8.465263,1.970905,2.040608,1.594182,-0.604657,-0.498513,3.472294,-1.317005,-1.085813,-0.362526
sample,662,drone,16.549464,8.506203,1.955377,2.027806,1.679075,-0.636856,-0.525060,3.309618,-1.255304,-1.034943,-0.362526
sample,663,drone,16.574463,8.549214,1.939063,2.014356,1.759657,-0.667420,-0.550258,3.128094,-1.186454,-0.978178,-0.362526
sample,664,drone,16.599462,8.594183,1.922007,2.000294,1.835475,-0.696177,-0.573967,2.929167,-1.111003,-0.915973,-0.362526
sample,665,drone,16.624461,8.640985,1.904256,1.985658,1.906111,-0.722968,-0.596055,2.714287,-1.029501,-0.848778,-0.362526
sample,666,drone,16.649460,8.689485,1.885860,1.970492,1.971185,-0.747650,-0.616404,2.484900,-0.942497,-0.777047,-0.362526
sample,667,drone,16.674460,8.739541,1.866874,1.954839,2.030352,-0.770092,-0.634906,2.242454,-0.850539,-0.701232,-0.362526
sample,668,drone,16.699459,8.790999,1.847357,1.938747,2.083304,-0.790176,-0.651465,1.988396,-0.754178,-0.621786,-0.362526
sample,669,drone,16.724458,8.843702,1.827367,1.922267,2.129769,-0.807799,-0.665995,1.724174,-0.653961,-0.539162,-0.362526
sample,670,drone,16.749457,8.897484,1.806968,1.905449,2.169510,-0.822873,-0.678422,1.451235,-0.550439,-0.453812,-0.362526
sample,671,drone,16.774456,8.952174,1.786225,1.888347,2.202328,-0.835320,-0.688685,1.171028,-0.444159,-0.366189,-0.362526
sample,672,drone,16.799456,9.007597,1.765203,1.871016,2.228059,-0.845080,-0.696731,0.884998,-0.335671,-0.276746,-0.362526
sample,673,drone,16.824455,9.063574,1.743972,1.853511,2.246576,-0.852103,-0.702521,0.594595,-0.225524,-0.185934,-0.362526
sample,674,drone,16.849454,9.119922,1.722600,1.835891,2.257788,-0.856356,-0.706027,0.301265,-0.114267,-0.094208,-0.362526
sample,675,drone,16.874453,9.176460,1.701156,1.818211,2.261639,-0.857816,-0.707232,0.006455,-0.002448,-0.002019,-0.362526
sample,676,drone,16.899452,9.233001,1.679710,1.800530,2.258111,-0.856478,-0.706128,-0.288386,0.109382,0.090180,-0.362526
sample,677,drone,16.924451,9.289361,1.658333,1.782906,2.247220,-0.852348,-0.702723,-0.581811,0.220675,0.181937,-0.362526
sample,678,drone,16.949451,9.345358,1.637094,1.765395,2.229021,-0.845445,-0.697032,-0.872373,0.330882,0.272797,-0.362526
sample,679,drone,16.974450,9.400809,1.616062,1.748055,2.203603,-0.835804,-0.689083,-1.158624,0.439454,0.362310,-0.362526
sample,680,drone,16.999449,9.455535,1.595305,1.730942,2.171092,-0.823473,-0.678917,-1.439116,0.545842,0.450023,-0.362526
sample,681,drone,17.024448,9.509360,1.574890,1.714111,2.131650,-0.808513,-0.666583,-1.712403,0.649497,0.535481,-0.362526
sample,682,drone,17.049447,9.562114,1.554881,1.697614,2.085475,-0.790999,-0.652144,-1.977037,0.749870,0.618234,-0.362526
sample,683,drone,17.074447,9.613630,1.535341,1.681505,2.032801,-0.771020,-0.635672,-2.231570,0.846411,0.697829,-0.362526
sample,684,drone,17.099446,9.663750,1.516331,1.665832,1.973900,-0.748680,-0.617253,-2.474554,0.938573,0.773812,-0.362526
sample,685,drone,17.124445,9.712322,1.497908,1.650643,1.909077,-0.724093,-0.596983,-2.704543,1.025805,0.845731,-0.362526
sample,686,drone,17.149444,9.759201,1.480128,1.635983,1.838677,-0.697391,-0.574968,-2.920088,1.107559,0.913134,-0.362526
sample,687,drone,17.174443,9.804253,1.463040,1.621895,1.763078,-0.668717,-0.551328,-3.119743,1.183286,0.975567,-0.362526
sample,688,drone,17.199443,9.847352,1.446693,1.608418,1.682695,-0.638229,-0.526191,-3.302059,1.252437,1.032579,-0.362526
sample,689,drone,17.224442,9.888385,1.431130,1.595587,1.597980,-0.606097,-0.499700,-3.465590,1.314463,1.083716,-0.362526
sample,690,drone,17.249441,9.927249,1.416389,1.583434,1.509421,-0.572508,-0.472007,-3.608888,1.368814,1.128526,-0.362526
sample,691,drone,17.274440,9.963854,1.402505,1.571987,1.417542,-0.537659,-0.443276,-3.730504,1.414942,1.166557,-0.362526
sample,692,drone,17.299439,9.998123,1.389507,1.561271,1.322902,-0.501763,-0.413681,-3.828993,1.452297,1.197355,-0.362526
sample,693,drone,17.324438,10.029997,1.377418,1.551304,1.226098,-0.465046,-0.383410,-3.902905,1.480332,1.220468,-0.362526
sample,694,drone,17.349438,10.059426,1.366255,1.542101,1.127763,-0.427749,-0.352660,-3.950795,1.498496,1.235443,-0.362526
sample,695,drone,17.374437,10.086383,1.356031,1.533671,1.028565,-0.390124,-0.321640,-3.971214,1.506240,1.241828,-0.362526
sample,696,drone,17.399436,10.110853,1.346750,1.526019,0.929209,-0.352439,-0.290571,-3.962714,1.503017,1.239171,-0.362526
sample,697,drone,17.424435,10.132842,1.338410,1.519143,0.830436,-0.314976,-0.259683,-3.923849,1.488275,1.227017,-0.362526
sample,698,drone,17.449434,10.152373,1.331002,1.513036,0.733023,-0.278028,-0.229222,-3.853171,1.461468,1.204916,-0.362526
sample,699,drone,17.474434,10.169492,1.324509,1.507683,0.637783,-0.241905,-0.199440,-3.749231,1.422045,1.172413,-0.362526
sample,700,drone,17.499433,10.184261,1.318907,1.503064,0.545567,-0.206928,-0.170603,-3.610584,1.369457,1.129057,-0.362526
sample,701,drone,17.524432,10.196769,1.314163,1.499153,0.457260,-0.173434,-0.142989,-3.435781,1.303156,1.074395,-0.362526
sample,702,drone,17.549431,10.207124,1.310235,1.495915,0.373784,-0.141772,-0.116885,-3.223375,1.222593,1.007974,-0.362526
sample,703,drone,17.574430,10.215458,1.307074,1.493309,0.296096,-0.112306,-0.092592,-2.971918,1.127218,0.929341,-0.362526
sample,704,drone,17.599430,10.221928,1.304620,1.491285,0.225192,-0.085413,-0.070419,-2.679963,1.016482,0.838045,-0.362526
sample,705,drone,17.624429,10.226717,1.302804,1.489788,0.162103,-0.061484,-0.050691,-2.346063,0.889837,0.733631,-0.362526
sample,706,drone,17.649428,10.230033,1.301546,1.488751,0.107893,-0.040923,-0.033739,-1.968769,0.746734,0.615649,-0.362526
sample,707,drone,17.674427,10.232111,1.300758,1.488101,0.063667,-0.024148,-0.019909,-1.546634,0.586622,0.483644,-0.362526
sample,708,drone,17.699426,10.233216,1.300339,1.487755,0.030564,-0.011593,-0.009558,-1.078212,0.408955,0.337165,-0.362526
sample,709,drone,17.724426,10.233640,1.300178,1.487623,0.009758,-0.003701,-0.003052,-0.583759,0.220058,0.185045,-0.362526
sample,710,drone,17.749425,10.233704,1.300154,1.487603,0.001377,-0.000590,-0.000306,-0.180851,0.057464,0.077065,-0.404857
sample,711,drone,17.774424,10.233708,1.300149,1.487608,0.000716,-0.000828,0.000802,0.019162,-0.042202,0.058384,-0.857777
sample,712,drone,17.799423,10.233740,1.300112,1.487643,0.002335,-0.002700,0.002613,0.085761,-0.099171,0.095989,-0.857785
sample,713,drone,17.824422,10.233825,1.300014,1.487738,0.005004,-0.005787,0.005601,0.126949,-0.146800,0.142089,-0.857785
sample,714,drone,17.849421,10.233990,1.299823,1.487923,0.008682,-0.010040,0.009718,0.166502,-0.192537,0.186358,-0.857785
sample,715,drone,17.874421,10.234259,1.299512,1.488224,0.013329,-0.015413,0.014918,0.204439,-0.236406,0.228819,-0.857785
sample,716,drone,17.899420,10.234657,1.299052,1.488669,0.018904,-0.021860,0.021158,0.240782,-0.278431,0.269497,-0.857785
sample,717,drone,17.924419,10.235204,1.298419,1.489282,0.025368,-0.029334,0.028393,0.275552,-0.318639,0.308413,-0.857785
sample,718,drone,17.949418,10.235925,1.297586,1.490088,0.032681,-0.037791,0.036578,0.308771,-0.357052,0.345594,-0.857785
sample,719,drone,17.974417,10.236838,1.296529,1.491111,0.040806,-0.047186,0.045672,0.340460,-0.393696,0.381062,-0.857785
sample,720,drone,17.999417,10.237965,1.295226,1.492372,0.049703,-0.057475,0.055631,0.370639,-0.428595,0.414841,-0.857785
sample,721,drone,18.024416,10.239324,1.293656,1.493892,0.059337,-0.068615,0.066413,0.399332,-0.461773,0.446955,-0.857785
sample,722,drone,18.049415,10.240932,1.291796,1.495692,0.069669,-0.080563,0.077978,0.426557,-0.493256,0.477427,-0.857785
sample,723,drone,18.074414,10.242807,1.289627,1.497791,0.080664,-0.093277,0.090284,0.452338,-0.523068,0.506282,-0.857785
sample,724,drone,18.099413,10.244965,1.287132,1.500207,0.092286,-0.106716,0.103291,0.476694,-0.551233,0.533544,-0.857785
sample,725,drone,18.124413,10.247421,1.284292,1.502956,0.104498,-0.120838,0.116960,0.499648,-0.577776,0.559235,-0.857785
sample,726,drone,18.149412,10.250190,1.281090,1.506054,0.117267,-0.135604,0.131252,0.521221,-0.602722,0.583380,-0.857785
sample,727,drone,18.174411,10.253284,1.277512,1.509518,0.130558,-0.150973,0.146128,0.541433,-0.626094,0.606003,-0.857785
sample,728,drone,18.199410,10.256717,1.273542,1.513361,0.144338,-0.166907,0.161551,0.560306,-0.647919,0.627127,-0.857785
sample,729,drone,18.224409,10.260501,1.269167,1.517595,0.158573,-0.183368,0.177484,0.577862,-0.668219,0.646776,-0.857785
sample,730,drone,18.249409,10.264646,1.264374,1.522234,0.173230,-0.200317,0.193889,0.594121,-0.687020,0.664974,-0.857785
sample,731,drone,18.274408,10.269162,1.259151,1.527289,0.188278,-0.217718,0.210731,0.609104,-0.704347,0.681744,-0.857785
sample,732,drone,18.299407,10.274059,1.253488,1.532771,0.203684,-0.235533,0.227975,0.622834,-0.720224,0.697112,-0.857785
sample,733,drone,18.324406,10.279346,1.247375,1.538688,0.219418,-0.253728,0.245586,0.635331,-0.734675,0.711099,-0.857785
sample,734,drone,18.349405,10.285030,1.240802,1.545050,0.235450,-0.272266,0.263529,0.646617,-0.747725,0.723730,-0.857785
sample,735,drone,18.374404,10.291118,1.233762,1.551864,0.251748,-0.291113,0.281771,0.656712,-0.759399,0.735030,-0.857785
sample,736,drone,18.399404,10.297617,1.226247,1.559138,0.268284,-0.310235,0.300279,0.665638,-0.769721,0.745020,-0.857785
sample,737,drone,18.424403,10.304532,1.218251,1.566877,0.285029,-0.329598,0.319021,0.673417,-0.778716,0.753726,-0.857785
sample,738,drone,18.449402,10.311868,1.209768,1.575088,0.301954,-0.349169,0.337964,0.680069,-0.786408,0.761172,-0.857785
sample,739,drone,18.474401,10.319629,1.200793,1.583775,0.319031,-0.368917,0.357078,0.685615,-0.792822,0.767380,-0.857785
sample,740,drone,18.499400,10.327819,1.191323,1.592941,0.336234,-0.388809,0.376332,0.690078,-0.797982,0.772375,-0.857785
sample,741,drone,18.524400,10.336440,1.181353,1.602591,0.353534,-0.408815,0.395696,0.693478,-0.801914,0.776180,-0.857785
sample,742,drone,18.549399,10.345495,1.170882,1.612726,0.370906,-0.428903,0.415140,0.695836,-0.804641,0.778820,-0.857785
sample,743,drone,18.574398,10.354985,1.159909,1.623347,0.388325,-0.449045,0.434635,0.697174,-0.806188,0.780317,-0.857785
sample,744,drone,18.599397,10.364911,1.148431,1.634457,0.405764,-0.469212,0.454154,0.697513,-0.806580,0.780697,-0.857785
sample,745,drone,18.624396,10.375272,1.136449,1.646054,0.423199,-0.489373,0.473669,0.696874,-0.805841,0.779982,-0.857785
sample,746,drone,18.649396,10.386070,1.123963,1.658139,0.440607,-0.509502,0.493152,0.695279,-0.803996,0.778196,-0.857785
sample,747,drone,18.674395,10.397302,1.110975,1.670711,0.457962,-0.529572,0.512577,0.692748,-0.801070,0.775363,-0.857785
sample,748,drone,18.699394,10.408967,1.097485,1.683767,0.475243,-0.549554,0.531919,0.689303,-0.797086,0.771508,-0.857785
sample,749,drone,18.724393,10.421063,1.083498,1.697306,0.492426,-0.569425,0.551152,0.684966,-0.792071,0.766653,-0.857785
sample,750,drone,18.749392,10.433588,1.069015,1.711324,0.509490,-0.589157,0.570250,0.679756,-0.786047,0.760822,-0.857785
sample,751,drone,18.774392,10.446537,1.054041,1.725818,0.526413,-0.608726,0.589192,0.673697,-0.779040,0.754040,-0.857785
sample,752,drone,18.799391,10.459908,1.038580,1.740783,0.543174,-0.628107,0.607951,0.666808,-0.771074,0.746330,-0.857785
sample,753,drone,18.824390,10.473695,1.022637,1.756214,0.559752,-0.647278,0.626507,0.659112,-0.762174,0.737716,-0.857785
sample,754,drone,18.849389,10.487894,1.006217,1.772107,0.576128,-0.666215,0.644836,0.650629,-0.752364,0.728221,-0.857785
sample,755,drone,18.874388,10.502500,0.989327,1.788455,0.592283,-0.684895,0.662917,0.641380,-0.741670,0.717869,-0.857785
sample,756,drone,18.899387,10.517508,0.971973,1.805252,0.608196,-0.703297,0.680728,0.631388,-0.730115,0.706685,-0.857785
sample,757,drone,18.924387,10.532909,0.954163,1.822490,0.623851,-0.721400,0.698250,0.620672,-0.717724,0.694692,-0.857785
sample,758,drone,18.949386,10.548699,0.935904,1.840163,0.639229,-0.739182,0.715462,0.609255,-0.704522,0.681913,-0.857785
sample,759,drone,18.974385,10.564870,0.917205,1.858262,0.654313,-0.756625,0.732344,0.597158,-0.690532,0.668373,-0.857785
sample,760,drone,18.999384,10.581414,0.898074,1.876779,0.669086,-0.773708,0.748879,0.584401,-0.675781,0.654095,-0.857785
sample,761,drone,19.024383,10.598323,0.878521,1.895705,0.683532,-0.790413,0.765048,0.571007,-0.660292,0.639103,-0.857785
sample,762,drone,19.049383,10.615589,0.858555,1.915030,0.697635,-0.806721,0.780833,0.556995,-0.644090,0.623421,-0.857785
sample,763,drone,19.074382,10.633204,0.838186,1.934745,0.711381,-0.822616,0.796218,0.542389,-0.627200,0.607073,-0.857785
sample,764,drone,19.099381,10.651157,0.817426,1.954840,0.724754,-0.838080,0.811186,0.527208,-0.609645,0.590082,-0.857785
sample,765,drone,19.124380,10.669440,0.796284,1.975303,0.737740,-0.853097,0.825721,0.511475,-0.591452,0.572472,-0.857785
sample,766,drone,19.149379,10.688043,0.774772,1.996125,0.750327,-0.867652,0.839809,0.495209,-0.572643,0.554267,-0.857785
sample,767,drone,19.174379,10.706955,0.752902,2.017292,0.762500,-0.881729,0.853434,0.478434,-0.553244,0.535490,-0.857785
sample,768,drone,19.199378,10.726167,0.730687,2.038795,0.774248,-0.895313,0.866582,0.461169,-0.533280,0.516167,-0.857785
sample,769,drone,19.224377,10.745666,0.708138,2.060620,0.785558,-0.908392,0.879241,0.443436,-0.512774,0.496319,-0.857785
sample,770,drone,19.249376,10.765443,0.685269,2.082756,0.796419,-0.920951,0.891397,0.425257,-0.491752,0.475972,-0.857785
sample,771,drone,19.274375,10.785486,0.662092,2.105189,0.806820,-0.932979,0.903039,0.406652,-0.470238,0.455148,-0.857785
sample,772,drone,19.299374,10.805783,0.638622,2.127906,0.816751,-0.944462,0.914154,0.387643,-0.448256,0.433872,-0.857785
sample,773,drone,19.324374,10.826322,0.614871,2.150895,0.826201,-0.955391,0.924732,0.368251,-0.425832,0.412167,-0.857785
sample,774,drone,19.349373,10.847092,0.590854,2.174141,0.835163,-0.965753,0.934762,0.348497,-0.402990,0.390058,-0.857785
sample,775,drone,19.374372,10.868079,0.566585,2.197631,0.843626,-0.975539,0.944234,0.328403,-0.379753,0.367567,-0.857785
sample,776,drone,19.399371,10.889272,0.542078,2.221351,0.851582,-0.984740,0.953140,0.307989,-0.356148,0.344719,-0.857785
sample,777,drone,19.424370,10.910657,0.517349,2.245287,0.859025,-0.993346,0.961469,0.287278,-0.332198,0.321538,-0.857785
sample,778,drone,19.449370,10.932221,0.492412,2.269423,0.865946,-1.001350,0.969216,0.266289,-0.307928,0.298046,-0.857785
sample,779,drone,19.474369,10.953953,0.467283,2.293746,0.872339,-1.008742,0.976371,0.245046,-0.283363,0.274269,-0.857785
sample,780,drone,19.499368,10.975837,0.441977,2.318240,0.878197,-1.015517,0.982929,0.223568,-0.258526,0.250230,-0.857785
sample,781,drone,19.524367,10.997861,0.416509,2.342891,0.883517,-1.021668,0.988882,0.201877,-0.233444,0.225952,-0.857785
sample,782,drone,19.549366,11.020011,0.390895,2.367683,0.888291,-1.027189,0.994226,0.179995,-0.208139,0.201460,-0.857785
sample,783,drone,19.574366,11.042274,0.365151,2.392601,0.892516,-1.032075,0.998955,0.157941,-0.182638,0.176777,-0.857785
sample,784,drone,19.599365,11.064636,0.339293,2.417629,0.896188,-1.036321,1.003065,0.135739,-0.156964,0.151927,-0.857785
sample,785,drone,19.624364,11.087082,0.313337,2.442752,0.899303,-1.039923,1.006551,0.113409,-0.131142,0.126933,-0.857785
sample,786,drone,19.649363,11.109599,0.287299,2.467955,0.901858,-1.042877,1.009411,0.090971,-0.105196,0.101821,-0.857785
sample,787,drone,19.674362,11.132173,0.261195,2.493221,0.903851,-1.045182,1.011642,0.068449,-0.079152,0.076612,-0.857785
sample,788,drone,19.699362,11.154790,0.235041,2.518535,0.905280,-1.046835,1.013242,0.045862,-0.053033,0.051331,-0.857785
sample,789,drone,19.724361,11.177436,0.208855,2.543882,0.906144,-1.047834,1.014209,0.023232,-0.026865,0.026002,-0.857785
sample,790,drone,19.749360,11.200096,0.182651,2.569244,0.906442,-1.048178,1.014542,0.000580,-0.000671,0.000649,-0.857785
sample,791,drone,19.774359,11.222757,0.156447,2.594607,0.906173,-1.047867,1.014241,-0.022072,0.025524,-0.024705,-0.857785
sample,792,drone,19.799358,11.245403,0.130260,2.619955,0.905338,-1.046902,1.013307,-0.044704,0.051694,-0.050035,-0.857785
sample,793,drone,19.824357,11.268022,0.104104,2.645271,0.903938,-1.045283,1.011739,-0.067294,0.077816,-0.075319,-0.857785
sample,794,drone,19.849357,11.290599,0.077997,2.670540,0.901974,-1.043011,1.009541,-0.089820,0.103865,-0.100532,-0.857785
sample,795,drone,19.874356,11.313119,0.051955,2.695746,0.899447,-1.040090,1.006713,-0.112262,0.129816,-0.125650,-0.857785
sample,796,drone,19.899355,11.335570,0.025994,2.720874,0.896361,-1.036521,1.003258,-0.134598,0.155645,-0.150650,-0.857785
sample,797,drone,19.924354,11.357936,0.000131,2.745907,0.892718,-1.032308,0.999181,-0.156808,0.181327,-0.175508,-0.857785
sample,798,drone,19.949353,11.380204,-0.025619,2.770831,0.888521,-1.027455,0.994483,-0.178869,0.206838,-0.200201,-0.857785
sample,799,drone,19.974353,11.402361,-0.051240,2.795630,0.883774,-1.021966,0.989171,-0.200761,0.232153,-0.224703,-0.857785
sample,800,drone,19.999352,11.424391,-0.076716,2.820288,0.878483,-1.015847,0.983248,-0.222462,0.257248,-0.248992,-0.857785
sample,801,drone,20.024351,11.446283,-0.102031,2.844791,0.872652,-1.009104,0.976722,-0.243951,0.282097,-0.273044,-0.857785
sample,802,drone,20.049350,11.468023,-0.127170,2.869123,0.866286,-1.001743,0.969597,-0.265208,0.306677,-0.296836,-0.857785
sample,803,drone,20.074349,11.489596,-0.152116,2.893269,0.859392,-0.993771,0.961880,-0.286209,0.330963,-0.320342,-0.857785
sample,804,drone,20.099349,11.510991,-0.176856,2.917215,0.851976,-0.985195,0.953580,-0.306936,0.354930,-0.343540,-0.857785
sample,805,drone,20.124348,11.532194,-0.201375,2.940947,0.844045,-0.976025,0.944704,-0.327365,0.378553,-0.366405,-0.857785
sample,806,drone,20.149347,11.553192,-0.225656,2.964449,0.835608,-0.966268,0.935260,-0.347476,0.401809,-0.388915,-0.857785
sample,807,drone,20.174346,11.573973,-0.249686,2.987708,0.826672,-0.955935,0.925259,-0.367248,0.424672,-0.411044,-0.857785
sample,808,drone,20.199345,11.594524,-0.273451,3.010710,0.817246,-0.945035,0.914709,-0.386659,0.447119,-0.432770,-0.857785
sample,809,drone,20.224345,11.614834,-0.296937,3.033442,0.807340,-0.933580,0.903621,-0.405688,0.469123,-0.454069,-0.857785
sample,810,drone,20.249344,11.634890,-0.320129,3.055890,0.796963,-0.921580,0.892006,-0.424314,0.490662,-0.474917,-0.857785
sample,811,drone,20.274343,11.654680,-0.343014,3.078041,0.786125,-0.909048,0.879876,-0.442516,0.511710,-0.495289,-0.857785
sample,812,drone,20.299342,11.674195,-0.365580,3.099882,0.774838,-0.895995,0.867243,-0.460272,0.532243,-0.515163,-0.857785
sample,813,drone,20.324341,11.693421,-0.387813,3.121402,0.763112,-0.882436,0.854119,-0.477561,0.552235,-0.534514,-0.857785
sample,814,drone,20.349340,11.712349,-0.409700,3.142587,0.750960,-0.868384,0.840518,-0.494363,0.571664,-0.553319,-0.857785
sample,815,drone,20.374340,11.730968,-0.431230,3.163426,0.738395,-0.853854,0.826454,-0.510654,0.590503,-0.571554,-0.857785
sample,816,drone,20.399339,11.749268,-0.452391,3.183908,0.725428,-0.838860,0.811941,-0.526416,0.608729,-0.589195,-0.857785
sample,817,drone,20.424338,11.767238,-0.473172,3.204022,0.712075,-0.823419,0.796995,-0.541625,0.626317,-0.606218,-0.857785
sample,818,drone,20.449337,11.784870,-0.493561,3.223757,0.698348,-0.807545,0.781631,-0.556262,0.643242,-0.622600,-0.857785
sample,819,drone,20.474336,11.802154,-0.513548,3.243102,0.684263,-0.791258,0.765866,-0.570304,0.659480,-0.638317,-0.857785
sample,820,drone,20.499336,11.819082,-0.533123,3.262049,0.669834,-0.774573,0.749716,-0.583730,0.675006,-0.653345,-0.857785
sample,821,drone,20.524335,11.835645,-0.552275,3.280587,0.655077,-0.757508,0.733200,-0.596520,0.689795,-0.667660,-0.857785
sample,822,drone,20.549334,11.851835,-0.570997,3.298707,0.640009,-0.740084,0.716334,-0.608652,0.703824,-0.681238,-0.857785
sample,823,drone,20.574333,11.867644,-0.589278,3.316402,0.624645,-0.722318,0.699139,-0.620104,0.717067,-0.694056,-0.857785
sample,824,drone,20.599332,11.883066,-0.607112,3.333663,0.609004,-0.704232,0.681633,-0.630856,0.729500,-0.706090,-0.857785
sample,825,drone,20.624332,11.898094,-0.624489,3.350483,0.593104,-0.685844,0.663836,-0.640886,0.741099,-0.717317,-0.857785
sample,826,drone,20.649331,11.912720,-0.641403,3.366854,0.576961,-0.667178,0.645768,-0.650173,0.751838,-0.727711,-0.857785
sample,827,drone,20.674330,11.926941,-0.657847,3.382770,0.560596,-0.648254,0.627451,-0.658696,0.761694,-0.737251,-0.857785
sample,828,drone,20.699329,11.940749,-0.673814,3.398225,0.544027,-0.629094,0.608907,-0.666434,0.770641,-0.745911,-0.857785
sample,829,drone,20.724328,11.954141,-0.689300,3.413214,0.527275,-0.609723,0.590157,-0.673364,0.778655,-0.753668,-0.857785
sample,830,drone,20.749327,11.967112,-0.704300,3.427732,0.510360,-0.590163,0.571224,-0.679467,0.785712,-0.760498,-0.857785
sample,831,drone,20.774327,11.979658,-0.718808,3.441775,0.493303,-0.570439,0.552133,-0.684720,0.791786,-0.766378,-0.857785
sample,832,drone,20.799326,11.991777,-0.732821,3.455338,0.476125,-0.550575,0.532907,-0.689103,0.796854,-0.771283,-0.857785
sample,833,drone,20.824325,12.003464,-0.746335,3.468419,0.458849,-0.530597,0.513570,-0.692594,0.800891,-0.775191,-0.857785
sample,834,drone,20.849324,12.014718,-0.759350,3.481016,0.441497,-0.510532,0.494149,-0.695172,0.803873,-0.778076,-0.857785
sample,835,drone,20.874323,12.025538,-0.771861,3.493126,0.424092,-0.490405,0.474668,-0.696816,0.805773,-0.779916,-0.857785
sample,836,drone,20.899323,12.035922,-0.783869,3.504748,0.406657,-0.470244,0.455154,-0.697504,0.806569,-0.780686,-0.857785
sample,837,drone,20.924322,12.045870,-0.795373,3.515883,0.389218,-0.450078,0.435635,-0.697216,0.806236,-0.780364,-0.857785
sample,838,drone,20.949321,12.055382,-0.806372,3.526529,0.371798,-0.429934,0.416137,-0.695929,0.804748,-0.778924,-0.857785
sample,839,drone,20.974320,12.064460,-0.816869,3.536689,0.354422,-0.409842,0.396690,-0.693624,0.802082,-0.776343,-0.857785
sample,840,drone,20.999319,12.073103,-0.826864,3.546363,0.337118,-0.389831,0.377321,-0.690278,0.798213,-0.772598,-0.857785
sample,841,drone,21.024319,12.081315,-0.836359,3.555554,0.319910,-0.369932,0.358061,-0.685870,0.793116,-0.767665,-0.857785
sample,842,drone,21.049318,12.089098,-0.845360,3.564266,0.302825,-0.350176,0.338939,-0.680379,0.786767,-0.761519,-0.857785
sample,843,drone,21.074317,12.096456,-0.853868,3.572501,0.285892,-0.330595,0.319986,-0.673784,0.779141,-0.754138,-0.857785
sample,844,drone,21.099316,12.103392,-0.861889,3.580265,0.269137,-0.311221,0.301234,-0.666064,0.770214,-0.745497,-0.857785
sample,845,drone,21.124315,12.109912,-0.869428,3.587562,0.252590,-0.292086,0.282713,-0.657197,0.759960,-0.735573,-0.857785
sample,846,drone,21.149315,12.116021,-0.876493,3.594400,0.236278,-0.273224,0.264456,-0.647162,0.748356,-0.724341,-0.857785
sample,847,drone,21.174314,12.121726,-0.883089,3.600784,0.220232,-0.254669,0.246497,-0.635938,0.735377,-0.711779,-0.857785
sample,848,drone,21.199313,12.127032,-0.889226,3.606724,0.204482,-0.236456,0.228868,-0.623504,0.720998,-0.697861,-0.857785
sample,849,drone,21.224312,12.131949,-0.894911,3.612228,0.189058,-0.218620,0.211605,-0.609838,0.705195,-0.682565,-0.857785
sample,850,drone,21.249311,12.136485,-0.900156,3.617304,0.173991,-0.201198,0.194741,-0.594919,0.687943,-0.665867,-0.857785
sample,851,drone,21.274310,12.140649,-0.904971,3.621964,0.159313,-0.184224,0.178313,-0.578725,0.669218,-0.647743,-0.857785
sample,852,drone,21.299310,12.144450,-0.909367,3.626219,0.145056,-0.167738,0.162355,-0.561237,0.648995,-0.628168,-0.857785
sample,853,drone,21.324309,12.147901,-0.913358,3.630082,0.131252,-0.151776,0.146905,-0.542432,0.627249,-0.607121,-0.857785
sample,854,drone,21.349308,12.151013,-0.916956,3.633564,0.117935,-0.136376,0.132000,-0.522289,0.603956,-0.584575,-0.857785
sample,855,drone,21.374307,12.153798,-0.920176,3.636682,0.105139,-0.121579,0.117677,-0.500786,0.579092,-0.560509,-0.857785
sample,856,drone,21.399306,12.156270,-0.923035,3.639448,0.092897,-0.107423,0.103975,-0.477904,0.552631,-0.534897,-0.857785
sample,857,drone,21.424306,12.158442,-0.925547,3.641880,0.081244,-0.093948,0.090933,-0.453620,0.524550,-0.507717,-0.857785
sample,858,drone,21.449305,12.160332,-0.927732,3.643995,0.070217,-0.081196,0.078590,-0.427912,0.494823,-0.478944,-0.857785
sample,859,drone,21.474304,12.161953,-0.929607,3.645810,0.059849,-0.069208,0.066987,-0.400761,0.463426,-0.448555,-0.857785
sample,860,drone,21.499303,12.163324,-0.931192,3.647344,0.050179,-0.058025,0.056163,-0.372145,0.430335,-0.416526,-0.857785
sample,861,drone,21.524302,12.164462,-0.932508,3.648618,0.041243,-0.047692,0.046161,-0.342042,0.395525,-0.382833,-0.857785
sample,862,drone,21.549302,12.165386,-0.933577,3.649652,0.033078,-0.038250,0.037022,-0.310431,0.358971,-0.347452,-0.857785
sample,863,drone,21.574301,12.166116,-0.934420,3.650469,0.025722,-0.029744,0.028789,-0.277291,0.320649,-0.310359,-0.857785
sample,864,drone,21.599300,12.166672,-0.935064,3.651091,0.019214,-0.022218,0.021505,-0.242600,0.280534,-0.271532,-0.857785
sample,865,drone,21.624299,12.167077,-0.935531,3.651544,0.013592,-0.015718,0.015213,-0.206338,0.238602,-0.230945,-0.857785
sample,866,drone,21.649298,12.167352,-0.935850,3.651852,0.008897,-0.010288,0.009958,-0.168483,0.194828,-0.188576,-0.857785
sample,867,drone,21.674298,12.167521,-0.936046,3.652042,0.005168,-0.005976,0.005785,-0.129015,0.149188,-0.144400,-0.857785
sample,868,drone,21.699297,12.167610,-0.936148,3.652141,0.002447,-0.002829,0.002738,-0.087910,0.101656,-0.098394,-0.857785
sample,869,drone,21.724296,12.167644,-0.936187,3.652179,0.000773,-0.000894,0.000865,-0.041288,0.060104,-0.056896,-0.857784
sample,870,drone,21.749295,12.167649,-0.936193,3.652184,0.000382,0.000176,-0.000106,0.030789,0.066275,-0.053602,0.431653
sample,871,drone,21.774294,12.167663,-0.936178,3.652173,0.002312,0.002420,-0.001815,0.142953,0.154081,-0.116076,0.808123
sample,872,drone,21.799293,12.167764,-0.936072,3.652094,0.007530,0.007880,-0.005910,0.275391,0.288202,-0.216156,0.808124
sample,873,drone,21.824293,12.168039,-0.935784,3.651878,0.016081,0.016829,-0.012622,0.405002,0.423841,-0.317888,0.808124
sample,874,drone,21.849292,12.168568,-0.935231,3.651463,0.027779,0.029071,-0.021804,0.527134,0.551654,-0.413750,0.808124
sample,875,drone,21.874291,12.169428,-0.934331,3.650788,0.042437,0.044411,-0.033309,0.641926,0.671786,-0.503851,0.808124
sample,876,drone,21.899290,12.170690,-0.933010,3.649797,0.059874,0.062659,-0.046996,0.749518,0.784383,-0.588301,0.808124
sample,877,drone,21.924289,12.172422,-0.931198,3.648438,0.079912,0.083629,-0.062723,0.850050,0.889592,-0.667209,0.808124
sample,878,drone,21.949289,12.174686,-0.928829,3.646661,0.102375,0.107138,-0.080355,0.943662,0.987558,-0.740685,0.808124
sample,879,drone,21.974288,12.177540,-0.925841,3.644420,0.127094,0.133005,-0.099756,1.030493,1.078429,-0.808840,0.808124
sample,880,drone,21.999287,12.181040,-0.922179,3.641673,0.153898,0.161057,-0.120796,1.110684,1.162350,-0.871782,0.808124
sample,881,drone,22.024286,12.185235,-0.917789,3.638381,0.182626,0.191121,-0.143344,1.184374,1.239467,-0.929622,0.808124
sample,882,drone,22.049285,12.190171,-0.912623,3.634506,0.213115,0.223029,-0.167275,1.251703,1.309928,-0.982468,0.808124
sample,883,drone,22.074285,12.195891,-0.906638,3.630017,0.245209,0.256615,-0.192466,1.312810,1.373878,-1.030431,0.808124
sample,884,drone,22.099284,12.202431,-0.899793,3.624883,0.278754,0.291720,-0.218795,1.367835,1.431463,-1.073621,0.808124
sample,885,drone,22.124283,12.209828,-0.892052,3.619078,0.313599,0.328186,-0.246145,1.416919,1.482829,-1.112147,0.808124
sample,886,drone,22.149282,12.218111,-0.883384,3.612577,0.349597,0.365859,-0.274401,1.460200,1.528124,-1.146119,0.808124
sample,887,drone,22.174281,12.227307,-0.873760,3.605358,0.386606,0.404590,-0.303449,1.497819,1.567493,-1.175646,0.808124
sample,888,drone,22.199280,12.237440,-0.863155,3.597405,0.424486,0.444231,-0.333181,1.529916,1.601083,-1.200839,0.808124
sample,889,drone,22.224280,12.248531,-0.851549,3.588700,0.463100,0.484641,-0.363489,1.556629,1.629039,-1.221807,0.808124
sample,890,drone,22.249279,12.260595,-0.838924,3.579231,0.502315,0.525681,-0.394270,1.578100,1.651508,-1.238659,0.808124
sample,891,drone,22.274278,12.273646,-0.825266,3.568987,0.542002,0.567214,-0.425420,1.594467,1.668637,-1.251506,0.808124
sample,892,drone,22.299277,12.287694,-0.810564,3.557960,0.582035,0.609110,-0.456843,1.605871,1.680571,-1.260457,0.808124
sample,893,drone,22.324276,12.302746,-0.794811,3.546146,0.622293,0.651240,-0.488441,1.612451,1.687457,-1.265621,0.808124
sample,894,drone,22.349276,12.318807,-0.778003,3.533539,0.662655,0.693480,-0.520122,1.614346,1.689441,-1.267109,0.808124
sample,895,drone,22.374275,12.335878,-0.760138,3.520140,0.703008,0.735709,-0.551794,1.611698,1.686669,-1.265030,0.808124
sample,896,drone,22.399274,12.353957,-0.741219,3.505950,0.743238,0.777811,-0.583371,1.604645,1.679288,-1.259494,0.808124
sample,897,drone,22.424273,12.373039,-0.721249,3.490973,0.783237,0.819671,-0.614767,1.593327,1.667444,-1.250611,0.808124
sample,898,drone,22.449272,12.393117,-0.700237,3.475213,0.822901,0.861180,-0.645900,1.577884,1.651282,-1.238490,0.808124
sample,899,drone,22.474272,12.414182,-0.678191,3.458679,0.862129,0.902232,-0.676690,1.558456,1.630951,-1.223241,0.808124
sample,900,drone,22.499271,12.436222,-0.655126,3.441380,0.900822,0.942725,-0.707060,1.535183,1.606595,-1.204973,0.808124
sample,901,drone,22.524270,12.459222,-0.631057,3.423327,0.938886,0.982560,-0.736936,1.508204,1.578361,-1.183797,0.808124
sample,902,drone,22.549269,12.483165,-0.606000,3.404534,0.976230,1.021641,-0.766248,1.477659,1.546395,-1.159822,0.808124
sample,903,drone,22.574268,12.508032,-0.579976,3.385016,1.012766,1.059877,-0.794926,1.443688,1.510843,-1.133158,0.808124
sample,904,drone,22.599268,12.533802,-0.553008,3.364789,1.048412,1.097180,-0.822904,1.406430,1.471853,-1.103914,0.808124
sample,905,drone,22.624267,12.560451,-0.525119,3.343872,1.083085,1.133467,-0.850119,1.366026,1.429569,-1.072201,0.808124
sample,906,drone,22.649266,12.587954,-0.496336,3.322284,1.116711,1.168656,-0.876512,1.322614,1.384138,-1.038127,0.808124
sample,907,drone,22.674265,12.616285,-0.466688,3.300048,1.149214,1.202672,-0.902024,1.276336,1.335707,-1.001803,0.808124
sample,908,drone,22.699264,12.645413,-0.436205,3.277185,1.180525,1.235440,-0.926601,1.227331,1.284422,-0.963338,0.808124
sample,909,drone,22.724263,12.675309,-0.404918,3.253719,1.210578,1.266891,-0.950189,1.175737,1.230429,-0.922843,0.808124
sample,910,drone,22.749263,12.705940,-0.372862,3.229677,1.239310,1.296959,-0.972741,1.121696,1.173874,-0.880425,0.808124
sample,911,drone,22.774262,12.737272,-0.340072,3.205084,1.266661,1.325583,-0.994209,1.065347,1.114904,-0.836197,0.808124
sample,912,drone,22.799261,12.769271,-0.306585,3.179968,1.292576,1.352702,-1.014550,1.006830,1.053664,-0.790266,0.808124
sample,913,drone,22.824260,12.801899,-0.272439,3.154358,1.317001,1.378264,-1.033721,0.946284,0.990302,-0.742743,0.808124
sample,914,drone,22.849259,12.835119,-0.237674,3.128283,1.339889,1.402216,-1.051686,0.883849,0.924963,-0.693738,0.808124
sample,915,drone,22.874259,12.868891,-0.202331,3.101775,1.361192,1.424511,-1.068407,0.819665,0.857794,-0.643360,0.808124
sample,916,drone,22.899258,12.903176,-0.166451,3.074865,1.380871,1.445104,-1.083853,0.753873,0.788940,-0.591719,0.808124
sample,917,drone,22.924257,12.937933,-0.130078,3.047584,1.398885,1.463956,-1.097992,0.686610,0.718549,-0.538924,0.808124
sample,918,drone,22.949256,12.973118,-0.093256,3.019967,1.415200,1.481031,-1.110798,0.618018,0.646766,-0.485086,0.808124
sample,919,drone,22.974255,13.008690,-0.056029,2.992046,1.429785,1.496294,-1.122246,0.548236,0.573738,-0.430313,0.808124
sample,920,drone,22.999255,13.044605,-0.018443,2.963857,1.442611,1.509717,-1.132313,0.477403,0.499611,-0.374716,0.808124
sample,921,drone,23.024254,13.080819,0.019455,2.935432,1.453654,1.521273,-1.140981,0.405661,0.424531,-0.318405,0.808124
sample,922,drone,23.049253,13.117286,0.057618,2.906809,1.462893,1.530942,-1.148233,0.333147,0.348644,-0.261489,0.808124
sample,923,drone,23.074252,13.153961,0.095999,2.878023,1.470311,1.538705,-1.154055,0.260003,0.272097,-0.204078,0.808124
sample,924,drone,23.099251,13.190799,0.134551,2.849108,1.475893,1.544547,-1.158436,0.186367,0.195037,-0.146281,0.808124
sample,925,drone,23.124251,13.227753,0.173224,2.820103,1.479629,1.548457,-1.161369,0.112381,0.117608,-0.088208,0.808124
sample,926,drone,23.149250,13.264778,0.211971,2.791042,1.481512,1.550427,-1.162847,0.038182,0.039958,-0.029969,0.808124
sample,927,drone,23.174249,13.301826,0.250743,2.761962,1.481538,1.550454,-1.162867,-0.036088,-0.037767,0.028326,0.808124
sample,928,drone,23.199248,13.338852,0.289491,2.732900,1.479707,1.548539,-1.161430,-0.110291,-0.115421,0.086568,0.808124
sample,929,drone,23.224247,13.375809,0.328167,2.703893,1.476024,1.544684,-1.158539,-0.184285,-0.192858,0.144647,0.808124
sample,930,drone,23.249246,13.412651,0.366723,2.674975,1.470493,1.538896,-1.154198,-0.257933,-0.269931,0.202453,0.808124
sample,931,drone,23.274246,13.449332,0.405110,2.646185,1.463127,1.531187,-1.148417,-0.331093,-0.346494,0.259876,0.808124
sample,932,drone,23.299245,13.485805,0.443280,2.617556,1.453939,1.521572,-1.141205,-0.403626,-0.422401,0.316808,0.808124
sample,933,drone,23.324244,13.522026,0.481186,2.589126,1.442947,1.510068,-1.132577,-0.475392,-0.497506,0.373138,0.808124
sample,934,drone,23.349243,13.557950,0.518781,2.560929,1.430171,1.496698,-1.122548,-0.546252,-0.571662,0.428756,0.808124
sample,935,drone,23.374242,13.593532,0.556018,2.533001,1.415635,1.481486,-1.111140,-0.616066,-0.644723,0.483553,0.808124
sample,936,drone,23.399242,13.628730,0.592853,2.505374,1.399368,1.464462,-1.098372,-0.684693,-0.716543,0.537420,0.808124
sample,937,drone,23.424241,13.663499,0.629239,2.478084,1.381401,1.445660,-1.084269,-0.751995,-0.786976,0.590245,0.808124
sample,938,drone,23.449240,13.697797,0.665133,2.451163,1.361770,1.425115,-1.068860,-0.817832,-0.855875,0.641920,0.808124
sample,939,drone,23.474239,13.731585,0.700492,2.424643,1.340511,1.402868,-1.052174,-0.882063,-0.923093,0.692336,0.808124
sample,940,drone,23.499238,13.764821,0.735274,2.398556,1.317668,1.378962,-1.034245,-0.944549,-0.988486,0.741381,0.808124
sample,941,drone,23.524238,13.797466,0.769438,2.372932,1.293285,1.353445,-1.015107,-1.005150,-1.051906,0.788947,0.808124
sample,942,drone,23.549237,13.829483,0.802944,2.347802,1.267412,1.326368,-0.994799,-1.063726,-1.113207,0.834924,0.808124
sample,943,drone,23.574236,13.860835,0.835754,2.323194,1.240101,1.297786,-0.973362,-1.120138,-1.172244,0.879203,0.808124
sample,944,drone,23.599235,13.891486,0.867832,2.299135,1.211407,1.267758,-0.950840,-1.174246,-1.228869,0.921672,0.808124
sample,945,drone,23.624234,13.921403,0.899140,2.275653,1.181390,1.236345,-0.927280,-1.225911,-1.282936,0.962224,0.808124
sample,946,drone,23.649234,13.950554,0.929647,2.252773,1.150113,1.203613,-0.902730,-1.274991,-1.334300,1.000747,0.808124
sample,947,drone,23.674233,13.978907,0.959319,2.230518,1.117643,1.169632,-0.877244,-1.321348,-1.382813,1.037133,0.808124
sample,948,drone,23.699232,14.006434,0.988127,2.208912,1.084048,1.134475,-0.850875,-1.364842,-1.428330,1.071272,0.808124
sample,949,drone,23.724231,14.033108,1.016041,2.187976,1.049403,1.098218,-0.823682,-1.405333,-1.470705,1.103053,0.808124
sample,950,drone,23.749230,14.058902,1.043036,2.167729,1.013784,1.060942,-0.795724,-1.442681,-1.509790,1.132368,0.808124
sample,951,drone,23.774229,14.083795,1.069086,2.148191,0.977271,1.022731,-0.767065,-1.476747,-1.545441,1.159107,0.808124
sample,952,drone,23.799229,14.107764,1.094171,2.129377,0.939949,0.983672,-0.737771,-1.507391,-1.577510,1.183159,0.808124
sample,953,drone,23.824228,14.130791,1.118268,2.111304,0.901904,0.943858,-0.707909,-1.534472,-1.605851,1.204416,0.808124
sample,954,drone,23.849227,14.152858,1.141362,2.093983,0.863228,0.903382,-0.677552,-1.557852,-1.630318,1.222766,0.808124
sample,955,drone,23.874226,14.173951,1.163436,2.077427,0.824014,0.862345,-0.646773,-1.577390,-1.650766,1.238102,0.808124
sample,956,drone,23.899225,14.194057,1.184478,2.061645,0.784361,0.820847,-0.615649,-1.592948,-1.667046,1.250313,0.808124
sample,957,drone,23.924225,14.213168,1.204477,2.046646,0.744369,0.778995,-0.584259,-1.604383,-1.679014,1.259289,0.808124
sample,958,drone,23.949224,14.231275,1.223426,2.032433,0.704144,0.736899,-0.552687,-1.611559,-1.686523,1.264921,0.808124
sample,959,drone,23.974223,14.248374,1.241321,2.019012,0.663794,0.694671,-0.521015,-1.614333,-1.689427,1.267099,0.808124
sample,960,drone,23.999222,14.264463,1.258159,2.006383,0.623430,0.652430,-0.489334,-1.612568,-1.687579,1.265713,0.808124
sample,961,drone,24.024221,14.279544,1.273941,1.994546,0.583168,0.610295,-0.457732,-1.606122,-1.680833,1.260654,0.808124
sample,962,drone,24.049221,14.293621,1.288672,1.983498,0.543127,0.568391,-0.426303,-1.594856,-1.669044,1.251811,0.808124
sample,963,drone,24.074220,14.306700,1.302360,1.973232,0.503428,0.526846,-0.395143,-1.578631,-1.652064,1.239076,0.808124
sample,964,drone,24.099219,14.318791,1.315014,1.963741,0.464198,0.485791,-0.364351,-1.557306,-1.629747,1.222338,0.808124
sample,965,drone,24.124218,14.329909,1.326649,1.955015,0.425565,0.445361,-0.334028,-1.530742,-1.601947,1.201488,0.808124
sample,966,drone,24.149217,14.340069,1.337281,1.947040,0.387663,0.405696,-0.304279,-1.498799,-1.568519,1.176416,0.808124
sample,967,drone,24.174216,14.349291,1.346933,1.939801,0.350628,0.366938,-0.275209,-1.461338,-1.529315,1.147012,0.808124
sample,968,drone,24.199216,14.357600,1.355627,1.933280,0.314599,0.329233,-0.246930,-1.418218,-1.484189,1.113167,0.808124
sample,969,drone,24.224215,14.365021,1.363394,1.927455,0.279719,0.292731,-0.219553,-1.369300,-1.432996,1.074771,0.808124
sample,970,drone,24.249214,14.371585,1.370264,1.922303,0.246136,0.257585,-0.193193,-1.314444,-1.375588,1.031714,0.808124
sample,971,drone,24.274213,14.377327,1.376273,1.917796,0.213999,0.223953,-0.167969,-1.253510,-1.311820,0.983887,0.808124
sample,972,drone,24.299212,14.382285,1.381461,1.913905,0.183462,0.191996,-0.144001,-1.186359,-1.241545,0.931180,0.808124
sample,973,drone,24.324212,14.386500,1.385872,1.910596,0.154683,0.161878,-0.121411,-1.112851,-1.164617,0.873482,0.808124
sample,974,drone,24.349211,14.390019,1.389554,1.907834,0.127822,0.133767,-0.100328,-1.032845,-1.080890,0.810686,0.808124
sample,975,drone,24.374210,14.392891,1.392560,1.905580,0.103042,0.107836,-0.080878,-0.946203,-0.990217,0.742680,0.808124
sample,976,drone,24.399209,14.395171,1.394946,1.903791,0.080513,0.084258,-0.063195,-0.852784,-0.892453,0.669355,0.808124
sample,977,drone,24.424208,14.396916,1.396773,1.902420,0.060405,0.063214,-0.047412,-0.752449,-0.787450,0.590601,0.808124
sample,978,drone,24.449208,14.398191,1.398107,1.901420,0.042892,0.044887,-0.033666,-0.645057,-0.675063,0.506309,0.808124
sample,979,drone,24.474207,14.399061,1.399017,1.900737,0.028153,0.029462,-0.022097,-0.530470,-0.555146,0.416369,0.808124
sample,980,drone,24.499206,14.399598,1.399580,1.900315,0.016369,0.017130,-0.012848,-0.408548,-0.427552,0.320671,0.808124
sample,981,drone,24.524205,14.399879,1.399874,1.900095,0.007726,0.008085,-0.006064,-0.279150,-0.292135,0.219106,0.808124
sample,982,drone,24.549204,14.399985,1.399984,1.900012,0.002412,0.002524,-0.001893,-0.142301,-0.148920,0.111693,0.808124
sample,983,drone,24.574204,14.400000,1.400000,1.900000,0.000611,0.000640,-0.000480,-0.072038,-0.075389,0.056543,0.808123
