section,index,name,t,x,y,z,vx,vy,vz,ax,ay,az,yaw
crossing,1,G1,3.567296,1.538502,2.331945,1.171234,,,,,,
crossing,2,G2,5.635024,4.063877,2.793329,1.179742,,,,,,
crossing,3,G5,11.225795,9.989871,-1.902182,2.377431,,,,,,
crossing,4,G4,12.823236,8.157930,-2.384888,1.743251,,,,,,
crossing,5,G3,14.886088,6.141016,-0.416443,1.873216,,,,,,
crossing,6,G6,19.442901,11.911249,-1.973484,2.528009,,,,,,
sample,0,drone,0.000000,0.000000,-1.000000,1.200000,0.000209,0.000453,-0.000004,0.024779,0.053664,-0.000463,1.138218
sample,1,drone,0.024980,0.000005,-0.999989,1.200000,0.000828,0.001794,-0.000015,0.049077,0.106286,-0.000918,1.138220
sample,2,drone,0.049960,0.000041,-0.999910,1.199999,0.002661,0.005763,-0.000050,0.096672,0.209363,-0.001808,1.138220
sample,3,drone,0.074941,0.000138,-0.999701,1.199997,0.005658,0.012254,-0.000106,0.142237,0.308043,-0.002659,1.138220
sample,4,drone,0.099921,0.000324,-0.999298,1.199994,0.009767,0.021153,-0.000183,0.185757,0.402295,-0.003473,1.138220
sample,5,drone,0.124901,0.000626,-0.998644,1.199988,0.014939,0.032352,-0.000279,0.227263,0.492185,-0.004249,1.138220
sample,6,drone,0.149881,0.001070,-0.997682,1.199980,0.021122,0.045743,-0.000395,0.266784,0.577776,-0.004988,1.138220
sample,7,drone,0.174862,0.001681,-0.996359,1.199969,0.028267,0.061218,-0.000529,0.304350,0.659133,-0.005691,1.138220
sample,8,drone,0.199842,0.002483,-0.994623,1.199954,0.036327,0.078674,-0.000679,0.339991,0.736321,-0.006357,1.138220
sample,9,drone,0.224822,0.003496,-0.992428,1.199935,0.045253,0.098005,-0.000846,0.373737,0.809405,-0.006988,1.138220
sample,10,drone,0.249802,0.004744,-0.989727,1.199911,0.054999,0.119112,-0.001028,0.405618,0.878450,-0.007584,1.138220
sample,11,drone,0.274783,0.006244,-0.986477,1.199883,0.065518,0.141893,-0.001225,0.435664,0.943520,-0.008146,1.138220
sample,12,drone,0.299763,0.008017,-0.982638,1.199850,0.076765,0.166251,-0.001435,0.463904,1.004680,-0.008674,1.138220
sample,13,drone,0.324743,0.010079,-0.978171,1.199812,0.088695,0.192087,-0.001658,0.490368,1.061994,-0.009169,1.138220
sample,14,drone,0.349723,0.012448,-0.973041,1.199767,0.101264,0.219308,-0.001893,0.515087,1.115528,-0.009631,1.138220
sample,15,drone,0.374703,0.015139,-0.967214,1.199717,0.114429,0.247820,-0.002140,0.538091,1.165347,-0.010061,1.138220
sample,16,drone,0.399684,0.018165,-0.960660,1.199660,0.128147,0.277530,-0.002396,0.559408,1.211514,-0.010460,1.138220
sample,17,drone,0.424664,0.021541,-0.953349,1.199597,0.142377,0.308347,-0.002662,0.579069,1.254095,-0.010827,1.138220
sample,18,drone,0.449644,0.025278,-0.945255,1.199527,0.157078,0.340185,-0.002937,0.597105,1.293154,-0.011164,1.138220
sample,19,drone,0.474624,0.029388,-0.936353,1.199451,0.172209,0.372954,-0.003220,0.613544,1.328756,-0.011472,1.138220
sample,20,drone,0.499605,0.033882,-0.926622,1.199366,0.187731,0.406570,-0.003510,0.628417,1.360966,-0.011750,1.138220
sample,21,drone,0.524585,0.038768,-0.916041,1.199275,0.203605,0.440949,-0.003807,0.641753,1.389849,-0.011999,1.138220
sample,22,drone,0.549565,0.044054,-0.904592,1.199176,0.219793,0.476007,-0.004110,0.653583,1.415469,-0.012220,1.138220
sample,23,drone,0.574545,0.049749,-0.892259,1.199070,0.236258,0.511666,-0.004417,0.663936,1.437891,-0.012414,1.138220
sample,24,drone,0.599525,0.055858,-0.879029,1.198956,0.252964,0.547845,-0.004730,0.672843,1.457180,-0.012581,1.138220
sample,25,drone,0.624506,0.062387,-0.864889,1.198834,0.269874,0.584467,-0.005046,0.680332,1.473401,-0.012721,1.138220
sample,26,drone,0.649486,0.069341,-0.849828,1.198703,0.286953,0.621457,-0.005365,0.686435,1.486617,-0.012835,1.138220
sample,27,drone,0.674466,0.076723,-0.833840,1.198565,0.304168,0.658739,-0.005687,0.691181,1.496895,-0.012923,1.138220
sample,28,drone,0.699446,0.084537,-0.816918,1.198419,0.321485,0.696242,-0.006011,0.694599,1.504298,-0.012987,1.138220
sample,29,drone,0.724427,0.092785,-0.799056,1.198265,0.338871,0.733895,-0.006336,0.696720,1.508892,-0.013027,1.138220
sample,30,drone,0.749407,0.101467,-0.780252,1.198103,0.356294,0.771627,-0.006662,0.697574,1.510741,-0.013043,1.138220
sample,31,drone,0.774387,0.110585,-0.760505,1.197932,0.373722,0.809372,-0.006988,0.697190,1.509910,-0.013036,1.138220
sample,32,drone,0.799367,0.120138,-0.739815,1.197754,0.391125,0.847063,-0.007313,0.695599,1.506463,-0.013006,1.138220
sample,33,drone,0.824348,0.130126,-0.718185,1.197567,0.408474,0.884636,-0.007637,0.692830,1.500466,-0.012954,1.138220
sample,34,drone,0.849328,0.140546,-0.695618,1.197372,0.425740,0.922027,-0.007960,0.688913,1.491983,-0.012881,1.138220
sample,35,drone,0.874308,0.151396,-0.672120,1.197169,0.442893,0.959176,-0.008281,0.683878,1.481079,-0.012787,1.138220
sample,36,drone,0.899288,0.162673,-0.647698,1.196958,0.459906,0.996023,-0.008599,0.677755,1.467819,-0.012672,1.138220
sample,37,drone,0.924268,0.174373,-0.622359,1.196740,0.476754,1.032509,-0.008914,0.670574,1.452266,-0.012538,1.138220
sample,38,drone,0.949249,0.186492,-0.596113,1.196513,0.493409,1.068578,-0.009226,0.662364,1.434487,-0.012385,1.138220
sample,39,drone,0.974229,0.199024,-0.568972,1.196279,0.509846,1.104177,-0.009533,0.653157,1.414546,-0.012212,1.138220
sample,40,drone,0.999209,0.211964,-0.540948,1.196037,0.526041,1.139250,-0.009836,0.642980,1.392507,-0.012022,1.138220
sample,41,drone,1.024189,0.225305,-0.512054,1.195787,0.541969,1.173747,-0.010134,0.631865,1.368435,-0.011814,1.138220
sample,42,drone,1.049170,0.239041,-0.482307,1.195531,0.557609,1.207617,-0.010426,0.619842,1.342395,-0.011590,1.138220
sample,43,drone,1.074150,0.253164,-0.451721,1.195266,0.572937,1.240813,-0.010713,0.606939,1.314452,-0.011348,1.138220
sample,44,drone,1.099130,0.267665,-0.420315,1.194995,0.587932,1.273288,-0.010993,0.593188,1.284671,-0.011091,1.138220
sample,45,drone,1.124110,0.282537,-0.388107,1.194717,0.602573,1.304996,-0.011267,0.578617,1.253115,-0.010819,1.138220
sample,46,drone,1.149091,0.297770,-0.355117,1.194432,0.616840,1.335894,-0.011533,0.563258,1.219851,-0.010532,1.138220
sample,47,drone,1.174071,0.313355,-0.321365,1.194141,0.630713,1.365941,-0.011793,0.547139,1.184942,-0.010230,1.138220
sample,48,drone,1.199051,0.329281,-0.286874,1.193843,0.644175,1.395095,-0.012045,0.530290,1.148453,-0.009915,1.138220
sample,49,drone,1.224031,0.345538,-0.251666,1.193539,0.657207,1.423318,-0.012288,0.512742,1.110450,-0.009587,1.138220
sample,50,drone,1.249011,0.362115,-0.215764,1.193229,0.669792,1.450573,-0.012523,0.494525,1.070996,-0.009246,1.138220
sample,51,drone,1.273992,0.379001,-0.179195,1.192914,0.681914,1.476825,-0.012750,0.475668,1.030157,-0.008894,1.138220
sample,52,drone,1.298972,0.396184,-0.141982,1.192592,0.693557,1.502040,-0.012968,0.456201,0.987998,-0.008530,1.138220
sample,53,drone,1.323952,0.413652,-0.104152,1.192266,0.704706,1.526186,-0.013176,0.436154,0.944582,-0.008155,1.138220
sample,54,drone,1.348932,0.431391,-0.065733,1.191934,0.715347,1.549232,-0.013375,0.415557,0.899975,-0.007770,1.138220
sample,55,drone,1.373913,0.449391,-0.026752,1.191597,0.725467,1.571149,-0.013564,0.394440,0.854242,-0.007375,1.138220
sample,56,drone,1.398893,0.467636,0.012763,1.191256,0.735053,1.591910,-0.013744,0.372833,0.807446,-0.006971,1.138220
sample,57,drone,1.423873,0.486114,0.052781,1.190911,0.744094,1.611490,-0.013913,0.350765,0.759654,-0.006558,1.138220
sample,58,drone,1.448853,0.504811,0.093273,1.190561,0.752578,1.629863,-0.014071,0.328267,0.710929,-0.006138,1.138220
sample,59,drone,1.473833,0.523713,0.134210,1.190208,0.760494,1.647008,-0.014219,0.305368,0.661337,-0.005710,1.138220
sample,60,drone,1.498814,0.542806,0.175559,1.189851,0.767834,1.662904,-0.014357,0.282098,0.610942,-0.005275,1.138220
sample,61,drone,1.523794,0.562075,0.217289,1.189491,0.774588,1.677531,-0.014483,0.258488,0.559809,-0.004833,1.138220
sample,62,drone,1.548774,0.581505,0.259369,1.189127,0.780748,1.690872,-0.014598,0.234567,0.508003,-0.004386,1.138220
sample,63,drone,1.573754,0.601081,0.301766,1.188761,0.786307,1.702911,-0.014702,0.210364,0.455588,-0.003933,1.138220
sample,64,drone,1.598735,0.620789,0.344447,1.188393,0.791258,1.713633,-0.014795,0.185911,0.402629,-0.003476,1.138220
sample,65,drone,1.623715,0.640613,0.387380,1.188022,0.795595,1.723026,-0.014876,0.161236,0.349191,-0.003015,1.138220
sample,66,drone,1.648695,0.660537,0.430530,1.187650,0.799314,1.731079,-0.014945,0.136370,0.295338,-0.002550,1.138220
sample,67,drone,1.673675,0.680547,0.473865,1.187275,0.802408,1.737782,-0.015003,0.111343,0.241136,-0.002082,1.138220
sample,68,drone,1.698656,0.700626,0.517351,1.186900,0.804876,1.743126,-0.015049,0.086184,0.186648,-0.001611,1.138220
sample,69,drone,1.723636,0.720759,0.560953,1.186524,0.806714,1.747107,-0.015084,0.060923,0.131941,-0.001139,1.138220
sample,70,drone,1.748616,0.740930,0.604637,1.186146,0.807920,1.749718,-0.015106,0.035590,0.077078,-0.000665,1.138220
sample,71,drone,1.773596,0.761123,0.648369,1.185769,0.808492,1.750958,-0.015117,0.010216,0.022124,-0.000191,1.138220
sample,72,drone,1.798576,0.781322,0.692116,1.185391,0.808430,1.750823,-0.015116,-0.015171,-0.032856,0.000284,1.138220
sample,73,drone,1.823557,0.801513,0.735841,1.185014,0.807734,1.749316,-0.015103,-0.040540,-0.087797,0.000758,1.138220
sample,74,drone,1.848537,0.821677,0.779512,1.184637,0.806405,1.746437,-0.015078,-0.065861,-0.142635,0.001231,1.138220
sample,75,drone,1.873517,0.841801,0.823094,1.184260,0.804444,1.742190,-0.015041,-0.091104,-0.197305,0.001703,1.138220
sample,76,drone,1.898497,0.861868,0.866553,1.183885,0.801853,1.736580,-0.014993,-0.116240,-0.251741,0.002173,1.138220
sample,77,drone,1.923478,0.881862,0.909854,1.183511,0.798637,1.729613,-0.014933,-0.141238,-0.305881,0.002641,1.138220
sample,78,drone,1.948458,0.901768,0.952965,1.183139,0.794797,1.721298,-0.014861,-0.166069,-0.359657,0.003105,1.138220
sample,79,drone,1.973438,0.921570,0.995851,1.182769,0.790340,1.711644,-0.014777,-0.190703,-0.413007,0.003566,1.138220
sample,80,drone,1.998418,0.941254,1.038480,1.182401,0.785270,1.700664,-0.014683,-0.215110,-0.465865,0.004022,1.138220
sample,81,drone,2.023399,0.960803,1.080817,1.182035,0.779593,1.688369,-0.014576,-0.239260,-0.518166,0.004474,1.138220
sample,82,drone,2.048379,0.980202,1.122831,1.181673,0.773316,1.674776,-0.014459,-0.263123,-0.569846,0.004920,1.138220
sample,83,drone,2.073359,0.999438,1.164490,1.181313,0.766447,1.659900,-0.014331,-0.286669,-0.620841,0.005360,1.138220
sample,84,drone,2.098339,1.018494,1.205761,1.180957,0.758994,1.643758,-0.014191,-0.309868,-0.671084,0.005794,1.138220
sample,85,drone,2.123319,1.037358,1.246613,1.180604,0.750966,1.626372,-0.014041,-0.332691,-0.720512,0.006221,1.138220
sample,86,drone,2.148300,1.056013,1.287015,1.180255,0.742372,1.607761,-0.013881,-0.355108,-0.769059,0.006640,1.138220
sample,87,drone,2.173280,1.074447,1.326937,1.179910,0.733224,1.587949,-0.013710,-0.377088,-0.816662,0.007051,1.138220
sample,88,drone,2.198260,1.092645,1.366350,1.179570,0.723533,1.566960,-0.013528,-0.398602,-0.863255,0.007453,1.138220
sample,89,drone,2.223240,1.110595,1.405223,1.179235,0.713310,1.544821,-0.013337,-0.419620,-0.908774,0.007846,1.138220
sample,90,drone,2.248221,1.128283,1.443530,1.178904,0.702569,1.521558,-0.013136,-0.440112,-0.953153,0.008229,1.138220
sample,91,drone,2.273201,1.145696,1.481241,1.178578,0.691322,1.497201,-0.012926,-0.460048,-0.996329,0.008602,1.138220
sample,92,drone,2.298181,1.162821,1.518330,1.178258,0.679584,1.471781,-0.012707,-0.479398,-1.038236,0.008964,1.138220
sample,93,drone,2.323161,1.179648,1.554772,1.177943,0.667371,1.445330,-0.012478,-0.498133,-1.078809,0.009314,1.138220
sample,94,drone,2.348141,1.196164,1.590540,1.177635,0.654697,1.417883,-0.012241,-0.516222,-1.117985,0.009652,1.138220
sample,95,drone,2.373122,1.212357,1.625610,1.177332,0.641580,1.389475,-0.011996,-0.533635,-1.155698,0.009978,1.138220
sample,96,drone,2.398102,1.228217,1.659959,1.177035,0.628037,1.360144,-0.011743,-0.550344,-1.191883,0.010290,1.138220
sample,97,drone,2.423082,1.243734,1.693563,1.176745,0.614085,1.329928,-0.011482,-0.566317,-1.226476,0.010589,1.138220
sample,98,drone,2.448062,1.258897,1.726402,1.176462,0.599743,1.298868,-0.011214,-0.581525,-1.259412,0.010873,1.138220
sample,99,drone,2.473043,1.273697,1.758455,1.176185,0.585032,1.267007,-0.010939,-0.595938,-1.290626,0.011143,1.138220
sample,100,drone,2.498023,1.288126,1.789703,1.175915,0.569970,1.234388,-0.010657,-0.609526,-1.320054,0.011397,1.138220
sample,101,drone,2.523003,1.302173,1.820126,1.175653,0.554579,1.201057,-0.010369,-0.622259,-1.347630,0.011635,1.138220
sample,102,drone,2.547983,1.315833,1.849708,1.175397,0.538882,1.167060,-0.010076,-0.634107,-1.373291,0.011856,1.138220
sample,103,drone,2.572964,1.329096,1.878433,1.175149,0.522899,1.132446,-0.009777,-0.645042,-1.396971,0.012061,1.138220
sample,104,drone,2.597944,1.341957,1.906286,1.174909,0.506655,1.097267,-0.009473,-0.655031,-1.418605,0.012247,1.138220
sample,105,drone,2.622924,1.354409,1.933253,1.174676,0.490174,1.061572,-0.009165,-0.664046,-1.438130,0.012416,1.138220
sample,106,drone,2.647904,1.366446,1.959322,1.174451,0.473479,1.025417,-0.008853,-0.672057,-1.455479,0.012566,1.138220
sample,107,drone,2.672884,1.378064,1.984483,1.174234,0.456597,0.988856,-0.008537,-0.679034,-1.470589,0.012696,1.138220
sample,108,drone,2.697865,1.389258,2.008726,1.174024,0.439554,0.951946,-0.008219,-0.684947,-1.483395,0.012807,1.138220
sample,109,drone,2.722845,1.400024,2.032043,1.173823,0.422377,0.914745,-0.007897,-0.689766,-1.493832,0.012897,1.138220
sample,110,drone,2.747825,1.410360,2.054427,1.173630,0.405093,0.877313,-0.007574,-0.693461,-1.501834,0.012966,1.138220
sample,111,drone,2.772805,1.420263,2.075874,1.173445,0.387731,0.839712,-0.007250,-0.696003,-1.507339,0.013014,1.138220
sample,112,drone,2.797786,1.429731,2.096379,1.173268,0.370321,0.802006,-0.006924,-0.697361,-1.510280,0.013039,1.138220
sample,113,drone,2.822766,1.438764,2.115942,1.173099,0.352891,0.764258,-0.006598,-0.697506,-1.510593,0.013042,1.138220
sample,114,drone,2.847746,1.447362,2.134562,1.172938,0.335473,0.726536,-0.006273,-0.696407,-1.508213,0.013021,1.138220
sample,115,drone,2.872726,1.455525,2.152240,1.172785,0.318098,0.688907,-0.005948,-0.694035,-1.503076,0.012977,1.138220
sample,116,drone,2.897707,1.463254,2.168980,1.172641,0.300799,0.651442,-0.005624,-0.690359,-1.495116,0.012908,1.138220
sample,117,drone,2.922687,1.470553,2.184787,1.172504,0.283607,0.614210,-0.005303,-0.685351,-1.484270,0.012814,1.138220
sample,118,drone,2.947667,1.477423,2.199666,1.172376,0.266558,0.577287,-0.004984,-0.678980,-1.470472,0.012695,1.138220
sample,119,drone,2.972647,1.483870,2.213628,1.172255,0.249685,0.540745,-0.004669,-0.671216,-1.453658,0.012550,1.138220
sample,120,drone,2.997627,1.489898,2.226682,1.172143,0.233024,0.504661,-0.004357,-0.662030,-1.433762,0.012378,1.138220
sample,121,drone,3.022608,1.495512,2.238841,1.172038,0.216610,0.469114,-0.004050,-0.651390,-1.410721,0.012179,1.138220
sample,122,drone,3.047588,1.500720,2.250119,1.171940,0.200480,0.434181,-0.003748,-0.639269,-1.384469,0.011953,1.138220
sample,123,drone,3.072568,1.505528,2.260533,1.171850,0.184672,0.399945,-0.003453,-0.625635,-1.354942,0.011698,1.138220
sample,124,drone,3.097548,1.509946,2.270101,1.171768,0.169223,0.366488,-0.003164,-0.610459,-1.322074,0.011414,1.138220
sample,125,drone,3.122529,1.513983,2.278843,1.171692,0.154173,0.333893,-0.002883,-0.593710,-1.285802,0.011101,1.138220
sample,126,drone,3.147509,1.517649,2.286782,1.171624,0.139561,0.302248,-0.002609,-0.575360,-1.246061,0.010758,1.138220
sample,127,drone,3.172489,1.520955,2.293943,1.171562,0.125428,0.271640,-0.002345,-0.555377,-1.202785,0.010384,1.138220
sample,128,drone,3.197469,1.523915,2.300354,1.171507,0.111814,0.242157,-0.002091,-0.533733,-1.155910,0.009980,1.138220
sample,129,drone,3.222449,1.526542,2.306042,1.171457,0.098762,0.213890,-0.001847,-0.510397,-1.105371,0.009543,1.138220
sample,130,drone,3.247430,1.528849,2.311040,1.171414,0.086314,0.186932,-0.001614,-0.485340,-1.051104,0.009075,1.138220
sample,131,drone,3.272410,1.530854,2.315381,1.171377,0.074514,0.161376,-0.001393,-0.458531,-0.993044,0.008573,1.138220
sample,132,drone,3.297390,1.532572,2.319102,1.171345,0.063406,0.137319,-0.001186,-0.429941,-0.931126,0.008039,1.138220
sample,133,drone,3.322370,1.534022,2.322241,1.171318,0.053034,0.114857,-0.000992,-0.399539,-0.865285,0.007470,1.138220
sample,134,drone,3.347351,1.535222,2.324840,1.171295,0.043445,0.094089,-0.000812,-0.367297,-0.795457,0.006868,1.138220
sample,135,drone,3.372331,1.536192,2.326942,1.171277,0.034684,0.075115,-0.000649,-0.333183,-0.721577,0.006230,1.138220
sample,136,drone,3.397311,1.536954,2.328593,1.171263,0.026799,0.058039,-0.000501,-0.297168,-0.643580,0.005556,1.138220
sample,137,drone,3.422291,1.537531,2.329842,1.171252,0.019837,0.042962,-0.000371,-0.259223,-0.561401,0.004847,1.138220
sample,138,drone,3.447272,1.537946,2.330740,1.171244,0.013848,0.029991,-0.000259,-0.219317,-0.474976,0.004101,1.138220
sample,139,drone,3.472252,1.538223,2.331340,1.171239,0.008880,0.019232,-0.000166,-0.177420,-0.384240,0.003317,1.138220
sample,140,drone,3.497232,1.538389,2.331700,1.171236,0.004984,0.010794,-0.000093,-0.133503,-0.289128,0.002496,1.138220
sample,141,drone,3.522212,1.538472,2.331879,1.171234,0.002210,0.004787,-0.000041,-0.087419,-0.189586,0.001637,1.138220
sample,142,drone,3.547192,1.538500,2.331939,1.171234,0.000616,0.001322,-0.000011,-0.013343,-0.087998,0.000907,1.134454
sample,143,drone,3.572173,1.538503,2.331945,1.171234,0.001544,0.000390,0.000004,0.168820,0.006636,0.000838,0.247710
sample,144,drone,3.597153,1.538577,2.331959,1.171234,0.009051,0.001654,0.000030,0.488072,0.087001,0.001669,0.180706
sample,145,drone,3.622133,1.538955,2.332028,1.171235,0.025928,0.004737,0.000087,0.856626,0.156505,0.002886,0.180706
sample,146,drone,3.647113,1.539872,2.332196,1.171238,0.051848,0.009473,0.000175,1.204133,0.219994,0.004057,0.180706
sample,147,drone,3.672094,1.541545,2.332501,1.171244,0.086087,0.015728,0.000290,1.523001,0.278251,0.005131,0.180706
sample,148,drone,3.697074,1.544173,2.332981,1.171253,0.127938,0.023374,0.000431,1.813981,0.331413,0.006112,0.180706
sample,149,drone,3.722054,1.547937,2.333669,1.171266,0.176714,0.032286,0.000595,2.077821,0.379616,0.007001,0.180706
sample,150,drone,3.747034,1.553002,2.334594,1.171283,0.231747,0.042340,0.000781,2.315272,0.422998,0.007801,0.180706
sample,151,drone,3.772015,1.559515,2.335784,1.171305,0.292386,0.053419,0.000985,2.527084,0.461696,0.008514,0.180706
sample,152,drone,3.796995,1.567610,2.337263,1.171332,0.358001,0.065407,0.001206,2.714006,0.495847,0.009144,0.180706
sample,153,drone,3.821975,1.577401,2.339052,1.171365,0.427979,0.078191,0.001442,2.876789,0.525587,0.009693,0.180706
sample,154,drone,3.846955,1.588992,2.341170,1.171404,0.501727,0.091665,0.001690,3.016182,0.551054,0.010162,0.180706
sample,155,drone,3.871935,1.602468,2.343632,1.171449,0.578669,0.105722,0.001950,3.132935,0.572385,0.010556,0.180706
sample,156,drone,3.896916,1.617902,2.346452,1.171501,0.658250,0.120262,0.002218,3.227799,0.589716,0.010875,0.180706
sample,157,drone,3.921896,1.635354,2.349640,1.171560,0.739931,0.135185,0.002493,3.301522,0.603185,0.011124,0.180706
sample,158,drone,3.946876,1.654869,2.353206,1.171626,0.823195,0.150397,0.002774,3.354854,0.612929,0.011303,0.180706
sample,159,drone,3.971856,1.676481,2.357154,1.171699,0.907542,0.165807,0.003058,3.388547,0.619085,0.011417,0.180706
sample,160,drone,3.996837,1.700211,2.361489,1.171779,0.992489,0.181327,0.003344,3.403349,0.621789,0.011467,0.180706
sample,161,drone,4.021817,1.726067,2.366213,1.171866,1.077574,0.196872,0.003631,3.400010,0.621179,0.011456,0.180706
sample,162,drone,4.046797,1.754047,2.371325,1.171960,1.162355,0.212361,0.003916,3.379280,0.617392,0.011386,0.180706
sample,163,drone,4.071777,1.784138,2.376823,1.172061,1.246405,0.227717,0.004199,3.341909,0.610564,0.011260,0.180706
sample,164,drone,4.096757,1.816318,2.382702,1.172170,1.329318,0.242865,0.004479,3.288648,0.600833,0.011080,0.180706
sample,165,drone,4.121738,1.850552,2.388957,1.172285,1.410707,0.257735,0.004753,3.220245,0.588336,0.010850,0.180706
sample,166,drone,4.146718,1.886797,2.395579,1.172407,1.490203,0.272259,0.005021,3.137450,0.573210,0.010571,0.180706
sample,167,drone,4.171698,1.925003,2.402559,1.172536,1.567456,0.286373,0.005281,3.041014,0.555591,0.010246,0.180706
sample,168,drone,4.196678,1.965108,2.409886,1.172671,1.642133,0.300016,0.005533,2.931687,0.535617,0.009878,0.180706
sample,169,drone,4.221659,2.007045,2.417548,1.172812,1.713924,0.313132,0.005775,2.810217,0.513424,0.009468,0.180706
sample,170,drone,4.246639,2.050737,2.425530,1.172960,1.782533,0.325667,0.006006,2.677356,0.489151,0.009021,0.180706
sample,171,drone,4.271619,2.096101,2.433818,1.173112,1.847686,0.337571,0.006225,2.533853,0.462933,0.008537,0.180706
sample,172,drone,4.296599,2.143048,2.442395,1.173271,1.909126,0.348796,0.006432,2.380457,0.434908,0.008020,0.180706
sample,173,drone,4.321580,2.191482,2.451244,1.173434,1.966615,0.359299,0.006626,2.217919,0.405212,0.007473,0.180706
sample,174,drone,4.346560,2.241301,2.460346,1.173602,2.019934,0.369040,0.006806,2.046989,0.373983,0.006897,0.180706
sample,175,drone,4.371540,2.292398,2.469682,1.173774,2.068883,0.377983,0.006971,1.868416,0.341358,0.006295,0.180706
sample,176,drone,4.396520,2.344663,2.479230,1.173950,2.113281,0.386095,0.007120,1.682950,0.307474,0.005670,0.180706
sample,177,drone,4.421500,2.397979,2.488971,1.174130,2.152964,0.393345,0.007254,1.491341,0.272467,0.005025,0.180706
sample,178,drone,4.446481,2.452226,2.498882,1.174312,2.187789,0.399707,0.007371,1.294339,0.236475,0.004361,0.180706
sample,179,drone,4.471461,2.507282,2.508941,1.174498,2.217630,0.405159,0.007472,1.092694,0.199634,0.003682,0.180706
sample,180,drone,4.496441,2.563020,2.519124,1.174686,2.242380,0.409681,0.007555,0.887156,0.162083,0.002989,0.180706
sample,181,drone,4.521421,2.619312,2.529408,1.174875,2.261953,0.413257,0.007621,0.678474,0.123957,0.002286,0.180706
sample,182,drone,4.546402,2.676028,2.539770,1.175066,2.276277,0.415874,0.007669,0.467399,0.085393,0.001575,0.180706
sample,183,drone,4.571382,2.733036,2.550186,1.175258,2.285304,0.417523,0.007700,0.254679,0.046530,0.000858,0.180706
sample,184,drone,4.596362,2.790203,2.560630,1.175451,2.289001,0.418199,0.007712,0.041066,0.007503,0.000138,0.180706
sample,185,drone,4.621342,2.847396,2.571079,1.175644,2.287356,0.417898,0.007707,-0.172691,-0.031550,-0.000582,0.180706
sample,186,drone,4.646323,2.904480,2.581508,1.175836,2.280373,0.416622,0.007683,-0.385842,-0.070493,-0.001300,0.180706
sample,187,drone,4.671303,2.961324,2.591894,1.176028,2.268079,0.414376,0.007642,-0.597637,-0.109188,-0.002014,0.180706
sample,188,drone,4.696283,3.017795,2.602211,1.176218,2.250515,0.411167,0.007583,-0.807327,-0.147498,-0.002720,0.180706
sample,189,drone,4.721263,3.073761,2.612436,1.176406,2.227744,0.407007,0.007506,-1.014162,-0.185287,-0.003417,0.180706
sample,190,drone,4.746243,3.129094,2.622545,1.176593,2.199847,0.401910,0.007412,-1.217391,-0.222416,-0.004102,0.180706
sample,191,drone,4.771224,3.183666,2.632515,1.176777,2.166923,0.395895,0.007301,-1.416265,-0.258750,-0.004772,0.180706
sample,192,drone,4.796204,3.237354,2.642324,1.176958,2.129090,0.388983,0.007173,-1.610034,-0.294152,-0.005425,0.180706
sample,193,drone,4.821184,3.290037,2.651949,1.177135,2.086485,0.381199,0.007030,-1.797948,-0.328484,-0.006058,0.180706
sample,194,drone,4.846164,3.341596,2.661369,1.177309,2.039264,0.372572,0.006871,-1.979258,-0.361609,-0.006669,0.180706
sample,195,drone,4.871145,3.391919,2.670563,1.177478,1.987600,0.363133,0.006697,-2.153213,-0.393390,-0.007255,0.180706
sample,196,drone,4.896125,3.440897,2.679511,1.177643,1.931688,0.352918,0.006508,-2.319063,-0.423691,-0.007814,0.180706
sample,197,drone,4.921105,3.488427,2.688195,1.177804,1.871739,0.341965,0.006306,-2.476059,-0.452374,-0.008343,0.180706
sample,198,drone,4.946085,3.534410,2.696596,1.177959,1.807983,0.330317,0.006092,-2.623451,-0.479302,-0.008839,0.180706
sample,199,drone,4.971065,3.578755,2.704698,1.178108,1.740670,0.318019,0.005865,-2.760489,-0.504339,-0.009301,0.180706
sample,200,drone,4.996046,3.621375,2.712484,1.178252,1.670068,0.305120,0.005627,-2.886423,-0.527347,-0.009725,0.180706
sample,201,drone,5.021026,3.662192,2.719942,1.178389,1.596463,0.291672,0.005379,-3.000503,-0.548189,-0.010109,0.180706
sample,202,drone,5.046006,3.701135,2.727057,1.178520,1.520161,0.277732,0.005122,-3.101980,-0.566729,-0.010451,0.180706
sample,203,drone,5.070986,3.738140,2.733817,1.178645,1.441487,0.263358,0.004857,-3.190103,-0.582829,-0.010748,0.180706
sample,204,drone,5.095967,3.773152,2.740214,1.178763,1.360782,0.248614,0.004585,-3.264123,-0.596352,-0.010998,0.180706
sample,205,drone,5.120947,3.806125,2.746238,1.178874,1.278410,0.233564,0.004307,-3.323289,-0.607162,-0.011197,0.180706
sample,206,drone,5.145927,3.837022,2.751883,1.178978,1.194749,0.218280,0.004025,-3.366853,-0.615121,-0.011344,0.180706
sample,207,drone,5.170907,3.865816,2.757144,1.179075,1.110200,0.202833,0.003741,-3.394063,-0.620093,-0.011436,0.180706
sample,208,drone,5.195888,3.892488,2.762017,1.179165,1.025180,0.187300,0.003454,-3.404171,-0.621939,-0.011470,0.180706
sample,209,drone,5.220868,3.917034,2.766501,1.179248,0.940126,0.171760,0.003168,-3.396426,-0.620524,-0.011443,0.180706
sample,210,drone,5.245848,3.939457,2.770598,1.179323,0.855493,0.156298,0.002882,-3.370079,-0.615711,-0.011355,0.180706
sample,211,drone,5.270828,3.959775,2.774310,1.179392,0.771756,0.140999,0.002600,-3.324379,-0.607361,-0.011201,0.180706
sample,212,drone,5.295808,3.978015,2.777642,1.179453,0.689406,0.125954,0.002323,-3.258577,-0.595339,-0.010979,0.180706
sample,213,drone,5.320789,3.994218,2.780603,1.179508,0.608956,0.111256,0.002052,-3.171923,-0.579508,-0.010687,0.180706
sample,214,drone,5.345769,4.008438,2.783201,1.179556,0.530935,0.097001,0.001789,-3.063667,-0.559729,-0.010322,0.180706
sample,215,drone,5.370749,4.020744,2.785449,1.179597,0.455893,0.083291,0.001536,-2.933059,-0.535867,-0.009882,0.180706
sample,216,drone,5.395729,4.031215,2.787362,1.179632,0.384398,0.070229,0.001295,-2.779349,-0.507785,-0.009364,0.180706
sample,217,drone,5.420710,4.039948,2.788958,1.179662,0.317036,0.057922,0.001068,-2.601788,-0.475345,-0.008766,0.180706
sample,218,drone,5.445690,4.047054,2.790256,1.179686,0.254412,0.046481,0.000857,-2.399626,-0.438410,-0.008085,0.180706
sample,219,drone,5.470670,4.052659,2.791280,1.179705,0.197149,0.036019,0.000664,-2.172112,-0.396843,-0.007318,0.180706
sample,220,drone,5.495650,4.056904,2.792055,1.179719,0.145892,0.026654,0.000492,-1.918497,-0.350508,-0.006464,0.180706
sample,221,drone,5.520631,4.059948,2.792611,1.179729,0.101300,0.018508,0.000341,-1.638031,-0.299267,-0.005519,0.180706
sample,222,drone,5.545611,4.061965,2.792980,1.179736,0.064055,0.011703,0.000216,-1.329964,-0.242983,-0.004481,0.180706
sample,223,drone,5.570591,4.063148,2.793196,1.179740,0.034855,0.006368,0.000117,-0.993547,-0.181520,-0.003348,0.180706
sample,224,drone,5.595571,4.063706,2.793298,1.179742,0.014417,0.002634,0.000049,-0.629210,-0.115109,-0.002089,0.180706
sample,225,drone,5.620551,4.063868,2.793328,1.179742,0.003419,0.000617,0.000013,-0.279122,-0.056860,0.000255,0.178538
sample,226,drone,5.645532,4.063877,2.793329,1.179742,0.000472,-0.000207,0.000061,-0.039042,-0.035643,0.005679,-0.412893
sample,227,drone,5.670512,4.063892,2.793317,1.179745,0.001469,-0.001164,0.000297,0.067371,-0.056729,0.014298,-0.670064
sample,228,drone,5.695492,4.063951,2.793271,1.179757,0.003838,-0.003041,0.000776,0.118627,-0.093995,0.023975,-0.670064
sample,229,drone,5.720472,4.064084,2.793165,1.179784,0.007395,-0.005860,0.001495,0.165530,-0.131159,0.033455,-0.670064
sample,230,drone,5.745453,4.064320,2.792978,1.179832,0.012108,-0.009594,0.002447,0.211113,-0.167277,0.042668,-0.670064
sample,231,drone,5.770433,4.064689,2.792686,1.179906,0.017943,-0.014217,0.003626,0.255387,-0.202358,0.051616,-0.670064
sample,232,drone,5.795413,4.065217,2.792268,1.180013,0.024867,-0.019704,0.005026,0.298365,-0.236412,0.060302,-0.670064
sample,233,drone,5.820393,4.065931,2.791702,1.180158,0.032849,-0.026028,0.006639,0.340058,-0.269448,0.068728,-0.670064
sample,234,drone,5.845374,4.066858,2.790967,1.180345,0.041857,-0.033165,0.008460,0.380478,-0.301475,0.076898,-0.670064
sample,235,drone,5.870354,4.068022,2.790045,1.180580,0.051858,-0.041090,0.010481,0.419639,-0.332505,0.084812,-0.670064
sample,236,drone,5.895334,4.069449,2.788914,1.180868,0.062822,-0.049777,0.012697,0.457552,-0.362545,0.092475,-0.670064
sample,237,drone,5.920314,4.071161,2.787558,1.181215,0.074717,-0.059203,0.015101,0.494229,-0.391606,0.099887,-0.670064
sample,238,drone,5.945294,4.073181,2.785957,1.181623,0.087514,-0.069342,0.017687,0.529682,-0.419698,0.107053,-0.670064
sample,239,drone,5.970275,4.075533,2.784093,1.182098,0.101181,-0.080171,0.020449,0.563924,-0.446830,0.113973,-0.670064
sample,240,drone,5.995255,4.078236,2.781951,1.182645,0.115688,-0.091666,0.023381,0.596967,-0.473012,0.120652,-0.670064
sample,241,drone,6.020235,4.081313,2.779514,1.183266,0.131005,-0.103803,0.026477,0.628823,-0.498253,0.127090,-0.670064
sample,242,drone,6.045215,4.084782,2.776765,1.183967,0.147104,-0.116559,0.029731,0.659504,-0.522564,0.133291,-0.670064
sample,243,drone,6.070196,4.088662,2.773690,1.184752,0.163954,-0.129911,0.033136,0.689023,-0.545953,0.139257,-0.670064
sample,244,drone,6.095176,4.092973,2.770275,1.185623,0.181528,-0.143835,0.036688,0.717391,-0.568431,0.144990,-0.670064
sample,245,drone,6.120156,4.097731,2.766504,1.186585,0.199796,-0.158310,0.040380,0.744621,-0.590006,0.150493,-0.670064
sample,246,drone,6.145136,4.102955,2.762366,1.187640,0.218729,-0.173312,0.044207,0.770724,-0.610690,0.155769,-0.670064
sample,247,drone,6.170116,4.108659,2.757846,1.188793,0.238301,-0.188820,0.048163,0.795714,-0.630490,0.160820,-0.670064
sample,248,drone,6.195097,4.114860,2.752932,1.190047,0.258484,-0.204812,0.052242,0.819601,-0.649418,0.165648,-0.670064
sample,249,drone,6.220077,4.121573,2.747613,1.191403,0.279249,-0.221265,0.056438,0.842400,-0.667483,0.170255,-0.670064
sample,250,drone,6.245057,4.128812,2.741878,1.192866,0.300570,-0.238159,0.060748,0.864120,-0.684693,0.174645,-0.670064
sample,251,drone,6.270037,4.136590,2.735715,1.194438,0.322421,-0.255473,0.065164,0.884776,-0.701060,0.178820,-0.670064
sample,252,drone,6.295018,4.144920,2.729114,1.196122,0.344774,-0.273185,0.069681,0.904379,-0.716592,0.182782,-0.670064
sample,253,drone,6.319998,4.153815,2.722066,1.197920,0.367604,-0.291274,0.074296,0.922940,-0.731299,0.186533,-0.670064
sample,254,drone,6.344978,4.163286,2.714562,1.199834,0.390885,-0.309721,0.079001,0.940473,-0.745192,0.190077,-0.670064
sample,255,drone,6.369958,4.173344,2.706592,1.201866,0.414591,-0.328504,0.083792,0.956989,-0.758279,0.193415,-0.670064
sample,256,drone,6.394939,4.183999,2.698150,1.204020,0.438696,-0.347605,0.088664,0.972501,-0.770570,0.196550,-0.670064
sample,257,drone,6.419919,4.195261,2.689226,1.206296,0.463177,-0.367002,0.093612,0.987021,-0.782075,0.199484,-0.670064
sample,258,drone,6.444899,4.207139,2.679814,1.208697,0.488008,-0.386678,0.098630,1.000561,-0.792803,0.202221,-0.670064
sample,259,drone,6.469879,4.219642,2.669907,1.211224,0.513166,-0.406611,0.103715,1.013133,-0.802764,0.204762,-0.670064
sample,260,drone,6.494859,4.232777,2.659499,1.213878,0.538625,-0.426784,0.108860,1.024749,-0.811969,0.207110,-0.670064
sample,261,drone,6.519840,4.246552,2.648585,1.216662,0.564363,-0.447177,0.114062,1.035422,-0.820425,0.209267,-0.670064
sample,262,drone,6.544820,4.260973,2.637158,1.219577,0.590355,-0.467773,0.119315,1.045163,-0.828144,0.211235,-0.670064
sample,263,drone,6.569800,4.276047,2.625215,1.222624,0.616579,-0.488552,0.124615,1.053986,-0.835135,0.213019,-0.670064
sample,264,drone,6.594780,4.291778,2.612750,1.225803,0.643013,-0.509497,0.129958,1.061901,-0.841406,0.214618,-0.670064
sample,265,drone,6.619761,4.308172,2.599760,1.229116,0.669632,-0.530589,0.135338,1.068922,-0.846969,0.216037,-0.670064
sample,266,drone,6.644741,4.325233,2.586242,1.232564,0.696417,-0.551812,0.140751,1.075060,-0.851833,0.217278,-0.670064
sample,267,drone,6.669721,4.342965,2.572191,1.236148,0.723343,-0.573147,0.146193,1.080328,-0.856007,0.218342,-0.670064
sample,268,drone,6.694701,4.361371,2.557607,1.239868,0.750390,-0.594578,0.151660,1.084737,-0.859501,0.219234,-0.670064
sample,269,drone,6.719682,4.380455,2.542486,1.243725,0.777537,-0.616088,0.157146,1.088300,-0.862324,0.219954,-0.670064
sample,270,drone,6.744662,4.400218,2.526827,1.247719,0.804762,-0.637660,0.162649,1.091030,-0.864487,0.220505,-0.670064
sample,271,drone,6.769642,4.420661,2.510628,1.251851,0.832045,-0.659278,0.168163,1.092938,-0.865998,0.220891,-0.670064
sample,272,drone,6.794622,4.441787,2.493889,1.256121,0.859366,-0.680926,0.173684,1.094036,-0.866868,0.221113,-0.670064
sample,273,drone,6.819602,4.463595,2.476609,1.260529,0.886704,-0.702587,0.179210,1.094337,-0.867107,0.221174,-0.670064
sample,274,drone,6.844583,4.486087,2.458787,1.265074,0.914039,-0.724247,0.184734,1.093852,-0.866723,0.221076,-0.670064
sample,275,drone,6.869563,4.509261,2.440425,1.269758,0.941353,-0.745889,0.190255,1.092595,-0.865727,0.220822,-0.670064
sample,276,drone,6.894543,4.533117,2.421522,1.274579,0.968626,-0.767499,0.195767,1.090577,-0.864128,0.220414,-0.670064
sample,277,drone,6.919523,4.557654,2.402080,1.279539,0.995839,-0.789061,0.201267,1.087810,-0.861935,0.219855,-0.670064
sample,278,drone,6.944504,4.582870,2.382101,1.284635,1.022973,-0.810562,0.206751,1.084306,-0.859159,0.219147,-0.670064
sample,279,drone,6.969484,4.608762,2.361584,1.289868,1.050011,-0.831985,0.212215,1.080079,-0.855810,0.218292,-0.670064
sample,280,drone,6.994464,4.635329,2.340534,1.295237,1.076935,-0.853318,0.217657,1.075139,-0.851896,0.217294,-0.670064
sample,281,drone,7.019444,4.662567,2.318952,1.300742,1.103726,-0.874546,0.223071,1.069499,-0.847427,0.216154,-0.670064
sample,282,drone,7.044424,4.690472,2.296841,1.306382,1.130367,-0.895656,0.228456,1.063172,-0.842413,0.214875,-0.670064
sample,283,drone,7.069405,4.719040,2.274205,1.312156,1.156842,-0.916634,0.233807,1.056169,-0.836864,0.213460,-0.670064
sample,284,drone,7.094385,4.748268,2.251046,1.318063,1.183134,-0.937466,0.239120,1.048502,-0.830790,0.211910,-0.670064
sample,285,drone,7.119365,4.778150,2.227369,1.324102,1.209226,-0.958140,0.244394,1.040185,-0.824199,0.210229,-0.670064
sample,286,drone,7.144345,4.808682,2.203177,1.330273,1.235102,-0.978644,0.249623,1.031228,-0.817102,0.208419,-0.670064
sample,287,drone,7.169326,4.839856,2.178475,1.336574,1.260747,-0.998963,0.254806,1.021644,-0.809508,0.206482,-0.670064
sample,288,drone,7.194306,4.871669,2.153268,1.343003,1.286144,-1.019087,0.259939,1.011446,-0.801428,0.204421,-0.670064
sample,289,drone,7.219286,4.904113,2.127561,1.349560,1.311279,-1.039003,0.265019,1.000645,-0.792869,0.202238,-0.670064
sample,290,drone,7.244266,4.937181,2.101359,1.356244,1.336137,-1.058699,0.270043,0.989254,-0.783844,0.199936,-0.670064
sample,291,drone,7.269247,4.970867,2.074668,1.363052,1.360702,-1.078164,0.275008,0.977284,-0.774359,0.197517,-0.670064
sample,292,drone,7.294227,5.005162,2.047494,1.369983,1.384962,-1.097386,0.279911,0.964749,-0.764427,0.194983,-0.670064
sample,293,drone,7.319207,5.040060,2.019842,1.377036,1.408902,-1.116355,0.284750,0.951659,-0.754055,0.192338,-0.670064
sample,294,drone,7.344187,5.075552,1.991720,1.384210,1.432507,-1.135059,0.289521,0.938028,-0.743255,0.189583,-0.670064
sample,295,drone,7.369167,5.111629,1.963134,1.391501,1.455766,-1.153489,0.294221,0.923868,-0.732035,0.186721,-0.670064
sample,296,drone,7.394148,5.148283,1.934091,1.398909,1.478664,-1.171632,0.298849,0.909190,-0.720405,0.183754,-0.670064
sample,297,drone,7.419128,5.185504,1.904599,1.406432,1.501190,-1.189480,0.303402,0.894007,-0.708374,0.180686,-0.670064
sample,298,drone,7.444108,5.223283,1.874664,1.414067,1.523329,-1.207023,0.307876,0.878332,-0.695954,0.177517,-0.670064
sample,299,drone,7.469088,5.261610,1.844295,1.421813,1.545071,-1.224250,0.312271,0.862175,-0.683152,0.174252,-0.670064
sample,300,drone,7.494069,5.300475,1.813500,1.429668,1.566404,-1.241154,0.316582,0.845550,-0.669979,0.170892,-0.670064
sample,301,drone,7.519049,5.339868,1.782287,1.437630,1.587316,-1.257723,0.320808,0.828468,-0.656444,0.167440,-0.670064
sample,302,drone,7.544029,5.379778,1.750664,1.445696,1.607795,-1.273950,0.324947,0.810943,-0.642557,0.163898,-0.670064
sample,303,drone,7.569009,5.420194,1.718640,1.453864,1.627831,-1.289825,0.328997,0.792985,-0.628328,0.160268,-0.670064
sample,304,drone,7.593990,5.461105,1.686223,1.462133,1.647413,-1.305341,0.332955,0.774607,-0.613766,0.156554,-0.670064
sample,305,drone,7.618970,5.502500,1.653424,1.470499,1.666530,-1.320489,0.336818,0.755821,-0.598881,0.152757,-0.670064
sample,306,drone,7.643950,5.544366,1.620251,1.478960,1.685174,-1.335262,0.340586,0.736640,-0.583683,0.148881,-0.670064
sample,307,drone,7.668930,5.586692,1.586714,1.487515,1.703333,-1.349650,0.344257,0.717076,-0.568181,0.144926,-0.670064
sample,308,drone,7.693910,5.629465,1.552822,1.496160,1.720999,-1.363648,0.347827,0.697140,-0.552385,0.140897,-0.670064
sample,309,drone,7.718891,5.672674,1.518585,1.504892,1.738163,-1.377248,0.351296,0.676846,-0.536305,0.136796,-0.670064
sample,310,drone,7.743871,5.716305,1.484014,1.513711,1.754815,-1.390442,0.354661,0.656204,-0.519949,0.132624,-0.670064
sample,311,drone,7.768851,5.760345,1.449118,1.522611,1.770947,-1.403225,0.357922,0.635228,-0.503329,0.128384,-0.670064
sample,312,drone,7.793831,5.804782,1.413908,1.531593,1.786551,-1.415589,0.361075,0.613930,-0.486453,0.124080,-0.670064
sample,313,drone,7.818812,5.849602,1.378395,1.540651,1.801619,-1.427528,0.364121,0.592321,-0.469331,0.119713,-0.670064
sample,314,drone,7.843792,5.894792,1.342588,1.549784,1.816144,-1.439037,0.367056,0.570414,-0.451973,0.115285,-0.670064
sample,315,drone,7.868772,5.940337,1.306500,1.558989,1.830117,-1.450109,0.369881,0.548221,-0.434388,0.110800,-0.670064
sample,316,drone,7.893752,5.986225,1.270140,1.568264,1.843533,-1.460739,0.372592,0.525755,-0.416586,0.106259,-0.670064
sample,317,drone,7.918732,6.032441,1.233521,1.577604,1.856384,-1.470922,0.375189,0.503026,-0.398577,0.101665,-0.670064
sample,318,drone,7.943713,6.078971,1.196652,1.587008,1.868664,-1.480652,0.377671,0.480049,-0.380371,0.097021,-0.670064
sample,319,drone,7.968693,6.125800,1.159547,1.596473,1.880368,-1.489925,0.380037,0.456834,-0.361976,0.092330,-0.670064
sample,320,drone,7.993673,6.172915,1.122215,1.605995,1.891488,-1.498737,0.382284,0.433394,-0.343403,0.087592,-0.670064
sample,321,drone,8.018653,6.220300,1.084669,1.615572,1.902020,-1.507082,0.384413,0.409741,-0.324662,0.082812,-0.670064
sample,322,drone,8.043634,6.267941,1.046920,1.625200,1.911959,-1.514957,0.386421,0.385888,-0.305761,0.077991,-0.670064
sample,323,drone,8.068614,6.315822,1.008981,1.634878,1.921299,-1.522358,0.388309,0.361845,-0.286711,0.073132,-0.670064
sample,324,drone,8.093594,6.363930,0.970863,1.644601,1.930037,-1.529281,0.390075,0.337627,-0.267522,0.068237,-0.670064
sample,325,drone,8.118574,6.412248,0.932577,1.654366,1.938167,-1.535723,0.391718,0.313244,-0.248202,0.063309,-0.670064
sample,326,drone,8.143555,6.460762,0.894137,1.664171,1.945687,-1.541681,0.393238,0.288710,-0.228762,0.058350,-0.670064
sample,327,drone,8.168535,6.509455,0.855554,1.674012,1.952591,-1.547152,0.394634,0.264035,-0.209211,0.053364,-0.670064
sample,328,drone,8.193515,6.558314,0.816841,1.683887,1.958878,-1.552134,0.395904,0.239233,-0.189558,0.048351,-0.670064
sample,329,drone,8.218495,6.607322,0.778009,1.693792,1.964544,-1.556623,0.397049,0.214316,-0.169815,0.043315,-0.670064
sample,330,drone,8.243475,6.656463,0.739071,1.703724,1.969585,-1.560618,0.398068,0.189295,-0.149989,0.038258,-0.670064
sample,331,drone,8.268456,6.705723,0.700040,1.713680,1.974001,-1.564116,0.398961,0.164183,-0.130092,0.033183,-0.670064
sample,332,drone,8.293436,6.755085,0.660927,1.723656,1.977788,-1.567117,0.399726,0.138992,-0.110131,0.028091,-0.670064
sample,333,drone,8.318416,6.804534,0.621746,1.733650,1.980945,-1.569619,0.400364,0.113734,-0.090118,0.022987,-0.670064
sample,334,drone,8.343396,6.854054,0.582508,1.743658,1.983470,-1.571619,0.400874,0.088422,-0.070062,0.017871,-0.670064
sample,335,drone,8.368377,6.903629,0.543227,1.753678,1.985363,-1.573119,0.401257,0.063067,-0.049972,0.012746,-0.670064
sample,336,drone,8.393357,6.953244,0.503915,1.763705,1.986621,-1.574116,0.401511,0.037682,-0.029858,0.007616,-0.670064
sample,337,drone,8.418337,7.002882,0.464584,1.773738,1.987245,-1.574611,0.401637,0.012279,-0.009730,0.002482,-0.670064
sample,338,drone,8.443317,7.052528,0.425246,1.783771,1.987235,-1.574602,0.401635,-0.013130,0.010403,-0.002654,-0.670064
sample,339,drone,8.468298,7.102165,0.385916,1.793803,1.986589,-1.574091,0.401505,-0.038532,0.030531,-0.007788,-0.670064
sample,340,drone,8.493278,7.151779,0.346604,1.803831,1.985309,-1.573077,0.401246,-0.063916,0.050645,-0.012918,-0.670064
sample,341,drone,8.518258,7.201352,0.307324,1.813850,1.983396,-1.571561,0.400859,-0.089270,0.070734,-0.018042,-0.670064
sample,342,drone,8.543238,7.250870,0.268088,1.823858,1.980850,-1.569543,0.400345,-0.114581,0.090789,-0.023158,-0.670064
sample,343,drone,8.568218,7.300316,0.228909,1.833851,1.977671,-1.567025,0.399702,-0.139836,0.110800,-0.028262,-0.670064
sample,344,drone,8.593199,7.349675,0.189799,1.843827,1.973863,-1.564007,0.398933,-0.165025,0.130759,-0.033353,-0.670064
sample,345,drone,8.618179,7.398931,0.150771,1.853782,1.969427,-1.560492,0.398036,-0.190134,0.150654,-0.038427,-0.670064
sample,346,drone,8.643159,7.448069,0.111836,1.863713,1.964364,-1.556481,0.397013,-0.215151,0.170477,-0.043484,-0.670064
sample,347,drone,8.668139,7.497072,0.073008,1.873617,1.958678,-1.551975,0.395864,-0.240065,0.190218,-0.048519,-0.670064
sample,348,drone,8.693120,7.545925,0.034299,1.883491,1.952370,-1.546977,0.394589,-0.264863,0.209867,-0.053531,-0.670064
sample,349,drone,8.718100,7.594613,-0.004280,1.893331,1.945445,-1.541490,0.393189,-0.289533,0.229414,-0.058517,-0.670064
sample,350,drone,8.743080,7.643120,-0.042715,1.903135,1.937905,-1.535516,0.391665,-0.314063,0.248851,-0.063475,-0.670064
sample,351,drone,8.768060,7.691432,-0.080995,1.912899,1.929754,-1.529057,0.390018,-0.338440,0.268166,-0.068401,-0.670064
sample,352,drone,8.793040,7.739532,-0.119107,1.922620,1.920996,-1.522118,0.388248,-0.362653,0.287351,-0.073295,-0.670064
sample,353,drone,8.818021,7.787406,-0.157040,1.932296,1.911636,-1.514701,0.386356,-0.386689,0.306396,-0.078153,-0.670064
sample,354,drone,8.843001,7.835038,-0.194782,1.941923,1.901677,-1.506810,0.384343,-0.410536,0.325292,-0.082972,-0.670064
sample,355,drone,8.867981,7.882414,-0.232321,1.951498,1.891125,-1.498449,0.382211,-0.434182,0.344028,-0.087751,-0.670064
sample,356,drone,8.892961,7.929520,-0.269646,1.961018,1.879985,-1.489622,0.379959,-0.457615,0.362595,-0.092487,-0.670064
sample,357,drone,8.917942,7.976339,-0.306744,1.970481,1.868263,-1.480334,0.377590,-0.480822,0.380983,-0.097178,-0.670064
sample,358,drone,8.942922,8.022859,-0.343604,1.979883,1.855963,-1.470588,0.375104,-0.503791,0.399183,-0.101820,-0.670064
sample,359,drone,8.967902,8.069064,-0.380215,1.989221,1.843093,-1.460390,0.372503,-0.526511,0.417185,-0.106412,-0.670064
sample,360,drone,8.992882,8.114941,-0.416565,1.998493,1.829659,-1.449745,0.369788,-0.548969,0.434980,-0.110951,-0.670064
sample,361,drone,9.017863,8.160475,-0.452645,2.007696,1.815666,-1.438659,0.366960,-0.571152,0.452557,-0.115434,-0.670064
sample,362,drone,9.042843,8.205652,-0.488442,2.016827,1.801123,-1.427135,0.364021,-0.593049,0.469908,-0.119860,-0.670064
sample,363,drone,9.067823,8.250460,-0.523945,2.025882,1.786037,-1.415182,0.360972,-0.614648,0.487022,-0.124225,-0.670064
sample,364,drone,9.092803,8.294883,-0.559145,2.034861,1.770415,-1.402804,0.357814,-0.635936,0.503889,-0.128527,-0.670064
sample,365,drone,9.117783,8.338910,-0.594030,2.043759,1.754266,-1.390007,0.354550,-0.656901,0.520501,-0.132765,-0.670064
sample,366,drone,9.142764,8.382527,-0.628590,2.052574,1.737596,-1.376799,0.351181,-0.677531,0.536847,-0.136934,-0.670064
sample,367,drone,9.167744,8.425721,-0.662815,2.061304,1.720416,-1.363186,0.347709,-0.697814,0.552919,-0.141033,-0.670064
sample,368,drone,9.192724,8.468480,-0.696695,2.069946,1.702733,-1.349175,0.344135,-0.717737,0.568705,-0.145060,-0.670064
sample,369,drone,9.217704,8.510791,-0.730221,2.078497,1.684557,-1.334773,0.340462,-0.737289,0.584197,-0.149012,-0.670064
sample,370,drone,9.242685,8.552641,-0.763381,2.086956,1.665898,-1.319988,0.336691,-0.756457,0.599385,-0.152886,-0.670064
sample,371,drone,9.267665,8.594020,-0.796168,2.095319,1.646765,-1.304828,0.332824,-0.775229,0.614259,-0.156680,-0.670064
sample,372,drone,9.292645,8.634914,-0.828571,2.103584,1.627167,-1.289300,0.328863,-0.793593,0.628810,-0.160391,-0.670064
sample,373,drone,9.317625,8.675314,-0.860582,2.111749,1.607116,-1.273412,0.324810,-0.811536,0.643028,-0.164018,-0.670064
sample,374,drone,9.342606,8.715207,-0.892191,2.119811,1.586622,-1.257174,0.320668,-0.829047,0.656903,-0.167557,-0.670064
sample,375,drone,9.367586,8.754582,-0.923391,2.127769,1.565697,-1.240593,0.316439,-0.846114,0.670426,-0.171006,-0.670064
sample,376,drone,9.392566,8.793430,-0.954172,2.135621,1.544350,-1.223679,0.312125,-0.862724,0.683586,-0.174363,-0.670064
sample,377,drone,9.417546,8.831739,-0.984526,2.143363,1.522595,-1.206441,0.307728,-0.878864,0.696376,-0.177625,-0.670064
sample,378,drone,9.442526,8.869499,-1.014446,2.150995,1.500442,-1.188888,0.303251,-0.894524,0.708783,-0.180790,-0.670064
sample,379,drone,9.467507,8.906701,-1.043924,2.158514,1.477904,-1.171030,0.298696,-0.909690,0.720800,-0.183855,-0.670064
sample,380,drone,9.492487,8.943336,-1.072951,2.165918,1.454993,-1.152876,0.294065,-0.924351,0.732417,-0.186818,-0.670064
sample,381,drone,9.517467,8.979393,-1.101522,2.173206,1.431723,-1.134438,0.289362,-0.938493,0.743623,-0.189677,-0.670064
sample,382,drone,9.542447,9.014865,-1.129629,2.180375,1.408106,-1.115724,0.284589,-0.952106,0.754410,-0.192428,-0.670064
sample,383,drone,9.567428,9.049743,-1.157264,2.187424,1.384155,-1.096747,0.279748,-0.965177,0.764766,-0.195070,-0.670064
sample,384,drone,9.592408,9.084018,-1.184422,2.194351,1.359885,-1.077516,0.274843,-0.977694,0.774684,-0.197599,-0.670064
sample,385,drone,9.617388,9.117684,-1.211097,2.201155,1.335309,-1.058043,0.269876,-0.989644,0.784153,-0.200015,-0.670064
sample,386,drone,9.642368,9.150731,-1.237283,2.207834,1.310442,-1.038340,0.264850,-1.001016,0.793164,-0.202313,-0.670064
sample,387,drone,9.667348,9.183154,-1.262973,2.214387,1.285298,-1.018417,0.259768,-1.011797,0.801706,-0.204492,-0.670064
sample,388,drone,9.692329,9.214945,-1.288163,2.220812,1.259892,-0.998286,0.254634,-1.021975,0.809771,-0.206549,-0.670064
sample,389,drone,9.717309,9.246099,-1.312848,2.227109,1.234240,-0.977960,0.249449,-1.031538,0.817348,-0.208482,-0.670064
sample,390,drone,9.742289,9.276608,-1.337023,2.233275,1.208356,-0.957451,0.244218,-1.040474,0.824428,-0.210288,-0.670064
sample,391,drone,9.767269,9.306469,-1.360683,2.239310,1.182257,-0.936771,0.238943,-1.048770,0.831002,-0.211964,-0.670064
sample,392,drone,9.792250,9.335674,-1.383824,2.245213,1.155959,-0.915934,0.233628,-1.056414,0.837059,-0.213509,-0.670064
sample,393,drone,9.817230,9.364221,-1.406443,2.250982,1.129478,-0.894952,0.228276,-1.063395,0.842590,-0.214920,-0.670064
sample,394,drone,9.842210,9.392104,-1.428536,2.256617,1.102831,-0.873838,0.222891,-1.069699,0.847585,-0.216194,-0.670064
sample,395,drone,9.867190,9.419319,-1.450101,2.262118,1.076035,-0.852606,0.217475,-1.075316,0.852036,-0.217329,-0.670064
sample,396,drone,9.892171,9.445863,-1.471133,2.267483,1.049108,-0.831270,0.212033,-1.080232,0.855931,-0.218323,-0.670064
sample,397,drone,9.917151,9.471733,-1.491631,2.272711,1.022067,-0.809843,0.206567,-1.084436,0.859262,-0.219173,-0.670064
sample,398,drone,9.942131,9.496926,-1.511593,2.277803,0.994929,-0.788340,0.201083,-1.087914,0.862018,-0.219876,-0.670064
sample,399,drone,9.967111,9.521440,-1.531017,2.282757,0.967714,-0.766776,0.195582,-1.090656,0.864191,-0.220430,-0.670064
sample,400,drone,9.992091,9.545273,-1.549902,2.287574,0.940439,-0.745165,0.190070,-1.092649,0.865770,-0.220833,-0.670064
sample,401,drone,10.017072,9.568425,-1.568246,2.292253,0.913125,-0.723522,0.184549,-1.093881,0.866746,-0.221082,-0.670064
sample,402,drone,10.042052,9.590893,-1.586049,2.296794,0.885789,-0.701862,0.179025,-1.094339,0.867109,-0.221174,-0.670064
sample,403,drone,10.067032,9.612679,-1.603311,2.301197,0.858451,-0.680201,0.173499,-1.094012,0.866850,-0.221108,-0.670064
sample,404,drone,10.092012,9.633782,-1.620032,2.305462,0.831131,-0.658554,0.167978,-1.092887,0.865958,-0.220881,-0.670064
sample,405,drone,10.116993,9.654203,-1.636213,2.309590,0.803850,-0.636937,0.162464,-1.090952,0.864425,-0.220490,-0.670064
sample,406,drone,10.141973,9.673943,-1.651854,2.313579,0.776627,-0.615367,0.156962,-1.088195,0.862240,-0.219932,-0.670064
sample,407,drone,10.166953,9.693003,-1.666957,2.317432,0.749483,-0.593859,0.151476,-1.084603,0.859395,-0.219207,-0.670064
sample,408,drone,10.191933,9.711387,-1.681523,2.321147,0.722440,-0.572431,0.146010,-1.080165,0.855878,-0.218310,-0.670064
sample,409,drone,10.216914,9.729097,-1.695556,2.324726,0.695517,-0.551099,0.140569,-1.074869,0.851681,-0.217239,-0.670064
sample,410,drone,10.241894,9.746136,-1.709057,2.328170,0.668739,-0.529881,0.135157,-1.068701,0.846794,-0.215993,-0.670064
sample,411,drone,10.266874,9.762507,-1.722029,2.331479,0.642125,-0.508793,0.129778,-1.061651,0.841208,-0.214568,-0.670064
sample,412,drone,10.291854,9.778216,-1.734476,2.334654,0.615698,-0.487854,0.124437,-1.053705,0.834912,-0.212962,-0.670064
sample,413,drone,10.316834,9.793268,-1.746402,2.337696,0.589481,-0.467080,0.119139,-1.044852,0.827898,-0.211173,-0.670064
sample,414,drone,10.341815,9.807667,-1.757812,2.340606,0.563497,-0.446491,0.113887,-1.035080,0.820154,-0.209197,-0.670064
sample,415,drone,10.366795,9.821420,-1.768709,2.343386,0.537768,-0.426105,0.108687,-1.024376,0.811673,-0.207034,-0.670064
sample,416,drone,10.391775,9.834534,-1.779100,2.346036,0.512318,-0.405940,0.103543,-1.012727,0.802443,-0.204680,-0.670064
sample,417,drone,10.416755,9.847016,-1.788990,2.348559,0.487172,-0.386015,0.098461,-1.000123,0.792456,-0.202133,-0.670064
sample,418,drone,10.441736,9.858874,-1.798386,2.350955,0.462352,-0.366348,0.093445,-0.986551,0.781702,-0.199389,-0.670064
sample,419,drone,10.466716,9.870115,-1.807293,2.353227,0.437883,-0.346960,0.088500,-0.971998,0.770171,-0.196448,-0.670064
sample,420,drone,10.491696,9.880750,-1.815720,2.355377,0.413790,-0.327870,0.083630,-0.956453,0.757853,-0.193306,-0.670064
sample,421,drone,10.516676,9.890788,-1.823674,2.357405,0.390098,-0.309098,0.078842,-0.939903,0.744740,-0.189961,-0.670064
sample,422,drone,10.541656,9.900240,-1.831163,2.359316,0.366832,-0.290663,0.074140,-0.922335,0.730820,-0.186411,-0.670064
sample,423,drone,10.566637,9.909116,-1.838195,2.361109,0.344018,-0.272586,0.069529,-0.903739,0.716085,-0.182653,-0.670064
sample,424,drone,10.591617,9.917427,-1.844781,2.362789,0.321681,-0.254887,0.065014,-0.884102,0.700525,-0.178684,-0.670064
sample,425,drone,10.616597,9.925187,-1.850930,2.364358,0.299848,-0.237587,0.060602,-0.863411,0.684131,-0.174502,-0.670064
sample,426,drone,10.641577,9.932408,-1.856651,2.365817,0.278545,-0.220707,0.056296,-0.841654,0.666892,-0.170105,-0.670064
sample,427,drone,10.666558,9.939103,-1.861956,2.367170,0.257799,-0.204269,0.052103,-0.818820,0.648799,-0.165490,-0.670064
sample,428,drone,10.691538,9.945287,-1.866856,2.368420,0.237636,-0.188293,0.048028,-0.794895,0.629842,-0.160654,-0.670064
sample,429,drone,10.716518,9.950976,-1.871363,2.369570,0.218085,-0.172802,0.044077,-0.769868,0.610012,-0.155596,-0.670064
sample,430,drone,10.741498,9.956183,-1.875490,2.370622,0.199173,-0.157817,0.040254,-0.743727,0.589299,-0.150313,-0.670064
sample,431,drone,10.766479,9.960926,-1.879248,2.371581,0.180928,-0.143360,0.036567,-0.716460,0.567693,-0.144802,-0.670064
sample,432,drone,10.791459,9.965222,-1.882652,2.372449,0.163379,-0.129454,0.033020,-0.688053,0.545185,-0.139061,-0.670064
sample,433,drone,10.816439,9.969089,-1.885716,2.373230,0.146553,-0.116122,0.029619,-0.658496,0.521765,-0.133087,-0.670064
sample,434,drone,10.841419,9.972544,-1.888453,2.373929,0.130480,-0.103387,0.026371,-0.627776,0.497424,-0.126878,-0.670064
sample,435,drone,10.866399,9.975608,-1.890881,2.374548,0.115189,-0.091271,0.023281,-0.595881,0.472151,-0.120432,-0.670064
sample,436,drone,10.891380,9.978299,-1.893013,2.375092,0.100709,-0.079798,0.020354,-0.562798,0.445937,-0.113746,-0.670064
sample,437,drone,10.916360,9.980639,-1.894868,2.375565,0.087071,-0.068992,0.017598,-0.528515,0.418773,-0.106817,-0.670064
sample,438,drone,10.941340,9.982649,-1.896460,2.375971,0.074304,-0.058876,0.015017,-0.493021,0.390649,-0.099643,-0.670064
sample,439,drone,10.966320,9.984351,-1.897809,2.376315,0.062440,-0.049475,0.012620,-0.456303,0.361555,-0.092222,-0.670064
sample,440,drone,10.991301,9.985769,-1.898932,2.376602,0.051507,-0.040812,0.010410,-0.418348,0.331482,-0.084551,-0.670064
sample,441,drone,11.016281,9.986925,-1.899848,2.376835,0.041539,-0.032914,0.008395,-0.379146,0.300419,-0.076628,-0.670064
sample,442,drone,11.041261,9.987844,-1.900576,2.377021,0.032565,-0.025803,0.006582,-0.338683,0.268358,-0.068450,-0.670064
sample,443,drone,11.066241,9.988552,-1.901137,2.377164,0.024618,-0.019506,0.004975,-0.296947,0.235288,-0.060015,-0.670064
sample,444,drone,11.091222,9.989074,-1.901551,2.377270,0.017729,-0.014048,0.003583,-0.253926,0.201201,-0.051320,-0.670064
sample,445,drone,11.116202,9.989437,-1.901839,2.377343,0.011932,-0.009454,0.002411,-0.209609,0.166085,-0.042363,-0.670064
sample,446,drone,11.141182,9.989670,-1.902023,2.377390,0.007257,-0.005750,0.001467,-0.163982,0.129932,-0.033142,-0.670064
sample,447,drone,11.166162,9.989800,-1.902126,2.377416,0.003739,-0.002963,0.000756,-0.117034,0.092733,-0.023653,-0.670064
sample,448,drone,11.191142,9.989857,-1.902171,2.377428,0.001410,-0.001117,0.000285,-0.075608,0.053186,-0.016198,-0.670064
sample,449,drone,11.216123,9.989871,-1.902182,2.377431,-0.000038,-0.000306,-0.000054,-0.141438,-0.007593,-0.044914,-1.695399
sample,450,drone,11.241103,9.989855,-1.902187,2.377425,-0.005656,-0.001497,-0.001959,-0.463299,-0.116163,-0.159578,-2.882886
sample,451,drone,11.266083,9.989588,-1.902257,2.377333,-0.023185,-0.006109,-0.008026,-0.987300,-0.260018,-0.341765,-2.883955
sample,452,drone,11.291063,9.988697,-1.902492,2.377024,-0.054982,-0.014487,-0.019034,-1.530732,-0.403339,-0.529907,-2.883955
sample,453,drone,11.316044,9.986841,-1.902981,2.376382,-0.099661,-0.026260,-0.034501,-2.017896,-0.531704,-0.698553,-2.883955
sample,454,drone,11.341024,9.983718,-1.903804,2.375301,-0.155797,-0.041052,-0.053934,-2.449002,-0.645298,-0.847794,-2.883955
sample,455,drone,11.366004,9.979057,-1.905032,2.373687,-0.222014,-0.058499,-0.076857,-2.826028,-0.744642,-0.978312,-2.883955
sample,456,drone,11.390984,9.972626,-1.906726,2.371461,-0.296987,-0.078254,-0.102811,-3.150949,-0.830256,-1.090793,-2.883955
sample,457,drone,11.415964,9.964220,-1.908941,2.368551,-0.379437,-0.099979,-0.131353,-3.425742,-0.902663,-1.185920,-2.883955
sample,458,drone,11.440945,9.953669,-1.911721,2.364898,-0.468138,-0.123352,-0.162060,-3.652383,-0.962381,-1.264379,-2.883955
sample,459,drone,11.465925,9.940831,-1.915104,2.360454,-0.561912,-0.148060,-0.194522,-3.832850,-1.009933,-1.326853,-2.883955
sample,460,drone,11.490905,9.925595,-1.919119,2.355180,-0.659629,-0.173808,-0.228350,-3.969119,-1.045839,-1.374026,-2.883955
sample,461,drone,11.515885,9.907876,-1.923788,2.349046,-0.760211,-0.200311,-0.263169,-4.063165,-1.070620,-1.406583,-2.883955
sample,462,drone,11.540866,9.887615,-1.929126,2.342032,-0.862627,-0.227297,-0.298623,-4.116967,-1.084796,-1.425208,-2.883955
sample,463,drone,11.565846,9.864779,-1.935143,2.334126,-0.965896,-0.254508,-0.334373,-4.132500,-1.088889,-1.430585,-2.883955
sample,464,drone,11.590826,9.839358,-1.941842,2.325326,-1.069088,-0.281698,-0.370096,-4.111741,-1.083419,-1.423399,-2.883955
sample,465,drone,11.615806,9.811367,-1.949217,2.315636,-1.171321,-0.308636,-0.405487,-4.056666,-1.068907,-1.404333,-2.883955
sample,466,drone,11.640787,9.780839,-1.957261,2.305068,-1.271761,-0.335102,-0.440257,-3.969252,-1.045874,-1.374072,-2.883955
sample,467,drone,11.665767,9.747829,-1.965959,2.293641,-1.369626,-0.360888,-0.474136,-3.851476,-1.014841,-1.333301,-2.883955
sample,468,drone,11.690747,9.712411,-1.975291,2.281380,-1.464183,-0.385804,-0.506870,-3.705314,-0.976328,-1.282702,-2.883955
sample,469,drone,11.715727,9.674678,-1.985234,2.268317,-1.554746,-0.409666,-0.538221,-3.532743,-0.930857,-1.222962,-2.883955
sample,470,drone,11.740707,9.634736,-1.995758,2.254490,-1.640680,-0.432310,-0.567969,-3.335739,-0.878947,-1.154763,-2.883955
sample,471,drone,11.765688,9.592708,-2.006832,2.239941,-1.721401,-0.453579,-0.595913,-3.116279,-0.821121,-1.078791,-2.883955
sample,472,drone,11.790668,9.548734,-2.018419,2.224718,-1.796371,-0.473333,-0.621866,-2.876339,-0.757898,-0.995728,-2.883955
sample,473,drone,11.815648,9.502961,-2.030480,2.208873,-1.865104,-0.491444,-0.645660,-2.617896,-0.689800,-0.906261,-2.883955
sample,474,drone,11.840628,9.455552,-2.042972,2.192461,-1.927162,-0.507796,-0.667143,-2.342926,-0.617347,-0.811072,-2.883955
sample,475,drone,11.865609,9.406679,-2.055850,2.175542,-1.982158,-0.522287,-0.686182,-2.053406,-0.541060,-0.710847,-2.883955
sample,476,drone,11.890589,9.356523,-2.069066,2.158179,-2.029751,-0.534827,-0.702658,-1.751313,-0.461461,-0.606268,-2.883955
sample,477,drone,11.915569,9.305272,-2.082570,2.140437,-2.069654,-0.545342,-0.716471,-1.438624,-0.379069,-0.498021,-2.883955
sample,478,drone,11.940549,9.253122,-2.096311,2.122384,-2.101626,-0.553766,-0.727539,-1.117313,-0.294405,-0.386791,-2.883955
sample,479,drone,11.965530,9.200274,-2.110237,2.104089,-2.125475,-0.560050,-0.735795,-0.789359,-0.207992,-0.273260,-2.883955
sample,480,drone,11.990510,9.146932,-2.124292,2.085623,-2.141062,-0.564157,-0.741191,-0.456738,-0.120348,-0.158113,-2.883955
sample,481,drone,12.015490,9.093305,-2.138422,2.067058,-2.148294,-0.566063,-0.743695,-0.121426,-0.031995,-0.042035,-2.883955
sample,482,drone,12.040470,9.039602,-2.152572,2.048468,-2.147129,-0.565756,-0.743291,0.214600,0.056546,0.074290,-2.883955
sample,483,drone,12.065450,8.986034,-2.166688,2.029923,-2.137573,-0.563238,-0.739983,0.549363,0.144754,0.190178,-2.883955
sample,484,drone,12.090431,8.932808,-2.180712,2.011498,-2.119682,-0.558524,-0.733790,0.880888,0.232109,0.304945,-2.883955
sample,485,drone,12.115411,8.880133,-2.194592,1.993263,-2.093563,-0.551642,-0.724748,1.207197,0.318089,0.417906,-2.883955
sample,486,drone,12.140391,8.828213,-2.208272,1.975289,-2.059370,-0.542632,-0.712911,1.526314,0.402175,0.528378,-2.883955
sample,487,drone,12.165371,8.777246,-2.221702,1.957645,-2.017308,-0.531549,-0.698350,1.836262,0.483844,0.635676,-2.883955
sample,488,drone,12.190352,8.727427,-2.234829,1.940399,-1.967630,-0.518459,-0.681152,2.135066,0.562577,0.739115,-2.883955
sample,489,drone,12.215332,8.678943,-2.247604,1.923615,-1.910639,-0.503442,-0.661423,2.420747,0.637853,0.838012,-2.883955
sample,490,drone,12.240312,8.631971,-2.259981,1.907354,-1.846688,-0.486591,-0.639285,2.691330,0.709150,0.931682,-2.883955
sample,491,drone,12.265292,8.586681,-2.271915,1.891676,-1.776179,-0.468013,-0.614876,2.944838,0.775948,1.019442,-2.883955
sample,492,drone,12.290272,8.543232,-2.283363,1.876635,-1.699563,-0.447825,-0.588353,3.179295,0.837725,1.100606,-2.883955
sample,493,drone,12.315253,8.501770,-2.294288,1.862281,-1.617340,-0.426160,-0.559889,3.392724,0.893963,1.174490,-2.883955
sample,494,drone,12.340233,8.462429,-2.304654,1.848662,-1.530061,-0.403162,-0.529675,3.583148,0.944138,1.240411,-2.883955
sample,495,drone,12.365213,8.425328,-2.314430,1.835818,-1.438324,-0.378990,-0.497918,3.748592,0.987732,1.297684,-2.883955
sample,496,drone,12.390193,8.390570,-2.323589,1.823786,-1.342779,-0.353814,-0.464842,3.887077,1.024222,1.345625,-2.883955
sample,497,drone,12.415174,8.358242,-2.332107,1.812595,-1.244124,-0.327819,-0.430690,3.996629,1.053088,1.383550,-2.883955
sample,498,drone,12.440154,8.328413,-2.339967,1.802269,-1.143106,-0.301202,-0.395719,4.075270,1.073809,1.410773,-2.883955
sample,499,drone,12.465134,8.301132,-2.347155,1.792824,-1.040522,-0.274171,-0.360207,4.121023,1.085865,1.426612,-2.883955
sample,500,drone,12.490114,8.276428,-2.353664,1.784272,-0.937218,-0.246951,-0.324445,4.131913,1.088735,1.430382,-2.883955
sample,501,drone,12.515095,8.254308,-2.359493,1.776615,-0.834089,-0.219778,-0.288744,4.105962,1.081897,1.421398,-2.883955
sample,502,drone,12.540075,8.234756,-2.364645,1.769847,-0.732082,-0.192899,-0.253431,4.041194,1.064831,1.398977,-2.883955
sample,503,drone,12.565055,8.217733,-2.369130,1.763953,-0.632190,-0.166578,-0.218851,3.935633,1.037016,1.362434,-2.883955
sample,504,drone,12.590035,8.203172,-2.372967,1.758913,-0.535456,-0.141089,-0.185364,3.787302,0.997932,1.311085,-2.883955
sample,505,drone,12.615015,8.190981,-2.376179,1.754693,-0.442974,-0.116721,-0.153348,3.594224,0.947057,1.244245,-2.883955
sample,506,drone,12.639996,8.181041,-2.378798,1.751251,-0.355887,-0.093774,-0.123201,3.354423,0.883871,1.161231,-2.883955
sample,507,drone,12.664976,8.173201,-2.380864,1.748537,-0.275386,-0.072563,-0.095333,3.065922,0.807852,1.061358,-2.883955
sample,508,drone,12.689956,8.167282,-2.382424,1.746489,-0.202712,-0.053413,-0.070175,2.726745,0.718481,0.943942,-2.883955
sample,509,drone,12.714936,8.163073,-2.383533,1.745031,-0.139156,-0.036667,-0.048173,2.334915,0.615236,0.808299,-2.883955
sample,510,drone,12.739917,8.160330,-2.384256,1.744082,-0.086059,-0.022676,-0.029792,1.888456,0.497597,0.653744,-2.883955
sample,511,drone,12.764897,8.158774,-2.384666,1.743543,-0.044808,-0.011807,-0.015512,1.385391,0.365042,0.479594,-2.883955
sample,512,drone,12.789877,8.158091,-2.384845,1.743307,-0.016844,-0.004438,-0.005831,0.827949,0.223317,0.288327,-2.883955
sample,513,drone,12.814857,8.157932,-2.384887,1.743252,-0.003443,-0.000650,-0.001107,0.271894,0.151212,0.120484,-2.955123
sample,514,drone,12.839838,8.157919,-2.384878,1.743252,-0.003260,0.003116,0.000188,-0.185409,0.261223,0.038539,2.378681
sample,515,drone,12.864818,8.157769,-2.384732,1.743261,-0.012707,0.012401,0.000819,-0.530531,0.519085,0.034618,2.368355
sample,516,drone,12.889798,8.157284,-2.384258,1.743292,-0.029765,0.029050,0.001918,-0.822898,0.803123,0.053026,2.368355
sample,517,drone,12.914778,8.156282,-2.383280,1.743357,-0.053819,0.052526,0.003468,-1.091351,1.065125,0.070324,2.368355
sample,518,drone,12.939758,8.154596,-2.381634,1.743466,-0.084290,0.082264,0.005431,-1.337004,1.304875,0.086154,2.368355
sample,519,drone,12.964739,8.152071,-2.379170,1.743628,-0.120616,0.117718,0.007772,-1.560463,1.522963,0.100553,2.368355
sample,520,drone,12.989719,8.148570,-2.375753,1.743854,-0.162251,0.158352,0.010455,-1.762333,1.719982,0.113561,2.368355
sample,521,drone,13.014699,8.143965,-2.371259,1.744151,-0.208663,0.203649,0.013446,-1.943220,1.896522,0.125217,2.368355
sample,522,drone,13.039679,8.138145,-2.365579,1.744526,-0.259335,0.253103,0.016711,-2.103730,2.053176,0.135560,2.368355
sample,523,drone,13.064660,8.131008,-2.358614,1.744986,-0.313766,0.306226,0.020218,-2.244470,2.190534,0.144629,2.368355
sample,524,drone,13.089640,8.122469,-2.350279,1.745536,-0.371470,0.362543,0.023937,-2.366046,2.309188,0.152463,2.368355
sample,525,drone,13.114620,8.112450,-2.340501,1.746181,-0.431975,0.421594,0.027836,-2.469063,2.409729,0.159101,2.368355
sample,526,drone,13.139600,8.100887,-2.329216,1.746927,-0.494826,0.482935,0.031885,-2.554127,2.492749,0.164582,2.368355
sample,527,drone,13.164580,8.087728,-2.316373,1.747774,-0.559581,0.546133,0.036058,-2.621844,2.558839,0.168946,2.368355
sample,528,drone,13.189561,8.072930,-2.301931,1.748728,-0.625814,0.610775,0.040326,-2.672821,2.608591,0.172231,2.368355
sample,529,drone,13.214541,8.056462,-2.285859,1.749789,-0.693116,0.676460,0.044663,-2.707663,2.642596,0.174476,2.368355
sample,530,drone,13.239521,8.038302,-2.268135,1.750959,-0.761090,0.742801,0.049043,-2.726977,2.661445,0.175720,2.368355
sample,531,drone,13.264501,8.018438,-2.248748,1.752239,-0.829357,0.809427,0.053442,-2.731368,2.665730,0.176003,2.368355
sample,532,drone,13.289482,7.996867,-2.227696,1.753629,-0.897551,0.875982,0.057836,-2.721442,2.656043,0.175364,2.368355
sample,533,drone,13.314462,7.973595,-2.204984,1.755129,-0.965321,0.942124,0.062203,-2.697805,2.632974,0.173841,2.368355
sample,534,drone,13.339442,7.948639,-2.180627,1.756737,-1.032334,1.007526,0.066521,-2.661064,2.597116,0.171473,2.368355
sample,535,drone,13.364422,7.922020,-2.154647,1.758452,-1.098269,1.071877,0.070770,-2.611824,2.549060,0.168300,2.368355
sample,536,drone,13.389403,7.893769,-2.127075,1.760273,-1.162822,1.134878,0.074930,-2.550691,2.489396,0.164361,2.368355
sample,537,drone,13.414383,7.863924,-2.097948,1.762196,-1.225703,1.196248,0.078982,-2.478272,2.418717,0.159694,2.368355
sample,538,drone,13.439363,7.832532,-2.067310,1.764219,-1.286638,1.255719,0.082908,-2.395172,2.337614,0.154340,2.368355
sample,539,drone,13.464343,7.799643,-2.035212,1.766338,-1.345367,1.313037,0.086692,-2.301997,2.246678,0.148336,2.368355
sample,540,drone,13.489323,7.765317,-2.001710,1.768550,-1.401647,1.367964,0.090319,-2.199354,2.146501,0.141721,2.368355
sample,541,drone,13.514304,7.729617,-1.966868,1.770850,-1.455248,1.420277,0.093773,-2.087848,2.037675,0.134536,2.368355
sample,542,drone,13.539284,7.692612,-1.930753,1.773235,-1.505956,1.469767,0.097040,-1.968085,1.920790,0.126819,2.368355
sample,543,drone,13.564264,7.654378,-1.893438,1.775699,-1.553574,1.516240,0.100109,-1.840671,1.796438,0.118609,2.368355
sample,544,drone,13.589244,7.614995,-1.855000,1.778236,-1.597917,1.559518,0.102966,-1.706213,1.665211,0.109945,2.368355
sample,545,drone,13.614225,7.574546,-1.815523,1.780843,-1.638817,1.599435,0.105602,-1.565316,1.527700,0.100865,2.368355
sample,546,drone,13.639205,7.533119,-1.775092,1.783512,-1.676121,1.635842,0.108005,-1.418586,1.384496,0.091410,2.368355
sample,547,drone,13.664185,7.490806,-1.733796,1.786239,-1.709690,1.668605,0.110169,-1.266629,1.236191,0.081619,2.368355
sample,548,drone,13.689165,7.447702,-1.691728,1.789016,-1.739402,1.697603,0.112083,-1.110051,1.083376,0.071529,2.368355
sample,549,drone,13.714146,7.403904,-1.648983,1.791839,-1.765149,1.722731,0.113742,-0.949459,0.926643,0.061181,2.368355
sample,550,drone,13.739126,7.359514,-1.605659,1.794699,-1.786838,1.743898,0.115140,-0.785458,0.766583,0.050613,2.368355
sample,551,drone,13.764106,7.314633,-1.561857,1.797591,-1.804391,1.761030,0.116271,-0.618654,0.603787,0.039865,2.368355
sample,552,drone,13.789086,7.269366,-1.517677,1.800508,-1.817746,1.774064,0.117131,-0.449654,0.438848,0.028975,2.368355
sample,553,drone,13.814066,7.223818,-1.473224,1.803443,-1.826856,1.782955,0.117718,-0.279062,0.272356,0.017982,2.368355
sample,554,drone,13.839047,7.178095,-1.428600,1.806389,-1.831688,1.787671,0.118030,-0.107486,0.104903,0.006926,2.368355
sample,555,drone,13.864027,7.132306,-1.383911,1.809340,-1.832226,1.788196,0.118065,0.064469,-0.062920,-0.004154,2.368355
sample,556,drone,13.889007,7.086557,-1.339261,1.812288,-1.828467,1.784528,0.117822,0.236197,-0.230521,-0.015220,2.368355
sample,557,drone,13.913987,7.040955,-1.294755,1.815226,-1.820425,1.776679,0.117304,0.407092,-0.397309,-0.026232,2.368355
sample,558,drone,13.938968,6.995607,-1.250497,1.818148,-1.808129,1.764678,0.116512,0.576547,-0.562692,-0.037151,2.368355
sample,559,drone,13.963948,6.950620,-1.206591,1.821047,-1.791621,1.748567,0.115448,0.743958,-0.726080,-0.047939,2.368355
sample,560,drone,13.988928,6.906097,-1.163138,1.823916,-1.770960,1.728402,0.114117,0.908717,-0.886880,-0.058556,2.368355
sample,561,drone,14.013908,6.862142,-1.120239,1.826748,-1.746221,1.704258,0.112523,1.070219,-1.044501,-0.068963,2.368355
sample,562,drone,14.038888,6.818855,-1.077993,1.829538,-1.717492,1.676219,0.110671,1.227858,-1.198351,-0.079120,2.368355
sample,563,drone,14.063869,6.776335,-1.036495,1.832278,-1.684877,1.644387,0.108570,1.381028,-1.347840,-0.088990,2.368355
sample,564,drone,14.088849,6.734678,-0.995838,1.834962,-1.648495,1.608880,0.106225,1.529122,-1.492376,-0.098533,2.368355
sample,565,drone,14.113829,6.693976,-0.956114,1.837585,-1.608481,1.569828,0.103647,1.671536,-1.631367,-0.107710,2.368355
sample,566,drone,14.138809,6.654317,-0.917409,1.840140,-1.564984,1.527376,0.100844,1.807662,-1.764223,-0.116482,2.368355
sample,567,drone,14.163790,6.615788,-0.879806,1.842623,-1.518169,1.481686,0.097827,1.936896,-1.890350,-0.124809,2.368355
sample,568,drone,14.188770,6.578469,-0.843383,1.845028,-1.468216,1.432933,0.094609,2.058630,-2.009159,-0.132653,2.368355
sample,569,drone,14.213750,6.542436,-0.808216,1.847350,-1.415319,1.381308,0.091200,2.172259,-2.120058,-0.139976,2.368355
sample,570,drone,14.238730,6.507759,-0.774373,1.849584,-1.359689,1.327014,0.087615,2.277177,-2.222455,-0.146736,2.368355
sample,571,drone,14.263711,6.474505,-0.741918,1.851727,-1.301550,1.270273,0.083869,2.372778,-2.315758,-0.152896,2.368355
sample,572,drone,14.288691,6.442733,-0.710909,1.853774,-1.241144,1.211318,0.079977,2.458456,-2.399377,-0.158417,2.368355
sample,573,drone,14.313671,6.412497,-0.681400,1.855723,-1.178725,1.150399,0.075954,2.533605,-2.472720,-0.163260,2.368355
sample,574,drone,14.338651,6.383843,-0.653435,1.857569,-1.114564,1.087780,0.071820,2.597619,-2.535195,-0.167385,2.368355
sample,575,drone,14.363631,6.356813,-0.627054,1.859311,-1.048947,1.023739,0.067592,2.649891,-2.586212,-0.170753,2.368355
sample,576,drone,14.388612,6.331437,-0.602288,1.860946,-0.982174,0.958571,0.063289,2.689817,-2.625178,-0.173326,2.368355
sample,577,drone,14.413592,6.307743,-0.579163,1.862473,-0.914562,0.892584,0.058932,2.716790,-2.651503,-0.175064,2.368355
sample,578,drone,14.438572,6.285746,-0.557694,1.863890,-0.846442,0.826101,0.054543,2.730203,-2.664594,-0.175928,2.368355
sample,579,drone,14.463552,6.265454,-0.537891,1.865198,-0.778160,0.759460,0.050143,2.729452,-2.663860,-0.175880,2.368355
sample,580,drone,14.488533,6.246868,-0.519751,1.866395,-0.710077,0.693013,0.045756,2.713929,-2.648711,-0.174879,2.368355
sample,581,drone,14.513513,6.229978,-0.503267,1.867484,-0.642571,0.627129,0.041406,2.683030,-2.618554,-0.172888,2.368355
sample,582,drone,14.538493,6.214765,-0.488420,1.868464,-0.576032,0.562189,0.037118,2.636147,-2.572798,-0.169867,2.368355
sample,583,drone,14.563473,6.201200,-0.475180,1.869338,-0.510868,0.498591,0.032919,2.572675,-2.510852,-0.165777,2.368355
sample,584,drone,14.588454,6.189242,-0.463510,1.870109,-0.447500,0.436746,0.028836,2.492009,-2.432124,-0.160579,2.368355
sample,585,drone,14.613434,6.178842,-0.453360,1.870779,-0.386366,0.377081,0.024897,2.393541,-2.336022,-0.154234,2.368355
sample,586,drone,14.638414,6.169939,-0.444671,1.871352,-0.327917,0.320037,0.021130,2.276667,-2.221956,-0.146703,2.368355
sample,587,drone,14.663394,6.162459,-0.437371,1.871834,-0.272622,0.266071,0.017567,2.140779,-2.089334,-0.137947,2.368355
sample,588,drone,14.688374,6.156319,-0.431378,1.872230,-0.220963,0.215653,0.014238,1.985273,-1.937565,-0.127926,2.368355
sample,589,drone,14.713355,6.151420,-0.426597,1.872546,-0.173437,0.169269,0.011176,1.809541,-1.766056,-0.116603,2.368355
sample,590,drone,14.738335,6.147654,-0.422921,1.872789,-0.130558,0.127420,0.008413,1.612978,-1.574217,-0.103937,2.368355
sample,591,drone,14.763315,6.144897,-0.420231,1.872966,-0.092852,0.090621,0.005983,1.394979,-1.361456,-0.089889,2.368355
sample,592,drone,14.788295,6.143015,-0.418393,1.873087,-0.060864,0.059401,0.003922,1.154937,-1.127182,-0.074422,2.368355
sample,593,drone,14.813276,6.141856,-0.417263,1.873162,-0.035151,0.034306,0.002265,0.892245,-0.870804,-0.057494,2.368355
sample,594,drone,14.838256,6.141259,-0.416679,1.873201,-0.016287,0.015896,0.001049,0.606310,-0.591738,-0.039069,2.368355
sample,595,drone,14.863236,6.141043,-0.416469,1.873214,-0.004859,0.004743,0.000313,0.320016,-0.308919,-0.019763,2.368347
sample,596,drone,14.888216,6.141016,-0.416443,1.873216,-0.000299,0.000462,0.000062,0.131203,-0.104088,-0.002417,2.145082
sample,597,drone,14.913196,6.141028,-0.416446,1.873218,0.001695,-0.000458,0.000192,0.110176,-0.037359,0.010580,-0.263563
sample,598,drone,14.938177,6.141100,-0.416465,1.873226,0.005206,-0.001405,0.000591,0.183125,-0.049415,0.020781,-0.263563
sample,599,drone,14.963157,6.141288,-0.416516,1.873247,0.010845,-0.002926,0.001231,0.266878,-0.072014,0.030285,-0.263563
sample,600,drone,14.988137,6.141642,-0.416612,1.873287,0.018539,-0.005003,0.002104,0.347726,-0.093831,0.039459,-0.263563
sample,601,drone,15.013117,6.142214,-0.416766,1.873352,0.028217,-0.007614,0.003202,0.425703,-0.114872,0.048308,-0.263563
sample,602,drone,15.038098,6.143052,-0.416992,1.873447,0.039807,-0.010742,0.004517,0.500840,-0.135147,0.056834,-0.263563
sample,603,drone,15.063078,6.144203,-0.417303,1.873578,0.053239,-0.014366,0.006041,0.573172,-0.154665,0.065042,-0.263563
sample,604,drone,15.088058,6.145712,-0.417710,1.873749,0.068443,-0.018469,0.007767,0.642731,-0.173435,0.072936,-0.263563
sample,605,drone,15.113038,6.147622,-0.418225,1.873966,0.085350,-0.023031,0.009685,0.709550,-0.191465,0.080518,-0.263563
sample,606,drone,15.138019,6.149976,-0.418860,1.874233,0.103893,-0.028034,0.011790,0.773662,-0.208765,0.087793,-0.263563
sample,607,drone,15.162999,6.152813,-0.419626,1.874555,0.124003,-0.033461,0.014072,0.835101,-0.225344,0.094765,-0.263563
sample,608,drone,15.187979,6.156171,-0.420532,1.874936,0.145615,-0.039293,0.016524,0.893898,-0.241210,0.101438,-0.263563
sample,609,drone,15.212959,6.160088,-0.421589,1.875380,0.168662,-0.045512,0.019139,0.950087,-0.256372,0.107814,-0.263563
sample,610,drone,15.237939,6.164598,-0.422806,1.875892,0.193082,-0.052101,0.021910,1.003701,-0.270839,0.113898,-0.263563
sample,611,drone,15.262920,6.169734,-0.424192,1.876475,0.218808,-0.059043,0.024830,1.054773,-0.284620,0.119693,-0.263563
sample,612,drone,15.287900,6.175529,-0.425756,1.877133,0.245778,-0.066321,0.027890,1.103336,-0.297725,0.125204,-0.263563
sample,613,drone,15.312880,6.182013,-0.427505,1.877869,0.273931,-0.073918,0.031085,1.149423,-0.310161,0.130434,-0.263563
sample,614,drone,15.337860,6.189215,-0.429449,1.878686,0.303204,-0.081817,0.034407,1.193067,-0.321937,0.135387,-0.263563
sample,615,drone,15.362841,6.197162,-0.431593,1.879588,0.333537,-0.090002,0.037849,1.234300,-0.333064,0.140066,-0.263563
sample,616,drone,15.387821,6.205879,-0.433945,1.880577,0.364870,-0.098457,0.041405,1.273156,-0.343549,0.144475,-0.263563
sample,617,drone,15.412801,6.215391,-0.436512,1.881656,0.397145,-0.107166,0.045067,1.309667,-0.353401,0.148618,-0.263563
sample,618,drone,15.437781,6.225720,-0.439299,1.882828,0.430302,-0.116113,0.048830,1.343868,-0.362630,0.152499,-0.263563
sample,619,drone,15.462762,6.236889,-0.442313,1.884096,0.464285,-0.125283,0.052686,1.375789,-0.371243,0.156121,-0.263563
sample,620,drone,15.487742,6.248916,-0.445558,1.885461,0.499037,-0.134660,0.056630,1.405466,-0.379251,0.159489,-0.263563
sample,621,drone,15.512722,6.261821,-0.449041,1.886925,0.534503,-0.144230,0.060654,1.432929,-0.386662,0.162606,-0.263563
sample,622,drone,15.537702,6.275620,-0.452764,1.888491,0.570627,-0.153978,0.064753,1.458214,-0.393485,0.165475,-0.263563
sample,623,drone,15.562682,6.290330,-0.456733,1.890160,0.607356,-0.163889,0.068921,1.481352,-0.399728,0.168100,-0.263563
sample,624,drone,15.587663,6.305964,-0.460952,1.891934,0.644636,-0.173949,0.073152,1.502376,-0.405401,0.170486,-0.263563
sample,625,drone,15.612643,6.322536,-0.465424,1.893815,0.682415,-0.184143,0.077439,1.521319,-0.410513,0.172636,-0.263563
sample,626,drone,15.637623,6.340058,-0.470152,1.895803,0.720642,-0.194458,0.081777,1.538215,-0.415072,0.174553,-0.263563
sample,627,drone,15.662603,6.358540,-0.475139,1.897900,0.759265,-0.204880,0.086160,1.553096,-0.419088,0.176242,-0.263563
sample,628,drone,15.687584,6.377991,-0.480388,1.900108,0.798235,-0.215396,0.090582,1.565995,-0.422569,0.177706,-0.263563
sample,629,drone,15.712564,6.398420,-0.485900,1.902426,0.837503,-0.225992,0.095038,1.576946,-0.425524,0.178948,-0.263563
sample,630,drone,15.737544,6.419833,-0.491679,1.904856,0.877020,-0.236655,0.099522,1.585981,-0.427961,0.179974,-0.263563
sample,631,drone,15.762524,6.442236,-0.497724,1.907398,0.916739,-0.247373,0.104029,1.593132,-0.429891,0.180785,-0.263563
sample,632,drone,15.787504,6.465634,-0.504038,1.910053,0.956614,-0.258133,0.108554,1.598434,-0.431322,0.181387,-0.263563
sample,633,drone,15.812485,6.490029,-0.510620,1.912821,0.996598,-0.268922,0.113092,1.601919,-0.432262,0.181782,-0.263563
sample,634,drone,15.837465,6.515424,-0.517473,1.915703,1.036646,-0.279729,0.117636,1.603620,-0.432721,0.181975,-0.263563
sample,635,drone,15.862445,6.541820,-0.524596,1.918699,1.076715,-0.290541,0.122183,1.603570,-0.432708,0.181970,-0.263563
sample,636,drone,15.887425,6.569217,-0.531989,1.921808,1.116761,-0.301347,0.126728,1.601802,-0.432231,0.181769,-0.263563
sample,637,drone,15.912406,6.597614,-0.539651,1.925030,1.156742,-0.312136,0.131264,1.598349,-0.431299,0.181377,-0.263563
sample,638,drone,15.937386,6.627009,-0.547583,1.928366,1.196616,-0.322895,0.135789,1.593243,-0.429921,0.180798,-0.263563
sample,639,drone,15.962366,6.657398,-0.555783,1.931814,1.236341,-0.333615,0.140297,1.586519,-0.428107,0.180035,-0.263563
sample,640,drone,15.987346,6.688777,-0.564251,1.935375,1.275879,-0.344283,0.144784,1.578208,-0.425864,0.179092,-0.263563
sample,641,drone,16.012327,6.721141,-0.572984,1.939048,1.315189,-0.354891,0.149245,1.568344,-0.423202,0.177972,-0.263563
sample,642,drone,16.037307,6.754484,-0.581981,1.942831,1.354234,-0.365427,0.153675,1.556960,-0.420130,0.176680,-0.263563
sample,643,drone,16.062287,6.788799,-0.591241,1.946725,1.392976,-0.375881,0.158072,1.544088,-0.416657,0.175220,-0.263563
sample,644,drone,16.087267,6.824078,-0.600760,1.950729,1.431377,-0.386243,0.162429,1.529762,-0.412791,0.173594,-0.263563
sample,645,drone,16.112247,6.860312,-0.610537,1.954840,1.469403,-0.396504,0.166745,1.514015,-0.408542,0.171807,-0.263563
sample,646,drone,16.137228,6.897490,-0.620570,1.959059,1.507018,-0.406654,0.171013,1.496879,-0.403918,0.169862,-0.263563
sample,647,drone,16.162208,6.935603,-0.630854,1.963384,1.544188,-0.416684,0.175231,1.478387,-0.398928,0.167764,-0.263563
sample,648,drone,16.187188,6.974638,-0.641387,1.967814,1.580879,-0.426585,0.179395,1.458573,-0.393582,0.165516,-0.263563
sample,649,drone,16.212168,7.014584,-0.652166,1.972347,1.617059,-0.436348,0.183500,1.437470,-0.387887,0.163121,-0.263563
sample,650,drone,16.237149,7.055427,-0.663188,1.976982,1.652696,-0.445964,0.187544,1.415110,-0.381854,0.160583,-0.263563
sample,651,drone,16.262129,7.097154,-0.674447,1.981717,1.687758,-0.455425,0.191523,1.391526,-0.375490,0.157907,-0.263563
sample,652,drone,16.287109,7.139749,-0.685941,1.986550,1.722217,-0.464723,0.195433,1.366751,-0.368805,0.155096,-0.263563
sample,653,drone,16.312089,7.183197,-0.697665,1.991481,1.756042,-0.473851,0.199272,1.340819,-0.361807,0.152153,-0.263563
sample,654,drone,16.337070,7.227481,-0.709615,1.996506,1.789205,-0.482800,0.203035,1.313762,-0.354506,0.149083,-0.263563
sample,655,drone,16.362050,7.272586,-0.721786,2.001624,1.821678,-0.491562,0.206720,1.285614,-0.346910,0.145889,-0.263563
sample,656,drone,16.387030,7.318493,-0.734173,2.006834,1.853435,-0.500131,0.210324,1.256406,-0.339029,0.142574,-0.263563
sample,657,drone,16.412010,7.365184,-0.746773,2.012132,1.884449,-0.508500,0.213843,1.226173,-0.330871,0.139143,-0.263563
sample,658,drone,16.436990,7.412641,-0.759578,2.017517,1.914695,-0.516662,0.217275,1.194946,-0.322445,0.135600,-0.263563
sample,659,drone,16.461971,7.460844,-0.772585,2.022987,1.944149,-0.524610,0.220618,1.162760,-0.313760,0.131947,-0.263563
sample,660,drone,16.486951,7.509772,-0.785788,2.028540,1.972787,-0.532337,0.223867,1.129647,-0.304824,0.128190,-0.263563
sample,661,drone,16.511931,7.559405,-0.799181,2.034172,2.000587,-0.539839,0.227022,1.095640,-0.295648,0.124331,-0.263563
sample,662,drone,16.536911,7.609722,-0.812759,2.039882,2.027526,-0.547108,0.230079,1.060771,-0.286239,0.120374,-0.263563
sample,663,drone,16.561892,7.660701,-0.826515,2.045667,2.053583,-0.554139,0.233036,1.025075,-0.276606,0.116323,-0.263563
sample,664,drone,16.586872,7.712320,-0.840444,2.051524,2.078739,-0.560927,0.235891,0.988583,-0.266760,0.112182,-0.263563
sample,665,drone,16.611852,7.764556,-0.854539,2.057452,2.102973,-0.567467,0.238641,0.951329,-0.256707,0.107955,-0.263563
sample,666,drone,16.636832,7.817385,-0.868795,2.063447,2.126268,-0.573753,0.241284,0.913346,-0.246458,0.103645,-0.263563
sample,667,drone,16.661813,7.870785,-0.883204,2.069507,2.148604,-0.579780,0.243819,0.874667,-0.236020,0.099255,-0.263563
sample,668,drone,16.686793,7.924731,-0.897761,2.075628,2.169966,-0.585544,0.246243,0.835325,-0.225404,0.094791,-0.263563
sample,669,drone,16.711773,7.979198,-0.912458,2.081809,2.190338,-0.591041,0.248555,0.795352,-0.214618,0.090255,-0.263563
sample,670,drone,16.736753,8.034161,-0.927289,2.088046,2.209703,-0.596267,0.250752,0.754782,-0.203670,0.085651,-0.263563
sample,671,drone,16.761733,8.089595,-0.942248,2.094337,2.228047,-0.601217,0.252834,0.713647,-0.192571,0.080983,-0.263563
sample,672,drone,16.786714,8.145475,-0.957326,2.100678,2.245357,-0.605888,0.254798,0.671981,-0.181327,0.076255,-0.263563
sample,673,drone,16.811694,8.201774,-0.972518,2.107066,2.261619,-0.610276,0.256643,0.629816,-0.169950,0.071470,-0.263563
sample,674,drone,16.836674,8.258467,-0.987816,2.113500,2.276823,-0.614378,0.258369,0.587186,-0.158446,0.066633,-0.263563
sample,675,drone,16.861654,8.315525,-1.003213,2.119975,2.290955,-0.618192,0.259972,0.544123,-0.146826,0.061746,-0.263563
sample,676,drone,16.886635,8.372924,-1.018701,2.126488,2.304007,-0.621714,0.261454,0.500661,-0.135099,0.056814,-0.263563
sample,677,drone,16.911615,8.430635,-1.034274,2.133037,2.315969,-0.624942,0.262811,0.456832,-0.123272,0.051840,-0.263563
sample,678,drone,16.936595,8.488631,-1.049924,2.139618,2.326831,-0.627873,0.264044,0.412670,-0.111355,0.046829,-0.263563
sample,679,drone,16.961575,8.546884,-1.065643,2.146229,2.336586,-0.630505,0.265151,0.368206,-0.099357,0.041783,-0.263563
sample,680,drone,16.986555,8.605368,-1.081424,2.152865,2.345227,-0.632837,0.266131,0.323475,-0.087287,0.036707,-0.263563
sample,681,drone,17.011536,8.664053,-1.097260,2.159525,2.352747,-0.634866,0.266984,0.278509,-0.075153,0.031605,-0.263563
sample,682,drone,17.036516,8.722912,-1.113142,2.166204,2.359141,-0.636591,0.267710,0.233342,-0.062965,0.026479,-0.263563
sample,683,drone,17.061496,8.781917,-1.129064,2.172900,2.364405,-0.638012,0.268307,0.188005,-0.050731,0.021334,-0.263563
sample,684,drone,17.086476,8.841039,-1.145017,2.179609,2.368534,-0.639126,0.268776,0.142533,-0.038461,0.016174,-0.263563
sample,685,drone,17.111457,8.900250,-1.160995,2.186328,2.371526,-0.639933,0.269115,0.096957,-0.026163,0.011002,-0.263563
sample,686,drone,17.136437,8.959521,-1.176989,2.193054,2.373378,-0.640433,0.269326,0.051312,-0.013846,0.005823,-0.263563
sample,687,drone,17.161417,9.018825,-1.192991,2.199784,2.374089,-0.640625,0.269406,0.005629,-0.001519,0.000639,-0.263563
sample,688,drone,17.186397,9.078132,-1.208995,2.206514,2.373659,-0.640509,0.269358,-0.040057,0.010809,-0.004546,-0.263563
sample,689,drone,17.211378,9.137414,-1.224991,2.213241,2.372088,-0.640085,0.269179,-0.085715,0.023129,-0.009727,-0.263563
sample,690,drone,17.236358,9.196642,-1.240974,2.219962,2.369377,-0.639353,0.268872,-0.131310,0.035433,-0.014901,-0.263563
sample,691,drone,17.261338,9.255789,-1.256934,2.226674,2.365528,-0.638315,0.268435,-0.176811,0.047711,-0.020064,-0.263563
sample,692,drone,17.286318,9.314825,-1.272864,2.233373,2.360543,-0.636970,0.267869,-0.222184,0.059954,-0.025213,-0.263563
sample,693,drone,17.311298,9.373723,-1.288757,2.240057,2.354427,-0.635319,0.267175,-0.267397,0.072154,-0.030344,-0.263563
sample,694,drone,17.336279,9.432453,-1.304605,2.246721,2.347184,-0.633365,0.266353,-0.312415,0.084302,-0.035452,-0.263563
sample,695,drone,17.361259,9.490989,-1.320400,2.253364,2.338819,-0.631107,0.265404,-0.357207,0.096389,-0.040535,-0.263563
sample,696,drone,17.386239,9.549302,-1.336135,2.259981,2.329338,-0.628549,0.264328,-0.401740,0.108406,-0.045589,-0.263563
sample,697,drone,17.411219,9.607364,-1.351803,2.266570,2.318748,-0.625692,0.263126,-0.445979,0.120343,-0.050609,-0.263563
sample,698,drone,17.436200,9.665148,-1.367395,2.273127,2.307056,-0.622537,0.261800,-0.489894,0.132193,-0.055592,-0.263563
sample,699,drone,17.461180,9.722625,-1.382905,2.279649,2.294272,-0.619087,0.260349,-0.533449,0.143946,-0.060535,-0.263563
sample,700,drone,17.486160,9.779770,-1.398325,2.286134,2.280405,-0.615345,0.258775,-0.576614,0.155594,-0.065433,-0.263563
sample,701,drone,17.511140,9.836556,-1.413648,2.292578,2.265464,-0.611314,0.257080,-0.619353,0.167126,-0.070283,-0.263563
sample,702,drone,17.536121,9.892954,-1.428867,2.298978,2.249462,-0.606995,0.255264,-0.661636,0.178536,-0.075081,-0.263563
sample,703,drone,17.561101,9.948940,-1.443974,2.305331,2.232409,-0.602394,0.253329,-0.703428,0.189813,-0.079823,-0.263563
sample,704,drone,17.586081,10.004486,-1.458962,2.311634,2.214318,-0.597512,0.251276,-0.744696,0.200949,-0.084506,-0.263563
sample,705,drone,17.611061,10.059568,-1.473826,2.317885,2.195203,-0.592354,0.249107,-0.785409,0.211935,-0.089126,-0.263563
sample,706,drone,17.636041,10.114160,-1.488557,2.324080,2.175079,-0.586924,0.246823,-0.825532,0.222762,-0.093680,-0.263563
sample,707,drone,17.661022,10.168236,-1.503149,2.330216,2.153960,-0.581225,0.244427,-0.865033,0.233421,-0.098162,-0.263563
sample,708,drone,17.686002,10.221772,-1.517595,2.336291,2.131861,-0.575262,0.241919,-0.903879,0.243903,-0.102570,-0.263563
sample,709,drone,17.710982,10.274745,-1.531889,2.342303,2.108801,-0.569040,0.239302,-0.942036,0.254199,-0.106900,-0.263563
sample,710,drone,17.735962,10.327129,-1.546024,2.348247,2.084797,-0.562562,0.236578,-0.979473,0.264301,-0.111148,-0.263563
sample,711,drone,17.760943,10.378902,-1.559995,2.354122,2.059866,-0.555835,0.233749,-1.016155,0.274200,-0.115311,-0.263563
sample,712,drone,17.785923,10.430041,-1.573794,2.359925,2.034029,-0.548863,0.230817,-1.052051,0.283886,-0.119384,-0.263563
sample,713,drone,17.810903,10.480523,-1.587416,2.365654,2.007306,-0.541652,0.227785,-1.087126,0.293350,-0.123365,-0.263563
sample,714,drone,17.835883,10.530327,-1.600855,2.371305,1.979716,-0.534207,0.224654,-1.121349,0.302585,-0.127248,-0.263563
sample,715,drone,17.860863,10.579431,-1.614106,2.376878,1.951282,-0.526535,0.221427,-1.154685,0.311581,-0.131031,-0.263563
sample,716,drone,17.885844,10.627814,-1.627161,2.382368,1.922027,-0.518640,0.218107,-1.187103,0.320328,-0.134710,-0.263563
sample,717,drone,17.910824,10.675456,-1.640017,2.387774,1.891974,-0.510531,0.214697,-1.218569,0.328819,-0.138280,-0.263563
sample,718,drone,17.935804,10.722338,-1.652668,2.393094,1.861147,-0.502212,0.211199,-1.249050,0.337044,-0.141739,-0.263563
sample,719,drone,17.960784,10.768440,-1.665108,2.398326,1.829571,-0.493692,0.207616,-1.278513,0.344994,-0.145083,-0.263563
sample,720,drone,17.985765,10.813744,-1.677333,2.403467,1.797272,-0.484976,0.203950,-1.306926,0.352661,-0.148307,-0.263563
sample,721,drone,18.010745,10.858232,-1.689338,2.408515,1.764276,-0.476073,0.200206,-1.334255,0.360036,-0.151408,-0.263563
sample,722,drone,18.035725,10.901888,-1.701118,2.413469,1.730612,-0.466989,0.196386,-1.360468,0.367109,-0.154383,-0.263563
sample,723,drone,18.060705,10.944694,-1.712668,2.418327,1.696307,-0.457732,0.192493,-1.385530,0.373872,-0.157227,-0.263563
sample,724,drone,18.085686,10.986636,-1.723986,2.423086,1.661390,-0.448310,0.188531,-1.409411,0.380316,-0.159937,-0.263563
sample,725,drone,18.110666,11.027698,-1.735066,2.427746,1.625892,-0.438731,0.184503,-1.432075,0.386432,-0.162509,-0.263563
sample,726,drone,18.135646,11.067867,-1.745905,2.432304,1.589843,-0.429004,0.180412,-1.453491,0.392211,-0.164939,-0.263563
sample,727,drone,18.160626,11.107128,-1.756499,2.436759,1.553275,-0.419136,0.176262,-1.473626,0.397644,-0.167224,-0.263563
sample,728,drone,18.185606,11.145469,-1.766846,2.441110,1.516220,-0.409137,0.172057,-1.492447,0.402722,-0.169359,-0.263563
sample,729,drone,18.210587,11.182879,-1.776940,2.445356,1.478712,-0.399016,0.167801,-1.509920,0.407437,-0.171342,-0.263563
sample,730,drone,18.235567,11.219346,-1.786781,2.449494,1.440784,-0.388782,0.163497,-1.526012,0.411780,-0.173168,-0.263563
sample,731,drone,18.260547,11.254861,-1.796364,2.453524,1.402471,-0.378443,0.159149,-1.540692,0.415741,-0.174834,-0.263563
sample,732,drone,18.285527,11.289414,-1.805688,2.457445,1.363810,-0.368011,0.154762,-1.553925,0.419311,-0.176336,-0.263563
sample,733,drone,18.310508,11.322997,-1.814750,2.461256,1.324837,-0.357494,0.150339,-1.565679,0.422483,-0.177670,-0.263563
sample,734,drone,18.335488,11.355604,-1.823548,2.464956,1.285588,-0.346903,0.145886,-1.575920,0.425247,-0.178832,-0.263563
sample,735,drone,18.360468,11.387226,-1.832081,2.468544,1.246103,-0.336249,0.141405,-1.584617,0.427593,-0.179819,-0.263563
sample,736,drone,18.385448,11.417859,-1.840347,2.472021,1.206420,-0.325541,0.136902,-1.591735,0.429514,-0.180627,-0.263563
sample,737,drone,18.410429,11.447499,-1.848345,2.475384,1.166579,-0.314790,0.132381,-1.597243,0.431000,-0.181252,-0.263563
sample,738,drone,18.435409,11.476142,-1.856074,2.478634,1.126621,-0.304008,0.127846,-1.601106,0.432043,-0.181690,-0.263563
sample,739,drone,18.460389,11.503786,-1.863534,2.481771,1.086587,-0.293205,0.123303,-1.603293,0.432633,-0.181938,-0.263563
sample,740,drone,18.485369,11.530429,-1.870723,2.484795,1.046520,-0.282393,0.118757,-1.603769,0.432762,-0.181992,-0.263563
sample,741,drone,18.510349,11.556070,-1.877642,2.487705,1.006462,-0.271584,0.114211,-1.602503,0.432420,-0.181848,-0.263563
sample,742,drone,18.535330,11.580712,-1.884292,2.490501,0.966458,-0.260789,0.109671,-1.599461,0.431599,-0.181503,-0.263563
sample,743,drone,18.560310,11.604355,-1.890671,2.493184,0.926552,-0.250021,0.105143,-1.594609,0.430290,-0.180953,-0.263563
sample,744,drone,18.585290,11.627003,-1.896783,2.495754,0.886791,-0.239292,0.100631,-1.587917,0.428484,-0.180193,-0.263563
sample,745,drone,18.610270,11.648660,-1.902627,2.498211,0.847219,-0.228614,0.096141,-1.579349,0.426172,-0.179221,-0.263563
sample,746,drone,18.635251,11.669330,-1.908204,2.500557,0.807886,-0.218000,0.091677,-1.568874,0.423345,-0.178032,-0.263563
sample,747,drone,18.660231,11.689022,-1.913518,2.502792,0.768838,-0.207463,0.087246,-1.556457,0.419995,-0.176623,-0.263563
sample,748,drone,18.685211,11.707742,-1.918569,2.504916,0.730124,-0.197017,0.082853,-1.542068,0.416112,-0.174990,-0.263563
sample,749,drone,18.710191,11.725499,-1.923361,2.506931,0.691795,-0.186674,0.078503,-1.525672,0.411688,-0.173130,-0.263563
sample,750,drone,18.735171,11.742304,-1.927896,2.508838,0.653901,-0.176449,0.074203,-1.507236,0.406713,-0.171038,-0.263563
sample,751,drone,18.760152,11.758168,-1.932177,2.510638,0.616493,-0.166355,0.069958,-1.486727,0.401179,-0.168710,-0.263563
sample,752,drone,18.785132,11.773105,-1.936207,2.512333,0.579623,-0.156406,0.065774,-1.464113,0.395077,-0.166144,-0.263563
sample,753,drone,18.810112,11.787127,-1.939991,2.513924,0.543345,-0.146616,0.061658,-1.439361,0.388398,-0.163335,-0.263563
sample,754,drone,18.835092,11.800250,-1.943532,2.515413,0.507712,-0.137001,0.057614,-1.412437,0.381132,-0.160280,-0.263563
sample,755,drone,18.860073,11.812492,-1.946835,2.516803,0.472779,-0.127575,0.053650,-1.383309,0.373273,-0.156975,-0.263563
sample,756,drone,18.885053,11.823871,-1.949906,2.518094,0.438601,-0.118352,0.049772,-1.351944,0.364809,-0.153416,-0.263563
sample,757,drone,18.910033,11.834405,-1.952748,2.519289,0.405235,-0.109349,0.045985,-1.318308,0.355733,-0.149599,-0.263563
sample,758,drone,18.935013,11.844116,-1.955369,2.520391,0.372738,-0.100580,0.042297,-1.282369,0.346035,-0.145520,-0.263563
sample,759,drone,18.959994,11.853027,-1.957773,2.521402,0.341168,-0.092061,0.038715,-1.244094,0.335707,-0.141177,-0.263563
sample,760,drone,18.984974,11.861161,-1.959968,2.522326,0.310583,-0.083808,0.035244,-1.203450,0.324739,-0.136565,-0.263563
sample,761,drone,19.009954,11.868544,-1.961960,2.523163,0.281043,-0.075837,0.031892,-1.160403,0.313124,-0.131680,-0.263563
sample,762,drone,19.034934,11.875202,-1.963757,2.523919,0.252608,-0.068164,0.028665,-1.114922,0.300851,-0.126519,-0.263563
sample,763,drone,19.059914,11.881164,-1.965366,2.524595,0.225341,-0.060806,0.025571,-1.066972,0.287912,-0.121078,-0.263563
sample,764,drone,19.084895,11.886460,-1.966795,2.525196,0.199302,-0.053780,0.022616,-1.016521,0.274298,-0.115353,-0.263563
sample,765,drone,19.109875,11.891122,-1.968053,2.525725,0.174555,-0.047102,0.019808,-0.963537,0.260001,-0.109340,-0.263563
sample,766,drone,19.134855,11.895181,-1.969148,2.526186,0.151163,-0.040790,0.017154,-0.907985,0.245011,-0.103036,-0.263563
sample,767,drone,19.159835,11.898674,-1.970091,2.526582,0.129192,-0.034861,0.014660,-0.849833,0.229319,-0.096437,-0.263563
sample,768,drone,19.184816,11.901636,-1.970890,2.526918,0.108705,-0.029333,0.012336,-0.789049,0.212917,-0.089540,-0.263563
sample,769,drone,19.209796,11.904105,-1.971556,2.527199,0.089770,-0.024224,0.010187,-0.725599,0.195796,-0.082339,-0.263563
sample,770,drone,19.234776,11.906121,-1.972100,2.527427,0.072454,-0.019551,0.008222,-0.659450,0.177946,-0.074833,-0.263563
sample,771,drone,19.259756,11.907725,-1.972533,2.527609,0.056824,-0.015333,0.006448,-0.590569,0.159359,-0.067016,-0.263563
sample,772,drone,19.284737,11.908960,-1.972866,2.527750,0.042949,-0.011589,0.004874,-0.518923,0.140026,-0.058886,-0.263563
sample,773,drone,19.309717,11.909870,-1.973112,2.527853,0.030898,-0.008338,0.003506,-0.444480,0.119939,-0.050439,-0.263563
sample,774,drone,19.334697,11.910503,-1.973283,2.527925,0.020742,-0.005597,0.002354,-0.367206,0.099087,-0.041670,-0.263563
sample,775,drone,19.359677,11.910907,-1.973391,2.527971,0.012553,-0.003387,0.001424,-0.287069,0.077463,-0.032576,-0.263563
sample,776,drone,19.384657,11.911130,-1.973452,2.527996,0.006400,-0.001727,0.000726,-0.204035,0.055057,-0.023153,-0.263563
sample,777,drone,19.409638,11.911226,-1.973478,2.528007,0.002359,-0.000637,0.000268,-0.116994,0.035118,-0.014302,-0.263563
sample,778,drone,19.434618,11.911248,-1.973484,2.528009,0.000555,0.000027,0.000012,-0.013031,0.057908,-0.017208,0.049391
sample,779,drone,19.459598,11.911254,-1.973476,2.528007,0.001708,0.002257,-0.000592,0.123918,0.178751,-0.047299,0.922955
sample,780,drone,19.484578,11.911334,-1.973371,2.527980,0.006746,0.008958,-0.002351,0.283157,0.376202,-0.098755,0.925305
sample,781,drone,19.509559,11.911591,-1.973029,2.527890,0.015854,0.021052,-0.005526,0.441209,0.585845,-0.153778,0.925305
sample,782,drone,19.534539,11.912126,-1.972319,2.527704,0.028789,0.038227,-0.010034,0.589501,0.782751,-0.205464,0.925305
sample,783,drone,19.559519,11.913030,-1.971119,2.527389,0.045306,0.060158,-0.015791,0.728099,0.966783,-0.253770,0.925305
sample,784,drone,19.584499,11.914389,-1.969314,2.526915,0.065165,0.086528,-0.022713,0.857203,1.138211,-0.298768,0.925305
sample,785,drone,19.609479,11.916285,-1.966796,2.526254,0.088132,0.117024,-0.030718,0.977015,1.297300,-0.340527,0.925305
sample,786,drone,19.634460,11.918792,-1.963467,2.525380,0.113978,0.151342,-0.039726,1.087737,1.444318,-0.379118,0.925305
sample,787,drone,19.659440,11.921980,-1.959235,2.524269,0.142476,0.189183,-0.049658,1.189569,1.579532,-0.414610,0.925305
sample,788,drone,19.684420,11.925911,-1.954015,2.522899,0.173409,0.230256,-0.060440,1.282712,1.703210,-0.447074,0.925305
sample,789,drone,19.709400,11.930643,-1.947731,2.521250,0.206561,0.274276,-0.071994,1.367369,1.815618,-0.476580,0.925305
sample,790,drone,19.734381,11.936230,-1.940312,2.519302,0.241723,0.320965,-0.084250,1.443740,1.917025,-0.503198,0.925305
sample,791,drone,19.759361,11.942720,-1.931696,2.517040,0.278691,0.370051,-0.097134,1.512026,2.007697,-0.526999,0.925305
sample,792,drone,19.784341,11.950154,-1.921824,2.514449,0.317265,0.421270,-0.110579,1.572429,2.087901,-0.548051,0.925305
sample,793,drone,19.809321,11.958571,-1.910649,2.511516,0.357250,0.474364,-0.124515,1.625151,2.157906,-0.566427,0.925305
sample,794,drone,19.834302,11.968002,-1.898125,2.508228,0.398458,0.529080,-0.138878,1.670391,2.217977,-0.582195,0.925305
sample,795,drone,19.859282,11.978478,-1.884216,2.504577,0.440704,0.585175,-0.153602,1.708352,2.268383,-0.595426,0.925305
sample,796,drone,19.884262,11.990020,-1.868889,2.500554,0.483808,0.642410,-0.168626,1.739236,2.309390,-0.606190,0.925305
sample,797,drone,19.909242,12.002649,-1.852121,2.496153,0.527597,0.700553,-0.183888,1.763242,2.341266,-0.614557,0.925305
sample,798,drone,19.934222,12.016379,-1.833889,2.491367,0.571901,0.759380,-0.199329,1.780573,2.364279,-0.620597,0.925305
sample,799,drone,19.959203,12.031221,-1.814182,2.486194,0.616555,0.818674,-0.214893,1.791430,2.378695,-0.624381,0.925305
sample,800,drone,19.984183,12.047182,-1.792988,2.480631,0.661401,0.878221,-0.230524,1.796014,2.384781,-0.625979,0.925305
sample,801,drone,20.009163,12.064265,-1.770305,2.474677,0.706285,0.937818,-0.246167,1.794526,2.382805,-0.625460,0.925305
sample,802,drone,20.034143,12.082469,-1.746134,2.468333,0.751057,0.997267,-0.261772,1.787167,2.373035,-0.622896,0.925305
sample,803,drone,20.059124,12.101788,-1.720481,2.461599,0.795572,1.056376,-0.277287,1.774140,2.355736,-0.618355,0.925305
sample,804,drone,20.084104,12.122216,-1.693357,2.454479,0.839693,1.114961,-0.292665,1.755644,2.331178,-0.611909,0.925305
sample,805,drone,20.109084,12.143740,-1.664777,2.446977,0.883285,1.172843,-0.307859,1.731882,2.299626,-0.603627,0.925305
sample,806,drone,20.134064,12.166345,-1.634762,2.439098,0.926219,1.229851,-0.322823,1.703055,2.261349,-0.593580,0.925305
sample,807,drone,20.159045,12.190014,-1.603333,2.430849,0.968371,1.285821,-0.337514,1.669364,2.216613,-0.581837,0.925305
sample,808,drone,20.184025,12.214726,-1.570521,2.422236,1.009621,1.340594,-0.351891,1.631010,2.165686,-0.568469,0.925305
sample,809,drone,20.209005,12.240455,-1.536357,2.413268,1.049857,1.394020,-0.365915,1.588195,2.108835,-0.553546,0.925305
sample,810,drone,20.233985,12.267177,-1.500875,2.403955,1.088968,1.445953,-0.379547,1.541119,2.046327,-0.537139,0.925305
sample,811,drone,20.258965,12.294861,-1.464116,2.394306,1.126852,1.496255,-0.392751,1.489984,1.978429,-0.519316,0.925305
sample,812,drone,20.283946,12.323475,-1.426122,2.384333,1.163408,1.544796,-0.405492,1.434992,1.905410,-0.500149,0.925305
sample,813,drone,20.308926,12.352985,-1.386938,2.374047,1.198545,1.591450,-0.417738,1.376344,1.827535,-0.479708,0.925305
sample,814,drone,20.333906,12.383355,-1.346612,2.363462,1.232171,1.636100,-0.429459,1.314240,1.745073,-0.458063,0.925305
sample,815,drone,20.358886,12.414545,-1.305197,2.352591,1.264205,1.678635,-0.440623,1.248882,1.658290,-0.435283,0.925305
sample,816,drone,20.383867,12.446515,-1.262747,2.341449,1.294566,1.718949,-0.451205,1.180472,1.567454,-0.411440,0.925305
sample,817,drone,20.408847,12.479222,-1.219318,2.330049,1.323182,1.756946,-0.461179,1.109211,1.472832,-0.386602,0.925305
sample,818,drone,20.433827,12.512622,-1.174969,2.318408,1.349983,1.792533,-0.470520,1.035300,1.374691,-0.360841,0.925305
sample,819,drone,20.458807,12.546668,-1.129762,2.306542,1.374906,1.825626,-0.479207,0.958940,1.273299,-0.334227,0.925305
sample,820,drone,20.483787,12.581313,-1.083760,2.294467,1.397892,1.856147,-0.487218,0.880333,1.168923,-0.306829,0.925305
sample,821,drone,20.508768,12.616507,-1.037028,2.282200,1.418887,1.884026,-0.494536,0.799679,1.061829,-0.278719,0.925305
sample,822,drone,20.533748,12.652201,-0.989633,2.269759,1.437844,1.909197,-0.501143,0.717181,0.952287,-0.249965,0.925305
sample,823,drone,20.558728,12.688342,-0.941644,2.257163,1.454718,1.931602,-0.507025,0.633039,0.840561,-0.220638,0.925305
sample,824,drone,20.583708,12.724879,-0.893130,2.244428,1.469471,1.951191,-0.512167,0.547455,0.726921,-0.190809,0.925305
sample,825,drone,20.608689,12.761758,-0.844161,2.231574,1.482069,1.967920,-0.516558,0.460630,0.611633,-0.160547,0.925305
sample,826,drone,20.633669,12.798924,-0.794811,2.218621,1.492484,1.981749,-0.520188,0.372765,0.494964,-0.129923,0.925305
sample,827,drone,20.658649,12.836323,-0.745152,2.205586,1.500693,1.992648,-0.523049,0.284061,0.377182,-0.099006,0.925305
sample,828,drone,20.683629,12.873899,-0.695258,2.192489,1.506676,2.000593,-0.525134,0.194720,0.258553,-0.067867,0.925305
sample,829,drone,20.708610,12.911597,-0.645202,2.179350,1.510421,2.005566,-0.526439,0.104944,0.139346,-0.036577,0.925305
sample,830,drone,20.733590,12.949361,-0.595059,2.166188,1.511919,2.007555,-0.526961,0.014932,0.019828,-0.005205,0.925305
sample,831,drone,20.758570,12.987133,-0.544903,2.153023,1.511167,2.006556,-0.526699,-0.075112,-0.099735,0.026179,0.925305
sample,832,drone,20.783550,13.024859,-0.494810,2.139874,1.508166,2.002572,-0.525653,-0.164989,-0.219075,0.057505,0.925305
sample,833,drone,20.808530,13.062482,-0.444854,2.126761,1.502924,1.995611,-0.523826,-0.254497,-0.337925,0.088702,0.925305
sample,834,drone,20.833511,13.099946,-0.395109,2.113703,1.495452,1.985689,-0.521222,-0.343434,-0.456018,0.119700,0.925305
sample,835,drone,20.858491,13.137196,-0.345648,2.100720,1.485766,1.972828,-0.517846,-0.431599,-0.573085,0.150429,0.925305
sample,836,drone,20.883471,13.174176,-0.296545,2.087831,1.473889,1.957058,-0.513706,-0.518791,-0.688861,0.180819,0.925305
sample,837,drone,20.908451,13.210832,-0.247873,2.075055,1.459847,1.938413,-0.508812,-0.604809,-0.803077,0.210799,0.925305
sample,838,drone,20.933432,13.247110,-0.199701,2.062411,1.443672,1.916935,-0.503175,-0.689452,-0.915467,0.240300,0.925305
sample,839,drone,20.958412,13.282958,-0.152102,2.049916,1.425402,1.892675,-0.496807,-0.772518,-1.025763,0.269252,0.925305
sample,840,drone,20.983392,13.318324,-0.105142,2.037590,1.405077,1.865688,-0.489723,-0.853805,-1.133699,0.297584,0.925305
sample,841,drone,21.008372,13.353157,-0.058891,2.025450,1.382745,1.836035,-0.481939,-0.933113,-1.239005,0.325225,0.925305
sample,842,drone,21.033353,13.387407,-0.013413,2.013512,1.358458,1.803787,-0.473474,-1.010241,-1.341417,0.352107,0.925305
sample,843,drone,21.058333,13.421026,0.031227,2.001795,1.332273,1.769017,-0.464348,-1.084986,-1.440665,0.378159,0.925305
sample,844,drone,21.083313,13.453968,0.074968,1.990313,1.304252,1.731810,-0.454581,-1.157148,-1.536484,0.403310,0.925305
sample,845,drone,21.108293,13.486187,0.117749,1.979083,1.274461,1.692254,-0.444198,-1.226526,-1.628605,0.427491,0.925305
sample,846,drone,21.133273,13.517640,0.159514,1.968121,1.242974,1.650444,-0.433224,-1.292918,-1.716761,0.450631,0.925305
sample,847,drone,21.158254,13.548286,0.200206,1.957439,1.209867,1.606484,-0.421685,-1.356123,-1.800686,0.472660,0.925305
sample,848,drone,21.183234,13.578086,0.239774,1.947053,1.175221,1.560481,-0.409609,-1.415940,-1.880112,0.493509,0.925305
sample,849,drone,21.208214,13.607001,0.278168,1.936975,1.139126,1.512553,-0.397029,-1.472167,-1.954771,0.513106,0.925305
sample,850,drone,21.233194,13.634997,0.315342,1.927217,1.101671,1.462820,-0.383974,-1.524603,-2.024396,0.531382,0.925305
sample,851,drone,21.258175,13.662041,0.351252,1.917792,1.062956,1.411413,-0.370481,-1.573047,-2.088721,0.548267,0.925305
sample,852,drone,21.283155,13.688103,0.385857,1.908708,1.023081,1.358467,-0.356583,-1.617297,-2.147478,0.563690,0.925305
sample,853,drone,21.308135,13.713155,0.419121,1.899977,0.982155,1.304124,-0.342318,-1.657153,-2.200399,0.577581,0.925305
sample,854,drone,21.333115,13.737172,0.451012,1.891606,0.940289,1.248534,-0.327727,-1.692412,-2.247217,0.589870,0.925305
sample,855,drone,21.358095,13.760132,0.481499,1.883603,0.897601,1.191852,-0.312848,-1.722875,-2.287666,0.600487,0.925305
sample,856,drone,21.383076,13.782016,0.510557,1.875976,0.854214,1.134241,-0.297726,-1.748339,-2.321477,0.609363,0.925305
sample,857,drone,21.408056,13.802809,0.538166,1.868729,0.810253,1.075870,-0.282404,-1.768603,-2.348384,0.616425,0.925305
sample,858,drone,21.433036,13.822497,0.564308,1.861867,0.765853,1.016915,-0.266929,-1.783466,-2.368120,0.621606,0.925305
sample,859,drone,21.458016,13.841071,0.588971,1.855393,0.721151,0.957558,-0.251348,-1.792726,-2.380416,0.624833,0.925305
sample,860,drone,21.482997,13.858526,0.612148,1.849309,0.676288,0.897988,-0.235712,-1.796183,-2.385006,0.626038,0.925305
sample,861,drone,21.507977,13.874859,0.633835,1.843616,0.631413,0.838402,-0.220071,-1.793635,-2.381623,0.625150,0.925305
sample,862,drone,21.532957,13.890072,0.654035,1.838314,0.586677,0.779001,-0.204479,-1.784881,-2.369999,0.622099,0.925305
sample,863,drone,21.557937,13.904169,0.672754,1.833401,0.542239,0.719995,-0.188991,-1.769719,-2.349866,0.616814,0.925305
sample,864,drone,21.582918,13.917162,0.690006,1.828872,0.498261,0.661601,-0.173663,-1.747948,-2.320959,0.609227,0.925305
sample,865,drone,21.607898,13.929063,0.705808,1.824724,0.454911,0.604039,-0.158554,-1.719368,-2.283009,0.599265,0.925305
sample,866,drone,21.632878,13.939890,0.720184,1.820951,0.412361,0.547540,-0.143723,-1.683776,-2.235750,0.586860,0.925305
sample,867,drone,21.657858,13.949665,0.733164,1.817544,0.370789,0.492340,-0.129234,-1.640971,-2.178913,0.571941,0.925305
sample,868,drone,21.682838,13.958414,0.744782,1.814494,0.330377,0.438681,-0.115149,-1.590753,-2.112232,0.554438,0.925305
sample,869,drone,21.707819,13.966170,0.755080,1.811791,0.291314,0.386812,-0.101534,-1.532919,-2.035439,0.534281,0.925305
sample,870,drone,21.732799,13.972968,0.764107,1.809422,0.253792,0.336989,-0.088456,-1.467269,-1.948268,0.511399,0.925305
sample,871,drone,21.757779,13.978850,0.771916,1.807372,0.218008,0.289476,-0.075984,-1.393602,-1.850451,0.485723,0.925305
sample,872,drone,21.782759,13.983860,0.778569,1.805625,0.184167,0.244540,-0.064189,-1.311715,-1.741720,0.457183,0.925305
sample,873,drone,21.807740,13.988051,0.784134,1.804165,0.152474,0.202458,-0.053143,-1.221408,-1.621809,0.425707,0.925305
sample,874,drone,21.832720,13.991478,0.788684,1.802970,0.123145,0.163514,-0.042921,-1.122479,-1.490449,0.391227,0.925305
sample,875,drone,21.857700,13.994203,0.792303,1.802020,0.096395,0.127995,-0.033597,-1.014728,-1.347375,0.353671,0.925305
sample,876,drone,21.882680,13.996294,0.795079,1.801292,0.072448,0.096198,-0.025251,-0.897953,-1.192319,0.312971,0.925305
sample,877,drone,21.907661,13.997823,0.797109,1.800759,0.051533,0.068426,-0.017961,-0.771952,-1.025012,0.269055,0.925305
sample,878,drone,21.932641,13.998869,0.798498,1.800394,0.033881,0.044988,-0.011809,-0.636524,-0.845189,0.221853,0.925305
sample,879,drone,21.957621,13.999516,0.799357,1.800169,0.019732,0.026200,-0.006877,-0.491469,-0.652582,0.171296,0.925305
sample,880,drone,21.982601,13.999854,0.799807,1.800051,0.009327,0.012385,-0.003251,-0.336584,-0.446923,0.117312,0.925305
sample,881,drone,22.007581,13.999982,0.799975,1.800006,0.002916,0.003872,-0.001016,-0.171887,-0.228234,0.059909,0.925305
sample,882,drone,22.032562,14.000000,0.800000,1.800000,0.000740,0.000982,-0.000258,-0.087114,-0.115671,0.030362,0.925304
