section,index,name,t,x,y,z,vx,vy,vz,ax,ay,az,yaw
crossing,1,G2,3.750001,4.394624,-1.007659,1.420755,,,,,,
crossing,2,G4,7.000002,7.440960,1.660094,1.827416,,,,,,
crossing,3,G6,11.500003,12.040856,-2.760557,2.184081,,,,,,
crossing,4,G3,16.250003,6.363925,-1.285083,1.422013,,,,,,
crossing,5,G5,20.000004,9.862868,1.256275,1.944620,,,,,,
crossing,6,G1,26.250005,2.118523,2.847248,1.942662,,,,,,
sample,0,drone,0.000000,0.000000,-1.000000,1.200000,0.000515,-0.000001,0.000026,0.061008,-0.000106,0.003065,-0.001743
sample,1,drone,0.024982,0.000013,-1.000000,1.200001,0.002039,-0.000004,0.000102,0.120888,-0.000211,0.006073,-0.001743
sample,2,drone,0.049964,0.000102,-1.000000,1.200005,0.006555,-0.000011,0.000329,0.238306,-0.000415,0.011971,-0.001743
sample,3,drone,0.074945,0.000340,-1.000001,1.200017,0.013946,-0.000024,0.000701,0.350968,-0.000612,0.017630,-0.001743
sample,4,drone,0.099927,0.000799,-1.000001,1.200040,0.024091,-0.000042,0.001210,0.458837,-0.000800,0.023049,-0.001743
sample,5,drone,0.124909,0.001544,-1.000003,1.200078,0.036871,-0.000064,0.001852,0.561979,-0.000979,0.028230,-0.001743
sample,6,drone,0.149891,0.002641,-1.000005,1.200133,0.052169,-0.000091,0.002621,0.660461,-0.001151,0.033177,-0.001743
sample,7,drone,0.174872,0.004151,-1.000007,1.200208,0.069870,-0.000122,0.003510,0.754350,-0.001315,0.037893,-0.001743
sample,8,drone,0.199854,0.006132,-1.000011,1.200308,0.089859,-0.000157,0.004514,0.843711,-0.001470,0.042382,-0.001743
sample,9,drone,0.224836,0.008640,-1.000015,1.200434,0.112024,-0.000195,0.005627,0.928611,-0.001618,0.046647,-0.001743
sample,10,drone,0.249818,0.011729,-1.000020,1.200589,0.136256,-0.000237,0.006845,1.009118,-0.001759,0.050691,-0.001743
sample,11,drone,0.274799,0.015448,-1.000027,1.200776,0.162444,-0.000283,0.008160,1.085297,-0.001891,0.054518,-0.001743
sample,12,drone,0.299781,0.019845,-1.000035,1.200997,0.190481,-0.000332,0.009568,1.157215,-0.002017,0.058130,-0.001743
sample,13,drone,0.324763,0.024965,-1.000044,1.201254,0.220262,-0.000384,0.011064,1.224938,-0.002135,0.061532,-0.001743
sample,14,drone,0.349745,0.030850,-1.000054,1.201550,0.251683,-0.000439,0.012643,1.288533,-0.002246,0.064727,-0.001743
sample,15,drone,0.374727,0.037540,-1.000065,1.201886,0.284642,-0.000496,0.014298,1.348067,-0.002349,0.067717,-0.001743
sample,16,drone,0.399708,0.045072,-1.000079,1.202264,0.319037,-0.000556,0.016026,1.403606,-0.002446,0.070507,-0.001743
sample,17,drone,0.424690,0.053480,-1.000093,1.202686,0.354771,-0.000618,0.017821,1.455216,-0.002536,0.073100,-0.001743
sample,18,drone,0.449672,0.062798,-1.000109,1.203155,0.391745,-0.000683,0.019679,1.502964,-0.002619,0.075498,-0.001743
sample,19,drone,0.474654,0.073053,-1.000127,1.203670,0.429864,-0.000749,0.021593,1.546917,-0.002696,0.077706,-0.001743
sample,20,drone,0.499635,0.084275,-1.000147,1.204233,0.469035,-0.000817,0.023561,1.587141,-0.002766,0.079727,-0.001743
sample,21,drone,0.524617,0.096488,-1.000168,1.204847,0.509163,-0.000887,0.025577,1.623703,-0.002830,0.081564,-0.001743
sample,22,drone,0.549599,0.109715,-1.000191,1.205511,0.550160,-0.000959,0.027636,1.656669,-0.002887,0.083220,-0.001743
sample,23,drone,0.574581,0.123976,-1.000216,1.206228,0.591937,-0.001032,0.029735,1.686105,-0.002939,0.084698,-0.001743
sample,24,drone,0.599562,0.139290,-1.000243,1.206997,0.634404,-0.001106,0.031868,1.712079,-0.002984,0.086003,-0.001743
sample,25,drone,0.624544,0.155673,-1.000271,1.207820,0.677478,-0.001181,0.034032,1.734657,-0.003023,0.087137,-0.001743
sample,26,drone,0.649526,0.173139,-1.000302,1.208697,0.721074,-0.001257,0.036222,1.753904,-0.003057,0.088104,-0.001743
sample,27,drone,0.674508,0.191700,-1.000334,1.209630,0.765109,-0.001333,0.038434,1.769889,-0.003085,0.088907,-0.001743
sample,28,drone,0.699490,0.211367,-1.000368,1.210618,0.809504,-0.001411,0.040664,1.782677,-0.003107,0.089549,-0.001743
sample,29,drone,0.724471,0.232146,-1.000405,1.211661,0.854178,-0.001489,0.042908,1.792334,-0.003124,0.090034,-0.001743
sample,30,drone,0.749453,0.254044,-1.000443,1.212761,0.899055,-0.001567,0.045162,1.798928,-0.003135,0.090366,-0.001743
sample,31,drone,0.774435,0.277066,-1.000483,1.213918,0.944059,-0.001645,0.047423,1.802525,-0.003141,0.090546,-0.001743
sample,32,drone,0.799417,0.301213,-1.000525,1.215131,0.989116,-0.001724,0.049686,1.803191,-0.003143,0.090580,-0.001743
sample,33,drone,0.824398,0.326486,-1.000569,1.216400,1.034153,-0.001802,0.051949,1.800993,-0.003139,0.090469,-0.001743
sample,34,drone,0.849380,0.352883,-1.000615,1.217726,1.079100,-0.001881,0.054206,1.795997,-0.003130,0.090218,-0.001743
sample,35,drone,0.874362,0.380401,-1.000663,1.219109,1.123887,-0.001959,0.056456,1.788271,-0.003117,0.089830,-0.001743
sample,36,drone,0.899344,0.409036,-1.000713,1.220547,1.168448,-0.002036,0.058695,1.777880,-0.003099,0.089308,-0.001743
sample,37,drone,0.924325,0.438781,-1.000765,1.222041,1.212716,-0.002114,0.060918,1.764891,-0.003076,0.088656,-0.001743
sample,38,drone,0.949307,0.469628,-1.000818,1.223591,1.256628,-0.002190,0.063124,1.749370,-0.003049,0.087876,-0.001743
sample,39,drone,0.974289,0.501567,-1.000874,1.225195,1.300121,-0.002266,0.065309,1.731384,-0.003018,0.086973,-0.001743
sample,40,drone,0.999271,0.534587,-1.000932,1.226854,1.343134,-0.002341,0.067470,1.711000,-0.002982,0.085949,-0.001743
sample,41,drone,1.024253,0.568675,-1.000991,1.228566,1.385609,-0.002415,0.069603,1.688285,-0.002942,0.084808,-0.001743
sample,42,drone,1.049234,0.603816,-1.001052,1.230332,1.427487,-0.002488,0.071707,1.663303,-0.002899,0.083553,-0.001743
sample,43,drone,1.074216,0.639997,-1.001115,1.232149,1.468713,-0.002560,0.073778,1.636123,-0.002851,0.082187,-0.001743
sample,44,drone,1.099198,0.677199,-1.001180,1.234018,1.509233,-0.002630,0.075813,1.606810,-0.002800,0.080715,-0.001743
sample,45,drone,1.124180,0.715403,-1.001247,1.235937,1.548995,-0.002700,0.077811,1.575432,-0.002746,0.079139,-0.001743
sample,46,drone,1.149161,0.754592,-1.001315,1.237905,1.587948,-0.002768,0.079767,1.542054,-0.002688,0.077462,-0.001743
sample,47,drone,1.174143,0.794743,-1.001385,1.239922,1.626042,-0.002834,0.081681,1.506744,-0.002626,0.075688,-0.001743
sample,48,drone,1.199125,0.835835,-1.001457,1.241987,1.663230,-0.002899,0.083549,1.469567,-0.002561,0.073821,-0.001743
sample,49,drone,1.224107,0.877844,-1.001530,1.244097,1.699466,-0.002962,0.085369,1.430590,-0.002493,0.071863,-0.001743
sample,50,drone,1.249088,0.920746,-1.001605,1.246252,1.734707,-0.003023,0.087140,1.389881,-0.002422,0.069818,-0.001743
sample,51,drone,1.274070,0.964516,-1.001681,1.248451,1.768910,-0.003083,0.088858,1.347504,-0.002348,0.067689,-0.001743
sample,52,drone,1.299052,1.009127,-1.001759,1.250692,1.802033,-0.003141,0.090522,1.303528,-0.002272,0.065480,-0.001743
sample,53,drone,1.324034,1.054552,-1.001838,1.252973,1.834039,-0.003196,0.092129,1.258017,-0.002193,0.063194,-0.001743
sample,54,drone,1.349015,1.100762,-1.001918,1.255295,1.864888,-0.003250,0.093679,1.211040,-0.002111,0.060834,-0.001743
sample,55,drone,1.373997,1.147728,-1.002000,1.257654,1.894546,-0.003302,0.095169,1.162662,-0.002026,0.058404,-0.001743
sample,56,drone,1.398979,1.195420,-1.002083,1.260050,1.922979,-0.003351,0.096597,1.112950,-0.001940,0.055907,-0.001743
sample,57,drone,1.423961,1.243807,-1.002168,1.262480,1.950153,-0.003399,0.097962,1.061970,-0.001851,0.053346,-0.001743
sample,58,drone,1.448943,1.292857,-1.002253,1.264944,1.976039,-0.003444,0.099262,1.009790,-0.001760,0.050725,-0.001743
sample,59,drone,1.473924,1.342537,-1.002340,1.267440,2.000606,-0.003487,0.100497,0.956474,-0.001667,0.048047,-0.001743
sample,60,drone,1.498906,1.392814,-1.002427,1.269965,2.023828,-0.003527,0.101663,0.902091,-0.001572,0.045315,-0.001743
sample,61,drone,1.523888,1.443655,-1.002516,1.272519,2.045678,-0.003565,0.102761,0.846707,-0.001476,0.042533,-0.001743
sample,62,drone,1.548870,1.495023,-1.002606,1.275100,2.066132,-0.003601,0.103788,0.790387,-0.001378,0.039704,-0.001743
sample,63,drone,1.573851,1.546886,-1.002696,1.277705,2.085168,-0.003634,0.104744,0.733199,-0.001278,0.036831,-0.001743
sample,64,drone,1.598833,1.599206,-1.002787,1.280333,2.102765,-0.003665,0.105628,0.675209,-0.001177,0.033918,-0.001743
sample,65,drone,1.623815,1.651947,-1.002879,1.282982,2.118904,-0.003693,0.106439,0.616483,-0.001074,0.030968,-0.001743
sample,66,drone,1.648797,1.705074,-1.002972,1.285651,2.133567,-0.003718,0.107176,0.557089,-0.000971,0.027984,-0.001743
sample,67,drone,1.673778,1.758548,-1.003065,1.288337,2.146738,-0.003741,0.107837,0.497093,-0.000866,0.024970,-0.001743
sample,68,drone,1.698760,1.812332,-1.003159,1.291039,2.158403,-0.003762,0.108423,0.436560,-0.000761,0.021930,-0.001743
sample,69,drone,1.723742,1.866389,-1.003253,1.293754,2.168550,-0.003779,0.108933,0.375559,-0.000655,0.018865,-0.001743
sample,70,drone,1.748724,1.920681,-1.003347,1.296482,2.177168,-0.003794,0.109366,0.314154,-0.000548,0.015781,-0.001743
sample,71,drone,1.773706,1.975168,-1.003442,1.299219,2.184246,-0.003807,0.109721,0.252413,-0.000440,0.012679,-0.001743
sample,72,drone,1.798687,2.029814,-1.003538,1.301964,2.189779,-0.003816,0.109999,0.190403,-0.000332,0.009565,-0.001743
sample,73,drone,1.823669,2.084577,-1.003633,1.304715,2.193760,-0.003823,0.110199,0.128189,-0.000223,0.006439,-0.001743
sample,74,drone,1.848651,2.139421,-1.003729,1.307470,2.196184,-0.003828,0.110321,0.065839,-0.000115,0.003307,-0.001743
sample,75,drone,1.873633,2.194307,-1.003824,1.310227,2.197049,-0.003829,0.110364,0.003418,-0.000006,0.000172,-0.001743
sample,76,drone,1.898614,2.249194,-1.003920,1.312984,2.196355,-0.003828,0.110330,-0.059006,0.000103,-0.002964,-0.001743
sample,77,drone,1.923596,2.304044,-1.004016,1.315739,2.194101,-0.003824,0.110216,-0.121367,0.000212,-0.006097,-0.001743
sample,78,drone,1.948578,2.358819,-1.004111,1.318491,2.190291,-0.003817,0.110025,-0.183599,0.000320,-0.009223,-0.001743
sample,79,drone,1.973560,2.413479,-1.004206,1.321236,2.184928,-0.003808,0.109756,-0.245635,0.000428,-0.012339,-0.001743
sample,80,drone,1.998541,2.467986,-1.004301,1.323974,2.178018,-0.003796,0.109408,-0.307408,0.000536,-0.015442,-0.001743
sample,81,drone,2.023523,2.522300,-1.004396,1.326703,2.169569,-0.003781,0.108984,-0.368853,0.000643,-0.018529,-0.001743
sample,82,drone,2.048505,2.576385,-1.004490,1.329420,2.159589,-0.003764,0.108483,-0.429902,0.000749,-0.021595,-0.001743
sample,83,drone,2.073487,2.630201,-1.004584,1.332123,2.148089,-0.003744,0.107905,-0.490489,0.000855,-0.024639,-0.001743
sample,84,drone,2.098469,2.683711,-1.004677,1.334811,2.135082,-0.003721,0.107252,-0.550547,0.000960,-0.027656,-0.001743
sample,85,drone,2.123450,2.736877,-1.004770,1.337482,2.120582,-0.003696,0.106523,-0.610011,0.001063,-0.030643,-0.001743
sample,86,drone,2.148432,2.789663,-1.004862,1.340133,2.104604,-0.003668,0.105721,-0.668813,0.001166,-0.033596,-0.001743
sample,87,drone,2.173414,2.842031,-1.004953,1.342764,2.087166,-0.003638,0.104845,-0.726887,0.001267,-0.036514,-0.001743
sample,88,drone,2.198396,2.893945,-1.005044,1.345372,2.068286,-0.003605,0.103896,-0.784166,0.001367,-0.039391,-0.001743
sample,89,drone,2.223377,2.945370,-1.005133,1.347955,2.047986,-0.003569,0.102877,-0.840584,0.001465,-0.042225,-0.001743
sample,90,drone,2.248359,2.996270,-1.005222,1.350512,2.026288,-0.003531,0.101787,-0.896074,0.001562,-0.045013,-0.001743
sample,91,drone,2.273341,3.046610,-1.005310,1.353040,2.003215,-0.003491,0.100628,-0.950570,0.001657,-0.047750,-0.001743
sample,92,drone,2.298323,3.096357,-1.005396,1.355539,1.978794,-0.003449,0.099401,-1.004006,0.001750,-0.050434,-0.001743
sample,93,drone,2.323304,3.145478,-1.005482,1.358007,1.953051,-0.003404,0.098108,-1.056314,0.001841,-0.053062,-0.001743
sample,94,drone,2.348286,3.193939,-1.005566,1.360441,1.926017,-0.003357,0.096750,-1.107428,0.001930,-0.055629,-0.001743
sample,95,drone,2.373268,3.241708,-1.005650,1.362841,1.897720,-0.003307,0.095328,-1.157282,0.002017,-0.058134,-0.001743
sample,96,drone,2.398250,3.288756,-1.005732,1.365204,1.868195,-0.003256,0.093845,-1.205810,0.002102,-0.060571,-0.001743
sample,97,drone,2.423232,3.335050,-1.005812,1.367530,1.837474,-0.003202,0.092302,-1.252944,0.002184,-0.062939,-0.001743
sample,98,drone,2.448213,3.380562,-1.005892,1.369816,1.805593,-0.003147,0.090700,-1.298618,0.002263,-0.065234,-0.001743
sample,99,drone,2.473195,3.425264,-1.005970,1.372061,1.772590,-0.003089,0.089043,-1.342766,0.002340,-0.067451,-0.001743
sample,100,drone,2.498177,3.469127,-1.006046,1.374265,1.738504,-0.003030,0.087330,-1.385320,0.002414,-0.069589,-0.001743
sample,101,drone,2.523159,3.512126,-1.006121,1.376425,1.703375,-0.002969,0.085566,-1.426216,0.002486,-0.071643,-0.001743
sample,102,drone,2.548140,3.554234,-1.006194,1.378540,1.667245,-0.002906,0.083751,-1.465385,0.002554,-0.073611,-0.001743
sample,103,drone,2.573122,3.595427,-1.006266,1.380609,1.630159,-0.002841,0.081888,-1.502763,0.002619,-0.075488,-0.001743
sample,104,drone,2.598104,3.635682,-1.006336,1.382631,1.592162,-0.002775,0.079979,-1.538281,0.002681,-0.077273,-0.001743
sample,105,drone,2.623086,3.674977,-1.006405,1.384605,1.553301,-0.002707,0.078027,-1.571873,0.002740,-0.078960,-0.001743
sample,106,drone,2.648067,3.713291,-1.006472,1.386530,1.513625,-0.002638,0.076034,-1.603474,0.002795,-0.080547,-0.001743
sample,107,drone,2.673049,3.750603,-1.006537,1.388404,1.473186,-0.002568,0.074003,-1.633016,0.002846,-0.082031,-0.001743
sample,108,drone,2.698031,3.786896,-1.006600,1.390227,1.432034,-0.002496,0.071935,-1.660433,0.002894,-0.083409,-0.001743
sample,109,drone,2.723013,3.822153,-1.006661,1.391998,1.390225,-0.002423,0.069835,-1.685658,0.002938,-0.084676,-0.001743
sample,110,drone,2.747995,3.856357,-1.006721,1.393717,1.347813,-0.002349,0.067705,-1.708625,0.002978,-0.085829,-0.001743
sample,111,drone,2.772976,3.889494,-1.006779,1.395381,1.304856,-0.002274,0.065547,-1.729268,0.003014,-0.086866,-0.001743
sample,112,drone,2.797958,3.921552,-1.006835,1.396991,1.261412,-0.002198,0.063365,-1.747520,0.003046,-0.087783,-0.001743
sample,113,drone,2.822940,3.952519,-1.006889,1.398547,1.217543,-0.002122,0.061161,-1.763313,0.003073,-0.088577,-0.001743
sample,114,drone,2.847922,3.982385,-1.006941,1.400047,1.173311,-0.002045,0.058939,-1.776583,0.003096,-0.089243,-0.001743
sample,115,drone,2.872903,4.011141,-1.006991,1.401492,1.128779,-0.001967,0.056702,-1.787262,0.003115,-0.089780,-0.001743
sample,116,drone,2.897885,4.038782,-1.007039,1.402880,1.084013,-0.001889,0.054453,-1.795283,0.003129,-0.090183,-0.001743
sample,117,drone,2.922867,4.065303,-1.007085,1.404213,1.039080,-0.001811,0.052196,-1.800581,0.003138,-0.090449,-0.001743
sample,118,drone,2.947849,4.090699,-1.007129,1.405488,0.994050,-0.001732,0.049934,-1.803089,0.003142,-0.090575,-0.001743
sample,119,drone,2.972830,4.114969,-1.007172,1.406707,0.948992,-0.001654,0.047671,-1.802739,0.003142,-0.090557,-0.001743
sample,120,drone,2.997812,4.138114,-1.007212,1.407870,0.903978,-0.001575,0.045410,-1.799467,0.003136,-0.090393,-0.001743
sample,121,drone,3.022794,4.160135,-1.007250,1.408976,0.859084,-0.001497,0.043154,-1.793204,0.003125,-0.090078,-0.001743
sample,122,drone,3.047776,4.181036,-1.007287,1.410026,0.814384,-0.001419,0.040909,-1.783886,0.003109,-0.089610,-0.001743
sample,123,drone,3.072758,4.200824,-1.007321,1.411020,0.769955,-0.001342,0.038677,-1.771444,0.003087,-0.088985,-0.001743
sample,124,drone,3.097739,4.219506,-1.007354,1.411959,0.725876,-0.001265,0.036463,-1.755813,0.003060,-0.088200,-0.001743
sample,125,drone,3.122721,4.237092,-1.007385,1.412842,0.682228,-0.001189,0.034270,-1.736925,0.003027,-0.087251,-0.001743
sample,126,drone,3.147703,4.253593,-1.007413,1.413671,0.639093,-0.001114,0.032104,-1.714716,0.002988,-0.086135,-0.001743
sample,127,drone,3.172685,4.269023,-1.007440,1.414446,0.596555,-0.001040,0.029967,-1.689117,0.002944,-0.084849,-0.001743
sample,128,drone,3.197666,4.283399,-1.007465,1.415168,0.554699,-0.000967,0.027864,-1.660063,0.002893,-0.083390,-0.001743
sample,129,drone,3.222648,4.296738,-1.007488,1.415838,0.513612,-0.000895,0.025800,-1.627487,0.002836,-0.081754,-0.001743
sample,130,drone,3.247630,4.309061,-1.007510,1.416457,0.473384,-0.000825,0.023780,-1.591322,0.002773,-0.079937,-0.001743
sample,131,drone,3.272612,4.320390,-1.007530,1.417026,0.434104,-0.000757,0.021806,-1.551503,0.002704,-0.077937,-0.001743
sample,132,drone,3.297593,4.330750,-1.007548,1.417547,0.395865,-0.000690,0.019886,-1.507961,0.002628,-0.075749,-0.001743
sample,133,drone,3.322575,4.340168,-1.007564,1.418020,0.358761,-0.000625,0.018022,-1.460632,0.002546,-0.073372,-0.001743
sample,134,drone,3.347557,4.348675,-1.007579,1.418447,0.322887,-0.000563,0.016220,-1.409447,0.002456,-0.070801,-0.001743
sample,135,drone,3.372539,4.356301,-1.007592,1.418830,0.288340,-0.000503,0.014484,-1.354342,0.002360,-0.068033,-0.001743
sample,136,drone,3.397521,4.363081,-1.007604,1.419171,0.255219,-0.000445,0.012820,-1.295249,0.002257,-0.065064,-0.001743
sample,137,drone,3.422502,4.369053,-1.007615,1.419471,0.223625,-0.000390,0.011233,-1.232102,0.002147,-0.061892,-0.001743
sample,138,drone,3.447484,4.374254,-1.007624,1.419732,0.193659,-0.000338,0.009728,-1.164834,0.002030,-0.058513,-0.001743
sample,139,drone,3.472466,4.378729,-1.007631,1.419957,0.165426,-0.000288,0.008310,-1.093379,0.001906,-0.054924,-0.001743
sample,140,drone,3.497448,4.382520,-1.007638,1.420147,0.139030,-0.000242,0.006984,-1.017670,0.001774,-0.051121,-0.001743
sample,141,drone,3.522429,4.385675,-1.007643,1.420306,0.114579,-0.000200,0.005756,-0.937640,0.001634,-0.047101,-0.001743
sample,142,drone,3.547411,4.388244,-1.007648,1.420435,0.092182,-0.000161,0.004631,-0.853224,0.001487,-0.042860,-0.001743
sample,143,drone,3.572393,4.390281,-1.007652,1.420537,0.071949,-0.000125,0.003614,-0.764355,0.001332,-0.038396,-0.001743
sample,144,drone,3.597375,4.391839,-1.007654,1.420615,0.053992,-0.000094,0.002712,-0.670965,0.001169,-0.033705,-0.001743
sample,145,drone,3.622356,4.392978,-1.007656,1.420673,0.038425,-0.000067,0.001930,-0.572990,0.000999,-0.028783,-0.001743
sample,146,drone,3.647338,4.393759,-1.007658,1.420712,0.025364,-0.000044,0.001274,-0.470361,0.000820,-0.023628,-0.001743
sample,147,drone,3.672320,4.394246,-1.007658,1.420736,0.014924,-0.000026,0.000750,-0.363013,0.000633,-0.018235,-0.001743
sample,148,drone,3.697302,4.394505,-1.007659,1.420749,0.007226,-0.000013,0.000363,-0.250879,0.000437,-0.012602,-0.001743
sample,149,drone,3.722283,4.394607,-1.007659,1.420754,0.002390,-0.000004,0.000120,-0.133727,0.003632,-0.006395,-0.001743
sample,150,drone,3.747265,4.394624,-1.007659,1.420755,0.000545,0.000169,0.000043,-0.011184,0.032166,0.002488,0.300594
sample,151,drone,3.772247,4.394634,-1.007651,1.420757,0.001831,0.001603,0.000244,0.114648,0.106569,0.015890,0.719148
sample,152,drone,3.797229,4.394716,-1.007579,1.420768,0.006273,0.005493,0.000837,0.238624,0.208975,0.031855,0.719240
sample,153,drone,3.822211,4.394947,-1.007376,1.420798,0.013753,0.012044,0.001836,0.357278,0.312878,0.047694,0.719241
sample,154,drone,3.847192,4.395403,-1.006977,1.420859,0.024124,0.021126,0.003220,0.470071,0.411653,0.062751,0.719241
sample,155,drone,3.872174,4.396153,-1.006321,1.420959,0.037240,0.032612,0.004971,0.577097,0.505378,0.077038,0.719241
sample,156,drone,3.897156,4.397263,-1.005348,1.421108,0.052958,0.046376,0.007069,0.678449,0.594135,0.090567,0.719241
sample,157,drone,3.922138,4.398799,-1.004003,1.421313,0.071137,0.062297,0.009496,0.774221,0.678005,0.103352,0.719241
sample,158,drone,3.947119,4.400818,-1.002235,1.421582,0.091641,0.080252,0.012233,0.864509,0.757073,0.115405,0.719241
sample,159,drone,3.972101,4.403377,-0.999994,1.421924,0.114331,0.100123,0.015262,0.949407,0.831419,0.126738,0.719241
sample,160,drone,3.997083,4.406530,-0.997233,1.422345,0.139076,0.121793,0.018566,1.029008,0.901128,0.137364,0.719241
sample,161,drone,4.022065,4.410326,-0.993909,1.422851,0.165744,0.145146,0.022126,1.103407,0.966281,0.147296,0.719241
sample,162,drone,4.047046,4.414811,-0.989981,1.423450,0.194206,0.170071,0.025925,1.172699,1.026962,0.156546,0.719241
sample,163,drone,4.072028,4.420029,-0.985411,1.424147,0.224336,0.196457,0.029947,1.236977,1.083252,0.165126,0.719241
sample,164,drone,4.097010,4.426020,-0.980165,1.424946,0.256010,0.224195,0.034175,1.296337,1.135235,0.173050,0.719241
sample,165,drone,4.121992,4.432820,-0.974210,1.425854,0.289106,0.253177,0.038593,1.350871,1.182992,0.180330,0.719241
sample,166,drone,4.146974,4.440465,-0.967515,1.426875,0.323504,0.283301,0.043185,1.400676,1.226607,0.186979,0.719241
sample,167,drone,4.171955,4.448984,-0.960055,1.428012,0.359089,0.314463,0.047935,1.445844,1.266162,0.193008,0.719241
sample,168,drone,4.196937,4.458406,-0.951804,1.429270,0.395744,0.346563,0.052829,1.486471,1.301740,0.198432,0.719241
sample,169,drone,4.221919,4.468757,-0.942739,1.430651,0.433358,0.379503,0.057850,1.522650,1.333423,0.203261,0.719241
sample,170,drone,4.246901,4.480058,-0.932842,1.432160,0.471821,0.413185,0.062984,1.554476,1.361294,0.207510,0.719241
sample,171,drone,4.271882,4.492330,-0.922095,1.433798,0.511025,0.447518,0.068218,1.582043,1.385435,0.211190,0.719241
sample,172,drone,4.296864,4.505591,-0.910483,1.435568,0.550865,0.482407,0.073536,1.605446,1.405929,0.214314,0.719241
sample,173,drone,4.321846,4.519854,-0.897993,1.437472,0.591239,0.517763,0.078926,1.624779,1.422860,0.216895,0.719241
sample,174,drone,4.346828,4.535131,-0.884614,1.439512,0.632045,0.553498,0.084373,1.640135,1.436308,0.218945,0.719241
sample,175,drone,4.371809,4.551433,-0.870338,1.441688,0.673186,0.589526,0.089865,1.651611,1.446357,0.220477,0.719241
sample,176,drone,4.396791,4.568766,-0.855159,1.444002,0.714565,0.625763,0.095389,1.659299,1.453089,0.221503,0.719241
sample,177,drone,4.421773,4.587135,-0.839073,1.446454,0.756090,0.662127,0.100932,1.663294,1.456588,0.222036,0.719241
sample,178,drone,4.446755,4.606543,-0.822077,1.449045,0.797669,0.698539,0.106482,1.663690,1.456935,0.222089,0.719241
sample,179,drone,4.471737,4.626989,-0.804171,1.451774,0.839214,0.734921,0.112028,1.660582,1.454213,0.221674,0.719241
sample,180,drone,4.496718,4.648473,-0.785357,1.454642,0.880638,0.771197,0.117558,1.654064,1.448506,0.220804,0.719241
sample,181,drone,4.521700,4.670989,-0.765639,1.457648,0.921857,0.807293,0.123060,1.644231,1.439894,0.219491,0.719241
sample,182,drone,4.546682,4.694532,-0.745022,1.460791,0.962790,0.843139,0.128525,1.631176,1.428461,0.217749,0.719241
sample,183,drone,4.571664,4.719094,-0.723513,1.464069,1.003356,0.878664,0.133940,1.614994,1.414290,0.215588,0.719241
sample,184,drone,4.596645,4.744663,-0.701121,1.467483,1.043480,0.913802,0.139296,1.595779,1.397464,0.213023,0.719241
sample,185,drone,4.621627,4.771230,-0.677856,1.471029,1.083087,0.948487,0.144583,1.573626,1.378063,0.210066,0.719241
sample,186,drone,4.646609,4.798778,-0.653731,1.474707,1.122104,0.982655,0.149792,1.548628,1.356173,0.206729,0.719241
sample,187,drone,4.671591,4.827294,-0.628759,1.478513,1.160462,1.016246,0.154912,1.520881,1.331874,0.203025,0.719241
sample,188,drone,4.696572,4.856759,-0.602956,1.482447,1.198093,1.049200,0.159936,1.490478,1.305249,0.198967,0.719241
sample,189,drone,4.721554,4.887155,-0.576338,1.486504,1.234932,1.081461,0.164853,1.457514,1.276382,0.194566,0.719241
sample,190,drone,4.746536,4.918461,-0.548922,1.490683,1.270915,1.112973,0.169657,1.422084,1.245354,0.189837,0.719241
sample,191,drone,4.771518,4.950654,-0.520730,1.494981,1.305984,1.143683,0.174338,1.384280,1.212249,0.184790,0.719241
sample,192,drone,4.796500,4.983712,-0.491780,1.499394,1.340079,1.173541,0.178890,1.344198,1.177148,0.179440,0.719241
sample,193,drone,4.821481,5.017609,-0.462095,1.503919,1.373145,1.202497,0.183304,1.301933,1.140135,0.173797,0.719241
sample,194,drone,4.846463,5.052319,-0.431699,1.508552,1.405128,1.230506,0.187573,1.257578,1.101292,0.167876,0.719241
sample,195,drone,4.871445,5.087815,-0.400615,1.513291,1.435978,1.257522,0.191691,1.211227,1.060702,0.161689,0.719241
sample,196,drone,4.896427,5.124066,-0.368869,1.518130,1.465645,1.283502,0.195652,1.162975,1.018447,0.155248,0.719241
sample,197,drone,4.921408,5.161043,-0.336487,1.523066,1.494084,1.308407,0.199448,1.112917,0.974609,0.148565,0.719241
sample,198,drone,4.946390,5.198716,-0.303496,1.528095,1.521251,1.332197,0.203075,1.061146,0.929273,0.141654,0.719241
sample,199,drone,4.971372,5.237050,-0.269925,1.533212,1.547103,1.354837,0.206526,1.007758,0.882519,0.134527,0.719241
sample,200,drone,4.996354,5.276014,-0.235804,1.538414,1.571602,1.376291,0.209796,0.952845,0.834430,0.127197,0.719241
sample,201,drone,5.021335,5.315573,-0.201161,1.543695,1.594710,1.396528,0.212881,0.896503,0.785090,0.119676,0.719241
sample,202,drone,5.046317,5.355692,-0.166028,1.549050,1.616394,1.415517,0.215775,0.838826,0.734581,0.111976,0.719241
sample,203,drone,5.071299,5.396334,-0.130437,1.554475,1.636621,1.433230,0.218476,0.779908,0.682985,0.104111,0.719241
sample,204,drone,5.096281,5.437463,-0.094419,1.559966,1.655361,1.449641,0.220977,0.719843,0.630385,0.096093,0.719241
sample,205,drone,5.121263,5.479042,-0.058007,1.565516,1.672587,1.464726,0.223277,0.658726,0.576863,0.087935,0.719241
sample,206,drone,5.146244,5.521031,-0.021236,1.571122,1.688273,1.478463,0.225371,0.596652,0.522503,0.079648,0.719241
sample,207,drone,5.171226,5.563394,0.015862,1.576777,1.702398,1.490833,0.227256,0.533713,0.467386,0.071246,0.719241
sample,208,drone,5.196208,5.606089,0.053251,1.582476,1.714940,1.501816,0.228930,0.470006,0.411596,0.062742,0.719241
sample,209,drone,5.221190,5.649078,0.090898,1.588215,1.725881,1.511397,0.230391,0.405623,0.355214,0.054147,0.719241
sample,210,drone,5.246171,5.692320,0.128766,1.593987,1.735206,1.519563,0.231636,0.340660,0.298324,0.045475,0.719241
sample,211,drone,5.271153,5.735775,0.166821,1.599788,1.742901,1.526303,0.232663,0.275210,0.241008,0.036738,0.719241
sample,212,drone,5.296135,5.779402,0.205026,1.605612,1.748956,1.531605,0.233471,0.209368,0.183349,0.027949,0.719241
sample,213,drone,5.321117,5.823159,0.243345,1.611453,1.753362,1.535463,0.234060,0.143229,0.125429,0.019120,0.719241
sample,214,drone,5.346098,5.867006,0.281743,1.617306,1.756113,1.537872,0.234427,0.076886,0.067331,0.010264,0.719241
sample,215,drone,5.371080,5.910901,0.320182,1.623166,1.757204,1.538827,0.234572,0.010434,0.009137,0.001393,0.719241
sample,216,drone,5.396062,5.954802,0.358628,1.629026,1.756634,1.538329,0.234496,-0.056033,-0.049069,-0.007480,0.719241
sample,217,drone,5.421044,5.998669,0.397043,1.634882,1.754404,1.536376,0.234199,-0.122420,-0.107206,-0.016342,0.719241
sample,218,drone,5.446026,6.042458,0.435391,1.640728,1.750517,1.532972,0.233680,-0.188633,-0.165191,-0.025181,0.719241
sample,219,drone,5.471007,6.086131,0.473636,1.646558,1.744979,1.528122,0.232941,-0.254579,-0.222941,-0.033984,0.719241
sample,220,drone,5.495989,6.129644,0.511741,1.652366,1.737798,1.521833,0.231982,-0.320161,-0.280373,-0.042739,0.719241
sample,221,drone,5.520971,6.172957,0.549672,1.658148,1.728983,1.514114,0.230805,-0.385288,-0.337406,-0.051433,0.719241
sample,222,drone,5.545953,6.216030,0.587392,1.663898,1.718547,1.504975,0.229412,-0.449863,-0.393956,-0.060053,0.719241
sample,223,drone,5.570934,6.258822,0.624866,1.669611,1.706506,1.494430,0.227805,-0.513792,-0.449941,-0.068587,0.719241
sample,224,drone,5.595916,6.301293,0.662059,1.675280,1.692877,1.482495,0.225985,-0.576982,-0.505278,-0.077022,0.719241
sample,225,drone,5.620898,6.343404,0.698936,1.680902,1.677678,1.469185,0.223956,-0.639338,-0.559885,-0.085346,0.719241
sample,226,drone,5.645880,6.385116,0.735464,1.686470,1.660933,1.454521,0.221721,-0.700766,-0.613678,-0.093547,0.719241
sample,227,drone,5.670861,6.426390,0.771609,1.691980,1.642665,1.438523,0.219282,-0.761171,-0.666577,-0.101610,0.719241
sample,228,drone,5.695843,6.467189,0.807338,1.697426,1.622902,1.421216,0.216644,-0.820459,-0.718497,-0.109525,0.719241
sample,229,drone,5.720825,6.507476,0.842618,1.702804,1.601672,1.402625,0.213810,-0.878536,-0.769356,-0.117277,0.719241
sample,230,drone,5.745807,6.547214,0.877418,1.708109,1.579007,1.382776,0.210785,-0.935307,-0.819072,-0.124856,0.719241
sample,231,drone,5.770789,6.586369,0.911707,1.713335,1.554941,1.361701,0.207572,-0.990679,-0.867562,-0.132248,0.719241
sample,232,drone,5.795770,6.624905,0.945454,1.718480,1.529510,1.339430,0.204177,-1.044556,-0.914744,-0.139440,0.719241
sample,233,drone,5.820752,6.662788,0.978629,1.723537,1.502751,1.315997,0.200605,-1.096845,-0.960535,-0.146420,0.719241
sample,234,drone,5.845734,6.699987,1.011205,1.728503,1.474707,1.291438,0.196861,-1.147451,-1.004852,-0.153175,0.719241
sample,235,drone,5.870716,6.736470,1.043154,1.733373,1.445421,1.265791,0.192952,-1.196280,-1.047613,-0.159694,0.719241
sample,236,drone,5.895697,6.772206,1.074449,1.738143,1.414937,1.239096,0.188883,-1.243238,-1.088734,-0.165962,0.719241
sample,237,drone,5.920679,6.807165,1.105064,1.742810,1.383304,1.211394,0.184660,-1.288229,-1.128135,-0.171968,0.719241
sample,238,drone,5.945661,6.841321,1.134974,1.747369,1.350572,1.182730,0.180290,-1.331161,-1.165731,-0.177699,0.719241
sample,239,drone,5.970643,6.874645,1.164157,1.751818,1.316795,1.153150,0.175781,-1.371939,-1.201441,-0.183143,0.719241
sample,240,drone,5.995624,6.907112,1.192590,1.756152,1.282026,1.122702,0.171140,-1.410467,-1.235182,-0.188286,0.719241
sample,241,drone,6.020606,6.938699,1.220251,1.760369,1.246323,1.091436,0.166374,-1.446653,-1.266870,-0.193116,0.719241
sample,242,drone,6.045588,6.969383,1.247122,1.764465,1.209746,1.059405,0.161491,-1.480401,-1.296425,-0.197622,0.719241
sample,243,drone,6.070570,6.999142,1.273183,1.768437,1.172357,1.026662,0.156500,-1.511618,-1.323762,-0.201789,0.719241
sample,244,drone,6.095551,7.027958,1.298417,1.772284,1.134220,0.993265,0.151409,-1.540209,-1.348800,-0.205605,0.719241
sample,245,drone,6.120533,7.055812,1.322810,1.776002,1.095402,0.959271,0.146227,-1.566080,-1.371456,-0.209059,0.719241
sample,246,drone,6.145515,7.082688,1.346346,1.779590,1.055973,0.924742,0.140964,-1.589136,-1.391647,-0.212137,0.719241
sample,247,drone,6.170497,7.108572,1.369013,1.783045,1.016003,0.889740,0.135628,-1.609284,-1.409290,-0.214826,0.719241
sample,248,drone,6.195479,7.133451,1.390801,1.786366,0.975567,0.854329,0.130230,-1.626428,-1.424304,-0.217115,0.719241
sample,249,drone,6.220460,7.157315,1.411699,1.789552,0.934741,0.818576,0.124780,-1.640475,-1.436605,-0.218990,0.719241
sample,250,drone,6.245442,7.180154,1.431700,1.792601,0.893604,0.782551,0.119289,-1.651330,-1.446111,-0.220439,0.719241
sample,251,drone,6.270424,7.201963,1.450798,1.795512,0.852235,0.746324,0.113766,-1.658899,-1.452739,-0.221449,0.719241
sample,252,drone,6.295406,7.222735,1.468989,1.798285,0.810719,0.709967,0.108224,-1.663087,-1.456407,-0.222009,0.719241
sample,253,drone,6.320387,7.242469,1.486270,1.800919,0.769141,0.673556,0.102674,-1.663801,-1.457032,-0.222104,0.719241
sample,254,drone,6.345369,7.261164,1.502642,1.803415,0.727590,0.637169,0.097127,-1.660946,-1.454532,-0.221723,0.719241
sample,255,drone,6.370351,7.278822,1.518105,1.805772,0.686155,0.600883,0.091596,-1.654427,-1.448824,-0.220853,0.719241
sample,256,drone,6.395333,7.295447,1.532664,1.807992,0.644929,0.564780,0.086093,-1.644151,-1.439825,-0.219481,0.719241
sample,257,drone,6.420314,7.311045,1.546324,1.810074,0.604007,0.528944,0.080630,-1.630023,-1.427452,-0.217595,0.719241
sample,258,drone,6.445296,7.325625,1.559092,1.812020,0.563487,0.493460,0.075221,-1.611949,-1.411624,-0.215182,0.719241
sample,259,drone,6.470278,7.339199,1.570979,1.813832,0.523468,0.458414,0.069879,-1.589834,-1.392258,-0.212230,0.719241
sample,260,drone,6.495260,7.351779,1.581996,1.815511,0.484053,0.423898,0.064617,-1.563584,-1.369270,-0.208726,0.719241
sample,261,drone,6.520242,7.363384,1.592158,1.817061,0.445346,0.390001,0.059450,-1.533105,-1.342579,-0.204657,0.719241
sample,262,drone,6.545223,7.374030,1.601482,1.818482,0.407454,0.356818,0.054392,-1.498303,-1.312101,-0.200011,0.719241
sample,263,drone,6.570205,7.383741,1.609986,1.819778,0.370486,0.324444,0.049457,-1.459082,-1.277755,-0.194776,0.719241
sample,264,drone,6.595187,7.392541,1.617692,1.820953,0.334553,0.292976,0.044660,-1.415350,-1.239458,-0.188938,0.719241
sample,265,drone,6.620169,7.400457,1.624624,1.822010,0.299770,0.262516,0.040017,-1.367011,-1.197126,-0.182485,0.719241
sample,266,drone,6.645150,7.407519,1.630808,1.822952,0.266252,0.233164,0.035543,-1.313971,-1.150678,-0.175404,0.719241
sample,267,drone,6.670132,7.413760,1.636274,1.823785,0.234119,0.205024,0.031253,-1.256137,-1.100031,-0.167684,0.719241
sample,268,drone,6.695114,7.419216,1.641052,1.824514,0.203491,0.178202,0.027164,-1.193413,-1.045102,-0.159311,0.719241
sample,269,drone,6.720096,7.423927,1.645177,1.825143,0.174492,0.152807,0.023293,-1.125705,-0.985808,-0.150272,0.719241
sample,270,drone,6.745077,7.427934,1.648687,1.825678,0.147247,0.128948,0.019656,-1.052919,-0.922068,-0.140556,0.719241
sample,271,drone,6.770059,7.431284,1.651620,1.826125,0.121884,0.106737,0.016271,-0.974961,-0.853798,-0.130149,0.719241
sample,272,drone,6.795041,7.434024,1.654020,1.826490,0.098534,0.086289,0.013154,-0.891737,-0.780916,-0.119040,0.719241
sample,273,drone,6.820023,7.436207,1.655931,1.826782,0.077330,0.067720,0.010323,-0.803151,-0.703340,-0.107214,0.719241
sample,274,drone,6.845005,7.437888,1.657403,1.827006,0.058406,0.051148,0.007797,-0.709110,-0.620986,-0.094660,0.719241
sample,275,drone,6.869986,7.439125,1.658487,1.827171,0.041900,0.036693,0.005593,-0.609520,-0.533772,-0.081366,0.719241
sample,276,drone,6.894968,7.439981,1.659237,1.827286,0.027952,0.024479,0.003731,-0.504286,-0.441616,-0.067318,0.719241
sample,277,drone,6.919950,7.440522,1.659710,1.827358,0.016704,0.014629,0.002230,-0.393313,-0.344434,-0.052504,0.719241
sample,278,drone,6.944932,7.440816,1.659968,1.827397,0.008301,0.007269,0.001108,-0.276509,-0.242145,-0.036912,0.719240
sample,279,drone,6.969913,7.440937,1.660073,1.827413,0.002889,0.002530,0.000386,-0.155016,-0.138648,-0.020782,0.719240
sample,280,drone,6.994895,7.440960,1.660094,1.827416,0.000556,0.000342,0.000070,-0.039798,-0.067876,-0.006319,0.551652
sample,281,drone,7.019877,7.440964,1.660090,1.827417,0.000901,-0.000861,0.000070,0.054583,-0.069995,0.003698,-0.763022
sample,282,drone,7.044859,7.441005,1.660051,1.827420,0.003283,-0.003155,0.000255,0.130980,-0.125963,0.010153,-0.765530
sample,283,drone,7.069840,7.441128,1.659933,1.827429,0.007445,-0.007155,0.000577,0.200962,-0.193131,0.015582,-0.765530
sample,284,drone,7.094822,7.441377,1.659693,1.827449,0.013324,-0.012805,0.001033,0.268482,-0.258020,0.020817,-0.765530
sample,285,drone,7.119804,7.441794,1.659293,1.827481,0.020859,-0.020046,0.001617,0.333588,-0.320589,0.025866,-0.765530
sample,286,drone,7.144786,7.442419,1.658692,1.827530,0.029991,-0.028822,0.002325,0.396308,-0.380865,0.030729,-0.765530
sample,287,drone,7.169768,7.443293,1.657853,1.827597,0.040660,-0.039076,0.003153,0.456669,-0.438874,0.035409,-0.765530
sample,288,drone,7.194749,7.444451,1.656740,1.827687,0.052808,-0.050750,0.004095,0.514701,-0.494645,0.039909,-0.765530
sample,289,drone,7.219731,7.445931,1.655317,1.827802,0.066376,-0.063790,0.005147,0.570430,-0.548202,0.044230,-0.765530
sample,290,drone,7.244713,7.447767,1.653552,1.827944,0.081309,-0.078140,0.006304,0.623886,-0.599575,0.048375,-0.765530
sample,291,drone,7.269695,7.449993,1.651413,1.828117,0.097548,-0.093747,0.007564,0.675095,-0.648788,0.052345,-0.765530
sample,292,drone,7.294676,7.452641,1.648868,1.828322,0.115039,-0.110556,0.008920,0.724086,-0.695870,0.056144,-0.765530
sample,293,drone,7.319658,7.455741,1.645889,1.828562,0.133726,-0.128515,0.010369,0.770887,-0.740847,0.059773,-0.765530
sample,294,drone,7.344640,7.459323,1.642447,1.828840,0.153555,-0.147571,0.011906,0.815525,-0.783746,0.063234,-0.765530
sample,295,drone,7.369622,7.463413,1.638516,1.829157,0.174472,-0.167674,0.013528,0.858029,-0.824594,0.066529,-0.765530
sample,296,drone,7.394603,7.468040,1.634070,1.829516,0.196425,-0.188771,0.015230,0.898427,-0.863418,0.069662,-0.765530
sample,297,drone,7.419585,7.473227,1.629084,1.829918,0.219361,-0.210813,0.017009,0.936747,-0.900245,0.072633,-0.765530
sample,298,drone,7.444567,7.479000,1.623537,1.830366,0.243228,-0.233750,0.018859,0.973017,-0.935101,0.075445,-0.765530
sample,299,drone,7.469549,7.485380,1.617405,1.830861,0.267976,-0.257534,0.020778,1.007264,-0.968014,0.078101,-0.765530
sample,300,drone,7.494531,7.492389,1.610669,1.831404,0.293555,-0.282116,0.022761,1.039517,-0.999010,0.080601,-0.765530
sample,301,drone,7.519512,7.500047,1.603310,1.831998,0.319914,-0.307448,0.024805,1.069803,-1.028116,0.082950,-0.765530
sample,302,drone,7.544494,7.508373,1.595308,1.832643,0.347006,-0.333484,0.026906,1.098152,-1.055360,0.085148,-0.765530
sample,303,drone,7.569476,7.517385,1.586648,1.833342,0.374782,-0.360178,0.029060,1.124589,-1.080767,0.087198,-0.765530
sample,304,drone,7.594458,7.527098,1.577313,1.834095,0.403194,-0.387483,0.031263,1.149145,-1.104366,0.089102,-0.765530
sample,305,drone,7.619439,7.537530,1.567288,1.834904,0.432197,-0.415356,0.033511,1.171846,-1.126182,0.090862,-0.765530
sample,306,drone,7.644421,7.548693,1.556560,1.835770,0.461744,-0.443751,0.035802,1.192721,-1.146244,0.092480,-0.765530
sample,307,drone,7.669403,7.560600,1.545116,1.836693,0.491790,-0.472626,0.038132,1.211797,-1.164577,0.093960,-0.765530
sample,308,drone,7.694385,7.573264,1.532946,1.837675,0.522290,-0.501938,0.040497,1.229102,-1.181208,0.095301,-0.765530
sample,309,drone,7.719366,7.586696,1.520038,1.838716,0.553200,-0.531643,0.042894,1.244666,-1.196165,0.096508,-0.765530
sample,310,drone,7.744348,7.600904,1.506383,1.839818,0.584478,-0.561702,0.045319,1.258514,-1.209474,0.097582,-0.765530
sample,311,drone,7.769330,7.615898,1.491973,1.840981,0.616080,-0.592073,0.047769,1.270677,-1.221162,0.098525,-0.765530
sample,312,drone,7.794312,7.631685,1.476801,1.842205,0.647965,-0.622716,0.050242,1.281180,-1.231256,0.099339,-0.765530
sample,313,drone,7.819294,7.648273,1.460860,1.843491,0.680092,-0.653591,0.052733,1.290054,-1.239784,0.100027,-0.765530
sample,314,drone,7.844275,7.665665,1.444145,1.844839,0.712421,-0.684660,0.055239,1.297324,-1.246771,0.100591,-0.765530
sample,315,drone,7.869257,7.683868,1.426652,1.846251,0.744911,-0.715884,0.057758,1.303020,-1.252245,0.101033,-0.765530
sample,316,drone,7.894239,7.702884,1.408377,1.847725,0.777524,-0.747226,0.060287,1.307170,-1.256233,0.101355,-0.765530
sample,317,drone,7.919221,7.722716,1.389318,1.849263,0.810222,-0.778650,0.062823,1.309800,-1.258761,0.101559,-0.765530
sample,318,drone,7.944202,7.743365,1.369473,1.850864,0.842966,-0.810118,0.065361,1.310941,-1.259857,0.101647,-0.765530
sample,319,drone,7.969184,7.764833,1.348842,1.852529,0.875721,-0.841597,0.067901,1.310618,-1.259547,0.101622,-0.765530
sample,320,drone,7.994166,7.787119,1.327424,1.854257,0.908450,-0.873050,0.070439,1.308861,-1.257858,0.101486,-0.765530
sample,321,drone,8.019148,7.810223,1.305221,1.856048,0.941116,-0.904444,0.072972,1.305697,-1.254818,0.101240,-0.765530
sample,322,drone,8.044129,7.834141,1.282235,1.857903,0.973687,-0.935745,0.075497,1.301155,-1.250452,0.100888,-0.765530
sample,323,drone,8.069111,7.858871,1.258468,1.859820,1.006127,-0.966921,0.078012,1.295261,-1.244789,0.100431,-0.765530
sample,324,drone,8.094093,7.884411,1.233924,1.861800,1.038403,-0.997939,0.080515,1.288045,-1.237854,0.099872,-0.765530
sample,325,drone,8.119075,7.910754,1.208607,1.863843,1.070482,-1.028768,0.083002,1.279535,-1.229675,0.099212,-0.765530
sample,326,drone,8.144057,7.937896,1.182523,1.865947,1.102333,-1.059378,0.085472,1.269757,-1.220278,0.098454,-0.765530
sample,327,drone,8.169038,7.965830,1.155677,1.868113,1.133924,-1.089738,0.087922,1.258741,-1.209691,0.097600,-0.765530
sample,328,drone,8.194020,7.994550,1.128076,1.870340,1.165224,-1.119818,0.090348,1.246514,-1.197941,0.096651,-0.765530
sample,329,drone,8.219002,8.024049,1.099727,1.872628,1.196204,-1.149591,0.092751,1.233104,-1.185053,0.095612,-0.765530
sample,330,drone,8.243984,8.054317,1.070638,1.874975,1.226834,-1.179028,0.095126,1.218539,-1.171056,0.094482,-0.765530
sample,331,drone,8.268965,8.085346,1.040819,1.877380,1.257086,-1.208101,0.097471,1.202847,-1.155976,0.093266,-0.765530
sample,332,drone,8.293947,8.117125,1.010277,1.879845,1.286933,-1.236785,0.099785,1.186057,-1.139840,0.091964,-0.765530
sample,333,drone,8.318929,8.149646,0.979024,1.882366,1.316346,-1.265052,0.102066,1.168195,-1.122674,0.090579,-0.765530
sample,334,drone,8.343911,8.182895,0.947071,1.884944,1.345300,-1.292877,0.104311,1.149291,-1.104506,0.089113,-0.765530
sample,335,drone,8.368892,8.216861,0.914428,1.887578,1.373769,-1.320237,0.106518,1.129372,-1.085363,0.087569,-0.765530
sample,336,drone,8.393874,8.251533,0.881107,1.890266,1.401727,-1.347106,0.108686,1.108466,-1.065272,0.085948,-0.765530
sample,337,drone,8.418856,8.286897,0.847121,1.893008,1.429151,-1.373461,0.110813,1.086600,-1.044259,0.084252,-0.765530
sample,338,drone,8.443838,8.322939,0.812484,1.895803,1.456018,-1.399281,0.112896,1.063804,-1.022351,0.082485,-0.765530
sample,339,drone,8.468820,8.359644,0.777208,1.898649,1.482303,-1.424542,0.114934,1.040105,-0.999575,0.080647,-0.765530
sample,340,drone,8.493801,8.397000,0.741309,1.901545,1.507985,-1.449223,0.116925,1.015531,-0.975959,0.078742,-0.765530
sample,341,drone,8.518783,8.434989,0.704800,1.904491,1.533042,-1.473304,0.118868,0.990110,-0.951528,0.076771,-0.765530
sample,342,drone,8.543765,8.473596,0.667697,1.907484,1.557454,-1.496765,0.120761,0.963869,-0.926310,0.074736,-0.765530
sample,343,drone,8.568747,8.512805,0.630016,1.910524,1.581201,-1.519586,0.122602,0.936838,-0.900332,0.072640,-0.765530
sample,344,drone,8.593728,8.552598,0.591774,1.913610,1.604262,-1.541749,0.124390,0.909044,-0.873621,0.070485,-0.765530
sample,345,drone,8.618710,8.592959,0.552985,1.916739,1.626620,-1.563235,0.126124,0.880514,-0.846203,0.068273,-0.765530
sample,346,drone,8.643692,8.633870,0.513669,1.919912,1.648256,-1.584028,0.127802,0.851278,-0.818106,0.066006,-0.765530
sample,347,drone,8.668674,8.675312,0.473842,1.923125,1.669153,-1.604110,0.129422,0.821362,-0.789356,0.063686,-0.765530
sample,348,drone,8.693655,8.717267,0.433522,1.926378,1.689294,-1.623467,0.130984,0.790795,-0.759980,0.061316,-0.765530
sample,349,drone,8.718637,8.759715,0.392728,1.929669,1.708663,-1.642082,0.132485,0.759605,-0.730005,0.058898,-0.765530
sample,350,drone,8.743619,8.802638,0.351478,1.932997,1.727246,-1.659940,0.133926,0.727819,-0.699458,0.056433,-0.765530
sample,351,drone,8.768601,8.846014,0.309791,1.936361,1.745028,-1.677029,0.135305,0.695467,-0.668367,0.053925,-0.765530
sample,352,drone,8.793582,8.889825,0.267687,1.939758,1.761994,-1.693334,0.136621,0.662575,-0.636757,0.051374,-0.765530
sample,353,drone,8.818564,8.934050,0.225186,1.943187,1.778132,-1.708844,0.137872,0.629172,-0.604655,0.048784,-0.765530
sample,354,drone,8.843546,8.978667,0.182307,1.946646,1.793430,-1.723545,0.139058,0.595286,-0.572089,0.046157,-0.765530
sample,355,drone,8.868528,9.023656,0.139072,1.950135,1.807875,-1.737427,0.140178,0.560944,-0.539086,0.043494,-0.765530
sample,356,drone,8.893510,9.068995,0.095499,1.953650,1.821457,-1.750480,0.141231,0.526176,-0.505672,0.040798,-0.765530
sample,357,drone,8.918491,9.114662,0.051611,1.957191,1.834165,-1.762693,0.142216,0.491007,-0.471874,0.038071,-0.765530
sample,358,drone,8.943473,9.160636,0.007429,1.960756,1.845989,-1.774056,0.143133,0.455468,-0.437720,0.035316,-0.765530
sample,359,drone,8.968455,9.206895,-0.037027,1.964342,1.856921,-1.784563,0.143981,0.419585,-0.403235,0.032534,-0.765530
sample,360,drone,8.993437,9.253415,-0.081734,1.967949,1.866953,-1.794203,0.144759,0.383387,-0.368448,0.029727,-0.765530
sample,361,drone,9.018418,9.300174,-0.126671,1.971575,1.876077,-1.802972,0.145466,0.346901,-0.333384,0.026898,-0.765530
sample,362,drone,9.043400,9.347150,-0.171817,1.975217,1.884286,-1.810860,0.146103,0.310156,-0.298071,0.024049,-0.765530
sample,363,drone,9.068382,9.394320,-0.217148,1.978875,1.891573,-1.817864,0.146668,0.273180,-0.262535,0.021182,-0.765530
sample,364,drone,9.093364,9.441660,-0.262644,1.982546,1.897935,-1.823978,0.147161,0.236000,-0.226804,0.018299,-0.765530
sample,365,drone,9.118345,9.489147,-0.308281,1.986228,1.903365,-1.829196,0.147582,0.198645,-0.190904,0.015402,-0.765530
sample,366,drone,9.143327,9.536759,-0.354037,1.989919,1.907860,-1.833516,0.147931,0.161142,-0.154863,0.012495,-0.765530
sample,367,drone,9.168309,9.584471,-0.399890,1.993619,1.911416,-1.836934,0.148206,0.123520,-0.118707,0.009577,-0.765530
sample,368,drone,9.193291,9.632260,-0.445817,1.997324,1.914031,-1.839447,0.148409,0.085806,-0.082463,0.006653,-0.765530
sample,369,drone,9.218273,9.680102,-0.491795,2.001034,1.915703,-1.841054,0.148539,0.048029,-0.046157,0.003724,-0.765530
sample,370,drone,9.243254,9.727975,-0.537802,2.004746,1.916431,-1.841753,0.148595,0.010216,-0.009818,0.000792,-0.765530
sample,371,drone,9.268236,9.775854,-0.583815,2.008458,1.916214,-1.841544,0.148578,-0.027604,0.026528,-0.002140,-0.765530
sample,372,drone,9.293218,9.823716,-0.629812,2.012169,1.915052,-1.840428,0.148488,-0.065404,0.062855,-0.005071,-0.765530
sample,373,drone,9.318200,9.871537,-0.675770,2.015877,1.912946,-1.838404,0.148325,-0.103156,0.099136,-0.007998,-0.765530
sample,374,drone,9.343181,9.919293,-0.721665,2.019580,1.909898,-1.835474,0.148089,-0.140831,0.135343,-0.010920,-0.765530
sample,375,drone,9.368163,9.966962,-0.767477,2.023276,1.905909,-1.831642,0.147779,-0.178402,0.171450,-0.013833,-0.765530
sample,376,drone,9.393145,10.014519,-0.813181,2.026964,1.900984,-1.826908,0.147397,-0.215840,0.207429,-0.016736,-0.765530
sample,377,drone,9.418127,10.061942,-0.858755,2.030641,1.895125,-1.821278,0.146943,-0.253118,0.243255,-0.019626,-0.765530
sample,378,drone,9.443108,10.109206,-0.904178,2.034305,1.888337,-1.814754,0.146417,-0.290208,0.278899,-0.022502,-0.765530
sample,379,drone,9.468090,10.156290,-0.949427,2.037956,1.880625,-1.807343,0.145819,-0.327081,0.314336,-0.025361,-0.765530
sample,380,drone,9.493072,10.203169,-0.994479,2.041591,1.871995,-1.799049,0.145150,-0.363710,0.349538,-0.028201,-0.765530
sample,381,drone,9.518054,10.249821,-1.039314,2.045208,1.862453,-1.789879,0.144410,-0.400067,0.384478,-0.031020,-0.765530
sample,382,drone,9.543036,10.296224,-1.083908,2.048806,1.852006,-1.779839,0.143600,-0.436124,0.419129,-0.033816,-0.765530
sample,383,drone,9.568017,10.342354,-1.128241,2.052383,1.840663,-1.768938,0.142720,-0.471852,0.453466,-0.036586,-0.765530
sample,384,drone,9.592999,10.388190,-1.172290,2.055937,1.828431,-1.757182,0.141772,-0.507225,0.487460,-0.039329,-0.765530
sample,385,drone,9.617981,10.433709,-1.216036,2.059466,1.815320,-1.744582,0.140755,-0.542213,0.521084,-0.042042,-0.765530
sample,386,drone,9.642963,10.478890,-1.259456,2.062970,1.801340,-1.731147,0.139671,-0.576788,0.554313,-0.044723,-0.765530
sample,387,drone,9.667944,10.523710,-1.302530,2.066445,1.786502,-1.716887,0.138521,-0.610924,0.587118,-0.047369,-0.765530
sample,388,drone,9.692926,10.568150,-1.345238,2.069891,1.770816,-1.701813,0.137305,-0.644592,0.619474,-0.049980,-0.765530
sample,389,drone,9.717908,10.612187,-1.387559,2.073305,1.754296,-1.685936,0.136024,-0.677763,0.651353,-0.052552,-0.765530
sample,390,drone,9.742890,10.655801,-1.429473,2.076687,1.736953,-1.669269,0.134679,-0.710410,0.682728,-0.055083,-0.765530
sample,391,drone,9.767871,10.698971,-1.470961,2.080034,1.718801,-1.651824,0.133271,-0.742506,0.713572,-0.057572,-0.765530
sample,392,drone,9.792853,10.741678,-1.512004,2.083346,1.699855,-1.633616,0.131802,-0.774021,0.743859,-0.060016,-0.765530
sample,393,drone,9.817835,10.783902,-1.552582,2.086620,1.680128,-1.614658,0.130273,-0.804928,0.773562,-0.062412,-0.765530
sample,394,drone,9.842817,10.825623,-1.592678,2.089854,1.659638,-1.594966,0.128684,-0.835199,0.802653,-0.064759,-0.765530
sample,395,drone,9.867799,10.866823,-1.632273,2.093049,1.638399,-1.574555,0.127037,-0.864806,0.831107,-0.067055,-0.765530
sample,396,drone,9.892780,10.907483,-1.671348,2.096202,1.616429,-1.553441,0.125334,-0.893721,0.858895,-0.069297,-0.765530
sample,397,drone,9.917762,10.947586,-1.709888,2.099311,1.593745,-1.531642,0.123575,-0.921916,0.885991,-0.071483,-0.765530
sample,398,drone,9.942744,10.987112,-1.747875,2.102376,1.570367,-1.509174,0.121762,-0.949363,0.912369,-0.073611,-0.765530
sample,399,drone,9.967726,11.026047,-1.785292,2.105395,1.546312,-1.486056,0.119897,-0.976034,0.938001,-0.075679,-0.765530
sample,400,drone,9.992707,11.064372,-1.822123,2.108366,1.521601,-1.462308,0.117981,-1.001901,0.962860,-0.077685,-0.765530
sample,401,drone,10.017689,11.102071,-1.858354,2.111290,1.496253,-1.437949,0.116016,-1.026936,0.986920,-0.079626,-0.765530
sample,402,drone,10.042671,11.139130,-1.893968,2.114163,1.470291,-1.412998,0.114003,-1.051112,1.010153,-0.081501,-0.765530
sample,403,drone,10.067653,11.175532,-1.928952,2.116986,1.443736,-1.387478,0.111944,-1.074399,1.032533,-0.083306,-0.765530
sample,404,drone,10.092634,11.211264,-1.963292,2.119756,1.416610,-1.361409,0.109840,-1.096771,1.054033,-0.085041,-0.765530
sample,405,drone,10.117616,11.246311,-1.996973,2.122474,1.388937,-1.334815,0.107695,-1.118198,1.074625,-0.086702,-0.765530
sample,406,drone,10.142598,11.280660,-2.029984,2.125137,1.360741,-1.307717,0.105508,-1.138654,1.094284,-0.088288,-0.765530
sample,407,drone,10.167580,11.314298,-2.062311,2.127745,1.332046,-1.280140,0.103283,-1.158110,1.112982,-0.089797,-0.765530
sample,408,drone,10.192562,11.347214,-2.093944,2.130297,1.302878,-1.252109,0.101022,-1.176539,1.130692,-0.091226,-0.765530
sample,409,drone,10.217543,11.379395,-2.124871,2.132793,1.273262,-1.223647,0.098725,-1.193911,1.147388,-0.092573,-0.765530
sample,410,drone,10.242525,11.410831,-2.155082,2.135230,1.243226,-1.194781,0.096397,-1.210200,1.163042,-0.093836,-0.765530
sample,411,drone,10.267507,11.441511,-2.184566,2.137609,1.212796,-1.165537,0.094037,-1.225377,1.177628,-0.095013,-0.765530
sample,412,drone,10.292489,11.471426,-2.213316,2.139928,1.182002,-1.135943,0.091649,-1.239414,1.191118,-0.096101,-0.765530
sample,413,drone,10.317470,11.500568,-2.241322,2.142188,1.150871,-1.106025,0.089236,-1.252284,1.203486,-0.097099,-0.765530
sample,414,drone,10.342452,11.528928,-2.268577,2.144387,1.119433,-1.075812,0.086798,-1.263958,1.214705,-0.098004,-0.765530
sample,415,drone,10.367434,11.556499,-2.295074,2.146525,1.087719,-1.045334,0.084339,-1.274408,1.224748,-0.098814,-0.765530
sample,416,drone,10.392416,11.583274,-2.320806,2.148601,1.055759,-1.014619,0.081861,-1.283607,1.233588,-0.099528,-0.765530
sample,417,drone,10.417397,11.609248,-2.345767,2.150615,1.023586,-0.983699,0.079366,-1.291526,1.241198,-0.100142,-0.765530
sample,418,drone,10.442379,11.634416,-2.369955,2.152566,0.991230,-0.952605,0.076857,-1.298137,1.247552,-0.100654,-0.765530
sample,419,drone,10.467361,11.658773,-2.393363,2.154455,0.958726,-0.921367,0.074337,-1.303413,1.252622,-0.101063,-0.765530
sample,420,drone,10.492343,11.682317,-2.415989,2.156280,0.926107,-0.890019,0.071808,-1.307325,1.256382,-0.101367,-0.765530
sample,421,drone,10.517325,11.705045,-2.437831,2.158043,0.893407,-0.858594,0.069273,-1.309845,1.258804,-0.101562,-0.765530
sample,422,drone,10.542306,11.726955,-2.458888,2.159741,0.860662,-0.827125,0.066734,-1.310946,1.259862,-0.101647,-0.765530
sample,423,drone,10.567288,11.748047,-2.479158,2.161377,0.827908,-0.795647,0.064194,-1.310600,1.259529,-0.101621,-0.765530
sample,424,drone,10.592270,11.768320,-2.498641,2.162949,0.795180,-0.764194,0.061656,-1.308778,1.257778,-0.101479,-0.765530
sample,425,drone,10.617252,11.787777,-2.517339,2.164457,0.762517,-0.732804,0.059124,-1.305452,1.254582,-0.101221,-0.765530
sample,426,drone,10.642233,11.806418,-2.535255,2.165903,0.729955,-0.701511,0.056599,-1.300595,1.249915,-0.100845,-0.765530
sample,427,drone,10.667215,11.824248,-2.552389,2.167285,0.697534,-0.670354,0.054085,-1.294179,1.243748,-0.100347,-0.765530
sample,428,drone,10.692197,11.841270,-2.568748,2.168605,0.665294,-0.639369,0.051585,-1.286175,1.236056,-0.099727,-0.765530
sample,429,drone,10.717179,11.857488,-2.584335,2.169863,0.633273,-0.608596,0.049102,-1.276555,1.226812,-0.098981,-0.765530
sample,430,drone,10.742160,11.872910,-2.599155,2.171058,0.601512,-0.578073,0.046640,-1.265292,1.215988,-0.098108,-0.765530
sample,431,drone,10.767142,11.887542,-2.613217,2.172193,0.570054,-0.547841,0.044201,-1.252358,1.203558,-0.097105,-0.765530
sample,432,drone,10.792124,11.901392,-2.626527,2.173267,0.538940,-0.517939,0.041788,-1.237725,1.189494,-0.095970,-0.765530
sample,433,drone,10.817106,11.914469,-2.639095,2.174281,0.508213,-0.488409,0.039406,-1.221364,1.173771,-0.094701,-0.765530
sample,434,drone,10.842088,11.926784,-2.650930,2.175236,0.477916,-0.459293,0.037056,-1.203248,1.156361,-0.093297,-0.765530
sample,435,drone,10.867069,11.938348,-2.662043,2.176132,0.448095,-0.430634,0.034744,-1.183348,1.137236,-0.091754,-0.765530
sample,436,drone,10.892051,11.949173,-2.672446,2.176972,0.418792,-0.402473,0.032472,-1.161637,1.116371,-0.090070,-0.765530
sample,437,drone,10.917033,11.959272,-2.682152,2.177755,0.390055,-0.374856,0.030244,-1.138087,1.093739,-0.088244,-0.765530
sample,438,drone,10.942015,11.968661,-2.691175,2.178483,0.361929,-0.347826,0.028063,-1.112670,1.069312,-0.086274,-0.765530
sample,439,drone,10.966996,11.977355,-2.699531,2.179157,0.334462,-0.321429,0.025933,-1.085357,1.043064,-0.084156,-0.765530
sample,440,drone,10.991978,11.985372,-2.707235,2.179778,0.307701,-0.295711,0.023858,-1.056121,1.014967,-0.081889,-0.765530
sample,441,drone,11.016960,11.992729,-2.714305,2.180349,0.281695,-0.270718,0.021842,-1.024934,0.984995,-0.079471,-0.765530
sample,442,drone,11.041942,11.999447,-2.720761,2.180870,0.256492,-0.246497,0.019888,-0.991767,0.953121,-0.076899,-0.765530
sample,443,drone,11.066923,12.005544,-2.726621,2.181343,0.232142,-0.223096,0.018000,-0.956594,0.919318,-0.074172,-0.765530
sample,444,drone,11.091905,12.011045,-2.731908,2.181769,0.208697,-0.200565,0.016182,-0.919385,0.883559,-0.071287,-0.765530
sample,445,drone,11.116887,12.015972,-2.736642,2.182151,0.186207,-0.178951,0.014438,-0.880113,0.845818,-0.068242,-0.765530
sample,446,drone,11.141869,12.020349,-2.740849,2.182490,0.164723,-0.158305,0.012772,-0.838750,0.806067,-0.065035,-0.765530
sample,447,drone,11.166850,12.024202,-2.744552,2.182789,0.144300,-0.138677,0.011189,-0.795268,0.764279,-0.061663,-0.765530
sample,448,drone,11.191832,12.027558,-2.747777,2.183049,0.124989,-0.120118,0.009691,-0.749639,0.720428,-0.058125,-0.765530
sample,449,drone,11.216814,12.030447,-2.750553,2.183273,0.106845,-0.102682,0.008284,-0.701835,0.674486,-0.054418,-0.765530
sample,450,drone,11.241796,12.032897,-2.752908,2.183463,0.089923,-0.086419,0.006972,-0.651827,0.626428,-0.050541,-0.765530
sample,451,drone,11.266778,12.034940,-2.754871,2.183622,0.074277,-0.071383,0.005759,-0.599589,0.576225,-0.046491,-0.765530
sample,452,drone,11.291759,12.036608,-2.756474,2.183751,0.059965,-0.057629,0.004650,-0.545092,0.523851,-0.042265,-0.765530
sample,453,drone,11.316741,12.037936,-2.757750,2.183854,0.047043,-0.045210,0.003648,-0.488307,0.469279,-0.037862,-0.765530
sample,454,drone,11.341723,12.038958,-2.758733,2.183933,0.035568,-0.034182,0.002758,-0.429208,0.412483,-0.033280,-0.765530
sample,455,drone,11.366705,12.039713,-2.759458,2.183992,0.025598,-0.024601,0.001985,-0.367765,0.353435,-0.028516,-0.765530
sample,456,drone,11.391686,12.040237,-2.759962,2.184033,0.017193,-0.016523,0.001333,-0.303952,0.292108,-0.023568,-0.765530
sample,457,drone,11.416668,12.040572,-2.760284,2.184058,0.010411,-0.010006,0.000807,-0.237740,0.228476,-0.018434,-0.765530
sample,458,drone,11.441650,12.040758,-2.760462,2.184073,0.005314,-0.005107,0.000412,-0.169101,0.162511,-0.013112,-0.765530
sample,459,drone,11.466632,12.040837,-2.760539,2.184079,0.001963,-0.001886,0.000152,-0.099900,0.095331,-0.007801,-0.765530
sample,460,drone,11.491613,12.040856,-2.760556,2.184080,0.000323,-0.000344,0.000022,-0.054210,0.041547,-0.005057,-0.817132
sample,461,drone,11.516595,12.040853,-2.760556,2.184080,-0.000746,0.000190,-0.000100,-0.066755,0.022560,-0.008540,2.892556
sample,462,drone,11.541577,12.040818,-2.760547,2.184075,-0.003012,0.000783,-0.000404,-0.128107,0.033380,-0.017190,2.887312
sample,463,drone,11.566559,12.040703,-2.760517,2.184060,-0.007147,0.001857,-0.000959,-0.201910,0.052478,-0.027104,2.887312
sample,464,drone,11.591541,12.040461,-2.760454,2.184028,-0.013100,0.003405,-0.001759,-0.273521,0.071090,-0.036717,2.887312
sample,465,drone,11.616522,12.040048,-2.760347,2.183972,-0.020813,0.005409,-0.002794,-0.342724,0.089076,-0.046007,2.887312
sample,466,drone,11.641504,12.039421,-2.760184,2.183888,-0.030224,0.007855,-0.004057,-0.409544,0.106443,-0.054977,2.887312
sample,467,drone,11.666486,12.038538,-2.759954,2.183769,-0.041275,0.010728,-0.005541,-0.474008,0.123198,-0.063631,2.887312
sample,468,drone,11.691468,12.037359,-2.759648,2.183611,-0.053907,0.014011,-0.007236,-0.536142,0.139347,-0.071971,2.887312
sample,469,drone,11.716449,12.035845,-2.759254,2.183408,-0.068063,0.017690,-0.009137,-0.595973,0.154898,-0.080003,2.887312
sample,470,drone,11.741431,12.033958,-2.758764,2.183155,-0.083684,0.021750,-0.011234,-0.653526,0.169856,-0.087729,2.887312
sample,471,drone,11.766413,12.031664,-2.758168,2.182847,-0.100715,0.026177,-0.013520,-0.708829,0.184230,-0.095153,2.887312
sample,472,drone,11.791395,12.028926,-2.757456,2.182479,-0.119100,0.030955,-0.015988,-0.761907,0.198025,-0.102278,2.887312
sample,473,drone,11.816376,12.025713,-2.756621,2.182048,-0.138783,0.036071,-0.018630,-0.812788,0.211249,-0.109108,2.887312
sample,474,drone,11.841358,12.021992,-2.755654,2.181548,-0.159709,0.041510,-0.021439,-0.861496,0.223909,-0.115647,2.887312
sample,475,drone,11.866340,12.017734,-2.754547,2.180977,-0.181826,0.047258,-0.024408,-0.908059,0.236011,-0.121897,2.887312
sample,476,drone,11.891322,12.012908,-2.753293,2.180329,-0.205079,0.053302,-0.027530,-0.952504,0.247562,-0.127863,2.887312
sample,477,drone,11.916304,12.007487,-2.751884,2.179601,-0.229416,0.059627,-0.030797,-0.994855,0.258570,-0.133549,2.887312
sample,478,drone,11.941285,12.001445,-2.750314,2.178790,-0.254786,0.066221,-0.034202,-1.035141,0.269040,-0.138957,2.887312
sample,479,drone,11.966267,11.994757,-2.748575,2.177892,-0.281136,0.073069,-0.037739,-1.073386,0.278980,-0.144091,2.887312
sample,480,drone,11.991249,11.987399,-2.746663,2.176904,-0.308416,0.080159,-0.041402,-1.109618,0.288397,-0.148954,2.887312
sample,481,drone,12.016231,11.979347,-2.744570,2.175824,-0.336576,0.087478,-0.045182,-1.143862,0.297298,-0.153551,2.887312
sample,482,drone,12.041212,11.970582,-2.742292,2.174647,-0.365567,0.095013,-0.049074,-1.176146,0.305688,-0.157885,2.887312
sample,483,drone,12.066194,11.961082,-2.739823,2.173372,-0.395341,0.102752,-0.053070,-1.206495,0.313576,-0.161959,2.887312
sample,484,drone,12.091176,11.950830,-2.737158,2.171995,-0.425848,0.110681,-0.057166,-1.234936,0.320968,-0.165777,2.887312
sample,485,drone,12.116158,11.939806,-2.734293,2.170516,-0.457042,0.118788,-0.061353,-1.261495,0.327871,-0.169342,2.887312
sample,486,drone,12.141139,11.927994,-2.731223,2.168930,-0.488877,0.127062,-0.065626,-1.286199,0.334292,-0.172658,2.887312
sample,487,drone,12.166121,11.915380,-2.727945,2.167237,-0.521305,0.135491,-0.069980,-1.309073,0.340237,-0.175729,2.887312
sample,488,drone,12.191103,11.901948,-2.724454,2.165434,-0.554283,0.144062,-0.074407,-1.330145,0.345714,-0.178558,2.887312
sample,489,drone,12.216085,11.887686,-2.720747,2.163519,-0.587764,0.152764,-0.078901,-1.349440,0.350729,-0.181148,2.887312
sample,490,drone,12.241067,11.872581,-2.716821,2.161491,-0.621706,0.161586,-0.083457,-1.366986,0.355289,-0.183503,2.887312
sample,491,drone,12.266048,11.856623,-2.712673,2.159349,-0.656064,0.170516,-0.088070,-1.382807,0.359401,-0.185627,2.887312
sample,492,drone,12.291030,11.839802,-2.708301,2.157091,-0.690795,0.179543,-0.092732,-1.396932,0.363072,-0.187523,2.887312
sample,493,drone,12.316012,11.822108,-2.703703,2.154716,-0.725859,0.188656,-0.097439,-1.409385,0.366309,-0.189195,2.887312
sample,494,drone,12.340994,11.803535,-2.698875,2.152223,-0.761213,0.197845,-0.102185,-1.420194,0.369118,-0.190646,2.887312
sample,495,drone,12.365975,11.784076,-2.693818,2.149611,-0.796817,0.207098,-0.106964,-1.429384,0.371507,-0.191880,2.887312
sample,496,drone,12.390957,11.763723,-2.688528,2.146878,-0.832630,0.216406,-0.111772,-1.436983,0.373482,-0.192900,2.887312
sample,497,drone,12.415939,11.742474,-2.683005,2.144026,-0.868614,0.225759,-0.116602,-1.443016,0.375050,-0.193709,2.887312
sample,498,drone,12.440921,11.720324,-2.677248,2.141053,-0.904729,0.235145,-0.121450,-1.447510,0.376218,-0.194313,2.887312
sample,499,drone,12.465902,11.697271,-2.671257,2.137958,-0.940937,0.244556,-0.126311,-1.450490,0.376993,-0.194713,2.887312
sample,500,drone,12.490884,11.673312,-2.665030,2.134742,-0.977200,0.253981,-0.131179,-1.451985,0.377381,-0.194913,2.887312
sample,501,drone,12.515866,11.648447,-2.658567,2.131404,-1.013483,0.263411,-0.136049,-1.452019,0.377390,-0.194918,2.887312
sample,502,drone,12.540848,11.622675,-2.651869,2.127944,-1.049748,0.272837,-0.140917,-1.450620,0.377026,-0.194730,2.887312
sample,503,drone,12.565830,11.595997,-2.644935,2.124363,-1.085961,0.282249,-0.145779,-1.447813,0.376297,-0.194353,2.887312
sample,504,drone,12.590811,11.568416,-2.637766,2.120661,-1.122086,0.291638,-0.150628,-1.443625,0.375208,-0.193791,2.887312
sample,505,drone,12.615793,11.539934,-2.630364,2.116837,-1.158090,0.300996,-0.155461,-1.438082,0.373767,-0.193047,2.887312
sample,506,drone,12.640775,11.510554,-2.622728,2.112893,-1.193938,0.310313,-0.160273,-1.431211,0.371982,-0.192125,2.887312
sample,507,drone,12.665757,11.480281,-2.614859,2.108829,-1.229598,0.319581,-0.165060,-1.423037,0.369857,-0.191028,2.887312
sample,508,drone,12.690738,11.449119,-2.606760,2.104646,-1.265038,0.328792,-0.169818,-1.413588,0.367402,-0.189759,2.887312
sample,509,drone,12.715720,11.417075,-2.598432,2.100345,-1.300226,0.337938,-0.174541,-1.402890,0.364621,-0.188323,2.887312
sample,510,drone,12.740702,11.384155,-2.589876,2.095925,-1.335131,0.347010,-0.179227,-1.390969,0.361523,-0.186723,2.887312
sample,511,drone,12.765684,11.350367,-2.581094,2.091390,-1.369723,0.356001,-0.183871,-1.377851,0.358113,-0.184962,2.887312
sample,512,drone,12.790665,11.315719,-2.572089,2.086739,-1.403973,0.364902,-0.188468,-1.363563,0.354400,-0.183044,2.887312
sample,513,drone,12.815647,11.280220,-2.562862,2.081973,-1.437852,0.373708,-0.193016,-1.348131,0.350389,-0.180972,2.887312
sample,514,drone,12.840629,11.243879,-2.553417,2.077095,-1.471331,0.382409,-0.197510,-1.331582,0.346087,-0.178751,2.887312
sample,515,drone,12.865611,11.206707,-2.543756,2.072105,-1.504382,0.391000,-0.201947,-1.313941,0.341502,-0.176383,2.887312
sample,516,drone,12.890593,11.168714,-2.533881,2.067005,-1.536980,0.399472,-0.206323,-1.295236,0.336641,-0.173872,2.887312
sample,517,drone,12.915574,11.129914,-2.523797,2.061796,-1.569097,0.407819,-0.210635,-1.275492,0.331509,-0.171221,2.887312
sample,518,drone,12.940556,11.090317,-2.513505,2.056481,-1.600708,0.416035,-0.214878,-1.254736,0.326115,-0.168435,2.887312
sample,519,drone,12.965538,11.049937,-2.503010,2.051060,-1.631788,0.424113,-0.219050,-1.232994,0.320464,-0.165516,2.887312
sample,520,drone,12.990520,11.008787,-2.492315,2.045536,-1.662313,0.432047,-0.223148,-1.210292,0.314563,-0.162469,2.887312
sample,521,drone,13.015501,10.966882,-2.481423,2.039911,-1.692259,0.439830,-0.227168,-1.186658,0.308421,-0.159296,2.887312
sample,522,drone,13.040483,10.924236,-2.470339,2.034186,-1.721602,0.447456,-0.231107,-1.162117,0.302042,-0.156002,2.887312
sample,523,drone,13.065465,10.880864,-2.459067,2.028364,-1.750322,0.454921,-0.234962,-1.136695,0.295435,-0.152589,2.887312
sample,524,drone,13.090447,10.836783,-2.447610,2.022447,-1.778396,0.462217,-0.238731,-1.110420,0.288606,-0.149062,2.887312
sample,525,drone,13.115428,10.792009,-2.435973,2.016436,-1.805802,0.469341,-0.242410,-1.083317,0.281562,-0.145424,2.887312
sample,526,drone,13.140410,10.746559,-2.424160,2.010335,-1.832522,0.476285,-0.245997,-1.055412,0.274309,-0.141678,2.887312
sample,527,drone,13.165392,10.700450,-2.412176,2.004145,-1.858535,0.483046,-0.249488,-1.026733,0.266855,-0.137828,2.887312
sample,528,drone,13.190374,10.653700,-2.400025,1.997870,-1.883821,0.489618,-0.252883,-0.997305,0.259207,-0.133878,2.887312
sample,529,drone,13.215356,10.606328,-2.387713,1.991510,-1.908364,0.495997,-0.256177,-0.967155,0.251370,-0.129830,2.887312
sample,530,drone,13.240337,10.558352,-2.375244,1.985070,-1.932144,0.502178,-0.259370,-0.936309,0.243353,-0.125689,2.887312
sample,531,drone,13.265319,10.509791,-2.362622,1.978551,-1.955145,0.508156,-0.262457,-0.904793,0.235162,-0.121459,2.887312
sample,532,drone,13.290301,10.460666,-2.349854,1.971957,-1.977350,0.513927,-0.265438,-0.872634,0.226804,-0.117142,2.887312
sample,533,drone,13.315283,10.410996,-2.336945,1.965289,-1.998745,0.519488,-0.268310,-0.839859,0.218285,-0.112742,2.887312
sample,534,drone,13.340264,10.360801,-2.323899,1.958551,-2.019313,0.524833,-0.271071,-0.806493,0.209613,-0.108263,2.887312
sample,535,drone,13.365246,10.310104,-2.310722,1.951746,-2.039040,0.529961,-0.273719,-0.772562,0.200794,-0.103708,2.887312
sample,536,drone,13.390228,10.258924,-2.297420,1.944875,-2.057913,0.534866,-0.276253,-0.738094,0.191836,-0.099081,2.887312
sample,537,drone,13.415210,10.207283,-2.283998,1.937943,-2.075918,0.539546,-0.278670,-0.703115,0.182745,-0.094386,2.887312
sample,538,drone,13.440191,10.155203,-2.270462,1.930952,-2.093043,0.543996,-0.280969,-0.667651,0.173527,-0.089625,2.887312
sample,539,drone,13.465173,10.102707,-2.256818,1.923905,-2.109276,0.548216,-0.283148,-0.631728,0.164190,-0.084803,2.887312
sample,540,drone,13.490155,10.049817,-2.243072,1.916805,-2.124606,0.552200,-0.285206,-0.595372,0.154741,-0.079922,2.887312
sample,541,drone,13.515137,9.996554,-2.229228,1.909655,-2.139023,0.555947,-0.287141,-0.558611,0.145187,-0.074988,2.887312
sample,542,drone,13.540118,9.942943,-2.215295,1.902458,-2.152516,0.559454,-0.288952,-0.521470,0.135534,-0.070002,2.887312
sample,543,drone,13.565100,9.889007,-2.201276,1.895218,-2.165077,0.562719,-0.290638,-0.483975,0.125789,-0.064969,2.887312
sample,544,drone,13.590082,9.834769,-2.187179,1.887937,-2.176697,0.565739,-0.292198,-0.446154,0.115959,-0.059891,2.887312
sample,545,drone,13.615064,9.780252,-2.173010,1.880619,-2.187369,0.568512,-0.293631,-0.408032,0.106050,-0.054774,2.887312
sample,546,drone,13.640046,9.725480,-2.158774,1.873266,-2.197084,0.571038,-0.294935,-0.369636,0.096071,-0.049620,2.887312
sample,547,drone,13.665027,9.670477,-2.144479,1.865883,-2.205837,0.573312,-0.296110,-0.330992,0.086027,-0.044432,2.887312
sample,548,drone,13.690009,9.615268,-2.130130,1.858471,-2.213622,0.575336,-0.297155,-0.292127,0.075926,-0.039215,2.887312
sample,549,drone,13.714991,9.559877,-2.115733,1.851036,-2.220433,0.577106,-0.298069,-0.253066,0.065774,-0.033971,2.887312
sample,550,drone,13.739973,9.504328,-2.101295,1.843579,-2.226266,0.578622,-0.298852,-0.213837,0.055578,-0.028705,2.887312
sample,551,drone,13.764954,9.448645,-2.086823,1.836104,-2.231117,0.579883,-0.299504,-0.174465,0.045345,-0.023420,2.887312
sample,552,drone,13.789936,9.392853,-2.072322,1.828614,-2.234983,0.580888,-0.300023,-0.134977,0.035081,-0.018119,2.887312
sample,553,drone,13.814918,9.336977,-2.057800,1.821114,-2.237861,0.581636,-0.300409,-0.095399,0.024795,-0.012806,2.887312
sample,554,drone,13.839900,9.281042,-2.043262,1.813605,-2.239749,0.582126,-0.300662,-0.055758,0.014492,-0.007485,2.887312
sample,555,drone,13.864881,9.225072,-2.028715,1.806092,-2.240647,0.582360,-0.300783,-0.016080,0.004179,-0.002159,2.887312
sample,556,drone,13.889863,9.169091,-2.014165,1.798577,-2.240553,0.582335,-0.300770,0.023609,-0.006136,0.003169,2.887312
sample,557,drone,13.914845,9.113126,-1.999619,1.791064,-2.239467,0.582053,-0.300625,0.063282,-0.016447,0.008495,2.887312
sample,558,drone,13.939827,9.057199,-1.985084,1.783557,-2.237391,0.581513,-0.300346,0.102913,-0.026748,0.013815,2.887312
sample,559,drone,13.964809,9.001338,-1.970565,1.776058,-2.234325,0.580717,-0.299934,0.142475,-0.037030,0.019126,2.887312
sample,560,drone,13.989790,8.945565,-1.956069,1.768571,-2.230272,0.579663,-0.299390,0.181943,-0.047288,0.024424,2.887312
sample,561,drone,14.014772,8.889905,-1.941603,1.761099,-2.225235,0.578354,-0.298714,0.221290,-0.057515,0.029706,2.887312
sample,562,drone,14.039754,8.834384,-1.927172,1.753646,-2.219216,0.576790,-0.297906,0.260489,-0.067703,0.034968,2.887312
sample,563,drone,14.064736,8.779025,-1.912784,1.746215,-2.212220,0.574971,-0.296967,0.299515,-0.077846,0.040207,2.887312
sample,564,drone,14.089717,8.723854,-1.898445,1.738808,-2.204251,0.572900,-0.295897,0.338341,-0.087937,0.045419,2.887312
sample,565,drone,14.114699,8.668893,-1.884160,1.731431,-2.195315,0.570578,-0.294698,0.376939,-0.097969,0.050600,2.887312
sample,566,drone,14.139681,8.614168,-1.869937,1.724084,-2.185418,0.568005,-0.293369,0.415286,-0.107936,0.055748,2.887312
sample,567,drone,14.164663,8.559702,-1.855781,1.716773,-2.174566,0.565185,-0.291912,0.453352,-0.117829,0.060858,2.887312
sample,568,drone,14.189644,8.505519,-1.841698,1.709499,-2.162767,0.562118,-0.290328,0.491114,-0.127644,0.065927,2.887312
sample,569,drone,14.214626,8.451643,-1.827695,1.702267,-2.150028,0.558807,-0.288618,0.528543,-0.137372,0.070951,2.887312
sample,570,drone,14.239608,8.398096,-1.813778,1.695079,-2.136359,0.555255,-0.286783,0.565614,-0.147007,0.075928,2.887312
sample,571,drone,14.264590,8.344903,-1.799953,1.687938,-2.121768,0.551462,-0.284825,0.602300,-0.156542,0.080852,2.887312
sample,572,drone,14.289572,8.292085,-1.786225,1.680848,-2.106266,0.547433,-0.282744,0.638576,-0.165970,0.085722,2.887312
sample,573,drone,14.314553,8.239666,-1.772601,1.673811,-2.089862,0.543170,-0.280542,0.674414,-0.175285,0.090533,2.887312
sample,574,drone,14.339535,8.187668,-1.759086,1.666831,-2.072570,0.538675,-0.278220,0.709788,-0.184479,0.095282,2.887312
sample,575,drone,14.364517,8.136113,-1.745687,1.659911,-2.054399,0.533953,-0.275781,0.744673,-0.193546,0.099964,2.887312
sample,576,drone,14.389499,8.085023,-1.732408,1.653052,-2.035363,0.529005,-0.273226,0.779041,-0.202478,0.104578,2.887312
sample,577,drone,14.414480,8.034419,-1.719256,1.646259,-2.015475,0.523836,-0.270556,0.812866,-0.211270,0.109119,2.887312
sample,578,drone,14.439462,7.984323,-1.706235,1.639534,-1.994749,0.518449,-0.267774,0.846122,-0.219913,0.113583,2.887312
sample,579,drone,14.464444,7.934755,-1.693352,1.632880,-1.973200,0.512848,-0.264881,0.878783,-0.228402,0.117967,2.887312
sample,580,drone,14.489426,7.885735,-1.680612,1.626300,-1.950842,0.507038,-0.261880,0.910822,-0.236729,0.122268,2.887312
sample,581,drone,14.514407,7.837284,-1.668019,1.619796,-1.927692,0.501021,-0.258772,0.942212,-0.244888,0.126482,2.887312
sample,582,drone,14.539389,7.789420,-1.655579,1.613371,-1.903766,0.494802,-0.255560,0.972928,-0.252871,0.130605,2.887312
sample,583,drone,14.564371,7.742165,-1.643297,1.607027,-1.879081,0.488386,-0.252247,1.002944,-0.260672,0.134634,2.887312
sample,584,drone,14.589353,7.695535,-1.631177,1.600768,-1.853655,0.481778,-0.248833,1.032232,-0.268284,0.138566,2.887312
sample,585,drone,14.614335,7.649549,-1.619226,1.594595,-1.827507,0.474982,-0.245323,1.060766,-0.275700,0.142396,2.887312
sample,586,drone,14.639316,7.604226,-1.607446,1.588510,-1.800656,0.468003,-0.241719,1.088520,-0.282914,0.146122,2.887312
sample,587,drone,14.664298,7.559582,-1.595842,1.582517,-1.773121,0.460847,-0.238023,1.115469,-0.289918,0.149740,2.887312
sample,588,drone,14.689280,7.515635,-1.584420,1.576618,-1.744923,0.453518,-0.234237,1.141584,-0.296706,0.153245,2.887312
sample,589,drone,14.714262,7.472400,-1.573183,1.570814,-1.716083,0.446022,-0.230366,1.166841,-0.303270,0.156636,2.887312
sample,590,drone,14.739243,7.429893,-1.562135,1.565108,-1.686624,0.438365,-0.226411,1.191212,-0.309604,0.159907,2.887312
sample,591,drone,14.764225,7.388130,-1.551281,1.559502,-1.656566,0.430553,-0.222376,1.214671,-0.315702,0.163057,2.887312
sample,592,drone,14.789207,7.347125,-1.540623,1.553997,-1.625934,0.422592,-0.218264,1.237192,-0.321555,0.166080,2.887312
sample,593,drone,14.814189,7.306893,-1.530167,1.548597,-1.594752,0.414487,-0.214078,1.258749,-0.327158,0.168974,2.887312
sample,594,drone,14.839170,7.267446,-1.519914,1.543301,-1.563043,0.406246,-0.209822,1.279316,-0.332503,0.171734,2.887312
sample,595,drone,14.864152,7.228798,-1.509869,1.538113,-1.530833,0.397874,-0.205498,1.298865,-0.337584,0.174359,2.887312
sample,596,drone,14.889134,7.190960,-1.500035,1.533034,-1.498147,0.389379,-0.201110,1.317370,-0.342394,0.176843,2.887312
sample,597,drone,14.914116,7.153945,-1.490414,1.528065,-1.465012,0.380767,-0.196662,1.334806,-0.346925,0.179183,2.887312
sample,598,drone,14.939098,7.117763,-1.481010,1.523208,-1.431455,0.372045,-0.192158,1.351145,-0.351172,0.181377,2.887312
sample,599,drone,14.964079,7.082424,-1.471826,1.518464,-1.397504,0.363221,-0.187600,1.366362,-0.355127,0.183420,2.887312
sample,600,drone,14.989061,7.047939,-1.462863,1.513835,-1.363187,0.354302,-0.182993,1.380430,-0.358784,0.185308,2.887312
sample,601,drone,15.014043,7.014315,-1.454124,1.509321,-1.328533,0.345295,-0.178341,1.393323,-0.362134,0.187039,2.887312
sample,602,drone,15.039025,6.981560,-1.445610,1.504924,-1.293572,0.336208,-0.173648,1.405014,-0.365173,0.188608,2.887312
sample,603,drone,15.064006,6.949683,-1.437325,1.500645,-1.258333,0.327050,-0.168918,1.415478,-0.367893,0.190013,2.887312
sample,604,drone,15.088988,6.918690,-1.429270,1.496484,-1.222849,0.317827,-0.164154,1.424687,-0.370286,0.191249,2.887312
sample,605,drone,15.113970,6.888585,-1.421446,1.492443,-1.187151,0.308549,-0.159362,1.432615,-0.372347,0.192313,2.887312
sample,606,drone,15.138952,6.859375,-1.413854,1.488522,-1.151271,0.299223,-0.154546,1.439236,-0.374068,0.193202,2.887312
sample,607,drone,15.163933,6.831064,-1.406495,1.484722,-1.115242,0.289859,-0.149709,1.444524,-0.375442,0.193912,2.887312
sample,608,drone,15.188915,6.803654,-1.399371,1.481042,-1.079097,0.280465,-0.144857,1.448452,-0.376463,0.194439,2.887312
sample,609,drone,15.213897,6.777148,-1.392482,1.477484,-1.042872,0.271050,-0.139994,1.450994,-0.377123,0.194780,2.887312
sample,610,drone,15.238879,6.751548,-1.385829,1.474048,-1.006601,0.261623,-0.135125,1.452124,-0.377417,0.194932,2.887312
sample,611,drone,15.263861,6.726855,-1.379411,1.470733,-0.970319,0.252193,-0.130255,1.451814,-0.377337,0.194891,2.887312
sample,612,drone,15.288842,6.703068,-1.373228,1.467540,-0.934063,0.242769,-0.125388,1.450040,-0.376876,0.194652,2.887312
sample,613,drone,15.313824,6.680186,-1.367281,1.464468,-0.897870,0.233363,-0.120529,1.446774,-0.376027,0.194214,2.887312
sample,614,drone,15.338806,6.658207,-1.361569,1.461517,-0.861777,0.223982,-0.115684,1.441991,-0.374783,0.193572,2.887312
sample,615,drone,15.363788,6.637128,-1.356090,1.458688,-0.825823,0.214637,-0.110858,1.435663,-0.373139,0.192722,2.887312
sample,616,drone,15.388769,6.616946,-1.350845,1.455979,-0.790046,0.205338,-0.106055,1.427764,-0.371086,0.191662,2.887312
sample,617,drone,15.413751,6.597655,-1.345831,1.453389,-0.754487,0.196096,-0.101282,1.418269,-0.368618,0.190387,2.887312
sample,618,drone,15.438733,6.579249,-1.341047,1.450918,-0.719184,0.186921,-0.096543,1.407150,-0.365728,0.188895,2.887312
sample,619,drone,15.463715,6.561722,-1.336492,1.448565,-0.684180,0.177823,-0.091844,1.394382,-0.362410,0.187181,2.887312
sample,620,drone,15.488696,6.545065,-1.332162,1.446329,-0.649516,0.168814,-0.087191,1.379937,-0.358655,0.185242,2.887312
sample,621,drone,15.513678,6.529270,-1.328057,1.444209,-0.615234,0.159904,-0.082589,1.363791,-0.354459,0.183074,2.887312
sample,622,drone,15.538660,6.514326,-1.324173,1.442203,-0.581376,0.151104,-0.078044,1.345915,-0.349813,0.180675,2.887312
sample,623,drone,15.563642,6.500222,-1.320507,1.440310,-0.547987,0.142426,-0.073561,1.326285,-0.344711,0.178040,2.887312
sample,624,drone,15.588624,6.486947,-1.317057,1.438528,-0.515110,0.133881,-0.069148,1.304873,-0.339146,0.175165,2.887312
sample,625,drone,15.613605,6.474485,-1.313818,1.436855,-0.482791,0.125481,-0.064810,1.281654,-0.333111,0.172048,2.887312
sample,626,drone,15.638587,6.462825,-1.310787,1.435289,-0.451074,0.117237,-0.060552,1.256600,-0.326599,0.168685,2.887312
sample,627,drone,15.663569,6.451948,-1.307961,1.433829,-0.420007,0.109163,-0.056381,1.229686,-0.319604,0.165072,2.887312
sample,628,drone,15.688551,6.441840,-1.305333,1.432472,-0.389635,0.101269,-0.052304,1.200885,-0.312118,0.161206,2.887312
sample,629,drone,15.713532,6.432481,-1.302901,1.431216,-0.360006,0.093568,-0.048327,1.170171,-0.304136,0.157083,2.887312
sample,630,drone,15.738514,6.423852,-1.300658,1.430058,-0.331169,0.086073,-0.044456,1.137518,-0.295649,0.152700,2.887312
sample,631,drone,15.763496,6.415934,-1.298600,1.428995,-0.303172,0.078796,-0.040698,1.102898,-0.286651,0.148052,2.887312
sample,632,drone,15.788478,6.408705,-1.296721,1.428024,-0.276064,0.071751,-0.037059,1.066287,-0.277135,0.143138,2.887312
sample,633,drone,15.813459,6.402141,-1.295015,1.427143,-0.249896,0.064950,-0.033546,1.027656,-0.267095,0.137952,2.887312
sample,634,drone,15.838441,6.396219,-1.293476,1.426348,-0.224719,0.058406,-0.030166,0.986981,-0.256523,0.132492,2.887312
sample,635,drone,15.863423,6.390913,-1.292097,1.425636,-0.200583,0.052133,-0.026926,0.944235,-0.245413,0.126753,2.887312
sample,636,drone,15.888405,6.386197,-1.290871,1.425003,-0.177542,0.046144,-0.023833,0.899390,-0.233758,0.120734,2.887312
sample,637,drone,15.913386,6.382043,-1.289792,1.424445,-0.155647,0.040454,-0.020894,0.852422,-0.221551,0.114429,2.887312
sample,638,drone,15.938368,6.378421,-1.288850,1.423959,-0.134952,0.035075,-0.018116,0.803304,-0.208784,0.107835,2.887312
sample,639,drone,15.963350,6.375300,-1.288039,1.423540,-0.115511,0.030022,-0.015506,0.752009,-0.195452,0.100949,2.887312
sample,640,drone,15.988332,6.372649,-1.287350,1.423184,-0.097379,0.025309,-0.013072,0.698510,-0.181548,0.093768,2.887312
sample,641,drone,16.013314,6.370435,-1.286775,1.422887,-0.080611,0.020951,-0.010821,0.642783,-0.167064,0.086287,2.887312
sample,642,drone,16.038295,6.368622,-1.286303,1.422644,-0.065263,0.016962,-0.008761,0.584799,-0.151993,0.078503,2.887312
sample,643,drone,16.063277,6.367174,-1.285927,1.422449,-0.051392,0.013357,-0.006899,0.524534,-0.136330,0.070413,2.887312
sample,644,drone,16.088259,6.366054,-1.285636,1.422299,-0.039055,0.010151,-0.005243,0.461960,-0.120067,0.062013,2.887312
sample,645,drone,16.113241,6.365223,-1.285420,1.422187,-0.028311,0.007358,-0.003800,0.397051,-0.103196,0.053300,2.887312
sample,646,drone,16.138222,6.364639,-1.285268,1.422109,-0.019217,0.004995,-0.002580,0.329781,-0.085712,0.044270,2.887312
sample,647,drone,16.163204,6.364262,-1.285170,1.422059,-0.011834,0.003076,-0.001589,0.260123,-0.067608,0.034919,2.887312
sample,648,drone,16.188186,6.364048,-1.285115,1.422030,-0.006221,0.001617,-0.000835,0.188052,-0.048876,0.025244,2.887312
sample,649,drone,16.213168,6.363952,-1.285090,1.422017,-0.002438,0.000634,-0.000327,0.114620,-0.029201,0.015396,2.887312
sample,650,drone,16.238149,6.363926,-1.285083,1.422013,-0.000494,0.000158,-0.000066,0.062935,-0.002069,0.008667,2.832257
sample,651,drone,16.263131,6.363927,-1.285082,1.422013,0.000706,0.000530,0.000106,0.074363,0.043673,0.010948,0.644068
sample,652,drone,16.288113,6.363962,-1.285057,1.422019,0.003222,0.002340,0.000481,0.146620,0.106146,0.021894,0.628174
sample,653,drone,16.313095,6.364088,-1.284965,1.422038,0.008032,0.005834,0.001200,0.237353,0.172394,0.035451,0.628174
sample,654,drone,16.338077,6.364363,-1.284765,1.422079,0.015081,0.010953,0.002252,0.325041,0.236084,0.048549,0.628174
sample,655,drone,16.363058,6.364841,-1.284418,1.422150,0.024272,0.017629,0.003625,0.408940,0.297022,0.061080,0.628174
sample,656,drone,16.388040,6.365576,-1.283884,1.422260,0.035513,0.025794,0.005304,0.489104,0.355247,0.073053,0.628174
sample,657,drone,16.413022,6.366616,-1.283129,1.422415,0.048710,0.035379,0.007275,0.565586,0.410797,0.084477,0.628174
sample,658,drone,16.438004,6.368009,-1.282117,1.422623,0.063771,0.046319,0.009525,0.638438,0.463711,0.095358,0.628174
sample,659,drone,16.462985,6.369802,-1.280815,1.422891,0.080608,0.058547,0.012040,0.707713,0.514028,0.105705,0.628174
sample,660,drone,16.487967,6.372037,-1.279191,1.423225,0.099131,0.072001,0.014806,0.773465,0.561784,0.115526,0.628174
sample,661,drone,16.512949,6.374755,-1.277217,1.423631,0.119253,0.086616,0.017812,0.835746,0.607020,0.124828,0.628174
sample,662,drone,16.537931,6.377995,-1.274864,1.424115,0.140888,0.102330,0.021043,0.894609,0.649774,0.133620,0.628174
sample,663,drone,16.562912,6.381794,-1.272104,1.424682,0.163951,0.119081,0.024488,0.950107,0.690084,0.141909,0.628174
sample,664,drone,16.587894,6.386187,-1.268914,1.425338,0.188359,0.136809,0.028134,1.002294,0.727988,0.149704,0.628174
sample,665,drone,16.612876,6.391205,-1.265269,1.426088,0.214029,0.155454,0.031968,1.051222,0.763525,0.157012,0.628174
sample,666,drone,16.637858,6.396880,-1.261147,1.426935,0.240881,0.174957,0.035978,1.096944,0.796734,0.163841,0.628174
sample,667,drone,16.662840,6.403241,-1.256527,1.427885,0.268836,0.195262,0.040154,1.139513,0.827653,0.170199,0.628174
sample,668,drone,16.687821,6.410312,-1.251391,1.428942,0.297816,0.216310,0.044482,1.178982,0.856320,0.176094,0.628174
sample,669,drone,16.712803,6.418120,-1.245720,1.430108,0.327742,0.238046,0.048952,1.215404,0.882774,0.181534,0.628174
sample,670,drone,16.737785,6.426688,-1.239497,1.431388,0.358541,0.260416,0.053552,1.248832,0.907054,0.186527,0.628174
sample,671,drone,16.762767,6.436034,-1.232709,1.432784,0.390138,0.283366,0.058272,1.279319,0.929197,0.191081,0.628174
sample,672,drone,16.787748,6.446180,-1.225339,1.434299,0.422461,0.306842,0.063099,1.306917,0.949243,0.195203,0.628174
sample,673,drone,16.812730,6.457142,-1.217378,1.435936,0.455437,0.330794,0.068025,1.331681,0.967229,0.198902,0.628174
sample,674,drone,16.837712,6.468935,-1.208812,1.437698,0.488996,0.355169,0.073037,1.353663,0.983195,0.202185,0.628174
sample,675,drone,16.862694,6.481574,-1.199632,1.439585,0.523070,0.379917,0.078127,1.372915,0.997178,0.205061,0.628174
sample,676,drone,16.887675,6.495070,-1.189830,1.441601,0.557592,0.404991,0.083283,1.389491,1.009218,0.207536,0.628174
sample,677,drone,16.912657,6.509433,-1.179397,1.443747,0.592494,0.430342,0.088496,1.403444,1.019352,0.209620,0.628174
sample,678,drone,16.937639,6.524673,-1.168328,1.446023,0.627713,0.455922,0.093756,1.414827,1.027619,0.211321,0.628174
sample,679,drone,16.962621,6.540796,-1.156618,1.448431,0.663184,0.481685,0.099054,1.423692,1.034058,0.212645,0.628174
sample,680,drone,16.987603,6.557808,-1.144262,1.450972,0.698846,0.507587,0.104381,1.430093,1.038707,0.213601,0.628174
sample,681,drone,17.012584,6.575713,-1.131257,1.453646,0.734637,0.533583,0.109726,1.434082,1.041605,0.214197,0.628174
sample,682,drone,17.037566,6.594513,-1.117602,1.456454,0.770497,0.559629,0.115083,1.435713,1.042790,0.214440,0.628174
sample,683,drone,17.062548,6.614210,-1.103296,1.459396,0.806370,0.585684,0.120441,1.435038,1.042300,0.214339,0.628174
sample,684,drone,17.087530,6.634802,-1.088339,1.462472,0.842197,0.611706,0.125792,1.432111,1.040174,0.213902,0.628174
sample,685,drone,17.112511,6.656289,-1.072733,1.465681,0.877923,0.637655,0.131128,1.426985,1.036450,0.213136,0.628174
sample,686,drone,17.137493,6.678666,-1.056480,1.469023,0.913494,0.663491,0.136441,1.419711,1.031167,0.212050,0.628174
sample,687,drone,17.162475,6.701930,-1.039583,1.472498,0.948857,0.689175,0.141723,1.410344,1.024364,0.210651,0.628174
sample,688,drone,17.187457,6.726075,-1.022046,1.476104,0.983960,0.714672,0.146966,1.398937,1.016078,0.208947,0.628174
sample,689,drone,17.212438,6.751092,-1.003875,1.479841,1.018753,0.739942,0.152162,1.385542,1.006349,0.206947,0.628174
sample,690,drone,17.237420,6.776975,-0.985076,1.483707,1.053187,0.764952,0.157305,1.370212,0.995215,0.204657,0.628174
sample,691,drone,17.262402,6.803713,-0.965655,1.487701,1.087213,0.789667,0.162388,1.353000,0.982713,0.202086,0.628174
sample,692,drone,17.287384,6.831296,-0.945621,1.491820,1.120787,0.814052,0.167402,1.333959,0.968884,0.199242,0.628174
sample,693,drone,17.312366,6.859712,-0.924982,1.496065,1.153863,0.838076,0.172343,1.313143,0.953764,0.196133,0.628174
sample,694,drone,17.337347,6.888947,-0.903748,1.500431,1.186396,0.861706,0.177202,1.290604,0.937394,0.192766,0.628174
sample,695,drone,17.362329,6.918988,-0.881929,1.504918,1.218346,0.884911,0.181974,1.266394,0.919810,0.189150,0.628174
sample,696,drone,17.387311,6.949820,-0.859535,1.509523,1.249670,0.907663,0.186653,1.240568,0.901052,0.185293,0.628174
sample,697,drone,17.412293,6.981426,-0.836579,1.514244,1.280329,0.929931,0.191232,1.213178,0.881158,0.181202,0.628174
sample,698,drone,17.437274,7.013790,-0.813072,1.519078,1.310285,0.951688,0.195706,1.184277,0.860166,0.176885,0.628174
sample,699,drone,17.462256,7.046893,-0.789029,1.524022,1.339500,0.972908,0.200070,1.153918,0.838115,0.172351,0.628174
sample,700,drone,17.487238,7.080716,-0.764462,1.529074,1.367939,0.993564,0.204317,1.122153,0.815044,0.167606,0.628174
sample,701,drone,17.512220,7.115240,-0.739387,1.534231,1.395566,1.013630,0.208444,1.089037,0.790991,0.162660,0.628174
sample,702,drone,17.537201,7.150443,-0.713818,1.539489,1.422351,1.033084,0.212444,1.054621,0.765994,0.157520,0.628174
sample,703,drone,17.562183,7.186305,-0.687770,1.544845,1.448259,1.051902,0.216314,1.018959,0.740092,0.152193,0.628174
sample,704,drone,17.587165,7.222804,-0.661261,1.550297,1.473261,1.070062,0.220048,0.982104,0.713324,0.146688,0.628174
sample,705,drone,17.612147,7.259915,-0.634306,1.555840,1.497328,1.087542,0.223643,0.944109,0.685727,0.141013,0.628174
sample,706,drone,17.637129,7.297615,-0.606924,1.561471,1.520432,1.104323,0.227094,0.905026,0.657340,0.135176,0.628174
sample,707,drone,17.662110,7.335881,-0.579130,1.567186,1.542547,1.120385,0.230397,0.864909,0.628202,0.129184,0.628174
sample,708,drone,17.687092,7.374686,-0.550945,1.572982,1.563646,1.135710,0.233548,0.823810,0.598351,0.123046,0.628174
sample,709,drone,17.712074,7.414006,-0.522386,1.578855,1.583707,1.150281,0.236545,0.781784,0.567826,0.116768,0.628174
sample,710,drone,17.737056,7.453814,-0.493473,1.584801,1.602707,1.164081,0.239383,0.738881,0.536666,0.110360,0.628174
sample,711,drone,17.762037,7.494083,-0.464225,1.590815,1.620624,1.177095,0.242059,0.695156,0.504907,0.103830,0.628174
sample,712,drone,17.787019,7.534786,-0.434661,1.596895,1.637439,1.189308,0.244570,0.650662,0.472590,0.097184,0.628174
sample,713,drone,17.812001,7.575895,-0.404803,1.603035,1.653134,1.200707,0.246914,0.605451,0.439752,0.090431,0.628174
sample,714,drone,17.836983,7.617383,-0.374670,1.609231,1.667690,1.211280,0.249089,0.559577,0.406433,0.083579,0.628174
sample,715,drone,17.861964,7.659219,-0.344283,1.615480,1.681092,1.221014,0.251090,0.513091,0.372670,0.076636,0.628174
sample,716,drone,17.886946,7.701376,-0.313663,1.621777,1.693326,1.229899,0.252918,0.466049,0.338501,0.069610,0.628174
sample,717,drone,17.911928,7.743824,-0.282833,1.628117,1.704378,1.237927,0.254568,0.418501,0.303966,0.062508,0.628174
sample,718,drone,17.936910,7.786533,-0.251812,1.634496,1.714236,1.245087,0.256041,0.370502,0.269104,0.055339,0.628174
sample,719,drone,17.961892,7.829473,-0.220624,1.640910,1.722889,1.251372,0.257333,0.322104,0.233951,0.048110,0.628174
sample,720,drone,17.986873,7.872614,-0.189289,1.647353,1.730329,1.256776,0.258444,0.273360,0.198547,0.040829,0.628174
sample,721,drone,18.011855,7.915926,-0.157831,1.653822,1.736547,1.261292,0.259373,0.224323,0.162931,0.033505,0.628174
sample,722,drone,18.036837,7.959378,-0.126271,1.660312,1.741537,1.264916,0.260118,0.175047,0.127140,0.026145,0.628174
sample,723,drone,18.061819,8.002940,-0.094631,1.666819,1.745293,1.267644,0.260680,0.125583,0.091214,0.018757,0.628174
sample,724,drone,18.086800,8.046579,-0.062935,1.673337,1.747812,1.269474,0.261056,0.075986,0.055190,0.011349,0.628174
sample,725,drone,18.111782,8.090267,-0.031204,1.679862,1.749090,1.270402,0.261247,0.026307,0.019107,0.003929,0.628174
sample,726,drone,18.136764,8.133970,0.000539,1.686390,1.749126,1.270428,0.261252,-0.023399,-0.016996,-0.003495,0.628174
sample,727,drone,18.161746,8.177659,0.032271,1.692915,1.747921,1.269553,0.261072,-0.073081,-0.053080,-0.010915,0.628174
sample,728,drone,18.186727,8.221302,0.063970,1.699434,1.745475,1.267776,0.260707,-0.122685,-0.089109,-0.018324,0.628174
sample,729,drone,18.211709,8.264869,0.095614,1.705941,1.741791,1.265101,0.260156,-0.172158,-0.125042,-0.025714,0.628174
sample,730,drone,18.236691,8.308328,0.127179,1.712432,1.736873,1.261529,0.259422,-0.221447,-0.160841,-0.033076,0.628174
sample,731,drone,18.261673,8.351649,0.158644,1.718903,1.730727,1.257064,0.258504,-0.270499,-0.196469,-0.040402,0.628174
sample,732,drone,18.286654,8.394802,0.189987,1.725348,1.723358,1.251712,0.257403,-0.319261,-0.231886,-0.047685,0.628174
sample,733,drone,18.311636,8.437755,0.221184,1.731763,1.714775,1.245478,0.256121,-0.367681,-0.267055,-0.054917,0.628174
sample,734,drone,18.336618,8.480478,0.252215,1.738145,1.704987,1.238369,0.254659,-0.415705,-0.301936,-0.062090,0.628174
sample,735,drone,18.361600,8.522942,0.283058,1.744487,1.694005,1.230393,0.253019,-0.463281,-0.336491,-0.069196,0.628174
sample,736,drone,18.386582,8.565116,0.313690,1.750786,1.681840,1.221557,0.251202,-0.510354,-0.370681,-0.076227,0.628174
sample,737,drone,18.411563,8.606972,0.344091,1.757038,1.668506,1.211872,0.249210,-0.556874,-0.404469,-0.083175,0.628174
sample,738,drone,18.436545,8.648481,0.374239,1.763238,1.654017,1.201348,0.247046,-0.602785,-0.437816,-0.090033,0.628174
sample,739,drone,18.461527,8.689613,0.404115,1.769381,1.638389,1.189997,0.244712,-0.648036,-0.470683,-0.096792,0.628174
sample,740,drone,18.486509,8.730341,0.433696,1.775464,1.621639,1.177831,0.242210,-0.692574,-0.503032,-0.103444,0.628174
sample,741,drone,18.511490,8.770636,0.462963,1.781483,1.603785,1.164864,0.239544,-0.736345,-0.534824,-0.109982,0.628174
sample,742,drone,18.536472,8.810471,0.491897,1.787433,1.584848,1.151110,0.236715,-0.779297,-0.566021,-0.116397,0.628174
sample,743,drone,18.561454,8.849820,0.520477,1.793310,1.564849,1.136584,0.233728,-0.821377,-0.596584,-0.122682,0.628174
sample,744,drone,18.586436,8.888657,0.548684,1.799111,1.543809,1.121302,0.230586,-0.862531,-0.626475,-0.128829,0.628174
sample,745,drone,18.611417,8.926955,0.576501,1.804831,1.521754,1.105283,0.227291,-0.902707,-0.655656,-0.134830,0.628174
sample,746,drone,18.636399,8.964689,0.603908,1.810467,1.498707,1.088543,0.223849,-0.941852,-0.684087,-0.140676,0.628174
sample,747,drone,18.661381,9.001835,0.630888,1.816015,1.474695,1.071103,0.220263,-0.979912,-0.711732,-0.146361,0.628174
sample,748,drone,18.686363,9.038370,0.657424,1.821472,1.449747,1.052983,0.216536,-1.016835,-0.738550,-0.151876,0.628174
sample,749,drone,18.711345,9.074270,0.683499,1.826834,1.423891,1.034203,0.212674,-1.052569,-0.764503,-0.157213,0.628174
sample,750,drone,18.736326,9.109512,0.709097,1.832098,1.397157,1.014785,0.208681,-1.087059,-0.789554,-0.162365,0.628174
sample,751,drone,18.761308,9.144077,0.734201,1.837261,1.369577,0.994754,0.204562,-1.120253,-0.813664,-0.167323,0.628174
sample,752,drone,18.786290,9.177941,0.758798,1.842319,1.341185,0.974132,0.200321,-1.152098,-0.836794,-0.172079,0.628174
sample,753,drone,18.811272,9.211087,0.782872,1.847269,1.312015,0.952945,0.195964,-1.182540,-0.858905,-0.176626,0.628174
sample,754,drone,18.836253,9.243494,0.806411,1.852110,1.282101,0.931218,0.191496,-1.211528,-0.879959,-0.180956,0.628174
sample,755,drone,18.861235,9.275145,0.829399,1.856837,1.251482,0.908979,0.186923,-1.239008,-0.899919,-0.185060,0.628174
sample,756,drone,18.886217,9.306023,0.851826,1.861449,1.220196,0.886255,0.182250,-1.264928,-0.918744,-0.188931,0.628174
sample,757,drone,18.911199,9.336111,0.873680,1.865943,1.188282,0.863075,0.177484,-1.289233,-0.936398,-0.192562,0.628174
sample,758,drone,18.936180,9.365394,0.894949,1.870317,1.155781,0.839469,0.172629,-1.311871,-0.952841,-0.195943,0.628174
sample,759,drone,18.961162,9.393858,0.915623,1.874568,1.122736,0.815468,0.167694,-1.332790,-0.968034,-0.199067,0.628174
sample,760,drone,18.986144,9.421489,0.935692,1.878695,1.089190,0.791103,0.162683,-1.351936,-0.981940,-0.201927,0.628174
sample,761,drone,19.011126,9.448277,0.955149,1.882697,1.055189,0.766407,0.157605,-1.369256,-0.994521,-0.204514,0.628174
sample,762,drone,19.036108,9.474210,0.973985,1.886570,1.020778,0.741413,0.152465,-1.384698,-1.005736,-0.206820,0.628174
sample,763,drone,19.061089,9.499279,0.992193,1.890314,0.986004,0.716156,0.147271,-1.398208,-1.015549,-0.208838,0.628174
sample,764,drone,19.086071,9.523475,1.009766,1.893928,0.950918,0.690673,0.142031,-1.409733,-1.023920,-0.210560,0.628174
sample,765,drone,19.111053,9.546790,1.026701,1.897411,0.915569,0.664998,0.136751,-1.419221,-1.030811,-0.211977,0.628174
sample,766,drone,19.136035,9.569220,1.042992,1.900761,0.880009,0.639170,0.131439,-1.426618,-1.036183,-0.213082,0.628174
sample,767,drone,19.161016,9.590759,1.058636,1.903978,0.844290,0.613226,0.126104,-1.431871,-1.039999,-0.213866,0.628174
sample,768,drone,19.185998,9.611403,1.073631,1.907061,0.808468,0.587208,0.120754,-1.434929,-1.042220,-0.214323,0.628174
sample,769,drone,19.210980,9.631152,1.087975,1.910011,0.772596,0.561153,0.115396,-1.435736,-1.042807,-0.214444,0.628174
sample,770,drone,19.235962,9.650005,1.101668,1.912827,0.736733,0.535105,0.110040,-1.434242,-1.041721,-0.214220,0.628174
sample,771,drone,19.260943,9.667962,1.114711,1.915509,0.700936,0.509105,0.104693,-1.430392,-1.038925,-0.213645,0.628174
sample,772,drone,19.285925,9.685026,1.127105,1.918058,0.665266,0.483197,0.099365,-1.424134,-1.034379,-0.212711,0.628174
sample,773,drone,19.310907,9.701201,1.138853,1.920474,0.629782,0.457424,0.094065,-1.415414,-1.028046,-0.211408,0.628174
sample,774,drone,19.335889,9.716492,1.149960,1.922758,0.594547,0.431832,0.088802,-1.404180,-1.019887,-0.209730,0.628174
sample,775,drone,19.360871,9.730907,1.160429,1.924910,0.559624,0.406467,0.083586,-1.390379,-1.009863,-0.207669,0.628174
sample,776,drone,19.385852,9.744453,1.170268,1.926934,0.525078,0.381376,0.078426,-1.373958,-0.997936,-0.205216,0.628174
sample,777,drone,19.410834,9.757142,1.179484,1.928829,0.490976,0.356607,0.073333,-1.354864,-0.984067,-0.202364,0.628174
sample,778,drone,19.435816,9.768984,1.188085,1.930598,0.457385,0.332208,0.068316,-1.333043,-0.968218,-0.199105,0.628174
sample,779,drone,19.460798,9.779994,1.196082,1.932242,0.424372,0.308231,0.063385,-1.308444,-0.950351,-0.195431,0.628174
sample,780,drone,19.485779,9.790187,1.203486,1.933765,0.392010,0.284725,0.058551,-1.281012,-0.930427,-0.191334,0.628174
sample,781,drone,19.510761,9.799580,1.210308,1.935168,0.360369,0.261744,0.053825,-1.250696,-0.908407,-0.186806,0.628174
sample,782,drone,19.535743,9.808193,1.216563,1.936454,0.329521,0.239338,0.049218,-1.217441,-0.884254,-0.181839,0.628174
sample,783,drone,19.560725,9.816044,1.222266,1.937627,0.299541,0.217563,0.044740,-1.181196,-0.857928,-0.176425,0.628174
sample,784,drone,19.585706,9.823159,1.227434,1.938689,0.270504,0.196473,0.040403,-1.141906,-0.829391,-0.170557,0.628174
sample,785,drone,19.610688,9.829560,1.232083,1.939645,0.242487,0.176124,0.036218,-1.099520,-0.798605,-0.164226,0.628174
sample,786,drone,19.635670,9.835274,1.236233,1.940499,0.215568,0.156572,0.032198,-1.053984,-0.765532,-0.157425,0.628174
sample,787,drone,19.660652,9.840330,1.239906,1.941254,0.189826,0.137875,0.028353,-1.005245,-0.730132,-0.150145,0.628174
sample,788,drone,19.685634,9.844759,1.243122,1.941916,0.165343,0.120092,0.024696,-0.953251,-0.692367,-0.142379,0.628174
sample,789,drone,19.710615,9.848591,1.245906,1.942488,0.142199,0.103282,0.021239,-0.897948,-0.652199,-0.134119,0.628174
sample,790,drone,19.735597,9.851863,1.248282,1.942977,0.120478,0.087506,0.017995,-0.839283,-0.609589,-0.125356,0.628174
sample,791,drone,19.760579,9.854611,1.250278,1.943387,0.100265,0.072825,0.014976,-0.777203,-0.564500,-0.116084,0.628174
sample,792,drone,19.785561,9.856873,1.251921,1.943725,0.081646,0.059301,0.012195,-0.711656,-0.516891,-0.106294,0.628174
sample,793,drone,19.810542,9.858690,1.253241,1.943996,0.064708,0.046999,0.009665,-0.642589,-0.466726,-0.095978,0.628174
sample,794,drone,19.835524,9.860106,1.254269,1.944208,0.049540,0.035982,0.007399,-0.569947,-0.413965,-0.085128,0.628174
sample,795,drone,19.860506,9.861166,1.255039,1.944366,0.036232,0.026316,0.005412,-0.493680,-0.358570,-0.073737,0.628174
sample,796,drone,19.885488,9.861916,1.255584,1.944478,0.024874,0.018067,0.003715,-0.413732,-0.300503,-0.061796,0.628174
sample,797,drone,19.910469,9.862408,1.255941,1.944552,0.015560,0.011302,0.002324,-0.330053,-0.239725,-0.049297,0.628174
sample,798,drone,19.935451,9.862694,1.256149,1.944594,0.008384,0.006089,0.001252,-0.242588,-0.176197,-0.036233,0.628174
sample,799,drone,19.960433,9.862827,1.256246,1.944614,0.003440,0.002498,0.000514,-0.151726,-0.110070,-0.022641,0.628174
sample,800,drone,19.985415,9.862866,1.256274,1.944620,0.000803,0.000590,0.000121,-0.073599,-0.048260,-0.010161,0.633553
sample,801,drone,20.010397,9.862867,1.256275,1.944620,-0.000238,0.000087,0.000006,-0.043460,-0.006175,-0.002428,2.790575
sample,802,drone,20.035378,9.862854,1.256278,1.944620,-0.001369,0.000281,-0.000000,-0.067028,0.013005,-0.000139,2.938975
sample,803,drone,20.060360,9.862799,1.256289,1.944620,-0.003587,0.000737,-0.000001,-0.111193,0.022843,-0.000028,2.938975
sample,804,drone,20.085342,9.862675,1.256315,1.944620,-0.006924,0.001422,-0.000002,-0.155457,0.031937,-0.000039,2.938975
sample,805,drone,20.110324,9.862453,1.256360,1.944620,-0.011354,0.002332,-0.000003,-0.198611,0.040802,-0.000050,2.938975
sample,806,drone,20.135305,9.862107,1.256431,1.944620,-0.016848,0.003461,-0.000004,-0.240666,0.049442,-0.000061,2.938975
sample,807,drone,20.160287,9.861611,1.256533,1.944620,-0.023378,0.004803,-0.000006,-0.281629,0.057857,-0.000071,2.938975
sample,808,drone,20.185269,9.860939,1.256671,1.944620,-0.030919,0.006352,-0.000008,-0.321511,0.066050,-0.000081,2.938975
sample,809,drone,20.210251,9.860066,1.256850,1.944620,-0.039442,0.008103,-0.000010,-0.360320,0.074023,-0.000091,2.938975
sample,810,drone,20.235232,9.858969,1.257076,1.944619,-0.048922,0.010050,-0.000012,-0.398066,0.081777,-0.000101,2.938975
sample,811,drone,20.260214,9.857622,1.257353,1.944619,-0.059331,0.012189,-0.000015,-0.434757,0.089315,-0.000110,2.938975
sample,812,drone,20.285196,9.856004,1.257685,1.944619,-0.070644,0.014513,-0.000018,-0.470402,0.096638,-0.000119,2.938975
sample,813,drone,20.310178,9.854092,1.258078,1.944618,-0.082834,0.017017,-0.000021,-0.505012,0.103748,-0.000128,2.938975
sample,814,drone,20.335160,9.851865,1.258535,1.944618,-0.095876,0.019696,-0.000024,-0.538594,0.110647,-0.000136,2.938975
sample,815,drone,20.360141,9.849302,1.259062,1.944617,-0.109744,0.022545,-0.000028,-0.571159,0.117337,-0.000144,2.938975
sample,816,drone,20.385123,9.846382,1.259662,1.944616,-0.124413,0.025559,-0.000031,-0.602714,0.123820,-0.000152,2.938975
sample,817,drone,20.410105,9.843086,1.260339,1.944615,-0.139858,0.028732,-0.000035,-0.633270,0.130097,-0.000160,2.938975
sample,818,drone,20.435087,9.839395,1.261097,1.944614,-0.156053,0.032059,-0.000039,-0.662835,0.136171,-0.000168,2.938975
sample,819,drone,20.460068,9.835289,1.261941,1.944613,-0.172975,0.035535,-0.000044,-0.691419,0.142043,-0.000175,2.938975
sample,820,drone,20.485050,9.830752,1.262873,1.944612,-0.190599,0.039156,-0.000048,-0.719030,0.147715,-0.000182,2.938975
sample,821,drone,20.510032,9.825766,1.263897,1.944611,-0.208901,0.042916,-0.000053,-0.745678,0.153190,-0.000189,2.938975
sample,822,drone,20.535014,9.820315,1.265017,1.944610,-0.227856,0.046810,-0.000058,-0.771372,0.158468,-0.000195,2.938975
sample,823,drone,20.559995,9.814382,1.266236,1.944608,-0.247441,0.050833,-0.000063,-0.796120,0.163552,-0.000201,2.938975
sample,824,drone,20.584977,9.807952,1.267557,1.944606,-0.267633,0.054982,-0.000068,-0.819933,0.168444,-0.000207,2.938975
sample,825,drone,20.609959,9.801010,1.268983,1.944605,-0.288408,0.059250,-0.000073,-0.842819,0.173146,-0.000213,2.938975
sample,826,drone,20.634941,9.793542,1.270517,1.944603,-0.309743,0.063633,-0.000078,-0.864787,0.177659,-0.000219,2.938975
sample,827,drone,20.659922,9.785534,1.272162,1.944601,-0.331616,0.068126,-0.000084,-0.885846,0.181985,-0.000224,2.938975
sample,828,drone,20.684904,9.776973,1.273921,1.944599,-0.354003,0.072725,-0.000090,-0.906007,0.186127,-0.000229,2.938975
sample,829,drone,20.709886,9.767847,1.275796,1.944596,-0.376883,0.077426,-0.000095,-0.925276,0.190086,-0.000234,2.938975
sample,830,drone,20.734868,9.758143,1.277789,1.944594,-0.400233,0.082223,-0.000101,-0.943665,0.193863,-0.000239,2.938975
sample,831,drone,20.759850,9.747850,1.279904,1.944591,-0.424032,0.087112,-0.000107,-0.961181,0.197462,-0.000243,2.938975
sample,832,drone,20.784831,9.736957,1.282142,1.944588,-0.448257,0.092088,-0.000113,-0.977834,0.200883,-0.000247,2.938975
sample,833,drone,20.809813,9.725453,1.284505,1.944586,-0.472888,0.097149,-0.000120,-0.993634,0.204129,-0.000251,2.938975
sample,834,drone,20.834795,9.713329,1.286996,1.944583,-0.497902,0.102287,-0.000126,-1.008588,0.207201,-0.000255,2.938975
sample,835,drone,20.859777,9.700576,1.289616,1.944579,-0.523280,0.107501,-0.000132,-1.022707,0.210102,-0.000259,2.938975
sample,836,drone,20.884758,9.687184,1.292367,1.944576,-0.549001,0.112785,-0.000139,-1.035999,0.212832,-0.000262,2.938975
sample,837,drone,20.909740,9.673146,1.295251,1.944572,-0.575043,0.118135,-0.000145,-1.048474,0.215395,-0.000265,2.938975
sample,838,drone,20.934722,9.658453,1.298269,1.944569,-0.601386,0.123547,-0.000152,-1.060141,0.217792,-0.000268,2.938975
sample,839,drone,20.959704,9.643099,1.301424,1.944565,-0.628011,0.129017,-0.000159,-1.071008,0.220024,-0.000271,2.938975
sample,840,drone,20.984685,9.627076,1.304715,1.944561,-0.654897,0.134540,-0.000166,-1.081085,0.222095,-0.000273,2.938975
sample,841,drone,21.009667,9.610378,1.308146,1.944556,-0.682026,0.140113,-0.000172,-1.090382,0.224005,-0.000276,2.938975
sample,842,drone,21.034649,9.592999,1.311716,1.944552,-0.709377,0.145732,-0.000179,-1.098906,0.225756,-0.000278,2.938975
sample,843,drone,21.059631,9.574935,1.315427,1.944548,-0.736931,0.151393,-0.000186,-1.106668,0.227350,-0.000280,2.938975
sample,844,drone,21.084613,9.556180,1.319280,1.944543,-0.764670,0.157091,-0.000193,-1.113676,0.228790,-0.000282,2.938975
sample,845,drone,21.109594,9.536729,1.323276,1.944538,-0.792574,0.162824,-0.000200,-1.119939,0.230077,-0.000283,2.938975
sample,846,drone,21.134576,9.516580,1.327415,1.944533,-0.820626,0.168587,-0.000207,-1.125467,0.231212,-0.000285,2.938975
sample,847,drone,21.159558,9.495728,1.331699,1.944527,-0.848807,0.174376,-0.000215,-1.130269,0.232199,-0.000286,2.938975
sample,848,drone,21.184540,9.474170,1.336128,1.944522,-0.877098,0.180188,-0.000222,-1.134354,0.233038,-0.000287,2.938975
sample,849,drone,21.209521,9.451905,1.340702,1.944516,-0.905483,0.186019,-0.000229,-1.137730,0.233732,-0.000288,2.938975
sample,850,drone,21.234503,9.428929,1.345422,1.944511,-0.933943,0.191866,-0.000236,-1.140408,0.234282,-0.000288,2.938975
sample,851,drone,21.259485,9.405242,1.350288,1.944505,-0.962462,0.197725,-0.000243,-1.142396,0.234690,-0.000289,2.938975
sample,852,drone,21.284467,9.380841,1.355301,1.944498,-0.991021,0.203592,-0.000251,-1.143703,0.234959,-0.000289,2.938975
sample,853,drone,21.309448,9.355727,1.360460,1.944492,-1.019605,0.209464,-0.000258,-1.144338,0.235089,-0.000289,2.938975
sample,854,drone,21.334430,9.329898,1.365767,1.944486,-1.048196,0.215338,-0.000265,-1.144311,0.235084,-0.000289,2.938975
sample,855,drone,21.359412,9.303355,1.371219,1.944479,-1.076779,0.221210,-0.000272,-1.143631,0.234944,-0.000289,2.938975
sample,856,drone,21.384394,9.276099,1.376819,1.944472,-1.105336,0.227077,-0.000279,-1.142306,0.234672,-0.000289,2.938975
sample,857,drone,21.409376,9.248129,1.382565,1.944465,-1.133853,0.232935,-0.000287,-1.140346,0.234269,-0.000288,2.938975
sample,858,drone,21.434357,9.219447,1.388457,1.944458,-1.162312,0.238782,-0.000294,-1.137761,0.233738,-0.000288,2.938975
sample,859,drone,21.459339,9.190056,1.394495,1.944450,-1.190699,0.244613,-0.000301,-1.134558,0.233080,-0.000287,2.938975
sample,860,drone,21.484321,9.159956,1.400679,1.944443,-1.218999,0.250427,-0.000308,-1.130748,0.232297,-0.000286,2.938975
sample,861,drone,21.509303,9.129150,1.407008,1.944435,-1.247195,0.256220,-0.000315,-1.126338,0.231391,-0.000285,2.938975
sample,862,drone,21.534284,9.097641,1.413481,1.944427,-1.275274,0.261988,-0.000322,-1.121340,0.230364,-0.000284,2.938975
sample,863,drone,21.559266,9.065433,1.420097,1.944419,-1.303221,0.267730,-0.000329,-1.115761,0.229218,-0.000282,2.938975
sample,864,drone,21.584248,9.032528,1.426857,1.944410,-1.331022,0.273441,-0.000337,-1.109610,0.227955,-0.000281,2.938975
sample,865,drone,21.609230,8.998930,1.433760,1.944402,-1.358661,0.279119,-0.000344,-1.102898,0.226576,-0.000279,2.938975
sample,866,drone,21.634211,8.964644,1.440803,1.944393,-1.386126,0.284761,-0.000350,-1.095632,0.225083,-0.000277,2.938975
sample,867,drone,21.659193,8.929675,1.447987,1.944384,-1.413403,0.290365,-0.000357,-1.087822,0.223479,-0.000275,2.938975
sample,868,drone,21.684175,8.894026,1.455311,1.944375,-1.440478,0.295927,-0.000364,-1.079478,0.221764,-0.000273,2.938975
sample,869,drone,21.709157,8.857703,1.462773,1.944366,-1.467338,0.301445,-0.000371,-1.070607,0.219942,-0.000271,2.938975
sample,870,drone,21.734139,8.820712,1.470372,1.944357,-1.493969,0.306916,-0.000378,-1.061220,0.218014,-0.000268,2.938975
sample,871,drone,21.759120,8.783059,1.478107,1.944347,-1.520360,0.312338,-0.000384,-1.051326,0.215981,-0.000266,2.938975
sample,872,drone,21.784102,8.744750,1.485978,1.944338,-1.546497,0.317707,-0.000391,-1.040933,0.213846,-0.000263,2.938975
sample,873,drone,21.809084,8.705791,1.493981,1.944328,-1.572369,0.323022,-0.000398,-1.030051,0.211610,-0.000260,2.938975
sample,874,drone,21.834066,8.666189,1.502117,1.944318,-1.597962,0.328280,-0.000404,-1.018688,0.209276,-0.000258,2.938975
sample,875,drone,21.859047,8.625951,1.510383,1.944308,-1.623266,0.333479,-0.000410,-1.006855,0.206845,-0.000255,2.938975
sample,876,drone,21.884029,8.585085,1.518779,1.944297,-1.648268,0.338615,-0.000417,-0.994560,0.204319,-0.000251,2.938975
sample,877,drone,21.909011,8.543598,1.527302,1.944287,-1.672958,0.343687,-0.000423,-0.981812,0.201700,-0.000248,2.938975
sample,878,drone,21.933993,8.501498,1.535950,1.944276,-1.697323,0.348693,-0.000429,-0.968620,0.198990,-0.000245,2.938975
sample,879,drone,21.958974,8.458793,1.544724,1.944265,-1.721353,0.353629,-0.000435,-0.954993,0.196191,-0.000241,2.938975
sample,880,drone,21.983956,8.415493,1.553619,1.944254,-1.745038,0.358495,-0.000441,-0.940941,0.193304,-0.000238,2.938975
sample,881,drone,22.008938,8.371605,1.562635,1.944243,-1.768366,0.363287,-0.000447,-0.926473,0.190332,-0.000234,2.938975
sample,882,drone,22.033920,8.327139,1.571770,1.944232,-1.791328,0.368005,-0.000453,-0.911598,0.187276,-0.000230,2.938975
sample,883,drone,22.058902,8.282104,1.581022,1.944221,-1.813913,0.372644,-0.000459,-0.896324,0.184138,-0.000227,2.938975
sample,884,drone,22.083883,8.236509,1.590389,1.944209,-1.836111,0.377205,-0.000464,-0.880661,0.180920,-0.000223,2.938975
sample,885,drone,22.108865,8.190365,1.599869,1.944197,-1.857914,0.381684,-0.000470,-0.864619,0.177625,-0.000219,2.938975
sample,886,drone,22.133847,8.143682,1.609459,1.944186,-1.879311,0.386080,-0.000475,-0.848205,0.174253,-0.000214,2.938975
sample,887,drone,22.158829,8.096468,1.619158,1.944174,-1.900293,0.390390,-0.000480,-0.831431,0.170806,-0.000210,2.938975
sample,888,drone,22.183810,8.048736,1.628964,1.944162,-1.920852,0.394614,-0.000486,-0.814303,0.167288,-0.000206,2.938975
sample,889,drone,22.208792,8.000496,1.638875,1.944149,-1.940978,0.398748,-0.000491,-0.796832,0.163699,-0.000201,2.938975
sample,890,drone,22.233774,7.951758,1.648887,1.944137,-1.960664,0.402793,-0.000496,-0.779027,0.160041,-0.000197,2.938975
sample,891,drone,22.258756,7.902534,1.659000,1.944125,-1.979901,0.406745,-0.000501,-0.760896,0.156316,-0.000192,2.938975
sample,892,drone,22.283737,7.852835,1.669210,1.944112,-1.998681,0.410603,-0.000505,-0.742450,0.152526,-0.000188,2.938975
sample,893,drone,22.308719,7.802673,1.679515,1.944099,-2.016997,0.414365,-0.000510,-0.723696,0.148674,-0.000183,2.938975
sample,894,drone,22.333701,7.752059,1.689913,1.944087,-2.034840,0.418031,-0.000514,-0.704645,0.144760,-0.000178,2.938975
sample,895,drone,22.358683,7.701005,1.700401,1.944074,-2.052203,0.421598,-0.000519,-0.685305,0.140787,-0.000173,2.938975
sample,896,drone,22.383665,7.649524,1.710977,1.944061,-2.069080,0.425065,-0.000523,-0.665685,0.136756,-0.000168,2.938975
sample,897,drone,22.408646,7.597627,1.721639,1.944048,-2.085463,0.428431,-0.000527,-0.645795,0.132670,-0.000163,2.938975
sample,898,drone,22.433628,7.545326,1.732383,1.944034,-2.101346,0.431694,-0.000531,-0.625643,0.128530,-0.000158,2.938975
sample,899,drone,22.458610,7.492636,1.743208,1.944021,-2.116723,0.434853,-0.000535,-0.605239,0.124338,-0.000153,2.938975
sample,900,drone,22.483592,7.439567,1.754110,1.944008,-2.131586,0.437906,-0.000539,-0.584592,0.120097,-0.000148,2.938975
sample,901,drone,22.508573,7.386134,1.765087,1.943994,-2.145931,0.440853,-0.000543,-0.563711,0.115807,-0.000143,2.938975
sample,902,drone,22.533555,7.332349,1.776137,1.943981,-2.159751,0.443692,-0.000546,-0.542605,0.111471,-0.000137,2.938975
sample,903,drone,22.558537,7.278225,1.787256,1.943967,-2.173041,0.446423,-0.000549,-0.521283,0.107091,-0.000132,2.938975
sample,904,drone,22.583519,7.223776,1.798441,1.943953,-2.185796,0.449043,-0.000553,-0.499754,0.102668,-0.000126,2.938975
sample,905,drone,22.608500,7.169015,1.809691,1.943939,-2.198011,0.451552,-0.000556,-0.478028,0.098205,-0.000121,2.938975
sample,906,drone,22.633482,7.113956,1.821003,1.943925,-2.209680,0.453950,-0.000559,-0.456113,0.093702,-0.000115,2.938975
sample,907,drone,22.658464,7.058612,1.832372,1.943911,-2.220800,0.456234,-0.000561,-0.434019,0.089164,-0.000110,2.938975
sample,908,drone,22.683446,7.002997,1.843798,1.943897,-2.231365,0.458405,-0.000564,-0.411755,0.084590,-0.000104,2.938975
sample,909,drone,22.708428,6.947125,1.855276,1.943883,-2.241373,0.460460,-0.000567,-0.389330,0.079983,-0.000098,2.938975
sample,910,drone,22.733409,6.891010,1.866804,1.943869,-2.250818,0.462401,-0.000569,-0.366752,0.075344,-0.000093,2.938975
sample,911,drone,22.758391,6.834666,1.878379,1.943855,-2.259697,0.464225,-0.000571,-0.344032,0.070677,-0.000087,2.938975
sample,912,drone,22.783373,6.778108,1.889998,1.943840,-2.268007,0.465932,-0.000573,-0.321178,0.065982,-0.000081,2.938975
sample,913,drone,22.808355,6.721349,1.901659,1.943826,-2.275744,0.467522,-0.000575,-0.298199,0.061261,-0.000075,2.938975
sample,914,drone,22.833336,6.664403,1.913357,1.943812,-2.282906,0.468993,-0.000577,-0.275105,0.056517,-0.000070,2.938975
sample,915,drone,22.858318,6.607286,1.925091,1.943797,-2.289489,0.470345,-0.000579,-0.251905,0.051750,-0.000064,2.938975
sample,916,drone,22.883300,6.550012,1.936857,1.943783,-2.295492,0.471578,-0.000580,-0.228607,0.046964,-0.000058,2.938975
sample,917,drone,22.908282,6.492596,1.948653,1.943768,-2.300911,0.472692,-0.000582,-0.205220,0.042160,-0.000052,2.938975
sample,918,drone,22.933263,6.435051,1.960475,1.943754,-2.305745,0.473685,-0.000583,-0.181755,0.037339,-0.000046,2.938975
sample,919,drone,22.958245,6.377392,1.972320,1.943739,-2.309992,0.474557,-0.000584,-0.158220,0.032504,-0.000040,2.938975
sample,920,drone,22.983227,6.319635,1.984185,1.943725,-2.313651,0.475309,-0.000585,-0.134624,0.027657,-0.000034,2.938975
sample,921,drone,23.008209,6.261794,1.996068,1.943710,-2.316719,0.475939,-0.000586,-0.110976,0.022799,-0.000028,2.938975
sample,922,drone,23.033191,6.203884,2.007965,1.943695,-2.319195,0.476448,-0.000586,-0.087286,0.017932,-0.000022,2.938975
sample,923,drone,23.058172,6.145919,2.019873,1.943681,-2.321080,0.476835,-0.000587,-0.063562,0.013058,-0.000016,2.938975
sample,924,drone,23.083154,6.087915,2.031789,1.943666,-2.322371,0.477100,-0.000587,-0.039814,0.008179,-0.000010,2.938975
sample,925,drone,23.108136,6.029885,2.043711,1.943651,-2.323069,0.477244,-0.000587,-0.016050,0.003297,-0.000004,2.938975
sample,926,drone,23.133118,5.971846,2.055634,1.943637,-2.323173,0.477265,-0.000587,0.007720,-0.001586,0.000002,2.938975
sample,927,drone,23.158099,5.913811,2.067556,1.943622,-2.322683,0.477165,-0.000587,0.031486,-0.006468,0.000008,2.938975
sample,928,drone,23.183081,5.855796,2.079475,1.943607,-2.321600,0.476942,-0.000587,0.055241,-0.011349,0.000014,2.938975
sample,929,drone,23.208063,5.797816,2.091386,1.943593,-2.319923,0.476598,-0.000587,0.078975,-0.016224,0.000020,2.938975
sample,930,drone,23.233045,5.739885,2.103287,1.943578,-2.317654,0.476131,-0.000586,0.102678,-0.021094,0.000026,2.938975
sample,931,drone,23.258026,5.682018,2.115175,1.943563,-2.314793,0.475544,-0.000585,0.126342,-0.025955,0.000032,2.938975
sample,932,drone,23.283008,5.624229,2.127047,1.943549,-2.311342,0.474835,-0.000584,0.149957,-0.030807,0.000038,2.938975
sample,933,drone,23.307990,5.566535,2.138900,1.943534,-2.307301,0.474004,-0.000583,0.173514,-0.035646,0.000044,2.938975
sample,934,drone,23.332972,5.508949,2.150730,1.943520,-2.302672,0.473054,-0.000582,0.197005,-0.040472,0.000050,2.938975
sample,935,drone,23.357953,5.451485,2.162535,1.943505,-2.297458,0.471982,-0.000581,0.220420,-0.045282,0.000056,2.938975
sample,936,drone,23.382935,5.394159,2.174312,1.943491,-2.291659,0.470791,-0.000579,0.243750,-0.050075,0.000062,2.938975
sample,937,drone,23.407917,5.336986,2.186058,1.943476,-2.285279,0.469480,-0.000578,0.266986,-0.054849,0.000068,2.938975
sample,938,drone,23.432899,5.279979,2.197769,1.943462,-2.278320,0.468051,-0.000576,0.290118,-0.059601,0.000073,2.938975
sample,939,drone,23.457881,5.223153,2.209443,1.943447,-2.270784,0.466503,-0.000574,0.313139,-0.064330,0.000079,2.938975
sample,940,drone,23.482862,5.166522,2.221077,1.943433,-2.262674,0.464837,-0.000572,0.336037,-0.069034,0.000085,2.938975
sample,941,drone,23.507844,5.110102,2.232668,1.943419,-2.253994,0.463053,-0.000570,0.358805,-0.073712,0.000091,2.938975
sample,942,drone,23.532826,5.053905,2.244213,1.943404,-2.244747,0.461154,-0.000568,0.381434,-0.078361,0.000096,2.938975
sample,943,drone,23.557808,4.997946,2.255709,1.943390,-2.234936,0.459138,-0.000565,0.403914,-0.082979,0.000102,2.938975
sample,944,drone,23.582789,4.942240,2.267153,1.943376,-2.224566,0.457008,-0.000562,0.426235,-0.087564,0.000108,2.938975
sample,945,drone,23.607771,4.886799,2.278543,1.943362,-2.213640,0.454763,-0.000560,0.448390,-0.092116,0.000113,2.938975
sample,946,drone,23.632753,4.831638,2.289875,1.943348,-2.202163,0.452405,-0.000557,0.470369,-0.096631,0.000119,2.938975
sample,947,drone,23.657735,4.776771,2.301146,1.943334,-2.190139,0.449935,-0.000554,0.492162,-0.101108,0.000124,2.938975
sample,948,drone,23.682716,4.722211,2.312355,1.943321,-2.177573,0.447354,-0.000551,0.513761,-0.105545,0.000130,2.938975
sample,949,drone,23.707698,4.667972,2.323498,1.943307,-2.164470,0.444662,-0.000547,0.535156,-0.109941,0.000135,2.938975
sample,950,drone,23.732680,4.614067,2.334572,1.943293,-2.150834,0.441861,-0.000544,0.556339,-0.114292,0.000141,2.938975
sample,951,drone,23.757662,4.560509,2.345575,1.943280,-2.136673,0.438951,-0.000540,0.577300,-0.118599,0.000146,2.938975
sample,952,drone,23.782644,4.507311,2.356503,1.943266,-2.121990,0.435935,-0.000536,0.598030,-0.122857,0.000151,2.938975
sample,953,drone,23.807625,4.454487,2.367355,1.943253,-2.106793,0.432813,-0.000533,0.618520,-0.127067,0.000156,2.938975
sample,954,drone,23.832607,4.402048,2.378128,1.943240,-2.091087,0.429586,-0.000529,0.638761,-0.131225,0.000161,2.938975
sample,955,drone,23.857589,4.350008,2.388819,1.943227,-2.074878,0.426256,-0.000525,0.658744,-0.135330,0.000167,2.938975
sample,956,drone,23.882571,4.298380,2.399426,1.943213,-2.058174,0.422825,-0.000520,0.678460,-0.139381,0.000172,2.938975
sample,957,drone,23.907552,4.247175,2.409945,1.943201,-2.040980,0.419292,-0.000516,0.697899,-0.143374,0.000176,2.938975
sample,958,drone,23.932534,4.196405,2.420375,1.943188,-2.023304,0.415661,-0.000512,0.717053,-0.147309,0.000181,2.938975
sample,959,drone,23.957516,4.146083,2.430713,1.943175,-2.005154,0.411932,-0.000507,0.735912,-0.151183,0.000186,2.938975
sample,960,drone,23.982498,4.096221,2.440956,1.943162,-1.986536,0.408107,-0.000502,0.754467,-0.154995,0.000191,2.938975
sample,961,drone,24.007479,4.046829,2.451103,1.943150,-1.967458,0.404188,-0.000497,0.772709,-0.158743,0.000195,2.938975
sample,962,drone,24.032461,3.997920,2.461151,1.943138,-1.947928,0.400176,-0.000492,0.790629,-0.162424,0.000200,2.938975
sample,963,drone,24.057443,3.949504,2.471098,1.943125,-1.927955,0.396073,-0.000487,0.808219,-0.166038,0.000204,2.938975
sample,964,drone,24.082425,3.901592,2.480940,1.943113,-1.907547,0.391880,-0.000482,0.825468,-0.169581,0.000209,2.938975
sample,965,drone,24.107407,3.854196,2.490677,1.943101,-1.886712,0.387600,-0.000477,0.842367,-0.173053,0.000213,2.938975
sample,966,drone,24.132388,3.807325,2.500306,1.943089,-1.865459,0.383234,-0.000472,0.858908,-0.176451,0.000217,2.938975
sample,967,drone,24.157370,3.760991,2.509825,1.943078,-1.843798,0.378784,-0.000466,0.875082,-0.179774,0.000221,2.938975
sample,968,drone,24.182352,3.715203,2.519232,1.943066,-1.821737,0.374252,-0.000461,0.890879,-0.183019,0.000225,2.938975
sample,969,drone,24.207334,3.669970,2.528524,1.943055,-1.799286,0.369640,-0.000455,0.906290,-0.186185,0.000229,2.938975
sample,970,drone,24.232315,3.625304,2.537700,1.943043,-1.776456,0.364949,-0.000449,0.921306,-0.189270,0.000233,2.938975
sample,971,drone,24.257297,3.581212,2.546758,1.943032,-1.753255,0.360183,-0.000443,0.935918,-0.192272,0.000237,2.938975
sample,972,drone,24.282279,3.537705,2.555696,1.943021,-1.729694,0.355343,-0.000437,0.950117,-0.195189,0.000240,2.938975
sample,973,drone,24.307261,3.494791,2.564512,1.943010,-1.705783,0.350431,-0.000431,0.963893,-0.198019,0.000244,2.938975
sample,974,drone,24.332242,3.452478,2.573205,1.943000,-1.681534,0.345449,-0.000425,0.977238,-0.200761,0.000247,2.938975
sample,975,drone,24.357224,3.410775,2.581772,1.942989,-1.656957,0.340400,-0.000419,0.990143,-0.203412,0.000250,2.938975
sample,976,drone,24.382206,3.369691,2.590212,1.942979,-1.632063,0.335286,-0.000413,1.002598,-0.205971,0.000253,2.938975
sample,977,drone,24.407188,3.329232,2.598524,1.942968,-1.606864,0.330109,-0.000406,1.014594,-0.208435,0.000257,2.938975
sample,978,drone,24.432170,3.289406,2.606706,1.942958,-1.581371,0.324872,-0.000400,1.026123,-0.210803,0.000259,2.938975
sample,979,drone,24.457151,3.250221,2.614756,1.942948,-1.555595,0.319576,-0.000393,1.037174,-0.213074,0.000262,2.938975
sample,980,drone,24.482133,3.211683,2.622673,1.942939,-1.529550,0.314226,-0.000387,1.047740,-0.215244,0.000265,2.938975
sample,981,drone,24.507115,3.173799,2.630456,1.942929,-1.503246,0.308822,-0.000380,1.057810,-0.217313,0.000267,2.938975
sample,982,drone,24.532097,3.136576,2.638103,1.942920,-1.476698,0.303368,-0.000373,1.067376,-0.219278,0.000270,2.938975
sample,983,drone,24.557078,3.100018,2.645613,1.942911,-1.449917,0.297866,-0.000367,1.076428,-0.221138,0.000272,2.938975
sample,984,drone,24.582060,3.064133,2.652985,1.942901,-1.422916,0.292319,-0.000360,1.084958,-0.222890,0.000274,2.938975
sample,985,drone,24.607042,3.028924,2.660218,1.942893,-1.395708,0.286730,-0.000353,1.092956,-0.224533,0.000276,2.938975
sample,986,drone,24.632024,2.994398,2.667311,1.942884,-1.368308,0.281101,-0.000346,1.100414,-0.226065,0.000278,2.938975
sample,987,drone,24.657005,2.960559,2.674263,1.942875,-1.340728,0.275435,-0.000339,1.107321,-0.227485,0.000280,2.938975
sample,988,drone,24.681987,2.927411,2.681073,1.942867,-1.312982,0.269735,-0.000332,1.113670,-0.228789,0.000282,2.938975
sample,989,drone,24.706969,2.894958,2.687740,1.942859,-1.285085,0.264004,-0.000325,1.119450,-0.229976,0.000283,2.938975
sample,990,drone,24.731951,2.863203,2.694264,1.942851,-1.257050,0.258244,-0.000318,1.124653,-0.231045,0.000284,2.938975
sample,991,drone,24.756933,2.832151,2.700643,1.942843,-1.228893,0.252460,-0.000311,1.129270,-0.231994,0.000286,2.938975
sample,992,drone,24.781914,2.801803,2.706877,1.942835,-1.200628,0.246653,-0.000304,1.133291,-0.232820,0.000287,2.938975
sample,993,drone,24.806896,2.772163,2.712967,1.942828,-1.172270,0.240827,-0.000296,1.136708,-0.233522,0.000287,2.938975
sample,994,drone,24.831878,2.743233,2.718910,1.942820,-1.143834,0.234986,-0.000289,1.139511,-0.234097,0.000288,2.938975
sample,995,drone,24.856860,2.715013,2.724707,1.942813,-1.115336,0.229131,-0.000282,1.141691,-0.234545,0.000289,2.938975
sample,996,drone,24.881841,2.687506,2.730358,1.942806,-1.086791,0.223267,-0.000275,1.143239,-0.234863,0.000289,2.938975
sample,997,drone,24.906823,2.660713,2.735862,1.942799,-1.058216,0.217396,-0.000268,1.144147,-0.235050,0.000289,2.938975
sample,998,drone,24.931805,2.634634,2.741220,1.942793,-1.029625,0.211523,-0.000260,1.144404,-0.235103,0.000289,2.938975
sample,999,drone,24.956787,2.609270,2.746431,1.942786,-1.001037,0.205650,-0.000253,1.144001,-0.235020,0.000289,2.938975
sample,1000,drone,24.981768,2.584619,2.751495,1.942780,-0.972467,0.199781,-0.000246,1.142931,-0.234800,0.000289,2.938975
sample,1001,drone,25.006750,2.560682,2.756413,1.942774,-0.943932,0.193918,-0.000239,1.141183,-0.234441,0.000289,2.938975
sample,1002,drone,25.031732,2.537457,2.761184,1.942768,-0.915450,0.188067,-0.000231,1.138748,-0.233941,0.000288,2.938975
sample,1003,drone,25.056714,2.514943,2.765809,1.942763,-0.887036,0.182230,-0.000224,1.135617,-0.233298,0.000287,2.938975
sample,1004,drone,25.081696,2.493137,2.770289,1.942757,-0.858710,0.176411,-0.000217,1.131782,-0.232510,0.000286,2.938975
sample,1005,drone,25.106677,2.472038,2.774623,1.942752,-0.830489,0.170613,-0.000210,1.127232,-0.231575,0.000285,2.938975
sample,1006,drone,25.131659,2.451643,2.778813,1.942747,-0.802390,0.164840,-0.000203,1.121960,-0.230492,0.000284,2.938975
sample,1007,drone,25.156641,2.431948,2.782859,1.942742,-0.774431,0.159097,-0.000196,1.115955,-0.229258,0.000282,2.938975
sample,1008,drone,25.181623,2.412950,2.786762,1.942737,-0.746633,0.153386,-0.000189,1.109209,-0.227872,0.000280,2.938975
sample,1009,drone,25.206604,2.394644,2.790523,1.942732,-0.719011,0.147711,-0.000182,1.101713,-0.226332,0.000279,2.938975
sample,1010,drone,25.231586,2.377025,2.794142,1.942728,-0.691587,0.142077,-0.000175,1.093457,-0.224636,0.000276,2.938975
sample,1011,drone,25.256568,2.360090,2.797622,1.942723,-0.664378,0.136488,-0.000168,1.084432,-0.222782,0.000274,2.938975
sample,1012,drone,25.281550,2.343831,2.800962,1.942719,-0.637405,0.130946,-0.000161,1.074629,-0.220768,0.000272,2.938975
sample,1013,drone,25.306531,2.328243,2.804164,1.942715,-0.610686,0.125457,-0.000154,1.064040,-0.218593,0.000269,2.938975
sample,1014,drone,25.331513,2.313319,2.807230,1.942712,-0.584242,0.120025,-0.000148,1.052655,-0.216254,0.000266,2.938975
sample,1015,drone,25.356495,2.299052,2.810161,1.942708,-0.558092,0.114653,-0.000141,1.040464,-0.213750,0.000263,2.938975
sample,1016,drone,25.381477,2.285434,2.812959,1.942705,-0.532257,0.109345,-0.000135,1.027459,-0.211078,0.000260,2.938975
sample,1017,drone,25.406459,2.272458,2.815624,1.942701,-0.506756,0.104106,-0.000128,1.013631,-0.208237,0.000256,2.938975
sample,1018,drone,25.431440,2.260115,2.818160,1.942698,-0.481612,0.098941,-0.000122,0.998970,-0.205225,0.000253,2.938975
sample,1019,drone,25.456422,2.248395,2.820568,1.942695,-0.456844,0.093853,-0.000116,0.983468,-0.202041,0.000249,2.938975
sample,1020,drone,25.481404,2.237290,2.822849,1.942692,-0.432474,0.088846,-0.000109,0.967115,-0.198681,0.000245,2.938975
sample,1021,drone,25.506386,2.226787,2.825007,1.942690,-0.408524,0.083926,-0.000103,0.949902,-0.195145,0.000240,2.938975
sample,1022,drone,25.531367,2.216878,2.827043,1.942687,-0.385014,0.079096,-0.000097,0.931821,-0.191430,0.000236,2.938975
sample,1023,drone,25.556349,2.207551,2.828959,1.942685,-0.361967,0.074361,-0.000092,0.912861,-0.187535,0.000231,2.938975
sample,1024,drone,25.581331,2.198793,2.830758,1.942683,-0.339404,0.069726,-0.000086,0.893014,-0.183458,0.000226,2.938975
sample,1025,drone,25.606313,2.190593,2.832442,1.942681,-0.317349,0.065195,-0.000080,0.872271,-0.179196,0.000221,2.938975
sample,1026,drone,25.631294,2.182937,2.834015,1.942679,-0.295822,0.060773,-0.000075,0.850622,-0.174749,0.000215,2.938975
sample,1027,drone,25.656276,2.175813,2.835479,1.942677,-0.274848,0.056464,-0.000069,0.828059,-0.170114,0.000209,2.938975
sample,1028,drone,25.681258,2.169205,2.836836,1.942675,-0.254450,0.052273,-0.000064,0.804572,-0.165289,0.000203,2.938975
sample,1029,drone,25.706240,2.163099,2.838091,1.942674,-0.234649,0.048206,-0.000059,0.780152,-0.160272,0.000197,2.938975
sample,1030,drone,25.731221,2.157481,2.839245,1.942672,-0.215471,0.044266,-0.000054,0.754791,-0.155062,0.000191,2.938975
sample,1031,drone,25.756203,2.152334,2.840302,1.942671,-0.196937,0.040458,-0.000050,0.728478,-0.149656,0.000184,2.938975
sample,1032,drone,25.781185,2.147641,2.841266,1.942670,-0.179073,0.036788,-0.000045,0.701206,-0.144053,0.000177,2.938975
sample,1033,drone,25.806167,2.143387,2.842140,1.942669,-0.161902,0.033261,-0.000041,0.672964,-0.138252,0.000170,2.938975
sample,1034,drone,25.831149,2.139552,2.842928,1.942668,-0.145450,0.029881,-0.000037,0.643744,-0.132249,0.000163,2.938975
sample,1035,drone,25.856130,2.136119,2.843633,1.942667,-0.129739,0.026653,-0.000033,0.613536,-0.126043,0.000155,2.938975
sample,1036,drone,25.881112,2.133070,2.844260,1.942666,-0.114795,0.023583,-0.000029,0.582332,-0.119632,0.000147,2.938975
sample,1037,drone,25.906094,2.130384,2.844812,1.942665,-0.100643,0.020676,-0.000025,0.550122,-0.113015,0.000139,2.938975
sample,1038,drone,25.931076,2.128041,2.845293,1.942665,-0.087309,0.017936,-0.000022,0.516898,-0.106190,0.000131,2.938975
sample,1039,drone,25.956057,2.126022,2.845708,1.942664,-0.074817,0.015370,-0.000019,0.482649,-0.099154,0.000122,2.938975
sample,1040,drone,25.981039,2.124303,2.846061,1.942664,-0.063194,0.012982,-0.000016,0.447368,-0.091906,0.000113,2.938975
sample,1041,drone,26.006021,2.122864,2.846356,1.942663,-0.052465,0.010778,-0.000013,0.411044,-0.084444,0.000104,2.938975
sample,1042,drone,26.031003,2.121682,2.846599,1.942663,-0.042657,0.008763,-0.000011,0.373669,-0.076765,0.000094,2.938975
sample,1043,drone,26.055984,2.120733,2.846794,1.942663,-0.033795,0.006943,-0.000009,0.335234,-0.068869,0.000085,2.938975
sample,1044,drone,26.080966,2.119993,2.846946,1.942663,-0.025907,0.005322,-0.000007,0.295729,-0.060754,0.000075,2.938975
sample,1045,drone,26.105948,2.119438,2.847060,1.942663,-0.019020,0.003907,-0.000005,0.255146,-0.052416,0.000065,2.938975
sample,1046,drone,26.130930,2.119043,2.847141,1.942662,-0.013159,0.002703,-0.000003,0.213475,-0.043856,0.000054,2.938975
sample,1047,drone,26.155912,2.118781,2.847195,1.942662,-0.008354,0.001716,-0.000002,0.170707,-0.035069,0.000043,2.938975
sample,1048,drone,26.180893,2.118626,2.847227,1.942662,-0.004630,0.000951,-0.000001,0.126833,-0.026056,0.000032,2.938975
sample,1049,drone,26.205875,2.118550,2.847243,1.942662,-0.002017,0.000414,-0.000001,0.081888,-0.016822,0.000020,2.938975
sample,1050,drone,26.230857,2.118525,2.847248,1.942662,-0.000539,0.000111,-0.000000,0.042181,-0.008576,-0.000022,2.938920
sample,1051,drone,26.255839,2.118523,2.847248,1.942662,0.000091,-0.000014,-0.000002,0.026748,-0.004967,-0.000189,-0.154860
sample,1052,drone,26.280820,2.118529,2.847247,1.942662,0.000798,-0.000137,-0.000010,0.043740,-0.007566,-0.000514,-0.170630
sample,1053,drone,26.305802,2.118563,2.847242,1.942662,0.002276,-0.000392,-0.000027,0.075858,-0.013071,-0.000911,-0.170630
sample,1054,drone,26.330784,2.118643,2.847228,1.942661,0.004588,-0.000790,-0.000055,0.108877,-0.018760,-0.001307,-0.170630
sample,1055,drone,26.355766,2.118792,2.847202,1.942659,0.007716,-0.001330,-0.000093,0.141257,-0.024339,-0.001696,-0.170630
sample,1056,drone,26.380747,2.119029,2.847161,1.942656,0.011645,-0.002007,-0.000140,0.173003,-0.029809,-0.002077,-0.170630
sample,1057,drone,26.405729,2.119374,2.847102,1.942652,0.016360,-0.002819,-0.000196,0.204119,-0.035171,-0.002451,-0.170630
sample,1058,drone,26.430711,2.119846,2.847020,1.942646,0.021844,-0.003764,-0.000262,0.234608,-0.040424,-0.002817,-0.170630
sample,1059,drone,26.455693,2.120465,2.846914,1.942639,0.028082,-0.004839,-0.000337,0.264474,-0.045571,-0.003176,-0.170630
sample,1060,drone,26.480675,2.121249,2.846779,1.942630,0.035058,-0.006041,-0.000421,0.293723,-0.050610,-0.003527,-0.170630
sample,1061,drone,26.505656,2.122217,2.846612,1.942618,0.042757,-0.007367,-0.000513,0.322358,-0.055544,-0.003871,-0.170630
sample,1062,drone,26.530638,2.123385,2.846410,1.942604,0.051164,-0.008816,-0.000614,0.350382,-0.060373,-0.004207,-0.170630
sample,1063,drone,26.555620,2.124773,2.846171,1.942587,0.060263,-0.010384,-0.000724,0.377800,-0.065097,-0.004536,-0.170630
sample,1064,drone,26.580602,2.126396,2.845892,1.942568,0.070040,-0.012068,-0.000841,0.404617,-0.069718,-0.004858,-0.170630
sample,1065,drone,26.605583,2.128272,2.845568,1.942545,0.080480,-0.013867,-0.000966,0.430835,-0.074235,-0.005173,-0.170630
sample,1066,drone,26.630565,2.130417,2.845199,1.942520,0.091566,-0.015777,-0.001099,0.456460,-0.078651,-0.005481,-0.170630
sample,1067,drone,26.655547,2.132847,2.844780,1.942490,0.103286,-0.017797,-0.001240,0.481495,-0.082964,-0.005781,-0.170630
sample,1068,drone,26.680529,2.135578,2.844310,1.942458,0.115624,-0.019923,-0.001388,0.505945,-0.087177,-0.006075,-0.170630
sample,1069,drone,26.705510,2.138624,2.843785,1.942421,0.128565,-0.022152,-0.001544,0.529813,-0.091290,-0.006362,-0.170630
sample,1070,drone,26.730492,2.142002,2.843203,1.942380,0.142095,-0.024484,-0.001706,0.553103,-0.095303,-0.006641,-0.170630
sample,1071,drone,26.755474,2.145724,2.842561,1.942336,0.156200,-0.026914,-0.001876,0.575820,-0.099217,-0.006914,-0.170630
sample,1072,drone,26.780456,2.149806,2.841858,1.942287,0.170865,-0.029441,-0.002052,0.597968,-0.103033,-0.007180,-0.170630
sample,1073,drone,26.805438,2.154261,2.841090,1.942233,0.186076,-0.032062,-0.002234,0.619550,-0.106752,-0.007439,-0.170630
sample,1074,drone,26.830419,2.159103,2.840256,1.942175,0.201820,-0.034775,-0.002423,0.640571,-0.110374,-0.007691,-0.170630
sample,1075,drone,26.855401,2.164345,2.839353,1.942112,0.218081,-0.037577,-0.002619,0.661035,-0.113900,-0.007937,-0.170630
sample,1076,drone,26.880383,2.169999,2.838379,1.942044,0.234847,-0.040466,-0.002820,0.680946,-0.117331,-0.008176,-0.170630
sample,1077,drone,26.905365,2.176078,2.837331,1.941971,0.252104,-0.043439,-0.003027,0.700308,-0.120667,-0.008409,-0.170630
sample,1078,drone,26.930346,2.182595,2.836208,1.941893,0.269837,-0.046495,-0.003240,0.719125,-0.123909,-0.008635,-0.170630
sample,1079,drone,26.955328,2.189560,2.835008,1.941809,0.288034,-0.049630,-0.003458,0.737401,-0.127058,-0.008854,-0.170630
sample,1080,drone,26.980310,2.196986,2.833729,1.941720,0.306680,-0.052843,-0.003682,0.755140,-0.130115,-0.009067,-0.170630
sample,1081,drone,27.005292,2.204883,2.832368,1.941625,0.325763,-0.056131,-0.003911,0.772347,-0.133080,-0.009274,-0.170630
sample,1082,drone,27.030273,2.213262,2.830924,1.941525,0.345270,-0.059492,-0.004146,0.789024,-0.135954,-0.009474,-0.170630
sample,1083,drone,27.055255,2.222134,2.829396,1.941418,0.365186,-0.062924,-0.004385,0.805178,-0.138737,-0.009668,-0.170630
sample,1084,drone,27.080237,2.231508,2.827780,1.941306,0.385499,-0.066424,-0.004629,0.820810,-0.141430,-0.009856,-0.170630
sample,1085,drone,27.105219,2.241395,2.826077,1.941187,0.406196,-0.069990,-0.004877,0.835927,-0.144035,-0.010037,-0.170630
sample,1086,drone,27.130201,2.251803,2.824283,1.941062,0.427265,-0.073620,-0.005130,0.850531,-0.146551,-0.010212,-0.170630
sample,1087,drone,27.155182,2.262743,2.822398,1.940931,0.448692,-0.077312,-0.005388,0.864626,-0.148980,-0.010382,-0.170630
sample,1088,drone,27.180164,2.274222,2.820421,1.940793,0.470465,-0.081064,-0.005649,0.878218,-0.151322,-0.010545,-0.170630
sample,1089,drone,27.205146,2.286249,2.818348,1.940648,0.492571,-0.084873,-0.005914,0.891309,-0.153578,-0.010702,-0.170630
sample,1090,drone,27.230128,2.298832,2.816180,1.940497,0.514998,-0.088737,-0.006184,0.903904,-0.155748,-0.010853,-0.170630
sample,1091,drone,27.255109,2.311980,2.813915,1.940339,0.537733,-0.092655,-0.006457,0.916007,-0.157833,-0.010999,-0.170630
sample,1092,drone,27.280091,2.325699,2.811551,1.940175,0.560765,-0.096623,-0.006733,0.927622,-0.159835,-0.011138,-0.170630
sample,1093,drone,27.305073,2.339998,2.809087,1.940003,0.584080,-0.100640,-0.007013,0.938753,-0.161753,-0.011272,-0.170630
sample,1094,drone,27.330055,2.354882,2.806522,1.939824,0.607668,-0.104705,-0.007296,0.949405,-0.163588,-0.011400,-0.170630
sample,1095,drone,27.355036,2.370359,2.803856,1.939639,0.631516,-0.108814,-0.007583,0.959581,-0.165341,-0.011522,-0.170630
sample,1096,drone,27.380018,2.386435,2.801086,1.939446,0.655612,-0.112966,-0.007872,0.969285,-0.167013,-0.011638,-0.170630
sample,1097,drone,27.405000,2.403116,2.798211,1.939245,0.679945,-0.117159,-0.008164,0.978521,-0.168605,-0.011749,-0.170630
sample,1098,drone,27.429982,2.420407,2.795232,1.939038,0.704503,-0.121390,-0.008459,0.987294,-0.170117,-0.011855,-0.170630
sample,1099,drone,27.454964,2.438315,2.792146,1.938823,0.729274,-0.125658,-0.008756,0.995607,-0.171549,-0.011954,-0.170630
sample,1100,drone,27.479945,2.456844,2.788954,1.938600,0.754247,-0.129961,-0.009056,1.003465,-0.172903,-0.012049,-0.170630
sample,1101,drone,27.504927,2.476000,2.785653,1.938370,0.779410,-0.134297,-0.009358,1.010872,-0.174179,-0.012138,-0.170630
sample,1102,drone,27.529909,2.495786,2.782244,1.938133,0.804753,-0.138664,-0.009663,1.017831,-0.175378,-0.012221,-0.170630
sample,1103,drone,27.554891,2.516208,2.778725,1.937887,0.830265,-0.143059,-0.009969,1.024348,-0.176501,-0.012299,-0.170630
sample,1104,drone,27.579872,2.537269,2.775096,1.937634,0.855933,-0.147482,-0.010277,1.030425,-0.177548,-0.012372,-0.170630
sample,1105,drone,27.604854,2.558974,2.771356,1.937374,0.881748,-0.151930,-0.010587,1.036067,-0.178520,-0.012440,-0.170630
sample,1106,drone,27.629836,2.581325,2.767505,1.937105,0.907699,-0.156402,-0.010899,1.041278,-0.179418,-0.012503,-0.170630
sample,1107,drone,27.654818,2.604326,2.763542,1.936829,0.933774,-0.160895,-0.011212,1.046062,-0.180243,-0.012560,-0.170630
sample,1108,drone,27.679799,2.627979,2.759466,1.936545,0.959964,-0.165407,-0.011526,1.050424,-0.180994,-0.012613,-0.170630
sample,1109,drone,27.704781,2.652289,2.755277,1.936253,0.986257,-0.169938,-0.011842,1.054366,-0.181674,-0.012660,-0.170630
sample,1110,drone,27.729763,2.677256,2.750975,1.935954,1.012644,-0.174484,-0.012159,1.057894,-0.182281,-0.012702,-0.170630
sample,1111,drone,27.754745,2.702884,2.746559,1.935646,1.039113,-0.179045,-0.012477,1.061012,-0.182819,-0.012740,-0.170630
sample,1112,drone,27.779727,2.729174,2.742030,1.935330,1.065656,-0.183619,-0.012795,1.063722,-0.183286,-0.012772,-0.170630
sample,1113,drone,27.804708,2.756128,2.737385,1.935007,1.092261,-0.188203,-0.013115,1.066031,-0.183683,-0.012800,-0.170630
sample,1114,drone,27.829690,2.783747,2.732626,1.934675,1.118918,-0.192796,-0.013435,1.067940,-0.184012,-0.012823,-0.170630
sample,1115,drone,27.854672,2.812033,2.727752,1.934335,1.145619,-0.197397,-0.013756,1.069456,-0.184274,-0.012841,-0.170630
sample,1116,drone,27.879654,2.840986,2.722764,1.933988,1.172352,-0.202003,-0.014077,1.070581,-0.184467,-0.012855,-0.170630
sample,1117,drone,27.904635,2.870608,2.717660,1.933632,1.199109,-0.206613,-0.014398,1.071320,-0.184595,-0.012863,-0.170630
sample,1118,drone,27.929617,2.900898,2.712440,1.933268,1.225879,-0.211226,-0.014719,1.071677,-0.184656,-0.012868,-0.170630
sample,1119,drone,27.954599,2.931857,2.707106,1.932897,1.252654,-0.215840,-0.015041,1.071656,-0.184653,-0.012868,-0.170630
sample,1120,drone,27.979581,2.963485,2.701656,1.932517,1.279423,-0.220452,-0.015362,1.071261,-0.184585,-0.012863,-0.170630
sample,1121,drone,28.004562,2.995782,2.696091,1.932129,1.306178,-0.225062,-0.015683,1.070496,-0.184453,-0.012854,-0.170630
sample,1122,drone,28.029544,3.028746,2.690411,1.931733,1.332909,-0.229668,-0.016004,1.069365,-0.184258,-0.012840,-0.170630
sample,1123,drone,28.054526,3.062379,2.684616,1.931329,1.359607,-0.234268,-0.016325,1.067872,-0.184001,-0.012822,-0.170630
sample,1124,drone,28.079508,3.096677,2.678707,1.930918,1.386263,-0.238861,-0.016645,1.066022,-0.183682,-0.012800,-0.170630
sample,1125,drone,28.104489,3.131641,2.672682,1.930498,1.412869,-0.243446,-0.016964,1.063818,-0.183302,-0.012773,-0.170630
sample,1126,drone,28.129471,3.167269,2.666543,1.930070,1.439415,-0.248020,-0.017283,1.061264,-0.182862,-0.012743,-0.170630
sample,1127,drone,28.154453,3.203559,2.660290,1.929634,1.465894,-0.252582,-0.017601,1.058365,-0.182363,-0.012708,-0.170630
sample,1128,drone,28.179435,3.240510,2.653923,1.929191,1.492295,-0.257131,-0.017918,1.055125,-0.181804,-0.012669,-0.170630
sample,1129,drone,28.204417,3.278120,2.647443,1.928739,1.518611,-0.261666,-0.018234,1.051547,-0.181188,-0.012626,-0.170630
sample,1130,drone,28.229398,3.316386,2.640850,1.928279,1.544834,-0.266184,-0.018549,1.047636,-0.180514,-0.012579,-0.170630
sample,1131,drone,28.254380,3.355305,2.634143,1.927812,1.570955,-0.270685,-0.018863,1.043396,-0.179783,-0.012528,-0.170630
sample,1132,drone,28.279362,3.394876,2.627325,1.927337,1.596966,-0.275167,-0.019175,1.038830,-0.178997,-0.012473,-0.170630
sample,1133,drone,28.304344,3.435095,2.620395,1.926854,1.622859,-0.279628,-0.019486,1.033943,-0.178155,-0.012415,-0.170630
sample,1134,drone,28.329325,3.475960,2.613354,1.926363,1.648625,-0.284068,-0.019795,1.028740,-0.177258,-0.012352,-0.170630
sample,1135,drone,28.354307,3.517466,2.606202,1.925865,1.674258,-0.288485,-0.020103,1.023223,-0.176307,-0.012286,-0.170630
sample,1136,drone,28.379289,3.559612,2.598940,1.925359,1.699749,-0.292877,-0.020409,1.017398,-0.175304,-0.012216,-0.170630
sample,1137,drone,28.404271,3.602392,2.591569,1.924845,1.725091,-0.297243,-0.020713,1.011268,-0.174247,-0.012142,-0.170630
sample,1138,drone,28.429252,3.645803,2.584089,1.924324,1.750276,-0.301583,-0.021016,1.004837,-0.173139,-0.012065,-0.170630
sample,1139,drone,28.454234,3.689842,2.576501,1.923795,1.775296,-0.305894,-0.021316,0.998109,-0.171980,-0.011984,-0.170630
sample,1140,drone,28.479216,3.734503,2.568805,1.923259,1.800145,-0.310176,-0.021615,0.991089,-0.170770,-0.011900,-0.170630
sample,1141,drone,28.504198,3.779783,2.561003,1.922715,1.824814,-0.314426,-0.021911,0.983781,-0.169511,-0.011812,-0.170630
sample,1142,drone,28.529180,3.825678,2.553096,1.922164,1.849298,-0.318645,-0.022205,0.976187,-0.168203,-0.011721,-0.170630
sample,1143,drone,28.554161,3.872181,2.545083,1.921606,1.873588,-0.322830,-0.022496,0.968314,-0.166846,-0.011627,-0.170630
sample,1144,drone,28.579143,3.919289,2.536966,1.921040,1.897678,-0.326981,-0.022786,0.960164,-0.165442,-0.011529,-0.170630
sample,1145,drone,28.604125,3.966996,2.528746,1.920468,1.921561,-0.331096,-0.023072,0.951742,-0.163991,-0.011428,-0.170630
sample,1146,drone,28.629107,4.015297,2.520423,1.919888,1.945231,-0.335175,-0.023357,0.943052,-0.162493,-0.011323,-0.170630
sample,1147,drone,28.654088,4.064186,2.511999,1.919301,1.968680,-0.339215,-0.023638,0.934098,-0.160951,-0.011216,-0.170630
sample,1148,drone,28.679070,4.113659,2.503475,1.918707,1.991902,-0.343216,-0.023917,0.924883,-0.159363,-0.011105,-0.170630
sample,1149,drone,28.704052,4.163709,2.494851,1.918106,2.014890,-0.347177,-0.024193,0.915413,-0.157731,-0.010991,-0.170630
sample,1150,drone,28.729034,4.214330,2.486128,1.917498,2.037639,-0.351097,-0.024466,0.905691,-0.156056,-0.010875,-0.170630
sample,1151,drone,28.754015,4.265516,2.477309,1.916883,2.060142,-0.354975,-0.024736,0.895721,-0.154338,-0.010755,-0.170630
sample,1152,drone,28.778997,4.317262,2.468393,1.916262,2.082392,-0.358808,-0.025004,0.885508,-0.152578,-0.010632,-0.170630
sample,1153,drone,28.803979,4.369560,2.459381,1.915634,2.104385,-0.362598,-0.025268,0.875054,-0.150777,-0.010507,-0.170630
sample,1154,drone,28.828961,4.422404,2.450276,1.914999,2.126113,-0.366342,-0.025529,0.864365,-0.148935,-0.010379,-0.170630
sample,1155,drone,28.853943,4.475788,2.441078,1.914358,2.147571,-0.370039,-0.025786,0.853445,-0.147054,-0.010247,-0.170630
sample,1156,drone,28.878924,4.529705,2.431788,1.913711,2.168754,-0.373689,-0.026040,0.842297,-0.145133,-0.010114,-0.170630
sample,1157,drone,28.903906,4.584147,2.422407,1.913057,2.189656,-0.377291,-0.026291,0.830926,-0.143173,-0.009977,-0.170630
sample,1158,drone,28.928888,4.639107,2.412937,1.912397,2.210270,-0.380843,-0.026539,0.819335,-0.141176,-0.009838,-0.170630
sample,1159,drone,28.953870,4.694580,2.403379,1.911731,2.230592,-0.384344,-0.026783,0.807529,-0.139142,-0.009696,-0.170630
sample,1160,drone,28.978851,4.750556,2.393734,1.911059,2.250617,-0.387795,-0.027023,0.795512,-0.137071,-0.009552,-0.170630
sample,1161,drone,29.003833,4.807028,2.384003,1.910381,2.270339,-0.391193,-0.027260,0.783288,-0.134965,-0.009405,-0.170630
sample,1162,drone,29.028815,4.863990,2.374188,1.909697,2.289753,-0.394538,-0.027493,0.770861,-0.132824,-0.009256,-0.170630
sample,1163,drone,29.053797,4.921433,2.364291,1.909007,2.308854,-0.397829,-0.027723,0.758234,-0.130648,-0.009104,-0.170630
sample,1164,drone,29.078778,4.979348,2.354311,1.908312,2.327637,-0.401066,-0.027948,0.745413,-0.128439,-0.008950,-0.170630
sample,1165,drone,29.103760,5.037730,2.344252,1.907611,2.346097,-0.404246,-0.028170,0.732401,-0.126197,-0.008794,-0.170630
sample,1166,drone,29.128742,5.096568,2.334114,1.906905,2.364230,-0.407371,-0.028388,0.719203,-0.123923,-0.008636,-0.170630
sample,1167,drone,29.153724,5.155855,2.323898,1.906193,2.382031,-0.410438,-0.028601,0.705821,-0.121617,-0.008475,-0.170630
sample,1168,drone,29.178706,5.215582,2.313607,1.905476,2.399496,-0.413447,-0.028811,0.692262,-0.119281,-0.008312,-0.170630
sample,1169,drone,29.203687,5.275742,2.303241,1.904753,2.416619,-0.416398,-0.029017,0.678527,-0.116914,-0.008147,-0.170630
sample,1170,drone,29.228669,5.336325,2.292802,1.904026,2.433397,-0.419289,-0.029218,0.664622,-0.114518,-0.007980,-0.170630
sample,1171,drone,29.253651,5.397323,2.282292,1.903293,2.449826,-0.422119,-0.029415,0.650551,-0.112094,-0.007811,-0.170630
sample,1172,drone,29.278633,5.458727,2.271711,1.902556,2.465901,-0.424889,-0.029608,0.636317,-0.109641,-0.007640,-0.170630
sample,1173,drone,29.303614,5.520528,2.261063,1.901814,2.481619,-0.427597,-0.029797,0.621925,-0.107161,-0.007468,-0.170630
sample,1174,drone,29.328596,5.582718,2.250347,1.901067,2.496975,-0.430243,-0.029981,0.607379,-0.104655,-0.007293,-0.170630
sample,1175,drone,29.353578,5.645286,2.239566,1.900316,2.511965,-0.432826,-0.030161,0.592682,-0.102123,-0.007116,-0.170630
sample,1176,drone,29.378560,5.708224,2.228722,1.899560,2.526587,-0.435346,-0.030337,0.577840,-0.099565,-0.006938,-0.170630
sample,1177,drone,29.403541,5.771523,2.217815,1.898800,2.540836,-0.437801,-0.030508,0.562856,-0.096983,-0.006758,-0.170630
sample,1178,drone,29.428523,5.835174,2.206848,1.898036,2.554710,-0.440191,-0.030675,0.547734,-0.094378,-0.006577,-0.170630
sample,1179,drone,29.453505,5.899166,2.195821,1.897268,2.568203,-0.442516,-0.030837,0.532477,-0.091749,-0.006394,-0.170630
sample,1180,drone,29.478487,5.963490,2.184738,1.896495,2.581314,-0.444776,-0.030994,0.517092,-0.089098,-0.006209,-0.170630
sample,1181,drone,29.503469,6.028137,2.173599,1.895719,2.594039,-0.446968,-0.031147,0.501580,-0.086425,-0.006023,-0.170630
sample,1182,drone,29.528450,6.093097,2.162406,1.894939,2.606375,-0.449094,-0.031295,0.485947,-0.083731,-0.005835,-0.170630
sample,1183,drone,29.553432,6.158361,2.151160,1.894156,2.618318,-0.451152,-0.031438,0.470196,-0.081018,-0.005646,-0.170630
sample,1184,drone,29.578414,6.223918,2.139865,1.893368,2.629867,-0.453142,-0.031577,0.454332,-0.078284,-0.005455,-0.170630
sample,1185,drone,29.603396,6.289758,2.128520,1.892578,2.641018,-0.455063,-0.031711,0.438358,-0.075532,-0.005263,-0.170630
sample,1186,drone,29.628377,6.355873,2.117128,1.891784,2.651769,-0.456915,-0.031840,0.422279,-0.072761,-0.005070,-0.170630
sample,1187,drone,29.653359,6.422250,2.105691,1.890987,2.662117,-0.458698,-0.031964,0.406099,-0.069973,-0.004876,-0.170630
sample,1188,drone,29.678341,6.488881,2.094210,1.890187,2.672059,-0.460412,-0.032084,0.389821,-0.067168,-0.004681,-0.170630
sample,1189,drone,29.703323,6.555756,2.082687,1.889384,2.681594,-0.462054,-0.032198,0.373451,-0.064348,-0.004484,-0.170630
sample,1190,drone,29.728304,6.622863,2.071124,1.888578,2.690718,-0.463627,-0.032308,0.356991,-0.061512,-0.004286,-0.170630
sample,1191,drone,29.753286,6.690194,2.059523,1.887770,2.699430,-0.465128,-0.032412,0.340446,-0.058661,-0.004088,-0.170630
sample,1192,drone,29.778268,6.757736,2.047885,1.886959,2.707728,-0.466557,-0.032512,0.323820,-0.055796,-0.003888,-0.170630
sample,1193,drone,29.803250,6.825481,2.036212,1.886145,2.715610,-0.467915,-0.032607,0.307118,-0.052918,-0.003688,-0.170630
sample,1194,drone,29.828232,6.893418,2.024506,1.885330,2.723073,-0.469201,-0.032696,0.290343,-0.050028,-0.003486,-0.170630
sample,1195,drone,29.853213,6.961536,2.012769,1.884512,2.730116,-0.470415,-0.032781,0.273498,-0.047125,-0.003284,-0.170630
sample,1196,drone,29.878195,7.029824,2.001002,1.883692,2.736738,-0.471556,-0.032860,0.256590,-0.044212,-0.003081,-0.170630
sample,1197,drone,29.903177,7.098273,1.989208,1.882870,2.742936,-0.472624,-0.032935,0.239621,-0.041288,-0.002877,-0.170630
sample,1198,drone,29.928159,7.166871,1.977388,1.882046,2.748710,-0.473619,-0.033004,0.222595,-0.038354,-0.002673,-0.170630
sample,1199,drone,29.953140,7.235608,1.965545,1.881221,2.754058,-0.474540,-0.033068,0.205517,-0.035412,-0.002468,-0.170630
sample,1200,drone,29.978122,7.304473,1.953679,1.880394,2.758978,-0.475388,-0.033127,0.188390,-0.032461,-0.002262,-0.170630
sample,1201,drone,30.003104,7.373456,1.941792,1.879566,2.763471,-0.476162,-0.033181,0.171219,-0.029502,-0.002056,-0.170630
sample,1202,drone,30.028086,7.442546,1.929888,1.878736,2.767533,-0.476862,-0.033230,0.154008,-0.026536,-0.001849,-0.170630
sample,1203,drone,30.053067,7.511732,1.917967,1.877905,2.771165,-0.477488,-0.033274,0.136761,-0.023565,-0.001642,-0.170630
sample,1204,drone,30.078049,7.581003,1.906031,1.877074,2.774366,-0.478040,-0.033312,0.119481,-0.020587,-0.001435,-0.170630
sample,1205,drone,30.103031,7.650349,1.894082,1.876241,2.777135,-0.478517,-0.033345,0.102174,-0.017605,-0.001227,-0.170630
sample,1206,drone,30.128013,7.719759,1.882122,1.875408,2.779471,-0.478919,-0.033373,0.084843,-0.014619,-0.001019,-0.170630
sample,1207,drone,30.152995,7.789221,1.870154,1.874574,2.781374,-0.479247,-0.033396,0.067491,-0.011629,-0.000810,-0.170630
sample,1208,drone,30.177976,7.858726,1.858178,1.873739,2.782843,-0.479500,-0.033414,0.050124,-0.008637,-0.000602,-0.170630
sample,1209,drone,30.202958,7.928262,1.846196,1.872904,2.783878,-0.479679,-0.033426,0.032746,-0.005642,-0.000393,-0.170630
sample,1210,drone,30.227940,7.997818,1.834211,1.872069,2.784479,-0.479782,-0.033434,0.015359,-0.002647,-0.000184,-0.170630
sample,1211,drone,30.252922,8.067385,1.822225,1.871234,2.784646,-0.479811,-0.033436,-0.002031,0.000350,0.000024,-0.170630
sample,1212,drone,30.277903,8.136949,1.810238,1.870398,2.784378,-0.479765,-0.033432,-0.019420,0.003346,0.000233,-0.170630
sample,1213,drone,30.302885,8.206502,1.798254,1.869563,2.783676,-0.479644,-0.033424,-0.036805,0.006342,0.000442,-0.170630
sample,1214,drone,30.327867,8.276032,1.786273,1.868728,2.782539,-0.479448,-0.033410,-0.054181,0.009336,0.000651,-0.170630
sample,1215,drone,30.352849,8.345527,1.774299,1.867894,2.780968,-0.479177,-0.033391,-0.071545,0.012328,0.000859,-0.170630
sample,1216,drone,30.377830,8.414979,1.762332,1.867060,2.778964,-0.478832,-0.033367,-0.088892,0.015317,0.001067,-0.170630
sample,1217,drone,30.402812,8.484374,1.750375,1.866227,2.776527,-0.478412,-0.033338,-0.106218,0.018302,0.001275,-0.170630
sample,1218,drone,30.427794,8.553704,1.738429,1.865394,2.773657,-0.477917,-0.033304,-0.123519,0.021283,0.001483,-0.170630
sample,1219,drone,30.452776,8.622956,1.726496,1.864563,2.770356,-0.477349,-0.033264,-0.140792,0.024259,0.001691,-0.170630
sample,1220,drone,30.477757,8.692120,1.714579,1.863732,2.766623,-0.476705,-0.033219,-0.158031,0.027230,0.001897,-0.170630
sample,1221,drone,30.502739,8.761186,1.702678,1.862903,2.762460,-0.475988,-0.033169,-0.175233,0.030194,0.002104,-0.170630
sample,1222,drone,30.527721,8.830143,1.690797,1.862075,2.757868,-0.475197,-0.033114,-0.192394,0.033151,0.002310,-0.170630
sample,1223,drone,30.552703,8.898979,1.678936,1.861249,2.752847,-0.474332,-0.033054,-0.209509,0.036100,0.002516,-0.170630
sample,1224,drone,30.577685,8.967685,1.667098,1.860424,2.747400,-0.473393,-0.032988,-0.226576,0.039040,0.002721,-0.170630
sample,1225,drone,30.602666,9.036249,1.655283,1.859600,2.741527,-0.472381,-0.032918,-0.243589,0.041972,0.002925,-0.170630
sample,1226,drone,30.627648,9.104661,1.643496,1.858779,2.735229,-0.471296,-0.032842,-0.260544,0.044893,0.003128,-0.170630
sample,1227,drone,30.652630,9.172911,1.631736,1.857959,2.728509,-0.470138,-0.032762,-0.277438,0.047804,0.003331,-0.170630
sample,1228,drone,30.677612,9.240987,1.620006,1.857142,2.721367,-0.468908,-0.032676,-0.294266,0.050704,0.003533,-0.170630
sample,1229,drone,30.702593,9.308880,1.608308,1.856327,2.713806,-0.467605,-0.032585,-0.311025,0.053591,0.003735,-0.170630
sample,1230,drone,30.727575,9.376578,1.596643,1.855514,2.705828,-0.466230,-0.032489,-0.327710,0.056466,0.003935,-0.170630
sample,1231,drone,30.752557,9.444072,1.585013,1.854704,2.697433,-0.464784,-0.032388,-0.344317,0.059328,0.004134,-0.170630
sample,1232,drone,30.777539,9.511352,1.573420,1.853896,2.688624,-0.463266,-0.032283,-0.360842,0.062175,0.004333,-0.170630
sample,1233,drone,30.802520,9.578406,1.561867,1.853091,2.679404,-0.461677,-0.032172,-0.377282,0.065008,0.004530,-0.170630
sample,1234,drone,30.827502,9.645224,1.550353,1.852288,2.669774,-0.460018,-0.032056,-0.393631,0.067825,0.004726,-0.170630
sample,1235,drone,30.852484,9.711797,1.538883,1.851489,2.659737,-0.458288,-0.031936,-0.409886,0.070626,0.004922,-0.170630
sample,1236,drone,30.877466,9.778114,1.527456,1.850693,2.649295,-0.456489,-0.031810,-0.426043,0.073410,0.005116,-0.170630
sample,1237,drone,30.902448,9.844165,1.516075,1.849900,2.638450,-0.454620,-0.031680,-0.442098,0.076176,0.005308,-0.170630
sample,1238,drone,30.927429,9.909940,1.504741,1.849110,2.627206,-0.452683,-0.031545,-0.458047,0.078924,0.005500,-0.170630
sample,1239,drone,30.952411,9.975430,1.493457,1.848324,2.615564,-0.450677,-0.031405,-0.473885,0.081653,0.005690,-0.170630
sample,1240,drone,30.977393,10.040623,1.482224,1.847541,2.603529,-0.448603,-0.031261,-0.489608,0.084362,0.005879,-0.170630
sample,1241,drone,31.002375,10.105511,1.471043,1.846762,2.591102,-0.446462,-0.031112,-0.505213,0.087051,0.006066,-0.170630
sample,1242,drone,31.027356,10.170084,1.459917,1.845986,2.578287,-0.444254,-0.030958,-0.520696,0.089719,0.006252,-0.170630
sample,1243,drone,31.052338,10.234331,1.448847,1.845215,2.565086,-0.441979,-0.030799,-0.536052,0.092365,0.006436,-0.170630
sample,1244,drone,31.077320,10.298245,1.437834,1.844447,2.551504,-0.439639,-0.030636,-0.551277,0.094988,0.006619,-0.170630
sample,1245,drone,31.102302,10.361814,1.426881,1.843684,2.537542,-0.437233,-0.030469,-0.566368,0.097588,0.006800,-0.170630
sample,1246,drone,31.127283,10.425029,1.415988,1.842925,2.523206,-0.434763,-0.030296,-0.581319,0.100165,0.006980,-0.170630
sample,1247,drone,31.152265,10.487882,1.405159,1.842170,2.508498,-0.432229,-0.030120,-0.596128,0.102716,0.007158,-0.170630
sample,1248,drone,31.177247,10.550363,1.394393,1.841420,2.493421,-0.429631,-0.029939,-0.610789,0.105243,0.007334,-0.170630
sample,1249,drone,31.202229,10.612462,1.383693,1.840675,2.477980,-0.426971,-0.029753,-0.625300,0.107743,0.007508,-0.170630
sample,1250,drone,31.227211,10.674171,1.373060,1.839934,2.462179,-0.424248,-0.029564,-0.639655,0.110216,0.007680,-0.170630
sample,1251,drone,31.252192,10.735481,1.362496,1.839197,2.446021,-0.421464,-0.029370,-0.653852,0.112662,0.007851,-0.170630
sample,1252,drone,31.277174,10.796383,1.352002,1.838466,2.429510,-0.418619,-0.029171,-0.667884,0.115080,0.008019,-0.170630
sample,1253,drone,31.302156,10.856868,1.341580,1.837740,2.412651,-0.415714,-0.028969,-0.681750,0.117470,0.008186,-0.170630
sample,1254,drone,31.327138,10.916928,1.331231,1.837019,2.395448,-0.412750,-0.028762,-0.695444,0.119829,0.008350,-0.170630
sample,1255,drone,31.352119,10.976553,1.320958,1.836303,2.377904,-0.409727,-0.028552,-0.708963,0.122158,0.008513,-0.170630
sample,1256,drone,31.377101,11.035736,1.310760,1.835592,2.360025,-0.406646,-0.028337,-0.722302,0.124457,0.008673,-0.170630
sample,1257,drone,31.402083,11.094468,1.300640,1.834887,2.341815,-0.403509,-0.028118,-0.735457,0.126724,0.008831,-0.170630
sample,1258,drone,31.427065,11.152742,1.290599,1.834187,2.323279,-0.400315,-0.027896,-0.748425,0.128958,0.008986,-0.170630
sample,1259,drone,31.452046,11.210548,1.280639,1.833493,2.304421,-0.397065,-0.027669,-0.761201,0.131159,0.009140,-0.170630
sample,1260,drone,31.477028,11.267879,1.270761,1.832805,2.285247,-0.393761,-0.027439,-0.773781,0.133327,0.009291,-0.170630
sample,1261,drone,31.502010,11.324727,1.260965,1.832122,2.265761,-0.390404,-0.027205,-0.786161,0.135460,0.009440,-0.170630
sample,1262,drone,31.526992,11.381084,1.251255,1.831446,2.245968,-0.386993,-0.026968,-0.798337,0.137558,0.009586,-0.170630
sample,1263,drone,31.551974,11.436943,1.241630,1.830775,2.225873,-0.383531,-0.026726,-0.810305,0.139620,0.009729,-0.170630
sample,1264,drone,31.576955,11.492296,1.232092,1.830110,2.205482,-0.380017,-0.026481,-0.822061,0.141646,0.009871,-0.170630
sample,1265,drone,31.601937,11.547137,1.222643,1.829452,2.184800,-0.376454,-0.026233,-0.833601,0.143634,0.010009,-0.170630
sample,1266,drone,31.626919,11.601457,1.213283,1.828800,2.163832,-0.372841,-0.025981,-0.844920,0.145585,0.010145,-0.170630
sample,1267,drone,31.651901,11.655249,1.204014,1.828154,2.142585,-0.369180,-0.025726,-0.856016,0.147497,0.010278,-0.170630
sample,1268,drone,31.676882,11.708508,1.194838,1.827514,2.121063,-0.365472,-0.025468,-0.866882,0.149369,0.010409,-0.170630
sample,1269,drone,31.701864,11.761225,1.185754,1.826881,2.099272,-0.361717,-0.025206,-0.877517,0.151201,0.010536,-0.170630
sample,1270,drone,31.726846,11.813395,1.176765,1.826255,2.077219,-0.357917,-0.024941,-0.887914,0.152993,0.010661,-0.170630
sample,1271,drone,31.751828,11.865010,1.167871,1.825635,2.054909,-0.354073,-0.024674,-0.898072,0.154743,0.010783,-0.170630
sample,1272,drone,31.776809,11.916065,1.159074,1.825022,2.032348,-0.350186,-0.024403,-0.907984,0.156451,0.010902,-0.170630
sample,1273,drone,31.801791,11.966554,1.150375,1.824416,2.009543,-0.346256,-0.024129,-0.917648,0.158116,0.011018,-0.170630
sample,1274,drone,31.826773,12.016469,1.141774,1.823816,1.986499,-0.342285,-0.023852,-0.927058,0.159738,0.011131,-0.170630
sample,1275,drone,31.851755,12.065806,1.133273,1.823224,1.963224,-0.338275,-0.023573,-0.936212,0.161315,0.011241,-0.170630
sample,1276,drone,31.876737,12.114559,1.124873,1.822639,1.939723,-0.334226,-0.023290,-0.945105,0.162847,0.011348,-0.170630
sample,1277,drone,31.901718,12.162722,1.116574,1.822060,1.916003,-0.330139,-0.023006,-0.953733,0.164334,0.011452,-0.170630
sample,1278,drone,31.926700,12.210289,1.108378,1.821489,1.892071,-0.326015,-0.022718,-0.962092,0.165774,0.011552,-0.170630
sample,1279,drone,31.951682,12.257256,1.100285,1.820925,1.867933,-0.321856,-0.022429,-0.970178,0.167167,0.011649,-0.170630
sample,1280,drone,31.976664,12.303618,1.092297,1.820369,1.843597,-0.317663,-0.022136,-0.977986,0.168513,0.011743,-0.170630
sample,1281,drone,32.001645,12.349369,1.084413,1.819819,1.819070,-0.313436,-0.021842,-0.985513,0.169810,0.011833,-0.170630
sample,1282,drone,32.026627,12.394505,1.076636,1.819277,1.794357,-0.309178,-0.021545,-0.992755,0.171057,0.011920,-0.170630
sample,1283,drone,32.051609,12.439021,1.068966,1.818743,1.769468,-0.304890,-0.021246,-0.999707,0.172255,0.012004,-0.170630
sample,1284,drone,32.076591,12.482914,1.061403,1.818216,1.744409,-0.300572,-0.020945,-1.006365,0.173403,0.012084,-0.170630
sample,1285,drone,32.101572,12.526178,1.053948,1.817696,1.719186,-0.296226,-0.020642,-1.012726,0.174499,0.012160,-0.170630
sample,1286,drone,32.126554,12.568810,1.046602,1.817184,1.693809,-0.291853,-0.020338,-1.018786,0.175543,0.012233,-0.170630
sample,1287,drone,32.151536,12.610807,1.039366,1.816680,1.668284,-0.287455,-0.020031,-1.024539,0.176534,0.012302,-0.170630
sample,1288,drone,32.176518,12.652164,1.032240,1.816184,1.642620,-0.283033,-0.019723,-1.029983,0.177472,0.012367,-0.170630
sample,1289,drone,32.201500,12.692878,1.025225,1.815695,1.616823,-0.278588,-0.019413,-1.035113,0.178356,0.012429,-0.170630
sample,1290,drone,32.226481,12.732946,1.018321,1.815214,1.590902,-0.274122,-0.019102,-1.039925,0.179185,0.012487,-0.170630
sample,1291,drone,32.251463,12.772365,1.011529,1.814740,1.564864,-0.269635,-0.018790,-1.044415,0.179959,0.012540,-0.170630
sample,1292,drone,32.276445,12.811132,1.004849,1.814275,1.538719,-0.265130,-0.018476,-1.048579,0.180676,0.012590,-0.170630
sample,1293,drone,32.301427,12.849245,0.998282,1.813817,1.512474,-0.260608,-0.018160,-1.052413,0.181337,0.012636,-0.170630
sample,1294,drone,32.326408,12.886701,0.991828,1.813368,1.486137,-0.256070,-0.017844,-1.055912,0.181940,0.012678,-0.170630
sample,1295,drone,32.351390,12.923497,0.985488,1.812926,1.459717,-0.251518,-0.017527,-1.059073,0.182485,0.012716,-0.170630
sample,1296,drone,32.376372,12.959633,0.979261,1.812492,1.433222,-0.246953,-0.017209,-1.061892,0.182970,0.012750,-0.170630
sample,1297,drone,32.401354,12.995106,0.973149,1.812066,1.406661,-0.242376,-0.016890,-1.064364,0.183396,0.012780,-0.170630
sample,1298,drone,32.426335,13.029915,0.967151,1.811648,1.380042,-0.237789,-0.016570,-1.066486,0.183762,0.012805,-0.170630
sample,1299,drone,32.451317,13.064058,0.961268,1.811238,1.353375,-0.233195,-0.016250,-1.068253,0.184066,0.012827,-0.170630
sample,1300,drone,32.476299,13.097534,0.955500,1.810836,1.326669,-0.228593,-0.015929,-1.069662,0.184309,0.012844,-0.170630
sample,1301,drone,32.501281,13.130343,0.949847,1.810442,1.299931,-0.223986,-0.015608,-1.070708,0.184489,0.012856,-0.170630
sample,1302,drone,32.526263,13.162484,0.944309,1.810056,1.273172,-0.219375,-0.015287,-1.071387,0.184606,0.012864,-0.170630
sample,1303,drone,32.551244,13.193955,0.938886,1.809678,1.246401,-0.214762,-0.014966,-1.071695,0.184659,0.012868,-0.170630
sample,1304,drone,32.576226,13.224758,0.933579,1.809308,1.219627,-0.210149,-0.014644,-1.071628,0.184648,0.012867,-0.170630
sample,1305,drone,32.601208,13.254892,0.928386,1.808947,1.192859,-0.205537,-0.014323,-1.071182,0.184571,0.012862,-0.170630
sample,1306,drone,32.626190,13.284358,0.923309,1.808593,1.166107,-0.200927,-0.014002,-1.070353,0.184428,0.012852,-0.170630
sample,1307,drone,32.651171,13.313155,0.918347,1.808247,1.139380,-0.196322,-0.013681,-1.069137,0.184219,0.012837,-0.170630
sample,1308,drone,32.676153,13.341285,0.913500,1.807909,1.112689,-0.191723,-0.013360,-1.067530,0.183942,0.012818,-0.170630
sample,1309,drone,32.701135,13.368749,0.908768,1.807580,1.086042,-0.187131,-0.013040,-1.065527,0.183597,0.012794,-0.170630
sample,1310,drone,32.726117,13.395548,0.904151,1.807258,1.059451,-0.182550,-0.012721,-1.063125,0.183183,0.012765,-0.170630
sample,1311,drone,32.751098,13.421683,0.899647,1.806944,1.032925,-0.177979,-0.012402,-1.060320,0.182699,0.012731,-0.170630
sample,1312,drone,32.776080,13.447156,0.895258,1.806638,1.006474,-0.173421,-0.012085,-1.057107,0.182146,0.012693,-0.170630
sample,1313,drone,32.801062,13.471970,0.890983,1.806340,0.980108,-0.168878,-0.011768,-1.053483,0.181521,0.012649,-0.170630
sample,1314,drone,32.826044,13.496126,0.886820,1.806050,0.953838,-0.164352,-0.011453,-1.049443,0.180825,0.012601,-0.170630
sample,1315,drone,32.851025,13.519627,0.882771,1.805768,0.927674,-0.159844,-0.011139,-1.044983,0.180057,0.012547,-0.170630
sample,1316,drone,32.876007,13.542476,0.878834,1.805494,0.901627,-0.155356,-0.010826,-1.040099,0.179215,0.012489,-0.170630
sample,1317,drone,32.900989,13.564675,0.875009,1.805227,0.875707,-0.150889,-0.010515,-1.034788,0.178300,0.012425,-0.170630
sample,1318,drone,32.925971,13.586229,0.871295,1.804968,0.849925,-0.146447,-0.010205,-1.029045,0.177310,0.012356,-0.170630
sample,1319,drone,32.950953,13.607141,0.867692,1.804717,0.824292,-0.142030,-0.009897,-1.022865,0.176246,0.012282,-0.170630
sample,1320,drone,32.975934,13.627414,0.864199,1.804474,0.798819,-0.137641,-0.009592,-1.016246,0.175105,0.012202,-0.170630
sample,1321,drone,33.000916,13.647053,0.860815,1.804238,0.773517,-0.133282,-0.009288,-1.009182,0.173888,0.012117,-0.170630
sample,1322,drone,33.025898,13.666061,0.857540,1.804010,0.748397,-0.128953,-0.008986,-1.001671,0.172594,0.012027,-0.170630
sample,1323,drone,33.050880,13.684445,0.854372,1.803789,0.723470,-0.124658,-0.008687,-0.993707,0.171222,0.011932,-0.170630
sample,1324,drone,33.075861,13.702209,0.851311,1.803576,0.698748,-0.120398,-0.008390,-0.985286,0.169771,0.011830,-0.170630
sample,1325,drone,33.100843,13.719357,0.848356,1.803370,0.674242,-0.116176,-0.008096,-0.976406,0.168240,0.011724,-0.170630
sample,1326,drone,33.125825,13.735896,0.845507,1.803171,0.649963,-0.111992,-0.007804,-0.967060,0.166630,0.011612,-0.170630
sample,1327,drone,33.150807,13.751831,0.842761,1.802980,0.625924,-0.107850,-0.007516,-0.957247,0.164939,0.011494,-0.170630
sample,1328,drone,33.175788,13.767169,0.840118,1.802796,0.602136,-0.103752,-0.007230,-0.946960,0.163167,0.011370,-0.170630
sample,1329,drone,33.200770,13.781916,0.837577,1.802619,0.578611,-0.099698,-0.006947,-0.936197,0.161312,0.011241,-0.170630
sample,1330,drone,33.225752,13.796079,0.835137,1.802449,0.555360,-0.095692,-0.006668,-0.924953,0.159375,0.011106,-0.170630
sample,1331,drone,33.250734,13.809664,0.832796,1.802285,0.532397,-0.091735,-0.006393,-0.913224,0.157354,0.010965,-0.170630
sample,1332,drone,33.275716,13.822679,0.830553,1.802129,0.509732,-0.087830,-0.006120,-0.901007,0.155249,0.010818,-0.170630
sample,1333,drone,33.300697,13.835132,0.828408,1.801980,0.487379,-0.083978,-0.005852,-0.888296,0.153059,0.010666,-0.170630
sample,1334,drone,33.325679,13.847030,0.826358,1.801837,0.465350,-0.080183,-0.005588,-0.875089,0.150783,0.010507,-0.170630
sample,1335,drone,33.350661,13.858383,0.824402,1.801700,0.443657,-0.076445,-0.005327,-0.861380,0.148421,0.010343,-0.170630
sample,1336,drone,33.375643,13.869197,0.822538,1.801571,0.422312,-0.072767,-0.005071,-0.847166,0.145972,0.010172,-0.170630
sample,1337,drone,33.400624,13.879483,0.820766,1.801447,0.401329,-0.069151,-0.004819,-0.832443,0.143435,0.009995,-0.170630
sample,1338,drone,33.425606,13.889249,0.819083,1.801330,0.380720,-0.065600,-0.004571,-0.817206,0.140809,0.009812,-0.170630
sample,1339,drone,33.450588,13.898505,0.817488,1.801219,0.360499,-0.062116,-0.004329,-0.801452,0.138095,0.009623,-0.170630
sample,1340,drone,33.475570,13.907261,0.815980,1.801114,0.340677,-0.058701,-0.004091,-0.785177,0.135291,0.009428,-0.170630
sample,1341,drone,33.500551,13.915526,0.814555,1.801014,0.321269,-0.055356,-0.003858,-0.768376,0.132396,0.009226,-0.170630
sample,1342,drone,33.525533,13.923312,0.813214,1.800921,0.302286,-0.052086,-0.003630,-0.751045,0.129409,0.009018,-0.170630
sample,1343,drone,33.550515,13.930630,0.811953,1.800833,0.283744,-0.048891,-0.003407,-0.733181,0.126331,0.008803,-0.170630
sample,1344,drone,33.575497,13.937489,0.810771,1.800751,0.265654,-0.045774,-0.003190,-0.714779,0.123161,0.008582,-0.170630
sample,1345,drone,33.600479,13.943903,0.809666,1.800674,0.248031,-0.042737,-0.002978,-0.695835,0.119896,0.008355,-0.170630
sample,1346,drone,33.625460,13.949882,0.808636,1.800602,0.230888,-0.039783,-0.002772,-0.676345,0.116538,0.008121,-0.170630
sample,1347,drone,33.650442,13.955439,0.807678,1.800535,0.214238,-0.036915,-0.002572,-0.656306,0.113085,0.007880,-0.170630
sample,1348,drone,33.675424,13.960586,0.806791,1.800473,0.198096,-0.034133,-0.002379,-0.635712,0.109537,0.007633,-0.170630
sample,1349,drone,33.700406,13.965336,0.805973,1.800416,0.182476,-0.031442,-0.002191,-0.614560,0.105892,0.007379,-0.170630
sample,1350,drone,33.725387,13.969703,0.805220,1.800364,0.167391,-0.028842,-0.002010,-0.592846,0.102151,0.007118,-0.170630
sample,1351,drone,33.750369,13.973700,0.804532,1.800316,0.152855,-0.026338,-0.001835,-0.570566,0.098312,0.006851,-0.170630
sample,1352,drone,33.775351,13.977340,0.803904,1.800272,0.138883,-0.023930,-0.001668,-0.547716,0.094375,0.006576,-0.170630
sample,1353,drone,33.800333,13.980639,0.803336,1.800232,0.125489,-0.021623,-0.001507,-0.524291,0.090338,0.006295,-0.170630
sample,1354,drone,33.825314,13.983610,0.802824,1.800197,0.112688,-0.019417,-0.001353,-0.500287,0.086202,0.006007,-0.170630
sample,1355,drone,33.850296,13.986269,0.802366,1.800165,0.100493,-0.017316,-0.001207,-0.475701,0.081966,0.005712,-0.170630
sample,1356,drone,33.875278,13.988631,0.801959,1.800137,0.088920,-0.015321,-0.001068,-0.450529,0.077629,0.005410,-0.170630
sample,1357,drone,33.900260,13.990712,0.801600,1.800112,0.077983,-0.013437,-0.000936,-0.424766,0.073190,0.005100,-0.170630
sample,1358,drone,33.925242,13.992527,0.801288,1.800090,0.067697,-0.011665,-0.000813,-0.398408,0.068648,0.004784,-0.170630
sample,1359,drone,33.950223,13.994094,0.801018,1.800071,0.058077,-0.010007,-0.000697,-0.371451,0.064003,0.004460,-0.170630
sample,1360,drone,33.975205,13.995429,0.800788,1.800055,0.049138,-0.008467,-0.000590,-0.343892,0.059255,0.004129,-0.170630
sample,1361,drone,34.000187,13.996549,0.800595,1.800041,0.040895,-0.007046,-0.000491,-0.315725,0.054401,0.003791,-0.170630
sample,1362,drone,34.025169,13.997472,0.800436,1.800030,0.033363,-0.005749,-0.000401,-0.286948,0.049443,0.003445,-0.170630
sample,1363,drone,34.050150,13.998216,0.800307,1.800021,0.026558,-0.004576,-0.000319,-0.257555,0.044378,0.003092,-0.170630
sample,1364,drone,34.075132,13.998799,0.800207,1.800014,0.020495,-0.003531,-0.000246,-0.227543,0.039207,0.002732,-0.170630
sample,1365,drone,34.100114,13.999240,0.800131,1.800009,0.015189,-0.002617,-0.000182,-0.196908,0.033928,0.002364,-0.170630
sample,1366,drone,34.125096,13.999558,0.800076,1.800005,0.010657,-0.001836,-0.000128,-0.165646,0.028542,0.001989,-0.170630
sample,1367,drone,34.150077,13.999773,0.800039,1.800003,0.006913,-0.001191,-0.000083,-0.133752,0.023046,0.001606,-0.170630
sample,1368,drone,34.175059,13.999904,0.800017,1.800001,0.003974,-0.000685,-0.000048,-0.101223,0.017441,0.001215,-0.170630
sample,1369,drone,34.200041,13.999971,0.800005,1.800000,0.001856,-0.000320,-0.000022,-0.068055,0.011726,0.000817,-0.170630
sample,1370,drone,34.225023,13.999996,0.800001,1.800000,0.000574,-0.000099,-0.000007,-0.034256,0.005903,0.000411,-0.170630
sample,1371,drone,34.250005,14.000000,0.800000,1.800000,0.000144,-0.000025,-0.000002,-0.017202,0.002964,0.000207,-0.170629
