section,index,name,t,x,y,z,vx,vy,vz,ax,ay,az,yaw
crossing,1,G6,8.000000,11.584572,2.926228,3.646081,,,,,,
crossing,2,G2,13.460524,3.562570,1.763445,2.419136,,,,,,
crossing,3,G3,16.279693,6.364623,-1.588838,2.912817,,,,,,
crossing,4,G1,19.213842,2.673123,-0.337245,3.618849,,,,,,
crossing,5,G4,23.039185,7.805998,2.402653,2.298061,,,,,,
crossing,6,G5,24.795184,9.907961,1.787454,2.445680,,,,,,
sample,0,drone,0.000000,0.000000,-1.000000,1.200000,0.000141,0.000048,0.000030,0.016771,0.005684,0.003541,0.326767
sample,1,drone,0.024979,0.000004,-0.999999,1.200001,0.000559,0.000190,0.000118,0.033396,0.011319,0.007052,0.326768
sample,2,drone,0.049958,0.000028,-0.999991,1.200006,0.001809,0.000613,0.000382,0.066347,0.022486,0.014009,0.326769
sample,3,drone,0.074937,0.000094,-0.999968,1.200020,0.003874,0.001313,0.000818,0.098683,0.033446,0.020837,0.326769
sample,4,drone,0.099916,0.000221,-0.999925,1.200047,0.006739,0.002284,0.001423,0.130396,0.044194,0.027533,0.326769
sample,5,drone,0.124895,0.000431,-0.999854,1.200091,0.010388,0.003521,0.002193,0.161490,0.054732,0.034099,0.326769
sample,6,drone,0.149874,0.000740,-0.999749,1.200156,0.014807,0.005018,0.003126,0.191968,0.065061,0.040534,0.326769
sample,7,drone,0.174853,0.001170,-0.999603,1.200247,0.019979,0.006771,0.004218,0.221834,0.075184,0.046840,0.326769
sample,8,drone,0.199832,0.001739,-0.999411,1.200367,0.025889,0.008774,0.005466,0.251093,0.085100,0.053018,0.326769
sample,9,drone,0.224811,0.002464,-0.999165,1.200520,0.032523,0.011023,0.006867,0.279749,0.094812,0.059069,0.326769
sample,10,drone,0.249790,0.003363,-0.998860,1.200710,0.039865,0.013511,0.008417,0.307805,0.104321,0.064993,0.326769
sample,11,drone,0.274769,0.004455,-0.998490,1.200941,0.047900,0.016234,0.010114,0.335265,0.113628,0.070791,0.326769
sample,12,drone,0.299748,0.005756,-0.998049,1.201215,0.056614,0.019188,0.011954,0.362134,0.122734,0.076465,0.326769
sample,13,drone,0.324727,0.007284,-0.997531,1.201538,0.065992,0.022366,0.013934,0.388415,0.131641,0.082014,0.326769
sample,14,drone,0.349706,0.009053,-0.996932,1.201912,0.076018,0.025764,0.016051,0.414112,0.140350,0.087440,0.326769
sample,15,drone,0.374685,0.011081,-0.996244,1.202340,0.086680,0.029377,0.018302,0.439230,0.148863,0.092743,0.326769
sample,16,drone,0.399664,0.013383,-0.995464,1.202826,0.097961,0.033201,0.020685,0.463771,0.157181,0.097925,0.326769
sample,17,drone,0.424643,0.015975,-0.994586,1.203373,0.109849,0.037230,0.023195,0.487741,0.165305,0.102986,0.326769
sample,18,drone,0.449622,0.018871,-0.993604,1.203985,0.122328,0.041459,0.025830,0.511143,0.173236,0.107928,0.326769
sample,19,drone,0.474601,0.022086,-0.992514,1.204664,0.135385,0.045884,0.028586,0.533981,0.180976,0.112750,0.326769
sample,20,drone,0.499580,0.025635,-0.991312,1.205413,0.149005,0.050500,0.031462,0.556260,0.188527,0.117454,0.326769
sample,21,drone,0.524559,0.029530,-0.989992,1.206235,0.163174,0.055303,0.034454,0.577982,0.195889,0.122041,0.326769
sample,22,drone,0.549538,0.033787,-0.988549,1.207134,0.177879,0.060287,0.037559,0.599152,0.203064,0.126511,0.326769
sample,23,drone,0.574517,0.038417,-0.986980,1.208112,0.193107,0.065447,0.040774,0.619775,0.210053,0.130865,0.326769
sample,24,drone,0.599496,0.043434,-0.985279,1.209171,0.208842,0.070781,0.044097,0.639853,0.216858,0.135105,0.326769
sample,25,drone,0.624475,0.048850,-0.983444,1.210315,0.225072,0.076281,0.047524,0.659391,0.223480,0.139230,0.326769
sample,26,drone,0.649454,0.054678,-0.981469,1.211545,0.241784,0.081945,0.051053,0.678393,0.229920,0.143243,0.326769
sample,27,drone,0.674433,0.060929,-0.979350,1.212865,0.258964,0.087768,0.054680,0.696863,0.236180,0.147143,0.326769
sample,28,drone,0.699412,0.067615,-0.977084,1.214277,0.276598,0.093744,0.058404,0.714805,0.242261,0.150931,0.326769
sample,29,drone,0.724391,0.074748,-0.974667,1.215783,0.294674,0.099870,0.062220,0.732222,0.248164,0.154609,0.326769
sample,30,drone,0.749370,0.082337,-0.972095,1.217385,0.313178,0.106142,0.066128,0.749120,0.253891,0.158177,0.326769
sample,31,drone,0.774349,0.090393,-0.969364,1.219087,0.332098,0.112554,0.070123,0.765501,0.259443,0.161635,0.326769
sample,32,drone,0.799328,0.098928,-0.966472,1.220889,0.351421,0.119103,0.074203,0.781369,0.264821,0.164986,0.326769
sample,33,drone,0.824307,0.107950,-0.963414,1.222794,0.371134,0.125784,0.078365,0.796730,0.270027,0.168229,0.326769
sample,34,drone,0.849286,0.117469,-0.960188,1.224804,0.391224,0.132593,0.082607,0.811586,0.275062,0.171366,0.326769
sample,35,drone,0.874265,0.127494,-0.956790,1.226920,0.411679,0.139526,0.086926,0.825941,0.279927,0.174397,0.326769
sample,36,drone,0.899244,0.138036,-0.953217,1.229146,0.432487,0.146578,0.091320,0.839801,0.284624,0.177324,0.326769
sample,37,drone,0.924223,0.149101,-0.949467,1.231483,0.453634,0.153745,0.095785,0.853167,0.289154,0.180146,0.326769
sample,38,drone,0.949202,0.160698,-0.945536,1.233931,0.475109,0.161023,0.100319,0.866046,0.293519,0.182865,0.326769
sample,39,drone,0.974181,0.172836,-0.941423,1.236494,0.496900,0.168409,0.104920,0.878439,0.297719,0.185482,0.326769
sample,40,drone,0.999160,0.185522,-0.937123,1.239173,0.518994,0.175897,0.109586,0.890352,0.301757,0.187998,0.326769
sample,41,drone,1.024139,0.198764,-0.932635,1.241969,0.541380,0.183484,0.114312,0.901789,0.305633,0.190413,0.326769
sample,42,drone,1.049118,0.212569,-0.927957,1.244884,0.564046,0.191166,0.119098,0.912753,0.309349,0.192728,0.326769
sample,43,drone,1.074097,0.226943,-0.923085,1.247919,0.586980,0.198938,0.123941,0.923248,0.312906,0.194944,0.326769
sample,44,drone,1.099076,0.241893,-0.918018,1.251076,0.610169,0.206798,0.128837,0.933278,0.316306,0.197062,0.326769
sample,45,drone,1.124055,0.257426,-0.912754,1.254355,0.633604,0.214740,0.133785,0.942848,0.319549,0.199082,0.326769
sample,46,drone,1.149034,0.273547,-0.907290,1.257759,0.657272,0.222762,0.138783,0.951961,0.322637,0.201006,0.326769
sample,47,drone,1.174013,0.290262,-0.901625,1.261289,0.681162,0.230859,0.143827,0.960621,0.325573,0.202835,0.326769
sample,48,drone,1.198992,0.307576,-0.895757,1.264945,0.705263,0.239027,0.148916,0.968833,0.328356,0.204569,0.326769
sample,49,drone,1.223971,0.325495,-0.889684,1.268728,0.729563,0.247263,0.154047,0.976599,0.330988,0.206209,0.326769
sample,50,drone,1.248950,0.344024,-0.883404,1.272641,0.754052,0.255562,0.159218,0.983925,0.333471,0.207756,0.326769
sample,51,drone,1.273929,0.363166,-0.876916,1.276682,0.778718,0.263922,0.164426,0.990814,0.335805,0.209210,0.326769
sample,52,drone,1.298908,0.382927,-0.870219,1.280855,0.803551,0.272338,0.169670,0.997269,0.337993,0.210573,0.326769
sample,53,drone,1.323887,0.403310,-0.863311,1.285159,0.828540,0.280808,0.174946,1.003296,0.340036,0.211846,0.326769
sample,54,drone,1.348866,0.424319,-0.856190,1.289595,0.853674,0.289326,0.180253,1.008898,0.341934,0.213029,0.326769
sample,55,drone,1.373845,0.445958,-0.848857,1.294164,0.878942,0.297890,0.185589,1.014078,0.343690,0.214123,0.326769
sample,56,drone,1.398824,0.468229,-0.841308,1.298867,0.904335,0.306496,0.190950,1.018842,0.345305,0.215128,0.326769
sample,57,drone,1.423803,0.491137,-0.833545,1.303703,0.929842,0.315141,0.196336,1.023192,0.346779,0.216047,0.326769
sample,58,drone,1.448782,0.514682,-0.825565,1.308675,0.955452,0.323820,0.201744,1.027133,0.348115,0.216879,0.326769
sample,59,drone,1.473761,0.538869,-0.817367,1.313782,0.981155,0.332532,0.207171,1.030670,0.349313,0.217626,0.326769
sample,60,drone,1.498740,0.563699,-0.808952,1.319025,1.006942,0.341271,0.212616,1.033804,0.350376,0.218288,0.326769
sample,61,drone,1.523719,0.589174,-0.800318,1.324404,1.032802,0.350036,0.218076,1.036542,0.351303,0.218866,0.326769
sample,62,drone,1.548698,0.615296,-0.791465,1.329920,1.058726,0.358822,0.223550,1.038886,0.352098,0.219361,0.326769
sample,63,drone,1.573677,0.642066,-0.782392,1.335572,1.084703,0.367626,0.229035,1.040841,0.352761,0.219773,0.326769
sample,64,drone,1.598656,0.669485,-0.773099,1.341362,1.110724,0.376445,0.234529,1.042411,0.353293,0.220105,0.326769
sample,65,drone,1.623635,0.697555,-0.763586,1.347289,1.136779,0.385276,0.240031,1.043599,0.353695,0.220356,0.326769
sample,66,drone,1.648614,0.726276,-0.753851,1.353353,1.162860,0.394115,0.245538,1.044410,0.353970,0.220527,0.326769
sample,67,drone,1.673593,0.755649,-0.743896,1.359555,1.188956,0.402959,0.251048,1.044847,0.354118,0.220619,0.326769
sample,68,drone,1.698573,0.785674,-0.733720,1.365895,1.215059,0.411806,0.256559,1.044915,0.354141,0.220634,0.326769
sample,69,drone,1.723552,0.816351,-0.723323,1.372372,1.241158,0.420652,0.262070,1.044617,0.354040,0.220571,0.326769
sample,70,drone,1.748531,0.847680,-0.712705,1.378988,1.267246,0.429493,0.267579,1.043958,0.353817,0.220432,0.326769
sample,71,drone,1.773510,0.879660,-0.701867,1.385740,1.293312,0.438328,0.273083,1.042941,0.353472,0.220217,0.326769
sample,72,drone,1.798489,0.912291,-0.690807,1.392630,1.319349,0.447152,0.278580,1.041571,0.353008,0.219928,0.326769
sample,73,drone,1.823468,0.945572,-0.679528,1.399657,1.345347,0.455963,0.284070,1.039851,0.352425,0.219564,0.326769
sample,74,drone,1.848447,0.979502,-0.668028,1.406822,1.371298,0.464758,0.289549,1.037785,0.351725,0.219128,0.326769
sample,75,drone,1.873426,1.014080,-0.656309,1.414123,1.397193,0.473535,0.295017,1.035378,0.350909,0.218620,0.326769
sample,76,drone,1.898405,1.049303,-0.644372,1.421560,1.423023,0.482289,0.300471,1.032633,0.349978,0.218040,0.326769
sample,77,drone,1.923384,1.085171,-0.632215,1.429134,1.448781,0.491019,0.305910,1.029554,0.348935,0.217390,0.326769
sample,78,drone,1.948363,1.121681,-0.619841,1.436843,1.474458,0.499721,0.311332,1.026145,0.347780,0.216670,0.326769
sample,79,drone,1.973342,1.158832,-0.607250,1.444687,1.500045,0.508393,0.316734,1.022410,0.346514,0.215882,0.326769
sample,80,drone,1.998321,1.196621,-0.594443,1.452666,1.525535,0.517032,0.322117,1.018354,0.345139,0.215025,0.326769
sample,81,drone,2.023300,1.235045,-0.581420,1.460780,1.550920,0.525636,0.327477,1.013979,0.343656,0.214102,0.326769
sample,82,drone,2.048279,1.274102,-0.568183,1.469026,1.576192,0.534201,0.332813,1.009291,0.342068,0.213112,0.326769
sample,83,drone,2.073258,1.313788,-0.554733,1.477406,1.601342,0.542725,0.338123,1.004292,0.340373,0.212056,0.326769
sample,84,drone,2.098237,1.354101,-0.541070,1.485918,1.626364,0.551205,0.343407,0.998988,0.338576,0.210936,0.326769
sample,85,drone,2.123216,1.395038,-0.527195,1.494562,1.651250,0.559639,0.348661,0.993382,0.336676,0.209752,0.326769
sample,86,drone,2.148195,1.436595,-0.513111,1.503337,1.675991,0.568025,0.353885,0.987477,0.334674,0.208506,0.326769
sample,87,drone,2.173174,1.478767,-0.498818,1.512242,1.700582,0.576359,0.359078,0.981278,0.332574,0.207197,0.326769
sample,88,drone,2.198153,1.521552,-0.484317,1.521276,1.725014,0.584640,0.364237,0.974790,0.330374,0.205827,0.326769
sample,89,drone,2.223132,1.564946,-0.469611,1.530438,1.749281,0.592864,0.369360,0.968015,0.328078,0.204396,0.326769
sample,90,drone,2.248111,1.608943,-0.454699,1.539728,1.773374,0.601030,0.374448,0.960958,0.325687,0.202906,0.326769
sample,91,drone,2.273090,1.653540,-0.439584,1.549145,1.797288,0.609135,0.379497,0.953622,0.323200,0.201357,0.326769
sample,92,drone,2.298069,1.698732,-0.424268,1.558687,1.821015,0.617176,0.384507,0.946013,0.320621,0.199750,0.326769
sample,93,drone,2.323048,1.744514,-0.408752,1.568354,1.844549,0.625152,0.389476,0.938133,0.317951,0.198087,0.326769
sample,94,drone,2.348027,1.790882,-0.393037,1.578144,1.867882,0.633060,0.394403,0.929986,0.315190,0.196367,0.326769
sample,95,drone,2.373006,1.837830,-0.377125,1.588058,1.891009,0.640898,0.399286,0.921578,0.312340,0.194591,0.326769
sample,96,drone,2.397985,1.885353,-0.361019,1.598092,1.913923,0.648664,0.404125,0.912911,0.309403,0.192761,0.326769
sample,97,drone,2.422964,1.933446,-0.344719,1.608247,1.936616,0.656356,0.408916,0.903989,0.306379,0.190877,0.326769
sample,98,drone,2.447943,1.982102,-0.328228,1.618521,1.959084,0.663970,0.413660,0.894817,0.303270,0.188941,0.326769
sample,99,drone,2.472922,2.031318,-0.311548,1.628912,1.981320,0.671506,0.418355,0.885399,0.300078,0.186952,0.326769
sample,100,drone,2.497901,2.081085,-0.294681,1.639421,2.003317,0.678962,0.423000,0.875738,0.296804,0.184912,0.326769
sample,101,drone,2.522880,2.131399,-0.277629,1.650045,2.025070,0.686334,0.427593,0.865838,0.293449,0.182822,0.326769
sample,102,drone,2.547859,2.182254,-0.260393,1.660783,2.046573,0.693622,0.432134,0.855704,0.290014,0.180682,0.326769
sample,103,drone,2.572838,2.233642,-0.242977,1.671633,2.067819,0.700823,0.436620,0.845339,0.286501,0.178493,0.326769
sample,104,drone,2.597817,2.285558,-0.225382,1.682595,2.088804,0.707935,0.441051,0.834748,0.282912,0.176257,0.326769
sample,105,drone,2.622796,2.337995,-0.207610,1.693667,2.109521,0.714956,0.445425,0.823934,0.279247,0.173973,0.326769
sample,106,drone,2.647775,2.390945,-0.189664,1.704848,2.129966,0.721885,0.449742,0.812901,0.275507,0.171644,0.326769
sample,107,drone,2.672754,2.444403,-0.171546,1.716135,2.150132,0.728720,0.454000,0.801653,0.271695,0.169269,0.326769
sample,108,drone,2.697733,2.498362,-0.153258,1.727529,2.170015,0.735459,0.458198,0.790195,0.267812,0.166849,0.326769
sample,109,drone,2.722712,2.552813,-0.134804,1.739026,2.189609,0.742099,0.462336,0.778529,0.263858,0.164386,0.326769
sample,110,drone,2.747691,2.607750,-0.116185,1.750626,2.208909,0.748641,0.466411,0.766661,0.259836,0.161880,0.326769
sample,111,drone,2.772670,2.663166,-0.097403,1.762327,2.227910,0.755080,0.470423,0.754594,0.255746,0.159332,0.326769
sample,112,drone,2.797649,2.719052,-0.078462,1.774128,2.246607,0.761417,0.474371,0.742332,0.251590,0.156743,0.326769
sample,113,drone,2.822628,2.775402,-0.059364,1.786026,2.264995,0.767649,0.478253,0.729879,0.247370,0.154114,0.326769
sample,114,drone,2.847607,2.832207,-0.040112,1.798020,2.283070,0.773775,0.482070,0.717239,0.243086,0.151445,0.326769
sample,115,drone,2.872586,2.889459,-0.020708,1.810109,2.300827,0.779793,0.485819,0.704416,0.238740,0.148737,0.326769
sample,116,drone,2.897565,2.947152,-0.001155,1.822291,2.318261,0.785702,0.489501,0.691414,0.234333,0.145992,0.326769
sample,117,drone,2.922544,3.005275,0.018544,1.834563,2.335369,0.791500,0.493113,0.678237,0.229867,0.143210,0.326769
sample,118,drone,2.947523,3.063822,0.038387,1.846926,2.352145,0.797186,0.496655,0.664889,0.225343,0.140391,0.326769
sample,119,drone,2.972502,3.122784,0.058370,1.859375,2.368585,0.802758,0.500127,0.651374,0.220763,0.137537,0.326769
sample,120,drone,2.997481,3.182152,0.078491,1.871911,2.384686,0.808215,0.503526,0.637695,0.216127,0.134649,0.326769
sample,121,drone,3.022460,3.241918,0.098747,1.884531,2.400443,0.813555,0.506853,0.623857,0.211437,0.131727,0.326769
sample,122,drone,3.047439,3.302073,0.119134,1.897232,2.415853,0.818778,0.510107,0.609864,0.206694,0.128773,0.326769
sample,123,drone,3.072418,3.362609,0.139651,1.910014,2.430911,0.823881,0.513287,0.595720,0.201901,0.125786,0.326769
sample,124,drone,3.097397,3.423517,0.160294,1.922875,2.445614,0.828864,0.516391,0.581428,0.197057,0.122768,0.326769
sample,125,drone,3.122376,3.484787,0.181060,1.935812,2.459958,0.833726,0.519420,0.566993,0.192165,0.119721,0.326769
sample,126,drone,3.147355,3.546411,0.201945,1.948824,2.473940,0.838464,0.522372,0.552419,0.187225,0.116643,0.326769
sample,127,drone,3.172334,3.608380,0.222948,1.961909,2.487556,0.843079,0.525247,0.537709,0.182240,0.113537,0.326769
sample,128,drone,3.197313,3.670685,0.244064,1.975065,2.500802,0.847569,0.528044,0.522868,0.177210,0.110403,0.326769
sample,129,drone,3.222292,3.733315,0.265290,1.988289,2.513677,0.851932,0.530763,0.507899,0.172136,0.107243,0.326769
sample,130,drone,3.247271,3.796263,0.286625,2.001580,2.526176,0.856168,0.533402,0.492807,0.167021,0.104056,0.326769
sample,131,drone,3.272250,3.859518,0.308063,2.014937,2.538297,0.860276,0.535961,0.477595,0.161866,0.100844,0.326769
sample,132,drone,3.297229,3.923071,0.329602,2.028356,2.550036,0.864255,0.538440,0.462267,0.156671,0.097608,0.326769
sample,133,drone,3.322208,3.986913,0.351239,2.041836,2.561391,0.868103,0.540837,0.446828,0.151438,0.094348,0.326769
sample,134,drone,3.347187,4.051033,0.372971,2.055375,2.572358,0.871820,0.543153,0.431282,0.146169,0.091065,0.326769
sample,135,drone,3.372166,4.115423,0.394794,2.068971,2.582937,0.875406,0.545387,0.415631,0.140865,0.087760,0.326769
sample,136,drone,3.397145,4.180072,0.416704,2.082622,2.593123,0.878858,0.547538,0.399881,0.135527,0.084435,0.326769
sample,137,drone,3.422124,4.244970,0.438700,2.096325,2.602914,0.882176,0.549605,0.384035,0.130157,0.081089,0.326769
sample,138,drone,3.447103,4.310108,0.460776,2.110079,2.612308,0.885360,0.551589,0.368098,0.124755,0.077724,0.326769
sample,139,drone,3.472082,4.375476,0.482931,2.123881,2.621303,0.888409,0.553488,0.352072,0.119324,0.074340,0.326769
sample,140,drone,3.497061,4.441063,0.505159,2.137730,2.629897,0.891321,0.555302,0.335963,0.113864,0.070939,0.326769
sample,141,drone,3.522040,4.506860,0.527459,2.151623,2.638087,0.894097,0.557032,0.319774,0.108377,0.067520,0.326769
sample,142,drone,3.547019,4.572857,0.549827,2.165558,2.645872,0.896736,0.558676,0.303509,0.102865,0.064086,0.326769
sample,143,drone,3.571998,4.639043,0.572258,2.179533,2.653250,0.899236,0.560233,0.287172,0.097328,0.060636,0.326769
sample,144,drone,3.596977,4.705408,0.594751,2.193546,2.660219,0.901598,0.561705,0.270767,0.091768,0.057172,0.326769
sample,145,drone,3.621956,4.771942,0.617300,2.207595,2.666777,0.903821,0.563090,0.254298,0.086186,0.053695,0.326769
sample,146,drone,3.646935,4.838635,0.639904,2.221677,2.672923,0.905904,0.564387,0.237769,0.080584,0.050205,0.326769
sample,147,drone,3.671914,4.905476,0.662557,2.235791,2.678655,0.907846,0.565598,0.221184,0.074963,0.046703,0.326769
sample,148,drone,3.696893,4.972455,0.685258,2.249933,2.683973,0.909649,0.566721,0.204547,0.069325,0.043190,0.326769
sample,149,drone,3.721872,5.039562,0.708002,2.264103,2.688874,0.911310,0.567755,0.187861,0.063670,0.039667,0.326769
sample,150,drone,3.746851,5.106786,0.730785,2.278297,2.693358,0.912829,0.568702,0.171132,0.058000,0.036134,0.326769
sample,151,drone,3.771830,5.174117,0.753605,2.292514,2.697424,0.914207,0.569561,0.154362,0.052316,0.032594,0.326769
sample,152,drone,3.796809,5.241544,0.776457,2.306751,2.701070,0.915443,0.570331,0.137556,0.046620,0.029045,0.326769
sample,153,drone,3.821788,5.309057,0.799339,2.321007,2.704296,0.916536,0.571012,0.120718,0.040913,0.025490,0.326769
sample,154,drone,3.846767,5.376645,0.822246,2.335278,2.707101,0.917487,0.571604,0.103851,0.035197,0.021928,0.326769
sample,155,drone,3.871746,5.444298,0.845174,2.349563,2.709484,0.918295,0.572107,0.086960,0.029472,0.018362,0.326769
sample,156,drone,3.896725,5.512005,0.868122,2.363859,2.711445,0.918959,0.572521,0.070049,0.023741,0.014791,0.326769
sample,157,drone,3.921704,5.579756,0.891084,2.378165,2.712983,0.919481,0.572846,0.053121,0.018004,0.011217,0.326769
sample,158,drone,3.946683,5.647541,0.914057,2.392478,2.714099,0.919859,0.573082,0.036181,0.012263,0.007640,0.326769
sample,159,drone,3.971662,5.715347,0.937038,2.406795,2.714791,0.920093,0.573228,0.019233,0.006518,0.004061,0.326769
sample,160,drone,3.996641,5.783166,0.960023,2.421115,2.715060,0.920184,0.573285,0.002280,0.000773,0.000481,0.326769
sample,161,drone,4.021620,5.850986,0.983009,2.435435,2.714905,0.920132,0.573252,-0.014674,-0.004973,-0.003098,0.326769
sample,162,drone,4.046599,5.918797,1.005991,2.449753,2.714327,0.919936,0.573130,-0.031624,-0.010718,-0.006677,0.326769
sample,163,drone,4.071578,5.986589,1.028967,2.464068,2.713325,0.919597,0.572918,-0.048567,-0.016460,-0.010255,0.326769
sample,164,drone,4.096557,6.054350,1.051932,2.478375,2.711900,0.919114,0.572617,-0.065498,-0.022199,-0.013830,0.326769
sample,165,drone,4.121536,6.122070,1.074884,2.492674,2.710053,0.918488,0.572227,-0.082414,-0.027932,-0.017402,0.326769
sample,166,drone,4.146515,6.189739,1.097818,2.506963,2.707783,0.917718,0.571748,-0.099311,-0.033658,-0.020969,0.326769
sample,167,drone,4.171494,6.257345,1.120731,2.521238,2.705091,0.916806,0.571180,-0.116184,-0.039377,-0.024532,0.326769
sample,168,drone,4.196473,6.324880,1.143620,2.535498,2.701979,0.915751,0.570522,-0.133031,-0.045087,-0.028089,0.326769
sample,169,drone,4.221452,6.392331,1.166480,2.549740,2.698445,0.914554,0.569776,-0.149846,-0.050786,-0.031640,0.326769
sample,170,drone,4.246431,6.459689,1.189309,2.563962,2.694493,0.913214,0.568942,-0.166626,-0.056473,-0.035183,0.326769
sample,171,drone,4.271410,6.526942,1.212103,2.578163,2.690121,0.911732,0.568019,-0.183366,-0.062146,-0.038718,0.326769
sample,172,drone,4.296389,6.594082,1.234858,2.592340,2.685332,0.910109,0.567008,-0.200064,-0.067805,-0.042243,0.326769
sample,173,drone,4.321368,6.661096,1.257570,2.606490,2.680126,0.908345,0.565908,-0.216714,-0.073449,-0.045759,0.326769
sample,174,drone,4.346347,6.727976,1.280237,2.620611,2.674505,0.906440,0.564721,-0.233314,-0.079074,-0.049264,0.326769
sample,175,drone,4.371326,6.794709,1.302854,2.634702,2.668470,0.904395,0.563447,-0.249858,-0.084682,-0.052758,0.326769
sample,176,drone,4.396305,6.861287,1.325418,2.648760,2.662023,0.902209,0.562086,-0.266344,-0.090269,-0.056238,0.326769
sample,177,drone,4.421284,6.927699,1.347927,2.662783,2.655164,0.899885,0.560638,-0.282767,-0.095835,-0.059706,0.326769
sample,178,drone,4.446263,6.993934,1.370375,2.676768,2.647897,0.897422,0.559103,-0.299122,-0.101378,-0.063160,0.326769
sample,179,drone,4.471242,7.059982,1.392760,2.690714,2.640221,0.894820,0.557482,-0.315407,-0.106897,-0.066598,0.326769
sample,180,drone,4.496221,7.125834,1.415078,2.704619,2.632139,0.892081,0.555776,-0.331617,-0.112391,-0.070021,0.326769
sample,181,drone,4.521200,7.191479,1.437327,2.718480,2.623654,0.889205,0.553984,-0.347748,-0.117858,-0.073427,0.326769
sample,182,drone,4.546179,7.256906,1.459501,2.732295,2.614767,0.886193,0.552108,-0.363796,-0.123297,-0.076816,0.326769
sample,183,drone,4.571158,7.322107,1.481599,2.746062,2.605479,0.883046,0.550147,-0.379758,-0.128707,-0.080186,0.326769
sample,184,drone,4.596137,7.387071,1.503617,2.759779,2.595795,0.879763,0.548102,-0.395629,-0.134086,-0.083537,0.326769
sample,185,drone,4.621116,7.451788,1.525550,2.773444,2.585715,0.876347,0.545973,-0.411405,-0.139433,-0.086868,0.326769
sample,186,drone,4.646095,7.516248,1.547397,2.787055,2.575242,0.872798,0.543762,-0.427083,-0.144746,-0.090178,0.326769
sample,187,drone,4.671074,7.580442,1.569154,2.800609,2.564378,0.869116,0.541468,-0.442658,-0.150025,-0.093467,0.326769
sample,188,drone,4.696053,7.644359,1.590816,2.814106,2.553127,0.865303,0.539093,-0.458126,-0.155267,-0.096733,0.326769
sample,189,drone,4.721032,7.707991,1.612382,2.827541,2.541491,0.861359,0.536636,-0.473484,-0.160473,-0.099976,0.326769
sample,190,drone,4.746011,7.771327,1.633848,2.840915,2.529473,0.857286,0.534098,-0.488727,-0.165639,-0.103195,0.326769
sample,191,drone,4.770990,7.834359,1.655211,2.854224,2.517075,0.853084,0.531480,-0.503852,-0.170765,-0.106388,0.326769
sample,192,drone,4.795969,7.897075,1.676467,2.867467,2.504302,0.848755,0.528783,-0.518854,-0.175849,-0.109556,0.326769
sample,193,drone,4.820948,7.959469,1.697613,2.880641,2.491155,0.844299,0.526007,-0.533730,-0.180891,-0.112697,0.326769
sample,194,drone,4.845927,8.021529,1.718646,2.893745,2.477637,0.839718,0.523153,-0.548476,-0.185889,-0.115811,0.326769
sample,195,drone,4.870906,8.083246,1.739563,2.906777,2.463754,0.835012,0.520221,-0.563087,-0.190841,-0.118896,0.326769
sample,196,drone,4.895885,8.144613,1.760362,2.919734,2.449507,0.830184,0.517213,-0.577560,-0.195746,-0.121952,0.326769
sample,197,drone,4.920864,8.205619,1.781038,2.932615,2.434900,0.825233,0.514129,-0.591891,-0.200603,-0.124978,0.326769
sample,198,drone,4.945843,8.266256,1.801589,2.945419,2.419937,0.820162,0.510969,-0.606075,-0.205410,-0.127973,0.326769
sample,199,drone,4.970822,8.326514,1.822011,2.958142,2.404622,0.814971,0.507736,-0.620109,-0.210167,-0.130936,0.326769
sample,200,drone,4.995801,8.386386,1.842303,2.970784,2.388958,0.809662,0.504428,-0.633989,-0.214871,-0.133867,0.326769
sample,201,drone,5.020780,8.445862,1.862460,2.983343,2.372949,0.804237,0.501048,-0.647711,-0.219521,-0.136764,0.326769
sample,202,drone,5.045759,8.504934,1.882481,2.995816,2.356599,0.798696,0.497596,-0.661270,-0.224117,-0.139627,0.326769
sample,203,drone,5.070738,8.563593,1.902362,3.008202,2.339913,0.793040,0.494072,-0.674664,-0.228656,-0.142455,0.326769
sample,204,drone,5.095718,8.621831,1.922100,3.020499,2.322894,0.787272,0.490479,-0.687888,-0.233138,-0.145247,0.326769
sample,205,drone,5.120697,8.679640,1.941692,3.032705,2.305548,0.781393,0.486816,-0.700937,-0.237561,-0.148003,0.326769
sample,206,drone,5.145676,8.737012,1.961137,3.044819,2.287877,0.775404,0.483085,-0.713809,-0.241923,-0.150721,0.326769
sample,207,drone,5.170655,8.793938,1.980430,3.056839,2.269887,0.769307,0.479286,-0.726498,-0.246224,-0.153400,0.326769
sample,208,drone,5.195634,8.850411,1.999570,3.068763,2.251583,0.763103,0.475421,-0.739002,-0.250462,-0.156040,0.326769
sample,209,drone,5.220613,8.906422,2.018553,3.080590,2.232968,0.756795,0.471491,-0.751315,-0.254635,-0.158640,0.326769
sample,210,drone,5.245592,8.961965,2.037378,3.092318,2.214048,0.750382,0.467496,-0.763435,-0.258743,-0.161199,0.326769
sample,211,drone,5.270571,9.017032,2.056041,3.103945,2.194828,0.743868,0.463438,-0.775357,-0.262783,-0.163717,0.326769
sample,212,drone,5.295550,9.071615,2.074540,3.115470,2.175313,0.737254,0.459317,-0.787078,-0.266755,-0.166191,0.326769
sample,213,drone,5.320529,9.125706,2.092872,3.126892,2.155508,0.730542,0.455135,-0.798592,-0.270658,-0.168623,0.326769
sample,214,drone,5.345508,9.179299,2.111036,3.138208,2.135417,0.723733,0.450893,-0.809897,-0.274489,-0.171010,0.326769
sample,215,drone,5.370487,9.232387,2.129029,3.149417,2.115047,0.716829,0.446592,-0.820988,-0.278248,-0.173351,0.326769
sample,216,drone,5.395466,9.284963,2.146848,3.160519,2.094402,0.709832,0.442233,-0.831861,-0.281933,-0.175647,0.326769
sample,217,drone,5.420445,9.337019,2.164491,3.171511,2.073489,0.702744,0.437817,-0.842513,-0.285543,-0.177897,0.326769
sample,218,drone,5.445424,9.388550,2.181955,3.182391,2.052312,0.695567,0.433345,-0.852939,-0.289077,-0.180098,0.326769
sample,219,drone,5.470403,9.439549,2.199240,3.193160,2.030877,0.688302,0.428820,-0.863136,-0.292533,-0.182251,0.326769
sample,220,drone,5.495382,9.490009,2.216342,3.203814,2.009191,0.680952,0.424240,-0.873099,-0.295910,-0.184355,0.326769
sample,221,drone,5.520361,9.539924,2.233259,3.214354,1.987259,0.673519,0.419610,-0.882824,-0.299206,-0.186408,0.326769
sample,222,drone,5.545340,9.589288,2.249989,3.224777,1.965087,0.666005,0.414928,-0.892308,-0.302420,-0.188411,0.326769
sample,223,drone,5.570319,9.638096,2.266531,3.235083,1.942681,0.658411,0.410197,-0.901547,-0.305551,-0.190362,0.326769
sample,224,drone,5.595298,9.686341,2.282882,3.245270,1.920048,0.650740,0.405418,-0.910536,-0.308598,-0.192260,0.326769
sample,225,drone,5.620277,9.734018,2.299041,3.255337,1.897193,0.642994,0.400592,-0.919272,-0.311559,-0.194104,0.326769
sample,226,drone,5.645256,9.781121,2.315005,3.265283,1.874123,0.635175,0.395721,-0.927751,-0.314432,-0.195894,0.326769
sample,227,drone,5.670235,9.827645,2.330773,3.275106,1.850844,0.627286,0.390805,-0.935968,-0.317217,-0.197630,0.326769
sample,228,drone,5.695214,9.873585,2.346343,3.284806,1.827364,0.619328,0.385848,-0.943920,-0.319912,-0.199309,0.326769
sample,229,drone,5.720193,9.918937,2.361713,3.294382,1.803688,0.611303,0.380848,-0.951603,-0.322516,-0.200931,0.326769
sample,230,drone,5.745172,9.963694,2.376882,3.303833,1.779823,0.603215,0.375809,-0.959012,-0.325027,-0.202495,0.326769
sample,231,drone,5.770151,10.007853,2.391849,3.313157,1.755777,0.595066,0.370732,-0.966144,-0.327444,-0.204001,0.326769
sample,232,drone,5.795130,10.051409,2.406611,3.322354,1.731557,0.586857,0.365618,-0.972996,-0.329766,-0.205448,0.326769
sample,233,drone,5.820109,10.094358,2.421167,3.331423,1.707168,0.578591,0.360468,-0.979562,-0.331992,-0.206834,0.326769
sample,234,drone,5.845088,10.136696,2.435516,3.340362,1.682620,0.570271,0.355285,-0.985839,-0.334119,-0.208160,0.326769
sample,235,drone,5.870067,10.178419,2.449656,3.349172,1.657918,0.561899,0.350069,-0.991823,-0.336147,-0.209423,0.326769
sample,236,drone,5.895046,10.219522,2.463587,3.357851,1.633070,0.553478,0.344823,-0.997510,-0.338075,-0.210624,0.326769
sample,237,drone,5.920025,10.260003,2.477307,3.366399,1.608084,0.545010,0.339547,-1.002896,-0.339900,-0.211761,0.326769
sample,238,drone,5.945004,10.299859,2.490815,3.374814,1.582968,0.536497,0.334243,-1.007977,-0.341622,-0.212834,0.326769
sample,239,drone,5.969983,10.339085,2.504109,3.383097,1.557728,0.527943,0.328914,-1.012749,-0.343240,-0.213842,0.326769
sample,240,drone,5.994962,10.377680,2.517190,3.391246,1.532373,0.519350,0.323560,-1.017208,-0.344751,-0.214783,0.326769
sample,241,drone,6.019941,10.415640,2.530055,3.399261,1.506910,0.510720,0.318184,-1.021351,-0.346155,-0.215658,0.326769
sample,242,drone,6.044920,10.452962,2.542704,3.407142,1.481348,0.502057,0.312786,-1.025172,-0.347450,-0.216465,0.326769
sample,243,drone,6.069899,10.489645,2.555137,3.414887,1.455694,0.493362,0.307370,-1.028669,-0.348635,-0.217203,0.326769
sample,244,drone,6.094878,10.525686,2.567352,3.422497,1.429958,0.484639,0.301935,-1.031837,-0.349709,-0.217872,0.326769
sample,245,drone,6.119857,10.561083,2.579348,3.429971,1.404146,0.475891,0.296485,-1.034672,-0.350670,-0.218471,0.326769
sample,246,drone,6.144836,10.595834,2.591126,3.437309,1.378268,0.467121,0.291021,-1.037171,-0.351517,-0.218999,0.326769
sample,247,drone,6.169815,10.629938,2.602685,3.444510,1.352331,0.458330,0.285545,-1.039329,-0.352248,-0.219454,0.326769
sample,248,drone,6.194794,10.663394,2.614024,3.451574,1.326345,0.449523,0.280058,-1.041143,-0.352863,-0.219837,0.326769
sample,249,drone,6.219773,10.696200,2.625142,3.458501,1.300317,0.440702,0.274562,-1.042607,-0.353359,-0.220146,0.326769
sample,250,drone,6.244752,10.728355,2.636040,3.465291,1.274258,0.431870,0.269059,-1.043720,-0.353736,-0.220381,0.326769
sample,251,drone,6.269731,10.759859,2.646718,3.471943,1.248175,0.423030,0.263552,-1.044475,-0.353992,-0.220541,0.326769
sample,252,drone,6.294710,10.790711,2.657174,3.478457,1.222078,0.414185,0.258042,-1.044871,-0.354126,-0.220624,0.326769
sample,253,drone,6.319689,10.820912,2.667409,3.484834,1.195976,0.405339,0.252530,-1.044902,-0.354137,-0.220631,0.326769
sample,254,drone,6.344668,10.850460,2.677424,3.491073,1.169877,0.396493,0.247019,-1.044564,-0.354022,-0.220560,0.326769
sample,255,drone,6.369647,10.879357,2.687217,3.497175,1.143791,0.387652,0.241511,-1.043854,-0.353782,-0.220410,0.326769
sample,256,drone,6.394626,10.907602,2.696790,3.503139,1.117728,0.378819,0.236008,-1.042768,-0.353413,-0.220180,0.326769
sample,257,drone,6.419605,10.935196,2.706142,3.508965,1.091697,0.369996,0.230512,-1.041301,-0.352916,-0.219871,0.326769
sample,258,drone,6.444584,10.962141,2.715274,3.514655,1.065707,0.361188,0.225024,-1.039450,-0.352289,-0.219480,0.326769
sample,259,drone,6.469563,10.988437,2.724187,3.520207,1.039768,0.352397,0.219547,-1.037211,-0.351530,-0.219007,0.326769
sample,260,drone,6.494542,11.014085,2.732880,3.525623,1.013890,0.343626,0.214083,-1.034579,-0.350638,-0.218451,0.326769
sample,261,drone,6.519521,11.039089,2.741354,3.530902,0.988082,0.334880,0.208633,-1.031552,-0.349612,-0.217812,0.326769
sample,262,drone,6.544500,11.063448,2.749609,3.536046,0.962355,0.326160,0.203201,-1.028124,-0.348450,-0.217088,0.326769
sample,263,drone,6.569479,11.087166,2.757648,3.541054,0.936719,0.317472,0.197788,-1.024292,-0.347152,-0.216279,0.326769
sample,264,drone,6.594458,11.110245,2.765470,3.545927,0.911184,0.308817,0.192396,-1.020052,-0.345715,-0.215384,0.326769
sample,265,drone,6.619437,11.132687,2.773076,3.550665,0.885759,0.300200,0.187028,-1.015400,-0.344138,-0.214402,0.326769
sample,266,drone,6.644416,11.154495,2.780467,3.555270,0.860456,0.291625,0.181685,-1.010332,-0.342420,-0.213332,0.326769
sample,267,drone,6.669395,11.175674,2.787645,3.559742,0.835285,0.283094,0.176370,-1.004844,-0.340560,-0.212173,0.326769
sample,268,drone,6.694374,11.196225,2.794610,3.564081,0.810256,0.274611,0.171086,-0.998932,-0.338557,-0.210924,0.326769
sample,269,drone,6.719353,11.216152,2.801364,3.568289,0.785381,0.266180,0.165833,-0.992592,-0.336408,-0.209586,0.326769
sample,270,drone,6.744332,11.235461,2.807908,3.572366,0.760669,0.257805,0.160615,-0.985820,-0.334113,-0.208156,0.326769
sample,271,drone,6.769311,11.254154,2.814243,3.576313,0.736131,0.249489,0.155434,-0.978612,-0.331670,-0.206634,0.326769
sample,272,drone,6.794290,11.272236,2.820372,3.580131,0.711779,0.241235,0.150292,-0.970965,-0.329078,-0.205019,0.326769
sample,273,drone,6.819269,11.289713,2.826295,3.583822,0.687624,0.233048,0.145192,-0.962874,-0.326336,-0.203311,0.326769
sample,274,drone,6.844248,11.306589,2.832014,3.587385,0.663676,0.224932,0.140135,-0.954335,-0.323442,-0.201508,0.326769
sample,275,drone,6.869227,11.322869,2.837532,3.590822,0.639947,0.216890,0.135125,-0.945344,-0.320395,-0.199609,0.326769
sample,276,drone,6.894206,11.338559,2.842850,3.594135,0.616448,0.208926,0.130163,-0.935897,-0.317193,-0.197615,0.326769
sample,277,drone,6.919185,11.353665,2.847970,3.597325,0.593191,0.201044,0.125252,-0.925991,-0.313836,-0.195523,0.326769
sample,278,drone,6.944164,11.368194,2.852893,3.600393,0.570188,0.193247,0.120395,-0.915621,-0.310321,-0.193333,0.326769
sample,279,drone,6.969143,11.382151,2.857624,3.603340,0.547449,0.185541,0.115594,-0.904784,-0.306648,-0.191045,0.326769
sample,280,drone,6.994122,11.395543,2.862163,3.606168,0.524986,0.177928,0.110851,-0.893475,-0.302815,-0.188657,0.326769
sample,281,drone,7.019101,11.408378,2.866513,3.608878,0.502812,0.170413,0.106169,-0.881690,-0.298821,-0.186169,0.326769
sample,282,drone,7.044080,11.420663,2.870676,3.611472,0.480939,0.162999,0.101550,-0.869426,-0.294665,-0.183579,0.326769
sample,283,drone,7.069059,11.432405,2.874656,3.613951,0.459378,0.155692,0.096998,-0.856679,-0.290344,-0.180888,0.326769
sample,284,drone,7.094038,11.443612,2.878454,3.616317,0.438141,0.148494,0.092513,-0.843444,-0.285859,-0.178093,0.326769
sample,285,drone,7.119017,11.454293,2.882074,3.618573,0.417241,0.141411,0.088100,-0.829717,-0.281207,-0.175195,0.326769
sample,286,drone,7.143996,11.464457,2.885519,3.620719,0.396690,0.134446,0.083761,-0.815496,-0.276387,-0.172192,0.326769
sample,287,drone,7.168975,11.474111,2.888791,3.622757,0.376500,0.127603,0.079498,-0.800775,-0.271397,-0.169083,0.326769
sample,288,drone,7.193954,11.483266,2.891894,3.624690,0.356685,0.120887,0.075314,-0.785550,-0.266238,-0.165869,0.326769
sample,289,drone,7.218933,11.491931,2.894830,3.626520,0.337256,0.114302,0.071212,-0.769819,-0.260906,-0.162547,0.326769
sample,290,drone,7.243912,11.500115,2.897604,3.628248,0.318226,0.107853,0.067193,-0.753576,-0.255401,-0.159117,0.326769
sample,291,drone,7.268891,11.507829,2.900218,3.629877,0.299609,0.101543,0.063262,-0.736818,-0.249721,-0.155579,0.326769
sample,292,drone,7.293870,11.515083,2.902677,3.631408,0.281416,0.095377,0.059421,-0.719540,-0.243866,-0.151931,0.326769
sample,293,drone,7.318849,11.521888,2.904983,3.632845,0.263662,0.089360,0.055672,-0.701740,-0.237833,-0.148172,0.326769
sample,294,drone,7.343828,11.528255,2.907141,3.634190,0.246359,0.083496,0.052019,-0.683412,-0.231621,-0.144302,0.326769
sample,295,drone,7.368807,11.534195,2.909154,3.635444,0.229520,0.077789,0.048463,-0.664554,-0.225230,-0.140320,0.326769
sample,296,drone,7.393786,11.539721,2.911027,3.636611,0.213159,0.072244,0.045008,-0.645160,-0.218657,-0.136225,0.326769
sample,297,drone,7.418765,11.544844,2.912764,3.637692,0.197289,0.066865,0.041658,-0.625228,-0.211901,-0.132017,0.326769
sample,298,drone,7.443744,11.549577,2.914368,3.638692,0.181924,0.061657,0.038413,-0.604752,-0.204962,-0.127693,0.326769
sample,299,drone,7.468723,11.553933,2.915844,3.639611,0.167077,0.056625,0.035278,-0.583729,-0.197837,-0.123254,0.326769
sample,300,drone,7.493702,11.557924,2.917197,3.640454,0.152762,0.051774,0.032256,-0.562156,-0.190525,-0.118699,0.326769
sample,301,drone,7.518681,11.561564,2.918430,3.641223,0.138993,0.047107,0.029348,-0.540028,-0.183025,-0.114027,0.326769
sample,302,drone,7.543660,11.564868,2.919550,3.641920,0.125783,0.042630,0.026559,-0.517340,-0.175336,-0.109236,0.326769
sample,303,drone,7.568639,11.567848,2.920560,3.642550,0.113147,0.038348,0.023891,-0.494090,-0.167456,-0.104327,0.326769
sample,304,drone,7.593618,11.570520,2.921466,3.643114,0.101099,0.034264,0.021347,-0.470274,-0.159384,-0.099298,0.326769
sample,305,drone,7.618597,11.572899,2.922272,3.643616,0.089653,0.030385,0.018930,-0.445886,-0.151119,-0.094149,0.326769
sample,306,drone,7.643576,11.574999,2.922984,3.644060,0.078824,0.026715,0.016644,-0.420924,-0.142659,-0.088878,0.326769
sample,307,drone,7.668555,11.576837,2.923607,3.644448,0.068625,0.023258,0.014490,-0.395383,-0.134003,-0.083485,0.326769
sample,308,drone,7.693534,11.578428,2.924146,3.644784,0.059071,0.020020,0.012473,-0.369259,-0.125149,-0.077969,0.326769
sample,309,drone,7.718513,11.579788,2.924607,3.645071,0.050177,0.017006,0.010595,-0.342549,-0.116096,-0.072329,0.326769
sample,310,drone,7.743492,11.580934,2.924995,3.645313,0.041958,0.014220,0.008859,-0.315248,-0.106844,-0.066565,0.326769
sample,311,drone,7.768471,11.581884,2.925317,3.645513,0.034428,0.011668,0.007270,-0.287353,-0.097389,-0.060675,0.326769
sample,312,drone,7.793450,11.582654,2.925578,3.645676,0.027603,0.009355,0.005828,-0.258859,-0.087732,-0.054658,0.326769
sample,313,drone,7.818429,11.583263,2.925784,3.645805,0.021496,0.007285,0.004539,-0.229763,-0.077871,-0.048514,0.326769
sample,314,drone,7.843408,11.583728,2.925942,3.645903,0.016124,0.005465,0.003405,-0.200060,-0.067804,-0.042243,0.326769
sample,315,drone,7.868387,11.584069,2.926057,3.645975,0.011502,0.003898,0.002429,-0.169747,-0.057530,-0.035842,0.326769
sample,316,drone,7.893366,11.584303,2.926137,3.646024,0.007644,0.002591,0.001614,-0.138819,-0.047048,-0.029312,0.326769
sample,317,drone,7.918345,11.584450,2.926187,3.646055,0.004566,0.001548,0.000964,-0.107273,-0.036357,-0.022651,0.326769
sample,318,drone,7.943324,11.584531,2.926214,3.646072,0.002285,0.000774,0.000482,-0.075105,-0.025454,-0.015858,0.326769
sample,319,drone,7.968303,11.584565,2.926226,3.646079,0.000814,0.000276,0.000172,-0.044060,-0.014701,-0.009234,0.326769
sample,320,drone,7.993282,11.584572,2.926228,3.646081,0.000084,0.000040,0.000021,-0.032045,-0.007802,-0.005848,0.445520
sample,321,drone,8.018261,11.584569,2.926228,3.646080,-0.000787,-0.000114,-0.000120,-0.061984,-0.009541,-0.009647,-2.997977
sample,322,drone,8.043240,11.584532,2.926222,3.646075,-0.003013,-0.000437,-0.000461,-0.124228,-0.018012,-0.019002,-2.997646
sample,323,drone,8.068219,11.584418,2.926206,3.646057,-0.006993,-0.001014,-0.001070,-0.193515,-0.028050,-0.029598,-2.997646
sample,324,drone,8.093198,11.584183,2.926172,3.646021,-0.012681,-0.001838,-0.001939,-0.260912,-0.037819,-0.039906,-2.997646
sample,325,drone,8.118177,11.583785,2.926114,3.645961,-0.020027,-0.002903,-0.003063,-0.326352,-0.047305,-0.049915,-2.997646
sample,326,drone,8.143156,11.583182,2.926027,3.645868,-0.028984,-0.004201,-0.004433,-0.389854,-0.056509,-0.059627,-2.997646
sample,327,drone,8.168135,11.582337,2.925904,3.645739,-0.039504,-0.005726,-0.006042,-0.451434,-0.065435,-0.069046,-2.997646
sample,328,drone,8.193114,11.581209,2.925741,3.645567,-0.051537,-0.007470,-0.007882,-0.511113,-0.074085,-0.078173,-2.997646
sample,329,drone,8.218093,11.579762,2.925531,3.645345,-0.065038,-0.009427,-0.009947,-0.568908,-0.082463,-0.087013,-2.997646
sample,330,drone,8.243072,11.577960,2.925270,3.645070,-0.079959,-0.011590,-0.012229,-0.624839,-0.090570,-0.095568,-2.997646
sample,331,drone,8.268051,11.575767,2.924952,3.644734,-0.096254,-0.013952,-0.014722,-0.678923,-0.098409,-0.103840,-2.997646
sample,332,drone,8.293030,11.573151,2.924573,3.644334,-0.113876,-0.016506,-0.017417,-0.731179,-0.105984,-0.111832,-2.997646
sample,333,drone,8.318009,11.570078,2.924127,3.643864,-0.132782,-0.019247,-0.020309,-0.781626,-0.113296,-0.119548,-2.997646
sample,334,drone,8.342988,11.566518,2.923611,3.643320,-0.152925,-0.022166,-0.023389,-0.830283,-0.120349,-0.126990,-2.997646
sample,335,drone,8.367967,11.562439,2.923020,3.642696,-0.174261,-0.025259,-0.026653,-0.877167,-0.127145,-0.134161,-2.997646
sample,336,drone,8.392946,11.557812,2.922349,3.641988,-0.196746,-0.028518,-0.030092,-0.922298,-0.133686,-0.141063,-2.997646
sample,337,drone,8.417925,11.552609,2.921595,3.641192,-0.220337,-0.031938,-0.033700,-0.965694,-0.139977,-0.147700,-2.997646
sample,338,drone,8.442904,11.546804,2.920754,3.640304,-0.244991,-0.035511,-0.037471,-1.007373,-0.146018,-0.154075,-2.997646
sample,339,drone,8.467883,11.540370,2.919821,3.639320,-0.270664,-0.039232,-0.041397,-1.047354,-0.151813,-0.160190,-2.997646
sample,340,drone,8.492863,11.533282,2.918794,3.638236,-0.297314,-0.043095,-0.045473,-1.085656,-0.157365,-0.166048,-2.997646
sample,341,drone,8.517842,11.525517,2.917668,3.637049,-0.324901,-0.047094,-0.049693,-1.122297,-0.162676,-0.171653,-2.997646
sample,342,drone,8.542821,11.517051,2.916441,3.635754,-0.353382,-0.051222,-0.054049,-1.157296,-0.167749,-0.177006,-2.997646
sample,343,drone,8.567800,11.507863,2.915109,3.634348,-0.382717,-0.055475,-0.058536,-1.190671,-0.172587,-0.182110,-2.997646
sample,344,drone,8.592779,11.497931,2.913670,3.632829,-0.412866,-0.059845,-0.063147,-1.222440,-0.177192,-0.186969,-2.997646
sample,345,drone,8.617758,11.487237,2.912119,3.631194,-0.443788,-0.064327,-0.067876,-1.252623,-0.181567,-0.191586,-2.997646
sample,346,drone,8.642737,11.475761,2.910456,3.629439,-0.475444,-0.068915,-0.072718,-1.281238,-0.185714,-0.195962,-2.997646
sample,347,drone,8.667716,11.463485,2.908677,3.627561,-0.507796,-0.073605,-0.077666,-1.308303,-0.189638,-0.200102,-2.997646
sample,348,drone,8.692695,11.450392,2.906779,3.625558,-0.540804,-0.078389,-0.082715,-1.333837,-0.193339,-0.204007,-2.997646
sample,349,drone,8.717674,11.436467,2.904760,3.623429,-0.574432,-0.083263,-0.087858,-1.357858,-0.196821,-0.207681,-2.997646
sample,350,drone,8.742653,11.421695,2.902619,3.621169,-0.608640,-0.088222,-0.093090,-1.380386,-0.200086,-0.211127,-2.997646
sample,351,drone,8.767632,11.406061,2.900353,3.618778,-0.643393,-0.093259,-0.098405,-1.401438,-0.203137,-0.214346,-2.997646
sample,352,drone,8.792611,11.389552,2.897960,3.616253,-0.678653,-0.098370,-0.103798,-1.421033,-0.205978,-0.217344,-2.997646
sample,353,drone,8.817590,11.372156,2.895439,3.613593,-0.714385,-0.103550,-0.109263,-1.439190,-0.208609,-0.220121,-2.997646
sample,354,drone,8.842569,11.353863,2.892787,3.610795,-0.750552,-0.108792,-0.114795,-1.455927,-0.211036,-0.222680,-2.997646
sample,355,drone,8.867548,11.334660,2.890004,3.607858,-0.787120,-0.114092,-0.120388,-1.471263,-0.213258,-0.225026,-2.997646
sample,356,drone,8.892527,11.314540,2.887087,3.604780,-0.824054,-0.119446,-0.126037,-1.485215,-0.215281,-0.227160,-2.997646
sample,357,drone,8.917506,11.293492,2.884036,3.601561,-0.861319,-0.124847,-0.131737,-1.497804,-0.217106,-0.229085,-2.997646
sample,358,drone,8.942485,11.271510,2.880850,3.598199,-0.898881,-0.130292,-0.137482,-1.509047,-0.218735,-0.230805,-2.997646
sample,359,drone,8.967464,11.248586,2.877527,3.594693,-0.936708,-0.135775,-0.143267,-1.518963,-0.220173,-0.232322,-2.997646
sample,360,drone,8.992443,11.224714,2.874067,3.591042,-0.974766,-0.141292,-0.149088,-1.527571,-0.221420,-0.233638,-2.997646
sample,361,drone,9.017422,11.199889,2.870468,3.587245,-1.013022,-0.146837,-0.154939,-1.534888,-0.222481,-0.234757,-2.997646
sample,362,drone,9.042401,11.174105,2.866731,3.583301,-1.051445,-0.152406,-0.160816,-1.540934,-0.223357,-0.235682,-2.997646
sample,363,drone,9.067380,11.147360,2.862855,3.579211,-1.090004,-0.157995,-0.166713,-1.545727,-0.224052,-0.236415,-2.997646
sample,364,drone,9.092359,11.119651,2.858838,3.574972,-1.128667,-0.163599,-0.172627,-1.549285,-0.224568,-0.236959,-2.997646
sample,365,drone,9.117338,11.090974,2.854681,3.570586,-1.167403,-0.169214,-0.178551,-1.551628,-0.224907,-0.237318,-2.997646
sample,366,drone,9.142317,11.061330,2.850384,3.566052,-1.206183,-0.174835,-0.184483,-1.552773,-0.225073,-0.237493,-2.997646
sample,367,drone,9.167296,11.030716,2.845947,3.561370,-1.244977,-0.180458,-0.190416,-1.552740,-0.225068,-0.237488,-2.997646
sample,368,drone,9.192275,10.999133,2.841369,3.556540,-1.283755,-0.186079,-0.196347,-1.551546,-0.224895,-0.237305,-2.997646
sample,369,drone,9.217254,10.966582,2.836651,3.551561,-1.322489,-0.191694,-0.202271,-1.549211,-0.224557,-0.236948,-2.997646
sample,370,drone,9.242233,10.933064,2.831793,3.546434,-1.361150,-0.197298,-0.208185,-1.545753,-0.224056,-0.236419,-2.997646
sample,371,drone,9.267212,10.898582,2.826794,3.541160,-1.399712,-0.202887,-0.214082,-1.541189,-0.223394,-0.235721,-2.997646
sample,372,drone,9.292191,10.863137,2.821657,3.535739,-1.438145,-0.208458,-0.219961,-1.535540,-0.222575,-0.234857,-2.997646
sample,373,drone,9.317170,10.826735,2.816380,3.530172,-1.476424,-0.214007,-0.225815,-1.528824,-0.221602,-0.233830,-2.997646
sample,374,drone,9.342149,10.789378,2.810965,3.524458,-1.514522,-0.219529,-0.231642,-1.521058,-0.220476,-0.232642,-2.997646
sample,375,drone,9.367128,10.751072,2.805413,3.518599,-1.552413,-0.225021,-0.237438,-1.512262,-0.219201,-0.231297,-2.997646
sample,376,drone,9.392107,10.711823,2.799724,3.512596,-1.590072,-0.230480,-0.243198,-1.502454,-0.217780,-0.229797,-2.997646
sample,377,drone,9.417086,10.671635,2.793899,3.506450,-1.627473,-0.235901,-0.248918,-1.491653,-0.216214,-0.228145,-2.997646
sample,378,drone,9.442065,10.630517,2.787939,3.500161,-1.664592,-0.241281,-0.254595,-1.479877,-0.214507,-0.226344,-2.997646
sample,379,drone,9.467044,10.588476,2.781845,3.493731,-1.701405,-0.246617,-0.260226,-1.467144,-0.212661,-0.224396,-2.997646
sample,380,drone,9.492023,10.545519,2.775618,3.487160,-1.737887,-0.251905,-0.265806,-1.453474,-0.210680,-0.222305,-2.997646
sample,381,drone,9.517002,10.501654,2.769260,3.480451,-1.774017,-0.257142,-0.271332,-1.438885,-0.208565,-0.220074,-2.997646
sample,382,drone,9.541981,10.456892,2.762772,3.473605,-1.809771,-0.262325,-0.276800,-1.423395,-0.206320,-0.217705,-2.997646
sample,383,drone,9.566960,10.411242,2.756155,3.466623,-1.845127,-0.267450,-0.282208,-1.407023,-0.203947,-0.215201,-2.997646
sample,384,drone,9.591939,10.364713,2.749410,3.459507,-1.880063,-0.272514,-0.287551,-1.389788,-0.201449,-0.212565,-2.997646
sample,385,drone,9.616918,10.317318,2.742540,3.452258,-1.914558,-0.277514,-0.292827,-1.371707,-0.198828,-0.209799,-2.997646
sample,386,drone,9.641897,10.269066,2.735546,3.444878,-1.948591,-0.282447,-0.298032,-1.352800,-0.196087,-0.206907,-2.997646
sample,387,drone,9.666876,10.219970,2.728430,3.437368,-1.982142,-0.287310,-0.303164,-1.333085,-0.193230,-0.203892,-2.997646
sample,388,drone,9.691855,10.170042,2.721193,3.429732,-2.015190,-0.292100,-0.308218,-1.312581,-0.190258,-0.200756,-2.997646
sample,389,drone,9.716834,10.119295,2.713837,3.421970,-2.047716,-0.296815,-0.313193,-1.291306,-0.187174,-0.197502,-2.997646
sample,390,drone,9.741813,10.067742,2.706365,3.414086,-2.079701,-0.301451,-0.318085,-1.269279,-0.183981,-0.194133,-2.997646
sample,391,drone,9.766792,10.015397,2.698777,3.406080,-2.111126,-0.306006,-0.322892,-1.246518,-0.180682,-0.190652,-2.997646
sample,392,drone,9.791771,9.962274,2.691077,3.397955,-2.141974,-0.310478,-0.327610,-1.223041,-0.177279,-0.187061,-2.997646
sample,393,drone,9.816750,9.908388,2.683267,3.389713,-2.172227,-0.314863,-0.332237,-1.198868,-0.173775,-0.183364,-2.997646
sample,394,drone,9.841729,9.853754,2.675347,3.381357,-2.201867,-0.319159,-0.336770,-1.174017,-0.170173,-0.179563,-2.997646
sample,395,drone,9.866708,9.798388,2.667322,3.372888,-2.230878,-0.323364,-0.341207,-1.148506,-0.166475,-0.175661,-2.997646
sample,396,drone,9.891687,9.742304,2.659193,3.364311,-2.259244,-0.327476,-0.345546,-1.122354,-0.162684,-0.171661,-2.997646
sample,397,drone,9.916666,9.685520,2.650962,3.355626,-2.286949,-0.331492,-0.349783,-1.095580,-0.158804,-0.167566,-2.997646
sample,398,drone,9.941645,9.628053,2.642632,3.346836,-2.313977,-0.335409,-0.353917,-1.068202,-0.154835,-0.163379,-2.997646
sample,399,drone,9.966624,9.569918,2.634206,3.337945,-2.340314,-0.339227,-0.357945,-1.040238,-0.150782,-0.159102,-2.997646
sample,400,drone,9.991603,9.511135,2.625685,3.328954,-2.365946,-0.342942,-0.361866,-1.011708,-0.146646,-0.154738,-2.997646
sample,401,drone,10.016582,9.451721,2.617073,3.319867,-2.390857,-0.346553,-0.365676,-0.982629,-0.142431,-0.150291,-2.997646
sample,402,drone,10.041561,9.391693,2.608372,3.310685,-2.415036,-0.350058,-0.369374,-0.953020,-0.138140,-0.145762,-2.997646
sample,403,drone,10.066540,9.331070,2.599585,3.301413,-2.438468,-0.353454,-0.372958,-0.922901,-0.133774,-0.141155,-2.997646
sample,404,drone,10.091519,9.269872,2.590714,3.292053,-2.461142,-0.356741,-0.376426,-0.892288,-0.129336,-0.136473,-2.997646
sample,405,drone,10.116498,9.208116,2.581763,3.282608,-2.483045,-0.359916,-0.379776,-0.861201,-0.124830,-0.131719,-2.997646
sample,406,drone,10.141477,9.145824,2.572733,3.273080,-2.504166,-0.362977,-0.383006,-0.829659,-0.120258,-0.126894,-2.997646
sample,407,drone,10.166456,9.083013,2.563629,3.263474,-2.524493,-0.365923,-0.386115,-0.797680,-0.115623,-0.122003,-2.997646
sample,408,drone,10.191435,9.019705,2.554453,3.253791,-2.544016,-0.368753,-0.389101,-0.765282,-0.110927,-0.117048,-2.997646
sample,409,drone,10.216414,8.955919,2.545207,3.244035,-2.562725,-0.371465,-0.391963,-0.732484,-0.106173,-0.112032,-2.997646
sample,410,drone,10.241393,8.891676,2.535895,3.234209,-2.580610,-0.374057,-0.394698,-0.699305,-0.101364,-0.106957,-2.997646
sample,411,drone,10.266372,8.826997,2.526520,3.224317,-2.597661,-0.376529,-0.397306,-0.665762,-0.096502,-0.101827,-2.997646
sample,412,drone,10.291351,8.761902,2.517084,3.214361,-2.613870,-0.378878,-0.399785,-0.631876,-0.091590,-0.096644,-2.997646
sample,413,drone,10.316330,8.696413,2.507592,3.204344,-2.629228,-0.381105,-0.402134,-0.597663,-0.086631,-0.091411,-2.997646
sample,414,drone,10.341309,8.630551,2.498045,3.194271,-2.643728,-0.383206,-0.404352,-0.563144,-0.081627,-0.086131,-2.997646
sample,415,drone,10.366288,8.564338,2.488447,3.184144,-2.657362,-0.385183,-0.406437,-0.528335,-0.076582,-0.080808,-2.997646
sample,416,drone,10.391267,8.497795,2.478802,3.173966,-2.670123,-0.387032,-0.408389,-0.493257,-0.071497,-0.075442,-2.997646
sample,417,drone,10.416246,8.430944,2.469112,3.163741,-2.682004,-0.388754,-0.410206,-0.457927,-0.066376,-0.070039,-2.997646
sample,418,drone,10.441225,8.363807,2.459381,3.153473,-2.693000,-0.390348,-0.411888,-0.422363,-0.061221,-0.064599,-2.997646
sample,419,drone,10.466204,8.296407,2.449611,3.143164,-2.703104,-0.391813,-0.413433,-0.386585,-0.056035,-0.059127,-2.997646
sample,420,drone,10.491183,8.228765,2.439806,3.132819,-2.712313,-0.393148,-0.414842,-0.350611,-0.050821,-0.053625,-2.997646
sample,421,drone,10.516162,8.160905,2.429970,3.122440,-2.720620,-0.394352,-0.416112,-0.314460,-0.045581,-0.048096,-2.997646
sample,422,drone,10.541141,8.092849,2.420105,3.112030,-2.728023,-0.395425,-0.417244,-0.278150,-0.040318,-0.042542,-2.997646
sample,423,drone,10.566120,8.024619,2.410215,3.101595,-2.734516,-0.396366,-0.418238,-0.241699,-0.035034,-0.036967,-2.997646
sample,424,drone,10.591099,7.956238,2.400304,3.091136,-2.740097,-0.397175,-0.419091,-0.205126,-0.029733,-0.031374,-2.997646
sample,425,drone,10.616078,7.887729,2.390373,3.080658,-2.744764,-0.397851,-0.419805,-0.168451,-0.024417,-0.025764,-2.997646
sample,426,drone,10.641057,7.819115,2.380428,3.070164,-2.748513,-0.398395,-0.420378,-0.131690,-0.019088,-0.020142,-2.997646
sample,427,drone,10.666036,7.750418,2.370470,3.059657,-2.751343,-0.398805,-0.420811,-0.094863,-0.013750,-0.014509,-2.997646
sample,428,drone,10.691015,7.681663,2.360504,3.049141,-2.753252,-0.399082,-0.421103,-0.057989,-0.008405,-0.008869,-2.997646
sample,429,drone,10.715994,7.612871,2.350533,3.038619,-2.754240,-0.399225,-0.421254,-0.021085,-0.003056,-0.003225,-2.997646
sample,430,drone,10.740973,7.544067,2.340560,3.028096,-2.754305,-0.399235,-0.421264,0.015829,0.002294,0.002421,-2.997646
sample,431,drone,10.765952,7.475272,2.330588,3.017574,-2.753449,-0.399110,-0.421133,0.052736,0.007644,0.008066,-2.997646
sample,432,drone,10.790931,7.406510,2.320621,3.007057,-2.751671,-0.398853,-0.420861,0.089615,0.012990,0.013706,-2.997646
sample,433,drone,10.815910,7.337804,2.310662,2.996548,-2.748972,-0.398461,-0.420448,0.126450,0.018329,0.019340,-2.997646
sample,434,drone,10.840889,7.269177,2.300715,2.986052,-2.745354,-0.397937,-0.419895,0.163221,0.023659,0.024964,-2.997646
sample,435,drone,10.865868,7.200651,2.290782,2.975571,-2.740818,-0.397279,-0.419201,0.199910,0.028977,0.030576,-2.997646
sample,436,drone,10.890847,7.132251,2.280867,2.965109,-2.735367,-0.396489,-0.418368,0.236499,0.034280,0.036172,-2.997646
sample,437,drone,10.915826,7.063998,2.270974,2.954670,-2.729003,-0.395567,-0.417394,0.272968,0.039566,0.041750,-2.997646
sample,438,drone,10.940805,6.995915,2.261106,2.944257,-2.721730,-0.394513,-0.416282,0.309299,0.044833,0.047307,-2.997646
sample,439,drone,10.965784,6.928026,2.251265,2.933874,-2.713551,-0.393327,-0.415031,0.345474,0.050076,0.052839,-2.997646
sample,440,drone,10.990763,6.860352,2.241456,2.923523,-2.704470,-0.392011,-0.413642,0.381475,0.055294,0.058346,-2.997646
sample,441,drone,11.015742,6.792916,2.231681,2.913209,-2.694493,-0.390565,-0.412116,0.417282,0.060485,0.063822,-2.997646
sample,442,drone,11.040721,6.725740,2.221944,2.902935,-2.683624,-0.388989,-0.410454,0.452877,0.065644,0.069266,-2.997646
sample,443,drone,11.065700,6.658847,2.212248,2.892704,-2.671868,-0.387285,-0.408656,0.488241,0.070770,0.074675,-2.997646
sample,444,drone,11.090679,6.592259,2.202596,2.882519,-2.659232,-0.385454,-0.406723,0.523357,0.075860,0.080046,-2.997646
sample,445,drone,11.115658,6.525997,2.192991,2.872384,-2.645722,-0.383495,-0.404657,0.558205,0.080911,0.085376,-2.997646
sample,446,drone,11.140637,6.460084,2.183437,2.862303,-2.631345,-0.381412,-0.402458,0.592767,0.085921,0.090662,-2.997646
sample,447,drone,11.165616,6.394540,2.173937,2.852278,-2.616109,-0.379203,-0.400127,0.627024,0.090887,0.095902,-2.997646
sample,448,drone,11.190595,6.329388,2.164493,2.842314,-2.600021,-0.376871,-0.397667,0.660958,0.095805,0.101092,-2.997646
sample,449,drone,11.215574,6.264649,2.155109,2.832412,-2.583089,-0.374417,-0.395077,0.694551,0.100675,0.106230,-2.997646
sample,450,drone,11.240553,6.200342,2.145788,2.822576,-2.565322,-0.371842,-0.392360,0.727783,0.105492,0.111313,-2.997646
sample,451,drone,11.265532,6.136490,2.136533,2.812810,-2.546730,-0.369147,-0.389516,0.760636,0.110254,0.116337,-2.997646
sample,452,drone,11.290511,6.073113,2.127346,2.803117,-2.527322,-0.366333,-0.386548,0.793092,0.114958,0.121301,-2.997646
sample,453,drone,11.315490,6.010230,2.118231,2.793499,-2.507109,-0.363404,-0.383456,0.825132,0.119602,0.126202,-2.997646
sample,454,drone,11.340469,5.947863,2.109191,2.783960,-2.486100,-0.360358,-0.380243,0.856738,0.124183,0.131036,-2.997646
sample,455,drone,11.365448,5.886030,2.100229,2.774503,-2.464308,-0.357200,-0.376910,0.887890,0.128699,0.135801,-2.997646
sample,456,drone,11.390427,5.824751,2.091346,2.765130,-2.441743,-0.353929,-0.373459,0.918572,0.133146,0.140493,-2.997646
sample,457,drone,11.415406,5.764045,2.082547,2.755846,-2.418418,-0.350548,-0.369891,0.948763,0.137522,0.145111,-2.997646
sample,458,drone,11.440385,5.703931,2.073834,2.746651,-2.394345,-0.347058,-0.366209,0.978445,0.141825,0.149651,-2.997646
sample,459,drone,11.465364,5.644428,2.065209,2.737551,-2.369537,-0.343463,-0.362415,1.007601,0.146051,0.154110,-2.997646
sample,460,drone,11.490343,5.585554,2.056675,2.728546,-2.344007,-0.339762,-0.358510,1.036210,0.150198,0.158486,-2.997646
sample,461,drone,11.515322,5.527326,2.048235,2.719640,-2.317770,-0.335959,-0.354497,1.064256,0.154263,0.162775,-2.997646
sample,462,drone,11.540301,5.469763,2.039891,2.710836,-2.290839,-0.332055,-0.350378,1.091718,0.158244,0.166976,-2.997646
sample,463,drone,11.565280,5.412880,2.031646,2.702136,-2.263230,-0.328053,-0.346155,1.118580,0.162137,0.171084,-2.997646
sample,464,drone,11.590259,5.356696,2.023502,2.693543,-2.234957,-0.323955,-0.341831,1.144821,0.165941,0.175098,-2.997646
sample,465,drone,11.615238,5.301226,2.015462,2.685059,-2.206037,-0.319763,-0.337408,1.170425,0.169652,0.179014,-2.997646
sample,466,drone,11.640217,5.246487,2.007527,2.676686,-2.176485,-0.315480,-0.332888,1.195371,0.173268,0.182829,-2.997646
sample,467,drone,11.665196,5.192494,1.999701,2.668428,-2.146318,-0.311107,-0.328274,1.219641,0.176786,0.186541,-2.997646
sample,468,drone,11.690175,5.139261,1.991985,2.660287,-2.115554,-0.306648,-0.323569,1.243218,0.180204,0.190147,-2.997646
sample,469,drone,11.715154,5.086805,1.984382,2.652263,-2.084210,-0.302105,-0.318775,1.266082,0.183518,0.193644,-2.997646
sample,470,drone,11.740133,5.035138,1.976893,2.644361,-2.052303,-0.297480,-0.313895,1.288215,0.186726,0.197029,-2.997646
sample,471,drone,11.765112,4.984276,1.969520,2.636582,-2.019853,-0.292776,-0.308932,1.309599,0.189825,0.200300,-2.997646
sample,472,drone,11.790091,4.934230,1.962266,2.628928,-1.986878,-0.287996,-0.303888,1.330214,0.192813,0.203453,-2.997646
sample,473,drone,11.815070,4.885015,1.955132,2.621400,-1.953398,-0.283144,-0.298767,1.350042,0.195688,0.206486,-2.997646
sample,474,drone,11.840049,4.836642,1.948121,2.614002,-1.919433,-0.278220,-0.293573,1.369065,0.198445,0.209395,-2.997646
sample,475,drone,11.865028,4.789124,1.941233,2.606734,-1.885002,-0.273230,-0.288306,1.387265,0.201083,0.212179,-2.997646
sample,476,drone,11.890008,4.742472,1.934471,2.599599,-1.850128,-0.268175,-0.282972,1.404622,0.203599,0.214833,-2.997646
sample,477,drone,11.914987,4.696695,1.927836,2.592597,-1.814830,-0.263058,-0.277574,1.421118,0.205990,0.217356,-2.997646
sample,478,drone,11.939966,4.651806,1.921329,2.585732,-1.779132,-0.257884,-0.272114,1.436734,0.208254,0.219745,-2.997646
sample,479,drone,11.964945,4.607814,1.914952,2.579003,-1.743054,-0.252654,-0.266596,1.451453,0.210387,0.221996,-2.997646
sample,480,drone,11.989924,4.564727,1.908707,2.572413,-1.706620,-0.247373,-0.261023,1.465255,0.212388,0.224107,-2.997646
sample,481,drone,12.014903,4.522554,1.902594,2.565963,-1.669853,-0.242044,-0.255400,1.478122,0.214253,0.226075,-2.997646
sample,482,drone,12.039882,4.481304,1.896615,2.559654,-1.632776,-0.236670,-0.249729,1.490035,0.215979,0.227897,-2.997646
sample,483,drone,12.064861,4.440984,1.890770,2.553487,-1.595413,-0.231254,-0.244015,1.500976,0.217565,0.229571,-2.997646
sample,484,drone,12.089840,4.401600,1.885062,2.547463,-1.557790,-0.225800,-0.238260,1.510927,0.219008,0.231093,-2.997646
sample,485,drone,12.114819,4.363160,1.879490,2.541584,-1.519930,-0.220313,-0.232470,1.519868,0.220304,0.232460,-2.997646
sample,486,drone,12.139798,4.325668,1.874055,2.535849,-1.481860,-0.214795,-0.226647,1.527782,0.221451,0.233670,-2.997646
sample,487,drone,12.164777,4.289129,1.868759,2.530261,-1.443606,-0.209250,-0.220796,1.534649,0.222446,0.234721,-2.997646
sample,488,drone,12.189756,4.253548,1.863602,2.524819,-1.405192,-0.203682,-0.214921,1.540451,0.223287,0.235608,-2.997646
sample,489,drone,12.214735,4.218928,1.858584,2.519524,-1.366648,-0.198095,-0.209025,1.545170,0.223971,0.236330,-2.997646
sample,490,drone,12.239714,4.185273,1.853705,2.514376,-1.327999,-0.192492,-0.203114,1.548787,0.224495,0.236883,-2.997646
sample,491,drone,12.264693,4.152584,1.848967,2.509377,-1.289273,-0.186879,-0.197191,1.551283,0.224857,0.237265,-2.997646
sample,492,drone,12.289672,4.120864,1.844369,2.504525,-1.250500,-0.181259,-0.191261,1.552640,0.225054,0.237473,-2.997646
sample,493,drone,12.314651,4.090112,1.839912,2.499822,-1.211707,-0.175636,-0.185328,1.552840,0.225083,0.237503,-2.997646
sample,494,drone,12.339630,4.060329,1.835595,2.495267,-1.172923,-0.170014,-0.179396,1.551864,0.224941,0.237354,-2.997646
sample,495,drone,12.364609,4.031515,1.831418,2.490860,-1.134179,-0.164398,-0.173470,1.549693,0.224627,0.237022,-2.997646
sample,496,drone,12.389588,4.003668,1.827382,2.486600,-1.095503,-0.158792,-0.167555,1.546308,0.224136,0.236504,-2.997646
sample,497,drone,12.414567,3.976786,1.823485,2.482489,-1.056928,-0.153201,-0.161655,1.541692,0.223467,0.235798,-2.997646
sample,498,drone,12.439546,3.950866,1.819728,2.478524,-1.018483,-0.147628,-0.155775,1.535826,0.222617,0.234901,-2.997646
sample,499,drone,12.464525,3.925904,1.816110,2.474707,-0.980201,-0.142079,-0.149919,1.528691,0.221583,0.233809,-2.997646
sample,500,drone,12.489504,3.901897,1.812630,2.471035,-0.942113,-0.136559,-0.144094,1.520268,0.220362,0.232521,-2.997646
sample,501,drone,12.514483,3.878838,1.809288,2.467508,-0.904252,-0.131071,-0.138303,1.510540,0.218952,0.231033,-2.997646
sample,502,drone,12.539462,3.856722,1.806082,2.464125,-0.866650,-0.125620,-0.132552,1.499487,0.217349,0.229343,-2.997646
sample,503,drone,12.564441,3.835542,1.803012,2.460886,-0.829340,-0.120212,-0.126846,1.487091,0.215553,0.227447,-2.997646
sample,504,drone,12.589420,3.815290,1.800076,2.457788,-0.792357,-0.114852,-0.121189,1.473333,0.213559,0.225343,-2.997646
sample,505,drone,12.614399,3.795958,1.797274,2.454832,-0.755735,-0.109543,-0.115588,1.458196,0.211364,0.223027,-2.997646
sample,506,drone,12.639378,3.777535,1.794604,2.452014,-0.719509,-0.104292,-0.110047,1.441659,0.208967,0.220498,-2.997646
sample,507,drone,12.664357,3.760012,1.792064,2.449334,-0.683713,-0.099104,-0.104572,1.423706,0.206365,0.217752,-2.997646
sample,508,drone,12.689336,3.743378,1.789653,2.446790,-0.648383,-0.093983,-0.099169,1.404317,0.203555,0.214787,-2.997646
sample,509,drone,12.714315,3.727620,1.787369,2.444380,-0.613556,-0.088934,-0.093842,1.383473,0.200533,0.211599,-2.997646
sample,510,drone,12.739294,3.712726,1.785210,2.442102,-0.579268,-0.083964,-0.088598,1.361157,0.197299,0.208186,-2.997646
sample,511,drone,12.764273,3.698681,1.783174,2.439953,-0.545555,-0.079078,-0.083441,1.337349,0.193848,0.204544,-2.997646
sample,512,drone,12.789252,3.685471,1.781259,2.437933,-0.512456,-0.074280,-0.078379,1.312032,0.190178,0.200672,-2.997646
sample,513,drone,12.814231,3.673080,1.779463,2.436038,-0.480009,-0.069577,-0.073416,1.285186,0.186287,0.196566,-2.997646
sample,514,drone,12.839210,3.661491,1.777783,2.434265,-0.448251,-0.064974,-0.068559,1.256793,0.182171,0.192223,-2.997646
sample,515,drone,12.864189,3.650686,1.776217,2.432613,-0.417222,-0.060476,-0.063813,1.226834,0.177829,0.187641,-2.997646
sample,516,drone,12.889168,3.640647,1.774762,2.431077,-0.386961,-0.056090,-0.059185,1.195292,0.173257,0.182817,-2.997646
sample,517,drone,12.914147,3.631354,1.773415,2.429656,-0.357508,-0.051820,-0.054680,1.162147,0.168452,0.177747,-2.997646
sample,518,drone,12.939126,3.622787,1.772173,2.428346,-0.328902,-0.047674,-0.050305,1.127380,0.163413,0.172430,-2.997646
sample,519,drone,12.964105,3.614923,1.771033,2.427143,-0.301186,-0.043657,-0.046066,1.090974,0.158136,0.166862,-2.997646
sample,520,drone,12.989084,3.607740,1.769992,2.426044,-0.274400,-0.039774,-0.041969,1.052910,0.152619,0.161040,-2.997646
sample,521,drone,13.014063,3.601215,1.769046,2.425046,-0.248585,-0.036032,-0.038020,1.013169,0.146858,0.154962,-2.997646
sample,522,drone,13.039042,3.595321,1.768192,2.424145,-0.223784,-0.032437,-0.034227,0.971733,0.140852,0.148624,-2.997646
sample,523,drone,13.064021,3.590035,1.767426,2.423336,-0.200039,-0.028995,-0.030595,0.928582,0.134597,0.142024,-2.997646
sample,524,drone,13.089000,3.585328,1.766744,2.422616,-0.177393,-0.025713,-0.027132,0.883700,0.128092,0.135160,-2.997646
sample,525,drone,13.113979,3.581173,1.766141,2.421981,-0.155891,-0.022596,-0.023843,0.837066,0.121332,0.128027,-2.997646
sample,526,drone,13.138958,3.577540,1.765615,2.421425,-0.135575,-0.019652,-0.020736,0.788663,0.114316,0.120624,-2.997646
sample,527,drone,13.163937,3.574400,1.765160,2.420945,-0.116491,-0.016885,-0.017817,0.738472,0.107041,0.112947,-2.997646
sample,528,drone,13.188916,3.571720,1.764771,2.420535,-0.098683,-0.014304,-0.015093,0.686474,0.099504,0.104995,-2.997646
sample,529,drone,13.213895,3.569470,1.764445,2.420191,-0.082196,-0.011914,-0.012572,0.632652,0.091702,0.096762,-2.997646
sample,530,drone,13.238874,3.567614,1.764176,2.419907,-0.067077,-0.009723,-0.010259,0.576985,0.083634,0.088248,-2.997646
sample,531,drone,13.263853,3.566119,1.763959,2.419678,-0.053371,-0.007736,-0.008163,0.519456,0.075295,0.079450,-2.997646
sample,532,drone,13.288832,3.564948,1.763790,2.419499,-0.041126,-0.005961,-0.006290,0.460047,0.066683,0.070363,-2.997646
sample,533,drone,13.313811,3.564064,1.763661,2.419364,-0.030388,-0.004405,-0.004648,0.398738,0.057797,0.060986,-2.997646
sample,534,drone,13.338790,3.563429,1.763569,2.419267,-0.021206,-0.003074,-0.003243,0.335512,0.048632,0.051316,-2.997646
sample,535,drone,13.363769,3.563005,1.763508,2.419202,-0.013626,-0.001975,-0.002084,0.270349,0.039187,0.041349,-2.997646
sample,536,drone,13.388748,3.562749,1.763471,2.419163,-0.007699,-0.001116,-0.001178,0.203231,0.029458,0.031084,-2.997646
sample,537,drone,13.413727,3.562620,1.763452,2.419143,-0.003473,-0.000503,-0.000531,0.134162,0.019425,0.020520,-2.997646
sample,538,drone,13.438706,3.562575,1.763446,2.419136,-0.000997,-0.000146,-0.000152,0.078489,-0.003376,0.012260,-2.996606
sample,539,drone,13.463685,3.562570,1.763445,2.419136,0.000448,-0.000672,0.000081,0.092936,-0.084397,0.015910,-0.983230
sample,540,drone,13.488664,3.562598,1.763412,2.419140,0.003646,-0.004362,0.000642,0.208916,-0.247207,0.036761,-0.874566
sample,541,drone,13.513643,3.562752,1.763227,2.419168,0.010885,-0.013022,0.001918,0.373136,-0.446408,0.065741,-0.874566
sample,542,drone,13.538622,3.563141,1.762762,2.419236,0.022287,-0.026664,0.003927,0.535070,-0.640140,0.094272,-0.874566
sample,543,drone,13.563601,3.563866,1.761895,2.419364,0.037616,-0.045002,0.006627,0.687592,-0.822612,0.121144,-0.874566
sample,544,drone,13.588580,3.565021,1.760513,2.419567,0.056638,-0.067760,0.009979,0.830878,-0.994035,0.146389,-0.874566
sample,545,drone,13.613559,3.566695,1.758510,2.419862,0.079125,-0.094662,0.013941,0.965105,-1.154619,0.170038,-0.874566
sample,546,drone,13.638538,3.568973,1.755784,2.420264,0.104853,-0.125442,0.018473,1.090449,-1.304577,0.192121,-0.874566
sample,547,drone,13.663517,3.571933,1.752243,2.420785,0.133601,-0.159836,0.023539,1.207088,-1.444120,0.212672,-0.874566
sample,548,drone,13.688496,3.575648,1.747799,2.421440,0.165156,-0.197587,0.029098,1.315197,-1.573459,0.231719,-0.874566
sample,549,drone,13.713475,3.580184,1.742372,2.422239,0.199306,-0.238443,0.035115,1.414954,-1.692804,0.249295,-0.874566
sample,550,drone,13.738454,3.585605,1.735887,2.423194,0.235845,-0.282157,0.041552,1.506535,-1.802368,0.265430,-0.874566
sample,551,drone,13.763433,3.591967,1.728276,2.424315,0.274570,-0.328486,0.048375,1.590116,-1.902361,0.280155,-0.874566
sample,552,drone,13.788412,3.599322,1.719476,2.425611,0.315284,-0.377195,0.055548,1.665873,-1.992996,0.293503,-0.874566
sample,553,drone,13.813391,3.607718,1.709432,2.427090,0.357793,-0.428052,0.063038,1.733985,-2.074482,0.305503,-0.874566
sample,554,drone,13.838370,3.617196,1.698092,2.428760,0.401910,-0.480832,0.070811,1.794626,-2.147031,0.316187,-0.874566
sample,555,drone,13.863349,3.627796,1.685411,2.430627,0.447449,-0.535313,0.078834,1.847975,-2.210856,0.325586,-0.874566
sample,556,drone,13.888328,3.639550,1.671349,2.432698,0.494231,-0.591282,0.087076,1.894206,-2.266165,0.333732,-0.874566
sample,557,drone,13.913307,3.652487,1.655871,2.434978,0.542080,-0.648527,0.095507,1.933498,-2.313172,0.340654,-0.874566
sample,558,drone,13.938286,3.666631,1.638949,2.437470,0.590825,-0.706843,0.104095,1.966026,-2.352088,0.346385,-0.874566
sample,559,drone,13.963265,3.682003,1.620559,2.440178,0.640299,-0.766032,0.112811,1.991967,-2.383123,0.350956,-0.874566
sample,560,drone,13.988244,3.698619,1.600680,2.443105,0.690340,-0.825899,0.121628,2.011497,-2.406488,0.354397,-0.874566
sample,561,drone,14.013223,3.716491,1.579299,2.446254,0.740789,-0.886256,0.130516,2.024794,-2.422396,0.356739,-0.874566
sample,562,drone,14.038202,3.735628,1.556404,2.449626,0.791494,-0.946917,0.139450,2.032033,-2.431057,0.358015,-0.874566
sample,563,drone,14.063181,3.756033,1.531992,2.453221,0.842306,-1.007706,0.148402,2.033392,-2.432682,0.358254,-0.874566
sample,564,drone,14.088160,3.777708,1.506061,2.457040,0.893078,-1.068449,0.157348,2.029046,-2.427484,0.357489,-0.874566
sample,565,drone,14.113139,3.800649,1.478615,2.461082,0.943673,-1.128979,0.166262,2.019173,-2.415672,0.355749,-0.874566
sample,566,drone,14.138118,3.824852,1.449660,2.465346,0.993952,-1.189131,0.175120,2.003949,-2.397458,0.353067,-0.874566
sample,567,drone,14.163097,3.850305,1.419208,2.469830,1.043786,-1.248751,0.183900,1.983551,-2.373055,0.349473,-0.874566
sample,568,drone,14.188076,3.876997,1.387275,2.474533,1.093047,-1.307685,0.192579,1.958155,-2.342671,0.344999,-0.874566
sample,569,drone,14.213055,3.904912,1.353879,2.479451,1.141612,-1.365786,0.201135,1.927938,-2.306520,0.339675,-0.874566
sample,570,drone,14.238034,3.934030,1.319043,2.484581,1.189363,-1.422914,0.209549,1.893076,-2.264813,0.333533,-0.874566
sample,571,drone,14.263013,3.964330,1.282793,2.489920,1.236186,-1.478932,0.217798,1.853745,-2.217759,0.326603,-0.874566
sample,572,drone,14.287992,3.995787,1.245158,2.495462,1.281972,-1.533709,0.225865,1.810124,-2.165572,0.318918,-0.874566
sample,573,drone,14.312971,4.028375,1.206172,2.501204,1.326616,-1.587119,0.233731,1.762387,-2.108461,0.310507,-0.874566
sample,574,drone,14.337950,4.062062,1.165869,2.507139,1.370017,-1.639043,0.241377,1.710712,-2.046639,0.301403,-0.874566
sample,575,drone,14.362929,4.096818,1.124289,2.513262,1.412080,-1.689365,0.248788,1.655276,-1.980317,0.291636,-0.874566
sample,576,drone,14.387908,4.132607,1.081472,2.519568,1.452712,-1.737976,0.255947,1.596254,-1.909705,0.281237,-0.874566
sample,577,drone,14.412887,4.169393,1.037463,2.526049,1.491825,-1.784770,0.262838,1.533823,-1.835015,0.270237,-0.874566
sample,578,drone,14.437866,4.207136,0.992308,2.532699,1.529338,-1.829650,0.269447,1.468160,-1.756458,0.258669,-0.874566
sample,579,drone,14.462845,4.245795,0.946057,2.539510,1.565172,-1.872520,0.275761,1.399442,-1.674246,0.246562,-0.874566
sample,580,drone,14.487824,4.285329,0.898761,2.546475,1.599252,-1.913292,0.281765,1.327845,-1.588590,0.233947,-0.874566
sample,581,drone,14.512803,4.325691,0.850473,2.553586,1.631508,-1.951882,0.287448,1.253546,-1.499700,0.220857,-0.874566
sample,582,drone,14.537782,4.366835,0.801249,2.560836,1.661876,-1.988214,0.292799,1.176721,-1.407789,0.207321,-0.874566
sample,583,drone,14.562761,4.408715,0.751146,2.568214,1.690295,-2.022213,0.297806,1.097546,-1.313068,0.193372,-0.874566
sample,584,drone,14.587740,4.451279,0.700223,2.575713,1.716708,-2.053812,0.302459,1.016199,-1.215747,0.179040,-0.874566
sample,585,drone,14.612719,4.494478,0.648541,2.583324,1.741062,-2.082949,0.306750,0.932856,-1.116038,0.164356,-0.874566
sample,586,drone,14.637698,4.538259,0.596163,2.591038,1.763311,-2.109567,0.310670,0.847694,-1.014153,0.149351,-0.874566
sample,587,drone,14.662677,4.582570,0.543151,2.598845,1.783411,-2.133614,0.314211,0.760888,-0.910302,0.134058,-0.874566
sample,588,drone,14.687656,4.627355,0.489572,2.606735,1.801324,-2.155044,0.317367,0.672617,-0.804696,0.118505,-0.874566
sample,589,drone,14.712635,4.672560,0.435490,2.614700,1.817014,-2.173815,0.320132,0.583055,-0.697548,0.102726,-0.874566
sample,590,drone,14.737614,4.718129,0.380972,2.622728,1.830452,-2.189892,0.322499,0.492381,-0.589068,0.086750,-0.874566
sample,591,drone,14.762593,4.764006,0.326087,2.630811,1.841612,-2.203244,0.324466,0.400770,-0.479467,0.070610,-0.874566
sample,592,drone,14.787572,4.810133,0.270903,2.638938,1.850474,-2.213845,0.326027,0.308398,-0.368958,0.054335,-0.874566
sample,593,drone,14.812551,4.856452,0.215488,2.647099,1.857019,-2.221676,0.327180,0.215444,-0.257750,0.037958,-0.874566
sample,594,drone,14.837530,4.902906,0.159912,2.655283,1.861237,-2.226722,0.327923,0.122082,-0.146055,0.021509,-0.874566
sample,595,drone,14.862509,4.949436,0.104245,2.663481,1.863118,-2.228973,0.328255,0.028490,-0.034085,0.005020,-0.874566
sample,596,drone,14.887488,4.995983,0.048557,2.671682,1.862660,-2.228425,0.328174,-0.065155,0.077949,-0.011479,-0.874566
sample,597,drone,14.912467,5.042490,-0.007082,2.679876,1.859863,-2.225079,0.327681,-0.158678,0.189837,-0.027957,-0.874566
sample,598,drone,14.937446,5.088898,-0.062603,2.688053,1.854733,-2.218941,0.326777,-0.251901,0.301366,-0.044381,-0.874566
sample,599,drone,14.962425,5.135149,-0.117936,2.696201,1.847279,-2.210023,0.325464,-0.344648,0.412325,-0.060722,-0.874566
sample,600,drone,14.987404,5.181185,-0.173012,2.704312,1.837515,-2.198342,0.323744,-0.436743,0.522504,-0.076948,-0.874566
sample,601,drone,15.012383,5.226948,-0.227761,2.712375,1.825460,-2.183920,0.321620,-0.528008,0.631691,-0.093027,-0.874566
sample,602,drone,15.037362,5.272381,-0.282116,2.720380,1.811137,-2.166784,0.319096,-0.618268,0.739675,-0.108930,-0.874566
sample,603,drone,15.062341,5.317429,-0.336009,2.728316,1.794573,-2.146967,0.316178,-0.707345,0.846244,-0.124624,-0.874566
sample,604,drone,15.087320,5.362034,-0.389374,2.736175,1.775799,-2.124507,0.312870,-0.795064,0.951188,-0.140079,-0.874566
sample,605,drone,15.112299,5.406144,-0.442146,2.743947,1.754853,-2.099447,0.309180,-0.881247,1.054295,-0.155263,-0.874566
sample,606,drone,15.137278,5.449703,-0.494259,2.751621,1.731774,-2.071837,0.305114,-0.965718,1.155353,-0.170146,-0.874566
sample,607,drone,15.162257,5.492660,-0.545650,2.759190,1.706607,-2.041728,0.300680,-1.048300,1.254152,-0.184695,-0.874566
sample,608,drone,15.187236,5.534962,-0.596259,2.766643,1.679403,-2.009182,0.295887,-1.128818,1.350480,-0.198881,-0.874566
sample,609,drone,15.212215,5.576560,-0.646025,2.773971,1.650214,-1.974261,0.290744,-1.207093,1.444126,-0.212672,-0.874566
sample,610,drone,15.237194,5.617404,-0.694889,2.781168,1.619099,-1.937036,0.285262,-1.282950,1.534879,-0.226037,-0.874566
sample,611,drone,15.262173,5.657447,-0.742796,2.788223,1.586120,-1.897582,0.279452,-1.356213,1.622528,-0.238945,-0.874566
sample,612,drone,15.287153,5.696643,-0.789689,2.795128,1.551345,-1.855978,0.273325,-1.426703,1.706860,-0.251365,-0.874566
sample,613,drone,15.312132,5.734949,-0.835517,2.801877,1.514845,-1.812310,0.266894,-1.494246,1.787666,-0.263265,-0.874566
sample,614,drone,15.337111,5.772322,-0.880228,2.808462,1.476696,-1.766670,0.260172,-1.558664,1.864734,-0.274614,-0.874566
sample,615,drone,15.362090,5.808722,-0.923776,2.814875,1.436977,-1.719152,0.253175,-1.619781,1.937852,-0.285382,-0.874566
sample,616,drone,15.387069,5.844110,-0.966114,2.821110,1.395775,-1.669858,0.245915,-1.677420,2.006810,-0.295537,-0.874566
sample,617,drone,15.412048,5.878452,-1.007199,2.827160,1.353177,-1.618896,0.238410,-1.731405,2.071395,-0.305049,-0.874566
sample,618,drone,15.437027,5.911712,-1.046990,2.833020,1.309277,-1.566375,0.230676,-1.781559,2.131398,-0.313885,-0.874566
sample,619,drone,15.462006,5.943861,-1.085452,2.838685,1.264174,-1.512415,0.222729,-1.827705,2.186605,-0.322015,-0.874566
sample,620,drone,15.486985,5.974868,-1.122548,2.844148,1.217969,-1.457137,0.214588,-1.869667,2.236808,-0.329408,-0.874566
sample,621,drone,15.511964,6.004708,-1.158247,2.849405,1.170769,-1.400669,0.206273,-1.907269,2.281793,-0.336033,-0.874566
sample,622,drone,15.536943,6.033357,-1.192522,2.854453,1.122685,-1.343143,0.197801,-1.940333,2.321350,-0.341859,-0.874566
sample,623,drone,15.561922,6.060795,-1.225348,2.859287,1.073833,-1.284699,0.189194,-1.968684,2.355268,-0.346854,-0.874566
sample,624,drone,15.586901,6.087004,-1.256703,2.863904,1.024334,-1.225479,0.180473,-1.992144,2.383334,-0.350987,-0.874566
sample,625,drone,15.611880,6.111969,-1.286571,2.868303,0.974310,-1.165632,0.171659,-2.010537,2.405339,-0.354228,-0.874566
sample,626,drone,15.636859,6.135678,-1.314936,2.872480,0.923891,-1.105313,0.162776,-2.023687,2.421071,-0.356544,-0.874566
sample,627,drone,15.661838,6.158124,-1.341790,2.876435,0.873211,-1.044680,0.153847,-2.031416,2.430319,-0.357906,-0.874566
sample,628,drone,15.686817,6.179302,-1.367126,2.880166,0.822406,-0.983899,0.144896,-2.033549,2.432870,-0.358282,-0.874566
sample,629,drone,15.711796,6.199210,-1.390943,2.883673,0.771619,-0.923139,0.135948,-2.029909,2.428515,-0.357641,-0.874566
sample,630,drone,15.736775,6.217851,-1.413244,2.886958,0.720995,-0.862575,0.127029,-2.020318,2.417042,-0.355951,-0.874566
sample,631,drone,15.761754,6.235230,-1.434036,2.890020,0.670687,-0.802388,0.118165,-2.004602,2.398239,-0.353182,-0.874566
sample,632,drone,15.786733,6.251357,-1.453330,2.892861,0.620850,-0.742764,0.109385,-1.982582,2.371895,-0.349302,-0.874566
sample,633,drone,15.811712,6.266246,-1.471143,2.895484,0.571642,-0.683893,0.100715,-1.954083,2.337800,-0.344281,-0.874566
sample,634,drone,15.836691,6.279915,-1.487496,2.897892,0.523227,-0.625972,0.092185,-1.918928,2.295741,-0.338087,-0.874566
sample,635,drone,15.861670,6.292385,-1.502415,2.900090,0.475776,-0.569202,0.083825,-1.876940,2.245508,-0.330690,-0.874566
sample,636,drone,15.886649,6.303684,-1.515932,2.902080,0.429459,-0.513791,0.075665,-1.827942,2.186889,-0.322057,-0.874566
sample,637,drone,15.911628,6.313840,-1.528083,2.903870,0.384455,-0.459950,0.067735,-1.771759,2.119674,-0.312158,-0.874566
sample,638,drone,15.936607,6.322890,-1.538910,2.905464,0.340946,-0.407896,0.060070,-1.708214,2.043650,-0.300963,-0.874566
sample,639,drone,15.961586,6.330873,-1.548461,2.906871,0.299116,-0.357853,0.052700,-1.637129,1.958607,-0.288439,-0.874566
sample,640,drone,15.986565,6.337834,-1.556788,2.908097,0.259158,-0.310048,0.045660,-1.558329,1.864333,-0.274555,-0.874566
sample,641,drone,16.011544,6.343820,-1.563950,2.909152,0.221265,-0.264715,0.038984,-1.471637,1.760617,-0.259281,-0.874566
sample,642,drone,16.036523,6.348888,-1.570013,2.910044,0.185638,-0.222091,0.032707,-1.376875,1.647248,-0.242586,-0.874566
sample,643,drone,16.061502,6.353094,-1.575046,2.910786,0.152479,-0.182421,0.026865,-1.273869,1.524015,-0.224437,-0.874566
sample,644,drone,16.086481,6.356505,-1.579126,2.911387,0.121998,-0.145954,0.021494,-1.162441,1.390706,-0.204805,-0.874566
sample,645,drone,16.111460,6.359189,-1.582337,2.911859,0.094406,-0.112944,0.016633,-1.042414,1.247110,-0.183658,-0.874566
sample,646,drone,16.136439,6.361222,-1.584768,2.912218,0.069921,-0.083651,0.012319,-0.913612,1.093016,-0.160965,-0.874566
sample,647,drone,16.161418,6.362682,-1.586516,2.912475,0.048764,-0.058340,0.008592,-0.775859,0.928212,-0.136695,-0.874566
sample,648,drone,16.186397,6.363658,-1.587683,2.912647,0.031161,-0.037280,0.005490,-0.628978,0.752488,-0.110817,-0.874566
sample,649,drone,16.211376,6.364239,-1.588379,2.912749,0.017341,-0.020747,0.003055,-0.472791,0.565632,-0.083299,-0.874566
sample,650,drone,16.236355,6.364524,-1.588719,2.912799,0.007541,-0.009022,0.001329,-0.307439,0.367665,-0.054104,-0.874566
sample,651,drone,16.261334,6.364616,-1.588829,2.912816,0.001982,-0.002379,0.000352,-0.166052,0.183076,-0.022577,-0.876068
sample,652,drone,16.286313,6.364623,-1.588838,2.912817,-0.000755,0.000124,0.000201,-0.142514,0.082484,0.012614,2.978257
sample,653,drone,16.311292,6.364578,-1.588823,2.912826,-0.005137,0.001742,0.000983,-0.271257,0.094601,0.050752,2.814708
sample,654,drone,16.336271,6.364366,-1.588751,2.912866,-0.014306,0.004850,0.002736,-0.464171,0.157376,0.088777,2.814708
sample,655,drone,16.361250,6.363863,-1.588581,2.912962,-0.028326,0.009604,0.005418,-0.653057,0.221417,0.124903,2.814708
sample,656,drone,16.386229,6.362951,-1.588272,2.913137,-0.046932,0.015912,0.008976,-0.831377,0.281876,0.159008,2.814708
sample,657,drone,16.411208,6.361519,-1.587786,2.913411,-0.069860,0.023686,0.013361,-0.999323,0.338818,0.191129,2.814708
sample,658,drone,16.436187,6.359461,-1.587088,2.913804,-0.096856,0.032839,0.018525,-1.157084,0.392306,0.221302,2.814708
sample,659,drone,16.461166,6.356680,-1.586145,2.914336,-0.127666,0.043285,0.024417,-1.304851,0.442406,0.249564,2.814708
sample,660,drone,16.486145,6.353083,-1.584926,2.915024,-0.162044,0.054940,0.030992,-1.442814,0.489182,0.275951,2.814708
sample,661,drone,16.511124,6.348585,-1.583401,2.915884,-0.199746,0.067723,0.038203,-1.571165,0.532699,0.300499,2.814708
sample,662,drone,16.536103,6.343104,-1.581542,2.916933,-0.240536,0.081553,0.046005,-1.690092,0.573021,0.323245,2.814708
sample,663,drone,16.561082,6.336568,-1.579326,2.918183,-0.284180,0.096350,0.054352,-1.799788,0.610213,0.344225,2.814708
sample,664,drone,16.586061,6.328907,-1.576729,2.919648,-0.330450,0.112038,0.063201,-1.900443,0.644340,0.363476,2.814708
sample,665,drone,16.611040,6.320059,-1.573729,2.921340,-0.379122,0.128540,0.072510,-1.992246,0.675466,0.381034,2.814708
sample,666,drone,16.636019,6.309967,-1.570307,2.923270,-0.429978,0.145783,0.082237,-2.075388,0.703655,0.396936,2.814708
sample,667,drone,16.660998,6.298579,-1.566446,2.925449,-0.482804,0.163694,0.092341,-2.150061,0.728972,0.411218,2.814708
sample,668,drone,16.685977,6.285847,-1.562130,2.927884,-0.537391,0.182201,0.102781,-2.216453,0.751483,0.423916,2.814708
sample,669,drone,16.710956,6.271732,-1.557344,2.930583,-0.593534,0.201236,0.113519,-2.274757,0.771250,0.435067,2.814708
sample,670,drone,16.735935,6.256195,-1.552076,2.933555,-0.651033,0.220731,0.124516,-2.325162,0.788340,0.444707,2.814708
sample,671,drone,16.760914,6.239207,-1.546316,2.936804,-0.709694,0.240620,0.135735,-2.367859,0.802816,0.452874,2.814708
sample,672,drone,16.785893,6.220740,-1.540055,2.940336,-0.769327,0.260838,0.147140,-2.403037,0.814743,0.459602,2.814708
sample,673,drone,16.810872,6.200773,-1.533285,2.944155,-0.829745,0.281323,0.158696,-2.430889,0.824186,0.464929,2.814708
sample,674,drone,16.835851,6.179288,-1.526001,2.948264,-0.890769,0.302013,0.170367,-2.451604,0.831210,0.468891,2.814708
sample,675,drone,16.860830,6.156272,-1.518198,2.952666,-0.952223,0.322849,0.182121,-2.465373,0.835878,0.471524,2.814708
sample,676,drone,16.885809,6.131717,-1.509872,2.957362,-1.013934,0.343772,0.193924,-2.472385,0.838256,0.472865,2.814708
sample,677,drone,16.910788,6.105618,-1.501023,2.962354,-1.075738,0.364726,0.205744,-2.472833,0.838407,0.472951,2.814708
sample,678,drone,16.935767,6.077975,-1.491651,2.967641,-1.137472,0.385657,0.217551,-2.466905,0.836398,0.471817,2.814708
sample,679,drone,16.960746,6.048792,-1.481757,2.973222,-1.198980,0.406511,0.229315,-2.454794,0.832291,0.469501,2.814708
sample,680,drone,16.985725,6.018076,-1.471343,2.979097,-1.260109,0.427237,0.241007,-2.436688,0.826152,0.466038,2.814708
sample,681,drone,17.010704,5.985840,-1.460413,2.985263,-1.320712,0.447784,0.252598,-2.412779,0.818046,0.461465,2.814708
sample,682,drone,17.035683,5.952096,-1.448972,2.991716,-1.380647,0.468104,0.264061,-2.383257,0.808037,0.455819,2.814708
sample,683,drone,17.060662,5.916865,-1.437027,2.998455,-1.439775,0.488152,0.275369,-2.348312,0.796189,0.449135,2.814708
sample,684,drone,17.085641,5.880168,-1.424585,3.005473,-1.497964,0.507881,0.286499,-2.308136,0.782567,0.441451,2.814708
sample,685,drone,17.110620,5.842030,-1.411655,3.012767,-1.555085,0.527247,0.297423,-2.262918,0.767236,0.432803,2.814708
sample,686,drone,17.135599,5.802479,-1.398245,3.020332,-1.611014,0.546210,0.308121,-2.212849,0.750260,0.423227,2.814708
sample,687,drone,17.160578,5.761547,-1.384367,3.028161,-1.665634,0.564729,0.318567,-2.158119,0.731705,0.412759,2.814708
sample,688,drone,17.185557,5.719267,-1.370032,3.036247,-1.718830,0.582765,0.328741,-2.098920,0.711633,0.401437,2.814708
sample,689,drone,17.210536,5.675677,-1.355253,3.044584,-1.770492,0.600281,0.338622,-2.035441,0.690111,0.389296,2.814708
sample,690,drone,17.235515,5.630817,-1.340043,3.053164,-1.820516,0.617241,0.348190,-1.967872,0.667202,0.376373,2.814708
sample,691,drone,17.260494,5.584728,-1.324417,3.061979,-1.868803,0.633613,0.357425,-1.896406,0.642971,0.362704,2.814708
sample,692,drone,17.285473,5.537455,-1.308389,3.071020,-1.915257,0.649363,0.366310,-1.821231,0.617483,0.348326,2.814708
sample,693,drone,17.310452,5.489046,-1.291976,3.080279,-1.959788,0.664461,0.374827,-1.742538,0.590803,0.333276,2.814708
sample,694,drone,17.335431,5.439548,-1.275194,3.089746,-2.002311,0.678878,0.382959,-1.660518,0.562994,0.317589,2.814708
sample,695,drone,17.360410,5.389014,-1.258061,3.099411,-2.042744,0.692587,0.390693,-1.575362,0.534122,0.301302,2.814708
sample,696,drone,17.385389,5.337497,-1.240594,3.109264,-2.081013,0.705562,0.398012,-1.487259,0.504251,0.284451,2.814708
sample,697,drone,17.410368,5.285051,-1.222812,3.119295,-2.117045,0.717778,0.404903,-1.396401,0.473446,0.267074,2.814708
sample,698,drone,17.435347,5.231733,-1.204735,3.129492,-2.150774,0.729214,0.411354,-1.302977,0.441771,0.249206,2.814708
sample,699,drone,17.460326,5.177603,-1.186382,3.139845,-2.182139,0.739848,0.417353,-1.207179,0.409291,0.230883,2.814708
sample,700,drone,17.485305,5.122718,-1.167774,3.150342,-2.211082,0.749662,0.422889,-1.109196,0.376070,0.212143,2.814708
sample,701,drone,17.510284,5.067141,-1.148931,3.160972,-2.237552,0.758636,0.427951,-1.009219,0.342173,0.193022,2.814708
sample,702,drone,17.535263,5.010934,-1.129874,3.171722,-2.261501,0.766756,0.432532,-0.907439,0.307665,0.173556,2.814708
sample,703,drone,17.560242,4.954161,-1.110625,3.182580,-2.282886,0.774006,0.436622,-0.804047,0.272610,0.153781,2.814708
sample,704,drone,17.585221,4.896886,-1.091206,3.193534,-2.301670,0.780375,0.440214,-0.699232,0.237073,0.133734,2.814708
sample,705,drone,17.610200,4.839174,-1.071639,3.204572,-2.317818,0.785850,0.443303,-0.593185,0.201118,0.113452,2.814708
sample,706,drone,17.635179,4.781092,-1.051947,3.215681,-2.331304,0.790422,0.445882,-0.486096,0.164810,0.092970,2.814708
sample,707,drone,17.660158,4.722707,-1.032151,3.226848,-2.342103,0.794084,0.447948,-0.378157,0.128213,0.072326,2.814708
sample,708,drone,17.685137,4.664086,-1.012276,3.238060,-2.350196,0.796828,0.449495,-0.269557,0.091393,0.051555,2.814708
sample,709,drone,17.710116,4.605296,-0.992343,3.249304,-2.355569,0.798649,0.450523,-0.160488,0.054413,0.030695,2.814708
sample,710,drone,17.735095,4.546406,-0.972377,3.260567,-2.358213,0.799546,0.451029,-0.051138,0.017338,0.009781,2.814708
sample,711,drone,17.760074,4.487484,-0.952399,3.271836,-2.358124,0.799516,0.451012,0.058300,-0.019766,-0.011150,2.814708
sample,712,drone,17.785053,4.428599,-0.932435,3.283098,-2.355301,0.798558,0.450472,0.167637,-0.056837,-0.032062,2.814708
sample,713,drone,17.810032,4.369818,-0.912505,3.294341,-2.349749,0.796676,0.449410,0.276681,-0.093808,-0.052918,2.814708
sample,714,drone,17.835011,4.311210,-0.892634,3.305550,-2.341478,0.793872,0.447828,0.385244,-0.130616,-0.073681,2.814708
sample,715,drone,17.859990,4.252842,-0.872845,3.316713,-2.330503,0.790151,0.445729,0.493133,-0.167195,-0.094316,2.814708
sample,716,drone,17.884969,4.194783,-0.853160,3.327818,-2.316843,0.785519,0.443116,0.600159,-0.203482,-0.114786,2.814708
sample,717,drone,17.909948,4.137098,-0.833602,3.338851,-2.300520,0.779985,0.439995,0.706131,-0.239412,-0.135054,2.814708
sample,718,drone,17.934927,4.079853,-0.814193,3.349799,-2.281566,0.773559,0.436369,0.810859,-0.274920,-0.155084,2.814708
sample,719,drone,17.959906,4.023115,-0.794956,3.360651,-2.260012,0.766251,0.432247,0.914152,-0.309941,-0.174840,2.814708
sample,720,drone,17.984885,3.966948,-0.775913,3.371393,-2.235896,0.758075,0.427635,1.015820,-0.344411,-0.194284,2.814708
sample,721,drone,18.009864,3.911414,-0.757084,3.382015,-2.209263,0.749045,0.422541,1.115672,-0.378266,-0.213382,2.814708
sample,722,drone,18.034843,3.856577,-0.738492,3.392503,-2.180160,0.739177,0.416974,1.213517,-0.411440,-0.232096,2.814708
sample,723,drone,18.059822,3.802498,-0.720157,3.402846,-2.148638,0.728490,0.410946,1.309166,-0.443869,-0.250389,2.814708
sample,724,drone,18.084801,3.749235,-0.702098,3.413033,-2.114756,0.717002,0.404466,1.402428,-0.475489,-0.268227,2.814708
sample,725,drone,18.109780,3.696849,-0.684337,3.423052,-2.078576,0.704736,0.397546,1.493112,-0.506236,-0.285571,2.814708
sample,726,drone,18.134759,3.645394,-0.666891,3.432893,-2.040163,0.691712,0.390199,1.581027,-0.536043,-0.302385,2.814708
sample,727,drone,18.159738,3.594926,-0.649780,3.442546,-1.999591,0.677956,0.382439,1.665984,-0.564848,-0.318634,2.814708
sample,728,drone,18.184717,3.545498,-0.633022,3.451999,-1.956934,0.663493,0.374281,1.747792,-0.592584,-0.334280,2.814708
sample,729,drone,18.209696,3.497162,-0.616633,3.461244,-1.912275,0.648352,0.365739,1.826260,-0.619189,-0.349288,2.814708
sample,730,drone,18.234675,3.449965,-0.600631,3.470271,-1.865698,0.632560,0.356831,1.901199,-0.644596,-0.363621,2.814708
sample,731,drone,18.259654,3.403955,-0.585032,3.479071,-1.817294,0.616149,0.347573,1.972416,-0.668742,-0.377242,2.814708
sample,732,drone,18.284633,3.359177,-0.569850,3.487635,-1.767160,0.599151,0.337985,2.039722,-0.691562,-0.390115,2.814708
sample,733,drone,18.309612,3.315671,-0.555099,3.495956,-1.715394,0.581600,0.328084,2.102927,-0.712992,-0.402203,2.814708
sample,734,drone,18.334591,3.273479,-0.540794,3.504025,-1.662102,0.563531,0.317891,2.161840,-0.732966,-0.413471,2.814708
sample,735,drone,18.359570,3.232636,-0.526947,3.511837,-1.607393,0.544982,0.307428,2.216270,-0.751421,-0.423881,2.814708
sample,736,drone,18.384549,3.193177,-0.513568,3.519384,-1.551381,0.525992,0.296715,2.266028,-0.768291,-0.433398,2.814708
sample,737,drone,18.409528,3.155132,-0.500669,3.526660,-1.494186,0.506600,0.285776,2.310922,-0.783512,-0.441984,2.814708
sample,738,drone,18.434507,3.118530,-0.488259,3.533661,-1.435932,0.486849,0.274635,2.350761,-0.797019,-0.449604,2.814708
sample,739,drone,18.459486,3.083396,-0.476347,3.540380,-1.376747,0.466782,0.263315,2.385357,-0.808749,-0.456220,2.814708
sample,740,drone,18.484465,3.049751,-0.464940,3.546815,-1.316764,0.446445,0.251843,2.414517,-0.818636,-0.461797,2.814708
sample,741,drone,18.509444,3.017613,-0.454044,3.552962,-1.256123,0.425885,0.240244,2.438052,-0.826615,-0.466299,2.814708
sample,742,drone,18.534423,2.986997,-0.443663,3.558817,-1.194964,0.405149,0.228547,2.455772,-0.832623,-0.469688,2.814708
sample,743,drone,18.559402,2.957915,-0.433803,3.564380,-1.133437,0.384289,0.216780,2.467485,-0.836594,-0.471928,2.814708
sample,744,drone,18.584381,2.930373,-0.424465,3.569647,-1.071694,0.363355,0.204971,2.473001,-0.838464,-0.472983,2.814708
sample,745,drone,18.609360,2.904375,-0.415651,3.574620,-1.009891,0.342401,0.193150,2.472129,-0.838169,-0.472816,2.814708
sample,746,drone,18.634339,2.879921,-0.407359,3.579297,-0.948191,0.321482,0.181350,2.464680,-0.835643,-0.471392,2.814708
sample,747,drone,18.659318,2.857005,-0.399590,3.583679,-0.886760,0.300654,0.169601,2.450463,-0.830823,-0.468672,2.814708
sample,748,drone,18.684298,2.835620,-0.392339,3.587770,-0.825771,0.279975,0.157936,2.429287,-0.823643,-0.464622,2.814708
sample,749,drone,18.709277,2.815751,-0.385603,3.591570,-0.765398,0.259506,0.146389,2.400961,-0.814039,-0.459205,2.814708
sample,750,drone,18.734256,2.797382,-0.379375,3.595083,-0.705823,0.239308,0.134995,2.365296,-0.801947,-0.452383,2.814708
sample,751,drone,18.759235,2.780490,-0.373648,3.598314,-0.647233,0.219442,0.123789,2.322101,-0.787302,-0.444122,2.814708
sample,752,drone,18.784214,2.765048,-0.368412,3.601267,-0.589816,0.199975,0.112807,2.271185,-0.770039,-0.434384,2.814708
sample,753,drone,18.809193,2.751024,-0.363657,3.603949,-0.533769,0.180973,0.102088,2.212358,-0.750094,-0.423133,2.814708
sample,754,drone,18.834172,2.738382,-0.359371,3.606367,-0.479291,0.162502,0.091669,2.145429,-0.727402,-0.410332,2.814708
sample,755,drone,18.859151,2.727079,-0.355539,3.608529,-0.426587,0.144633,0.081589,2.070208,-0.701898,-0.395945,2.814708
sample,756,drone,18.884130,2.717070,-0.352145,3.610443,-0.375867,0.127437,0.071888,1.986504,-0.673519,-0.379936,2.814708
sample,757,drone,18.909109,2.708302,-0.349172,3.612120,-0.327345,0.110986,0.062608,1.894128,-0.642199,-0.362268,2.814708
sample,758,drone,18.934088,2.700717,-0.346601,3.613571,-0.281241,0.095354,0.053790,1.792887,-0.607874,-0.342905,2.814708
sample,759,drone,18.959067,2.694252,-0.344409,3.614807,-0.237776,0.080617,0.045477,1.682593,-0.570479,-0.321811,2.814708
sample,760,drone,18.984046,2.688838,-0.342573,3.615843,-0.197182,0.066854,0.037713,1.563054,-0.529949,-0.298948,2.814708
sample,761,drone,19.009025,2.684401,-0.341069,3.616692,-0.159689,0.054142,0.030542,1.434081,-0.486221,-0.274280,2.814708
sample,762,drone,19.034004,2.680860,-0.339868,3.617369,-0.125538,0.042563,0.024010,1.295481,-0.439229,-0.247772,2.814708
sample,763,drone,19.058983,2.678129,-0.338943,3.617891,-0.094970,0.032199,0.018164,1.147066,-0.388910,-0.219386,2.814708
sample,764,drone,19.083962,2.676116,-0.338260,3.618276,-0.068233,0.023134,0.013050,0.988644,-0.335197,-0.189087,2.814708
sample,765,drone,19.108941,2.674721,-0.337787,3.618543,-0.045579,0.015453,0.008717,0.820026,-0.278028,-0.156837,2.814708
sample,766,drone,19.133920,2.673839,-0.337488,3.618712,-0.027266,0.009244,0.005215,0.641020,-0.217336,-0.122601,2.814708
sample,767,drone,19.158899,2.673358,-0.337325,3.618803,-0.013555,0.004596,0.002592,0.451436,-0.153058,-0.086341,2.814708
sample,768,drone,19.183878,2.673161,-0.337258,3.618841,-0.004713,0.001598,0.000901,0.258725,-0.085177,-0.049676,2.814708
sample,769,drone,19.208857,2.673123,-0.337245,3.618849,-0.000629,0.000340,0.000111,0.127096,-0.014434,-0.026477,2.645771
sample,770,drone,19.233836,2.673130,-0.337241,3.618847,0.001637,0.000877,-0.000421,0.132019,0.056931,-0.032946,0.491815
sample,771,drone,19.258815,2.673205,-0.337201,3.618827,0.005966,0.003185,-0.001535,0.237136,0.126519,-0.061015,0.490316
sample,772,drone,19.283794,2.673428,-0.337082,3.618770,0.013483,0.007197,-0.003470,0.362272,0.193379,-0.093220,0.490316
sample,773,drone,19.308773,2.673878,-0.336842,3.618654,0.024064,0.012845,-0.006192,0.482339,0.257470,-0.124115,0.490316
sample,774,drone,19.333752,2.674630,-0.336440,3.618461,0.037580,0.020060,-0.009670,0.597289,0.318829,-0.153694,0.490316
sample,775,drone,19.358731,2.675756,-0.335840,3.618171,0.053904,0.028774,-0.013870,0.707192,0.377495,-0.181974,0.490316
sample,776,drone,19.383710,2.677323,-0.335003,3.617768,0.072910,0.038919,-0.018761,0.812119,0.433504,-0.208974,0.490316
sample,777,drone,19.408689,2.679398,-0.333895,3.617234,0.094476,0.050431,-0.024310,0.912139,0.486895,-0.234711,0.490316
sample,778,drone,19.433668,2.682043,-0.332484,3.616553,0.118479,0.063243,-0.030487,1.007324,0.537704,-0.259204,0.490316
sample,779,drone,19.458647,2.685317,-0.330736,3.615711,0.144800,0.077293,-0.037260,1.097743,0.585969,-0.282470,0.490316
sample,780,drone,19.483626,2.689277,-0.328622,3.614692,0.173320,0.092517,-0.044599,1.183467,0.631728,-0.304529,0.490316
sample,781,drone,19.508605,2.693976,-0.326114,3.613483,0.203923,0.108853,-0.052473,1.264566,0.675018,-0.325397,0.490316
sample,782,drone,19.533584,2.699465,-0.323184,3.612070,0.236495,0.126240,-0.060855,1.341111,0.715877,-0.345094,0.490316
sample,783,drone,19.558563,2.705791,-0.319807,3.610442,0.270922,0.144617,-0.069714,1.413171,0.754343,-0.363636,0.490316
sample,784,drone,19.583542,2.712999,-0.315959,3.608588,0.307094,0.163925,-0.079021,1.480818,0.790452,-0.381043,0.490316
sample,785,drone,19.608521,2.721132,-0.311618,3.606495,0.344901,0.184106,-0.088750,1.544121,0.824242,-0.397332,0.490316
sample,786,drone,19.633500,2.730230,-0.306762,3.604154,0.384235,0.205103,-0.098871,1.603150,0.855752,-0.412521,0.490316
sample,787,drone,19.658479,2.740328,-0.301371,3.601555,0.424991,0.226858,-0.109358,1.657977,0.885018,-0.426629,0.490316
sample,788,drone,19.683458,2.751462,-0.295428,3.598690,0.467065,0.249316,-0.120185,1.708671,0.912078,-0.439674,0.490316
sample,789,drone,19.708437,2.763662,-0.288916,3.595551,0.510353,0.272424,-0.131324,1.755302,0.936970,-0.451673,0.490316
sample,790,drone,19.733416,2.776958,-0.281819,3.592130,0.554756,0.296126,-0.142749,1.797942,0.959731,-0.462645,0.490316
sample,791,drone,19.758395,2.791376,-0.274122,3.588420,0.600175,0.320370,-0.154436,1.836660,0.980398,-0.472608,0.490316
sample,792,drone,19.783374,2.806941,-0.265814,3.584414,0.646512,0.345104,-0.166360,1.871527,0.999010,-0.481580,0.490316
sample,793,drone,19.808353,2.823675,-0.256881,3.580109,0.693673,0.370278,-0.178495,1.902612,1.015603,-0.489579,0.490316
sample,794,drone,19.833332,2.841596,-0.247315,3.575497,0.741563,0.395842,-0.190818,1.929987,1.030216,-0.496623,0.490316
sample,795,drone,19.858311,2.860722,-0.237106,3.570576,0.790091,0.421746,-0.203306,1.953721,1.042885,-0.502730,0.490316
sample,796,drone,19.883290,2.881067,-0.226246,3.565340,0.839167,0.447942,-0.215934,1.973886,1.053648,-0.507919,0.490316
sample,797,drone,19.908269,2.902645,-0.214728,3.559788,0.888702,0.474384,-0.228680,1.990550,1.062544,-0.512207,0.490316
sample,798,drone,19.933248,2.925465,-0.202546,3.553916,0.938611,0.501025,-0.241523,2.003785,1.069609,-0.515612,0.490316
sample,799,drone,19.958227,2.949536,-0.189697,3.547722,0.988807,0.527820,-0.254439,2.013661,1.074880,-0.518154,0.490316
sample,800,drone,19.983206,2.974864,-0.176177,3.541205,1.039209,0.554724,-0.267408,2.020248,1.078396,-0.519849,0.490316
sample,801,drone,20.008185,3.001453,-0.161984,3.534363,1.089735,0.581694,-0.280410,2.023617,1.080195,-0.520715,0.490316
sample,802,drone,20.033164,3.029305,-0.147117,3.527196,1.140305,0.608688,-0.293422,2.023837,1.080312,-0.520772,0.490316
sample,803,drone,20.058143,3.058420,-0.131576,3.519704,1.190842,0.635664,-0.306426,2.020979,1.078787,-0.520037,0.490316
sample,804,drone,20.083122,3.088797,-0.115361,3.511888,1.241269,0.662582,-0.319402,2.015114,1.075656,-0.518528,0.490316
sample,805,drone,20.108101,3.120432,-0.098474,3.503747,1.291513,0.689402,-0.332331,2.006312,1.070957,-0.516263,0.490316
sample,806,drone,20.133080,3.153318,-0.080920,3.495285,1.341501,0.716085,-0.345194,1.994643,1.064729,-0.513260,0.490316
sample,807,drone,20.158059,3.187450,-0.062700,3.486502,1.391161,0.742594,-0.357973,1.980177,1.057007,-0.509538,0.490316
sample,808,drone,20.183038,3.222818,-0.043821,3.477401,1.440426,0.768891,-0.370649,1.962985,1.047830,-0.505114,0.490316
sample,809,drone,20.208017,3.259411,-0.024288,3.467985,1.489228,0.794941,-0.383207,1.943137,1.037235,-0.500006,0.490316
sample,810,drone,20.232996,3.297217,-0.004107,3.458257,1.537502,0.820709,-0.395629,1.920703,1.025260,-0.494234,0.490316
sample,811,drone,20.257975,3.336222,0.016713,3.448220,1.585183,0.846161,-0.407898,1.895754,1.011942,-0.487814,0.490316
sample,812,drone,20.282954,3.376410,0.038165,3.437879,1.632210,0.871264,-0.419999,1.868360,0.997319,-0.480765,0.490316
sample,813,drone,20.307933,3.417764,0.060240,3.427238,1.678522,0.895985,-0.431916,1.838591,0.981429,-0.473105,0.490316
sample,814,drone,20.332912,3.460265,0.082927,3.416302,1.724062,0.920294,-0.443634,1.806518,0.964309,-0.464852,0.490316
sample,815,drone,20.357891,3.503894,0.106216,3.405075,1.768772,0.944160,-0.455139,1.772211,0.945996,-0.456024,0.490316
sample,816,drone,20.382870,3.548630,0.130095,3.393564,1.812598,0.967554,-0.466416,1.735740,0.926528,-0.446639,0.490316
sample,817,drone,20.407849,3.594448,0.154553,3.381774,1.855486,0.990448,-0.477452,1.697176,0.905942,-0.436716,0.490316
sample,818,drone,20.432828,3.641326,0.179576,3.369711,1.897386,1.012813,-0.488234,1.656588,0.884277,-0.426272,0.490316
sample,819,drone,20.457807,3.689238,0.205151,3.357383,1.938246,1.034624,-0.498748,1.614048,0.861569,-0.415326,0.490316
sample,820,drone,20.482786,3.738157,0.231264,3.344795,1.978020,1.055856,-0.508983,1.569625,0.837857,-0.403895,0.490316
sample,821,drone,20.507765,3.788056,0.257899,3.331955,2.016662,1.076482,-0.518926,1.523391,0.813177,-0.391998,0.490316
sample,822,drone,20.532744,3.838905,0.285043,3.318870,2.054126,1.096480,-0.528566,1.475414,0.787567,-0.379652,0.490316
sample,823,drone,20.557723,3.890676,0.312677,3.305549,2.090370,1.115827,-0.537892,1.425766,0.761065,-0.366877,0.490316
sample,824,drone,20.582702,3.943336,0.340787,3.291998,2.125354,1.134502,-0.546894,1.374516,0.733709,-0.353689,0.490316
sample,825,drone,20.607681,3.996854,0.369355,3.278227,2.159039,1.152482,-0.555562,1.321736,0.705535,-0.340108,0.490316
sample,826,drone,20.632660,4.051197,0.398363,3.264244,2.191386,1.169749,-0.563886,1.267495,0.676581,-0.326151,0.490316
sample,827,drone,20.657639,4.106331,0.427793,3.250056,2.222360,1.186283,-0.571856,1.211864,0.646886,-0.311836,0.490316
sample,828,drone,20.682618,4.162222,0.457627,3.235675,2.251928,1.202066,-0.579464,1.154913,0.616486,-0.297181,0.490316
sample,829,drone,20.707597,4.218833,0.487846,3.221108,2.280057,1.217081,-0.586702,1.096713,0.585419,-0.282205,0.490316
sample,830,drone,20.732576,4.276129,0.518430,3.206364,2.306718,1.231312,-0.593563,1.037333,0.553722,-0.266926,0.490316
sample,831,drone,20.757555,4.334072,0.549360,3.191454,2.331880,1.244744,-0.600038,0.976844,0.521434,-0.251361,0.490316
sample,832,drone,20.782534,4.392625,0.580615,3.176388,2.355519,1.257362,-0.606120,0.915317,0.488591,-0.235529,0.490316
sample,833,drone,20.807513,4.451749,0.612175,3.161174,2.377608,1.269153,-0.611804,0.852821,0.455231,-0.219447,0.490316
sample,834,drone,20.832492,4.511406,0.644020,3.145823,2.398124,1.280104,-0.617083,0.789427,0.421391,-0.203135,0.490316
sample,835,drone,20.857471,4.571555,0.676127,3.130346,2.417046,1.290205,-0.621952,0.725206,0.387110,-0.186609,0.490316
sample,836,drone,20.882450,4.632157,0.708476,3.114752,2.434354,1.299444,-0.626406,0.660227,0.352425,-0.169889,0.490316
sample,837,drone,20.907429,4.693170,0.741044,3.099052,2.450030,1.307811,-0.630440,0.594561,0.317373,-0.152992,0.490316
sample,838,drone,20.932408,4.754555,0.773811,3.083256,2.464057,1.315299,-0.634049,0.528278,0.281992,-0.135936,0.490316
sample,839,drone,20.957387,4.816270,0.806754,3.067376,2.476421,1.321899,-0.637231,0.461449,0.246319,-0.118740,0.490316
sample,840,drone,20.982366,4.878272,0.839851,3.051421,2.487110,1.327605,-0.639981,0.394144,0.210392,-0.101421,0.490316
sample,841,drone,21.007345,4.940521,0.873079,3.035404,2.496112,1.332410,-0.642297,0.326433,0.174248,-0.083997,0.490316
sample,842,drone,21.032324,5.002973,0.906415,3.019333,2.503418,1.336310,-0.644177,0.258386,0.137925,-0.066488,0.490316
sample,843,drone,21.057303,5.065587,0.939838,3.003222,2.509020,1.339300,-0.645619,0.190075,0.101461,-0.048910,0.490316
sample,844,drone,21.082282,5.128319,0.973324,2.987079,2.512914,1.341378,-0.646621,0.121568,0.064892,-0.031282,0.490316
sample,845,drone,21.107261,5.191127,1.006851,2.970918,2.515094,1.342542,-0.647182,0.052937,0.028258,-0.013622,0.490316
sample,846,drone,21.132240,5.253968,1.040395,2.954748,2.515558,1.342790,-0.647301,-0.015748,-0.008406,0.004052,0.490316
sample,847,drone,21.157219,5.316799,1.073934,2.938580,2.514307,1.342122,-0.646979,-0.084417,-0.045061,0.021722,0.490316
sample,848,drone,21.182198,5.379578,1.107445,2.922426,2.511341,1.340539,-0.646216,-0.153000,-0.081670,0.039370,0.490316
sample,849,drone,21.207177,5.442261,1.140904,2.906296,2.506663,1.338042,-0.645013,-0.221425,-0.118196,0.056977,0.490316
sample,850,drone,21.232156,5.504806,1.174290,2.890202,2.500279,1.334634,-0.643370,-0.289624,-0.154600,0.074526,0.490316
sample,851,drone,21.257135,5.567170,1.207580,2.874155,2.492194,1.330319,-0.641289,-0.357526,-0.190845,0.091998,0.490316
sample,852,drone,21.282114,5.629311,1.240751,2.858165,2.482418,1.325100,-0.638774,-0.425059,-0.226894,0.109376,0.490316
sample,853,drone,21.307093,5.691186,1.273779,2.842243,2.470959,1.318983,-0.635825,-0.492155,-0.262709,0.126641,0.490316
sample,854,drone,21.332072,5.752755,1.306644,2.826400,2.457831,1.311975,-0.632447,-0.558742,-0.298253,0.143775,0.490316
sample,855,drone,21.357051,5.813975,1.339323,2.810647,2.443046,1.304083,-0.628643,-0.624751,-0.333488,0.160760,0.490316
sample,856,drone,21.382030,5.874805,1.371794,2.794994,2.426619,1.295315,-0.624416,-0.690110,-0.368377,0.177579,0.490316
sample,857,drone,21.407009,5.935204,1.404034,2.779452,2.408569,1.285680,-0.619771,-0.754751,-0.402881,0.194212,0.490316
sample,858,drone,21.431988,5.995132,1.436024,2.764032,2.388914,1.275188,-0.614713,-0.818601,-0.436965,0.210642,0.490316
sample,859,drone,21.456967,6.054549,1.467740,2.748743,2.367673,1.263850,-0.609248,-0.881592,-0.470589,0.226851,0.490316
sample,860,drone,21.481946,6.113416,1.499163,2.733595,2.344871,1.251678,-0.603380,-0.943653,-0.503716,0.242820,0.490316
sample,861,drone,21.506925,6.171694,1.530272,2.718599,2.320530,1.238685,-0.597117,-1.004713,-0.536310,0.258532,0.490316
sample,862,drone,21.531904,6.229345,1.561045,2.703764,2.294677,1.224885,-0.590465,-1.064702,-0.568332,0.273968,0.490316
sample,863,drone,21.556883,6.286332,1.591464,2.689101,2.267340,1.210293,-0.583430,-1.123550,-0.599744,0.289111,0.490316
sample,864,drone,21.581862,6.342617,1.621509,2.674617,2.238547,1.194923,-0.576021,-1.181186,-0.630510,0.303942,0.490316
sample,865,drone,21.606841,6.398165,1.651160,2.660324,2.208330,1.178794,-0.568246,-1.237540,-0.660592,0.318443,0.490316
sample,866,drone,21.631820,6.452941,1.680399,2.646229,2.176722,1.161921,-0.560112,-1.292543,-0.689952,0.332596,0.490316
sample,867,drone,21.656799,6.506910,1.709208,2.632342,2.143757,1.144325,-0.551630,-1.346123,-0.718552,0.346383,0.490316
sample,868,drone,21.681778,6.560039,1.737568,2.618670,2.109472,1.126024,-0.542808,-1.398210,-0.746356,0.359786,0.490316
sample,869,drone,21.706757,6.612295,1.765462,2.605224,2.073906,1.107039,-0.533656,-1.448734,-0.773325,0.372787,0.490316
sample,870,drone,21.731736,6.663647,1.792873,2.592010,2.037097,1.087390,-0.524184,-1.497624,-0.799423,0.385367,0.490316
sample,871,drone,21.756715,6.714064,1.819786,2.579037,1.999087,1.067101,-0.514404,-1.544811,-0.824611,0.397509,0.490316
sample,872,drone,21.781694,6.763517,1.846183,2.566312,1.959921,1.046194,-0.504325,-1.590223,-0.848852,0.409195,0.490316
sample,873,drone,21.806673,6.811978,1.872051,2.553842,1.919643,1.024694,-0.493961,-1.633792,-0.872108,0.420406,0.490316
sample,874,drone,21.831652,6.859419,1.897375,2.541634,1.878300,1.002625,-0.483323,-1.675445,-0.894343,0.431124,0.490316
sample,875,drone,21.856631,6.905814,1.922140,2.529696,1.835941,0.980014,-0.472423,-1.715114,-0.915518,0.441332,0.490316
sample,876,drone,21.881610,6.951139,1.946335,2.518033,1.792616,0.956888,-0.461275,-1.752727,-0.935595,0.451010,0.490316
sample,877,drone,21.906589,6.995370,1.969945,2.506651,1.748378,0.933274,-0.449891,-1.788214,-0.954538,0.460142,0.490316
sample,878,drone,21.931568,7.038484,1.992959,2.495557,1.703281,0.909201,-0.438287,-1.821506,-0.972309,0.468708,0.490316
sample,879,drone,21.956547,7.080462,2.015367,2.484756,1.657379,0.884699,-0.426476,-1.852531,-0.988870,0.476692,0.490316
sample,880,drone,21.981526,7.121284,2.037157,2.474251,1.610732,0.859799,-0.414472,-1.881220,-1.004184,0.484074,0.490316
sample,881,drone,22.006505,7.160931,2.058320,2.464049,1.563397,0.834532,-0.402292,-1.907502,-1.018213,0.490837,0.490316
sample,882,drone,22.031484,7.199388,2.078848,2.454154,1.515437,0.808931,-0.389951,-1.931306,-1.030920,0.496962,0.490316
sample,883,drone,22.056464,7.236639,2.098733,2.444568,1.466913,0.783030,-0.377465,-1.952563,-1.042266,0.502432,0.490316
sample,884,drone,22.081443,7.272672,2.117967,2.435296,1.417891,0.756862,-0.364850,-1.971202,-1.052216,0.507228,0.490316
sample,885,drone,22.106422,7.307474,2.136544,2.426341,1.368436,0.730463,-0.352125,-1.987153,-1.060730,0.511332,0.490316
sample,886,drone,22.131401,7.341036,2.154460,2.417705,1.318617,0.703870,-0.339305,-2.000345,-1.067772,0.514727,0.490316
sample,887,drone,22.156380,7.373350,2.171708,2.409390,1.268503,0.677119,-0.326410,-2.010708,-1.073304,0.517394,0.490316
sample,888,drone,22.181359,7.404408,2.188287,2.401398,1.218166,0.650250,-0.313457,-2.018172,-1.077289,0.519314,0.490316
sample,889,drone,22.206338,7.434207,2.204193,2.393730,1.167679,0.623300,-0.300466,-2.022667,-1.079688,0.520471,0.490316
sample,890,drone,22.231317,7.462743,2.219426,2.386387,1.117117,0.596310,-0.287456,-2.024122,-1.080464,0.520845,0.490316
sample,891,drone,22.256296,7.490016,2.233984,2.379370,1.066558,0.569322,-0.274446,-2.022467,-1.079581,0.520420,0.490316
sample,892,drone,22.281275,7.516026,2.247868,2.372677,1.016079,0.542377,-0.261457,-2.017631,-1.077000,0.519175,0.490316
sample,893,drone,22.306254,7.540777,2.261080,2.366308,0.965761,0.515517,-0.248509,-2.009545,-1.072683,0.517095,0.490316
sample,894,drone,22.331233,7.564274,2.273622,2.360262,0.915686,0.488788,-0.235624,-1.998138,-1.066594,0.514159,0.490316
sample,895,drone,22.356212,7.586523,2.285499,2.354536,0.865938,0.462232,-0.222822,-1.983339,-1.058695,0.510351,0.490316
sample,896,drone,22.381191,7.607534,2.296715,2.349130,0.816602,0.435897,-0.210127,-1.965079,-1.048947,0.505652,0.490316
sample,897,drone,22.406170,7.627319,2.307275,2.344039,0.767766,0.409829,-0.197561,-1.943286,-1.037315,0.500045,0.490316
sample,898,drone,22.431149,7.645890,2.317189,2.339260,0.719519,0.384075,-0.185146,-1.917891,-1.023759,0.493510,0.490316
sample,899,drone,22.456128,7.663265,2.326463,2.334789,0.671952,0.358684,-0.172906,-1.888824,-1.008243,0.486031,0.490316
sample,900,drone,22.481107,7.679460,2.335108,2.330622,0.625157,0.333705,-0.160865,-1.856013,-0.990729,0.477588,0.490316
sample,901,drone,22.506086,7.694496,2.343134,2.326753,0.579230,0.309189,-0.149047,-1.819389,-0.971179,0.468164,0.490316
sample,902,drone,22.531065,7.708397,2.350554,2.323176,0.534264,0.285187,-0.137476,-1.778882,-0.949557,0.457740,0.490316
sample,903,drone,22.556044,7.721187,2.357382,2.319885,0.490360,0.261751,-0.126179,-1.734421,-0.925823,0.446300,0.490316
sample,904,drone,22.581023,7.732894,2.363631,2.316872,0.447616,0.238935,-0.115180,-1.685935,-0.899942,0.433823,0.490316
sample,905,drone,22.606002,7.743549,2.369318,2.314131,0.406134,0.216792,-0.104506,-1.633355,-0.871875,0.420294,0.490316
sample,906,drone,22.630981,7.753184,2.374462,2.311651,0.366017,0.195378,-0.094183,-1.576610,-0.841585,0.405692,0.490316
sample,907,drone,22.655960,7.761835,2.379079,2.309425,0.327370,0.174748,-0.084239,-1.515630,-0.809034,0.390001,0.490316
sample,908,drone,22.680939,7.769539,2.383192,2.307443,0.290299,0.154960,-0.074700,-1.450344,-0.774185,0.373201,0.490316
sample,909,drone,22.705918,7.776337,2.386821,2.305694,0.254914,0.136071,-0.065594,-1.380682,-0.737000,0.355276,0.490316
sample,910,drone,22.730897,7.782274,2.389989,2.304166,0.221323,0.118141,-0.056951,-1.306575,-0.697442,0.336207,0.490316
sample,911,drone,22.755876,7.787394,2.392723,2.302848,0.189640,0.101229,-0.048798,-1.227950,-0.655473,0.315975,0.490316
sample,912,drone,22.780855,7.791748,2.395047,2.301728,0.159977,0.085395,-0.041165,-1.144739,-0.611055,0.294563,0.490316
sample,913,drone,22.805834,7.795386,2.396989,2.300792,0.132451,0.070701,-0.034082,-1.056871,-0.564152,0.271953,0.490316
sample,914,drone,22.830813,7.798365,2.398579,2.300025,0.107178,0.057211,-0.027579,-0.964276,-0.514725,0.248127,0.490316
sample,915,drone,22.855792,7.800741,2.399847,2.299414,0.084277,0.044987,-0.021686,-0.866882,-0.462737,0.223065,0.490316
sample,916,drone,22.880771,7.802575,2.400826,2.298942,0.063870,0.034094,-0.016435,-0.764621,-0.408150,0.196752,0.490316
sample,917,drone,22.905750,7.803932,2.401550,2.298593,0.046078,0.024596,-0.011857,-0.657421,-0.350928,0.169167,0.490316
sample,918,drone,22.930729,7.804877,2.402055,2.298350,0.031027,0.016562,-0.007984,-0.545213,-0.291031,0.140294,0.490316
sample,919,drone,22.955708,7.805482,2.402378,2.298194,0.018841,0.010057,-0.004848,-0.427925,-0.228424,0.110113,0.490316
sample,920,drone,22.980687,7.805818,2.402557,2.298108,0.009648,0.005150,-0.002483,-0.305489,-0.163068,0.078608,0.490316
sample,921,drone,23.005666,7.805964,2.402635,2.298070,0.003579,0.001911,-0.000921,-0.172662,-0.097796,0.046661,0.490316
sample,922,drone,23.030645,7.805997,2.402653,2.298061,0.001023,0.000265,-0.000152,0.035222,-0.069331,0.025865,0.253151
sample,923,drone,23.055624,7.806015,2.402648,2.298063,0.005339,-0.001553,0.000371,0.402571,-0.129109,0.032745,-0.283100
sample,924,drone,23.080603,7.806264,2.402575,2.298080,0.021134,-0.006186,0.001484,0.882484,-0.258472,0.062051,-0.284726
sample,925,drone,23.105582,7.807071,2.402339,2.298137,0.049426,-0.014466,0.003471,1.360198,-0.398100,0.095525,-0.284726
sample,926,drone,23.130561,7.808733,2.401853,2.298253,0.089087,-0.026074,0.006256,1.792758,-0.524701,0.125904,-0.284726
sample,927,drone,23.155540,7.811521,2.401037,2.298449,0.138989,-0.040679,0.009761,2.180829,-0.638281,0.153157,-0.284726
sample,928,drone,23.180519,7.815677,2.399820,2.298741,0.198037,-0.057961,0.013908,2.525823,-0.739253,0.177386,-0.284726
sample,929,drone,23.205498,7.821415,2.398141,2.299144,0.265174,-0.077611,0.018623,2.829154,-0.828032,0.198689,-0.284726
sample,930,drone,23.230477,7.828924,2.395943,2.299671,0.339376,-0.099328,0.023834,3.092233,-0.905029,0.217165,-0.284726
sample,931,drone,23.255456,7.838369,2.393179,2.300335,0.419655,-0.122824,0.029472,3.316475,-0.970660,0.232913,-0.284726
sample,932,drone,23.280435,7.849889,2.389807,2.301144,0.505060,-0.147820,0.035470,3.503291,-1.025337,0.246033,-0.284726
sample,933,drone,23.305414,7.863601,2.385794,2.302107,0.594673,-0.174048,0.041763,3.654095,-1.069474,0.256624,-0.284726
sample,934,drone,23.330393,7.879598,2.381112,2.303230,0.687612,-0.201249,0.048290,3.770298,-1.103484,0.264784,-0.284726
sample,935,drone,23.355372,7.897953,2.375740,2.304519,0.783030,-0.229176,0.054991,3.853314,-1.127781,0.270615,-0.284726
sample,936,drone,23.380351,7.918717,2.369663,2.305977,0.880115,-0.257591,0.061810,3.904556,-1.142779,0.274213,-0.284726
sample,937,drone,23.405330,7.941922,2.362871,2.307607,0.978093,-0.286267,0.068691,3.925436,-1.148890,0.275680,-0.284726
sample,938,drone,23.430309,7.967580,2.355361,2.309409,1.076222,-0.314987,0.075582,3.917367,-1.146528,0.275113,-0.284726
sample,939,drone,23.455288,7.995687,2.347135,2.311383,1.173797,-0.343545,0.082435,3.881761,-1.136107,0.272612,-0.284726
sample,940,drone,23.480267,8.026221,2.338199,2.313527,1.270148,-0.371745,0.089201,3.820032,-1.118040,0.268277,-0.284726
sample,941,drone,23.505246,8.059142,2.328563,2.315839,1.364638,-0.399400,0.095837,3.733593,-1.092741,0.262207,-0.284726
sample,942,drone,23.530225,8.094395,2.318245,2.318315,1.456670,-0.426336,0.102301,3.623855,-1.060623,0.254500,-0.284726
sample,943,drone,23.555204,8.131914,2.307265,2.320950,1.545679,-0.452387,0.108552,3.492232,-1.022100,0.245256,-0.284726
sample,944,drone,23.580183,8.171615,2.295645,2.323738,1.631135,-0.477398,0.114553,3.340136,-0.977585,0.234575,-0.284726
sample,945,drone,23.605162,8.213402,2.283415,2.326673,1.712546,-0.501225,0.120270,3.168981,-0.927492,0.222554,-0.284726
sample,946,drone,23.630141,8.257170,2.270605,2.329747,1.789451,-0.523733,0.125671,2.980178,-0.872233,0.209295,-0.284726
sample,947,drone,23.655120,8.302800,2.257250,2.332951,1.861429,-0.544800,0.130726,2.775141,-0.812223,0.194895,-0.284726
sample,948,drone,23.680099,8.350163,2.243388,2.336278,1.928092,-0.564311,0.135408,2.555283,-0.747876,0.179455,-0.284726
sample,949,drone,23.705078,8.399123,2.229058,2.339716,1.989086,-0.582162,0.139692,2.322015,-0.679603,0.163073,-0.284726
sample,950,drone,23.730057,8.449534,2.214304,2.343256,2.044095,-0.598262,0.143555,2.076752,-0.607820,0.145848,-0.284726
sample,951,drone,23.755036,8.501242,2.199170,2.346888,2.092837,-0.612528,0.146978,1.820905,-0.532939,0.127880,-0.284726
sample,952,drone,23.780015,8.554088,2.183703,2.350599,2.135064,-0.624887,0.149943,1.555887,-0.455374,0.109268,-0.284726
sample,953,drone,23.804994,8.607906,2.167952,2.354379,2.170566,-0.635277,0.152437,1.283112,-0.375539,0.090112,-0.284726
sample,954,drone,23.829973,8.662525,2.151966,2.358214,2.199166,-0.643648,0.154445,1.003991,-0.293846,0.070509,-0.284726
sample,955,drone,23.854952,8.717772,2.135797,2.362094,2.220723,-0.649957,0.155959,0.719938,-0.210710,0.050561,-0.284726
sample,956,drone,23.879931,8.773468,2.119496,2.366006,2.235132,-0.654175,0.156971,0.432366,-0.126544,0.030365,-0.284726
sample,957,drone,23.904910,8.829434,2.103115,2.369936,2.242323,-0.656279,0.157476,0.142686,-0.041761,0.010021,-0.284726
sample,958,drone,23.929889,8.885490,2.086709,2.373873,2.242261,-0.656261,0.157472,-0.147688,0.043225,-0.010372,-0.284726
sample,959,drone,23.954868,8.941453,2.070330,2.377803,2.234945,-0.654120,0.156958,-0.437343,0.128001,-0.030714,-0.284726
sample,960,drone,23.979847,8.997143,2.054031,2.381714,2.220412,-0.649866,0.155937,-0.724867,0.212153,-0.050907,-0.284726
sample,961,drone,24.004826,9.052381,2.037864,2.385594,2.198732,-0.643521,0.154415,-1.008847,0.295268,-0.070850,-0.284726
sample,962,drone,24.029805,9.106988,2.021882,2.389429,2.170012,-0.635115,0.152398,-1.287870,0.376932,-0.090446,-0.284726
sample,963,drone,24.054784,9.160790,2.006135,2.393207,2.134393,-0.624690,0.149896,-1.560524,0.456731,-0.109594,-0.284726
sample,964,drone,24.079763,9.213618,1.990673,2.396917,2.092051,-0.612298,0.146923,-1.825396,0.534254,-0.128196,-0.284726
sample,965,drone,24.104742,9.265305,1.975546,2.400547,2.043200,-0.598000,0.143492,-2.081072,0.609085,-0.146152,-0.284726
sample,966,drone,24.129721,9.315692,1.960798,2.404086,1.988085,-0.581869,0.139621,-2.326141,0.680811,-0.163363,-0.284726
sample,967,drone,24.154700,9.364626,1.946477,2.407522,1.926990,-0.563988,0.135331,-2.559189,0.749019,-0.179729,-0.284726
sample,968,drone,24.179679,9.411961,1.932623,2.410847,1.860233,-0.544450,0.130642,-2.778804,0.813296,-0.195153,-0.284726
sample,969,drone,24.204658,9.457559,1.919277,2.414049,1.788167,-0.523357,0.125581,-2.983573,0.873227,-0.209533,-0.284726
sample,970,drone,24.229637,9.501294,1.906477,2.417120,1.711180,-0.500825,0.120174,-3.172084,0.928400,-0.222772,-0.284726
sample,971,drone,24.254616,9.543046,1.894257,2.420053,1.629696,-0.476976,0.114452,-3.342923,0.978401,-0.234770,-0.284726
sample,972,drone,24.279595,9.582710,1.882648,2.422838,1.544174,-0.451946,0.108446,-3.494677,1.022816,-0.245428,-0.284726
sample,973,drone,24.304574,9.620190,1.871678,2.425470,1.455108,-0.425879,0.102191,-3.625935,1.061232,-0.254646,-0.284726
sample,974,drone,24.329553,9.655405,1.861372,2.427943,1.363029,-0.398929,0.095724,-3.735284,1.093236,-0.262325,-0.284726
sample,975,drone,24.354532,9.688285,1.851749,2.430253,1.268501,-0.371263,0.089086,-3.821309,1.118414,-0.268367,-0.284726
sample,976,drone,24.379511,9.718776,1.842824,2.432394,1.172124,-0.343055,0.082317,-3.882600,1.136353,-0.272671,-0.284726
sample,977,drone,24.404490,9.746842,1.834610,2.434365,1.074534,-0.314493,0.075463,-3.917743,1.146638,-0.275139,-0.284726
sample,978,drone,24.429469,9.772458,1.827113,2.436164,0.976402,-0.285771,0.068572,-3.925325,1.148857,-0.275672,-0.284726
sample,979,drone,24.454448,9.795621,1.820334,2.437791,0.878433,-0.257098,0.061691,-3.903934,1.142597,-0.274170,-0.284726
sample,980,drone,24.479427,9.816343,1.814269,2.439246,0.781369,-0.228690,0.054875,-3.852157,1.127442,-0.270533,-0.284726
sample,981,drone,24.504406,9.834656,1.808909,2.440532,0.685987,-0.200773,0.048176,-3.768581,1.102982,-0.264664,-0.284726
sample,982,drone,24.529385,9.850613,1.804239,2.441653,0.593098,-0.173587,0.041653,-3.651793,1.068800,-0.256462,-0.284726
sample,983,drone,24.554364,9.864286,1.800237,2.442613,0.503550,-0.147378,0.035364,-3.500381,1.024485,-0.245828,-0.284726
sample,984,drone,24.579343,9.875770,1.796876,2.443419,0.418226,-0.122406,0.029372,-3.312932,0.969623,-0.232664,-0.284726
sample,985,drone,24.604322,9.885180,1.794122,2.444080,0.338043,-0.098938,0.023740,-3.088033,0.903800,-0.216870,-0.284726
sample,986,drone,24.629301,9.892658,1.791933,2.444605,0.263954,-0.077254,0.018537,-2.824271,0.826603,-0.198346,-0.284726
sample,987,drone,24.654280,9.898367,1.790262,2.445006,0.196948,-0.057642,0.013831,-2.520234,0.737618,-0.176994,-0.284726
sample,988,drone,24.679259,9.902497,1.789054,2.445296,0.138048,-0.040404,0.009695,-2.174510,0.636432,-0.152714,-0.284726
sample,989,drone,24.704238,9.905263,1.788244,2.445491,0.088314,-0.025847,0.006202,-1.785684,0.522631,-0.125407,-0.284726
sample,990,drone,24.729217,9.906909,1.787762,2.445606,0.048839,-0.014294,0.003430,-1.352345,0.395802,-0.094974,-0.284726
sample,991,drone,24.754196,9.907703,1.787530,2.445662,0.020753,-0.006074,0.001457,-0.873692,0.255737,-0.061477,-0.284726
sample,992,drone,24.779175,9.907945,1.787459,2.445679,0.005191,-0.001518,0.000359,-0.381365,0.113043,-0.033111,-0.284490
sample,993,drone,24.804154,9.907962,1.787454,2.445680,0.001701,-0.000427,-0.000197,0.038783,-0.004048,-0.029693,-0.245738
sample,994,drone,24.829133,9.908030,1.787437,2.445669,0.007128,-0.001720,-0.001125,0.346083,-0.083190,-0.056043,-0.236784
sample,995,drone,24.854112,9.908318,1.787368,2.445624,0.018991,-0.004583,-0.002997,0.593468,-0.143210,-0.093643,-0.236784
sample,996,drone,24.879091,9.908979,1.787209,2.445520,0.036777,-0.008875,-0.005803,0.823843,-0.198802,-0.129994,-0.236784
sample,997,drone,24.904070,9.910156,1.786925,2.445334,0.060148,-0.014514,-0.009491,1.040768,-0.251149,-0.164222,-0.236784
sample,998,drone,24.929049,9.911984,1.786483,2.445045,0.088772,-0.021422,-0.014007,1.244496,-0.300311,-0.196368,-0.236784
sample,999,drone,24.954028,9.914591,1.785854,2.444634,0.122321,-0.029517,-0.019301,1.435277,-0.346348,-0.226471,-0.236784
sample,1000,drone,24.979007,9.918095,1.785009,2.444081,0.160475,-0.038724,-0.025321,1.613365,-0.389323,-0.254572,-0.236784
sample,1001,drone,25.003986,9.922608,1.783920,2.443369,0.202921,-0.048967,-0.032019,1.779011,-0.429295,-0.280709,-0.236784
sample,1002,drone,25.028965,9.928232,1.782562,2.442482,0.249351,-0.060171,-0.039345,1.932469,-0.466326,-0.304923,-0.236784
sample,1003,drone,25.053944,9.935065,1.780914,2.441404,0.299463,-0.072264,-0.047252,2.073989,-0.500477,-0.327253,-0.236784
sample,1004,drone,25.078923,9.943193,1.778952,2.440121,0.352963,-0.085174,-0.055694,2.203825,-0.531807,-0.347740,-0.236784
sample,1005,drone,25.103902,9.952698,1.776659,2.438621,0.409562,-0.098832,-0.064625,2.322229,-0.560380,-0.366423,-0.236784
sample,1006,drone,25.128881,9.963654,1.774015,2.436892,0.468977,-0.113169,-0.074000,2.429453,-0.586254,-0.383342,-0.236784
sample,1007,drone,25.153860,9.976127,1.771005,2.434924,0.530933,-0.128120,-0.083776,2.525749,-0.609491,-0.398536,-0.236784
sample,1008,drone,25.178839,9.990178,1.767614,2.432707,0.595159,-0.143618,-0.093910,2.611369,-0.630152,-0.412046,-0.236784
sample,1009,drone,25.203818,10.005860,1.763830,2.430233,0.661392,-0.159601,-0.104361,2.686566,-0.648298,-0.423912,-0.236784
sample,1010,drone,25.228797,10.023220,1.759641,2.427494,0.729374,-0.176006,-0.115087,2.751592,-0.663990,-0.434172,-0.236784
sample,1011,drone,25.253776,10.042298,1.755037,2.424483,0.798856,-0.192773,-0.126051,2.806700,-0.677288,-0.442867,-0.236784
sample,1012,drone,25.278755,10.063129,1.750010,2.421196,0.869591,-0.209842,-0.137212,2.852141,-0.688253,-0.450037,-0.236784
sample,1013,drone,25.303734,10.085741,1.744554,2.417628,0.941343,-0.227156,-0.148534,2.888167,-0.696947,-0.455722,-0.236784
sample,1014,drone,25.328713,10.110157,1.738662,2.413776,1.013878,-0.244660,-0.159979,2.915032,-0.703429,-0.459961,-0.236784
sample,1015,drone,25.353692,10.136393,1.732331,2.409636,1.086972,-0.262298,-0.171513,2.932987,-0.707762,-0.462794,-0.236784
sample,1016,drone,25.378671,10.164460,1.725558,2.405207,1.160405,-0.280018,-0.183100,2.942284,-0.710006,-0.464261,-0.236784
sample,1017,drone,25.403650,10.194364,1.718342,2.400489,1.233963,-0.297769,-0.194706,2.943176,-0.710221,-0.464402,-0.236784
sample,1018,drone,25.428629,10.226106,1.710682,2.395480,1.307440,-0.315500,-0.206300,2.935915,-0.708469,-0.463256,-0.236784
sample,1019,drone,25.453609,10.259681,1.702580,2.390182,1.380635,-0.333163,-0.217850,2.920754,-0.704810,-0.460864,-0.236784
sample,1020,drone,25.478588,10.295080,1.694038,2.384597,1.453355,-0.350711,-0.229324,2.897944,-0.699306,-0.457265,-0.236784
sample,1021,drone,25.503567,10.332288,1.685059,2.378726,1.525411,-0.368098,-0.240694,2.867737,-0.692017,-0.452498,-0.236784
sample,1022,drone,25.528546,10.371287,1.675649,2.372572,1.596621,-0.385282,-0.251930,2.830387,-0.683004,-0.446605,-0.236784
sample,1023,drone,25.553525,10.412052,1.665811,2.366140,1.666811,-0.402220,-0.263005,2.786145,-0.672328,-0.439624,-0.236784
sample,1024,drone,25.578504,10.454557,1.655555,2.359433,1.735812,-0.418871,-0.273893,2.735264,-0.660049,-0.431596,-0.236784
sample,1025,drone,25.603483,10.498770,1.644886,2.352457,1.803460,-0.435195,-0.284567,2.677995,-0.646230,-0.422559,-0.236784
sample,1026,drone,25.628462,10.544654,1.633813,2.345217,1.869599,-0.451155,-0.295003,2.614592,-0.630930,-0.412555,-0.236784
sample,1027,drone,25.653441,10.592171,1.622347,2.337719,1.934080,-0.466715,-0.305177,2.545305,-0.614210,-0.401622,-0.236784
sample,1028,drone,25.678420,10.641277,1.610497,2.329971,1.996757,-0.481840,-0.315067,2.470389,-0.596132,-0.389801,-0.236784
sample,1029,drone,25.703399,10.691925,1.598275,2.321979,2.057495,-0.496496,-0.324651,2.390094,-0.576756,-0.377131,-0.236784
sample,1030,drone,25.728378,10.744066,1.585693,2.313752,2.116162,-0.510653,-0.333908,2.304673,-0.556143,-0.363653,-0.236784
sample,1031,drone,25.753357,10.797645,1.572764,2.305298,2.172632,-0.524280,-0.342818,2.214378,-0.534354,-0.349405,-0.236784
sample,1032,drone,25.778336,10.852606,1.559501,2.296625,2.226788,-0.537348,-0.351363,2.119463,-0.511450,-0.334429,-0.236784
sample,1033,drone,25.803315,10.908890,1.545919,2.287744,2.278516,-0.549831,-0.359526,2.020178,-0.487491,-0.318763,-0.236784
sample,1034,drone,25.828294,10.966436,1.532032,2.278664,2.327712,-0.561703,-0.367288,1.916776,-0.462539,-0.302447,-0.236784
sample,1035,drone,25.853273,11.025178,1.517857,2.269395,2.374275,-0.572939,-0.374635,1.809509,-0.436655,-0.285521,-0.236784
sample,1036,drone,25.878252,11.085050,1.503410,2.259948,2.418111,-0.583517,-0.381552,1.698630,-0.409898,-0.268026,-0.236784
sample,1037,drone,25.903231,11.145982,1.488706,2.250334,2.459135,-0.593416,-0.388025,1.584391,-0.382331,-0.250000,-0.236784
sample,1038,drone,25.928210,11.207904,1.473764,2.240563,2.497264,-0.602617,-0.394042,1.467044,-0.354014,-0.231484,-0.236784
sample,1039,drone,25.953189,11.270741,1.458600,2.230648,2.532425,-0.611102,-0.399590,1.346841,-0.325008,-0.212517,-0.236784
sample,1040,drone,25.978168,11.334419,1.443234,2.220600,2.564550,-0.618854,-0.404659,1.224035,-0.295373,-0.193140,-0.236784
sample,1041,drone,26.003147,11.398861,1.427684,2.210432,2.593576,-0.625858,-0.409239,1.098878,-0.265171,-0.173391,-0.236784
sample,1042,drone,26.028126,11.463988,1.411968,2.200156,2.619448,-0.632102,-0.413321,0.971622,-0.234463,-0.153312,-0.236784
sample,1043,drone,26.053105,11.529723,1.396105,2.189783,2.642116,-0.637572,-0.416898,0.842519,-0.203309,-0.132941,-0.236784
sample,1044,drone,26.078084,11.595983,1.380116,2.179328,2.661538,-0.642259,-0.419962,0.711822,-0.171771,-0.112318,-0.236784
sample,1045,drone,26.103063,11.662688,1.364019,2.168803,2.677677,-0.646153,-0.422509,0.579783,-0.139908,-0.091484,-0.236784
sample,1046,drone,26.128042,11.729755,1.347835,2.158221,2.690503,-0.649248,-0.424533,0.446654,-0.107783,-0.070477,-0.236784
sample,1047,drone,26.153021,11.797100,1.331584,2.147594,2.699991,-0.651538,-0.426030,0.312688,-0.075455,-0.049339,-0.236784
sample,1048,drone,26.178000,11.864641,1.315286,2.136937,2.706124,-0.653018,-0.426998,0.178136,-0.042986,-0.028108,-0.236784
sample,1049,drone,26.202979,11.932293,1.298961,2.126262,2.708891,-0.653685,-0.427434,0.043251,-0.010437,-0.006825,-0.236784
sample,1050,drone,26.227958,11.999972,1.282629,2.115583,2.708285,-0.653539,-0.427339,-0.091715,0.022132,0.014472,-0.236784
sample,1051,drone,26.252937,12.067593,1.266311,2.104913,2.704309,-0.652580,-0.426711,-0.226509,0.054659,0.035741,-0.236784
sample,1052,drone,26.277916,12.135074,1.250027,2.094266,2.696969,-0.650808,-0.425553,-0.360880,0.087084,0.056943,-0.236784
sample,1053,drone,26.302895,12.202329,1.233798,2.083653,2.686280,-0.648229,-0.423866,-0.494575,0.119346,0.078039,-0.236784
sample,1054,drone,26.327874,12.269275,1.217643,2.073090,2.672261,-0.644846,-0.421654,-0.627341,0.151384,0.098988,-0.236784
sample,1055,drone,26.352853,12.335829,1.201583,2.062588,2.654939,-0.640666,-0.418921,-0.758928,0.183138,0.119751,-0.236784
sample,1056,drone,26.377832,12.401910,1.185637,2.052162,2.634347,-0.635697,-0.415672,-0.889081,0.214545,0.140288,-0.236784
sample,1057,drone,26.402811,12.467436,1.169825,2.041822,2.610522,-0.629948,-0.411913,-1.017549,0.245546,0.160558,-0.236784
sample,1058,drone,26.427790,12.532327,1.154166,2.031583,2.583512,-0.623430,-0.407651,-1.144081,0.276079,0.180524,-0.236784
sample,1059,drone,26.452769,12.596503,1.138679,2.021457,2.553366,-0.616155,-0.402894,-1.268423,0.306084,0.200144,-0.236784
sample,1060,drone,26.477748,12.659888,1.123384,2.011455,2.520144,-0.608139,-0.397652,-1.390323,0.335500,0.219378,-0.236784
sample,1061,drone,26.502727,12.722405,1.108298,2.001591,2.483909,-0.599395,-0.391934,-1.509529,0.364266,0.238188,-0.236784
sample,1062,drone,26.527706,12.783979,1.093439,1.991875,2.444731,-0.589941,-0.385753,-1.625789,0.392321,0.256532,-0.236784
sample,1063,drone,26.552685,12.844539,1.078826,1.982320,2.402687,-0.579795,-0.379119,-1.738850,0.419604,0.274372,-0.236784
sample,1064,drone,26.577664,12.904013,1.064474,1.972935,2.357861,-0.568978,-0.372045,-1.848461,0.446054,0.291667,-0.236784
sample,1065,drone,26.602643,12.962333,1.050401,1.963733,2.310342,-0.557511,-0.364547,-1.954369,0.471611,0.308379,-0.236784
sample,1066,drone,26.627622,13.019433,1.036622,1.954723,2.260225,-0.545417,-0.356639,-2.056321,0.496213,0.324466,-0.236784
sample,1067,drone,26.652601,13.075249,1.023153,1.945916,2.207612,-0.532721,-0.348338,-2.154066,0.519800,0.339889,-0.236784
sample,1068,drone,26.677580,13.129721,1.010008,1.937321,2.152612,-0.519449,-0.339659,-2.247351,0.542311,0.354608,-0.236784
sample,1069,drone,26.702559,13.182789,0.997202,1.928947,2.095339,-0.505628,-0.330622,-2.335924,0.563684,0.368584,-0.236784
sample,1070,drone,26.727538,13.234400,0.984748,1.920804,2.035914,-0.491289,-0.321246,-2.419533,0.583860,0.381777,-0.236784
sample,1071,drone,26.752517,13.284499,0.972658,1.912898,1.974464,-0.476460,-0.311549,-2.497926,0.602777,0.394146,-0.236784
sample,1072,drone,26.777496,13.333040,0.960945,1.905239,1.911123,-0.461175,-0.301555,-2.570849,0.620374,0.405653,-0.236784
sample,1073,drone,26.802475,13.379975,0.949619,1.897833,1.846029,-0.445467,-0.291284,-2.638052,0.636591,0.416257,-0.236784
sample,1074,drone,26.827454,13.425264,0.938690,1.890687,1.779331,-0.429372,-0.280759,-2.699281,0.651366,0.425918,-0.236784
sample,1075,drone,26.852433,13.468867,0.928168,1.883807,1.711179,-0.412926,-0.270006,-2.754285,0.664639,0.434597,-0.236784
sample,1076,drone,26.877412,13.510751,0.918061,1.877198,1.641732,-0.396168,-0.259048,-2.802811,0.676349,0.442254,-0.236784
sample,1077,drone,26.902391,13.550885,0.908376,1.870866,1.571156,-0.379137,-0.247912,-2.844607,0.686435,0.448849,-0.236784
sample,1078,drone,26.927370,13.589243,0.899120,1.864813,1.499621,-0.361875,-0.236624,-2.879421,0.694836,0.454342,-0.236784
sample,1079,drone,26.952349,13.625803,0.890298,1.859044,1.427306,-0.344425,-0.225214,-2.907000,0.701491,0.458694,-0.236784
sample,1080,drone,26.977328,13.660548,0.881913,1.853562,1.354393,-0.326830,-0.213709,-2.927092,0.706340,0.461864,-0.236784
sample,1081,drone,27.002307,13.693466,0.873970,1.848368,1.281074,-0.309137,-0.202140,-2.939445,0.709321,0.463813,-0.236784
sample,1082,drone,27.027286,13.724548,0.866470,1.843463,1.207544,-0.291394,-0.190538,-2.943807,0.710373,0.464501,-0.236784
sample,1083,drone,27.052265,13.753792,0.859413,1.838849,1.134007,-0.273648,-0.178934,-2.939925,0.709436,0.463889,-0.236784
sample,1084,drone,27.077244,13.781201,0.852799,1.834524,1.060672,-0.255952,-0.167363,-2.927548,0.706450,0.461936,-0.236784
sample,1085,drone,27.102223,13.806781,0.846626,1.830488,0.987753,-0.238356,-0.155857,-2.906422,0.701352,0.458603,-0.236784
sample,1086,drone,27.127202,13.830547,0.840891,1.826738,0.915472,-0.220914,-0.144452,-2.876296,0.694082,0.453849,-0.236784
sample,1087,drone,27.152181,13.852516,0.835589,1.823271,0.844059,-0.203681,-0.133183,-2.836918,0.684580,0.447635,-0.236784
sample,1088,drone,27.177160,13.872714,0.830715,1.820084,0.773746,-0.186713,-0.122089,-2.788034,0.672784,0.439922,-0.236784
sample,1089,drone,27.202139,13.891171,0.826262,1.817172,0.704774,-0.170070,-0.111206,-2.729394,0.658633,0.430669,-0.236784
sample,1090,drone,27.227118,13.907924,0.822219,1.814529,0.637391,-0.153809,-0.100573,-2.660744,0.642067,0.419837,-0.236784
sample,1091,drone,27.252097,13.923014,0.818578,1.812148,0.571849,-0.137993,-0.090232,-2.581833,0.623025,0.407386,-0.236784
sample,1092,drone,27.277076,13.936492,0.815325,1.810021,0.508407,-0.122684,-0.080221,-2.492407,0.601445,0.393275,-0.236784
sample,1093,drone,27.302055,13.948413,0.812448,1.808140,0.447333,-0.107946,-0.070584,-2.392216,0.577268,0.377466,-0.236784
sample,1094,drone,27.327034,13.958840,0.809932,1.806495,0.388897,-0.093845,-0.061364,-2.281006,0.550432,0.359918,-0.236784
sample,1095,drone,27.352013,13.967842,0.807760,1.805074,0.333378,-0.080448,-0.052604,-2.158526,0.520876,0.340592,-0.236784
sample,1096,drone,27.376992,13.975495,0.805913,1.803867,0.281061,-0.067823,-0.044348,-2.024522,0.488540,0.319448,-0.236784
sample,1097,drone,27.401971,13.981883,0.804372,1.802859,0.232237,-0.056041,-0.036645,-1.878744,0.453362,0.296446,-0.236784
sample,1098,drone,27.426950,13.987097,0.803114,1.802036,0.187203,-0.045174,-0.029539,-1.720938,0.415281,0.271546,-0.236784
sample,1099,drone,27.451929,13.991235,0.802115,1.801383,0.146262,-0.035295,-0.023079,-1.550852,0.374238,0.244708,-0.236784
sample,1100,drone,27.476908,13.994404,0.801350,1.800883,0.109725,-0.026478,-0.017314,-1.368235,0.330170,0.215893,-0.236784
sample,1101,drone,27.501887,13.996717,0.800792,1.800518,0.077908,-0.018800,-0.012293,-1.172833,0.283018,0.185061,-0.236784
sample,1102,drone,27.526866,13.998296,0.800411,1.800269,0.051133,-0.012339,-0.008068,-0.964395,0.232719,0.152171,-0.236784
sample,1103,drone,27.551845,13.999271,0.800176,1.800115,0.029729,-0.007174,-0.004691,-0.742669,0.179214,0.117185,-0.236784
sample,1104,drone,27.576824,13.999781,0.800053,1.800035,0.014031,-0.003386,-0.002214,-0.507401,0.122441,0.080062,-0.236784
sample,1105,drone,27.601803,13.999972,0.800007,1.800004,0.004380,-0.001057,-0.000691,-0.258638,0.062412,0.040810,-0.236784
sample,1106,drone,27.626782,14.000000,0.800000,1.800000,0.001110,-0.000268,-0.000175,-0.130926,0.031594,0.020659,-0.236784
