section,index,name,t,x,y,z,vx,vy,vz,ax,ay,az,yaw
crossing,1,G3,4.270161,5.496730,-2.964299,1.036647,,,,,,
crossing,2,G2,7.151356,3.917832,0.333906,2.535547,,,,,,
crossing,3,G4,10.294101,8.105355,-0.231852,1.677894,,,,,,
crossing,4,G1,14.980630,1.922688,-0.506435,2.547305,,,,,,
crossing,5,G6,22.820079,11.890849,3.481248,2.131500,,,,,,
crossing,6,G5,24.943115,10.268525,1.653867,1.369681,,,,,,
sample,0,drone,0.000000,0.000000,-1.000000,1.200000,0.000437,-0.000156,-0.000013,0.051835,-0.018524,-0.001540,-0.343214
sample,1,drone,0.024985,0.000011,-1.000004,1.200000,0.001732,-0.000619,-0.000051,0.102830,-0.036747,-0.003056,-0.343214
sample,2,drone,0.049969,0.000087,-1.000031,1.199997,0.005575,-0.001992,-0.000166,0.203072,-0.072569,-0.006035,-0.343214
sample,3,drone,0.074954,0.000289,-1.000103,1.199991,0.011879,-0.004245,-0.000353,0.299763,-0.107123,-0.008908,-0.343215
sample,4,drone,0.099939,0.000680,-1.000243,1.199980,0.020554,-0.007345,-0.000611,0.392870,-0.140395,-0.011675,-0.343215
sample,5,drone,0.124923,0.001317,-1.000470,1.199961,0.031511,-0.011261,-0.000936,0.482435,-0.172402,-0.014337,-0.343215
sample,6,drone,0.149908,0.002255,-1.000806,1.199933,0.044661,-0.015960,-0.001327,0.568502,-0.203159,-0.016895,-0.343215
sample,7,drone,0.174892,0.003548,-1.001268,1.199895,0.059918,-0.021412,-0.001781,0.651115,-0.232681,-0.019350,-0.343215
sample,8,drone,0.199877,0.005249,-1.001876,1.199844,0.077197,-0.027587,-0.002294,0.730317,-0.260985,-0.021704,-0.343215
sample,9,drone,0.224862,0.007406,-1.002646,1.199780,0.096412,-0.034453,-0.002865,0.806152,-0.288085,-0.023957,-0.343215
sample,10,drone,0.249846,0.010066,-1.003597,1.199701,0.117480,-0.041982,-0.003491,0.878663,-0.313997,-0.026112,-0.343215
sample,11,drone,0.274831,0.013276,-1.004744,1.199605,0.140318,-0.050144,-0.004170,0.947894,-0.338737,-0.028170,-0.343215
sample,12,drone,0.299816,0.017078,-1.006103,1.199492,0.164845,-0.058909,-0.004899,1.013888,-0.362321,-0.030131,-0.343215
sample,13,drone,0.324800,0.021513,-1.007688,1.199361,0.190981,-0.068249,-0.005676,1.076688,-0.384763,-0.031997,-0.343215
sample,14,drone,0.349785,0.026621,-1.009513,1.199209,0.218646,-0.078135,-0.006498,1.136338,-0.406079,-0.033770,-0.343215
sample,15,drone,0.374769,0.032439,-1.011592,1.199036,0.247763,-0.088540,-0.007363,1.192882,-0.426286,-0.035450,-0.343215
sample,16,drone,0.399754,0.039002,-1.013938,1.198841,0.278254,-0.099436,-0.008269,1.246363,-0.445398,-0.037040,-0.343215
sample,17,drone,0.424739,0.046343,-1.016561,1.198623,0.310043,-0.110796,-0.009214,1.296824,-0.463430,-0.038539,-0.343215
sample,18,drone,0.449723,0.054494,-1.019474,1.198381,0.343055,-0.122593,-0.010195,1.344309,-0.480399,-0.039951,-0.343215
sample,19,drone,0.474708,0.063485,-1.022687,1.198113,0.377217,-0.134801,-0.011210,1.388862,-0.496321,-0.041275,-0.343215
sample,20,drone,0.499693,0.073344,-1.026210,1.197820,0.412456,-0.147394,-0.012257,1.430525,-0.511209,-0.042513,-0.343215
sample,21,drone,0.524677,0.084095,-1.030052,1.197501,0.448699,-0.160346,-0.013335,1.469343,-0.525081,-0.043666,-0.343215
sample,22,drone,0.549662,0.095765,-1.034222,1.197154,0.485878,-0.173632,-0.014439,1.505359,-0.537952,-0.044737,-0.343215
sample,23,drone,0.574646,0.108374,-1.038728,1.196779,0.523921,-0.187227,-0.015570,1.538616,-0.549836,-0.045725,-0.343215
sample,24,drone,0.599631,0.121945,-1.043578,1.196376,0.562761,-0.201107,-0.016724,1.569157,-0.560751,-0.046633,-0.343215
sample,25,drone,0.624616,0.136495,-1.048778,1.195944,0.602331,-0.215248,-0.017900,1.597027,-0.570710,-0.047461,-0.343215
sample,26,drone,0.649600,0.152043,-1.054334,1.195482,0.642563,-0.229625,-0.019096,1.622269,-0.579730,-0.048211,-0.343215
sample,27,drone,0.674585,0.168603,-1.060252,1.194989,0.683394,-0.244216,-0.020309,1.644925,-0.587827,-0.048884,-0.343215
sample,28,drone,0.699570,0.186191,-1.066537,1.194467,0.724759,-0.258998,-0.021539,1.665041,-0.595015,-0.049482,-0.343215
sample,29,drone,0.724554,0.204819,-1.073194,1.193913,0.766595,-0.273949,-0.022782,1.682658,-0.601311,-0.050006,-0.343215
sample,30,drone,0.749539,0.224498,-1.080226,1.193328,0.808840,-0.289045,-0.024037,1.697822,-0.606730,-0.050456,-0.343215
sample,31,drone,0.774523,0.245236,-1.087637,1.192712,0.851434,-0.304267,-0.025303,1.710574,-0.611287,-0.050835,-0.343215
sample,32,drone,0.799508,0.267043,-1.095430,1.192064,0.894316,-0.319591,-0.026578,1.720959,-0.614998,-0.051144,-0.343215
sample,33,drone,0.824493,0.289925,-1.103607,1.191384,0.937429,-0.334997,-0.027859,1.729020,-0.617879,-0.051383,-0.343215
sample,34,drone,0.849477,0.313886,-1.112169,1.190672,0.980714,-0.350466,-0.029145,1.734800,-0.619944,-0.051555,-0.343215
sample,35,drone,0.874462,0.338930,-1.121119,1.189928,1.024115,-0.365976,-0.030435,1.738344,-0.621211,-0.051661,-0.343215
sample,36,drone,0.899447,0.365060,-1.130457,1.189151,1.067578,-0.381507,-0.031727,1.739693,-0.621693,-0.051701,-0.343215
sample,37,drone,0.924431,0.392276,-1.140183,1.188342,1.111047,-0.397041,-0.033018,1.738893,-0.621407,-0.051677,-0.343215
sample,38,drone,0.949416,0.420578,-1.150297,1.187501,1.154469,-0.412558,-0.034309,1.735986,-0.620368,-0.051591,-0.343215
sample,39,drone,0.974400,0.449964,-1.160798,1.186628,1.197793,-0.428041,-0.035596,1.731017,-0.618592,-0.051443,-0.343215
sample,40,drone,0.999385,0.480431,-1.171686,1.185722,1.240967,-0.443469,-0.036879,1.724027,-0.616094,-0.051235,-0.343215
sample,41,drone,1.024370,0.511974,-1.182958,1.184785,1.283941,-0.458826,-0.038157,1.715061,-0.612891,-0.050969,-0.343215
sample,42,drone,1.049354,0.544588,-1.194613,1.183816,1.326667,-0.474095,-0.039426,1.704163,-0.608996,-0.050645,-0.343215
sample,43,drone,1.074339,0.578267,-1.206648,1.182815,1.369097,-0.489257,-0.040687,1.691375,-0.604426,-0.050265,-0.343215
sample,44,drone,1.099324,0.613001,-1.219061,1.181783,1.411184,-0.504297,-0.041938,1.676742,-0.599197,-0.049830,-0.343215
sample,45,drone,1.124308,0.648783,-1.231848,1.180719,1.452882,-0.519199,-0.043177,1.660306,-0.593323,-0.049341,-0.343215
sample,46,drone,1.149293,0.685601,-1.245005,1.179625,1.494148,-0.533945,-0.044404,1.642112,-0.586821,-0.048801,-0.343215
sample,47,drone,1.174277,0.723444,-1.258528,1.178500,1.534937,-0.548522,-0.045616,1.622202,-0.579707,-0.048209,-0.343215
sample,48,drone,1.199262,0.762300,-1.272414,1.177346,1.575208,-0.562913,-0.046812,1.600621,-0.571994,-0.047568,-0.343215
sample,49,drone,1.224247,0.802156,-1.286657,1.176161,1.614919,-0.577104,-0.047993,1.577411,-0.563700,-0.046878,-0.343215
sample,50,drone,1.249231,0.842997,-1.301251,1.174948,1.654030,-0.591081,-0.049155,1.552616,-0.554839,-0.046141,-0.343215
sample,51,drone,1.274216,0.884807,-1.316193,1.173705,1.692502,-0.604829,-0.050298,1.526280,-0.545428,-0.045358,-0.343215
sample,52,drone,1.299201,0.927570,-1.331474,1.172434,1.730297,-0.618335,-0.051421,1.498445,-0.535481,-0.044531,-0.343215
sample,53,drone,1.324185,0.971268,-1.347090,1.171136,1.767378,-0.631586,-0.052523,1.469157,-0.525015,-0.043661,-0.343215
sample,54,drone,1.349170,1.015884,-1.363034,1.169810,1.803710,-0.644570,-0.053603,1.438457,-0.514044,-0.042748,-0.343215
sample,55,drone,1.374154,1.061398,-1.379299,1.168457,1.839257,-0.657273,-0.054660,1.406390,-0.502584,-0.041795,-0.343215
sample,56,drone,1.399139,1.107791,-1.395878,1.167078,1.873986,-0.669684,-0.055692,1.372999,-0.490652,-0.040803,-0.343215
sample,57,drone,1.424124,1.155040,-1.412763,1.165674,1.907865,-0.681790,-0.056698,1.338327,-0.478261,-0.039773,-0.343215
sample,58,drone,1.449108,1.203125,-1.429946,1.164245,1.940861,-0.693582,-0.057679,1.302418,-0.465429,-0.038706,-0.343215
sample,59,drone,1.474093,1.252023,-1.447420,1.162792,1.972946,-0.705047,-0.058633,1.265315,-0.452170,-0.037603,-0.343215
sample,60,drone,1.499078,1.301712,-1.465177,1.161315,2.004088,-0.716177,-0.059558,1.227063,-0.438500,-0.036466,-0.343215
sample,61,drone,1.524062,1.352166,-1.483207,1.159816,2.034261,-0.726959,-0.060455,1.187703,-0.424435,-0.035296,-0.343215
sample,62,drone,1.549047,1.403362,-1.501502,1.158294,2.063437,-0.737385,-0.061322,1.147281,-0.409990,-0.034095,-0.343215
sample,63,drone,1.574031,1.455275,-1.520054,1.156752,2.091590,-0.747446,-0.062158,1.105838,-0.395180,-0.032864,-0.343215
sample,64,drone,1.599016,1.507877,-1.538852,1.155188,2.118695,-0.757132,-0.062964,1.063420,-0.380021,-0.031603,-0.343215
sample,65,drone,1.624001,1.561144,-1.557887,1.153605,2.144728,-0.766435,-0.063738,1.020068,-0.364529,-0.030315,-0.343215
sample,66,drone,1.648985,1.615048,-1.577150,1.152004,2.169667,-0.775347,-0.064479,0.975828,-0.348720,-0.029000,-0.343215
sample,67,drone,1.673970,1.669561,-1.596631,1.150384,2.193489,-0.783861,-0.065187,0.930741,-0.332608,-0.027660,-0.343215
sample,68,drone,1.698955,1.724655,-1.616319,1.148746,2.216175,-0.791967,-0.065861,0.884853,-0.316209,-0.026296,-0.343215
sample,69,drone,1.723939,1.780301,-1.636205,1.147093,2.237705,-0.799661,-0.066501,0.838205,-0.299539,-0.024910,-0.343215
sample,70,drone,1.748924,1.836471,-1.656277,1.145423,2.258060,-0.806935,-0.067106,0.790842,-0.282613,-0.023502,-0.343215
sample,71,drone,1.773908,1.893135,-1.676527,1.143739,2.277223,-0.813783,-0.067675,0.742807,-0.265448,-0.022075,-0.343215
sample,72,drone,1.798893,1.950262,-1.696941,1.142042,2.295177,-0.820199,-0.068209,0.694143,-0.248057,-0.020629,-0.343215
sample,73,drone,1.823878,2.007823,-1.717511,1.140331,2.311908,-0.826178,-0.068706,0.644895,-0.230458,-0.019165,-0.343215
sample,74,drone,1.848862,2.065787,-1.738225,1.138608,2.327402,-0.831715,-0.069166,0.595105,-0.212665,-0.017685,-0.343215
sample,75,drone,1.873847,2.124122,-1.759071,1.136875,2.341645,-0.836805,-0.069590,0.544817,-0.194694,-0.016191,-0.343215
sample,76,drone,1.898832,2.182797,-1.780040,1.135131,2.354626,-0.841444,-0.069975,0.494074,-0.176561,-0.014683,-0.343215
sample,77,drone,1.923816,2.241781,-1.801118,1.133378,2.366334,-0.845628,-0.070323,0.442920,-0.158281,-0.013163,-0.343215
sample,78,drone,1.948801,2.301041,-1.822295,1.131617,2.376759,-0.849353,-0.070633,0.391399,-0.139870,-0.011632,-0.343215
sample,79,drone,1.973785,2.360546,-1.843559,1.129849,2.385892,-0.852617,-0.070905,0.339554,-0.121342,-0.010091,-0.343215
sample,80,drone,1.998770,2.420262,-1.864900,1.128074,2.393726,-0.855417,-0.071137,0.287428,-0.102715,-0.008542,-0.343215
sample,81,drone,2.023755,2.480158,-1.886304,1.126294,2.400254,-0.857750,-0.071331,0.235064,-0.084002,-0.006986,-0.343215
sample,82,drone,2.048739,2.540201,-1.907761,1.124510,2.405472,-0.859614,-0.071486,0.182507,-0.065220,-0.005424,-0.343215
sample,83,drone,2.073724,2.600358,-1.929258,1.122722,2.409374,-0.861009,-0.071602,0.129800,-0.046385,-0.003857,-0.343215
sample,84,drone,2.098709,2.660596,-1.950785,1.120932,2.411958,-0.861932,-0.071679,0.076986,-0.027512,-0.002288,-0.343215
sample,85,drone,2.123693,2.720882,-1.972328,1.119140,2.413221,-0.862383,-0.071717,0.024109,-0.008616,-0.000716,-0.343215
sample,86,drone,2.148678,2.781183,-1.993877,1.117348,2.413163,-0.862362,-0.071715,-0.028788,0.010288,0.000856,-0.343215
sample,87,drone,2.173662,2.841466,-2.015420,1.115557,2.411783,-0.861869,-0.071674,-0.081661,0.029182,0.002427,-0.343215
sample,88,drone,2.198647,2.901698,-2.036944,1.113767,2.409082,-0.860904,-0.071594,-0.134468,0.048053,0.003996,-0.343215
sample,89,drone,2.223632,2.961846,-2.058439,1.111979,2.405063,-0.859468,-0.071474,-0.187163,0.066884,0.005562,-0.343215
sample,90,drone,2.248616,3.021877,-2.079891,1.110195,2.399730,-0.857562,-0.071316,-0.239705,0.085660,0.007124,-0.343215
sample,91,drone,2.273601,3.081758,-2.101290,1.108415,2.393085,-0.855188,-0.071118,-0.292049,0.104366,0.008679,-0.343215
sample,92,drone,2.298586,3.141457,-2.122624,1.106641,2.385136,-0.852347,-0.070882,-0.344152,0.122985,0.010228,-0.343215
sample,93,drone,2.323570,3.200942,-2.143881,1.104874,2.375888,-0.849042,-0.070607,-0.395971,0.141503,0.011768,-0.343215
sample,94,drone,2.348555,3.260179,-2.165050,1.103113,2.365350,-0.845276,-0.070294,-0.447461,0.159904,0.013298,-0.343215
sample,95,drone,2.373539,3.319136,-2.186119,1.101361,2.353529,-0.841052,-0.069943,-0.498580,0.178171,0.014817,-0.343215
sample,96,drone,2.398524,3.377783,-2.207077,1.099618,2.340436,-0.836373,-0.069554,-0.549284,0.196291,0.016324,-0.343215
sample,97,drone,2.423509,3.436086,-2.227912,1.097885,2.326082,-0.831243,-0.069127,-0.599530,0.214247,0.017817,-0.343215
sample,98,drone,2.448493,3.494015,-2.248614,1.096164,2.310478,-0.825667,-0.068663,-0.649274,0.232023,0.019295,-0.343215
sample,99,drone,2.473478,3.551539,-2.269170,1.094454,2.293638,-0.819649,-0.068163,-0.698472,0.249604,0.020757,-0.343215
sample,100,drone,2.498463,3.608627,-2.289571,1.092758,2.275576,-0.813195,-0.067626,-0.747082,0.266976,0.022202,-0.343215
sample,101,drone,2.523447,3.665248,-2.309805,1.091075,2.256307,-0.806309,-0.067054,-0.795059,0.284121,0.023628,-0.343215
sample,102,drone,2.548432,3.721373,-2.329862,1.089407,2.235847,-0.798997,-0.066446,-0.842361,0.301024,0.025034,-0.343215
sample,103,drone,2.573416,3.776972,-2.349730,1.087755,2.214215,-0.791267,-0.065803,-0.888943,0.317671,0.026418,-0.343215
sample,104,drone,2.598401,3.832015,-2.369401,1.086119,2.191428,-0.783124,-0.065125,-0.934763,0.334045,0.027780,-0.343215
sample,105,drone,2.623386,3.886476,-2.388862,1.084501,2.167505,-0.774575,-0.064415,-0.979776,0.350131,0.029117,-0.343215
sample,106,drone,2.648370,3.940324,-2.408105,1.082900,2.142469,-0.765628,-0.063670,-1.023940,0.365913,0.030430,-0.343215
sample,107,drone,2.673355,3.993533,-2.427120,1.081319,2.116340,-0.756291,-0.062894,-1.067210,0.381376,0.031716,-0.343215
sample,108,drone,2.698340,4.046076,-2.445897,1.079758,2.089141,-0.746571,-0.062086,-1.109544,0.396504,0.032974,-0.343215
sample,109,drone,2.723324,4.097926,-2.464426,1.078217,2.060897,-0.736478,-0.061246,-1.150898,0.411282,0.034203,-0.343215
sample,110,drone,2.748309,4.149057,-2.482698,1.076697,2.031632,-0.726019,-0.060377,-1.191229,0.425695,0.035401,-0.343215
sample,111,drone,2.773293,4.199445,-2.500704,1.075200,2.001372,-0.715206,-0.059477,-1.230492,0.439726,0.036568,-0.343215
sample,112,drone,2.798278,4.249064,-2.518436,1.073725,1.970145,-0.704047,-0.058549,-1.268644,0.453360,0.037702,-0.343215
sample,113,drone,2.823263,4.297892,-2.535885,1.072274,1.937979,-0.692552,-0.057593,-1.305643,0.466582,0.038801,-0.343215
sample,114,drone,2.848247,4.345904,-2.553043,1.070847,1.904903,-0.680732,-0.056610,-1.341444,0.479376,0.039865,-0.343215
sample,115,drone,2.873232,4.393078,-2.569901,1.069445,1.870948,-0.668598,-0.055601,-1.376005,0.491726,0.040892,-0.343215
sample,116,drone,2.898217,4.439394,-2.586452,1.068069,1.836145,-0.656161,-0.054567,-1.409281,0.503617,0.041881,-0.343215
sample,117,drone,2.923201,4.484829,-2.602689,1.066719,1.800527,-0.643432,-0.053509,-1.441229,0.515034,0.042831,-0.343215
sample,118,drone,2.948186,4.529365,-2.618604,1.065395,1.764128,-0.630425,-0.052427,-1.471805,0.525961,0.043740,-0.343215
sample,119,drone,2.973170,4.572981,-2.634190,1.064099,1.726982,-0.617150,-0.051323,-1.500967,0.536382,0.044606,-0.343215
sample,120,drone,2.998155,4.615661,-2.649442,1.062831,1.689126,-0.603622,-0.050198,-1.528670,0.546282,0.045429,-0.343215
sample,121,drone,3.023140,4.657386,-2.664353,1.061591,1.650596,-0.589853,-0.049053,-1.554872,0.555646,0.046208,-0.343215
sample,122,drone,3.048124,4.698140,-2.678917,1.060379,1.611430,-0.575857,-0.047889,-1.579528,0.564457,0.046941,-0.343215
sample,123,drone,3.073109,4.737908,-2.693128,1.059198,1.571668,-0.561648,-0.046707,-1.602596,0.572700,0.047626,-0.343215
sample,124,drone,3.098094,4.776675,-2.706982,1.058045,1.531349,-0.547240,-0.045509,-1.624032,0.580360,0.048263,-0.343215
sample,125,drone,3.123078,4.814428,-2.720473,1.056923,1.490516,-0.532648,-0.044296,-1.643791,0.587422,0.048851,-0.343215
sample,126,drone,3.148063,4.851155,-2.733598,1.055832,1.449210,-0.517887,-0.043068,-1.661832,0.593869,0.049387,-0.343215
sample,127,drone,3.173047,4.886844,-2.746352,1.054771,1.407476,-0.502972,-0.041828,-1.678110,0.599686,0.049871,-0.343215
sample,128,drone,3.198032,4.921485,-2.758731,1.053742,1.365356,-0.487921,-0.040576,-1.692582,0.604857,0.050301,-0.343215
sample,129,drone,3.223017,4.955070,-2.770733,1.052744,1.322899,-0.472748,-0.039314,-1.705204,0.609368,0.050676,-0.343215
sample,130,drone,3.248001,4.987589,-2.782354,1.051777,1.280149,-0.457471,-0.038044,-1.715933,0.613202,0.050995,-0.343215
sample,131,drone,3.272986,5.019038,-2.793592,1.050843,1.237155,-0.442107,-0.036766,-1.724726,0.616344,0.051256,-0.343215
sample,132,drone,3.297971,5.049409,-2.804446,1.049940,1.193965,-0.426673,-0.035483,-1.731538,0.618779,0.051458,-0.343215
sample,133,drone,3.322955,5.078699,-2.814913,1.049070,1.150631,-0.411187,-0.034195,-1.736327,0.620490,0.051601,-0.343215
sample,134,drone,3.347940,5.106905,-2.824992,1.048232,1.107202,-0.395667,-0.032904,-1.739050,0.621463,0.051682,-0.343215
sample,135,drone,3.372924,5.134025,-2.834684,1.047426,1.063732,-0.380133,-0.031612,-1.739661,0.621682,0.051700,-0.343215
sample,136,drone,3.397909,5.160059,-2.843987,1.046652,1.020273,-0.364602,-0.030321,-1.738119,0.621130,0.051654,-0.343215
sample,137,drone,3.422894,5.185008,-2.852903,1.045910,0.976879,-0.349095,-0.029031,-1.734380,0.619794,0.051543,-0.343215
sample,138,drone,3.447878,5.208873,-2.861431,1.045201,0.933607,-0.333632,-0.027745,-1.728399,0.617657,0.051365,-0.343215
sample,139,drone,3.472863,5.231659,-2.869574,1.044524,0.890513,-0.318232,-0.026465,-1.720135,0.614703,0.051119,-0.343215
sample,140,drone,3.497848,5.253371,-2.877333,1.043879,0.847653,-0.302916,-0.025191,-1.709542,0.610918,0.050805,-0.343215
sample,141,drone,3.522832,5.274016,-2.884711,1.043265,0.805088,-0.287705,-0.023926,-1.696578,0.606285,0.050419,-0.343215
sample,142,drone,3.547817,5.293601,-2.891710,1.042683,0.762877,-0.272620,-0.022671,-1.681200,0.600790,0.049962,-0.343215
sample,143,drone,3.572801,5.312136,-2.898333,1.042132,0.721080,-0.257683,-0.021429,-1.663363,0.594416,0.049432,-0.343215
sample,144,drone,3.597786,5.329633,-2.904586,1.041612,0.679760,-0.242917,-0.020201,-1.643024,0.587148,0.048828,-0.343215
sample,145,drone,3.622771,5.346103,-2.910472,1.041123,0.638979,-0.228344,-0.018989,-1.620141,0.578970,0.048148,-0.343215
sample,146,drone,3.647755,5.361562,-2.915996,1.040664,0.598802,-0.213987,-0.017795,-1.594668,0.569867,0.047391,-0.343215
sample,147,drone,3.672740,5.376025,-2.921164,1.040234,0.559295,-0.199868,-0.016621,-1.566564,0.559824,0.046556,-0.343215
sample,148,drone,3.697725,5.389510,-2.925983,1.039833,0.520522,-0.186013,-0.015469,-1.535784,0.548824,0.045641,-0.343215
sample,149,drone,3.722709,5.402035,-2.930459,1.039461,0.482553,-0.172444,-0.014341,-1.502285,0.536853,0.044645,-0.343215
sample,150,drone,3.747694,5.413623,-2.934600,1.039116,0.445454,-0.159187,-0.013238,-1.466023,0.523895,0.043568,-0.343215
sample,151,drone,3.772678,5.424294,-2.938414,1.038799,0.409297,-0.146265,-0.012164,-1.426955,0.509934,0.042407,-0.343215
sample,152,drone,3.797663,5.434075,-2.941909,1.038509,0.374151,-0.133706,-0.011119,-1.385038,0.494954,0.041161,-0.343215
sample,153,drone,3.822648,5.442990,-2.945095,1.038244,0.340087,-0.121533,-0.010107,-1.340228,0.478941,0.039829,-0.343215
sample,154,drone,3.847632,5.451069,-2.947982,1.038004,0.307180,-0.109773,-0.009129,-1.292481,0.461878,0.038410,-0.343215
sample,155,drone,3.872617,5.458340,-2.950580,1.037788,0.275503,-0.098453,-0.008187,-1.241754,0.443751,0.036903,-0.343215
sample,156,drone,3.897602,5.464835,-2.952901,1.037594,0.245131,-0.087599,-0.007285,-1.188004,0.424543,0.035305,-0.343215
sample,157,drone,3.922586,5.470589,-2.954958,1.037424,0.216139,-0.077239,-0.006423,-1.131188,0.404239,0.033617,-0.343215
sample,158,drone,3.947571,5.475636,-2.956761,1.037274,0.188606,-0.067400,-0.005605,-1.071260,0.382823,0.031836,-0.343215
sample,159,drone,3.972555,5.480013,-2.958325,1.037143,0.162609,-0.058110,-0.004832,-1.008179,0.360281,0.029961,-0.343215
sample,160,drone,3.997540,5.483761,-2.959665,1.037032,0.138228,-0.049397,-0.004108,-0.941901,0.336596,0.027992,-0.343215
sample,161,drone,4.022525,5.486921,-2.960794,1.036938,0.115543,-0.041290,-0.003434,-0.872382,0.311752,0.025926,-0.343215
sample,162,drone,4.047509,5.489535,-2.961728,1.036860,0.094636,-0.033819,-0.002812,-0.799579,0.285736,0.023762,-0.343215
sample,163,drone,4.072494,5.491649,-2.962484,1.036798,0.075589,-0.027012,-0.002246,-0.723447,0.258530,0.021500,-0.343215
sample,164,drone,4.097479,5.493312,-2.963078,1.036748,0.058486,-0.020900,-0.001738,-0.643945,0.230119,0.019137,-0.343215
sample,165,drone,4.122463,5.494572,-2.963528,1.036711,0.043411,-0.015513,-0.001290,-0.561028,0.200488,0.016673,-0.343215
sample,166,drone,4.147448,5.495481,-2.963853,1.036684,0.030452,-0.010882,-0.000905,-0.474653,0.169621,0.014106,-0.343215
sample,167,drone,4.172432,5.496094,-2.964072,1.036666,0.019693,-0.007038,-0.000585,-0.384777,0.137503,0.011435,-0.343215
sample,168,drone,4.197417,5.496465,-2.964205,1.036655,0.011225,-0.004011,-0.000334,-0.291355,0.104118,0.008659,-0.343215
sample,169,drone,4.222402,5.496654,-2.964272,1.036649,0.005135,-0.001835,-0.000153,-0.194350,0.069458,0.005778,-0.343214
sample,170,drone,4.247386,5.496722,-2.964296,1.036647,0.001513,-0.000540,-0.000045,-0.104685,0.046487,0.007932,-0.343070
sample,171,drone,4.272371,5.496730,-2.964299,1.036647,-0.000096,0.000488,0.000244,-0.066826,0.087155,0.035590,1.765812
sample,172,drone,4.297356,5.496717,-2.964272,1.036659,-0.001826,0.003815,0.001734,-0.109473,0.222944,0.100879,2.017271
sample,173,drone,4.322340,5.496639,-2.964109,1.036733,-0.005567,0.011628,0.005285,-0.193927,0.405099,0.184101,2.017271
sample,174,drone,4.347325,5.496439,-2.963691,1.036923,-0.011516,0.024057,0.010933,-0.279892,0.584674,0.265711,2.017271
sample,175,drone,4.372309,5.496063,-2.962907,1.037280,-0.019553,0.040844,0.018562,-0.360984,0.754070,0.342694,2.017271
sample,176,drone,4.397294,5.495462,-2.961650,1.037851,-0.029555,0.061737,0.028057,-0.437292,0.913472,0.415136,2.017271
sample,177,drone,4.422279,5.494587,-2.959822,1.038682,-0.041404,0.086490,0.039306,-0.508906,1.063068,0.483121,2.017271
sample,178,drone,4.447263,5.493393,-2.957328,1.039815,-0.054984,0.114858,0.052198,-0.575915,1.203044,0.546735,2.017271
sample,179,drone,4.472248,5.491839,-2.954082,1.041290,-0.070182,0.146605,0.066626,-0.638407,1.333587,0.606061,2.017271
sample,180,drone,4.497233,5.489886,-2.950002,1.043144,-0.086885,0.181496,0.082483,-0.696473,1.454883,0.661185,2.017271
sample,181,drone,4.522217,5.487497,-2.945013,1.045411,-0.104984,0.219304,0.099665,-0.750202,1.567119,0.712192,2.017271
sample,182,drone,4.547202,5.484640,-2.939044,1.048124,-0.124372,0.259804,0.118070,-0.799683,1.670481,0.759166,2.017271
sample,183,drone,4.572186,5.481283,-2.932031,1.051311,-0.144944,0.302777,0.137600,-0.845005,1.765155,0.802192,2.017271
sample,184,drone,4.597171,5.477397,-2.923914,1.055000,-0.166596,0.348008,0.158155,-0.886258,1.851330,0.841354,2.017271
sample,185,drone,4.622156,5.472958,-2.914641,1.059214,-0.189229,0.395286,0.179642,-0.923531,1.929190,0.876738,2.017271
sample,186,drone,4.647140,5.467942,-2.904162,1.063977,-0.212744,0.444408,0.201965,-0.956913,1.998922,0.908429,2.017271
sample,187,drone,4.672125,5.462327,-2.892434,1.069306,-0.237046,0.495171,0.225035,-0.986493,2.060713,0.936511,2.017271
sample,188,drone,4.697110,5.456097,-2.879419,1.075221,-0.262039,0.547380,0.248762,-1.012361,2.114750,0.961068,2.017271
sample,189,drone,4.722094,5.449233,-2.865082,1.081737,-0.287632,0.600844,0.273059,-1.034607,2.161219,0.982186,2.017271
sample,190,drone,4.747079,5.441724,-2.849395,1.088866,-0.313737,0.655375,0.297841,-1.053318,2.200306,0.999950,2.017271
sample,191,drone,4.772063,5.433556,-2.832334,1.096620,-0.340266,0.710791,0.323026,-1.068586,2.232199,1.014444,2.017271
sample,192,drone,4.797048,5.424721,-2.813877,1.105007,-0.367134,0.766916,0.348532,-1.080498,2.257083,1.025753,2.017271
sample,193,drone,4.822033,5.415211,-2.794011,1.114036,-0.394258,0.823576,0.374282,-1.089145,2.275145,1.033961,2.017271
sample,194,drone,4.847017,5.405020,-2.772724,1.123710,-0.421557,0.880603,0.400199,-1.094615,2.286572,1.039155,2.017271
sample,195,drone,4.872002,5.394146,-2.750008,1.134033,-0.448955,0.937834,0.426208,-1.096998,2.291551,1.041417,2.017271
sample,196,drone,4.896987,5.382586,-2.725861,1.145007,-0.476374,0.995110,0.452237,-1.096384,2.290267,1.040833,2.017271
sample,197,drone,4.921971,5.370342,-2.700283,1.156631,-0.503740,1.052277,0.478217,-1.092861,2.282907,1.037489,2.017271
sample,198,drone,4.946956,5.357415,-2.673280,1.168903,-0.530983,1.109186,0.504080,-1.086518,2.269658,1.031468,2.017271
sample,199,drone,4.971940,5.343809,-2.644858,1.181820,-0.558033,1.165690,0.529759,-1.077446,2.250707,1.022855,2.017271
sample,200,drone,4.996925,5.329530,-2.615031,1.195375,-0.584822,1.221652,0.555191,-1.065733,2.226240,1.011736,2.017271
sample,201,drone,5.021910,5.314586,-2.583813,1.209562,-0.611287,1.276934,0.580315,-1.051469,2.196443,0.998194,2.017271
sample,202,drone,5.046894,5.298985,-2.551224,1.224373,-0.637363,1.331406,0.605070,-1.034742,2.161503,0.982315,2.017271
sample,203,drone,5.071879,5.282737,-2.517284,1.239797,-0.662992,1.384943,0.629400,-1.015643,2.121606,0.964184,2.017271
sample,204,drone,5.096864,5.265856,-2.482019,1.255824,-0.688114,1.437421,0.653250,-0.994261,2.076940,0.943885,2.017271
sample,205,drone,5.121848,5.248353,-2.445457,1.272439,-0.712674,1.488726,0.676566,-0.970685,2.027690,0.921503,2.017271
sample,206,drone,5.146833,5.230244,-2.407628,1.289631,-0.736619,1.538744,0.699297,-0.945003,1.974044,0.897123,2.017271
sample,207,drone,5.171817,5.211544,-2.368567,1.307383,-0.759896,1.587367,0.721394,-0.917306,1.916187,0.870829,2.017271
sample,208,drone,5.196802,5.192272,-2.328309,1.325679,-0.782456,1.634494,0.742811,-0.887683,1.854306,0.842707,2.017271
sample,209,drone,5.221787,5.172446,-2.286893,1.344501,-0.804252,1.680025,0.763504,-0.856223,1.788588,0.812841,2.017271
sample,210,drone,5.246771,5.152084,-2.244359,1.363830,-0.825241,1.723868,0.783428,-0.823015,1.719220,0.781316,2.017271
sample,211,drone,5.271756,5.131209,-2.200752,1.383648,-0.845378,1.765934,0.802545,-0.788149,1.646387,0.748216,2.017271
sample,212,drone,5.296741,5.109842,-2.156117,1.403933,-0.864624,1.806137,0.820816,-0.751714,1.570277,0.713627,2.017271
sample,213,drone,5.321725,5.088004,-2.110501,1.424663,-0.882940,1.844399,0.838205,-0.713799,1.491075,0.677633,2.017271
sample,214,drone,5.346710,5.065722,-2.063954,1.445817,-0.900292,1.880645,0.854677,-0.674494,1.408969,0.640319,2.017271
sample,215,drone,5.371694,5.043018,-2.016526,1.467371,-0.916644,1.914804,0.870201,-0.633887,1.324145,0.601770,2.017271
sample,216,drone,5.396679,5.019918,-1.968272,1.489301,-0.931967,1.946812,0.884747,-0.592069,1.236790,0.562071,2.017271
sample,217,drone,5.421664,4.996448,-1.919246,1.511581,-0.946230,1.976606,0.898287,-0.549128,1.147089,0.521306,2.017271
sample,218,drone,5.446648,4.972635,-1.869503,1.534187,-0.959406,2.004131,0.910796,-0.505154,1.055230,0.479559,2.017271
sample,219,drone,5.471633,4.948507,-1.819101,1.557093,-0.971472,2.029335,0.922250,-0.460236,0.961400,0.436917,2.017271
sample,220,drone,5.496618,4.924092,-1.768098,1.580271,-0.982404,2.052171,0.932629,-0.414463,0.865784,0.393464,2.017271
sample,221,drone,5.521602,4.899417,-1.716555,1.603696,-0.992182,2.072597,0.941912,-0.367925,0.768569,0.349283,2.017271
sample,222,drone,5.546587,4.874513,-1.664532,1.627338,-1.000789,2.090576,0.950082,-0.320711,0.669942,0.304461,2.017271
sample,223,drone,5.571571,4.849408,-1.612091,1.651171,-1.008208,2.106074,0.957125,-0.272910,0.570089,0.259082,2.017271
sample,224,drone,5.596556,4.824134,-1.559293,1.675165,-1.014426,2.119063,0.963028,-0.224611,0.469197,0.213231,2.017271
sample,225,drone,5.621541,4.798718,-1.506203,1.699292,-1.019432,2.129519,0.967780,-0.175905,0.367452,0.166992,2.017271
sample,226,drone,5.646525,4.773193,-1.452883,1.723524,-1.023216,2.137424,0.971373,-0.126879,0.265042,0.120451,2.017271
sample,227,drone,5.671510,4.747589,-1.399397,1.747831,-1.025772,2.142763,0.973799,-0.077624,0.162151,0.073691,2.017271
sample,228,drone,5.696495,4.721936,-1.345811,1.772184,-1.027095,2.145527,0.975055,-0.028229,0.058968,0.026799,2.017271
sample,229,drone,5.721479,4.696266,-1.292187,1.796554,-1.027182,2.145710,0.975138,0.021217,-0.044322,-0.020142,2.017271
sample,230,drone,5.746464,4.670609,-1.238591,1.820911,-1.026034,2.143312,0.974048,0.070625,-0.147532,-0.067047,2.017271
sample,231,drone,5.771448,4.644996,-1.185087,1.845226,-1.023653,2.138338,0.971788,0.119906,-0.250475,-0.113831,2.017271
sample,232,drone,5.796433,4.619458,-1.131740,1.869471,-1.020043,2.130796,0.968360,0.168969,-0.352965,-0.160408,2.017271
sample,233,drone,5.821418,4.594025,-1.078613,1.893615,-1.015210,2.120700,0.963772,0.217727,-0.454815,-0.206695,2.017271
sample,234,drone,5.846402,4.568728,-1.025770,1.917630,-1.009163,2.108069,0.958032,0.266088,-0.555840,-0.252607,2.017271
sample,235,drone,5.871387,4.543598,-0.973274,1.941487,-1.001914,2.092925,0.951150,0.313965,-0.655851,-0.298058,2.017271
sample,236,drone,5.896372,4.518663,-0.921188,1.965158,-0.993474,2.075297,0.943138,0.361268,-0.754663,-0.342964,2.017271
sample,237,drone,5.921356,4.493955,-0.869573,1.988615,-0.983861,2.055216,0.934012,0.407908,-0.852090,-0.387240,2.017271
sample,238,drone,5.946341,4.469501,-0.818491,2.011830,-0.973092,2.032719,0.923788,0.453794,-0.947944,-0.430802,2.017271
sample,239,drone,5.971325,4.445330,-0.768000,2.034776,-0.961185,2.007847,0.912485,0.498839,-1.042039,-0.473565,2.017271
sample,240,drone,5.996310,4.421471,-0.718160,2.057426,-0.948165,1.980649,0.900125,0.542953,-1.134189,-0.515443,2.017271
sample,241,drone,6.021295,4.397951,-0.669028,2.079754,-0.934055,1.951173,0.886729,0.586045,-1.224207,-0.556352,2.017271
sample,242,drone,6.046279,4.374797,-0.620661,2.101735,-0.918881,1.919476,0.872324,0.628028,-1.311906,-0.596208,2.017271
sample,243,drone,6.071264,4.352035,-0.573114,2.123344,-0.902672,1.885618,0.856937,0.668812,-1.397101,-0.634926,2.017271
sample,244,drone,6.096249,4.329691,-0.526438,2.144556,-0.885461,1.849664,0.840597,0.708307,-1.479603,-0.672420,2.017271
sample,245,drone,6.121233,4.307789,-0.480687,2.165348,-0.867279,1.811683,0.823337,0.746425,-1.559228,-0.708606,2.017271
sample,246,drone,6.146218,4.286354,-0.435910,2.185697,-0.848162,1.771750,0.805189,0.783075,-1.635788,-0.743399,2.017271
sample,247,drone,6.171203,4.265407,-0.392154,2.205582,-0.828149,1.729944,0.786190,0.818169,-1.709097,-0.776715,2.017271
sample,248,drone,6.196187,4.244972,-0.349466,2.224982,-0.807279,1.686348,0.766377,0.851618,-1.778968,-0.808469,2.017271
sample,249,drone,6.221172,4.225068,-0.307889,2.243878,-0.785594,1.641050,0.745791,0.883331,-1.845215,-0.838576,2.017271
sample,250,drone,6.246156,4.205716,-0.267464,2.262249,-0.763140,1.594144,0.724474,0.913220,-1.907652,-0.866950,2.017271
sample,251,drone,6.271141,4.186935,-0.228231,2.280079,-0.739962,1.545727,0.702470,0.941196,-1.966090,-0.893508,2.017271
sample,252,drone,6.296126,4.168741,-0.190225,2.297351,-0.716109,1.495900,0.679826,0.967168,-2.020345,-0.918165,2.017271
sample,253,drone,6.321110,4.151151,-0.153482,2.314049,-0.691633,1.444771,0.656590,0.991049,-2.070230,-0.940836,2.017271
sample,254,drone,6.346095,4.134180,-0.118031,2.330160,-0.666587,1.392452,0.632813,1.012748,-2.115558,-0.961435,2.017271
sample,255,drone,6.371080,4.117842,-0.083902,2.345671,-0.641027,1.339059,0.608548,1.032176,-2.156142,-0.979879,2.017271
sample,256,drone,6.396064,4.102149,-0.051119,2.360569,-0.615010,1.284711,0.583849,1.049244,-2.191796,-0.996083,2.017271
sample,257,drone,6.421049,4.087111,-0.019706,2.374845,-0.588597,1.229536,0.558774,1.063863,-2.222334,-1.009961,2.017271
sample,258,drone,6.446033,4.072737,0.010320,2.388490,-0.561849,1.173663,0.533382,1.075943,-2.247568,-1.021429,2.017271
sample,259,drone,6.471018,4.059036,0.038941,2.401498,-0.534833,1.117227,0.507734,1.085396,-2.267313,-1.030402,2.017271
sample,260,drone,6.496003,4.046012,0.066147,2.413862,-0.507613,1.060367,0.481894,1.092131,-2.281382,-1.036796,2.017271
sample,261,drone,6.520987,4.033671,0.091927,2.425578,-0.480260,1.003228,0.455926,1.096059,-2.289588,-1.040525,2.017271
sample,262,drone,6.545972,4.022014,0.116277,2.436644,-0.452844,0.945958,0.429900,1.097092,-2.291745,-1.041505,2.017271
sample,263,drone,6.570957,4.011042,0.139196,2.447059,-0.425439,0.888711,0.403883,1.095139,-2.287667,-1.039652,2.017271
sample,264,drone,6.595941,4.000755,0.160685,2.456826,-0.398120,0.831645,0.377949,1.090112,-2.277165,-1.034879,2.017271
sample,265,drone,6.620926,3.991148,0.180753,2.465945,-0.370967,0.774923,0.352171,1.081921,-2.260055,-1.027104,2.017271
sample,266,drone,6.645910,3.982218,0.199408,2.474423,-0.344058,0.718712,0.326625,1.070477,-2.236150,-1.016240,2.017271
sample,267,drone,6.670895,3.973956,0.216666,2.482266,-0.317476,0.663184,0.301390,1.055691,-2.205263,-1.002203,2.017271
sample,268,drone,6.695880,3.966354,0.232547,2.489484,-0.291306,0.608516,0.276546,1.037473,-2.167207,-0.984908,2.017271
sample,269,drone,6.720864,3.959400,0.247073,2.496085,-0.265634,0.554890,0.252175,1.015735,-2.121796,-0.964271,2.017271
sample,270,drone,6.745849,3.953080,0.260274,2.502085,-0.240550,0.502492,0.228362,0.990386,-2.068844,-0.940206,2.017271
sample,271,drone,6.770834,3.947380,0.272182,2.507496,-0.216145,0.451512,0.205194,0.961337,-2.008164,-0.912629,2.017271
sample,272,drone,6.795818,3.942280,0.282836,2.512338,-0.192513,0.402145,0.182759,0.928500,-1.939569,-0.881456,2.017271
sample,273,drone,6.820803,3.937760,0.292277,2.516629,-0.169749,0.354593,0.161148,0.891784,-1.862873,-0.846600,2.017271
sample,274,drone,6.845787,3.933798,0.300554,2.520390,-0.147951,0.309059,0.140455,0.851101,-1.777889,-0.807979,2.017271
sample,275,drone,6.870772,3.930367,0.307721,2.523647,-0.127220,0.265753,0.120774,0.806362,-1.684432,-0.765506,2.017271
sample,276,drone,6.895757,3.927440,0.313834,2.526425,-0.107658,0.224889,0.102203,0.757476,-1.582313,-0.719097,2.017271
sample,277,drone,6.920741,3.924987,0.318958,2.528754,-0.089369,0.186686,0.084841,0.704355,-1.471347,-0.668668,2.017271
sample,278,drone,6.945726,3.922975,0.323163,2.530665,-0.072462,0.151367,0.068790,0.646909,-1.351347,-0.614133,2.017271
sample,279,drone,6.970711,3.921367,0.326522,2.532192,-0.057044,0.119160,0.054154,0.585050,-1.222127,-0.555407,2.017271
sample,280,drone,6.995695,3.920124,0.329117,2.533371,-0.043227,0.090298,0.041037,0.518687,-1.083500,-0.492407,2.017271
sample,281,drone,7.020680,3.919207,0.331034,2.534242,-0.031125,0.065019,0.029548,0.447732,-0.935280,-0.425047,2.017271
sample,282,drone,7.045664,3.918569,0.332366,2.534847,-0.020854,0.043563,0.019798,0.372095,-0.777280,-0.353242,2.017271
sample,283,drone,7.070649,3.918164,0.333211,2.535231,-0.012532,0.026178,0.011897,0.291687,-0.609313,-0.276908,2.017271
sample,284,drone,7.095634,3.917943,0.333674,2.535442,-0.006279,0.013116,0.005961,0.206418,-0.431193,-0.195960,2.017271
sample,285,drone,7.120618,3.917851,0.333866,2.535529,-0.002217,0.004632,0.002105,0.121907,-0.247215,-0.112895,2.017271
sample,286,drone,7.145603,3.917832,0.333905,2.535547,-0.000187,0.000763,0.000319,0.090050,-0.098772,-0.051445,1.811517
sample,287,drone,7.170588,3.917841,0.333904,2.535545,0.002282,-0.000303,-0.000466,0.173120,-0.038152,-0.041082,-0.132183
sample,288,drone,7.195572,3.917946,0.333890,2.535524,0.008463,-0.001143,-0.001733,0.339962,-0.046029,-0.069665,-0.134292
sample,289,drone,7.220557,3.918264,0.333847,2.535459,0.019270,-0.002603,-0.003947,0.520600,-0.070336,-0.106625,-0.134292
sample,290,drone,7.245541,3.918909,0.333760,2.535327,0.034477,-0.004658,-0.007061,0.692170,-0.093516,-0.141765,-0.134293
sample,291,drone,7.270526,3.919987,0.333614,2.535106,0.053857,-0.007276,-0.011031,0.854672,-0.115471,-0.175047,-0.134293
sample,292,drone,7.295511,3.921600,0.333397,2.534775,0.077185,-0.010428,-0.015808,1.008259,-0.136221,-0.206503,-0.134293
sample,293,drone,7.320495,3.923844,0.333093,2.534316,0.104239,-0.014083,-0.021349,1.153084,-0.155788,-0.236165,-0.134293
sample,294,drone,7.345480,3.926809,0.332693,2.533709,0.134803,-0.018213,-0.027609,1.289301,-0.174192,-0.264064,-0.134293
sample,295,drone,7.370465,3.930580,0.332183,2.532936,0.168665,-0.022788,-0.034544,1.417064,-0.191453,-0.290231,-0.134293
sample,296,drone,7.395449,3.935237,0.331554,2.531982,0.205613,-0.027779,-0.042112,1.536525,-0.207593,-0.314698,-0.134293
sample,297,drone,7.420434,3.940854,0.330795,2.530832,0.245444,-0.033161,-0.050270,1.647838,-0.222632,-0.337496,-0.134293
sample,298,drone,7.445418,3.947502,0.329897,2.529470,0.287954,-0.038904,-0.058976,1.751156,-0.236591,-0.358657,-0.134293
sample,299,drone,7.470403,3.955243,0.328851,2.527885,0.332947,-0.044983,-0.068192,1.846633,-0.249491,-0.378212,-0.134293
sample,300,drone,7.495388,3.964139,0.327649,2.526063,0.380229,-0.051371,-0.077875,1.934422,-0.261351,-0.396192,-0.134293
sample,301,drone,7.520372,3.974243,0.326284,2.523994,0.429609,-0.058043,-0.087989,2.014677,-0.272194,-0.412629,-0.134293
sample,302,drone,7.545357,3.985606,0.324749,2.521666,0.480901,-0.064972,-0.098494,2.087550,-0.282040,-0.427555,-0.134293
sample,303,drone,7.570342,3.998273,0.323038,2.519072,0.533922,-0.072136,-0.109354,2.153196,-0.290909,-0.441000,-0.134293
sample,304,drone,7.595326,4.012286,0.321144,2.516202,0.588495,-0.079509,-0.120531,2.211768,-0.298822,-0.452996,-0.134293
sample,305,drone,7.620311,4.027680,0.319065,2.513049,0.644443,-0.087068,-0.131989,2.263418,-0.305801,-0.463574,-0.134293
sample,306,drone,7.645295,4.044488,0.316794,2.509606,0.701596,-0.094790,-0.143695,2.308301,-0.311864,-0.472767,-0.134293
sample,307,drone,7.670280,4.062738,0.314328,2.505869,0.759787,-0.102652,-0.155613,2.346569,-0.317035,-0.480605,-0.134293
sample,308,drone,7.695265,4.082454,0.311664,2.501831,0.818852,-0.110632,-0.167710,2.378377,-0.321332,-0.487119,-0.134293
sample,309,drone,7.720249,4.103655,0.308800,2.497488,0.878633,-0.118708,-0.179954,2.403877,-0.324777,-0.492342,-0.134293
sample,310,drone,7.745234,4.126359,0.305733,2.492838,0.938972,-0.126860,-0.192312,2.423223,-0.327391,-0.496304,-0.134293
sample,311,drone,7.770219,4.150575,0.302461,2.487879,0.999719,-0.135068,-0.204754,2.436568,-0.329194,-0.499037,-0.134293
sample,312,drone,7.795203,4.176314,0.298983,2.482607,1.060726,-0.143310,-0.217249,2.444066,-0.330207,-0.500573,-0.134293
sample,313,drone,7.820188,4.203579,0.295300,2.477023,1.121847,-0.151568,-0.229767,2.445870,-0.330451,-0.500943,-0.134293
sample,314,drone,7.845172,4.232372,0.291410,2.471126,1.182944,-0.159822,-0.242281,2.442133,-0.329946,-0.500177,-0.134293
sample,315,drone,7.870157,4.262690,0.287313,2.464916,1.243879,-0.168055,-0.254761,2.433009,-0.328713,-0.498309,-0.134293
sample,316,drone,7.895142,4.294527,0.283012,2.458396,1.304520,-0.176248,-0.267181,2.418651,-0.326774,-0.495368,-0.134293
sample,317,drone,7.920126,4.327876,0.278506,2.451565,1.364737,-0.184384,-0.279514,2.399213,-0.324147,-0.491387,-0.134293
sample,318,drone,7.945111,4.362722,0.273798,2.444428,1.424406,-0.192445,-0.291735,2.374848,-0.320855,-0.486396,-0.134293
sample,319,drone,7.970096,4.399052,0.268890,2.436988,1.483406,-0.200417,-0.303819,2.345709,-0.316919,-0.480428,-0.134293
sample,320,drone,7.995080,4.436847,0.263784,2.429247,1.541620,-0.208282,-0.315742,2.311949,-0.312357,-0.473514,-0.134293
sample,321,drone,8.020065,4.476086,0.258482,2.421210,1.598933,-0.216025,-0.327480,2.273723,-0.307193,-0.465685,-0.134293
sample,322,drone,8.045049,4.516744,0.252989,2.412883,1.655236,-0.223632,-0.339012,2.231183,-0.301446,-0.456972,-0.134293
sample,323,drone,8.070034,4.558797,0.247308,2.404270,1.710423,-0.231088,-0.350315,2.184483,-0.295136,-0.447408,-0.134293
sample,324,drone,8.095019,4.602213,0.241442,2.395378,1.764393,-0.238379,-0.361368,2.133776,-0.288285,-0.437022,-0.134293
sample,325,drone,8.120003,4.646962,0.235396,2.386213,1.817047,-0.245493,-0.372152,2.079216,-0.280914,-0.425848,-0.134293
sample,326,drone,8.144988,4.693009,0.229175,2.376782,1.868290,-0.252417,-0.382647,2.020955,-0.273043,-0.413915,-0.134293
sample,327,drone,8.169973,4.740319,0.222783,2.367092,1.918032,-0.259137,-0.392835,1.959148,-0.264692,-0.401256,-0.134293
sample,328,drone,8.194957,4.788852,0.216226,2.357152,1.966187,-0.265643,-0.402698,1.893948,-0.255883,-0.387903,-0.134293
sample,329,drone,8.219942,4.838568,0.209509,2.346970,2.012671,-0.271923,-0.412219,1.825507,-0.246636,-0.373885,-0.134293
sample,330,drone,8.244926,4.889424,0.202638,2.336554,2.057406,-0.277967,-0.421381,1.753981,-0.236973,-0.359236,-0.134293
sample,331,drone,8.269911,4.941375,0.195619,2.325914,2.100316,-0.283765,-0.430169,1.679520,-0.226913,-0.343985,-0.134293
sample,332,drone,8.294896,4.994375,0.188459,2.315059,2.141331,-0.289306,-0.438569,1.602281,-0.216477,-0.328166,-0.134293
sample,333,drone,8.319880,5.048376,0.181163,2.303999,2.180381,-0.294582,-0.446567,1.522414,-0.205687,-0.311808,-0.134293
sample,334,drone,8.344865,5.103327,0.173739,2.292744,2.217405,-0.299584,-0.454150,1.440075,-0.194562,-0.294944,-0.134293
sample,335,drone,8.369850,5.159178,0.166193,2.281305,2.252341,-0.304304,-0.461306,1.355416,-0.183124,-0.277605,-0.134293
sample,336,drone,8.394834,5.215875,0.158533,2.269693,2.285134,-0.308735,-0.468022,1.268590,-0.171394,-0.259822,-0.134293
sample,337,drone,8.419819,5.273364,0.150766,2.257918,2.315731,-0.312868,-0.474289,1.179752,-0.159391,-0.241627,-0.134293
sample,338,drone,8.444803,5.331590,0.142899,2.245993,2.344085,-0.316699,-0.480096,1.089054,-0.147137,-0.223051,-0.134293
sample,339,drone,8.469788,5.390496,0.134940,2.233928,2.370150,-0.320221,-0.485434,0.996651,-0.134653,-0.204126,-0.134293
sample,340,drone,8.494773,5.450025,0.126898,2.221736,2.393887,-0.323428,-0.490296,0.902694,-0.121959,-0.184882,-0.134293
sample,341,drone,8.519757,5.510117,0.118779,2.209429,2.415257,-0.326315,-0.494673,0.807338,-0.109076,-0.165352,-0.134293
sample,342,drone,8.544742,5.570713,0.110592,2.197018,2.434229,-0.328878,-0.498558,0.710736,-0.096024,-0.145567,-0.134293
sample,343,drone,8.569727,5.631754,0.102345,2.184516,2.450772,-0.331113,-0.501947,0.613041,-0.082825,-0.125558,-0.134293
sample,344,drone,8.594711,5.693177,0.094047,2.171936,2.464862,-0.333017,-0.504832,0.514407,-0.069499,-0.105357,-0.134293
sample,345,drone,8.619696,5.754921,0.085705,2.159290,2.476477,-0.334586,-0.507211,0.414987,-0.056067,-0.084994,-0.134293
sample,346,drone,8.644680,5.816924,0.077328,2.146591,2.485599,-0.335818,-0.509080,0.314935,-0.042549,-0.064502,-0.134293
sample,347,drone,8.669665,5.879124,0.068924,2.133852,2.492214,-0.336712,-0.510434,0.214403,-0.028967,-0.043912,-0.134293
sample,348,drone,8.694650,5.941458,0.060502,2.121085,2.496312,-0.337266,-0.511274,0.113546,-0.015341,-0.023256,-0.134293
sample,349,drone,8.719634,6.003863,0.052071,2.108304,2.497888,-0.337479,-0.511596,0.012516,-0.001691,-0.002563,-0.134293
sample,350,drone,8.744619,6.066276,0.043639,2.095521,2.496938,-0.337350,-0.511402,-0.088532,0.011961,0.018132,-0.134293
sample,351,drone,8.769604,6.128633,0.035214,2.082749,2.493464,-0.336881,-0.510690,-0.189447,0.025595,0.038801,-0.134293
sample,352,drone,8.794588,6.190873,0.026805,2.070002,2.487471,-0.336071,-0.509463,-0.290073,0.039191,0.059410,-0.134293
sample,353,drone,8.819573,6.252930,0.018421,2.057292,2.478969,-0.334923,-0.507722,-0.390259,0.052726,0.079929,-0.134293
sample,354,drone,8.844557,6.314745,0.010069,2.044632,2.467970,-0.333437,-0.505469,-0.489849,0.066181,0.100327,-0.134293
sample,355,drone,8.869542,6.376253,0.001759,2.032034,2.454492,-0.331616,-0.502708,-0.588692,0.079536,0.120571,-0.134293
sample,356,drone,8.894527,6.437394,-0.006501,2.019512,2.438554,-0.329462,-0.499444,-0.686634,0.092768,0.140631,-0.134293
sample,357,drone,8.919511,6.498106,-0.014704,2.007077,2.420181,-0.326980,-0.495681,-0.783521,0.105858,0.160474,-0.134293
sample,358,drone,8.944496,6.558328,-0.022840,1.994743,2.399402,-0.324173,-0.491425,-0.879200,0.118785,0.180070,-0.134293
sample,359,drone,8.969481,6.618002,-0.030903,1.982521,2.376248,-0.321045,-0.486683,-0.973518,0.131528,0.199388,-0.134293
sample,360,drone,8.994465,6.677068,-0.038883,1.970424,2.350756,-0.317600,-0.481462,-1.066320,0.144066,0.218395,-0.134293
sample,361,drone,9.019450,6.735468,-0.046773,1.958463,2.322965,-0.313846,-0.475770,-1.157455,0.156379,0.237060,-0.134293
sample,362,drone,9.044434,6.793145,-0.054565,1.946650,2.292919,-0.309786,-0.469616,-1.246768,0.168445,0.255353,-0.134293
sample,363,drone,9.069419,6.850043,-0.062253,1.934996,2.260665,-0.305429,-0.463010,-1.334106,0.180245,0.273241,-0.134293
sample,364,drone,9.094404,6.906108,-0.069827,1.923513,2.226254,-0.300780,-0.455963,-1.419316,0.191758,0.290692,-0.134293
sample,365,drone,9.119388,6.961287,-0.077282,1.912212,2.189743,-0.295847,-0.448485,-1.502244,0.202962,0.307677,-0.134293
sample,366,drone,9.144373,7.015528,-0.084611,1.901103,2.151188,-0.290638,-0.440588,-1.582738,0.213837,0.324163,-0.134293
sample,367,drone,9.169358,7.068781,-0.091805,1.890196,2.110654,-0.285161,-0.432287,-1.660642,0.224362,0.340119,-0.134293
sample,368,drone,9.194342,7.120996,-0.098860,1.879502,2.068207,-0.279427,-0.423593,-1.735805,0.234517,0.355513,-0.134293
sample,369,drone,9.219327,7.172127,-0.105768,1.869030,2.023918,-0.273443,-0.414522,-1.808073,0.244281,0.370314,-0.134293
sample,370,drone,9.244311,7.222130,-0.112524,1.858789,1.977859,-0.267220,-0.405089,-1.877292,0.253633,0.384491,-0.134293
sample,371,drone,9.269296,7.270960,-0.119121,1.848788,1.930111,-0.260769,-0.395309,-1.943309,0.262552,0.398012,-0.134293
sample,372,drone,9.294281,7.318576,-0.125554,1.839035,1.880754,-0.254100,-0.385200,-2.005971,0.271018,0.410846,-0.134293
sample,373,drone,9.319265,7.364939,-0.131818,1.829539,1.829874,-0.247226,-0.374779,-2.065124,0.279010,0.422961,-0.134293
sample,374,drone,9.344250,7.410013,-0.137908,1.820308,1.777561,-0.240159,-0.364065,-2.120616,0.286507,0.434327,-0.134293
sample,375,drone,9.369235,7.453763,-0.143819,1.811347,1.723908,-0.232910,-0.353076,-2.172291,0.293489,0.444911,-0.134293
sample,376,drone,9.394219,7.496156,-0.149546,1.802665,1.669013,-0.225493,-0.341833,-2.219998,0.299934,0.454681,-0.134293
sample,377,drone,9.419204,7.537162,-0.155086,1.794266,1.612977,-0.217922,-0.330356,-2.263583,0.305823,0.463608,-0.134293
sample,378,drone,9.444188,7.576755,-0.160436,1.786157,1.555904,-0.210211,-0.318667,-2.302892,0.311134,0.471659,-0.134293
sample,379,drone,9.469173,7.614909,-0.165590,1.778343,1.497903,-0.202375,-0.306788,-2.337772,0.315846,0.478803,-0.134293
sample,380,drone,9.494158,7.651604,-0.170548,1.770827,1.439087,-0.194429,-0.294742,-2.368069,0.319940,0.485008,-0.134293
sample,381,drone,9.519142,7.686820,-0.175306,1.763615,1.379572,-0.186388,-0.282552,-2.393631,0.323393,0.490244,-0.134293
sample,382,drone,9.544127,7.720540,-0.179862,1.756708,1.319479,-0.178269,-0.270245,-2.414304,0.326186,0.494478,-0.134293
sample,383,drone,9.569112,7.752753,-0.184214,1.750111,1.258931,-0.170089,-0.257844,-2.429935,0.328298,0.497679,-0.134293
sample,384,drone,9.594096,7.783448,-0.188361,1.743824,1.198057,-0.161864,-0.245376,-2.440369,0.329708,0.499816,-0.134293
sample,385,drone,9.619081,7.812619,-0.192302,1.737849,1.136988,-0.153613,-0.232868,-2.445455,0.330395,0.500858,-0.134293
sample,386,drone,9.644065,7.840262,-0.196037,1.732188,1.075859,-0.145355,-0.220348,-2.445037,0.330338,0.500772,-0.134293
sample,387,drone,9.669050,7.866379,-0.199565,1.726839,1.014811,-0.137107,-0.207845,-2.438964,0.329518,0.499528,-0.134293
sample,388,drone,9.694035,7.890972,-0.202888,1.721802,0.953986,-0.128889,-0.195387,-2.427081,0.327912,0.497094,-0.134293
sample,389,drone,9.719019,7.914049,-0.206006,1.717075,0.893532,-0.120721,-0.183006,-2.409236,0.325501,0.493440,-0.134293
sample,390,drone,9.744004,7.935621,-0.208920,1.712657,0.833598,-0.112624,-0.170731,-2.385274,0.322264,0.488532,-0.134293
sample,391,drone,9.768989,7.955703,-0.211634,1.708544,0.774341,-0.104618,-0.158594,-2.355043,0.318180,0.482340,-0.134293
sample,392,drone,9.793973,7.974314,-0.214148,1.704732,0.715919,-0.096725,-0.146628,-2.318389,0.313228,0.474833,-0.134293
sample,393,drone,9.818958,7.991477,-0.216467,1.701217,0.658493,-0.088966,-0.134867,-2.275159,0.307387,0.465979,-0.134293
sample,394,drone,9.843942,8.007219,-0.218594,1.697993,0.602231,-0.081365,-0.123344,-2.225199,0.300637,0.455747,-0.134293
sample,395,drone,9.868927,8.021570,-0.220533,1.695054,0.547301,-0.073944,-0.112094,-2.168357,0.292957,0.444105,-0.134293
sample,396,drone,9.893912,8.034567,-0.222289,1.692392,0.493879,-0.066726,-0.101152,-2.104477,0.284327,0.431021,-0.134293
sample,397,drone,9.918896,8.046249,-0.223867,1.689999,0.442142,-0.059736,-0.090556,-2.033408,0.274725,0.416466,-0.134293
sample,398,drone,9.943881,8.056660,-0.225274,1.687867,0.392272,-0.052998,-0.080342,-1.954996,0.264131,0.400406,-0.134293
sample,399,drone,9.968866,8.065850,-0.226515,1.685985,0.344453,-0.046538,-0.070548,-1.869088,0.252524,0.382811,-0.134293
sample,400,drone,9.993850,8.073872,-0.227599,1.684342,0.298875,-0.040380,-0.061213,-1.775529,0.239884,0.363649,-0.134293
sample,401,drone,10.018835,8.080785,-0.228533,1.682926,0.255731,-0.034551,-0.052377,-1.674167,0.226189,0.342889,-0.134293
sample,402,drone,10.043819,8.086651,-0.229325,1.681725,0.215218,-0.029077,-0.044079,-1.564849,0.211420,0.320499,-0.134293
sample,403,drone,10.068804,8.091539,-0.229986,1.680723,0.177536,-0.023986,-0.036362,-1.447420,0.195555,0.296448,-0.134293
sample,404,drone,10.093789,8.095522,-0.230524,1.679908,0.142891,-0.019305,-0.029266,-1.321728,0.178573,0.270705,-0.134293
sample,405,drone,10.118773,8.098679,-0.230951,1.679261,0.111491,-0.015063,-0.022835,-1.187619,0.160454,0.243238,-0.134293
sample,406,drone,10.143758,8.101093,-0.231277,1.678767,0.083547,-0.011288,-0.017111,-1.044940,0.141177,0.214016,-0.134293
sample,407,drone,10.168743,8.102854,-0.231515,1.678406,0.059276,-0.008009,-0.012140,-0.893538,0.120722,0.183007,-0.134293
sample,408,drone,10.193727,8.104055,-0.231677,1.678160,0.038897,-0.005255,-0.007967,-0.733258,0.099067,0.150180,-0.134293
sample,409,drone,10.218712,8.104798,-0.231777,1.678008,0.022635,-0.003058,-0.004636,-0.563949,0.076193,0.115503,-0.134292
sample,410,drone,10.243696,8.105187,-0.231830,1.677928,0.010717,-0.001448,-0.002195,-0.385455,0.052077,0.078946,-0.134292
sample,411,drone,10.268681,8.105333,-0.231850,1.677898,0.003375,-0.000456,-0.000691,-0.209244,0.027636,0.042629,-0.134292
sample,412,drone,10.293666,8.105355,-0.231852,1.677894,0.000262,-0.000067,-0.000065,-0.096308,0.007846,0.017878,-0.250797
sample,413,drone,10.318650,8.105346,-0.231853,1.677895,-0.001438,-0.000064,0.000202,-0.098890,-0.002818,0.014469,-3.097210
sample,414,drone,10.343635,8.105283,-0.231856,1.677904,-0.004680,-0.000208,0.000658,-0.171957,-0.007637,0.024181,-3.097210
sample,415,drone,10.368620,8.105112,-0.231863,1.677928,-0.010030,-0.000445,0.001410,-0.254955,-0.011323,0.035852,-3.097210
sample,416,drone,10.393604,8.104782,-0.231878,1.677974,-0.017420,-0.000774,0.002450,-0.335164,-0.014885,0.047131,-3.097210
sample,417,drone,10.418589,8.104242,-0.231902,1.678050,-0.026778,-0.001189,0.003766,-0.412616,-0.018325,0.058022,-3.097210
sample,418,drone,10.443573,8.103444,-0.231937,1.678162,-0.038038,-0.001689,0.005349,-0.487340,-0.021644,0.068530,-3.097210
sample,419,drone,10.468558,8.102341,-0.231986,1.678317,-0.051130,-0.002271,0.007190,-0.559368,-0.024843,0.078659,-3.097210
sample,420,drone,10.493543,8.100889,-0.232051,1.678522,-0.065989,-0.002931,0.009279,-0.628730,-0.027923,0.088413,-3.097210
sample,421,drone,10.518527,8.099044,-0.232133,1.678781,-0.082548,-0.003666,0.011608,-0.695458,-0.030886,0.097796,-3.097210
sample,422,drone,10.543512,8.096764,-0.232234,1.679102,-0.100741,-0.004474,0.014166,-0.759580,-0.033734,0.106813,-3.097210
sample,423,drone,10.568497,8.094010,-0.232356,1.679489,-0.120503,-0.005352,0.016945,-0.821130,-0.036468,0.115468,-3.097210
sample,424,drone,10.593481,8.090743,-0.232501,1.679948,-0.141772,-0.006296,0.019936,-0.880136,-0.039088,0.123765,-3.097210
sample,425,drone,10.618466,8.086926,-0.232671,1.680485,-0.164483,-0.007305,0.023130,-0.936630,-0.041597,0.131710,-3.097210
sample,426,drone,10.643450,8.082524,-0.232866,1.681104,-0.188574,-0.008375,0.026517,-0.990643,-0.043996,0.139305,-3.097210
sample,427,drone,10.668435,8.077503,-0.233089,1.681810,-0.213985,-0.009503,0.030091,-1.042205,-0.046286,0.146556,-3.097210
sample,428,drone,10.693420,8.071831,-0.233341,1.682608,-0.240653,-0.010688,0.033841,-1.091346,-0.048469,0.153466,-3.097210
sample,429,drone,10.718404,8.065478,-0.233623,1.683501,-0.268518,-0.011925,0.037759,-1.138099,-0.050545,0.160040,-3.097210
sample,430,drone,10.743389,8.058413,-0.233937,1.684495,-0.297523,-0.013213,0.041838,-1.182493,-0.052517,0.166283,-3.097210
sample,431,drone,10.768374,8.050611,-0.234284,1.685592,-0.327607,-0.014550,0.046068,-1.224558,-0.054385,0.172198,-3.097210
sample,432,drone,10.793358,8.042043,-0.234664,1.686797,-0.358713,-0.015931,0.050442,-1.264327,-0.056151,0.177791,-3.097210
sample,433,drone,10.818343,8.032686,-0.235080,1.688112,-0.390784,-0.017355,0.054952,-1.301829,-0.057816,0.183064,-3.097210
sample,434,drone,10.843327,8.022516,-0.235531,1.689543,-0.423764,-0.018820,0.059590,-1.337095,-0.059383,0.188023,-3.097210
sample,435,drone,10.868312,8.011511,-0.236020,1.691090,-0.457598,-0.020323,0.064348,-1.370157,-0.060851,0.192672,-3.097210
sample,436,drone,10.893297,7.999650,-0.236547,1.692758,-0.492230,-0.021861,0.069218,-1.401043,-0.062223,0.197016,-3.097210
sample,437,drone,10.918281,7.986914,-0.237113,1.694549,-0.527607,-0.023432,0.074192,-1.429786,-0.063499,0.201058,-3.097210
sample,438,drone,10.943266,7.973286,-0.237718,1.696465,-0.563675,-0.025034,0.079264,-1.456417,-0.064682,0.204802,-3.097210
sample,439,drone,10.968251,7.958748,-0.238364,1.698510,-0.600383,-0.026664,0.084426,-1.480964,-0.065772,0.208254,-3.097210
sample,440,drone,10.993235,7.943285,-0.239050,1.700684,-0.637678,-0.028320,0.089671,-1.503461,-0.066771,0.211418,-3.097210
sample,441,drone,11.018220,7.926884,-0.239779,1.702990,-0.675510,-0.030001,0.094991,-1.523936,-0.067681,0.214297,-3.097210
sample,442,drone,11.043204,7.909531,-0.240549,1.705431,-0.713828,-0.031702,0.100379,-1.542421,-0.068502,0.216896,-3.097210
sample,443,drone,11.068189,7.891214,-0.241363,1.708006,-0.752583,-0.033424,0.105829,-1.558947,-0.069236,0.219220,-3.097210
sample,444,drone,11.093174,7.871925,-0.242220,1.710719,-0.791727,-0.035162,0.111333,-1.573545,-0.069884,0.221273,-3.097210
sample,445,drone,11.118158,7.851652,-0.243120,1.713570,-0.831212,-0.036916,0.116886,-1.586244,-0.070448,0.223059,-3.097210
sample,446,drone,11.143143,7.830389,-0.244064,1.716560,-0.870991,-0.038682,0.122479,-1.597076,-0.070929,0.224582,-3.097210
sample,447,drone,11.168128,7.808129,-0.245053,1.719690,-0.911017,-0.040460,0.128108,-1.606071,-0.071328,0.225847,-3.097210
sample,448,drone,11.193112,7.784867,-0.246086,1.722961,-0.951245,-0.042246,0.133765,-1.613260,-0.071648,0.226858,-3.097210
sample,449,drone,11.218097,7.760596,-0.247164,1.726374,-0.991630,-0.044040,0.139444,-1.618674,-0.071888,0.227619,-3.097210
sample,450,drone,11.243081,7.735316,-0.248287,1.729929,-1.032129,-0.045839,0.145139,-1.622344,-0.072051,0.228135,-3.097210
sample,451,drone,11.268066,7.709022,-0.249454,1.733626,-1.072698,-0.047640,0.150844,-1.624300,-0.072138,0.228410,-3.097210
sample,452,drone,11.293051,7.681714,-0.250667,1.737466,-1.113294,-0.049443,0.156552,-1.624573,-0.072150,0.228449,-3.097210
sample,453,drone,11.318035,7.653391,-0.251925,1.741449,-1.153876,-0.051246,0.162259,-1.623194,-0.072089,0.228255,-3.097210
sample,454,drone,11.343020,7.624055,-0.253228,1.745574,-1.194404,-0.053046,0.167958,-1.620193,-0.071956,0.227833,-3.097210
sample,455,drone,11.368005,7.593708,-0.254576,1.749842,-1.234836,-0.054841,0.173644,-1.615601,-0.071752,0.227187,-3.097210
sample,456,drone,11.392989,7.562352,-0.255968,1.754251,-1.275134,-0.056631,0.179310,-1.609449,-0.071478,0.226322,-3.097210
sample,457,drone,11.417974,7.529990,-0.257405,1.758802,-1.315259,-0.058413,0.184953,-1.601767,-0.071137,0.225242,-3.097210
sample,458,drone,11.442958,7.496629,-0.258887,1.763493,-1.355173,-0.060186,0.190565,-1.592587,-0.070730,0.223951,-3.097210
sample,459,drone,11.467943,7.462273,-0.260413,1.768324,-1.394839,-0.061947,0.196143,-1.581938,-0.070257,0.222453,-3.097210
sample,460,drone,11.492928,7.426930,-0.261982,1.773294,-1.434221,-0.063696,0.201681,-1.569852,-0.069720,0.220754,-3.097210
sample,461,drone,11.517912,7.390606,-0.263596,1.778402,-1.473284,-0.065431,0.207174,-1.556360,-0.069121,0.218856,-3.097210
sample,462,drone,11.542897,7.353311,-0.265252,1.783647,-1.511992,-0.067150,0.212617,-1.541491,-0.068460,0.216766,-3.097210
sample,463,drone,11.567882,7.315053,-0.266951,1.789027,-1.550311,-0.068852,0.218006,-1.525277,-0.067740,0.214486,-3.097210
sample,464,drone,11.592866,7.275843,-0.268693,1.794540,-1.588209,-0.070535,0.223335,-1.507749,-0.066962,0.212021,-3.097210
sample,465,drone,11.617851,7.235692,-0.270476,1.800186,-1.625652,-0.072198,0.228600,-1.488937,-0.066126,0.209375,-3.097210
sample,466,drone,11.642835,7.194611,-0.272300,1.805963,-1.662610,-0.073839,0.233797,-1.468872,-0.065235,0.206554,-3.097210
sample,467,drone,11.667820,7.152612,-0.274165,1.811869,-1.699050,-0.075458,0.238922,-1.447584,-0.064290,0.203560,-3.097210
sample,468,drone,11.692805,7.109710,-0.276071,1.817902,-1.734944,-0.077052,0.243969,-1.425105,-0.063291,0.200399,-3.097210
sample,469,drone,11.717789,7.065918,-0.278016,1.824060,-1.770262,-0.078620,0.248936,-1.401465,-0.062241,0.197075,-3.097210
sample,470,drone,11.742774,7.021252,-0.279999,1.830341,-1.804974,-0.080162,0.253817,-1.376694,-0.061141,0.193592,-3.097210
sample,471,drone,11.767759,6.975725,-0.282021,1.836743,-1.839054,-0.081676,0.258609,-1.350824,-0.059992,0.189954,-3.097210
sample,472,drone,11.792743,6.929355,-0.284081,1.843264,-1.872474,-0.083160,0.263309,-1.323885,-0.058796,0.186166,-3.097210
sample,473,drone,11.817728,6.882159,-0.286177,1.849900,-1.905208,-0.084614,0.267912,-1.295908,-0.057553,0.182232,-3.097210
sample,474,drone,11.842712,6.834154,-0.288309,1.856651,-1.937230,-0.086036,0.272415,-1.266923,-0.056266,0.178156,-3.097210
sample,475,drone,11.867697,6.785357,-0.290476,1.863513,-1.968515,-0.087425,0.276814,-1.236962,-0.054936,0.173943,-3.097210
sample,476,drone,11.892682,6.735788,-0.292677,1.870483,-1.999040,-0.088781,0.281106,-1.206055,-0.053563,0.169596,-3.097210
sample,477,drone,11.917666,6.685467,-0.294912,1.877559,-2.028781,-0.090102,0.285289,-1.174232,-0.052150,0.165121,-3.097210
sample,478,drone,11.942651,6.634412,-0.297180,1.884739,-2.057715,-0.091387,0.289357,-1.141525,-0.050697,0.160522,-3.097210
sample,479,drone,11.967636,6.582644,-0.299479,1.892018,-2.085822,-0.092635,0.293310,-1.107964,-0.049207,0.155803,-3.097210
sample,480,drone,11.992620,6.530185,-0.301808,1.899395,-2.113079,-0.093845,0.297143,-1.073579,-0.047679,0.150968,-3.097210
sample,481,drone,12.017605,6.477055,-0.304168,1.906866,-2.139468,-0.095017,0.300854,-1.038402,-0.046117,0.146021,-3.097210
sample,482,drone,12.042590,6.423277,-0.306556,1.914429,-2.164968,-0.096150,0.304439,-1.002464,-0.044521,0.140967,-3.097210
sample,483,drone,12.067574,6.368873,-0.308973,1.922079,-2.189560,-0.097242,0.307898,-0.965794,-0.042893,0.135811,-3.097210
sample,484,drone,12.092559,6.313867,-0.311416,1.929814,-2.213228,-0.098293,0.311226,-0.928424,-0.041233,0.130556,-3.097210
sample,485,drone,12.117543,6.258280,-0.313884,1.937631,-2.235953,-0.099303,0.314421,-0.890385,-0.039544,0.125207,-3.097210
sample,486,drone,12.142528,6.202138,-0.316378,1.945526,-2.257719,-0.100269,0.317482,-0.851706,-0.037826,0.119768,-3.097210
sample,487,drone,12.167513,6.145464,-0.318895,1.953495,-2.278512,-0.101193,0.320406,-0.812419,-0.036081,0.114243,-3.097210
sample,488,drone,12.192497,6.088282,-0.321434,1.961536,-2.298315,-0.102072,0.323191,-0.772555,-0.034310,0.108637,-3.097210
sample,489,drone,12.217482,6.030618,-0.323995,1.969645,-2.317116,-0.102907,0.325835,-0.732144,-0.032516,0.102955,-3.097210
sample,490,drone,12.242467,5.972498,-0.326576,1.977818,-2.334900,-0.103697,0.328335,-0.691217,-0.030698,0.097199,-3.097210
sample,491,drone,12.267451,5.913945,-0.329177,1.986051,-2.351655,-0.104441,0.330692,-0.649804,-0.028859,0.091376,-3.097210
sample,492,drone,12.292436,5.854987,-0.331795,1.994342,-2.367370,-0.105139,0.332901,-0.607937,-0.027000,0.085489,-3.097210
sample,493,drone,12.317420,5.795649,-0.334430,2.002686,-2.382034,-0.105790,0.334963,-0.565646,-0.025121,0.079542,-3.097210
sample,494,drone,12.342405,5.735959,-0.337081,2.011080,-2.395635,-0.106394,0.336876,-0.522962,-0.023226,0.073539,-3.097210
sample,495,drone,12.367390,5.675941,-0.339747,2.019520,-2.408166,-0.106951,0.338638,-0.479915,-0.021314,0.067486,-3.097210
sample,496,drone,12.392374,5.615624,-0.342426,2.028002,-2.419616,-0.107459,0.340248,-0.436536,-0.019387,0.061386,-3.097210
sample,497,drone,12.417359,5.555035,-0.345117,2.036522,-2.429979,-0.107920,0.341706,-0.392856,-0.017447,0.055244,-3.097210
sample,498,drone,12.442344,5.494200,-0.347818,2.045076,-2.439247,-0.108331,0.343009,-0.348905,-0.015495,0.049063,-3.097210
sample,499,drone,12.467328,5.433148,-0.350530,2.053662,-2.447414,-0.108694,0.344157,-0.304715,-0.013533,0.042849,-3.097210
sample,500,drone,12.492313,5.371905,-0.353250,2.062274,-2.454473,-0.109007,0.345150,-0.260316,-0.011561,0.036606,-3.097210
sample,501,drone,12.517297,5.310499,-0.355977,2.070908,-2.460421,-0.109272,0.345986,-0.215739,-0.009581,0.030337,-3.097210
sample,502,drone,12.542282,5.248959,-0.358710,2.079562,-2.465254,-0.109486,0.346666,-0.171014,-0.007595,0.024048,-3.097210
sample,503,drone,12.567267,5.187313,-0.361448,2.088231,-2.468967,-0.109651,0.347188,-0.126172,-0.005604,0.017742,-3.097210
sample,504,drone,12.592251,5.125587,-0.364189,2.096911,-2.471558,-0.109766,0.347552,-0.081244,-0.003608,0.011425,-3.097210
sample,505,drone,12.617236,5.063811,-0.366933,2.105598,-2.473026,-0.109831,0.347759,-0.036261,-0.001610,0.005099,-3.097210
sample,506,drone,12.642221,5.002012,-0.369677,2.114288,-2.473370,-0.109847,0.347807,0.008747,0.000388,-0.001230,-3.097210
sample,507,drone,12.667205,4.940218,-0.372422,2.122978,-2.472589,-0.109812,0.347697,0.053749,0.002387,-0.007558,-3.097210
sample,508,drone,12.692190,4.878458,-0.375164,2.131662,-2.470684,-0.109727,0.347430,0.098715,0.004384,-0.013881,-3.097210
sample,509,drone,12.717174,4.816760,-0.377905,2.140338,-2.467657,-0.109593,0.347004,0.143613,0.006378,-0.020195,-3.097210
sample,510,drone,12.742159,4.755151,-0.380641,2.149002,-2.463508,-0.109409,0.346420,0.188413,0.008368,-0.026495,-3.097210
sample,511,drone,12.767144,4.693660,-0.383372,2.157649,-2.458242,-0.109175,0.345680,0.233084,0.010352,-0.032776,-3.097210
sample,512,drone,12.792128,4.632315,-0.386096,2.166275,-2.451861,-0.108891,0.344783,0.277596,0.012329,-0.039036,-3.097210
sample,513,drone,12.817113,4.571143,-0.388813,2.174877,-2.444371,-0.108559,0.343729,0.321917,0.014297,-0.045268,-3.097210
sample,514,drone,12.842098,4.510171,-0.391521,2.183451,-2.435775,-0.108177,0.342521,0.366018,0.016255,-0.051470,-3.097210
sample,515,drone,12.867082,4.449429,-0.394218,2.191993,-2.426081,-0.107746,0.341157,0.409867,0.018203,-0.057636,-3.097210
sample,516,drone,12.892067,4.388942,-0.396905,2.200499,-2.415294,-0.107267,0.339641,0.453433,0.020138,-0.063762,-3.097210
sample,517,drone,12.917051,4.328738,-0.399579,2.208964,-2.403423,-0.106740,0.337971,0.496687,0.022059,-0.069844,-3.097210
sample,518,drone,12.942036,4.268845,-0.402238,2.217387,-2.390475,-0.106165,0.336150,0.539596,0.023964,-0.075878,-3.097210
sample,519,drone,12.967021,4.209288,-0.404883,2.225762,-2.376460,-0.105543,0.334180,0.582132,0.025853,-0.081860,-3.097210
sample,520,drone,12.992005,4.150095,-0.407512,2.234085,-2.361387,-0.104873,0.332060,0.624262,0.027725,-0.087784,-3.097210
sample,521,drone,13.016990,4.091291,-0.410124,2.242354,-2.345266,-0.104157,0.329793,0.665956,0.029576,-0.093647,-3.097210
sample,522,drone,13.041975,4.032904,-0.412717,2.250565,-2.328109,-0.103395,0.327381,0.707183,0.031407,-0.099445,-3.097210
sample,523,drone,13.066959,3.974957,-0.415291,2.258713,-2.309929,-0.102588,0.324824,0.747913,0.033216,-0.105172,-3.097210
sample,524,drone,13.091944,3.917478,-0.417843,2.266796,-2.290737,-0.101736,0.322125,0.788116,0.035002,-0.110825,-3.097210
sample,525,drone,13.116928,3.860491,-0.420374,2.274810,-2.270547,-0.100839,0.319286,0.827759,0.036762,-0.116400,-3.097210
sample,526,drone,13.141913,3.804021,-0.422882,2.282751,-2.249374,-0.099899,0.316309,0.866813,0.038497,-0.121892,-3.097210
sample,527,drone,13.166898,3.748091,-0.425366,2.290615,-2.227233,-0.098915,0.313195,0.905247,0.040204,-0.127297,-3.097210
sample,528,drone,13.191882,3.692727,-0.427825,2.298401,-2.204140,-0.097890,0.309948,0.943030,0.041882,-0.132610,-3.097210
sample,529,drone,13.216867,3.637952,-0.430258,2.306103,-2.180111,-0.096822,0.306569,0.980131,0.043529,-0.137827,-3.097210
sample,530,drone,13.241852,3.583789,-0.432663,2.313720,-2.155163,-0.095715,0.303061,1.016521,0.045145,-0.142944,-3.097210
sample,531,drone,13.266836,3.530260,-0.435040,2.321247,-2.129316,-0.094567,0.299426,1.052167,0.046729,-0.147956,-3.097210
sample,532,drone,13.291821,3.477389,-0.437388,2.328682,-2.102587,-0.093380,0.295667,1.087039,0.048277,-0.152860,-3.097210
sample,533,drone,13.316805,3.425196,-0.439706,2.336021,-2.074997,-0.092154,0.291788,1.121107,0.049790,-0.157651,-3.097210
sample,534,drone,13.341790,3.373703,-0.441993,2.343262,-2.046566,-0.090892,0.287790,1.154340,0.051266,-0.162324,-3.097210
sample,535,drone,13.366775,3.322930,-0.444248,2.350402,-2.017316,-0.089592,0.283677,1.186707,0.052704,-0.166876,-3.097210
sample,536,drone,13.391759,3.272899,-0.446470,2.357437,-1.987268,-0.088258,0.279451,1.218178,0.054101,-0.171301,-3.097210
sample,537,drone,13.416744,3.223628,-0.448658,2.364366,-1.956444,-0.086889,0.275117,1.248721,0.055458,-0.175596,-3.097210
sample,538,drone,13.441729,3.175137,-0.450812,2.371185,-1.924870,-0.085487,0.270677,1.278306,0.056772,-0.179756,-3.097210
sample,539,drone,13.466713,3.127444,-0.452930,2.377891,-1.892568,-0.084052,0.266134,1.306903,0.058042,-0.183778,-3.097210
sample,540,drone,13.491698,3.080567,-0.455012,2.384483,-1.859565,-0.082586,0.261493,1.334480,0.059267,-0.187656,-3.097210
sample,541,drone,13.516682,3.034523,-0.457057,2.390958,-1.825885,-0.081091,0.256757,1.361007,0.060445,-0.191386,-3.097210
sample,542,drone,13.541667,2.989328,-0.459064,2.397313,-1.791556,-0.079566,0.251930,1.386454,0.061575,-0.194964,-3.097210
sample,543,drone,13.566652,2.945000,-0.461033,2.403547,-1.756605,-0.078014,0.247015,1.410789,0.062656,-0.198386,-3.097210
sample,544,drone,13.591636,2.901552,-0.462962,2.409656,-1.721060,-0.076435,0.242017,1.433982,0.063686,-0.201648,-3.097210
sample,545,drone,13.616621,2.859000,-0.464852,2.415640,-1.684950,-0.074832,0.236939,1.456001,0.064664,-0.204744,-3.097210
sample,546,drone,13.641606,2.817356,-0.466702,2.421496,-1.648305,-0.073204,0.231786,1.476817,0.065588,-0.207671,-3.097210
sample,547,drone,13.666590,2.776635,-0.468510,2.427222,-1.611155,-0.071554,0.226562,1.496399,0.066458,-0.210425,-3.097210
sample,548,drone,13.691575,2.736848,-0.470277,2.432817,-1.573531,-0.069883,0.221271,1.514716,0.067271,-0.213001,-3.097210
sample,549,drone,13.716559,2.698007,-0.472002,2.438279,-1.535466,-0.068193,0.215918,1.531737,0.068027,-0.215394,-3.097210
sample,550,drone,13.741544,2.660122,-0.473685,2.443607,-1.496991,-0.066484,0.210508,1.547432,0.068724,-0.217601,-3.097210
sample,551,drone,13.766529,2.623203,-0.475324,2.448798,-1.458142,-0.064759,0.205045,1.561769,0.069361,-0.219617,-3.097210
sample,552,drone,13.791513,2.587260,-0.476921,2.453852,-1.418951,-0.063018,0.199534,1.574718,0.069936,-0.221438,-3.097210
sample,553,drone,13.816498,2.552300,-0.478473,2.458769,-1.379454,-0.061264,0.193980,1.586249,0.070448,-0.223060,-3.097210
sample,554,drone,13.841483,2.518330,-0.479982,2.463545,-1.339687,-0.059498,0.188388,1.596331,0.070896,-0.224477,-3.097210
sample,555,drone,13.866467,2.485356,-0.481446,2.468182,-1.299687,-0.057721,0.182763,1.604932,0.071278,-0.225687,-3.097210
sample,556,drone,13.891452,2.453385,-0.482866,2.472678,-1.259490,-0.055936,0.177110,1.612023,0.071593,-0.226684,-3.097210
sample,557,drone,13.916436,2.422421,-0.484241,2.477032,-1.219135,-0.054144,0.171436,1.617573,0.071839,-0.227464,-3.097210
sample,558,drone,13.941421,2.392466,-0.485572,2.481245,-1.178661,-0.052346,0.165744,1.621550,0.072016,-0.228024,-3.097210
sample,559,drone,13.966406,2.363524,-0.486857,2.485314,-1.138108,-0.050545,0.160042,1.623924,0.072121,-0.228357,-3.097210
sample,560,drone,13.991390,2.335596,-0.488097,2.489242,-1.097515,-0.048743,0.154333,1.624665,0.072154,-0.228462,-3.097210
sample,561,drone,14.016375,2.308682,-0.489293,2.493026,-1.056924,-0.046940,0.148626,1.623742,0.072113,-0.228332,-3.097210
sample,562,drone,14.041360,2.282782,-0.490443,2.496668,-1.016378,-0.045139,0.142924,1.621123,0.071997,-0.227964,-3.097210
sample,563,drone,14.066344,2.257894,-0.491548,2.500168,-0.975918,-0.043342,0.137234,1.616779,0.071804,-0.227353,-3.097210
sample,564,drone,14.091329,2.234016,-0.492609,2.503526,-0.935588,-0.041551,0.131563,1.610678,0.071533,-0.226495,-3.097210
sample,565,drone,14.116313,2.211144,-0.493625,2.506742,-0.895434,-0.039768,0.125917,1.602791,0.071183,-0.225386,-3.097210
sample,566,drone,14.141298,2.189272,-0.494596,2.509818,-0.855498,-0.037994,0.120301,1.593085,0.070752,-0.224021,-3.097210
sample,567,drone,14.166283,2.168395,-0.495523,2.512754,-0.815828,-0.036232,0.114722,1.581531,0.070239,-0.222396,-3.097210
sample,568,drone,14.191267,2.148506,-0.496406,2.515550,-0.776470,-0.034484,0.109188,1.568098,0.069642,-0.220507,-3.097210
sample,569,drone,14.216252,2.129595,-0.497246,2.518210,-0.737472,-0.032752,0.103704,1.552755,0.068961,-0.218350,-3.097210
sample,570,drone,14.241237,2.111655,-0.498043,2.520732,-0.698880,-0.031038,0.098277,1.535471,0.068193,-0.215919,-3.097210
sample,571,drone,14.266221,2.094673,-0.498797,2.523120,-0.660745,-0.029345,0.092915,1.516216,0.067338,-0.213211,-3.097210
sample,572,drone,14.291206,2.078638,-0.499509,2.525375,-0.623116,-0.027674,0.087623,1.494959,0.066394,-0.210222,-3.097210
sample,573,drone,14.316190,2.063536,-0.500180,2.527499,-0.586043,-0.026027,0.082410,1.471669,0.065359,-0.206947,-3.097210
sample,574,drone,14.341175,2.049354,-0.500810,2.529493,-0.549578,-0.024408,0.077282,1.446315,0.064233,-0.203382,-3.097210
sample,575,drone,14.366160,2.036074,-0.501400,2.531361,-0.513772,-0.022817,0.072247,1.418868,0.063014,-0.199522,-3.097210
sample,576,drone,14.391144,2.023681,-0.501950,2.533103,-0.478678,-0.021259,0.067312,1.389295,0.061701,-0.195364,-3.097210
sample,577,drone,14.416129,2.012155,-0.502462,2.534724,-0.444350,-0.019734,0.062485,1.357567,0.060292,-0.190902,-3.097210
sample,578,drone,14.441114,2.001477,-0.502936,2.536226,-0.410842,-0.018246,0.057773,1.323652,0.058786,-0.186133,-3.097210
sample,579,drone,14.466098,1.991625,-0.503374,2.537611,-0.378208,-0.016797,0.053184,1.287521,0.057181,-0.181052,-3.097210
sample,580,drone,14.491083,1.982578,-0.503776,2.538883,-0.346505,-0.015389,0.048726,1.249141,0.055477,-0.175655,-3.097210
sample,581,drone,14.516067,1.974311,-0.504143,2.540046,-0.315789,-0.014025,0.044407,1.208483,0.053671,-0.169938,-3.097210
sample,582,drone,14.541052,1.966798,-0.504476,2.541102,-0.286118,-0.012707,0.040234,1.165516,0.051763,-0.163896,-3.097210
sample,583,drone,14.566037,1.960014,-0.504778,2.542056,-0.257549,-0.011438,0.036217,1.120210,0.049750,-0.157525,-3.097210
sample,584,drone,14.591021,1.953929,-0.505048,2.542912,-0.230142,-0.010221,0.032363,1.072532,0.047633,-0.150820,-3.097210
sample,585,drone,14.616006,1.948514,-0.505288,2.543673,-0.203956,-0.009058,0.028680,1.022453,0.045409,-0.143778,-3.097210
sample,586,drone,14.640991,1.943737,-0.505500,2.544345,-0.179051,-0.007952,0.025178,0.969943,0.043077,-0.136394,-3.097210
sample,587,drone,14.665975,1.939567,-0.505686,2.544932,-0.155488,-0.006906,0.021865,0.914969,0.040635,-0.128664,-3.097210
sample,588,drone,14.690960,1.935968,-0.505846,2.545438,-0.133331,-0.005921,0.018749,0.857502,0.038083,-0.120583,-3.097210
sample,589,drone,14.715944,1.932904,-0.505982,2.545868,-0.112640,-0.005003,0.015839,0.797511,0.035419,-0.112147,-3.097210
sample,590,drone,14.740929,1.930339,-0.506096,2.546229,-0.093479,-0.004152,0.013145,0.734965,0.032641,-0.103351,-3.097210
sample,591,drone,14.765914,1.928233,-0.506189,2.546525,-0.075914,-0.003371,0.010675,0.669834,0.029748,-0.094193,-3.097210
sample,592,drone,14.790898,1.926546,-0.506264,2.546763,-0.060008,-0.002665,0.008438,0.602086,0.026740,-0.084666,-3.097210
sample,593,drone,14.815883,1.925235,-0.506322,2.546947,-0.045828,-0.002035,0.006444,0.531692,0.023613,-0.074767,-3.097210
sample,594,drone,14.840868,1.924256,-0.506366,2.547085,-0.033440,-0.001485,0.004702,0.458619,0.020368,-0.064491,-3.097210
sample,595,drone,14.865852,1.923564,-0.506396,2.547182,-0.022911,-0.001018,0.003222,0.382839,0.017003,-0.053835,-3.097210
sample,596,drone,14.890837,1.923111,-0.506417,2.547246,-0.014310,-0.000636,0.002012,0.304319,0.013515,-0.042794,-3.097210
sample,597,drone,14.915821,1.922849,-0.506428,2.547282,-0.007705,-0.000342,0.001083,0.223029,0.009905,-0.031363,-3.097210
sample,598,drone,14.940806,1.922726,-0.506434,2.547300,-0.003165,-0.000141,0.000445,0.139277,0.006216,-0.019577,-3.097210
sample,599,drone,14.965791,1.922690,-0.506435,2.547305,-0.000745,-0.000032,0.000105,0.066133,0.004206,-0.008947,-3.099266
sample,600,drone,14.990775,1.922689,-0.506435,2.547305,0.000139,0.000070,-0.000002,0.032622,0.007716,-0.002844,0.463564
sample,601,drone,15.015760,1.922697,-0.506432,2.547305,0.000885,0.000354,-0.000037,0.043884,0.017277,-0.001908,0.380542
sample,602,drone,15.040745,1.922733,-0.506418,2.547303,0.002332,0.000933,-0.000097,0.072724,0.029092,-0.003034,0.380542
sample,603,drone,15.065729,1.922814,-0.506385,2.547300,0.004519,0.001808,-0.000188,0.102033,0.040818,-0.004256,0.380543
sample,604,drone,15.090714,1.922959,-0.506327,2.547294,0.007431,0.002973,-0.000310,0.130762,0.052310,-0.005455,0.380543
sample,605,drone,15.115698,1.923185,-0.506237,2.547284,0.011053,0.004422,-0.000461,0.158915,0.063573,-0.006629,0.380543
sample,606,drone,15.140683,1.923511,-0.506106,2.547271,0.015371,0.006149,-0.000641,0.186496,0.074606,-0.007779,0.380543
sample,607,drone,15.165668,1.923953,-0.505929,2.547252,0.020372,0.008150,-0.000850,0.213507,0.085412,-0.008906,0.380543
sample,608,drone,15.190652,1.924529,-0.505699,2.547228,0.026040,0.010417,-0.001086,0.239953,0.095991,-0.010009,0.380543
sample,609,drone,15.215637,1.925254,-0.505409,2.547198,0.032362,0.012946,-0.001350,0.265838,0.106347,-0.011089,0.380543
sample,610,drone,15.240622,1.926146,-0.505052,2.547161,0.039324,0.015731,-0.001640,0.291166,0.116479,-0.012145,0.380543
sample,611,drone,15.265606,1.927219,-0.504623,2.547116,0.046912,0.018767,-0.001957,0.315940,0.126389,-0.013179,0.380543
sample,612,drone,15.290591,1.928490,-0.504114,2.547063,0.055111,0.022047,-0.002299,0.340163,0.136080,-0.014189,0.380543
sample,613,drone,15.315575,1.929973,-0.503521,2.547001,0.063909,0.025566,-0.002666,0.363841,0.145552,-0.015177,0.380543
sample,614,drone,15.340560,1.931684,-0.502837,2.546930,0.073292,0.029320,-0.003057,0.386976,0.154807,-0.016142,0.380543
sample,615,drone,15.365545,1.933636,-0.502056,2.546848,0.083246,0.033302,-0.003472,0.409573,0.163846,-0.017085,0.380543
sample,616,drone,15.390529,1.935843,-0.501173,2.546756,0.093758,0.037507,-0.003911,0.431634,0.172672,-0.018005,0.380543
sample,617,drone,15.415514,1.938321,-0.500182,2.546653,0.104815,0.041930,-0.004372,0.453165,0.181285,-0.018903,0.380543
sample,618,drone,15.440499,1.941081,-0.499078,2.546538,0.116402,0.046566,-0.004856,0.474168,0.189687,-0.019779,0.380543
sample,619,drone,15.465483,1.944137,-0.497855,2.546410,0.128508,0.051409,-0.005361,0.494648,0.197880,-0.020633,0.380543
sample,620,drone,15.490468,1.947502,-0.496509,2.546270,0.141120,0.056454,-0.005887,0.514608,0.205865,-0.021466,0.380543
sample,621,drone,15.515452,1.951189,-0.495034,2.546116,0.154223,0.061696,-0.006433,0.534052,0.213643,-0.022277,0.380543
sample,622,drone,15.540437,1.955209,-0.493426,2.545948,0.167806,0.067129,-0.007000,0.552984,0.221217,-0.023067,0.380543
sample,623,drone,15.565422,1.959574,-0.491680,2.545766,0.181855,0.072750,-0.007586,0.571408,0.228587,-0.023835,0.380543
sample,624,drone,15.590406,1.964296,-0.489791,2.545569,0.196359,0.078552,-0.008191,0.589327,0.235755,-0.024583,0.380543
sample,625,drone,15.615391,1.969386,-0.487754,2.545357,0.211303,0.084530,-0.008814,0.606745,0.242723,-0.025309,0.380543
sample,626,drone,15.640376,1.974855,-0.485567,2.545129,0.226677,0.090680,-0.009455,0.623666,0.249493,-0.026015,0.380543
sample,627,drone,15.665360,1.980713,-0.483223,2.544885,0.242468,0.096997,-0.010114,0.640094,0.256064,-0.026700,0.380543
sample,628,drone,15.690345,1.986971,-0.480720,2.544624,0.258662,0.103476,-0.010790,0.656032,0.262440,-0.027365,0.380543
sample,629,drone,15.715329,1.993638,-0.478053,2.544345,0.275249,0.110111,-0.011482,0.671485,0.268622,-0.028010,0.380543
sample,630,drone,15.740314,2.000725,-0.475218,2.544050,0.292216,0.116899,-0.012189,0.686455,0.274611,-0.028634,0.380543
sample,631,drone,15.765299,2.008240,-0.472211,2.543736,0.309551,0.123833,-0.012912,0.700948,0.280409,-0.029239,0.380543
sample,632,drone,15.790283,2.016193,-0.469030,2.543405,0.327242,0.130910,-0.013650,0.714966,0.286017,-0.029824,0.380543
sample,633,drone,15.815268,2.024592,-0.465670,2.543054,0.345277,0.138125,-0.014403,0.728514,0.291436,-0.030389,0.380543
sample,634,drone,15.840253,2.033446,-0.462128,2.542685,0.363645,0.145473,-0.015169,0.741595,0.296669,-0.030934,0.380543
sample,635,drone,15.865237,2.042763,-0.458400,2.542296,0.382334,0.152950,-0.015948,0.754212,0.301717,-0.031461,0.380543
sample,636,drone,15.890222,2.052551,-0.454485,2.541888,0.401332,0.160550,-0.016741,0.766371,0.306581,-0.031968,0.380543
sample,637,drone,15.915206,2.062817,-0.450378,2.541460,0.420629,0.168269,-0.017546,0.778074,0.311262,-0.032456,0.380543
sample,638,drone,15.940191,2.073569,-0.446077,2.541011,0.440212,0.176103,-0.018363,0.789325,0.315763,-0.032925,0.380543
sample,639,drone,15.965176,2.084814,-0.441578,2.540542,0.460071,0.184048,-0.019191,0.800129,0.320085,-0.033376,0.380543
sample,640,drone,15.990160,2.096559,-0.436880,2.540052,0.480194,0.192098,-0.020030,0.810488,0.324229,-0.033808,0.380543
sample,641,drone,16.015145,2.108809,-0.431979,2.539541,0.500570,0.200249,-0.020880,0.820407,0.328197,-0.034222,0.380543
sample,642,drone,16.040130,2.121572,-0.426874,2.539009,0.521189,0.208498,-0.021741,0.829890,0.331991,-0.034617,0.380543
sample,643,drone,16.065114,2.134853,-0.421561,2.538455,0.542039,0.216839,-0.022610,0.838940,0.335611,-0.034995,0.380543
sample,644,drone,16.090099,2.148657,-0.416038,2.537879,0.563110,0.225268,-0.023489,0.847560,0.339060,-0.035355,0.380543
sample,645,drone,16.115083,2.162991,-0.410304,2.537281,0.584391,0.233781,-0.024377,0.855756,0.342338,-0.035696,0.380543
sample,646,drone,16.140068,2.177859,-0.404356,2.536661,0.605872,0.242374,-0.025273,0.863530,0.345448,-0.036021,0.380543
sample,647,drone,16.165053,2.193266,-0.398193,2.536018,0.627541,0.251043,-0.026177,0.870886,0.348391,-0.036328,0.380543
sample,648,drone,16.190037,2.209216,-0.391812,2.535353,0.649389,0.259783,-0.027088,0.877829,0.351168,-0.036617,0.380543
sample,649,drone,16.215022,2.225715,-0.385212,2.534665,0.671406,0.268591,-0.028007,0.884361,0.353782,-0.036890,0.380543
sample,650,drone,16.240007,2.242766,-0.378391,2.533954,0.693580,0.277461,-0.028932,0.890488,0.356232,-0.037145,0.380543
sample,651,drone,16.264991,2.260373,-0.371347,2.533219,0.715903,0.286391,-0.029863,0.896211,0.358522,-0.037384,0.380543
sample,652,drone,16.289976,2.278539,-0.364080,2.532461,0.738363,0.295376,-0.030800,0.901536,0.360652,-0.037606,0.380543
sample,653,drone,16.314960,2.297268,-0.356588,2.531680,0.760952,0.304413,-0.031742,0.906466,0.362624,-0.037812,0.380543
sample,654,drone,16.339945,2.316563,-0.348869,2.530875,0.783659,0.313496,-0.032689,0.911005,0.364440,-0.038001,0.380543
sample,655,drone,16.364930,2.336427,-0.340922,2.530047,0.806474,0.322623,-0.033641,0.915156,0.366101,-0.038174,0.380543
sample,656,drone,16.389914,2.356862,-0.332748,2.529194,0.829388,0.331790,-0.034597,0.918923,0.367608,-0.038331,0.380543
sample,657,drone,16.414899,2.377871,-0.324343,2.528318,0.852392,0.340993,-0.035556,0.922311,0.368963,-0.038473,0.380543
sample,658,drone,16.439884,2.399456,-0.315708,2.527417,0.875475,0.350227,-0.036519,0.925323,0.370168,-0.038598,0.380543
sample,659,drone,16.464868,2.421618,-0.306843,2.526493,0.898630,0.359490,-0.037485,0.927962,0.371224,-0.038708,0.380543
sample,660,drone,16.489853,2.444360,-0.297745,2.525544,0.921845,0.368777,-0.038453,0.930233,0.372132,-0.038803,0.380543
sample,661,drone,16.514837,2.467682,-0.288415,2.524572,0.945113,0.378085,-0.039424,0.932139,0.372895,-0.038883,0.380543
sample,662,drone,16.539822,2.491586,-0.278852,2.523574,0.968423,0.387410,-0.040396,0.933685,0.373513,-0.038947,0.380543
sample,663,drone,16.564807,2.516073,-0.269056,2.522553,0.991768,0.396749,-0.041370,0.934873,0.373988,-0.038997,0.380543
sample,664,drone,16.589791,2.541144,-0.259027,2.521507,1.015138,0.406098,-0.042345,0.935707,0.374322,-0.039031,0.380543
sample,665,drone,16.614776,2.566799,-0.248764,2.520437,1.038525,0.415454,-0.043320,0.936192,0.374516,-0.039052,0.380543
sample,666,drone,16.639761,2.593038,-0.238267,2.519342,1.061919,0.424812,-0.044296,0.936332,0.374572,-0.039058,0.380543
sample,667,drone,16.664745,2.619862,-0.227536,2.518224,1.085313,0.434171,-0.045272,0.936129,0.374491,-0.039049,0.380543
sample,668,drone,16.689730,2.647271,-0.216572,2.517080,1.108697,0.443525,-0.046247,0.935588,0.374274,-0.039026,0.380543
sample,669,drone,16.714714,2.675263,-0.205374,2.515913,1.132063,0.452873,-0.047222,0.934712,0.373924,-0.038990,0.380543
sample,670,drone,16.739699,2.703839,-0.193942,2.514721,1.155404,0.462210,-0.048196,0.933506,0.373442,-0.038940,0.380543
sample,671,drone,16.764684,2.732998,-0.182278,2.513504,1.178710,0.471533,-0.049168,0.931972,0.372828,-0.038876,0.380543
sample,672,drone,16.789668,2.762738,-0.170380,2.512264,1.201974,0.480840,-0.050138,0.930116,0.372086,-0.038798,0.380543
sample,673,drone,16.814653,2.793059,-0.158250,2.510999,1.225187,0.490126,-0.051107,0.927940,0.371215,-0.038707,0.380543
sample,674,drone,16.839638,2.823960,-0.145889,2.509710,1.248342,0.499389,-0.052073,0.925449,0.370218,-0.038604,0.380543
sample,675,drone,16.864622,2.855438,-0.133296,2.508397,1.271431,0.508626,-0.053036,0.922646,0.369097,-0.038487,0.380543
sample,676,drone,16.889607,2.887492,-0.120473,2.507060,1.294446,0.517833,-0.053996,0.919535,0.367853,-0.038357,0.380543
sample,677,drone,16.914591,2.920121,-0.107421,2.505699,1.317379,0.527007,-0.054952,0.916119,0.366486,-0.038214,0.380543
sample,678,drone,16.939576,2.953321,-0.094139,2.504314,1.340224,0.536146,-0.055905,0.912403,0.365000,-0.038059,0.380543
sample,679,drone,16.964561,2.987091,-0.080630,2.502905,1.362972,0.545246,-0.056854,0.908391,0.363395,-0.037892,0.380543
sample,680,drone,16.989545,3.021427,-0.066894,2.501473,1.385615,0.554304,-0.057799,0.904085,0.361672,-0.037712,0.380543
sample,681,drone,17.014530,3.056329,-0.052932,2.500017,1.408148,0.563318,-0.058739,0.899491,0.359834,-0.037521,0.380543
sample,682,drone,17.039515,3.091792,-0.038745,2.498538,1.430562,0.572285,-0.059674,0.894611,0.357882,-0.037317,0.380543
sample,683,drone,17.064499,3.127813,-0.024335,2.497035,1.452851,0.581201,-0.060603,0.889450,0.355817,-0.037102,0.380543
sample,684,drone,17.089484,3.164389,-0.009703,2.495510,1.475007,0.590065,-0.061527,0.884010,0.353641,-0.036875,0.380543
sample,685,drone,17.114468,3.201518,0.005150,2.493961,1.497024,0.598873,-0.062446,0.878297,0.351356,-0.036637,0.380543
sample,686,drone,17.139453,3.239195,0.020222,2.492389,1.518895,0.607622,-0.063358,0.872314,0.348962,-0.036387,0.380543
sample,687,drone,17.164438,3.277416,0.035513,2.490795,1.540613,0.616310,-0.064264,0.866064,0.346462,-0.036126,0.380543
sample,688,drone,17.189422,3.316178,0.051019,2.489178,1.562172,0.624934,-0.065163,0.859551,0.343857,-0.035855,0.380543
sample,689,drone,17.214407,3.355477,0.066740,2.487539,1.583564,0.633492,-0.066056,0.852780,0.341148,-0.035572,0.380543
sample,690,drone,17.239392,3.395307,0.082674,2.485877,1.604785,0.641981,-0.066941,0.845753,0.338337,-0.035279,0.380543
sample,691,drone,17.264376,3.435666,0.098819,2.484194,1.625826,0.650399,-0.067819,0.838475,0.335425,-0.034976,0.380543
sample,692,drone,17.289361,3.476549,0.115174,2.482488,1.646683,0.658742,-0.068689,0.830950,0.332415,-0.034662,0.380543
sample,693,drone,17.314345,3.517950,0.131736,2.480761,1.667348,0.667009,-0.069551,0.823180,0.329307,-0.034338,0.380543
sample,694,drone,17.339330,3.559865,0.148504,2.479013,1.687816,0.675197,-0.070404,0.815171,0.326103,-0.034004,0.380543
sample,695,drone,17.364315,3.602289,0.165475,2.477243,1.708081,0.683304,-0.071250,0.806926,0.322804,-0.033660,0.380543
sample,696,drone,17.389299,3.645216,0.182648,2.475453,1.728138,0.691328,-0.072086,0.798448,0.319413,-0.033306,0.380543
sample,697,drone,17.414284,3.688643,0.200021,2.473641,1.747979,0.699265,-0.072914,0.789742,0.315930,-0.032943,0.380543
sample,698,drone,17.439269,3.732562,0.217590,2.471809,1.767601,0.707114,-0.073733,0.780811,0.312357,-0.032570,0.380543
sample,699,drone,17.464253,3.776968,0.235355,2.469957,1.786996,0.714873,-0.074542,0.771658,0.308696,-0.032188,0.380543
sample,700,drone,17.489238,3.821857,0.253312,2.468084,1.806160,0.722540,-0.075341,0.762289,0.304947,-0.031798,0.380543
sample,701,drone,17.514222,3.867221,0.271459,2.466192,1.825087,0.730111,-0.076130,0.752705,0.301114,-0.031398,0.380543
sample,702,drone,17.539207,3.913055,0.289795,2.464280,1.843772,0.737586,-0.076910,0.742913,0.297196,-0.030989,0.380543
sample,703,drone,17.564192,3.959353,0.308316,2.462349,1.862210,0.744962,-0.077679,0.732914,0.293196,-0.030572,0.380543
sample,704,drone,17.589176,4.006108,0.327020,2.460399,1.880395,0.752237,-0.078438,0.722713,0.289115,-0.030147,0.380543
sample,705,drone,17.614161,4.053314,0.345905,2.458429,1.898323,0.759409,-0.079185,0.712313,0.284955,-0.029713,0.380543
sample,706,drone,17.639146,4.100966,0.364967,2.456442,1.915989,0.766476,-0.079922,0.701719,0.280717,-0.029271,0.380543
sample,707,drone,17.664130,4.149055,0.384205,2.454436,1.933387,0.773436,-0.080648,0.690934,0.276403,-0.028821,0.380543
sample,708,drone,17.689115,4.197576,0.403615,2.452412,1.950514,0.780288,-0.081362,0.679963,0.272014,-0.028364,0.380543
sample,709,drone,17.714099,4.246521,0.423195,2.450370,1.967365,0.787029,-0.082065,0.668807,0.267551,-0.027898,0.380543
sample,710,drone,17.739084,4.295883,0.442942,2.448311,1.983934,0.793657,-0.082757,0.657473,0.263017,-0.027425,0.380543
sample,711,drone,17.764069,4.345656,0.462854,2.446235,2.000218,0.800171,-0.083436,0.645962,0.258412,-0.026945,0.380543
sample,712,drone,17.789053,4.395833,0.482926,2.444142,2.016212,0.806570,-0.084103,0.634280,0.253739,-0.026458,0.380543
sample,713,drone,17.814038,4.446405,0.503157,2.442032,2.031913,0.812850,-0.084758,0.622430,0.248998,-0.025964,0.380543
sample,714,drone,17.839023,4.497366,0.523544,2.439907,2.047315,0.819012,-0.085400,0.610415,0.244192,-0.025462,0.380543
sample,715,drone,17.864007,4.548708,0.544083,2.437765,2.062414,0.825052,-0.086030,0.598239,0.239321,-0.024955,0.380543
sample,716,drone,17.888992,4.600423,0.564771,2.435608,2.077208,0.830971,-0.086647,0.585907,0.234387,-0.024440,0.380543
sample,717,drone,17.913976,4.652504,0.585606,2.433435,2.091692,0.836765,-0.087251,0.573422,0.229393,-0.023919,0.380543
sample,718,drone,17.938961,4.704944,0.606584,2.431248,2.105862,0.842433,-0.087843,0.560787,0.224338,-0.023392,0.380543
sample,719,drone,17.963946,4.757733,0.627702,2.429046,2.119714,0.847975,-0.088420,0.548007,0.219226,-0.022859,0.380543
sample,720,drone,17.988930,4.810864,0.648956,2.426830,2.133245,0.853388,-0.088985,0.535086,0.214057,-0.022320,0.380543
sample,721,drone,18.013915,4.864329,0.670345,2.424599,2.146452,0.858671,-0.089536,0.522026,0.208832,-0.021775,0.380543
sample,722,drone,18.038900,4.918121,0.691863,2.422356,2.159330,0.863823,-0.090073,0.508832,0.203554,-0.021225,0.380543
sample,723,drone,18.063884,4.972229,0.713509,2.420098,2.171878,0.868842,-0.090596,0.495508,0.198224,-0.020669,0.380543
sample,724,drone,18.088869,5.026648,0.735279,2.417829,2.184091,0.873728,-0.091106,0.482058,0.192843,-0.020108,0.380543
sample,725,drone,18.113854,5.081367,0.757169,2.415546,2.195966,0.878479,-0.091601,0.468484,0.187413,-0.019542,0.380543
sample,726,drone,18.138838,5.136378,0.779176,2.413251,2.207500,0.883093,-0.092082,0.454792,0.181936,-0.018971,0.380543
sample,727,drone,18.163823,5.191674,0.801296,2.410945,2.218691,0.887570,-0.092549,0.440984,0.176412,-0.018395,0.380543
sample,728,drone,18.188807,5.247245,0.823527,2.408627,2.229536,0.891908,-0.093001,0.427065,0.170844,-0.017814,0.380543
sample,729,drone,18.213792,5.303082,0.845864,2.406298,2.240032,0.896107,-0.093439,0.413039,0.165233,-0.017229,0.380543
sample,730,drone,18.238777,5.359178,0.868305,2.403958,2.250175,0.900165,-0.093862,0.398908,0.159580,-0.016640,0.380543
sample,731,drone,18.263761,5.415522,0.890845,2.401607,2.259965,0.904081,-0.094271,0.384677,0.153887,-0.016046,0.380543
sample,732,drone,18.288746,5.472106,0.913481,2.399247,2.269397,0.907854,-0.094664,0.370350,0.148156,-0.015449,0.380543
sample,733,drone,18.313731,5.528922,0.936210,2.396877,2.278471,0.911484,-0.095043,0.355931,0.142387,-0.014847,0.380543
sample,734,drone,18.338715,5.585960,0.959027,2.394498,2.287183,0.914969,-0.095406,0.341422,0.136583,-0.014242,0.380543
sample,735,drone,18.363700,5.643211,0.981930,2.392110,2.295531,0.918309,-0.095754,0.326829,0.130745,-0.013633,0.380543
sample,736,drone,18.388684,5.700666,1.004914,2.389713,2.303514,0.921503,-0.096087,0.312154,0.124875,-0.013021,0.380543
sample,737,drone,18.413669,5.758316,1.027977,2.387308,2.311130,0.924549,-0.096405,0.297403,0.118974,-0.012406,0.380543
sample,738,drone,18.438654,5.816151,1.051113,2.384896,2.318375,0.927448,-0.096707,0.282577,0.113043,-0.011787,0.380543
sample,739,drone,18.463638,5.874163,1.074321,2.382476,2.325250,0.930198,-0.096994,0.267682,0.107084,-0.011166,0.380543
sample,740,drone,18.488623,5.932342,1.097595,2.380049,2.331751,0.932798,-0.097265,0.252720,0.101099,-0.010542,0.380543
sample,741,drone,18.513608,5.990679,1.120932,2.377616,2.337878,0.935249,-0.097521,0.237696,0.095088,-0.009915,0.380543
sample,742,drone,18.538592,6.049164,1.144328,2.375176,2.343629,0.937550,-0.097761,0.222614,0.089055,-0.009286,0.380543
sample,743,drone,18.563577,6.107788,1.167780,2.372731,2.349002,0.939699,-0.097985,0.207477,0.082999,-0.008655,0.380543
sample,744,drone,18.588561,6.166542,1.191284,2.370280,2.353996,0.941697,-0.098193,0.192289,0.076924,-0.008021,0.380543
sample,745,drone,18.613546,6.225416,1.214836,2.367824,2.358610,0.943543,-0.098386,0.177054,0.070829,-0.007385,0.380543
sample,746,drone,18.638531,6.284400,1.238433,2.365363,2.362843,0.945237,-0.098562,0.161775,0.064717,-0.006748,0.380543
sample,747,drone,18.663515,6.343485,1.262069,2.362899,2.366694,0.946777,-0.098723,0.146457,0.058589,-0.006109,0.380543
sample,748,drone,18.688500,6.402662,1.285742,2.360430,2.370162,0.948164,-0.098867,0.131103,0.052447,-0.005469,0.380543
sample,749,drone,18.713485,6.461920,1.309448,2.357958,2.373245,0.949398,-0.098996,0.115717,0.046291,-0.004827,0.380543
sample,750,drone,18.738469,6.521251,1.333183,2.355484,2.375944,0.950477,-0.099109,0.100302,0.040125,-0.004184,0.380543
sample,751,drone,18.763454,6.580645,1.356943,2.353006,2.378257,0.951403,-0.099205,0.084863,0.033949,-0.003540,0.380543
sample,752,drone,18.788438,6.640091,1.380724,2.350526,2.380184,0.952174,-0.099285,0.069404,0.027764,-0.002895,0.380543
sample,753,drone,18.813423,6.699581,1.404522,2.348045,2.381725,0.952790,-0.099350,0.053927,0.021573,-0.002249,0.380543
sample,754,drone,18.838408,6.759104,1.428334,2.345562,2.382879,0.953252,-0.099398,0.038437,0.015377,-0.001603,0.380543
sample,755,drone,18.863392,6.818651,1.452156,2.343078,2.383646,0.953559,-0.099430,0.022938,0.009176,-0.000957,0.380543
sample,756,drone,18.888377,6.878213,1.475983,2.340594,2.384025,0.953710,-0.099446,0.007434,0.002974,-0.000310,0.380543
sample,757,drone,18.913362,6.937779,1.499812,2.338109,2.384017,0.953707,-0.099445,-0.008073,-0.003229,0.000337,0.380543
sample,758,drone,18.938346,6.997341,1.523639,2.335624,2.383622,0.953549,-0.099429,-0.023577,-0.009432,0.000983,0.380543
sample,759,drone,18.963331,7.056887,1.547460,2.333140,2.382839,0.953236,-0.099396,-0.039076,-0.015632,0.001630,0.380543
sample,760,drone,18.988315,7.116409,1.571271,2.330658,2.381669,0.952768,-0.099347,-0.054565,-0.021828,0.002276,0.380543
sample,761,drone,19.013300,7.175897,1.595069,2.328176,2.380113,0.952145,-0.099282,-0.070041,-0.028019,0.002922,0.380543
sample,762,drone,19.038285,7.235342,1.618849,2.325697,2.378170,0.951368,-0.099201,-0.085500,-0.034204,0.003566,0.380543
sample,763,drone,19.063269,7.294733,1.642608,2.323219,2.375840,0.950436,-0.099104,-0.100938,-0.040379,0.004210,0.380543
sample,764,drone,19.088254,7.354061,1.666342,2.320744,2.373126,0.949350,-0.098991,-0.116351,-0.046545,0.004853,0.380543
sample,765,drone,19.113239,7.413316,1.690046,2.318273,2.370026,0.948110,-0.098862,-0.131736,-0.052700,0.005495,0.380543
sample,766,drone,19.138223,7.472489,1.713718,2.315804,2.366543,0.946717,-0.098716,-0.147089,-0.058842,0.006136,0.380543
sample,767,drone,19.163208,7.531570,1.737353,2.313340,2.362676,0.945170,-0.098555,-0.162405,-0.064969,0.006774,0.380543
sample,768,drone,19.188192,7.590550,1.760948,2.310880,2.358428,0.943470,-0.098378,-0.177682,-0.071080,0.007412,0.380543
sample,769,drone,19.213177,7.649419,1.784498,2.308424,2.353798,0.941618,-0.098185,-0.192916,-0.077174,0.008047,0.380543
sample,770,drone,19.238162,7.708168,1.808000,2.305973,2.348788,0.939614,-0.097976,-0.208102,-0.083249,0.008681,0.380543
sample,771,drone,19.263146,7.766786,1.831449,2.303528,2.343399,0.937458,-0.097751,-0.223236,-0.089304,0.009312,0.380543
sample,772,drone,19.288131,7.825266,1.854844,2.301089,2.337633,0.935151,-0.097510,-0.238316,-0.095337,0.009941,0.380543
sample,773,drone,19.313116,7.883596,1.878178,2.298656,2.331491,0.932694,-0.097254,-0.253338,-0.101346,0.010568,0.380543
sample,774,drone,19.338100,7.941769,1.901450,2.296229,2.324974,0.930087,-0.096982,-0.268297,-0.107330,0.011192,0.380543
sample,775,drone,19.363085,7.999773,1.924654,2.293810,2.318084,0.927331,-0.096695,-0.283189,-0.113288,0.011813,0.380543
sample,776,drone,19.388069,8.057601,1.947788,2.291397,2.310823,0.924426,-0.096392,-0.298012,-0.119217,0.012431,0.380543
sample,777,drone,19.413054,8.115243,1.970847,2.288993,2.303193,0.921374,-0.096074,-0.312761,-0.125117,0.013046,0.380543
sample,778,drone,19.438039,8.172690,1.993828,2.286597,2.295195,0.918174,-0.095740,-0.327432,-0.130987,0.013658,0.380543
sample,779,drone,19.463023,8.229933,2.016727,2.284209,2.286831,0.914829,-0.095391,-0.342022,-0.136823,0.014267,0.380543
sample,780,drone,19.488008,8.286961,2.039541,2.281830,2.278104,0.911337,-0.095027,-0.356527,-0.142626,0.014872,0.380543
sample,781,drone,19.512993,8.343768,2.062266,2.279460,2.269016,0.907702,-0.094648,-0.370942,-0.148393,0.015473,0.380543
sample,782,drone,19.537977,8.400343,2.084898,2.277100,2.259568,0.903922,-0.094254,-0.385266,-0.154122,0.016071,0.380543
sample,783,drone,19.562962,8.456677,2.107435,2.274751,2.249764,0.900000,-0.093845,-0.399492,-0.159814,0.016664,0.380543
sample,784,drone,19.587946,8.512762,2.129871,2.272411,2.239606,0.895937,-0.093421,-0.413619,-0.165465,0.017253,0.380543
sample,785,drone,19.612931,8.568588,2.152204,2.270082,2.229096,0.891732,-0.092983,-0.427641,-0.171074,0.017838,0.380543
sample,786,drone,19.637916,8.624148,2.174430,2.267765,2.218237,0.887388,-0.092530,-0.441556,-0.176641,0.018419,0.380543
sample,787,drone,19.662900,8.679432,2.196546,2.265459,2.207032,0.882905,-0.092063,-0.455358,-0.182163,0.018995,0.380543
sample,788,drone,19.687885,8.734432,2.218548,2.263164,2.195483,0.878286,-0.091581,-0.469046,-0.187638,0.019565,0.380543
sample,789,drone,19.712870,8.789138,2.240433,2.260882,2.183594,0.873529,-0.091085,-0.482614,-0.193066,0.020131,0.380543
sample,790,drone,19.737854,8.843544,2.262198,2.258613,2.171367,0.868638,-0.090575,-0.496060,-0.198445,0.020692,0.380543
sample,791,drone,19.762839,8.897640,2.283838,2.256357,2.158806,0.863613,-0.090051,-0.509379,-0.203773,0.021248,0.380543
sample,792,drone,19.787823,8.951418,2.305352,2.254113,2.145914,0.858456,-0.089513,-0.522567,-0.209049,0.021798,0.380543
sample,793,drone,19.812808,9.004870,2.326735,2.251884,2.132694,0.853167,-0.088962,-0.535621,-0.214271,0.022343,0.380543
sample,794,drone,19.837793,9.057987,2.347984,2.249668,2.119149,0.847749,-0.088397,-0.548537,-0.219438,0.022881,0.380543
sample,795,drone,19.862777,9.110762,2.369096,2.247466,2.105284,0.842202,-0.087818,-0.561311,-0.224548,0.023414,0.380543
sample,796,drone,19.887762,9.163187,2.390068,2.245280,2.091101,0.836528,-0.087227,-0.573939,-0.229600,0.023941,0.380543
sample,797,drone,19.912747,9.215253,2.410897,2.243108,2.076605,0.830729,-0.086622,-0.586418,-0.234592,0.024461,0.380543
sample,798,drone,19.937731,9.266953,2.431579,2.240951,2.061798,0.824806,-0.086004,-0.598744,-0.239523,0.024976,0.380543
sample,799,drone,19.962716,9.318279,2.452112,2.238810,2.046686,0.818760,-0.085374,-0.610913,-0.244391,0.025483,0.380543
sample,800,drone,19.987700,9.369224,2.472492,2.236685,2.031271,0.812594,-0.084731,-0.622921,-0.249195,0.025984,0.380543
sample,801,drone,20.012685,9.419780,2.492717,2.234576,2.015559,0.806308,-0.084076,-0.634765,-0.253933,0.026478,0.380543
sample,802,drone,20.037670,9.469940,2.512783,2.232484,1.999553,0.799905,-0.083408,-0.646440,-0.258603,0.026965,0.380543
sample,803,drone,20.062654,9.519697,2.532687,2.230408,1.983257,0.793386,-0.082728,-0.657943,-0.263205,0.027445,0.380543
sample,804,drone,20.087639,9.569042,2.552427,2.228350,1.966676,0.786753,-0.082037,-0.669271,-0.267736,0.027918,0.380543
sample,805,drone,20.112624,9.617970,2.572001,2.226309,1.949814,0.780008,-0.081333,-0.680418,-0.272196,0.028383,0.380543
sample,806,drone,20.137608,9.666473,2.591404,2.224286,1.932676,0.773152,-0.080618,-0.691383,-0.276582,0.028840,0.380543
sample,807,drone,20.162593,9.714544,2.610634,2.222281,1.915266,0.766187,-0.079892,-0.702160,-0.280893,0.029289,0.380543
sample,808,drone,20.187577,9.762177,2.629690,2.220294,1.897589,0.759116,-0.079155,-0.712746,-0.285128,0.029731,0.380543
sample,809,drone,20.212562,9.809365,2.648567,2.218325,1.879651,0.751939,-0.078407,-0.723137,-0.289285,0.030164,0.380543
sample,810,drone,20.237547,9.856102,2.667263,2.216376,1.861455,0.744660,-0.077647,-0.733330,-0.293363,0.030590,0.380543
sample,811,drone,20.262531,9.902381,2.685777,2.214445,1.843007,0.737280,-0.076878,-0.743320,-0.297359,0.031006,0.380543
sample,812,drone,20.287516,9.948196,2.704105,2.212534,1.824312,0.729801,-0.076098,-0.753104,-0.301273,0.031414,0.380543
sample,813,drone,20.312501,9.993540,2.722245,2.210643,1.805375,0.722226,-0.075308,-0.762679,-0.305104,0.031814,0.380543
sample,814,drone,20.337485,10.038409,2.740194,2.208771,1.786201,0.714556,-0.074508,-0.772040,-0.308848,0.032204,0.380543
sample,815,drone,20.362470,10.082796,2.757950,2.206920,1.766796,0.706793,-0.073699,-0.781183,-0.312506,0.032586,0.380543
sample,816,drone,20.387454,10.126694,2.775512,2.205089,1.747166,0.698940,-0.072880,-0.790105,-0.316075,0.032958,0.380543
sample,817,drone,20.412439,10.170100,2.792876,2.203278,1.727316,0.690999,-0.072052,-0.798802,-0.319554,0.033321,0.380543
sample,818,drone,20.437424,10.213007,2.810041,2.201488,1.707251,0.682972,-0.071215,-0.807270,-0.322942,0.033674,0.380543
sample,819,drone,20.462408,10.255410,2.827004,2.199719,1.686977,0.674862,-0.070369,-0.815506,-0.326237,0.034017,0.380543
sample,820,drone,20.487393,10.297304,2.843763,2.197972,1.666500,0.666670,-0.069515,-0.823505,-0.329437,0.034351,0.380543
sample,821,drone,20.512378,10.338684,2.860317,2.196246,1.645827,0.658400,-0.068653,-0.831265,-0.332541,0.034675,0.380543
sample,822,drone,20.537362,10.379545,2.876663,2.194541,1.624963,0.650053,-0.067783,-0.838780,-0.335547,0.034988,0.380543
sample,823,drone,20.562347,10.419882,2.892799,2.192859,1.603914,0.641633,-0.066905,-0.846047,-0.338455,0.035291,0.380543
sample,824,drone,20.587331,10.459691,2.908725,2.191198,1.582686,0.633141,-0.066019,-0.853064,-0.341261,0.035584,0.380543
sample,825,drone,20.612316,10.498968,2.924437,2.189560,1.561287,0.624580,-0.065126,-0.859824,-0.343966,0.035866,0.380543
sample,826,drone,20.637301,10.537708,2.939934,2.187944,1.539721,0.615953,-0.064227,-0.866326,-0.346567,0.036137,0.380543
sample,827,drone,20.662285,10.575906,2.955215,2.186350,1.517997,0.607263,-0.063321,-0.872565,-0.349063,0.036398,0.380543
sample,828,drone,20.687270,10.613561,2.970279,2.184780,1.496120,0.598511,-0.062408,-0.878538,-0.351452,0.036647,0.380543
sample,829,drone,20.712255,10.650666,2.985123,2.183232,1.474097,0.589701,-0.061490,-0.884240,-0.353733,0.036885,0.380543
sample,830,drone,20.737239,10.687220,2.999746,2.181707,1.451935,0.580835,-0.060565,-0.889668,-0.355904,0.037111,0.380543
sample,831,drone,20.762224,10.723219,3.014147,2.180206,1.429641,0.571917,-0.059635,-0.894818,-0.357965,0.037326,0.380543
sample,832,drone,20.787208,10.758658,3.028324,2.178727,1.407222,0.562948,-0.058700,-0.899686,-0.359912,0.037529,0.380543
sample,833,drone,20.812193,10.793536,3.042277,2.177272,1.384685,0.553932,-0.057760,-0.904269,-0.361745,0.037720,0.380543
sample,834,drone,20.837178,10.827850,3.056003,2.175841,1.362036,0.544872,-0.056815,-0.908562,-0.363463,0.037899,0.380543
sample,835,drone,20.862162,10.861596,3.069503,2.174433,1.339284,0.535770,-0.055866,-0.912562,-0.365063,0.038066,0.380543
sample,836,drone,20.887147,10.894773,3.082776,2.173049,1.316436,0.526630,-0.054913,-0.916266,-0.366545,0.038221,0.380543
sample,837,drone,20.912132,10.927378,3.095819,2.171689,1.293499,0.517454,-0.053956,-0.919669,-0.367906,0.038362,0.380543
sample,838,drone,20.937116,10.959408,3.108632,2.170353,1.270481,0.508246,-0.052996,-0.922768,-0.369146,0.038492,0.380543
sample,839,drone,20.962101,10.990863,3.121215,2.169041,1.247389,0.499008,-0.052033,-0.925558,-0.370262,0.038608,0.380543
sample,840,drone,20.987085,11.021739,3.133567,2.167753,1.224232,0.489744,-0.051067,-0.928036,-0.371254,0.038711,0.380543
sample,841,drone,21.012070,11.052037,3.145688,2.166489,1.201016,0.480457,-0.050098,-0.930199,-0.372119,0.038802,0.380543
sample,842,drone,21.037055,11.081753,3.157575,2.165250,1.177750,0.471150,-0.049128,-0.932042,-0.372856,0.038879,0.380543
sample,843,drone,21.062039,11.110888,3.169231,2.164035,1.154442,0.461826,-0.048156,-0.933562,-0.373464,0.038942,0.380543
sample,844,drone,21.087024,11.139440,3.180653,2.162844,1.131101,0.452488,-0.047182,-0.934755,-0.373941,0.038992,0.380543
sample,845,drone,21.112009,11.167408,3.191841,2.161677,1.107733,0.443140,-0.046207,-0.935617,-0.374286,0.039028,0.380543
sample,846,drone,21.136993,11.194792,3.202796,2.160535,1.084349,0.433785,-0.045232,-0.936144,-0.374497,0.039050,0.380543
sample,847,drone,21.161978,11.221592,3.213517,2.159417,1.060955,0.424427,-0.044256,-0.936333,-0.374572,0.039058,0.380543
sample,848,drone,21.186962,11.247808,3.224004,2.158323,1.037561,0.415068,-0.043280,-0.936179,-0.374511,0.039051,0.380543
sample,849,drone,21.211947,11.273438,3.234258,2.157254,1.014175,0.405713,-0.042305,-0.935680,-0.374311,0.039030,0.380543
sample,850,drone,21.236932,11.298485,3.244277,2.156209,0.990806,0.396364,-0.041330,-0.934831,-0.373972,0.038995,0.380543
sample,851,drone,21.261916,11.322948,3.254064,2.155189,0.967462,0.387026,-0.040356,-0.933628,-0.373490,0.038945,0.380543
sample,852,drone,21.286901,11.346828,3.263617,2.154193,0.944153,0.377701,-0.039384,-0.932068,-0.372866,0.038880,0.380543
sample,853,drone,21.311886,11.370127,3.272937,2.153221,0.920887,0.368394,-0.038413,-0.930147,-0.372098,0.038800,0.380543
sample,854,drone,21.336870,11.392845,3.282025,2.152273,0.897674,0.359107,-0.037445,-0.927861,-0.371183,0.038704,0.380543
sample,855,drone,21.361855,11.414983,3.290881,2.151350,0.874523,0.349846,-0.036479,-0.925206,-0.370121,0.038593,0.380543
sample,856,drone,21.386839,11.436544,3.299507,2.150450,0.851442,0.340613,-0.035517,-0.922179,-0.368910,0.038467,0.380543
sample,857,drone,21.411824,11.457529,3.307902,2.149575,0.828442,0.331412,-0.034557,-0.918776,-0.367549,0.038325,0.380543
sample,858,drone,21.436809,11.477940,3.316067,2.148724,0.805532,0.322247,-0.033601,-0.914992,-0.366035,0.038167,0.380543
sample,859,drone,21.461793,11.497781,3.324004,2.147896,0.782721,0.313121,-0.032650,-0.910825,-0.364368,0.037994,0.380543
sample,860,drone,21.486778,11.517052,3.331713,2.147092,0.760019,0.304039,-0.031703,-0.906270,-0.362546,0.037804,0.380543
sample,861,drone,21.511763,11.535758,3.339197,2.146312,0.737435,0.295005,-0.030761,-0.901324,-0.360568,0.037597,0.380543
sample,862,drone,21.536747,11.553901,3.346455,2.145555,0.714980,0.286022,-0.029824,-0.895983,-0.358431,0.037374,0.380543
sample,863,drone,21.561732,11.571485,3.353489,2.144821,0.692664,0.277095,-0.028893,-0.890243,-0.356135,0.037135,0.380543
sample,864,drone,21.586716,11.588513,3.360301,2.144111,0.670495,0.268226,-0.027969,-0.884100,-0.353677,0.036879,0.380543
sample,865,drone,21.611701,11.604989,3.366892,2.143424,0.648486,0.259422,-0.027051,-0.877551,-0.351057,0.036606,0.380543
sample,866,drone,21.636686,11.620918,3.373264,2.142760,0.626645,0.250684,-0.026139,-0.870592,-0.348273,0.036315,0.380543
sample,867,drone,21.661670,11.636302,3.379418,2.142118,0.604983,0.242019,-0.025236,-0.863218,-0.345323,0.036008,0.380543
sample,868,drone,21.686655,11.651148,3.385357,2.141498,0.583510,0.233429,-0.024340,-0.855427,-0.342207,0.035683,0.380543
sample,869,drone,21.711640,11.665460,3.391083,2.140901,0.562238,0.224919,-0.023453,-0.847214,-0.338921,0.035340,0.380543
sample,870,drone,21.736624,11.679243,3.396596,2.140327,0.541176,0.216493,-0.022574,-0.838575,-0.335465,0.034980,0.380543
sample,871,drone,21.761609,11.692502,3.401901,2.139773,0.520335,0.208156,-0.021705,-0.829508,-0.331838,0.034602,0.380543
sample,872,drone,21.786593,11.705244,3.406998,2.139242,0.499726,0.199911,-0.020845,-0.820007,-0.328037,0.034205,0.380543
sample,873,drone,21.811578,11.717473,3.411890,2.138732,0.479360,0.191764,-0.019996,-0.810070,-0.324062,0.033791,0.380543
sample,874,drone,21.836563,11.729197,3.416580,2.138243,0.459247,0.183718,-0.019157,-0.799693,-0.319911,0.033358,0.380543
sample,875,drone,21.861547,11.740421,3.421070,2.137775,0.439400,0.175778,-0.018329,-0.788871,-0.315581,0.032906,0.380543
sample,876,drone,21.886532,11.751153,3.425364,2.137327,0.419828,0.167949,-0.017512,-0.777601,-0.311073,0.032436,0.380543
sample,877,drone,21.911517,11.761400,3.429463,2.136900,0.400544,0.160234,-0.016708,-0.765879,-0.306384,0.031947,0.380543
sample,878,drone,21.936501,11.771168,3.433370,2.136492,0.381558,0.152639,-0.015916,-0.753702,-0.301512,0.031439,0.380543
sample,879,drone,21.961486,11.780466,3.437090,2.136104,0.362882,0.145168,-0.015137,-0.741065,-0.296457,0.030912,0.380543
sample,880,drone,21.986470,11.789301,3.440624,2.135736,0.344527,0.137825,-0.014371,-0.727965,-0.291217,0.030366,0.380543
sample,881,drone,22.011455,11.797682,3.443977,2.135386,0.326506,0.130616,-0.013620,-0.714398,-0.285789,0.029800,0.380543
sample,882,drone,22.036440,11.805616,3.447151,2.135055,0.308829,0.123545,-0.012882,-0.700360,-0.280173,0.029214,0.380543
sample,883,drone,22.061424,11.813114,3.450150,2.134742,0.291509,0.116616,-0.012160,-0.685848,-0.274368,0.028609,0.380543
sample,884,drone,22.086409,11.820183,3.452978,2.134447,0.274558,0.109835,-0.011453,-0.670857,-0.268371,0.027984,0.380543
sample,885,drone,22.111394,11.826833,3.455639,2.134170,0.257987,0.103206,-0.010762,-0.655385,-0.262181,0.027338,0.380543
sample,886,drone,22.136378,11.833074,3.458135,2.133910,0.241809,0.096734,-0.010087,-0.639426,-0.255797,0.026673,0.380543
sample,887,drone,22.161363,11.838916,3.460472,2.133666,0.226035,0.090424,-0.009429,-0.622978,-0.249218,0.025987,0.380543
sample,888,drone,22.186347,11.844369,3.462654,2.133439,0.210679,0.084280,-0.008788,-0.606037,-0.242440,0.025280,0.380543
sample,889,drone,22.211332,11.849444,3.464684,2.133227,0.195752,0.078309,-0.008165,-0.588598,-0.235464,0.024552,0.380543
sample,890,drone,22.236317,11.854151,3.466567,2.133031,0.181267,0.072515,-0.007561,-0.570658,-0.228287,0.023804,0.380543
sample,891,drone,22.261301,11.858501,3.468307,2.132849,0.167237,0.066902,-0.006976,-0.552214,-0.220909,0.023035,0.380543
sample,892,drone,22.286286,11.862507,3.469910,2.132682,0.153674,0.061476,-0.006410,-0.533261,-0.213327,0.022244,0.380543
sample,893,drone,22.311271,11.866180,3.471379,2.132529,0.140590,0.056242,-0.005864,-0.513796,-0.205540,0.021432,0.380543
sample,894,drone,22.336255,11.869533,3.472720,2.132389,0.128000,0.051205,-0.005339,-0.493814,-0.197546,0.020599,0.380543
sample,895,drone,22.361240,11.872576,3.473938,2.132262,0.115915,0.046371,-0.004835,-0.473313,-0.189345,0.019743,0.380543
sample,896,drone,22.386224,11.875325,3.475037,2.132147,0.104348,0.041744,-0.004353,-0.452288,-0.180934,0.018866,0.380543
sample,897,drone,22.411209,11.877791,3.476024,2.132044,0.093314,0.037330,-0.003892,-0.430736,-0.172312,0.017967,0.380543
sample,898,drone,22.436194,11.879988,3.476903,2.131953,0.082825,0.033133,-0.003455,-0.408652,-0.163478,0.017046,0.380543
sample,899,drone,22.461178,11.881929,3.477680,2.131872,0.072894,0.029161,-0.003041,-0.386033,-0.154430,0.016103,0.380543
sample,900,drone,22.486163,11.883630,3.478360,2.131801,0.063535,0.025417,-0.002650,-0.362876,-0.145166,0.015137,0.380543
sample,901,drone,22.511148,11.885104,3.478950,2.131739,0.054761,0.021907,-0.002284,-0.339176,-0.135685,0.014148,0.380543
sample,902,drone,22.536132,11.886366,3.479455,2.131687,0.046587,0.018637,-0.001943,-0.314930,-0.125985,0.013137,0.380543
sample,903,drone,22.561117,11.887432,3.479881,2.131642,0.039025,0.015612,-0.001628,-0.290133,-0.116065,0.012102,0.380543
sample,904,drone,22.586101,11.888316,3.480235,2.131605,0.032089,0.012837,-0.001339,-0.264783,-0.105924,0.011045,0.380543
sample,905,drone,22.611086,11.889036,3.480522,2.131575,0.025794,0.010319,-0.001076,-0.238875,-0.095560,0.009964,0.380543
sample,906,drone,22.636071,11.889605,3.480750,2.131552,0.020153,0.008062,-0.000841,-0.212405,-0.084971,0.008860,0.380543
sample,907,drone,22.661055,11.890043,3.480925,2.131533,0.015180,0.006073,-0.000633,-0.185370,-0.074156,0.007732,0.380543
sample,908,drone,22.686040,11.890364,3.481054,2.131520,0.010890,0.004356,-0.000454,-0.157767,-0.063113,0.006581,0.380543
sample,909,drone,22.711025,11.890587,3.481143,2.131511,0.007296,0.002919,-0.000304,-0.129590,-0.051841,0.005406,0.380543
sample,910,drone,22.736009,11.890728,3.481200,2.131505,0.004414,0.001766,-0.000184,-0.100837,-0.040339,0.004206,0.380543
sample,911,drone,22.760994,11.890807,3.481231,2.131502,0.002258,0.000903,-0.000094,-0.071503,-0.028604,0.002983,0.380542
sample,912,drone,22.785978,11.890841,3.481245,2.131500,0.000841,0.000337,-0.000035,-0.044601,-0.019791,0.000489,0.380542
sample,913,drone,22.810963,11.890849,3.481248,2.131500,0.000029,-0.000086,-0.000070,-0.061743,-0.057364,-0.020417,-1.244008
sample,914,drone,22.835948,11.890843,3.481240,2.131497,-0.002244,-0.002530,-0.001055,-0.182767,-0.203497,-0.084155,-2.296376
sample,915,drone,22.860932,11.890737,3.481121,2.131447,-0.009104,-0.010254,-0.004275,-0.386715,-0.435549,-0.181563,-2.296823
sample,916,drone,22.885917,11.890388,3.480728,2.131283,-0.021568,-0.024294,-0.010128,-0.603089,-0.679318,-0.283202,-2.296823
sample,917,drone,22.910902,11.889659,3.479908,2.130941,-0.039240,-0.044199,-0.018426,-0.803212,-0.904735,-0.377176,-2.296823
sample,918,drone,22.935886,11.888427,3.478519,2.130362,-0.061704,-0.069503,-0.028975,-0.986924,-1.111668,-0.463445,-2.296823
sample,919,drone,22.960871,11.886576,3.476435,2.129493,-0.088555,-0.099749,-0.041584,-1.154648,-1.300592,-0.542205,-2.296823
sample,920,drone,22.985855,11.884002,3.473535,2.128284,-0.119401,-0.134492,-0.056069,-1.306807,-1.471983,-0.613657,-2.296823
sample,921,drone,23.010840,11.880610,3.469714,2.126691,-0.153856,-0.173302,-0.072248,-1.443823,-1.626318,-0.677998,-2.296823
sample,922,drone,23.035825,11.876314,3.464875,2.124674,-0.191547,-0.215758,-0.089948,-1.566119,-1.764071,-0.735426,-2.296823
sample,923,drone,23.060809,11.871038,3.458933,2.122197,-0.232113,-0.261452,-0.108997,-1.674116,-1.885719,-0.786140,-2.296823
sample,924,drone,23.085794,11.864715,3.451811,2.119228,-0.275202,-0.309986,-0.129231,-1.768237,-1.991737,-0.830338,-2.296823
sample,925,drone,23.110779,11.857287,3.443443,2.115739,-0.320471,-0.360977,-0.150488,-1.848905,-2.082601,-0.868218,-2.296823
sample,926,drone,23.135763,11.848702,3.433773,2.111708,-0.367590,-0.414052,-0.172615,-1.916542,-2.158786,-0.899979,-2.296823
sample,927,drone,23.160748,11.838918,3.422753,2.107114,-0.416239,-0.468850,-0.195460,-1.971570,-2.220770,-0.925819,-2.296823
sample,928,drone,23.185732,11.827903,3.410345,2.101941,-0.466108,-0.525022,-0.218877,-2.014412,-2.269027,-0.945937,-2.296823
sample,929,drone,23.210717,11.815627,3.396518,2.096177,-0.516898,-0.582232,-0.242727,-2.045489,-2.304032,-0.960531,-2.296823
sample,930,drone,23.235702,11.802074,3.381251,2.089812,-0.568320,-0.640153,-0.266874,-2.065225,-2.326263,-0.969799,-2.296823
sample,931,drone,23.260686,11.787229,3.364530,2.082841,-0.620095,-0.698473,-0.291187,-2.074042,-2.336194,-0.973939,-2.296823
sample,932,drone,23.285671,11.771088,3.346349,2.075262,-0.671958,-0.756891,-0.315541,-2.072362,-2.334302,-0.973150,-2.296823
sample,933,drone,23.310656,11.753652,3.326709,2.067074,-0.723650,-0.815117,-0.339815,-2.060608,-2.321062,-0.967630,-2.296823
sample,934,drone,23.335640,11.734928,3.305618,2.058281,-0.774925,-0.872873,-0.363893,-2.039201,-2.296950,-0.957578,-2.296823
sample,935,drone,23.360625,11.714929,3.283092,2.048890,-0.825547,-0.929894,-0.387664,-2.008565,-2.262441,-0.943192,-2.296823
sample,936,drone,23.385609,11.693676,3.259152,2.038910,-0.875291,-0.985925,-0.411024,-1.969122,-2.218012,-0.924670,-2.296823
sample,937,drone,23.410594,11.671192,3.233826,2.028352,-0.923943,-1.040726,-0.433870,-1.921293,-2.164138,-0.902210,-2.296823
sample,938,drone,23.435579,11.647507,3.207148,2.017230,-0.971297,-1.094066,-0.456106,-1.865502,-2.101296,-0.876012,-2.296823
sample,939,drone,23.460563,11.622657,3.179156,2.005560,-1.017160,-1.145726,-0.477643,-1.802171,-2.029960,-0.846272,-2.296823
sample,940,drone,23.485548,11.596680,3.149897,1.993362,-1.061350,-1.195501,-0.498394,-1.731722,-1.950606,-0.813191,-2.296823
sample,941,drone,23.510533,11.569622,3.119418,1.980656,-1.103693,-1.243197,-0.518278,-1.654578,-1.863711,-0.776965,-2.296823
sample,942,drone,23.535517,11.541529,3.087775,1.967464,-1.144028,-1.288630,-0.537218,-1.571160,-1.769750,-0.737793,-2.296823
sample,943,drone,23.560502,11.512456,3.055026,1.953812,-1.182203,-1.331630,-0.555145,-1.481892,-1.669198,-0.695874,-2.296823
sample,944,drone,23.585486,11.482456,3.021235,1.939724,-1.218077,-1.372038,-0.571991,-1.387196,-1.562533,-0.651406,-2.296823
sample,945,drone,23.610471,11.451589,2.986467,1.925230,-1.251520,-1.409708,-0.587695,-1.287493,-1.450228,-0.604587,-2.296823
sample,946,drone,23.635456,11.419918,2.950792,1.910358,-1.282412,-1.444505,-0.602201,-1.183208,-1.332761,-0.555616,-2.296823
sample,947,drone,23.660440,11.387508,2.914286,1.895138,-1.310644,-1.476305,-0.615459,-1.074761,-1.210607,-0.504691,-2.296823
sample,948,drone,23.685425,11.354426,2.877023,1.879604,-1.336117,-1.504998,-0.627420,-0.962575,-1.084241,-0.452011,-2.296823
sample,949,drone,23.710410,11.320743,2.839082,1.863786,-1.358743,-1.530484,-0.638045,-0.847073,-0.954140,-0.397772,-2.296823
sample,950,drone,23.735394,11.286531,2.800545,1.847721,-1.378445,-1.552676,-0.647297,-0.728676,-0.820779,-0.342175,-2.296823
sample,951,drone,23.760379,11.251863,2.761496,1.831442,-1.395155,-1.571498,-0.655144,-0.607809,-0.684634,-0.285418,-2.296823
sample,952,drone,23.785363,11.216816,2.722019,1.814984,-1.408817,-1.586886,-0.661559,-0.484891,-0.546180,-0.227698,-2.296823
sample,953,drone,23.810348,11.181466,2.682201,1.798384,-1.419384,-1.598790,-0.666521,-0.360347,-0.405894,-0.169214,-2.296823
sample,954,drone,23.835333,11.145890,2.642129,1.781678,-1.426823,-1.607169,-0.670014,-0.234599,-0.264252,-0.110164,-2.296823
sample,955,drone,23.860317,11.110169,2.601892,1.764904,-1.431107,-1.611994,-0.672026,-0.108068,-0.121728,-0.050747,-2.296823
sample,956,drone,23.885302,11.074379,2.561578,1.748098,-1.432223,-1.613251,-0.672550,0.018822,0.021201,0.008839,-2.296823
sample,957,drone,23.910287,11.038601,2.521279,1.731297,-1.430167,-1.610935,-0.671585,0.145650,0.164059,0.068395,-2.296823
sample,958,drone,23.935271,11.002915,2.481081,1.714539,-1.424945,-1.605053,-0.669133,0.271992,0.306371,0.127724,-2.296823
sample,959,drone,23.960256,10.967398,2.441075,1.697861,-1.416575,-1.595626,-0.665202,0.397428,0.447661,0.186626,-2.296823
sample,960,drone,23.985240,10.932130,2.401349,1.681299,-1.405086,-1.582684,-0.659807,0.521533,0.587453,0.244904,-2.296823
sample,961,drone,24.010225,10.897187,2.361990,1.664891,-1.390515,-1.566271,-0.652965,0.643887,0.725272,0.302360,-2.296823
sample,962,drone,24.035210,10.862647,2.323084,1.648671,-1.372911,-1.546443,-0.644698,0.764066,0.860641,0.358794,-2.296823
sample,963,drone,24.060194,10.828584,2.284715,1.632676,-1.352335,-1.523266,-0.635036,0.881648,0.993085,0.414008,-2.296823
sample,964,drone,24.085179,10.795071,2.246967,1.616939,-1.328856,-1.496819,-0.624011,0.996210,1.122128,0.467805,-2.296823
sample,965,drone,24.110164,10.762182,2.209920,1.601494,-1.302555,-1.467194,-0.611660,1.107331,1.247294,0.519986,-2.296823
sample,966,drone,24.135148,10.729984,2.173653,1.586375,-1.273523,-1.434493,-0.598027,1.214588,1.368108,0.570352,-2.296823
sample,967,drone,24.160133,10.698545,2.138240,1.571611,-1.241863,-1.398830,-0.583160,1.317559,1.484094,0.618706,-2.296823
sample,968,drone,24.185118,10.667929,2.103754,1.557235,-1.207686,-1.360334,-0.567111,1.415821,1.594776,0.664848,-2.296823
sample,969,drone,24.210102,10.638197,2.070265,1.543273,-1.171115,-1.319141,-0.549938,1.508951,1.699678,0.708581,-2.296823
sample,970,drone,24.235087,10.609409,2.037838,1.529755,-1.132285,-1.275402,-0.531704,1.596528,1.798324,0.749706,-2.296823
sample,971,drone,24.260071,10.581618,2.006534,1.516704,-1.091338,-1.229280,-0.512476,1.678130,1.890240,0.788024,-2.296823
sample,972,drone,24.285056,10.554876,1.976411,1.504147,-1.048430,-1.180948,-0.492327,1.753332,1.974948,0.823338,-2.296823
sample,973,drone,24.310041,10.529229,1.947523,1.492103,-1.003725,-1.130593,-0.471334,1.821715,2.051973,0.855450,-2.296823
sample,974,drone,24.335025,10.504720,1.919917,1.480594,-0.957400,-1.078412,-0.449581,1.882854,2.120840,0.884160,-2.296823
sample,975,drone,24.360010,10.481388,1.893635,1.469638,-0.909641,-1.024616,-0.427154,1.936327,2.181073,0.909270,-2.296823
sample,976,drone,24.384995,10.459266,1.868717,1.459250,-0.860643,-0.969426,-0.404145,1.981713,2.232195,0.930583,-2.296823
sample,977,drone,24.409979,10.438382,1.845194,1.449443,-0.810616,-0.913075,-0.380653,2.018589,2.273732,0.947899,-2.296823
sample,978,drone,24.434964,10.418760,1.823092,1.440229,-0.759776,-0.855809,-0.356779,2.046532,2.305206,0.961020,-2.296823
sample,979,drone,24.459948,10.400417,1.802430,1.431615,-0.708352,-0.797886,-0.332632,2.065120,2.326144,0.969749,-2.296823
sample,980,drone,24.484933,10.383364,1.783222,1.423608,-0.656584,-0.739574,-0.308322,2.073930,2.336068,0.973886,-2.296823
sample,981,drone,24.509918,10.367608,1.765474,1.416209,-0.604720,-0.681154,-0.283967,2.072541,2.334504,0.973234,-2.296823
sample,982,drone,24.534902,10.353147,1.749185,1.409418,-0.553020,-0.622920,-0.259690,2.060530,2.320974,0.967594,-2.296823
sample,983,drone,24.559887,10.339974,1.734347,1.403232,-0.501756,-0.565177,-0.235617,2.037475,2.295005,0.956767,-2.296823
sample,984,drone,24.584872,10.328075,1.720944,1.397644,-0.451209,-0.508241,-0.211881,2.002952,2.256119,0.940556,-2.296823
sample,985,drone,24.609856,10.317427,1.708951,1.392645,-0.401670,-0.452440,-0.188618,1.956541,2.203841,0.918762,-2.296823
sample,986,drone,24.634841,10.308004,1.698335,1.388219,-0.353442,-0.398116,-0.165971,1.897817,2.137695,0.891186,-2.296823
sample,987,drone,24.659825,10.299766,1.689057,1.384351,-0.306838,-0.345621,-0.144086,1.826360,2.057206,0.857631,-2.296823
sample,988,drone,24.684810,10.292671,1.681065,1.381019,-0.262180,-0.295319,-0.123116,1.741746,1.961897,0.817898,-2.296823
sample,989,drone,24.709795,10.286665,1.674300,1.378199,-0.219804,-0.247587,-0.103217,1.643554,1.851294,0.771788,-2.296823
sample,990,drone,24.734779,10.281688,1.668693,1.375862,-0.180053,-0.202811,-0.084550,1.531360,1.724919,0.719104,-2.296823
sample,991,drone,24.759764,10.277668,1.664166,1.373974,-0.143283,-0.161394,-0.067284,1.404743,1.582298,0.659646,-2.296823
sample,992,drone,24.784749,10.274528,1.660629,1.372500,-0.109859,-0.123745,-0.051588,1.263281,1.422955,0.593217,-2.296823
sample,993,drone,24.809733,10.272179,1.657982,1.371396,-0.080158,-0.090290,-0.037641,1.106549,1.246414,0.519619,-2.296823
sample,994,drone,24.834718,10.270522,1.656117,1.370619,-0.054566,-0.061463,-0.025623,0.934128,1.052198,0.438652,-2.296823
sample,995,drone,24.859702,10.269452,1.654911,1.370116,-0.033480,-0.037712,-0.015722,0.745593,0.839833,0.350119,-2.296823
sample,996,drone,24.884687,10.268849,1.654232,1.369833,-0.017309,-0.019497,-0.008128,0.540523,0.608843,0.253821,-2.296823
sample,997,drone,24.909672,10.268587,1.653937,1.369710,-0.006471,-0.007289,-0.003039,0.324592,0.361557,0.151362,-2.296823
sample,998,drone,24.934656,10.268526,1.653868,1.369681,-0.001090,-0.001430,-0.000565,0.175962,0.134677,0.066023,-2.221794
sample,999,drone,24.959641,10.268533,1.653865,1.369682,0.002322,-0.000559,0.000261,0.208905,-0.014192,0.032877,-0.236247
sample,1000,drone,24.984626,10.268642,1.653840,1.369694,0.009349,-0.002139,0.001078,0.394959,-0.089824,0.045692,-0.224955
sample,1001,drone,25.009610,10.269000,1.653758,1.369735,0.022058,-0.005047,0.002544,0.616733,-0.141126,0.071123,-0.224955
sample,1002,drone,25.034595,10.269744,1.653588,1.369821,0.040167,-0.009191,0.004632,0.826595,-0.189148,0.095324,-0.224955
sample,1003,drone,25.059579,10.271007,1.653299,1.369967,0.063362,-0.014499,0.007307,1.023969,-0.234313,0.118086,-0.224955
sample,1004,drone,25.084564,10.272910,1.652864,1.370186,0.091334,-0.020900,0.010533,1.209090,-0.276674,0.139434,-0.224955
sample,1005,drone,25.109549,10.275571,1.652255,1.370493,0.123779,-0.028324,0.014274,1.382195,-0.316285,0.159397,-0.224955
sample,1006,drone,25.134533,10.279096,1.651448,1.370900,0.160401,-0.036704,0.018498,1.543523,-0.353202,0.178001,-0.224955
sample,1007,drone,25.159518,10.283586,1.650421,1.371418,0.200908,-0.045973,0.023169,1.693309,-0.387477,0.195275,-0.224955
sample,1008,drone,25.184503,10.289135,1.649151,1.372057,0.245015,-0.056066,0.028255,1.831791,-0.419166,0.211245,-0.224955
sample,1009,drone,25.209487,10.295829,1.647619,1.372829,0.292441,-0.066919,0.033725,1.959207,-0.448322,0.225939,-0.224955
sample,1010,drone,25.234472,10.303748,1.645807,1.373743,0.342915,-0.078469,0.039545,2.075793,-0.475000,0.239384,-0.224955
sample,1011,drone,25.259456,10.312964,1.643698,1.374806,0.396167,-0.090654,0.045687,2.181786,-0.499254,0.251607,-0.224955
sample,1012,drone,25.284441,10.323544,1.641277,1.376026,0.451937,-0.103416,0.052118,2.277424,-0.521139,0.262636,-0.224955
sample,1013,drone,25.309426,10.335547,1.638531,1.377410,0.509968,-0.116695,0.058810,2.362943,-0.540708,0.272498,-0.224955
sample,1014,drone,25.334410,10.349027,1.635446,1.378964,0.570011,-0.130435,0.065735,2.438582,-0.558017,0.281221,-0.224955
sample,1015,drone,25.359395,10.364030,1.632013,1.380695,0.631822,-0.144579,0.072863,2.504576,-0.573118,0.288832,-0.224955
sample,1016,drone,25.384380,10.380599,1.628222,1.382605,0.695163,-0.159073,0.080167,2.561164,-0.586067,0.295357,-0.224955
sample,1017,drone,25.409364,10.398767,1.624064,1.384700,0.759802,-0.173864,0.087621,2.608582,-0.596917,0.300826,-0.224955
sample,1018,drone,25.434349,10.418565,1.619534,1.386984,0.825512,-0.188901,0.095199,2.647067,-0.605724,0.305264,-0.224955
sample,1019,drone,25.459333,10.440017,1.614625,1.389457,0.892074,-0.204132,0.102875,2.676857,-0.612541,0.308699,-0.224955
sample,1020,drone,25.484318,10.463141,1.609333,1.392124,0.959273,-0.219509,0.110625,2.698189,-0.617422,0.311159,-0.224955
sample,1021,drone,25.509303,10.487951,1.603656,1.394985,1.026900,-0.234984,0.118424,2.711299,-0.620422,0.312671,-0.224955
sample,1022,drone,25.534287,10.514455,1.597591,1.398042,1.094754,-0.250511,0.126249,2.716425,-0.621595,0.313262,-0.224955
sample,1023,drone,25.559272,10.542655,1.591138,1.401294,1.162638,-0.266044,0.134077,2.713804,-0.620995,0.312960,-0.224955
sample,1024,drone,25.584257,10.572551,1.584297,1.404741,1.230361,-0.281541,0.141887,2.703674,-0.618677,0.311792,-0.224955
sample,1025,drone,25.609241,10.604136,1.577070,1.408384,1.297738,-0.296959,0.149657,2.686270,-0.614695,0.309785,-0.224955
sample,1026,drone,25.634226,10.637398,1.569459,1.412220,1.364592,-0.312257,0.157367,2.661832,-0.609102,0.306966,-0.224955
sample,1027,drone,25.659210,10.672323,1.561467,1.416247,1.430748,-0.327396,0.164996,2.630594,-0.601954,0.303364,-0.224955
sample,1028,drone,25.684195,10.708892,1.553099,1.420464,1.496041,-0.342336,0.172526,2.592796,-0.593305,0.299005,-0.224955
sample,1029,drone,25.709180,10.747079,1.544360,1.424868,1.560308,-0.357043,0.179937,2.548673,-0.583209,0.293917,-0.224955
sample,1030,drone,25.734164,10.786859,1.535258,1.429456,1.623396,-0.371479,0.187212,2.498464,-0.571719,0.288127,-0.224955
sample,1031,drone,25.759149,10.828199,1.525798,1.434223,1.685155,-0.385611,0.194335,2.442404,-0.558891,0.281662,-0.224955
sample,1032,drone,25.784134,10.871065,1.515989,1.439167,1.745441,-0.399406,0.201287,2.380732,-0.544779,0.274550,-0.224955
sample,1033,drone,25.809118,10.915418,1.505840,1.444281,1.804118,-0.412833,0.208054,2.313684,-0.529436,0.266817,-0.224955
sample,1034,drone,25.834103,10.961215,1.495360,1.449563,1.861054,-0.425862,0.214620,2.241497,-0.512918,0.258493,-0.224955
sample,1035,drone,25.859087,11.008413,1.484560,1.455006,1.916124,-0.438463,0.220970,2.164409,-0.495278,0.249603,-0.224955
sample,1036,drone,25.884072,11.056963,1.473450,1.460605,1.969208,-0.450611,0.227092,2.082657,-0.476571,0.240175,-0.224955
sample,1037,drone,25.909057,11.106813,1.462043,1.466353,2.020193,-0.462277,0.232972,1.996478,-0.456851,0.230237,-0.224955
sample,1038,drone,25.934041,11.157910,1.450351,1.472246,2.068971,-0.473439,0.238597,1.906109,-0.436172,0.219815,-0.224955
sample,1039,drone,25.959026,11.210198,1.438386,1.478276,2.115440,-0.484072,0.243956,1.811787,-0.414588,0.208938,-0.224955
sample,1040,drone,25.984011,11.263617,1.426162,1.484436,2.159504,-0.494156,0.249037,1.713750,-0.392154,0.197632,-0.224955
sample,1041,drone,26.008995,11.318107,1.413693,1.490720,2.201074,-0.503668,0.253831,1.612234,-0.368925,0.185925,-0.224955
sample,1042,drone,26.033980,11.373603,1.400994,1.497120,2.240066,-0.512591,0.258328,1.507476,-0.344953,0.173844,-0.224955
sample,1043,drone,26.058964,11.430041,1.388079,1.503628,2.276402,-0.520905,0.262518,1.399714,-0.320294,0.161417,-0.224955
sample,1044,drone,26.083949,11.487353,1.374965,1.510238,2.310009,-0.528595,0.266394,1.289185,-0.295002,0.148671,-0.224955
sample,1045,drone,26.108934,11.545470,1.361666,1.516940,2.340821,-0.535646,0.269947,1.176126,-0.269131,0.135633,-0.224955
sample,1046,drone,26.133918,11.604322,1.348199,1.523727,2.368779,-0.542044,0.273171,1.060774,-0.242735,0.122330,-0.224955
sample,1047,drone,26.158903,11.663837,1.334580,1.530590,2.393828,-0.547776,0.276060,0.943366,-0.215869,0.108790,-0.224955
sample,1048,drone,26.183888,11.723940,1.320827,1.537521,2.415918,-0.552831,0.278607,0.824140,-0.188587,0.095041,-0.224955
sample,1049,drone,26.208872,11.784558,1.306956,1.544512,2.435009,-0.557199,0.280809,0.703332,-0.160942,0.081109,-0.224955
sample,1050,drone,26.233857,11.845616,1.292984,1.551553,2.451063,-0.560873,0.282660,0.581180,-0.132990,0.067023,-0.224955
sample,1051,drone,26.258841,11.907036,1.278929,1.558636,2.464050,-0.563844,0.284158,0.457920,-0.104785,0.052808,-0.224955
sample,1052,drone,26.283826,11.968742,1.264809,1.565752,2.473945,-0.566109,0.285299,0.333791,-0.076381,0.038493,-0.224955
sample,1053,drone,26.308811,12.030657,1.250641,1.572892,2.480730,-0.567661,0.286081,0.209028,-0.047832,0.024105,-0.224955
sample,1054,drone,26.333795,12.092703,1.236444,1.580048,2.484390,-0.568499,0.286504,0.083870,-0.019192,0.009672,-0.224955
sample,1055,drone,26.358780,12.154800,1.222234,1.587209,2.484920,-0.568620,0.286565,-0.041448,0.009484,-0.004780,-0.224955
sample,1056,drone,26.383765,12.216872,1.208030,1.594367,2.482319,-0.568025,0.286265,-0.166686,0.038143,-0.019223,-0.224955
sample,1057,drone,26.408749,12.278840,1.193850,1.601513,2.476591,-0.566714,0.285604,-0.291609,0.066728,-0.033629,-0.224955
sample,1058,drone,26.433734,12.340626,1.179712,1.608638,2.467748,-0.564691,0.284584,-0.415980,0.095188,-0.047971,-0.224955
sample,1059,drone,26.458718,12.402151,1.165633,1.615734,2.455805,-0.561958,0.283207,-0.539560,0.123467,-0.062223,-0.224955
sample,1060,drone,26.483703,12.463340,1.151631,1.622790,2.440786,-0.558521,0.281475,-0.662114,0.151510,-0.076356,-0.224955
sample,1061,drone,26.508688,12.524116,1.137724,1.629799,2.422720,-0.554387,0.279392,-0.783404,0.179265,-0.090343,-0.224955
sample,1062,drone,26.533672,12.584402,1.123929,1.636751,2.401640,-0.549563,0.276961,-0.903192,0.206676,-0.104157,-0.224955
sample,1063,drone,26.558657,12.644124,1.110263,1.643638,2.377588,-0.544059,0.274187,-1.021242,0.233689,-0.117771,-0.224955
sample,1064,drone,26.583642,12.703208,1.096743,1.650452,2.350609,-0.537886,0.271076,-1.137317,0.260250,-0.131157,-0.224955
sample,1065,drone,26.608626,12.761582,1.083385,1.657184,2.320757,-0.531055,0.267633,-1.251179,0.286305,-0.144288,-0.224955
sample,1066,drone,26.633611,12.819175,1.070206,1.663825,2.288089,-0.523580,0.263866,-1.362591,0.311799,-0.157136,-0.224955
sample,1067,drone,26.658595,12.875916,1.057222,1.670369,2.252669,-0.515475,0.259781,-1.471316,0.336679,-0.169674,-0.224955
sample,1068,drone,26.683580,12.931739,1.044448,1.676807,2.214568,-0.506756,0.255387,-1.577117,0.360889,-0.181876,-0.224955
sample,1069,drone,26.708565,12.986576,1.031900,1.683130,2.173862,-0.497441,0.250693,-1.679758,0.384376,-0.193712,-0.224955
sample,1070,drone,26.733549,13.040365,1.019592,1.689333,2.130632,-0.487549,0.245708,-1.778999,0.407085,-0.205157,-0.224955
sample,1071,drone,26.758534,13.093043,1.007538,1.695408,2.084967,-0.477099,0.240441,-1.874606,0.428963,-0.216182,-0.224955
sample,1072,drone,26.783519,13.144549,0.995751,1.701348,2.036960,-0.466114,0.234905,-1.966340,0.449954,-0.226761,-0.224955
sample,1073,drone,26.808503,13.194828,0.984246,1.707146,1.986710,-0.454616,0.229110,-2.053964,0.470005,-0.236866,-0.224955
sample,1074,drone,26.833488,13.243824,0.973035,1.712797,1.934325,-0.442628,0.223069,-2.137241,0.489061,-0.246470,-0.224955
sample,1075,drone,26.858472,13.291485,0.962128,1.718293,1.879914,-0.430178,0.216794,-2.215935,0.507069,-0.255545,-0.224955
sample,1076,drone,26.883457,13.337762,0.951539,1.723630,1.823596,-0.417290,0.210300,-2.289807,0.523973,-0.264064,-0.224955
sample,1077,drone,26.908442,13.382608,0.941277,1.728801,1.765494,-0.403995,0.203599,-2.358622,0.539719,-0.272000,-0.224955
sample,1078,drone,26.933426,13.425982,0.931352,1.733803,1.705737,-0.390321,0.196708,-2.422140,0.554254,-0.279325,-0.224955
sample,1079,drone,26.958411,13.467843,0.921773,1.738631,1.644461,-0.376299,0.189642,-2.480127,0.567523,-0.286012,-0.224955
sample,1080,drone,26.983396,13.508155,0.912548,1.743280,1.581807,-0.361962,0.182416,-2.532344,0.579472,-0.292034,-0.224955
sample,1081,drone,27.008380,13.546885,0.903686,1.747746,1.517922,-0.347344,0.175049,-2.578554,0.590046,-0.297363,-0.224955
sample,1082,drone,27.033365,13.584004,0.895192,1.752027,1.452959,-0.332478,0.167557,-2.618520,0.599191,-0.301972,-0.224955
sample,1083,drone,27.058349,13.619488,0.887072,1.756119,1.387077,-0.317402,0.159960,-2.652005,0.606854,-0.305833,-0.224955
sample,1084,drone,27.083334,13.653315,0.879331,1.760020,1.320440,-0.302154,0.152275,-2.678772,0.612979,-0.308920,-0.224955
sample,1085,drone,27.108319,13.685469,0.871974,1.763728,1.253220,-0.286772,0.144523,-2.698584,0.617512,-0.311205,-0.224955
sample,1086,drone,27.133303,13.715938,0.865002,1.767242,1.185594,-0.271297,0.136724,-2.711203,0.620400,-0.312660,-0.224955
sample,1087,drone,27.158288,13.744712,0.858417,1.770560,1.117744,-0.255771,0.128900,-2.716393,0.621588,-0.313259,-0.224955
sample,1088,drone,27.183273,13.771790,0.852221,1.773683,1.049858,-0.240237,0.121071,-2.713917,0.621021,-0.312973,-0.224955
sample,1089,drone,27.208257,13.797173,0.846413,1.776610,0.982131,-0.224739,0.113261,-2.703536,0.618646,-0.311776,-0.224955
sample,1090,drone,27.233242,13.820867,0.840991,1.779342,0.914764,-0.209324,0.105492,-2.685014,0.614407,-0.309640,-0.224955
sample,1091,drone,27.258226,13.842883,0.835953,1.781881,0.847963,-0.194038,0.097788,-2.658115,0.608252,-0.306538,-0.224955
sample,1092,drone,27.283211,13.863239,0.831295,1.784229,0.781940,-0.178930,0.090175,-2.622600,0.600125,-0.302442,-0.224955
sample,1093,drone,27.308196,13.881956,0.827012,1.786387,0.716914,-0.164050,0.082676,-2.578233,0.589973,-0.297326,-0.224955
sample,1094,drone,27.333180,13.899063,0.823097,1.788360,0.653108,-0.149450,0.075317,-2.524777,0.577740,-0.291161,-0.224955
sample,1095,drone,27.358165,13.914591,0.819544,1.790151,0.590752,-0.135181,0.068126,-2.461993,0.563374,-0.283921,-0.224955
sample,1096,drone,27.383150,13.928582,0.816342,1.791764,0.530084,-0.121298,0.061130,-2.389647,0.546819,-0.275578,-0.224955
sample,1097,drone,27.408134,13.941079,0.813483,1.793205,0.471344,-0.107857,0.054356,-2.307499,0.528021,-0.266104,-0.224955
sample,1098,drone,27.433119,13.952135,0.810953,1.794480,0.414780,-0.094913,0.047833,-2.215313,0.506926,-0.255473,-0.224955
sample,1099,drone,27.458103,13.961806,0.808740,1.795595,0.360646,-0.082526,0.041590,-2.112852,0.483480,-0.243657,-0.224955
sample,1100,drone,27.483088,13.970156,0.806829,1.796558,0.309202,-0.070754,0.035658,-1.999879,0.457629,-0.230629,-0.224955
sample,1101,drone,27.508073,13.977256,0.805204,1.797377,0.260714,-0.059659,0.030066,-1.876157,0.429318,-0.216361,-0.224955
sample,1102,drone,27.533057,13.983184,0.803848,1.798061,0.215452,-0.049302,0.024846,-1.741448,0.398493,-0.200826,-0.224955
sample,1103,drone,27.558042,13.988022,0.802741,1.798619,0.173695,-0.039746,0.020031,-1.595515,0.365099,-0.183997,-0.224955
sample,1104,drone,27.583027,13.991863,0.801862,1.799062,0.135725,-0.031058,0.015652,-1.438122,0.329083,-0.165846,-0.224955
sample,1105,drone,27.608011,13.994804,0.801189,1.799401,0.101833,-0.023302,0.011744,-1.269031,0.290390,-0.146347,-0.224955
sample,1106,drone,27.632996,13.996951,0.800698,1.799648,0.072313,-0.016547,0.008339,-1.088004,0.248966,-0.125470,-0.224955
sample,1107,drone,27.657980,13.998418,0.800362,1.799818,0.047466,-0.010862,0.005474,-0.894806,0.204757,-0.103190,-0.224955
sample,1108,drone,27.682965,13.999323,0.800155,1.799922,0.027600,-0.006316,0.003183,-0.689198,0.157708,-0.079479,-0.224955
sample,1109,drone,27.707950,13.999797,0.800047,1.799977,0.013027,-0.002981,0.001502,-0.470944,0.107765,-0.054310,-0.224955
sample,1110,drone,27.732934,13.999974,0.800006,1.799997,0.004067,-0.000931,0.000469,-0.240084,0.054938,-0.027687,-0.224955
sample,1111,drone,27.757919,14.000000,0.800000,1.800000,0.001031,-0.000236,0.000119,-0.121543,0.027812,-0.014017,-0.224955
