section,index,name,t,x,y,z,vx,vy,vz,ax,ay,az,yaw
crossing,1,G6,8.000000,12.044663,-1.393328,3.395556,,,,,,
crossing,2,G1,15.217099,2.236323,-2.354676,2.075493,,,,,,
crossing,3,G4,19.685290,8.169293,-0.826207,1.242114,,,,,,
crossing,4,G2,22.903483,4.324682,0.196045,2.819227,,,,,,
crossing,5,G5,26.616995,9.654380,0.882226,3.185962,,,,,,
crossing,6,G3,29.349926,6.548954,3.158486,1.541243,,,,,,
sample,0,drone,0.000000,0.000000,-1.000000,1.200000,0.000146,-0.000005,0.000027,0.017445,-0.000570,0.003180,-0.032644
sample,1,drone,0.024991,0.000004,-1.000000,1.200001,0.000582,-0.000019,0.000106,0.034740,-0.001134,0.006333,-0.032644
sample,2,drone,0.049983,0.000029,-1.000001,1.200005,0.001883,-0.000061,0.000343,0.069015,-0.002254,0.012580,-0.032644
sample,3,drone,0.074974,0.000098,-1.000003,1.200018,0.004032,-0.000132,0.000735,0.102651,-0.003352,0.018712,-0.032644
sample,4,drone,0.099965,0.000231,-1.000008,1.200042,0.007013,-0.000229,0.001278,0.135639,-0.004429,0.024725,-0.032644
sample,5,drone,0.124956,0.000448,-1.000015,1.200082,0.010811,-0.000353,0.001971,0.167982,-0.005486,0.030621,-0.032644
sample,6,drone,0.149948,0.000771,-1.000025,1.200141,0.015410,-0.000503,0.002809,0.199684,-0.006521,0.036399,-0.032644
sample,7,drone,0.174939,0.001219,-1.000040,1.200222,0.020792,-0.000679,0.003790,0.230750,-0.007535,0.042062,-0.032644
sample,8,drone,0.199930,0.001810,-1.000059,1.200330,0.026943,-0.000880,0.004911,0.261184,-0.008529,0.047610,-0.032644
sample,9,drone,0.224922,0.002565,-1.000084,1.200468,0.033847,-0.001105,0.006170,0.290990,-0.009503,0.053043,-0.032644
sample,10,drone,0.249913,0.003502,-1.000114,1.200638,0.041487,-0.001355,0.007563,0.320171,-0.010455,0.058362,-0.032644
sample,11,drone,0.274904,0.004639,-1.000151,1.200846,0.049850,-0.001628,0.009087,0.348733,-0.011388,0.063569,-0.032644
sample,12,drone,0.299895,0.005994,-1.000196,1.201093,0.058918,-0.001924,0.010740,0.376679,-0.012301,0.068663,-0.032644
sample,13,drone,0.324887,0.007584,-1.000248,1.201382,0.068677,-0.002243,0.012519,0.404014,-0.013193,0.073645,-0.032644
sample,14,drone,0.349878,0.009426,-1.000308,1.201718,0.079112,-0.002583,0.014421,0.430741,-0.014066,0.078517,-0.032644
sample,15,drone,0.374869,0.011538,-1.000377,1.202103,0.090207,-0.002946,0.016443,0.456864,-0.014919,0.083279,-0.032644
sample,16,drone,0.399861,0.013935,-1.000455,1.202540,0.101947,-0.003329,0.018583,0.482389,-0.015753,0.087932,-0.032644
sample,17,drone,0.424852,0.016634,-1.000543,1.203032,0.114318,-0.003733,0.020838,0.507318,-0.016567,0.092476,-0.032644
sample,18,drone,0.449843,0.019649,-1.000642,1.203582,0.127304,-0.004157,0.023206,0.531656,-0.017362,0.096913,-0.032644
sample,19,drone,0.474835,0.022996,-1.000751,1.204192,0.140891,-0.004601,0.025682,0.555408,-0.018137,0.101242,-0.032644
sample,20,drone,0.499826,0.026691,-1.000872,1.204865,0.155065,-0.005064,0.028266,0.578577,-0.018894,0.105466,-0.032644
sample,21,drone,0.524817,0.030747,-1.001004,1.205605,0.169810,-0.005545,0.030954,0.601167,-0.019632,0.109583,-0.032644
sample,22,drone,0.549808,0.035179,-1.001149,1.206413,0.185113,-0.006045,0.033743,0.623183,-0.020351,0.113597,-0.032644
sample,23,drone,0.574800,0.039999,-1.001306,1.207291,0.200958,-0.006562,0.036632,0.644629,-0.021051,0.117506,-0.032644
sample,24,drone,0.599791,0.045223,-1.001477,1.208243,0.217333,-0.007097,0.039616,0.665508,-0.021733,0.121312,-0.032644
sample,25,drone,0.624782,0.050862,-1.001661,1.209271,0.234222,-0.007649,0.042695,0.685825,-0.022396,0.125015,-0.032644
sample,26,drone,0.649774,0.056930,-1.001859,1.210377,0.251612,-0.008217,0.045865,0.705585,-0.023041,0.128617,-0.032644
sample,27,drone,0.674765,0.063439,-1.002072,1.211564,0.269489,-0.008800,0.049124,0.724791,-0.023669,0.132118,-0.032644
sample,28,drone,0.699756,0.070400,-1.002299,1.212833,0.287839,-0.009400,0.052469,0.743447,-0.024278,0.135519,-0.032644
sample,29,drone,0.724747,0.077825,-1.002541,1.214186,0.306648,-0.010014,0.055897,0.761557,-0.024869,0.138820,-0.032644
sample,30,drone,0.749739,0.085727,-1.002799,1.215627,0.325904,-0.010643,0.059407,0.779127,-0.025443,0.142023,-0.032644
sample,31,drone,0.774730,0.094115,-1.003073,1.217156,0.345591,-0.011286,0.062996,0.796159,-0.025999,0.145127,-0.032644
sample,32,drone,0.799721,0.103000,-1.003364,1.218775,0.365698,-0.011942,0.066661,0.812657,-0.026538,0.148135,-0.032644
sample,33,drone,0.824713,0.112393,-1.003670,1.220488,0.386210,-0.012612,0.070400,0.828627,-0.027059,0.151046,-0.032644
sample,34,drone,0.849704,0.122304,-1.003994,1.222294,0.407115,-0.013295,0.074211,0.844072,-0.027564,0.153861,-0.032644
sample,35,drone,0.874695,0.132742,-1.004335,1.224197,0.428399,-0.013990,0.078090,0.858997,-0.028051,0.156582,-0.032644
sample,36,drone,0.899686,0.143717,-1.004693,1.226197,0.450050,-0.014697,0.082037,0.873404,-0.028522,0.159208,-0.032644
sample,37,drone,0.924678,0.155237,-1.005069,1.228297,0.472054,-0.015415,0.086048,0.887300,-0.028975,0.161741,-0.032644
sample,38,drone,0.949669,0.167311,-1.005464,1.230498,0.494399,-0.016145,0.090121,0.900687,-0.029413,0.164181,-0.032644
sample,39,drone,0.974660,0.179948,-1.005876,1.232802,0.517072,-0.016885,0.094254,0.913569,-0.029833,0.166530,-0.032644
sample,40,drone,0.999652,0.193156,-1.006308,1.235209,0.540062,-0.017636,0.098445,0.925952,-0.030238,0.168787,-0.032644
sample,41,drone,1.024643,0.206942,-1.006758,1.237722,0.563354,-0.018397,0.102691,0.937839,-0.030626,0.170953,-0.032644
sample,42,drone,1.049634,0.221314,-1.007227,1.240342,0.586937,-0.019167,0.106990,0.949234,-0.030998,0.173031,-0.032644
sample,43,drone,1.074626,0.236278,-1.007716,1.243070,0.610799,-0.019946,0.111339,0.960141,-0.031354,0.175019,-0.032644
sample,44,drone,1.099617,0.251843,-1.008224,1.245907,0.634928,-0.020734,0.115737,0.970565,-0.031695,0.176919,-0.032644
sample,45,drone,1.124608,0.268014,-1.008752,1.248855,0.659310,-0.021530,0.120182,0.980509,-0.032019,0.178732,-0.032644
sample,46,drone,1.149599,0.284797,-1.009300,1.251914,0.683936,-0.022334,0.124671,0.989978,-0.032329,0.180458,-0.032644
sample,47,drone,1.174591,0.302199,-1.009869,1.255086,0.708792,-0.023146,0.129202,0.998976,-0.032622,0.182098,-0.032644
sample,48,drone,1.199582,0.320224,-1.010457,1.258372,0.733867,-0.023965,0.133773,1.007507,-0.032901,0.183653,-0.032644
sample,49,drone,1.224573,0.338879,-1.011066,1.261772,0.759150,-0.024791,0.138381,1.015574,-0.033164,0.185123,-0.032644
sample,50,drone,1.249565,0.358169,-1.011696,1.265289,0.784628,-0.025623,0.143026,1.023184,-0.033413,0.186511,-0.032644
sample,51,drone,1.274556,0.378097,-1.012347,1.268921,0.810291,-0.026461,0.147704,1.030338,-0.033647,0.187815,-0.032644
sample,52,drone,1.299547,0.398669,-1.013019,1.272671,0.836127,-0.027304,0.152413,1.037042,-0.033865,0.189037,-0.032644
sample,53,drone,1.324538,0.419889,-1.013712,1.276539,0.862125,-0.028153,0.157152,1.043300,-0.034070,0.190177,-0.032644
sample,54,drone,1.349530,0.441760,-1.014426,1.280526,0.888274,-0.029007,0.161919,1.049115,-0.034260,0.191237,-0.032644
sample,55,drone,1.374521,0.464287,-1.015162,1.284632,0.914563,-0.029866,0.166711,1.054493,-0.034435,0.192218,-0.032644
sample,56,drone,1.399512,0.487472,-1.015919,1.288859,0.940980,-0.030728,0.171526,1.059436,-0.034597,0.193119,-0.032644
sample,57,drone,1.424504,0.511320,-1.016698,1.293206,0.967516,-0.031595,0.176363,1.063950,-0.034744,0.193942,-0.032644
sample,58,drone,1.449495,0.535831,-1.017498,1.297674,0.994159,-0.032465,0.181220,1.068038,-0.034878,0.194687,-0.032644
sample,59,drone,1.474486,0.561010,-1.018320,1.302263,1.020899,-0.033338,0.186094,1.071704,-0.034997,0.195355,-0.032644
sample,60,drone,1.499477,0.586859,-1.019164,1.306975,1.047726,-0.034214,0.190984,1.074953,-0.035103,0.195947,-0.032644
sample,61,drone,1.524469,0.613378,-1.020030,1.311809,1.074628,-0.035093,0.195888,1.077788,-0.035196,0.196464,-0.032644
sample,62,drone,1.549460,0.640571,-1.020918,1.316766,1.101596,-0.035974,0.200804,1.080214,-0.035275,0.196906,-0.032644
sample,63,drone,1.574451,0.668439,-1.021828,1.321846,1.128620,-0.036856,0.205730,1.082236,-0.035341,0.197275,-0.032644
sample,64,drone,1.599443,0.696983,-1.022761,1.327049,1.155689,-0.037740,0.210664,1.083856,-0.035394,0.197570,-0.032644
sample,65,drone,1.624434,0.726203,-1.023715,1.332376,1.182794,-0.038625,0.215605,1.085079,-0.035434,0.197793,-0.032644
sample,66,drone,1.649425,0.756102,-1.024691,1.337826,1.209924,-0.039511,0.220550,1.085910,-0.035461,0.197945,-0.032644
sample,67,drone,1.674417,0.786678,-1.025690,1.343399,1.237071,-0.040398,0.225499,1.086353,-0.035476,0.198025,-0.032644
sample,68,drone,1.699408,0.817934,-1.026710,1.349097,1.264223,-0.041284,0.230448,1.086410,-0.035478,0.198036,-0.032644
sample,69,drone,1.724399,0.849868,-1.027753,1.354918,1.291372,-0.042171,0.235397,1.086088,-0.035467,0.197977,-0.032644
sample,70,drone,1.749390,0.882480,-1.028818,1.360862,1.318509,-0.043057,0.240344,1.085390,-0.035444,0.197850,-0.032644
sample,71,drone,1.774382,0.915770,-1.029905,1.366931,1.345623,-0.043942,0.245286,1.084319,-0.035409,0.197655,-0.032644
sample,72,drone,1.799373,0.949738,-1.031014,1.373122,1.372706,-0.044827,0.250223,1.082881,-0.035362,0.197392,-0.032644
sample,73,drone,1.824364,0.984381,-1.032146,1.379437,1.399748,-0.045710,0.255152,1.081079,-0.035303,0.197064,-0.032644
sample,74,drone,1.849356,1.019701,-1.033299,1.385876,1.426741,-0.046591,0.260073,1.078917,-0.035233,0.196670,-0.032644
sample,75,drone,1.874347,1.055694,-1.034475,1.392437,1.453675,-0.047471,0.264982,1.076400,-0.035151,0.196211,-0.032644
sample,76,drone,1.899338,1.092359,-1.035672,1.399120,1.480542,-0.048348,0.269880,1.073531,-0.035057,0.195688,-0.032644
sample,77,drone,1.924329,1.129695,-1.036891,1.405926,1.507333,-0.049223,0.274763,1.070315,-0.034952,0.195102,-0.032644
sample,78,drone,1.949321,1.167699,-1.038132,1.412854,1.534039,-0.050095,0.279632,1.066756,-0.034836,0.194453,-0.032644
sample,79,drone,1.974312,1.206370,-1.039395,1.419903,1.560652,-0.050964,0.284483,1.062858,-0.034709,0.193743,-0.032644
sample,80,drone,1.999303,1.245705,-1.040680,1.427073,1.587164,-0.051830,0.289315,1.058626,-0.034570,0.192971,-0.032644
sample,81,drone,2.024295,1.285701,-1.041986,1.434363,1.613565,-0.052692,0.294128,1.054062,-0.034421,0.192139,-0.032644
sample,82,drone,2.049286,1.326355,-1.043313,1.441774,1.639848,-0.053551,0.298919,1.049172,-0.034262,0.191248,-0.032644
sample,83,drone,2.074277,1.367665,-1.044662,1.449304,1.666005,-0.054405,0.303687,1.043960,-0.034091,0.190298,-0.032644
sample,84,drone,2.099268,1.409626,-1.046032,1.456953,1.692028,-0.055255,0.308431,1.038429,-0.033911,0.189290,-0.032644
sample,85,drone,2.124260,1.452236,-1.047424,1.464720,1.717909,-0.056100,0.313148,1.032584,-0.033720,0.188224,-0.032644
sample,86,drone,2.149251,1.495492,-1.048836,1.472605,1.743639,-0.056940,0.317838,1.026429,-0.033519,0.187102,-0.032644
sample,87,drone,2.174242,1.539388,-1.050270,1.480607,1.769212,-0.057775,0.322500,1.019968,-0.033308,0.185924,-0.032644
sample,88,drone,2.199234,1.583922,-1.051724,1.488724,1.794620,-0.058605,0.327131,1.013206,-0.033087,0.184692,-0.032644
sample,89,drone,2.224225,1.629088,-1.053199,1.496957,1.819855,-0.059429,0.331731,1.006145,-0.032856,0.183405,-0.032644
sample,90,drone,2.249216,1.674883,-1.054695,1.505305,1.844910,-0.060247,0.336298,0.998791,-0.032616,0.182064,-0.032644
sample,91,drone,2.274208,1.721301,-1.056210,1.513767,1.869777,-0.061059,0.340831,0.991148,-0.032367,0.180671,-0.032644
sample,92,drone,2.299199,1.768339,-1.057747,1.522341,1.894450,-0.061865,0.345329,0.983220,-0.032108,0.179226,-0.032644
sample,93,drone,2.324190,1.815991,-1.059303,1.531027,1.918921,-0.062664,0.349790,0.975010,-0.031840,0.177729,-0.032644
sample,94,drone,2.349181,1.864252,-1.060879,1.539824,1.943183,-0.063456,0.354212,0.966523,-0.031563,0.176182,-0.032644
sample,95,drone,2.374173,1.913116,-1.062474,1.548731,1.967230,-0.064242,0.358596,0.957764,-0.031277,0.174586,-0.032644
sample,96,drone,2.399164,1.962579,-1.064090,1.557748,1.991055,-0.065020,0.362938,0.948736,-0.030982,0.172940,-0.032644
sample,97,drone,2.424155,2.012634,-1.065724,1.566872,2.014651,-0.065790,0.367240,0.939443,-0.030678,0.171246,-0.032644
sample,98,drone,2.449147,2.063276,-1.067378,1.576103,2.038011,-0.066553,0.371498,0.929890,-0.030366,0.169504,-0.032644
sample,99,drone,2.474138,2.114499,-1.069051,1.585440,2.061129,-0.067308,0.375712,0.920080,-0.030046,0.167716,-0.032644
sample,100,drone,2.499129,2.166297,-1.070742,1.594882,2.083999,-0.068055,0.379881,0.910018,-0.029717,0.165882,-0.032644
sample,101,drone,2.524120,2.218663,-1.072452,1.604428,2.106614,-0.068793,0.384003,0.899708,-0.029381,0.164003,-0.032644
sample,102,drone,2.549112,2.271591,-1.074181,1.614076,2.128968,-0.069523,0.388078,0.889154,-0.029036,0.162079,-0.032644
sample,103,drone,2.574103,2.325074,-1.075927,1.623825,2.151056,-0.070244,0.392104,0.878360,-0.028684,0.160111,-0.032644
sample,104,drone,2.599094,2.379106,-1.077692,1.633674,2.172871,-0.070957,0.396081,0.867331,-0.028323,0.158101,-0.032644
sample,105,drone,2.624086,2.433680,-1.079474,1.643622,2.194408,-0.071660,0.400007,0.856070,-0.027956,0.156048,-0.032644
sample,106,drone,2.649077,2.488788,-1.081273,1.653668,2.215660,-0.072354,0.403880,0.844582,-0.027580,0.153954,-0.032644
sample,107,drone,2.674068,2.544424,-1.083090,1.663809,2.236622,-0.073039,0.407702,0.832870,-0.027198,0.151819,-0.032644
sample,108,drone,2.699059,2.600580,-1.084924,1.674046,2.257289,-0.073714,0.411469,0.820939,-0.026808,0.149644,-0.032644
sample,109,drone,2.724051,2.657249,-1.086775,1.684375,2.277655,-0.074379,0.415181,0.808793,-0.026412,0.147430,-0.032644
sample,110,drone,2.749042,2.714423,-1.088642,1.694797,2.297714,-0.075034,0.418838,0.796436,-0.026008,0.145178,-0.032644
sample,111,drone,2.774033,2.772095,-1.090525,1.705310,2.317463,-0.075679,0.422438,0.783873,-0.025598,0.142888,-0.032644
sample,112,drone,2.799025,2.830256,-1.092424,1.715912,2.336894,-0.076313,0.425980,0.771106,-0.025181,0.140561,-0.032644
sample,113,drone,2.824016,2.888899,-1.094339,1.726602,2.356004,-0.076937,0.429463,0.758142,-0.024758,0.138197,-0.032644
sample,114,drone,2.849007,2.948015,-1.096270,1.737378,2.374788,-0.077551,0.432887,0.744983,-0.024328,0.135799,-0.032644
sample,115,drone,2.873999,3.007597,-1.098216,1.748238,2.393241,-0.078153,0.436251,0.731633,-0.023892,0.133365,-0.032644
sample,116,drone,2.898990,3.067636,-1.100176,1.759182,2.411357,-0.078745,0.439553,0.718098,-0.023450,0.130898,-0.032644
sample,117,drone,2.923981,3.128123,-1.102151,1.770208,2.429133,-0.079325,0.442793,0.704380,-0.023002,0.128398,-0.032644
sample,118,drone,2.948972,3.189050,-1.104141,1.781314,2.446564,-0.079895,0.445971,0.690485,-0.022548,0.125865,-0.032644
sample,119,drone,2.973964,3.250409,-1.106145,1.792499,2.463645,-0.080452,0.449084,0.676416,-0.022089,0.123300,-0.032644
sample,120,drone,2.998955,3.312189,-1.108162,1.803761,2.480373,-0.080999,0.452134,0.662177,-0.021624,0.120705,-0.032644
sample,121,drone,3.023946,3.374384,-1.110193,1.815098,2.496742,-0.081533,0.455117,0.647773,-0.021154,0.118079,-0.032644
sample,122,drone,3.048938,3.436983,-1.112237,1.826509,2.512750,-0.082056,0.458035,0.633207,-0.020678,0.115424,-0.032644
sample,123,drone,3.073929,3.499978,-1.114295,1.837992,2.528392,-0.082567,0.460887,0.618485,-0.020197,0.112740,-0.032644
sample,124,drone,3.098920,3.563359,-1.116364,1.849545,2.543664,-0.083065,0.463670,0.603609,-0.019711,0.110029,-0.032644
sample,125,drone,3.123911,3.627117,-1.118446,1.861167,2.558562,-0.083552,0.466386,0.588584,-0.019221,0.107290,-0.032644
sample,126,drone,3.148903,3.691242,-1.120541,1.872856,2.573083,-0.084026,0.469033,0.573415,-0.018725,0.104525,-0.032644
sample,127,drone,3.173894,3.755726,-1.122646,1.884611,2.587223,-0.084488,0.471611,0.558105,-0.018225,0.101734,-0.032644
sample,128,drone,3.198885,3.820558,-1.124763,1.896429,2.600978,-0.084937,0.474118,0.542658,-0.017721,0.098918,-0.032644
sample,129,drone,3.223877,3.885729,-1.126892,1.908308,2.614346,-0.085374,0.476555,0.527079,-0.017212,0.096078,-0.032644
sample,130,drone,3.248868,3.951230,-1.129031,1.920248,2.627323,-0.085797,0.478920,0.511371,-0.016699,0.093215,-0.032644
sample,131,drone,3.273859,4.017050,-1.131180,1.932246,2.639906,-0.086208,0.481214,0.495540,-0.016182,0.090329,-0.032644
sample,132,drone,3.298850,4.083179,-1.133340,1.944300,2.652091,-0.086606,0.483435,0.479588,-0.015661,0.087421,-0.032644
sample,133,drone,3.323842,4.149608,-1.135509,1.956409,2.663877,-0.086991,0.485583,0.463521,-0.015137,0.084493,-0.032644
sample,134,drone,3.348833,4.216327,-1.137688,1.968571,2.675259,-0.087363,0.487658,0.447341,-0.014608,0.081543,-0.032644
sample,135,drone,3.373824,4.283325,-1.139875,1.980784,2.686236,-0.087721,0.489659,0.431054,-0.014076,0.078575,-0.032644
sample,136,drone,3.398816,4.350592,-1.142072,1.993045,2.696804,-0.088066,0.491586,0.414664,-0.013541,0.075587,-0.032644
sample,137,drone,3.423807,4.418118,-1.144277,2.005354,2.706962,-0.088398,0.493437,0.398174,-0.013003,0.072581,-0.032644
sample,138,drone,3.448798,4.485893,-1.146490,2.017709,2.716706,-0.088716,0.495213,0.381589,-0.012461,0.069558,-0.032644
sample,139,drone,3.473789,4.553906,-1.148711,2.030106,2.726035,-0.089021,0.496914,0.364913,-0.011917,0.066518,-0.032644
sample,140,drone,3.498781,4.622147,-1.150940,2.042546,2.734945,-0.089312,0.498538,0.348150,-0.011369,0.063462,-0.032644
sample,141,drone,3.523772,4.690605,-1.153176,2.055025,2.743436,-0.089589,0.500086,0.331304,-0.010819,0.060392,-0.032644
sample,142,drone,3.548763,4.759271,-1.155418,2.067541,2.751505,-0.089853,0.501557,0.314379,-0.010266,0.057306,-0.032644
sample,143,drone,3.573755,4.828133,-1.157667,2.080094,2.759150,-0.090102,0.502950,0.297380,-0.009711,0.054208,-0.032644
sample,144,drone,3.598746,4.897180,-1.159921,2.092680,2.766369,-0.090338,0.504266,0.280310,-0.009154,0.051096,-0.032644
sample,145,drone,3.623737,4.966403,-1.162182,2.105298,2.773160,-0.090560,0.505504,0.263174,-0.008594,0.047973,-0.032644
sample,146,drone,3.648729,5.035790,-1.164448,2.117947,2.779523,-0.090768,0.506664,0.245976,-0.008033,0.044838,-0.032644
sample,147,drone,3.673720,5.105331,-1.166719,2.130623,2.785455,-0.090961,0.507745,0.228720,-0.007469,0.041692,-0.032644
sample,148,drone,3.698711,5.175014,-1.168994,2.143325,2.790955,-0.091141,0.508748,0.211409,-0.006904,0.038537,-0.032644
sample,149,drone,3.723702,5.244830,-1.171274,2.156051,2.796022,-0.091306,0.509671,0.194049,-0.006337,0.035372,-0.032644
sample,150,drone,3.748694,5.314767,-1.173558,2.168800,2.800654,-0.091458,0.510516,0.176644,-0.005768,0.032199,-0.032644
sample,151,drone,3.773685,5.384814,-1.175845,2.181568,2.804851,-0.091595,0.511281,0.159196,-0.005199,0.029019,-0.032644
sample,152,drone,3.798676,5.454960,-1.178136,2.194355,2.808611,-0.091717,0.511966,0.141712,-0.004628,0.025832,-0.032644
sample,153,drone,3.823668,5.525195,-1.180430,2.207158,2.811934,-0.091826,0.512572,0.124194,-0.004056,0.022639,-0.032644
sample,154,drone,3.848659,5.595508,-1.182726,2.219974,2.814818,-0.091920,0.513098,0.106647,-0.003483,0.019440,-0.032644
sample,155,drone,3.873650,5.665887,-1.185024,2.232803,2.817264,-0.092000,0.513544,0.089074,-0.002909,0.016237,-0.032644
sample,156,drone,3.898641,5.736322,-1.187324,2.245643,2.819271,-0.092066,0.513909,0.071481,-0.002334,0.013030,-0.032644
sample,157,drone,3.923633,5.806802,-1.189626,2.258490,2.820837,-0.092117,0.514195,0.053872,-0.001759,0.009820,-0.032644
sample,158,drone,3.948624,5.877315,-1.191928,2.271343,2.821963,-0.092154,0.514400,0.036249,-0.001184,0.006608,-0.032644
sample,159,drone,3.973615,5.947851,-1.194232,2.284201,2.822649,-0.092176,0.514525,0.018619,-0.000608,0.003394,-0.032644
sample,160,drone,3.998607,6.018398,-1.196536,2.297061,2.822894,-0.092184,0.514570,0.000983,-0.000032,0.000179,-0.032644
sample,161,drone,4.023598,6.088946,-1.198839,2.309921,2.822698,-0.092177,0.514534,-0.016652,0.000544,-0.003035,-0.032644
sample,162,drone,4.048589,6.159484,-1.201143,2.322779,2.822062,-0.092157,0.514418,-0.034284,0.001120,-0.006249,-0.032644
sample,163,drone,4.073580,6.230000,-1.203446,2.335633,2.820984,-0.092122,0.514222,-0.051907,0.001695,-0.009462,-0.032644
sample,164,drone,4.098572,6.300484,-1.205747,2.348481,2.819467,-0.092072,0.513945,-0.069519,0.002270,-0.012672,-0.032644
sample,165,drone,4.123563,6.370924,-1.208048,2.361321,2.817510,-0.092008,0.513588,-0.087114,0.002845,-0.015879,-0.032644
sample,166,drone,4.148554,6.441310,-1.210346,2.374151,2.815113,-0.091930,0.513151,-0.104688,0.003419,-0.019083,-0.032644
sample,167,drone,4.173546,6.511631,-1.212643,2.386969,2.812277,-0.091837,0.512635,-0.122238,0.003992,-0.022282,-0.032644
sample,168,drone,4.198537,6.581875,-1.214936,2.399774,2.809003,-0.091730,0.512038,-0.139760,0.004564,-0.025476,-0.032644
sample,169,drone,4.223528,6.652032,-1.217228,2.412562,2.805292,-0.091609,0.511361,-0.157248,0.005135,-0.028664,-0.032644
sample,170,drone,4.248520,6.722091,-1.219515,2.425333,2.801143,-0.091474,0.510605,-0.174700,0.005705,-0.031845,-0.032644
sample,171,drone,4.273511,6.792041,-1.221800,2.438084,2.796560,-0.091324,0.509770,-0.192110,0.006274,-0.035019,-0.032644
sample,172,drone,4.298502,6.861870,-1.224080,2.450813,2.791541,-0.091160,0.508855,-0.209476,0.006841,-0.038184,-0.032644
sample,173,drone,4.323493,6.931569,-1.226356,2.463518,2.786089,-0.090982,0.507861,-0.226792,0.007406,-0.041341,-0.032644
sample,174,drone,4.348485,7.001126,-1.228627,2.476197,2.780206,-0.090790,0.506788,-0.244054,0.007970,-0.044487,-0.032644
sample,175,drone,4.373476,7.070531,-1.230894,2.488848,2.773891,-0.090584,0.505637,-0.261259,0.008532,-0.047624,-0.032644
sample,176,drone,4.398467,7.139772,-1.233155,2.501470,2.767147,-0.090363,0.504408,-0.278402,0.009091,-0.050748,-0.032644
sample,177,drone,4.423459,7.208840,-1.235411,2.514060,2.759976,-0.090129,0.503101,-0.295480,0.009649,-0.053861,-0.032644
sample,178,drone,4.448450,7.277723,-1.237660,2.526616,2.752378,-0.089881,0.501716,-0.312487,0.010205,-0.056962,-0.032644
sample,179,drone,4.473441,7.346411,-1.239903,2.539137,2.744357,-0.089619,0.500254,-0.329420,0.010757,-0.060048,-0.032644
sample,180,drone,4.498432,7.414893,-1.242139,2.551620,2.735913,-0.089343,0.498715,-0.346275,0.011308,-0.063121,-0.032644
sample,181,drone,4.523424,7.483159,-1.244369,2.564064,2.727049,-0.089054,0.497099,-0.363048,0.011856,-0.066178,-0.032644
sample,182,drone,4.548415,7.551198,-1.246591,2.576466,2.717767,-0.088751,0.495407,-0.379734,0.012401,-0.069220,-0.032644
sample,183,drone,4.573406,7.619000,-1.248805,2.588826,2.708069,-0.088434,0.493639,-0.396329,0.012942,-0.072245,-0.032644
sample,184,drone,4.598398,7.686554,-1.251011,2.601140,2.697957,-0.088104,0.491796,-0.412830,0.013481,-0.075253,-0.032644
sample,185,drone,4.623389,7.753851,-1.253208,2.613407,2.687435,-0.087760,0.489878,-0.429232,0.014017,-0.078242,-0.032644
sample,186,drone,4.648380,7.820879,-1.255397,2.625625,2.676503,-0.087403,0.487885,-0.445530,0.014549,-0.081213,-0.032644
sample,187,drone,4.673371,7.887630,-1.257577,2.637793,2.665166,-0.087033,0.485818,-0.461722,0.015078,-0.084165,-0.032644
sample,188,drone,4.698363,7.954091,-1.259747,2.649908,2.653425,-0.086650,0.483678,-0.477802,0.015603,-0.087096,-0.032644
sample,189,drone,4.723354,8.020255,-1.261908,2.661968,2.641284,-0.086253,0.481465,-0.493767,0.016124,-0.090006,-0.032644
sample,190,drone,4.748345,8.086110,-1.264058,2.673973,2.628746,-0.085844,0.479180,-0.509612,0.016642,-0.092894,-0.032644
sample,191,drone,4.773337,8.151646,-1.266199,2.685919,2.615812,-0.085421,0.476822,-0.525333,0.017155,-0.095760,-0.032644
sample,192,drone,4.798328,8.216855,-1.268328,2.697805,2.602488,-0.084986,0.474393,-0.540927,0.017664,-0.098603,-0.032644
sample,193,drone,4.823319,8.281725,-1.270446,2.709630,2.588776,-0.084539,0.471894,-0.556389,0.018169,-0.101421,-0.032644
sample,194,drone,4.848311,8.346248,-1.272554,2.721392,2.574678,-0.084078,0.469324,-0.571714,0.018670,-0.104215,-0.032644
sample,195,drone,4.873302,8.410414,-1.274649,2.733088,2.560200,-0.083605,0.466685,-0.586900,0.019166,-0.106983,-0.032644
sample,196,drone,4.898293,8.474214,-1.276732,2.744718,2.545343,-0.083120,0.463977,-0.601941,0.019657,-0.109725,-0.032644
sample,197,drone,4.923284,8.537637,-1.278803,2.756279,2.530113,-0.082623,0.461200,-0.616833,0.020143,-0.112439,-0.032644
sample,198,drone,4.948276,8.600675,-1.280862,2.767770,2.514513,-0.082113,0.458357,-0.631573,0.020625,-0.115126,-0.032644
sample,199,drone,4.973267,8.663319,-1.282908,2.779189,2.498546,-0.081592,0.455446,-0.646157,0.021101,-0.117784,-0.032644
sample,200,drone,4.998258,8.725559,-1.284940,2.790534,2.482216,-0.081059,0.452470,-0.660579,0.021572,-0.120413,-0.032644
sample,201,drone,5.023250,8.787386,-1.286959,2.801804,2.465528,-0.080514,0.449428,-0.674836,0.022037,-0.123012,-0.032644
sample,202,drone,5.048241,8.848792,-1.288965,2.812998,2.448486,-0.079957,0.446321,-0.688925,0.022497,-0.125580,-0.032644
sample,203,drone,5.073232,8.909768,-1.290956,2.824113,2.431094,-0.079389,0.443151,-0.702839,0.022952,-0.128117,-0.032644
sample,204,drone,5.098223,8.970305,-1.292933,2.835148,2.413356,-0.078810,0.439917,-0.716577,0.023400,-0.130621,-0.032644
sample,205,drone,5.123215,9.030394,-1.294895,2.846101,2.395277,-0.078220,0.436622,-0.730133,0.023843,-0.133092,-0.032644
sample,206,drone,5.148206,9.090027,-1.296842,2.856971,2.376862,-0.077618,0.433265,-0.743503,0.024280,-0.135529,-0.032644
sample,207,drone,5.173197,9.149196,-1.298774,2.867757,2.358115,-0.077006,0.429848,-0.756684,0.024710,-0.137932,-0.032644
sample,208,drone,5.198189,9.207892,-1.300691,2.878456,2.339041,-0.076383,0.426371,-0.769671,0.025134,-0.140299,-0.032644
sample,209,drone,5.223180,9.266107,-1.302592,2.889068,2.319645,-0.075750,0.422835,-0.782459,0.025552,-0.142630,-0.032644
sample,210,drone,5.248171,9.323834,-1.304477,2.899590,2.299932,-0.075106,0.419242,-0.795045,0.025963,-0.144924,-0.032644
sample,211,drone,5.273162,9.381063,-1.306346,2.910023,2.279907,-0.074452,0.415592,-0.807426,0.026367,-0.147181,-0.032644
sample,212,drone,5.298154,9.437789,-1.308199,2.920363,2.259575,-0.073788,0.411885,-0.819595,0.026765,-0.149400,-0.032644
sample,213,drone,5.323145,9.494003,-1.310034,2.930610,2.238941,-0.073114,0.408124,-0.831550,0.027155,-0.151579,-0.032644
sample,214,drone,5.348136,9.549697,-1.311853,2.940762,2.218012,-0.072431,0.404309,-0.843287,0.027538,-0.153718,-0.032644
sample,215,drone,5.373128,9.604865,-1.313655,2.950818,2.196792,-0.071738,0.400441,-0.854800,0.027914,-0.155817,-0.032644
sample,216,drone,5.398119,9.659499,-1.315439,2.960777,2.175287,-0.071036,0.396521,-0.866087,0.028283,-0.157874,-0.032644
sample,217,drone,5.423110,9.713591,-1.317205,2.970637,2.153502,-0.070324,0.392550,-0.877142,0.028644,-0.159889,-0.032644
sample,218,drone,5.448102,9.767136,-1.318954,2.980398,2.131445,-0.069604,0.388529,-0.887962,0.028997,-0.161862,-0.032644
sample,219,drone,5.473093,9.820126,-1.320684,2.990057,2.109120,-0.068875,0.384460,-0.898543,0.029343,-0.163791,-0.032644
sample,220,drone,5.498084,9.872555,-1.322396,2.999614,2.086533,-0.068137,0.380343,-0.908881,0.029680,-0.165675,-0.032644
sample,221,drone,5.523075,9.924417,-1.324090,3.009067,2.063691,-0.067392,0.376179,-0.918970,0.030010,-0.167514,-0.032644
sample,222,drone,5.548067,9.975704,-1.325765,3.018416,2.040601,-0.066637,0.371970,-0.928808,0.030331,-0.169307,-0.032644
sample,223,drone,5.573058,10.026411,-1.327421,3.027659,2.017267,-0.065876,0.367717,-0.938390,0.030644,-0.171054,-0.032644
sample,224,drone,5.598049,10.076532,-1.329057,3.036796,1.993698,-0.065106,0.363420,-0.947712,0.030948,-0.172753,-0.032644
sample,225,drone,5.623041,10.126061,-1.330675,3.045824,1.969898,-0.064329,0.359082,-0.956770,0.031244,-0.174404,-0.032644
sample,226,drone,5.648032,10.174993,-1.332273,3.054744,1.945876,-0.063544,0.354703,-0.965560,0.031531,-0.176007,-0.032644
sample,227,drone,5.673023,10.223321,-1.333851,3.063553,1.921637,-0.062753,0.350285,-0.974077,0.031809,-0.177559,-0.032644
sample,228,drone,5.698014,10.271041,-1.335409,3.072252,1.897189,-0.061954,0.345828,-0.982318,0.032078,-0.179061,-0.032644
sample,229,drone,5.723006,10.318148,-1.336947,3.080838,1.872538,-0.061149,0.341335,-0.990278,0.032338,-0.180512,-0.032644
sample,230,drone,5.747997,10.364635,-1.338466,3.089313,1.847692,-0.060338,0.336806,-0.997953,0.032589,-0.181911,-0.032644
sample,231,drone,5.772988,10.410500,-1.339963,3.097673,1.822658,-0.059520,0.332242,-1.005340,0.032830,-0.183258,-0.032644
sample,232,drone,5.797980,10.455737,-1.341441,3.105919,1.797443,-0.058697,0.327646,-1.012433,0.033062,-0.184551,-0.032644
sample,233,drone,5.822971,10.500341,-1.342897,3.114049,1.772054,-0.057868,0.323018,-1.019229,0.033284,-0.185790,-0.032644
sample,234,drone,5.847962,10.544308,-1.344333,3.122064,1.746499,-0.057033,0.318360,-1.025724,0.033496,-0.186974,-0.032644
sample,235,drone,5.872953,10.587635,-1.345748,3.129962,1.720786,-0.056194,0.313673,-1.031913,0.033698,-0.188102,-0.032644
sample,236,drone,5.897945,10.630318,-1.347142,3.137742,1.694921,-0.055349,0.308958,-1.037793,0.033890,-0.189174,-0.032644
sample,237,drone,5.922936,10.672352,-1.348514,3.145404,1.668914,-0.054500,0.304217,-1.043359,0.034072,-0.190188,-0.032644
sample,238,drone,5.947927,10.713734,-1.349866,3.152948,1.642772,-0.053646,0.299452,-1.048607,0.034243,-0.191145,-0.032644
sample,239,drone,5.972919,10.754462,-1.351196,3.160372,1.616502,-0.052788,0.294663,-1.053533,0.034404,-0.192043,-0.032644
sample,240,drone,5.997910,10.794531,-1.352504,3.167676,1.590113,-0.051926,0.289853,-1.058133,0.034554,-0.192881,-0.032644
sample,241,drone,6.022901,10.833940,-1.353791,3.174859,1.563614,-0.051061,0.285023,-1.062403,0.034694,-0.193660,-0.032644
sample,242,drone,6.047893,10.872685,-1.355056,3.181922,1.537012,-0.050192,0.280173,-1.066338,0.034822,-0.194377,-0.032644
sample,243,drone,6.072884,10.910764,-1.356300,3.188863,1.510315,-0.049321,0.275307,-1.069935,0.034940,-0.195033,-0.032644
sample,244,drone,6.097875,10.948174,-1.357522,3.195683,1.483533,-0.048446,0.270425,-1.073189,0.035046,-0.195626,-0.032644
sample,245,drone,6.122866,10.984914,-1.358721,3.202380,1.456675,-0.047569,0.265529,-1.076097,0.035141,-0.196156,-0.032644
sample,246,drone,6.147858,11.020983,-1.359899,3.208954,1.429747,-0.046690,0.260621,-1.078654,0.035224,-0.196622,-0.032644
sample,247,drone,6.172849,11.056377,-1.361055,3.215406,1.402761,-0.045808,0.255702,-1.080855,0.035296,-0.197023,-0.032644
sample,248,drone,6.197840,11.091096,-1.362189,3.221735,1.375723,-0.044925,0.250773,-1.082698,0.035356,-0.197359,-0.032644
sample,249,drone,6.222832,11.125139,-1.363300,3.227941,1.348645,-0.044041,0.245837,-1.084177,0.035405,-0.197629,-0.032644
sample,250,drone,6.247823,11.158505,-1.364390,3.234023,1.321533,-0.043156,0.240895,-1.085289,0.035441,-0.197831,-0.032644
sample,251,drone,6.272814,11.191193,-1.365457,3.239981,1.294399,-0.042270,0.235949,-1.086029,0.035465,-0.197966,-0.032644
sample,252,drone,6.297805,11.223202,-1.366503,3.245816,1.267251,-0.041383,0.231000,-1.086393,0.035477,-0.198033,-0.032644
sample,253,drone,6.322797,11.254533,-1.367526,3.251527,1.240098,-0.040496,0.226051,-1.086378,0.035477,-0.198030,-0.032644
sample,254,drone,6.347788,11.285186,-1.368527,3.257115,1.212951,-0.039610,0.221102,-1.085979,0.035464,-0.197957,-0.032644
sample,255,drone,6.372779,11.315160,-1.369506,3.262578,1.185818,-0.038724,0.216156,-1.085191,0.035438,-0.197814,-0.032644
sample,256,drone,6.397771,11.344456,-1.370462,3.267919,1.158710,-0.037839,0.211215,-1.084012,0.035399,-0.197599,-0.032644
sample,257,drone,6.422762,11.373075,-1.371397,3.273135,1.131637,-0.036955,0.206280,-1.082436,0.035348,-0.197311,-0.032644
sample,258,drone,6.447753,11.401018,-1.372310,3.278229,1.104607,-0.036072,0.201353,-1.080460,0.035283,-0.196951,-0.032644
sample,259,drone,6.472744,11.428286,-1.373200,3.283200,1.077632,-0.035191,0.196436,-1.078079,0.035206,-0.196517,-0.032644
sample,260,drone,6.497736,11.454881,-1.374068,3.288047,1.050722,-0.034312,0.191530,-1.075289,0.035114,-0.196009,-0.032644
sample,261,drone,6.522727,11.480804,-1.374915,3.292773,1.023887,-0.033436,0.186639,-1.072087,0.035010,-0.195425,-0.032644
sample,262,drone,6.547718,11.506057,-1.375740,3.297376,0.997137,-0.032562,0.181763,-1.068467,0.034892,-0.194765,-0.032644
sample,263,drone,6.572710,11.530643,-1.376543,3.301858,0.970482,-0.031692,0.176904,-1.064427,0.034760,-0.194028,-0.032644
sample,264,drone,6.597701,11.554565,-1.377324,3.306218,0.943934,-0.030825,0.172064,-1.059961,0.034614,-0.193214,-0.032644
sample,265,drone,6.622692,11.577824,-1.378083,3.310458,0.917502,-0.029962,0.167246,-1.055065,0.034454,-0.192322,-0.032644
sample,266,drone,6.647683,11.600424,-1.378821,3.314578,0.891199,-0.029103,0.162452,-1.049737,0.034280,-0.191351,-0.032644
sample,267,drone,6.672675,11.622368,-1.379538,3.318578,0.865034,-0.028248,0.157682,-1.043970,0.034092,-0.190300,-0.032644
sample,268,drone,6.697666,11.643660,-1.380233,3.322459,0.839019,-0.027399,0.152940,-1.037762,0.033889,-0.189168,-0.032644
sample,269,drone,6.722657,11.664304,-1.380907,3.326222,0.813164,-0.026555,0.148227,-1.031108,0.033672,-0.187955,-0.032644
sample,270,drone,6.747649,11.684304,-1.381560,3.329868,0.787481,-0.025716,0.143546,-1.024004,0.033440,-0.186660,-0.032644
sample,271,drone,6.772640,11.703665,-1.382193,3.333397,0.761981,-0.024883,0.138897,-1.016446,0.033193,-0.185282,-0.032644
sample,272,drone,6.797631,11.722390,-1.382804,3.336810,0.736676,-0.024057,0.134285,-1.008429,0.032931,-0.183821,-0.032644
sample,273,drone,6.822623,11.740486,-1.383395,3.340109,0.711578,-0.023237,0.129710,-0.999950,0.032654,-0.182275,-0.032644
sample,274,drone,6.847614,11.757957,-1.383966,3.343293,0.686696,-0.022425,0.125174,-0.991004,0.032362,-0.180645,-0.032644
sample,275,drone,6.872605,11.774809,-1.384516,3.346365,0.662045,-0.021620,0.120680,-0.981588,0.032055,-0.178928,-0.032644
sample,276,drone,6.897596,11.791047,-1.385046,3.349325,0.637634,-0.020822,0.116231,-0.971697,0.031732,-0.177125,-0.032644
sample,277,drone,6.922588,11.806679,-1.385557,3.352175,0.613477,-0.020034,0.111827,-0.961327,0.031393,-0.175235,-0.032644
sample,278,drone,6.947579,11.821711,-1.386048,3.354915,0.589584,-0.019253,0.107472,-0.950474,0.031039,-0.173257,-0.032644
sample,279,drone,6.972570,11.836148,-1.386519,3.357546,0.565970,-0.018482,0.103167,-0.939134,0.030668,-0.171190,-0.032644
sample,280,drone,6.997562,11.849999,-1.386971,3.360071,0.542644,-0.017720,0.098916,-0.927302,0.030282,-0.169033,-0.032644
sample,281,drone,7.022553,11.863271,-1.387405,3.362491,0.519621,-0.016969,0.094719,-0.914975,0.029879,-0.166786,-0.032644
sample,282,drone,7.047544,11.875971,-1.387819,3.364806,0.496911,-0.016227,0.090579,-0.902148,0.029460,-0.164448,-0.032644
sample,283,drone,7.072535,11.888108,-1.388216,3.367018,0.474529,-0.015496,0.086499,-0.888818,0.029025,-0.162018,-0.032644
sample,284,drone,7.097527,11.899689,-1.388594,3.369129,0.452486,-0.014776,0.082481,-0.874979,0.028573,-0.159495,-0.032644
sample,285,drone,7.122518,11.910724,-1.388954,3.371141,0.430795,-0.014068,0.078527,-0.860629,0.028105,-0.156879,-0.032644
sample,286,drone,7.147509,11.921222,-1.389297,3.373054,0.409469,-0.013372,0.074640,-0.845762,0.027619,-0.154169,-0.032644
sample,287,drone,7.172501,11.931191,-1.389623,3.374871,0.388522,-0.012687,0.070822,-0.830376,0.027117,-0.151365,-0.032644
sample,288,drone,7.197492,11.940641,-1.389931,3.376594,0.367965,-0.012016,0.067074,-0.814464,0.026597,-0.148464,-0.032644
sample,289,drone,7.222483,11.949582,-1.390223,3.378224,0.347813,-0.011358,0.063401,-0.798025,0.026060,-0.145468,-0.032644
sample,290,drone,7.247474,11.958025,-1.390499,3.379763,0.328078,-0.010714,0.059804,-0.781052,0.025506,-0.142374,-0.032644
sample,291,drone,7.272466,11.965981,-1.390759,3.381213,0.308774,-0.010083,0.056285,-0.763543,0.024934,-0.139182,-0.032644
sample,292,drone,7.297457,11.973459,-1.391003,3.382576,0.289914,-0.009467,0.052847,-0.745493,0.024345,-0.135892,-0.032644
sample,293,drone,7.322448,11.980471,-1.391232,3.383854,0.271512,-0.008866,0.049492,-0.726898,0.023737,-0.132502,-0.032644
sample,294,drone,7.347440,11.987030,-1.391446,3.385050,0.253582,-0.008281,0.046224,-0.707754,0.023112,-0.129013,-0.032644
sample,295,drone,7.372431,11.993146,-1.391646,3.386165,0.236137,-0.007711,0.043044,-0.688056,0.022469,-0.125422,-0.032644
sample,296,drone,7.397422,11.998832,-1.391832,3.387201,0.219191,-0.007158,0.039955,-0.667801,0.021808,-0.121730,-0.032644
sample,297,drone,7.422414,12.004102,-1.392004,3.388162,0.202758,-0.006621,0.036960,-0.646985,0.021128,-0.117935,-0.032644
sample,298,drone,7.447405,12.008967,-1.392163,3.389049,0.186853,-0.006102,0.034060,-0.625603,0.020430,-0.114038,-0.032644
sample,299,drone,7.472396,12.013441,-1.392309,3.389864,0.171489,-0.005600,0.031260,-0.603650,0.019713,-0.110036,-0.032644
sample,300,drone,7.497387,12.017538,-1.392442,3.390611,0.156681,-0.005117,0.028561,-0.581124,0.018977,-0.105930,-0.032644
sample,301,drone,7.522379,12.021272,-1.392564,3.391292,0.142443,-0.004652,0.025965,-0.558020,0.018223,-0.101718,-0.032644
sample,302,drone,7.547370,12.024658,-1.392675,3.391909,0.128790,-0.004206,0.023476,-0.534334,0.017449,-0.097401,-0.032644
sample,303,drone,7.572361,12.027710,-1.392775,3.392465,0.115736,-0.003779,0.021097,-0.510061,0.016656,-0.092976,-0.032644
sample,304,drone,7.597353,12.030443,-1.392864,3.392963,0.103295,-0.003373,0.018829,-0.485198,0.015845,-0.088444,-0.032644
sample,305,drone,7.622344,12.032873,-1.392943,3.393406,0.091484,-0.002987,0.016676,-0.459740,0.015013,-0.083803,-0.032644
sample,306,drone,7.647335,12.035015,-1.393013,3.393797,0.080316,-0.002623,0.014640,-0.433683,0.014162,-0.079054,-0.032644
sample,307,drone,7.672326,12.036887,-1.393074,3.394138,0.069808,-0.002280,0.012725,-0.407024,0.013292,-0.074194,-0.032644
sample,308,drone,7.697318,12.038504,-1.393127,3.394433,0.059972,-0.001958,0.010932,-0.379757,0.012401,-0.069224,-0.032644
sample,309,drone,7.722309,12.039885,-1.393172,3.394684,0.050826,-0.001660,0.009265,-0.351880,0.011491,-0.064142,-0.032644
sample,310,drone,7.747300,12.041045,-1.393210,3.394896,0.042385,-0.001384,0.007726,-0.323387,0.010560,-0.058948,-0.032644
sample,311,drone,7.772292,12.042003,-1.393241,3.395071,0.034663,-0.001132,0.006318,-0.294275,0.009610,-0.053642,-0.032644
sample,312,drone,7.797283,12.042777,-1.393267,3.395212,0.027676,-0.000904,0.005045,-0.264539,0.008639,-0.048221,-0.032644
sample,313,drone,7.822274,12.043386,-1.393287,3.395323,0.021440,-0.000700,0.003908,-0.234175,0.007647,-0.042687,-0.032644
sample,314,drone,7.847265,12.043849,-1.393302,3.395407,0.015971,-0.000522,0.002911,-0.203180,0.006635,-0.037037,-0.032644
sample,315,drone,7.872257,12.044185,-1.393313,3.395468,0.011285,-0.000369,0.002057,-0.171549,0.005602,-0.031271,-0.032644
sample,316,drone,7.897248,12.044413,-1.393320,3.395510,0.007397,-0.000242,0.001348,-0.139277,0.004548,-0.025388,-0.032644
sample,317,drone,7.922239,12.044554,-1.393325,3.395536,0.004323,-0.000141,0.000788,-0.106362,0.003473,-0.019388,-0.032644
sample,318,drone,7.947231,12.044629,-1.393327,3.395549,0.002081,-0.000068,0.000379,-0.072798,0.002377,-0.013270,-0.032644
sample,319,drone,7.972222,12.044658,-1.393328,3.395555,0.000685,-0.000022,0.000125,-0.040755,0.001182,-0.007375,-0.032644
sample,320,drone,7.997213,12.044663,-1.393328,3.395556,0.000043,-0.000009,0.000011,-0.024568,-0.000618,-0.003960,-0.200898
sample,321,drone,8.022205,12.044661,-1.393329,3.395555,-0.000543,-0.000053,-0.000073,-0.038432,-0.003504,-0.005268,-3.043867
sample,322,drone,8.047196,12.044636,-1.393331,3.395552,-0.001877,-0.000184,-0.000253,-0.072180,-0.007074,-0.009714,-3.043891
sample,323,drone,8.072187,12.044567,-1.393338,3.395543,-0.004151,-0.000407,-0.000559,-0.109376,-0.010720,-0.014720,-3.043891
sample,324,drone,8.097178,12.044429,-1.393351,3.395524,-0.007344,-0.000720,-0.000988,-0.145781,-0.014288,-0.019620,-3.043891
sample,325,drone,8.122170,12.044200,-1.393374,3.395493,-0.011438,-0.001121,-0.001539,-0.181394,-0.017779,-0.024413,-3.043891
sample,326,drone,8.147161,12.043857,-1.393407,3.395447,-0.016411,-0.001608,-0.002209,-0.216222,-0.021193,-0.029100,-3.043891
sample,327,drone,8.172152,12.043379,-1.393454,3.395383,-0.022245,-0.002180,-0.002994,-0.250271,-0.024530,-0.033683,-3.043891
sample,328,drone,8.197144,12.042745,-1.393516,3.395297,-0.028920,-0.002835,-0.003892,-0.283545,-0.027791,-0.038161,-3.043891
sample,329,drone,8.222135,12.041934,-1.393596,3.395188,-0.036417,-0.003569,-0.004901,-0.316051,-0.030977,-0.042536,-3.043891
sample,330,drone,8.247126,12.040925,-1.393695,3.395052,-0.044717,-0.004383,-0.006018,-0.347793,-0.034088,-0.046808,-3.043891
sample,331,drone,8.272117,12.039699,-1.393815,3.394887,-0.053801,-0.005273,-0.007241,-0.378779,-0.037125,-0.050978,-3.043891
sample,332,drone,8.297109,12.038236,-1.393958,3.394691,-0.063649,-0.006238,-0.008566,-0.409013,-0.040089,-0.055047,-3.043891
sample,333,drone,8.322100,12.036517,-1.394127,3.394459,-0.074244,-0.007277,-0.009992,-0.438501,-0.042979,-0.059016,-3.043891
sample,334,drone,8.347091,12.034525,-1.394322,3.394191,-0.085567,-0.008387,-0.011516,-0.467249,-0.045797,-0.062885,-3.043891
sample,335,drone,8.372083,12.032241,-1.394546,3.393884,-0.097599,-0.009566,-0.013135,-0.495262,-0.048542,-0.066655,-3.043891
sample,336,drone,8.397074,12.029647,-1.394800,3.393535,-0.110321,-0.010813,-0.014848,-0.522547,-0.051217,-0.070327,-3.043891
sample,337,drone,8.422065,12.026726,-1.395086,3.393142,-0.123717,-0.012126,-0.016651,-0.549107,-0.053820,-0.073902,-3.043891
sample,338,drone,8.447056,12.023463,-1.395406,3.392702,-0.137767,-0.013503,-0.018541,-0.574950,-0.056353,-0.077380,-3.043891
sample,339,drone,8.472048,12.019840,-1.395761,3.392215,-0.152454,-0.014943,-0.020518,-0.600081,-0.058816,-0.080762,-3.043891
sample,340,drone,8.497039,12.015843,-1.396153,3.391677,-0.167761,-0.016443,-0.022578,-0.624505,-0.061210,-0.084049,-3.043891
sample,341,drone,8.522030,12.011455,-1.396583,3.391086,-0.183669,-0.018002,-0.024719,-0.648228,-0.063535,-0.087242,-3.043891
sample,342,drone,8.547022,12.006663,-1.397053,3.390441,-0.200161,-0.019618,-0.026939,-0.671256,-0.065792,-0.090341,-3.043891
sample,343,drone,8.572013,12.001451,-1.397564,3.389740,-0.217220,-0.021290,-0.029235,-0.693595,-0.067981,-0.093348,-3.043891
sample,344,drone,8.597004,11.995806,-1.398117,3.388980,-0.234829,-0.023016,-0.031605,-0.715249,-0.070104,-0.096262,-3.043891
sample,345,drone,8.621996,11.989713,-1.398714,3.388160,-0.252970,-0.024794,-0.034046,-0.736225,-0.072160,-0.099085,-3.043891
sample,346,drone,8.646987,11.983161,-1.399356,3.387278,-0.271627,-0.026623,-0.036557,-0.756528,-0.074150,-0.101818,-3.043891
sample,347,drone,8.671978,11.976137,-1.400045,3.386333,-0.290783,-0.028501,-0.039135,-0.776164,-0.076074,-0.104461,-3.043891
sample,348,drone,8.696969,11.968627,-1.400781,3.385322,-0.310422,-0.030425,-0.041778,-0.795138,-0.077934,-0.107014,-3.043891
sample,349,drone,8.721961,11.960621,-1.401566,3.384245,-0.330526,-0.032396,-0.044484,-0.813457,-0.079730,-0.109480,-3.043891
sample,350,drone,8.746952,11.952107,-1.402400,3.383099,-0.351080,-0.034411,-0.047250,-0.831125,-0.081461,-0.111858,-3.043891
sample,351,drone,8.771943,11.943073,-1.403285,3.381883,-0.372068,-0.036468,-0.050075,-0.848149,-0.083130,-0.114149,-3.043891
sample,352,drone,8.796935,11.933510,-1.404223,3.380596,-0.393473,-0.038566,-0.052956,-0.864534,-0.084736,-0.116354,-3.043891
sample,353,drone,8.821926,11.923406,-1.405213,3.379236,-0.415280,-0.040703,-0.055891,-0.880285,-0.086280,-0.118474,-3.043891
sample,354,drone,8.846917,11.912753,-1.406257,3.377802,-0.437472,-0.042878,-0.058877,-0.895409,-0.087762,-0.120509,-3.043891
sample,355,drone,8.871908,11.901540,-1.407356,3.376293,-0.460034,-0.045089,-0.061914,-0.909911,-0.089183,-0.122461,-3.043891
sample,356,drone,8.896900,11.889759,-1.408511,3.374708,-0.482952,-0.047336,-0.064998,-0.923796,-0.090544,-0.124330,-3.043891
sample,357,drone,8.921891,11.877401,-1.409722,3.373044,-0.506208,-0.049615,-0.068128,-0.937070,-0.091845,-0.126116,-3.043891
sample,358,drone,8.946882,11.864458,-1.410991,3.371302,-0.529789,-0.051926,-0.071302,-0.949739,-0.093087,-0.127821,-3.043891
sample,359,drone,8.971874,11.850921,-1.412318,3.369481,-0.553679,-0.054268,-0.074517,-0.961809,-0.094270,-0.129446,-3.043891
sample,360,drone,8.996865,11.836784,-1.413703,3.367578,-0.577862,-0.056638,-0.077772,-0.973284,-0.095395,-0.130990,-3.043891
sample,361,drone,9.021856,11.822038,-1.415149,3.365593,-0.602326,-0.059036,-0.081064,-0.984172,-0.096462,-0.132455,-3.043891
sample,362,drone,9.046847,11.806678,-1.416654,3.363526,-0.627054,-0.061460,-0.084392,-0.994476,-0.097472,-0.133842,-3.043891
sample,363,drone,9.071839,11.790696,-1.418220,3.361375,-0.652032,-0.063908,-0.087754,-1.004204,-0.098425,-0.135151,-3.043891
sample,364,drone,9.096830,11.774087,-1.419848,3.359140,-0.677247,-0.066379,-0.091148,-1.013360,-0.099323,-0.136384,-3.043891
sample,365,drone,9.121821,11.756846,-1.421538,3.356819,-0.702683,-0.068872,-0.094571,-1.021950,-0.100165,-0.137540,-3.043891
sample,366,drone,9.146813,11.738966,-1.423291,3.354413,-0.728326,-0.071386,-0.098022,-1.029980,-0.100952,-0.138621,-3.043891
sample,367,drone,9.171804,11.720442,-1.425106,3.351920,-0.754164,-0.073918,-0.101500,-1.037456,-0.101684,-0.139627,-3.043891
sample,368,drone,9.196795,11.701271,-1.426985,3.349340,-0.780181,-0.076468,-0.105001,-1.044382,-0.102363,-0.140559,-3.043891
sample,369,drone,9.221787,11.681447,-1.428928,3.346672,-0.806365,-0.079034,-0.108525,-1.050766,-0.102989,-0.141418,-3.043891
sample,370,drone,9.246778,11.660966,-1.430936,3.343915,-0.832701,-0.081616,-0.112070,-1.056611,-0.103562,-0.142205,-3.043891
sample,371,drone,9.271769,11.639826,-1.433008,3.341070,-0.859177,-0.084211,-0.115633,-1.061925,-0.104083,-0.142920,-3.043891
sample,372,drone,9.296760,11.618022,-1.435145,3.338136,-0.885779,-0.086818,-0.119213,-1.066712,-0.104552,-0.143564,-3.043891
sample,373,drone,9.321752,11.595553,-1.437347,3.335112,-0.912494,-0.089437,-0.122809,-1.070979,-0.104970,-0.144138,-3.043891
sample,374,drone,9.346743,11.572414,-1.439615,3.331998,-0.939309,-0.092065,-0.126418,-1.074730,-0.105338,-0.144643,-3.043891
sample,375,drone,9.371734,11.548603,-1.441949,3.328793,-0.966212,-0.094702,-0.130038,-1.077972,-0.105656,-0.145080,-3.043891
sample,376,drone,9.396726,11.524120,-1.444348,3.325498,-0.993189,-0.097346,-0.133669,-1.080710,-0.105924,-0.145448,-3.043891
sample,377,drone,9.421717,11.498961,-1.446814,3.322112,-1.020228,-0.099996,-0.137308,-1.082950,-0.106143,-0.145750,-3.043891
sample,378,drone,9.446708,11.473126,-1.449346,3.318635,-1.047317,-0.102651,-0.140954,-1.084697,-0.106315,-0.145985,-3.043891
sample,379,drone,9.471699,11.446614,-1.451945,3.315067,-1.074444,-0.105310,-0.144605,-1.085957,-0.106438,-0.146154,-3.043891
sample,380,drone,9.496691,11.419423,-1.454610,3.311407,-1.101596,-0.107971,-0.148259,-1.086736,-0.106515,-0.146259,-3.043891
sample,381,drone,9.521682,11.391553,-1.457342,3.307656,-1.128762,-0.110634,-0.151915,-1.087039,-0.106544,-0.146300,-3.043891
sample,382,drone,9.546673,11.363004,-1.460140,3.303814,-1.155929,-0.113296,-0.155572,-1.086872,-0.106528,-0.146277,-3.043891
sample,383,drone,9.571665,11.333777,-1.463005,3.299880,-1.183087,-0.115958,-0.159227,-1.086241,-0.106466,-0.146192,-3.043891
sample,384,drone,9.596656,11.303871,-1.465936,3.295855,-1.210223,-0.118618,-0.162879,-1.085150,-0.106359,-0.146046,-3.043891
sample,385,drone,9.621647,11.273287,-1.468933,3.291739,-1.237325,-0.121274,-0.166526,-1.083607,-0.106208,-0.145838,-3.043891
sample,386,drone,9.646638,11.242026,-1.471997,3.287532,-1.264384,-0.123926,-0.170168,-1.081616,-0.106013,-0.145570,-3.043891
sample,387,drone,9.671630,11.210090,-1.475128,3.283234,-1.291387,-0.126573,-0.173802,-1.079183,-0.105774,-0.145243,-3.043891
sample,388,drone,9.696621,11.177479,-1.478324,3.278845,-1.318324,-0.129213,-0.177428,-1.076313,-0.105493,-0.144856,-3.043891
sample,389,drone,9.721612,11.144196,-1.481586,3.274366,-1.345184,-0.131846,-0.181043,-1.073013,-0.105170,-0.144412,-3.043891
sample,390,drone,9.746604,11.110243,-1.484914,3.269796,-1.371956,-0.134470,-0.184646,-1.069288,-0.104804,-0.143911,-3.043891
sample,391,drone,9.771595,11.075622,-1.488307,3.265137,-1.398630,-0.137084,-0.188236,-1.065144,-0.104398,-0.143353,-3.043891
sample,392,drone,9.796586,11.040336,-1.491766,3.260387,-1.425195,-0.139688,-0.191811,-1.060585,-0.103951,-0.142740,-3.043891
sample,393,drone,9.821577,11.004387,-1.495289,3.255549,-1.451641,-0.142280,-0.195370,-1.055619,-0.103465,-0.142071,-3.043891
sample,394,drone,9.846569,10.967779,-1.498877,3.250622,-1.477957,-0.144859,-0.198912,-1.050250,-0.102938,-0.141349,-3.043891
sample,395,drone,9.871560,10.930515,-1.502530,3.245607,-1.504135,-0.147425,-0.202435,-1.044484,-0.102373,-0.140573,-3.043891
sample,396,drone,9.896551,10.892599,-1.506246,3.240504,-1.530163,-0.149976,-0.205938,-1.038326,-0.101770,-0.139744,-3.043891
sample,397,drone,9.921543,10.854034,-1.510026,3.235314,-1.556033,-0.152512,-0.209420,-1.031784,-0.101129,-0.138863,-3.043891
sample,398,drone,9.946534,10.814824,-1.513869,3.230037,-1.581735,-0.155031,-0.212879,-1.024861,-0.100450,-0.137932,-3.043891
sample,399,drone,9.971525,10.774975,-1.517775,3.224674,-1.607258,-0.157533,-0.216314,-1.017563,-0.099735,-0.136949,-3.043891
sample,400,drone,9.996517,10.734489,-1.521743,3.219225,-1.632595,-0.160016,-0.219724,-1.009897,-0.098983,-0.135918,-3.043891
sample,401,drone,10.021508,10.693373,-1.525773,3.213691,-1.657736,-0.162480,-0.223107,-1.001868,-0.098196,-0.134837,-3.043891
sample,402,drone,10.046499,10.651631,-1.529864,3.208073,-1.682671,-0.164924,-0.226463,-0.993481,-0.097374,-0.133708,-3.043891
sample,403,drone,10.071490,10.609269,-1.534016,3.202372,-1.707392,-0.167347,-0.229791,-0.984743,-0.096518,-0.132532,-3.043891
sample,404,drone,10.096482,10.566292,-1.538228,3.196588,-1.731891,-0.169748,-0.233088,-0.975658,-0.095627,-0.131310,-3.043891
sample,405,drone,10.121473,10.522705,-1.542500,3.190722,-1.756158,-0.172127,-0.236354,-0.966232,-0.094704,-0.130041,-3.043891
sample,406,drone,10.146464,10.478514,-1.546832,3.184774,-1.780186,-0.174482,-0.239588,-0.956472,-0.093747,-0.128727,-3.043891
sample,407,drone,10.171456,10.433726,-1.551222,3.178747,-1.803965,-0.176813,-0.242788,-0.946382,-0.092758,-0.127370,-3.043891
sample,408,drone,10.196447,10.388347,-1.555669,3.172639,-1.827489,-0.179118,-0.245954,-0.935969,-0.091737,-0.125968,-3.043891
sample,409,drone,10.221438,10.342384,-1.560174,3.166453,-1.850747,-0.181398,-0.249084,-0.925237,-0.090686,-0.124524,-3.043891
sample,410,drone,10.246429,10.295842,-1.564736,3.160189,-1.873734,-0.183651,-0.252178,-0.914193,-0.089603,-0.123037,-3.043891
sample,411,drone,10.271421,10.248730,-1.569354,3.153849,-1.896441,-0.185876,-0.255234,-0.902842,-0.088491,-0.121510,-3.043891
sample,412,drone,10.296412,10.201053,-1.574027,3.147432,-1.918861,-0.188074,-0.258251,-0.891190,-0.087348,-0.119941,-3.043891
sample,413,drone,10.321403,10.152820,-1.578754,3.140941,-1.940985,-0.190242,-0.261229,-0.879242,-0.086177,-0.118333,-3.043891
sample,414,drone,10.346395,10.104038,-1.583535,3.134375,-1.962807,-0.192381,-0.264166,-0.867005,-0.084978,-0.116686,-3.043891
sample,415,drone,10.371386,10.054714,-1.588370,3.127737,-1.984320,-0.194490,-0.267061,-0.854483,-0.083751,-0.115001,-3.043891
sample,416,drone,10.396377,10.004856,-1.593256,3.121027,-2.005517,-0.196567,-0.269914,-0.841682,-0.082496,-0.113278,-3.043891
sample,417,drone,10.421368,9.954473,-1.598195,3.114246,-2.026390,-0.198613,-0.272723,-0.828608,-0.081215,-0.111519,-3.043891
sample,418,drone,10.446360,9.903572,-1.603184,3.107395,-2.046933,-0.200627,-0.275488,-0.815267,-0.079907,-0.109723,-3.043891
sample,419,drone,10.471351,9.852162,-1.608223,3.100476,-2.067139,-0.202607,-0.278207,-0.801664,-0.078574,-0.107893,-3.043891
sample,420,drone,10.496342,9.800251,-1.613310,3.093490,-2.087002,-0.204554,-0.280881,-0.787805,-0.077215,-0.106027,-3.043891
sample,421,drone,10.521334,9.747848,-1.618447,3.086437,-2.106515,-0.206467,-0.283507,-0.773696,-0.075832,-0.104128,-3.043891
sample,422,drone,10.546325,9.694962,-1.623630,3.079319,-2.125673,-0.208344,-0.286085,-0.759341,-0.074426,-0.102196,-3.043891
sample,423,drone,10.571316,9.641602,-1.628860,3.072138,-2.144469,-0.210186,-0.288615,-0.744747,-0.072995,-0.100232,-3.043891
sample,424,drone,10.596308,9.587776,-1.634136,3.064894,-2.162898,-0.211993,-0.291095,-0.729920,-0.071542,-0.098237,-3.043891
sample,425,drone,10.621299,9.533494,-1.639456,3.057588,-2.180953,-0.213762,-0.293525,-0.714864,-0.070066,-0.096210,-3.043891
sample,426,drone,10.646290,9.478766,-1.644820,3.050223,-2.198628,-0.215495,-0.295904,-0.699586,-0.068569,-0.094154,-3.043891
sample,427,drone,10.671281,9.423601,-1.650227,3.042798,-2.215920,-0.217190,-0.298231,-0.684092,-0.067050,-0.092069,-3.043891
sample,428,drone,10.696273,9.368009,-1.655676,3.035316,-2.232821,-0.218846,-0.300506,-0.668386,-0.065511,-0.089955,-3.043891
sample,429,drone,10.721264,9.311999,-1.661166,3.027778,-2.249327,-0.220464,-0.302727,-0.652475,-0.063951,-0.087814,-3.043891
sample,430,drone,10.746255,9.255582,-1.666695,3.020185,-2.265433,-0.222043,-0.304895,-0.636363,-0.062372,-0.085645,-3.043891
sample,431,drone,10.771247,9.198767,-1.672264,3.012539,-2.281134,-0.223581,-0.307008,-0.620058,-0.060774,-0.083451,-3.043891
sample,432,drone,10.796238,9.141565,-1.677871,3.004840,-2.296426,-0.225080,-0.309066,-0.603564,-0.059157,-0.081231,-3.043891
sample,433,drone,10.821229,9.083986,-1.683514,2.997091,-2.311302,-0.226538,-0.311068,-0.586887,-0.057523,-0.078987,-3.043891
sample,434,drone,10.846220,9.026040,-1.689193,2.989292,-2.325760,-0.227955,-0.313014,-0.570033,-0.055871,-0.076718,-3.043891
sample,435,drone,10.871212,8.967738,-1.694908,2.981445,-2.339794,-0.229331,-0.314903,-0.553006,-0.054202,-0.074427,-3.043891
sample,436,drone,10.896203,8.909091,-1.700656,2.973552,-2.353400,-0.230665,-0.316734,-0.535814,-0.052517,-0.072113,-3.043891
sample,437,drone,10.921194,8.850109,-1.706437,2.965614,-2.366575,-0.231956,-0.318507,-0.518462,-0.050816,-0.069778,-3.043891
sample,438,drone,10.946186,8.790803,-1.712250,2.957633,-2.379314,-0.233204,-0.320222,-0.500954,-0.049100,-0.067421,-3.043891
sample,439,drone,10.971177,8.731185,-1.718093,2.949609,-2.391614,-0.234410,-0.321877,-0.483297,-0.047370,-0.065045,-3.043891
sample,440,drone,10.996168,8.671264,-1.723966,2.941544,-2.403471,-0.235572,-0.323473,-0.465497,-0.045625,-0.062649,-3.043891
sample,441,drone,11.021159,8.611053,-1.729868,2.933441,-2.414881,-0.236690,-0.325008,-0.447559,-0.043867,-0.060235,-3.043891
sample,442,drone,11.046151,8.550562,-1.735797,2.925300,-2.425841,-0.237765,-0.326483,-0.429488,-0.042096,-0.057803,-3.043891
sample,443,drone,11.071142,8.489803,-1.741752,2.917122,-2.436348,-0.238794,-0.327898,-0.411291,-0.040312,-0.055354,-3.043891
sample,444,drone,11.096133,8.428787,-1.747732,2.908910,-2.446398,-0.239780,-0.329250,-0.392973,-0.038517,-0.052889,-3.043891
sample,445,drone,11.121125,8.367526,-1.753737,2.900666,-2.455990,-0.240720,-0.330541,-0.374539,-0.036710,-0.050408,-3.043891
sample,446,drone,11.146116,8.306031,-1.759764,2.892389,-2.465119,-0.241614,-0.331770,-0.355996,-0.034892,-0.047912,-3.043891
sample,447,drone,11.171107,8.244313,-1.765813,2.884083,-2.473783,-0.242464,-0.332936,-0.337348,-0.033065,-0.045402,-3.043891
sample,448,drone,11.196099,8.182385,-1.771883,2.875748,-2.481980,-0.243267,-0.334039,-0.318602,-0.031227,-0.042879,-3.043891
sample,449,drone,11.221090,8.120257,-1.777972,2.867387,-2.489708,-0.244024,-0.335079,-0.299762,-0.029381,-0.040344,-3.043891
sample,450,drone,11.246081,8.057943,-1.784080,2.859000,-2.496963,-0.244736,-0.336056,-0.280836,-0.027526,-0.037797,-3.043891
sample,451,drone,11.271072,7.995453,-1.790205,2.850590,-2.503745,-0.245400,-0.336968,-0.261828,-0.025663,-0.035238,-3.043891
sample,452,drone,11.296064,7.932799,-1.796346,2.842157,-2.510050,-0.246018,-0.337817,-0.242744,-0.023792,-0.032670,-3.043891
sample,453,drone,11.321055,7.869994,-1.802501,2.833705,-2.515878,-0.246589,-0.338601,-0.223589,-0.021915,-0.030092,-3.043891
sample,454,drone,11.346046,7.807049,-1.808671,2.825233,-2.521226,-0.247114,-0.339321,-0.204370,-0.020031,-0.027505,-3.043891
sample,455,drone,11.371038,7.743976,-1.814853,2.816745,-2.526093,-0.247591,-0.339976,-0.185092,-0.018141,-0.024911,-3.043891
sample,456,drone,11.396029,7.680788,-1.821046,2.808240,-2.530477,-0.248020,-0.340566,-0.165760,-0.016247,-0.022309,-3.043891
sample,457,drone,11.421020,7.617497,-1.827249,2.799722,-2.534378,-0.248403,-0.341091,-0.146380,-0.014347,-0.019701,-3.043891
sample,458,drone,11.446011,7.554114,-1.833462,2.791192,-2.537793,-0.248737,-0.341551,-0.126958,-0.012444,-0.017087,-3.043891
sample,459,drone,11.471003,7.490651,-1.839682,2.782651,-2.540723,-0.249025,-0.341945,-0.107499,-0.010536,-0.014468,-3.043891
sample,460,drone,11.495994,7.427122,-1.845909,2.774101,-2.543167,-0.249264,-0.342274,-0.088010,-0.008626,-0.011845,-3.043891
sample,461,drone,11.520985,7.363537,-1.852141,2.765543,-2.545122,-0.249456,-0.342537,-0.068495,-0.006713,-0.009218,-3.043891
sample,462,drone,11.545977,7.299910,-1.858377,2.756980,-2.546590,-0.249600,-0.342735,-0.048960,-0.004799,-0.006589,-3.043891
sample,463,drone,11.570968,7.236252,-1.864616,2.748412,-2.547569,-0.249696,-0.342866,-0.029411,-0.002883,-0.003958,-3.043891
sample,464,drone,11.595959,7.172576,-1.870858,2.739842,-2.548060,-0.249744,-0.342932,-0.009854,-0.000966,-0.001326,-3.043891
sample,465,drone,11.620950,7.108893,-1.877099,2.731272,-2.548062,-0.249744,-0.342933,0.009706,0.000951,0.001306,-3.043891
sample,466,drone,11.645942,7.045217,-1.883340,2.722702,-2.547575,-0.249696,-0.342867,0.029263,0.002868,0.003938,-3.043891
sample,467,drone,11.670933,6.981559,-1.889580,2.714134,-2.546599,-0.249601,-0.342736,0.048812,0.004784,0.006569,-3.043891
sample,468,drone,11.695924,6.917931,-1.895816,2.705571,-2.545135,-0.249457,-0.342539,0.068347,0.006699,0.009199,-3.043891
sample,469,drone,11.720916,6.854347,-1.902048,2.697013,-2.543183,-0.249266,-0.342276,0.087862,0.008612,0.011825,-3.043891
sample,470,drone,11.745907,6.790817,-1.908275,2.688463,-2.540744,-0.249027,-0.341948,0.107352,0.010522,0.014448,-3.043891
sample,471,drone,11.770898,6.727354,-1.914495,2.679922,-2.537818,-0.248740,-0.341554,0.126811,0.012429,0.017067,-3.043891
sample,472,drone,11.795890,6.663970,-1.920708,2.671391,-2.534405,-0.248405,-0.341095,0.146233,0.014333,0.019681,-3.043891
sample,473,drone,11.820881,6.600677,-1.926911,2.662873,-2.530508,-0.248023,-0.340570,0.165613,0.016232,0.022289,-3.043891
sample,474,drone,11.845872,6.537489,-1.933105,2.654369,-2.526128,-0.247594,-0.339981,0.184945,0.018127,0.024891,-3.043891
sample,475,drone,11.870863,6.474415,-1.939287,2.645880,-2.521264,-0.247117,-0.339326,0.204224,0.020017,0.027486,-3.043891
sample,476,drone,11.895855,6.411469,-1.945456,2.637408,-2.515920,-0.246594,-0.338607,0.223444,0.021900,0.030072,-3.043891
sample,477,drone,11.920846,6.348663,-1.951612,2.628955,-2.510096,-0.246023,-0.337823,0.242599,0.023778,0.032650,-3.043891
sample,478,drone,11.945837,6.286008,-1.957753,2.620523,-2.503794,-0.245405,-0.336975,0.261683,0.025648,0.035219,-3.043891
sample,479,drone,11.970829,6.223517,-1.963878,2.612113,-2.497016,-0.244741,-0.336063,0.280692,0.027512,0.037777,-3.043891
sample,480,drone,11.995820,6.161201,-1.969986,2.603726,-2.489765,-0.244030,-0.335087,0.299619,0.029367,0.040324,-3.043891
sample,481,drone,12.020811,6.099072,-1.976075,2.595364,-2.482041,-0.243273,-0.334047,0.318459,0.031213,0.042860,-3.043891
sample,482,drone,12.045802,6.037142,-1.982145,2.587029,-2.473847,-0.242470,-0.332944,0.337206,0.033051,0.045383,-3.043891
sample,483,drone,12.070794,5.975423,-1.988195,2.578723,-2.465186,-0.241621,-0.331779,0.355854,0.034878,0.047893,-3.043891
sample,484,drone,12.095785,5.913926,-1.994222,2.570446,-2.456061,-0.240727,-0.330551,0.374399,0.036696,0.050389,-3.043891
sample,485,drone,12.120776,5.852662,-2.000227,2.562201,-2.446473,-0.239787,-0.329260,0.392833,0.038503,0.052870,-3.043891
sample,486,drone,12.145768,5.791645,-2.006207,2.553989,-2.436426,-0.238802,-0.327908,0.411153,0.040298,0.055335,-3.043891
sample,487,drone,12.170759,5.730884,-2.012163,2.545811,-2.425922,-0.237773,-0.326494,0.429351,0.042082,0.057784,-3.043891
sample,488,drone,12.195750,5.670391,-2.018092,2.537670,-2.414966,-0.236699,-0.325020,0.447422,0.043853,0.060217,-3.043891
sample,489,drone,12.220741,5.610177,-2.023993,2.529566,-2.403559,-0.235581,-0.323485,0.465362,0.045612,0.062631,-3.043891
sample,490,drone,12.245733,5.550255,-2.029867,2.521501,-2.391706,-0.234419,-0.321889,0.483163,0.047356,0.065027,-3.043891
sample,491,drone,12.270724,5.490634,-2.035710,2.513477,-2.379409,-0.233214,-0.320234,0.500821,0.049087,0.067403,-3.043891
sample,492,drone,12.295715,5.431326,-2.041523,2.505495,-2.366673,-0.231965,-0.318520,0.518329,0.050803,0.069760,-3.043891
sample,493,drone,12.320707,5.372341,-2.047305,2.497557,-2.353502,-0.230674,-0.316748,0.535683,0.052504,0.072095,-3.043891
sample,494,drone,12.345698,5.313692,-2.053053,2.489663,-2.339899,-0.229341,-0.314917,0.552877,0.054189,0.074409,-3.043891
sample,495,drone,12.370689,5.255387,-2.058768,2.481816,-2.325868,-0.227966,-0.313028,0.569904,0.055858,0.076701,-3.043891
sample,496,drone,12.395681,5.197439,-2.064447,2.474017,-2.311413,-0.226549,-0.311083,0.586760,0.057510,0.078969,-3.043891
sample,497,drone,12.420672,5.139857,-2.070091,2.466267,-2.296540,-0.225091,-0.309081,0.603438,0.059145,0.081214,-3.043891
sample,498,drone,12.445663,5.082652,-2.075698,2.458568,-2.281252,-0.223593,-0.307024,0.619934,0.060762,0.083434,-3.043891
sample,499,drone,12.470654,5.025834,-2.081267,2.450922,-2.265554,-0.222054,-0.304911,0.636240,0.062360,0.085629,-3.043891
sample,500,drone,12.495646,4.969413,-2.086797,2.443328,-2.249451,-0.220476,-0.302744,0.652353,0.063939,0.087797,-3.043891
sample,501,drone,12.520637,4.913400,-2.092287,2.435790,-2.232948,-0.218859,-0.300523,0.668266,0.065499,0.089939,-3.043891
sample,502,drone,12.545628,4.857805,-2.097736,2.428307,-2.216049,-0.217202,-0.298249,0.683973,0.067038,0.092053,-3.043891
sample,503,drone,12.570620,4.802637,-2.103143,2.420882,-2.198761,-0.215508,-0.295922,0.699470,0.068557,0.094139,-3.043891
sample,504,drone,12.595611,4.747905,-2.108508,2.413516,-2.181088,-0.213776,-0.293543,0.714749,0.070055,0.096195,-3.043891
sample,505,drone,12.620602,4.693620,-2.113828,2.406210,-2.163036,-0.212006,-0.291114,0.729806,0.071531,0.098221,-3.043891
sample,506,drone,12.645593,4.639791,-2.119104,2.398966,-2.144610,-0.210200,-0.288634,0.744636,0.072984,0.100217,-3.043891
sample,507,drone,12.670585,4.586427,-2.124335,2.391784,-2.125817,-0.208358,-0.286105,0.759231,0.074415,0.102182,-3.043891
sample,508,drone,12.695576,4.533537,-2.129518,2.384666,-2.106662,-0.206481,-0.283527,0.773588,0.075822,0.104114,-3.043891
sample,509,drone,12.720567,4.481131,-2.134655,2.377612,-2.087151,-0.204569,-0.280901,0.787699,0.077205,0.106013,-3.043891
sample,510,drone,12.745559,4.429216,-2.139743,2.370625,-2.067291,-0.202622,-0.278228,0.801560,0.078564,0.107879,-3.043891
sample,511,drone,12.770550,4.377802,-2.144783,2.363706,-2.047087,-0.200642,-0.275509,0.815165,0.079897,0.109710,-3.043891
sample,512,drone,12.795541,4.326897,-2.149772,2.356855,-2.026547,-0.198629,-0.272744,0.828508,0.081205,0.111505,-3.043891
sample,513,drone,12.820532,4.276510,-2.154711,2.350073,-2.005676,-0.196583,-0.269935,0.841584,0.082486,0.113265,-3.043891
sample,514,drone,12.845524,4.226648,-2.159598,2.343363,-1.984482,-0.194506,-0.267083,0.854387,0.083741,0.114988,-3.043891
sample,515,drone,12.870515,4.177320,-2.164432,2.336724,-1.962972,-0.192397,-0.264188,0.866911,0.084969,0.116674,-3.043891
sample,516,drone,12.895506,4.128534,-2.169214,2.330158,-1.941152,-0.190259,-0.261251,0.879151,0.086168,0.118321,-3.043891
sample,517,drone,12.920498,4.080297,-2.173942,2.323666,-1.919030,-0.188090,-0.258274,0.891101,0.087340,0.119929,-3.043891
sample,518,drone,12.945489,4.032616,-2.178615,2.317249,-1.896612,-0.185893,-0.255257,0.902755,0.088482,0.121498,-3.043891
sample,519,drone,12.970480,3.985499,-2.183233,2.310907,-1.873908,-0.183668,-0.252201,0.914108,0.089595,0.123026,-3.043891
sample,520,drone,12.995471,3.938953,-2.187796,2.304643,-1.850923,-0.181415,-0.249108,0.925155,0.090677,0.124513,-3.043891
sample,521,drone,13.020463,3.892985,-2.192301,2.298456,-1.827666,-0.179136,-0.245978,0.935889,0.091730,0.125957,-3.043891
sample,522,drone,13.045454,3.847602,-2.196749,2.292348,-1.804145,-0.176830,-0.242812,0.946305,0.092750,0.127359,-3.043891
sample,523,drone,13.070445,3.802809,-2.201139,2.286320,-1.780367,-0.174500,-0.239612,0.956397,0.093740,0.128717,-3.043891
sample,524,drone,13.095437,3.758614,-2.205471,2.280372,-1.756342,-0.172145,-0.236378,0.966160,0.094696,0.130031,-3.043891
sample,525,drone,13.120428,3.715023,-2.209744,2.274505,-1.732076,-0.169766,-0.233113,0.975588,0.095621,0.131300,-3.043891
sample,526,drone,13.145419,3.672041,-2.213957,2.268720,-1.707579,-0.167365,-0.229816,0.984675,0.096511,0.132523,-3.043891
sample,527,drone,13.170411,3.629674,-2.218109,2.263018,-1.682859,-0.164943,-0.226489,0.993416,0.097368,0.133700,-3.043891
sample,528,drone,13.195402,3.587927,-2.222201,2.257400,-1.657926,-0.162499,-0.223133,1.001806,0.098190,0.134829,-3.043891
sample,529,drone,13.220393,3.546806,-2.226231,2.251866,-1.632787,-0.160035,-0.219750,1.009838,0.098978,0.135910,-3.043891
sample,530,drone,13.245384,3.506316,-2.230200,2.246416,-1.607451,-0.157552,-0.216340,1.017507,0.099729,0.136942,-3.043891
sample,531,drone,13.270376,3.466462,-2.234106,2.241052,-1.581929,-0.155050,-0.212905,1.024807,0.100445,0.137924,-3.043891
sample,532,drone,13.295367,3.427247,-2.237950,2.235775,-1.556229,-0.152531,-0.209446,1.031732,0.101123,0.138856,-3.043891
sample,533,drone,13.320358,3.388677,-2.241730,2.230584,-1.530360,-0.149996,-0.205965,1.038278,0.101765,0.139737,-3.043891
sample,534,drone,13.345350,3.350756,-2.245447,2.225480,-1.504333,-0.147445,-0.202462,1.044438,0.102369,0.140566,-3.043891
sample,535,drone,13.370341,3.313487,-2.249100,2.220464,-1.478157,-0.144879,-0.198939,1.050207,0.102934,0.141343,-3.043891
sample,536,drone,13.395332,3.276874,-2.252688,2.215537,-1.451841,-0.142300,-0.195397,1.055579,0.103461,0.142066,-3.043891
sample,537,drone,13.420323,3.240920,-2.256212,2.210698,-1.425396,-0.139708,-0.191838,1.060549,0.103948,0.142735,-3.043891
sample,538,drone,13.445315,3.205629,-2.259671,2.205948,-1.398832,-0.137104,-0.188263,1.065111,0.104395,0.143349,-3.043891
sample,539,drone,13.470306,3.171003,-2.263065,2.201288,-1.372159,-0.134490,-0.184673,1.069258,0.104802,0.143907,-3.043891
sample,540,drone,13.495297,3.137045,-2.266393,2.196718,-1.345388,-0.131866,-0.181070,1.072987,0.105167,0.144409,-3.043891
sample,541,drone,13.520289,3.103757,-2.269656,2.192238,-1.318528,-0.129233,-0.177455,1.076290,0.105491,0.144853,-3.043891
sample,542,drone,13.545280,3.071141,-2.272853,2.187848,-1.291592,-0.126593,-0.173830,1.079162,0.105772,0.145240,-3.043891
sample,543,drone,13.570271,3.039200,-2.275983,2.183549,-1.264589,-0.123947,-0.170196,1.081599,0.106011,0.145568,-3.043891
sample,544,drone,13.595262,3.007934,-2.279048,2.179341,-1.237531,-0.121294,-0.166554,1.083593,0.106207,0.145836,-3.043891
sample,545,drone,13.620254,2.977345,-2.282046,2.175224,-1.210428,-0.118638,-0.162906,1.085140,0.106358,0.146044,-3.043891
sample,546,drone,13.645245,2.947434,-2.284978,2.171199,-1.183293,-0.115978,-0.159254,1.086234,0.106465,0.146192,-3.043891
sample,547,drone,13.670236,2.918201,-2.287843,2.167264,-1.156136,-0.113317,-0.155599,1.086869,0.106528,0.146277,-3.043891
sample,548,drone,13.695228,2.889647,-2.290642,2.163421,-1.128968,-0.110654,-0.151943,1.087040,0.106544,0.146300,-3.043891
sample,549,drone,13.720219,2.861772,-2.293374,2.159670,-1.101802,-0.107991,-0.148287,1.086740,0.106515,0.146260,-3.043891
sample,550,drone,13.745210,2.834576,-2.296039,2.156010,-1.074650,-0.105330,-0.144633,1.085965,0.106439,0.146155,-3.043891
sample,551,drone,13.770202,2.808058,-2.298638,2.152441,-1.047523,-0.102671,-0.140982,1.084708,0.106316,0.145986,-3.043891
sample,552,drone,13.795193,2.782218,-2.301171,2.148963,-1.020434,-0.100016,-0.137336,1.082965,0.106145,0.145752,-3.043891
sample,553,drone,13.820184,2.757054,-2.303637,2.145576,-0.993394,-0.097366,-0.133697,1.080729,0.105926,0.145451,-3.043891
sample,554,drone,13.845175,2.732566,-2.306038,2.142281,-0.966416,-0.094722,-0.130066,1.077995,0.105658,0.145083,-3.043891
sample,555,drone,13.870167,2.708750,-2.308372,2.139075,-0.939513,-0.092085,-0.126445,1.074757,0.105340,0.144647,-3.043891
sample,556,drone,13.895158,2.685606,-2.310640,2.135960,-0.912697,-0.089456,-0.122836,1.071009,0.104973,0.144142,-3.043891
sample,557,drone,13.920149,2.663131,-2.312843,2.132936,-0.885981,-0.086838,-0.119240,1.066747,0.104555,0.143569,-3.043891
sample,558,drone,13.945141,2.641323,-2.314981,2.130001,-0.859378,-0.084230,-0.115660,1.061963,0.104087,0.142925,-3.043891
sample,559,drone,13.970132,2.620178,-2.317053,2.127155,-0.832901,-0.081635,-0.112097,1.056654,0.103566,0.142210,-3.043891
sample,560,drone,13.995123,2.599692,-2.319061,2.124398,-0.806564,-0.079054,-0.108552,1.050812,0.102994,0.141424,-3.043891
sample,561,drone,14.020114,2.579863,-2.321004,2.121729,-0.780379,-0.076488,-0.105028,1.044433,0.102368,0.140566,-3.043891
sample,562,drone,14.045106,2.560687,-2.322884,2.119148,-0.754360,-0.073937,-0.101526,1.037510,0.101690,0.139634,-3.043891
sample,563,drone,14.070097,2.542159,-2.324700,2.116654,-0.728522,-0.071405,-0.098049,1.030039,0.100957,0.138628,-3.043891
sample,564,drone,14.095088,2.524274,-2.326453,2.114247,-0.702876,-0.068891,-0.094597,1.022013,0.100171,0.137548,-3.043891
sample,565,drone,14.120080,2.507027,-2.328143,2.111926,-0.677439,-0.066398,-0.091174,1.013427,0.099329,0.136393,-3.043891
sample,566,drone,14.145071,2.490413,-2.329772,2.109690,-0.652223,-0.063926,-0.087780,1.004275,0.098432,0.135161,-3.043891
sample,567,drone,14.170062,2.474427,-2.331339,2.107539,-0.627242,-0.061478,-0.084418,0.994552,0.097479,0.133852,-3.043891
sample,568,drone,14.195053,2.459062,-2.332845,2.105471,-0.602512,-0.059054,-0.081090,0.984252,0.096470,0.132466,-3.043891
sample,569,drone,14.220045,2.444312,-2.334290,2.103486,-0.578047,-0.056656,-0.077797,0.973369,0.095403,0.131002,-3.043891
sample,570,drone,14.245036,2.430170,-2.335676,2.101582,-0.553861,-0.054286,-0.074542,0.961898,0.094279,0.129458,-3.043891
sample,571,drone,14.270027,2.416629,-2.337004,2.099760,-0.529969,-0.051944,-0.071326,0.949833,0.093096,0.127834,-3.043891
sample,572,drone,14.295019,2.403681,-2.338273,2.098017,-0.506386,-0.049633,-0.068152,0.937168,0.091855,0.126129,-3.043891
sample,573,drone,14.320010,2.391318,-2.339484,2.096353,-0.483127,-0.047353,-0.065022,0.923899,0.090554,0.124344,-3.043891
sample,574,drone,14.345001,2.379533,-2.340640,2.094767,-0.460207,-0.045106,-0.061937,0.910018,0.089194,0.122475,-3.043891
sample,575,drone,14.369993,2.368316,-2.341739,2.093258,-0.437642,-0.042895,-0.058900,0.895521,0.087773,0.120524,-3.043891
sample,576,drone,14.394984,2.357658,-2.342783,2.091823,-0.415446,-0.040719,-0.055913,0.880402,0.086291,0.118490,-3.043891
sample,577,drone,14.419975,2.347551,-2.343774,2.090463,-0.393637,-0.038582,-0.052978,0.864656,0.084748,0.116370,-3.043891
sample,578,drone,14.444966,2.337983,-2.344712,2.089175,-0.372229,-0.036483,-0.050097,0.848276,0.083142,0.114166,-3.043891
sample,579,drone,14.469958,2.328946,-2.345598,2.087959,-0.351238,-0.034426,-0.047272,0.831257,0.081474,0.111875,-3.043891
sample,580,drone,14.494949,2.320428,-2.346433,2.086813,-0.330680,-0.032411,-0.044505,0.813593,0.079743,0.109498,-3.043891
sample,581,drone,14.519940,2.312418,-2.347218,2.085735,-0.310572,-0.030440,-0.041799,0.795280,0.077948,0.107033,-3.043891
sample,582,drone,14.544932,2.304904,-2.347954,2.084723,-0.290930,-0.028515,-0.039155,0.776310,0.076089,0.104480,-3.043891
sample,583,drone,14.569923,2.297876,-2.348643,2.083778,-0.271770,-0.026637,-0.036576,0.756679,0.074165,0.101838,-3.043891
sample,584,drone,14.594914,2.291321,-2.349285,2.082895,-0.253109,-0.024808,-0.034065,0.736381,0.072175,0.099106,-3.043891
sample,585,drone,14.619905,2.285225,-2.349883,2.082075,-0.234964,-0.023030,-0.031623,0.715411,0.070120,0.096284,-3.043891
sample,586,drone,14.644897,2.279576,-2.350437,2.081315,-0.217351,-0.021303,-0.029252,0.693761,0.067998,0.093370,-3.043891
sample,587,drone,14.669888,2.274361,-2.350948,2.080613,-0.200288,-0.019631,-0.026956,0.671428,0.065809,0.090365,-3.043891
sample,588,drone,14.694879,2.269566,-2.351418,2.079967,-0.183792,-0.018014,-0.024736,0.648406,0.063552,0.087266,-3.043891
sample,589,drone,14.719871,2.265175,-2.351848,2.079376,-0.167879,-0.016454,-0.022594,0.624688,0.061228,0.084074,-3.043891
sample,590,drone,14.744862,2.261174,-2.352240,2.078838,-0.152568,-0.014954,-0.020533,0.600269,0.058834,0.080788,-3.043891
sample,591,drone,14.769853,2.257549,-2.352596,2.078350,-0.137876,-0.013514,-0.018556,0.575143,0.056372,0.077406,-3.043891
sample,592,drone,14.794844,2.254283,-2.352916,2.077911,-0.123821,-0.012136,-0.016665,0.549306,0.053839,0.073929,-3.043891
sample,593,drone,14.819836,2.251360,-2.353202,2.077517,-0.110420,-0.010823,-0.014861,0.522751,0.051237,0.070355,-3.043891
sample,594,drone,14.844827,2.248764,-2.353457,2.077168,-0.097693,-0.009575,-0.013148,0.495472,0.048563,0.066683,-3.043891
sample,595,drone,14.869818,2.246477,-2.353681,2.076860,-0.085656,-0.008395,-0.011528,0.467465,0.045818,0.062914,-3.043891
sample,596,drone,14.894810,2.244483,-2.353876,2.076592,-0.074328,-0.007285,-0.010003,0.438722,0.043001,0.059046,-3.043891
sample,597,drone,14.919801,2.242762,-2.354045,2.076360,-0.063727,-0.006246,-0.008577,0.409240,0.040111,0.055078,-3.043891
sample,598,drone,14.944792,2.241297,-2.354188,2.076163,-0.053873,-0.005280,-0.007250,0.379011,0.037148,0.051009,-3.043891
sample,599,drone,14.969784,2.240070,-2.354309,2.075998,-0.044783,-0.004389,-0.006027,0.348031,0.034112,0.046840,-3.043891
sample,600,drone,14.994775,2.239059,-2.354408,2.075862,-0.036477,-0.003575,-0.004909,0.316294,0.031001,0.042569,-3.043891
sample,601,drone,15.019766,2.238246,-2.354487,2.075752,-0.028974,-0.002840,-0.003899,0.283794,0.027816,0.038195,-3.043891
sample,602,drone,15.044757,2.237611,-2.354550,2.075667,-0.022292,-0.002185,-0.003000,0.250526,0.024555,0.033717,-3.043891
sample,603,drone,15.069749,2.237132,-2.354597,2.075602,-0.016452,-0.001613,-0.002214,0.216483,0.021218,0.029136,-3.043891
sample,604,drone,15.094740,2.236789,-2.354630,2.075556,-0.011472,-0.001124,-0.001544,0.181661,0.017805,0.024449,-3.043891
sample,605,drone,15.119731,2.236559,-2.354653,2.075525,-0.007372,-0.000723,-0.000992,0.146054,0.014315,0.019657,-3.043891
sample,606,drone,15.144723,2.236420,-2.354666,2.075506,-0.004172,-0.000409,-0.000561,0.109656,0.010748,0.014758,-3.043891
sample,607,drone,15.169714,2.236350,-2.354673,2.075497,-0.001891,-0.000185,-0.000255,0.072467,0.007103,0.009752,-3.043891
sample,608,drone,15.194705,2.236326,-2.354676,2.075494,-0.000550,-0.000054,-0.000074,0.042208,0.005021,0.004157,-3.043958
sample,609,drone,15.219696,2.236323,-2.354676,2.075493,0.000218,0.000066,-0.000047,0.049013,0.010871,-0.003858,0.291688
sample,610,drone,15.244688,2.236337,-2.354672,2.075491,0.001900,0.000489,-0.000267,0.111139,0.028446,-0.015290,0.252140
sample,611,drone,15.269679,2.236418,-2.354652,2.075480,0.005773,0.001487,-0.000811,0.201382,0.051881,-0.028287,0.252140
sample,612,drone,15.294670,2.236625,-2.354598,2.075451,0.011966,0.003083,-0.001681,0.292536,0.075364,-0.041091,0.252140
sample,613,drone,15.319662,2.237016,-2.354497,2.075396,0.020395,0.005254,-0.002865,0.380460,0.098015,-0.053442,0.252140
sample,614,drone,15.344653,2.237644,-2.354335,2.075308,0.030982,0.007982,-0.004352,0.465190,0.119844,-0.065343,0.252140
sample,615,drone,15.369644,2.238564,-2.354099,2.075178,0.043647,0.011244,-0.006131,0.546765,0.140859,-0.076802,0.252140
sample,616,drone,15.394635,2.239826,-2.353773,2.075001,0.058311,0.015022,-0.008191,0.625222,0.161071,-0.087822,0.252140
sample,617,drone,15.419627,2.241479,-2.353348,2.074769,0.074897,0.019295,-0.010520,0.700597,0.180490,-0.098410,0.252140
sample,618,drone,15.444618,2.243570,-2.352809,2.074475,0.093328,0.024044,-0.013109,0.772930,0.199124,-0.108570,0.252140
sample,619,drone,15.469609,2.246144,-2.352146,2.074114,0.113530,0.029248,-0.015947,0.842256,0.216985,-0.118308,0.252140
sample,620,drone,15.494601,2.249244,-2.351347,2.073678,0.135426,0.034889,-0.019023,0.908614,0.234080,-0.127629,0.252140
sample,621,drone,15.519592,2.252913,-2.350402,2.073163,0.158945,0.040948,-0.022326,0.972041,0.250420,-0.136539,0.252140
sample,622,drone,15.544583,2.257189,-2.349300,2.072562,0.184012,0.047406,-0.025847,1.032575,0.266015,-0.145041,0.252140
sample,623,drone,15.569574,2.262110,-2.348033,2.071871,0.210555,0.054244,-0.029576,1.090252,0.280874,-0.153143,0.252140
sample,624,drone,15.594566,2.267713,-2.346589,2.071084,0.238505,0.061444,-0.033502,1.145110,0.295007,-0.160849,0.252140
sample,625,drone,15.619557,2.274031,-2.344961,2.070197,0.267791,0.068989,-0.037615,1.197187,0.308423,-0.168164,0.252140
sample,626,drone,15.644548,2.281098,-2.343141,2.069204,0.298344,0.076860,-0.041907,1.246520,0.321132,-0.175094,0.252140
sample,627,drone,15.669540,2.288943,-2.341120,2.068102,0.330095,0.085040,-0.046367,1.293147,0.333144,-0.181643,0.252140
sample,628,drone,15.694531,2.297597,-2.338890,2.066886,0.362979,0.093512,-0.050986,1.337105,0.344469,-0.187818,0.252140
sample,629,drone,15.719522,2.307086,-2.336446,2.065554,0.396927,0.102258,-0.055755,1.378431,0.355115,-0.193623,0.252140
sample,630,drone,15.744514,2.317436,-2.333779,2.064100,0.431876,0.111261,-0.060664,1.417163,0.365094,-0.199063,0.252140
sample,631,drone,15.769505,2.328672,-2.330885,2.062521,0.467761,0.120506,-0.065704,1.453339,0.374413,-0.204144,0.252140
sample,632,drone,15.794496,2.340816,-2.327756,2.060816,0.504518,0.129975,-0.070868,1.486995,0.383084,-0.208872,0.252140
sample,633,drone,15.819487,2.353889,-2.324388,2.058979,0.542085,0.139653,-0.076144,1.518169,0.391115,-0.213251,0.252140
sample,634,drone,15.844479,2.367911,-2.320776,2.057010,0.580400,0.149524,-0.081526,1.546899,0.398517,-0.217287,0.252140
sample,635,drone,15.869470,2.382899,-2.316915,2.054904,0.619403,0.159572,-0.087005,1.573223,0.405298,-0.220984,0.252140
sample,636,drone,15.894461,2.398870,-2.312800,2.052661,0.659033,0.169782,-0.092572,1.597176,0.411469,-0.224349,0.252140
sample,637,drone,15.919453,2.415839,-2.308428,2.050277,0.699234,0.180139,-0.098218,1.618798,0.417039,-0.227386,0.252140
sample,638,drone,15.944444,2.433820,-2.303796,2.047752,0.739945,0.190627,-0.103937,1.638125,0.422018,-0.230101,0.252140
sample,639,drone,15.969435,2.452823,-2.298900,2.045082,0.781111,0.201232,-0.109719,1.655195,0.426416,-0.232498,0.252140
sample,640,drone,15.994426,2.472862,-2.293738,2.042268,0.822676,0.211940,-0.115558,1.670045,0.430242,-0.234584,0.252140
sample,641,drone,16.019418,2.493943,-2.288307,2.039306,0.864584,0.222737,-0.121445,1.682712,0.433505,-0.236364,0.252140
sample,642,drone,16.044409,2.516076,-2.282605,2.036198,0.906782,0.233608,-0.127372,1.693235,0.436216,-0.237842,0.252140
sample,643,drone,16.069400,2.539266,-2.276631,2.032940,0.949217,0.244540,-0.133333,1.701651,0.438384,-0.239024,0.252140
sample,644,drone,16.094392,2.563520,-2.270382,2.029533,0.991835,0.255520,-0.139319,1.707996,0.440019,-0.239915,0.252140
sample,645,drone,16.119383,2.588841,-2.263859,2.025977,1.034587,0.266533,-0.145324,1.712309,0.441130,-0.240521,0.252140
sample,646,drone,16.144374,2.615231,-2.257060,2.022270,1.077421,0.277568,-0.151341,1.714627,0.441727,-0.240847,0.252140
sample,647,drone,16.169365,2.642693,-2.249986,2.018412,1.120288,0.288612,-0.157362,1.714987,0.441820,-0.240897,0.252140
sample,648,drone,16.194357,2.671226,-2.242635,2.014404,1.163140,0.299652,-0.163382,1.713427,0.441418,-0.240678,0.252140
sample,649,drone,16.219348,2.700830,-2.235008,2.010246,1.205930,0.310675,-0.169392,1.709984,0.440531,-0.240194,0.252140
sample,650,drone,16.244339,2.731502,-2.227107,2.005938,1.248610,0.321671,-0.175387,1.704696,0.439169,-0.239452,0.252140
sample,651,drone,16.269331,2.763239,-2.218930,2.001480,1.291135,0.332626,-0.181360,1.697600,0.437341,-0.238455,0.252140
sample,652,drone,16.294322,2.796036,-2.210481,1.996873,1.333460,0.343530,-0.187306,1.688734,0.435056,-0.237209,0.252140
sample,653,drone,16.319313,2.829888,-2.201760,1.992118,1.375542,0.354371,-0.193217,1.678134,0.432326,-0.235721,0.252140
sample,654,drone,16.344305,2.864789,-2.192769,1.987215,1.417338,0.365139,-0.199088,1.665839,0.429158,-0.233993,0.252140
sample,655,drone,16.369296,2.900731,-2.183509,1.982167,1.458805,0.375822,-0.204912,1.651885,0.425563,-0.232033,0.252140
sample,656,drone,16.394287,2.937704,-2.173984,1.976973,1.499903,0.386409,-0.210685,1.636311,0.421551,-0.229846,0.252140
sample,657,drone,16.419278,2.975700,-2.164196,1.971636,1.540592,0.396892,-0.216401,1.619154,0.417131,-0.227436,0.252140
sample,658,drone,16.444270,3.014707,-2.154146,1.966157,1.580833,0.407259,-0.222053,1.600450,0.412313,-0.224809,0.252140
sample,659,drone,16.469261,3.054714,-2.143840,1.960537,1.620587,0.417500,-0.227637,1.580239,0.407106,-0.221970,0.252140
sample,660,drone,16.494252,3.095708,-2.133279,1.954779,1.659817,0.427607,-0.233148,1.558556,0.401520,-0.218924,0.252140
sample,661,drone,16.519244,3.137676,-2.122467,1.948884,1.698487,0.437569,-0.238580,1.535440,0.395564,-0.215677,0.252140
sample,662,drone,16.544235,3.180603,-2.111408,1.942854,1.736562,0.447378,-0.243928,1.510927,0.389250,-0.212234,0.252140
sample,663,drone,16.569226,3.224474,-2.100106,1.936692,1.774008,0.457025,-0.249187,1.485056,0.382585,-0.208600,0.252140
sample,664,drone,16.594217,3.269272,-2.088565,1.930399,1.810789,0.466501,-0.254354,1.457864,0.375579,-0.204780,0.252140
sample,665,drone,16.619209,3.314981,-2.076789,1.923979,1.846875,0.475797,-0.259423,1.429388,0.368243,-0.200780,0.252140
sample,666,drone,16.644200,3.361584,-2.064783,1.917433,1.882234,0.484907,-0.264390,1.399666,0.360586,-0.196605,0.252140
sample,667,drone,16.669191,3.409060,-2.052552,1.910764,1.916834,0.493820,-0.269250,1.368735,0.352617,-0.192260,0.252140
sample,668,drone,16.694183,3.457392,-2.040101,1.903975,1.950647,0.502531,-0.273999,1.336632,0.344347,-0.187751,0.252140
sample,669,drone,16.719174,3.506559,-2.027434,1.897069,1.983643,0.511032,-0.278634,1.303395,0.335784,-0.183083,0.252140
sample,670,drone,16.744165,3.556540,-2.014558,1.890048,2.015794,0.519315,-0.283150,1.269062,0.326939,-0.178260,0.252140
sample,671,drone,16.769156,3.607313,-2.001477,1.882916,2.047074,0.527373,-0.287544,1.233669,0.317822,-0.173288,0.252140
sample,672,drone,16.794148,3.658858,-1.988198,1.875676,2.077456,0.535200,-0.291812,1.197255,0.308440,-0.168173,0.252140
sample,673,drone,16.819139,3.711150,-1.974727,1.868330,2.106916,0.542790,-0.295950,1.159857,0.298806,-0.162920,0.252140
sample,674,drone,16.844130,3.764167,-1.961068,1.860883,2.135428,0.550135,-0.299955,1.121511,0.288927,-0.157534,0.252140
sample,675,drone,16.869122,3.817884,-1.947230,1.853338,2.162972,0.557231,-0.303824,1.082257,0.278814,-0.152020,0.252140
sample,676,drone,16.894113,3.872278,-1.933217,1.845698,2.189522,0.564071,-0.307553,1.042130,0.268477,-0.146384,0.252140
sample,677,drone,16.919104,3.927322,-1.919036,1.837966,2.215060,0.570650,-0.311140,1.001169,0.257924,-0.140630,0.252140
sample,678,drone,16.944096,3.982992,-1.904694,1.830146,2.239563,0.576963,-0.314582,0.959410,0.247166,-0.134764,0.252140
sample,679,drone,16.969087,4.039261,-1.890198,1.822242,2.263014,0.583004,-0.317876,0.916892,0.236212,-0.128792,0.252140
sample,680,drone,16.994078,4.096103,-1.875554,1.814258,2.285392,0.588769,-0.321020,0.873652,0.225073,-0.122718,0.252140
sample,681,drone,17.019069,4.153491,-1.860769,1.806197,2.306681,0.594254,-0.324010,0.829727,0.213757,-0.116548,0.252140
sample,682,drone,17.044061,4.211397,-1.845852,1.798063,2.326864,0.599453,-0.326845,0.785155,0.202274,-0.110287,0.252140
sample,683,drone,17.069052,4.269794,-1.830807,1.789860,2.345925,0.604364,-0.329522,0.739972,0.190634,-0.103941,0.252140
sample,684,drone,17.094043,4.328653,-1.815644,1.781592,2.363850,0.608982,-0.332040,0.694218,0.178846,-0.097514,0.252140
sample,685,drone,17.119035,4.387945,-1.800369,1.773264,2.380624,0.613303,-0.334396,0.647928,0.166921,-0.091012,0.252140
sample,686,drone,17.144026,4.447642,-1.784989,1.764878,2.396235,0.617325,-0.336589,0.601141,0.154868,-0.084440,0.252140
sample,687,drone,17.169017,4.507715,-1.769513,1.756440,2.410670,0.621044,-0.338617,0.553893,0.142696,-0.077803,0.252140
sample,688,drone,17.194008,4.568134,-1.753948,1.747953,2.423920,0.624457,-0.340478,0.506223,0.130415,-0.071107,0.252140
sample,689,drone,17.219000,4.628869,-1.738301,1.739422,2.435973,0.627562,-0.342171,0.458167,0.118034,-0.064357,0.252140
sample,690,drone,17.243991,4.689890,-1.722581,1.730851,2.446820,0.630357,-0.343695,0.409764,0.105565,-0.057558,0.252140
sample,691,drone,17.268982,4.751167,-1.706794,1.722244,2.456454,0.632839,-0.345048,0.361050,0.093015,-0.050715,0.252140
sample,692,drone,17.293974,4.812670,-1.690950,1.713604,2.464866,0.635006,-0.346230,0.312064,0.080395,-0.043834,0.252140
sample,693,drone,17.318965,4.874368,-1.675055,1.704938,2.472052,0.636857,-0.347239,0.262842,0.067714,-0.036920,0.252140
sample,694,drone,17.343956,4.936230,-1.659118,1.696249,2.478004,0.638391,-0.348075,0.213421,0.054982,-0.029978,0.252140
sample,695,drone,17.368947,4.998225,-1.643147,1.687540,2.482719,0.639605,-0.348737,0.163840,0.042209,-0.023014,0.252140
sample,696,drone,17.393939,5.060322,-1.627149,1.678818,2.486193,0.640500,-0.349225,0.114136,0.029404,-0.016032,0.252140
sample,697,drone,17.418930,5.122491,-1.611133,1.670085,2.488424,0.641075,-0.349539,0.064346,0.016577,-0.009038,0.252140
sample,698,drone,17.443921,5.184700,-1.595106,1.661347,2.489409,0.641329,-0.349677,0.014508,0.003738,-0.002038,0.252140
sample,699,drone,17.468913,5.246918,-1.579078,1.652607,2.489149,0.641262,-0.349640,-0.035341,-0.009105,0.004964,0.252140
sample,700,drone,17.493904,5.309114,-1.563055,1.643871,2.487643,0.640874,-0.349429,-0.085164,-0.021940,0.011963,0.252140
sample,701,drone,17.518895,5.371257,-1.547045,1.635142,2.484892,0.640165,-0.349043,-0.134922,-0.034759,0.018952,0.252140
sample,702,drone,17.543887,5.433315,-1.531057,1.626425,2.480899,0.639136,-0.348482,-0.184580,-0.047552,0.025927,0.252140
sample,703,drone,17.568878,5.495259,-1.515099,1.617724,2.475666,0.637788,-0.347747,-0.234098,-0.060309,0.032883,0.252140
sample,704,drone,17.593869,5.557056,-1.499179,1.609044,2.469198,0.636122,-0.346838,-0.283440,-0.073021,0.039814,0.252140
sample,705,drone,17.618860,5.618676,-1.483304,1.600388,2.461499,0.634139,-0.345757,-0.332568,-0.085677,0.046714,0.252140
sample,706,drone,17.643852,5.680088,-1.467483,1.591762,2.452576,0.631840,-0.344503,-0.381445,-0.098269,0.053580,0.252140
sample,707,drone,17.668843,5.741262,-1.451723,1.583169,2.442434,0.629227,-0.343079,-0.430034,-0.110787,0.060405,0.252140
sample,708,drone,17.693834,5.802167,-1.436033,1.574614,2.431081,0.626302,-0.341484,-0.478296,-0.123220,0.067184,0.252140
sample,709,drone,17.718826,5.862773,-1.420419,1.566101,2.418527,0.623068,-0.339721,-0.526195,-0.135560,0.073912,0.252140
sample,710,drone,17.743817,5.923051,-1.404890,1.557634,2.404781,0.619527,-0.337790,-0.573693,-0.147797,0.080584,0.252140
sample,711,drone,17.768808,5.982971,-1.389454,1.549217,2.389853,0.615681,-0.335693,-0.620753,-0.159920,0.087195,0.252140
sample,712,drone,17.793799,6.042502,-1.374117,1.540855,2.373754,0.611533,-0.333431,-0.667337,-0.171921,0.093738,0.252140
sample,713,drone,17.818791,6.101617,-1.358888,1.532551,2.356497,0.607088,-0.331007,-0.713408,-0.183790,0.100209,0.252140
sample,714,drone,17.843782,6.160286,-1.343773,1.524310,2.338096,0.602347,-0.328423,-0.758928,-0.195517,0.106603,0.252140
sample,715,drone,17.868773,6.218481,-1.328781,1.516136,2.318564,0.597315,-0.325679,-0.803860,-0.207093,0.112915,0.252140
sample,716,drone,17.893765,6.276174,-1.313918,1.508032,2.297917,0.591996,-0.322779,-0.848166,-0.218507,0.119138,0.252140
sample,717,drone,17.918756,6.333337,-1.299191,1.500003,2.276171,0.586394,-0.319724,-0.891809,-0.229751,0.125269,0.252140
sample,718,drone,17.943747,6.389943,-1.284608,1.492052,2.253342,0.580513,-0.316518,-0.934752,-0.240814,0.131301,0.252140
sample,719,drone,17.968738,6.445965,-1.270176,1.484182,2.229449,0.574357,-0.313162,-0.976957,-0.251687,0.137229,0.252140
sample,720,drone,17.993730,6.501376,-1.255900,1.476399,2.204511,0.567933,-0.309659,-1.018387,-0.262360,0.143049,0.252140
sample,721,drone,18.018721,6.556152,-1.241789,1.468705,2.178548,0.561244,-0.306012,-1.059004,-0.272824,0.148754,0.252140
sample,722,drone,18.043712,6.610266,-1.227848,1.461104,2.151579,0.554296,-0.302223,-1.098771,-0.283069,0.154340,0.252140
sample,723,drone,18.068704,6.663693,-1.214084,1.453599,2.123628,0.547095,-0.298297,-1.137650,-0.293085,0.159801,0.252140
sample,724,drone,18.093695,6.716410,-1.200503,1.446194,2.094717,0.539647,-0.294236,-1.175604,-0.302863,0.165132,0.252140
sample,725,drone,18.118686,6.768393,-1.187111,1.438892,2.064869,0.531957,-0.290044,-1.212596,-0.312393,0.170328,0.252140
sample,726,drone,18.143678,6.819618,-1.173914,1.431697,2.034108,0.524033,-0.285723,-1.248588,-0.321665,0.175384,0.252140
sample,727,drone,18.168669,6.870063,-1.160918,1.424611,2.002461,0.515880,-0.281277,-1.283542,-0.330670,0.180294,0.252140
sample,728,drone,18.193660,6.919706,-1.148129,1.417638,1.969953,0.507505,-0.276711,-1.317422,-0.339398,0.185053,0.252140
sample,729,drone,18.218651,6.968526,-1.135552,1.410780,1.936613,0.498916,-0.272028,-1.350189,-0.347840,0.189655,0.252140
sample,730,drone,18.243643,7.016503,-1.123192,1.404041,1.902467,0.490119,-0.267232,-1.381807,-0.355985,0.194097,0.252140
sample,731,drone,18.268634,7.063616,-1.111055,1.397423,1.867546,0.481123,-0.262327,-1.412237,-0.363825,0.198371,0.252140
sample,732,drone,18.293625,7.109848,-1.099144,1.390929,1.831880,0.471934,-0.257317,-1.441443,-0.371349,0.202474,0.252140
sample,733,drone,18.318617,7.155178,-1.087466,1.384562,1.795499,0.462562,-0.252206,-1.469387,-0.378548,0.206399,0.252140
sample,734,drone,18.343608,7.199591,-1.076024,1.378324,1.758436,0.453013,-0.247000,-1.496032,-0.385412,0.210141,0.252140
sample,735,drone,18.368599,7.243070,-1.064823,1.372216,1.720724,0.443298,-0.241703,-1.521340,-0.391932,0.213696,0.252140
sample,736,drone,18.393590,7.285597,-1.053867,1.366243,1.682396,0.433424,-0.236319,-1.545273,-0.398098,0.217058,0.252140
sample,737,drone,18.418582,7.327160,-1.043160,1.360404,1.643487,0.423400,-0.230854,-1.567795,-0.403900,0.220222,0.252140
sample,738,drone,18.443573,7.367743,-1.032705,1.354704,1.604033,0.413236,-0.225312,-1.588867,-0.409329,0.223182,0.252140
sample,739,drone,18.468564,7.407334,-1.022505,1.349143,1.564071,0.402941,-0.219699,-1.608453,-0.414374,0.225933,0.252140
sample,740,drone,18.493556,7.445920,-1.012564,1.343723,1.523639,0.392524,-0.214019,-1.626515,-0.419027,0.228470,0.252140
sample,741,drone,18.518547,7.483489,-1.002886,1.338446,1.482774,0.381997,-0.208279,-1.643015,-0.423278,0.230788,0.252140
sample,742,drone,18.543538,7.520032,-0.993471,1.333313,1.441517,0.371368,-0.202484,-1.657916,-0.427117,0.232881,0.252140
sample,743,drone,18.568529,7.555540,-0.984324,1.328325,1.399907,0.360648,-0.196639,-1.671181,-0.430535,0.234744,0.252140
sample,744,drone,18.593521,7.590003,-0.975445,1.323484,1.357987,0.349848,-0.190751,-1.682772,-0.433521,0.236372,0.252140
sample,745,drone,18.618512,7.623416,-0.966837,1.318791,1.315798,0.338980,-0.184825,-1.692652,-0.436066,0.237760,0.252140
sample,746,drone,18.643503,7.655770,-0.958502,1.314246,1.273384,0.328053,-0.178867,-1.700783,-0.438161,0.238902,0.252140
sample,747,drone,18.668495,7.687063,-0.950441,1.309850,1.230788,0.317079,-0.172884,-1.707128,-0.439795,0.239793,0.252140
sample,748,drone,18.693486,7.717288,-0.942654,1.305605,1.188057,0.306071,-0.166881,-1.711650,-0.440960,0.240428,0.252140
sample,749,drone,18.718477,7.746445,-0.935142,1.301509,1.145236,0.295039,-0.160866,-1.714310,-0.441646,0.240802,0.252140
sample,750,drone,18.743468,7.774530,-0.927907,1.297564,1.102371,0.283996,-0.154846,-1.715073,-0.441842,0.240909,0.252140
sample,751,drone,18.768460,7.801544,-0.920947,1.293770,1.059512,0.272955,-0.148825,-1.713899,-0.441540,0.240744,0.252140
sample,752,drone,18.793451,7.827487,-0.914264,1.290126,1.016706,0.261927,-0.142812,-1.710752,-0.440729,0.240302,0.252140
sample,753,drone,18.818442,7.852362,-0.907856,1.286632,0.974004,0.250926,-0.136814,-1.705594,-0.439400,0.239578,0.252140
sample,754,drone,18.843434,7.876171,-0.901722,1.283287,0.931456,0.239964,-0.130838,-1.698388,-0.437544,0.238565,0.252140
sample,755,drone,18.868425,7.898918,-0.895862,1.280092,0.889114,0.229056,-0.124890,-1.689096,-0.435150,0.237260,0.252140
sample,756,drone,18.893416,7.920611,-0.890273,1.277045,0.847031,0.218215,-0.118979,-1.677681,-0.432209,0.235657,0.252140
sample,757,drone,18.918408,7.941255,-0.884955,1.274145,0.805259,0.207453,-0.113111,-1.664106,-0.428712,0.233750,0.252140
sample,758,drone,18.943399,7.960860,-0.879904,1.271391,0.763854,0.196786,-0.107295,-1.648333,-0.424648,0.231534,0.252140
sample,759,drone,18.968390,7.979434,-0.875119,1.268782,0.722871,0.186228,-0.101539,-1.630324,-0.420009,0.229005,0.252140
sample,760,drone,18.993381,7.996991,-0.870596,1.266316,0.682367,0.175793,-0.095849,-1.610042,-0.414784,0.226156,0.252140
sample,761,drone,19.018373,8.013541,-0.866332,1.263991,0.642397,0.165496,-0.090235,-1.587451,-0.408964,0.222983,0.252140
sample,762,drone,19.043364,8.029099,-0.862324,1.261806,0.603022,0.155352,-0.084704,-1.562511,-0.402539,0.219479,0.252140
sample,763,drone,19.068355,8.043682,-0.858567,1.259758,0.564299,0.145376,-0.079265,-1.535187,-0.395499,0.215641,0.252140
sample,764,drone,19.093347,8.057304,-0.855058,1.257844,0.526289,0.135584,-0.073926,-1.505440,-0.387836,0.211463,0.252140
sample,765,drone,19.118338,8.069987,-0.851790,1.256063,0.489053,0.125991,-0.068695,-1.473233,-0.379538,0.206939,0.252140
sample,766,drone,19.143329,8.081749,-0.848760,1.254411,0.452653,0.116614,-0.063582,-1.438528,-0.370598,0.202064,0.252140
sample,767,drone,19.168320,8.092612,-0.845962,1.252885,0.417152,0.107468,-0.058596,-1.401289,-0.361004,0.196833,0.252140
sample,768,drone,19.193312,8.102599,-0.843389,1.251482,0.382613,0.098570,-0.053744,-1.361477,-0.350748,0.191241,0.252140
sample,769,drone,19.218303,8.111736,-0.841035,1.250198,0.349102,0.089937,-0.049037,-1.319055,-0.339819,0.185282,0.252140
sample,770,drone,19.243294,8.120048,-0.838894,1.249031,0.316683,0.081585,-0.044483,-1.273987,-0.328208,0.178952,0.252140
sample,771,drone,19.268286,8.127564,-0.836957,1.247975,0.285425,0.073532,-0.040092,-1.226233,-0.315906,0.172244,0.252140
sample,772,drone,19.293277,8.134314,-0.835218,1.247027,0.255393,0.065795,-0.035874,-1.175758,-0.302902,0.165154,0.252140
sample,773,drone,19.318268,8.140329,-0.833669,1.246182,0.226657,0.058392,-0.031838,-1.122523,-0.289188,0.157676,0.252140
sample,774,drone,19.343259,8.145643,-0.832300,1.245436,0.199287,0.051341,-0.027993,-1.066491,-0.274752,0.149806,0.252140
sample,775,drone,19.368251,8.150290,-0.831102,1.244783,0.173351,0.044659,-0.024350,-1.007625,-0.259587,0.141537,0.252140
sample,776,drone,19.393242,8.154308,-0.830067,1.244218,0.148923,0.038366,-0.020919,-0.945886,-0.243682,0.132865,0.252140
sample,777,drone,19.418233,8.157734,-0.829185,1.243737,0.126073,0.032479,-0.017709,-0.881239,-0.227027,0.123784,0.252140
sample,778,drone,19.443225,8.160609,-0.828444,1.243333,0.104876,0.027019,-0.014732,-0.813645,-0.209614,0.114289,0.252140
sample,779,drone,19.468216,8.162976,-0.827834,1.243001,0.085405,0.022002,-0.011997,-0.743067,-0.191431,0.104375,0.252140
sample,780,drone,19.493207,8.164878,-0.827344,1.242734,0.067736,0.017450,-0.009515,-0.669467,-0.172470,0.094037,0.252140
sample,781,drone,19.518199,8.166361,-0.826962,1.242525,0.051944,0.013382,-0.007296,-0.592808,-0.152721,0.083269,0.252140
sample,782,drone,19.543190,8.167474,-0.826675,1.242369,0.038106,0.009817,-0.005353,-0.513053,-0.132174,0.072066,0.252140
sample,783,drone,19.568181,8.168266,-0.826471,1.242258,0.026300,0.006775,-0.003694,-0.430163,-0.110820,0.060423,0.252140
sample,784,drone,19.593172,8.168789,-0.826337,1.242184,0.016605,0.004278,-0.002332,-0.344103,-0.088649,0.048335,0.252140
sample,785,drone,19.618164,8.169096,-0.826258,1.242141,0.009101,0.002345,-0.001278,-0.254834,-0.065651,0.035795,0.252140
sample,786,drone,19.643155,8.169244,-0.826220,1.242120,0.003868,0.000996,-0.000543,-0.162669,-0.041791,0.022909,0.252140
sample,787,drone,19.668146,8.169289,-0.826208,1.242114,0.000970,0.000256,-0.000133,-0.092153,-0.015311,0.017288,0.257755
sample,788,drone,19.693138,8.169292,-0.826207,1.242114,-0.000738,0.000231,0.000321,-0.106098,0.017932,0.038227,2.838100
sample,789,drone,19.718129,8.169252,-0.826196,1.242130,-0.004333,0.001152,0.001777,-0.221415,0.058174,0.090468,2.881713
sample,790,drone,19.743120,8.169076,-0.826149,1.242203,-0.011805,0.003139,0.004843,-0.376334,0.100064,0.154378,2.881713
sample,791,drone,19.768111,8.168662,-0.826039,1.242372,-0.023143,0.006154,0.009494,-0.527162,0.140168,0.216249,2.881713
sample,792,drone,19.793103,8.167919,-0.825842,1.242677,-0.038154,0.010145,0.015651,-0.670346,0.178240,0.274985,2.881713
sample,793,drone,19.818094,8.166755,-0.825532,1.243154,-0.056649,0.015062,0.023238,-0.806011,0.214312,0.330637,2.881713
sample,794,drone,19.843085,8.165087,-0.825089,1.243839,-0.078441,0.020857,0.032177,-0.934282,0.248418,0.383256,2.881713
sample,795,drone,19.868077,8.162835,-0.824490,1.244763,-0.103346,0.027479,0.042394,-1.055285,0.280592,0.432893,2.881713
sample,796,drone,19.893068,8.159922,-0.823715,1.245958,-0.131186,0.034881,0.053814,-1.169143,0.310866,0.479599,2.881713
sample,797,drone,19.918059,8.156278,-0.822746,1.247453,-0.161783,0.043017,0.066366,-1.275984,0.339274,0.523426,2.881713
sample,798,drone,19.943050,8.151836,-0.821565,1.249275,-0.194963,0.051839,0.079977,-1.375931,0.365849,0.564426,2.881713
sample,799,drone,19.968042,8.146533,-0.820155,1.251450,-0.230556,0.061303,0.094577,-1.469110,0.390625,0.602649,2.881713
sample,800,drone,19.993033,8.140312,-0.818501,1.254002,-0.268393,0.071364,0.110099,-1.555646,0.413634,0.638148,2.881713
sample,801,drone,20.018024,8.133118,-0.816588,1.256953,-0.308311,0.081977,0.126474,-1.635664,0.434910,0.670972,2.881713
sample,802,drone,20.043016,8.124902,-0.814404,1.260323,-0.350148,0.093102,0.143636,-1.709290,0.454487,0.701175,2.881713
sample,803,drone,20.068007,8.115617,-0.811935,1.264132,-0.393746,0.104694,0.161520,-1.776648,0.472397,0.728806,2.881713
sample,804,drone,20.092998,8.105221,-0.809171,1.268397,-0.438949,0.116713,0.180063,-1.837864,0.488674,0.753918,2.881713
sample,805,drone,20.117990,8.093677,-0.806101,1.273132,-0.485607,0.129119,0.199203,-1.893063,0.503351,0.776561,2.881713
sample,806,drone,20.142981,8.080949,-0.802717,1.278353,-0.533570,0.141872,0.218878,-1.942371,0.516461,0.796788,2.881713
sample,807,drone,20.167972,8.067008,-0.799010,1.284072,-0.582692,0.154933,0.239028,-1.985911,0.528038,0.814649,2.881713
sample,808,drone,20.192963,8.051825,-0.794973,1.290301,-0.632831,0.168265,0.259596,-2.023810,0.538115,0.830195,2.881713
sample,809,drone,20.217955,8.035377,-0.790600,1.297048,-0.683847,0.181830,0.280524,-2.056193,0.546726,0.843479,2.881713
sample,810,drone,20.242946,8.017644,-0.785885,1.304322,-0.735604,0.195591,0.301755,-2.083184,0.553902,0.854551,2.881713
sample,811,drone,20.267937,7.998610,-0.780824,1.312130,-0.787970,0.209515,0.323236,-2.104909,0.559679,0.863463,2.881713
sample,812,drone,20.292929,7.978260,-0.775413,1.320478,-0.840813,0.223566,0.344913,-2.121493,0.564089,0.870266,2.881713
sample,813,drone,20.317920,7.956584,-0.769649,1.329370,-0.894008,0.237710,0.366734,-2.133062,0.567165,0.875012,2.881713
sample,814,drone,20.342911,7.933575,-0.763531,1.338808,-0.947429,0.251914,0.388649,-2.139740,0.568940,0.877751,2.881713
sample,815,drone,20.367902,7.909229,-0.757058,1.348795,-1.000957,0.266147,0.410607,-2.141653,0.569449,0.878536,2.881713
sample,816,drone,20.392894,7.883544,-0.750229,1.359332,-1.054474,0.280377,0.432560,-2.138925,0.568723,0.877417,2.881713
sample,817,drone,20.417885,7.856523,-0.743044,1.370416,-1.107866,0.294573,0.454462,-2.131682,0.566798,0.874446,2.881713
sample,818,drone,20.442876,7.828170,-0.735505,1.382047,-1.161021,0.308707,0.476267,-2.120050,0.563705,0.869674,2.881713
sample,819,drone,20.467868,7.798493,-0.727614,1.394221,-1.213832,0.322748,0.497931,-2.104152,0.559478,0.863153,2.881713
sample,820,drone,20.492859,7.767500,-0.719373,1.406935,-1.266192,0.336671,0.519410,-2.084116,0.554150,0.854933,2.881713
sample,821,drone,20.517850,7.735205,-0.710786,1.420182,-1.318001,0.350446,0.540663,-2.060064,0.547755,0.845067,2.881713
sample,822,drone,20.542841,7.701623,-0.701857,1.433958,-1.369160,0.364049,0.561649,-2.032124,0.540326,0.833606,2.881713
sample,823,drone,20.567833,7.666771,-0.692590,1.448255,-1.419572,0.377453,0.582328,-2.000419,0.531896,0.820600,2.881713
sample,824,drone,20.592824,7.630669,-0.682991,1.463065,-1.469146,0.390634,0.602664,-1.965076,0.522498,0.806102,2.881713
sample,825,drone,20.617815,7.593339,-0.673065,1.478378,-1.517792,0.403569,0.622619,-1.926219,0.512167,0.790162,2.881713
sample,826,drone,20.642807,7.554806,-0.662820,1.494185,-1.565423,0.416234,0.642159,-1.883973,0.500934,0.772832,2.881713
sample,827,drone,20.667798,7.515095,-0.652261,1.510475,-1.611957,0.428607,0.661248,-1.838464,0.488833,0.754164,2.881713
sample,828,drone,20.692789,7.474236,-0.641397,1.527236,-1.657314,0.440667,0.679854,-1.789817,0.475898,0.734208,2.881713
sample,829,drone,20.717781,7.432258,-0.630235,1.544455,-1.701417,0.452394,0.697945,-1.738156,0.462162,0.713016,2.881713
sample,830,drone,20.742772,7.389195,-0.618785,1.562121,-1.744192,0.463767,0.715492,-1.683608,0.447658,0.690640,2.881713
sample,831,drone,20.767763,7.345079,-0.607055,1.580218,-1.785568,0.474769,0.732465,-1.626297,0.432420,0.667130,2.881713
sample,832,drone,20.792754,7.299947,-0.595055,1.598731,-1.825478,0.485380,0.748837,-1.566348,0.416480,0.642538,2.881713
sample,833,drone,20.817746,7.253837,-0.582794,1.617646,-1.863858,0.495585,0.764581,-1.503887,0.399872,0.616916,2.881713
sample,834,drone,20.842737,7.206787,-0.570284,1.636947,-1.900647,0.505367,0.779672,-1.439039,0.382629,0.590314,2.881713
sample,835,drone,20.867728,7.158838,-0.557535,1.656616,-1.935785,0.514710,0.794086,-1.371929,0.364785,0.562785,2.881713
sample,836,drone,20.892720,7.110031,-0.544558,1.676637,-1.969219,0.523600,0.807801,-1.302682,0.346373,0.534378,2.881713
sample,837,drone,20.917711,7.060411,-0.531364,1.696992,-2.000897,0.532023,0.820796,-1.231423,0.327426,0.505147,2.881713
sample,838,drone,20.942702,7.010021,-0.517966,1.717663,-2.030769,0.539966,0.833050,-1.158278,0.307977,0.475142,2.881713
sample,839,drone,20.967693,6.958908,-0.504375,1.738630,-2.058790,0.547416,0.844545,-1.083371,0.288060,0.444414,2.881713
sample,840,drone,20.992685,6.907118,-0.490605,1.759875,-2.084919,0.554364,0.855263,-1.006828,0.267708,0.413015,2.881713
sample,841,drone,21.017676,6.854698,-0.476667,1.781379,-2.109114,0.560797,0.865188,-0.928774,0.246954,0.380996,2.881713
sample,842,drone,21.042667,6.801699,-0.462574,1.803120,-2.131341,0.566707,0.874306,-0.849334,0.225831,0.348409,2.881713
sample,843,drone,21.067659,6.748169,-0.448341,1.825079,-2.151566,0.572085,0.882603,-0.768633,0.204374,0.315304,2.881713
sample,844,drone,21.092650,6.694158,-0.433980,1.847235,-2.169759,0.576922,0.890066,-0.686797,0.182614,0.281734,2.881713
sample,845,drone,21.117641,6.639718,-0.419505,1.869566,-2.185894,0.581212,0.896684,-0.603951,0.160586,0.247749,2.881713
sample,846,drone,21.142632,6.584901,-0.404930,1.892053,-2.199946,0.584949,0.902449,-0.520219,0.138322,0.213401,2.881713
sample,847,drone,21.167624,6.529759,-0.390268,1.914673,-2.211896,0.588126,0.907351,-0.435727,0.115856,0.178741,2.881713
sample,848,drone,21.192615,6.474345,-0.375534,1.937405,-2.221725,0.590739,0.911383,-0.350600,0.093222,0.143821,2.881713
sample,849,drone,21.217606,6.418712,-0.360741,1.960226,-2.229420,0.592785,0.914539,-0.264964,0.070452,0.108692,2.881713
sample,850,drone,21.242598,6.362913,-0.345905,1.983116,-2.234969,0.594261,0.916816,-0.178943,0.047580,0.073405,2.881713
sample,851,drone,21.267589,6.307002,-0.331038,2.006051,-2.238364,0.595164,0.918208,-0.092663,0.024638,0.038012,2.881713
sample,852,drone,21.292580,6.251034,-0.316157,2.029010,-2.239600,0.595492,0.918715,-0.006248,0.001661,0.002563,2.881713
sample,853,drone,21.317572,6.195061,-0.301274,2.051971,-2.238676,0.595247,0.918336,0.080176,-0.021318,-0.032889,2.881713
sample,854,drone,21.342563,6.139139,-0.286405,2.074911,-2.235593,0.594427,0.917072,0.166483,-0.044267,-0.068294,2.881713
sample,855,drone,21.367554,6.083321,-0.271563,2.097809,-2.230355,0.593034,0.914923,0.252549,-0.067151,-0.103599,2.881713
sample,856,drone,21.392545,6.027660,-0.256764,2.120641,-2.222970,0.591070,0.911893,0.338249,-0.089938,-0.138755,2.881713
sample,857,drone,21.417537,5.972211,-0.242020,2.143387,-2.213448,0.588539,0.907988,0.423457,-0.112594,-0.173708,2.881713
sample,858,drone,21.442528,5.917026,-0.227347,2.166025,-2.201804,0.585443,0.903211,0.508049,-0.135086,-0.208409,2.881713
sample,859,drone,21.467519,5.862159,-0.212758,2.188532,-2.188055,0.581787,0.897571,0.591898,-0.157381,-0.242805,2.881713
sample,860,drone,21.492511,5.807662,-0.198268,2.210888,-2.172220,0.577576,0.891075,0.674880,-0.179445,-0.276845,2.881713
sample,861,drone,21.517502,5.753586,-0.183889,2.233071,-2.154323,0.572818,0.883733,0.756870,-0.201246,-0.310479,2.881713
sample,862,drone,21.542493,5.699983,-0.169637,2.255059,-2.134389,0.567518,0.875557,0.837743,-0.222749,-0.343654,2.881713
sample,863,drone,21.567484,5.646904,-0.155523,2.276833,-2.112450,0.561684,0.866557,0.917373,-0.243922,-0.376319,2.881713
sample,864,drone,21.592476,5.594397,-0.141562,2.298372,-2.088537,0.555326,0.856747,0.995635,-0.264732,-0.408423,2.881713
sample,865,drone,21.617467,5.542513,-0.127767,2.319656,-2.062686,0.548452,0.846143,1.072404,-0.285144,-0.439915,2.881713
sample,866,drone,21.642458,5.491299,-0.114149,2.340664,-2.034935,0.541073,0.834759,1.147555,-0.305126,-0.470743,2.881713
sample,867,drone,21.667450,5.440802,-0.100722,2.361379,-2.005328,0.533201,0.822614,1.220963,-0.324644,-0.500856,2.881713
sample,868,drone,21.692441,5.391067,-0.087499,2.381781,-1.973908,0.524847,0.809725,1.292502,-0.343666,-0.530202,2.881713
sample,869,drone,21.717432,5.342141,-0.074489,2.401851,-1.940725,0.516024,0.796113,1.362048,-0.362158,-0.558731,2.881713
sample,870,drone,21.742423,5.294065,-0.061706,2.421572,-1.905830,0.506745,0.781798,1.429475,-0.380086,-0.586391,2.881713
sample,871,drone,21.767415,5.246882,-0.049161,2.440927,-1.869276,0.497026,0.766803,1.494657,-0.397418,-0.613129,2.881713
sample,872,drone,21.792406,5.200634,-0.036864,2.459899,-1.831123,0.486881,0.751152,1.557471,-0.414119,-0.638897,2.881713
sample,873,drone,21.817397,5.155358,-0.024825,2.478472,-1.791430,0.476327,0.734870,1.617791,-0.430158,-0.663640,2.881713
sample,874,drone,21.842389,5.111093,-0.013056,2.496630,-1.750262,0.465381,0.717982,1.675491,-0.445500,-0.687310,2.881713
sample,875,drone,21.867380,5.067876,-0.001564,2.514358,-1.707685,0.454060,0.700516,1.730446,-0.460112,-0.709853,2.881713
sample,876,drone,21.892371,5.025739,0.009639,2.531644,-1.663769,0.442383,0.682502,1.782532,-0.473961,-0.731220,2.881713
sample,877,drone,21.917362,4.984716,0.020547,2.548472,-1.618589,0.430370,0.663968,1.831622,-0.487014,-0.751357,2.881713
sample,878,drone,21.942354,4.944838,0.031151,2.564830,-1.572220,0.418041,0.644947,1.877593,-0.499237,-0.770215,2.881713
sample,879,drone,21.967345,4.906132,0.041442,2.580708,-1.524742,0.405417,0.625471,1.920318,-0.510598,-0.787741,2.881713
sample,880,drone,21.992336,4.868627,0.051414,2.596093,-1.476238,0.392520,0.605573,1.959673,-0.521062,-0.803885,2.881713
sample,881,drone,22.017328,4.832346,0.061061,2.610976,-1.426793,0.379373,0.585290,1.995532,-0.530596,-0.818595,2.881713
sample,882,drone,22.042319,4.797312,0.070376,2.625347,-1.376496,0.366000,0.564658,2.027770,-0.539168,-0.831820,2.881713
sample,883,drone,22.067310,4.763545,0.079355,2.639199,-1.325439,0.352424,0.543714,2.056263,-0.546744,-0.843508,2.881713
sample,884,drone,22.092302,4.731063,0.087991,2.652524,-1.273719,0.338672,0.522497,2.080884,-0.553291,-0.853608,2.881713
sample,885,drone,22.117293,4.699882,0.096282,2.665315,-1.221431,0.324769,0.501048,2.101509,-0.558775,-0.862068,2.881713
sample,886,drone,22.142284,4.670013,0.104224,2.677567,-1.168680,0.310743,0.479409,2.118012,-0.563163,-0.868838,2.881713
sample,887,drone,22.167275,4.641468,0.111814,2.689277,-1.115568,0.296621,0.457622,2.130269,-0.566422,-0.873866,2.881713
sample,888,drone,22.192267,4.614254,0.119050,2.700440,-1.062203,0.282432,0.435731,2.138154,-0.568519,-0.877101,2.881713
sample,889,drone,22.217258,4.588376,0.125931,2.711056,-1.008697,0.268205,0.413782,2.141542,-0.569419,-0.878491,2.881713
sample,890,drone,22.242249,4.563837,0.132456,2.721122,-0.955164,0.253971,0.391821,2.140308,-0.569091,-0.877984,2.881713
sample,891,drone,22.267241,4.540635,0.138625,2.730640,-0.901719,0.239760,0.369898,2.134327,-0.567501,-0.875531,2.881713
sample,892,drone,22.292232,4.518767,0.144439,2.739611,-0.848484,0.225605,0.348060,2.123473,-0.564615,-0.871078,2.881713
sample,893,drone,22.317223,4.498225,0.149901,2.748037,-0.795583,0.211539,0.326359,2.107621,-0.560400,-0.864576,2.881713
sample,894,drone,22.342214,4.479001,0.155013,2.755923,-0.743140,0.197595,0.304846,2.086647,-0.554823,-0.855972,2.881713
sample,895,drone,22.367206,4.461081,0.159778,2.763274,-0.691286,0.183808,0.283575,2.060425,-0.547851,-0.845215,2.881713
sample,896,drone,22.392197,4.444449,0.164200,2.770097,-0.640155,0.170212,0.262600,2.028829,-0.539450,-0.832254,2.881713
sample,897,drone,22.417188,4.429085,0.168285,2.776399,-0.589880,0.156845,0.241977,1.991736,-0.529587,-0.817038,2.881713
sample,898,drone,22.442180,4.414965,0.172039,2.782191,-0.540603,0.143742,0.221763,1.949019,-0.518229,-0.799515,2.881713
sample,899,drone,22.467171,4.402064,0.175470,2.787484,-0.492463,0.130942,0.202015,1.900553,-0.505342,-0.779633,2.881713
sample,900,drone,22.492162,4.390351,0.178584,2.792289,-0.445608,0.118484,0.182795,1.846213,-0.490894,-0.757343,2.881713
sample,901,drone,22.517153,4.379791,0.181392,2.796620,-0.400185,0.106406,0.164161,1.785875,-0.474850,-0.732591,2.881713
sample,902,drone,22.542145,4.370348,0.183903,2.800494,-0.356345,0.094749,0.146178,1.719412,-0.457178,-0.705327,2.881713
sample,903,drone,22.567136,4.361980,0.186128,2.803927,-0.314244,0.083555,0.128907,1.646700,-0.437845,-0.675499,2.881713
sample,904,drone,22.592127,4.354642,0.188079,2.806937,-0.274039,0.072865,0.112415,1.567613,-0.416816,-0.643057,2.881713
sample,905,drone,22.617119,4.348283,0.189770,2.809545,-0.235891,0.062722,0.096766,1.482027,-0.394060,-0.607948,2.881713
sample,906,drone,22.642110,4.342851,0.191214,2.811774,-0.199964,0.053169,0.082028,1.389816,-0.369541,-0.570122,2.881713
sample,907,drone,22.667101,4.338288,0.192427,2.813645,-0.166424,0.044251,0.068270,1.290856,-0.343228,-0.529527,2.881713
sample,908,drone,22.692093,4.334533,0.193426,2.815186,-0.135443,0.036013,0.055561,1.185019,-0.315087,-0.486112,2.881713
sample,909,drone,22.717084,4.331519,0.194227,2.816422,-0.107194,0.028502,0.043972,1.072183,-0.285085,-0.439825,2.881713
sample,910,drone,22.742075,4.329175,0.194850,2.817384,-0.081853,0.021764,0.033577,0.952221,-0.253188,-0.390615,2.881713
sample,911,drone,22.767066,4.327427,0.195315,2.818101,-0.059599,0.015847,0.024449,0.825009,-0.219363,-0.338430,2.881713
sample,912,drone,22.792058,4.326196,0.195642,2.818606,-0.040617,0.010800,0.016662,0.690421,-0.183577,-0.283220,2.881713
sample,913,drone,22.817049,4.325397,0.195855,2.818933,-0.025090,0.006671,0.010292,0.548331,-0.145797,-0.224933,2.881713
sample,914,drone,22.842040,4.324942,0.195976,2.819120,-0.013210,0.003512,0.005419,0.398616,-0.105989,-0.163518,2.881713
sample,915,drone,22.867032,4.324737,0.196030,2.819204,-0.005167,0.001374,0.002119,0.243326,-0.064294,-0.099324,2.881713
sample,916,drone,22.892023,4.324684,0.196045,2.819226,-0.001048,0.000299,0.000454,0.126121,-0.024282,-0.040506,2.863752
sample,917,drone,22.917014,4.324685,0.196045,2.819227,0.001137,0.000160,0.000095,0.123947,0.007282,-0.002003,0.139818
sample,918,drone,22.942005,4.324741,0.196053,2.819231,0.005148,0.000663,0.000354,0.232382,0.029646,0.015659,0.128042
sample,919,drone,22.966997,4.324942,0.196078,2.819245,0.012752,0.001642,0.000877,0.374464,0.048211,0.025767,0.128042
sample,920,drone,22.991988,4.325378,0.196135,2.819275,0.023864,0.003072,0.001642,0.511781,0.065890,0.035215,0.128042
sample,921,drone,23.016979,4.326135,0.196232,2.819327,0.038332,0.004935,0.002638,0.643097,0.082797,0.044251,0.128042
sample,922,drone,23.041971,4.327294,0.196381,2.819407,0.056008,0.007211,0.003854,0.768497,0.098942,0.052880,0.128042
sample,923,drone,23.066962,4.328934,0.196592,2.819519,0.076744,0.009881,0.005281,0.888066,0.114336,0.061107,0.128042
sample,924,drone,23.091953,4.331130,0.196875,2.819671,0.100396,0.012926,0.006908,1.001887,0.128990,0.068940,0.128042
sample,925,drone,23.116944,4.333952,0.197239,2.819865,0.126821,0.016328,0.008727,1.110047,0.142915,0.076382,0.128042
sample,926,drone,23.141936,4.337469,0.197691,2.820107,0.155879,0.020069,0.010726,1.212630,0.156122,0.083441,0.128042
sample,927,drone,23.166927,4.341744,0.198242,2.820401,0.187431,0.024131,0.012897,1.309721,0.168622,0.090121,0.128042
sample,928,drone,23.191918,4.346837,0.198897,2.820751,0.221342,0.028497,0.015230,1.401404,0.180426,0.096430,0.128042
sample,929,drone,23.216910,4.352807,0.199666,2.821162,0.257477,0.033149,0.017717,1.487765,0.191545,0.102373,0.128042
sample,930,drone,23.241901,4.359706,0.200554,2.821637,0.295704,0.038071,0.020347,1.568888,0.201989,0.107955,0.128042
sample,931,drone,23.266892,4.367587,0.201569,2.822179,0.335894,0.043245,0.023113,1.644858,0.211770,0.113182,0.128042
sample,932,drone,23.291884,4.376495,0.202716,2.822792,0.377919,0.048656,0.026004,1.715759,0.220898,0.118061,0.128042
sample,933,drone,23.316875,4.386476,0.204001,2.823479,0.421652,0.054286,0.029014,1.781678,0.229385,0.122597,0.128042
sample,934,drone,23.341866,4.397571,0.205429,2.824242,0.466971,0.060121,0.032132,1.842698,0.237241,0.126795,0.128042
sample,935,drone,23.366857,4.409817,0.207006,2.825085,0.513755,0.066144,0.035351,1.898904,0.244478,0.130663,0.128042
sample,936,drone,23.391849,4.423249,0.208735,2.826009,0.561884,0.072341,0.038663,1.950381,0.251105,0.134205,0.128042
sample,937,drone,23.416840,4.437901,0.210622,2.827017,0.611240,0.078695,0.042059,1.997215,0.257135,0.137428,0.128042
sample,938,drone,23.441831,4.453801,0.212669,2.828111,0.661710,0.085193,0.045532,2.039489,0.262578,0.140337,0.128042
sample,939,drone,23.466823,4.470975,0.214880,2.829293,0.713179,0.091819,0.049074,2.077288,0.267444,0.142938,0.128042
sample,940,drone,23.491814,4.489447,0.217258,2.830564,0.765538,0.098561,0.052676,2.110698,0.271746,0.145236,0.128042
sample,941,drone,23.516805,4.509239,0.219806,2.831926,0.818677,0.105402,0.056333,2.139803,0.275493,0.147239,0.128042
sample,942,drone,23.541796,4.530367,0.222526,2.833380,0.872491,0.112330,0.060036,2.164689,0.278697,0.148951,0.128042
sample,943,drone,23.566788,4.552848,0.225421,2.834927,0.926874,0.119332,0.063778,2.185439,0.281368,0.150379,0.128042
sample,944,drone,23.591779,4.576694,0.228491,2.836568,0.981725,0.126394,0.067552,2.202138,0.283518,0.151528,0.128042
sample,945,drone,23.616770,4.601917,0.231738,2.838303,1.036942,0.133503,0.071352,2.214872,0.285158,0.152405,0.128042
sample,946,drone,23.641762,4.628523,0.235164,2.840134,1.092430,0.140647,0.075170,2.223726,0.286298,0.153014,0.128042
sample,947,drone,23.666753,4.656519,0.238768,2.842060,1.148090,0.147813,0.079000,2.228783,0.286949,0.153362,0.128042
sample,948,drone,23.691744,4.685908,0.242552,2.844083,1.203830,0.154989,0.082835,2.230130,0.287122,0.153454,0.128042
sample,949,drone,23.716735,4.716690,0.246515,2.846201,1.259558,0.162164,0.086670,2.227850,0.286828,0.153298,0.128042
sample,950,drone,23.741727,4.748864,0.250657,2.848415,1.315184,0.169326,0.090497,2.222028,0.286079,0.152897,0.128042
sample,951,drone,23.766718,4.782426,0.254978,2.850724,1.370620,0.176463,0.094312,2.212750,0.284884,0.152259,0.128042
sample,952,drone,23.791709,4.817371,0.259477,2.853129,1.425783,0.183565,0.098108,2.200100,0.283256,0.151388,0.128042
sample,953,drone,23.816701,4.853691,0.264153,2.855628,1.480587,0.190621,0.101879,2.184164,0.281204,0.150292,0.128042
sample,954,drone,23.841692,4.891375,0.269005,2.858221,1.534953,0.197620,0.105620,2.165025,0.278740,0.148975,0.128042
sample,955,drone,23.866683,4.930411,0.274031,2.860907,1.588801,0.204553,0.109325,2.142768,0.275874,0.147443,0.128042
sample,956,drone,23.891675,4.970787,0.279229,2.863685,1.642054,0.211409,0.112989,2.117479,0.272619,0.145703,0.128042
sample,957,drone,23.916666,5.012486,0.284597,2.866554,1.694638,0.218179,0.116607,2.089242,0.268983,0.143760,0.128042
sample,958,drone,23.941657,5.055489,0.290134,2.869513,1.746479,0.224854,0.120175,2.058143,0.264979,0.141620,0.128042
sample,959,drone,23.966648,5.099779,0.295836,2.872561,1.797509,0.231423,0.123686,2.024265,0.260618,0.139289,0.128042
sample,960,drone,23.991640,5.145333,0.301701,2.875696,1.847657,0.237880,0.127137,1.987694,0.255909,0.136773,0.128042
sample,961,drone,24.016631,5.192130,0.307726,2.878916,1.896859,0.244214,0.130522,1.948514,0.250865,0.134077,0.128042
sample,962,drone,24.041622,5.240143,0.313908,2.882219,1.945049,0.250419,0.133838,1.906811,0.245496,0.131207,0.128042
sample,963,drone,24.066614,5.289348,0.320243,2.885605,1.992166,0.256485,0.137080,1.862669,0.239813,0.128170,0.128042
sample,964,drone,24.091605,5.339717,0.326727,2.889071,2.038150,0.262405,0.140244,1.816173,0.233826,0.124970,0.128042
sample,965,drone,24.116596,5.391220,0.333358,2.892615,2.082943,0.268172,0.143327,1.767407,0.227548,0.121615,0.128042
sample,966,drone,24.141587,5.443828,0.340131,2.896235,2.126490,0.273779,0.146323,1.716457,0.220988,0.118109,0.128042
sample,967,drone,24.166579,5.497508,0.347043,2.899929,2.168736,0.279218,0.149230,1.663408,0.214158,0.114459,0.128042
sample,968,drone,24.191570,5.552227,0.354087,2.903694,2.209631,0.284483,0.152044,1.608344,0.207069,0.110670,0.128042
sample,969,drone,24.216561,5.607951,0.361262,2.907528,2.249125,0.289568,0.154762,1.551350,0.199731,0.106748,0.128042
sample,970,drone,24.241553,5.664644,0.368561,2.911429,2.287172,0.294466,0.157380,1.492511,0.192156,0.102699,0.128042
sample,971,drone,24.266544,5.722270,0.375980,2.915394,2.323725,0.299172,0.159895,1.431911,0.184354,0.098529,0.128042
sample,972,drone,24.291535,5.780790,0.383514,2.919421,2.358742,0.303680,0.162304,1.369636,0.176336,0.094244,0.128042
sample,973,drone,24.316526,5.840166,0.391159,2.923507,2.392183,0.307986,0.164605,1.305770,0.168114,0.089850,0.128042
sample,974,drone,24.341518,5.900357,0.398908,2.927649,2.424008,0.312083,0.166795,1.240398,0.159697,0.085351,0.128042
sample,975,drone,24.366509,5.961324,0.406757,2.931844,2.454181,0.315968,0.168871,1.173606,0.151098,0.080755,0.128042
sample,976,drone,24.391500,6.023024,0.414701,2.936089,2.482668,0.319635,0.170832,1.105477,0.142327,0.076067,0.128042
sample,977,drone,24.416492,6.085414,0.422734,2.940382,2.509436,0.323082,0.172673,1.036096,0.133394,0.071293,0.128042
sample,978,drone,24.441483,6.148452,0.430849,2.944720,2.534455,0.326303,0.174395,0.965549,0.124311,0.066439,0.128042
sample,979,drone,24.466474,6.212093,0.439043,2.949099,2.557696,0.329295,0.175994,0.893920,0.115089,0.061510,0.128042
sample,980,drone,24.491466,6.276292,0.447308,2.953516,2.579135,0.332055,0.177469,0.821294,0.105739,0.056513,0.128042
sample,981,drone,24.516457,6.341004,0.455640,2.957969,2.598747,0.334580,0.178819,0.747756,0.096271,0.051453,0.128042
sample,982,drone,24.541448,6.406184,0.464032,2.962454,2.616510,0.336867,0.180041,0.673391,0.086697,0.046336,0.128042
sample,983,drone,24.566439,6.471784,0.472477,2.966968,2.632405,0.338914,0.181135,0.598283,0.077027,0.041168,0.128042
sample,984,drone,24.591431,6.537758,0.480971,2.971508,2.646414,0.340717,0.182099,0.522518,0.067272,0.035954,0.128042
sample,985,drone,24.616422,6.604059,0.489507,2.976070,2.658521,0.342276,0.182932,0.446179,0.057444,0.030701,0.128042
sample,986,drone,24.641413,6.670638,0.498079,2.980651,2.668715,0.343588,0.183633,0.369353,0.047553,0.025415,0.128042
sample,987,drone,24.666405,6.737448,0.506681,2.985248,2.676983,0.344653,0.184202,0.292123,0.037610,0.020101,0.128042
sample,988,drone,24.691396,6.804441,0.515306,2.989858,2.683316,0.345468,0.184638,0.214574,0.027626,0.014765,0.128042
sample,989,drone,24.716387,6.871567,0.523948,2.994477,2.687708,0.346034,0.184940,0.136792,0.017612,0.009413,0.128042
sample,990,drone,24.741378,6.938779,0.532602,2.999102,2.690153,0.346349,0.185109,0.058862,0.007578,0.004050,0.128042
sample,991,drone,24.766370,7.006028,0.541260,3.003729,2.690650,0.346412,0.185143,-0.019133,-0.002463,-0.001317,0.128042
sample,992,drone,24.791361,7.073265,0.549916,3.008356,2.689197,0.346225,0.185043,-0.097107,-0.012502,-0.006682,0.128042
sample,993,drone,24.816352,7.140441,0.558565,3.012978,2.685796,0.345788,0.184809,-0.174976,-0.022528,-0.012040,0.128042
sample,994,drone,24.841344,7.207508,0.567200,3.017593,2.680451,0.345099,0.184441,-0.252654,-0.032528,-0.017385,0.128042
sample,995,drone,24.866335,7.274417,0.575814,3.022197,2.673168,0.344162,0.183940,-0.330056,-0.042494,-0.022711,0.128042
sample,996,drone,24.891326,7.341120,0.584402,3.026787,2.663954,0.342975,0.183306,-0.407099,-0.052413,-0.028012,0.128042
sample,997,drone,24.916317,7.407568,0.592957,3.031359,2.652820,0.341542,0.182540,-0.483697,-0.062274,-0.033283,0.128042
sample,998,drone,24.941309,7.473715,0.601473,3.035911,2.639778,0.339863,0.181642,-0.559765,-0.072068,-0.038517,0.128042
sample,999,drone,24.966300,7.539511,0.609944,3.040438,2.624841,0.337940,0.180614,-0.635218,-0.081782,-0.043709,0.128042
sample,1000,drone,24.991291,7.604911,0.618364,3.044938,2.608028,0.335775,0.179458,-0.709973,-0.091407,-0.048853,0.128042
sample,1001,drone,25.016283,7.669867,0.626727,3.049408,2.589355,0.333371,0.178173,-0.783943,-0.100930,-0.053943,0.128042
sample,1002,drone,25.041274,7.734334,0.635027,3.053844,2.568844,0.330730,0.176761,-0.857044,-0.110342,-0.058973,0.128042
sample,1003,drone,25.066265,7.798265,0.643258,3.058243,2.546518,0.327856,0.175225,-0.929191,-0.119630,-0.063937,0.128042
sample,1004,drone,25.091256,7.861615,0.651414,3.062602,2.522401,0.324751,0.173566,-1.000300,-0.128785,-0.068830,0.128042
sample,1005,drone,25.116248,7.924341,0.659489,3.066918,2.496520,0.321419,0.171785,-1.070285,-0.137796,-0.073646,0.128042
sample,1006,drone,25.141239,7.986398,0.667479,3.071188,2.468905,0.317864,0.169885,-1.139062,-0.146651,-0.078378,0.128042
sample,1007,drone,25.166230,8.047743,0.675377,3.075409,2.439587,0.314089,0.167867,-1.206546,-0.155339,-0.083022,0.128042
sample,1008,drone,25.191222,8.108334,0.683178,3.079579,2.408599,0.310099,0.165735,-1.272652,-0.163850,-0.087571,0.128042
sample,1009,drone,25.216213,8.168131,0.690877,3.083693,2.375977,0.305899,0.163490,-1.337296,-0.172173,-0.092019,0.128042
sample,1010,drone,25.241204,8.227092,0.698468,3.087750,2.341757,0.301494,0.161136,-1.400392,-0.180296,-0.096360,0.128042
sample,1011,drone,25.266196,8.285178,0.705946,3.091747,2.305981,0.296888,0.158674,-1.461855,-0.188209,-0.100590,0.128042
sample,1012,drone,25.291187,8.342351,0.713307,3.095681,2.268690,0.292087,0.156108,-1.521602,-0.195901,-0.104701,0.128042
sample,1013,drone,25.316178,8.398573,0.720545,3.099550,2.229928,0.287096,0.153441,-1.579547,-0.203362,-0.108688,0.128042
sample,1014,drone,25.341169,8.453808,0.727657,3.103351,2.189740,0.281922,0.150675,-1.635605,-0.210579,-0.112545,0.128042
sample,1015,drone,25.366161,8.508022,0.734637,3.107081,2.148176,0.276571,0.147815,-1.689691,-0.217542,-0.116267,0.128042
sample,1016,drone,25.391152,8.561180,0.741480,3.110739,2.105285,0.271049,0.144864,-1.741721,-0.224241,-0.119847,0.128042
sample,1017,drone,25.416143,8.613250,0.748184,3.114322,2.061120,0.265363,0.141825,-1.791610,-0.230664,-0.123280,0.128042
sample,1018,drone,25.441135,8.664200,0.754744,3.117828,2.015736,0.259520,0.138702,-1.839272,-0.236800,-0.126560,0.128042
sample,1019,drone,25.466126,8.714001,0.761156,3.121254,1.969189,0.253527,0.135499,-1.884624,-0.242639,-0.129680,0.128042
sample,1020,drone,25.491117,8.762625,0.767416,3.124600,1.921538,0.247392,0.132220,-1.927580,-0.248170,-0.132636,0.128042
sample,1021,drone,25.516108,8.810045,0.773521,3.127863,1.872843,0.241123,0.128870,-1.968056,-0.253381,-0.135421,0.128042
sample,1022,drone,25.541100,8.856235,0.779468,3.131041,1.823169,0.234727,0.125452,-2.005967,-0.258262,-0.138030,0.128042
sample,1023,drone,25.566091,8.901171,0.785253,3.134134,1.772580,0.228214,0.121971,-2.041227,-0.262801,-0.140456,0.128042
sample,1024,drone,25.591082,8.944833,0.790874,3.137138,1.721143,0.221592,0.118431,-2.073752,-0.266989,-0.142694,0.128042
sample,1025,drone,25.616074,8.987198,0.796329,3.140053,1.668928,0.214869,0.114838,-2.103458,-0.270813,-0.144738,0.128042
sample,1026,drone,25.641065,9.028250,0.801614,3.142878,1.616007,0.208056,0.111197,-2.130259,-0.274264,-0.146582,0.128042
sample,1027,drone,25.666056,9.067971,0.806728,3.145611,1.562453,0.201161,0.107512,-2.154071,-0.277330,-0.148221,0.128042
sample,1028,drone,25.691047,9.106345,0.811669,3.148251,1.508341,0.194194,0.103788,-2.174809,-0.280000,-0.149648,0.128042
sample,1029,drone,25.716039,9.143361,0.816434,3.150799,1.453750,0.187166,0.100032,-2.192388,-0.282263,-0.150857,0.128042
sample,1030,drone,25.741030,9.179008,0.821024,3.153251,1.398760,0.180086,0.096248,-2.206722,-0.284108,-0.151844,0.128042
sample,1031,drone,25.766021,9.213275,0.825436,3.155609,1.343452,0.172965,0.092443,-2.217729,-0.285525,-0.152601,0.128042
sample,1032,drone,25.791013,9.246157,0.829669,3.157872,1.287912,0.165815,0.088621,-2.225321,-0.286503,-0.153124,0.128042
sample,1033,drone,25.816004,9.277648,0.833723,3.160039,1.232225,0.158645,0.084789,-2.229416,-0.287030,-0.153405,0.128042
sample,1034,drone,25.840995,9.307747,0.837598,3.162110,1.176480,0.151468,0.080953,-2.229927,-0.287096,-0.153441,0.128042
sample,1035,drone,25.865987,9.336452,0.841294,3.164085,1.120767,0.144295,0.077120,-2.226771,-0.286690,-0.153223,0.128042
sample,1036,drone,25.890978,9.363766,0.844811,3.165964,1.065180,0.137139,0.073295,-2.219862,-0.285800,-0.152748,0.128042
sample,1037,drone,25.915969,9.389692,0.848149,3.167748,1.009813,0.130010,0.069485,-2.209115,-0.284416,-0.152008,0.128042
sample,1038,drone,25.940960,9.414239,0.851309,3.169437,0.954763,0.122923,0.065697,-2.194446,-0.282528,-0.150999,0.128042
sample,1039,drone,25.965952,9.437414,0.854293,3.171032,0.900129,0.115889,0.061938,-2.175770,-0.280123,-0.149714,0.128042
sample,1040,drone,25.990943,9.459229,0.857101,3.172533,0.846012,0.108921,0.058214,-2.153002,-0.277192,-0.148147,0.128042
sample,1041,drone,26.015934,9.479700,0.859737,3.173942,0.792516,0.102034,0.054533,-2.126057,-0.273723,-0.146293,0.128042
sample,1042,drone,26.040926,9.498841,0.862201,3.175259,0.739747,0.095240,0.050902,-2.094851,-0.269705,-0.144146,0.128042
sample,1043,drone,26.065917,9.516674,0.864497,3.176486,0.687810,0.088553,0.047328,-2.059298,-0.265128,-0.141700,0.128042
sample,1044,drone,26.090908,9.533220,0.866627,3.177625,0.636817,0.081988,0.043819,-2.019314,-0.259980,-0.138948,0.128042
sample,1045,drone,26.115899,9.548504,0.868595,3.178676,0.586880,0.075559,0.040383,-1.974813,-0.254251,-0.135886,0.128042
sample,1046,drone,26.140891,9.562554,0.870404,3.179643,0.538111,0.069280,0.037027,-1.925712,-0.247929,-0.132508,0.128042
sample,1047,drone,26.165882,9.575400,0.872058,3.180527,0.490628,0.063167,0.033760,-1.871926,-0.241004,-0.128807,0.128042
sample,1048,drone,26.190873,9.587077,0.873561,3.181330,0.444548,0.057234,0.030589,-1.813368,-0.233465,-0.124777,0.128042
sample,1049,drone,26.215865,9.597620,0.874919,3.182056,0.399991,0.051498,0.027523,-1.749956,-0.225301,-0.120414,0.128042
sample,1050,drone,26.240856,9.607069,0.876135,3.182706,0.357080,0.045973,0.024571,-1.681603,-0.216501,-0.115711,0.128042
sample,1051,drone,26.265847,9.615467,0.877217,3.183284,0.315940,0.040676,0.021740,-1.608226,-0.207054,-0.110661,0.128042
sample,1052,drone,26.290838,9.622861,0.878168,3.183793,0.276697,0.035624,0.019039,-1.529738,-0.196949,-0.105261,0.128042
sample,1053,drone,26.315830,9.629297,0.878997,3.184236,0.239480,0.030832,0.016479,-1.446056,-0.186175,-0.099503,0.128042
sample,1054,drone,26.340821,9.634830,0.879709,3.184616,0.204419,0.026318,0.014066,-1.357095,-0.174722,-0.093381,0.128042
sample,1055,drone,26.365812,9.639515,0.880313,3.184939,0.171649,0.022099,0.011811,-1.262770,-0.162578,-0.086891,0.128042
sample,1056,drone,26.390804,9.643410,0.880814,3.185207,0.141303,0.018192,0.009723,-1.162995,-0.149732,-0.080025,0.128042
sample,1057,drone,26.415795,9.646578,0.881222,3.185425,0.113519,0.014615,0.007811,-1.057687,-0.136174,-0.072779,0.128042
sample,1058,drone,26.440786,9.649084,0.881545,3.185597,0.088437,0.011386,0.006085,-0.946760,-0.121892,-0.065146,0.128042
sample,1059,drone,26.465778,9.650998,0.881791,3.185729,0.066198,0.008523,0.004555,-0.830129,-0.106876,-0.057121,0.128042
sample,1060,drone,26.490769,9.652393,0.881971,3.185825,0.046945,0.006044,0.003230,-0.707710,-0.091115,-0.048697,0.128042
sample,1061,drone,26.515760,9.653344,0.882093,3.185890,0.030824,0.003969,0.002121,-0.579418,-0.074598,-0.039870,0.128042
sample,1062,drone,26.540751,9.653933,0.882169,3.185931,0.017984,0.002315,0.001237,-0.445169,-0.057314,-0.030632,0.128042
sample,1063,drone,26.565743,9.654243,0.882209,3.185952,0.008574,0.001104,0.000590,-0.304876,-0.039252,-0.020978,0.128042
sample,1064,drone,26.590734,9.654362,0.882224,3.185960,0.002746,0.000353,0.000189,-0.172093,-0.015243,-0.015539,0.128042
sample,1065,drone,26.615725,9.654380,0.882226,3.185962,-0.000028,0.000342,-0.000187,-0.123453,0.043155,-0.040071,1.652141
sample,1066,drone,26.640717,9.654360,0.882241,3.185951,-0.003425,0.002510,-0.001814,-0.225482,0.158844,-0.115981,2.509057
sample,1067,drone,26.665708,9.654209,0.882352,3.185871,-0.011298,0.008281,-0.005984,-0.417143,0.305763,-0.220930,2.509064
sample,1068,drone,26.690699,9.653796,0.882655,3.185652,-0.024275,0.017793,-0.012857,-0.615384,0.451073,-0.325924,2.509064
sample,1069,drone,26.715690,9.652996,0.883241,3.185228,-0.042057,0.030827,-0.022274,-0.801786,0.587704,-0.424648,2.509064
sample,1070,drone,26.740682,9.651694,0.884196,3.184539,-0.064350,0.047168,-0.034082,-0.976575,0.715824,-0.517221,2.509064
sample,1071,drone,26.765673,9.649780,0.885599,3.183525,-0.090868,0.066606,-0.048126,-1.139981,0.835599,-0.603765,2.509064
sample,1072,drone,26.790664,9.647152,0.887525,3.182133,-0.121329,0.088934,-0.064259,-1.292231,0.947198,-0.684401,2.509064
sample,1073,drone,26.815656,9.643715,0.890044,3.180313,-0.155457,0.113949,-0.082334,-1.433556,1.050788,-0.759250,2.509064
sample,1074,drone,26.840647,9.639382,0.893221,3.178018,-0.192982,0.141455,-0.102209,-1.564184,1.146538,-0.828434,2.509064
sample,1075,drone,26.865638,9.634069,0.897114,3.175204,-0.233639,0.171256,-0.123742,-1.684344,1.234614,-0.892075,2.509064
sample,1076,drone,26.890629,9.627704,0.901780,3.171833,-0.277170,0.203164,-0.146797,-1.794265,1.315186,-0.950292,2.509064
sample,1077,drone,26.915621,9.620216,0.907269,3.167867,-0.323321,0.236993,-0.171240,-1.894176,1.388420,-1.003207,2.509064
sample,1078,drone,26.940612,9.611543,0.913626,3.163274,-0.371846,0.272561,-0.196940,-1.984306,1.454484,-1.050942,2.509064
sample,1079,drone,26.965603,9.601630,0.920892,3.158023,-0.422502,0.309691,-0.223769,-2.064883,1.513547,-1.093618,2.509064
sample,1080,drone,26.990595,9.590426,0.929105,3.152089,-0.475054,0.348212,-0.251602,-2.136137,1.565776,-1.131356,2.509064
sample,1081,drone,27.015586,9.577886,0.938297,3.145448,-0.529272,0.387953,-0.280317,-2.198296,1.611338,-1.164277,2.509064
sample,1082,drone,27.040577,9.563971,0.948496,3.138078,-0.584931,0.428751,-0.309795,-2.251590,1.650402,-1.192503,2.509064
sample,1083,drone,27.065569,9.548649,0.959727,3.129963,-0.641812,0.470444,-0.339921,-2.296247,1.683135,-1.216155,2.509064
sample,1084,drone,27.090560,9.531892,0.972010,3.121088,-0.699703,0.512878,-0.370582,-2.332496,1.709706,-1.235353,2.509064
sample,1085,drone,27.115551,9.513676,0.985362,3.111441,-0.758396,0.555900,-0.401667,-2.360567,1.730282,-1.250220,2.509064
sample,1086,drone,27.140542,9.493985,0.999795,3.101012,-0.817690,0.599362,-0.433071,-2.380688,1.745030,-1.260877,2.509064
sample,1087,drone,27.165534,9.472806,1.015319,3.089795,-0.877389,0.643121,-0.464689,-2.393087,1.754119,-1.267444,2.509064
sample,1088,drone,27.190525,9.450131,1.031940,3.077786,-0.937303,0.687037,-0.496421,-2.397995,1.757716,-1.270043,2.509064
sample,1089,drone,27.215516,9.425957,1.049659,3.064982,-0.997247,0.730976,-0.528169,-2.395639,1.755989,-1.268795,2.509064
sample,1090,drone,27.240508,9.400286,1.068476,3.051386,-1.057043,0.774806,-0.559839,-2.386249,1.749106,-1.263822,2.509064
sample,1091,drone,27.265499,9.373123,1.088386,3.037000,-1.116518,0.818401,-0.591338,-2.370054,1.737235,-1.255245,2.509064
sample,1092,drone,27.290490,9.344480,1.109382,3.021830,-1.175504,0.861638,-0.622579,-2.347282,1.720544,-1.243184,2.509064
sample,1093,drone,27.315481,9.314369,1.131453,3.005882,-1.233841,0.904398,-0.653476,-2.318163,1.699200,-1.227762,2.509064
sample,1094,drone,27.340473,9.282809,1.154586,2.989167,-1.291372,0.946568,-0.683946,-2.282926,1.673371,-1.209099,2.509064
sample,1095,drone,27.365464,9.249823,1.178765,2.971697,-1.347948,0.988038,-0.713910,-2.241798,1.643225,-1.187317,2.509064
sample,1096,drone,27.390455,9.215435,1.203971,2.953484,-1.403423,1.028701,-0.743291,-2.195010,1.608929,-1.162537,2.509064
sample,1097,drone,27.415447,9.179676,1.230182,2.934545,-1.457660,1.068456,-0.772016,-2.142790,1.570652,-1.134880,2.509064
sample,1098,drone,27.440438,9.142577,1.257375,2.914897,-1.510525,1.107206,-0.800015,-2.085367,1.528562,-1.104467,2.509064
sample,1099,drone,27.465429,9.104176,1.285523,2.894558,-1.561892,1.144858,-0.827220,-2.022970,1.482825,-1.071420,2.509064
sample,1100,drone,27.490420,9.064510,1.314598,2.873550,-1.611639,1.181322,-0.853568,-1.955828,1.433611,-1.035860,2.509064
sample,1101,drone,27.515412,9.023622,1.344569,2.851895,-1.659649,1.216513,-0.878995,-1.884170,1.381086,-0.997908,2.509064
sample,1102,drone,27.540403,8.981557,1.375402,2.829616,-1.705814,1.250352,-0.903446,-1.808225,1.325418,-0.957685,2.509064
sample,1103,drone,27.565394,8.938361,1.407064,2.806738,-1.750029,1.282761,-0.926863,-1.728221,1.266776,-0.915313,2.509064
sample,1104,drone,27.590386,8.894086,1.439518,2.783289,-1.792195,1.313668,-0.949195,-1.644388,1.205327,-0.870913,2.509064
sample,1105,drone,27.615377,8.848782,1.472725,2.759295,-1.832220,1.343006,-0.970393,-1.556954,1.141238,-0.824605,2.509064
sample,1106,drone,27.640368,8.802506,1.506645,2.734786,-1.870016,1.370711,-0.990411,-1.466149,1.074679,-0.776512,2.509064
sample,1107,drone,27.665360,8.755314,1.541237,2.709792,-1.905502,1.396721,-1.009205,-1.372201,1.005815,-0.726755,2.509064
sample,1108,drone,27.690351,8.707265,1.576457,2.684343,-1.938602,1.420984,-1.026736,-1.275340,0.934816,-0.675454,2.509064
sample,1109,drone,27.715342,8.658418,1.612261,2.658473,-1.969247,1.443446,-1.042966,-1.175793,0.861849,-0.622732,2.509064
sample,1110,drone,27.740333,8.608837,1.648604,2.632213,-1.997371,1.464061,-1.057862,-1.073791,0.787082,-0.568709,2.509064
sample,1111,drone,27.765325,8.558584,1.685439,2.605598,-2.022917,1.482786,-1.071392,-0.969561,0.710683,-0.513506,2.509064
sample,1112,drone,27.790316,8.507726,1.722717,2.578662,-2.045832,1.499583,-1.083528,-0.863334,0.632818,-0.457245,2.509064
sample,1113,drone,27.815307,8.456328,1.760392,2.551441,-2.066069,1.514416,-1.094246,-0.755337,0.553657,-0.400047,2.509064
sample,1114,drone,27.840299,8.404458,1.798412,2.523969,-2.083586,1.527256,-1.103524,-0.645800,0.473368,-0.342033,2.509064
sample,1115,drone,27.865290,8.352185,1.836728,2.496284,-2.098348,1.538076,-1.111342,-0.534952,0.392116,-0.283325,2.509064
sample,1116,drone,27.890281,8.299578,1.875289,2.468421,-2.110324,1.546855,-1.117685,-0.423021,0.310072,-0.224043,2.509064
sample,1117,drone,27.915272,8.246706,1.914044,2.440419,-2.119491,1.553575,-1.122540,-0.310237,0.227402,-0.164310,2.509064
sample,1118,drone,27.940264,8.193640,1.952941,2.412314,-2.125831,1.558221,-1.125898,-0.196828,0.144274,-0.104245,2.509064
sample,1119,drone,27.965255,8.140451,1.991928,2.384144,-2.129329,1.560786,-1.127751,-0.083023,0.060856,-0.043971,2.509064
sample,1120,drone,27.990246,8.087211,2.030953,2.355946,-2.129980,1.561263,-1.128095,0.030948,-0.022685,0.016391,2.509064
sample,1121,drone,28.015238,8.033989,2.069964,2.327758,-2.127783,1.559652,-1.126931,0.144857,-0.106179,0.076720,2.509064
sample,1122,drone,28.040229,7.980858,2.108908,2.299619,-2.122740,1.555956,-1.124261,0.258475,-0.189461,0.136895,2.509064
sample,1123,drone,28.065220,7.927889,2.147734,2.271565,-2.114863,1.550182,-1.120089,0.371573,-0.272361,0.196795,2.509064
sample,1124,drone,28.090211,7.875152,2.186390,2.243634,-2.104168,1.542343,-1.114424,0.483922,-0.354712,0.256298,2.509064
sample,1125,drone,28.115203,7.822717,2.224825,2.215863,-2.090676,1.532453,-1.107279,0.595294,-0.436347,0.315284,2.509064
sample,1126,drone,28.140194,7.770655,2.262986,2.188289,-2.074414,1.520533,-1.098666,0.705458,-0.517097,0.373630,2.509064
sample,1127,drone,28.165185,7.719033,2.300825,2.160949,-2.055415,1.506607,-1.088604,0.814187,-0.596795,0.431216,2.509064
sample,1128,drone,28.190177,7.667920,2.338290,2.133878,-2.033718,1.490704,-1.077112,0.921252,-0.675272,0.487920,2.509064
sample,1129,drone,28.215168,7.617382,2.375334,2.107112,-2.009368,1.472855,-1.064216,1.026423,-0.752362,0.543621,2.509064
sample,1130,drone,28.240159,7.567486,2.411907,2.080686,-1.982415,1.453099,-1.049941,1.129471,-0.827896,0.598199,2.509064
sample,1131,drone,28.265150,7.518296,2.447964,2.054633,-1.952915,1.431475,-1.034317,1.230168,-0.901706,0.651531,2.509064
sample,1132,drone,28.290142,7.469875,2.483456,2.028988,-1.920928,1.408029,-1.017376,1.328285,-0.973625,0.703496,2.509064
sample,1133,drone,28.315133,7.422283,2.518340,2.003782,-1.886523,1.382810,-0.999154,1.423593,-1.043485,0.753974,2.509064
sample,1134,drone,28.340124,7.375581,2.552573,1.979048,-1.849773,1.355873,-0.979690,1.515863,-1.111119,0.802842,2.509064
sample,1135,drone,28.365116,7.329827,2.586110,1.954815,-1.810757,1.327274,-0.959026,1.604866,-1.176357,0.849981,2.509064
sample,1136,drone,28.390107,7.285075,2.618913,1.931113,-1.769558,1.297075,-0.937206,1.690373,-1.239033,0.895267,2.509064
sample,1137,drone,28.415098,7.241380,2.650942,1.907971,-1.726267,1.265344,-0.914278,1.772155,-1.298979,0.938581,2.509064
sample,1138,drone,28.440090,7.198792,2.682158,1.885415,-1.680981,1.232149,-0.890293,1.849983,-1.356027,0.979801,2.509064
sample,1139,drone,28.465081,7.157360,2.712528,1.863472,-1.633801,1.197566,-0.865305,1.923629,-1.410009,1.018806,2.509064
sample,1140,drone,28.490072,7.117130,2.742016,1.842165,-1.584833,1.161673,-0.839371,1.992863,-1.460757,1.055474,2.509064
sample,1141,drone,28.515063,7.078146,2.770591,1.821518,-1.534192,1.124554,-0.812550,2.057457,-1.508104,1.089685,2.509064
sample,1142,drone,28.540055,7.040447,2.798224,1.801552,-1.481996,1.086294,-0.784905,2.117181,-1.551881,1.121316,2.509064
sample,1143,drone,28.565046,7.004072,2.824887,1.782286,-1.428370,1.046987,-0.756503,2.171807,-1.591922,1.150248,2.509064
sample,1144,drone,28.590037,6.969054,2.850555,1.763740,-1.373444,1.006726,-0.727413,2.221106,-1.628057,1.176358,2.509064
sample,1145,drone,28.615029,6.935424,2.875206,1.745928,-1.317353,0.965612,-0.697706,2.264848,-1.660120,1.199525,2.509064
sample,1146,drone,28.640020,6.903209,2.898819,1.728867,-1.260241,0.923749,-0.667458,2.302806,-1.687943,1.219628,2.509064
sample,1147,drone,28.665011,6.872434,2.921377,1.712567,-1.202253,0.881244,-0.636746,2.334749,-1.711357,1.236547,2.509064
sample,1148,drone,28.690002,6.843117,2.942866,1.697040,-1.143544,0.838211,-0.605652,2.360450,-1.730196,1.250158,2.509064
sample,1149,drone,28.714994,6.815276,2.963273,1.682295,-1.084272,0.794765,-0.574260,2.379679,-1.744291,1.260343,2.509064
sample,1150,drone,28.739985,6.788923,2.982590,1.668337,-1.024601,0.751027,-0.542657,2.392207,-1.753474,1.266978,2.509064
sample,1151,drone,28.764976,6.764064,3.000811,1.655172,-0.964703,0.707122,-0.510933,2.397806,-1.757577,1.269943,2.509064
sample,1152,drone,28.789968,6.740704,3.017934,1.642800,-0.904753,0.663178,-0.479182,2.396246,-1.756434,1.269117,2.509064
sample,1153,drone,28.814959,6.718842,3.033959,1.631221,-0.844932,0.619330,-0.447499,2.387298,-1.749875,1.264378,2.509064
sample,1154,drone,28.839950,6.698472,3.048890,1.620432,-0.785430,0.575715,-0.415985,2.370734,-1.737734,1.255605,2.509064
sample,1155,drone,28.864941,6.679584,3.062734,1.610429,-0.726437,0.532474,-0.384741,2.346325,-1.719842,1.242677,2.509064
sample,1156,drone,28.889933,6.662163,3.075504,1.601202,-0.668154,0.489753,-0.353873,2.313842,-1.696032,1.225473,2.509064
sample,1157,drone,28.914924,6.646188,3.087213,1.592741,-0.610785,0.447702,-0.323488,2.273055,-1.666136,1.203872,2.509064
sample,1158,drone,28.939915,6.631634,3.097881,1.585033,-0.554541,0.406475,-0.293700,2.223736,-1.629986,1.177751,2.509064
sample,1159,drone,28.964907,6.618471,3.107530,1.578062,-0.499637,0.366231,-0.264621,2.165657,-1.587414,1.146991,2.509064
sample,1160,drone,28.989898,6.606661,3.116186,1.571807,-0.446296,0.327132,-0.236370,2.098587,-1.538252,1.111469,2.509064
sample,1161,drone,29.014889,6.596164,3.123881,1.566247,-0.394744,0.289345,-0.209067,2.022299,-1.482333,1.071064,2.509064
sample,1162,drone,29.039881,6.586931,3.130649,1.561357,-0.345216,0.253041,-0.182836,1.936563,-1.419489,1.025656,2.509064
sample,1163,drone,29.064872,6.578909,3.136529,1.557108,-0.297950,0.218396,-0.157802,1.841150,-1.349552,0.975123,2.509064
sample,1164,drone,29.089863,6.572039,3.141565,1.553470,-0.253191,0.185587,-0.134097,1.735832,-1.272355,0.919344,2.509064
sample,1165,drone,29.114854,6.566254,3.145805,1.550406,-0.211189,0.154800,-0.111851,1.620380,-1.187729,0.858197,2.509064
sample,1166,drone,29.139846,6.561483,3.149302,1.547879,-0.172200,0.126222,-0.091202,1.494564,-1.095506,0.791561,2.509064
sample,1167,drone,29.164837,6.557647,3.152114,1.545848,-0.136486,0.100044,-0.072287,1.358155,-0.995520,0.719316,2.509064
sample,1168,drone,29.189828,6.554661,3.154302,1.544266,-0.104316,0.076463,-0.055248,1.210926,-0.887601,0.641339,2.509064
sample,1169,drone,29.214820,6.552433,3.155935,1.543086,-0.075961,0.055679,-0.040231,1.052646,-0.771583,0.557510,2.509064
sample,1170,drone,29.239811,6.550864,3.157085,1.542255,-0.051702,0.037897,-0.027383,0.883088,-0.647298,0.467707,2.509064
sample,1171,drone,29.264802,6.549849,3.157830,1.541717,-0.031822,0.023326,-0.016854,0.702021,-0.514577,0.371809,2.509064
sample,1172,drone,29.289793,6.549274,3.158251,1.541413,-0.016613,0.012177,-0.008799,0.509217,-0.373253,0.269695,2.509064
sample,1173,drone,29.314785,6.549018,3.158438,1.541278,-0.006370,0.004669,-0.003374,0.306976,-0.224794,0.162325,2.509064
sample,1174,drone,29.339776,6.548955,3.158485,1.541244,-0.001270,0.000941,-0.000685,0.136820,-0.096122,0.067513,2.503532
sample,1175,drone,29.364767,6.548955,3.158485,1.541243,0.000468,-0.000135,0.000001,0.067714,-0.032229,0.015180,-0.280765
sample,1176,drone,29.389759,6.548979,3.158478,1.541244,0.002115,-0.000669,0.000073,0.093804,-0.029956,0.003571,-0.306553
sample,1177,drone,29.414750,6.549061,3.158452,1.541247,0.005157,-0.001632,0.000179,0.149669,-0.047375,0.005198,-0.306553
sample,1178,drone,29.439741,6.549236,3.158396,1.541253,0.009596,-0.003037,0.000333,0.204797,-0.064825,0.007112,-0.306553
sample,1179,drone,29.464732,6.549540,3.158300,1.541264,0.015393,-0.004872,0.000535,0.258402,-0.081792,0.008974,-0.306553
sample,1180,drone,29.489724,6.550006,3.158153,1.541280,0.022511,-0.007126,0.000782,0.310498,-0.098282,0.010783,-0.306553
sample,1181,drone,29.514715,6.550666,3.157944,1.541303,0.030913,-0.009785,0.001074,0.361097,-0.114298,0.012540,-0.306553
sample,1182,drone,29.539706,6.551551,3.157664,1.541334,0.040560,-0.012838,0.001409,0.410215,-0.129846,0.014246,-0.306553
sample,1183,drone,29.564698,6.552693,3.157302,1.541373,0.051416,-0.016275,0.001786,0.457864,-0.144928,0.015901,-0.306553
sample,1184,drone,29.589689,6.554121,3.156850,1.541423,0.063445,-0.020082,0.002203,0.504059,-0.159550,0.017505,-0.306553
sample,1185,drone,29.614680,6.555864,3.156298,1.541483,0.076610,-0.024250,0.002660,0.548812,-0.173716,0.019059,-0.306553
sample,1186,drone,29.639672,6.557950,3.155638,1.541556,0.090876,-0.028765,0.003156,0.592139,-0.187430,0.020564,-0.306553
sample,1187,drone,29.664663,6.560406,3.154861,1.541641,0.106207,-0.033618,0.003688,0.634052,-0.200697,0.022019,-0.306553
sample,1188,drone,29.689654,6.563259,3.153958,1.541740,0.122568,-0.038797,0.004256,0.674566,-0.213521,0.023426,-0.306553
sample,1189,drone,29.714645,6.566532,3.152922,1.541854,0.139924,-0.044290,0.004859,0.713694,-0.225906,0.024785,-0.306553
sample,1190,drone,29.739637,6.570252,3.151744,1.541983,0.158240,-0.050088,0.005495,0.751450,-0.237857,0.026096,-0.306553
sample,1191,drone,29.764628,6.574442,3.150418,1.542128,0.177483,-0.056179,0.006164,0.787848,-0.249378,0.027360,-0.306553
sample,1192,drone,29.789619,6.579123,3.148936,1.542291,0.197619,-0.062552,0.006863,0.822902,-0.260474,0.028577,-0.306553
sample,1193,drone,29.814611,6.584319,3.147292,1.542471,0.218614,-0.069198,0.007592,0.856624,-0.271148,0.029748,-0.306553
sample,1194,drone,29.839602,6.590050,3.145477,1.542670,0.240435,-0.076105,0.008350,0.889030,-0.281405,0.030874,-0.306553
sample,1195,drone,29.864593,6.596337,3.143488,1.542889,0.263050,-0.083263,0.009135,0.920132,-0.291250,0.031954,-0.306553
sample,1196,drone,29.889584,6.603198,3.141316,1.543127,0.286426,-0.090663,0.009947,0.949945,-0.300687,0.032989,-0.306553
sample,1197,drone,29.914576,6.610653,3.138956,1.543386,0.310531,-0.098293,0.010784,0.978482,-0.309720,0.033980,-0.306553
sample,1198,drone,29.939567,6.618719,3.136403,1.543666,0.335333,-0.106143,0.011645,1.005758,-0.318353,0.034928,-0.306553
sample,1199,drone,29.964558,6.627414,3.133651,1.543968,0.360801,-0.114205,0.012530,1.031785,-0.326592,0.035831,-0.306553
sample,1200,drone,29.989550,6.636753,3.130695,1.544292,0.386904,-0.122467,0.013436,1.056578,-0.334439,0.036692,-0.306553
sample,1201,drone,30.014541,6.646752,3.127530,1.544640,0.413611,-0.130921,0.014364,1.080150,-0.341901,0.037511,-0.306553
sample,1202,drone,30.039532,6.657426,3.124151,1.545010,0.440893,-0.139556,0.015311,1.102515,-0.348980,0.038288,-0.306553
sample,1203,drone,30.064523,6.668789,3.120554,1.545405,0.468718,-0.148364,0.016277,1.123687,-0.355682,0.039023,-0.306553
sample,1204,drone,30.089515,6.680854,3.116735,1.545824,0.497058,-0.157334,0.017262,1.143680,-0.362010,0.039717,-0.306553
sample,1205,drone,30.114506,6.693634,3.112690,1.546268,0.525882,-0.166458,0.018263,1.162507,-0.367969,0.040371,-0.306553
sample,1206,drone,30.139497,6.707139,3.108415,1.546737,0.555163,-0.175726,0.019279,1.180183,-0.373564,0.040985,-0.306553
sample,1207,drone,30.164489,6.721382,3.103907,1.547231,0.584871,-0.185130,0.020311,1.196720,-0.378799,0.041559,-0.306553
sample,1208,drone,30.189480,6.736372,3.099162,1.547752,0.614978,-0.194659,0.021357,1.212133,-0.383677,0.042094,-0.306553
sample,1209,drone,30.214471,6.752120,3.094177,1.548299,0.645456,-0.204307,0.022415,1.226435,-0.388205,0.042591,-0.306553
sample,1210,drone,30.239463,6.768634,3.088950,1.548872,0.676278,-0.214063,0.023485,1.239641,-0.392385,0.043050,-0.306553
sample,1211,drone,30.264454,6.785922,3.083478,1.549473,0.707417,-0.223919,0.024567,1.251764,-0.396222,0.043471,-0.306553
sample,1212,drone,30.289445,6.803993,3.077758,1.550100,0.738845,-0.233867,0.025658,1.262817,-0.399720,0.043855,-0.306553
sample,1213,drone,30.314436,6.822852,3.071789,1.550755,0.770536,-0.243898,0.026759,1.272815,-0.402885,0.044202,-0.306553
sample,1214,drone,30.339428,6.842506,3.065567,1.551438,0.802463,-0.254004,0.027868,1.281771,-0.405720,0.044513,-0.306553
sample,1215,drone,30.364419,6.862961,3.059093,1.552148,0.834602,-0.264177,0.028984,1.289699,-0.408229,0.044788,-0.306553
sample,1216,drone,30.389410,6.884221,3.052363,1.552886,0.866926,-0.274409,0.030106,1.296613,-0.410418,0.045028,-0.306553
sample,1217,drone,30.414402,6.906292,3.045377,1.553653,0.899410,-0.284691,0.031234,1.302526,-0.412290,0.045234,-0.306553
sample,1218,drone,30.439393,6.929176,3.038134,1.554448,0.932029,-0.295016,0.032367,1.307453,-0.413849,0.045405,-0.306553
sample,1219,drone,30.464384,6.952877,3.030632,1.555271,0.964760,-0.305376,0.033504,1.311406,-0.415101,0.045542,-0.306553
sample,1220,drone,30.489375,6.977397,3.022870,1.556122,0.997577,-0.315764,0.034643,1.314401,-0.416048,0.045646,-0.306553
sample,1221,drone,30.514367,7.002739,3.014849,1.557002,1.030457,-0.326171,0.035785,1.316450,-0.416697,0.045717,-0.306553
sample,1222,drone,30.539358,7.028902,3.006567,1.557911,1.063376,-0.336591,0.036928,1.317567,-0.417051,0.045756,-0.306553
sample,1223,drone,30.564349,7.055889,2.998025,1.558848,1.096312,-0.347017,0.038072,1.317767,-0.417114,0.045763,-0.306553
sample,1224,drone,30.589341,7.083699,2.989222,1.559814,1.129242,-0.357440,0.039216,1.317062,-0.416891,0.045738,-0.306553
sample,1225,drone,30.614332,7.112331,2.980159,1.560808,1.162142,-0.367854,0.040358,1.315467,-0.416386,0.045683,-0.306553
sample,1226,drone,30.639323,7.141786,2.970836,1.561831,1.194992,-0.378252,0.041499,1.312996,-0.415604,0.045597,-0.306553
sample,1227,drone,30.664314,7.172060,2.961253,1.562882,1.227769,-0.388627,0.042637,1.309661,-0.414548,0.045481,-0.306553
sample,1228,drone,30.689306,7.203153,2.951412,1.563962,1.260452,-0.398972,0.043772,1.305478,-0.413224,0.045336,-0.306553
sample,1229,drone,30.714297,7.235061,2.941312,1.565070,1.293020,-0.409281,0.044903,1.300459,-0.411635,0.045162,-0.306553
sample,1230,drone,30.739288,7.267781,2.930955,1.566206,1.325453,-0.419547,0.046030,1.294619,-0.409787,0.044959,-0.306553
sample,1231,drone,30.764280,7.301310,2.920342,1.567371,1.357729,-0.429763,0.047151,1.287970,-0.407682,0.044728,-0.306553
sample,1232,drone,30.789271,7.335644,2.909474,1.568563,1.389829,-0.439924,0.048265,1.280528,-0.405327,0.044470,-0.306553
sample,1233,drone,30.814262,7.370778,2.898353,1.569783,1.421733,-0.450022,0.049373,1.272305,-0.402724,0.044184,-0.306553
sample,1234,drone,30.839254,7.406706,2.886981,1.571031,1.453422,-0.460053,0.050474,1.263316,-0.399879,0.043872,-0.306553
sample,1235,drone,30.864245,7.443423,2.875359,1.572306,1.484877,-0.470009,0.051566,1.253574,-0.396795,0.043534,-0.306553
sample,1236,drone,30.889236,7.480924,2.863488,1.573608,1.516079,-0.479886,0.052650,1.243093,-0.393477,0.043170,-0.306553
sample,1237,drone,30.914227,7.519201,2.851373,1.574938,1.547010,-0.489676,0.053724,1.231887,-0.389930,0.042780,-0.306553
sample,1238,drone,30.939219,7.558248,2.839013,1.576294,1.577652,-0.499375,0.054788,1.219970,-0.386158,0.042367,-0.306553
sample,1239,drone,30.964210,7.598056,2.826413,1.577676,1.607987,-0.508977,0.055841,1.207354,-0.382165,0.041928,-0.306553
sample,1240,drone,30.989201,7.638619,2.813573,1.579085,1.637998,-0.518477,0.056884,1.194055,-0.377955,0.041467,-0.306553
sample,1241,drone,31.014193,7.679927,2.800498,1.580519,1.667669,-0.527869,0.057914,1.180085,-0.373533,0.040981,-0.306553
sample,1242,drone,31.039184,7.721973,2.787189,1.581979,1.696982,-0.537147,0.058932,1.165459,-0.368904,0.040474,-0.306553
sample,1243,drone,31.064175,7.764747,2.773650,1.583465,1.725922,-0.546307,0.059937,1.150191,-0.364071,0.039943,-0.306553
sample,1244,drone,31.089166,7.808239,2.759883,1.584975,1.754472,-0.555344,0.060929,1.134293,-0.359039,0.039391,-0.306553
sample,1245,drone,31.114158,7.852440,2.745892,1.586510,1.782617,-0.564253,0.061906,1.117780,-0.353812,0.038818,-0.306553
sample,1246,drone,31.139149,7.897339,2.731680,1.588069,1.810341,-0.573029,0.062869,1.100666,-0.348395,0.038223,-0.306553
sample,1247,drone,31.164140,7.942926,2.717251,1.589653,1.837631,-0.581667,0.063816,1.082965,-0.342792,0.037609,-0.306553
sample,1248,drone,31.189132,7.989189,2.702607,1.591259,1.864471,-0.590162,0.064749,1.064689,-0.337007,0.036974,-0.306553
sample,1249,drone,31.214123,8.036117,2.687753,1.592889,1.890847,-0.598511,0.065664,1.045853,-0.331045,0.036320,-0.306553
sample,1250,drone,31.239114,8.083698,2.672692,1.594541,1.916745,-0.606709,0.066564,1.026471,-0.324910,0.035647,-0.306553
sample,1251,drone,31.264105,8.131921,2.657428,1.596216,1.942152,-0.614751,0.067446,1.006556,-0.318606,0.034955,-0.306553
sample,1252,drone,31.289097,8.180772,2.641965,1.597912,1.967055,-0.622634,0.068311,0.986123,-0.312138,0.034246,-0.306553
sample,1253,drone,31.314088,8.230239,2.626307,1.599630,1.991441,-0.630353,0.069158,0.965184,-0.305511,0.033518,-0.306553
sample,1254,drone,31.339079,8.280309,2.610458,1.601369,2.015298,-0.637904,0.069986,0.943754,-0.298727,0.032774,-0.306553
sample,1255,drone,31.364071,8.330969,2.594423,1.603128,2.038613,-0.645284,0.070796,0.921847,-0.291793,0.032013,-0.306553
sample,1256,drone,31.389062,8.382204,2.578205,1.604908,2.061374,-0.652488,0.071586,0.899476,-0.284712,0.031237,-0.306553
sample,1257,drone,31.414053,8.434002,2.561810,1.606706,2.083571,-0.659514,0.072357,0.876654,-0.277488,0.030444,-0.306553
sample,1258,drone,31.439044,8.486347,2.545241,1.608524,2.105191,-0.666358,0.073108,0.853397,-0.270126,0.029636,-0.306553
sample,1259,drone,31.464036,8.539224,2.528504,1.610361,2.126226,-0.673016,0.073839,0.829717,-0.262631,0.028814,-0.306553
sample,1260,drone,31.489027,8.592621,2.511602,1.612215,2.146663,-0.679485,0.074548,0.805628,-0.255006,0.027977,-0.306553
sample,1261,drone,31.514018,8.646520,2.494541,1.614087,2.166493,-0.685762,0.075237,0.781144,-0.247256,0.027127,-0.306553
sample,1262,drone,31.539010,8.700908,2.477326,1.615975,2.185706,-0.691843,0.075904,0.756279,-0.239386,0.026264,-0.306553
sample,1263,drone,31.564001,8.755767,2.459961,1.617881,2.204294,-0.697727,0.076550,0.731047,-0.231399,0.025387,-0.306553
sample,1264,drone,31.588992,8.811084,2.442452,1.619802,2.222246,-0.703409,0.077173,0.705461,-0.223300,0.024499,-0.306553
sample,1265,drone,31.613984,8.866841,2.424803,1.621738,2.239555,-0.708888,0.077774,0.679534,-0.215094,0.023599,-0.306553
sample,1266,drone,31.638975,8.923023,2.407020,1.623689,2.256211,-0.714160,0.078353,0.653282,-0.206784,0.022687,-0.306553
sample,1267,drone,31.663966,8.979612,2.389107,1.625654,2.272207,-0.719224,0.078908,0.626718,-0.198375,0.021764,-0.306553
sample,1268,drone,31.688957,9.036593,2.371071,1.627633,2.287536,-0.724076,0.079441,0.599854,-0.189872,0.020831,-0.306553
sample,1269,drone,31.713949,9.093949,2.352916,1.629625,2.302189,-0.728714,0.079949,0.572706,-0.181279,0.019889,-0.306553
sample,1270,drone,31.738940,9.151663,2.334648,1.631629,2.316161,-0.733136,0.080435,0.545287,-0.172600,0.018936,-0.306553
sample,1271,drone,31.763931,9.209717,2.316272,1.633645,2.329444,-0.737341,0.080896,0.517610,-0.163839,0.017975,-0.306553
sample,1272,drone,31.788923,9.268094,2.297794,1.635672,2.342033,-0.741326,0.081333,0.489689,-0.155002,0.017006,-0.306553
sample,1273,drone,31.813914,9.326778,2.279219,1.637710,2.353920,-0.745088,0.081746,0.461539,-0.146091,0.016028,-0.306553
sample,1274,drone,31.838905,9.385750,2.260552,1.639758,2.365102,-0.748628,0.082134,0.433173,-0.137113,0.015043,-0.306553
sample,1275,drone,31.863896,9.444992,2.241801,1.641816,2.375571,-0.751942,0.082498,0.404604,-0.128070,0.014051,-0.306553
sample,1276,drone,31.888888,9.504487,2.222969,1.643882,2.385325,-0.755029,0.082837,0.375847,-0.118967,0.013052,-0.306553
sample,1277,drone,31.913879,9.564216,2.204062,1.645956,2.394357,-0.757888,0.083150,0.346915,-0.109809,0.012048,-0.306553
sample,1278,drone,31.938870,9.624163,2.185087,1.648038,2.402664,-0.760517,0.083439,0.317822,-0.100600,0.011037,-0.306553
sample,1279,drone,31.963862,9.684308,2.166050,1.650127,2.410243,-0.762916,0.083702,0.288582,-0.091345,0.010022,-0.306553
sample,1280,drone,31.988853,9.744633,2.146955,1.652221,2.417089,-0.765083,0.083940,0.259208,-0.082047,0.009002,-0.306553
sample,1281,drone,32.013844,9.805120,2.127809,1.654322,2.423199,-0.767017,0.084152,0.229714,-0.072712,0.007977,-0.306553
sample,1282,drone,32.038835,9.865751,2.108617,1.656428,2.428570,-0.768717,0.084338,0.200115,-0.063342,0.006949,-0.306553
sample,1283,drone,32.063827,9.926506,2.089386,1.658537,2.433201,-0.770183,0.084499,0.170423,-0.053944,0.005918,-0.306553
sample,1284,drone,32.088818,9.987368,2.070122,1.660651,2.437088,-0.771414,0.084634,0.140652,-0.044521,0.004885,-0.306553
sample,1285,drone,32.113809,10.048318,2.050829,1.662768,2.440231,-0.772408,0.084743,0.110817,-0.035077,0.003848,-0.306553
sample,1286,drone,32.138801,10.109337,2.031515,1.664887,2.442627,-0.773167,0.084827,0.080931,-0.025617,0.002811,-0.306553
sample,1287,drone,32.163792,10.170407,2.012184,1.667008,2.444276,-0.773689,0.084884,0.051008,-0.016146,0.001771,-0.306553
sample,1288,drone,32.188783,10.231509,1.992844,1.669129,2.445177,-0.773974,0.084915,0.021061,-0.006667,0.000731,-0.306553
sample,1289,drone,32.213775,10.292623,1.973499,1.671252,2.445329,-0.774022,0.084920,-0.008895,0.002816,-0.000309,-0.306553
sample,1290,drone,32.238766,10.353733,1.954156,1.673374,2.444732,-0.773833,0.084900,-0.038847,0.012296,-0.001349,-0.306553
sample,1291,drone,32.263757,10.414817,1.934821,1.675495,2.443387,-0.773407,0.084853,-0.068782,0.021771,-0.002389,-0.306553
sample,1292,drone,32.288748,10.475859,1.915499,1.677615,2.441294,-0.772745,0.084780,-0.098684,0.031237,-0.003427,-0.306553
sample,1293,drone,32.313740,10.536840,1.896197,1.679733,2.438455,-0.771846,0.084682,-0.128542,0.040687,-0.004464,-0.306553
sample,1294,drone,32.338731,10.597740,1.876920,1.681848,2.434870,-0.770711,0.084557,-0.158340,0.050119,-0.005499,-0.306553
sample,1295,drone,32.363722,10.658541,1.857675,1.683959,2.430540,-0.769341,0.084407,-0.188065,0.059529,-0.006531,-0.306553
sample,1296,drone,32.388714,10.719224,1.838467,1.686067,2.425470,-0.767736,0.084231,-0.217704,0.068910,-0.007560,-0.306553
sample,1297,drone,32.413705,10.779772,1.819301,1.688169,2.419659,-0.765897,0.084029,-0.247243,0.078260,-0.008586,-0.306553
sample,1298,drone,32.438696,10.840165,1.800185,1.690267,2.413112,-0.763824,0.083801,-0.276667,0.087574,-0.009608,-0.306553
sample,1299,drone,32.463687,10.900385,1.781124,1.692358,2.405831,-0.761520,0.083549,-0.305963,0.096847,-0.010625,-0.306553
sample,1300,drone,32.488679,10.960415,1.762122,1.694443,2.397819,-0.758984,0.083270,-0.335117,0.106075,-0.011638,-0.306553
sample,1301,drone,32.513670,11.020235,1.743188,1.696520,2.389081,-0.756218,0.082967,-0.364116,0.115254,-0.012645,-0.306553
sample,1302,drone,32.538661,11.079827,1.724325,1.698590,2.379619,-0.753223,0.082638,-0.392946,0.124380,-0.013646,-0.306553
sample,1303,drone,32.563653,11.139174,1.705540,1.700650,2.369440,-0.750001,0.082285,-0.421593,0.133447,-0.014641,-0.306553
sample,1304,drone,32.588644,11.198258,1.686838,1.702702,2.358547,-0.746553,0.081907,-0.450043,0.142453,-0.015629,-0.306553
sample,1305,drone,32.613635,11.257060,1.668225,1.704744,2.346946,-0.742881,0.081504,-0.478283,0.151391,-0.016610,-0.306553
sample,1306,drone,32.638626,11.315564,1.649707,1.706776,2.334641,-0.738986,0.081076,-0.506298,0.160259,-0.017583,-0.306553
sample,1307,drone,32.663618,11.373752,1.631288,1.708797,2.321640,-0.734870,0.080625,-0.534076,0.169051,-0.018547,-0.306553
sample,1308,drone,32.688609,11.431606,1.612976,1.710806,2.307947,-0.730536,0.080149,-0.561601,0.177764,-0.019503,-0.306553
sample,1309,drone,32.713600,11.489109,1.594774,1.712803,2.293569,-0.725985,0.079650,-0.588861,0.186393,-0.020450,-0.306553
sample,1310,drone,32.738592,11.546244,1.576689,1.714787,2.278514,-0.721220,0.079127,-0.615842,0.194933,-0.021387,-0.306553
sample,1311,drone,32.763583,11.602995,1.558726,1.716758,2.262788,-0.716242,0.078581,-0.642530,0.203380,-0.022313,-0.306553
sample,1312,drone,32.788574,11.659344,1.540890,1.718715,2.246399,-0.711054,0.078012,-0.668911,0.211731,-0.023230,-0.306553
sample,1313,drone,32.813566,11.715276,1.523186,1.720657,2.229354,-0.705659,0.077420,-0.694971,0.219980,-0.024135,-0.306553
sample,1314,drone,32.838557,11.770773,1.505619,1.722584,2.211662,-0.700059,0.076806,-0.720697,0.228123,-0.025028,-0.306553
sample,1315,drone,32.863548,11.825820,1.488195,1.724496,2.193332,-0.694257,0.076169,-0.746074,0.236156,-0.025909,-0.306553
sample,1316,drone,32.888539,11.880402,1.470918,1.726392,2.174372,-0.688256,0.075511,-0.771090,0.244074,-0.026778,-0.306553
sample,1317,drone,32.913531,11.934501,1.453794,1.728270,2.154791,-0.682058,0.074831,-0.795731,0.251873,-0.027634,-0.306553
sample,1318,drone,32.938522,11.988104,1.436827,1.730132,2.134599,-0.675666,0.074129,-0.819981,0.259549,-0.028476,-0.306553
sample,1319,drone,32.963513,12.041194,1.420023,1.731975,2.113806,-0.669085,0.073407,-0.843829,0.267098,-0.029304,-0.306553
sample,1320,drone,32.988505,12.093757,1.403385,1.733801,2.092422,-0.662316,0.072665,-0.867260,0.274515,-0.030118,-0.306553
sample,1321,drone,33.013496,12.145779,1.386918,1.735607,2.070458,-0.655364,0.071902,-0.890260,0.281795,-0.030917,-0.306553
sample,1322,drone,33.038487,12.197244,1.370628,1.737395,2.047925,-0.648231,0.071119,-0.912816,0.288934,-0.031700,-0.306553
sample,1323,drone,33.063478,12.248139,1.354518,1.739162,2.024833,-0.640922,0.070318,-0.934913,0.295929,-0.032467,-0.306553
sample,1324,drone,33.088470,12.298450,1.338593,1.740909,2.001195,-0.633440,0.069497,-0.956539,0.302774,-0.033218,-0.306553
sample,1325,drone,33.113461,12.348164,1.322857,1.742636,1.977023,-0.625789,0.068657,-0.977679,0.309465,-0.033952,-0.306553
sample,1326,drone,33.138452,12.397267,1.307314,1.744341,1.952328,-0.617972,0.067800,-0.998319,0.315999,-0.034669,-0.306553
sample,1327,drone,33.163444,12.445746,1.291969,1.746025,1.927124,-0.609994,0.066924,-1.018446,0.322370,-0.035368,-0.306553
sample,1328,drone,33.188435,12.493590,1.276825,1.747686,1.901424,-0.601859,0.066032,-1.038046,0.328574,-0.036049,-0.306553
sample,1329,drone,33.213426,12.540785,1.261887,1.749325,1.875240,-0.593571,0.065123,-1.057105,0.334606,-0.036711,-0.306553
sample,1330,drone,33.238417,12.587319,1.247157,1.750941,1.848587,-0.585135,0.064197,-1.075610,0.340464,-0.037353,-0.306553
sample,1331,drone,33.263409,12.633182,1.232640,1.752534,1.821478,-0.576554,0.063256,-1.093547,0.346141,-0.037976,-0.306553
sample,1332,drone,33.288400,12.678361,1.218339,1.754103,1.793929,-0.567834,0.062299,-1.110901,0.351634,-0.038579,-0.306553
sample,1333,drone,33.313391,12.722847,1.204258,1.755648,1.765953,-0.558978,0.061327,-1.127660,0.356939,-0.039161,-0.306553
sample,1334,drone,33.338383,12.766628,1.190400,1.757168,1.737565,-0.549993,0.060341,-1.143809,0.362051,-0.039722,-0.306553
sample,1335,drone,33.363374,12.809695,1.176768,1.758664,1.708782,-0.540882,0.059342,-1.159335,0.366965,-0.040261,-0.306553
sample,1336,drone,33.388365,12.852037,1.163366,1.760134,1.679619,-0.531651,0.058329,-1.174223,0.371678,-0.040778,-0.306553
sample,1337,drone,33.413357,12.893647,1.150195,1.761579,1.650091,-0.522305,0.057304,-1.188461,0.376185,-0.041272,-0.306553
sample,1338,drone,33.438348,12.934513,1.137259,1.762998,1.620216,-0.512848,0.056266,-1.202034,0.380481,-0.041744,-0.306553
sample,1339,drone,33.463339,12.974629,1.124561,1.764391,1.590011,-0.503287,0.055217,-1.214929,0.384563,-0.042192,-0.306553
sample,1340,drone,33.488330,13.013986,1.112104,1.765758,1.559491,-0.493627,0.054157,-1.227132,0.388425,-0.042615,-0.306553
sample,1341,drone,33.513322,13.052577,1.099889,1.767098,1.528675,-0.483873,0.053087,-1.238629,0.392064,-0.043015,-0.306553
sample,1342,drone,33.538313,13.090393,1.087919,1.768412,1.497581,-0.474031,0.052007,-1.249406,0.395475,-0.043389,-0.306553
sample,1343,drone,33.563304,13.127429,1.076195,1.769698,1.466227,-0.464106,0.050918,-1.259450,0.398655,-0.043738,-0.306553
sample,1344,drone,33.588296,13.163679,1.064721,1.770957,1.434631,-0.454105,0.049821,-1.268746,0.401597,-0.044060,-0.306553
sample,1345,drone,33.613287,13.199136,1.053498,1.772188,1.402812,-0.444033,0.048716,-1.277282,0.404299,-0.044357,-0.306553
sample,1346,drone,33.638278,13.233795,1.042527,1.773392,1.370789,-0.433897,0.047604,-1.285043,0.406756,-0.044626,-0.306553
sample,1347,drone,33.663269,13.267652,1.031811,1.774567,1.338582,-0.423702,0.046486,-1.292015,0.408963,-0.044869,-0.306553
sample,1348,drone,33.688261,13.300701,1.021350,1.775715,1.306211,-0.413456,0.045362,-1.298185,0.410916,-0.045083,-0.306553
sample,1349,drone,33.713252,13.332939,1.011145,1.776835,1.273695,-0.403164,0.044232,-1.303539,0.412610,-0.045269,-0.306553
sample,1350,drone,33.738243,13.364364,1.001199,1.777926,1.241056,-0.392833,0.043099,-1.308064,0.414043,-0.045426,-0.306553
sample,1351,drone,33.763235,13.394971,0.991510,1.778989,1.208315,-0.382469,0.041962,-1.311745,0.415208,-0.045554,-0.306553
sample,1352,drone,33.788226,13.424758,0.982082,1.780023,1.175492,-0.372079,0.040822,-1.314569,0.416101,-0.045652,-0.306553
sample,1353,drone,33.813217,13.453725,0.972913,1.781029,1.142609,-0.361671,0.039680,-1.316521,0.416720,-0.045720,-0.306553
sample,1354,drone,33.838208,13.481869,0.964004,1.782007,1.109689,-0.351251,0.038537,-1.317589,0.417058,-0.045757,-0.306553
sample,1355,drone,33.863200,13.509190,0.955357,1.782955,1.076753,-0.340825,0.037393,-1.317758,0.417111,-0.045763,-0.306553
sample,1356,drone,33.888191,13.535688,0.946969,1.783876,1.043824,-0.330402,0.036249,-1.317015,0.416876,-0.045737,-0.306553
sample,1357,drone,33.913182,13.561363,0.938842,1.784767,1.010925,-0.319989,0.035107,-1.315346,0.416348,-0.045679,-0.306553
sample,1358,drone,33.938174,13.586216,0.930975,1.785630,0.978079,-0.309592,0.033966,-1.312737,0.415522,-0.045588,-0.306553
sample,1359,drone,33.963165,13.610250,0.923368,1.786465,0.945311,-0.299220,0.032828,-1.309175,0.414394,-0.045464,-0.306553
sample,1360,drone,33.988156,13.633465,0.916019,1.787271,0.912643,-0.288880,0.031694,-1.304645,0.412960,-0.045307,-0.306553
sample,1361,drone,34.013148,13.655866,0.908929,1.788049,0.880101,-0.278579,0.030564,-1.299134,0.411216,-0.045116,-0.306553
sample,1362,drone,34.038139,13.677455,0.902095,1.788799,0.847709,-0.268326,0.029439,-1.292628,0.409157,-0.044890,-0.306553
sample,1363,drone,34.063130,13.698237,0.895517,1.789520,0.815492,-0.258129,0.028320,-1.285114,0.406778,-0.044629,-0.306553
sample,1364,drone,34.088121,13.718216,0.889193,1.790214,0.783476,-0.247994,0.027208,-1.276577,0.404076,-0.044332,-0.306553
sample,1365,drone,34.113113,13.737397,0.883122,1.790880,0.751686,-0.237932,0.026104,-1.267004,0.401046,-0.044000,-0.306553
sample,1366,drone,34.138104,13.755787,0.877301,1.791519,0.720148,-0.227949,0.025009,-1.256381,0.397683,-0.043631,-0.306553
sample,1367,drone,34.163095,13.773392,0.871728,1.792130,0.688889,-0.218055,0.023923,-1.244694,0.393984,-0.043225,-0.306553
sample,1368,drone,34.188087,13.790219,0.866402,1.792715,0.657935,-0.208257,0.022848,-1.231930,0.389944,-0.042782,-0.306553
sample,1369,drone,34.213078,13.806277,0.861319,1.793272,0.627314,-0.198564,0.021785,-1.218075,0.385558,-0.042301,-0.306553
sample,1370,drone,34.238069,13.821574,0.856477,1.793804,0.597052,-0.188985,0.020734,-1.203115,0.380823,-0.041781,-0.306553
sample,1371,drone,34.263060,13.836119,0.851873,1.794309,0.567179,-0.179530,0.019697,-1.187036,0.375733,-0.041223,-0.306553
sample,1372,drone,34.288052,13.849923,0.847504,1.794788,0.537721,-0.170205,0.018674,-1.169824,0.370285,-0.040625,-0.306553
sample,1373,drone,34.313043,13.862996,0.843366,1.795242,0.508708,-0.161022,0.017666,-1.151467,0.364475,-0.039988,-0.306553
sample,1374,drone,34.338034,13.875350,0.839456,1.795671,0.480168,-0.151988,0.016675,-1.131949,0.358297,-0.039310,-0.306553
sample,1375,drone,34.363026,13.886996,0.835769,1.796076,0.452130,-0.143113,0.015701,-1.111258,0.351747,-0.038591,-0.306553
sample,1376,drone,34.388017,13.897948,0.832303,1.796456,0.424624,-0.134407,0.014746,-1.089379,0.344822,-0.037831,-0.306553
sample,1377,drone,34.413008,13.908220,0.829051,1.796813,0.397680,-0.125878,0.013810,-1.066298,0.337516,-0.037030,-0.306553
sample,1378,drone,34.437999,13.917825,0.826011,1.797146,0.371328,-0.117537,0.012895,-1.042003,0.329826,-0.036186,-0.306553
sample,1379,drone,34.462991,13.926780,0.823176,1.797457,0.345598,-0.109393,0.012002,-1.016479,0.321747,-0.035300,-0.306553
sample,1380,drone,34.487982,13.935099,0.820543,1.797746,0.320522,-0.101455,0.011131,-0.989712,0.313274,-0.034370,-0.306553
sample,1381,drone,34.512973,13.942800,0.818105,1.798014,0.296130,-0.093734,0.010284,-0.961689,0.304404,-0.033397,-0.306553
sample,1382,drone,34.537965,13.949901,0.815858,1.798260,0.272454,-0.086240,0.009462,-0.932396,0.295132,-0.032380,-0.306553
sample,1383,drone,34.562956,13.956418,0.813795,1.798487,0.249526,-0.078983,0.008665,-0.901819,0.285453,-0.031318,-0.306553
sample,1384,drone,34.587947,13.962372,0.811910,1.798693,0.227379,-0.071972,0.007896,-0.869944,0.275364,-0.030211,-0.306553
sample,1385,drone,34.612938,13.967783,0.810198,1.798881,0.206044,-0.065219,0.007155,-0.836758,0.264860,-0.029059,-0.306553
sample,1386,drone,34.637930,13.972671,0.808650,1.799051,0.185556,-0.058734,0.006444,-0.802247,0.253936,-0.027860,-0.306553
sample,1387,drone,34.662921,13.977058,0.807262,1.799203,0.165946,-0.052527,0.005763,-0.766397,0.242588,-0.026615,-0.306553
sample,1388,drone,34.687912,13.980966,0.806025,1.799339,0.147249,-0.046609,0.005114,-0.729194,0.230812,-0.025323,-0.306553
sample,1389,drone,34.712904,13.984418,0.804932,1.799459,0.129499,-0.040990,0.004497,-0.690625,0.218604,-0.023984,-0.306553
sample,1390,drone,34.737895,13.987438,0.803976,1.799564,0.112730,-0.035682,0.003915,-0.650675,0.205959,-0.022596,-0.306553
sample,1391,drone,34.762886,13.990052,0.803149,1.799655,0.096977,-0.030696,0.003368,-0.609332,0.192872,-0.021161,-0.306553
sample,1392,drone,34.787878,13.992285,0.802442,1.799732,0.082274,-0.026042,0.002857,-0.566581,0.179340,-0.019676,-0.306553
sample,1393,drone,34.812869,13.994164,0.801847,1.799797,0.068657,-0.021732,0.002384,-0.522409,0.165358,-0.018142,-0.306553
sample,1394,drone,34.837860,13.995717,0.801356,1.799851,0.056163,-0.017777,0.001950,-0.476801,0.150922,-0.016558,-0.306553
sample,1395,drone,34.862851,13.996972,0.800959,1.799895,0.044826,-0.014189,0.001557,-0.429744,0.136027,-0.014924,-0.306553
sample,1396,drone,34.887843,13.997958,0.800647,1.799929,0.034683,-0.010978,0.001204,-0.381225,0.120669,-0.013239,-0.306553
sample,1397,drone,34.912834,13.998705,0.800410,1.799955,0.025771,-0.008157,0.000895,-0.331229,0.104844,-0.011503,-0.306553
sample,1398,drone,34.937825,13.999246,0.800239,1.799974,0.018127,-0.005738,0.000630,-0.279743,0.088547,-0.009715,-0.306553
sample,1399,drone,34.962817,13.999611,0.800123,1.799986,0.011789,-0.003732,0.000409,-0.226752,0.071774,-0.007875,-0.306553
sample,1400,drone,34.987808,13.999835,0.800052,1.799994,0.006794,-0.002150,0.000236,-0.172244,0.054521,-0.005982,-0.306553
sample,1401,drone,35.012799,13.999951,0.800016,1.799998,0.003180,-0.001006,0.000110,-0.116205,0.036782,-0.004036,-0.306553
sample,1402,drone,35.037790,13.999994,0.800002,1.800000,0.000985,-0.000312,0.000034,-0.058652,0.018565,-0.002037,-0.306553
sample,1403,drone,35.062782,14.000000,0.800000,1.800000,0.000248,-0.000078,0.000009,-0.029505,0.009339,-0.001025,-0.306552
