section,index,name,t,x,y,z,vx,vy,vz,ax,ay,az,yaw
crossing,1,G2,3.750001,4.373732,-0.765206,1.382772,,,,,,
crossing,2,G4,7.000002,7.518736,1.069956,2.096679,,,,,,
crossing,3,G6,11.500003,12.098614,-1.806814,2.384750,,,,,,
crossing,4,G3,16.000003,6.535355,-1.205869,1.702938,,,,,,
crossing,5,G5,19.750004,9.689592,1.334725,1.877610,,,,,,
crossing,6,G1,26.000005,2.062534,2.439786,1.713436,,,,,,
sample,0,drone,0.000000,0.000000,-1.000000,1.200000,0.000512,0.000028,0.000021,0.060717,0.003259,0.002537,0.053631
sample,1,drone,0.024982,0.000013,-0.999999,1.200001,0.002029,0.000109,0.000085,0.120313,0.006459,0.005028,0.053631
sample,2,drone,0.049963,0.000101,-0.999995,1.200004,0.006524,0.000350,0.000273,0.237172,0.012732,0.009911,0.053631
sample,3,drone,0.074945,0.000339,-0.999982,1.200014,0.013879,0.000745,0.000580,0.349298,0.018751,0.014597,0.053631
sample,4,drone,0.099927,0.000795,-0.999957,1.200033,0.023976,0.001287,0.001002,0.456653,0.024514,0.019083,0.053631
sample,5,drone,0.124908,0.001537,-0.999918,1.200064,0.036695,0.001970,0.001533,0.559305,0.030025,0.023373,0.053631
sample,6,drone,0.149890,0.002628,-0.999859,1.200110,0.051920,0.002787,0.002170,0.657318,0.035287,0.027468,0.053631
sample,7,drone,0.174871,0.004131,-0.999778,1.200173,0.069537,0.003733,0.002906,0.750760,0.040303,0.031373,0.053631
sample,8,drone,0.199853,0.006103,-0.999672,1.200255,0.089431,0.004801,0.003737,0.839696,0.045077,0.035090,0.053631
sample,9,drone,0.224835,0.008599,-0.999538,1.200359,0.111491,0.005985,0.004659,0.924193,0.049613,0.038621,0.053631
sample,10,drone,0.249816,0.011673,-0.999373,1.200488,0.135607,0.007280,0.005667,1.004316,0.053915,0.041969,0.053631
sample,11,drone,0.274798,0.015374,-0.999175,1.200642,0.161670,0.008679,0.006756,1.080133,0.057985,0.045137,0.053631
sample,12,drone,0.299780,0.019751,-0.998940,1.200825,0.189574,0.010177,0.007922,1.151709,0.061827,0.048128,0.053631
sample,13,drone,0.324761,0.024846,-0.998666,1.201038,0.219213,0.011768,0.009161,1.219110,0.065445,0.050945,0.053631
sample,14,drone,0.349743,0.030703,-0.998352,1.201283,0.250484,0.013447,0.010467,1.282403,0.068843,0.053590,0.053631
sample,15,drone,0.374725,0.037361,-0.997994,1.201561,0.283286,0.015208,0.011838,1.341653,0.072024,0.056066,0.053631
sample,16,drone,0.399706,0.044857,-0.997592,1.201875,0.317518,0.017045,0.013269,1.396928,0.074991,0.058376,0.053631
sample,17,drone,0.424688,0.053225,-0.997143,1.202224,0.353081,0.018954,0.014755,1.448293,0.077748,0.060522,0.053631
sample,18,drone,0.449669,0.062498,-0.996645,1.202612,0.389879,0.020930,0.016292,1.495815,0.080300,0.062508,0.053631
sample,19,drone,0.474651,0.072705,-0.996097,1.203038,0.427817,0.022966,0.017878,1.539559,0.082648,0.064336,0.053631
sample,20,drone,0.499633,0.083873,-0.995497,1.203505,0.466800,0.025059,0.019507,1.579592,0.084797,0.066009,0.053631
sample,21,drone,0.524614,0.096028,-0.994845,1.204013,0.506738,0.027203,0.021176,1.615980,0.086750,0.067529,0.053631
sample,22,drone,0.549596,0.109192,-0.994138,1.204563,0.547540,0.029393,0.022881,1.648789,0.088512,0.068901,0.053631
sample,23,drone,0.574578,0.123385,-0.993376,1.205156,0.589117,0.031625,0.024618,1.678086,0.090084,0.070125,0.053631
sample,24,drone,0.599559,0.138626,-0.992558,1.205793,0.631383,0.033894,0.026385,1.703937,0.091472,0.071205,0.053631
sample,25,drone,0.624541,0.154931,-0.991683,1.206474,0.674251,0.036196,0.028176,1.726407,0.092678,0.072144,0.053631
sample,26,drone,0.649522,0.172314,-0.990750,1.207201,0.717640,0.038525,0.029989,1.745564,0.093707,0.072945,0.053631
sample,27,drone,0.674504,0.190786,-0.989758,1.207973,0.761466,0.040878,0.031821,1.761472,0.094561,0.073609,0.053631
sample,28,drone,0.699486,0.210359,-0.988707,1.208791,0.805649,0.043249,0.033667,1.774200,0.095244,0.074141,0.053631
sample,29,drone,0.724467,0.231039,-0.987597,1.209655,0.850110,0.045636,0.035525,1.783812,0.095760,0.074543,0.053631
sample,30,drone,0.749449,0.252833,-0.986427,1.210566,0.894774,0.048034,0.037391,1.790375,0.096112,0.074817,0.053631
sample,31,drone,0.774431,0.275745,-0.985197,1.211523,0.939563,0.050438,0.039263,1.793955,0.096305,0.074967,0.053631
sample,32,drone,0.799412,0.299777,-0.983907,1.212527,0.984406,0.052846,0.041137,1.794619,0.096340,0.074995,0.053631
sample,33,drone,0.824394,0.324929,-0.982557,1.213578,1.029228,0.055252,0.043010,1.792432,0.096223,0.074903,0.053631
sample,34,drone,0.849376,0.351200,-0.981147,1.214676,1.073961,0.057653,0.044879,1.787460,0.095956,0.074695,0.053631
sample,35,drone,0.874357,0.378588,-0.979676,1.215821,1.118536,0.060046,0.046742,1.779771,0.095543,0.074374,0.053631
sample,36,drone,0.899339,0.407086,-0.978146,1.217012,1.162884,0.062427,0.048595,1.769430,0.094988,0.073942,0.053631
sample,37,drone,0.924320,0.436689,-0.976557,1.218249,1.206942,0.064792,0.050436,1.756503,0.094294,0.073402,0.053631
sample,38,drone,0.949302,0.467389,-0.974909,1.219532,1.250645,0.067138,0.052263,1.741057,0.093465,0.072756,0.053631
sample,39,drone,0.974284,0.499176,-0.973203,1.220860,1.293931,0.069462,0.054072,1.723157,0.092504,0.072008,0.053631
sample,40,drone,0.999265,0.532038,-0.971439,1.222233,1.336740,0.071760,0.055860,1.702871,0.091415,0.071160,0.053631
sample,41,drone,1.024247,0.565963,-0.969618,1.223651,1.379012,0.074029,0.057627,1.680263,0.090201,0.070216,0.053631
sample,42,drone,1.049229,0.600938,-0.967740,1.225112,1.420691,0.076267,0.059369,1.655401,0.088867,0.069177,0.053631
sample,43,drone,1.074210,0.636946,-0.965807,1.226617,1.461721,0.078469,0.061083,1.628351,0.087414,0.068046,0.053631
sample,44,drone,1.099192,0.673970,-0.963819,1.228164,1.502049,0.080634,0.062768,1.599179,0.085848,0.066827,0.053631
sample,45,drone,1.124174,0.711993,-0.961778,1.229753,1.541622,0.082759,0.064422,1.567950,0.084172,0.065522,0.053631
sample,46,drone,1.149155,0.750995,-0.959685,1.231383,1.580389,0.084840,0.066042,1.534732,0.082389,0.064134,0.053631
sample,47,drone,1.174137,0.790954,-0.957539,1.233053,1.618302,0.086875,0.067626,1.499590,0.080502,0.062666,0.053631
sample,48,drone,1.199118,0.831850,-0.955344,1.234762,1.655313,0.088862,0.069173,1.462590,0.078516,0.061120,0.053631
sample,49,drone,1.224100,0.873659,-0.953100,1.236509,1.691378,0.090798,0.070680,1.423800,0.076434,0.059499,0.053631
sample,50,drone,1.249082,0.916357,-0.950807,1.238293,1.726451,0.092681,0.072146,1.383284,0.074259,0.057805,0.053631
sample,51,drone,1.274063,0.959918,-0.948469,1.240114,1.760491,0.094508,0.073568,1.341110,0.071995,0.056043,0.053631
sample,52,drone,1.299045,1.004317,-0.946085,1.241969,1.793457,0.096278,0.074946,1.297343,0.069645,0.054214,0.053631
sample,53,drone,1.324027,1.049525,-0.943659,1.243858,1.825310,0.097988,0.076277,1.252050,0.067214,0.052321,0.053631
sample,54,drone,1.349008,1.095515,-0.941190,1.245780,1.856014,0.099636,0.077560,1.205296,0.064704,0.050368,0.053631
sample,55,drone,1.373990,1.142258,-0.938680,1.247733,1.885531,0.101221,0.078794,1.157149,0.062119,0.048356,0.053631
sample,56,drone,1.398972,1.189723,-0.936132,1.249717,1.913829,0.102740,0.079976,1.107674,0.059463,0.046288,0.053631
sample,57,drone,1.423953,1.237879,-0.933547,1.251729,1.940874,0.104192,0.081106,1.056937,0.056739,0.044168,0.053631
sample,58,drone,1.448935,1.286695,-0.930927,1.253769,1.966637,0.105575,0.082183,1.005005,0.053951,0.041998,0.053631
sample,59,drone,1.473916,1.336139,-0.928272,1.255835,1.991087,0.106887,0.083205,0.951944,0.051103,0.039780,0.053631
sample,60,drone,1.498898,1.386176,-0.925586,1.257926,2.014199,0.108128,0.084170,0.897820,0.048197,0.037519,0.053631
sample,61,drone,1.523880,1.436775,-0.922870,1.260041,2.035945,0.109295,0.085079,0.842699,0.045238,0.035215,0.053631
sample,62,drone,1.548861,1.487899,-0.920125,1.262177,2.056303,0.110388,0.085930,0.786648,0.042229,0.032873,0.053631
sample,63,drone,1.573843,1.539514,-0.917355,1.264334,2.075249,0.111405,0.086722,0.729732,0.039174,0.030494,0.053631
sample,64,drone,1.598825,1.591585,-0.914559,1.266510,2.092763,0.112345,0.087454,0.672019,0.036076,0.028083,0.053631
sample,65,drone,1.623806,1.644075,-0.911741,1.268704,2.108825,0.113208,0.088125,0.613573,0.032938,0.025640,0.053631
sample,66,drone,1.648788,1.696949,-0.908903,1.270913,2.123419,0.113991,0.088735,0.554462,0.029765,0.023170,0.053631
sample,67,drone,1.673770,1.750168,-0.906046,1.273137,2.136528,0.114695,0.089282,0.494751,0.026560,0.020675,0.053631
sample,68,drone,1.698751,1.803697,-0.903173,1.275374,2.148138,0.115318,0.089768,0.434507,0.023326,0.018157,0.053631
sample,69,drone,1.723733,1.857496,-0.900284,1.277622,2.158237,0.115860,0.090190,0.373796,0.020066,0.015620,0.053631
sample,70,drone,1.748714,1.911529,-0.897384,1.279880,2.166814,0.116321,0.090548,0.312684,0.016786,0.013067,0.053631
sample,71,drone,1.773696,1.965758,-0.894473,1.282146,2.173860,0.116699,0.090842,0.251237,0.013487,0.010499,0.053631
sample,72,drone,1.798678,2.020143,-0.891553,1.284419,2.179367,0.116995,0.091073,0.189522,0.010174,0.007920,0.053631
sample,73,drone,1.823659,2.074646,-0.888627,1.286696,2.183329,0.117207,0.091238,0.127604,0.006850,0.005332,0.053631
sample,74,drone,1.848641,2.129229,-0.885697,1.288977,2.185742,0.117337,0.091339,0.065551,0.003519,0.002739,0.053631
sample,75,drone,1.873623,2.183853,-0.882765,1.291260,2.186604,0.117383,0.091375,0.003427,0.000184,0.000143,0.053631
sample,76,drone,1.898604,2.238479,-0.879832,1.293543,2.185914,0.117346,0.091346,-0.058700,-0.003151,-0.002453,0.053631
sample,77,drone,1.923586,2.293068,-0.876902,1.295824,2.183671,0.117226,0.091252,-0.120764,-0.006483,-0.005047,0.053631
sample,78,drone,1.948567,2.347582,-0.873975,1.298102,2.179880,0.117022,0.091094,-0.182700,-0.009808,-0.007635,0.053631
sample,79,drone,1.973549,2.401982,-0.871055,1.300375,2.174543,0.116736,0.090871,-0.244441,-0.013122,-0.010215,0.053631
sample,80,drone,1.998531,2.456229,-0.868143,1.302642,2.167667,0.116366,0.090584,-0.305921,-0.016423,-0.012784,0.053631
sample,81,drone,2.023512,2.510286,-0.865241,1.304901,2.159258,0.115915,0.090232,-0.367073,-0.019705,-0.015339,0.053631
sample,82,drone,2.048494,2.564113,-0.862351,1.307151,2.149327,0.115382,0.089817,-0.427832,-0.022967,-0.017878,0.053631
sample,83,drone,2.073476,2.617673,-0.859476,1.309389,2.137882,0.114768,0.089339,-0.488130,-0.026204,-0.020398,0.053631
sample,84,drone,2.098457,2.670929,-0.856617,1.311614,2.124938,0.114073,0.088798,-0.547903,-0.029413,-0.022896,0.053631
sample,85,drone,2.123439,2.723842,-0.853777,1.313825,2.110507,0.113298,0.088195,-0.607084,-0.032590,-0.025369,0.053631
sample,86,drone,2.148421,2.776376,-0.850956,1.316021,2.094606,0.112444,0.087531,-0.665606,-0.035732,-0.027815,0.053631
sample,87,drone,2.173402,2.828495,-0.848158,1.318199,2.077251,0.111513,0.086805,-0.723404,-0.038834,-0.030230,0.053631
sample,88,drone,2.198384,2.880163,-0.845385,1.320358,2.058462,0.110504,0.086020,-0.780411,-0.041895,-0.032612,0.053631
sample,89,drone,2.223365,2.931343,-0.842637,1.322497,2.038260,0.109419,0.085176,-0.836561,-0.044909,-0.034959,0.053631
sample,90,drone,2.248347,2.982001,-0.839918,1.324613,2.016665,0.108260,0.084274,-0.891788,-0.047874,-0.037267,0.053631
sample,91,drone,2.273329,3.032102,-0.837228,1.326707,1.993703,0.107028,0.083314,-0.946025,-0.050785,-0.039533,0.053631
sample,92,drone,2.298310,3.081613,-0.834570,1.328776,1.969399,0.105723,0.082298,-0.999206,-0.053640,-0.041755,0.053631
sample,93,drone,2.323292,3.130500,-0.831946,1.330819,1.943779,0.104348,0.081228,-1.051266,-0.056435,-0.043931,0.053631
sample,94,drone,2.348274,3.178730,-0.829357,1.332835,1.916874,0.102903,0.080103,-1.102138,-0.059166,-0.046057,0.053631
sample,95,drone,2.373255,3.226273,-0.826805,1.334821,1.888713,0.101391,0.078927,-1.151755,-0.061829,-0.048130,0.053631
sample,96,drone,2.398237,3.273097,-0.824291,1.336778,1.859328,0.099814,0.077699,-1.200053,-0.064422,-0.050148,0.053631
sample,97,drone,2.423219,3.319171,-0.821818,1.338703,1.828754,0.098173,0.076421,-1.246963,-0.066940,-0.052109,0.053631
sample,98,drone,2.448200,3.364467,-0.819386,1.340596,1.797026,0.096469,0.075095,-1.292420,-0.069381,-0.054008,0.053631
sample,99,drone,2.473182,3.408956,-0.816998,1.342455,1.764181,0.094706,0.073723,-1.336359,-0.071739,-0.055845,0.053631
sample,100,drone,2.498163,3.452611,-0.814654,1.344280,1.730257,0.092885,0.072305,-1.378712,-0.074013,-0.057614,0.053631
sample,101,drone,2.523145,3.495406,-0.812357,1.346068,1.695296,0.091008,0.070844,-1.419414,-0.076198,-0.059315,0.053631
sample,102,drone,2.548127,3.537314,-0.810107,1.347819,1.659339,0.089078,0.069341,-1.458398,-0.078291,-0.060944,0.053631
sample,103,drone,2.573108,3.578312,-0.807906,1.349532,1.622430,0.087097,0.067799,-1.495598,-0.080288,-0.062499,0.053631
sample,104,drone,2.598090,3.618376,-0.805755,1.351207,1.584614,0.085066,0.066219,-1.530948,-0.082186,-0.063976,0.053631
sample,105,drone,2.623072,3.657484,-0.803656,1.352841,1.545938,0.082990,0.064603,-1.564382,-0.083980,-0.065373,0.053631
sample,106,drone,2.648053,3.695616,-0.801609,1.354434,1.506452,0.080871,0.062952,-1.595833,-0.085669,-0.066688,0.053631
sample,107,drone,2.673035,3.732751,-0.799615,1.355986,1.466205,0.078710,0.061271,-1.625236,-0.087247,-0.067916,0.053631
sample,108,drone,2.698017,3.768872,-0.797676,1.357496,1.425250,0.076511,0.059559,-1.652524,-0.088712,-0.069057,0.053631
sample,109,drone,2.722998,3.803961,-0.795793,1.358962,1.383640,0.074278,0.057820,-1.677630,-0.090060,-0.070106,0.053631
sample,110,drone,2.747980,3.838003,-0.793965,1.360385,1.341430,0.072012,0.056056,-1.700490,-0.091287,-0.071061,0.053631
sample,111,drone,2.772961,3.870984,-0.792195,1.361763,1.298678,0.069717,0.054270,-1.721035,-0.092390,-0.071920,0.053631
sample,112,drone,2.797943,3.902890,-0.790482,1.363096,1.255442,0.067396,0.052463,-1.739201,-0.093365,-0.072679,0.053631
sample,113,drone,2.822925,3.933710,-0.788827,1.364384,1.211782,0.065052,0.050639,-1.754922,-0.094209,-0.073336,0.053631
sample,114,drone,2.847906,3.963434,-0.787232,1.365626,1.167760,0.062689,0.048799,-1.768130,-0.094918,-0.073888,0.053631
sample,115,drone,2.872888,3.992055,-0.785695,1.366822,1.123440,0.060309,0.046947,-1.778759,-0.095489,-0.074332,0.053631
sample,116,drone,2.897870,4.019565,-0.784219,1.367972,1.078887,0.057918,0.045085,-1.786744,-0.095917,-0.074665,0.053631
sample,117,drone,2.922851,4.045960,-0.782802,1.369075,1.034168,0.055517,0.043216,-1.792019,-0.096201,-0.074886,0.053631
sample,118,drone,2.947833,4.071235,-0.781445,1.370131,0.989352,0.053111,0.041344,-1.794516,-0.096335,-0.074990,0.053631
sample,119,drone,2.972815,4.095391,-0.780148,1.371140,0.944509,0.050704,0.039470,-1.794170,-0.096316,-0.074976,0.053631
sample,120,drone,2.997796,4.118426,-0.778911,1.372103,0.899710,0.048299,0.037598,-1.790915,-0.096141,-0.074840,0.053631
sample,121,drone,3.022778,4.140343,-0.777735,1.373019,0.855029,0.045900,0.035730,-1.784684,-0.095807,-0.074579,0.053631
sample,122,drone,3.047759,4.161146,-0.776618,1.373888,0.810541,0.043512,0.033871,-1.775412,-0.095309,-0.074192,0.053631
sample,123,drone,3.072741,4.180841,-0.775561,1.374711,0.766323,0.041138,0.032024,-1.763031,-0.094644,-0.073675,0.053631
sample,124,drone,3.097723,4.199434,-0.774563,1.375488,0.722454,0.038783,0.030190,-1.747477,-0.093809,-0.073025,0.053631
sample,125,drone,3.122704,4.216937,-0.773623,1.376220,0.679014,0.036451,0.028375,-1.728682,-0.092800,-0.072239,0.053631
sample,126,drone,3.147686,4.233360,-0.772741,1.376906,0.636084,0.034147,0.026581,-1.706580,-0.091614,-0.071316,0.053631
sample,127,drone,3.172668,4.248717,-0.771917,1.377548,0.593747,0.031874,0.024812,-1.681106,-0.090246,-0.070251,0.053631
sample,128,drone,3.197649,4.263025,-0.771149,1.378146,0.552090,0.029638,0.023071,-1.652192,-0.088694,-0.069043,0.053631
sample,129,drone,3.222631,4.276302,-0.770436,1.378700,0.511198,0.027443,0.021362,-1.619773,-0.086954,-0.067688,0.053631
sample,130,drone,3.247612,4.288567,-0.769778,1.379213,0.471161,0.025293,0.019689,-1.583783,-0.085022,-0.066184,0.053631
sample,131,drone,3.272594,4.299842,-0.769172,1.379684,0.432067,0.023195,0.018055,-1.544156,-0.082895,-0.064528,0.053631
sample,132,drone,3.297576,4.310154,-0.768619,1.380115,0.394010,0.021152,0.016465,-1.500824,-0.080568,-0.062717,0.053631
sample,133,drone,3.322557,4.319528,-0.768116,1.380507,0.357081,0.019169,0.014922,-1.453723,-0.078040,-0.060749,0.053631
sample,134,drone,3.347539,4.327995,-0.767661,1.380861,0.321377,0.017252,0.013430,-1.402785,-0.075305,-0.058620,0.053631
sample,135,drone,3.372521,4.335586,-0.767254,1.381178,0.286994,0.015407,0.011993,-1.347945,-0.072361,-0.056329,0.053631
sample,136,drone,3.397502,4.342334,-0.766891,1.381460,0.254029,0.013637,0.010616,-1.289136,-0.069204,-0.053871,0.053631
sample,137,drone,3.422484,4.348278,-0.766572,1.381708,0.222584,0.011949,0.009301,-1.226292,-0.065831,-0.051245,0.053631
sample,138,drone,3.447466,4.353455,-0.766294,1.381925,0.192760,0.010348,0.008055,-1.159347,-0.062237,-0.048447,0.053631
sample,139,drone,3.472447,4.357909,-0.766055,1.382111,0.164659,0.008839,0.006881,-1.088235,-0.058420,-0.045476,0.053631
sample,140,drone,3.497429,4.361682,-0.765853,1.382268,0.138388,0.007429,0.005783,-1.012890,-0.054375,-0.042327,0.053631
sample,141,drone,3.522410,4.364823,-0.765684,1.382400,0.114052,0.006123,0.004766,-0.933245,-0.050099,-0.038999,0.053631
sample,142,drone,3.547392,4.367381,-0.765547,1.382506,0.091760,0.004926,0.003835,-0.849234,-0.045589,-0.035488,0.053631
sample,143,drone,3.572374,4.369407,-0.765438,1.382591,0.071622,0.003845,0.002993,-0.760790,-0.040841,-0.031792,0.053631
sample,144,drone,3.597355,4.370959,-0.765355,1.382656,0.053748,0.002885,0.002246,-0.667849,-0.035852,-0.027908,0.053631
sample,145,drone,3.622337,4.372093,-0.765294,1.382703,0.038254,0.002054,0.001599,-0.570343,-0.030618,-0.023834,0.053631
sample,146,drone,3.647319,4.372870,-0.765252,1.382736,0.025252,0.001356,0.001055,-0.468207,-0.025135,-0.019566,0.053631
sample,147,drone,3.672300,4.373355,-0.765226,1.382756,0.014861,0.000798,0.000621,-0.361373,-0.019400,-0.015101,0.053631
sample,148,drone,3.697282,4.373613,-0.765212,1.382767,0.007197,0.000386,0.000301,-0.249776,-0.013409,-0.010438,0.053631
sample,149,drone,3.722264,4.373714,-0.765207,1.382771,0.002381,0.000128,0.000099,-0.133043,-0.005029,-0.004821,0.053631
sample,150,drone,3.747245,4.373732,-0.765206,1.382772,0.000550,0.000135,0.000060,-0.009872,0.019484,0.006584,0.241008
sample,151,drone,3.772227,4.373742,-0.765200,1.382774,0.001888,0.001101,0.000428,0.118518,0.072872,0.028202,0.528138
sample,152,drone,3.797208,4.373826,-0.765151,1.382793,0.006471,0.003776,0.001469,0.246250,0.143695,0.055899,0.528211
sample,153,drone,3.822190,4.374065,-0.765011,1.382848,0.014191,0.008281,0.003221,0.368752,0.215173,0.083706,0.528211
sample,154,drone,3.847172,4.374535,-0.764737,1.382954,0.024895,0.014527,0.005651,0.485203,0.283124,0.110140,0.528211
sample,155,drone,3.872153,4.375309,-0.764286,1.383130,0.038433,0.022427,0.008724,0.595699,0.347600,0.135222,0.528211
sample,156,drone,3.897135,4.376455,-0.763617,1.383390,0.054658,0.031894,0.012407,0.700338,0.408659,0.158975,0.528211
sample,157,drone,3.922117,4.378040,-0.762692,1.383750,0.073425,0.042844,0.016667,0.799217,0.466356,0.181420,0.528211
sample,158,drone,3.947098,4.380124,-0.761476,1.384223,0.094590,0.055195,0.021472,0.892434,0.520750,0.202580,0.528211
sample,159,drone,3.972080,4.382766,-0.759934,1.384823,0.118014,0.068863,0.026789,0.980085,0.571896,0.222477,0.528211
sample,160,drone,3.997062,4.386020,-0.758035,1.385561,0.143558,0.083769,0.032587,1.062269,0.619851,0.241132,0.528211
sample,161,drone,4.022043,4.389938,-0.755749,1.386451,0.171088,0.099833,0.038837,1.139082,0.664673,0.258568,0.528211
sample,162,drone,4.047025,4.394568,-0.753047,1.387502,0.200470,0.116978,0.045506,1.210622,0.706418,0.274808,0.528211
sample,163,drone,4.072006,4.399955,-0.749904,1.388724,0.231575,0.135128,0.052567,1.276986,0.745143,0.289872,0.528211
sample,164,drone,4.096988,4.406139,-0.746296,1.390128,0.264273,0.154208,0.059989,1.338272,0.780904,0.303784,0.528211
sample,165,drone,4.121970,4.413158,-0.742200,1.391722,0.298439,0.174144,0.067745,1.394578,0.813759,0.316565,0.528211
sample,166,drone,4.146951,4.421049,-0.737595,1.393513,0.333950,0.194866,0.075806,1.445999,0.843764,0.328238,0.528211
sample,167,drone,4.171933,4.429844,-0.732464,1.395509,0.370686,0.216301,0.084145,1.492634,0.870977,0.338824,0.528211
sample,168,drone,4.196915,4.439570,-0.726788,1.397717,0.408527,0.238382,0.092735,1.534581,0.895453,0.348346,0.528211
sample,169,drone,4.221896,4.450255,-0.720553,1.400142,0.447359,0.261041,0.101549,1.571936,0.917250,0.356825,0.528211
sample,170,drone,4.246878,4.461922,-0.713746,1.402791,0.487066,0.284211,0.110563,1.604796,0.936425,0.364284,0.528211
sample,171,drone,4.271860,4.474590,-0.706353,1.405667,0.527539,0.307828,0.119750,1.633260,0.953034,0.370746,0.528211
sample,172,drone,4.296841,4.488279,-0.698365,1.408774,0.568669,0.331828,0.129086,1.657425,0.967135,0.376231,0.528211
sample,173,drone,4.321823,4.503003,-0.689774,1.412116,0.610350,0.356149,0.138548,1.677387,0.978783,0.380762,0.528211
sample,174,drone,4.346804,4.518774,-0.680571,1.415696,0.652477,0.380731,0.148111,1.693245,0.988037,0.384362,0.528211
sample,175,drone,4.371786,4.535603,-0.670751,1.419516,0.694950,0.405515,0.157752,1.705096,0.994952,0.387052,0.528211
sample,176,drone,4.396768,4.553496,-0.660310,1.423578,0.737669,0.430442,0.167449,1.713036,0.999585,0.388855,0.528211
sample,177,drone,4.421749,4.572459,-0.649245,1.427883,0.780539,0.455457,0.177180,1.717164,1.001994,0.389792,0.528211
sample,178,drone,4.446731,4.592495,-0.637554,1.432430,0.823464,0.480505,0.186924,1.717577,1.002235,0.389885,0.528211
sample,179,drone,4.471713,4.613602,-0.625237,1.437222,0.866355,0.505532,0.196660,1.714372,1.000364,0.389158,0.528211
sample,180,drone,4.496694,4.635780,-0.612296,1.442256,0.909120,0.530487,0.206368,1.707646,0.996440,0.387631,0.528211
sample,181,drone,4.521676,4.659025,-0.598733,1.447533,0.951674,0.555318,0.216027,1.697497,0.990518,0.385327,0.528211
sample,182,drone,4.546657,4.683329,-0.584551,1.453050,0.993933,0.579976,0.225620,1.684023,0.982655,0.382269,0.528211
sample,183,drone,4.571639,4.708685,-0.569755,1.458805,1.035813,0.604414,0.235127,1.667320,0.972909,0.378477,0.528211
sample,184,drone,4.596621,4.735082,-0.554352,1.464797,1.077237,0.628586,0.244530,1.647486,0.961335,0.373975,0.528211
sample,185,drone,4.621602,4.762507,-0.538349,1.471023,1.118127,0.652446,0.253812,1.624618,0.947992,0.368784,0.528211
sample,186,drone,4.646584,4.790947,-0.521754,1.477479,1.158409,0.675951,0.262956,1.598814,0.932935,0.362927,0.528211
sample,187,drone,4.671566,4.820385,-0.504576,1.484161,1.198009,0.699058,0.271945,1.570171,0.916221,0.356425,0.528211
sample,188,drone,4.696547,4.850804,-0.486827,1.491066,1.236859,0.721728,0.280764,1.538787,0.897907,0.349300,0.528211
sample,189,drone,4.721529,4.882183,-0.468516,1.498189,1.274892,0.743921,0.289397,1.504758,0.878051,0.341576,0.528211
sample,190,drone,4.746511,4.914501,-0.449658,1.505525,1.312042,0.765598,0.297830,1.468182,0.856709,0.333273,0.528211
sample,191,drone,4.771492,4.947737,-0.430264,1.513069,1.348247,0.786725,0.306048,1.429157,0.833937,0.324415,0.528211
sample,192,drone,4.796474,4.981864,-0.410350,1.520816,1.383447,0.807264,0.314039,1.387780,0.809792,0.315022,0.528211
sample,193,drone,4.821455,5.016858,-0.389931,1.528760,1.417585,0.827184,0.321788,1.344148,0.784332,0.305118,0.528211
sample,194,drone,4.846437,5.052691,-0.369022,1.536894,1.450605,0.846452,0.329284,1.298358,0.757614,0.294724,0.528211
sample,195,drone,4.871419,5.089335,-0.347639,1.545212,1.482455,0.865037,0.336513,1.250509,0.729693,0.283862,0.528211
sample,196,drone,4.896400,5.126760,-0.325802,1.553707,1.513085,0.882910,0.343466,1.200697,0.700626,0.272555,0.528211
sample,197,drone,4.921382,5.164934,-0.303526,1.562373,1.542446,0.900043,0.350131,1.149019,0.670472,0.260824,0.528211
sample,198,drone,4.946364,5.203825,-0.280832,1.571201,1.570494,0.916409,0.356498,1.095574,0.639285,0.248692,0.528211
sample,199,drone,4.971345,5.243401,-0.257740,1.580184,1.597185,0.931984,0.362557,1.040458,0.607124,0.236181,0.528211
sample,200,drone,4.996327,5.283626,-0.234268,1.589315,1.622478,0.946743,0.368298,0.983769,0.574045,0.223313,0.528211
sample,201,drone,5.021309,5.324465,-0.210437,1.598586,1.646337,0.960665,0.373714,0.925603,0.540105,0.210109,0.528211
sample,202,drone,5.046290,5.365882,-0.186270,1.607987,1.668725,0.973728,0.378796,0.866060,0.505360,0.196593,0.528211
sample,203,drone,5.071272,5.407840,-0.161786,1.617512,1.689608,0.985914,0.383536,0.805235,0.469868,0.182786,0.528211
sample,204,drone,5.096253,5.450301,-0.137010,1.627150,1.708957,0.997205,0.387929,0.743227,0.433685,0.168710,0.528211
sample,205,drone,5.121235,5.493225,-0.111963,1.636894,1.726742,1.007583,0.391966,0.680132,0.396868,0.154388,0.528211
sample,206,drone,5.146217,5.536574,-0.086668,1.646734,1.742938,1.017033,0.395642,0.616048,0.359474,0.139841,0.528211
sample,207,drone,5.171198,5.580308,-0.061149,1.656661,1.757522,1.025543,0.398953,0.551072,0.321560,0.125092,0.528211
sample,208,drone,5.196180,5.624386,-0.035428,1.666667,1.770472,1.033100,0.401892,0.485302,0.283182,0.110162,0.528211
sample,209,drone,5.221162,5.668767,-0.009532,1.676741,1.781769,1.039692,0.404457,0.418836,0.244397,0.095075,0.528211
sample,210,drone,5.246143,5.713409,0.016518,1.686875,1.791398,1.045310,0.406643,0.351769,0.205263,0.079851,0.528211
sample,211,drone,5.271125,5.758271,0.042696,1.697059,1.799345,1.049947,0.408446,0.284201,0.165836,0.064513,0.528211
sample,212,drone,5.296107,5.803310,0.068977,1.707282,1.805598,1.053596,0.409866,0.216227,0.126172,0.049083,0.528211
sample,213,drone,5.321088,5.848484,0.095337,1.717537,1.810148,1.056251,0.410899,0.147946,0.086329,0.033583,0.528211
sample,214,drone,5.346070,5.893751,0.121751,1.727812,1.812990,1.057909,0.411544,0.079455,0.046363,0.018036,0.528211
sample,215,drone,5.371051,5.939067,0.148193,1.738099,1.814118,1.058568,0.411800,0.010851,0.006332,0.002463,0.528211
sample,216,drone,5.396033,5.984390,0.174640,1.748387,1.813532,1.058226,0.411667,-0.057768,-0.033709,-0.013113,0.528211
sample,217,drone,5.421015,6.029677,0.201066,1.758667,1.811232,1.056884,0.411145,-0.126305,-0.073701,-0.028671,0.528211
sample,218,drone,5.445996,6.074885,0.227445,1.768929,1.807221,1.054543,0.410234,-0.194663,-0.113589,-0.044188,0.528211
sample,219,drone,5.470978,6.119972,0.253754,1.779164,1.801506,1.051208,0.408937,-0.262745,-0.153316,-0.059642,0.528211
sample,220,drone,5.495960,6.164894,0.279967,1.789361,1.794094,1.046883,0.407254,-0.330452,-0.192824,-0.075012,0.528211
sample,221,drone,5.520941,6.209611,0.306060,1.799511,1.784995,1.041574,0.405189,-0.397687,-0.232057,-0.090274,0.528211
sample,222,drone,5.545923,6.254079,0.332008,1.809606,1.774224,1.035289,0.402744,-0.464354,-0.270958,-0.105407,0.528211
sample,223,drone,5.570904,6.298257,0.357786,1.819634,1.761795,1.028036,0.399923,-0.530355,-0.309471,-0.120389,0.528211
sample,224,drone,5.595886,6.342104,0.383372,1.829587,1.747725,1.019827,0.396729,-0.595593,-0.347538,-0.135198,0.528211
sample,225,drone,5.620868,6.385579,0.408740,1.839456,1.732037,1.010672,0.393168,-0.659969,-0.385103,-0.149811,0.528211
sample,226,drone,5.645849,6.428642,0.433868,1.849231,1.714751,1.000586,0.389244,-0.723387,-0.422108,-0.164207,0.528211
sample,227,drone,5.670831,6.471253,0.458733,1.858904,1.695894,0.989582,0.384963,-0.785750,-0.458498,-0.178363,0.528211
sample,228,drone,5.695813,6.513374,0.483311,1.868465,1.675493,0.977678,0.380332,-0.846959,-0.494215,-0.192257,0.528211
sample,229,drone,5.720794,6.554966,0.507581,1.877906,1.653577,0.964890,0.375358,-0.906918,-0.529202,-0.205868,0.528211
sample,230,drone,5.745776,6.595992,0.531520,1.887219,1.630180,0.951237,0.370046,-0.965530,-0.563403,-0.219173,0.528211
sample,231,drone,5.770758,6.636416,0.555108,1.896395,1.605336,0.936740,0.364407,-1.022696,-0.596760,-0.232149,0.528211
sample,232,drone,5.795739,6.676200,0.578323,1.905426,1.579083,0.921421,0.358448,-1.078321,-0.629218,-0.244776,0.528211
sample,233,drone,5.820721,6.715312,0.601145,1.914304,1.551460,0.905302,0.352177,-1.132305,-0.660719,-0.257030,0.528211
sample,234,drone,5.845702,6.753716,0.623554,1.923022,1.522509,0.888409,0.345605,-1.184552,-0.691206,-0.268890,0.528211
sample,235,drone,5.870684,6.791381,0.645533,1.931572,1.492276,0.870768,0.338743,-1.234964,-0.720622,-0.280334,0.528211
sample,236,drone,5.895666,6.828275,0.667061,1.939947,1.460806,0.852405,0.331599,-1.283445,-0.748911,-0.291339,0.528211
sample,237,drone,5.920647,6.864368,0.688122,1.948140,1.428151,0.833349,0.324186,-1.329896,-0.776017,-0.301883,0.528211
sample,238,drone,5.945629,6.899630,0.708698,1.956144,1.394360,0.813632,0.316516,-1.374221,-0.801881,-0.311945,0.528211
sample,239,drone,5.970611,6.934035,0.728773,1.963954,1.359490,0.793285,0.308601,-1.416322,-0.826447,-0.321501,0.528211
sample,240,drone,5.995592,6.967555,0.748333,1.971563,1.323596,0.772340,0.300453,-1.456102,-0.849659,-0.330531,0.528211
sample,241,drone,6.020574,7.000166,0.767362,1.978965,1.286738,0.750833,0.292086,-1.493462,-0.871460,-0.339012,0.528211
sample,242,drone,6.045556,7.031844,0.785847,1.986156,1.248978,0.728799,0.283515,-1.528307,-0.891792,-0.346922,0.528211
sample,243,drone,6.070537,7.062569,0.803775,1.993131,1.210379,0.706276,0.274753,-1.560538,-0.910600,-0.354238,0.528211
sample,244,drone,6.095519,7.092319,0.821135,1.999884,1.171008,0.683303,0.265816,-1.590059,-0.927826,-0.360939,0.528211
sample,245,drone,6.120500,7.121076,0.837915,2.006412,1.130935,0.659919,0.256719,-1.616771,-0.943413,-0.367003,0.528211
sample,246,drone,6.145482,7.148824,0.854106,2.012710,1.090229,0.636167,0.247479,-1.640578,-0.957304,-0.372407,0.528211
sample,247,drone,6.170464,7.175548,0.869700,2.018777,1.048966,0.612089,0.238112,-1.661382,-0.969444,-0.377129,0.528211
sample,248,drone,6.195445,7.201234,0.884688,2.024607,1.007221,0.587730,0.228636,-1.679085,-0.979774,-0.381148,0.528211
sample,249,drone,6.220427,7.225872,0.899065,2.030200,0.965073,0.563136,0.219069,-1.693591,-0.988239,-0.384441,0.528211
sample,250,drone,6.245409,7.249452,0.912825,2.035553,0.922604,0.538355,0.209429,-1.704802,-0.994780,-0.386986,0.528211
sample,251,drone,6.270390,7.271968,0.925963,2.040664,0.879896,0.513434,0.199734,-1.712621,-0.999343,-0.388760,0.528211
sample,252,drone,6.295372,7.293415,0.938477,2.045532,0.837036,0.488424,0.190005,-1.716950,-1.001869,-0.389743,0.528211
sample,253,drone,6.320354,7.313789,0.950366,2.050157,0.794111,0.463377,0.180261,-1.717692,-1.002302,-0.389911,0.528211
sample,254,drone,6.345335,7.333091,0.961629,2.054538,0.751214,0.438346,0.170524,-1.714749,-1.000585,-0.389243,0.528211
sample,255,drone,6.370317,7.351322,0.972267,2.058677,0.708437,0.413385,0.160813,-1.708025,-0.996661,-0.387717,0.528211
sample,256,drone,6.395298,7.368487,0.982283,2.062573,0.665876,0.388549,0.151152,-1.697421,-0.990473,-0.385310,0.528211
sample,257,drone,6.420280,7.384592,0.991681,2.066229,0.623628,0.363897,0.141562,-1.682841,-0.981966,-0.382000,0.528211
sample,258,drone,6.445262,7.399645,1.000465,2.069646,0.581795,0.339487,0.132066,-1.664187,-0.971081,-0.377766,0.528211
sample,259,drone,6.470243,7.413660,1.008643,2.072827,0.540480,0.315379,0.122687,-1.641362,-0.957762,-0.372585,0.528211
sample,260,drone,6.495225,7.426649,1.016222,2.075776,0.499788,0.291634,0.113450,-1.614268,-0.941952,-0.366435,0.528211
sample,261,drone,6.520207,7.438631,1.023214,2.078496,0.459826,0.268316,0.104379,-1.582808,-0.923595,-0.359293,0.528211
sample,262,drone,6.545188,7.449624,1.029628,2.080991,0.420705,0.245488,0.095499,-1.546885,-0.902633,-0.351139,0.528211
sample,263,drone,6.570170,7.459651,1.035479,2.083267,0.382538,0.223217,0.086835,-1.506401,-0.879010,-0.341949,0.528211
sample,264,drone,6.595152,7.468737,1.040781,2.085330,0.345441,0.201570,0.078414,-1.461259,-0.852669,-0.331702,0.528211
sample,265,drone,6.620133,7.476910,1.045550,2.087185,0.309529,0.180615,0.070262,-1.411362,-0.823553,-0.320375,0.528211
sample,266,drone,6.645115,7.484202,1.049805,2.088840,0.274924,0.160423,0.062407,-1.356612,-0.791605,-0.307947,0.528211
sample,267,drone,6.670096,7.490646,1.053565,2.090303,0.241748,0.141064,0.054876,-1.296911,-0.756769,-0.294395,0.528211
sample,268,drone,6.695078,7.496280,1.056853,2.091582,0.210126,0.122612,0.047698,-1.232163,-0.718988,-0.279698,0.528211
sample,269,drone,6.720060,7.501145,1.059691,2.092686,0.180185,0.105141,0.040902,-1.162270,-0.678204,-0.263832,0.528211
sample,270,drone,6.745041,7.505283,1.062106,2.093626,0.152056,0.088727,0.034516,-1.087135,-0.634361,-0.246777,0.528211
sample,271,drone,6.770023,7.508742,1.064124,2.094411,0.125869,0.073446,0.028572,-1.006660,-0.587403,-0.228509,0.528211
sample,272,drone,6.795005,7.511572,1.065776,2.095053,0.101759,0.059378,0.023099,-0.920749,-0.537272,-0.209007,0.528211
sample,273,drone,6.819986,7.513826,1.067091,2.095565,0.079865,0.046603,0.018129,-0.829302,-0.483912,-0.188249,0.528211
sample,274,drone,6.844968,7.515562,1.068104,2.095959,0.060325,0.035201,0.013694,-0.732225,-0.427265,-0.166213,0.528211
sample,275,drone,6.869949,7.516840,1.068850,2.096249,0.043281,0.025255,0.009825,-0.629418,-0.367276,-0.142876,0.528211
sample,276,drone,6.894931,7.517725,1.069366,2.096450,0.028877,0.016850,0.006555,-0.520784,-0.303886,-0.118217,0.528211
sample,277,drone,6.919913,7.518283,1.069692,2.096577,0.017261,0.010072,0.003918,-0.406227,-0.237040,-0.092212,0.528211
sample,278,drone,6.944894,7.518587,1.069869,2.096646,0.008581,0.005007,0.001948,-0.285649,-0.166681,-0.064841,0.528211
sample,279,drone,6.969876,7.518712,1.069942,2.096674,0.002989,0.001744,0.000678,-0.160282,-0.095419,-0.036640,0.528211
sample,280,drone,6.994858,7.518736,1.069956,2.096679,0.000572,0.000239,0.000117,-0.041911,-0.046091,-0.012444,0.396259
sample,281,drone,7.019839,7.518740,1.069954,2.096680,0.000895,-0.000559,0.000057,0.053868,-0.045826,0.001764,-0.558426
sample,282,drone,7.044821,7.518781,1.069928,2.096682,0.003264,-0.002050,0.000205,0.130301,-0.081907,0.008188,-0.560849
sample,283,drone,7.069803,7.518903,1.069852,2.096690,0.007405,-0.004651,0.000466,0.199984,-0.125616,0.012579,-0.560849
sample,284,drone,7.094784,7.519151,1.069696,2.096706,0.013256,-0.008326,0.000834,0.267213,-0.167845,0.016807,-0.560849
sample,285,drone,7.119766,7.519566,1.069436,2.096732,0.020756,-0.013037,0.001306,0.332039,-0.208565,0.020885,-0.560849
sample,286,drone,7.144747,7.520188,1.069045,2.096771,0.029845,-0.018747,0.001877,0.394489,-0.247792,0.024813,-0.560849
sample,287,drone,7.169729,7.521057,1.068499,2.096825,0.040466,-0.025418,0.002545,0.454591,-0.285544,0.028593,-0.560849
sample,288,drone,7.194711,7.522210,1.067775,2.096898,0.052558,-0.033014,0.003306,0.512374,-0.321839,0.032228,-0.560849
sample,289,drone,7.219692,7.523683,1.066849,2.096991,0.066066,-0.041498,0.004155,0.567864,-0.356694,0.035718,-0.560849
sample,290,drone,7.244674,7.525511,1.065701,2.097106,0.080931,-0.050835,0.005090,0.621090,-0.390127,0.039066,-0.560849
sample,291,drone,7.269656,7.527726,1.064310,2.097245,0.097097,-0.060990,0.006107,0.672079,-0.422155,0.042273,-0.560849
sample,292,drone,7.294637,7.530362,1.062654,2.097411,0.114510,-0.071927,0.007203,0.720860,-0.452796,0.045341,-0.560849
sample,293,drone,7.319619,7.533448,1.060716,2.097605,0.133114,-0.083613,0.008373,0.767460,-0.482067,0.048273,-0.560849
sample,294,drone,7.344601,7.537013,1.058476,2.097829,0.152855,-0.096013,0.009614,0.811908,-0.509986,0.051068,-0.560849
sample,295,drone,7.369582,7.541085,1.055919,2.098085,0.173679,-0.109094,0.010924,0.854230,-0.536570,0.053730,-0.560849
sample,296,drone,7.394564,7.545690,1.053026,2.098375,0.195535,-0.122822,0.012299,0.894456,-0.561837,0.056261,-0.560849
sample,297,drone,7.419545,7.550854,1.049782,2.098700,0.218369,-0.137165,0.013735,0.932612,-0.585804,0.058660,-0.560849
sample,298,drone,7.444527,7.556601,1.046173,2.099061,0.242131,-0.152091,0.015230,0.968726,-0.608489,0.060932,-0.560849
sample,299,drone,7.469509,7.562952,1.042183,2.099461,0.266770,-0.167567,0.016780,1.002828,-0.629909,0.063077,-0.560849
sample,300,drone,7.494490,7.569930,1.037800,2.099899,0.292236,-0.183563,0.018381,1.034943,-0.650082,0.065097,-0.560849
sample,301,drone,7.519472,7.577553,1.033012,2.100379,0.318479,-0.200047,0.020032,1.065101,-0.669025,0.066994,-0.560849
sample,302,drone,7.544454,7.585842,1.027805,2.100900,0.345452,-0.216989,0.021729,1.093329,-0.686755,0.068769,-0.560849
sample,303,drone,7.569435,7.594813,1.022170,2.101465,0.373105,-0.234360,0.023468,1.119654,-0.703291,0.070425,-0.560849
sample,304,drone,7.594417,7.604483,1.016096,2.102073,0.401393,-0.252128,0.025247,1.144106,-0.718650,0.071963,-0.560849
sample,305,drone,7.619399,7.614868,1.009573,2.102726,0.430269,-0.270266,0.027064,1.166711,-0.732849,0.073385,-0.560849
sample,306,drone,7.644380,7.625981,1.002593,2.103425,0.459686,-0.288744,0.028914,1.187497,-0.745906,0.074693,-0.560849
sample,307,drone,7.669362,7.637835,0.995147,2.104171,0.489600,-0.307534,0.030795,1.206493,-0.757838,0.075887,-0.560849
sample,308,drone,7.694343,7.650443,0.987227,2.104964,0.519966,-0.326608,0.032705,1.223727,-0.768663,0.076971,-0.560849
sample,309,drone,7.719325,7.663815,0.978828,2.105805,0.550741,-0.345939,0.034641,1.239225,-0.778398,0.077946,-0.560849
sample,310,drone,7.744307,7.677960,0.969943,2.106695,0.581882,-0.365499,0.036600,1.253016,-0.787060,0.078814,-0.560849
sample,311,drone,7.769288,7.692887,0.960567,2.107633,0.613346,-0.385263,0.038579,1.265128,-0.794668,0.079576,-0.560849
sample,312,drone,7.794270,7.708605,0.950694,2.108622,0.645092,-0.405203,0.040576,1.275589,-0.801239,0.080233,-0.560849
sample,313,drone,7.819252,7.725118,0.940321,2.109661,0.677079,-0.425295,0.042588,1.284426,-0.806790,0.080789,-0.560849
sample,314,drone,7.844233,7.742434,0.929445,2.110750,0.709266,-0.445513,0.044612,1.291668,-0.811339,0.081245,-0.560849
sample,315,drone,7.869215,7.760555,0.918062,2.111890,0.741615,-0.465832,0.046647,1.297341,-0.814903,0.081602,-0.560849
sample,316,drone,7.894197,7.779487,0.906170,2.113080,0.774085,-0.486228,0.048689,1.301475,-0.817499,0.081862,-0.560849
sample,317,drone,7.919178,7.799231,0.893768,2.114322,0.806641,-0.506677,0.050737,1.304097,-0.819146,0.082027,-0.560849
sample,318,drone,7.944160,7.819790,0.880855,2.115615,0.839242,-0.527156,0.052788,1.305235,-0.819861,0.082098,-0.560849
sample,319,drone,7.969141,7.841163,0.867430,2.116960,0.871854,-0.547640,0.054839,1.304916,-0.819661,0.082078,-0.560849
sample,320,drone,7.994123,7.863350,0.853493,2.118355,0.904440,-0.568109,0.056889,1.303169,-0.818563,0.081968,-0.560849
sample,321,drone,8.019105,7.886351,0.839045,2.119802,0.936965,-0.588538,0.058934,1.300022,-0.816586,0.081770,-0.560849
sample,322,drone,8.044086,7.910164,0.824088,2.121300,0.969394,-0.608908,0.060974,1.295501,-0.813747,0.081486,-0.560849
sample,323,drone,8.069068,7.934785,0.808622,2.122849,1.001692,-0.629196,0.063006,1.289636,-0.810062,0.081117,-0.560849
sample,324,drone,8.094050,7.960212,0.792651,2.124448,1.033828,-0.649381,0.065027,1.282454,-0.805551,0.080665,-0.560849
sample,325,drone,8.119031,7.986439,0.776177,2.126098,1.065768,-0.669444,0.067036,1.273982,-0.800230,0.080132,-0.560849
sample,326,drone,8.144013,8.013461,0.759204,2.127797,1.097480,-0.689363,0.069031,1.264249,-0.794116,0.079520,-0.560849
sample,327,drone,8.168994,8.041273,0.741734,2.129547,1.128934,-0.709120,0.071009,1.253283,-0.787228,0.078830,-0.560849
sample,328,drone,8.193976,8.069866,0.723774,2.131345,1.160099,-0.728696,0.072969,1.241112,-0.779583,0.078065,-0.560849
sample,329,drone,8.218958,8.099235,0.705326,2.133192,1.190944,-0.748071,0.074909,1.227762,-0.771197,0.077225,-0.560849
sample,330,drone,8.243939,8.129370,0.686398,2.135088,1.221442,-0.767227,0.076828,1.213263,-0.762090,0.076313,-0.560849
sample,331,drone,8.268921,8.160262,0.666993,2.137031,1.251563,-0.786147,0.078722,1.197641,-0.752278,0.075331,-0.560849
sample,332,drone,8.293903,8.191902,0.647119,2.139021,1.281280,-0.804814,0.080591,1.180926,-0.741778,0.074279,-0.560849
sample,333,drone,8.318884,8.224279,0.626782,2.141058,1.310566,-0.823209,0.082433,1.163144,-0.730609,0.073161,-0.560849
sample,334,drone,8.343866,8.257382,0.605989,2.143140,1.339394,-0.841317,0.084247,1.144324,-0.718787,0.071977,-0.560849
sample,335,drone,8.368848,8.291200,0.584747,2.145267,1.367740,-0.859122,0.086030,1.124493,-0.706331,0.070730,-0.560849
sample,336,drone,8.393829,8.325719,0.563064,2.147438,1.395577,-0.876608,0.087781,1.103680,-0.693257,0.069421,-0.560849
sample,337,drone,8.418811,8.360927,0.540949,2.149653,1.422883,-0.893759,0.089498,1.081912,-0.679584,0.068051,-0.560849
sample,338,drone,8.443792,8.396811,0.518409,2.151910,1.449633,-0.910562,0.091181,1.059217,-0.665329,0.066624,-0.560849
sample,339,drone,8.468774,8.433356,0.495454,2.154208,1.475805,-0.927001,0.092827,1.035622,-0.650508,0.065140,-0.560849
sample,340,drone,8.493756,8.470547,0.472093,2.156548,1.501376,-0.943064,0.094435,1.011157,-0.635141,0.063601,-0.560849
sample,341,drone,8.518737,8.508369,0.448336,2.158927,1.526326,-0.958735,0.096005,0.985848,-0.619243,0.062009,-0.560849
sample,342,drone,8.543719,8.546807,0.424192,2.161344,1.550633,-0.974003,0.097533,0.959723,-0.602834,0.060366,-0.560849
sample,343,drone,8.568701,8.585844,0.399671,2.163800,1.574277,-0.988855,0.099021,0.932811,-0.585929,0.058673,-0.560849
sample,344,drone,8.593682,8.625463,0.374785,2.166292,1.597239,-1.003278,0.100465,0.905139,-0.568548,0.056933,-0.560849
sample,345,drone,8.618664,8.665647,0.349544,2.168819,1.619500,-1.017261,0.101865,0.876736,-0.550706,0.055146,-0.560849
sample,346,drone,8.643646,8.706379,0.323960,2.171381,1.641043,-1.030793,0.103220,0.847628,-0.532423,0.053315,-0.560849
sample,347,drone,8.668627,8.747639,0.298043,2.173976,1.661851,-1.043863,0.104529,0.817843,-0.513714,0.051442,-0.560849
sample,348,drone,8.693609,8.789410,0.271805,2.176604,1.681906,-1.056460,0.105790,0.787411,-0.494598,0.049527,-0.560849
sample,349,drone,8.718590,8.831673,0.245258,2.179262,1.701192,-1.068574,0.107004,0.756358,-0.475093,0.047574,-0.560849
sample,350,drone,8.743572,8.874407,0.218415,2.181950,1.719696,-1.080197,0.108167,0.724712,-0.455215,0.045584,-0.560849
sample,351,drone,8.768554,8.917594,0.191288,2.184666,1.737401,-1.091318,0.109281,0.692501,-0.434983,0.043558,-0.560849
sample,352,drone,8.793535,8.961213,0.163889,2.187410,1.754295,-1.101930,0.110344,0.659754,-0.414413,0.041498,-0.560849
sample,353,drone,8.818517,9.005245,0.136232,2.190180,1.770365,-1.112024,0.111354,0.626498,-0.393524,0.039406,-0.560849
sample,354,drone,8.843499,9.049667,0.108329,2.192974,1.785597,-1.121592,0.112313,0.592760,-0.372332,0.037284,-0.560849
sample,355,drone,8.868480,9.094459,0.080194,2.195791,1.799981,-1.130627,0.113217,0.558569,-0.350855,0.035134,-0.560849
sample,356,drone,8.893462,9.139600,0.051839,2.198630,1.813505,-1.139122,0.114068,0.523952,-0.329112,0.032956,-0.560849
sample,357,drone,8.918444,9.185067,0.023279,2.201490,1.826159,-1.147070,0.114864,0.488938,-0.307118,0.030754,-0.560849
sample,358,drone,8.943425,9.230841,-0.005472,2.204369,1.837934,-1.154466,0.115605,0.453554,-0.284892,0.028528,-0.560849
sample,359,drone,8.968407,9.276897,-0.034401,2.207266,1.848820,-1.161304,0.116289,0.417828,-0.262452,0.026281,-0.560849
sample,360,drone,8.993388,9.323214,-0.063495,2.210180,1.858810,-1.167579,0.116918,0.381788,-0.239814,0.024014,-0.560849
sample,361,drone,9.018370,9.369769,-0.092738,2.213108,1.867896,-1.173286,0.117489,0.345462,-0.216996,0.021729,-0.560849
sample,362,drone,9.043352,9.416540,-0.122116,2.216050,1.876071,-1.178421,0.118003,0.308878,-0.194016,0.019428,-0.560849
sample,363,drone,9.068333,9.463504,-0.151615,2.219004,1.883328,-1.182980,0.118460,0.272063,-0.170892,0.017113,-0.560849
sample,364,drone,9.093315,9.510637,-0.181221,2.221968,1.889664,-1.186959,0.118858,0.235046,-0.147640,0.014784,-0.560849
sample,365,drone,9.118297,9.557917,-0.210920,2.224942,1.895072,-1.190357,0.119198,0.197853,-0.124278,0.012445,-0.560849
sample,366,drone,9.143278,9.605321,-0.240695,2.227924,1.899549,-1.193169,0.119480,0.160514,-0.100824,0.010096,-0.560849
sample,367,drone,9.168260,9.652825,-0.270534,2.230912,1.903092,-1.195394,0.119703,0.123056,-0.077296,0.007740,-0.560849
sample,368,drone,9.193242,9.700406,-0.300421,2.233905,1.905697,-1.197031,0.119867,0.085507,-0.053710,0.005378,-0.560849
sample,369,drone,9.218223,9.748040,-0.330342,2.236901,1.907364,-1.198078,0.119972,0.047894,-0.030084,0.003013,-0.560849
sample,370,drone,9.243205,9.795704,-0.360281,2.239899,1.908090,-1.198534,0.120017,0.010246,-0.006436,0.000644,-0.560849
sample,371,drone,9.268186,9.843374,-0.390225,2.242897,1.907876,-1.198399,0.120004,-0.027409,0.017217,-0.001724,-0.560849
sample,372,drone,9.293168,9.891028,-0.420157,2.245895,1.906721,-1.197674,0.119931,-0.065044,0.040857,-0.004091,-0.560849
sample,373,drone,9.318150,9.938640,-0.450064,2.248889,1.904626,-1.196358,0.119799,-0.102632,0.064466,-0.006455,-0.560849
sample,374,drone,9.343131,9.986189,-0.479931,2.251880,1.901593,-1.194453,0.119609,-0.140143,0.088028,-0.008815,-0.560849
sample,375,drone,9.368113,10.033650,-0.509743,2.254865,1.897624,-1.191960,0.119359,-0.177550,0.111525,-0.011168,-0.560849
sample,376,drone,9.393095,10.081000,-0.539485,2.257844,1.892722,-1.188881,0.119051,-0.214826,0.134939,-0.013512,-0.560849
sample,377,drone,9.418076,10.128217,-0.569143,2.260814,1.886891,-1.185218,0.118684,-0.251942,0.158253,-0.015847,-0.560849
sample,378,drone,9.443058,10.175276,-0.598703,2.263774,1.880134,-1.180974,0.118259,-0.288870,0.181449,-0.018170,-0.560849
sample,379,drone,9.468039,10.222154,-0.628149,2.266722,1.872458,-1.176152,0.117776,-0.325583,0.204510,-0.020479,-0.560849
sample,380,drone,9.493021,10.268830,-0.657467,2.269658,1.863867,-1.170756,0.117236,-0.362054,0.227418,-0.022773,-0.560849
sample,381,drone,9.518003,10.315279,-0.686643,2.272580,1.854368,-1.164789,0.116638,-0.398253,0.250156,-0.025050,-0.560849
sample,382,drone,9.542984,10.361480,-0.715664,2.275486,1.843969,-1.158257,0.115984,-0.434153,0.272706,-0.027308,-0.560849
sample,383,drone,9.567966,10.407410,-0.744514,2.278375,1.832677,-1.151164,0.115274,-0.469726,0.295050,-0.029545,-0.560849
sample,384,drone,9.592948,10.453047,-0.773180,2.281245,1.820500,-1.143516,0.114508,-0.504945,0.317173,-0.031761,-0.560849
sample,385,drone,9.617929,10.498368,-0.801648,2.284096,1.807448,-1.135317,0.113687,-0.539782,0.339054,-0.033952,-0.560849
sample,386,drone,9.642911,10.543353,-0.829904,2.286925,1.793531,-1.126575,0.112812,-0.574208,0.360679,-0.036117,-0.560849
sample,387,drone,9.667893,10.587979,-0.857935,2.289732,1.778759,-1.117296,0.111882,-0.608195,0.382027,-0.038255,-0.560849
sample,388,drone,9.692874,10.632225,-0.885728,2.292515,1.763143,-1.107488,0.110900,-0.641717,0.403084,-0.040363,-0.560849
sample,389,drone,9.717856,10.676071,-0.913269,2.295273,1.746697,-1.097157,0.109866,-0.674745,0.423830,-0.042441,-0.560849
sample,390,drone,9.742837,10.719496,-0.940545,2.298005,1.729431,-1.086312,0.108780,-0.707251,0.444248,-0.044486,-0.560849
sample,391,drone,9.767819,10.762479,-0.967544,2.300708,1.711360,-1.074961,0.107643,-0.739208,0.464321,-0.046496,-0.560849
sample,392,drone,9.792801,10.805001,-0.994254,2.303383,1.692498,-1.063113,0.106457,-0.770587,0.484031,-0.048469,-0.560849
sample,393,drone,9.817782,10.847042,-1.020661,2.306027,1.672859,-1.050777,0.105221,-0.801361,0.503361,-0.050405,-0.560849
sample,394,drone,9.842764,10.888583,-1.046754,2.308640,1.652459,-1.037963,0.103938,-0.831501,0.522293,-0.052301,-0.560849
sample,395,drone,9.867746,10.929604,-1.072521,2.311220,1.631314,-1.024682,0.102608,-0.860981,0.540810,-0.054155,-0.560849
sample,396,drone,9.892727,10.970088,-1.097950,2.313767,1.609442,-1.010943,0.101233,-0.889771,0.558894,-0.055966,-0.560849
sample,397,drone,9.917709,11.010017,-1.123031,2.316278,1.586858,-0.996758,0.099812,-0.917845,0.576528,-0.057732,-0.560849
sample,398,drone,9.942691,11.049373,-1.147752,2.318754,1.563583,-0.982138,0.098348,-0.945174,0.593695,-0.059451,-0.560849
sample,399,drone,9.967672,11.088139,-1.172102,2.321192,1.539634,-0.967095,0.096842,-0.971730,0.610376,-0.061121,-0.560849
sample,400,drone,9.992654,11.126298,-1.196071,2.323592,1.515032,-0.951641,0.095294,-0.997487,0.626554,-0.062741,-0.560849
sample,401,drone,10.017635,11.163835,-1.219649,2.325953,1.489797,-0.935790,0.093707,-1.022415,0.642212,-0.064309,-0.560849
sample,402,drone,10.042617,11.200733,-1.242826,2.328274,1.463949,-0.919554,0.092081,-1.046486,0.657332,-0.065823,-0.560849
sample,403,drone,10.067599,11.236979,-1.265593,2.330554,1.437511,-0.902948,0.090418,-1.069674,0.671897,-0.067282,-0.560849
sample,404,drone,10.092580,11.272556,-1.287940,2.332792,1.410505,-0.885984,0.088720,-1.091951,0.685890,-0.068683,-0.560849
sample,405,drone,10.117562,11.307452,-1.309859,2.334987,1.382954,-0.868678,0.086987,-1.113287,0.699292,-0.070025,-0.560849
sample,406,drone,10.142544,11.341653,-1.331342,2.337138,1.354881,-0.851045,0.085221,-1.133656,0.712086,-0.071306,-0.560849
sample,407,drone,10.167525,11.375146,-1.352380,2.339244,1.326312,-0.833100,0.083424,-1.153029,0.724255,-0.072525,-0.560849
sample,408,drone,10.192507,11.407920,-1.372967,2.341306,1.297272,-0.814859,0.081597,-1.171380,0.735782,-0.073679,-0.560849
sample,409,drone,10.217489,11.439962,-1.393093,2.343321,1.267786,-0.796338,0.079743,-1.188679,0.746648,-0.074767,-0.560849
sample,410,drone,10.242470,11.471263,-1.412754,2.345290,1.237882,-0.777554,0.077862,-1.204899,0.756836,-0.075787,-0.560849
sample,411,drone,10.267452,11.501811,-1.431943,2.347212,1.207586,-0.758524,0.075956,-1.220012,0.766330,-0.076738,-0.560849
sample,412,drone,10.292433,11.531597,-1.450653,2.349085,1.176926,-0.739266,0.074028,-1.233991,0.775110,-0.077617,-0.560849
sample,413,drone,10.317415,11.560614,-1.468879,2.350910,1.145931,-0.719797,0.072078,-1.246807,0.783160,-0.078423,-0.560849
sample,414,drone,10.342397,11.588852,-1.486616,2.352686,1.114631,-0.700136,0.070109,-1.258433,0.790463,-0.079154,-0.560849
sample,415,drone,10.367378,11.616305,-1.503860,2.354413,1.083056,-0.680303,0.068123,-1.268840,0.797000,-0.079809,-0.560849
sample,416,drone,10.392360,11.642965,-1.520606,2.356090,1.051236,-0.660316,0.066122,-1.278002,0.802755,-0.080385,-0.560849
sample,417,drone,10.417342,11.668828,-1.536851,2.357717,1.019203,-0.640195,0.064107,-1.285889,0.807709,-0.080881,-0.560849
sample,418,drone,10.442323,11.693888,-1.552592,2.359293,0.986989,-0.619960,0.062081,-1.292474,0.811845,-0.081296,-0.560849
sample,419,drone,10.467305,11.718141,-1.567827,2.360819,0.954627,-0.599632,0.060045,-1.297730,0.815147,-0.081626,-0.560849
sample,420,drone,10.492286,11.741584,-1.582552,2.362293,0.922150,-0.579233,0.058002,-1.301628,0.817595,-0.081871,-0.560849
sample,421,drone,10.517268,11.764215,-1.596767,2.363717,0.889593,-0.558782,0.055955,-1.304141,0.819174,-0.082029,-0.560849
sample,422,drone,10.542250,11.786031,-1.610471,2.365089,0.856991,-0.538304,0.053904,-1.305240,0.819864,-0.082099,-0.560849
sample,423,drone,10.567231,11.807033,-1.623662,2.366410,0.824379,-0.517819,0.051853,-1.304899,0.819649,-0.082077,-0.560849
sample,424,drone,10.592213,11.827220,-1.636343,2.367679,0.791794,-0.497352,0.049803,-1.303088,0.818512,-0.081963,-0.560849
sample,425,drone,10.617195,11.846593,-1.648512,2.368898,0.759272,-0.476924,0.047758,-1.299780,0.816434,-0.081755,-0.560849
sample,426,drone,10.642176,11.865155,-1.660171,2.370066,0.726853,-0.456560,0.045718,-1.294948,0.813399,-0.081451,-0.560849
sample,427,drone,10.667158,11.882909,-1.671323,2.371182,0.694573,-0.436284,0.043688,-1.288563,0.809388,-0.081050,-0.560849
sample,428,drone,10.692140,11.899858,-1.681969,2.372248,0.662472,-0.416120,0.041669,-1.280598,0.804385,-0.080549,-0.560849
sample,429,drone,10.717121,11.916008,-1.692114,2.373264,0.630590,-0.396094,0.039664,-1.271024,0.798372,-0.079946,-0.560849
sample,430,drone,10.742103,11.931365,-1.701760,2.374230,0.598967,-0.376231,0.037675,-1.259814,0.791330,-0.079241,-0.560849
sample,431,drone,10.767084,11.945935,-1.710911,2.375147,0.567645,-0.356557,0.035704,-1.246940,0.783244,-0.078431,-0.560849
sample,432,drone,10.792066,11.959726,-1.719574,2.376014,0.536666,-0.337097,0.033756,-1.232374,0.774094,-0.077515,-0.560849
sample,433,drone,10.817048,11.972748,-1.727754,2.376833,0.506072,-0.317880,0.031832,-1.216089,0.763865,-0.076491,-0.560849
sample,434,drone,10.842029,11.985011,-1.735457,2.377604,0.475906,-0.298932,0.029934,-1.198055,0.752538,-0.075357,-0.560849
sample,435,drone,10.867011,11.996526,-1.742690,2.378329,0.446213,-0.280281,0.028066,-1.178247,0.740095,-0.074111,-0.560849
sample,436,drone,10.891993,12.007305,-1.749460,2.379007,0.417037,-0.261955,0.026231,-1.156635,0.726520,-0.072751,-0.560849
sample,437,drone,10.916974,12.017363,-1.755778,2.379639,0.388424,-0.243982,0.024432,-1.133191,0.711794,-0.071277,-0.560849
sample,438,drone,10.941956,12.026712,-1.761650,2.380227,0.360419,-0.226391,0.022670,-1.107889,0.695901,-0.069685,-0.560849
sample,439,drone,10.966938,12.035370,-1.767089,2.380772,0.333070,-0.209212,0.020950,-1.080700,0.678823,-0.067975,-0.560849
sample,440,drone,10.991919,12.043354,-1.772103,2.381274,0.306424,-0.192475,0.019274,-1.051596,0.660542,-0.066145,-0.560849
sample,441,drone,11.016901,12.050680,-1.776706,2.381735,0.280529,-0.176209,0.017645,-1.020549,0.641040,-0.064192,-0.560849
sample,442,drone,11.041882,12.057370,-1.780907,2.382156,0.255434,-0.160446,0.016067,-0.987532,0.620301,-0.062115,-0.560849
sample,443,drone,11.066864,12.063443,-1.784722,2.382538,0.231189,-0.145217,0.014542,-0.952517,0.598307,-0.059912,-0.560849
sample,444,drone,11.091846,12.068921,-1.788163,2.382882,0.207843,-0.130553,0.013073,-0.915475,0.575040,-0.057583,-0.560849
sample,445,drone,11.116827,12.073827,-1.791245,2.383191,0.185449,-0.116486,0.011665,-0.876379,0.550482,-0.055124,-0.560849
sample,446,drone,11.141809,12.078186,-1.793983,2.383465,0.164056,-0.103049,0.010319,-0.835201,0.524617,-0.052533,-0.560849
sample,447,drone,11.166791,12.082024,-1.796393,2.383706,0.143719,-0.090275,0.009040,-0.791914,0.497427,-0.049811,-0.560849
sample,448,drone,11.191772,12.085367,-1.798493,2.383917,0.124490,-0.078196,0.007830,-0.746488,0.468894,-0.046954,-0.560849
sample,449,drone,11.216754,12.088244,-1.800300,2.384098,0.106422,-0.066847,0.006694,-0.698898,0.439000,-0.043960,-0.560849
sample,450,drone,11.241736,12.090684,-1.801833,2.384251,0.089571,-0.056262,0.005634,-0.649114,0.407729,-0.040829,-0.560849
sample,451,drone,11.266717,12.092719,-1.803111,2.384379,0.073990,-0.046476,0.004654,-0.597108,0.375063,-0.037558,-0.560849
sample,452,drone,11.291699,12.094381,-1.804155,2.384484,0.059737,-0.037523,0.003757,-0.542854,0.340984,-0.034145,-0.560849
sample,453,drone,11.316680,12.095704,-1.804986,2.384567,0.046868,-0.029439,0.002948,-0.486322,0.305475,-0.030589,-0.560849
sample,454,drone,11.341662,12.096723,-1.805626,2.384631,0.035439,-0.022260,0.002229,-0.427486,0.268518,-0.026889,-0.560849
sample,455,drone,11.366644,12.097474,-1.806098,2.384678,0.025509,-0.016023,0.001604,-0.366317,0.230096,-0.023041,-0.560849
sample,456,drone,11.391625,12.097997,-1.806427,2.384711,0.017136,-0.010764,0.001078,-0.302788,0.190191,-0.019045,-0.560849
sample,457,drone,11.416607,12.098331,-1.806636,2.384732,0.010381,-0.006520,0.000653,-0.236870,0.148786,-0.014899,-0.560849
sample,458,drone,11.441589,12.098516,-1.806753,2.384744,0.005302,-0.003330,0.000333,-0.168536,0.105863,-0.010601,-0.560849
sample,459,drone,11.466570,12.098596,-1.806803,2.384749,0.001960,-0.001231,0.000123,-0.099770,0.062098,-0.006341,-0.560849
sample,460,drone,11.491552,12.098614,-1.806814,2.384750,0.000317,-0.000228,0.000017,-0.056364,0.026430,-0.004575,-0.622869
sample,461,drone,11.516534,12.098611,-1.806814,2.384750,-0.000856,0.000089,-0.000105,-0.075560,0.012032,-0.008817,3.037627
sample,462,drone,11.541515,12.098571,-1.806810,2.384745,-0.003458,0.000374,-0.000424,-0.147152,0.015958,-0.018027,3.033990
sample,463,drone,11.566497,12.098439,-1.806795,2.384728,-0.008208,0.000887,-0.001006,-0.231894,0.025049,-0.028420,3.033990
sample,464,drone,11.591478,12.098161,-1.806765,2.384694,-0.015045,0.001625,-0.001844,-0.313948,0.033913,-0.038476,3.033990
sample,465,drone,11.616460,12.097687,-1.806714,2.384636,-0.023894,0.002581,-0.002928,-0.393078,0.042460,-0.048174,3.033990
sample,466,drone,11.641442,12.096967,-1.806636,2.384548,-0.034684,0.003747,-0.004251,-0.469317,0.050696,-0.057518,3.033990
sample,467,drone,11.666423,12.095954,-1.806527,2.384424,-0.047343,0.005114,-0.005802,-0.542700,0.058623,-0.066511,3.033990
sample,468,drone,11.691405,12.094602,-1.806381,2.384258,-0.061799,0.006676,-0.007574,-0.613260,0.066245,-0.075159,3.033990
sample,469,drone,11.716387,12.092866,-1.806193,2.384046,-0.077983,0.008424,-0.009557,-0.681031,0.073565,-0.083465,3.033990
sample,470,drone,11.741368,12.090705,-1.805960,2.383781,-0.095826,0.010351,-0.011744,-0.746048,0.080588,-0.091433,3.033990
sample,471,drone,11.766350,12.088079,-1.805676,2.383459,-0.115258,0.012450,-0.014126,-0.808343,0.087317,-0.099068,3.033990
sample,472,drone,11.791331,12.084947,-1.805338,2.383075,-0.136213,0.014714,-0.016694,-0.867952,0.093756,-0.106373,3.033990
sample,473,drone,11.816313,12.081273,-1.804941,2.382625,-0.158624,0.017135,-0.019440,-0.924906,0.099909,-0.113353,3.033990
sample,474,drone,11.841295,12.077021,-1.804482,2.382104,-0.182424,0.019706,-0.022357,-0.979242,0.105778,-0.120012,3.033990
sample,475,drone,11.866276,12.072158,-1.803957,2.381508,-0.207550,0.022420,-0.025437,-1.030991,0.111368,-0.126354,3.033990
sample,476,drone,11.891258,12.066652,-1.803362,2.380833,-0.233936,0.025270,-0.028670,-1.080189,0.116682,-0.132384,3.033990
sample,477,drone,11.916240,12.060470,-1.802694,2.380075,-0.261520,0.028249,-0.032051,-1.126868,0.121725,-0.138105,3.033990
sample,478,drone,11.941221,12.053585,-1.801950,2.379231,-0.290238,0.031352,-0.035571,-1.171064,0.126499,-0.143521,3.033990
sample,479,drone,11.966203,12.045969,-1.801128,2.378298,-0.320030,0.034570,-0.039222,-1.212809,0.131008,-0.148637,3.033990
sample,480,drone,11.991185,12.037595,-1.800223,2.377272,-0.350834,0.037897,-0.042997,-1.252138,0.135256,-0.153457,3.033990
sample,481,drone,12.016166,12.028440,-1.799234,2.376150,-0.382591,0.041328,-0.046889,-1.289084,0.139247,-0.157985,3.033990
sample,482,drone,12.041148,12.018480,-1.798158,2.374929,-0.415241,0.044854,-0.050890,-1.323681,0.142984,-0.162225,3.033990
sample,483,drone,12.066129,12.007693,-1.796993,2.373607,-0.448726,0.048472,-0.054994,-1.355963,0.146472,-0.166182,3.033990
sample,484,drone,12.091111,11.996060,-1.795736,2.372181,-0.482989,0.052173,-0.059193,-1.385964,0.149712,-0.169859,3.033990
sample,485,drone,12.116093,11.983562,-1.794386,2.370650,-0.517974,0.055952,-0.063481,-1.413718,0.152710,-0.173260,3.033990
sample,486,drone,12.141074,11.970180,-1.792941,2.369010,-0.553623,0.059803,-0.067850,-1.439258,0.155469,-0.176390,3.033990
sample,487,drone,12.166056,11.955901,-1.791398,2.367260,-0.589884,0.063719,-0.072294,-1.462619,0.157992,-0.179253,3.033990
sample,488,drone,12.191038,11.940708,-1.789757,2.365398,-0.626700,0.067696,-0.076806,-1.483834,0.160284,-0.181853,3.033990
sample,489,drone,12.216019,11.924589,-1.788016,2.363422,-0.664021,0.071728,-0.081380,-1.502937,0.162348,-0.184194,3.033990
sample,490,drone,12.241001,11.907531,-1.786173,2.361332,-0.701792,0.075808,-0.086009,-1.519962,0.164187,-0.186281,3.033990
sample,491,drone,12.265983,11.889525,-1.784228,2.359125,-0.739963,0.079931,-0.090687,-1.534942,0.165805,-0.188117,3.033990
sample,492,drone,12.290964,11.870560,-1.782180,2.356801,-0.778483,0.084092,-0.095408,-1.547913,0.167206,-0.189706,3.033990
sample,493,drone,12.315946,11.850629,-1.780027,2.354358,-0.817302,0.088285,-0.100165,-1.558906,0.168394,-0.191054,3.033990
sample,494,drone,12.340927,11.829725,-1.777769,2.351796,-0.856371,0.092505,-0.104954,-1.567957,0.169371,-0.192163,3.033990
sample,495,drone,12.365909,11.807842,-1.775405,2.349114,-0.895642,0.096748,-0.109767,-1.575100,0.170143,-0.193038,3.033990
sample,496,drone,12.390891,11.784976,-1.772935,2.346312,-0.935068,0.101006,-0.114598,-1.580367,0.170712,-0.193684,3.033990
sample,497,drone,12.415872,11.761123,-1.770358,2.343388,-0.974602,0.105277,-0.119444,-1.583793,0.171082,-0.194104,3.033990
sample,498,drone,12.440854,11.736282,-1.767675,2.340344,-1.014199,0.109554,-0.124297,-1.585412,0.171257,-0.194302,3.033990
sample,499,drone,12.465836,11.710450,-1.764885,2.337178,-1.053815,0.113833,-0.129152,-1.585257,0.171240,-0.194283,3.033990
sample,500,drone,12.490817,11.683630,-1.761988,2.333891,-1.093404,0.118110,-0.134004,-1.583362,0.171035,-0.194051,3.033990
sample,501,drone,12.515799,11.655820,-1.758984,2.330483,-1.132925,0.122379,-0.138847,-1.579762,0.170646,-0.193610,3.033990
sample,502,drone,12.540781,11.627025,-1.755873,2.326954,-1.172334,0.126636,-0.143677,-1.574490,0.170077,-0.192964,3.033990
sample,503,drone,12.565762,11.597247,-1.752656,2.323304,-1.211591,0.130876,-0.148488,-1.567579,0.169330,-0.192117,3.033990
sample,504,drone,12.590744,11.566490,-1.749334,2.319535,-1.250656,0.135096,-0.153276,-1.559065,0.168411,-0.191073,3.033990
sample,505,drone,12.615725,11.534760,-1.745907,2.315646,-1.289487,0.139291,-0.158035,-1.548980,0.167321,-0.189837,3.033990
sample,506,drone,12.640707,11.502063,-1.742375,2.311639,-1.328048,0.143456,-0.162761,-1.537358,0.166066,-0.188413,3.033990
sample,507,drone,12.665689,11.468406,-1.738739,2.307514,-1.366299,0.147588,-0.167448,-1.524233,0.164648,-0.186804,3.033990
sample,508,drone,12.690670,11.433798,-1.735001,2.303273,-1.404203,0.151682,-0.172094,-1.509640,0.163072,-0.185016,3.033990
sample,509,drone,12.715652,11.398248,-1.731161,2.298916,-1.441725,0.155736,-0.176692,-1.493612,0.161340,-0.183052,3.033990
sample,510,drone,12.740634,11.361765,-1.727220,2.294444,-1.478829,0.159744,-0.181240,-1.476182,0.159458,-0.180915,3.033990
sample,511,drone,12.765615,11.324361,-1.723179,2.289860,-1.515480,0.163703,-0.185732,-1.457385,0.157427,-0.178612,3.033990
sample,512,drone,12.790597,11.286047,-1.719041,2.285165,-1.551645,0.167609,-0.190164,-1.437254,0.155253,-0.176145,3.033990
sample,513,drone,12.815579,11.246835,-1.714805,2.280359,-1.587290,0.171460,-0.194532,-1.415824,0.152938,-0.173518,3.033990
sample,514,drone,12.840560,11.206740,-1.710474,2.275445,-1.622384,0.175250,-0.198833,-1.393128,0.150486,-0.170737,3.033990
sample,515,drone,12.865542,11.165776,-1.706049,2.270425,-1.656895,0.178978,-0.203063,-1.369200,0.147901,-0.167804,3.033990
sample,516,drone,12.890523,11.123957,-1.701531,2.265300,-1.690794,0.182640,-0.207217,-1.344073,0.145187,-0.164725,3.033990
sample,517,drone,12.915505,11.081298,-1.696924,2.260072,-1.724050,0.186232,-0.211293,-1.317783,0.142347,-0.161503,3.033990
sample,518,drone,12.940487,11.037817,-1.692227,2.254743,-1.756634,0.189752,-0.215287,-1.290362,0.139385,-0.158142,3.033990
sample,519,drone,12.965468,10.993531,-1.687443,2.249315,-1.788520,0.193196,-0.219194,-1.261844,0.136305,-0.154647,3.033990
sample,520,drone,12.990450,10.948457,-1.682574,2.243791,-1.819680,0.196562,-0.223013,-1.232263,0.133109,-0.151022,3.033990
sample,521,drone,13.015432,10.902614,-1.677622,2.238173,-1.850088,0.199847,-0.226740,-1.201654,0.129803,-0.147270,3.033990
sample,522,drone,13.040413,10.856021,-1.672589,2.232462,-1.879719,0.203048,-0.230371,-1.170049,0.126389,-0.143397,3.033990
sample,523,drone,13.065395,10.808697,-1.667477,2.226663,-1.908548,0.206162,-0.233905,-1.137483,0.122871,-0.139406,3.033990
sample,524,drone,13.090376,10.760663,-1.662288,2.220776,-1.936551,0.209187,-0.237337,-1.103990,0.119253,-0.135301,3.033990
sample,525,drone,13.115358,10.711941,-1.657025,2.214804,-1.963707,0.212120,-0.240665,-1.069603,0.115539,-0.131087,3.033990
sample,526,drone,13.140340,10.662550,-1.651690,2.208751,-1.989992,0.214960,-0.243886,-1.034356,0.111731,-0.126767,3.033990
sample,527,drone,13.165321,10.612514,-1.646285,2.202619,-2.015386,0.217703,-0.246998,-0.998283,0.107835,-0.122346,3.033990
sample,528,drone,13.190303,10.561855,-1.640813,2.196410,-2.039870,0.220347,-0.249999,-0.961419,0.103853,-0.117828,3.033990
sample,529,drone,13.215285,10.510595,-1.635276,2.190128,-2.063422,0.222891,-0.252885,-0.923796,0.099789,-0.113217,3.033990
sample,530,drone,13.240266,10.458760,-1.629677,2.183775,-2.086025,0.225333,-0.255656,-0.885449,0.095646,-0.108517,3.033990
sample,531,drone,13.265248,10.406371,-1.624018,2.177355,-2.107662,0.227670,-0.258307,-0.846411,0.091430,-0.103733,3.033990
sample,532,drone,13.290230,10.353454,-1.618302,2.170870,-2.128315,0.229901,-0.260838,-0.806716,0.087142,-0.098868,3.033990
sample,533,drone,13.315211,10.300033,-1.612531,2.164323,-2.147968,0.232024,-0.263247,-0.766399,0.082787,-0.093927,3.033990
sample,534,drone,13.340193,10.246134,-1.606709,2.157717,-2.166607,0.234037,-0.265531,-0.725493,0.078368,-0.088914,3.033990
sample,535,drone,13.365174,10.191783,-1.600838,2.151056,-2.184216,0.235940,-0.267689,-0.684031,0.073889,-0.083832,3.033990
sample,536,drone,13.390156,10.137004,-1.594921,2.144342,-2.200783,0.237729,-0.269720,-0.642048,0.069354,-0.078687,3.033990
sample,537,drone,13.415138,10.081824,-1.588960,2.137580,-2.216295,0.239405,-0.271621,-0.599578,0.064767,-0.073482,3.033990
sample,538,drone,13.440119,10.026270,-1.582959,2.130771,-2.230740,0.240965,-0.273391,-0.556654,0.060130,-0.068221,3.033990
sample,539,drone,13.465101,9.970369,-1.576921,2.123920,-2.244107,0.242409,-0.275029,-0.513310,0.055448,-0.062909,3.033990
sample,540,drone,13.490083,9.914147,-1.570848,2.117030,-2.256387,0.243736,-0.276534,-0.469580,0.050724,-0.057550,3.033990
sample,541,drone,13.515064,9.857633,-1.564743,2.110104,-2.267569,0.244943,-0.277905,-0.425498,0.045962,-0.052148,3.033990
sample,542,drone,13.540046,9.800852,-1.558609,2.103145,-2.277646,0.246032,-0.279140,-0.381098,0.041166,-0.046706,3.033990
sample,543,drone,13.565028,9.743834,-1.552450,2.096157,-2.286610,0.247000,-0.280238,-0.336414,0.036340,-0.041230,3.033990
sample,544,drone,13.590009,9.686606,-1.546268,2.089143,-2.294454,0.247848,-0.281200,-0.291479,0.031486,-0.035723,3.033990
sample,545,drone,13.614991,9.629196,-1.540067,2.082107,-2.301173,0.248573,-0.282023,-0.246327,0.026608,-0.030189,3.033990
sample,546,drone,13.639972,9.571632,-1.533849,2.075052,-2.306761,0.249177,-0.282708,-0.200992,0.021711,-0.024633,3.033990
sample,547,drone,13.664954,9.513942,-1.527617,2.067982,-2.311215,0.249658,-0.283254,-0.155508,0.016798,-0.019059,3.033990
sample,548,drone,13.689936,9.456156,-1.521375,2.060900,-2.314531,0.250016,-0.283660,-0.109909,0.011872,-0.013470,3.033990
sample,549,drone,13.714917,9.398301,-1.515126,2.053810,-2.316707,0.250251,-0.283927,-0.064229,0.006938,-0.007872,3.033990
sample,550,drone,13.739899,9.340406,-1.508872,2.046714,-2.317740,0.250363,-0.284054,-0.018501,0.001998,-0.002267,3.033990
sample,551,drone,13.764881,9.282499,-1.502617,2.039617,-2.317631,0.250351,-0.284040,0.027241,-0.002943,0.003339,3.033990
sample,552,drone,13.789862,9.224609,-1.496363,2.032523,-2.316379,0.250216,-0.283887,0.072962,-0.007881,0.008942,3.033990
sample,553,drone,13.814844,9.166765,-1.490115,2.025433,-2.313986,0.249957,-0.283593,0.118630,-0.012814,0.014539,3.033990
sample,554,drone,13.839826,9.108995,-1.483875,2.018353,-2.310452,0.249576,-0.283160,0.164209,-0.017738,0.020125,3.033990
sample,555,drone,13.864807,9.051327,-1.477645,2.011286,-2.305781,0.249071,-0.282588,0.209667,-0.022648,0.025696,3.033990
sample,556,drone,13.889789,8.993791,-1.471430,2.004234,-2.299976,0.248444,-0.281877,0.254970,-0.027542,0.031248,3.033990
sample,557,drone,13.914770,8.936413,-1.465232,1.997202,-2.293042,0.247695,-0.281027,0.300083,-0.032415,0.036777,3.033990
sample,558,drone,13.939752,8.879223,-1.459055,1.990193,-2.284983,0.246825,-0.280039,0.344973,-0.037264,0.042279,3.033990
sample,559,drone,13.964734,8.822248,-1.452900,1.983211,-2.275806,0.245833,-0.278914,0.389606,-0.042085,0.047749,3.033990
sample,560,drone,13.989715,8.765516,-1.446772,1.976258,-2.265517,0.244722,-0.277653,0.433948,-0.046875,0.053183,3.033990
sample,561,drone,14.014697,8.709055,-1.440673,1.969338,-2.254125,0.243491,-0.276257,0.477965,-0.051630,0.058578,3.033990
sample,562,drone,14.039679,8.652892,-1.434606,1.962455,-2.241637,0.242142,-0.274727,0.521623,-0.056346,0.063928,3.033990
sample,563,drone,14.064660,8.597056,-1.428575,1.955612,-2.228063,0.240676,-0.273063,0.564890,-0.061020,0.069231,3.033990
sample,564,drone,14.089642,8.541571,-1.422581,1.948812,-2.213413,0.239094,-0.271268,0.607729,-0.065647,0.074481,3.033990
sample,565,drone,14.114624,8.486466,-1.416629,1.942059,-2.197698,0.237396,-0.269342,0.650109,-0.070225,0.079675,3.033990
sample,566,drone,14.139605,8.431767,-1.410720,1.935355,-2.180931,0.235585,-0.267287,0.691995,-0.074750,0.084808,3.033990
sample,567,drone,14.164587,8.377500,-1.404858,1.928704,-2.163124,0.233661,-0.265104,0.733353,-0.079217,0.089877,3.033990
sample,568,drone,14.189568,8.323690,-1.399046,1.922109,-2.144291,0.231627,-0.262796,0.774150,-0.083624,0.094877,3.033990
sample,569,drone,14.214550,8.270364,-1.393286,1.915574,-2.124445,0.229483,-0.260364,0.814351,-0.087966,0.099804,3.033990
sample,570,drone,14.239532,8.217546,-1.387580,1.909101,-2.103603,0.227232,-0.257810,0.853922,-0.092241,0.104654,3.033990
sample,571,drone,14.264513,8.165261,-1.381932,1.902693,-2.081780,0.224875,-0.255135,0.892831,-0.096444,0.109422,3.033990
sample,572,drone,14.289495,8.113533,-1.376345,1.896353,-2.058994,0.222413,-0.252343,0.931042,-0.100571,0.114105,3.033990
sample,573,drone,14.314477,8.062387,-1.370820,1.890085,-2.035262,0.219850,-0.249434,0.968523,-0.104620,0.118699,3.033990
sample,574,drone,14.339458,8.011845,-1.365360,1.883891,-2.010604,0.217186,-0.246412,1.005239,-0.108586,0.123198,3.033990
sample,575,drone,14.364440,7.961931,-1.359969,1.877773,-1.985037,0.214424,-0.243279,1.041156,-0.112466,0.127600,3.033990
sample,576,drone,14.389421,7.912666,-1.354647,1.871736,-1.958584,0.211567,-0.240037,1.076241,-0.116256,0.131900,3.033990
sample,577,drone,14.414403,7.864073,-1.349398,1.865780,-1.931265,0.208616,-0.236689,1.110460,-0.119952,0.136094,3.033990
sample,578,drone,14.439385,7.816174,-1.344224,1.859910,-1.903102,0.205574,-0.233237,1.143779,-0.123551,0.140177,3.033990
sample,579,drone,14.464366,7.768988,-1.339127,1.854127,-1.874118,0.202443,-0.229685,1.176164,-0.127050,0.144146,3.033990
sample,580,drone,14.489348,7.722537,-1.334109,1.848434,-1.844337,0.199226,-0.226035,1.207581,-0.130443,0.147997,3.033990
sample,581,drone,14.514330,7.676839,-1.329173,1.842834,-1.813783,0.195925,-0.222291,1.237996,-0.133729,0.151724,3.033990
sample,582,drone,14.539311,7.631914,-1.324320,1.837328,-1.782483,0.192544,-0.218454,1.267376,-0.136902,0.155325,3.033990
sample,583,drone,14.564293,7.587780,-1.319553,1.831919,-1.750461,0.189085,-0.214530,1.295687,-0.139961,0.158795,3.033990
sample,584,drone,14.589275,7.544455,-1.314873,1.826609,-1.717746,0.185551,-0.210521,1.322895,-0.142900,0.162129,3.033990
sample,585,drone,14.614256,7.501956,-1.310282,1.821401,-1.684365,0.181946,-0.206430,1.348966,-0.145716,0.165324,3.033990
sample,586,drone,14.639238,7.460299,-1.305782,1.816295,-1.650347,0.178271,-0.202260,1.373866,-0.148405,0.168376,3.033990
sample,587,drone,14.664219,7.419500,-1.301375,1.811295,-1.615722,0.174531,-0.198017,1.397561,-0.150965,0.171280,3.033990
sample,588,drone,14.689201,7.379572,-1.297062,1.806402,-1.580520,0.170728,-0.193703,1.420018,-0.153391,0.174032,3.033990
sample,589,drone,14.714183,7.340532,-1.292845,1.801617,-1.544773,0.166867,-0.189322,1.441203,-0.155679,0.176628,3.033990
sample,590,drone,14.739164,7.302390,-1.288725,1.796943,-1.508513,0.162950,-0.184878,1.461081,-0.157826,0.179065,3.033990
sample,591,drone,14.764146,7.265161,-1.284703,1.792380,-1.471773,0.158981,-0.180375,1.479619,-0.159829,0.181337,3.033990
sample,592,drone,14.789128,7.228856,-1.280782,1.787930,-1.434586,0.154964,-0.175818,1.496784,-0.161683,0.183440,3.033990
sample,593,drone,14.814109,7.193485,-1.276961,1.783596,-1.396989,0.150903,-0.171210,1.512541,-0.163385,0.185371,3.033990
sample,594,drone,14.839091,7.159058,-1.273242,1.779376,-1.359015,0.146801,-0.166556,1.526856,-0.164931,0.187126,3.033990
sample,595,drone,14.864073,7.125584,-1.269626,1.775274,-1.320702,0.142663,-0.161860,1.539696,-0.166318,0.188699,3.033990
sample,596,drone,14.889054,7.093071,-1.266114,1.771289,-1.282087,0.138491,-0.157128,1.551026,-0.167542,0.190088,3.033990
sample,597,drone,14.914036,7.061527,-1.262707,1.767423,-1.243208,0.134292,-0.152363,1.560814,-0.168600,0.191288,3.033990
sample,598,drone,14.939017,7.030956,-1.259404,1.763677,-1.204103,0.130068,-0.147570,1.569025,-0.169487,0.192294,3.033990
sample,599,drone,14.963999,7.001366,-1.256208,1.760050,-1.164814,0.125824,-0.142755,1.575625,-0.170199,0.193103,3.033990
sample,600,drone,14.988981,6.972759,-1.253118,1.756544,-1.125380,0.121564,-0.137922,1.580580,-0.170735,0.193710,3.033990
sample,601,drone,15.013962,6.945138,-1.250134,1.753159,-1.085843,0.117293,-0.133077,1.583857,-0.171089,0.194112,3.033990
sample,602,drone,15.038944,6.918506,-1.247258,1.749895,-1.046245,0.113016,-0.128224,1.585422,-0.171258,0.194303,3.033990
sample,603,drone,15.063926,6.892864,-1.244488,1.746753,-1.006630,0.108736,-0.123369,1.585240,-0.171238,0.194281,3.033990
sample,604,drone,15.088907,6.868212,-1.241825,1.743731,-0.967042,0.104460,-0.118517,1.583279,-0.171026,0.194041,3.033990
sample,605,drone,15.113889,6.844548,-1.239268,1.740831,-0.927524,0.100191,-0.113674,1.579504,-0.170618,0.193578,3.033990
sample,606,drone,15.138871,6.821870,-1.236819,1.738052,-0.888124,0.095935,-0.108845,1.573881,-0.170011,0.192889,3.033990
sample,607,drone,15.163852,6.800174,-1.234475,1.735393,-0.848888,0.091697,-0.104037,1.566376,-0.169200,0.191969,3.033990
sample,608,drone,15.188834,6.779456,-1.232237,1.732854,-0.809863,0.087482,-0.099254,1.556957,-0.168183,0.190815,3.033990
sample,609,drone,15.213815,6.759711,-1.230104,1.730434,-0.771098,0.083294,-0.094503,1.545588,-0.166955,0.189422,3.033990
sample,610,drone,15.238797,6.740930,-1.228076,1.728132,-0.732640,0.079140,-0.089790,1.532236,-0.165513,0.187785,3.033990
sample,611,drone,15.263779,6.723106,-1.226150,1.725948,-0.694542,0.075025,-0.085120,1.516867,-0.163852,0.185902,3.033990
sample,612,drone,15.288760,6.706228,-1.224327,1.723879,-0.656853,0.070953,-0.080501,1.499448,-0.161971,0.183767,3.033990
sample,613,drone,15.313742,6.690287,-1.222605,1.721925,-0.619625,0.066932,-0.075939,1.479944,-0.159864,0.181376,3.033990
sample,614,drone,15.338724,6.675270,-1.220983,1.720085,-0.582910,0.062966,-0.071439,1.458322,-0.157528,0.178726,3.033990
sample,615,drone,15.363705,6.661163,-1.219459,1.718356,-0.546762,0.059061,-0.067009,1.434547,-0.154960,0.175813,3.033990
sample,616,drone,15.388687,6.647952,-1.218032,1.716737,-0.511235,0.055224,-0.062655,1.408586,-0.152156,0.172631,3.033990
sample,617,drone,15.413668,6.635620,-1.216700,1.715226,-0.476385,0.051459,-0.058384,1.380406,-0.149112,0.169177,3.033990
sample,618,drone,15.438650,6.624150,-1.215461,1.713820,-0.442266,0.047774,-0.054202,1.349971,-0.145824,0.165448,3.033990
sample,619,drone,15.463632,6.613523,-1.214313,1.712518,-0.408936,0.044173,-0.050118,1.317250,-0.142290,0.161437,3.033990
sample,620,drone,15.488613,6.603718,-1.213254,1.711316,-0.376452,0.040664,-0.046137,1.282206,-0.138504,0.157142,3.033990
sample,621,drone,15.513595,6.594714,-1.212281,1.710212,-0.344872,0.037253,-0.042266,1.244808,-0.134464,0.152559,3.033990
sample,622,drone,15.538577,6.586487,-1.211393,1.709204,-0.314257,0.033946,-0.038514,1.205020,-0.130167,0.147683,3.033990
sample,623,drone,15.563558,6.579013,-1.210585,1.708288,-0.284666,0.030750,-0.034888,1.162809,-0.125607,0.142510,3.033990
sample,624,drone,15.588540,6.572264,-1.209856,1.707461,-0.256159,0.027670,-0.031394,1.118142,-0.120782,0.137035,3.033990
sample,625,drone,15.613522,6.566214,-1.209203,1.706720,-0.228800,0.024715,-0.028041,1.070983,-0.115688,0.131256,3.033990
sample,626,drone,15.638503,6.560833,-1.208622,1.706060,-0.202649,0.021890,-0.024836,1.021301,-0.110321,0.125167,3.033990
sample,627,drone,15.663485,6.556089,-1.208109,1.705479,-0.177772,0.019203,-0.021787,0.969060,-0.104678,0.118764,3.033990
sample,628,drone,15.688466,6.551951,-1.207662,1.704971,-0.154232,0.016660,-0.018902,0.914227,-0.098755,0.112044,3.033990
sample,629,drone,15.713448,6.548383,-1.207277,1.704534,-0.132094,0.014269,-0.016189,0.856767,-0.092548,0.105002,3.033990
sample,630,drone,15.738430,6.545351,-1.206949,1.704163,-0.111425,0.012036,-0.013656,0.796648,-0.086054,0.097634,3.033990
sample,631,drone,15.763411,6.542816,-1.206675,1.703852,-0.092291,0.009969,-0.011311,0.733835,-0.079269,0.089936,3.033990
sample,632,drone,15.788393,6.540740,-1.206451,1.703598,-0.074760,0.008076,-0.009162,0.668295,-0.072189,0.081904,3.033990
sample,633,drone,15.813375,6.539081,-1.206272,1.703394,-0.058901,0.006363,-0.007219,0.599993,-0.064811,0.073533,3.033990
sample,634,drone,15.838356,6.537797,-1.206133,1.703237,-0.044783,0.004837,-0.005488,0.528896,-0.057132,0.064820,3.033990
sample,635,drone,15.863338,6.536843,-1.206030,1.703120,-0.032476,0.003508,-0.003980,0.454970,-0.049146,0.055759,3.033990
sample,636,drone,15.888320,6.536174,-1.205958,1.703038,-0.022051,0.002382,-0.002702,0.378181,-0.040851,0.046349,3.033990
sample,637,drone,15.913301,6.535742,-1.205911,1.702985,-0.013580,0.001467,-0.001664,0.298496,-0.032244,0.036583,3.033990
sample,638,drone,15.938283,6.535496,-1.205885,1.702955,-0.007137,0.000771,-0.000875,0.215879,-0.023319,0.026457,3.033990
sample,639,drone,15.963264,6.535385,-1.205873,1.702941,-0.002794,0.000302,-0.000342,0.131418,-0.013692,0.016069,3.033990
sample,640,drone,15.988246,6.535356,-1.205870,1.702938,-0.000571,0.000087,-0.000072,0.068692,0.004601,0.007535,2.990668
sample,641,drone,16.013228,6.535357,-1.205868,1.702938,0.000638,0.000532,0.000034,0.069809,0.045285,0.004671,0.695007
sample,642,drone,16.038209,6.535388,-1.205843,1.702939,0.002917,0.002349,0.000162,0.132569,0.106417,0.007368,0.678058
sample,643,drone,16.063191,6.535502,-1.205751,1.702946,0.007261,0.005849,0.000402,0.214280,0.172593,0.011866,0.678058
sample,644,drone,16.088173,6.535751,-1.205551,1.702960,0.013623,0.010973,0.000754,0.293316,0.236253,0.016243,0.678058
sample,645,drone,16.113154,6.536183,-1.205203,1.702983,0.021916,0.017653,0.001214,0.368937,0.297162,0.020431,0.678058
sample,646,drone,16.138136,6.536846,-1.204669,1.703020,0.032056,0.025820,0.001775,0.441190,0.355358,0.024432,0.678058
sample,647,drone,16.163118,6.537785,-1.203913,1.703072,0.043960,0.035407,0.002434,0.510124,0.410881,0.028249,0.678058
sample,648,drone,16.188099,6.539042,-1.202900,1.703142,0.057544,0.046349,0.003187,0.575786,0.463769,0.031885,0.678058
sample,649,drone,16.213081,6.540660,-1.201597,1.703231,0.072728,0.058579,0.004027,0.638224,0.514060,0.035343,0.678058
sample,650,drone,16.238062,6.542676,-1.199973,1.703343,0.089432,0.072033,0.004952,0.697485,0.561793,0.038625,0.678058
sample,651,drone,16.263044,6.545128,-1.197998,1.703479,0.107576,0.086648,0.005957,0.753618,0.607005,0.041733,0.678058
sample,652,drone,16.288026,6.548051,-1.195644,1.703641,0.127085,0.102361,0.007038,0.806671,0.649736,0.044671,0.678058
sample,653,drone,16.313007,6.551477,-1.192884,1.703830,0.147880,0.119111,0.008189,0.856690,0.690025,0.047441,0.678058
sample,654,drone,16.337989,6.555439,-1.189693,1.704050,0.169888,0.136837,0.009408,0.903724,0.727908,0.050046,0.678058
sample,655,drone,16.362971,6.559966,-1.186047,1.704300,0.193033,0.155480,0.010690,0.947820,0.763426,0.052488,0.678058
sample,656,drone,16.387952,6.565084,-1.181924,1.704584,0.217244,0.174980,0.012030,0.989026,0.796616,0.054769,0.678058
sample,657,drone,16.412934,6.570820,-1.177304,1.704902,0.242448,0.195281,0.013426,1.027391,0.827516,0.056894,0.678058
sample,658,drone,16.437916,6.577197,-1.172167,1.705255,0.268576,0.216326,0.014873,1.062961,0.856166,0.058864,0.678058
sample,659,drone,16.462897,6.584239,-1.166496,1.705645,0.295557,0.238058,0.016367,1.095784,0.882604,0.060681,0.678058
sample,660,drone,16.487879,6.591964,-1.160273,1.706072,0.323325,0.260423,0.017905,1.125909,0.906868,0.062350,0.678058
sample,661,drone,16.512860,6.600393,-1.153484,1.706539,0.351811,0.283368,0.019482,1.153382,0.928997,0.063871,0.678058
sample,662,drone,16.537842,6.609542,-1.146115,1.707046,0.380951,0.306839,0.021096,1.178252,0.949029,0.065248,0.678058
sample,663,drone,16.562824,6.619427,-1.138154,1.707593,0.410681,0.330785,0.022742,1.200567,0.967002,0.066484,0.678058
sample,664,drone,16.587805,6.630061,-1.129588,1.708182,0.440936,0.355154,0.024418,1.220373,0.982955,0.067581,0.678058
sample,665,drone,16.612787,6.641457,-1.120409,1.708813,0.471655,0.379896,0.026119,1.237720,0.996927,0.068541,0.678058
sample,666,drone,16.637769,6.653626,-1.110607,1.709487,0.502776,0.404963,0.027842,1.252654,1.008956,0.069368,0.678058
sample,667,drone,16.662750,6.666578,-1.100176,1.710204,0.534241,0.430307,0.029585,1.265223,1.019080,0.070064,0.678058
sample,668,drone,16.687732,6.680319,-1.089108,1.710965,0.565991,0.455880,0.031343,1.275476,1.027338,0.070632,0.678058
sample,669,drone,16.712713,6.694856,-1.077398,1.711770,0.597968,0.481636,0.033114,1.283459,1.033768,0.071074,0.678058
sample,670,drone,16.737695,6.710195,-1.065044,1.712620,0.630117,0.507530,0.034894,1.289221,1.038409,0.071393,0.678058
sample,671,drone,16.762677,6.726339,-1.052041,1.713514,0.662382,0.533518,0.036681,1.292810,1.041299,0.071592,0.678058
sample,672,drone,16.787658,6.743290,-1.038387,1.714452,0.694710,0.559557,0.038471,1.294272,1.042477,0.071673,0.678058
sample,673,drone,16.812640,6.761049,-1.024083,1.715436,0.727048,0.585604,0.040262,1.293657,1.041981,0.071639,0.678058
sample,674,drone,16.837622,6.779616,-1.009129,1.716464,0.759345,0.611618,0.042050,1.291010,1.039850,0.071492,0.678058
sample,675,drone,16.862603,6.798988,-0.993525,1.717537,0.791551,0.637558,0.043834,1.286382,1.036122,0.071236,0.678058
sample,676,drone,16.887585,6.819164,-0.977274,1.718654,0.823617,0.663386,0.045610,1.279818,1.030835,0.070873,0.678058
sample,677,drone,16.912567,6.840139,-0.960380,1.719816,0.855495,0.689062,0.047375,1.271367,1.024028,0.070405,0.678058
sample,678,drone,16.937548,6.861908,-0.942846,1.721021,0.887139,0.714550,0.049127,1.261077,1.015740,0.069835,0.678058
sample,679,drone,16.962530,6.884463,-0.924679,1.722270,0.918502,0.739812,0.050864,1.248995,1.006009,0.069166,0.678058
sample,680,drone,16.987511,6.907799,-0.905883,1.723562,0.949542,0.764813,0.052583,1.235169,0.994872,0.068400,0.678058
sample,681,drone,17.012493,6.931906,-0.886466,1.724897,0.980216,0.789519,0.054282,1.219647,0.982370,0.067541,0.678058
sample,682,drone,17.037475,6.956774,-0.866436,1.726275,1.010480,0.813896,0.055958,1.202476,0.968540,0.066590,0.678058
sample,683,drone,17.062456,6.982392,-0.845801,1.727693,1.040295,0.837910,0.057609,1.183705,0.953420,0.065550,0.678058
sample,684,drone,17.087438,7.008750,-0.824571,1.729153,1.069622,0.861532,0.059233,1.163381,0.937050,0.064425,0.678058
sample,685,drone,17.112420,7.035834,-0.802756,1.730653,1.098421,0.884728,0.060827,1.141551,0.919468,0.063216,0.678058
sample,686,drone,17.137401,7.063631,-0.780367,1.732192,1.126657,0.907471,0.062391,1.118264,0.900711,0.061926,0.678058
sample,687,drone,17.162383,7.092126,-0.757416,1.733770,1.154294,0.929731,0.063921,1.093568,0.880819,0.060559,0.678058
sample,688,drone,17.187365,7.121303,-0.733915,1.735386,1.181296,0.951480,0.065417,1.067509,0.859830,0.059116,0.678058
sample,689,drone,17.212346,7.151147,-0.709877,1.737038,1.207630,0.972691,0.066875,1.040136,0.837782,0.057600,0.678058
sample,690,drone,17.237328,7.181640,-0.685316,1.738727,1.233264,0.993338,0.068295,1.011497,0.814715,0.056014,0.678058
sample,691,drone,17.262309,7.212765,-0.660247,1.740451,1.258168,1.013397,0.069674,0.981639,0.790665,0.054360,0.678058
sample,692,drone,17.287291,7.244503,-0.634683,1.742208,1.282310,1.032842,0.071011,0.950610,0.765673,0.052642,0.678058
sample,693,drone,17.312273,7.276833,-0.608642,1.743999,1.305663,1.051652,0.072304,0.918457,0.739776,0.050862,0.678058
sample,694,drone,17.337254,7.309738,-0.582139,1.745821,1.328199,1.069804,0.073552,0.885229,0.713012,0.049021,0.678058
sample,695,drone,17.362236,7.343195,-0.555191,1.747673,1.349892,1.087277,0.074753,0.850974,0.685421,0.047125,0.678058
sample,696,drone,17.387218,7.377183,-0.527816,1.749556,1.370717,1.104050,0.075906,0.815738,0.657040,0.045173,0.678058
sample,697,drone,17.412199,7.411680,-0.500030,1.751466,1.390649,1.120104,0.077010,0.779570,0.627908,0.043170,0.678058
sample,698,drone,17.437181,7.446664,-0.471851,1.753403,1.409666,1.135422,0.078063,0.742518,0.598064,0.041119,0.678058
sample,699,drone,17.462163,7.482112,-0.443300,1.755366,1.427748,1.149986,0.079065,0.704629,0.567546,0.039020,0.678058
sample,700,drone,17.487144,7.517999,-0.414394,1.757354,1.444872,1.163779,0.080013,0.665950,0.536393,0.036878,0.678058
sample,701,drone,17.512126,7.554302,-0.385154,1.759364,1.461021,1.176786,0.080907,0.626531,0.504642,0.034696,0.678058
sample,702,drone,17.537107,7.590996,-0.355598,1.761396,1.476176,1.188992,0.081746,0.586418,0.472333,0.032474,0.678058
sample,703,drone,17.562089,7.628057,-0.325748,1.763448,1.490320,1.200385,0.082530,0.545659,0.439504,0.030217,0.678058
sample,704,drone,17.587071,7.665458,-0.295623,1.765519,1.503438,1.210951,0.083256,0.504302,0.406192,0.027927,0.678058
sample,705,drone,17.612052,7.703173,-0.265245,1.767608,1.515517,1.220680,0.083925,0.462395,0.372438,0.025606,0.678058
sample,706,drone,17.637034,7.741178,-0.234634,1.769713,1.526541,1.229559,0.084536,0.419985,0.338279,0.023258,0.678058
sample,707,drone,17.662016,7.779444,-0.203812,1.771832,1.536500,1.237581,0.085087,0.377121,0.303753,0.020884,0.678058
sample,708,drone,17.686997,7.817946,-0.172800,1.773964,1.545383,1.244736,0.085579,0.333849,0.268900,0.018488,0.678058
sample,709,drone,17.711979,7.856657,-0.141621,1.776108,1.553181,1.251016,0.086011,0.290218,0.233757,0.016071,0.678058
sample,710,drone,17.736961,7.895548,-0.110296,1.778261,1.559884,1.256415,0.086382,0.246275,0.198364,0.013638,0.678058
sample,711,drone,17.761942,7.934594,-0.078846,1.780423,1.565485,1.260927,0.086692,0.202069,0.162757,0.011190,0.678058
sample,712,drone,17.786924,7.973765,-0.047296,1.782593,1.569980,1.264547,0.086941,0.157647,0.126977,0.008730,0.678058
sample,713,drone,17.811905,8.013035,-0.015665,1.784767,1.573362,1.267271,0.087128,0.113056,0.091061,0.006261,0.678058
sample,714,drone,17.836887,8.052375,0.016021,1.786946,1.575628,1.269097,0.087254,0.068344,0.055048,0.003785,0.678058
sample,715,drone,17.861869,8.091759,0.047743,1.789127,1.576777,1.270022,0.087317,0.023560,0.018977,0.001305,0.678058
sample,716,drone,17.886850,8.131156,0.079476,1.791309,1.576805,1.270045,0.087319,-0.021249,-0.017115,-0.001177,0.678058
sample,717,drone,17.911832,8.170541,0.111198,1.793490,1.575715,1.269167,0.087259,-0.066036,-0.053189,-0.003657,0.678058
sample,718,drone,17.936814,8.209884,0.142888,1.795668,1.573506,1.267388,0.087136,-0.110752,-0.089206,-0.006133,0.678058
sample,719,drone,17.961795,8.249158,0.174521,1.797843,1.570181,1.264710,0.086952,-0.155350,-0.125128,-0.008603,0.678058
sample,720,drone,17.986777,8.288336,0.206077,1.800013,1.565744,1.261136,0.086706,-0.199783,-0.160916,-0.011063,0.678058
sample,721,drone,18.011758,8.327388,0.237532,1.802175,1.560200,1.256670,0.086399,-0.244001,-0.196532,-0.013512,0.678058
sample,722,drone,18.036740,8.366288,0.268864,1.804329,1.553553,1.251316,0.086031,-0.287959,-0.231938,-0.015946,0.678058
sample,723,drone,18.061722,8.405009,0.300051,1.806474,1.545812,1.245081,0.085603,-0.331607,-0.267094,-0.018363,0.678058
sample,724,drone,18.086703,8.443522,0.331072,1.808606,1.536985,1.237971,0.085114,-0.374898,-0.301963,-0.020761,0.678058
sample,725,drone,18.111685,8.481802,0.361905,1.810726,1.527081,1.229994,0.084565,-0.417785,-0.336507,-0.023136,0.678058
sample,726,drone,18.136667,8.519820,0.392527,1.812832,1.516111,1.221159,0.083958,-0.460219,-0.370686,-0.025486,0.678058
sample,727,drone,18.161648,8.557551,0.422918,1.814921,1.504087,1.211474,0.083292,-0.502154,-0.404462,-0.027808,0.678058
sample,728,drone,18.186630,8.594969,0.453056,1.816993,1.491022,1.200950,0.082569,-0.543540,-0.437797,-0.030100,0.678058
sample,729,drone,18.211612,8.632048,0.482921,1.819046,1.476930,1.189600,0.081788,-0.584331,-0.470652,-0.032359,0.678058
sample,730,drone,18.236593,8.668762,0.512492,1.821080,1.461827,1.177435,0.080952,-0.624478,-0.502989,-0.034582,0.678058
sample,731,drone,18.261575,8.705085,0.541750,1.823091,1.445729,1.164469,0.080060,-0.663935,-0.534769,-0.036767,0.678058
sample,732,drone,18.286556,8.740995,0.570673,1.825080,1.428654,1.150716,0.079115,-0.702653,-0.565955,-0.038911,0.678058
sample,733,drone,18.311538,8.776466,0.599243,1.827044,1.410622,1.136192,0.078116,-0.740584,-0.596506,-0.041011,0.678058
sample,734,drone,18.336520,8.811474,0.627441,1.828983,1.391652,1.120913,0.077066,-0.777680,-0.626386,-0.043066,0.678058
sample,735,drone,18.361501,8.845997,0.655248,1.830894,1.371767,1.104896,0.075965,-0.813895,-0.655555,-0.045071,0.678058
sample,736,drone,18.386483,8.880012,0.682645,1.832778,1.350988,1.088159,0.074814,-0.849180,-0.683976,-0.047025,0.678058
sample,737,drone,18.411465,8.913497,0.709616,1.834632,1.329339,1.070722,0.073615,-0.883487,-0.711609,-0.048925,0.678058
sample,738,drone,18.436446,8.946430,0.736142,1.836456,1.306846,1.052605,0.072369,-0.916769,-0.738416,-0.050768,0.678058
sample,739,drone,18.461428,8.978791,0.762207,1.838248,1.283534,1.033828,0.071078,-0.948978,-0.764359,-0.052552,0.678058
sample,740,drone,18.486410,9.010560,0.787795,1.840007,1.259432,1.014415,0.069744,-0.980066,-0.789399,-0.054273,0.678058
sample,741,drone,18.511391,9.041717,0.812891,1.841733,1.234567,0.994387,0.068367,-1.009986,-0.813498,-0.055930,0.678058
sample,742,drone,18.536373,9.072243,0.837478,1.843423,1.208969,0.973770,0.066949,-1.038689,-0.836617,-0.057520,0.678058
sample,743,drone,18.561354,9.102121,0.861543,1.845078,1.182671,0.952587,0.065493,-1.066129,-0.858718,-0.059039,0.678058
sample,744,drone,18.586336,9.131333,0.885072,1.846695,1.155702,0.930865,0.064000,-1.092256,-0.879763,-0.060486,0.678058
sample,745,drone,18.611318,9.159863,0.908052,1.848275,1.128098,0.908631,0.062471,-1.117025,-0.899712,-0.061858,0.678058
sample,746,drone,18.636299,9.187696,0.930471,1.849817,1.099892,0.885913,0.060909,-1.140385,-0.918528,-0.063151,0.678058
sample,747,drone,18.661281,9.214817,0.952316,1.851319,1.071120,0.862739,0.059316,-1.162291,-0.936173,-0.064364,0.678058
sample,748,drone,18.686263,9.241213,0.973576,1.852780,1.041820,0.839139,0.057693,-1.182694,-0.952606,-0.065494,0.678058
sample,749,drone,18.711244,9.266870,0.994242,1.854201,1.012029,0.815143,0.056043,-1.201547,-0.967791,-0.066538,0.678058
sample,750,drone,18.736226,9.291777,1.014303,1.855580,0.981787,0.790785,0.054369,-1.218801,-0.981689,-0.067494,0.678058
sample,751,drone,18.761208,9.315923,1.033752,1.856918,0.951134,0.766095,0.052671,-1.234409,-0.994261,-0.068358,0.678058
sample,752,drone,18.786189,9.339299,1.052580,1.858212,0.920112,0.741108,0.050953,-1.248324,-1.005468,-0.069129,0.678058
sample,753,drone,18.811171,9.361895,1.070780,1.859463,0.888764,0.715859,0.049217,-1.260497,-1.015273,-0.069803,0.678058
sample,754,drone,18.836152,9.383705,1.088346,1.860671,0.857133,0.690382,0.047466,-1.270881,-1.023637,-0.070378,0.678058
sample,755,drone,18.861134,9.404720,1.105274,1.861835,0.825266,0.664714,0.045701,-1.279428,-1.030521,-0.070851,0.678058
sample,756,drone,18.886116,9.424938,1.121558,1.862954,0.793209,0.638894,0.043926,-1.286090,-1.035887,-0.071220,0.678058
sample,757,drone,18.911097,9.444352,1.137195,1.864030,0.761009,0.612958,0.042143,-1.290820,-1.039697,-0.071482,0.678058
sample,758,drone,18.936079,9.462960,1.152183,1.865060,0.728715,0.586947,0.040354,-1.293569,-1.041911,-0.071634,0.678058
sample,759,drone,18.961061,9.480761,1.166521,1.866046,0.696378,0.560901,0.038563,-1.294291,-1.042492,-0.071674,0.678058
sample,760,drone,18.986042,9.497753,1.180208,1.866987,0.664048,0.534861,0.036773,-1.292937,-1.041402,-0.071599,0.678058
sample,761,drone,19.011024,9.513939,1.193244,1.867883,0.631779,0.508869,0.034986,-1.289459,-1.038601,-0.071407,0.678058
sample,762,drone,19.036006,9.529319,1.205632,1.868735,0.599623,0.482969,0.033205,-1.283810,-1.034051,-0.071094,0.678058
sample,763,drone,19.060987,9.543898,1.217375,1.869542,0.567635,0.457204,0.031434,-1.275943,-1.027714,-0.070658,0.678058
sample,764,drone,19.085969,9.557680,1.228476,1.870305,0.535872,0.431621,0.029675,-1.265808,-1.019551,-0.070097,0.678058
sample,765,drone,19.110950,9.570672,1.238940,1.871025,0.504391,0.406264,0.027932,-1.253360,-1.009524,-0.069407,0.678058
sample,766,drone,19.135932,9.582881,1.248774,1.871701,0.473250,0.381182,0.026207,-1.238549,-0.997595,-0.068587,0.678058
sample,767,drone,19.160914,9.594317,1.257985,1.872334,0.442509,0.356421,0.024505,-1.221328,-0.983724,-0.067634,0.678058
sample,768,drone,19.185895,9.604990,1.266582,1.872925,0.412229,0.332032,0.022828,-1.201649,-0.967874,-0.066544,0.678058
sample,769,drone,19.210877,9.614913,1.274574,1.873475,0.382471,0.308063,0.021180,-1.179465,-0.950006,-0.065315,0.678058
sample,770,drone,19.235859,9.624100,1.281974,1.873983,0.353299,0.284566,0.019565,-1.154728,-0.930081,-0.063946,0.678058
sample,771,drone,19.260840,9.632565,1.288792,1.874452,0.324777,0.261593,0.017985,-1.127390,-0.908061,-0.062432,0.678058
sample,772,drone,19.285822,9.640327,1.295044,1.874882,0.296971,0.239197,0.016445,-1.097404,-0.883909,-0.060771,0.678058
sample,773,drone,19.310803,9.647403,1.300743,1.875274,0.269947,0.217430,0.014949,-1.064721,-0.857584,-0.058961,0.678058
sample,774,drone,19.335785,9.653814,1.305907,1.875629,0.243774,0.196349,0.013500,-1.029293,-0.829049,-0.056999,0.678058
sample,775,drone,19.360767,9.659583,1.310554,1.875948,0.218520,0.176008,0.012101,-0.991074,-0.798265,-0.054883,0.678058
sample,776,drone,19.385748,9.664732,1.314701,1.876234,0.194257,0.156465,0.010757,-0.950016,-0.765194,-0.052609,0.678058
sample,777,drone,19.410730,9.669288,1.318371,1.876486,0.171054,0.137777,0.009473,-0.906070,-0.729798,-0.050176,0.678058
sample,778,drone,19.435712,9.673279,1.321585,1.876707,0.148986,0.120002,0.008250,-0.859188,-0.692037,-0.047579,0.678058
sample,779,drone,19.460693,9.676732,1.324367,1.876898,0.128127,0.103200,0.007095,-0.809324,-0.651874,-0.044818,0.678058
sample,780,drone,19.485675,9.679680,1.326741,1.877061,0.108550,0.087432,0.006011,-0.756430,-0.609270,-0.041889,0.678058
sample,781,drone,19.510657,9.682156,1.328735,1.877198,0.090333,0.072759,0.005002,-0.700457,-0.564186,-0.038789,0.678058
sample,782,drone,19.535638,9.684193,1.330377,1.877311,0.073553,0.059243,0.004073,-0.641358,-0.516584,-0.035517,0.678058
sample,783,drone,19.560620,9.685831,1.331695,1.877402,0.058289,0.046949,0.003228,-0.579085,-0.466426,-0.032068,0.678058
sample,784,drone,19.585601,9.687106,1.332722,1.877473,0.044620,0.035939,0.002471,-0.513590,-0.413674,-0.028441,0.678058
sample,785,drone,19.610583,9.688060,1.333491,1.877525,0.032628,0.026280,0.001807,-0.444826,-0.358287,-0.024633,0.678058
sample,786,drone,19.635565,9.688736,1.334035,1.877563,0.022395,0.018038,0.001240,-0.372745,-0.300229,-0.020642,0.678058
sample,787,drone,19.660546,9.689179,1.334392,1.877587,0.014004,0.011280,0.000776,-0.297300,-0.239461,-0.016464,0.678058
sample,788,drone,19.685528,9.689436,1.334599,1.877602,0.007541,0.006074,0.000418,-0.218441,-0.175945,-0.012097,0.678058
sample,789,drone,19.710510,9.689556,1.334696,1.877608,0.003090,0.002489,0.000171,-0.136542,-0.109842,-0.007556,0.678058
sample,790,drone,19.735491,9.689590,1.334723,1.877610,0.000719,0.000586,0.000040,-0.066651,-0.048431,-0.003504,0.683769
sample,791,drone,19.760473,9.689592,1.334725,1.877610,-0.000240,0.000069,-0.000004,-0.041463,-0.007800,-0.001384,2.860200
sample,792,drone,19.785455,9.689578,1.334727,1.877610,-0.001353,0.000196,-0.000029,-0.066065,0.008880,-0.001447,2.997707
sample,793,drone,19.810436,9.689524,1.334735,1.877609,-0.003541,0.000513,-0.000076,-0.109643,0.015886,-0.002360,2.997707
sample,794,drone,19.835418,9.689401,1.334752,1.877606,-0.006831,0.000990,-0.000147,-0.153233,0.022201,-0.003298,2.997707
sample,795,drone,19.860399,9.689183,1.334784,1.877601,-0.011197,0.001622,-0.000241,-0.195731,0.028359,-0.004213,2.997707
sample,796,drone,19.885381,9.688842,1.334833,1.877594,-0.016610,0.002407,-0.000358,-0.237145,0.034359,-0.005105,2.997707
sample,797,drone,19.910363,9.688353,1.334904,1.877584,-0.023045,0.003339,-0.000496,-0.277484,0.040204,-0.005973,2.997707
sample,798,drone,19.935344,9.687690,1.335000,1.877569,-0.030474,0.004415,-0.000656,-0.316759,0.045894,-0.006818,2.997707
sample,799,drone,19.960326,9.686830,1.335125,1.877551,-0.038871,0.005632,-0.000837,-0.354977,0.051431,-0.007641,2.997707
sample,800,drone,19.985308,9.685748,1.335282,1.877528,-0.048210,0.006985,-0.001038,-0.392147,0.056817,-0.008441,2.997707
sample,801,drone,20.010289,9.684421,1.335474,1.877499,-0.058464,0.008471,-0.001258,-0.428279,0.062052,-0.009219,2.997707
sample,802,drone,20.035271,9.682827,1.335705,1.877465,-0.069608,0.010085,-0.001498,-0.463382,0.067138,-0.009974,2.997707
sample,803,drone,20.060253,9.680944,1.335978,1.877424,-0.081617,0.011825,-0.001757,-0.497464,0.072076,-0.010708,2.997707
sample,804,drone,20.085234,9.678749,1.336296,1.877377,-0.094463,0.013687,-0.002033,-0.530535,0.076868,-0.011420,2.997707
sample,805,drone,20.110216,9.676224,1.336662,1.877323,-0.108124,0.015666,-0.002327,-0.562603,0.081514,-0.012110,2.997707
sample,806,drone,20.135197,9.673347,1.337078,1.877261,-0.122573,0.017759,-0.002638,-0.593677,0.086016,-0.012779,2.997707
sample,807,drone,20.160179,9.670100,1.337549,1.877191,-0.137786,0.019963,-0.002966,-0.623767,0.090376,-0.013427,2.997707
sample,808,drone,20.185161,9.666463,1.338076,1.877112,-0.153738,0.022275,-0.003309,-0.652881,0.094594,-0.014053,2.997707
sample,809,drone,20.210142,9.662418,1.338662,1.877025,-0.170406,0.024690,-0.003668,-0.681029,0.098672,-0.014659,2.997707
sample,810,drone,20.235124,9.657949,1.339309,1.876929,-0.187765,0.027205,-0.004042,-0.708219,0.102612,-0.015245,2.997707
sample,811,drone,20.260106,9.653037,1.340021,1.876823,-0.205791,0.029816,-0.004430,-0.734461,0.106414,-0.015809,2.997707
sample,812,drone,20.285087,9.647667,1.340799,1.876708,-0.224461,0.032521,-0.004832,-0.759762,0.110080,-0.016354,2.997707
sample,813,drone,20.310069,9.641822,1.341646,1.876582,-0.243751,0.035316,-0.005247,-0.784133,0.113611,-0.016879,2.997707
sample,814,drone,20.335051,9.635488,1.342564,1.876446,-0.263639,0.038198,-0.005675,-0.807583,0.117008,-0.017383,2.997707
sample,815,drone,20.360032,9.628650,1.343554,1.876298,-0.284101,0.041162,-0.006115,-0.830119,0.120273,-0.017869,2.997707
sample,816,drone,20.385014,9.621294,1.344620,1.876140,-0.305114,0.044207,-0.006568,-0.851752,0.123408,-0.018334,2.997707
sample,817,drone,20.409995,9.613406,1.345763,1.875970,-0.326657,0.047328,-0.007031,-0.872490,0.126412,-0.018781,2.997707
sample,818,drone,20.434977,9.604973,1.346985,1.875789,-0.348707,0.050523,-0.007506,-0.892342,0.129289,-0.019208,2.997707
sample,819,drone,20.459959,9.595983,1.348287,1.875595,-0.371241,0.053788,-0.007991,-0.911317,0.132038,-0.019616,2.997707
sample,820,drone,20.484940,9.586424,1.349672,1.875390,-0.394239,0.057120,-0.008486,-0.929424,0.134661,-0.020006,2.997707
sample,821,drone,20.509922,9.576286,1.351141,1.875171,-0.417678,0.060516,-0.008991,-0.946673,0.137161,-0.020377,2.997707
sample,822,drone,20.534904,9.565556,1.352696,1.874940,-0.441538,0.063973,-0.009504,-0.963071,0.139536,-0.020730,2.997707
sample,823,drone,20.559885,9.554225,1.354338,1.874696,-0.465796,0.067488,-0.010026,-0.978629,0.141791,-0.021065,2.997707
sample,824,drone,20.584867,9.542283,1.356068,1.874439,-0.490433,0.071057,-0.010557,-0.993354,0.143924,-0.021382,2.997707
sample,825,drone,20.609848,9.529721,1.357888,1.874169,-0.515428,0.074679,-0.011095,-1.007257,0.145938,-0.021681,2.997707
sample,826,drone,20.634830,9.516531,1.359799,1.873885,-0.540759,0.078349,-0.011640,-1.020346,0.147835,-0.021963,2.997707
sample,827,drone,20.659812,9.502703,1.361802,1.873587,-0.566407,0.082065,-0.012192,-1.032629,0.149615,-0.022228,2.997707
sample,828,drone,20.684793,9.488231,1.363899,1.873276,-0.592353,0.085824,-0.012751,-1.044117,0.151279,-0.022475,2.997707
sample,829,drone,20.709775,9.473107,1.366091,1.872950,-0.618575,0.089623,-0.013315,-1.054817,0.152829,-0.022705,2.997707
sample,830,drone,20.734757,9.457325,1.368377,1.872611,-0.645055,0.093460,-0.013885,-1.064740,0.154267,-0.022919,2.997707
sample,831,drone,20.759738,9.440878,1.370760,1.872257,-0.671773,0.097331,-0.014460,-1.073893,0.155593,-0.023116,2.997707
sample,832,drone,20.784720,9.423761,1.373240,1.871888,-0.698710,0.101234,-0.015040,-1.082286,0.156809,-0.023297,2.997707
sample,833,drone,20.809702,9.405968,1.375818,1.871505,-0.725847,0.105166,-0.015624,-1.089928,0.157916,-0.023461,2.997707
sample,834,drone,20.834683,9.387495,1.378495,1.871108,-0.753166,0.109124,-0.016212,-1.096828,0.158916,-0.023610,2.997707
sample,835,drone,20.859665,9.368338,1.381270,1.870695,-0.780648,0.113106,-0.016804,-1.102994,0.159809,-0.023742,2.997707
sample,836,drone,20.884646,9.348492,1.384146,1.870268,-0.808276,0.117109,-0.017398,-1.108437,0.160598,-0.023859,2.997707
sample,837,drone,20.909628,9.327954,1.387121,1.869826,-0.836030,0.121130,-0.017996,-1.113164,0.161283,-0.023961,2.997707
sample,838,drone,20.934610,9.306721,1.390198,1.869369,-0.863893,0.125167,-0.018596,-1.117184,0.161865,-0.024048,2.997707
sample,839,drone,20.959591,9.284791,1.393375,1.868897,-0.891848,0.129217,-0.019197,-1.120508,0.162347,-0.024119,2.997707
sample,840,drone,20.984573,9.262161,1.396654,1.868410,-0.919877,0.133278,-0.019801,-1.123143,0.162729,-0.024176,2.997707
sample,841,drone,21.009555,9.238831,1.400034,1.867907,-0.947964,0.137348,-0.020405,-1.125099,0.163012,-0.024218,2.997707
sample,842,drone,21.034536,9.214798,1.403516,1.867390,-0.976091,0.141423,-0.021011,-1.126384,0.163198,-0.024246,2.997707
sample,843,drone,21.059518,9.190062,1.407100,1.866858,-1.004241,0.145501,-0.021617,-1.127008,0.163289,-0.024259,2.997707
sample,844,drone,21.084500,9.164623,1.410786,1.866310,-1.032400,0.149581,-0.022223,-1.126980,0.163285,-0.024259,2.997707
sample,845,drone,21.109481,9.138480,1.414574,1.865747,-1.060549,0.153660,-0.022829,-1.126308,0.163187,-0.024244,2.997707
sample,846,drone,21.134463,9.111634,1.418463,1.865170,-1.088674,0.157735,-0.023434,-1.125002,0.162998,-0.024216,2.997707
sample,847,drone,21.159444,9.084086,1.422455,1.864577,-1.116758,0.161804,-0.024039,-1.123070,0.162718,-0.024174,2.997707
sample,848,drone,21.184426,9.055837,1.426547,1.863969,-1.144786,0.165865,-0.024642,-1.120522,0.162349,-0.024120,2.997707
sample,849,drone,21.209408,9.026889,1.430742,1.863345,-1.172743,0.169915,-0.025244,-1.117366,0.161892,-0.024052,2.997707
sample,850,drone,21.234389,8.997243,1.435037,1.862707,-1.200613,0.173953,-0.025844,-1.113611,0.161348,-0.023971,2.997707
sample,851,drone,21.259371,8.966902,1.439433,1.862054,-1.228382,0.177977,-0.026441,-1.109268,0.160718,-0.023877,2.997707
sample,852,drone,21.284353,8.935869,1.443929,1.861386,-1.256036,0.181983,-0.027037,-1.104343,0.160005,-0.023771,2.997707
sample,853,drone,21.309334,8.904147,1.448525,1.860703,-1.283559,0.185971,-0.027629,-1.098847,0.159209,-0.023653,2.997707
sample,854,drone,21.334316,8.871738,1.453221,1.860006,-1.310938,0.189938,-0.028218,-1.092788,0.158331,-0.023523,2.997707
sample,855,drone,21.359298,8.838648,1.458015,1.859293,-1.338158,0.193882,-0.028804,-1.086176,0.157373,-0.023380,2.997707
sample,856,drone,21.384279,8.804880,1.462908,1.858567,-1.365207,0.197801,-0.029386,-1.079019,0.156336,-0.023226,2.997707
sample,857,drone,21.409261,8.770438,1.467898,1.857825,-1.392070,0.201693,-0.029965,-1.071326,0.155221,-0.023061,2.997707
sample,858,drone,21.434242,8.735327,1.472985,1.857069,-1.418734,0.205556,-0.030539,-1.063106,0.154030,-0.022884,2.997707
sample,859,drone,21.459224,8.699553,1.478168,1.856299,-1.445186,0.209389,-0.031108,-1.054369,0.152764,-0.022696,2.997707
sample,860,drone,21.484206,8.663121,1.483447,1.855515,-1.471413,0.213189,-0.031673,-1.045123,0.151425,-0.022497,2.997707
sample,861,drone,21.509187,8.626037,1.488820,1.854717,-1.497404,0.216954,-0.032232,-1.035377,0.150013,-0.022287,2.997707
sample,862,drone,21.534169,8.588306,1.494287,1.853905,-1.523144,0.220684,-0.032786,-1.025140,0.148529,-0.022066,2.997707
sample,863,drone,21.559151,8.549935,1.499846,1.853079,-1.548623,0.224375,-0.033335,-1.014421,0.146976,-0.021836,2.997707
sample,864,drone,21.584132,8.510932,1.505497,1.852239,-1.573828,0.228027,-0.033877,-1.003230,0.145355,-0.021595,2.997707
sample,865,drone,21.609114,8.471302,1.511239,1.851386,-1.598748,0.231638,-0.034413,-0.991575,0.143666,-0.021344,2.997707
sample,866,drone,21.634095,8.431053,1.517071,1.850520,-1.623370,0.235205,-0.034944,-0.979464,0.141912,-0.021083,2.997707
sample,867,drone,21.659077,8.390193,1.522991,1.849640,-1.647685,0.238728,-0.035467,-0.966908,0.140092,-0.020813,2.997707
sample,868,drone,21.684059,8.348729,1.528998,1.848748,-1.671680,0.242205,-0.035983,-0.953915,0.138210,-0.020533,2.997707
sample,869,drone,21.709040,8.306670,1.535092,1.847842,-1.695346,0.245633,-0.036493,-0.940494,0.136265,-0.020244,2.997707
sample,870,drone,21.734022,8.264024,1.541271,1.846925,-1.718670,0.249013,-0.036995,-0.926654,0.134260,-0.019946,2.997707
sample,871,drone,21.759004,8.220800,1.547534,1.845994,-1.741644,0.252342,-0.037489,-0.912404,0.132195,-0.019640,2.997707
sample,872,drone,21.783985,8.177006,1.553879,1.845051,-1.764257,0.255618,-0.037976,-0.897753,0.130073,-0.019324,2.997707
sample,873,drone,21.808967,8.132652,1.560305,1.844097,-1.786499,0.258840,-0.038455,-0.882709,0.127893,-0.019001,2.997707
sample,874,drone,21.833949,8.087747,1.566811,1.843130,-1.808360,0.262008,-0.038925,-0.867283,0.125658,-0.018669,2.997707
sample,875,drone,21.858930,8.042300,1.573396,1.842152,-1.829831,0.265119,-0.039388,-0.851483,0.123369,-0.018328,2.997707
sample,876,drone,21.883912,7.996322,1.580057,1.841162,-1.850903,0.268172,-0.039841,-0.835317,0.121027,-0.017980,2.997707
sample,877,drone,21.908893,7.949823,1.586795,1.840161,-1.871566,0.271166,-0.040286,-0.818795,0.118633,-0.017625,2.997707
sample,878,drone,21.933875,7.902813,1.593606,1.839149,-1.891813,0.274099,-0.040722,-0.801926,0.116189,-0.017262,2.997707
sample,879,drone,21.958857,7.855302,1.600489,1.838127,-1.911633,0.276971,-0.041148,-0.784719,0.113696,-0.016891,2.997707
sample,880,drone,21.983838,7.807301,1.607444,1.837093,-1.931020,0.279780,-0.041566,-0.767183,0.111155,-0.016514,2.997707
sample,881,drone,22.008820,7.758822,1.614468,1.836050,-1.949964,0.282524,-0.041974,-0.749326,0.108568,-0.016129,2.997707
sample,882,drone,22.033802,7.709875,1.621560,1.834996,-1.968459,0.285204,-0.042372,-0.731158,0.105935,-0.015738,2.997707
sample,883,drone,22.058783,7.660471,1.628718,1.833933,-1.986495,0.287817,-0.042760,-0.712688,0.103259,-0.015341,2.997707
sample,884,drone,22.083765,7.610623,1.635940,1.832860,-2.004067,0.290363,-0.043138,-0.693925,0.100541,-0.014937,2.997707
sample,885,drone,22.108747,7.560342,1.643225,1.831778,-2.021166,0.292841,-0.043506,-0.674877,0.097781,-0.014527,2.997707
sample,886,drone,22.133728,7.509639,1.650571,1.830686,-2.037786,0.295249,-0.043864,-0.655554,0.094981,-0.014111,2.997707
sample,887,drone,22.158710,7.458527,1.657977,1.829586,-2.053920,0.297586,-0.044211,-0.635964,0.092143,-0.013689,2.997707
sample,888,drone,22.183691,7.407018,1.665440,1.828477,-2.069561,0.299852,-0.044548,-0.616117,0.089267,-0.013262,2.997707
sample,889,drone,22.208673,7.355125,1.672958,1.827360,-2.084703,0.302046,-0.044874,-0.596022,0.086356,-0.012830,2.997707
sample,890,drone,22.233655,7.302860,1.680531,1.826235,-2.099340,0.304167,-0.045189,-0.575687,0.083409,-0.012392,2.997707
sample,891,drone,22.258636,7.250235,1.688156,1.825102,-2.113466,0.306214,-0.045493,-0.555121,0.080430,-0.011949,2.997707
sample,892,drone,22.283618,7.197264,1.695830,1.823962,-2.127076,0.308185,-0.045786,-0.534334,0.077418,-0.011502,2.997707
sample,893,drone,22.308600,7.143960,1.703554,1.822815,-2.140163,0.310082,-0.046068,-0.513335,0.074376,-0.011050,2.997707
sample,894,drone,22.333581,7.090335,1.711323,1.821661,-2.152723,0.311902,-0.046338,-0.492132,0.071304,-0.010593,2.997707
sample,895,drone,22.358563,7.036403,1.719137,1.820500,-2.164752,0.313644,-0.046597,-0.470735,0.068203,-0.010133,2.997707
sample,896,drone,22.383545,6.982177,1.726994,1.819332,-2.176243,0.315309,-0.046844,-0.449152,0.065076,-0.009668,2.997707
sample,897,drone,22.408526,6.927670,1.734891,1.818159,-2.187193,0.316896,-0.047080,-0.427392,0.061923,-0.009200,2.997707
sample,898,drone,22.433508,6.872897,1.742827,1.816980,-2.197597,0.318403,-0.047304,-0.405464,0.058747,-0.008728,2.997707
sample,899,drone,22.458489,6.817871,1.750800,1.815796,-2.207451,0.319831,-0.047516,-0.383378,0.055547,-0.008252,2.997707
sample,900,drone,22.483471,6.762606,1.758807,1.814606,-2.216752,0.321178,-0.047716,-0.361143,0.052325,-0.007774,2.997707
sample,901,drone,22.508453,6.707115,1.766847,1.813412,-2.225495,0.322445,-0.047904,-0.338766,0.049083,-0.007292,2.997707
sample,902,drone,22.533434,6.651413,1.774917,1.812213,-2.233677,0.323631,-0.048081,-0.316258,0.045822,-0.006808,2.997707
sample,903,drone,22.558416,6.595513,1.783016,1.811009,-2.241296,0.324735,-0.048245,-0.293628,0.042543,-0.006320,2.997707
sample,904,drone,22.583398,6.539430,1.791142,1.809802,-2.248348,0.325756,-0.048396,-0.270883,0.039247,-0.005831,2.997707
sample,905,drone,22.608379,6.483178,1.799292,1.808591,-2.254830,0.326695,-0.048536,-0.248034,0.035937,-0.005339,2.997707
sample,906,drone,22.633361,6.426772,1.807465,1.807377,-2.260741,0.327552,-0.048663,-0.225088,0.032612,-0.004845,2.997707
sample,907,drone,22.658343,6.370224,1.815658,1.806160,-2.266077,0.328325,-0.048778,-0.202056,0.029275,-0.004349,2.997707
sample,908,drone,22.683324,6.313551,1.823869,1.804940,-2.270836,0.329015,-0.048880,-0.178946,0.025927,-0.003852,2.997707
sample,909,drone,22.708306,6.256766,1.832096,1.803718,-2.275017,0.329620,-0.048970,-0.155768,0.022569,-0.003353,2.997707
sample,910,drone,22.733287,6.199884,1.840338,1.802493,-2.278619,0.330142,-0.049048,-0.132529,0.019202,-0.002853,2.997707
sample,911,drone,22.758269,6.142919,1.848591,1.801267,-2.281639,0.330580,-0.049113,-0.109239,0.015827,-0.002351,2.997707
sample,912,drone,22.783251,6.085886,1.856855,1.800039,-2.284077,0.330933,-0.049165,-0.085908,0.012447,-0.001849,2.997707
sample,913,drone,22.808232,6.028799,1.865126,1.798811,-2.285931,0.331202,-0.049205,-0.062543,0.009062,-0.001346,2.997707
sample,914,drone,22.833214,5.971673,1.873403,1.797581,-2.287201,0.331386,-0.049233,-0.039155,0.005673,-0.000843,2.997707
sample,915,drone,22.858196,5.914523,1.881683,1.796351,-2.287887,0.331485,-0.049247,-0.015751,0.002282,-0.000339,2.997707
sample,916,drone,22.883177,5.857363,1.889965,1.795120,-2.287988,0.331500,-0.049250,0.007659,-0.001110,0.000165,2.997707
sample,917,drone,22.908159,5.800207,1.898246,1.793890,-2.287505,0.331430,-0.049239,0.031065,-0.004501,0.000669,2.997707
sample,918,drone,22.933140,5.743071,1.906524,1.792660,-2.286436,0.331275,-0.049216,0.054460,-0.007891,0.001172,2.997707
sample,919,drone,22.958122,5.685970,1.914797,1.791431,-2.284784,0.331035,-0.049181,0.077834,-0.011277,0.001675,2.997707
sample,920,drone,22.983104,5.628916,1.923064,1.790203,-2.282547,0.330711,-0.049132,0.101178,-0.014659,0.002178,2.997707
sample,921,drone,23.008085,5.571926,1.931321,1.788976,-2.279729,0.330303,-0.049072,0.124483,-0.018036,0.002680,2.997707
sample,922,drone,23.033067,5.515014,1.939567,1.787751,-2.276328,0.329810,-0.048999,0.147740,-0.021406,0.003180,2.997707
sample,923,drone,23.058049,5.458193,1.947799,1.786528,-2.272347,0.329233,-0.048913,0.170941,-0.024767,0.003680,2.997707
sample,924,drone,23.083030,5.401480,1.956016,1.785307,-2.267787,0.328573,-0.048815,0.194076,-0.028119,0.004178,2.997707
sample,925,drone,23.108012,5.344887,1.964216,1.784089,-2.262650,0.327828,-0.048704,0.217136,-0.031460,0.004674,2.997707
sample,926,drone,23.132994,5.288430,1.972396,1.782874,-2.256938,0.327001,-0.048581,0.240112,-0.034789,0.005168,2.997707
sample,927,drone,23.157975,5.232123,1.980554,1.781662,-2.250653,0.326090,-0.048446,0.262995,-0.038105,0.005661,2.997707
sample,928,drone,23.182957,5.175980,1.988688,1.780453,-2.243798,0.325097,-0.048298,0.285777,-0.041405,0.006151,2.997707
sample,929,drone,23.207938,5.120016,1.996797,1.779249,-2.236375,0.324022,-0.048139,0.308448,-0.044690,0.006639,2.997707
sample,930,drone,23.232920,5.064244,2.004877,1.778048,-2.228387,0.322864,-0.047967,0.331000,-0.047958,0.007125,2.997707
sample,931,drone,23.257902,5.008678,2.012928,1.776852,-2.219837,0.321625,-0.047783,0.353423,-0.051206,0.007608,2.997707
sample,932,drone,23.282883,4.953333,2.020947,1.775661,-2.210729,0.320306,-0.047587,0.375708,-0.054435,0.008087,2.997707
sample,933,drone,23.307865,4.898223,2.028932,1.774475,-2.201066,0.318906,-0.047379,0.397847,-0.057643,0.008564,2.997707
sample,934,drone,23.332847,4.843361,2.036880,1.773294,-2.190851,0.317426,-0.047159,0.419830,-0.060828,0.009037,2.997707
sample,935,drone,23.357828,4.788761,2.044791,1.772118,-2.180090,0.315867,-0.046927,0.441649,-0.063989,0.009507,2.997707
sample,936,drone,23.382810,4.734436,2.052662,1.770949,-2.168785,0.314229,-0.046684,0.463294,-0.067125,0.009973,2.997707
sample,937,drone,23.407792,4.680401,2.060491,1.769786,-2.156942,0.312513,-0.046429,0.484757,-0.070235,0.010435,2.997707
sample,938,drone,23.432773,4.626669,2.068276,1.768629,-2.144565,0.310719,-0.046162,0.506028,-0.073317,0.010892,2.997707
sample,939,drone,23.457755,4.573252,2.076016,1.767480,-2.131659,0.308850,-0.045885,0.527099,-0.076370,0.011346,2.997707
sample,940,drone,23.482736,4.520164,2.083707,1.766337,-2.118229,0.306904,-0.045595,0.547960,-0.079392,0.011795,2.997707
sample,941,drone,23.507718,4.467418,2.091350,1.765201,-2.104281,0.304883,-0.045295,0.568603,-0.082383,0.012239,2.997707
sample,942,drone,23.532700,4.415027,2.098940,1.764074,-2.089820,0.302788,-0.044984,0.589018,-0.085341,0.012679,2.997707
sample,943,drone,23.557681,4.363004,2.106478,1.762954,-2.074852,0.300619,-0.044662,0.609198,-0.088265,0.013113,2.997707
sample,944,drone,23.582663,4.311361,2.113960,1.761842,-2.059383,0.298378,-0.044329,0.629132,-0.091153,0.013542,2.997707
sample,945,drone,23.607645,4.260110,2.121386,1.760739,-2.043418,0.296065,-0.043985,0.648811,-0.094004,0.013966,2.997707
sample,946,drone,23.632626,4.209265,2.128753,1.759645,-2.026966,0.293681,-0.043631,0.668228,-0.096817,0.014384,2.997707
sample,947,drone,23.657608,4.158837,2.136059,1.758559,-2.010032,0.291227,-0.043266,0.687372,-0.099591,0.014796,2.997707
sample,948,drone,23.682590,4.108837,2.143303,1.757483,-1.992623,0.288705,-0.042892,0.706234,-0.102324,0.015202,2.997707
sample,949,drone,23.707571,4.059279,2.150484,1.756416,-1.974746,0.286115,-0.042507,0.724807,-0.105015,0.015602,2.997707
sample,950,drone,23.732553,4.010172,2.157598,1.755359,-1.956409,0.283458,-0.042112,0.743080,-0.107663,0.015995,2.997707
sample,951,drone,23.757534,3.961530,2.164646,1.754312,-1.937619,0.280736,-0.041708,0.761046,-0.110266,0.016382,2.997707
sample,952,drone,23.782516,3.913363,2.171625,1.753275,-1.918385,0.277949,-0.041294,0.778694,-0.112823,0.016762,2.997707
sample,953,drone,23.807498,3.865681,2.178533,1.752249,-1.898713,0.275099,-0.040870,0.796016,-0.115332,0.017134,2.997707
sample,954,drone,23.832479,3.818497,2.185370,1.751233,-1.878613,0.272187,-0.040438,0.813003,-0.117793,0.017500,2.997707
sample,955,drone,23.857461,3.771820,2.192133,1.750229,-1.858093,0.269213,-0.039996,0.829645,-0.120205,0.017858,2.997707
sample,956,drone,23.882443,3.725660,2.198821,1.749235,-1.837161,0.266181,-0.039545,0.845935,-0.122565,0.018209,2.997707
sample,957,drone,23.907424,3.680029,2.205432,1.748253,-1.815827,0.263090,-0.039086,0.861863,-0.124873,0.018552,2.997707
sample,958,drone,23.932406,3.634936,2.211965,1.747282,-1.794100,0.259942,-0.038619,0.877420,-0.127127,0.018887,2.997707
sample,959,drone,23.957388,3.590390,2.218419,1.746323,-1.771988,0.256738,-0.038143,0.892596,-0.129326,0.019213,2.997707
sample,960,drone,23.982369,3.546401,2.224793,1.745376,-1.749503,0.253480,-0.037659,0.907384,-0.131468,0.019532,2.997707
sample,961,drone,24.007351,3.502979,2.231084,1.744442,-1.726652,0.250169,-0.037167,0.921774,-0.133553,0.019841,2.997707
sample,962,drone,24.032332,3.460132,2.237292,1.743519,-1.703448,0.246807,-0.036667,0.935757,-0.135579,0.020142,2.997707
sample,963,drone,24.057314,3.417869,2.243415,1.742610,-1.679899,0.243395,-0.036160,0.949324,-0.137545,0.020434,2.997707
sample,964,drone,24.082296,3.376199,2.249453,1.741713,-1.656017,0.239935,-0.035646,0.962466,-0.139449,0.020717,2.997707
sample,965,drone,24.107277,3.335129,2.255403,1.740829,-1.631811,0.236428,-0.035125,0.975174,-0.141290,0.020991,2.997707
sample,966,drone,24.132259,3.294668,2.261266,1.739958,-1.607294,0.232876,-0.034597,0.987439,-0.143067,0.021255,2.997707
sample,967,drone,24.157241,3.254824,2.267039,1.739100,-1.582475,0.229280,-0.034063,0.999253,-0.144779,0.021509,2.997707
sample,968,drone,24.182222,3.215603,2.272721,1.738256,-1.557368,0.225642,-0.033523,1.010606,-0.146424,0.021754,2.997707
sample,969,drone,24.207204,3.177012,2.278313,1.737425,-1.531982,0.221964,-0.032976,1.021489,-0.148000,0.021988,2.997707
sample,970,drone,24.232185,3.139060,2.283811,1.736608,-1.506331,0.218248,-0.032424,1.031893,-0.149508,0.022212,2.997707
sample,971,drone,24.257167,3.101751,2.289217,1.735805,-1.480425,0.214494,-0.031867,1.041810,-0.150945,0.022425,2.997707
sample,972,drone,24.282149,3.065093,2.294528,1.735016,-1.454279,0.210706,-0.031304,1.051230,-0.152309,0.022628,2.997707
sample,973,drone,24.307130,3.029091,2.299744,1.734241,-1.427903,0.206884,-0.030736,1.060144,-0.153601,0.022820,2.997707
sample,974,drone,24.332112,2.993750,2.304865,1.733480,-1.401310,0.203032,-0.030164,1.068543,-0.154818,0.023001,2.997707
sample,975,drone,24.357094,2.959077,2.309889,1.732734,-1.374515,0.199149,-0.029587,1.076419,-0.155959,0.023170,2.997707
sample,976,drone,24.382075,2.925075,2.314815,1.732002,-1.347529,0.195239,-0.029006,1.083763,-0.157023,0.023328,2.997707
sample,977,drone,24.407057,2.891750,2.319643,1.731285,-1.320366,0.191304,-0.028421,1.090564,-0.158009,0.023475,2.997707
sample,978,drone,24.432039,2.859105,2.324373,1.730582,-1.293041,0.187345,-0.027833,1.096816,-0.158914,0.023609,2.997707
sample,979,drone,24.457020,2.827145,2.329004,1.729894,-1.265566,0.183364,-0.027242,1.102507,-0.159739,0.023732,2.997707
sample,980,drone,24.482002,2.795873,2.333535,1.729221,-1.237956,0.179364,-0.026647,1.107630,-0.160481,0.023842,2.997707
sample,981,drone,24.506983,2.765293,2.337965,1.728563,-1.210225,0.175346,-0.026050,1.112176,-0.161140,0.023940,2.997707
sample,982,drone,24.531965,2.735407,2.342295,1.727919,-1.182388,0.171313,-0.025451,1.116135,-0.161713,0.024025,2.997707
sample,983,drone,24.556947,2.706217,2.346525,1.727291,-1.154459,0.167266,-0.024850,1.119499,-0.162201,0.024098,2.997707
sample,984,drone,24.581928,2.677726,2.350653,1.726678,-1.126454,0.163208,-0.024247,1.122258,-0.162601,0.024157,2.997707
sample,985,drone,24.606910,2.649936,2.354679,1.726080,-1.098388,0.159142,-0.023643,1.124404,-0.162911,0.024203,2.997707
sample,986,drone,24.631892,2.622847,2.358604,1.725497,-1.070275,0.155069,-0.023038,1.125928,-0.163132,0.024236,2.997707
sample,987,drone,24.656873,2.596461,2.362427,1.724929,-1.042133,0.150991,-0.022432,1.126820,-0.163261,0.024255,2.997707
sample,988,drone,24.681855,2.570779,2.366148,1.724376,-1.013976,0.146912,-0.021826,1.127072,-0.163298,0.024261,2.997707
sample,989,drone,24.706837,2.545800,2.369767,1.723838,-0.985820,0.142833,-0.021220,1.126674,-0.163240,0.024252,2.997707
sample,990,drone,24.731818,2.521524,2.373284,1.723316,-0.957683,0.138756,-0.020614,1.125618,-0.163087,0.024229,2.997707
sample,991,drone,24.756800,2.497951,2.376700,1.722808,-0.929581,0.134684,-0.020009,1.123895,-0.162838,0.024192,2.997707
sample,992,drone,24.781781,2.475079,2.380014,1.722316,-0.901530,0.130620,-0.019406,1.121496,-0.162490,0.024141,2.997707
sample,993,drone,24.806763,2.452907,2.383226,1.721839,-0.873547,0.126566,-0.018803,1.118412,-0.162043,0.024074,2.997707
sample,994,drone,24.831745,2.431434,2.386337,1.721376,-0.845650,0.122524,-0.018203,1.114633,-0.161496,0.023993,2.997707
sample,995,drone,24.856726,2.410656,2.389348,1.720929,-0.817856,0.118497,-0.017605,1.110151,-0.160846,0.023896,2.997707
sample,996,drone,24.881708,2.390571,2.392258,1.720497,-0.790183,0.114487,-0.017009,1.104957,-0.160094,0.023785,2.997707
sample,997,drone,24.906690,2.371176,2.395068,1.720079,-0.762649,0.110498,-0.016416,1.099042,-0.159237,0.023657,2.997707
sample,998,drone,24.931671,2.352466,2.397778,1.719677,-0.735272,0.106531,-0.015827,1.092397,-0.158274,0.023514,2.997707
sample,999,drone,24.956653,2.334439,2.400390,1.719289,-0.708069,0.102590,-0.015241,1.085012,-0.157204,0.023355,2.997707
sample,1000,drone,24.981635,2.317089,2.402904,1.718915,-0.681061,0.098677,-0.014660,1.076880,-0.156026,0.023180,2.997707
sample,1001,drone,25.006616,2.300411,2.405321,1.718556,-0.654265,0.094794,-0.014083,1.067990,-0.154738,0.022989,2.997707
sample,1002,drone,25.031598,2.284400,2.407640,1.718211,-0.627701,0.090946,-0.013511,1.058335,-0.153339,0.022781,2.997707
sample,1003,drone,25.056579,2.269049,2.409865,1.717881,-0.601387,0.087133,-0.012945,1.047905,-0.151828,0.022556,2.997707
sample,1004,drone,25.081561,2.254352,2.411994,1.717565,-0.575344,0.083360,-0.012384,1.036690,-0.150203,0.022315,2.997707
sample,1005,drone,25.106543,2.240303,2.414029,1.717262,-0.549591,0.079629,-0.011830,1.024683,-0.148463,0.022057,2.997707
sample,1006,drone,25.131524,2.226893,2.415972,1.716974,-0.524147,0.075942,-0.011282,1.011873,-0.146607,0.021781,2.997707
sample,1007,drone,25.156506,2.214115,2.417824,1.716699,-0.499034,0.072304,-0.010742,0.998253,-0.144634,0.021488,2.997707
sample,1008,drone,25.181488,2.201960,2.419585,1.716437,-0.474271,0.068716,-0.010209,0.983813,-0.142542,0.021177,2.997707
sample,1009,drone,25.206469,2.190419,2.421257,1.716188,-0.449880,0.065182,-0.009684,0.968544,-0.140329,0.020848,2.997707
sample,1010,drone,25.231451,2.179482,2.422842,1.715953,-0.425880,0.061704,-0.009167,0.952437,-0.137996,0.020501,2.997707
sample,1011,drone,25.256433,2.169140,2.424340,1.715730,-0.402293,0.058287,-0.008659,0.935484,-0.135539,0.020137,2.997707
sample,1012,drone,25.281414,2.159382,2.425754,1.715520,-0.379140,0.054932,-0.008161,0.917674,-0.132959,0.019753,2.997707
sample,1013,drone,25.306396,2.150197,2.427085,1.715323,-0.356443,0.051644,-0.007673,0.899000,-0.130253,0.019351,2.997707
sample,1014,drone,25.331377,2.141573,2.428334,1.715137,-0.334223,0.048425,-0.007194,0.879452,-0.127421,0.018930,2.997707
sample,1015,drone,25.356359,2.133498,2.429504,1.714963,-0.312503,0.045278,-0.006727,0.859021,-0.124461,0.018491,2.997707
sample,1016,drone,25.381341,2.125960,2.430596,1.714801,-0.291304,0.042206,-0.006270,0.837699,-0.121372,0.018032,2.997707
sample,1017,drone,25.406322,2.118944,2.431613,1.714650,-0.270648,0.039213,-0.005826,0.815476,-0.118152,0.017553,2.997707
sample,1018,drone,25.431304,2.112437,2.432556,1.714510,-0.250560,0.036303,-0.005393,0.792343,-0.114800,0.017055,2.997707
sample,1019,drone,25.456286,2.106425,2.433427,1.714380,-0.231060,0.033478,-0.004974,0.768292,-0.111315,0.016538,2.997707
sample,1020,drone,25.481267,2.100893,2.434228,1.714261,-0.212173,0.030741,-0.004567,0.743313,-0.107696,0.016000,2.997707
sample,1021,drone,25.506249,2.095824,2.434963,1.714152,-0.193922,0.028097,-0.004174,0.717398,-0.103942,0.015442,2.997707
sample,1022,drone,25.531230,2.091204,2.435632,1.714053,-0.176330,0.025548,-0.003796,0.690536,-0.100050,0.014864,2.997707
sample,1023,drone,25.556212,2.087014,2.436239,1.713963,-0.159420,0.023098,-0.003432,0.662721,-0.096020,0.014265,2.997707
sample,1024,drone,25.581194,2.083239,2.436786,1.713881,-0.143218,0.020750,-0.003083,0.633942,-0.091850,0.013646,2.997707
sample,1025,drone,25.606175,2.079859,2.437276,1.713809,-0.127747,0.018509,-0.002750,0.604190,-0.087539,0.013005,2.997707
sample,1026,drone,25.631157,2.076856,2.437711,1.713744,-0.113031,0.016377,-0.002433,0.573457,-0.083086,0.012344,2.997707
sample,1027,drone,25.656139,2.074211,2.438094,1.713687,-0.099095,0.014358,-0.002133,0.541733,-0.078490,0.011661,2.997707
sample,1028,drone,25.681120,2.071905,2.438428,1.713637,-0.085964,0.012455,-0.001850,0.509010,-0.073749,0.010957,2.997707
sample,1029,drone,25.706102,2.069916,2.438716,1.713595,-0.073663,0.010673,-0.001586,0.475279,-0.068862,0.010231,2.997707
sample,1030,drone,25.731084,2.068224,2.438961,1.713558,-0.062218,0.009015,-0.001339,0.440530,-0.063827,0.009483,2.997707
sample,1031,drone,25.756065,2.066808,2.439167,1.713528,-0.051653,0.007484,-0.001112,0.404755,-0.058644,0.008712,2.997707
sample,1032,drone,25.781047,2.065644,2.439335,1.713503,-0.041995,0.006084,-0.000904,0.367944,-0.053310,0.007920,2.997707
sample,1033,drone,25.806028,2.064709,2.439471,1.713483,-0.033269,0.004820,-0.000716,0.330089,-0.047826,0.007105,2.997707
sample,1034,drone,25.831010,2.063981,2.439576,1.713467,-0.025502,0.003695,-0.000549,0.291181,-0.042188,0.006268,2.997707
sample,1035,drone,25.855992,2.063435,2.439655,1.713455,-0.018721,0.002712,-0.000403,0.251211,-0.036397,0.005407,2.997707
sample,1036,drone,25.880973,2.063046,2.439712,1.713447,-0.012951,0.001876,-0.000279,0.210169,-0.030451,0.004524,2.997707
sample,1037,drone,25.905955,2.062788,2.439749,1.713441,-0.008220,0.001191,-0.000177,0.168047,-0.024348,0.003617,2.997707
sample,1038,drone,25.930937,2.062635,2.439771,1.713438,-0.004555,0.000660,-0.000098,0.124836,-0.018087,0.002687,2.997707
sample,1039,drone,25.955918,2.062561,2.439782,1.713436,-0.001983,0.000287,-0.000043,0.080571,-0.011674,0.001734,2.997707
sample,1040,drone,25.980900,2.062536,2.439786,1.713436,-0.000529,0.000077,-0.000011,0.041544,-0.005999,0.000855,2.997694
sample,1041,drone,26.005882,2.062534,2.439786,1.713436,0.000093,-0.000012,0.000000,0.026665,-0.003743,0.000345,-0.133059
sample,1042,drone,26.030863,2.062541,2.439785,1.713436,0.000803,-0.000110,0.000006,0.043976,-0.006047,0.000331,-0.136510
sample,1043,drone,26.055845,2.062574,2.439780,1.713436,0.002290,-0.000315,0.000017,0.076273,-0.010477,0.000553,-0.136510
sample,1044,drone,26.080826,2.062655,2.439769,1.713437,0.004614,-0.000634,0.000033,0.109446,-0.015034,0.000794,-0.136510
sample,1045,drone,26.105808,2.062805,2.439749,1.713438,0.007758,-0.001066,0.000056,0.141978,-0.019503,0.001030,-0.136510
sample,1046,drone,26.130790,2.063043,2.439716,1.713439,0.011708,-0.001608,0.000085,0.173872,-0.023884,0.001261,-0.136510
sample,1047,drone,26.155771,2.063390,2.439668,1.713442,0.016446,-0.002259,0.000119,0.205133,-0.028178,0.001488,-0.136510
sample,1048,drone,26.180753,2.063865,2.439603,1.713445,0.021957,-0.003016,0.000159,0.235764,-0.032386,0.001710,-0.136510
sample,1049,drone,26.205735,2.064487,2.439518,1.713450,0.028225,-0.003877,0.000205,0.265770,-0.036507,0.001927,-0.136510
sample,1050,drone,26.230716,2.065275,2.439409,1.713456,0.035235,-0.004840,0.000256,0.295156,-0.040544,0.002140,-0.136510
sample,1051,drone,26.255698,2.066247,2.439276,1.713463,0.042972,-0.005903,0.000312,0.323924,-0.044496,0.002349,-0.136510
sample,1052,drone,26.280680,2.067422,2.439114,1.713471,0.051420,-0.007063,0.000373,0.352079,-0.048363,0.002553,-0.136510
sample,1053,drone,26.305661,2.068816,2.438923,1.713481,0.060563,-0.008319,0.000439,0.379626,-0.052147,0.002753,-0.136510
sample,1054,drone,26.330643,2.070448,2.438699,1.713493,0.070387,-0.009669,0.000510,0.406567,-0.055848,0.002948,-0.136510
sample,1055,drone,26.355624,2.072333,2.438440,1.713507,0.080877,-0.011110,0.000586,0.432908,-0.059466,0.003139,-0.136510
sample,1056,drone,26.380606,2.074489,2.438144,1.713522,0.092017,-0.012640,0.000667,0.458653,-0.063003,0.003326,-0.136510
sample,1057,drone,26.405588,2.076931,2.437808,1.713540,0.103792,-0.014257,0.000753,0.483805,-0.066458,0.003508,-0.136510
sample,1058,drone,26.430569,2.079674,2.437431,1.713560,0.116189,-0.015960,0.000843,0.508368,-0.069832,0.003686,-0.136510
sample,1059,drone,26.455551,2.082736,2.437011,1.713582,0.129192,-0.017746,0.000937,0.532348,-0.073126,0.003860,-0.136510
sample,1060,drone,26.480533,2.086129,2.436545,1.713607,0.142787,-0.019614,0.001035,0.555747,-0.076340,0.004030,-0.136510
sample,1061,drone,26.505514,2.089870,2.436031,1.713634,0.156959,-0.021561,0.001138,0.578570,-0.079475,0.004195,-0.136510
sample,1062,drone,26.530496,2.093972,2.435467,1.713664,0.171694,-0.023585,0.001245,0.600821,-0.082532,0.004357,-0.136510
sample,1063,drone,26.555477,2.098448,2.434853,1.713696,0.186978,-0.025684,0.001356,0.622504,-0.085510,0.004514,-0.136510
sample,1064,drone,26.580459,2.103314,2.434184,1.713731,0.202796,-0.027857,0.001471,0.643623,-0.088411,0.004667,-0.136510
sample,1065,drone,26.605441,2.108581,2.433461,1.713770,0.219135,-0.030101,0.001589,0.664182,-0.091235,0.004816,-0.136510
sample,1066,drone,26.630422,2.114262,2.432680,1.713811,0.235981,-0.032415,0.001711,0.684186,-0.093983,0.004961,-0.136510
sample,1067,drone,26.655404,2.120371,2.431841,1.713855,0.253320,-0.034797,0.001837,0.703638,-0.096655,0.005102,-0.136510
sample,1068,drone,26.680386,2.126919,2.430942,1.713903,0.271137,-0.037245,0.001966,0.722543,-0.099252,0.005240,-0.136510
sample,1069,drone,26.705367,2.133918,2.429980,1.713953,0.289420,-0.039756,0.002099,0.740904,-0.101774,0.005373,-0.136510
sample,1070,drone,26.730349,2.141379,2.428955,1.714007,0.308155,-0.042330,0.002235,0.758726,-0.104222,0.005502,-0.136510
sample,1071,drone,26.755331,2.149314,2.427865,1.714065,0.327329,-0.044963,0.002374,0.776013,-0.106597,0.005627,-0.136510
sample,1072,drone,26.780312,2.157734,2.426709,1.714126,0.346927,-0.047656,0.002516,0.792768,-0.108898,0.005749,-0.136510
sample,1073,drone,26.805294,2.166648,2.425484,1.714191,0.366938,-0.050404,0.002661,0.808997,-0.111128,0.005866,-0.136510
sample,1074,drone,26.830275,2.176067,2.424190,1.714259,0.387347,-0.053208,0.002809,0.824702,-0.113285,0.005980,-0.136510
sample,1075,drone,26.855257,2.186001,2.422826,1.714331,0.408143,-0.056064,0.002960,0.839889,-0.115371,0.006090,-0.136510
sample,1076,drone,26.880239,2.196459,2.421389,1.714407,0.429311,-0.058972,0.003113,0.854561,-0.117386,0.006197,-0.136510
sample,1077,drone,26.905220,2.207451,2.419879,1.714487,0.450839,-0.061929,0.003269,0.868722,-0.119332,0.006300,-0.136510
sample,1078,drone,26.930202,2.218985,2.418295,1.714570,0.472715,-0.064934,0.003428,0.882376,-0.121207,0.006399,-0.136510
sample,1079,drone,26.955184,2.231069,2.416635,1.714658,0.494926,-0.067985,0.003589,0.895528,-0.123014,0.006494,-0.136510
sample,1080,drone,26.980165,2.243713,2.414898,1.714750,0.517459,-0.071081,0.003752,0.908182,-0.124752,0.006586,-0.136510
sample,1081,drone,27.005147,2.256923,2.413084,1.714845,0.540302,-0.074218,0.003918,0.920341,-0.126422,0.006674,-0.136510
sample,1082,drone,27.030129,2.270708,2.411190,1.714945,0.563442,-0.077397,0.004086,0.932011,-0.128025,0.006758,-0.136510
sample,1083,drone,27.055110,2.285075,2.409217,1.715049,0.586868,-0.080615,0.004256,0.943193,-0.129561,0.006840,-0.136510
sample,1084,drone,27.080092,2.300030,2.407162,1.715158,0.610567,-0.083870,0.004428,0.953894,-0.131031,0.006917,-0.136510
sample,1085,drone,27.105073,2.315581,2.405026,1.715271,0.634528,-0.087162,0.004601,0.964117,-0.132436,0.006991,-0.136510
sample,1086,drone,27.130055,2.331733,2.402807,1.715388,0.658737,-0.090487,0.004777,0.973866,-0.133775,0.007062,-0.136510
sample,1087,drone,27.155037,2.348493,2.400505,1.715509,0.683185,-0.093845,0.004954,0.983145,-0.135049,0.007129,-0.136510
sample,1088,drone,27.180018,2.365867,2.398119,1.715635,0.707859,-0.097235,0.005133,0.991959,-0.136260,0.007193,-0.136510
sample,1089,drone,27.205000,2.383860,2.395647,1.715766,0.732747,-0.100653,0.005313,1.000311,-0.137407,0.007254,-0.136510
sample,1090,drone,27.229982,2.402478,2.393090,1.715901,0.757837,-0.104100,0.005495,1.008205,-0.138492,0.007311,-0.136510
sample,1091,drone,27.254963,2.421724,2.390446,1.716040,0.783120,-0.107573,0.005679,1.015646,-0.139514,0.007365,-0.136510
sample,1092,drone,27.279945,2.441605,2.387715,1.716185,0.808582,-0.111071,0.005863,1.022637,-0.140474,0.007416,-0.136510
sample,1093,drone,27.304927,2.462124,2.384896,1.716333,0.834214,-0.114592,0.006049,1.029184,-0.141373,0.007463,-0.136510
sample,1094,drone,27.329908,2.483285,2.381990,1.716487,0.860004,-0.118134,0.006236,1.035289,-0.142212,0.007507,-0.136510
sample,1095,drone,27.354890,2.505092,2.378994,1.716645,0.885941,-0.121697,0.006424,1.040957,-0.142991,0.007548,-0.136510
sample,1096,drone,27.379871,2.527549,2.375909,1.716808,0.912013,-0.125278,0.006613,1.046192,-0.143710,0.007586,-0.136510
sample,1097,drone,27.404853,2.550659,2.372735,1.716975,0.938212,-0.128877,0.006803,1.050998,-0.144370,0.007621,-0.136510
sample,1098,drone,27.429835,2.574425,2.369470,1.717148,0.964525,-0.132492,0.006994,1.055379,-0.144972,0.007653,-0.136510
sample,1099,drone,27.454816,2.598850,2.366115,1.717325,0.990942,-0.136120,0.007186,1.059340,-0.145516,0.007682,-0.136510
sample,1100,drone,27.479798,2.623936,2.362669,1.717507,1.017453,-0.139762,0.007378,1.062884,-0.146003,0.007707,-0.136510
sample,1101,drone,27.504780,2.649685,2.359132,1.717693,1.044047,-0.143415,0.007571,1.066015,-0.146433,0.007730,-0.136510
sample,1102,drone,27.529761,2.676100,2.355504,1.717885,1.070714,-0.147078,0.007764,1.068738,-0.146807,0.007750,-0.136510
sample,1103,drone,27.554743,2.703182,2.351784,1.718081,1.097445,-0.150750,0.007958,1.071057,-0.147125,0.007767,-0.136510
sample,1104,drone,27.579725,2.730932,2.347972,1.718283,1.124228,-0.154429,0.008152,1.072975,-0.147389,0.007781,-0.136510
sample,1105,drone,27.604706,2.759352,2.344068,1.718489,1.151054,-0.158114,0.008347,1.074497,-0.147598,0.007792,-0.136510
sample,1106,drone,27.629688,2.788442,2.340072,1.718700,1.177913,-0.161804,0.008542,1.075627,-0.147753,0.007800,-0.136510
sample,1107,drone,27.654669,2.818204,2.335983,1.718915,1.204796,-0.165496,0.008737,1.076369,-0.147855,0.007805,-0.136510
sample,1108,drone,27.679651,2.848638,2.331803,1.719136,1.231692,-0.169191,0.008932,1.076727,-0.147904,0.007808,-0.136510
sample,1109,drone,27.704633,2.879744,2.327530,1.719362,1.258593,-0.172886,0.009127,1.076706,-0.147901,0.007808,-0.136510
sample,1110,drone,27.729614,2.911521,2.323165,1.719592,1.285488,-0.176581,0.009322,1.076308,-0.147847,0.007805,-0.136510
sample,1111,drone,27.754596,2.943971,2.318708,1.719827,1.312369,-0.180273,0.009517,1.075539,-0.147741,0.007799,-0.136510
sample,1112,drone,27.779578,2.977092,2.314158,1.720068,1.339225,-0.183962,0.009711,1.074402,-0.147585,0.007791,-0.136510
sample,1113,drone,27.804559,3.010883,2.309516,1.720313,1.366049,-0.187647,0.009906,1.072902,-0.147379,0.007780,-0.136510
sample,1114,drone,27.829541,3.045344,2.304783,1.720563,1.392831,-0.191326,0.010100,1.071043,-0.147123,0.007767,-0.136510
sample,1115,drone,27.854522,3.080473,2.299957,1.720817,1.419562,-0.194998,0.010294,1.068828,-0.146819,0.007751,-0.136510
sample,1116,drone,27.879504,3.116270,2.295040,1.721077,1.446233,-0.198661,0.010487,1.066262,-0.146467,0.007732,-0.136510
sample,1117,drone,27.904486,3.152732,2.290031,1.721341,1.472836,-0.202316,0.010680,1.063349,-0.146067,0.007711,-0.136510
sample,1118,drone,27.929467,3.189858,2.284931,1.721610,1.499362,-0.205959,0.010873,1.060092,-0.145619,0.007687,-0.136510
sample,1119,drone,27.954449,3.227645,2.279741,1.721884,1.525802,-0.209591,0.011064,1.056497,-0.145125,0.007661,-0.136510
sample,1120,drone,27.979431,3.266092,2.274460,1.722163,1.552148,-0.213210,0.011255,1.052567,-0.144586,0.007633,-0.136510
sample,1121,drone,28.004412,3.305195,2.269088,1.722447,1.578391,-0.216815,0.011446,1.048307,-0.144000,0.007602,-0.136510
sample,1122,drone,28.029394,3.344953,2.263627,1.722735,1.604525,-0.220405,0.011635,1.043719,-0.143370,0.007569,-0.136510
sample,1123,drone,28.054376,3.385363,2.258076,1.723028,1.630539,-0.223978,0.011824,1.038809,-0.142696,0.007533,-0.136510
sample,1124,drone,28.079357,3.426420,2.252436,1.723326,1.656427,-0.227535,0.012012,1.033581,-0.141977,0.007495,-0.136510
sample,1125,drone,28.104339,3.468123,2.246708,1.723628,1.682180,-0.231072,0.012198,1.028038,-0.141216,0.007455,-0.136510
sample,1126,drone,28.129320,3.510468,2.240891,1.723935,1.707791,-0.234590,0.012384,1.022185,-0.140412,0.007412,-0.136510
sample,1127,drone,28.154302,3.553450,2.234987,1.724247,1.733252,-0.238088,0.012569,1.016025,-0.139566,0.007368,-0.136510
sample,1128,drone,28.179284,3.597066,2.228995,1.724563,1.758555,-0.241563,0.012752,1.009564,-0.138678,0.007321,-0.136510
sample,1129,drone,28.204265,3.641313,2.222917,1.724884,1.783693,-0.245016,0.012934,1.002804,-0.137750,0.007272,-0.136510
sample,1130,drone,28.229247,3.686186,2.216754,1.725210,1.808658,-0.248446,0.013115,0.995751,-0.136781,0.007221,-0.136510
sample,1131,drone,28.254229,3.731680,2.210504,1.725539,1.833444,-0.251850,0.013295,0.988407,-0.135772,0.007167,-0.136510
sample,1132,drone,28.279210,3.777790,2.204170,1.725874,1.858042,-0.255229,0.013474,0.980778,-0.134724,0.007112,-0.136510
sample,1133,drone,28.304192,3.824513,2.197752,1.726213,1.882447,-0.258582,0.013651,0.972867,-0.133638,0.007055,-0.136510
sample,1134,drone,28.329174,3.871844,2.191251,1.726556,1.906650,-0.261906,0.013826,0.964679,-0.132513,0.006995,-0.136510
sample,1135,drone,28.354155,3.919776,2.184666,1.726903,1.930645,-0.265202,0.014000,0.956217,-0.131350,0.006934,-0.136510
sample,1136,drone,28.379137,3.968305,2.178000,1.727255,1.954426,-0.268469,0.014172,0.947485,-0.130151,0.006871,-0.136510
sample,1137,drone,28.404118,4.017425,2.171253,1.727612,1.977985,-0.271705,0.014343,0.938489,-0.128915,0.006805,-0.136510
sample,1138,drone,28.429100,4.067132,2.164425,1.727972,2.001316,-0.274910,0.014513,0.929231,-0.127643,0.006738,-0.136510
sample,1139,drone,28.454082,4.117418,2.157517,1.728337,2.024412,-0.278083,0.014680,0.919715,-0.126336,0.006669,-0.136510
sample,1140,drone,28.479063,4.168278,2.150531,1.728705,2.047268,-0.281222,0.014846,0.909947,-0.124995,0.006598,-0.136510
sample,1141,drone,28.504045,4.219706,2.143467,1.729078,2.069876,-0.284328,0.015010,0.899930,-0.123619,0.006526,-0.136510
sample,1142,drone,28.529027,4.271696,2.136325,1.729455,2.092231,-0.287399,0.015172,0.889668,-0.122209,0.006451,-0.136510
sample,1143,drone,28.554008,4.324241,2.129107,1.729836,2.114327,-0.290434,0.015332,0.879165,-0.120766,0.006375,-0.136510
sample,1144,drone,28.578990,4.377334,2.121814,1.730221,2.136157,-0.293432,0.015490,0.868426,-0.119291,0.006297,-0.136510
sample,1145,drone,28.603972,4.430970,2.114446,1.730610,2.157716,-0.296394,0.015647,0.857454,-0.117784,0.006218,-0.136510
sample,1146,drone,28.628953,4.485141,2.107005,1.731003,2.178998,-0.299317,0.015801,0.846253,-0.116245,0.006137,-0.136510
sample,1147,drone,28.653935,4.539840,2.099492,1.731400,2.199998,-0.302202,0.015953,0.834828,-0.114676,0.006054,-0.136510
sample,1148,drone,28.678916,4.595060,2.091906,1.731800,2.220709,-0.305047,0.016103,0.823182,-0.113076,0.005969,-0.136510
sample,1149,drone,28.703898,4.650794,2.084250,1.732204,2.241127,-0.307852,0.016251,0.811321,-0.111447,0.005883,-0.136510
sample,1150,drone,28.728880,4.707034,2.076525,1.732612,2.261245,-0.310615,0.016397,0.799247,-0.109788,0.005796,-0.136510
sample,1151,drone,28.753861,4.763773,2.068731,1.733024,2.281060,-0.313337,0.016541,0.786965,-0.108101,0.005707,-0.136510
sample,1152,drone,28.778843,4.821003,2.060870,1.733439,2.300565,-0.316016,0.016683,0.774479,-0.106386,0.005616,-0.136510
sample,1153,drone,28.803825,4.878717,2.052942,1.733857,2.319755,-0.318652,0.016822,0.761793,-0.104643,0.005524,-0.136510
sample,1154,drone,28.828806,4.936906,2.044949,1.734279,2.338626,-0.321245,0.016959,0.748912,-0.102874,0.005431,-0.136510
sample,1155,drone,28.853788,4.995562,2.036892,1.734704,2.357173,-0.323792,0.017093,0.735838,-0.101078,0.005336,-0.136510
sample,1156,drone,28.878770,5.054678,2.028771,1.735133,2.375391,-0.326295,0.017225,0.722577,-0.099257,0.005240,-0.136510
sample,1157,drone,28.903751,5.114244,2.020589,1.735565,2.393275,-0.328751,0.017355,0.709133,-0.097410,0.005142,-0.136510
sample,1158,drone,28.928733,5.174254,2.012346,1.736000,2.410822,-0.331162,0.017482,0.695509,-0.095538,0.005043,-0.136510
sample,1159,drone,28.953714,5.234697,2.004043,1.736439,2.428025,-0.333525,0.017607,0.681709,-0.093643,0.004943,-0.136510
sample,1160,drone,28.978696,5.295566,1.995682,1.736880,2.444882,-0.335840,0.017729,0.667739,-0.091724,0.004842,-0.136510
sample,1161,drone,29.003678,5.356851,1.987263,1.737324,2.461388,-0.338108,0.017849,0.653601,-0.089782,0.004740,-0.136510
sample,1162,drone,29.028659,5.418545,1.978789,1.737772,2.477538,-0.340326,0.017966,0.639300,-0.087817,0.004636,-0.136510
sample,1163,drone,29.053641,5.480637,1.970259,1.738222,2.493329,-0.342495,0.018080,0.624840,-0.085831,0.004531,-0.136510
sample,1164,drone,29.078623,5.543120,1.961676,1.738675,2.508757,-0.344615,0.018192,0.610225,-0.083823,0.004425,-0.136510
sample,1165,drone,29.103604,5.605983,1.953041,1.739131,2.523818,-0.346683,0.018301,0.595460,-0.081795,0.004318,-0.136510
sample,1166,drone,29.128586,5.669218,1.944355,1.739589,2.538508,-0.348701,0.018408,0.580547,-0.079747,0.004210,-0.136510
sample,1167,drone,29.153567,5.732815,1.935619,1.740051,2.552824,-0.350668,0.018512,0.565492,-0.077679,0.004101,-0.136510
sample,1168,drone,29.178549,5.796765,1.926835,1.740514,2.566762,-0.352582,0.018613,0.550299,-0.075592,0.003990,-0.136510
sample,1169,drone,29.203531,5.861059,1.918003,1.740981,2.580319,-0.354445,0.018711,0.534971,-0.073486,0.003879,-0.136510
sample,1170,drone,29.228512,5.925686,1.909125,1.741449,2.593491,-0.356254,0.018807,0.519512,-0.071363,0.003767,-0.136510
sample,1171,drone,29.253494,5.990638,1.900203,1.741920,2.606275,-0.358010,0.018899,0.503928,-0.069222,0.003654,-0.136510
sample,1172,drone,29.278476,6.055904,1.891238,1.742394,2.618669,-0.359713,0.018989,0.488221,-0.067064,0.003540,-0.136510
sample,1173,drone,29.303457,6.121475,1.882231,1.742869,2.630669,-0.361361,0.019076,0.472396,-0.064890,0.003426,-0.136510
sample,1174,drone,29.328439,6.187341,1.873183,1.743347,2.642271,-0.362955,0.019160,0.456457,-0.062701,0.003310,-0.136510
sample,1175,drone,29.353421,6.253492,1.864096,1.743826,2.653475,-0.364494,0.019242,0.440408,-0.060496,0.003194,-0.136510
sample,1176,drone,29.378402,6.319917,1.854972,1.744308,2.664276,-0.365977,0.019320,0.424253,-0.058277,0.003076,-0.136510
sample,1177,drone,29.403384,6.386608,1.845811,1.744792,2.674672,-0.367405,0.019395,0.407996,-0.056044,0.002959,-0.136510
sample,1178,drone,29.428365,6.453553,1.836615,1.745277,2.684660,-0.368777,0.019468,0.391642,-0.053798,0.002840,-0.136510
sample,1179,drone,29.453347,6.520742,1.827386,1.745764,2.694239,-0.370093,0.019537,0.375194,-0.051538,0.002721,-0.136510
sample,1180,drone,29.478329,6.588166,1.818124,1.746253,2.703406,-0.371352,0.019604,0.358657,-0.049267,0.002601,-0.136510
sample,1181,drone,29.503310,6.655813,1.808832,1.746744,2.712159,-0.372555,0.019667,0.342034,-0.046983,0.002480,-0.136510
sample,1182,drone,29.528292,6.723674,1.799510,1.747236,2.720495,-0.373700,0.019728,0.325330,-0.044689,0.002359,-0.136510
sample,1183,drone,29.553274,6.791738,1.790160,1.747729,2.728414,-0.374788,0.019785,0.308549,-0.042384,0.002237,-0.136510
sample,1184,drone,29.578255,6.859995,1.780784,1.748224,2.735912,-0.375818,0.019839,0.291695,-0.040069,0.002115,-0.136510
sample,1185,drone,29.603237,6.928433,1.771383,1.748721,2.742988,-0.376790,0.019891,0.274771,-0.037744,0.001992,-0.136510
sample,1186,drone,29.628219,6.997043,1.761959,1.749218,2.749640,-0.377703,0.019939,0.257783,-0.035410,0.001869,-0.136510
sample,1187,drone,29.653200,7.065814,1.752512,1.749717,2.755867,-0.378559,0.019984,0.240734,-0.033068,0.001746,-0.136510
sample,1188,drone,29.678182,7.134735,1.743045,1.750217,2.761668,-0.379356,0.020026,0.223628,-0.030719,0.001622,-0.136510
sample,1189,drone,29.703163,7.203796,1.733558,1.750717,2.767041,-0.380094,0.020065,0.206469,-0.028362,0.001497,-0.136510
sample,1190,drone,29.728145,7.272986,1.724054,1.751219,2.771984,-0.380773,0.020101,0.189262,-0.025998,0.001372,-0.136510
sample,1191,drone,29.753127,7.342293,1.714534,1.751722,2.776497,-0.381392,0.020134,0.172010,-0.023628,0.001247,-0.136510
sample,1192,drone,29.778108,7.411709,1.704998,1.752225,2.780578,-0.381953,0.020163,0.154718,-0.021253,0.001122,-0.136510
sample,1193,drone,29.803090,7.481220,1.695450,1.752729,2.784227,-0.382454,0.020190,0.137390,-0.018872,0.000996,-0.136510
sample,1194,drone,29.828072,7.550818,1.685890,1.753234,2.787442,-0.382896,0.020213,0.120029,-0.016488,0.000870,-0.136510
sample,1195,drone,29.853053,7.620490,1.676319,1.753739,2.790224,-0.383278,0.020233,0.102640,-0.014099,0.000744,-0.136510
sample,1196,drone,29.878035,7.690226,1.666740,1.754245,2.792571,-0.383600,0.020250,0.085227,-0.011707,0.000618,-0.136510
sample,1197,drone,29.903017,7.760016,1.657153,1.754751,2.794482,-0.383863,0.020264,0.067794,-0.009313,0.000492,-0.136510
sample,1198,drone,29.927998,7.829848,1.647561,1.755257,2.795958,-0.384066,0.020275,0.050345,-0.006916,0.000365,-0.136510
sample,1199,drone,29.952980,7.899711,1.637964,1.755764,2.796998,-0.384209,0.020282,0.032885,-0.004517,0.000238,-0.136510
sample,1200,drone,29.977961,7.969595,1.628364,1.756271,2.797601,-0.384291,0.020287,0.015417,-0.002118,0.000112,-0.136510
sample,1201,drone,30.002943,8.039488,1.618764,1.756777,2.797768,-0.384314,0.020288,-0.002055,0.000282,-0.000015,-0.136510
sample,1202,drone,30.027925,8.109381,1.609163,1.757284,2.797498,-0.384277,0.020286,-0.019527,0.002682,-0.000142,-0.136510
sample,1203,drone,30.052906,8.179261,1.599564,1.757791,2.796792,-0.384180,0.020281,-0.036993,0.005082,-0.000268,-0.136510
sample,1204,drone,30.077888,8.249117,1.589968,1.758298,2.795650,-0.384023,0.020273,-0.054451,0.007480,-0.000395,-0.136510
sample,1205,drone,30.102870,8.318940,1.580377,1.758804,2.794072,-0.383807,0.020261,-0.071897,0.009876,-0.000521,-0.136510
sample,1206,drone,30.127851,8.388718,1.570792,1.759310,2.792058,-0.383530,0.020247,-0.089325,0.012270,-0.000648,-0.136510
sample,1207,drone,30.152833,8.458441,1.561214,1.759815,2.789609,-0.383194,0.020229,-0.106733,0.014661,-0.000774,-0.136510
sample,1208,drone,30.177815,8.528096,1.551646,1.760321,2.786725,-0.382798,0.020208,-0.124116,0.017049,-0.000900,-0.136510
sample,1209,drone,30.202796,8.597675,1.542089,1.760825,2.783407,-0.382342,0.020184,-0.141469,0.019433,-0.001026,-0.136510
sample,1210,drone,30.227778,8.667165,1.532543,1.761329,2.779657,-0.381827,0.020157,-0.158789,0.021812,-0.001151,-0.136510
sample,1211,drone,30.252759,8.736555,1.523011,1.761832,2.775474,-0.381252,0.020126,-0.176072,0.024186,-0.001277,-0.136510
sample,1212,drone,30.277741,8.805836,1.513495,1.762335,2.770860,-0.380618,0.020093,-0.193314,0.026555,-0.001402,-0.136510
sample,1213,drone,30.302723,8.874997,1.503994,1.762836,2.765815,-0.379925,0.020056,-0.210510,0.028917,-0.001527,-0.136510
sample,1214,drone,30.327704,8.944025,1.494512,1.763337,2.760342,-0.379173,0.020017,-0.227657,0.031272,-0.001651,-0.136510
sample,1215,drone,30.352686,9.012912,1.485050,1.763836,2.754441,-0.378363,0.019974,-0.244750,0.033620,-0.001775,-0.136510
sample,1216,drone,30.377668,9.081646,1.475608,1.764335,2.748113,-0.377494,0.019928,-0.261785,0.035960,-0.001898,-0.136510
sample,1217,drone,30.402649,9.150217,1.466189,1.764832,2.741361,-0.376566,0.019879,-0.278758,0.038292,-0.002021,-0.136510
sample,1218,drone,30.427631,9.218614,1.456793,1.765328,2.734186,-0.375580,0.019827,-0.295666,0.040614,-0.002144,-0.136510
sample,1219,drone,30.452612,9.286826,1.447424,1.765823,2.726589,-0.374537,0.019772,-0.312504,0.042927,-0.002266,-0.136510
sample,1220,drone,30.477594,9.354843,1.438080,1.766316,2.718572,-0.373436,0.019714,-0.329267,0.045230,-0.002388,-0.136510
sample,1221,drone,30.502576,9.422655,1.428765,1.766807,2.710137,-0.372277,0.019653,-0.345952,0.047522,-0.002509,-0.136510
sample,1222,drone,30.527557,9.490250,1.419480,1.767298,2.701287,-0.371061,0.019588,-0.362555,0.049802,-0.002629,-0.136510
sample,1223,drone,30.552539,9.557620,1.410226,1.767786,2.692023,-0.369789,0.019521,-0.379072,0.052071,-0.002749,-0.136510
sample,1224,drone,30.577521,9.624753,1.401004,1.768273,2.682347,-0.368460,0.019451,-0.395498,0.054327,-0.002868,-0.136510
sample,1225,drone,30.602502,9.691639,1.391817,1.768758,2.672263,-0.367074,0.019378,-0.411830,0.056571,-0.002986,-0.136510
sample,1226,drone,30.627484,9.758268,1.382664,1.769241,2.661771,-0.365633,0.019302,-0.428063,0.058801,-0.003104,-0.136510
sample,1227,drone,30.652466,9.824629,1.373548,1.769722,2.650875,-0.364137,0.019223,-0.444193,0.061016,-0.003221,-0.136510
sample,1228,drone,30.677447,9.890714,1.364471,1.770202,2.639578,-0.362585,0.019141,-0.460216,0.063217,-0.003337,-0.136510
sample,1229,drone,30.702429,9.956511,1.355432,1.770679,2.627881,-0.360978,0.019056,-0.476129,0.065403,-0.003453,-0.136510
sample,1230,drone,30.727410,10.022011,1.346435,1.771154,2.615789,-0.359317,0.018968,-0.491927,0.067573,-0.003567,-0.136510
sample,1231,drone,30.752392,10.087205,1.337480,1.771626,2.603303,-0.357602,0.018878,-0.507605,0.069727,-0.003681,-0.136510
sample,1232,drone,30.777374,10.152081,1.328568,1.772097,2.590427,-0.355833,0.018784,-0.523160,0.071864,-0.003794,-0.136510
sample,1233,drone,30.802355,10.216631,1.319701,1.772565,2.577164,-0.354011,0.018688,-0.538589,0.073983,-0.003906,-0.136510
sample,1234,drone,30.827337,10.280845,1.310881,1.773031,2.563517,-0.352137,0.018589,-0.553885,0.076084,-0.004016,-0.136510
sample,1235,drone,30.852319,10.344713,1.302107,1.773494,2.549490,-0.350210,0.018488,-0.569047,0.078167,-0.004126,-0.136510
sample,1236,drone,30.877300,10.408225,1.293383,1.773954,2.535086,-0.348231,0.018383,-0.584069,0.080230,-0.004235,-0.136510
sample,1237,drone,30.902282,10.471374,1.284709,1.774412,2.520308,-0.346201,0.018276,-0.598947,0.082274,-0.004343,-0.136510
sample,1238,drone,30.927264,10.534148,1.276086,1.774867,2.505161,-0.344121,0.018166,-0.613677,0.084298,-0.004450,-0.136510
sample,1239,drone,30.952245,10.596540,1.267515,1.775320,2.489647,-0.341989,0.018054,-0.628256,0.086300,-0.004556,-0.136510
sample,1240,drone,30.977227,10.658539,1.258999,1.775769,2.473771,-0.339809,0.017939,-0.642679,0.088281,-0.004660,-0.136510
sample,1241,drone,31.002208,10.720137,1.250537,1.776216,2.457537,-0.337579,0.017821,-0.656942,0.090241,-0.004764,-0.136510
sample,1242,drone,31.027190,10.781326,1.242132,1.776660,2.440948,-0.335300,0.017700,-0.671041,0.092177,-0.004866,-0.136510
sample,1243,drone,31.052172,10.842095,1.233785,1.777101,2.424009,-0.332973,0.017578,-0.684971,0.094091,-0.004967,-0.136510
sample,1244,drone,31.077153,10.902437,1.225496,1.777538,2.406725,-0.330599,0.017452,-0.698730,0.095981,-0.005067,-0.136510
sample,1245,drone,31.102135,10.962343,1.217267,1.777972,2.389098,-0.328178,0.017325,-0.712312,0.097846,-0.005165,-0.136510
sample,1246,drone,31.127117,11.021804,1.209099,1.778404,2.371135,-0.325710,0.017194,-0.725714,0.099687,-0.005262,-0.136510
sample,1247,drone,31.152098,11.080813,1.200993,1.778832,2.352839,-0.323197,0.017062,-0.738931,0.101503,-0.005358,-0.136510
sample,1248,drone,31.177080,11.139360,1.192951,1.779256,2.334216,-0.320639,0.016927,-0.751959,0.103293,-0.005453,-0.136510
sample,1249,drone,31.202062,11.197438,1.184973,1.779677,2.315269,-0.318036,0.016789,-0.764795,0.105056,-0.005546,-0.136510
sample,1250,drone,31.227043,11.255038,1.177061,1.780095,2.296004,-0.315390,0.016649,-0.777434,0.106792,-0.005638,-0.136510
sample,1251,drone,31.252025,11.312154,1.169215,1.780509,2.276426,-0.312700,0.016507,-0.789873,0.108501,-0.005728,-0.136510
sample,1252,drone,31.277006,11.368776,1.161437,1.780920,2.256539,-0.309969,0.016363,-0.802106,0.110181,-0.005816,-0.136510
sample,1253,drone,31.301988,11.424898,1.153728,1.781327,2.236350,-0.307195,0.016217,-0.814130,0.111833,-0.005904,-0.136510
sample,1254,drone,31.326970,11.480511,1.146089,1.781730,2.215863,-0.304381,0.016068,-0.825942,0.113455,-0.005989,-0.136510
sample,1255,drone,31.351951,11.535609,1.138520,1.782130,2.195083,-0.301527,0.015918,-0.837536,0.115048,-0.006073,-0.136510
sample,1256,drone,31.376933,11.590185,1.131023,1.782525,2.174017,-0.298633,0.015765,-0.848908,0.116610,-0.006156,-0.136510
sample,1257,drone,31.401915,11.644230,1.123599,1.782917,2.152669,-0.295701,0.015610,-0.860056,0.118141,-0.006237,-0.136510
sample,1258,drone,31.426896,11.697739,1.116249,1.783305,2.131046,-0.292730,0.015453,-0.870973,0.119641,-0.006316,-0.136510
sample,1259,drone,31.451878,11.750704,1.108974,1.783689,2.109152,-0.289723,0.015294,-0.881658,0.121109,-0.006393,-0.136510
sample,1260,drone,31.476859,11.803119,1.101774,1.784069,2.086995,-0.286679,0.015134,-0.892104,0.122544,-0.006469,-0.136510
sample,1261,drone,31.501841,11.854977,1.094650,1.784445,2.064580,-0.283600,0.014971,-0.902309,0.123945,-0.006543,-0.136510
sample,1262,drone,31.526823,11.906272,1.087604,1.784817,2.041913,-0.280487,0.014807,-0.912268,0.125313,-0.006615,-0.136510
sample,1263,drone,31.551804,11.956998,1.080636,1.785185,2.019000,-0.277339,0.014641,-0.921977,0.126647,-0.006686,-0.136510
sample,1264,drone,31.576786,12.007148,1.073747,1.785549,1.995848,-0.274159,0.014473,-0.931432,0.127946,-0.006754,-0.136510
sample,1265,drone,31.601768,12.056717,1.066938,1.785908,1.972463,-0.270947,0.014303,-0.940629,0.129209,-0.006821,-0.136510
sample,1266,drone,31.626749,12.105699,1.060210,1.786264,1.948851,-0.267703,0.014132,-0.949563,0.130436,-0.006886,-0.136510
sample,1267,drone,31.651731,12.154088,1.053563,1.786614,1.925019,-0.264430,0.013959,-0.958232,0.131627,-0.006949,-0.136510
sample,1268,drone,31.676713,12.201879,1.046998,1.786961,1.900975,-0.261127,0.013785,-0.966630,0.132781,-0.007009,-0.136510
sample,1269,drone,31.701694,12.249067,1.040516,1.787303,1.876723,-0.257795,0.013609,-0.974753,0.133897,-0.007068,-0.136510
sample,1270,drone,31.726676,12.295647,1.034118,1.787641,1.852273,-0.254437,0.013432,-0.982598,0.134974,-0.007125,-0.136510
sample,1271,drone,31.751657,12.341613,1.027804,1.787974,1.827630,-0.251052,0.013253,-0.990161,0.136013,-0.007180,-0.136510
sample,1272,drone,31.776639,12.386961,1.021575,1.788303,1.802801,-0.247641,0.013073,-0.997436,0.137012,-0.007233,-0.136510
sample,1273,drone,31.801621,12.431687,1.015431,1.788627,1.777794,-0.244206,0.012892,-1.004421,0.137972,-0.007284,-0.136510
sample,1274,drone,31.826602,12.475785,1.009373,1.788947,1.752617,-0.240748,0.012709,-1.011111,0.138891,-0.007332,-0.136510
sample,1275,drone,31.851584,12.519253,1.003402,1.789262,1.727276,-0.237267,0.012525,-1.017502,0.139769,-0.007378,-0.136510
sample,1276,drone,31.876566,12.562086,0.997519,1.789573,1.701779,-0.233764,0.012340,-1.023589,0.140605,-0.007423,-0.136510
sample,1277,drone,31.901547,12.604279,0.991723,1.789879,1.676134,-0.230242,0.012154,-1.029370,0.141399,-0.007464,-0.136510
sample,1278,drone,31.926529,12.645831,0.986015,1.790180,1.650349,-0.226700,0.011967,-1.034839,0.142150,-0.007504,-0.136510
sample,1279,drone,31.951511,12.686736,0.980396,1.790477,1.624430,-0.223139,0.011780,-1.039993,0.142858,-0.007541,-0.136510
sample,1280,drone,31.976492,12.726993,0.974866,1.790769,1.598387,-0.219562,0.011591,-1.044828,0.143522,-0.007577,-0.136510
sample,1281,drone,32.001474,12.766597,0.969426,1.791056,1.572227,-0.215968,0.011401,-1.049338,0.144142,-0.007609,-0.136510
sample,1282,drone,32.026455,12.805546,0.964076,1.791338,1.545959,-0.212360,0.011210,-1.053522,0.144717,-0.007640,-0.136510
sample,1283,drone,32.051437,12.843838,0.958816,1.791616,1.519590,-0.208738,0.011019,-1.057373,0.145246,-0.007668,-0.136510
sample,1284,drone,32.076419,12.881470,0.953646,1.791889,1.493129,-0.205103,0.010827,-1.060889,0.145729,-0.007693,-0.136510
sample,1285,drone,32.101400,12.918440,0.948568,1.792157,1.466584,-0.201457,0.010635,-1.064065,0.146165,-0.007716,-0.136510
sample,1286,drone,32.126382,12.954745,0.943581,1.792420,1.439965,-0.197800,0.010442,-1.066897,0.146554,-0.007737,-0.136510
sample,1287,drone,32.151364,12.990385,0.938685,1.792679,1.413279,-0.194135,0.010248,-1.069381,0.146895,-0.007755,-0.136510
sample,1288,drone,32.176345,13.025357,0.933881,1.792932,1.386535,-0.190461,0.010054,-1.071512,0.147188,-0.007770,-0.136510
sample,1289,drone,32.201327,13.059661,0.929169,1.793181,1.359742,-0.186781,0.009860,-1.073288,0.147432,-0.007783,-0.136510
sample,1290,drone,32.226309,13.093294,0.924549,1.793425,1.332910,-0.183095,0.009666,-1.074703,0.147626,-0.007793,-0.136510
sample,1291,drone,32.251290,13.126257,0.920021,1.793664,1.306047,-0.179405,0.009471,-1.075753,0.147770,-0.007801,-0.136510
sample,1292,drone,32.276272,13.158549,0.915586,1.793898,1.279162,-0.175712,0.009276,-1.076435,0.147864,-0.007806,-0.136510
sample,1293,drone,32.301253,13.190168,0.911242,1.794128,1.252265,-0.172017,0.009081,-1.076745,0.147907,-0.007808,-0.136510
sample,1294,drone,32.326235,13.221116,0.906991,1.794352,1.225364,-0.168322,0.008886,-1.076678,0.147897,-0.007808,-0.136510
sample,1295,drone,32.351217,13.251392,0.902832,1.794571,1.198470,-0.164627,0.008691,-1.076230,0.147836,-0.007804,-0.136510
sample,1296,drone,32.376198,13.280996,0.898766,1.794786,1.171592,-0.160935,0.008496,-1.075397,0.147721,-0.007798,-0.136510
sample,1297,drone,32.401180,13.309928,0.894791,1.794996,1.144740,-0.157247,0.008301,-1.074175,0.147554,-0.007789,-0.136510
sample,1298,drone,32.426162,13.338190,0.890909,1.795201,1.117923,-0.153563,0.008107,-1.072560,0.147332,-0.007778,-0.136510
sample,1299,drone,32.451143,13.365783,0.887119,1.795401,1.091151,-0.149886,0.007912,-1.070548,0.147055,-0.007763,-0.136510
sample,1300,drone,32.476125,13.392708,0.883420,1.795596,1.064435,-0.146216,0.007719,-1.068134,0.146724,-0.007746,-0.136510
sample,1301,drone,32.501107,13.418966,0.879814,1.795787,1.037784,-0.142555,0.007525,-1.065316,0.146337,-0.007725,-0.136510
sample,1302,drone,32.526088,13.444559,0.876298,1.795972,1.011208,-0.138904,0.007333,-1.062088,0.145893,-0.007702,-0.136510
sample,1303,drone,32.551070,13.469489,0.872873,1.796153,0.984718,-0.135266,0.007141,-1.058446,0.145393,-0.007675,-0.136510
sample,1304,drone,32.576051,13.493759,0.869540,1.796329,0.958325,-0.131640,0.006949,-1.054387,0.144835,-0.007646,-0.136510
sample,1305,drone,32.601033,13.517370,0.866296,1.796500,0.932038,-0.128029,0.006759,-1.049906,0.144220,-0.007613,-0.136510
sample,1306,drone,32.626015,13.540326,0.863143,1.796667,0.905868,-0.124434,0.006569,-1.044999,0.143546,-0.007578,-0.136510
sample,1307,drone,32.650996,13.562630,0.860079,1.796828,0.879826,-0.120857,0.006380,-1.039663,0.142813,-0.007539,-0.136510
sample,1308,drone,32.675978,13.584285,0.857104,1.796985,0.853923,-0.117299,0.006192,-1.033892,0.142020,-0.007497,-0.136510
sample,1309,drone,32.700960,13.605295,0.854218,1.797138,0.828170,-0.113761,0.006005,-1.027684,0.141167,-0.007452,-0.136510
sample,1310,drone,32.725941,13.625663,0.851421,1.797286,0.802577,-0.110246,0.005820,-1.021033,0.140254,-0.007404,-0.136510
sample,1311,drone,32.750923,13.645395,0.848710,1.797429,0.777155,-0.106754,0.005636,-1.013936,0.139279,-0.007353,-0.136510
sample,1312,drone,32.775904,13.664493,0.846087,1.797567,0.751917,-0.103287,0.005453,-1.006389,0.138242,-0.007298,-0.136510
sample,1313,drone,32.800886,13.682963,0.843550,1.797701,0.726873,-0.099847,0.005271,-0.998387,0.137143,-0.007240,-0.136510
sample,1314,drone,32.825868,13.700810,0.841098,1.797830,0.702034,-0.096435,0.005091,-0.989927,0.135981,-0.007178,-0.136510
sample,1315,drone,32.850849,13.718039,0.838732,1.797955,0.677413,-0.093053,0.004912,-0.981004,0.134755,-0.007114,-0.136510
sample,1316,drone,32.875831,13.734655,0.836449,1.798076,0.653020,-0.089702,0.004735,-0.971615,0.133466,-0.007046,-0.136510
sample,1317,drone,32.900813,13.750666,0.834250,1.798192,0.628868,-0.086384,0.004560,-0.961755,0.132111,-0.006974,-0.136510
sample,1318,drone,32.925794,13.766076,0.832133,1.798304,0.604968,-0.083101,0.004387,-0.951420,0.130691,-0.006899,-0.136510
sample,1319,drone,32.950776,13.780892,0.830098,1.798411,0.581332,-0.079854,0.004216,-0.940606,0.129206,-0.006821,-0.136510
sample,1320,drone,32.975758,13.795121,0.828143,1.798514,0.557972,-0.076646,0.004046,-0.929309,0.127654,-0.006739,-0.136510
sample,1321,drone,33.000739,13.808770,0.826268,1.798613,0.534901,-0.073476,0.003879,-0.917525,0.126036,-0.006653,-0.136510
sample,1322,drone,33.025721,13.821846,0.824472,1.798708,0.512130,-0.070348,0.003714,-0.905250,0.124349,-0.006564,-0.136510
sample,1323,drone,33.050702,13.834358,0.822753,1.798799,0.489671,-0.067264,0.003551,-0.892479,0.122595,-0.006472,-0.136510
sample,1324,drone,33.075684,13.846312,0.821111,1.798886,0.467538,-0.064223,0.003390,-0.879210,0.120772,-0.006376,-0.136510
sample,1325,drone,33.100666,13.857717,0.819545,1.798968,0.445743,-0.061229,0.003232,-0.865436,0.118880,-0.006276,-0.136510
sample,1326,drone,33.125647,13.868583,0.818052,1.799047,0.424298,-0.058284,0.003077,-0.851155,0.116919,-0.006172,-0.136510
sample,1327,drone,33.150629,13.878917,0.816633,1.799122,0.403217,-0.055388,0.002924,-0.836363,0.114887,-0.006065,-0.136510
sample,1328,drone,33.175611,13.888729,0.815285,1.799193,0.382511,-0.052543,0.002774,-0.821054,0.112784,-0.005954,-0.136510
sample,1329,drone,33.200592,13.898028,0.814007,1.799261,0.362194,-0.049753,0.002626,-0.805226,0.110610,-0.005839,-0.136510
sample,1330,drone,33.225574,13.906825,0.812799,1.799324,0.342279,-0.047017,0.002482,-0.788874,0.108363,-0.005721,-0.136510
sample,1331,drone,33.250556,13.915130,0.811658,1.799385,0.322779,-0.044338,0.002341,-0.771994,0.106045,-0.005598,-0.136510
sample,1332,drone,33.275537,13.922952,0.810584,1.799441,0.303708,-0.041719,0.002202,-0.754582,0.103653,-0.005472,-0.136510
sample,1333,drone,33.300519,13.930304,0.809574,1.799495,0.285078,-0.039160,0.002067,-0.736633,0.101187,-0.005342,-0.136510
sample,1334,drone,33.325500,13.937196,0.808627,1.799545,0.266903,-0.036663,0.001935,-0.718144,0.098648,-0.005208,-0.136510
sample,1335,drone,33.350482,13.943639,0.807742,1.799591,0.249197,-0.034231,0.001807,-0.699111,0.096033,-0.005070,-0.136510
sample,1336,drone,33.375464,13.949646,0.806917,1.799635,0.231973,-0.031865,0.001682,-0.679530,0.093343,-0.004928,-0.136510
sample,1337,drone,33.400445,13.955229,0.806150,1.799675,0.215246,-0.029567,0.001561,-0.659396,0.090578,-0.004782,-0.136510
sample,1338,drone,33.425427,13.960401,0.805440,1.799713,0.199028,-0.027339,0.001443,-0.638705,0.087736,-0.004632,-0.136510
sample,1339,drone,33.450409,13.965173,0.804784,1.799747,0.183334,-0.025184,0.001329,-0.617454,0.084816,-0.004477,-0.136510
sample,1340,drone,33.475390,13.969561,0.804181,1.799779,0.168178,-0.023102,0.001220,-0.595637,0.081820,-0.004319,-0.136510
sample,1341,drone,33.500372,13.973576,0.803630,1.799808,0.153574,-0.021096,0.001114,-0.573252,0.078745,-0.004157,-0.136510
sample,1342,drone,33.525354,13.977234,0.803127,1.799835,0.139536,-0.019167,0.001012,-0.550294,0.075591,-0.003990,-0.136510
sample,1343,drone,33.550335,13.980548,0.802672,1.799859,0.126079,-0.017319,0.000914,-0.526759,0.072358,-0.003820,-0.136510
sample,1344,drone,33.575317,13.983533,0.802262,1.799881,0.113218,-0.015552,0.000821,-0.502643,0.069045,-0.003645,-0.136510
sample,1345,drone,33.600298,13.986205,0.801895,1.799900,0.100966,-0.013869,0.000732,-0.477941,0.065652,-0.003466,-0.136510
sample,1346,drone,33.625280,13.988578,0.801569,1.799917,0.089338,-0.012272,0.000648,-0.452650,0.062178,-0.003282,-0.136510
sample,1347,drone,33.650262,13.990668,0.801282,1.799932,0.078350,-0.010762,0.000568,-0.426765,0.058622,-0.003095,-0.136510
sample,1348,drone,33.675243,13.992492,0.801031,1.799946,0.068016,-0.009343,0.000493,-0.400283,0.054985,-0.002903,-0.136510
sample,1349,drone,33.700225,13.994066,0.800815,1.799957,0.058350,-0.008015,0.000423,-0.373200,0.051264,-0.002706,-0.136510
sample,1350,drone,33.725207,13.995408,0.800631,1.799967,0.049369,-0.006782,0.000358,-0.345510,0.047461,-0.002505,-0.136510
sample,1351,drone,33.750188,13.996533,0.800476,1.799975,0.041088,-0.005644,0.000298,-0.317211,0.043574,-0.002300,-0.136510
sample,1352,drone,33.775170,13.997461,0.800349,1.799982,0.033520,-0.004605,0.000243,-0.288298,0.039602,-0.002091,-0.136510
sample,1353,drone,33.800152,13.998208,0.800246,1.799987,0.026683,-0.003665,0.000193,-0.258767,0.035545,-0.001876,-0.136510
sample,1354,drone,33.825133,13.998794,0.800166,1.799991,0.020591,-0.002829,0.000149,-0.228614,0.031404,-0.001658,-0.136510
sample,1355,drone,33.850115,13.999237,0.800105,1.799994,0.015261,-0.002096,0.000111,-0.197835,0.027176,-0.001435,-0.136510
sample,1356,drone,33.875096,13.999556,0.800061,1.799997,0.010707,-0.001471,0.000078,-0.166426,0.022861,-0.001207,-0.136510
sample,1357,drone,33.900078,13.999772,0.800031,1.799998,0.006946,-0.000954,0.000050,-0.134382,0.018459,-0.000974,-0.136510
sample,1358,drone,33.925060,13.999903,0.800013,1.799999,0.003993,-0.000548,0.000029,-0.101700,0.013970,-0.000737,-0.136510
sample,1359,drone,33.950041,13.999971,0.800004,1.800000,0.001864,-0.000256,0.000014,-0.068375,0.009392,-0.000496,-0.136510
sample,1360,drone,33.975023,13.999996,0.800000,1.800000,0.000577,-0.000079,0.000004,-0.034417,0.004728,-0.000250,-0.136510
sample,1361,drone,34.000005,14.000000,0.800000,1.800000,0.000145,-0.000020,0.000001,-0.017283,0.002374,-0.000125,-0.136509
