section,index,name,t,x,y,z,vx,vy,vz,ax,ay,az,yaw
crossing,1,G6,6.185353,12.195956,-0.597374,2.903992,,,,,,
crossing,2,G1,11.075950,2.349821,-1.792255,2.100589,,,,,,
crossing,3,G4,14.074252,7.804558,0.358413,1.379670,,,,,,
crossing,4,G2,16.154632,4.199542,1.200445,2.809561,,,,,,
crossing,5,G5,18.802175,9.690203,1.657208,2.800811,,,,,,
crossing,6,G3,20.789153,6.501691,3.347286,1.167282,,,,,,
sample,0,drone,0.000000,0.000000,-1.000000,1.200000,0.000320,0.000011,0.000045,0.038087,0.001257,0.005321,0.033001
sample,1,drone,0.024986,0.000008,-1.000000,1.200001,0.001271,0.000042,0.000178,0.075750,0.002501,0.010584,0.033001
sample,2,drone,0.049972,0.000064,-0.999998,1.200009,0.004105,0.000136,0.000574,0.150188,0.004958,0.020984,0.033001
sample,3,drone,0.074959,0.000213,-0.999993,1.200030,0.008777,0.000290,0.001226,0.222823,0.007356,0.031132,0.033001
sample,4,drone,0.099945,0.000502,-0.999983,1.200070,0.015240,0.000503,0.002129,0.293630,0.009694,0.041025,0.033001
sample,5,drone,0.124931,0.000975,-0.999968,1.200136,0.023450,0.000774,0.003276,0.362625,0.011971,0.050665,0.033001
sample,6,drone,0.149917,0.001674,-0.999945,1.200234,0.033361,0.001101,0.004661,0.429824,0.014190,0.060054,0.033001
sample,7,drone,0.174904,0.002642,-0.999913,1.200369,0.044929,0.001483,0.006277,0.495240,0.016349,0.069194,0.033001
sample,8,drone,0.199890,0.003919,-0.999871,1.200548,0.058110,0.001918,0.008119,0.558890,0.018451,0.078087,0.033001
sample,9,drone,0.224876,0.005546,-0.999817,1.200775,0.072859,0.002405,0.010180,0.620788,0.020494,0.086735,0.033001
sample,10,drone,0.249862,0.007560,-0.999750,1.201056,0.089132,0.002943,0.012453,0.680949,0.022480,0.095141,0.033001
sample,11,drone,0.274849,0.010000,-0.999670,1.201397,0.106887,0.003529,0.014934,0.739389,0.024409,0.103306,0.033001
sample,12,drone,0.299835,0.012902,-0.999574,1.201803,0.126081,0.004162,0.017616,0.796123,0.026282,0.111233,0.033001
sample,13,drone,0.324821,0.016301,-0.999462,1.202277,0.146672,0.004842,0.020493,0.851166,0.028100,0.118923,0.033001
sample,14,drone,0.349807,0.020231,-0.999332,1.202827,0.168616,0.005567,0.023559,0.904533,0.029861,0.126379,0.033001
sample,15,drone,0.374794,0.024727,-0.999184,1.203455,0.191873,0.006334,0.026808,0.956239,0.031568,0.133604,0.033001
sample,16,drone,0.399780,0.029819,-0.999016,1.204166,0.216402,0.007144,0.030235,1.006299,0.033221,0.140598,0.033001
sample,17,drone,0.424766,0.035541,-0.998827,1.204966,0.242161,0.007994,0.033834,1.054729,0.034820,0.147364,0.033001
sample,18,drone,0.449752,0.041921,-0.998616,1.205857,0.269109,0.008884,0.037599,1.101543,0.036365,0.153905,0.033001
sample,19,drone,0.474738,0.048989,-0.998383,1.206845,0.297207,0.009812,0.041525,1.146757,0.037858,0.160222,0.033001
sample,20,drone,0.499725,0.056773,-0.998126,1.207932,0.326415,0.010776,0.045606,1.190385,0.039298,0.166318,0.033001
sample,21,drone,0.524711,0.065301,-0.997844,1.209124,0.356694,0.011776,0.049836,1.232444,0.040687,0.172194,0.033001
sample,22,drone,0.549697,0.074598,-0.997537,1.210423,0.388004,0.012809,0.054211,1.272947,0.042024,0.177853,0.033001
sample,23,drone,0.574683,0.084690,-0.997204,1.211833,0.420306,0.013876,0.058724,1.311911,0.043310,0.183297,0.033001
sample,24,drone,0.599670,0.095602,-0.996844,1.213357,0.453563,0.014973,0.063371,1.349350,0.044546,0.188528,0.033001
sample,25,drone,0.624656,0.107356,-0.996456,1.215000,0.487736,0.016102,0.068145,1.385279,0.045732,0.193548,0.033001
sample,26,drone,0.649642,0.119975,-0.996039,1.216763,0.522789,0.017259,0.073043,1.419714,0.046869,0.198359,0.033001
sample,27,drone,0.674628,0.133481,-0.995593,1.218650,0.558683,0.018444,0.078058,1.452670,0.047957,0.202964,0.033001
sample,28,drone,0.699615,0.147894,-0.995118,1.220663,0.595382,0.019655,0.083186,1.484162,0.048997,0.207364,0.033001
sample,29,drone,0.724601,0.163234,-0.994611,1.222807,0.632850,0.020892,0.088420,1.514204,0.049988,0.211561,0.033001
sample,30,drone,0.749587,0.179519,-0.994074,1.225082,0.671051,0.022153,0.093758,1.542813,0.050933,0.215558,0.033001
sample,31,drone,0.774573,0.196768,-0.993504,1.227492,0.709949,0.023438,0.099192,1.570003,0.051831,0.219357,0.033001
sample,32,drone,0.799559,0.214997,-0.992902,1.230039,0.749508,0.024744,0.104720,1.595789,0.052682,0.222960,0.033001
sample,33,drone,0.824546,0.234222,-0.992268,1.232725,0.789694,0.026070,0.110334,1.620187,0.053487,0.226369,0.033001
sample,34,drone,0.849532,0.254460,-0.991600,1.235553,0.830473,0.027416,0.116032,1.643211,0.054247,0.229586,0.033001
sample,35,drone,0.874518,0.275723,-0.990898,1.238523,0.871809,0.028781,0.121807,1.664877,0.054963,0.232613,0.033001
sample,36,drone,0.899504,0.298026,-0.990161,1.241640,0.913671,0.030163,0.127656,1.685200,0.055634,0.235452,0.033001
sample,37,drone,0.924491,0.321382,-0.989390,1.244903,0.956023,0.031561,0.133573,1.704194,0.056261,0.238106,0.033001
sample,38,drone,0.949477,0.345801,-0.988584,1.248315,0.998833,0.032975,0.139555,1.721876,0.056844,0.240577,0.033001
sample,39,drone,0.974463,0.371296,-0.987742,1.251877,1.042069,0.034402,0.145596,1.738261,0.057385,0.242866,0.033001
sample,40,drone,0.999449,0.397876,-0.986865,1.255590,1.085699,0.035842,0.151691,1.753362,0.057884,0.244976,0.033001
sample,41,drone,1.024436,0.425551,-0.985951,1.259457,1.129689,0.037294,0.157838,1.767196,0.058341,0.246909,0.033001
sample,42,drone,1.049422,0.454329,-0.985001,1.263478,1.174010,0.038758,0.164030,1.779778,0.058756,0.248667,0.033001
sample,43,drone,1.074408,0.484219,-0.984014,1.267654,1.218629,0.040231,0.170264,1.791123,0.059130,0.250252,0.033001
sample,44,drone,1.099394,0.515227,-0.982991,1.271986,1.263516,0.041713,0.176536,1.801245,0.059465,0.251666,0.033001
sample,45,drone,1.124381,0.547360,-0.981930,1.276476,1.308642,0.043202,0.182841,1.810160,0.059759,0.252912,0.033001
sample,46,drone,1.149367,0.580623,-0.980832,1.281123,1.353975,0.044699,0.189174,1.817884,0.060014,0.253991,0.033001
sample,47,drone,1.174353,0.615021,-0.979696,1.285929,1.399486,0.046201,0.195533,1.824431,0.060230,0.254905,0.033001
sample,48,drone,1.199339,0.650559,-0.978523,1.290895,1.445146,0.047709,0.201913,1.829816,0.060408,0.255658,0.033001
sample,49,drone,1.224325,0.687239,-0.977312,1.296020,1.490926,0.049220,0.208309,1.834055,0.060548,0.256250,0.033001
sample,50,drone,1.249312,0.725064,-0.976063,1.301304,1.536798,0.050734,0.214718,1.837163,0.060650,0.256684,0.033001
sample,51,drone,1.274298,0.764037,-0.974777,1.306749,1.582734,0.052251,0.221136,1.839154,0.060716,0.256963,0.033001
sample,52,drone,1.299284,0.804157,-0.973452,1.312355,1.628705,0.053769,0.227559,1.840044,0.060745,0.257087,0.033001
sample,53,drone,1.324270,0.845427,-0.972090,1.318121,1.674685,0.055286,0.233983,1.839849,0.060739,0.257060,0.033001
sample,54,drone,1.349257,0.887845,-0.970690,1.324048,1.720647,0.056804,0.240405,1.838582,0.060697,0.256883,0.033001
sample,55,drone,1.374243,0.931412,-0.969251,1.330135,1.766564,0.058320,0.246820,1.836260,0.060621,0.256558,0.033001
sample,56,drone,1.399229,0.976125,-0.967775,1.336382,1.812410,0.059833,0.253226,1.832897,0.060510,0.256088,0.033001
sample,57,drone,1.424215,1.021982,-0.966261,1.342789,1.858158,0.061343,0.259618,1.828509,0.060365,0.255475,0.033001
sample,58,drone,1.449202,1.068982,-0.964710,1.349356,1.903785,0.062850,0.265993,1.823111,0.060186,0.254721,0.033001
sample,59,drone,1.474188,1.117119,-0.963120,1.356081,1.949264,0.064351,0.272347,1.816718,0.059975,0.253828,0.033001
sample,60,drone,1.499174,1.166391,-0.961494,1.362966,1.994571,0.065847,0.278677,1.809344,0.059732,0.252798,0.033001
sample,61,drone,1.524160,1.216793,-0.959830,1.370008,2.039681,0.067336,0.284980,1.801006,0.059457,0.251633,0.033001
sample,62,drone,1.549146,1.268319,-0.958129,1.377207,2.084571,0.068818,0.291252,1.791717,0.059150,0.250335,0.033001
sample,63,drone,1.574133,1.320964,-0.956391,1.384562,2.129218,0.070292,0.297490,1.781495,0.058813,0.248906,0.033001
sample,64,drone,1.599119,1.374721,-0.954616,1.392073,2.173597,0.071757,0.303690,1.770352,0.058445,0.247350,0.033001
sample,65,drone,1.624105,1.429584,-0.952805,1.399738,2.217686,0.073213,0.309850,1.758305,0.058047,0.245667,0.033001
sample,66,drone,1.649091,1.485545,-0.950958,1.407557,2.261464,0.074658,0.315967,1.745370,0.057620,0.243859,0.033001
sample,67,drone,1.674078,1.542595,-0.949074,1.415528,2.304907,0.076092,0.322036,1.731559,0.057164,0.241930,0.033001
sample,68,drone,1.699064,1.600727,-0.947155,1.423650,2.347994,0.077514,0.328057,1.716890,0.056680,0.239880,0.033001
sample,69,drone,1.724050,1.659930,-0.945201,1.431922,2.390704,0.078924,0.334024,1.701377,0.056168,0.237713,0.033001
sample,70,drone,1.749036,1.720196,-0.943211,1.440342,2.433016,0.080321,0.339936,1.685036,0.055628,0.235429,0.033001
sample,71,drone,1.774023,1.781514,-0.941187,1.448909,2.474909,0.081704,0.345789,1.667880,0.055062,0.233033,0.033001
sample,72,drone,1.799009,1.843873,-0.939128,1.457622,2.516364,0.083073,0.351581,1.649927,0.054469,0.230524,0.033001
sample,73,drone,1.823995,1.907263,-0.937035,1.466479,2.557360,0.084426,0.357309,1.631190,0.053851,0.227906,0.033001
sample,74,drone,1.848981,1.971671,-0.934909,1.475477,2.597879,0.085764,0.362970,1.611684,0.053207,0.225181,0.033001
sample,75,drone,1.873968,2.037085,-0.932750,1.484617,2.637900,0.087085,0.368562,1.591426,0.052538,0.222351,0.033001
sample,76,drone,1.898954,2.103493,-0.930557,1.493895,2.677406,0.088389,0.374081,1.570430,0.051845,0.219417,0.033001
sample,77,drone,1.923940,2.170882,-0.928333,1.503311,2.716378,0.089676,0.379526,1.548711,0.051128,0.216382,0.033001
sample,78,drone,1.948926,2.239237,-0.926076,1.512861,2.754799,0.090944,0.384894,1.526284,0.050387,0.213249,0.033001
sample,79,drone,1.973912,2.308546,-0.923788,1.522545,2.792651,0.092194,0.390183,1.503164,0.049624,0.210019,0.033001
sample,80,drone,1.998899,2.378793,-0.921469,1.532360,2.829916,0.093424,0.395390,1.479368,0.048838,0.206694,0.033001
sample,81,drone,2.023885,2.449964,-0.919119,1.542304,2.866578,0.094634,0.400512,1.454908,0.048031,0.203277,0.033001
sample,82,drone,2.048871,2.522043,-0.916740,1.552374,2.902621,0.095824,0.405548,1.429802,0.047202,0.199769,0.033001
sample,83,drone,2.073857,2.595015,-0.914331,1.562570,2.938029,0.096993,0.410495,1.404064,0.046352,0.196173,0.033001
sample,84,drone,2.098844,2.668864,-0.911893,1.572888,2.972786,0.098141,0.415351,1.377709,0.045482,0.192490,0.033001
sample,85,drone,2.123830,2.743572,-0.909426,1.583326,3.006877,0.099266,0.420114,1.350752,0.044592,0.188724,0.033001
sample,86,drone,2.148816,2.819125,-0.906932,1.593882,3.040286,0.100369,0.424782,1.323208,0.043683,0.184876,0.033001
sample,87,drone,2.173802,2.895503,-0.904411,1.604553,3.073001,0.101449,0.429353,1.295093,0.042755,0.180947,0.033001
sample,88,drone,2.198789,2.972690,-0.901862,1.615338,3.105005,0.102506,0.433824,1.266421,0.041808,0.176942,0.033001
sample,89,drone,2.223775,3.050668,-0.899288,1.626233,3.136287,0.103538,0.438195,1.237208,0.040844,0.172860,0.033001
sample,90,drone,2.248761,3.129418,-0.896688,1.637235,3.166832,0.104547,0.442463,1.207469,0.039862,0.168705,0.033001
sample,91,drone,2.273747,3.208922,-0.894064,1.648344,3.196627,0.105530,0.446626,1.177219,0.038864,0.164478,0.033001
sample,92,drone,2.298733,3.289161,-0.891415,1.659554,3.225660,0.106489,0.450682,1.146473,0.037849,0.160183,0.033001
sample,93,drone,2.323720,3.370116,-0.888742,1.670865,3.253919,0.107422,0.454630,1.115247,0.036818,0.155820,0.033001
sample,94,drone,2.348706,3.451768,-0.886047,1.682273,3.281392,0.108329,0.458469,1.083554,0.035771,0.151392,0.033001
sample,95,drone,2.373692,3.534096,-0.883329,1.693776,3.308067,0.109209,0.462196,1.051412,0.034710,0.146901,0.033001
sample,96,drone,2.398678,3.617080,-0.880589,1.705370,3.333933,0.110063,0.465810,1.018833,0.033635,0.142349,0.033001
sample,97,drone,2.423665,3.700700,-0.877829,1.717054,3.358981,0.110890,0.469309,0.985835,0.032545,0.137739,0.033001
sample,98,drone,2.448651,3.784936,-0.875048,1.728823,3.383198,0.111690,0.472693,0.952432,0.031443,0.133072,0.033001
sample,99,drone,2.473637,3.869767,-0.872247,1.740675,3.406576,0.112461,0.475959,0.918638,0.030327,0.128350,0.033001
sample,100,drone,2.498623,3.955171,-0.869428,1.752608,3.429105,0.113205,0.479107,0.884470,0.029199,0.123576,0.033001
sample,101,drone,2.523610,4.041128,-0.866590,1.764617,3.450775,0.113921,0.482135,0.849942,0.028059,0.118752,0.033001
sample,102,drone,2.548596,4.127615,-0.863735,1.776701,3.471578,0.114607,0.485041,0.815070,0.026908,0.113880,0.033001
sample,103,drone,2.573582,4.214611,-0.860863,1.788856,3.491506,0.115265,0.487826,0.779868,0.025746,0.108961,0.033001
sample,104,drone,2.598568,4.302094,-0.857975,1.801079,3.510550,0.115894,0.490486,0.744351,0.024573,0.103999,0.033001
sample,105,drone,2.623555,4.390042,-0.855071,1.813367,3.528703,0.116493,0.493023,0.708536,0.023391,0.098995,0.033001
sample,106,drone,2.648541,4.478432,-0.852153,1.825717,3.545957,0.117063,0.495433,0.672436,0.022199,0.093951,0.033001
sample,107,drone,2.673527,4.567242,-0.849221,1.838125,3.562306,0.117603,0.497718,0.636068,0.020999,0.088870,0.033001
sample,108,drone,2.698513,4.656450,-0.846276,1.850589,3.577743,0.118112,0.499874,0.599445,0.019790,0.083753,0.033001
sample,109,drone,2.723499,4.746031,-0.843319,1.863105,3.592262,0.118592,0.501903,0.562584,0.018573,0.078603,0.033001
sample,110,drone,2.748486,4.835964,-0.840350,1.875670,3.605857,0.119040,0.503802,0.525500,0.017348,0.073422,0.033001
sample,111,drone,2.773472,4.926225,-0.837370,1.888281,3.618523,0.119458,0.505572,0.488207,0.016117,0.068211,0.033001
sample,112,drone,2.798458,5.016790,-0.834380,1.900935,3.630254,0.119846,0.507211,0.450721,0.014880,0.062974,0.033001
sample,113,drone,2.823444,5.107637,-0.831381,1.913628,3.641046,0.120202,0.508719,0.413056,0.013636,0.057711,0.033001
sample,114,drone,2.848431,5.198742,-0.828374,1.926357,3.650895,0.120527,0.510095,0.375229,0.012387,0.052426,0.033001
sample,115,drone,2.873417,5.290082,-0.825358,1.939119,3.659797,0.120821,0.511339,0.337254,0.011134,0.047120,0.033001
sample,116,drone,2.898403,5.381632,-0.822336,1.951910,3.667749,0.121084,0.512450,0.299146,0.009876,0.041796,0.033001
sample,117,drone,2.923389,5.473368,-0.819307,1.964727,3.674747,0.121315,0.513427,0.260920,0.008614,0.036455,0.033001
sample,118,drone,2.948376,5.565268,-0.816274,1.977567,3.680788,0.121514,0.514272,0.222592,0.007348,0.031100,0.033001
sample,119,drone,2.973362,5.657306,-0.813235,1.990426,3.685870,0.121682,0.514982,0.184176,0.006080,0.025733,0.033001
sample,120,drone,2.998348,5.749460,-0.810193,2.003302,3.689991,0.121818,0.515557,0.145688,0.004810,0.020355,0.033001
sample,121,drone,3.023334,5.841704,-0.807148,2.016190,3.693150,0.121922,0.515999,0.107143,0.003537,0.014970,0.033001
sample,122,drone,3.048320,5.934015,-0.804100,2.029088,3.695346,0.121995,0.516306,0.068557,0.002263,0.009579,0.033001
sample,123,drone,3.073307,6.026370,-0.801051,2.041991,3.696576,0.122035,0.516477,0.029943,0.000989,0.004184,0.033001
sample,124,drone,3.098293,6.118743,-0.798002,2.054897,3.696842,0.122044,0.516515,-0.008683,-0.000287,-0.001213,0.033001
sample,125,drone,3.123279,6.211110,-0.794952,2.067803,3.696142,0.122021,0.516417,-0.047305,-0.001562,-0.006609,0.033001
sample,126,drone,3.148265,6.303448,-0.791904,2.080704,3.694478,0.121966,0.516184,-0.085908,-0.002836,-0.012003,0.033001
sample,127,drone,3.173252,6.395732,-0.788857,2.093598,3.691849,0.121879,0.515817,-0.124478,-0.004109,-0.017392,0.033001
sample,128,drone,3.198238,6.487939,-0.785813,2.106480,3.688258,0.121761,0.515315,-0.162999,-0.005381,-0.022774,0.033001
sample,129,drone,3.223224,6.580043,-0.782773,2.119349,3.683704,0.121610,0.514679,-0.201457,-0.006651,-0.028147,0.033001
sample,130,drone,3.248210,6.672022,-0.779736,2.132200,3.678190,0.121428,0.513909,-0.239835,-0.007918,-0.033509,0.033001
sample,131,drone,3.273197,6.763852,-0.776705,2.145030,3.671719,0.121215,0.513004,-0.278119,-0.009182,-0.038858,0.033001
sample,132,drone,3.298183,6.855507,-0.773679,2.157836,3.664292,0.120969,0.511967,-0.316294,-0.010442,-0.044192,0.033001
sample,133,drone,3.323169,6.946965,-0.770660,2.170615,3.655913,0.120693,0.510796,-0.354344,-0.011698,-0.049508,0.033001
sample,134,drone,3.348155,7.038202,-0.767648,2.183362,3.646585,0.120385,0.509493,-0.392254,-0.012950,-0.054805,0.033001
sample,135,drone,3.373142,7.129194,-0.764644,2.196075,3.636311,0.120046,0.508057,-0.430010,-0.014196,-0.060080,0.033001
sample,136,drone,3.398128,7.219918,-0.761649,2.208751,3.625096,0.119675,0.506490,-0.467597,-0.015437,-0.065332,0.033001
sample,137,drone,3.423114,7.310349,-0.758663,2.221386,3.612944,0.119274,0.504793,-0.504998,-0.016672,-0.070557,0.033001
sample,138,drone,3.448100,7.400465,-0.755688,2.233977,3.599860,0.118842,0.502964,-0.542199,-0.017900,-0.075755,0.033001
sample,139,drone,3.473086,7.490243,-0.752724,2.246520,3.585849,0.118380,0.501007,-0.579185,-0.019121,-0.080922,0.033001
sample,140,drone,3.498073,7.579659,-0.749772,2.259013,3.570917,0.117887,0.498921,-0.615940,-0.020334,-0.086058,0.033001
sample,141,drone,3.523059,7.668691,-0.746833,2.271453,3.555069,0.117364,0.496706,-0.652450,-0.021539,-0.091159,0.033001
sample,142,drone,3.548045,7.757315,-0.743907,2.283835,3.538312,0.116810,0.494365,-0.688700,-0.022736,-0.096224,0.033001
sample,143,drone,3.573031,7.845509,-0.740996,2.296157,3.520653,0.116227,0.491898,-0.724674,-0.023924,-0.101250,0.033001
sample,144,drone,3.598018,7.933250,-0.738099,2.308416,3.502098,0.115615,0.489305,-0.760356,-0.025102,-0.106235,0.033001
sample,145,drone,3.623004,8.020517,-0.735218,2.320609,3.482656,0.114973,0.486589,-0.795733,-0.026270,-0.111178,0.033001
sample,146,drone,3.647990,8.107287,-0.732354,2.332732,3.462334,0.114302,0.483750,-0.830789,-0.027427,-0.116076,0.033001
sample,147,drone,3.672976,8.193539,-0.729506,2.344783,3.441139,0.113602,0.480788,-0.865508,-0.028573,-0.120927,0.033001
sample,148,drone,3.697963,8.279250,-0.726677,2.356758,3.419082,0.112874,0.477707,-0.899877,-0.029708,-0.125729,0.033001
sample,149,drone,3.722949,8.364399,-0.723866,2.368655,3.396170,0.112118,0.474505,-0.933878,-0.030830,-0.130479,0.033001
sample,150,drone,3.747935,8.448965,-0.721074,2.380471,3.372414,0.111334,0.471186,-0.967498,-0.031940,-0.135177,0.033001
sample,151,drone,3.772921,8.532926,-0.718302,2.392202,3.347822,0.110522,0.467750,-1.000721,-0.033037,-0.139819,0.033001
sample,152,drone,3.797907,8.616263,-0.715551,2.403845,3.322405,0.109683,0.464199,-1.033533,-0.034120,-0.144403,0.033001
sample,153,drone,3.822894,8.698955,-0.712821,2.415399,3.296174,0.108817,0.460534,-1.065917,-0.035189,-0.148928,0.033001
sample,154,drone,3.847880,8.780981,-0.710113,2.426859,3.269139,0.107924,0.456757,-1.097859,-0.036244,-0.153390,0.033001
sample,155,drone,3.872866,8.862322,-0.707428,2.438224,3.241311,0.107006,0.452869,-1.129344,-0.037283,-0.157789,0.033001
sample,156,drone,3.897852,8.942958,-0.704766,2.449490,3.212703,0.106061,0.448872,-1.160356,-0.038307,-0.162122,0.033001
sample,157,drone,3.922839,9.022869,-0.702128,2.460655,3.183325,0.105091,0.444767,-1.190881,-0.039315,-0.166387,0.033001
sample,158,drone,3.947825,9.102036,-0.699514,2.471716,3.153191,0.104096,0.440557,-1.220903,-0.040306,-0.170582,0.033001
sample,159,drone,3.972811,9.180442,-0.696926,2.482671,3.122314,0.103077,0.436243,-1.250408,-0.041280,-0.174704,0.033001
sample,160,drone,3.997797,9.258066,-0.694363,2.493517,3.090705,0.102034,0.431827,-1.279379,-0.042236,-0.178752,0.033001
sample,161,drone,4.022784,9.334892,-0.691827,2.504250,3.058380,0.100966,0.427310,-1.307802,-0.043175,-0.182723,0.033001
sample,162,drone,4.047770,9.410901,-0.689318,2.514870,3.025351,0.099876,0.422695,-1.335662,-0.044094,-0.186616,0.033001
sample,163,drone,4.072756,9.486076,-0.686836,2.525374,2.991634,0.098763,0.417984,-1.362944,-0.044995,-0.190428,0.033001
sample,164,drone,4.097742,9.560400,-0.684382,2.535758,2.957242,0.097628,0.413179,-1.389633,-0.045876,-0.194156,0.033001
sample,165,drone,4.122729,9.633857,-0.681957,2.546021,2.922190,0.096470,0.408282,-1.415712,-0.046737,-0.197800,0.033001
sample,166,drone,4.147715,9.706429,-0.679561,2.556161,2.886495,0.095292,0.403295,-1.441168,-0.047577,-0.201357,0.033001
sample,167,drone,4.172701,9.778102,-0.677195,2.566175,2.850172,0.094093,0.398220,-1.465986,-0.048397,-0.204824,0.033001
sample,168,drone,4.197687,9.848859,-0.674859,2.576061,2.813236,0.092873,0.393059,-1.490149,-0.049194,-0.208200,0.033001
sample,169,drone,4.222673,9.918686,-0.672554,2.585817,2.775705,0.091634,0.387815,-1.513643,-0.049970,-0.211483,0.033001
sample,170,drone,4.247660,9.987568,-0.670280,2.595441,2.737596,0.090376,0.382491,-1.536453,-0.050723,-0.214670,0.033001
sample,171,drone,4.272646,10.055491,-0.668038,2.604931,2.698925,0.089100,0.377088,-1.558563,-0.051453,-0.217759,0.033001
sample,172,drone,4.297632,10.122440,-0.665827,2.614285,2.659710,0.087805,0.371609,-1.579959,-0.052159,-0.220748,0.033001
sample,173,drone,4.322618,10.188403,-0.663650,2.623501,2.619970,0.086493,0.366056,-1.600626,-0.052842,-0.223636,0.033001
sample,174,drone,4.347605,10.253366,-0.661505,2.632578,2.579723,0.085165,0.360433,-1.620548,-0.053499,-0.226419,0.033001
sample,175,drone,4.372591,10.317318,-0.659394,2.641513,2.538988,0.083820,0.354742,-1.639709,-0.054132,-0.229097,0.033001
sample,176,drone,4.397577,10.380246,-0.657316,2.650305,2.497783,0.082459,0.348985,-1.658096,-0.054739,-0.231666,0.033001
sample,177,drone,4.422563,10.442138,-0.655273,2.658953,2.456128,0.081084,0.343165,-1.675693,-0.055320,-0.234124,0.033001
sample,178,drone,4.447550,10.502985,-0.653264,2.667454,2.414044,0.079695,0.337285,-1.692484,-0.055874,-0.236470,0.033001
sample,179,drone,4.472536,10.562774,-0.651291,2.675808,2.371551,0.078292,0.331348,-1.708455,-0.056401,-0.238702,0.033001
sample,180,drone,4.497522,10.621497,-0.649352,2.684012,2.328669,0.076876,0.325356,-1.723590,-0.056901,-0.240816,0.033001
sample,181,drone,4.522508,10.679144,-0.647449,2.692066,2.285419,0.075449,0.319314,-1.737875,-0.057373,-0.242812,0.033001
sample,182,drone,4.547494,10.735705,-0.645582,2.699969,2.241823,0.074009,0.313223,-1.751294,-0.057816,-0.244687,0.033001
sample,183,drone,4.572481,10.791173,-0.643751,2.707719,2.197902,0.072559,0.307086,-1.763832,-0.058229,-0.246439,0.033001
sample,184,drone,4.597467,10.845540,-0.641956,2.715315,2.153680,0.071100,0.300907,-1.775474,-0.058614,-0.248065,0.033001
sample,185,drone,4.622453,10.898798,-0.640197,2.722756,2.109177,0.069630,0.294690,-1.786205,-0.058968,-0.249565,0.033001
sample,186,drone,4.647439,10.950940,-0.638476,2.730041,2.064419,0.068153,0.288436,-1.796010,-0.059292,-0.250935,0.033001
sample,187,drone,4.672426,11.001962,-0.636792,2.737170,2.019426,0.066667,0.282150,-1.804873,-0.059584,-0.252173,0.033001
sample,188,drone,4.697412,11.051856,-0.635145,2.744141,1.974225,0.065175,0.275834,-1.812779,-0.059845,-0.253278,0.033001
sample,189,drone,4.722398,11.100619,-0.633535,2.750954,1.928837,0.063677,0.269493,-1.819714,-0.060074,-0.254246,0.033001
sample,190,drone,4.747384,11.148245,-0.631962,2.757608,1.883289,0.062173,0.263129,-1.825662,-0.060271,-0.255077,0.033001
sample,191,drone,4.772371,11.194731,-0.630428,2.764103,1.837604,0.060665,0.256746,-1.830608,-0.060434,-0.255769,0.033001
sample,192,drone,4.797357,11.240074,-0.628931,2.770438,1.791809,0.059153,0.250348,-1.834537,-0.060564,-0.256317,0.033001
sample,193,drone,4.822343,11.284272,-0.627472,2.776614,1.745928,0.057638,0.243937,-1.837434,-0.060659,-0.256722,0.033001
sample,194,drone,4.847329,11.327323,-0.626051,2.782629,1.699988,0.056122,0.237519,-1.839283,-0.060720,-0.256981,0.033001
sample,195,drone,4.872316,11.369225,-0.624667,2.788483,1.654015,0.054604,0.231095,-1.840070,-0.060746,-0.257091,0.033001
sample,196,drone,4.897302,11.409978,-0.623322,2.794177,1.608035,0.053086,0.224671,-1.839779,-0.060737,-0.257050,0.033001
sample,197,drone,4.922288,11.449582,-0.622014,2.799710,1.562076,0.051569,0.218250,-1.838396,-0.060691,-0.256857,0.033001
sample,198,drone,4.947274,11.488039,-0.620745,2.805083,1.516166,0.050053,0.211835,-1.835905,-0.060609,-0.256509,0.033001
sample,199,drone,4.972260,11.525349,-0.619513,2.810296,1.470332,0.048540,0.205431,-1.832290,-0.060489,-0.256004,0.033001
sample,200,drone,4.997247,11.561515,-0.618319,2.815349,1.424602,0.047030,0.199042,-1.827538,-0.060333,-0.255340,0.033001
sample,201,drone,5.022233,11.596540,-0.617163,2.820243,1.379005,0.045525,0.192672,-1.821632,-0.060138,-0.254514,0.033001
sample,202,drone,5.047219,11.630427,-0.616044,2.824978,1.333570,0.044025,0.186324,-1.814558,-0.059904,-0.253526,0.033001
sample,203,drone,5.072205,11.663182,-0.614963,2.829554,1.288327,0.042532,0.180002,-1.806301,-0.059631,-0.252372,0.033001
sample,204,drone,5.097192,11.694808,-0.613919,2.833973,1.243305,0.041045,0.173712,-1.796844,-0.059319,-0.251051,0.033001
sample,205,drone,5.122178,11.725313,-0.612912,2.838235,1.198534,0.039567,0.167457,-1.786174,-0.058967,-0.249560,0.033001
sample,206,drone,5.147164,11.754702,-0.611941,2.842341,1.154045,0.038099,0.161241,-1.774276,-0.058574,-0.247898,0.033001
sample,207,drone,5.172150,11.782983,-0.611008,2.846292,1.109869,0.036640,0.155069,-1.761133,-0.058140,-0.246062,0.033001
sample,208,drone,5.197137,11.810165,-0.610110,2.850090,1.066037,0.035193,0.148944,-1.746731,-0.057665,-0.244049,0.033001
sample,209,drone,5.222123,11.836256,-0.609249,2.853736,1.022581,0.033759,0.142873,-1.731054,-0.057147,-0.241859,0.033001
sample,210,drone,5.247109,11.861266,-0.608423,2.857230,0.979532,0.032337,0.136858,-1.714089,-0.056587,-0.239489,0.033001
sample,211,drone,5.272095,11.885205,-0.607633,2.860575,0.936924,0.030931,0.130905,-1.695818,-0.055984,-0.236936,0.033001
sample,212,drone,5.297081,11.908086,-0.606878,2.863771,0.894788,0.029540,0.125018,-1.676228,-0.055337,-0.234199,0.033001
sample,213,drone,5.322068,11.929920,-0.606157,2.866822,0.853158,0.028165,0.119201,-1.655303,-0.054647,-0.231275,0.033001
sample,214,drone,5.347054,11.950720,-0.605470,2.869728,0.812068,0.026809,0.113460,-1.633029,-0.053911,-0.228163,0.033001
sample,215,drone,5.372040,11.970501,-0.604817,2.872492,0.771552,0.025471,0.107800,-1.609389,-0.053131,-0.224860,0.033001
sample,216,drone,5.397026,11.989277,-0.604197,2.875115,0.731643,0.024154,0.102224,-1.584369,-0.052305,-0.221365,0.033001
sample,217,drone,5.422013,12.007063,-0.603610,2.877600,0.692377,0.022857,0.096737,-1.557953,-0.051433,-0.217674,0.033001
sample,218,drone,5.446999,12.023877,-0.603055,2.879950,0.653789,0.021584,0.091346,-1.530128,-0.050514,-0.213786,0.033001
sample,219,drone,5.471985,12.039735,-0.602532,2.882165,0.615913,0.020333,0.086054,-1.500876,-0.049548,-0.209699,0.033001
sample,220,drone,5.496971,12.054655,-0.602039,2.884250,0.578786,0.019107,0.080867,-1.470184,-0.048535,-0.205411,0.033001
sample,221,drone,5.521958,12.068658,-0.601577,2.886206,0.542444,0.017908,0.075789,-1.438036,-0.047474,-0.200919,0.033001
sample,222,drone,5.546944,12.081763,-0.601144,2.888037,0.506924,0.016735,0.070826,-1.404417,-0.046364,-0.196222,0.033001
sample,223,drone,5.571930,12.093990,-0.600741,2.889746,0.472262,0.015591,0.065983,-1.369312,-0.045205,-0.191317,0.033001
sample,224,drone,5.596916,12.105363,-0.600365,2.891335,0.438496,0.014476,0.061266,-1.332706,-0.043997,-0.186203,0.033001
sample,225,drone,5.621903,12.115903,-0.600017,2.892807,0.405663,0.013392,0.056678,-1.294583,-0.042738,-0.180876,0.033001
sample,226,drone,5.646889,12.125635,-0.599696,2.894167,0.373802,0.012340,0.052227,-1.254929,-0.041429,-0.175336,0.033001
sample,227,drone,5.671875,12.134583,-0.599400,2.895417,0.342951,0.011322,0.047916,-1.213729,-0.040069,-0.169579,0.033001
sample,228,drone,5.696861,12.142773,-0.599130,2.896561,0.313149,0.010338,0.043753,-1.170966,-0.038657,-0.163605,0.033001
sample,229,drone,5.721847,12.150232,-0.598884,2.897604,0.284435,0.009390,0.039741,-1.126627,-0.037193,-0.157410,0.033001
sample,230,drone,5.746834,12.156987,-0.598661,2.898547,0.256849,0.008479,0.035886,-1.080695,-0.035677,-0.150992,0.033001
sample,231,drone,5.771820,12.163067,-0.598460,2.899397,0.230430,0.007607,0.032195,-1.033157,-0.034108,-0.144350,0.033001
sample,232,drone,5.796806,12.168502,-0.598281,2.900156,0.205220,0.006775,0.028673,-0.983996,-0.032485,-0.137482,0.033001
sample,233,drone,5.821792,12.173322,-0.598122,2.900830,0.181258,0.005984,0.025325,-0.933198,-0.030808,-0.130384,0.033001
sample,234,drone,5.846779,12.177560,-0.597982,2.901422,0.158586,0.005235,0.022157,-0.880747,-0.029076,-0.123056,0.033001
sample,235,drone,5.871765,12.181247,-0.597860,2.901937,0.137245,0.004531,0.019176,-0.826629,-0.027290,-0.115495,0.033001
sample,236,drone,5.896751,12.184418,-0.597755,2.902380,0.117277,0.003872,0.016386,-0.770827,-0.025447,-0.107698,0.033001
sample,237,drone,5.921737,12.187108,-0.597666,2.902756,0.098724,0.003259,0.013794,-0.713328,-0.023549,-0.099665,0.033001
sample,238,drone,5.946724,12.189352,-0.597592,2.903069,0.081630,0.002695,0.011405,-0.654116,-0.021594,-0.091392,0.033001
sample,239,drone,5.971710,12.191187,-0.597532,2.903326,0.066037,0.002180,0.009226,-0.593176,-0.019583,-0.082877,0.033001
sample,240,drone,5.996696,12.192652,-0.597483,2.903530,0.051988,0.001716,0.007264,-0.530492,-0.017513,-0.074119,0.033001
sample,241,drone,6.021682,12.193785,-0.597446,2.903689,0.039527,0.001305,0.005523,-0.466050,-0.015386,-0.065115,0.033001
sample,242,drone,6.046668,12.194627,-0.597418,2.903806,0.028698,0.000947,0.004010,-0.399834,-0.013200,-0.055864,0.033001
sample,243,drone,6.071655,12.195219,-0.597399,2.903889,0.019546,0.000645,0.002731,-0.331830,-0.010955,-0.046363,0.033001
sample,244,drone,6.096641,12.195604,-0.597386,2.903943,0.012116,0.000400,0.001693,-0.262022,-0.008650,-0.036609,0.033001
sample,245,drone,6.121627,12.195825,-0.597379,2.903974,0.006452,0.000213,0.000901,-0.190395,-0.006286,-0.026602,0.033001
sample,246,drone,6.146613,12.195926,-0.597375,2.903988,0.002601,0.000086,0.000363,-0.117703,-0.003928,-0.016418,0.033001
sample,247,drone,6.171600,12.195955,-0.597374,2.903992,0.000570,0.000017,0.000081,-0.067353,-0.003623,-0.008490,0.029318
sample,248,drone,6.196586,12.195955,-0.597374,2.903992,-0.000765,-0.000095,-0.000061,-0.086774,-0.009481,-0.007771,-3.017785
sample,249,drone,6.221572,12.195916,-0.597379,2.903989,-0.003766,-0.000457,-0.000307,-0.179026,-0.021678,-0.014639,-3.020828
sample,250,drone,6.246558,12.195766,-0.597397,2.903977,-0.009711,-0.001178,-0.000792,-0.296351,-0.035964,-0.024181,-3.020828
sample,251,drone,6.271545,12.195431,-0.597438,2.903949,-0.018576,-0.002254,-0.001516,-0.411320,-0.049916,-0.033562,-3.020828
sample,252,drone,6.296531,12.194838,-0.597510,2.903901,-0.030266,-0.003673,-0.002470,-0.522557,-0.063415,-0.042638,-3.020828
sample,253,drone,6.321517,12.193919,-0.597622,2.903826,-0.044689,-0.005423,-0.003646,-0.630101,-0.076466,-0.051414,-3.020828
sample,254,drone,6.346503,12.192605,-0.597781,2.903719,-0.061753,-0.007494,-0.005039,-0.733993,-0.089074,-0.059891,-3.020828
sample,255,drone,6.371490,12.190833,-0.597996,2.903574,-0.081368,-0.009874,-0.006639,-0.834271,-0.101243,-0.068073,-3.020828
sample,256,drone,6.396476,12.188539,-0.598274,2.903387,-0.103444,-0.012553,-0.008441,-0.930975,-0.112979,-0.075964,-3.020828
sample,257,drone,6.421462,12.185663,-0.598623,2.903152,-0.127892,-0.015520,-0.010435,-1.024145,-0.124286,-0.083566,-3.020828
sample,258,drone,6.446448,12.182148,-0.599050,2.902865,-0.154623,-0.018764,-0.012617,-1.113820,-0.135168,-0.090883,-3.020828
sample,259,drone,6.471434,12.177936,-0.599561,2.902522,-0.183552,-0.022275,-0.014977,-1.200040,-0.145631,-0.097918,-3.020828
sample,260,drone,6.496421,12.172975,-0.600163,2.902117,-0.214592,-0.026042,-0.017510,-1.282845,-0.155680,-0.104675,-3.020828
sample,261,drone,6.521407,12.167213,-0.600862,2.901647,-0.247659,-0.030055,-0.020208,-1.362273,-0.165319,-0.111156,-3.020828
sample,262,drone,6.546393,12.160599,-0.601665,2.901107,-0.282668,-0.034303,-0.023065,-1.438364,-0.174553,-0.117364,-3.020828
sample,263,drone,6.571379,12.153087,-0.602577,2.900494,-0.319537,-0.038778,-0.026073,-1.511158,-0.183387,-0.123304,-3.020828
sample,264,drone,6.596366,12.144631,-0.603603,2.899804,-0.358184,-0.043468,-0.029226,-1.580694,-0.191826,-0.128978,-3.020828
sample,265,drone,6.621352,12.135188,-0.604749,2.899034,-0.398529,-0.048364,-0.032518,-1.647013,-0.199874,-0.134389,-3.020828
sample,266,drone,6.646338,12.124716,-0.606020,2.898179,-0.440490,-0.053456,-0.035942,-1.710152,-0.207536,-0.139541,-3.020828
sample,267,drone,6.671324,12.113175,-0.607420,2.897237,-0.483989,-0.058735,-0.039491,-1.770153,-0.214818,-0.144437,-3.020828
sample,268,drone,6.696311,12.100529,-0.608955,2.896206,-0.528949,-0.064191,-0.043160,-1.827054,-0.221723,-0.149080,-3.020828
sample,269,drone,6.721297,12.086742,-0.610628,2.895081,-0.575292,-0.069815,-0.046941,-1.880895,-0.228257,-0.153473,-3.020828
sample,270,drone,6.746283,12.071781,-0.612444,2.893860,-0.622942,-0.075597,-0.050829,-1.931716,-0.234424,-0.157620,-3.020828
sample,271,drone,6.771269,12.055613,-0.614406,2.892541,-0.671824,-0.081529,-0.054818,-1.979556,-0.240230,-0.161523,-3.020828
sample,272,drone,6.796255,12.038208,-0.616518,2.891120,-0.721865,-0.087602,-0.058901,-2.024454,-0.245678,-0.165187,-3.020828
sample,273,drone,6.821242,12.019539,-0.618783,2.889597,-0.772991,-0.093807,-0.063073,-2.066450,-0.250775,-0.168614,-3.020828
sample,274,drone,6.846228,11.999580,-0.621206,2.887969,-0.825131,-0.100134,-0.067327,-2.105584,-0.255524,-0.171807,-3.020828
sample,275,drone,6.871214,11.978305,-0.623787,2.886233,-0.878212,-0.106576,-0.071658,-2.141895,-0.259930,-0.174770,-3.020828
sample,276,drone,6.896200,11.955693,-0.626532,2.884388,-0.932166,-0.113123,-0.076061,-2.175423,-0.263999,-0.177505,-3.020828
sample,277,drone,6.921187,11.931723,-0.629440,2.882432,-0.986924,-0.119768,-0.080529,-2.206207,-0.267735,-0.180017,-3.020828
sample,278,drone,6.946173,11.906374,-0.632517,2.880363,-1.042416,-0.126503,-0.085057,-2.234287,-0.271143,-0.182308,-3.020828
sample,279,drone,6.971159,11.879631,-0.635762,2.878181,-1.098576,-0.133318,-0.089639,-2.259702,-0.274227,-0.184382,-3.020828
sample,280,drone,6.996145,11.851476,-0.639179,2.875884,-1.155339,-0.140207,-0.094271,-2.282491,-0.276993,-0.186242,-3.020828
sample,281,drone,7.021132,11.821895,-0.642769,2.873470,-1.212638,-0.147160,-0.098946,-2.302695,-0.279444,-0.187890,-3.020828
sample,282,drone,7.046118,11.790877,-0.646533,2.870939,-1.270410,-0.154171,-0.103660,-2.320353,-0.281587,-0.189331,-3.020828
sample,283,drone,7.071104,11.758410,-0.650473,2.868290,-1.328592,-0.161232,-0.108407,-2.335505,-0.283426,-0.190567,-3.020828
sample,284,drone,7.096090,11.724484,-0.654590,2.865522,-1.387121,-0.168335,-0.113183,-2.348189,-0.284965,-0.191602,-3.020828
sample,285,drone,7.121077,11.689092,-0.658885,2.862634,-1.445937,-0.175472,-0.117982,-2.358445,-0.286210,-0.192439,-3.020828
sample,286,drone,7.146063,11.652227,-0.663359,2.859626,-1.504978,-0.182637,-0.122800,-2.366314,-0.287165,-0.193081,-3.020828
sample,287,drone,7.171049,11.613885,-0.668012,2.856497,-1.564187,-0.189822,-0.127631,-2.371834,-0.287835,-0.193532,-3.020828
sample,288,drone,7.196035,11.574061,-0.672845,2.853248,-1.623505,-0.197021,-0.132471,-2.375045,-0.288224,-0.193794,-3.020828
sample,289,drone,7.221021,11.532754,-0.677857,2.849878,-1.682874,-0.204226,-0.137315,-2.375986,-0.288339,-0.193870,-3.020828
sample,290,drone,7.246008,11.489963,-0.683050,2.846386,-1.742239,-0.211430,-0.142159,-2.374698,-0.288182,-0.193765,-3.020828
sample,291,drone,7.270994,11.445690,-0.688423,2.842774,-1.801544,-0.218627,-0.146998,-2.371219,-0.287760,-0.193481,-3.020828
sample,292,drone,7.295980,11.399936,-0.693976,2.839040,-1.860734,-0.225810,-0.151828,-2.365589,-0.287077,-0.193022,-3.020828
sample,293,drone,7.320966,11.352705,-0.699707,2.835186,-1.919758,-0.232973,-0.156644,-2.357848,-0.286137,-0.192390,-3.020828
sample,294,drone,7.345953,11.304001,-0.705618,2.831212,-1.978562,-0.240109,-0.161442,-2.348035,-0.284947,-0.191590,-3.020828
sample,295,drone,7.370939,11.253831,-0.711706,2.827119,-2.037095,-0.247212,-0.166218,-2.336189,-0.283509,-0.190623,-3.020828
sample,296,drone,7.395925,11.202202,-0.717972,2.822906,-2.095307,-0.254277,-0.170968,-2.322351,-0.281830,-0.189494,-3.020828
sample,297,drone,7.420911,11.149123,-0.724413,2.818575,-2.153149,-0.261296,-0.175688,-2.306560,-0.279913,-0.188206,-3.020828
sample,298,drone,7.445898,11.094604,-0.731029,2.814126,-2.210571,-0.268265,-0.180373,-2.288855,-0.277765,-0.186761,-3.020828
sample,299,drone,7.470884,11.038656,-0.737819,2.809561,-2.267528,-0.275177,-0.185021,-2.269275,-0.275389,-0.185163,-3.020828
sample,300,drone,7.495870,10.981290,-0.744781,2.804880,-2.323973,-0.282027,-0.189626,-2.247861,-0.272790,-0.183416,-3.020828
sample,301,drone,7.520856,10.922521,-0.751912,2.800085,-2.379859,-0.288809,-0.194186,-2.224652,-0.269973,-0.181522,-3.020828
sample,302,drone,7.545842,10.862363,-0.759213,2.795176,-2.435144,-0.295518,-0.198697,-2.199687,-0.266944,-0.179485,-3.020828
sample,303,drone,7.570829,10.800831,-0.766680,2.790156,-2.489783,-0.302149,-0.203156,-2.173007,-0.263706,-0.177308,-3.020828
sample,304,drone,7.595815,10.737942,-0.774312,2.785024,-2.543735,-0.308696,-0.207558,-2.144649,-0.260265,-0.174994,-3.020828
sample,305,drone,7.620801,10.673714,-0.782107,2.779784,-2.596957,-0.315155,-0.211901,-2.114654,-0.256625,-0.172547,-3.020828
sample,306,drone,7.645787,10.608166,-0.790061,2.774435,-2.649409,-0.321520,-0.216181,-2.083062,-0.252791,-0.169969,-3.020828
sample,307,drone,7.670774,10.541317,-0.798174,2.768980,-2.701052,-0.327787,-0.220394,-2.049912,-0.248768,-0.167264,-3.020828
sample,308,drone,7.695760,10.473187,-0.806442,2.763421,-2.751848,-0.333952,-0.224539,-2.015244,-0.244561,-0.164435,-3.020828
sample,309,drone,7.720746,10.403800,-0.814862,2.757760,-2.801759,-0.340008,-0.228612,-1.979096,-0.240174,-0.161486,-3.020828
sample,310,drone,7.745732,10.333177,-0.823433,2.751997,-2.850749,-0.345954,-0.232609,-1.941510,-0.235613,-0.158419,-3.020828
sample,311,drone,7.770719,10.261341,-0.832150,2.746136,-2.898781,-0.351783,-0.236528,-1.902523,-0.230881,-0.155238,-3.020828
sample,312,drone,7.795705,10.188317,-0.841012,2.740177,-2.945822,-0.357491,-0.240367,-1.862176,-0.225985,-0.151946,-3.020828
sample,313,drone,7.820691,10.114131,-0.850015,2.734124,-2.991839,-0.363076,-0.244121,-1.820508,-0.220928,-0.148546,-3.020828
sample,314,drone,7.845677,10.038808,-0.859156,2.727978,-3.036798,-0.368532,-0.247790,-1.777558,-0.215716,-0.145041,-3.020828
sample,315,drone,7.870664,9.962375,-0.868431,2.721741,-3.080668,-0.373856,-0.251369,-1.733367,-0.210353,-0.141435,-3.020828
sample,316,drone,7.895650,9.884859,-0.877838,2.715416,-3.123418,-0.379044,-0.254858,-1.687974,-0.204845,-0.137732,-3.020828
sample,317,drone,7.920636,9.806290,-0.887373,2.709005,-3.165020,-0.384092,-0.258252,-1.641418,-0.199195,-0.133933,-3.020828
sample,318,drone,7.945622,9.726695,-0.897032,2.702511,-3.205444,-0.388998,-0.261551,-1.593739,-0.193409,-0.130042,-3.020828
sample,319,drone,7.970608,9.646106,-0.906812,2.695935,-3.244663,-0.393757,-0.264751,-1.544976,-0.187491,-0.126063,-3.020828
sample,320,drone,7.995595,9.564552,-0.916709,2.689281,-3.282650,-0.398367,-0.267850,-1.495169,-0.181447,-0.121999,-3.020828
sample,321,drone,8.020581,9.482064,-0.926720,2.682550,-3.319380,-0.402825,-0.270847,-1.444357,-0.175280,-0.117853,-3.020828
sample,322,drone,8.045567,9.398674,-0.936839,2.675746,-3.354828,-0.407126,-0.273740,-1.392580,-0.168997,-0.113629,-3.020828
sample,323,drone,8.070553,9.314415,-0.947065,2.668870,-3.388971,-0.411270,-0.276526,-1.339878,-0.162601,-0.109328,-3.020828
sample,324,drone,8.095540,9.229319,-0.957392,2.661927,-3.421785,-0.415252,-0.279203,-1.286289,-0.156098,-0.104956,-3.020828
sample,325,drone,8.120526,9.143420,-0.967816,2.654918,-3.453250,-0.419070,-0.281771,-1.231854,-0.149492,-0.100514,-3.020828
sample,326,drone,8.145512,9.056751,-0.978334,2.647846,-3.483344,-0.422722,-0.284226,-1.176613,-0.142788,-0.096007,-3.020828
sample,327,drone,8.170498,8.969348,-0.988940,2.640715,-3.512048,-0.426206,-0.286568,-1.120603,-0.135991,-0.091436,-3.020828
sample,328,drone,8.195485,8.881246,-0.999632,2.633526,-3.539343,-0.429518,-0.288795,-1.063866,-0.129106,-0.086807,-3.020828
sample,329,drone,8.220471,8.792479,-1.010405,2.626283,-3.565212,-0.432658,-0.290906,-1.006440,-0.122137,-0.082121,-3.020828
sample,330,drone,8.245457,8.703083,-1.021253,2.618988,-3.589638,-0.435622,-0.292899,-0.948366,-0.115089,-0.077383,-3.020828
sample,331,drone,8.270443,8.613096,-1.032174,2.611646,-3.612604,-0.438409,-0.294773,-0.889682,-0.107968,-0.072594,-3.020828
sample,332,drone,8.295429,8.522552,-1.043162,2.604258,-3.634097,-0.441017,-0.296527,-0.830428,-0.100777,-0.067759,-3.020828
sample,333,drone,8.320416,8.431491,-1.054212,2.596828,-3.654103,-0.443445,-0.298159,-0.770644,-0.093522,-0.062881,-3.020828
sample,334,drone,8.345402,8.339948,-1.065322,2.589358,-3.672608,-0.445691,-0.299669,-0.710369,-0.086207,-0.057963,-3.020828
sample,335,drone,8.370388,8.247961,-1.076485,2.581852,-3.689602,-0.447753,-0.301056,-0.649643,-0.078838,-0.053008,-3.020828
sample,336,drone,8.395374,8.155569,-1.087697,2.574314,-3.705072,-0.449630,-0.302318,-0.588505,-0.071418,-0.048020,-3.020828
sample,337,drone,8.420361,8.062810,-1.098954,2.566745,-3.719011,-0.451322,-0.303456,-0.526995,-0.063954,-0.043001,-3.020828
sample,338,drone,8.445347,7.969721,-1.110251,2.559149,-3.731408,-0.452826,-0.304467,-0.465152,-0.056449,-0.037954,-3.020828
sample,339,drone,8.470333,7.876342,-1.121583,2.551530,-3.742256,-0.454143,-0.305352,-0.403016,-0.048908,-0.032884,-3.020828
sample,340,drone,8.495319,7.782712,-1.132945,2.543890,-3.751547,-0.455270,-0.306110,-0.340627,-0.041337,-0.027794,-3.020828
sample,341,drone,8.520306,7.688868,-1.144334,2.536233,-3.759278,-0.456208,-0.306741,-0.278024,-0.033740,-0.022686,-3.020828
sample,342,drone,8.545292,7.594851,-1.155743,2.528561,-3.765441,-0.456956,-0.307244,-0.215245,-0.026121,-0.017563,-3.020828
sample,343,drone,8.570278,7.500700,-1.167169,2.520879,-3.770034,-0.457514,-0.307619,-0.152332,-0.018486,-0.012430,-3.020828
sample,344,drone,8.595264,7.406453,-1.178606,2.513189,-3.773053,-0.457880,-0.307865,-0.089324,-0.010840,-0.007288,-3.020828
sample,345,drone,8.620251,7.312151,-1.190050,2.505494,-3.774498,-0.458055,-0.307983,-0.026259,-0.003187,-0.002143,-3.020828
sample,346,drone,8.645237,7.217832,-1.201496,2.497798,-3.774366,-0.458039,-0.307972,0.036822,0.004469,0.003005,-3.020828
sample,347,drone,8.670223,7.123537,-1.212940,2.490104,-3.772658,-0.457832,-0.307833,0.099880,0.012121,0.008150,-3.020828
sample,348,drone,8.695209,7.029303,-1.224375,2.482415,-3.769374,-0.457434,-0.307565,0.162875,0.019766,0.013290,-3.020828
sample,349,drone,8.720195,6.935172,-1.235799,2.474734,-3.764518,-0.456844,-0.307169,0.225769,0.027398,0.018422,-3.020828
sample,350,drone,8.745182,6.841181,-1.247205,2.467065,-3.758092,-0.456065,-0.306644,0.288520,0.035013,0.023542,-3.020828
sample,351,drone,8.770168,6.747371,-1.258589,2.459410,-3.750100,-0.455095,-0.305992,0.351091,0.042607,0.028648,-3.020828
sample,352,drone,8.795154,6.653779,-1.269947,2.451774,-3.740547,-0.453935,-0.305213,0.413440,0.050173,0.033735,-3.020828
sample,353,drone,8.820140,6.560446,-1.281274,2.444158,-3.729440,-0.452587,-0.304307,0.475530,0.057708,0.038801,-3.020828
sample,354,drone,8.845127,6.467410,-1.292564,2.436567,-3.716784,-0.451052,-0.303274,0.537320,0.065207,0.043843,-3.020828
sample,355,drone,8.870113,6.374709,-1.303814,2.429003,-3.702588,-0.449329,-0.302116,0.598770,0.072664,0.048857,-3.020828
sample,356,drone,8.895099,6.282383,-1.315018,2.421469,-3.686862,-0.447420,-0.300832,0.659842,0.080075,0.053840,-3.020828
sample,357,drone,8.920085,6.190468,-1.326172,2.413970,-3.669614,-0.445327,-0.299425,0.720495,0.087436,0.058789,-3.020828
sample,358,drone,8.945072,6.099003,-1.337272,2.406506,-3.650857,-0.443051,-0.297895,0.780690,0.094741,0.063701,-3.020828
sample,359,drone,8.970058,6.008025,-1.348313,2.399083,-3.630601,-0.440593,-0.296242,0.840388,0.101986,0.068572,-3.020828
sample,360,drone,8.995044,5.917573,-1.359290,2.391702,-3.608861,-0.437955,-0.294468,0.899550,0.109165,0.073399,-3.020828
sample,361,drone,9.020030,5.827682,-1.370198,2.384368,-3.585649,-0.435138,-0.292574,0.958134,0.116275,0.078180,-3.020828
sample,362,drone,9.045016,5.738389,-1.381035,2.377082,-3.560980,-0.432144,-0.290561,1.016103,0.123310,0.082910,-3.020828
sample,363,drone,9.070003,5.649731,-1.391794,2.369848,-3.534872,-0.428976,-0.288431,1.073416,0.130265,0.087586,-3.020828
sample,364,drone,9.094989,5.561743,-1.402472,2.362668,-3.507339,-0.425634,-0.286184,1.130034,0.137136,0.092206,-3.020828
sample,365,drone,9.119975,5.474460,-1.413064,2.355546,-3.478401,-0.422123,-0.283823,1.185918,0.143917,0.096766,-3.020828
sample,366,drone,9.144961,5.387918,-1.423566,2.348485,-3.448076,-0.418442,-0.281348,1.241027,0.150605,0.101263,-3.020828
sample,367,drone,9.169948,5.302152,-1.433974,2.341487,-3.416384,-0.414596,-0.278762,1.295323,0.157194,0.105693,-3.020828
sample,368,drone,9.194934,5.217193,-1.444285,2.334555,-3.383345,-0.410587,-0.276067,1.348766,0.163680,0.110054,-3.020828
sample,369,drone,9.219920,5.133077,-1.454492,2.327691,-3.348983,-0.406417,-0.273263,1.401316,0.170057,0.114341,-3.020828
sample,370,drone,9.244906,5.049836,-1.464594,2.320899,-3.313318,-0.402089,-0.270353,1.452934,0.176321,0.118553,-3.020828
sample,371,drone,9.269893,4.967503,-1.474586,2.314181,-3.276376,-0.397606,-0.267338,1.503580,0.182468,0.122686,-3.020828
sample,372,drone,9.294879,4.886108,-1.484464,2.307539,-3.238181,-0.392971,-0.264222,1.553215,0.188491,0.126736,-3.020828
sample,373,drone,9.319865,4.805683,-1.494224,2.300977,-3.198758,-0.388186,-0.261005,1.601800,0.194387,0.130700,-3.020828
sample,374,drone,9.344851,4.726258,-1.503862,2.294496,-3.158135,-0.383257,-0.257690,1.649293,0.200151,0.134575,-3.020828
sample,375,drone,9.369838,4.647863,-1.513376,2.288100,-3.116339,-0.378184,-0.254280,1.695658,0.205777,0.138358,-3.020828
sample,376,drone,9.394824,4.570527,-1.522761,2.281789,-3.073398,-0.372973,-0.250776,1.740852,0.211262,0.142046,-3.020828
sample,377,drone,9.419810,4.494278,-1.532014,2.275568,-3.029344,-0.367627,-0.247182,1.784838,0.216600,0.145635,-3.020828
sample,378,drone,9.444796,4.419143,-1.541132,2.269437,-2.984206,-0.362149,-0.243499,1.827576,0.221786,0.149122,-3.020828
sample,379,drone,9.469782,4.345150,-1.550112,2.263399,-2.938015,-0.356544,-0.239730,1.869025,0.226816,0.152505,-3.020828
sample,380,drone,9.494769,4.272323,-1.558950,2.257457,-2.890806,-0.350815,-0.235878,1.909147,0.231685,0.155778,-3.020828
sample,381,drone,9.519755,4.200689,-1.567643,2.251612,-2.842611,-0.344966,-0.231945,1.947902,0.236388,0.158941,-3.020828
sample,382,drone,9.544741,4.130271,-1.576188,2.245866,-2.793464,-0.339002,-0.227935,1.985251,0.240921,0.161988,-3.020828
sample,383,drone,9.569727,4.061093,-1.584584,2.240222,-2.743403,-0.332927,-0.223850,2.021154,0.245278,0.164918,-3.020828
sample,384,drone,9.594714,3.993176,-1.592826,2.234680,-2.692462,-0.326745,-0.219694,2.055571,0.249454,0.167726,-3.020828
sample,385,drone,9.619700,3.926544,-1.600912,2.229243,-2.640681,-0.320461,-0.215468,2.088462,0.253446,0.170410,-3.020828
sample,386,drone,9.644686,3.861215,-1.608840,2.223912,-2.588097,-0.314079,-0.211178,2.119790,0.257248,0.172966,-3.020828
sample,387,drone,9.669672,3.797210,-1.616607,2.218690,-2.534750,-0.307605,-0.206825,2.149513,0.260855,0.175391,-3.020828
sample,388,drone,9.694659,3.734547,-1.624212,2.213577,-2.480680,-0.301044,-0.202413,2.177592,0.264262,0.177682,-3.020828
sample,389,drone,9.719645,3.673244,-1.631651,2.208575,-2.425930,-0.294400,-0.197946,2.203989,0.267466,0.179836,-3.020828
sample,390,drone,9.744631,3.613318,-1.638923,2.203685,-2.370542,-0.287678,-0.193426,2.228662,0.270460,0.181849,-3.020828
sample,391,drone,9.769617,3.554783,-1.646027,2.198909,-2.314558,-0.280884,-0.188858,2.251574,0.273240,0.183719,-3.020828
sample,392,drone,9.794603,3.497653,-1.652960,2.194247,-2.258025,-0.274023,-0.184245,2.272683,0.275802,0.185441,-3.020828
sample,393,drone,9.819590,3.441944,-1.659721,2.189702,-2.200987,-0.267102,-0.179591,2.291951,0.278141,0.187014,-3.020828
sample,394,drone,9.844576,3.387665,-1.666308,2.185273,-2.143490,-0.260124,-0.174900,2.309339,0.280251,0.188432,-3.020828
sample,395,drone,9.869562,3.334828,-1.672720,2.180961,-2.085583,-0.253097,-0.170175,2.324806,0.282128,0.189694,-3.020828
sample,396,drone,9.894548,3.283443,-1.678955,2.176769,-2.027314,-0.246025,-0.165420,2.338313,0.283767,0.190796,-3.020828
sample,397,drone,9.919535,3.233518,-1.685014,2.172695,-1.968732,-0.238916,-0.160640,2.349821,0.285163,0.191735,-3.020828
sample,398,drone,9.944521,3.185061,-1.690895,2.168741,-1.909888,-0.231775,-0.155839,2.359290,0.286312,0.192508,-3.020828
sample,399,drone,9.969507,3.138076,-1.696597,2.164907,-1.850833,-0.224608,-0.151020,2.366680,0.287209,0.193111,-3.020828
sample,400,drone,9.994493,3.092570,-1.702119,2.161194,-1.791619,-0.217423,-0.146189,2.371952,0.287849,0.193541,-3.020828
sample,401,drone,10.019480,3.048545,-1.707462,2.157602,-1.732300,-0.210224,-0.141348,2.375067,0.288227,0.193795,-3.020828
sample,402,drone,10.044466,3.006003,-1.712624,2.154131,-1.672931,-0.203019,-0.136504,2.375985,0.288338,0.193870,-3.020828
sample,403,drone,10.069452,2.964944,-1.717607,2.150780,-1.613566,-0.195815,-0.131660,2.374666,0.288178,0.193763,-3.020828
sample,404,drone,10.094438,2.925369,-1.722410,2.147551,-1.554263,-0.188618,-0.126821,2.371071,0.287742,0.193469,-3.020828
sample,405,drone,10.119425,2.887274,-1.727033,2.144443,-1.495078,-0.181436,-0.121992,2.365161,0.287025,0.192987,-3.020828
sample,406,drone,10.144411,2.850656,-1.731477,2.141455,-1.436070,-0.174275,-0.117177,2.356895,0.286022,0.192313,-3.020828
sample,407,drone,10.169397,2.815510,-1.735742,2.138587,-1.377298,-0.167143,-0.112382,2.346235,0.284728,0.191443,-3.020828
sample,408,drone,10.194383,2.781829,-1.739829,2.135839,-1.318823,-0.160046,-0.107610,2.333140,0.283139,0.190374,-3.020828
sample,409,drone,10.219369,2.749605,-1.743740,2.133210,-1.260706,-0.152993,-0.102868,2.317572,0.281250,0.189104,-3.020828
sample,410,drone,10.244356,2.718828,-1.747474,2.130698,-1.203008,-0.145991,-0.098160,2.299491,0.279055,0.187629,-3.020828
sample,411,drone,10.269342,2.689488,-1.751035,2.128304,-1.145794,-0.139048,-0.093492,2.278856,0.276551,0.185945,-3.020828
sample,412,drone,10.294328,2.661570,-1.754423,2.126026,-1.089128,-0.132172,-0.088868,2.255630,0.273733,0.184050,-3.020828
sample,413,drone,10.319314,2.635061,-1.757640,2.123863,-1.033075,-0.125369,-0.084295,2.229771,0.270595,0.181940,-3.020828
sample,414,drone,10.344301,2.609945,-1.760688,2.121814,-0.977701,-0.118649,-0.079776,2.201241,0.267132,0.179612,-3.020828
sample,415,drone,10.369287,2.586203,-1.763569,2.119877,-0.923073,-0.112020,-0.075319,2.170001,0.263341,0.177063,-3.020828
sample,416,drone,10.394273,2.563817,-1.766286,2.118050,-0.869261,-0.105489,-0.070928,2.136010,0.259216,0.174289,-3.020828
sample,417,drone,10.419259,2.542764,-1.768841,2.116332,-0.816332,-0.099066,-0.066609,2.099229,0.254753,0.171288,-3.020828
sample,418,drone,10.444246,2.523023,-1.771237,2.114722,-0.764357,-0.092759,-0.062368,2.059618,0.249946,0.168056,-3.020828
sample,419,drone,10.469232,2.504567,-1.773476,2.113216,-0.713408,-0.086576,-0.058211,2.017139,0.244791,0.164590,-3.020828
sample,420,drone,10.494218,2.487372,-1.775563,2.111813,-0.663556,-0.080526,-0.054143,1.971751,0.239282,0.160887,-3.020828
sample,421,drone,10.519204,2.471408,-1.777500,2.110510,-0.614874,-0.074618,-0.050171,1.923414,0.233417,0.156942,-3.020828
sample,422,drone,10.544190,2.456645,-1.779292,2.109305,-0.567438,-0.068862,-0.046301,1.872091,0.227188,0.152755,-3.020828
sample,423,drone,10.569177,2.443052,-1.780941,2.108196,-0.521321,-0.063265,-0.042538,1.817740,0.220592,0.148320,-3.020828
sample,424,drone,10.594163,2.430593,-1.782453,2.107180,-0.476601,-0.057838,-0.038889,1.760323,0.213625,0.143635,-3.020828
sample,425,drone,10.619149,2.419235,-1.783832,2.106253,-0.433354,-0.052590,-0.035360,1.699799,0.206280,0.138696,-3.020828
sample,426,drone,10.644135,2.408938,-1.785081,2.105413,-0.391658,-0.047530,-0.031958,1.636130,0.198553,0.133501,-3.020828
sample,427,drone,10.669122,2.399663,-1.786207,2.104656,-0.351592,-0.042668,-0.028688,1.569275,0.190440,0.128046,-3.020828
sample,428,drone,10.694108,2.391368,-1.787214,2.103979,-0.313237,-0.038013,-0.025559,1.499196,0.181935,0.122328,-3.020828
sample,429,drone,10.719094,2.384009,-1.788107,2.103379,-0.276674,-0.033576,-0.022575,1.425853,0.173035,0.116344,-3.020828
sample,430,drone,10.744080,2.377542,-1.788891,2.102851,-0.241984,-0.029366,-0.019745,1.349205,0.163733,0.110089,-3.020828
sample,431,drone,10.769067,2.371917,-1.789574,2.102392,-0.209251,-0.025394,-0.017074,1.269215,0.154026,0.103563,-3.020828
sample,432,drone,10.794053,2.367085,-1.790160,2.101998,-0.178558,-0.021669,-0.014570,1.185841,0.143908,0.096760,-3.020828
sample,433,drone,10.819039,2.362994,-1.790657,2.101664,-0.149991,-0.018202,-0.012239,1.099046,0.133375,0.089677,-3.020828
sample,434,drone,10.844025,2.359589,-1.791070,2.101386,-0.123636,-0.015004,-0.010088,1.008788,0.122422,0.082313,-3.020828
sample,435,drone,10.869012,2.356815,-1.791407,2.101160,-0.099580,-0.012085,-0.008125,0.915029,0.111044,0.074662,-3.020828
sample,436,drone,10.893998,2.354613,-1.791674,2.100980,-0.077910,-0.009455,-0.006357,0.817729,0.099236,0.066723,-3.020828
sample,437,drone,10.918984,2.352922,-1.791879,2.100842,-0.058716,-0.007125,-0.004791,0.716848,0.086993,0.058492,-3.020828
sample,438,drone,10.943970,2.351679,-1.792030,2.100741,-0.042087,-0.005107,-0.003434,0.612348,0.074312,0.049965,-3.020828
sample,439,drone,10.968956,2.350819,-1.792134,2.100670,-0.028115,-0.003412,-0.002294,0.504187,0.061186,0.041140,-3.020828
sample,440,drone,10.993943,2.350274,-1.792201,2.100626,-0.016892,-0.002050,-0.001378,0.392328,0.047611,0.032012,-3.020828
sample,441,drone,11.018929,2.349975,-1.792237,2.100602,-0.008509,-0.001033,-0.000694,0.276731,0.033583,0.022580,-3.020828
sample,442,drone,11.043915,2.349849,-1.792252,2.100591,-0.003063,-0.000372,-0.000250,0.163946,0.021161,0.012387,-3.020828
sample,443,drone,11.068901,2.349822,-1.792255,2.100589,-0.000317,0.000025,-0.000075,0.123889,0.032152,-0.003298,3.063521
sample,444,drone,11.093888,2.349833,-1.792251,2.100588,0.003128,0.001235,-0.000415,0.246953,0.094373,-0.030293,0.376006
sample,445,drone,11.118874,2.349978,-1.792194,2.100568,0.012024,0.004741,-0.001589,0.494508,0.194940,-0.065331,0.375562
sample,446,drone,11.143860,2.350434,-1.792014,2.100508,0.027840,0.010977,-0.003679,0.764567,0.301450,-0.101048,0.375562
sample,447,drone,11.168846,2.351369,-1.791645,2.100384,0.050231,0.019805,-0.006639,1.020545,0.402376,-0.134879,0.375562
sample,448,drone,11.193833,2.352944,-1.791024,2.100176,0.078839,0.031084,-0.010420,1.262294,0.497692,-0.166830,0.375562
sample,449,drone,11.218819,2.355309,-1.790092,2.099864,0.113311,0.044676,-0.014976,1.490067,0.587497,-0.196933,0.375562
sample,450,drone,11.243805,2.358606,-1.788792,2.099428,0.153302,0.060443,-0.020261,1.704115,0.671890,-0.225222,0.375562
sample,451,drone,11.268791,2.362970,-1.787071,2.098851,0.198470,0.078252,-0.026231,1.904691,0.750973,-0.251731,0.375562
sample,452,drone,11.293777,2.368524,-1.784881,2.098117,0.248484,0.097971,-0.032841,2.092050,0.824844,-0.276493,0.375562
sample,453,drone,11.318764,2.375387,-1.782175,2.097210,0.303015,0.119471,-0.040048,2.266443,0.893603,-0.299542,0.375562
sample,454,drone,11.343750,2.383667,-1.778911,2.096116,0.361743,0.142627,-0.047809,2.428123,0.957349,-0.320910,0.375562
sample,455,drone,11.368736,2.393464,-1.775048,2.094821,0.424354,0.167312,-0.056084,2.577344,1.016183,-0.340632,0.375562
sample,456,drone,11.393722,2.404873,-1.770550,2.093313,0.490540,0.193408,-0.064832,2.714357,1.070204,-0.358740,0.375562
sample,457,drone,11.418709,2.417978,-1.765383,2.091581,0.559998,0.220793,-0.074011,2.839416,1.119512,-0.375268,0.375562
sample,458,drone,11.443695,2.432857,-1.759516,2.089615,0.632432,0.249352,-0.083585,2.952774,1.164206,-0.390250,0.375562
sample,459,drone,11.468681,2.449582,-1.752922,2.087404,0.707555,0.278971,-0.093513,3.054683,1.204386,-0.403719,0.375562
sample,460,drone,11.493667,2.468216,-1.745576,2.084942,0.785082,0.309539,-0.103760,3.145397,1.240152,-0.415708,0.375562
sample,461,drone,11.518654,2.488815,-1.737454,2.082219,0.864738,0.340945,-0.114287,3.225168,1.271604,-0.426251,0.375562
sample,462,drone,11.543640,2.511429,-1.728538,2.079230,0.946252,0.373084,-0.125060,3.294248,1.298841,-0.435381,0.375562
sample,463,drone,11.568626,2.536101,-1.718810,2.075970,1.029360,0.405851,-0.136044,3.352892,1.321963,-0.443131,0.375562
sample,464,drone,11.593612,2.562868,-1.708256,2.072432,1.113804,0.439146,-0.147205,3.401351,1.341069,-0.449536,0.375562
sample,465,drone,11.618599,2.591761,-1.696865,2.068613,1.199334,0.472868,-0.158509,3.439878,1.356259,-0.454628,0.375562
sample,466,drone,11.643585,2.622802,-1.684626,2.064511,1.285703,0.506921,-0.169924,3.468727,1.367634,-0.458440,0.375562
sample,467,drone,11.668571,2.656010,-1.671533,2.060122,1.372675,0.541212,-0.181418,3.488150,1.375292,-0.461007,0.375562
sample,468,drone,11.693557,2.691398,-1.657580,2.055445,1.460015,0.575648,-0.192961,3.498400,1.379333,-0.462362,0.375562
sample,469,drone,11.718543,2.728971,-1.642766,2.050479,1.547498,0.610140,-0.204523,3.499729,1.379857,-0.462538,0.375562
sample,470,drone,11.743530,2.768730,-1.627090,2.045224,1.634905,0.644603,-0.216075,3.492391,1.376964,-0.461568,0.375562
sample,471,drone,11.768516,2.810671,-1.610554,2.039681,1.722022,0.678951,-0.227589,3.476639,1.370753,-0.459486,0.375562
sample,472,drone,11.793502,2.854784,-1.593161,2.033851,1.808641,0.713103,-0.239037,3.452725,1.361324,-0.456326,0.375562
sample,473,drone,11.818488,2.901054,-1.574918,2.027736,1.894563,0.746979,-0.250393,3.420902,1.348777,-0.452120,0.375562
sample,474,drone,11.843475,2.949460,-1.555833,2.021338,1.979592,0.780504,-0.261631,3.381423,1.333212,-0.446902,0.375562
sample,475,drone,11.868461,2.999979,-1.535914,2.014662,2.063541,0.813603,-0.272726,3.334541,1.314727,-0.440706,0.375562
sample,476,drone,11.893447,3.052580,-1.515175,2.007710,2.146227,0.846205,-0.283654,3.280508,1.293424,-0.433565,0.375562
sample,477,drone,11.918433,3.107231,-1.493628,2.000487,2.227476,0.878239,-0.294392,3.219578,1.269400,-0.425512,0.375562
sample,478,drone,11.943420,3.163893,-1.471287,1.992998,2.307118,0.909640,-0.304918,3.152003,1.242757,-0.416581,0.375562
sample,479,drone,11.968406,3.222523,-1.448171,1.985249,2.384989,0.940343,-0.315209,3.078037,1.213594,-0.406805,0.375562
sample,480,drone,11.993392,3.283076,-1.424296,1.977246,2.460935,0.970286,-0.325247,2.997931,1.182010,-0.396218,0.375562
sample,481,drone,12.018378,3.345502,-1.399683,1.968996,2.534803,0.999411,-0.335009,2.911939,1.148106,-0.384853,0.375562
sample,482,drone,12.043364,3.409747,-1.374353,1.960505,2.606451,1.027660,-0.344479,2.820313,1.111980,-0.372744,0.375562
sample,483,drone,12.068351,3.475753,-1.348328,1.951782,2.675741,1.054979,-0.353636,2.723307,1.073733,-0.359923,0.375562
sample,484,drone,12.093337,3.543460,-1.321633,1.942833,2.742542,1.081317,-0.362465,2.621173,1.033464,-0.346424,0.375562
sample,485,drone,12.118323,3.612805,-1.294292,1.933668,2.806728,1.106624,-0.370948,2.514165,0.991273,-0.332282,0.375562
sample,486,drone,12.143309,3.683719,-1.266332,1.924296,2.868181,1.130853,-0.379070,2.402534,0.947260,-0.317528,0.375562
sample,487,drone,12.168296,3.756135,-1.237781,1.914725,2.926788,1.153961,-0.386816,2.286534,0.901524,-0.302197,0.375562
sample,488,drone,12.193282,3.829978,-1.208666,1.904966,2.982445,1.175904,-0.394171,2.166418,0.854165,-0.286322,0.375562
sample,489,drone,12.218268,3.905175,-1.179018,1.895028,3.035050,1.196645,-0.401124,2.042438,0.805283,-0.269936,0.375562
sample,490,drone,12.243254,3.981647,-1.148867,1.884921,3.084510,1.216146,-0.407661,1.914847,0.754977,-0.253074,0.375562
sample,491,drone,12.268241,4.059315,-1.118244,1.874656,3.130739,1.234373,-0.413771,1.783898,0.703347,-0.235767,0.375562
sample,492,drone,12.293227,4.138098,-1.087182,1.864243,3.173656,1.251294,-0.419443,1.649845,0.650493,-0.218050,0.375562
sample,493,drone,12.318213,4.217911,-1.055714,1.853695,3.213186,1.266880,-0.424667,1.512939,0.596514,-0.199956,0.375562
sample,494,drone,12.343199,4.298669,-1.023873,1.843022,3.249261,1.281104,-0.429435,1.373433,0.541511,-0.181518,0.375562
sample,495,drone,12.368186,4.380284,-0.991694,1.832235,3.281820,1.293941,-0.433738,1.231581,0.485582,-0.162771,0.375562
sample,496,drone,12.393172,4.462669,-0.959212,1.821347,3.310806,1.305369,-0.437569,1.087636,0.428828,-0.143746,0.375562
sample,497,drone,12.418158,4.545734,-0.926461,1.810369,3.336172,1.315370,-0.440921,0.941849,0.371348,-0.124478,0.375562
sample,498,drone,12.443144,4.629386,-0.893479,1.799313,3.357873,1.323927,-0.443790,0.794474,0.313242,-0.105001,0.375562
sample,499,drone,12.468130,4.713535,-0.860301,1.788192,3.375874,1.331024,-0.446169,0.645764,0.254609,-0.085347,0.375562
sample,500,drone,12.493117,4.798087,-0.826965,1.777017,3.390143,1.336650,-0.448055,0.495972,0.195550,-0.065550,0.375562
sample,501,drone,12.518103,4.882949,-0.793506,1.765801,3.400659,1.340796,-0.449444,0.345350,0.136163,-0.045643,0.375562
sample,502,drone,12.543089,4.968026,-0.759962,1.754557,3.407401,1.343454,-0.450335,0.194151,0.076549,-0.025660,0.375562
sample,503,drone,12.568075,5.053225,-0.726370,1.743297,3.410361,1.344621,-0.450727,0.042629,0.016807,-0.005634,0.375562
sample,504,drone,12.593062,5.138450,-0.692768,1.732033,3.409532,1.344294,-0.450617,-0.108965,-0.042962,0.014401,0.375562
sample,505,drone,12.618048,5.223608,-0.659192,1.720778,3.404916,1.342474,-0.450007,-0.260377,-0.102660,0.034412,0.375562
sample,506,drone,12.643034,5.308602,-0.625681,1.709545,3.396520,1.339164,-0.448897,-0.411354,-0.162187,0.054366,0.375562
sample,507,drone,12.668020,5.393340,-0.592271,1.698346,3.384359,1.334369,-0.447290,-0.561644,-0.221443,0.074229,0.375562
sample,508,drone,12.693007,5.477727,-0.558999,1.687193,3.368453,1.328098,-0.445188,-0.710994,-0.280327,0.093968,0.375562
sample,509,drone,12.717993,5.561670,-0.525903,1.676099,3.348829,1.320361,-0.442594,-0.859151,-0.338742,0.113549,0.375562
sample,510,drone,12.742979,5.645076,-0.493018,1.665075,3.325519,1.311170,-0.439514,-1.005862,-0.396586,0.132939,0.375562
sample,511,drone,12.767965,5.727854,-0.460380,1.654135,3.298564,1.300542,-0.435951,-1.150874,-0.453761,0.152104,0.375562
sample,512,drone,12.792951,5.809914,-0.428026,1.643290,3.268007,1.288495,-0.431913,-1.293934,-0.510166,0.171011,0.375562
sample,513,drone,12.817938,5.891165,-0.395991,1.632551,3.233903,1.275048,-0.427405,-1.434790,-0.565702,0.189627,0.375562
sample,514,drone,12.842924,5.971520,-0.364309,1.621931,3.196307,1.260225,-0.422436,-1.573189,-0.620270,0.207919,0.375562
sample,515,drone,12.867910,6.050892,-0.333014,1.611441,3.155286,1.244052,-0.417015,-1.708878,-0.673768,0.225852,0.375562
sample,516,drone,12.892896,6.129197,-0.302141,1.601092,3.110910,1.226555,-0.411150,-1.841604,-0.726099,0.243394,0.375562
sample,517,drone,12.917883,6.206352,-0.271720,1.590895,3.063257,1.207767,-0.404852,-1.971114,-0.777162,0.260510,0.375562
sample,518,drone,12.942869,6.282276,-0.241786,1.580861,3.012409,1.187719,-0.398132,-2.097156,-0.826857,0.277168,0.375562
sample,519,drone,12.967855,6.356890,-0.212367,1.570999,2.958457,1.166447,-0.391001,-2.219476,-0.875085,0.293335,0.375562
sample,520,drone,12.992841,6.430117,-0.183495,1.561321,2.901496,1.143989,-0.383473,-2.337822,-0.921746,0.308976,0.375562
sample,521,drone,13.017828,6.501884,-0.155199,1.551836,2.841630,1.120385,-0.375561,-2.451941,-0.966740,0.324058,0.375562
sample,522,drone,13.042814,6.572120,-0.127507,1.542554,2.778967,1.095678,-0.367279,-2.561580,-1.009968,0.338548,0.375562
sample,523,drone,13.067800,6.640756,-0.100446,1.533482,2.713622,1.069914,-0.358643,-2.666486,-1.051330,0.352413,0.375562
sample,524,drone,13.092786,6.707727,-0.074041,1.524631,2.645716,1.043141,-0.349668,-2.766407,-1.090726,0.365619,0.375562
sample,525,drone,13.117773,6.772969,-0.048317,1.516009,2.575377,1.015408,-0.340372,-2.861089,-1.128057,0.378133,0.375562
sample,526,drone,13.142759,6.836425,-0.023298,1.507622,2.502740,0.986769,-0.330772,-2.950281,-1.163223,0.389921,0.375562
sample,527,drone,13.167745,6.898037,0.000994,1.499479,2.427945,0.957279,-0.320887,-3.033728,-1.196124,0.400949,0.375562
sample,528,drone,13.192731,6.957755,0.024539,1.491587,2.351137,0.926996,-0.310735,-3.111178,-1.226661,0.411185,0.375562
sample,529,drone,13.217717,7.015529,0.047318,1.483951,2.272471,0.895979,-0.300339,-3.182378,-1.254733,0.420595,0.375562
sample,530,drone,13.242704,7.071316,0.069314,1.476578,2.192106,0.864293,-0.289717,-3.247076,-1.280242,0.429146,0.375562
sample,531,drone,13.267690,7.125074,0.090509,1.469473,2.110207,0.832003,-0.278893,-3.305019,-1.303088,0.436804,0.375562
sample,532,drone,13.292676,7.176768,0.110891,1.462641,2.026946,0.799175,-0.267889,-3.355953,-1.323170,0.443536,0.375562
sample,533,drone,13.317662,7.226366,0.130446,1.456086,1.942502,0.765881,-0.256729,-3.399627,-1.340389,0.449308,0.375562
sample,534,drone,13.342649,7.273840,0.149164,1.449812,1.857058,0.732192,-0.245436,-3.435786,-1.354646,0.454087,0.375562
sample,535,drone,13.367635,7.319168,0.167035,1.443821,1.770807,0.698186,-0.234037,-3.464179,-1.365840,0.457839,0.375562
sample,536,drone,13.392621,7.362332,0.184054,1.438116,1.683945,0.663938,-0.222557,-3.484552,-1.373873,0.460532,0.375562
sample,537,drone,13.417607,7.403319,0.200214,1.432699,1.596675,0.629530,-0.211023,-3.496653,-1.378644,0.462131,0.375562
sample,538,drone,13.442594,7.442121,0.215513,1.427571,1.509208,0.595044,-0.199463,-3.500229,-1.380054,0.462604,0.375562
sample,539,drone,13.467580,7.478737,0.229950,1.422732,1.421760,0.560565,-0.187905,-3.495026,-1.378003,0.461916,0.375562
sample,540,drone,13.492566,7.513170,0.243526,1.418181,1.334553,0.526182,-0.176380,-3.480793,-1.372391,0.460035,0.375562
sample,541,drone,13.517552,7.545428,0.256244,1.413917,1.247816,0.491983,-0.164916,-3.457276,-1.363119,0.456927,0.375562
sample,542,drone,13.542538,7.575527,0.268111,1.409940,1.161785,0.458063,-0.153546,-3.424223,-1.350087,0.452559,0.375562
sample,543,drone,13.567525,7.603486,0.279135,1.406244,1.076700,0.424516,-0.142301,-3.381380,-1.333195,0.446896,0.375562
sample,544,drone,13.592511,7.629332,0.289325,1.402828,0.992809,0.391440,-0.131213,-3.328495,-1.312344,0.439907,0.375562
sample,545,drone,13.617497,7.653099,0.298696,1.399687,0.910366,0.358935,-0.120318,-3.265315,-1.287433,0.431557,0.375562
sample,546,drone,13.642483,7.674825,0.307262,1.396816,0.829633,0.327104,-0.109648,-3.191587,-1.258364,0.421813,0.375562
sample,547,drone,13.667470,7.694558,0.315042,1.394208,0.750875,0.296052,-0.099239,-3.107058,-1.225037,0.410641,0.375562
sample,548,drone,13.692456,7.712348,0.322057,1.391857,0.674366,0.265886,-0.089127,-3.011476,-1.187351,0.398008,0.375562
sample,549,drone,13.717442,7.728257,0.328329,1.389754,0.600384,0.236717,-0.079349,-2.904588,-1.145207,0.383882,0.375562
sample,550,drone,13.742428,7.742351,0.333886,1.387891,0.529216,0.208657,-0.069943,-2.786140,-1.098506,0.368227,0.375562
sample,551,drone,13.767415,7.754703,0.338756,1.386259,0.461154,0.181822,-0.060948,-2.655880,-1.047148,0.351011,0.375562
sample,552,drone,13.792401,7.765396,0.342972,1.384846,0.396495,0.156328,-0.052402,-2.513556,-0.991033,0.332201,0.375562
sample,553,drone,13.817387,7.774517,0.346569,1.383640,0.335545,0.132297,-0.044347,-2.358913,-0.930061,0.311763,0.375562
sample,554,drone,13.842373,7.782164,0.349583,1.382630,0.278615,0.109851,-0.036823,-2.191701,-0.864134,0.289664,0.375562
sample,555,drone,13.867360,7.788440,0.352058,1.381800,0.226021,0.089114,-0.029872,-2.011664,-0.793150,0.265869,0.375562
sample,556,drone,13.892346,7.793459,0.354037,1.381137,0.178087,0.070215,-0.023537,-1.818552,-0.717010,0.240347,0.375562
sample,557,drone,13.917332,7.797340,0.355567,1.380624,0.135143,0.053284,-0.017861,-1.612111,-0.635616,0.213063,0.375562
sample,558,drone,13.942318,7.800212,0.356699,1.380244,0.097526,0.038452,-0.012889,-1.392088,-0.548866,0.183984,0.375562
sample,559,drone,13.967304,7.802213,0.357488,1.379980,0.065577,0.025855,-0.008667,-1.158230,-0.456661,0.153076,0.375562
sample,560,drone,13.992291,7.803489,0.357991,1.379811,0.039646,0.015631,-0.005240,-0.910284,-0.358903,0.120307,0.375562
sample,561,drone,14.017277,7.804195,0.358270,1.379718,0.020088,0.007920,-0.002655,-0.647999,-0.255490,0.085642,0.375562
sample,562,drone,14.042263,7.804493,0.358387,1.379678,0.007264,0.002864,-0.000960,-0.385081,-0.146048,0.053328,0.375562
sample,563,drone,14.067249,7.804558,0.358413,1.379670,0.000844,0.000622,0.000010,-0.268383,-0.028402,0.068081,0.634673
sample,564,drone,14.092236,7.804535,0.358418,1.379679,-0.006148,0.001445,0.002442,-0.486526,0.097250,0.186072,2.910793
sample,565,drone,14.117222,7.804250,0.358485,1.379792,-0.023468,0.005482,0.009309,-0.956206,0.223169,0.379195,2.912134
sample,566,drone,14.142208,7.803363,0.358692,1.380144,-0.053932,0.012597,0.021391,-1.462557,0.341613,0.580108,2.912134
sample,567,drone,14.167194,7.801555,0.359114,1.380861,-0.096556,0.022553,0.038298,-1.929309,0.450633,0.765240,2.912134
sample,568,drone,14.192181,7.798537,0.359819,1.382058,-0.150344,0.035116,0.059632,-2.356671,0.550453,0.934748,2.912134
sample,569,drone,14.217167,7.794042,0.360869,1.383841,-0.214325,0.050060,0.085010,-2.745681,0.641315,1.089045,2.912134
sample,570,drone,14.242153,7.787827,0.362321,1.386306,-0.287553,0.067164,0.114055,-3.097379,0.723462,1.228542,2.912134
sample,571,drone,14.267139,7.779673,0.364226,1.389541,-0.369108,0.086214,0.146403,-3.412803,0.797137,1.353652,2.912134
sample,572,drone,14.292125,7.769382,0.366629,1.393622,-0.458099,0.106999,0.181700,-3.692993,0.862581,1.464786,2.912134
sample,573,drone,14.317112,7.756780,0.369573,1.398621,-0.553656,0.129319,0.219602,-3.938988,0.920039,1.562358,2.912134
sample,574,drone,14.342098,7.741714,0.373092,1.404596,-0.654940,0.152976,0.259775,-4.151827,0.969752,1.646778,2.912134
sample,575,drone,14.367084,7.724051,0.377217,1.411602,-0.761133,0.177780,0.301895,-4.332548,1.011964,1.718459,2.912134
sample,576,drone,14.392070,7.703679,0.381976,1.419683,-0.871448,0.203546,0.345650,-4.482191,1.046916,1.777813,2.912134
sample,577,drone,14.417057,7.680503,0.387389,1.428875,-0.985120,0.230097,0.390737,-4.601794,1.074852,1.825253,2.912134
sample,578,drone,14.442043,7.654450,0.393474,1.439209,-1.101411,0.257259,0.436863,-4.692398,1.096015,1.861189,2.912134
sample,579,drone,14.467029,7.625463,0.400245,1.450706,-1.219610,0.284867,0.483745,-4.755040,1.110646,1.886036,2.912134
sample,580,drone,14.492015,7.593503,0.407710,1.463383,-1.339032,0.312761,0.531113,-4.790761,1.118989,1.900204,2.912134
sample,581,drone,14.517002,7.558548,0.415874,1.477247,-1.459016,0.340786,0.578703,-4.800598,1.121287,1.904106,2.912134
sample,582,drone,14.541988,7.520592,0.424740,1.492302,-1.578930,0.368794,0.626266,-4.785591,1.117782,1.898154,2.912134
sample,583,drone,14.566974,7.479645,0.434304,1.508543,-1.698164,0.396644,0.673559,-4.746779,1.108717,1.882759,2.912134
sample,584,drone,14.591960,7.435731,0.444561,1.525961,-1.816138,0.424200,0.720352,-4.685201,1.094334,1.858335,2.912134
sample,585,drone,14.616947,7.388888,0.455502,1.544541,-1.932295,0.451331,0.766424,-4.601897,1.074876,1.825293,2.912134
sample,586,drone,14.641933,7.339169,0.467115,1.564262,-2.046106,0.477914,0.811566,-4.497904,1.050586,1.784045,2.912134
sample,587,drone,14.666919,7.286639,0.479385,1.585097,-2.157067,0.503831,0.855577,-4.374262,1.021707,1.735004,2.912134
sample,588,drone,14.691905,7.231375,0.492293,1.607017,-2.264699,0.528971,0.898269,-4.232011,0.988481,1.678582,2.912134
sample,589,drone,14.716891,7.173466,0.505819,1.629986,-2.368551,0.553228,0.939460,-4.072188,0.951151,1.615190,2.912134
sample,590,drone,14.741878,7.113013,0.519939,1.653964,-2.468196,0.576502,0.978984,-3.895834,0.909959,1.545241,2.912134
sample,591,drone,14.766864,7.050125,0.534628,1.678908,-2.563235,0.598701,1.016680,-3.703987,0.865149,1.469147,2.912134
sample,592,drone,14.791850,6.984922,0.549857,1.704770,-2.653293,0.619736,1.052400,-3.497687,0.816963,1.387320,2.912134
sample,593,drone,14.816836,6.917533,0.565598,1.731499,-2.738023,0.639527,1.086008,-3.277972,0.765644,1.300172,2.912134
sample,594,drone,14.841823,6.848096,0.581816,1.759040,-2.817102,0.657997,1.117373,-3.045881,0.711434,1.208116,2.912134
sample,595,drone,14.866809,6.776755,0.598479,1.787337,-2.890233,0.675079,1.146380,-2.802453,0.654576,1.111563,2.912134
sample,596,drone,14.891795,6.703664,0.615552,1.816328,-2.957147,0.690708,1.172921,-2.548728,0.595313,1.010926,2.912134
sample,597,drone,14.916781,6.628980,0.632996,1.845951,-3.017599,0.704828,1.196899,-2.285744,0.533887,0.906616,2.912134
sample,598,drone,14.941768,6.552867,0.650773,1.876140,-3.071372,0.717388,1.218227,-2.014541,0.470541,0.799046,2.912134
sample,599,drone,14.966754,6.475496,0.668845,1.906828,-3.118271,0.728342,1.236829,-1.736157,0.405518,0.688628,2.912134
sample,600,drone,14.991740,6.397039,0.687171,1.937947,-3.158132,0.737652,1.252639,-1.451632,0.339061,0.575774,2.912134
sample,601,drone,15.016726,6.317676,0.705708,1.969426,-3.190813,0.745286,1.265602,-1.162004,0.271412,0.460897,2.912134
sample,602,drone,15.041712,6.237586,0.724414,2.001193,-3.216200,0.751216,1.275671,-0.868313,0.202814,0.344407,2.912134
sample,603,drone,15.066699,6.156954,0.743248,2.033174,-3.234204,0.755421,1.282813,-0.571598,0.133509,0.226718,2.912134
sample,604,drone,15.091685,6.075965,0.762165,2.065298,-3.244764,0.757887,1.287001,-0.272897,0.063741,0.108242,2.912134
sample,605,drone,15.116671,5.994806,0.781121,2.097489,-3.247842,0.758606,1.288222,0.026750,-0.006248,-0.010610,2.912134
sample,606,drone,15.141657,5.913663,0.800074,2.129673,-3.243427,0.757575,1.286471,0.326305,-0.076216,-0.129425,2.912134
sample,607,drone,15.166644,5.832724,0.818979,2.161777,-3.231535,0.754798,1.281754,0.624728,-0.145919,-0.247792,2.912134
sample,608,drone,15.191630,5.752175,0.837793,2.193726,-3.212208,0.750283,1.274088,0.920979,-0.215115,-0.365297,2.912134
sample,609,drone,15.216616,5.672202,0.856473,2.225446,-3.185512,0.744048,1.263499,1.214022,-0.283562,-0.481529,2.912134
sample,610,drone,15.241602,5.592987,0.874975,2.256866,-3.151540,0.736113,1.250025,1.502815,-0.351016,-0.596075,2.912134
sample,611,drone,15.266589,5.514711,0.893258,2.287913,-3.110412,0.726507,1.233712,1.786320,-0.417235,-0.708525,2.912134
sample,612,drone,15.291575,5.437552,0.911280,2.318518,-3.062273,0.715263,1.214618,2.063499,-0.481976,-0.818465,2.912134
sample,613,drone,15.316561,5.361682,0.929001,2.348611,-3.007294,0.702421,1.192811,2.333311,-0.544997,-0.925483,2.912134
sample,614,drone,15.341547,5.287270,0.946382,2.378125,-2.945672,0.688028,1.168369,2.594719,-0.606055,-1.029167,2.912134
sample,615,drone,15.366534,5.214479,0.963384,2.406997,-2.877630,0.672135,1.141381,2.846682,-0.664906,-1.129106,2.912134
sample,616,drone,15.391520,5.143468,0.979970,2.435163,-2.803416,0.654801,1.111945,3.088163,-0.721310,-1.224887,2.912134
sample,617,drone,15.416506,5.074386,0.996106,2.462564,-2.723307,0.636089,1.080171,3.318121,-0.775022,-1.316097,2.912134
sample,618,drone,15.441492,5.007377,1.011757,2.489142,-2.637602,0.616071,1.046177,3.535519,-0.825800,-1.402326,2.912134
sample,619,drone,15.466478,4.942578,1.026892,2.514844,-2.546628,0.594822,1.010093,3.739316,-0.873401,-1.483160,2.912134
sample,620,drone,15.491465,4.880116,1.041482,2.539619,-2.450739,0.572425,0.972059,3.928474,-0.917583,-1.558187,2.912134
sample,621,drone,15.516451,4.820109,1.055498,2.563420,-2.350313,0.548968,0.932226,4.101954,-0.958103,-1.626996,2.912134
sample,622,drone,15.541437,4.762665,1.068915,2.586204,-2.245754,0.524546,0.890754,4.258716,-0.994719,-1.689174,2.912134
sample,623,drone,15.566423,4.707883,1.081711,2.607933,-2.137494,0.499260,0.847814,4.397723,-1.027187,-1.744310,2.912134
sample,624,drone,15.591410,4.655849,1.093864,2.628572,-2.025989,0.473215,0.803587,4.517934,-1.055265,-1.791990,2.912134
sample,625,drone,15.616396,4.606639,1.105359,2.648090,-1.911722,0.446525,0.758264,4.618310,-1.078710,-1.831803,2.912134
sample,626,drone,15.641382,4.560316,1.116178,2.666464,-1.795201,0.419309,0.712047,4.697814,-1.097280,-1.863338,2.912134
sample,627,drone,15.666368,4.516929,1.126312,2.683673,-1.676960,0.391692,0.665148,4.755405,-1.110731,-1.886180,2.912134
sample,628,drone,15.691355,4.476514,1.135752,2.699703,-1.557561,0.363803,0.617790,4.790044,-1.118822,-1.899920,2.912134
sample,629,drone,15.716341,4.439094,1.144493,2.714545,-1.437590,0.335781,0.570205,4.800693,-1.121310,-1.904144,2.912134
sample,630,drone,15.741327,4.404674,1.152532,2.728198,-1.317659,0.307769,0.522635,4.786313,-1.117951,-1.898440,2.912134
sample,631,drone,15.766313,4.373247,1.159873,2.740663,-1.198406,0.279915,0.475335,4.745864,-1.108503,-1.882396,2.912134
sample,632,drone,15.791299,4.344787,1.166520,2.751951,-1.080496,0.252374,0.428567,4.678308,-1.092724,-1.855601,2.912134
sample,633,drone,15.816286,4.319252,1.172484,2.762079,-0.964620,0.225309,0.382606,4.582605,-1.070370,-1.817641,2.912134
sample,634,drone,15.841272,4.296582,1.177779,2.771071,-0.851492,0.198885,0.337735,4.457716,-1.041199,-1.768105,2.912134
sample,635,drone,15.866258,4.276701,1.182423,2.778957,-0.741857,0.173277,0.294250,4.302603,-1.004969,-1.706581,2.912134
sample,636,drone,15.891244,4.259510,1.186438,2.785775,-0.636481,0.148664,0.252453,4.116226,-0.961437,-1.632657,2.912134
sample,637,drone,15.916231,4.244894,1.189852,2.791573,-0.536159,0.125232,0.212662,3.897546,-0.910359,-1.545920,2.912134
sample,638,drone,15.941217,4.232717,1.192697,2.796403,-0.441711,0.103171,0.175200,3.645525,-0.851494,-1.445959,2.912134
sample,639,drone,15.966203,4.222821,1.195008,2.800328,-0.353983,0.082681,0.140403,3.359123,-0.784598,-1.332360,2.912134
sample,640,drone,15.991189,4.215027,1.196828,2.803419,-0.273847,0.063963,0.108618,3.037301,-0.709430,-1.204713,2.912134
sample,641,drone,16.016176,4.209136,1.198204,2.805756,-0.202201,0.047229,0.080201,2.679020,-0.625745,-1.062605,2.912134
sample,642,drone,16.041162,4.204923,1.199188,2.807427,-0.139970,0.032693,0.055518,2.283241,-0.533302,-0.905623,2.912134
sample,643,drone,16.066148,4.202141,1.199838,2.808530,-0.088102,0.020578,0.034945,1.848926,-0.431858,-0.733357,2.912134
sample,644,drone,16.091134,4.200520,1.200217,2.809173,-0.047574,0.011112,0.018870,1.375034,-0.321170,-0.545393,2.912134
sample,645,drone,16.116121,4.199764,1.200393,2.809473,-0.019388,0.004529,0.007690,0.864734,-0.201417,-0.342287,2.912134
sample,646,drone,16.141107,4.199551,1.200443,2.809557,-0.004361,0.001047,0.001765,0.440238,-0.085030,-0.152420,2.906043
sample,647,drone,16.166093,4.199546,1.200446,2.809561,0.002611,0.000279,0.000073,0.350733,0.000970,-0.035738,0.106592
sample,648,drone,16.191079,4.199682,1.200457,2.809561,0.013166,0.001095,-0.000021,0.619282,0.050273,-0.002539,0.082998
sample,649,drone,16.216065,4.200204,1.200500,2.809560,0.033559,0.002792,-0.000053,1.007847,0.083842,-0.001606,0.082998
sample,650,drone,16.241052,4.201359,1.200597,2.809558,0.063530,0.005285,-0.000101,1.379342,0.114746,-0.002198,0.082998
sample,651,drone,16.266038,4.203379,1.200765,2.809555,0.102488,0.008526,-0.000163,1.727361,0.143697,-0.002753,0.082998
sample,652,drone,16.291024,4.206480,1.201023,2.809550,0.149851,0.012466,-0.000239,2.052378,0.170735,-0.003271,0.082998
sample,653,drone,16.316010,4.210867,1.201388,2.809543,0.205050,0.017058,-0.000327,2.354866,0.195899,-0.003753,0.082998
sample,654,drone,16.340997,4.216727,1.201875,2.809534,0.267529,0.022255,-0.000426,2.635299,0.219228,-0.004200,0.082998
sample,655,drone,16.365983,4.224236,1.202500,2.809522,0.336742,0.028013,-0.000537,2.894152,0.240762,-0.004612,0.082998
sample,656,drone,16.390969,4.233555,1.203275,2.809507,0.412157,0.034287,-0.000657,3.131899,0.260539,-0.004991,0.082998
sample,657,drone,16.415955,4.244833,1.204213,2.809489,0.493251,0.041033,-0.000786,3.349013,0.278601,-0.005337,0.082998
sample,658,drone,16.440942,4.258204,1.205325,2.809468,0.579515,0.048209,-0.000924,3.545970,0.294986,-0.005651,0.082998
sample,659,drone,16.465928,4.273792,1.206622,2.809443,0.670452,0.055774,-0.001068,3.723242,0.309733,-0.005933,0.082998
sample,660,drone,16.490914,4.291708,1.208113,2.809414,0.765575,0.063687,-0.001220,3.881304,0.322882,-0.006185,0.082998
sample,661,drone,16.515900,4.312050,1.209805,2.809382,0.864410,0.071909,-0.001378,4.020631,0.334472,-0.006407,0.082998
sample,662,drone,16.540886,4.334905,1.211706,2.809346,0.966496,0.080402,-0.001540,4.141695,0.344543,-0.006600,0.082998
sample,663,drone,16.565873,4.360348,1.213823,2.809305,1.071381,0.089127,-0.001707,4.244972,0.353135,-0.006765,0.082998
sample,664,drone,16.590859,4.388445,1.216160,2.809260,1.178628,0.098049,-0.001878,4.330935,0.360286,-0.006902,0.082998
sample,665,drone,16.615845,4.419247,1.218722,2.809211,1.287809,0.107131,-0.002052,4.400058,0.366036,-0.007012,0.082998
sample,666,drone,16.640831,4.452799,1.221514,2.809158,1.398509,0.116341,-0.002229,4.452816,0.370425,-0.007096,0.082998
sample,667,drone,16.665818,4.489134,1.224536,2.809100,1.510327,0.125643,-0.002407,4.489682,0.373492,-0.007155,0.082998
sample,668,drone,16.690804,4.528274,1.227792,2.809037,1.622870,0.135005,-0.002586,4.511131,0.375276,-0.007189,0.082998
sample,669,drone,16.715790,4.570233,1.231283,2.808970,1.735759,0.144396,-0.002766,4.517636,0.375818,-0.007199,0.082998
sample,670,drone,16.740776,4.615014,1.235008,2.808899,1.848627,0.153785,-0.002946,4.509672,0.375155,-0.007187,0.082998
sample,671,drone,16.765763,4.662613,1.238968,2.808823,1.961119,0.163143,-0.003125,4.487713,0.373328,-0.007152,0.082998
sample,672,drone,16.790749,4.713016,1.243161,2.808743,2.072889,0.172442,-0.003303,4.452233,0.370377,-0.007095,0.082998
sample,673,drone,16.815735,4.766201,1.247585,2.808658,2.183608,0.181652,-0.003480,4.403706,0.366340,-0.007018,0.082998
sample,674,drone,16.840721,4.822137,1.252238,2.808569,2.292953,0.190748,-0.003654,4.342605,0.361257,-0.006920,0.082998
sample,675,drone,16.865708,4.880785,1.257117,2.808476,2.400618,0.199705,-0.003826,4.269406,0.355168,-0.006804,0.082998
sample,676,drone,16.890694,4.942101,1.262218,2.808378,2.506306,0.208497,-0.003994,4.184582,0.348111,-0.006669,0.082998
sample,677,drone,16.915680,5.006032,1.267536,2.808276,2.609732,0.217101,-0.004159,4.088607,0.340127,-0.006516,0.082998
sample,678,drone,16.940666,5.072516,1.273067,2.808170,2.710624,0.225494,-0.004320,3.981955,0.331255,-0.006346,0.082998
sample,679,drone,16.965652,5.141488,1.278805,2.808060,2.808720,0.233655,-0.004476,3.865101,0.321534,-0.006159,0.082998
sample,680,drone,16.990639,5.212875,1.284744,2.807946,2.903773,0.241562,-0.004628,3.738518,0.311003,-0.005958,0.082998
sample,681,drone,17.015625,5.286597,1.290876,2.807829,2.995543,0.249196,-0.004774,3.602680,0.299703,-0.005741,0.082998
sample,682,drone,17.040611,5.362570,1.297196,2.807708,3.083807,0.256539,-0.004914,3.458062,0.287673,-0.005511,0.082998
sample,683,drone,17.065597,5.440702,1.303696,2.807583,3.168351,0.263572,-0.005049,3.305138,0.274951,-0.005267,0.082998
sample,684,drone,17.090584,5.520900,1.310368,2.807455,3.248973,0.270279,-0.005178,3.144382,0.261578,-0.005011,0.082998
sample,685,drone,17.115570,5.603062,1.317203,2.807325,3.325484,0.276644,-0.005300,2.976267,0.247593,-0.004743,0.082998
sample,686,drone,17.140556,5.687082,1.324192,2.807191,3.397705,0.282652,-0.005415,2.801268,0.233035,-0.004464,0.082998
sample,687,drone,17.165542,5.772853,1.331328,2.807054,3.465470,0.288289,-0.005523,2.619859,0.217943,-0.004175,0.082998
sample,688,drone,17.190529,5.860261,1.338599,2.806915,3.528625,0.293543,-0.005623,2.432514,0.202358,-0.003876,0.082998
sample,689,drone,17.215515,5.949187,1.345997,2.806773,3.587029,0.298401,-0.005716,2.239707,0.186319,-0.003569,0.082998
sample,690,drone,17.240501,6.039513,1.353511,2.806629,3.640549,0.302854,-0.005802,2.041912,0.169865,-0.003254,0.082998
sample,691,drone,17.265487,6.131115,1.361131,2.806483,3.689068,0.306890,-0.005879,1.839604,0.153035,-0.002932,0.082998
sample,692,drone,17.290474,6.223865,1.368847,2.806335,3.732479,0.310501,-0.005948,1.633255,0.135869,-0.002603,0.082998
sample,693,drone,17.315460,6.317636,1.376647,2.806186,3.770686,0.313680,-0.006009,1.423341,0.118406,-0.002268,0.082998
sample,694,drone,17.340446,6.412296,1.384522,2.806035,3.803607,0.316418,-0.006061,1.210336,0.100687,-0.001929,0.082998
sample,695,drone,17.365432,6.507711,1.392460,2.805883,3.831169,0.318711,-0.006105,0.994713,0.082749,-0.001585,0.082998
sample,696,drone,17.390418,6.603749,1.400449,2.805730,3.853315,0.320553,-0.006141,0.776946,0.064633,-0.001238,0.082998
sample,697,drone,17.415405,6.700271,1.408479,2.805576,3.869995,0.321941,-0.006167,0.557510,0.046379,-0.000888,0.082998
sample,698,drone,17.440391,6.797142,1.416537,2.805422,3.881175,0.322871,-0.006185,0.336879,0.028025,-0.000537,0.082998
sample,699,drone,17.465377,6.894223,1.424613,2.805267,3.886830,0.323341,-0.006194,0.115527,0.009611,-0.000184,0.082998
sample,700,drone,17.490363,6.991376,1.432695,2.805112,3.886948,0.323351,-0.006194,-0.106073,-0.008824,0.000169,0.082998
sample,701,drone,17.515350,7.088463,1.440772,2.804957,3.881529,0.322900,-0.006186,-0.327445,-0.027240,0.000522,0.082998
sample,702,drone,17.540336,7.185346,1.448831,2.804803,3.870585,0.321990,-0.006168,-0.548117,-0.045597,0.000873,0.082998
sample,703,drone,17.565322,7.281886,1.456862,2.804649,3.854138,0.320622,-0.006142,-0.767614,-0.063857,0.001223,0.082998
sample,704,drone,17.590308,7.377947,1.464854,2.804496,3.832225,0.318799,-0.006107,-0.985461,-0.081979,0.001570,0.082998
sample,705,drone,17.615295,7.473392,1.472794,2.804344,3.804893,0.316525,-0.006064,-1.201185,-0.099925,0.001914,0.082998
sample,706,drone,17.640281,7.568086,1.480671,2.804193,3.772199,0.313805,-0.006011,-1.414312,-0.117655,0.002254,0.082998
sample,707,drone,17.665267,7.661898,1.488475,2.804044,3.734216,0.310646,-0.005951,-1.624368,-0.135129,0.002589,0.082998
sample,708,drone,17.690253,7.754694,1.496195,2.803896,3.691025,0.307053,-0.005882,-1.830878,-0.152309,0.002918,0.082998
sample,709,drone,17.715239,7.846347,1.503819,2.803750,3.642722,0.303034,-0.005805,-2.033369,-0.169154,0.003240,0.082998
sample,710,drone,17.740226,7.936730,1.511338,2.803606,3.589413,0.298600,-0.005720,-2.231366,-0.185625,0.003556,0.082998
sample,711,drone,17.765212,8.025719,1.518741,2.803464,3.531216,0.293758,-0.005627,-2.424395,-0.201683,0.003864,0.082998
sample,712,drone,17.790198,8.113194,1.526018,2.803324,3.468260,0.288521,-0.005527,-2.611983,-0.217288,0.004163,0.082998
sample,713,drone,17.815184,8.199037,1.533159,2.803188,3.400688,0.282900,-0.005419,-2.793655,-0.232401,0.004452,0.082998
sample,714,drone,17.840171,8.283135,1.540155,2.803054,3.328654,0.276907,-0.005305,-2.968937,-0.246983,0.004731,0.082998
sample,715,drone,17.865157,8.365378,1.546997,2.802922,3.252323,0.270557,-0.005183,-3.137355,-0.260993,0.005000,0.082998
sample,716,drone,17.890143,8.445661,1.553676,2.802795,3.171873,0.263865,-0.005055,-3.298435,-0.274393,0.005256,0.082998
sample,717,drone,17.915129,8.523884,1.560183,2.802670,3.087492,0.256845,-0.004920,-3.451703,-0.287144,0.005501,0.082998
sample,718,drone,17.940116,8.599951,1.566511,2.802549,2.999383,0.249516,-0.004780,-3.596685,-0.299205,0.005732,0.082998
sample,719,drone,17.965102,8.673771,1.572652,2.802431,2.907757,0.241893,-0.004634,-3.732907,-0.310537,0.005949,0.082998
sample,720,drone,17.990088,8.745259,1.578599,2.802317,2.812840,0.233997,-0.004483,-3.859895,-0.321101,0.006151,0.082998
sample,721,drone,18.015074,8.814335,1.584345,2.802207,2.714869,0.225847,-0.004326,-3.977174,-0.330857,0.006338,0.082998
sample,722,drone,18.040061,8.880927,1.589885,2.802101,2.614091,0.217464,-0.004166,-4.084271,-0.339766,0.006509,0.082998
sample,723,drone,18.065047,8.944968,1.595213,2.801999,2.510767,0.208868,-0.004001,-4.180711,-0.347789,0.006662,0.082998
sample,724,drone,18.090033,9.006397,1.600323,2.801901,2.405170,0.200084,-0.003833,-4.266021,-0.354886,0.006798,0.082998
sample,725,drone,18.115019,9.065160,1.605211,2.801807,2.297584,0.191134,-0.003661,-4.339726,-0.361017,0.006916,0.082998
sample,726,drone,18.140005,9.121212,1.609874,2.801718,2.188304,0.182043,-0.003487,-4.401352,-0.366144,0.007014,0.082998
sample,727,drone,18.164992,9.174515,1.614308,2.801633,2.077637,0.172837,-0.003311,-4.450425,-0.370226,0.007092,0.082998
sample,728,drone,18.189978,9.225037,1.618511,2.801553,1.965905,0.163542,-0.003133,-4.486472,-0.373225,0.007150,0.082998
sample,729,drone,18.214964,9.272756,1.622481,2.801476,1.853437,0.154186,-0.002954,-4.509018,-0.375101,0.007186,0.082998
sample,730,drone,18.239950,9.317658,1.626216,2.801405,1.740578,0.144797,-0.002774,-4.517589,-0.375814,0.007199,0.082998
sample,731,drone,18.264937,9.359737,1.629717,2.801338,1.627682,0.135405,-0.002594,-4.511710,-0.375325,0.007190,0.082998
sample,732,drone,18.289923,9.398997,1.632983,2.801275,1.515117,0.126041,-0.002415,-4.490909,-0.373594,0.007157,0.082998
sample,733,drone,18.314909,9.435451,1.636015,2.801217,1.403261,0.116736,-0.002236,-4.454710,-0.370583,0.007099,0.082998
sample,734,drone,18.339895,9.469122,1.638816,2.801164,1.292504,0.107522,-0.002060,-4.402640,-0.366251,0.007016,0.082998
sample,735,drone,18.364882,9.500041,1.641389,2.801114,1.183250,0.098433,-0.001886,-4.334225,-0.360560,0.006907,0.082998
sample,736,drone,18.389868,9.528252,1.643735,2.801069,1.075912,0.089504,-0.001715,-4.248990,-0.353469,0.006771,0.082998
sample,737,drone,18.414854,9.553807,1.645861,2.801029,0.970917,0.080770,-0.001547,-4.146462,-0.344940,0.006608,0.082998
sample,738,drone,18.439840,9.576771,1.647772,2.800992,0.868703,0.072267,-0.001384,-4.026166,-0.334933,0.006416,0.082998
sample,739,drone,18.464826,9.597218,1.649473,2.800959,0.769720,0.064032,-0.001227,-3.887629,-0.323408,0.006195,0.082998
sample,740,drone,18.489813,9.615236,1.650971,2.800931,0.674429,0.056105,-0.001075,-3.730376,-0.310326,0.005945,0.082998
sample,741,drone,18.514799,9.630921,1.652276,2.800906,0.583304,0.048524,-0.000930,-3.553933,-0.295648,0.005664,0.082998
sample,742,drone,18.539785,9.644385,1.653396,2.800884,0.496830,0.041331,-0.000792,-3.357826,-0.279334,0.005351,0.082998
sample,743,drone,18.564771,9.655749,1.654342,2.800866,0.415505,0.034565,-0.000662,-3.141581,-0.261345,0.005006,0.082998
sample,744,drone,18.589758,9.665148,1.655124,2.800851,0.339837,0.028271,-0.000542,-2.904724,-0.241641,0.004629,0.082998
sample,745,drone,18.614744,9.672731,1.655754,2.800839,0.270349,0.022490,-0.000431,-2.646782,-0.220183,0.004218,0.082998
sample,746,drone,18.639730,9.678658,1.656248,2.800830,0.207571,0.017268,-0.000331,-2.367279,-0.196932,0.003773,0.082998
sample,747,drone,18.664716,9.683104,1.656617,2.800823,0.152050,0.012649,-0.000242,-2.065742,-0.171847,0.003292,0.082998
sample,748,drone,18.689703,9.686257,1.656880,2.800818,0.104341,0.008680,-0.000166,-1.741696,-0.144890,0.002776,0.082998
sample,749,drone,18.714689,9.688318,1.657051,2.800814,0.065013,0.005408,-0.000104,-1.394668,-0.116021,0.002223,0.082998
sample,750,drone,18.739675,9.689506,1.657150,2.800812,0.034646,0.002882,-0.000055,-1.024184,-0.085201,0.001632,0.082998
sample,751,drone,18.764661,9.690050,1.657195,2.800811,0.013832,0.001151,-0.000022,-0.635195,-0.050929,-0.000590,0.082998
sample,752,drone,18.789648,9.690197,1.657207,2.800811,0.002904,0.000337,-0.000085,-0.357535,0.021190,-0.042113,0.115576
sample,753,drone,18.814634,9.690195,1.657212,2.800807,-0.004035,0.002210,-0.002127,-0.432608,0.191759,-0.190168,2.640579
sample,754,drone,18.839620,9.689995,1.657318,2.800705,-0.018715,0.009920,-0.009588,-0.852990,0.450711,-0.435813,2.654193
sample,755,drone,18.864606,9.689260,1.657708,2.800328,-0.046661,0.024733,-0.023905,-1.367645,0.724924,-0.700668,2.654193
sample,756,drone,18.889592,9.687663,1.658554,2.799510,-0.087059,0.046146,-0.044602,-1.844759,0.977819,-0.945101,2.654193
sample,757,drone,18.914579,9.684909,1.660014,2.798099,-0.138848,0.073597,-0.071134,-2.279942,1.208489,-1.168053,2.654193
sample,758,drone,18.939565,9.680725,1.662232,2.795956,-0.200994,0.106537,-0.102972,-2.674353,1.417547,-1.370116,2.654193
sample,759,drone,18.964551,9.674865,1.665338,2.792953,-0.272492,0.144435,-0.139602,-3.029146,1.605606,-1.551883,2.654193
sample,760,drone,18.989537,9.667108,1.669449,2.788979,-0.352368,0.186773,-0.180524,-3.345479,1.773279,-1.713946,2.654193
sample,761,drone,19.014524,9.657256,1.674671,2.783932,-0.439674,0.233050,-0.225252,-3.624507,1.921179,-1.856897,2.654193
sample,762,drone,19.039510,9.645136,1.681095,2.777723,-0.533493,0.282779,-0.273318,-3.867387,2.049918,-1.981328,2.654193
sample,763,drone,19.064496,9.630596,1.688802,2.770274,-0.632937,0.335490,-0.324264,-4.075275,2.160110,-2.087833,2.654193
sample,764,drone,19.089482,9.613507,1.697861,2.761519,-0.737145,0.390725,-0.377652,-4.249328,2.252367,-2.177003,2.654193
sample,765,drone,19.114469,9.593759,1.708328,2.751402,-0.845286,0.448046,-0.433054,-4.390701,2.327302,-2.249431,2.654193
sample,766,drone,19.139455,9.571266,1.720251,2.739878,-0.956559,0.507026,-0.490061,-4.500551,2.385528,-2.305709,2.654193
sample,767,drone,19.164441,9.545958,1.733665,2.726912,-1.070190,0.567257,-0.548276,-4.580034,2.427658,-2.346429,2.654193
sample,768,drone,19.189427,9.517786,1.748598,2.712479,-1.185434,0.628342,-0.607318,-4.630307,2.454306,-2.372185,2.654193
sample,769,drone,19.214413,9.486719,1.765065,2.696563,-1.301578,0.689904,-0.666820,-4.652525,2.466082,-2.383568,2.654193
sample,770,drone,19.239400,9.452743,1.783074,2.679156,-1.417933,0.751579,-0.726431,-4.647845,2.463602,-2.381170,2.654193
sample,771,drone,19.264386,9.415861,1.802623,2.660261,-1.533842,0.813017,-0.785813,-4.617424,2.447477,-2.365585,2.654193
sample,772,drone,19.289372,9.376093,1.823703,2.639887,-1.648677,0.873885,-0.844645,-4.562417,2.418320,-2.337404,2.654193
sample,773,drone,19.314358,9.333473,1.846294,2.618052,-1.761837,0.933866,-0.902619,-4.483980,2.376745,-2.297219,2.654193
sample,774,drone,19.339345,9.288049,1.870370,2.594781,-1.872752,0.992657,-0.959443,-4.383271,2.323364,-2.245624,2.654193
sample,775,drone,19.364331,9.239887,1.895899,2.570107,-1.980880,1.049970,-1.014838,-4.261445,2.258790,-2.183211,2.654193
sample,776,drone,19.389317,9.189060,1.922840,2.544067,-2.085707,1.105534,-1.068543,-4.119659,2.183635,-2.110571,2.654193
sample,777,drone,19.414303,9.135659,1.951145,2.516709,-2.186750,1.159092,-1.120309,-3.959068,2.098514,-2.028298,2.654193
sample,778,drone,19.439290,9.079783,1.980762,2.488083,-2.283552,1.210402,-1.169902,-3.780830,2.004038,-1.936983,2.654193
sample,779,drone,19.464276,9.021544,2.011632,2.458246,-2.375687,1.259239,-1.217105,-3.586100,1.900821,-1.837220,2.654193
sample,780,drone,19.489262,8.961064,2.043690,2.427261,-2.462758,1.305391,-1.261713,-3.376034,1.789475,-1.729600,2.654193
sample,781,drone,19.514248,8.898474,2.076866,2.395195,-2.544396,1.348663,-1.303537,-3.151789,1.670614,-1.614715,2.654193
sample,782,drone,19.539235,8.833914,2.111086,2.362120,-2.620261,1.388876,-1.342404,-2.914522,1.544850,-1.493159,2.654193
sample,783,drone,19.564221,8.767533,2.146271,2.328112,-2.690041,1.425863,-1.378154,-2.665388,1.412795,-1.365524,2.654193
sample,784,drone,19.589207,8.699486,2.182340,2.293250,-2.753457,1.459476,-1.410643,-2.405544,1.275064,-1.232401,2.654193
sample,785,drone,19.614193,8.629936,2.219205,2.257619,-2.810252,1.489581,-1.439740,-2.136145,1.132269,-1.094384,2.654193
sample,786,drone,19.639179,8.559051,2.256778,2.221303,-2.860205,1.516059,-1.465332,-1.858349,0.985023,-0.952064,2.654193
sample,787,drone,19.664166,8.487004,2.294966,2.184392,-2.903119,1.538805,-1.487317,-1.573312,0.833938,-0.806034,2.654193
sample,788,drone,19.689152,8.413975,2.333676,2.146978,-2.938827,1.557733,-1.505611,-1.282189,0.679627,-0.656887,2.654193
sample,789,drone,19.714138,8.340144,2.372810,2.109153,-2.967193,1.572768,-1.520143,-0.986137,0.522704,-0.505215,2.654193
sample,790,drone,19.739124,8.265697,2.412271,2.071013,-2.988107,1.583853,-1.530858,-0.686312,0.363782,-0.351609,2.654193
sample,791,drone,19.764111,8.190821,2.451959,2.032652,-3.001490,1.590947,-1.537714,-0.383871,0.203472,-0.196664,2.654193
sample,792,drone,19.789097,8.115705,2.491774,1.994169,-3.007290,1.594021,-1.540686,-0.079970,0.042388,-0.040970,2.654193
sample,793,drone,19.814083,8.040539,2.531616,1.955661,-3.005486,1.593065,-1.539761,0.224235,-0.118856,0.114879,2.654193
sample,794,drone,19.839069,7.965513,2.571384,1.917224,-2.996084,1.588082,-1.534945,0.527587,-0.279649,0.270292,2.654193
sample,795,drone,19.864056,7.890817,2.610976,1.878956,-2.979121,1.579090,-1.526254,0.828931,-0.439377,0.424676,2.654193
sample,796,drone,19.889042,7.816639,2.650295,1.840953,-2.954661,1.566125,-1.513723,1.127110,-0.597428,0.577438,2.654193
sample,797,drone,19.914028,7.743166,2.689240,1.803311,-2.922797,1.549236,-1.497398,1.420968,-0.753188,0.727986,2.654193
sample,798,drone,19.939014,7.670580,2.727714,1.766124,-2.883651,1.528487,-1.477344,1.709349,-0.906045,0.875728,2.654193
sample,799,drone,19.964000,7.599063,2.765622,1.729485,-2.837376,1.503958,-1.453636,1.991096,-1.055385,1.020072,2.654193
sample,800,drone,19.988987,7.528789,2.802870,1.693483,-2.784151,1.475746,-1.426368,2.265052,-1.200597,1.160425,2.654193
sample,801,drone,20.013973,7.459932,2.839368,1.658206,-2.724186,1.443962,-1.395647,2.530063,-1.341066,1.296194,2.654193
sample,802,drone,20.038959,7.392655,2.875029,1.623739,-2.657718,1.408730,-1.361594,2.784971,-1.476181,1.426788,2.654193
sample,803,drone,20.063945,7.327119,2.909766,1.590163,-2.585014,1.370193,-1.324347,3.028620,-1.605328,1.551614,2.654193
sample,804,drone,20.088932,7.263476,2.943501,1.557558,-2.506370,1.328508,-1.284056,3.259854,-1.727894,1.670079,2.654193
sample,805,drone,20.113918,7.201869,2.976155,1.525996,-2.422111,1.283846,-1.240889,3.477517,-1.843267,1.781591,2.654193
sample,806,drone,20.138904,7.142437,3.007657,1.495547,-2.332590,1.236395,-1.195026,3.680453,-1.950833,1.885558,2.654193
sample,807,drone,20.163890,7.085304,3.037941,1.466278,-2.238190,1.186358,-1.146663,3.867504,-2.049980,1.981388,2.654193
sample,808,drone,20.188877,7.030589,3.066943,1.438246,-2.139321,1.133953,-1.096011,4.037515,-2.140095,2.068488,2.654193
sample,809,drone,20.213863,6.978397,3.094607,1.411507,-2.036425,1.079412,-1.043295,4.189330,-2.220565,2.146265,2.654193
sample,810,drone,20.238849,6.928824,3.120884,1.386110,-1.929970,1.022986,-0.988757,4.321793,-2.290777,2.214128,2.654193
sample,811,drone,20.263835,6.881952,3.145728,1.362097,-1.820455,0.964936,-0.932650,4.433746,-2.350118,2.271483,2.654193
sample,812,drone,20.288822,6.837851,3.169104,1.339503,-1.708405,0.905544,-0.875245,4.524034,-2.397976,2.317740,2.654193
sample,813,drone,20.313808,6.796578,3.190981,1.318358,-1.594377,0.845104,-0.816827,4.591501,-2.433737,2.352304,2.654193
sample,814,drone,20.338794,6.758176,3.211336,1.298684,-1.478956,0.783924,-0.757694,4.634990,-2.456788,2.374584,2.654193
sample,815,drone,20.363780,6.722671,3.230155,1.280495,-1.362756,0.722332,-0.698163,4.653345,-2.466517,2.383988,2.654193
sample,816,drone,20.388766,6.690076,3.247433,1.263795,-1.246417,0.660667,-0.638561,4.645410,-2.462311,2.379922,2.654193
sample,817,drone,20.413753,6.660385,3.263170,1.248584,-1.130613,0.599284,-0.579232,4.610028,-2.443557,2.361796,2.654193
sample,818,drone,20.438739,6.633576,3.277380,1.234850,-1.016043,0.538556,-0.520536,4.546044,-2.409642,2.329015,2.654193
sample,819,drone,20.463725,6.609611,3.290083,1.222572,-0.903436,0.478868,-0.462846,4.452300,-2.359953,2.280989,2.654193
sample,820,drone,20.488711,6.588429,3.301310,1.211720,-0.793550,0.420623,-0.406549,4.327641,-2.293877,2.217124,2.654193
sample,821,drone,20.513698,6.569955,3.311103,1.202255,-0.687173,0.364238,-0.352050,4.170911,-2.210802,2.136829,2.654193
sample,822,drone,20.538684,6.554090,3.319512,1.194127,-0.585120,0.310144,-0.299767,3.980953,-2.110114,2.039510,2.654193
sample,823,drone,20.563670,6.540715,3.326602,1.187275,-0.488235,0.258790,-0.250131,3.756610,-1.991201,1.924575,2.654193
sample,824,drone,20.588656,6.529691,3.332445,1.181628,-0.397393,0.210639,-0.203591,3.496727,-1.853449,1.791433,2.654193
sample,825,drone,20.613643,6.520856,3.337128,1.177101,-0.313495,0.166169,-0.160609,3.200148,-1.696246,1.639490,2.654193
sample,826,drone,20.638629,6.514025,3.340749,1.173602,-0.237473,0.125873,-0.121662,2.865715,-1.518980,1.468155,2.654193
sample,827,drone,20.663615,6.508989,3.343418,1.171022,-0.170288,0.090262,-0.087241,2.492274,-1.321036,1.276834,2.654193
sample,828,drone,20.688601,6.505516,3.345259,1.169242,-0.112928,0.059858,-0.057855,2.078667,-1.101802,1.064936,2.654193
sample,829,drone,20.713587,6.503346,3.346409,1.168130,-0.066412,0.035202,-0.034024,1.623738,-0.860666,0.831869,2.654193
sample,830,drone,20.738574,6.502197,3.347018,1.167542,-0.031786,0.016848,-0.016285,1.126331,-0.597015,0.577039,2.654193
sample,831,drone,20.763560,6.501758,3.347251,1.167317,-0.010126,0.005367,-0.005188,0.616190,-0.325304,0.312741,2.654193
sample,832,drone,20.788546,6.501691,3.347286,1.167282,-0.000993,0.000592,-0.000656,0.259205,-0.126625,0.108588,2.604186
sample,833,drone,20.813532,6.501708,3.347281,1.167284,0.002827,-0.000960,0.000239,0.204434,-0.074543,0.028701,-0.327482
sample,834,drone,20.838519,6.501832,3.347239,1.167294,0.009223,-0.003133,0.000778,0.339061,-0.115184,0.028611,-0.327483
sample,835,drone,20.863505,6.502169,3.347124,1.167323,0.019770,-0.006716,0.001668,0.501952,-0.170521,0.042355,-0.327483
sample,836,drone,20.888491,6.502820,3.346903,1.167378,0.034306,-0.011654,0.002895,0.658328,-0.223644,0.055551,-0.327483
sample,837,drone,20.913477,6.503883,3.346542,1.167467,0.052669,-0.017892,0.004444,0.808274,-0.274583,0.068203,-0.327483
sample,838,drone,20.938464,6.505452,3.346009,1.167600,0.074698,-0.025376,0.006303,0.951874,-0.323366,0.080320,-0.327483
sample,839,drone,20.963450,6.507616,3.345274,1.167782,0.100236,-0.034052,0.008458,1.089213,-0.370022,0.091909,-0.327483
sample,840,drone,20.988436,6.510461,3.344307,1.168022,0.129129,-0.043867,0.010896,1.220378,-0.414580,0.102977,-0.327483
sample,841,drone,21.013422,6.514069,3.343081,1.168327,0.161222,-0.054769,0.013604,1.345452,-0.457070,0.113531,-0.327483
sample,842,drone,21.038409,6.518518,3.341570,1.168702,0.196364,-0.066708,0.016569,1.464521,-0.497520,0.123578,-0.327483
sample,843,drone,21.063395,6.523882,3.339748,1.169155,0.234407,-0.079632,0.019780,1.577671,-0.535958,0.133126,-0.327483
sample,844,drone,21.088381,6.530232,3.337591,1.169691,0.275204,-0.093491,0.023222,1.684986,-0.572415,0.142181,-0.327483
sample,845,drone,21.113367,6.537634,3.335076,1.170315,0.318610,-0.108237,0.026885,1.786552,-0.606918,0.150752,-0.327483
sample,846,drone,21.138353,6.546153,3.332182,1.171034,0.364483,-0.123820,0.030756,1.882454,-0.639497,0.158844,-0.327483
sample,847,drone,21.163340,6.555848,3.328888,1.171852,0.412681,-0.140194,0.034823,1.972776,-0.670181,0.166466,-0.327483
sample,848,drone,21.188326,6.566776,3.325176,1.172774,0.463067,-0.157311,0.039074,2.057605,-0.698999,0.173624,-0.327483
sample,849,drone,21.213312,6.578989,3.321027,1.173805,0.515505,-0.175125,0.043499,2.137025,-0.725979,0.180325,-0.327483
sample,850,drone,21.238298,6.592537,3.316425,1.174948,0.569860,-0.193590,0.048086,2.211121,-0.751150,0.186577,-0.327483
sample,851,drone,21.263285,6.607466,3.311353,1.176208,0.626000,-0.212661,0.052823,2.279979,-0.774542,0.192388,-0.327483
sample,852,drone,21.288271,6.623820,3.305797,1.177588,0.683796,-0.232296,0.057700,2.343683,-0.796184,0.197763,-0.327483
sample,853,drone,21.313257,6.641637,3.299745,1.179091,0.743119,-0.252449,0.062705,2.402320,-0.816104,0.202711,-0.327483
sample,854,drone,21.338243,6.660955,3.293182,1.180721,0.803846,-0.273078,0.067830,2.455973,-0.834330,0.207238,-0.327483
sample,855,drone,21.363230,6.681807,3.286098,1.182481,0.865851,-0.294142,0.073062,2.504729,-0.850893,0.211352,-0.327483
sample,856,drone,21.388216,6.704224,3.278483,1.184372,0.929013,-0.315599,0.078391,2.548672,-0.865822,0.215060,-0.327483
sample,857,drone,21.413202,6.728232,3.270327,1.186398,0.993214,-0.337409,0.083809,2.587888,-0.879144,0.218370,-0.327483
sample,858,drone,21.438188,6.753857,3.261622,1.188561,1.058336,-0.359532,0.089304,2.622461,-0.890889,0.221287,-0.327483
sample,859,drone,21.463174,6.781120,3.252360,1.190861,1.124265,-0.381929,0.094867,2.652477,-0.901086,0.223820,-0.327483
sample,860,drone,21.488161,6.810040,3.242536,1.193301,1.190887,-0.404562,0.100489,2.678022,-0.909764,0.225975,-0.327483
sample,861,drone,21.513147,6.840632,3.232143,1.195883,1.258092,-0.427392,0.106160,2.699179,-0.916951,0.227760,-0.327483
sample,862,drone,21.538133,6.872910,3.221178,1.198606,1.325772,-0.450384,0.111870,2.716035,-0.922677,0.229183,-0.327483
sample,863,drone,21.563119,6.906884,3.209636,1.201473,1.393819,-0.473501,0.117612,2.728674,-0.926971,0.230249,-0.327483
sample,864,drone,21.588106,6.942562,3.197516,1.204484,1.462130,-0.496707,0.123377,2.737182,-0.929861,0.230967,-0.327483
sample,865,drone,21.613092,6.979950,3.184815,1.207639,1.530603,-0.519968,0.129154,2.741644,-0.931377,0.231344,-0.327483
sample,866,drone,21.638078,7.019050,3.171532,1.210938,1.599137,-0.543250,0.134937,2.742144,-0.931547,0.231386,-0.327483
sample,867,drone,21.663064,7.059863,3.157667,1.214382,1.667635,-0.566520,0.140717,2.738769,-0.930400,0.231101,-0.327483
sample,868,drone,21.688051,7.102386,3.143221,1.217970,1.736000,-0.589745,0.146486,2.731603,-0.927966,0.230496,-0.327483
sample,869,drone,21.713037,7.146615,3.128196,1.221702,1.804139,-0.612893,0.152236,2.720732,-0.924273,0.229579,-0.327483
sample,870,drone,21.738023,7.192543,3.112594,1.225578,1.871962,-0.635933,0.157959,2.706240,-0.919350,0.228356,-0.327483
sample,871,drone,21.763009,7.240162,3.096417,1.229596,1.939377,-0.658835,0.163647,2.688213,-0.913226,0.226835,-0.327483
sample,872,drone,21.787996,7.289459,3.079670,1.233755,2.006298,-0.681569,0.169294,2.666736,-0.905930,0.225023,-0.327483
sample,873,drone,21.812982,7.340421,3.062357,1.238056,2.072640,-0.704107,0.174892,2.641895,-0.897491,0.222927,-0.327483
sample,874,drone,21.837968,7.393034,3.044484,1.242495,2.138320,-0.726419,0.180434,2.613773,-0.887937,0.220554,-0.327483
sample,875,drone,21.862954,7.447278,3.026056,1.247072,2.203257,-0.748479,0.185914,2.582457,-0.877299,0.217911,-0.327483
sample,876,drone,21.887940,7.503136,3.007081,1.251786,2.267372,-0.770260,0.191324,2.548031,-0.865604,0.215006,-0.327483
sample,877,drone,21.912927,7.560585,2.987565,1.256633,2.330588,-0.791735,0.196658,2.510581,-0.852882,0.211846,-0.327483
sample,878,drone,21.937913,7.619601,2.967516,1.261613,2.392832,-0.812880,0.201910,2.470193,-0.839161,0.208438,-0.327483
sample,879,drone,21.962899,7.680160,2.946943,1.266723,2.454030,-0.833670,0.207074,2.426950,-0.824471,0.204789,-0.327483
sample,880,drone,21.987885,7.742235,2.925855,1.271961,2.514113,-0.854081,0.212144,2.380938,-0.808840,0.200907,-0.327483
sample,881,drone,22.012872,7.805797,2.904262,1.277325,2.573011,-0.874090,0.217114,2.332243,-0.792297,0.196798,-0.327483
sample,882,drone,22.037858,7.870815,2.882175,1.282811,2.630661,-0.893674,0.221979,2.280949,-0.774872,0.192470,-0.327483
sample,883,drone,22.062844,7.937257,2.859603,1.288417,2.686996,-0.912812,0.226732,2.227142,-0.756593,0.187929,-0.327483
sample,884,drone,22.087830,8.005091,2.836559,1.294141,2.741956,-0.931483,0.231370,2.170907,-0.737489,0.183184,-0.327483
sample,885,drone,22.112817,8.074280,2.813055,1.299980,2.795482,-0.949666,0.235887,2.112329,-0.717590,0.178241,-0.327483
sample,886,drone,22.137803,8.144788,2.789102,1.305929,2.847515,-0.967343,0.240277,2.051494,-0.696923,0.173108,-0.327483
sample,887,drone,22.162789,8.216577,2.764714,1.311987,2.898000,-0.984493,0.244537,1.988485,-0.675518,0.167791,-0.327483
sample,888,drone,22.187775,8.289608,2.739905,1.318149,2.946884,-1.001100,0.248662,1.923389,-0.653404,0.162298,-0.327483
sample,889,drone,22.212761,8.363840,2.714687,1.324413,2.994116,-1.017146,0.252648,1.856291,-0.630610,0.156636,-0.327483
sample,890,drone,22.237748,8.439231,2.689075,1.330775,3.039648,-1.032613,0.256490,1.787276,-0.607164,0.150813,-0.327483
sample,891,drone,22.262734,8.515739,2.663085,1.337231,3.083431,-1.047487,0.260184,1.716429,-0.583096,0.144835,-0.327483
sample,892,drone,22.287720,8.593318,2.636730,1.343777,3.125422,-1.061752,0.263727,1.643834,-0.558435,0.138709,-0.327483
sample,893,drone,22.312706,8.671924,2.610026,1.350410,3.165577,-1.075393,0.267116,1.569579,-0.533209,0.132443,-0.327483
sample,894,drone,22.337693,8.751510,2.582990,1.357125,3.203858,-1.088398,0.270346,1.493746,-0.507448,0.126044,-0.327483
sample,895,drone,22.362679,8.832028,2.555636,1.363920,3.240224,-1.100752,0.273414,1.416422,-0.481180,0.119520,-0.327483
sample,896,drone,22.387665,8.913432,2.527982,1.370788,3.274640,-1.112443,0.276319,1.337693,-0.454434,0.112876,-0.327483
sample,897,drone,22.412651,8.995670,2.500045,1.377728,3.307071,-1.123461,0.279055,1.257642,-0.427239,0.106122,-0.327483
sample,898,drone,22.437638,9.078694,2.471840,1.384733,3.337487,-1.133794,0.281622,1.176355,-0.399625,0.099262,-0.327483
sample,899,drone,22.462624,9.162453,2.443386,1.391801,3.365857,-1.143431,0.284016,1.093917,-0.371620,0.092306,-0.327483
sample,900,drone,22.487610,9.246894,2.414700,1.398926,3.392153,-1.152364,0.286234,1.010414,-0.343253,0.085260,-0.327483
sample,901,drone,22.512596,9.331967,2.385800,1.406105,3.416350,-1.160584,0.288276,0.925931,-0.314552,0.078131,-0.327483
sample,902,drone,22.537583,9.417618,2.356703,1.413332,3.438424,-1.168083,0.290139,0.840552,-0.285548,0.070927,-0.327483
sample,903,drone,22.562569,9.503793,2.327428,1.420604,3.458354,-1.174854,0.291821,0.754364,-0.256268,0.063654,-0.327483
sample,904,drone,22.587555,9.590440,2.297993,1.427915,3.476121,-1.180890,0.293320,0.667450,-0.226743,0.056320,-0.327483
sample,905,drone,22.612541,9.677504,2.268416,1.435262,3.491708,-1.186185,0.294635,0.579897,-0.196999,0.048932,-0.327483
sample,906,drone,22.637527,9.764930,2.238716,1.442639,3.505100,-1.190734,0.295765,0.491789,-0.167068,0.041498,-0.327483
sample,907,drone,22.662514,9.852662,2.208912,1.450042,3.516284,-1.194534,0.296709,0.403211,-0.136977,0.034024,-0.327483
sample,908,drone,22.687500,9.940647,2.179022,1.457466,3.525250,-1.197579,0.297465,0.314250,-0.106755,0.026517,-0.327483
sample,909,drone,22.712486,10.028828,2.149066,1.464907,3.531988,-1.199869,0.298034,0.224989,-0.076432,0.018985,-0.327483
sample,910,drone,22.737472,10.117149,2.119062,1.472360,3.536493,-1.201399,0.298414,0.135515,-0.046036,0.011435,-0.327483
sample,911,drone,22.762459,10.205555,2.089029,1.479820,3.538760,-1.202169,0.298605,0.045911,-0.015597,0.003874,-0.327483
sample,912,drone,22.787445,10.293990,2.058986,1.487282,3.538787,-1.202178,0.298608,-0.043736,0.014858,-0.003690,-0.327483
sample,913,drone,22.812431,10.382397,2.028953,1.494742,3.536574,-1.201427,0.298421,-0.133341,0.045298,-0.011252,-0.327483
sample,914,drone,22.837417,10.470721,1.998948,1.502195,3.532124,-1.199915,0.298045,-0.222820,0.075695,-0.018802,-0.327483
sample,915,drone,22.862404,10.558906,1.968991,1.509636,3.525440,-1.197644,0.297481,-0.312087,0.106021,-0.026334,-0.327483
sample,916,drone,22.887390,10.646896,1.939099,1.517061,3.516528,-1.194617,0.296729,-0.401057,0.136245,-0.033842,-0.327483
sample,917,drone,22.912376,10.734635,1.909293,1.524464,3.505398,-1.190835,0.295790,-0.489644,0.166339,-0.041317,-0.327483
sample,918,drone,22.937362,10.822069,1.879590,1.531842,3.492059,-1.186304,0.294665,-0.577765,0.196275,-0.048753,-0.327483
sample,919,drone,22.962348,10.909142,1.850010,1.539189,3.476525,-1.181027,0.293354,-0.665333,0.226023,-0.056142,-0.327483
sample,920,drone,22.987335,10.995800,1.820571,1.546501,3.458811,-1.175009,0.291859,-0.752263,0.255555,-0.063477,-0.327483
sample,921,drone,23.012321,11.081988,1.791292,1.553774,3.438933,-1.168256,0.290182,-0.838470,0.284841,-0.070751,-0.327483
sample,922,drone,23.037307,11.167652,1.762191,1.561003,3.416911,-1.160775,0.288324,-0.923869,0.313852,-0.077957,-0.327483
sample,923,drone,23.062293,11.252739,1.733285,1.568182,3.392765,-1.152572,0.286286,-1.008375,0.342560,-0.085088,-0.327483
sample,924,drone,23.087280,11.337197,1.704594,1.575309,3.366520,-1.143656,0.284072,-1.091903,0.370936,-0.092136,-0.327483
sample,925,drone,23.112266,11.420972,1.676134,1.582378,3.338200,-1.134036,0.281682,-1.174368,0.398950,-0.099095,-0.327483
sample,926,drone,23.137252,11.504015,1.647923,1.589385,3.307834,-1.123720,0.279120,-1.255683,0.426574,-0.105956,-0.327483
sample,927,drone,23.162238,11.586273,1.619979,1.596326,3.275450,-1.112719,0.276387,-1.335765,0.453779,-0.112714,-0.327483
sample,928,drone,23.187225,11.667697,1.592318,1.603197,3.241082,-1.101043,0.273487,-1.414528,0.480536,-0.119360,-0.327483
sample,929,drone,23.212211,11.748238,1.564957,1.609993,3.204763,-1.088705,0.270422,-1.491887,0.506816,-0.125887,-0.327483
sample,930,drone,23.237197,11.827847,1.537912,1.616711,3.166529,-1.075717,0.267196,-1.567757,0.532590,-0.132289,-0.327483
sample,931,drone,23.262183,11.906477,1.511201,1.623346,3.126418,-1.062090,0.263811,-1.642052,0.557829,-0.138559,-0.327483
sample,932,drone,23.287170,11.984082,1.484837,1.629894,3.084471,-1.047841,0.260272,-1.714687,0.582505,-0.144688,-0.327483
sample,933,drone,23.312156,12.060616,1.458837,1.636352,3.040731,-1.032981,0.256581,-1.785578,0.606587,-0.150669,-0.327483
sample,934,drone,23.337142,12.136035,1.433217,1.642716,2.995242,-1.017528,0.252743,-1.854639,0.630048,-0.156497,-0.327483
sample,935,drone,23.362128,12.210295,1.407989,1.648982,2.948050,-1.001496,0.248761,-1.921784,0.652859,-0.162163,-0.327483
sample,936,drone,23.387114,12.283356,1.383169,1.655147,2.899205,-0.984903,0.244639,-1.986930,0.674989,-0.167660,-0.327483
sample,937,drone,23.412101,12.355176,1.358771,1.661207,2.848758,-0.967765,0.240382,-2.049990,0.696412,-0.172981,-0.327483
sample,938,drone,23.437087,12.425715,1.334808,1.667160,2.796762,-0.950102,0.235995,-2.110879,0.717097,-0.178119,-0.327483
sample,939,drone,23.462073,12.494937,1.311292,1.673001,2.743273,-0.931930,0.231481,-2.169513,0.737016,-0.183066,-0.327483
sample,940,drone,23.487059,12.562804,1.288237,1.678727,2.688346,-0.913271,0.226846,-2.225806,0.756139,-0.187817,-0.327483
sample,941,drone,23.512046,12.629280,1.265654,1.684337,2.632044,-0.894144,0.222095,-2.279673,0.774439,-0.192362,-0.327483
sample,942,drone,23.537032,12.694333,1.243554,1.689826,2.574426,-0.874570,0.217234,-2.331029,0.791885,-0.196695,-0.327483
sample,943,drone,23.562018,12.757931,1.221949,1.695192,2.515556,-0.854572,0.212266,-2.379788,0.808449,-0.200810,-0.327483
sample,944,drone,23.587004,12.820042,1.200849,1.700434,2.455502,-0.834170,0.207199,-2.425866,0.824102,-0.204698,-0.327483
sample,945,drone,23.611991,12.880638,1.180264,1.705547,2.394330,-0.813389,0.202037,-2.469177,0.838816,-0.208352,-0.327483
sample,946,drone,23.636977,12.939692,1.160202,1.710530,2.332111,-0.792253,0.196787,-2.509636,0.852560,-0.211766,-0.327483
sample,947,drone,23.661963,12.997179,1.140673,1.715381,2.268917,-0.770785,0.191454,-2.547158,0.865307,-0.214933,-0.327483
sample,948,drone,23.686949,13.053076,1.121684,1.720097,2.204823,-0.749011,0.186046,-2.581658,0.877027,-0.217844,-0.327483
sample,949,drone,23.711935,13.107360,1.103243,1.724678,2.139905,-0.726957,0.180568,-2.613050,0.887692,-0.220493,-0.327483
sample,950,drone,23.736922,13.160012,1.085356,1.729121,2.074243,-0.704651,0.175027,-2.641251,0.897272,-0.222872,-0.327483
sample,951,drone,23.761908,13.211015,1.068030,1.733424,2.007915,-0.682119,0.169431,-2.666173,0.905738,-0.224975,-0.327483
sample,952,drone,23.786894,13.260353,1.051269,1.737588,1.941007,-0.659389,0.163785,-2.687733,0.913063,-0.226795,-0.327483
sample,953,drone,23.811880,13.308012,1.035079,1.741609,1.873603,-0.636491,0.158097,-2.705844,0.919215,-0.228323,-0.327483
sample,954,drone,23.836867,13.353981,1.019462,1.745488,1.805790,-0.613453,0.152375,-2.720423,0.924168,-0.229553,-0.327483
sample,955,drone,23.861853,13.398252,1.004423,1.749224,1.737657,-0.590308,0.146626,-2.731383,0.927891,-0.230478,-0.327483
sample,956,drone,23.886839,13.440816,0.989963,1.752815,1.669296,-0.567084,0.140857,-2.738640,0.930356,-0.231090,-0.327483
sample,957,drone,23.911825,13.481670,0.976084,1.756263,1.600800,-0.543815,0.135078,-2.742108,0.931535,-0.231383,-0.327483
sample,958,drone,23.936812,13.520812,0.962787,1.759565,1.532266,-0.520533,0.129295,-2.741702,0.931397,-0.231349,-0.327483
sample,959,drone,23.961798,13.558241,0.950072,1.762724,1.463790,-0.497271,0.123517,-2.737338,0.929914,-0.230980,-0.327483
sample,960,drone,23.986784,13.593961,0.937937,1.765738,1.395474,-0.474063,0.117752,-2.728929,0.927058,-0.230271,-0.327483
sample,961,drone,24.011770,13.627977,0.926382,1.768608,1.327419,-0.450944,0.112009,-2.716391,0.922798,-0.229213,-0.327483
sample,962,drone,24.036757,13.660296,0.915403,1.771335,1.259729,-0.427949,0.106298,-2.699639,0.917107,-0.227799,-0.327483
sample,963,drone,24.061743,13.690929,0.904996,1.773920,1.192511,-0.405114,0.100626,-2.678587,0.909955,-0.226023,-0.327483
sample,964,drone,24.086729,13.719888,0.895158,1.776364,1.125874,-0.382476,0.095003,-2.653150,0.901314,-0.223876,-0.327483
sample,965,drone,24.111715,13.747191,0.885883,1.778668,1.059927,-0.360073,0.089438,-2.623243,0.891154,-0.221353,-0.327483
sample,966,drone,24.136701,13.772856,0.877164,1.780833,0.994784,-0.337943,0.083941,-2.588781,0.879447,-0.218445,-0.327483
sample,967,drone,24.161688,13.796903,0.868995,1.782862,0.930559,-0.316125,0.078522,-2.549679,0.866164,-0.215145,-0.327483
sample,968,drone,24.186674,13.819358,0.861367,1.784757,0.867370,-0.294658,0.073190,-2.505852,0.851275,-0.211447,-0.327483
sample,969,drone,24.211660,13.840248,0.854270,1.786520,0.805336,-0.273584,0.067955,-2.457214,0.834752,-0.207343,-0.327483
sample,970,drone,24.236646,13.859603,0.847695,1.788153,0.744577,-0.252944,0.062828,-2.403681,0.816566,-0.202826,-0.327483
sample,971,drone,24.261633,13.877456,0.841630,1.789660,0.685218,-0.232779,0.057820,-2.345166,0.796688,-0.197888,-0.327483
sample,972,drone,24.286619,13.893845,0.836063,1.791042,0.627383,-0.213131,0.052939,-2.281585,0.775088,-0.192523,-0.327483
sample,973,drone,24.311605,13.908808,0.830979,1.792305,0.571201,-0.194046,0.048199,-2.212854,0.751739,-0.186724,-0.327483
sample,974,drone,24.336591,13.922389,0.826366,1.793451,0.516802,-0.175565,0.043608,-2.138886,0.726611,-0.180482,-0.327483
sample,975,drone,24.361578,13.934634,0.822206,1.794484,0.464316,-0.157735,0.039180,-2.059596,0.699675,-0.173792,-0.327483
sample,976,drone,24.386564,13.945592,0.818483,1.795409,0.413878,-0.140601,0.034924,-1.974900,0.670903,-0.166645,-0.327483
sample,977,drone,24.411550,13.955316,0.815180,1.796230,0.365625,-0.124208,0.030852,-1.884711,0.640264,-0.159035,-0.327483
sample,978,drone,24.436536,13.963863,0.812276,1.796951,0.319695,-0.108605,0.026976,-1.788946,0.607731,-0.150954,-0.327483
sample,979,drone,24.461522,13.971292,0.809752,1.797578,0.276227,-0.093838,0.023308,-1.687519,0.573275,-0.142395,-0.327483
sample,980,drone,24.486509,13.977667,0.807587,1.798116,0.235365,-0.079957,0.019860,-1.580344,0.536866,-0.133352,-0.327483
sample,981,drone,24.511495,13.983054,0.805757,1.798570,0.197254,-0.067010,0.016645,-1.467337,0.498476,-0.123816,-0.327483
sample,982,drone,24.536481,13.987524,0.804238,1.798947,0.162039,-0.055047,0.013673,-1.348412,0.458076,-0.113781,-0.327483
sample,983,drone,24.561467,13.991152,0.803006,1.799253,0.129870,-0.044119,0.010959,-1.223485,0.415636,-0.103239,-0.327483
sample,984,drone,24.586454,13.994014,0.802034,1.799495,0.100898,-0.034277,0.008514,-1.092469,0.371128,-0.092184,-0.327483
sample,985,drone,24.611440,13.996194,0.801293,1.799679,0.075277,-0.025573,0.006352,-0.955281,0.324523,-0.080608,-0.327483
sample,986,drone,24.636426,13.997776,0.800756,1.799812,0.053161,-0.018059,0.004486,-0.811834,0.275792,-0.068504,-0.327483
sample,987,drone,24.661412,13.998850,0.800391,1.799903,0.034707,-0.011791,0.002929,-0.662043,0.224906,-0.055864,-0.327483
sample,988,drone,24.686399,13.999510,0.800166,1.799959,0.020077,-0.006820,0.001694,-0.505824,0.171836,-0.042682,-0.327483
sample,989,drone,24.711385,13.999854,0.800050,1.799988,0.009430,-0.003204,0.000796,-0.343091,0.116553,-0.028951,-0.327483
sample,990,drone,24.736371,13.999982,0.800006,1.799998,0.002932,-0.000996,0.000247,-0.173900,0.059077,-0.014674,-0.327483
sample,991,drone,24.761357,14.000000,0.800000,1.800000,0.000740,-0.000251,0.000062,-0.087715,0.029798,-0.007402,-0.327482
