section,index,name,t,x,y,z,vx,vy,vz,ax,ay,az,yaw
crossing,1,G1,1.519062,1.454377,-1.128568,2.260525,,,,,,
crossing,2,G5,7.587304,9.810291,-0.078900,2.878645,,,,,,
crossing,3,G3,10.742854,5.779703,-1.721825,2.308102,,,,,,
crossing,4,G4,12.279781,7.621514,-1.495809,2.228223,,,,,,
crossing,5,G2,14.935063,4.037743,-2.349892,2.470189,,,,,,
crossing,6,G6,20.979170,12.385128,-1.927113,2.832245,,,,,,
sample,0,drone,0.000000,0.000000,-1.000000,1.200000,0.002525,-0.000223,0.001841,0.293242,-0.025923,0.213831,-0.088172
sample,1,drone,0.024976,0.000063,-1.000006,1.200046,0.009849,-0.000871,0.007182,0.572932,-0.050648,0.417779,-0.088172
sample,2,drone,0.049952,0.000492,-1.000043,1.200359,0.031144,-0.002753,0.022710,1.104434,-0.097633,0.805348,-0.088172
sample,3,drone,0.074928,0.001619,-1.000143,1.201180,0.065017,-0.005748,0.047410,1.579912,-0.139666,1.152065,-0.088172
sample,4,drone,0.099904,0.003740,-1.000331,1.202727,0.110063,-0.009730,0.080258,2.000104,-0.176811,1.458467,-0.088172
sample,5,drone,0.124879,0.007117,-1.000629,1.205189,0.164926,-0.014580,0.120263,2.367027,-0.209247,1.726025,-0.088172
sample,6,drone,0.149855,0.011978,-1.001059,1.208734,0.228300,-0.020182,0.166476,2.682699,-0.237153,1.956211,-0.088172
sample,7,drone,0.174831,0.018521,-1.001637,1.213505,0.298931,-0.026426,0.217979,2.949135,-0.260706,2.150496,-0.088172
sample,8,drone,0.199807,0.026910,-1.002379,1.219623,0.375615,-0.033205,0.273897,3.168354,-0.280085,2.310349,-0.088172
sample,9,drone,0.224783,0.037283,-1.003296,1.227187,0.457196,-0.040417,0.333385,3.342372,-0.295469,2.437242,-0.088172
sample,10,drone,0.249759,0.049748,-1.004398,1.236276,0.542572,-0.047964,0.395641,3.473206,-0.307034,2.532645,-0.088172
sample,11,drone,0.274735,0.064386,-1.005692,1.246950,0.630689,-0.055753,0.459895,3.562872,-0.314961,2.598030,-0.088172
sample,12,drone,0.299711,0.081252,-1.007183,1.259249,0.720544,-0.063697,0.525417,3.613389,-0.319427,2.634867,-0.088172
sample,13,drone,0.324686,0.100378,-1.008874,1.273195,0.811184,-0.071709,0.591512,3.626773,-0.320610,2.644626,-0.088172
sample,14,drone,0.349662,0.121772,-1.010765,1.288796,0.901708,-0.079712,0.657521,3.605040,-0.318689,2.628778,-0.088172
sample,15,drone,0.374638,0.145420,-1.012855,1.306040,0.991262,-0.087628,0.722824,3.550208,-0.313842,2.588795,-0.088172
sample,16,drone,0.399614,0.171287,-1.015142,1.324902,1.079047,-0.095389,0.786836,3.464294,-0.306247,2.526147,-0.088172
sample,17,drone,0.424590,0.199320,-1.017620,1.345343,1.164310,-0.102926,0.849009,3.349314,-0.296082,2.442304,-0.088172
sample,18,drone,0.449566,0.229447,-1.020283,1.367311,1.246351,-0.110179,0.908833,3.207286,-0.283527,2.338738,-0.088172
sample,19,drone,0.474542,0.261578,-1.023124,1.390741,1.324519,-0.117089,0.965833,3.040227,-0.268759,2.216919,-0.088172
sample,20,drone,0.499518,0.295609,-1.026132,1.415557,1.398216,-0.123603,1.019572,2.850153,-0.251956,2.078318,-0.088172
sample,21,drone,0.524493,0.331421,-1.029298,1.441671,1.466890,-0.129674,1.069649,2.639081,-0.233297,1.924406,-0.088172
sample,22,drone,0.549469,0.368882,-1.032610,1.468987,1.530042,-0.135257,1.115700,2.409029,-0.212960,1.756653,-0.088172
sample,23,drone,0.574445,0.407849,-1.036054,1.497402,1.587225,-0.140312,1.157397,2.162013,-0.191124,1.576530,-0.088172
sample,24,drone,0.599421,0.448167,-1.039618,1.526801,1.638039,-0.144804,1.194450,1.900051,-0.167966,1.385508,-0.088172
sample,25,drone,0.624397,0.489672,-1.043287,1.557067,1.682136,-0.148702,1.226606,1.625158,-0.143665,1.185058,-0.088172
sample,26,drone,0.649373,0.532193,-1.047046,1.588072,1.719218,-0.151980,1.253646,1.339353,-0.118400,0.976650,-0.088172
sample,27,drone,0.674349,0.575550,-1.050879,1.619689,1.749039,-0.154617,1.275391,1.044652,-0.092348,0.761755,-0.088172
sample,28,drone,0.699325,0.619560,-1.054770,1.651781,1.771400,-0.156593,1.291697,0.743072,-0.065688,0.541844,-0.088172
sample,29,drone,0.724301,0.664035,-1.058701,1.684211,1.786157,-0.157898,1.302457,0.436629,-0.038598,0.318388,-0.088172
sample,30,drone,0.749276,0.708782,-1.062657,1.716841,1.793211,-0.158521,1.307601,0.127342,-0.011257,0.092857,-0.088172
sample,31,drone,0.774252,0.753609,-1.066620,1.749528,1.792517,-0.158460,1.307095,-0.182773,0.016157,-0.133277,-0.088172
sample,32,drone,0.799228,0.798321,-1.070572,1.782132,1.784081,-0.157714,1.300944,-0.491700,0.043467,-0.358545,-0.088172
sample,33,drone,0.824204,0.842727,-1.074498,1.814512,1.767956,-0.156289,1.289185,-0.797420,0.070493,-0.581475,-0.088172
sample,34,drone,0.849180,0.886634,-1.078379,1.846529,1.744248,-0.154193,1.271898,-1.097918,0.097057,-0.800597,-0.088172
sample,35,drone,0.874156,0.929855,-1.082200,1.878046,1.713113,-0.151441,1.249194,-1.391177,0.122981,-1.014440,-0.088172
sample,36,drone,0.899132,0.972207,-1.085944,1.908929,1.674757,-0.148050,1.221225,-1.675179,0.148087,-1.221532,-0.088172
sample,37,drone,0.924108,1.013512,-1.089595,1.939048,1.629435,-0.144043,1.188176,-1.947907,0.172197,-1.420405,-0.088172
sample,38,drone,0.949083,1.053600,-1.093139,1.968280,1.577455,-0.139448,1.150273,-2.207345,0.195131,-1.609585,-0.088172
sample,39,drone,0.974059,1.092309,-1.096561,1.996506,1.519174,-0.134296,1.107775,-2.451475,0.216713,-1.787604,-0.088172
sample,40,drone,0.999035,1.129486,-1.099848,2.023616,1.455000,-0.128623,1.060979,-2.678281,0.236762,-1.952990,-0.088172
sample,41,drone,1.024011,1.164989,-1.102986,2.049504,1.385390,-0.122470,1.010220,-2.885745,0.255102,-2.104272,-0.088172
sample,42,drone,1.048987,1.198688,-1.105965,2.074078,1.310852,-0.115880,0.955867,-3.071851,0.271554,-2.239980,-0.088172
sample,43,drone,1.073963,1.230468,-1.108774,2.097251,1.231945,-0.108905,0.898329,-3.234582,0.285940,-2.358642,-0.088172
sample,44,drone,1.098939,1.260226,-1.111405,2.118951,1.149279,-0.101597,0.838049,-3.371921,0.298081,-2.458789,-0.088172
sample,45,drone,1.123915,1.287876,-1.113849,2.139113,1.063512,-0.094015,0.775508,-3.481851,0.307799,-2.538950,-0.088172
sample,46,drone,1.148890,1.313350,-1.116101,2.157689,0.975354,-0.086222,0.711224,-3.562355,0.314915,-2.597652,-0.088172
sample,47,drone,1.173866,1.336597,-1.118156,2.174640,0.885566,-0.078285,0.645750,-3.611415,0.319252,-2.633427,-0.088172
sample,48,drone,1.198842,1.357586,-1.120012,2.189945,0.794958,-0.070275,0.579679,-3.627016,0.320631,-2.644803,-0.088172
sample,49,drone,1.223818,1.376307,-1.121667,2.203596,0.704390,-0.062269,0.513638,-3.607140,0.318874,-2.630309,-0.088172
sample,50,drone,1.248794,1.392771,-1.123122,2.215602,0.614775,-0.054347,0.448291,-3.549770,0.313803,-2.588475,-0.088172
sample,51,drone,1.273770,1.407016,-1.124381,2.225989,0.527073,-0.046594,0.384339,-3.452889,0.305238,-2.517830,-0.088172
sample,52,drone,1.298746,1.419100,-1.125450,2.234801,0.442297,-0.039099,0.322521,-3.314480,0.293003,-2.416903,-0.088172
sample,53,drone,1.323722,1.429109,-1.126335,2.242100,0.361509,-0.031958,0.263610,-3.132527,0.276918,-2.284224,-0.088172
sample,54,drone,1.348698,1.437158,-1.127046,2.247969,0.285821,-0.025267,0.208420,-2.905012,0.256806,-2.118321,-0.088172
sample,55,drone,1.373673,1.443386,-1.127597,2.252511,0.216398,-0.019130,0.157797,-2.629918,0.232487,-1.917724,-0.088172
sample,56,drone,1.398649,1.447967,-1.128002,2.255851,0.154452,-0.013654,0.112626,-2.305229,0.203784,-1.680962,-0.088172
sample,57,drone,1.423625,1.451102,-1.128279,2.258137,0.101248,-0.008950,0.073830,-1.928928,0.170519,-1.406565,-0.088172
sample,58,drone,1.448601,1.453025,-1.128449,2.259539,0.058099,-0.005136,0.042366,-1.498997,0.132513,-1.093061,-0.088172
sample,59,drone,1.473577,1.454004,-1.128535,2.260253,0.026370,-0.002331,0.019229,-1.013555,0.089602,-0.739088,-0.088172
sample,60,drone,1.498553,1.454342,-1.128565,2.260499,0.007470,-0.000660,0.005447,-0.510065,0.045903,-0.374425,-0.088153
sample,61,drone,1.523529,1.454377,-1.128568,2.260525,0.000892,-0.000038,0.000526,-0.125735,0.016209,-0.107280,-0.042855
sample,62,drone,1.548505,1.454386,-1.128567,2.260526,0.001190,0.000149,0.000088,0.051887,0.009526,-0.005372,0.124965
sample,63,drone,1.573480,1.454436,-1.128561,2.260529,0.003484,0.000438,0.000258,0.118378,0.014871,0.008757,0.124965
sample,64,drone,1.598456,1.454560,-1.128545,2.260538,0.007103,0.000892,0.000525,0.170753,0.021450,0.012631,0.124965
sample,65,drone,1.623432,1.454791,-1.128516,2.260556,0.012013,0.001509,0.000889,0.221781,0.027860,0.016406,0.124965
sample,66,drone,1.648408,1.455160,-1.128470,2.260583,0.018181,0.002284,0.001345,0.271473,0.034102,0.020082,0.124965
sample,67,drone,1.673384,1.455699,-1.128402,2.260623,0.025574,0.003213,0.001892,0.319839,0.040178,0.023660,0.124965
sample,68,drone,1.698360,1.456438,-1.128309,2.260677,0.034158,0.004291,0.002527,0.366893,0.046089,0.027141,0.124965
sample,69,drone,1.723336,1.457406,-1.128188,2.260749,0.043901,0.005515,0.003247,0.412644,0.051836,0.030525,0.124965
sample,70,drone,1.748312,1.458631,-1.128034,2.260840,0.054770,0.006880,0.004052,0.457104,0.057421,0.033814,0.124965
sample,71,drone,1.773287,1.460141,-1.127844,2.260951,0.066734,0.008383,0.004937,0.500285,0.062846,0.037008,0.124965
sample,72,drone,1.798263,1.461964,-1.127615,2.261086,0.079760,0.010019,0.005900,0.542199,0.068111,0.040109,0.124965
sample,73,drone,1.823239,1.464126,-1.127344,2.261246,0.093817,0.011785,0.006940,0.582855,0.073218,0.043116,0.124965
sample,74,drone,1.848215,1.466651,-1.127026,2.261433,0.108875,0.013677,0.008054,0.622267,0.078169,0.046032,0.124965
sample,75,drone,1.873191,1.469564,-1.126660,2.261648,0.124901,0.015690,0.009239,0.660445,0.082965,0.048856,0.124965
sample,76,drone,1.898167,1.472890,-1.126243,2.261894,0.141865,0.017821,0.010494,0.697401,0.087607,0.051590,0.124965
sample,77,drone,1.923143,1.476650,-1.125770,2.262173,0.159737,0.020066,0.011816,0.733145,0.092098,0.054234,0.124965
sample,78,drone,1.948119,1.480869,-1.125240,2.262485,0.178487,0.022421,0.013203,0.767691,0.096437,0.056789,0.124965
sample,79,drone,1.973095,1.485566,-1.124650,2.262832,0.198085,0.024883,0.014653,0.801048,0.100627,0.059257,0.124965
sample,80,drone,1.998070,1.490764,-1.123997,2.263217,0.218501,0.027448,0.016163,0.833228,0.104670,0.061637,0.124965
sample,81,drone,2.023046,1.496481,-1.123279,2.263639,0.239706,0.030112,0.017732,0.864243,0.108566,0.063931,0.124965
sample,82,drone,2.048022,1.502737,-1.122493,2.264102,0.261671,0.032871,0.019357,0.894104,0.112317,0.066140,0.124965
sample,83,drone,2.072998,1.509552,-1.121637,2.264606,0.284368,0.035722,0.021036,0.922822,0.115925,0.068265,0.124965
sample,84,drone,2.097974,1.516942,-1.120709,2.265153,0.307768,0.038662,0.022767,0.950409,0.119390,0.070306,0.124965
sample,85,drone,2.122950,1.524925,-1.119706,2.265744,0.331843,0.041686,0.024548,0.976876,0.122715,0.072263,0.124965
sample,86,drone,2.147926,1.533518,-1.118627,2.266379,0.356564,0.044792,0.026376,1.002235,0.125901,0.074139,0.124965
sample,87,drone,2.172902,1.542736,-1.117469,2.267061,0.381906,0.047975,0.028251,1.026497,0.128948,0.075934,0.124965
sample,88,drone,2.197877,1.552595,-1.116230,2.267790,0.407840,0.051233,0.030170,1.049673,0.131860,0.077649,0.124965
sample,89,drone,2.222853,1.563109,-1.114909,2.268568,0.434339,0.054562,0.032130,1.071775,0.134636,0.079284,0.124965
sample,90,drone,2.247829,1.574291,-1.113505,2.269395,0.461377,0.057958,0.034130,1.092815,0.137279,0.080840,0.124965
sample,91,drone,2.272805,1.586155,-1.112014,2.270273,0.488927,0.061419,0.036168,1.112802,0.139790,0.082318,0.124965
sample,92,drone,2.297781,1.598714,-1.110437,2.271202,0.516963,0.064941,0.038242,1.131750,0.142170,0.083720,0.124965
sample,93,drone,2.322757,1.611978,-1.108770,2.272183,0.545460,0.068521,0.040350,1.149669,0.144421,0.085046,0.124965
sample,94,drone,2.347733,1.625960,-1.107014,2.273218,0.574391,0.072155,0.042490,1.166571,0.146544,0.086296,0.124965
sample,95,drone,2.372709,1.640670,-1.105166,2.274306,0.603732,0.075841,0.044660,1.182466,0.148541,0.087472,0.124965
sample,96,drone,2.397685,1.656118,-1.103226,2.275448,0.633458,0.079575,0.046859,1.197368,0.150413,0.088574,0.124965
sample,97,drone,2.422660,1.672313,-1.101191,2.276646,0.663543,0.083354,0.049085,1.211286,0.152161,0.089604,0.124965
sample,98,drone,2.447636,1.689263,-1.099062,2.277900,0.693963,0.087176,0.051335,1.224232,0.153788,0.090561,0.124965
sample,99,drone,2.472612,1.706977,-1.096837,2.279211,0.724695,0.091036,0.053609,1.236218,0.155293,0.091448,0.124965
sample,100,drone,2.497588,1.725463,-1.094514,2.280578,0.755715,0.094933,0.055903,1.247256,0.156680,0.092264,0.124965
sample,101,drone,2.522564,1.744727,-1.092095,2.282003,0.786998,0.098863,0.058217,1.257355,0.157949,0.093012,0.124965
sample,102,drone,2.547540,1.764775,-1.089576,2.283486,0.818522,0.102823,0.060549,1.266529,0.159101,0.093690,0.124965
sample,103,drone,2.572516,1.785613,-1.086958,2.285028,0.850263,0.106810,0.062897,1.274788,0.160139,0.094301,0.124965
sample,104,drone,2.597492,1.807247,-1.084241,2.286628,0.882200,0.110822,0.065260,1.282143,0.161062,0.094845,0.124965
sample,105,drone,2.622467,1.829681,-1.081423,2.288288,0.914309,0.114855,0.067635,1.288606,0.161874,0.095323,0.124965
sample,106,drone,2.647443,1.852918,-1.078504,2.290007,0.946568,0.118908,0.070021,1.294189,0.162576,0.095736,0.124965
sample,107,drone,2.672419,1.876963,-1.075483,2.291785,0.978956,0.122976,0.072417,1.298903,0.163168,0.096085,0.124965
sample,108,drone,2.697395,1.901819,-1.072361,2.293624,1.011450,0.127058,0.074821,1.302759,0.163652,0.096370,0.124965
sample,109,drone,2.722371,1.927487,-1.069136,2.295523,1.044031,0.131151,0.077231,1.305768,0.164030,0.096593,0.124965
sample,110,drone,2.747347,1.953970,-1.065809,2.297482,1.076676,0.135252,0.079646,1.307942,0.164303,0.096754,0.124965
sample,111,drone,2.772323,1.981269,-1.062380,2.299501,1.109365,0.139358,0.082064,1.309293,0.164473,0.096854,0.124965
sample,112,drone,2.797299,2.009385,-1.058848,2.301581,1.142077,0.143467,0.084484,1.309832,0.164541,0.096893,0.124965
sample,113,drone,2.822274,2.038318,-1.055214,2.303721,1.174793,0.147577,0.086904,1.309569,0.164508,0.096874,0.124965
sample,114,drone,2.847250,2.068068,-1.051477,2.305922,1.207493,0.151685,0.089323,1.308518,0.164376,0.096796,0.124965
sample,115,drone,2.872226,2.098634,-1.047637,2.308183,1.240156,0.155788,0.091739,1.306688,0.164146,0.096661,0.124965
sample,116,drone,2.897202,2.130016,-1.043695,2.310505,1.272764,0.159884,0.094151,1.304091,0.163820,0.096469,0.124965
sample,117,drone,2.922178,2.162211,-1.039650,2.312886,1.305298,0.163971,0.096558,1.300739,0.163399,0.096221,0.124965
sample,118,drone,2.947154,2.195218,-1.035504,2.315328,1.337738,0.168046,0.098958,1.296644,0.162884,0.095918,0.124965
sample,119,drone,2.972130,2.229033,-1.031256,2.317829,1.370067,0.172108,0.101349,1.291815,0.162278,0.095561,0.124965
sample,120,drone,2.997106,2.263655,-1.026907,2.320390,1.402267,0.176152,0.103731,1.286266,0.161580,0.095150,0.124965
sample,121,drone,3.022082,2.299079,-1.022457,2.323011,1.434318,0.180179,0.106102,1.280007,0.160794,0.094687,0.124965
sample,122,drone,3.047057,2.335302,-1.017907,2.325690,1.466205,0.184184,0.108461,1.273050,0.159920,0.094173,0.124965
sample,123,drone,3.072033,2.372318,-1.013257,2.328429,1.497910,0.188167,0.110806,1.265405,0.158960,0.093607,0.124965
sample,124,drone,3.097009,2.410125,-1.008507,2.331225,1.529414,0.192125,0.113137,1.257086,0.157915,0.092992,0.124965
sample,125,drone,3.121985,2.448715,-1.003660,2.334080,1.560703,0.196055,0.115451,1.248102,0.156786,0.092327,0.124965
sample,126,drone,3.146961,2.488085,-0.998714,2.336992,1.591759,0.199956,0.117749,1.238465,0.155576,0.091614,0.124965
sample,127,drone,3.171937,2.528227,-0.993671,2.339962,1.622567,0.203826,0.120028,1.228187,0.154285,0.090854,0.124965
sample,128,drone,3.196913,2.569135,-0.988533,2.342988,1.653109,0.207663,0.122287,1.217279,0.152914,0.090047,0.124965
sample,129,drone,3.221889,2.610802,-0.983298,2.346070,1.683372,0.211465,0.124526,1.205752,0.151466,0.089194,0.124965
sample,130,drone,3.246864,2.653222,-0.977970,2.349208,1.713339,0.215229,0.126743,1.193618,0.149942,0.088297,0.124965
sample,131,drone,3.271840,2.696387,-0.972547,2.352401,1.742995,0.218955,0.128936,1.180889,0.148343,0.087355,0.124965
sample,132,drone,3.296816,2.740288,-0.967032,2.355649,1.772326,0.222639,0.131106,1.167574,0.146670,0.086370,0.124965
sample,133,drone,3.321792,2.784917,-0.961426,2.358950,1.801318,0.226281,0.133251,1.153687,0.144926,0.085343,0.124965
sample,134,drone,3.346768,2.830267,-0.955729,2.362305,1.829955,0.229879,0.135369,1.139239,0.143111,0.084274,0.124965
sample,135,drone,3.371744,2.876327,-0.949943,2.365712,1.858225,0.233430,0.137460,1.124240,0.141227,0.083164,0.124965
sample,136,drone,3.396720,2.923088,-0.944069,2.369171,1.886113,0.236933,0.139523,1.108702,0.139275,0.082015,0.124965
sample,137,drone,3.421696,2.970542,-0.938108,2.372682,1.913606,0.240387,0.141557,1.092637,0.137257,0.080827,0.124965
sample,138,drone,3.446671,3.018676,-0.932061,2.376242,1.940692,0.243789,0.143561,1.076055,0.135174,0.079600,0.124965
sample,139,drone,3.471647,3.067482,-0.925930,2.379853,1.967357,0.247139,0.145533,1.058969,0.133027,0.078336,0.124965
sample,140,drone,3.496623,3.116949,-0.919716,2.383512,1.993589,0.250434,0.147474,1.041390,0.130819,0.077036,0.124965
sample,141,drone,3.521599,3.167066,-0.913421,2.387219,2.019376,0.253674,0.149381,1.023329,0.128550,0.075700,0.124965
sample,142,drone,3.546575,3.217821,-0.907045,2.390974,2.044706,0.256856,0.151255,1.004797,0.126222,0.074329,0.124965
sample,143,drone,3.571551,3.269202,-0.900590,2.394775,2.069568,0.259979,0.153094,0.985806,0.123837,0.072924,0.124965
sample,144,drone,3.596527,3.321199,-0.894058,2.398621,2.093949,0.263041,0.154898,0.966368,0.121395,0.071486,0.124965
sample,145,drone,3.621503,3.373799,-0.887451,2.402512,2.117839,0.266043,0.156665,0.946493,0.118898,0.070016,0.124965
sample,146,drone,3.646479,3.426989,-0.880769,2.406447,2.141228,0.268981,0.158395,0.926193,0.116348,0.068514,0.124965
sample,147,drone,3.671454,3.480757,-0.874015,2.410424,2.164104,0.271854,0.160087,0.905480,0.113746,0.066982,0.124965
sample,148,drone,3.696430,3.535090,-0.867190,2.414444,2.186458,0.274662,0.161741,0.884365,0.111094,0.065420,0.124965
sample,149,drone,3.721406,3.589974,-0.860295,2.418504,2.208280,0.277404,0.163355,0.862858,0.108392,0.063829,0.124965
sample,150,drone,3.746382,3.645397,-0.853333,2.422603,2.229560,0.280077,0.164929,0.840973,0.105643,0.062210,0.124965
sample,151,drone,3.771358,3.701345,-0.846305,2.426742,2.250288,0.282681,0.166463,0.818719,0.102847,0.060564,0.124965
sample,152,drone,3.796334,3.757803,-0.839212,2.430918,2.270456,0.285214,0.167955,0.796109,0.100007,0.058891,0.124965
sample,153,drone,3.821310,3.814758,-0.832058,2.435132,2.290055,0.287676,0.169405,0.773154,0.097123,0.057193,0.124965
sample,154,drone,3.846286,3.872195,-0.824842,2.439381,2.309077,0.290066,0.170812,0.749865,0.094198,0.055470,0.124965
sample,155,drone,3.871261,3.930101,-0.817568,2.443664,2.327512,0.292382,0.172175,0.726253,0.091232,0.053724,0.124965
sample,156,drone,3.896237,3.988459,-0.810237,2.447981,2.345354,0.294623,0.173495,0.702331,0.088227,0.051954,0.124965
sample,157,drone,3.921213,4.047255,-0.802851,2.452330,2.362595,0.296789,0.174771,0.678108,0.085184,0.050162,0.124965
sample,158,drone,3.946189,4.106475,-0.795412,2.456711,2.379227,0.298878,0.176001,0.653598,0.082105,0.048349,0.124965
sample,159,drone,3.971165,4.166102,-0.787922,2.461122,2.395243,0.300890,0.177186,0.628811,0.078991,0.046516,0.124965
sample,160,drone,3.996141,4.226121,-0.780382,2.465562,2.410637,0.302824,0.178324,0.603758,0.075844,0.044662,0.124965
sample,161,drone,4.021117,4.286517,-0.772795,2.470030,2.425402,0.304678,0.179417,0.578451,0.072665,0.042790,0.124965
sample,162,drone,4.046093,4.347274,-0.765163,2.474524,2.439532,0.306453,0.180462,0.552902,0.069455,0.040900,0.124965
sample,163,drone,4.071068,4.408376,-0.757487,2.479044,2.453020,0.308148,0.181460,0.527121,0.066217,0.038993,0.124965
sample,164,drone,4.096044,4.469807,-0.749771,2.483588,2.465862,0.309761,0.182410,0.501120,0.062951,0.037070,0.124965
sample,165,drone,4.121020,4.531550,-0.742014,2.488156,2.478052,0.311292,0.183311,0.474911,0.059658,0.035131,0.124965
sample,166,drone,4.145996,4.593590,-0.734221,2.492745,2.489585,0.312741,0.184165,0.448505,0.056341,0.033178,0.124965
sample,167,drone,4.170972,4.655910,-0.726392,2.497355,2.500456,0.314107,0.184969,0.421913,0.053001,0.031211,0.124965
sample,168,drone,4.195948,4.718492,-0.718531,2.501984,2.510660,0.315389,0.185724,0.395147,0.049638,0.029231,0.124965
sample,169,drone,4.220924,4.781321,-0.710638,2.506632,2.520194,0.316586,0.186429,0.368218,0.046255,0.027239,0.124965
sample,170,drone,4.245900,4.844380,-0.702717,2.511297,2.529053,0.317699,0.187084,0.341137,0.042854,0.025235,0.124965
sample,171,drone,4.270876,4.907652,-0.694769,2.515977,2.537235,0.318727,0.187689,0.313916,0.039434,0.023222,0.124965
sample,172,drone,4.295851,4.971120,-0.686796,2.520672,2.544734,0.319669,0.188244,0.286566,0.035998,0.021198,0.124965
sample,173,drone,4.320827,5.034766,-0.678801,2.525381,2.551549,0.320525,0.188748,0.259099,0.032548,0.019167,0.124965
sample,174,drone,4.345803,5.098574,-0.670785,2.530101,2.557677,0.321295,0.189202,0.231526,0.029084,0.017127,0.124965
sample,175,drone,4.370779,5.162527,-0.662751,2.534831,2.563114,0.321978,0.189604,0.203859,0.025609,0.015080,0.124965
sample,176,drone,4.395755,5.226606,-0.654702,2.539572,2.567860,0.322574,0.189955,0.176108,0.022123,0.013027,0.124965
sample,177,drone,4.420731,5.290796,-0.646638,2.544320,2.571911,0.323083,0.190255,0.148285,0.018628,0.010969,0.124965
sample,178,drone,4.445707,5.355078,-0.638563,2.549075,2.575267,0.323504,0.190503,0.120402,0.015125,0.008907,0.124965
sample,179,drone,4.470683,5.419435,-0.630479,2.553836,2.577925,0.323838,0.190699,0.092470,0.011616,0.006840,0.124965
sample,180,drone,4.495658,5.483850,-0.622387,2.558601,2.579886,0.324085,0.190844,0.064501,0.008103,0.004771,0.124965
sample,181,drone,4.520634,5.548305,-0.614290,2.563369,2.581147,0.324243,0.190938,0.036505,0.004586,0.002700,0.124965
sample,182,drone,4.545610,5.612782,-0.606190,2.568139,2.581709,0.324314,0.190979,0.008494,0.001067,0.000628,0.124965
sample,183,drone,4.570586,5.677266,-0.598090,2.572909,2.581572,0.324296,0.190969,-0.019520,-0.002452,-0.001444,0.124965
sample,184,drone,4.595562,5.741736,-0.589991,2.577678,2.580734,0.324191,0.190907,-0.047526,-0.005970,-0.003516,0.124965
sample,185,drone,4.620538,5.806178,-0.581896,2.582445,2.579198,0.323998,0.190794,-0.075513,-0.009486,-0.005586,0.124965
sample,186,drone,4.645514,5.870572,-0.573807,2.587208,2.576962,0.323717,0.190628,-0.103469,-0.012998,-0.007654,0.124965
sample,187,drone,4.670490,5.934902,-0.565726,2.591967,2.574029,0.323349,0.190411,-0.131384,-0.016504,-0.009719,0.124965
sample,188,drone,4.695465,5.999149,-0.557655,2.596720,2.570399,0.322893,0.190143,-0.159244,-0.020004,-0.011780,0.124965
sample,189,drone,4.720441,6.063297,-0.549597,2.601465,2.566075,0.322350,0.189823,-0.187040,-0.023496,-0.013836,0.124965
sample,190,drone,4.745417,6.127329,-0.541553,2.606202,2.561056,0.321719,0.189452,-0.214759,-0.026978,-0.015887,0.124965
sample,191,drone,4.770393,6.191227,-0.533526,2.610929,2.555347,0.321002,0.189029,-0.242391,-0.030449,-0.017931,0.124965
sample,192,drone,4.795369,6.254973,-0.525518,2.615644,2.548949,0.320198,0.188556,-0.269924,-0.033908,-0.019967,0.124965
sample,193,drone,4.820345,6.318551,-0.517532,2.620347,2.541864,0.319308,0.188032,-0.297346,-0.037353,-0.021996,0.124965
sample,194,drone,4.845321,6.381944,-0.509568,2.625037,2.534096,0.318332,0.187457,-0.324646,-0.040782,-0.024015,0.124965
sample,195,drone,4.870297,6.445134,-0.501630,2.629711,2.525647,0.317271,0.186832,-0.351813,-0.044195,-0.026025,0.124965
sample,196,drone,4.895273,6.508104,-0.493720,2.634369,2.516522,0.316125,0.186157,-0.378836,-0.047589,-0.028024,0.124965
sample,197,drone,4.920248,6.570838,-0.485839,2.639010,2.506724,0.314894,0.185432,-0.405702,-0.050964,-0.030011,0.124965
sample,198,drone,4.945224,6.633320,-0.477991,2.643632,2.496256,0.313579,0.184658,-0.432401,-0.054318,-0.031986,0.124965
sample,199,drone,4.970200,6.695531,-0.470176,2.648234,2.485124,0.312181,0.183835,-0.458921,-0.057650,-0.033948,0.124965
sample,200,drone,4.995176,6.757456,-0.462397,2.652815,2.473332,0.310699,0.182962,-0.485251,-0.060957,-0.035896,0.124965
sample,201,drone,5.020152,6.819078,-0.454656,2.657373,2.460885,0.309136,0.182042,-0.511380,-0.064239,-0.037829,0.124965
sample,202,drone,5.045128,6.880381,-0.446955,2.661908,2.447788,0.307491,0.181073,-0.537295,-0.067495,-0.039746,0.124965
sample,203,drone,5.070104,6.941350,-0.439296,2.666418,2.434046,0.305764,0.180056,-0.562986,-0.070722,-0.041646,0.124965
sample,204,drone,5.095080,7.001966,-0.431681,2.670902,2.419666,0.303958,0.178992,-0.588442,-0.073920,-0.043529,0.124965
sample,205,drone,5.120055,7.062216,-0.424113,2.675359,2.404653,0.302072,0.177882,-0.613650,-0.077087,-0.045394,0.124965
sample,206,drone,5.145031,7.122083,-0.416592,2.679788,2.389013,0.300107,0.176725,-0.638599,-0.080221,-0.047240,0.124965
sample,207,drone,5.170007,7.181551,-0.409122,2.684187,2.372754,0.298065,0.175522,-0.663279,-0.083321,-0.049065,0.124965
sample,208,drone,5.194983,7.240606,-0.401703,2.688555,2.355881,0.295945,0.174274,-0.687677,-0.086386,-0.050870,0.124965
sample,209,drone,5.219959,7.299232,-0.394339,2.692892,2.338403,0.293750,0.172981,-0.711783,-0.089414,-0.052653,0.124965
sample,210,drone,5.244935,7.357414,-0.387030,2.697196,2.320326,0.291479,0.171644,-0.735584,-0.092404,-0.054414,0.124965
sample,211,drone,5.269911,7.415136,-0.379779,2.701466,2.301659,0.289134,0.170263,-0.759070,-0.095354,-0.056151,0.124965
sample,212,drone,5.294887,7.472385,-0.372587,2.705701,2.282409,0.286716,0.168839,-0.782230,-0.098263,-0.057865,0.124965
sample,213,drone,5.319862,7.529147,-0.365457,2.709900,2.262585,0.284225,0.167372,-0.805050,-0.101130,-0.059553,0.124965
sample,214,drone,5.344838,7.585406,-0.358390,2.714062,2.242196,0.281664,0.165864,-0.827521,-0.103953,-0.061215,0.124965
sample,215,drone,5.369814,7.641148,-0.351387,2.718185,2.221249,0.279033,0.164315,-0.849632,-0.106731,-0.062851,0.124965
sample,216,drone,5.394790,7.696361,-0.344452,2.722269,2.199755,0.276333,0.162725,-0.871369,-0.109461,-0.064459,0.124965
sample,217,drone,5.419766,7.751030,-0.337584,2.726313,2.177723,0.273565,0.161095,-0.892723,-0.112144,-0.066038,0.124965
sample,218,drone,5.444742,7.805142,-0.330787,2.730316,2.155162,0.270731,0.159426,-0.913681,-0.114776,-0.067589,0.124965
sample,219,drone,5.469718,7.858684,-0.324061,2.734277,2.132083,0.267832,0.157719,-0.934233,-0.117358,-0.069109,0.124965
sample,220,drone,5.494694,7.911643,-0.317408,2.738195,2.108495,0.264869,0.155974,-0.954367,-0.119887,-0.070598,0.124965
sample,221,drone,5.519670,7.964007,-0.310830,2.742068,2.084411,0.261843,0.154192,-0.974072,-0.122363,-0.072056,0.124965
sample,222,drone,5.544645,8.015763,-0.304328,2.745897,2.059839,0.258756,0.152375,-0.993335,-0.124783,-0.073481,0.124965
sample,223,drone,5.569621,8.066900,-0.297905,2.749680,2.034792,0.255610,0.150522,-1.012147,-0.127146,-0.074873,0.124965
sample,224,drone,5.594597,8.117405,-0.291560,2.753416,2.009280,0.252405,0.148634,-1.030495,-0.129450,-0.076230,0.124965
sample,225,drone,5.619573,8.167267,-0.285297,2.757104,1.983317,0.249144,0.146714,-1.048367,-0.131696,-0.077552,0.124965
sample,226,drone,5.644549,8.216475,-0.279115,2.760744,1.956913,0.245827,0.144761,-1.065754,-0.133880,-0.078838,0.124965
sample,227,drone,5.669525,8.265018,-0.273017,2.764335,1.930080,0.242456,0.142776,-1.082643,-0.136001,-0.080087,0.124965
sample,228,drone,5.694501,8.312886,-0.267004,2.767876,1.902833,0.239033,0.140760,-1.099022,-0.138059,-0.081299,0.124965
sample,229,drone,5.719477,8.360068,-0.261077,2.771366,1.875182,0.235560,0.138715,-1.114881,-0.140051,-0.082472,0.124965
sample,230,drone,5.744452,8.406554,-0.255237,2.774805,1.847142,0.232038,0.136640,-1.130208,-0.141976,-0.083606,0.124965
sample,231,drone,5.769428,8.452336,-0.249486,2.778192,1.818726,0.228468,0.134538,-1.144992,-0.143834,-0.084700,0.124965
sample,232,drone,5.794404,8.497403,-0.243825,2.781526,1.789948,0.224853,0.132410,-1.159221,-0.145621,-0.085752,0.124965
sample,233,drone,5.819380,8.541747,-0.238254,2.784806,1.760821,0.221194,0.130255,-1.172884,-0.147337,-0.086763,0.124965
sample,234,drone,5.844356,8.585359,-0.232776,2.788032,1.731360,0.217493,0.128076,-1.185969,-0.148981,-0.087731,0.124965
sample,235,drone,5.869332,8.628231,-0.227390,2.791204,1.701580,0.213752,0.125873,-1.198466,-0.150551,-0.088655,0.124965
sample,236,drone,5.894308,8.670356,-0.222099,2.794320,1.671495,0.209973,0.123647,-1.210362,-0.152045,-0.089535,0.124965
sample,237,drone,5.919284,8.711726,-0.216902,2.797380,1.641120,0.206157,0.121400,-1.221647,-0.153463,-0.090370,0.124965
sample,238,drone,5.944260,8.752333,-0.211801,2.800384,1.610472,0.202307,0.119133,-1.232308,-0.154802,-0.091159,0.124965
sample,239,drone,5.969235,8.792171,-0.206796,2.803331,1.579564,0.198425,0.116847,-1.242335,-0.156062,-0.091900,0.124965
sample,240,drone,5.994211,8.831235,-0.201889,2.806220,1.548415,0.194511,0.114542,-1.251716,-0.157240,-0.092594,0.124965
sample,241,drone,6.019187,8.869517,-0.197080,2.809052,1.517039,0.190570,0.112221,-1.260440,-0.158336,-0.093240,0.124965
sample,242,drone,6.044163,8.907014,-0.192370,2.811826,1.485453,0.186602,0.109885,-1.268496,-0.159348,-0.093836,0.124965
sample,243,drone,6.069139,8.943718,-0.187759,2.814541,1.453675,0.182610,0.107534,-1.275871,-0.160275,-0.094381,0.124965
sample,244,drone,6.094115,8.979627,-0.183248,2.817198,1.421722,0.178596,0.105170,-1.282555,-0.161114,-0.094876,0.124965
sample,245,drone,6.119091,9.014736,-0.178838,2.819795,1.389609,0.174562,0.102795,-1.288536,-0.161866,-0.095318,0.124965
sample,246,drone,6.144067,9.049041,-0.174528,2.822332,1.357357,0.170511,0.100409,-1.293802,-0.162527,-0.095708,0.124965
sample,247,drone,6.169042,9.082538,-0.170320,2.824810,1.324982,0.166444,0.098014,-1.298344,-0.163098,-0.096044,0.124965
sample,248,drone,6.194018,9.115226,-0.166214,2.827228,1.292502,0.162364,0.095612,-1.302148,-0.163576,-0.096325,0.124965
sample,249,drone,6.218994,9.147101,-0.162210,2.829586,1.259937,0.158273,0.093203,-1.305204,-0.163959,-0.096551,0.124965
sample,250,drone,6.243970,9.178162,-0.158308,2.831884,1.227305,0.154174,0.090789,-1.307500,-0.164248,-0.096721,0.124965
sample,251,drone,6.268946,9.208407,-0.154509,2.834121,1.194625,0.150069,0.088371,-1.309025,-0.164439,-0.096834,0.124965
sample,252,drone,6.293922,9.237836,-0.150812,2.836298,1.161917,0.145960,0.085952,-1.309767,-0.164533,-0.096889,0.124965
sample,253,drone,6.318898,9.266447,-0.147218,2.838415,1.129200,0.141850,0.083531,-1.309716,-0.164526,-0.096885,0.124965
sample,254,drone,6.343874,9.294241,-0.143726,2.840471,1.096494,0.137741,0.081112,-1.308859,-0.164419,-0.096822,0.124965
sample,255,drone,6.368849,9.321219,-0.140337,2.842467,1.063820,0.133637,0.078695,-1.307185,-0.164208,-0.096698,0.124965
sample,256,drone,6.393825,9.347381,-0.137051,2.844402,1.031198,0.129539,0.076282,-1.304684,-0.163894,-0.096513,0.124965
sample,257,drone,6.418801,9.372729,-0.133867,2.846277,0.998649,0.125450,0.073874,-1.301343,-0.163474,-0.096266,0.124965
sample,258,drone,6.443777,9.397265,-0.130784,2.848092,0.966194,0.121373,0.071473,-1.297150,-0.162948,-0.095955,0.124965
sample,259,drone,6.468753,9.420992,-0.127804,2.849847,0.933854,0.117311,0.069081,-1.292096,-0.162313,-0.095582,0.124965
sample,260,drone,6.493729,9.443913,-0.124925,2.851543,0.901651,0.113265,0.066699,-1.286168,-0.161568,-0.095143,0.124965
sample,261,drone,6.518705,9.466031,-0.122146,2.853179,0.869608,0.109240,0.064328,-1.279355,-0.160712,-0.094639,0.124965
sample,262,drone,6.543681,9.487351,-0.119468,2.854756,0.837745,0.105237,0.061971,-1.271645,-0.159744,-0.094069,0.124965
sample,263,drone,6.568657,9.507878,-0.116889,2.856274,0.806087,0.101260,0.059629,-1.263028,-0.158661,-0.093431,0.124965
sample,264,drone,6.593632,9.527617,-0.114410,2.857735,0.774655,0.097312,0.057304,-1.253491,-0.157463,-0.092726,0.124965
sample,265,drone,6.618608,9.546573,-0.112028,2.859137,0.743473,0.093395,0.054998,-1.243024,-0.156148,-0.091951,0.124965
sample,266,drone,6.643584,9.564754,-0.109744,2.860482,0.712564,0.089512,0.052711,-1.231615,-0.154715,-0.091107,0.124965
sample,267,drone,6.668560,9.582167,-0.107557,2.861770,0.681951,0.085667,0.050447,-1.219252,-0.153162,-0.090193,0.124965
sample,268,drone,6.693536,9.598819,-0.105465,2.863002,0.651660,0.081861,0.048206,-1.205924,-0.151488,-0.089207,0.124965
sample,269,drone,6.718512,9.614719,-0.103468,2.864178,0.621713,0.078099,0.045991,-1.191620,-0.149691,-0.088149,0.124965
sample,270,drone,6.743488,9.629875,-0.101564,2.865299,0.592136,0.074384,0.043803,-1.176329,-0.147770,-0.087018,0.124965
sample,271,drone,6.768464,9.644297,-0.099752,2.866366,0.562954,0.070718,0.041644,-1.160039,-0.145724,-0.085813,0.124965
sample,272,drone,6.793439,9.657995,-0.098032,2.867379,0.534190,0.067105,0.039516,-1.142738,-0.143550,-0.084533,0.124965
sample,273,drone,6.818415,9.670981,-0.096400,2.868340,0.505872,0.063548,0.037421,-1.124415,-0.141249,-0.083177,0.124965
sample,274,drone,6.843391,9.683265,-0.094857,2.869249,0.478024,0.060049,0.035361,-1.105060,-0.138817,-0.081746,0.124965
sample,275,drone,6.868367,9.694859,-0.093401,2.870106,0.450672,0.056613,0.033338,-1.084660,-0.136255,-0.080237,0.124965
sample,276,drone,6.893343,9.705776,-0.092029,2.870914,0.423843,0.053243,0.031353,-1.063203,-0.133559,-0.078649,0.124965
sample,277,drone,6.918319,9.716031,-0.090741,2.871672,0.397563,0.049942,0.029409,-1.040680,-0.130730,-0.076983,0.124965
sample,278,drone,6.943295,9.725635,-0.089535,2.872383,0.371859,0.046713,0.027508,-1.017078,-0.127765,-0.075237,0.124965
sample,279,drone,6.968271,9.734606,-0.088408,2.873046,0.346758,0.043560,0.025651,-0.992386,-0.124663,-0.073411,0.124965
sample,280,drone,6.993246,9.742957,-0.087359,2.873664,0.322288,0.040486,0.023841,-0.966592,-0.121423,-0.071503,0.124965
sample,281,drone,7.018222,9.750704,-0.086385,2.874237,0.298475,0.037494,0.022079,-0.939685,-0.118043,-0.069512,0.124965
sample,282,drone,7.043198,9.757866,-0.085486,2.874767,0.275349,0.034589,0.020369,-0.911654,-0.114522,-0.067439,0.124965
sample,283,drone,7.068174,9.764459,-0.084658,2.875255,0.252937,0.031774,0.018711,-0.882487,-0.110858,-0.065281,0.124965
sample,284,drone,7.093150,9.770501,-0.083899,2.875702,0.231267,0.029052,0.017108,-0.852174,-0.107050,-0.063039,0.124965
sample,285,drone,7.118126,9.776011,-0.083206,2.876109,0.210369,0.026427,0.015562,-0.820701,-0.103096,-0.060711,0.124965
sample,286,drone,7.143102,9.781009,-0.082579,2.876479,0.190272,0.023902,0.014075,-0.788059,-0.098996,-0.058296,0.124965
sample,287,drone,7.168078,9.785515,-0.082013,2.876812,0.171004,0.021482,0.012650,-0.754236,-0.094747,-0.055794,0.124965
sample,288,drone,7.193054,9.789551,-0.081506,2.877111,0.152596,0.019169,0.011288,-0.719220,-0.090348,-0.053204,0.124965
sample,289,drone,7.218029,9.793138,-0.081055,2.877376,0.135078,0.016968,0.009992,-0.683000,-0.085798,-0.050524,0.124965
sample,290,drone,7.243005,9.796298,-0.080658,2.877610,0.118479,0.014883,0.008764,-0.645565,-0.081096,-0.047755,0.124965
sample,291,drone,7.267981,9.799056,-0.080312,2.877814,0.102831,0.012918,0.007607,-0.606902,-0.076239,-0.044895,0.124965
sample,292,drone,7.292957,9.801435,-0.080013,2.877990,0.088163,0.011075,0.006522,-0.567002,-0.071227,-0.041943,0.124965
sample,293,drone,7.317933,9.803460,-0.079758,2.878140,0.074508,0.009360,0.005512,-0.525852,-0.066057,-0.038899,0.124965
sample,294,drone,7.342909,9.805157,-0.079545,2.878265,0.061896,0.007775,0.004579,-0.483441,-0.060730,-0.035762,0.124965
sample,295,drone,7.367885,9.806552,-0.079370,2.878369,0.050359,0.006326,0.003725,-0.439758,-0.055242,-0.032531,0.124965
sample,296,drone,7.392861,9.807672,-0.079229,2.878451,0.039930,0.005016,0.002954,-0.394791,-0.049594,-0.029204,0.124965
sample,297,drone,7.417836,9.808546,-0.079119,2.878516,0.030639,0.003849,0.002266,-0.348528,-0.043782,-0.025782,0.124965
sample,298,drone,7.442812,9.809203,-0.079037,2.878565,0.022520,0.002829,0.001666,-0.300960,-0.037806,-0.022263,0.124965
sample,299,drone,7.467788,9.809671,-0.078978,2.878599,0.015605,0.001960,0.001154,-0.252073,-0.031665,-0.018647,0.124965
sample,300,drone,7.492764,9.809982,-0.078939,2.878622,0.009928,0.001247,0.000734,-0.201857,-0.025357,-0.014932,0.124965
sample,301,drone,7.517740,9.810167,-0.078916,2.878636,0.005522,0.000694,0.000409,-0.150300,-0.018881,-0.011118,0.124965
sample,302,drone,7.542716,9.810258,-0.078904,2.878643,0.002421,0.000304,0.000179,-0.097493,-0.012269,-0.007217,0.124965
sample,303,drone,7.567692,9.810288,-0.078901,2.878645,0.000652,0.000081,0.000048,-0.061487,-0.011715,-0.005505,0.123282
sample,304,drone,7.592668,9.810291,-0.078900,2.878645,-0.000651,-0.000281,-0.000096,-0.097722,-0.036128,-0.012945,-2.733834
sample,305,drone,7.617643,9.810255,-0.078915,2.878640,-0.004229,-0.001724,-0.000599,-0.228874,-0.092975,-0.032322,-2.754540
sample,306,drone,7.642619,9.810079,-0.078986,2.878615,-0.012083,-0.004925,-0.001710,-0.400675,-0.163321,-0.056717,-2.754540
sample,307,drone,7.667595,9.809652,-0.079161,2.878555,-0.024243,-0.009882,-0.003432,-0.568706,-0.231813,-0.080502,-2.754540
sample,308,drone,7.692571,9.808868,-0.079480,2.878444,-0.040491,-0.016505,-0.005732,-0.728074,-0.296773,-0.103061,-2.754540
sample,309,drone,7.717547,9.807629,-0.079985,2.878268,-0.060612,-0.024706,-0.008580,-0.878921,-0.358261,-0.124414,-2.754540
sample,310,drone,7.742523,9.805841,-0.080714,2.878015,-0.084395,-0.034401,-0.011946,-1.021394,-0.416335,-0.144582,-2.754540
sample,311,drone,7.767499,9.803414,-0.081703,2.877672,-0.111632,-0.045503,-0.015802,-1.155636,-0.471053,-0.163584,-2.754540
sample,312,drone,7.792475,9.800264,-0.082987,2.877226,-0.142121,-0.057930,-0.020118,-1.281791,-0.522476,-0.181442,-2.754540
sample,313,drone,7.817451,9.796314,-0.084597,2.876667,-0.175660,-0.071602,-0.024865,-1.400005,-0.570662,-0.198175,-2.754540
sample,314,drone,7.842426,9.791490,-0.086564,2.875984,-0.212054,-0.086436,-0.030017,-1.510422,-0.615669,-0.213805,-2.754540
sample,315,drone,7.867402,9.785722,-0.088915,2.875167,-0.251108,-0.102355,-0.035545,-1.613186,-0.657557,-0.228352,-2.754540
sample,316,drone,7.892378,9.778947,-0.091677,2.874208,-0.292635,-0.119282,-0.041423,-1.708442,-0.696385,-0.241836,-2.754540
sample,317,drone,7.917354,9.771104,-0.094873,2.873098,-0.336448,-0.137141,-0.047625,-1.796334,-0.732211,-0.254277,-2.754540
sample,318,drone,7.942330,9.762140,-0.098527,2.871829,-0.382365,-0.155857,-0.054125,-1.877007,-0.765095,-0.265697,-2.754540
sample,319,drone,7.967306,9.752004,-0.102659,2.870395,-0.430208,-0.175359,-0.060897,-1.950606,-0.795094,-0.276115,-2.754540
sample,320,drone,7.992282,9.740651,-0.107287,2.868787,-0.479801,-0.195574,-0.067917,-2.017274,-0.822269,-0.285552,-2.754540
sample,321,drone,8.017258,9.728038,-0.112428,2.867002,-0.530974,-0.216433,-0.075161,-2.077157,-0.846678,-0.294029,-2.754540
sample,322,drone,8.042233,9.714128,-0.118098,2.865033,-0.583559,-0.237867,-0.082605,-2.130399,-0.868380,-0.301565,-2.754540
sample,323,drone,8.067209,9.698888,-0.124310,2.862876,-0.637391,-0.259810,-0.090225,-2.177144,-0.887434,-0.308182,-2.754540
sample,324,drone,8.092185,9.682289,-0.131076,2.860526,-0.692311,-0.282196,-0.097999,-2.217536,-0.903899,-0.313900,-2.754540
sample,325,drone,8.117161,9.664306,-0.138406,2.857980,-0.748161,-0.304961,-0.105905,-2.251722,-0.917833,-0.318739,-2.754540
sample,326,drone,8.142137,9.644917,-0.146309,2.855236,-0.804789,-0.328043,-0.113921,-2.279844,-0.929296,-0.322720,-2.754540
sample,327,drone,8.167113,9.624105,-0.154792,2.852290,-0.862044,-0.351381,-0.122025,-2.302047,-0.938347,-0.325863,-2.754540
sample,328,drone,8.192089,9.601856,-0.163861,2.849141,-0.919780,-0.374915,-0.130198,-2.318477,-0.945044,-0.328188,-2.754540
sample,329,drone,8.217065,9.578160,-0.173520,2.845786,-0.977856,-0.398588,-0.138419,-2.329277,-0.949446,-0.329717,-2.754540
sample,330,drone,8.242040,9.553011,-0.183771,2.842226,-1.036131,-0.422342,-0.146668,-2.334592,-0.951612,-0.330469,-2.754540
sample,331,drone,8.267016,9.526404,-0.194617,2.838460,-1.094473,-0.446122,-0.154926,-2.334566,-0.951602,-0.330466,-2.754540
sample,332,drone,8.291992,9.498340,-0.206056,2.834487,-1.152747,-0.469876,-0.163175,-2.329344,-0.949474,-0.329727,-2.754540
sample,333,drone,8.316968,9.468822,-0.218088,2.830309,-1.210827,-0.493550,-0.171397,-2.319071,-0.945286,-0.328272,-2.754540
sample,334,drone,8.341944,9.437857,-0.230710,2.825926,-1.268589,-0.517095,-0.179573,-2.303891,-0.939098,-0.326123,-2.754540
sample,335,drone,8.366920,9.405454,-0.243918,2.821339,-1.325911,-0.540460,-0.187687,-2.283948,-0.930969,-0.323300,-2.754540
sample,336,drone,8.391896,9.371625,-0.257706,2.816551,-1.382676,-0.563598,-0.195722,-2.259387,-0.920958,-0.319824,-2.754540
sample,337,drone,8.416872,9.336387,-0.272070,2.811562,-1.438771,-0.586463,-0.203663,-2.230353,-0.909123,-0.315714,-2.754540
sample,338,drone,8.441848,9.299756,-0.287001,2.806377,-1.494086,-0.609011,-0.211493,-2.196989,-0.895524,-0.310991,-2.754540
sample,339,drone,8.466823,9.261754,-0.302491,2.800998,-1.548515,-0.631196,-0.219197,-2.159441,-0.880219,-0.305676,-2.754540
sample,340,drone,8.491799,9.222405,-0.318531,2.795428,-1.601954,-0.652979,-0.226762,-2.117853,-0.863267,-0.299789,-2.754540
sample,341,drone,8.516775,9.181734,-0.335109,2.789671,-1.654305,-0.674318,-0.234172,-2.072370,-0.844727,-0.293351,-2.754540
sample,342,drone,8.541751,9.139770,-0.352214,2.783731,-1.705473,-0.695175,-0.241415,-2.023135,-0.824658,-0.286382,-2.754540
sample,343,drone,8.566727,9.096543,-0.369834,2.777612,-1.755364,-0.715511,-0.248478,-1.970295,-0.803120,-0.278902,-2.754540
sample,344,drone,8.591703,9.052086,-0.387955,2.771319,-1.803892,-0.735292,-0.255347,-1.913992,-0.780170,-0.270932,-2.754540
sample,345,drone,8.616679,9.006435,-0.406563,2.764857,-1.850972,-0.754482,-0.262011,-1.854371,-0.755868,-0.262492,-2.754540
sample,346,drone,8.641655,8.959627,-0.425643,2.758231,-1.896521,-0.773049,-0.268459,-1.791578,-0.730272,-0.253604,-2.754540
sample,347,drone,8.666630,8.911700,-0.445178,2.751447,-1.940464,-0.790960,-0.274679,-1.725756,-0.703443,-0.244287,-2.754540
sample,348,drone,8.691606,8.862697,-0.465153,2.744510,-1.982726,-0.808187,-0.280661,-1.657051,-0.675437,-0.234561,-2.754540
sample,349,drone,8.716582,8.812660,-0.485549,2.737427,-2.023237,-0.824700,-0.286396,-1.585606,-0.646315,-0.224448,-2.754540
sample,350,drone,8.741558,8.761633,-0.506348,2.730204,-2.061930,-0.840472,-0.291873,-1.511565,-0.616135,-0.213967,-2.754540
sample,351,drone,8.766534,8.709663,-0.527532,2.722848,-2.098742,-0.855477,-0.297084,-1.435075,-0.584957,-0.203140,-2.754540
sample,352,drone,8.791510,8.656797,-0.549080,2.715364,-2.133614,-0.869691,-0.302020,-1.356279,-0.552838,-0.191986,-2.754540
sample,353,drone,8.816486,8.603085,-0.570974,2.707761,-2.166491,-0.883092,-0.306674,-1.275321,-0.519839,-0.180526,-2.754540
sample,354,drone,8.841462,8.548577,-0.593192,2.700045,-2.197319,-0.895658,-0.311038,-1.192346,-0.486017,-0.168781,-2.754540
sample,355,drone,8.866437,8.493325,-0.615714,2.692224,-2.226050,-0.907369,-0.315105,-1.107499,-0.451432,-0.156770,-2.754540
sample,356,drone,8.891413,8.437382,-0.638517,2.684305,-2.252640,-0.918208,-0.318869,-1.020924,-0.416143,-0.144515,-2.754540
sample,357,drone,8.916389,8.380802,-0.661580,2.676296,-2.277047,-0.928156,-0.322324,-0.932765,-0.380208,-0.132036,-2.754540
sample,358,drone,8.941365,8.323639,-0.684880,2.668205,-2.299234,-0.937200,-0.325464,-0.843168,-0.343687,-0.119353,-2.754540
sample,359,drone,8.966341,8.265951,-0.708395,2.660039,-2.319165,-0.945324,-0.328286,-0.752277,-0.306638,-0.106487,-2.754540
sample,360,drone,8.991317,8.207793,-0.732101,2.651806,-2.336811,-0.952517,-0.330783,-0.660235,-0.269121,-0.093458,-2.754540
sample,361,drone,9.016293,8.149223,-0.755975,2.643515,-2.352145,-0.958767,-0.332954,-0.567188,-0.231194,-0.080287,-2.754540
sample,362,drone,9.041269,8.090299,-0.779993,2.635175,-2.365143,-0.964066,-0.334794,-0.473280,-0.192916,-0.066994,-2.754540
sample,363,drone,9.066245,8.031080,-0.804132,2.626792,-2.375786,-0.968404,-0.336300,-0.378656,-0.154346,-0.053600,-2.754540
sample,364,drone,9.091220,7.971625,-0.828366,2.618376,-2.384058,-0.971775,-0.337471,-0.283460,-0.115542,-0.040125,-2.754540
sample,365,drone,9.116196,7.911992,-0.852673,2.609935,-2.389945,-0.974175,-0.338305,-0.187837,-0.076565,-0.026589,-2.754540
sample,366,drone,9.141172,7.852243,-0.877028,2.601477,-2.393440,-0.975600,-0.338800,-0.091931,-0.037472,-0.013013,-2.754540
sample,367,drone,9.166148,7.792436,-0.901406,2.593011,-2.394538,-0.976047,-0.338955,0.004113,0.001677,0.000582,-2.754540
sample,368,drone,9.191124,7.732631,-0.925783,2.584545,-2.393235,-0.975516,-0.338770,0.100152,0.040823,0.014177,-2.754540
sample,369,drone,9.216100,7.672889,-0.950135,2.576089,-2.389535,-0.974008,-0.338247,0.196039,0.079908,0.027750,-2.754540
sample,370,drone,9.241076,7.613270,-0.974437,2.567649,-2.383442,-0.971525,-0.337384,0.291631,0.118873,0.041281,-2.754540
sample,371,drone,9.266052,7.553832,-0.998664,2.559236,-2.374967,-0.968070,-0.336185,0.386784,0.157659,0.054751,-2.754540
sample,372,drone,9.291027,7.494636,-1.022794,2.550856,-2.364122,-0.963649,-0.334649,0.481352,0.196206,0.068137,-2.754540
sample,373,drone,9.316003,7.435740,-1.046800,2.542520,-2.350923,-0.958269,-0.332781,0.575192,0.234456,0.081420,-2.754540
sample,374,drone,9.340979,7.377203,-1.070661,2.534233,-2.335390,-0.951938,-0.330582,0.668159,0.272351,0.094580,-2.754540
sample,375,drone,9.365955,7.319083,-1.094351,2.526006,-2.317547,-0.944665,-0.328057,0.760107,0.309830,0.107596,-2.754540
sample,376,drone,9.390931,7.261438,-1.117849,2.517846,-2.297421,-0.936461,-0.325208,0.850894,0.346836,0.120447,-2.754540
sample,377,drone,9.415907,7.204323,-1.141129,2.509762,-2.275044,-0.927340,-0.322040,0.940373,0.383309,0.133113,-2.754540
sample,378,drone,9.440883,7.147795,-1.164171,2.501760,-2.250448,-0.917314,-0.318558,1.028402,0.419191,0.145574,-2.754540
sample,379,drone,9.465859,7.091909,-1.186951,2.493849,-2.223673,-0.906400,-0.314768,1.114835,0.454422,0.157809,-2.754540
sample,380,drone,9.490835,7.036719,-1.209447,2.486037,-2.194760,-0.894615,-0.310676,1.199527,0.488944,0.169797,-2.754540
sample,381,drone,9.515810,6.982277,-1.231638,2.478330,-2.163755,-0.881977,-0.306287,1.282335,0.522698,0.181519,-2.754540
sample,382,drone,9.540786,6.928636,-1.253503,2.470737,-2.130705,-0.868505,-0.301608,1.363113,0.555624,0.192953,-2.754540
sample,383,drone,9.565762,6.875845,-1.275022,2.463264,-2.095665,-0.854222,-0.296648,1.441718,0.587664,0.204080,-2.754540
sample,384,drone,9.590738,6.823953,-1.296173,2.455919,-2.058689,-0.839151,-0.291414,1.518004,0.618760,0.214879,-2.754540
sample,385,drone,9.615714,6.773009,-1.316939,2.448708,-2.019838,-0.823314,-0.285915,1.591828,0.648851,0.225329,-2.754540
sample,386,drone,9.640690,6.723059,-1.337299,2.441637,-1.979174,-0.806739,-0.280159,1.663044,0.677880,0.235409,-2.754540
sample,387,drone,9.665666,6.674146,-1.357237,2.434713,-1.936766,-0.789453,-0.274156,1.731508,0.705787,0.245101,-2.754540
sample,388,drone,9.690642,6.626314,-1.376734,2.427943,-1.892682,-0.771484,-0.267916,1.797076,0.732514,0.254382,-2.754540
sample,389,drone,9.715617,6.579603,-1.395774,2.421331,-1.846999,-0.752863,-0.261449,1.859603,0.758000,0.263233,-2.754540
sample,390,drone,9.740593,6.534053,-1.414341,2.414883,-1.799792,-0.733621,-0.254767,1.918945,0.782189,0.271633,-2.754540
sample,391,drone,9.765569,6.489701,-1.432419,2.408604,-1.751144,-0.713791,-0.247880,1.974957,0.805020,0.279562,-2.754540
sample,392,drone,9.790545,6.446581,-1.449996,2.402501,-1.701139,-0.693408,-0.240802,2.027495,0.826435,0.286999,-2.754540
sample,393,drone,9.815521,6.404726,-1.467056,2.396576,-1.649867,-0.672509,-0.233544,2.076414,0.846375,0.293923,-2.754540
sample,394,drone,9.840497,6.364167,-1.483589,2.390835,-1.597419,-0.651130,-0.226120,2.121569,0.864782,0.300315,-2.754540
sample,395,drone,9.865473,6.324932,-1.499582,2.385281,-1.543891,-0.629312,-0.218543,2.162817,0.881595,0.306154,-2.754540
sample,396,drone,9.890449,6.287047,-1.515024,2.379918,-1.489382,-0.607093,-0.210827,2.200012,0.896756,0.311419,-2.754540
sample,397,drone,9.915424,6.250535,-1.529907,2.374750,-1.433996,-0.584517,-0.202987,2.233011,0.910207,0.316090,-2.754540
sample,398,drone,9.940400,6.215416,-1.544222,2.369779,-1.377840,-0.561627,-0.195038,2.261668,0.921887,0.320147,-2.754540
sample,399,drone,9.965376,6.181709,-1.557961,2.365007,-1.321022,-0.538467,-0.186995,2.285839,0.931740,0.323568,-2.754540
sample,400,drone,9.990352,6.149429,-1.571119,2.360438,-1.263658,-0.515085,-0.178875,2.305379,0.939705,0.326334,-2.754540
sample,401,drone,10.015328,6.118587,-1.583691,2.356072,-1.205864,-0.491527,-0.170694,2.320145,0.945724,0.328424,-2.754540
sample,402,drone,10.040304,6.089194,-1.595672,2.351911,-1.147763,-0.467844,-0.162470,2.329991,0.949737,0.329818,-2.754540
sample,403,drone,10.065280,6.061254,-1.607060,2.347956,-1.089477,-0.444086,-0.154219,2.334774,0.951687,0.330495,-2.754540
sample,404,drone,10.090256,6.034772,-1.617855,2.344208,-1.031136,-0.420306,-0.145961,2.334348,0.951513,0.330435,-2.754540
sample,405,drone,10.115232,6.009747,-1.628055,2.340665,-0.972872,-0.396556,-0.137713,2.328569,0.949157,0.329617,-2.754540
sample,406,drone,10.140207,5.986176,-1.637663,2.337329,-0.914820,-0.372894,-0.129496,2.317292,0.944561,0.328021,-2.754540
sample,407,drone,10.165183,5.964050,-1.646682,2.334197,-0.857120,-0.349374,-0.121328,2.300374,0.937665,0.325626,-2.754540
sample,408,drone,10.190159,5.943361,-1.655115,2.331268,-0.799913,-0.326056,-0.113230,2.277669,0.928410,0.322412,-2.754540
sample,409,drone,10.215135,5.924093,-1.662969,2.328541,-0.743346,-0.302998,-0.105223,2.249034,0.916738,0.318358,-2.754540
sample,410,drone,10.240111,5.906230,-1.670250,2.326012,-0.687569,-0.280263,-0.097328,2.214322,0.902589,0.313445,-2.754540
sample,411,drone,10.265087,5.889748,-1.676969,2.323679,-0.632737,-0.257912,-0.089566,2.173391,0.885905,0.307651,-2.754540
sample,412,drone,10.290063,5.874623,-1.683134,2.321538,-0.579005,-0.236010,-0.081960,2.126096,0.866626,0.300956,-2.754540
sample,413,drone,10.315039,5.860826,-1.688758,2.319585,-0.526534,-0.214623,-0.074533,2.072291,0.844695,0.293340,-2.754540
sample,414,drone,10.340014,5.848322,-1.693854,2.317815,-0.475490,-0.193816,-0.067307,2.011833,0.820051,0.284782,-2.754540
sample,415,drone,10.364990,5.837074,-1.698439,2.316223,-0.426040,-0.173660,-0.060307,1.944577,0.792637,0.275261,-2.754540
sample,416,drone,10.389966,5.827041,-1.702529,2.314803,-0.378355,-0.154223,-0.053557,1.870378,0.762392,0.264758,-2.754540
sample,417,drone,10.414942,5.818175,-1.706143,2.313548,-0.332611,-0.135577,-0.047082,1.789092,0.729259,0.253252,-2.754540
sample,418,drone,10.439918,5.810426,-1.709301,2.312451,-0.288987,-0.117795,-0.040907,1.700575,0.693178,0.240722,-2.754540
sample,419,drone,10.464894,5.803739,-1.712027,2.311504,-0.247664,-0.100952,-0.035058,1.604682,0.654091,0.227148,-2.754540
sample,420,drone,10.489870,5.798055,-1.714344,2.310700,-0.208830,-0.085122,-0.029561,1.501268,0.611938,0.212510,-2.754540
sample,421,drone,10.514846,5.793308,-1.716279,2.310028,-0.172673,-0.070384,-0.024443,1.390189,0.566661,0.196786,-2.754540
sample,422,drone,10.539821,5.789429,-1.717860,2.309479,-0.139388,-0.056816,-0.019731,1.271301,0.518200,0.179957,-2.754540
sample,423,drone,10.564797,5.786345,-1.719117,2.309042,-0.109170,-0.044499,-0.015453,1.144458,0.466497,0.162002,-2.754540
sample,424,drone,10.589773,5.783976,-1.720083,2.308707,-0.082220,-0.033514,-0.011639,1.009517,0.411493,0.142901,-2.754540
sample,425,drone,10.614749,5.782238,-1.720791,2.308461,-0.058743,-0.023944,-0.008315,0.866333,0.353130,0.122632,-2.754540
sample,426,drone,10.639725,5.781042,-1.721279,2.308291,-0.038945,-0.015875,-0.005513,0.714762,0.291347,0.101177,-2.754540
sample,427,drone,10.664701,5.780293,-1.721584,2.308185,-0.023039,-0.009391,-0.003261,0.554658,0.226086,0.078514,-2.754540
sample,428,drone,10.689677,5.779891,-1.721748,2.308129,-0.011239,-0.004581,-0.001591,0.385878,0.157289,0.054622,-2.754540
sample,429,drone,10.714653,5.779731,-1.721813,2.308106,-0.003764,-0.001534,-0.000533,0.234102,0.089588,0.029351,-2.754540
sample,430,drone,10.739629,5.779703,-1.721825,2.308102,0.000455,-0.000106,-0.000125,0.273418,0.055014,0.002072,-0.229171
sample,431,drone,10.764604,5.779754,-1.721818,2.308100,0.009894,0.001214,-0.000429,0.668469,0.085271,-0.026888,0.122079
sample,432,drone,10.789580,5.780197,-1.721764,2.308081,0.033846,0.004153,-0.001468,1.272113,0.156111,-0.055168,0.122103
sample,433,drone,10.814556,5.781445,-1.721611,2.308026,0.073438,0.009012,-0.003185,1.864207,0.228764,-0.080851,0.122103
sample,434,drone,10.839532,5.783866,-1.721314,2.307921,0.126966,0.015581,-0.005507,2.389177,0.293185,-0.103619,0.122103
sample,435,drone,10.864508,5.787787,-1.720833,2.307751,0.192782,0.023657,-0.008361,2.849346,0.349654,-0.123576,0.122103
sample,436,drone,10.889484,5.793495,-1.720132,2.307504,0.269296,0.033046,-0.011679,3.247123,0.398466,-0.140828,0.122103
sample,437,drone,10.914460,5.801239,-1.719182,2.307168,0.354981,0.043561,-0.015396,3.584917,0.439918,-0.155478,0.122103
sample,438,drone,10.939436,5.811227,-1.717956,2.306735,0.448369,0.055021,-0.019446,3.865137,0.474305,-0.167631,0.122103
sample,439,drone,10.964411,5.823636,-1.716433,2.306197,0.548052,0.067253,-0.023769,4.090194,0.501923,-0.177391,0.122103
sample,440,drone,10.989387,5.838604,-1.714597,2.305547,0.652682,0.080093,-0.028307,4.262494,0.523066,-0.184864,0.122103
sample,441,drone,11.014363,5.856238,-1.712433,2.304783,0.760971,0.093382,-0.033003,4.384449,0.538032,-0.190153,0.122103
sample,442,drone,11.039339,5.876615,-1.709932,2.303899,0.871693,0.106969,-0.037805,4.458468,0.547115,-0.193364,0.122103
sample,443,drone,11.064315,5.899781,-1.707089,2.302894,0.983679,0.120711,-0.042662,4.486958,0.550611,-0.194599,0.122103
sample,444,drone,11.089291,5.925752,-1.703902,2.301768,1.095824,0.134473,-0.047526,4.472331,0.548816,-0.193965,0.122103
sample,445,drone,11.114267,5.954519,-1.700372,2.300520,1.207080,0.148125,-0.052351,4.416994,0.542025,-0.191565,0.122103
sample,446,drone,11.139243,5.986048,-1.696503,2.299153,1.316461,0.161548,-0.057095,4.323357,0.530535,-0.187504,0.122103
sample,447,drone,11.164218,6.020279,-1.692303,2.297668,1.423039,0.174626,-0.061717,4.193829,0.514640,-0.181886,0.122103
sample,448,drone,11.189194,6.057131,-1.687780,2.296070,1.525950,0.187255,-0.066180,4.030820,0.494637,-0.174816,0.122103
sample,449,drone,11.214170,6.096503,-1.682949,2.294362,1.624386,0.199334,-0.070450,3.836739,0.470820,-0.166399,0.122103
sample,450,drone,11.239146,6.138272,-1.677823,2.292551,1.717602,0.210773,-0.074492,3.613994,0.443486,-0.156739,0.122103
sample,451,drone,11.264122,6.182300,-1.672420,2.290641,1.804911,0.221487,-0.078279,3.364996,0.412931,-0.145940,0.122103
sample,452,drone,11.289098,6.228430,-1.666760,2.288641,1.885689,0.231400,-0.081782,3.092152,0.379449,-0.134106,0.122103
sample,453,drone,11.314074,6.276493,-1.660862,2.286556,1.959370,0.240441,-0.084978,2.797874,0.343337,-0.121344,0.122103
sample,454,drone,11.339050,6.326304,-1.654749,2.284396,2.025448,0.248550,-0.087844,2.484568,0.304890,-0.107756,0.122103
sample,455,drone,11.364026,6.377668,-1.648446,2.282168,2.083478,0.255671,-0.090360,2.154646,0.264404,-0.093447,0.122103
sample,456,drone,11.389001,6.430378,-1.641978,2.279882,2.133076,0.261758,-0.092511,1.810516,0.222175,-0.078522,0.122103
sample,457,drone,11.413977,6.484219,-1.635371,2.277547,2.173917,0.266769,-0.094283,1.454587,0.178498,-0.063085,0.122103
sample,458,drone,11.438953,6.538969,-1.628652,2.275173,2.205735,0.270674,-0.095663,1.089268,0.133668,-0.047242,0.122103
sample,459,drone,11.463929,6.594399,-1.621850,2.272769,2.228328,0.273446,-0.096642,0.716970,0.087982,-0.031095,0.122103
sample,460,drone,11.488905,6.650278,-1.614993,2.270345,2.241549,0.275069,-0.097216,0.340100,0.041735,-0.014750,0.122103
sample,461,drone,11.513881,6.706369,-1.608110,2.267913,2.245316,0.275531,-0.097379,-0.038932,-0.004778,0.001688,0.122103
sample,462,drone,11.538857,6.762435,-1.601230,2.265481,2.239604,0.274830,-0.097132,-0.417717,-0.051260,0.018116,0.122103
sample,463,drone,11.563833,6.818241,-1.594382,2.263061,2.224450,0.272970,-0.096474,-0.793845,-0.097416,0.034429,0.122103
sample,464,drone,11.588808,6.873550,-1.587595,2.260662,2.199951,0.269964,-0.095412,-1.164908,-0.142950,0.050522,0.122103
sample,465,drone,11.613784,6.928132,-1.580897,2.258295,2.166261,0.265830,-0.093951,-1.528495,-0.187567,0.066291,0.122103
sample,466,drone,11.638760,6.981759,-1.574316,2.255969,2.123600,0.260595,-0.092100,-1.882199,-0.230971,0.081631,0.122103
sample,467,drone,11.663736,7.034210,-1.567879,2.253694,2.072242,0.254292,-0.089873,-2.223609,-0.272867,0.096438,0.122103
sample,468,drone,11.688712,7.085271,-1.561613,2.251480,2.012526,0.246964,-0.087283,-2.550317,-0.312959,0.110607,0.122103
sample,469,drone,11.713688,7.134739,-1.555543,2.249334,1.944849,0.238660,-0.084348,-2.859913,-0.350950,0.124034,0.122103
sample,470,drone,11.738664,7.182420,-1.549692,2.247266,1.869669,0.229434,-0.081087,-3.149988,-0.386547,0.136615,0.122103
sample,471,drone,11.763640,7.228132,-1.544082,2.245284,1.787502,0.219351,-0.077524,-3.418133,-0.419452,0.148244,0.122103
sample,472,drone,11.788615,7.271709,-1.538735,2.243394,1.698927,0.208482,-0.073682,-3.661939,-0.449370,0.158818,0.122103
sample,473,drone,11.813591,7.312997,-1.533668,2.241603,1.604582,0.196904,-0.069591,-3.878996,-0.476006,0.168232,0.122103
sample,474,drone,11.838567,7.351860,-1.528899,2.239918,1.505164,0.184704,-0.065279,-4.066895,-0.499064,0.176381,0.122103
sample,475,drone,11.863543,7.388182,-1.524442,2.238342,1.401433,0.171975,-0.060780,-4.223228,-0.518248,0.183161,0.122103
sample,476,drone,11.888519,7.421864,-1.520309,2.236881,1.294207,0.158817,-0.056130,-4.345585,-0.533263,0.188468,0.122103
sample,477,drone,11.913495,7.452830,-1.516509,2.235539,1.184363,0.145338,-0.051366,-4.431556,-0.543812,0.192196,0.122103
sample,478,drone,11.938471,7.481025,-1.513049,2.234316,1.072843,0.131652,-0.046529,-4.478733,-0.549602,0.194242,0.122103
sample,479,drone,11.963447,7.506420,-1.509933,2.233214,0.960643,0.117884,-0.041663,-4.484706,-0.550335,0.194501,0.122103
sample,480,drone,11.988423,7.529011,-1.507161,2.232235,0.848824,0.104162,-0.036813,-4.447066,-0.545716,0.192869,0.122103
sample,481,drone,12.013398,7.548821,-1.504730,2.231375,0.738504,0.090625,-0.032029,-4.363404,-0.535449,0.189241,0.122103
sample,482,drone,12.038374,7.565901,-1.502634,2.230635,0.630864,0.077416,-0.027361,-4.231311,-0.519240,0.183512,0.122103
sample,483,drone,12.063350,7.580333,-1.500863,2.230009,0.527143,0.064688,-0.022862,-4.048377,-0.496791,0.175578,0.122103
sample,484,drone,12.088326,7.592232,-1.499402,2.229493,0.428640,0.052600,-0.018590,-3.812194,-0.467808,0.165335,0.122103
sample,485,drone,12.113302,7.601745,-1.498235,2.229080,0.336717,0.041320,-0.014603,-3.520351,-0.431995,0.152677,0.122103
sample,486,drone,12.138278,7.609052,-1.497338,2.228763,0.252793,0.031021,-0.010964,-3.170441,-0.389056,0.137502,0.122103
sample,487,drone,12.163254,7.614372,-1.496686,2.228532,0.178348,0.021886,-0.007735,-2.760053,-0.338696,0.119703,0.122103
sample,488,drone,12.188230,7.617961,-1.496245,2.228377,0.114923,0.014103,-0.004984,-2.286779,-0.280619,0.099177,0.122103
sample,489,drone,12.213205,7.620113,-1.495981,2.228283,0.064119,0.007868,-0.002781,-1.748209,-0.214529,0.075820,0.122103
sample,490,drone,12.238181,7.621164,-1.495852,2.228238,0.027597,0.003387,-0.001197,-1.143573,-0.140383,0.049607,0.122103
sample,491,drone,12.263157,7.621491,-1.495812,2.228224,0.006996,0.000856,-0.000303,-0.571150,-0.073310,0.025444,0.121741
sample,492,drone,12.288133,7.621513,-1.495809,2.228223,-0.000933,-0.000275,0.000074,-0.286693,-0.052083,0.015964,-2.854549
sample,493,drone,12.313109,7.621445,-1.495826,2.228227,-0.007325,-0.001746,0.000495,-0.375989,-0.088543,0.025164,-2.907637
sample,494,drone,12.338085,7.621147,-1.495897,2.228247,-0.019714,-0.004698,0.001331,-0.621037,-0.148005,0.041931,-2.907637
sample,495,drone,12.363061,7.620460,-1.496060,2.228294,-0.038347,-0.009139,0.002589,-0.863353,-0.205754,0.058291,-2.907637
sample,496,drone,12.388037,7.619232,-1.496353,2.228377,-0.062840,-0.014976,0.004243,-1.090494,-0.259886,0.073627,-2.907637
sample,497,drone,12.413012,7.617321,-1.496808,2.228506,-0.092819,-0.022121,0.006267,-1.302767,-0.310475,0.087959,-2.907637
sample,498,drone,12.437988,7.614595,-1.497458,2.228690,-0.127916,-0.030485,0.008637,-1.500474,-0.357592,0.101308,-2.907637
sample,499,drone,12.462964,7.610931,-1.498331,2.228937,-0.167770,-0.039983,0.011327,-1.683920,-0.401311,0.113693,-2.907637
sample,500,drone,12.487940,7.606215,-1.499455,2.229256,-0.212031,-0.050531,0.014316,-1.853410,-0.441704,0.125137,-2.907637
sample,501,drone,12.512916,7.600340,-1.500855,2.229652,-0.260352,-0.062047,0.017578,-2.009249,-0.478844,0.135659,-2.907637
sample,502,drone,12.537892,7.593210,-1.502555,2.230134,-0.312396,-0.074450,0.021092,-2.151741,-0.512802,0.145279,-2.907637
sample,503,drone,12.562868,7.584735,-1.504574,2.230706,-0.367835,-0.087662,0.024835,-2.281191,-0.543653,0.154019,-2.907637
sample,504,drone,12.587844,7.574836,-1.506934,2.231374,-0.426346,-0.101607,0.028786,-2.397903,-0.571467,0.161900,-2.907637
sample,505,drone,12.612820,7.563439,-1.509650,2.232144,-0.487614,-0.116208,0.032922,-2.502182,-0.596319,0.168940,-2.907637
sample,506,drone,12.637795,7.550479,-1.512738,2.233019,-0.551334,-0.131394,0.037224,-2.594332,-0.618280,0.175162,-2.907637
sample,507,drone,12.662771,7.535898,-1.516213,2.234003,-0.617206,-0.147092,0.041672,-2.674659,-0.637424,0.180585,-2.907637
sample,508,drone,12.687747,7.519648,-1.520086,2.235100,-0.684938,-0.163234,0.046245,-2.743466,-0.653822,0.185231,-2.907637
sample,509,drone,12.712723,7.501685,-1.524367,2.236313,-0.754247,-0.179752,0.050925,-2.801057,-0.667547,0.189119,-2.907637
sample,510,drone,12.737699,7.481972,-1.529065,2.237644,-0.824856,-0.196579,0.055692,-2.847739,-0.678672,0.192271,-2.907637
sample,511,drone,12.762675,7.460482,-1.534186,2.239095,-0.896496,-0.213653,0.060529,-2.883815,-0.687270,0.194707,-2.907637
sample,512,drone,12.787651,7.437191,-1.539737,2.240668,-0.968907,-0.230910,0.065418,-2.909589,-0.693412,0.196447,-2.907637
sample,513,drone,12.812627,7.412083,-1.545721,2.242363,-1.041835,-0.248290,0.070342,-2.925367,-0.697172,0.197512,-2.907637
sample,514,drone,12.837602,7.385149,-1.552140,2.244181,-1.115035,-0.265735,0.075284,-2.931453,-0.698623,0.197923,-2.907637
sample,515,drone,12.862578,7.356385,-1.558995,2.246123,-1.188267,-0.283187,0.080228,-2.928151,-0.697836,0.197700,-2.907637
sample,516,drone,12.887554,7.325793,-1.566285,2.248189,-1.261301,-0.300593,0.085159,-2.915767,-0.694885,0.196864,-2.907637
sample,517,drone,12.912530,7.293381,-1.574010,2.250377,-1.333914,-0.317898,0.090062,-2.894604,-0.689841,0.195435,-2.907637
sample,518,drone,12.937506,7.259162,-1.582165,2.252688,-1.405891,-0.335052,0.094922,-2.864967,-0.682778,0.193434,-2.907637
sample,519,drone,12.962482,7.223154,-1.590746,2.255119,-1.477024,-0.352004,0.099724,-2.827161,-0.673768,0.190882,-2.907637
sample,520,drone,12.987458,7.185382,-1.599748,2.257669,-1.547113,-0.368707,0.104457,-2.781490,-0.662884,0.187798,-2.907637
sample,521,drone,13.012434,7.145873,-1.609164,2.260337,-1.615965,-0.385116,0.109105,-2.728260,-0.650198,0.184204,-2.907637
sample,522,drone,13.037410,7.104661,-1.618985,2.263119,-1.683395,-0.401186,0.113658,-2.667773,-0.635783,0.180120,-2.907637
sample,523,drone,13.062385,7.061785,-1.629204,2.266014,-1.749225,-0.416875,0.118103,-2.600336,-0.619711,0.175567,-2.907637
sample,524,drone,13.087361,7.017285,-1.639809,2.269019,-1.813286,-0.432142,0.122428,-2.526252,-0.602056,0.170565,-2.907637
sample,525,drone,13.112337,6.971208,-1.650790,2.272130,-1.875416,-0.446948,0.126623,-2.445827,-0.582889,0.165135,-2.907637
sample,526,drone,13.137313,6.923604,-1.662135,2.275344,-1.935459,-0.461258,0.130677,-2.359364,-0.562283,0.159297,-2.907637
sample,527,drone,13.162289,6.874528,-1.673831,2.278657,-1.993270,-0.475035,0.134580,-2.267168,-0.540311,0.153073,-2.907637
sample,528,drone,13.187265,6.824037,-1.685864,2.282066,-2.048708,-0.488247,0.138323,-2.169545,-0.517045,0.146481,-2.907637
sample,529,drone,13.212241,6.772192,-1.698219,2.285567,-2.101642,-0.500863,0.141897,-2.066797,-0.492558,0.139544,-2.907637
sample,530,drone,13.237217,6.719056,-1.710883,2.289154,-2.151948,-0.512852,0.145293,-1.959231,-0.466923,0.132282,-2.907637
sample,531,drone,13.262192,6.664698,-1.723837,2.292824,-2.199510,-0.524186,0.148505,-1.847150,-0.440212,0.124714,-2.907637
sample,532,drone,13.287168,6.609187,-1.737067,2.296572,-2.244217,-0.534841,0.151523,-1.730860,-0.412498,0.116863,-2.907637
sample,533,drone,13.312144,6.552595,-1.750554,2.300393,-2.285969,-0.544791,0.154342,-1.610664,-0.383853,0.108747,-2.907637
sample,534,drone,13.337120,6.494999,-1.764280,2.304282,-2.324672,-0.554015,0.156955,-1.486867,-0.354350,0.100389,-2.907637
sample,535,drone,13.362096,6.436474,-1.778228,2.308233,-2.360241,-0.562492,0.159357,-1.359775,-0.324061,0.091808,-2.907637
sample,536,drone,13.387072,6.377100,-1.792377,2.312242,-2.392595,-0.570203,0.161541,-1.229690,-0.293059,0.083025,-2.907637
sample,537,drone,13.412048,6.316959,-1.806710,2.316302,-2.421666,-0.577131,0.163504,-1.096919,-0.261417,0.074061,-2.907637
sample,538,drone,13.437024,6.256134,-1.821206,2.320409,-2.447388,-0.583261,0.165241,-0.961765,-0.229207,0.064936,-2.907637
sample,539,drone,13.461999,6.194708,-1.835845,2.324557,-2.469708,-0.588580,0.166748,-0.824533,-0.196502,0.055670,-2.907637
sample,540,drone,13.486975,6.132768,-1.850607,2.328739,-2.488575,-0.593076,0.168021,-0.685528,-0.163375,0.046285,-2.907637
sample,541,drone,13.511951,6.070399,-1.865470,2.332949,-2.503951,-0.596741,0.169060,-0.545054,-0.129897,0.036800,-2.907637
sample,542,drone,13.536927,6.007691,-1.880415,2.337183,-2.515802,-0.599565,0.169860,-0.403416,-0.096142,0.027237,-2.907637
sample,543,drone,13.561903,5.944731,-1.895420,2.341434,-2.524102,-0.601543,0.170420,-0.260918,-0.062182,0.017616,-2.907637
sample,544,drone,13.586879,5.881608,-1.910463,2.345696,-2.528835,-0.602671,0.170740,-0.117865,-0.028090,0.007958,-2.907637
sample,545,drone,13.611855,5.818411,-1.925524,2.349963,-2.529990,-0.602946,0.170818,0.025439,0.006063,-0.001718,-2.907637
sample,546,drone,13.636831,5.755230,-1.940581,2.354229,-2.527564,-0.602368,0.170654,0.168688,0.040202,-0.011389,-2.907637
sample,547,drone,13.661807,5.692155,-1.955613,2.358487,-2.521564,-0.600938,0.170249,0.311579,0.074255,-0.021037,-2.907637
sample,548,drone,13.686782,5.629274,-1.970599,2.362733,-2.512000,-0.598659,0.169603,0.453806,0.108151,-0.030640,-2.907637
sample,549,drone,13.711758,5.566676,-1.985518,2.366959,-2.498895,-0.595536,0.168718,0.595066,0.141816,-0.040177,-2.907637
sample,550,drone,13.736734,5.504449,-2.000347,2.371161,-2.482276,-0.591575,0.167596,0.735053,0.175178,-0.049629,-2.907637
sample,551,drone,13.761710,5.442682,-2.015068,2.375331,-2.462178,-0.586785,0.166239,0.873464,0.208164,-0.058974,-2.907637
sample,552,drone,13.786686,5.381459,-2.029658,2.379465,-2.438645,-0.581177,0.164650,1.009993,0.240701,-0.068192,-2.907637
sample,553,drone,13.811662,5.320867,-2.044099,2.383556,-2.411727,-0.574762,0.162833,1.144336,0.272718,-0.077262,-2.907637
sample,554,drone,13.836638,5.260989,-2.058369,2.387599,-2.381483,-0.567554,0.160791,1.276189,0.304141,-0.086165,-2.907637
sample,555,drone,13.861614,5.201908,-2.072449,2.391588,-2.347979,-0.559570,0.158529,1.405246,0.334898,-0.094878,-2.907637
sample,556,drone,13.886589,5.143704,-2.086320,2.395517,-2.311289,-0.550826,0.156052,1.531204,0.364916,-0.103382,-2.907637
sample,557,drone,13.911565,5.086455,-2.099964,2.399383,-2.271493,-0.541341,0.153365,1.653757,0.394123,-0.111657,-2.907637
sample,558,drone,13.936541,5.030238,-2.113361,2.403178,-2.228681,-0.531138,0.150474,1.772602,0.422446,-0.119681,-2.907637
sample,559,drone,13.961517,4.975128,-2.126495,2.406899,-2.182948,-0.520239,0.147386,1.887433,0.449812,-0.127434,-2.907637
sample,560,drone,13.986493,4.921196,-2.139348,2.410540,-2.134400,-0.508669,0.144109,1.997946,0.476150,-0.134896,-2.907637
sample,561,drone,14.011469,4.868511,-2.151904,2.414098,-2.083147,-0.496455,0.140648,2.103836,0.501386,-0.142045,-2.907637
sample,562,drone,14.036445,4.817139,-2.164147,2.417566,-2.029310,-0.483624,0.137013,2.204800,0.525447,-0.148862,-2.907637
sample,563,drone,14.061421,4.767144,-2.176062,2.420942,-1.973014,-0.470208,0.133212,2.300532,0.548262,-0.155325,-2.907637
sample,564,drone,14.086396,4.718584,-2.187634,2.424220,-1.914394,-0.456238,0.129254,2.390727,0.569757,-0.161415,-2.907637
sample,565,drone,14.111372,4.671516,-2.198852,2.427398,-1.853593,-0.441748,0.125149,2.475082,0.589861,-0.167110,-2.907637
sample,566,drone,14.136348,4.625994,-2.209701,2.430472,-1.790759,-0.426773,0.120907,2.553291,0.608499,-0.172391,-2.907637
sample,567,drone,14.161324,4.582065,-2.220170,2.433438,-1.726051,-0.411352,0.116538,2.625050,0.625601,-0.177236,-2.907637
sample,568,drone,14.186300,4.539774,-2.230248,2.436293,-1.659633,-0.395523,0.112054,2.690055,0.641093,-0.181625,-2.907637
sample,569,drone,14.211276,4.499163,-2.239927,2.439035,-1.591678,-0.379328,0.107466,2.748001,0.654903,-0.185537,-2.907637
sample,570,drone,14.236252,4.460267,-2.249196,2.441661,-1.522366,-0.362810,0.102786,2.798583,0.666957,-0.188952,-2.907637
sample,571,drone,14.261228,4.423118,-2.258050,2.444169,-1.451884,-0.346013,0.098027,2.841497,0.677185,-0.191850,-2.907637
sample,572,drone,14.286204,4.387743,-2.266480,2.446558,-1.380428,-0.328983,0.093203,2.876438,0.685512,-0.194209,-2.907637
sample,573,drone,14.311179,4.354164,-2.274483,2.448825,-1.308201,-0.311770,0.088326,2.903102,0.691866,-0.196009,-2.907637
sample,574,drone,14.336155,4.322396,-2.282054,2.450970,-1.235413,-0.294423,0.083412,2.921184,0.696175,-0.197230,-2.907637
sample,575,drone,14.361131,4.292452,-2.289190,2.452991,-1.162283,-0.276995,0.078474,2.930379,0.698367,-0.197851,-2.907637
sample,576,drone,14.386107,4.264338,-2.295890,2.454890,-1.089036,-0.259539,0.073529,2.930383,0.698368,-0.197851,-2.907637
sample,577,drone,14.411083,4.238053,-2.302154,2.456664,-1.015905,-0.242110,0.068591,2.920892,0.696106,-0.197210,-2.907637
sample,578,drone,14.436059,4.213592,-2.307984,2.458316,-0.943132,-0.224767,0.063678,2.901600,0.691508,-0.195908,-2.907637
sample,579,drone,14.461035,4.190942,-2.313382,2.459845,-0.870965,-0.207568,0.058805,2.872204,0.684503,-0.193923,-2.907637
sample,580,drone,14.486011,4.170086,-2.318352,2.461253,-0.799660,-0.190575,0.053991,2.832399,0.675016,-0.191235,-2.907637
sample,581,drone,14.510986,4.150998,-2.322901,2.462542,-0.729482,-0.173850,0.049252,2.781879,0.662976,-0.187824,-2.907637
sample,582,drone,14.535962,4.133647,-2.327036,2.463713,-0.660700,-0.157458,0.044609,2.720341,0.648311,-0.183670,-2.907637
sample,583,drone,14.560938,4.117995,-2.330767,2.464770,-0.593596,-0.141466,0.040078,2.647480,0.630947,-0.178750,-2.907637
sample,584,drone,14.585914,4.103996,-2.334103,2.465715,-0.528454,-0.125941,0.035680,2.562992,0.610811,-0.173046,-2.907637
sample,585,drone,14.610890,4.091597,-2.337058,2.466552,-0.465570,-0.110954,0.031434,2.466571,0.587832,-0.166536,-2.907637
sample,586,drone,14.635866,4.080740,-2.339645,2.467286,-0.405245,-0.096578,0.027361,2.357914,0.561937,-0.159200,-2.907637
sample,587,drone,14.660842,4.071355,-2.341882,2.467919,-0.347788,-0.082885,0.023482,2.236715,0.533053,-0.151017,-2.907637
sample,588,drone,14.685818,4.063367,-2.343786,2.468459,-0.293517,-0.069951,0.019817,2.102671,0.501108,-0.141966,-2.907637
sample,589,drone,14.710793,4.056693,-2.345376,2.468909,-0.242756,-0.057853,0.016390,1.955476,0.466028,-0.132028,-2.907637
sample,590,drone,14.735769,4.051241,-2.346675,2.469277,-0.195837,-0.046672,0.013222,1.794826,0.427742,-0.121181,-2.907637
sample,591,drone,14.760745,4.046911,-2.347707,2.469570,-0.153101,-0.036487,0.010337,1.620416,0.386177,-0.109406,-2.907637
sample,592,drone,14.785721,4.043593,-2.348498,2.469794,-0.114895,-0.027382,0.007757,1.431943,0.341260,-0.096681,-2.907637
sample,593,drone,14.810697,4.041171,-2.349075,2.469957,-0.081573,-0.019440,0.005508,1.229101,0.292919,-0.082985,-2.907637
sample,594,drone,14.835673,4.039518,-2.349469,2.470069,-0.053499,-0.012750,0.003612,1.011585,0.241081,-0.068299,-2.907637
sample,595,drone,14.860649,4.038499,-2.349712,2.470138,-0.031043,-0.007398,0.002096,0.779092,0.185673,-0.052602,-2.907637
sample,596,drone,14.885625,4.037968,-2.349839,2.470173,-0.014582,-0.003475,0.000985,0.531316,0.126623,-0.035873,-2.907637
sample,597,drone,14.910601,4.037771,-2.349886,2.470187,-0.004502,-0.001073,0.000304,0.283336,0.067057,-0.018854,-2.907637
sample,598,drone,14.935576,4.037743,-2.349892,2.470189,-0.000429,-0.000126,0.000043,0.109363,0.022455,-0.005251,-2.856717
sample,599,drone,14.960552,4.037749,-2.349892,2.470189,0.000961,0.000049,0.000042,0.069932,0.005621,0.001805,0.050605
sample,600,drone,14.985528,4.037791,-2.349890,2.470191,0.003065,0.000155,0.000133,0.111160,0.005630,0.004821,0.050605
sample,601,drone,15.010504,4.037902,-2.349884,2.470195,0.006513,0.000330,0.000283,0.164314,0.008322,0.007127,0.050605
sample,602,drone,15.035480,4.038116,-2.349873,2.470205,0.011272,0.000571,0.000489,0.216099,0.010945,0.009373,0.050605
sample,603,drone,15.060456,4.038465,-2.349856,2.470220,0.017308,0.000877,0.000751,0.266525,0.013499,0.011560,0.050605
sample,604,drone,15.085432,4.038981,-2.349830,2.470242,0.024586,0.001245,0.001066,0.315605,0.015985,0.013689,0.050605
sample,605,drone,15.110408,4.039693,-2.349793,2.470273,0.033073,0.001675,0.001434,0.363351,0.018403,0.015760,0.050605
sample,606,drone,15.135383,4.040633,-2.349746,2.470314,0.042736,0.002164,0.001854,0.409773,0.020754,0.017773,0.050605
sample,607,drone,15.160359,4.041828,-2.349685,2.470366,0.053542,0.002712,0.002322,0.454884,0.023039,0.019730,0.050605
sample,608,drone,15.185335,4.043307,-2.349610,2.470430,0.065458,0.003315,0.002839,0.498695,0.025258,0.021630,0.050605
sample,609,drone,15.210311,4.045098,-2.349520,2.470508,0.078452,0.003973,0.003403,0.541218,0.027412,0.023475,0.050605
sample,610,drone,15.235287,4.047226,-2.349412,2.470600,0.092493,0.004685,0.004012,0.582463,0.029501,0.025264,0.050605
sample,611,drone,15.260263,4.049718,-2.349286,2.470708,0.107547,0.005447,0.004665,0.622444,0.031526,0.026998,0.050605
sample,612,drone,15.285239,4.052598,-2.349140,2.470833,0.123585,0.006259,0.005360,0.661172,0.033487,0.028677,0.050605
sample,613,drone,15.310215,4.055891,-2.348973,2.470976,0.140574,0.007120,0.006097,0.698657,0.035386,0.030303,0.050605
sample,614,drone,15.335190,4.059620,-2.348784,2.471137,0.158484,0.008027,0.006874,0.734912,0.037222,0.031876,0.050605
sample,615,drone,15.360166,4.063808,-2.348572,2.471319,0.177284,0.008979,0.007689,0.769948,0.038996,0.033395,0.050605
sample,616,drone,15.385142,4.068476,-2.348336,2.471522,0.196944,0.009975,0.008542,0.803778,0.040710,0.034863,0.050605
sample,617,drone,15.410118,4.073646,-2.348074,2.471746,0.217434,0.011013,0.009431,0.836412,0.042363,0.036278,0.050605
sample,618,drone,15.435094,4.079337,-2.347786,2.471993,0.238725,0.012091,0.010354,0.867862,0.043956,0.037642,0.050605
sample,619,drone,15.460070,4.085570,-2.347470,2.472263,0.260786,0.013208,0.011311,0.898140,0.045489,0.038956,0.050605
sample,620,drone,15.485046,4.092364,-2.347126,2.472558,0.283588,0.014363,0.012300,0.927257,0.046964,0.040218,0.050605
sample,621,drone,15.510022,4.099736,-2.346752,2.472877,0.307104,0.015554,0.013320,0.955225,0.048380,0.041432,0.050605
sample,622,drone,15.534998,4.107704,-2.346349,2.473223,0.331303,0.016780,0.014370,0.982056,0.049739,0.042595,0.050605
sample,623,drone,15.559973,4.116285,-2.345914,2.473595,0.356159,0.018039,0.015448,1.007761,0.051041,0.043710,0.050605
sample,624,drone,15.584949,4.125495,-2.345448,2.473995,0.381643,0.019329,0.016553,1.032352,0.052287,0.044777,0.050605
sample,625,drone,15.609925,4.135349,-2.344949,2.474422,0.407727,0.020651,0.017685,1.055840,0.053476,0.045796,0.050605
sample,626,drone,15.634901,4.145862,-2.344416,2.474878,0.434384,0.022001,0.018841,1.078238,0.054611,0.046767,0.050605
sample,627,drone,15.659877,4.157047,-2.343850,2.475363,0.461587,0.023379,0.020021,1.099556,0.055690,0.047692,0.050605
sample,628,drone,15.684853,4.168919,-2.343248,2.475878,0.489309,0.024783,0.021223,1.119806,0.056716,0.048570,0.050605
sample,629,drone,15.709829,4.181489,-2.342612,2.476423,0.517523,0.026212,0.022447,1.139000,0.057688,0.049403,0.050605
sample,630,drone,15.734805,4.194770,-2.341939,2.476999,0.546204,0.027664,0.023691,1.157149,0.058607,0.050190,0.050605
sample,631,drone,15.759780,4.208773,-2.341230,2.477607,0.575325,0.029139,0.024954,1.174266,0.059474,0.050932,0.050605
sample,632,drone,15.784756,4.223508,-2.340484,2.478246,0.604860,0.030635,0.026235,1.190361,0.060290,0.051630,0.050605
sample,633,drone,15.809732,4.238987,-2.339700,2.478917,0.634785,0.032151,0.027533,1.205447,0.061054,0.052285,0.050605
sample,634,drone,15.834708,4.255217,-2.338878,2.479621,0.665075,0.033685,0.028847,1.219534,0.061767,0.052896,0.050605
sample,635,drone,15.859684,4.272208,-2.338017,2.480358,0.695703,0.035236,0.030175,1.232635,0.062431,0.053464,0.050605
sample,636,drone,15.884660,4.289969,-2.337117,2.481129,0.726647,0.036803,0.031517,1.244762,0.063045,0.053990,0.050605
sample,637,drone,15.909636,4.308506,-2.336179,2.481933,0.757881,0.038385,0.032872,1.255924,0.063610,0.054474,0.050605
sample,638,drone,15.934612,4.327826,-2.335200,2.482771,0.789383,0.039981,0.034238,1.266136,0.064127,0.054917,0.050605
sample,639,drone,15.959587,4.347937,-2.334182,2.483643,0.821127,0.041589,0.035615,1.275407,0.064597,0.055319,0.050605
sample,640,drone,15.984563,4.368843,-2.333123,2.484550,0.853091,0.043207,0.037002,1.283749,0.065019,0.055681,0.050605
sample,641,drone,16.009539,4.390550,-2.332023,2.485491,0.885253,0.044836,0.038397,1.291175,0.065396,0.056003,0.050605
sample,642,drone,16.034515,4.413063,-2.330883,2.486468,0.917588,0.046474,0.039799,1.297696,0.065726,0.056286,0.050605
sample,643,drone,16.059491,4.436385,-2.329702,2.487479,0.950075,0.048120,0.041208,1.303323,0.066011,0.056530,0.050605
sample,644,drone,16.084467,4.460521,-2.328479,2.488526,0.982691,0.049771,0.042623,1.308068,0.066251,0.056736,0.050605
sample,645,drone,16.109443,4.485472,-2.327216,2.489608,1.015415,0.051429,0.044042,1.311942,0.066447,0.056904,0.050605
sample,646,drone,16.134419,4.511243,-2.325910,2.490726,1.048225,0.053091,0.045465,1.314958,0.066600,0.057034,0.050605
sample,647,drone,16.159395,4.537833,-2.324564,2.491879,1.081100,0.054756,0.046891,1.317127,0.066710,0.057129,0.050605
sample,648,drone,16.184370,4.565245,-2.323175,2.493068,1.114018,0.056423,0.048319,1.318460,0.066778,0.057186,0.050605
sample,649,drone,16.209346,4.593480,-2.321745,2.494293,1.146959,0.058091,0.049748,1.318969,0.066803,0.057208,0.050605
sample,650,drone,16.234322,4.622538,-2.320273,2.495553,1.179903,0.059760,0.051177,1.318665,0.066788,0.057195,0.050605
sample,651,drone,16.259298,4.652418,-2.318760,2.496849,1.212829,0.061427,0.052605,1.317561,0.066732,0.057147,0.050605
sample,652,drone,16.284274,4.683121,-2.317205,2.498181,1.245717,0.063093,0.054031,1.315668,0.066636,0.057065,0.050605
sample,653,drone,16.309250,4.714644,-2.315608,2.499548,1.278548,0.064756,0.055455,1.312997,0.066501,0.056949,0.050605
sample,654,drone,16.334226,4.746987,-2.313970,2.500951,1.311304,0.066415,0.056876,1.309561,0.066327,0.056800,0.050605
sample,655,drone,16.359202,4.780146,-2.312291,2.502389,1.343963,0.068069,0.058293,1.305370,0.066115,0.056619,0.050605
sample,656,drone,16.384177,4.814120,-2.310570,2.503863,1.376509,0.069718,0.059704,1.300436,0.065865,0.056405,0.050605
sample,657,drone,16.409153,4.848905,-2.308808,2.505372,1.408922,0.071359,0.061110,1.294771,0.065578,0.056159,0.050605
sample,658,drone,16.434129,4.884498,-2.307006,2.506915,1.441185,0.072993,0.062509,1.288387,0.065254,0.055882,0.050605
sample,659,drone,16.459105,4.920895,-2.305162,2.508494,1.473280,0.074619,0.063901,1.281295,0.064895,0.055574,0.050605
sample,660,drone,16.484081,4.958091,-2.303278,2.510107,1.505188,0.076235,0.065285,1.273506,0.064501,0.055237,0.050605
sample,661,drone,16.509057,4.996082,-2.301354,2.511755,1.536893,0.077841,0.066661,1.265033,0.064072,0.054869,0.050605
sample,662,drone,16.534033,5.034862,-2.299390,2.513437,1.568379,0.079435,0.068026,1.255887,0.063608,0.054472,0.050605
sample,663,drone,16.559009,5.074425,-2.297386,2.515153,1.599627,0.081018,0.069382,1.246080,0.063112,0.054047,0.050605
sample,664,drone,16.583985,5.114766,-2.295343,2.516903,1.630623,0.082588,0.070726,1.235622,0.062582,0.053593,0.050605
sample,665,drone,16.608960,5.155878,-2.293261,2.518686,1.661349,0.084144,0.072059,1.224526,0.062020,0.053112,0.050605
sample,666,drone,16.633936,5.197753,-2.291140,2.520502,1.691790,0.085686,0.073379,1.212804,0.061426,0.052604,0.050605
sample,667,drone,16.658912,5.240385,-2.288981,2.522352,1.721930,0.087213,0.074686,1.200467,0.060801,0.052069,0.050605
sample,668,drone,16.683888,5.283767,-2.286783,2.524233,1.751755,0.088723,0.075980,1.187526,0.060146,0.051507,0.050605
sample,669,drone,16.708864,5.327889,-2.284549,2.526147,1.781249,0.090217,0.077259,1.173994,0.059461,0.050920,0.050605
sample,670,drone,16.733840,5.372743,-2.282277,2.528092,1.810398,0.091693,0.078523,1.159881,0.058746,0.050308,0.050605
sample,671,drone,16.758816,5.418321,-2.279969,2.530069,1.839188,0.093151,0.079772,1.145200,0.058002,0.049671,0.050605
sample,672,drone,16.783792,5.464614,-2.277624,2.532077,1.867603,0.094591,0.081005,1.129962,0.057230,0.049011,0.050605
sample,673,drone,16.808767,5.511611,-2.275244,2.534116,1.895631,0.096010,0.082220,1.114178,0.056431,0.048326,0.050605
sample,674,drone,16.833743,5.559304,-2.272828,2.536184,1.923258,0.097409,0.083419,1.097861,0.055605,0.047618,0.050605
sample,675,drone,16.858719,5.607681,-2.270378,2.538282,1.950471,0.098788,0.084599,1.081021,0.054752,0.046888,0.050605
sample,676,drone,16.883695,5.656733,-2.267893,2.540410,1.977257,0.100144,0.085761,1.063671,0.053873,0.046135,0.050605
sample,677,drone,16.908671,5.706449,-2.265375,2.542566,2.003603,0.101479,0.086903,1.045822,0.052969,0.045361,0.050605
sample,678,drone,16.933647,5.756817,-2.262824,2.544751,2.029498,0.102790,0.088027,1.027486,0.052040,0.044566,0.050605
sample,679,drone,16.958623,5.807826,-2.260241,2.546963,2.054928,0.104078,0.089130,1.008674,0.051087,0.043750,0.050605
sample,680,drone,16.983599,5.859464,-2.257625,2.549203,2.079883,0.105342,0.090212,0.989398,0.050111,0.042914,0.050605
sample,681,drone,17.008574,5.911720,-2.254979,2.551470,2.104350,0.106581,0.091273,0.969670,0.049112,0.042058,0.050605
sample,682,drone,17.033550,5.964580,-2.252302,2.553762,2.128320,0.107795,0.092313,0.949500,0.048090,0.041183,0.050605
sample,683,drone,17.058526,6.018033,-2.249594,2.556081,2.151780,0.108984,0.093330,0.928902,0.047047,0.040290,0.050605
sample,684,drone,17.083502,6.072065,-2.246858,2.558424,2.174720,0.110145,0.094325,0.907885,0.045983,0.039378,0.050605
sample,685,drone,17.108478,6.126664,-2.244092,2.560793,2.197130,0.111281,0.095297,0.886463,0.044898,0.038449,0.050605
sample,686,drone,17.133454,6.181816,-2.241299,2.563185,2.219000,0.112388,0.096246,0.864646,0.043793,0.037503,0.050605
sample,687,drone,17.158430,6.237507,-2.238478,2.565600,2.240321,0.113468,0.097171,0.842446,0.042668,0.036540,0.050605
sample,688,drone,17.183406,6.293724,-2.235631,2.568039,2.261082,0.114520,0.098071,0.819875,0.041525,0.035561,0.050605
sample,689,drone,17.208382,6.350452,-2.232758,2.570499,2.281275,0.115542,0.098947,0.796945,0.040364,0.034566,0.050605
sample,690,drone,17.233357,6.407678,-2.229860,2.572981,2.300891,0.116536,0.099798,0.773666,0.039185,0.033557,0.050605
sample,691,drone,17.258333,6.465386,-2.226937,2.575484,2.319921,0.117500,0.100623,0.750051,0.037989,0.032532,0.050605
sample,692,drone,17.283309,6.523562,-2.223990,2.578007,2.338357,0.118433,0.101423,0.726112,0.036776,0.031494,0.050605
sample,693,drone,17.308285,6.582191,-2.221021,2.580550,2.356191,0.119337,0.102197,0.701859,0.035548,0.030442,0.050605
sample,694,drone,17.333261,6.641258,-2.218029,2.583112,2.373416,0.120209,0.102944,0.677304,0.034304,0.029377,0.050605
sample,695,drone,17.358237,6.700747,-2.215016,2.585693,2.390024,0.121050,0.103664,0.652460,0.033046,0.028300,0.050605
sample,696,drone,17.383213,6.760644,-2.211982,2.588291,2.406008,0.121860,0.104357,0.627337,0.031773,0.027210,0.050605
sample,697,drone,17.408189,6.820931,-2.208929,2.590905,2.421361,0.122637,0.105023,0.601947,0.030488,0.026109,0.050605
sample,698,drone,17.433164,6.881595,-2.205856,2.593537,2.436076,0.123383,0.105661,0.576303,0.029189,0.024996,0.050605
sample,699,drone,17.458140,6.942618,-2.202766,2.596183,2.450148,0.124095,0.106272,0.550415,0.027877,0.023873,0.050605
sample,700,drone,17.483116,7.003984,-2.199658,2.598845,2.463570,0.124775,0.106854,0.524294,0.026555,0.022741,0.050605
sample,701,drone,17.508092,7.065677,-2.196533,2.601521,2.476337,0.125422,0.107408,0.497954,0.025220,0.021598,0.050605
sample,702,drone,17.533068,7.127681,-2.193393,2.604210,2.488444,0.126035,0.107933,0.471405,0.023876,0.020447,0.050605
sample,703,drone,17.558044,7.189979,-2.190237,2.606912,2.499885,0.126614,0.108429,0.444658,0.022521,0.019286,0.050605
sample,704,drone,17.583020,7.252555,-2.187068,2.609627,2.510655,0.127160,0.108896,0.417727,0.021157,0.018118,0.050605
sample,705,drone,17.607996,7.315391,-2.183886,2.612352,2.520751,0.127671,0.109334,0.390621,0.019784,0.016943,0.050605
sample,706,drone,17.632971,7.378471,-2.180691,2.615088,2.530168,0.128148,0.109742,0.363353,0.018403,0.015760,0.050605
sample,707,drone,17.657947,7.441777,-2.177484,2.617834,2.538901,0.128591,0.110121,0.335935,0.017014,0.014571,0.050605
sample,708,drone,17.682923,7.505294,-2.174267,2.620589,2.546948,0.128998,0.110470,0.308377,0.015619,0.013375,0.050605
sample,709,drone,17.707899,7.569002,-2.171041,2.623352,2.554305,0.129371,0.110789,0.280692,0.014217,0.012175,0.050605
sample,710,drone,17.732875,7.632886,-2.167805,2.626123,2.560969,0.129708,0.111078,0.252891,0.012808,0.010969,0.050605
sample,711,drone,17.757851,7.696927,-2.164561,2.628901,2.566937,0.130011,0.111337,0.224986,0.011395,0.009758,0.050605
sample,712,drone,17.782827,7.761109,-2.161311,2.631684,2.572208,0.130277,0.111566,0.196988,0.009977,0.008544,0.050605
sample,713,drone,17.807803,7.825413,-2.158054,2.634473,2.576777,0.130509,0.111764,0.168909,0.008555,0.007326,0.050605
sample,714,drone,17.832779,7.889823,-2.154792,2.637267,2.580645,0.130705,0.111932,0.140761,0.007129,0.006105,0.050605
sample,715,drone,17.857754,7.954321,-2.151525,2.640065,2.583809,0.130865,0.112069,0.112555,0.005701,0.004882,0.050605
sample,716,drone,17.882730,8.018889,-2.148255,2.642865,2.586267,0.130990,0.112176,0.084303,0.004270,0.003657,0.050605
sample,717,drone,17.907706,8.083510,-2.144982,2.645668,2.588020,0.131078,0.112252,0.056016,0.002837,0.002430,0.050605
sample,718,drone,17.932682,8.148165,-2.141707,2.648472,2.589065,0.131131,0.112297,0.027707,0.001403,0.001202,0.050605
sample,719,drone,17.957658,8.212838,-2.138432,2.651277,2.589404,0.131148,0.112312,-0.000614,-0.000031,-0.000027,0.050605
sample,720,drone,17.982634,8.277510,-2.135156,2.654083,2.589035,0.131130,0.112296,-0.028935,-0.001466,-0.001255,0.050605
sample,721,drone,18.007610,8.342165,-2.131881,2.656887,2.587958,0.131075,0.112249,-0.057244,-0.002899,-0.002483,0.050605
sample,722,drone,18.032586,8.406783,-2.128609,2.659690,2.586175,0.130985,0.112172,-0.085529,-0.004332,-0.003710,0.050605
sample,723,drone,18.057561,8.471349,-2.125338,2.662490,2.583686,0.130859,0.112064,-0.113780,-0.005763,-0.004935,0.050605
sample,724,drone,18.082537,8.535843,-2.122072,2.665287,2.580492,0.130697,0.111925,-0.141983,-0.007191,-0.006158,0.050605
sample,725,drone,18.107513,8.600249,-2.118810,2.668081,2.576594,0.130500,0.111756,-0.170129,-0.008617,-0.007379,0.050605
sample,726,drone,18.132489,8.664549,-2.115553,2.670870,2.571994,0.130267,0.111557,-0.198204,-0.010039,-0.008597,0.050605
sample,727,drone,18.157465,8.728724,-2.112303,2.673653,2.566693,0.129998,0.111327,-0.226198,-0.011457,-0.009811,0.050605
sample,728,drone,18.182441,8.792759,-2.109060,2.676431,2.560695,0.129694,0.111067,-0.254099,-0.012870,-0.011021,0.050605
sample,729,drone,18.207417,8.856636,-2.105824,2.679201,2.554000,0.129355,0.110776,-0.281895,-0.014277,-0.012227,0.050605
sample,730,drone,18.232393,8.920336,-2.102598,2.681964,2.546613,0.128981,0.110456,-0.309575,-0.015679,-0.013427,0.050605
sample,731,drone,18.257368,8.983844,-2.099382,2.684719,2.538537,0.128572,0.110105,-0.337127,-0.017075,-0.014622,0.050605
sample,732,drone,18.282344,9.047141,-2.096176,2.687464,2.529773,0.128128,0.109725,-0.364539,-0.018463,-0.015811,0.050605
sample,733,drone,18.307320,9.110210,-2.092981,2.690200,2.520327,0.127650,0.109316,-0.391800,-0.019844,-0.016994,0.050605
sample,734,drone,18.332296,9.173035,-2.089799,2.692925,2.510202,0.127137,0.108877,-0.418899,-0.021216,-0.018169,0.050605
sample,735,drone,18.357272,9.235599,-2.086631,2.695638,2.499402,0.126590,0.108408,-0.445822,-0.022580,-0.019337,0.050605
sample,736,drone,18.382248,9.297885,-2.083476,2.698340,2.487933,0.126009,0.107911,-0.472560,-0.023934,-0.020497,0.050605
sample,737,drone,18.407224,9.359876,-2.080336,2.701029,2.475797,0.125394,0.107384,-0.499101,-0.025279,-0.021648,0.050605
sample,738,drone,18.432200,9.421555,-2.077212,2.703704,2.463002,0.124746,0.106829,-0.525432,-0.026612,-0.022790,0.050605
sample,739,drone,18.457176,9.482907,-2.074105,2.706365,2.449551,0.124065,0.106246,-0.551542,-0.027935,-0.023922,0.050605
sample,740,drone,18.482151,9.543915,-2.071015,2.709011,2.435451,0.123351,0.105634,-0.577420,-0.029245,-0.025045,0.050605
sample,741,drone,18.507127,9.604562,-2.067943,2.711642,2.420708,0.122604,0.104995,-0.603054,-0.030544,-0.026157,0.050605
sample,742,drone,18.532103,9.664833,-2.064891,2.714256,2.405327,0.121825,0.104328,-0.628432,-0.031829,-0.027257,0.050605
sample,743,drone,18.557079,9.724712,-2.061858,2.716853,2.389317,0.121014,0.103633,-0.653543,-0.033101,-0.028347,0.050605
sample,744,drone,18.582055,9.784184,-2.058846,2.719432,2.372682,0.120172,0.102912,-0.678375,-0.034358,-0.029424,0.050605
sample,745,drone,18.607031,9.843232,-2.055855,2.721994,2.355430,0.119298,0.102163,-0.702917,-0.035601,-0.030488,0.050605
sample,746,drone,18.632007,9.901842,-2.052887,2.724536,2.337570,0.118394,0.101389,-0.727157,-0.036829,-0.031539,0.050605
sample,747,drone,18.656983,9.959998,-2.049941,2.727058,2.319108,0.117458,0.100588,-0.751082,-0.038041,-0.032577,0.050605
sample,748,drone,18.681958,10.017685,-2.047019,2.729560,2.300052,0.116493,0.099762,-0.774683,-0.039236,-0.033601,0.050605
sample,749,drone,18.706934,10.074889,-2.044122,2.732041,2.280411,0.115499,0.098910,-0.797947,-0.040415,-0.034610,0.050605
sample,750,drone,18.731910,10.131596,-2.041250,2.734501,2.260193,0.114475,0.098033,-0.820862,-0.041575,-0.035604,0.050605
sample,751,drone,18.756886,10.187790,-2.038404,2.736938,2.239407,0.113422,0.097131,-0.843417,-0.042717,-0.036582,0.050605
sample,752,drone,18.781862,10.243458,-2.035584,2.739353,2.218063,0.112341,0.096205,-0.865600,-0.043841,-0.037544,0.050605
sample,753,drone,18.806838,10.298586,-2.032792,2.741744,2.196169,0.111232,0.095256,-0.887400,-0.044945,-0.038490,0.050605
sample,754,drone,18.831814,10.353161,-2.030028,2.744111,2.173736,0.110096,0.094283,-0.908805,-0.046029,-0.039418,0.050605
sample,755,drone,18.856790,10.407168,-2.027293,2.746453,2.150773,0.108933,0.093287,-0.929804,-0.047093,-0.040329,0.050605
sample,756,drone,18.881765,10.460596,-2.024587,2.748771,2.127290,0.107743,0.092268,-0.950384,-0.048135,-0.041222,0.050605
sample,757,drone,18.906741,10.513430,-2.021911,2.751062,2.103299,0.106528,0.091228,-0.970534,-0.049156,-0.042096,0.050605
sample,758,drone,18.931717,10.565659,-2.019266,2.753328,2.078811,0.105288,0.090165,-0.990244,-0.050154,-0.042950,0.050605
sample,759,drone,18.956693,10.617270,-2.016652,2.755566,2.053835,0.104023,0.089082,-1.009500,-0.051129,-0.043786,0.050605
sample,760,drone,18.981669,10.668252,-2.014069,2.757778,2.028384,0.102734,0.087978,-1.028291,-0.052081,-0.044601,0.050605
sample,761,drone,19.006645,10.718592,-2.011520,2.759961,2.002470,0.101421,0.086854,-1.046607,-0.053009,-0.045395,0.050605
sample,762,drone,19.031621,10.768279,-2.009003,2.762116,1.976104,0.100086,0.085711,-1.064434,-0.053912,-0.046168,0.050605
sample,763,drone,19.056597,10.817302,-2.006520,2.764242,1.949300,0.098728,0.084548,-1.081762,-0.054789,-0.046920,0.050605
sample,764,drone,19.081573,10.865650,-2.004072,2.766339,1.922069,0.097349,0.083367,-1.098579,-0.055641,-0.047649,0.050605
sample,765,drone,19.106548,10.913312,-2.001658,2.768407,1.894424,0.095949,0.082168,-1.114874,-0.056466,-0.048356,0.050605
sample,766,drone,19.131524,10.960279,-1.999279,2.770444,1.866379,0.094529,0.080952,-1.130634,-0.057264,-0.049040,0.050605
sample,767,drone,19.156500,11.006541,-1.996936,2.772450,1.837947,0.093089,0.079718,-1.145848,-0.058035,-0.049700,0.050605
sample,768,drone,19.181476,11.052088,-1.994629,2.774426,1.809141,0.091630,0.078469,-1.160505,-0.058777,-0.050335,0.050605
sample,769,drone,19.206452,11.096911,-1.992359,2.776370,1.779977,0.090153,0.077204,-1.174593,-0.059491,-0.050946,0.050605
sample,770,drone,19.231428,11.141001,-1.990126,2.778282,1.750468,0.088658,0.075924,-1.188100,-0.060175,-0.051532,0.050605
sample,771,drone,19.256404,11.184350,-1.987930,2.780163,1.720630,0.087147,0.074630,-1.201015,-0.060829,-0.052092,0.050605
sample,772,drone,19.281380,11.226950,-1.985772,2.782010,1.690476,0.085619,0.073322,-1.213325,-0.061453,-0.052626,0.050605
sample,773,drone,19.306355,11.268792,-1.983653,2.783825,1.660022,0.084077,0.072001,-1.225021,-0.062045,-0.053134,0.050605
sample,774,drone,19.331331,11.309871,-1.981573,2.785607,1.629284,0.082520,0.070668,-1.236089,-0.062606,-0.053614,0.050605
sample,775,drone,19.356307,11.350178,-1.979531,2.787355,1.598277,0.080950,0.069323,-1.246518,-0.063134,-0.054066,0.050605
sample,776,drone,19.381283,11.389707,-1.977529,2.789070,1.567018,0.079367,0.067967,-1.256298,-0.063629,-0.054490,0.050605
sample,777,drone,19.406259,11.428453,-1.975567,2.790750,1.535523,0.077771,0.066601,-1.265415,-0.064091,-0.054886,0.050605
sample,778,drone,19.431235,11.466409,-1.973644,2.792397,1.503808,0.076165,0.065226,-1.273858,-0.064519,-0.055252,0.050605
sample,779,drone,19.456211,11.503571,-1.971762,2.794008,1.471891,0.074549,0.063841,-1.281617,-0.064911,-0.055588,0.050605
sample,780,drone,19.481187,11.539933,-1.969920,2.795586,1.439789,0.072923,0.062449,-1.288679,-0.065269,-0.055895,0.050605
sample,781,drone,19.506162,11.575491,-1.968119,2.797128,1.407520,0.071288,0.061049,-1.295032,-0.065591,-0.056170,0.050605
sample,782,drone,19.531138,11.610241,-1.966359,2.798635,1.375100,0.069646,0.059643,-1.300665,-0.065876,-0.056415,0.050605
sample,783,drone,19.556114,11.644180,-1.964641,2.800107,1.342549,0.067998,0.058231,-1.305567,-0.066125,-0.056627,0.050605
sample,784,drone,19.581090,11.677304,-1.962963,2.801544,1.309885,0.066343,0.056814,-1.309725,-0.066335,-0.056808,0.050605
sample,785,drone,19.606066,11.709611,-1.961327,2.802945,1.277126,0.064684,0.055394,-1.313129,-0.066508,-0.056955,0.050605
sample,786,drone,19.631042,11.741098,-1.959732,2.804311,1.244292,0.063021,0.053969,-1.315766,-0.066641,-0.057070,0.050605
sample,787,drone,19.656018,11.771765,-1.958179,2.805641,1.211401,0.061355,0.052543,-1.317626,-0.066735,-0.057150,0.050605
sample,788,drone,19.680994,11.801610,-1.956667,2.806935,1.178474,0.059687,0.051115,-1.318695,-0.066789,-0.057197,0.050605
sample,789,drone,19.705970,11.830632,-1.955197,2.808194,1.145530,0.058019,0.049686,-1.318964,-0.066803,-0.057208,0.050605
sample,790,drone,19.730945,11.858831,-1.953769,2.809417,1.112589,0.056351,0.048257,-1.318419,-0.066775,-0.057185,0.050605
sample,791,drone,19.755921,11.886208,-1.952382,2.810605,1.079673,0.054683,0.046829,-1.317050,-0.066706,-0.057125,0.050605
sample,792,drone,19.780897,11.912763,-1.951037,2.811757,1.046800,0.053018,0.045403,-1.314845,-0.066594,-0.057030,0.050605
sample,793,drone,19.805873,11.938497,-1.949734,2.812873,1.013994,0.051357,0.043981,-1.311792,-0.066440,-0.056897,0.050605
sample,794,drone,19.830849,11.963414,-1.948472,2.813953,0.981274,0.049700,0.042561,-1.307880,-0.066242,-0.056727,0.050605
sample,795,drone,19.855825,11.987514,-1.947251,2.814999,0.948663,0.048048,0.041147,-1.303097,-0.065999,-0.056520,0.050605
sample,796,drone,19.880801,12.010801,-1.946072,2.816009,0.916182,0.046403,0.039738,-1.297432,-0.065712,-0.056274,0.050605
sample,797,drone,19.905777,12.033279,-1.944933,2.816984,0.883854,0.044766,0.038336,-1.290872,-0.065380,-0.055990,0.050605
sample,798,drone,19.930752,12.054951,-1.943836,2.817924,0.851701,0.043137,0.036941,-1.283407,-0.065002,-0.055666,0.050605
sample,799,drone,19.955728,12.075823,-1.942779,2.818829,0.819745,0.041519,0.035555,-1.275024,-0.064578,-0.055302,0.050605
sample,800,drone,19.980704,12.095899,-1.941762,2.819700,0.788011,0.039911,0.034179,-1.265712,-0.064106,-0.054898,0.050605
sample,801,drone,20.005680,12.115185,-1.940785,2.820536,0.756521,0.038316,0.032813,-1.255460,-0.063587,-0.054454,0.050605
sample,802,drone,20.030656,12.133688,-1.939848,2.821339,0.725299,0.036735,0.031459,-1.244256,-0.063019,-0.053968,0.050605
sample,803,drone,20.055632,12.151415,-1.938950,2.822108,0.694368,0.035168,0.030117,-1.232087,-0.062403,-0.053440,0.050605
sample,804,drone,20.080608,12.168373,-1.938091,2.822843,0.663754,0.033618,0.028789,-1.218944,-0.061737,-0.052870,0.050605
sample,805,drone,20.105584,12.184571,-1.937271,2.823546,0.633480,0.032085,0.027476,-1.204813,-0.061022,-0.052257,0.050605
sample,806,drone,20.130559,12.200017,-1.936488,2.824216,0.603571,0.030570,0.026179,-1.189684,-0.060255,-0.051601,0.050605
sample,807,drone,20.155535,12.214720,-1.935744,2.824854,0.574053,0.029075,0.024899,-1.173545,-0.059438,-0.050901,0.050605
sample,808,drone,20.180511,12.228692,-1.935036,2.825460,0.544950,0.027601,0.023636,-1.156384,-0.058569,-0.050157,0.050605
sample,809,drone,20.205487,12.241941,-1.934365,2.826034,0.516290,0.026149,0.022393,-1.138189,-0.057647,-0.049367,0.050605
sample,810,drone,20.230463,12.254481,-1.933730,2.826578,0.488096,0.024721,0.021170,-1.118950,-0.056673,-0.048533,0.050605
sample,811,drone,20.255439,12.266323,-1.933130,2.827092,0.460396,0.023318,0.019969,-1.098653,-0.055645,-0.047653,0.050605
sample,812,drone,20.280415,12.277479,-1.932565,2.827576,0.433216,0.021942,0.018790,-1.077289,-0.054563,-0.046726,0.050605
sample,813,drone,20.305391,12.287963,-1.932034,2.828030,0.406584,0.020593,0.017635,-1.054844,-0.053426,-0.045752,0.050605
sample,814,drone,20.330367,12.297788,-1.931536,2.828456,0.380525,0.019273,0.016505,-1.031308,-0.052234,-0.044732,0.050605
sample,815,drone,20.355342,12.306971,-1.931071,2.828855,0.355068,0.017984,0.015401,-1.006670,-0.050986,-0.043663,0.050605
sample,816,drone,20.380318,12.315525,-1.930638,2.829226,0.330240,0.016726,0.014324,-0.980916,-0.049682,-0.042546,0.050605
sample,817,drone,20.405294,12.323467,-1.930236,2.829570,0.306069,0.015502,0.013275,-0.954036,-0.048320,-0.041380,0.050605
sample,818,drone,20.430270,12.330813,-1.929864,2.829889,0.282584,0.014312,0.012257,-0.926018,-0.046901,-0.040165,0.050605
sample,819,drone,20.455246,12.337582,-1.929521,2.830182,0.259813,0.013159,0.011269,-0.896851,-0.045424,-0.038900,0.050605
sample,820,drone,20.480222,12.343791,-1.929206,2.830452,0.237785,0.012043,0.010314,-0.866522,-0.043888,-0.037584,0.050605
sample,821,drone,20.505198,12.349460,-1.928919,2.830698,0.216529,0.010967,0.009392,-0.835021,-0.042292,-0.036218,0.050605
sample,822,drone,20.530174,12.354607,-1.928659,2.830921,0.196074,0.009931,0.008504,-0.802335,-0.040637,-0.034800,0.050605
sample,823,drone,20.555149,12.359254,-1.928423,2.831122,0.176451,0.008937,0.007653,-0.768454,-0.038921,-0.033331,0.050605
sample,824,drone,20.580125,12.363421,-1.928212,2.831303,0.157689,0.007987,0.006840,-0.733365,-0.037144,-0.031809,0.050605
sample,825,drone,20.605101,12.367131,-1.928024,2.831464,0.139818,0.007082,0.006064,-0.697057,-0.035305,-0.030234,0.050605
sample,826,drone,20.630077,12.370406,-1.927859,2.831606,0.122869,0.006223,0.005329,-0.659518,-0.033403,-0.028606,0.050605
sample,827,drone,20.655053,12.373269,-1.927714,2.831730,0.106874,0.005413,0.004636,-0.620736,-0.031439,-0.026924,0.050605
sample,828,drone,20.680029,12.375744,-1.927588,2.831838,0.091863,0.004653,0.003984,-0.580701,-0.029411,-0.025187,0.050605
sample,829,drone,20.705005,12.377857,-1.927481,2.831929,0.077867,0.003944,0.003377,-0.539400,-0.027320,-0.023396,0.050605
sample,830,drone,20.729981,12.379634,-1.927391,2.832006,0.064919,0.003288,0.002816,-0.496822,-0.025163,-0.021549,0.050605
sample,831,drone,20.754957,12.381100,-1.927317,2.832070,0.053050,0.002687,0.002301,-0.452955,-0.022941,-0.019646,0.050605
sample,832,drone,20.779932,12.382284,-1.927257,2.832121,0.042293,0.002142,0.001834,-0.407787,-0.020654,-0.017687,0.050605
sample,833,drone,20.804908,12.383213,-1.927210,2.832162,0.032680,0.001655,0.001417,-0.361308,-0.018300,-0.015671,0.050605
sample,834,drone,20.829884,12.383916,-1.927174,2.832192,0.024245,0.001228,0.001052,-0.313505,-0.015878,-0.013598,0.050605
sample,835,drone,20.854860,12.384424,-1.927149,2.832214,0.017020,0.000862,0.000738,-0.264366,-0.013390,-0.011467,0.050605
sample,836,drone,20.879836,12.384766,-1.927131,2.832229,0.011039,0.000559,0.000479,-0.213881,-0.010833,-0.009277,0.050605
sample,837,drone,20.904812,12.384975,-1.927121,2.832238,0.006336,0.000321,0.000275,-0.162037,-0.008207,-0.007028,0.050605
sample,838,drone,20.929788,12.385083,-1.927115,2.832243,0.002945,0.000149,0.000128,-0.108823,-0.005512,-0.004720,0.050605
sample,839,drone,20.954764,12.385122,-1.927113,2.832244,0.000900,0.000046,0.000039,-0.049072,0.010123,-0.007382,0.050613
sample,840,drone,20.979739,12.385128,-1.927113,2.832245,0.000494,0.000655,-0.000241,0.040585,0.098060,-0.038244,0.924644
sample,841,drone,21.004715,12.385147,-1.927080,2.832232,0.002928,0.004944,-0.001871,0.174907,0.298960,-0.113297,1.036165
sample,842,drone,21.029691,12.385274,-1.926866,2.832151,0.009231,0.015588,-0.005900,0.329266,0.556047,-0.210471,1.036165
sample,843,drone,21.054667,12.385608,-1.926302,2.831938,0.019375,0.032719,-0.012385,0.477861,0.806987,-0.305454,1.036165
sample,844,drone,21.079643,12.386242,-1.925232,2.831533,0.033101,0.055899,-0.021158,0.616184,1.040579,-0.393872,1.036166
sample,845,drone,21.104619,12.387261,-1.923510,2.830881,0.050154,0.084698,-0.032059,0.744462,1.257210,-0.475869,1.036166
sample,846,drone,21.129595,12.388747,-1.921001,2.829931,0.070288,0.118699,-0.044929,0.862926,1.457265,-0.551592,1.036166
sample,847,drone,21.154571,12.390772,-1.917580,2.828637,0.093259,0.157491,-0.059612,0.971802,1.641129,-0.621187,1.036166
sample,848,drone,21.179546,12.393406,-1.913134,2.826953,0.118831,0.200676,-0.075958,1.071320,1.809189,-0.684800,1.036166
sample,849,drone,21.204522,12.396708,-1.907556,2.824842,0.146773,0.247863,-0.093819,1.161707,1.961830,-0.742576,1.036166
sample,850,drone,21.229498,12.400737,-1.900753,2.822267,0.176860,0.298673,-0.113051,1.243192,2.099438,-0.794662,1.036166
sample,851,drone,21.254474,12.405543,-1.892637,2.819195,0.208873,0.352734,-0.133514,1.316003,2.222398,-0.841204,1.036166
sample,852,drone,21.279450,12.411171,-1.883133,2.815598,0.242597,0.409686,-0.155071,1.380368,2.331095,-0.882347,1.036166
sample,853,drone,21.304426,12.417661,-1.872172,2.811449,0.277825,0.469176,-0.177589,1.436517,2.425916,-0.918238,1.036166
sample,854,drone,21.329402,12.425049,-1.859697,2.806727,0.314354,0.530864,-0.200938,1.484677,2.507245,-0.949022,1.036166
sample,855,drone,21.354378,12.433363,-1.845655,2.801412,0.351987,0.594418,-0.224994,1.525076,2.575469,-0.974846,1.036166
sample,856,drone,21.379354,12.442631,-1.830004,2.795488,0.390534,0.659514,-0.249634,1.557943,2.630973,-0.995855,1.036166
sample,857,drone,21.404329,12.452871,-1.812711,2.788942,0.429809,0.725839,-0.274739,1.583506,2.674143,-1.012195,1.036166
sample,858,drone,21.429305,12.464101,-1.793748,2.781764,0.469633,0.793092,-0.300195,1.601993,2.705363,-1.024012,1.036166
sample,859,drone,21.454281,12.476330,-1.773095,2.773947,0.509831,0.860977,-0.325890,1.613634,2.725021,-1.031453,1.036166
sample,860,drone,21.479257,12.489568,-1.750740,2.765486,0.550237,0.929211,-0.351718,1.618655,2.733501,-1.034663,1.036166
sample,861,drone,21.504233,12.503816,-1.726679,2.756378,0.590686,0.997520,-0.377573,1.617286,2.731189,-1.033788,1.036166
sample,862,drone,21.529209,12.519073,-1.700912,2.746625,0.631023,1.065639,-0.403357,1.609755,2.718471,-1.028973,1.036166
sample,863,drone,21.554185,12.535336,-1.673448,2.736230,0.671096,1.133313,-0.428972,1.596289,2.695731,-1.020366,1.036166
sample,864,drone,21.579161,12.552596,-1.644301,2.725197,0.710760,1.200295,-0.454326,1.577119,2.663357,-1.008112,1.036166
sample,865,drone,21.604136,12.570840,-1.613492,2.713535,0.749876,1.266352,-0.479329,1.552471,2.621732,-0.992357,1.036166
sample,866,drone,21.629112,12.590053,-1.581045,2.701254,0.788309,1.331256,-0.503896,1.522574,2.571244,-0.973246,1.036166
sample,867,drone,21.654088,12.610217,-1.546993,2.688365,0.825931,1.394790,-0.527945,1.487656,2.512277,-0.950927,1.036166
sample,868,drone,21.679064,12.631310,-1.511373,2.674882,0.862620,1.456748,-0.551397,1.447947,2.445217,-0.925544,1.036166
sample,869,drone,21.704040,12.653307,-1.474226,2.660822,0.898259,1.516933,-0.574177,1.403673,2.370450,-0.897244,1.036166
sample,870,drone,21.729016,12.676180,-1.435599,2.646201,0.932736,1.575156,-0.596215,1.355064,2.288361,-0.866172,1.036166
sample,871,drone,21.753992,12.699899,-1.395544,2.631040,0.965947,1.631241,-0.617444,1.302347,2.199336,-0.832475,1.036166
sample,872,drone,21.778968,12.724431,-1.354116,2.615358,0.997791,1.685017,-0.637799,1.245751,2.103761,-0.796299,1.036166
sample,873,drone,21.803943,12.749740,-1.311374,2.599180,1.028174,1.736327,-0.657221,1.185505,2.002020,-0.757788,1.036166
sample,874,drone,21.828919,12.775790,-1.267383,2.582529,1.057009,1.785022,-0.675652,1.121837,1.894500,-0.717091,1.036166
sample,875,drone,21.853895,12.802540,-1.222209,2.565430,1.084212,1.830961,-0.693040,1.054974,1.781586,-0.674352,1.036166
sample,876,drone,21.878871,12.829948,-1.175924,2.547911,1.109706,1.874015,-0.709337,0.985146,1.663664,-0.629717,1.036166
sample,877,drone,21.903847,12.857971,-1.128599,2.529998,1.133422,1.914064,-0.724496,0.912581,1.541120,-0.583332,1.036166
sample,878,drone,21.928823,12.886564,-1.080313,2.511721,1.155291,1.950997,-0.738475,0.837507,1.414338,-0.535344,1.036166
sample,879,drone,21.953799,12.915680,-1.031143,2.493110,1.175256,1.984712,-0.751237,0.760152,1.283705,-0.485898,1.036166
sample,880,drone,21.978775,12.945270,-0.981173,2.474195,1.193262,2.015120,-0.762747,0.680744,1.149606,-0.435139,1.036166
sample,881,drone,22.003751,12.975286,-0.930485,2.455009,1.209261,2.042137,-0.772973,0.599513,1.012426,-0.383215,1.036166
sample,882,drone,22.028726,13.005675,-0.879164,2.435584,1.223209,2.065692,-0.781889,0.516686,0.872552,-0.330271,1.036166
sample,883,drone,22.053702,13.036387,-0.827300,2.415952,1.235070,2.085723,-0.789471,0.432491,0.730369,-0.276453,1.036166
sample,884,drone,22.078678,13.067369,-0.774979,2.396148,1.244813,2.102176,-0.795699,0.347158,0.586262,-0.221907,1.036166
sample,885,drone,22.103654,13.098568,-0.722292,2.376206,1.252411,2.115008,-0.800556,0.260914,0.440618,-0.166779,1.036166
sample,886,drone,22.128630,13.129929,-0.669331,2.356159,1.257846,2.124185,-0.804029,0.173987,0.293821,-0.111215,1.036166
sample,887,drone,22.153606,13.161399,-0.616185,2.336043,1.261102,2.129684,-0.806111,0.086607,0.146257,-0.055360,1.036166
sample,888,drone,22.178582,13.192924,-0.562949,2.315892,1.262172,2.131491,-0.806795,-0.001000,-0.001688,0.000639,1.036166
sample,889,drone,22.203558,13.224447,-0.509714,2.295742,1.261052,2.129600,-0.806079,-0.088603,-0.149629,0.056636,1.036166
sample,890,drone,22.228533,13.255915,-0.456572,2.275627,1.257746,2.124017,-0.803966,-0.175976,-0.297179,0.112486,1.036166
sample,891,drone,22.253509,13.287274,-0.403615,2.255583,1.252262,2.114756,-0.800460,-0.262890,-0.443954,0.168042,1.036166
sample,892,drone,22.278485,13.318468,-0.350936,2.235643,1.244614,2.101841,-0.795572,-0.349116,-0.589568,0.223159,1.036166
sample,893,drone,22.303461,13.349444,-0.298625,2.215843,1.234823,2.085306,-0.789313,-0.434426,-0.733635,0.277690,1.036166
sample,894,drone,22.328437,13.380150,-0.246771,2.196215,1.222914,2.065194,-0.781701,-0.518591,-0.875770,0.331489,1.036166
sample,895,drone,22.353413,13.410531,-0.195465,2.176795,1.208919,2.041559,-0.772755,-0.601385,-1.015587,0.384412,1.036166
sample,896,drone,22.378389,13.440537,-0.144792,2.157615,1.192874,2.014464,-0.762499,-0.682577,-1.152701,0.436311,1.036166
sample,897,drone,22.403365,13.470117,-0.094839,2.138707,1.174823,1.983980,-0.750960,-0.761940,-1.286725,0.487041,1.036166
sample,898,drone,22.428340,13.499222,-0.045689,2.120103,1.154814,1.950190,-0.738170,-0.839246,-1.417275,0.536455,1.036166
sample,899,drone,22.453316,13.527802,0.002577,2.101834,1.132901,1.913185,-0.724163,-0.914265,-1.543964,0.584409,1.036166
sample,900,drone,22.478292,13.555812,0.049878,2.083930,1.109144,1.873066,-0.708978,-0.986771,-1.666407,0.630755,1.036166
sample,901,drone,22.503268,13.583206,0.096140,2.066419,1.083610,1.829945,-0.692656,-1.056534,-1.784219,0.675348,1.036166
sample,902,drone,22.528244,13.609940,0.141287,2.049331,1.056369,1.783941,-0.675243,-1.123326,-1.897015,0.718043,1.036166
sample,903,drone,22.553220,13.635973,0.185251,2.032690,1.027498,1.735185,-0.656788,-1.186919,-2.004407,0.758692,1.036166
sample,904,drone,22.578196,13.661266,0.227963,2.016523,0.997080,1.683817,-0.637345,-1.247084,-2.106011,0.797150,1.036166
sample,905,drone,22.603172,13.685779,0.269360,2.000853,0.965204,1.629986,-0.616969,-1.303594,-2.201442,0.833272,1.036166
sample,906,drone,22.628148,13.709479,0.309384,1.985704,0.931963,1.573851,-0.595722,-1.356219,-2.290313,0.866911,1.036166
sample,907,drone,22.653123,13.732333,0.347977,1.971096,0.897458,1.515581,-0.573666,-1.404732,-2.372239,0.897921,1.036166
sample,908,drone,22.678099,13.754309,0.385090,1.957049,0.861794,1.455354,-0.550869,-1.448904,-2.446834,0.926156,1.036166
sample,909,drone,22.703075,13.775381,0.420674,1.943579,0.825083,1.393357,-0.527402,-1.488507,-2.513714,0.951471,1.036166
sample,910,drone,22.728051,13.795523,0.454690,1.930704,0.787441,1.329789,-0.503341,-1.523313,-2.572492,0.973719,1.036166
sample,911,drone,22.753027,13.814715,0.487100,1.918436,0.748991,1.264857,-0.478763,-1.553092,-2.622782,0.992754,1.036166
sample,912,drone,22.778003,13.832937,0.517872,1.906789,0.709861,1.198777,-0.453751,-1.577618,-2.664200,1.008431,1.036166
sample,913,drone,22.802979,13.850174,0.546981,1.895771,0.670186,1.131776,-0.428391,-1.596661,-2.696359,1.020604,1.036166
sample,914,drone,22.827955,13.866414,0.574406,1.885390,0.630105,1.064089,-0.402770,-1.609993,-2.718874,1.029126,1.036166
sample,915,drone,22.852930,13.881648,0.600134,1.875652,0.589764,0.995963,-0.376984,-1.617387,-2.731359,1.033852,1.036166
sample,916,drone,22.877906,13.895873,0.624156,1.866559,0.549314,0.927653,-0.351128,-1.618613,-2.733429,1.034636,1.036166
sample,917,drone,22.902882,13.909088,0.646472,1.858112,0.508911,0.859423,-0.325302,-1.613443,-2.724699,1.031331,1.036166
sample,918,drone,22.927858,13.921294,0.667086,1.850310,0.468720,0.791549,-0.299611,-1.601649,-2.704782,1.023792,1.036166
sample,919,drone,22.952834,13.932501,0.686011,1.843146,0.428906,0.724315,-0.274162,-1.583002,-2.673292,1.011873,1.036166
sample,920,drone,22.977810,13.942719,0.703267,1.836615,0.389646,0.658014,-0.249066,-1.557275,-2.629846,0.995428,1.036166
sample,921,drone,23.002786,13.951964,0.718880,1.830705,0.351118,0.592949,-0.224438,-1.524239,-2.574056,0.974311,1.036166
sample,922,drone,23.027762,13.960258,0.732886,1.825404,0.313507,0.529435,-0.200397,-1.483665,-2.505537,0.948376,1.036166
sample,923,drone,23.052737,13.967625,0.745326,1.820695,0.277006,0.467793,-0.177065,-1.435326,-2.423904,0.917477,1.036166
sample,924,drone,23.077713,13.974095,0.756253,1.816559,0.241810,0.408357,-0.154568,-1.378993,-2.328771,0.881468,1.036166
sample,925,drone,23.102689,13.979704,0.765724,1.812974,0.208123,0.351467,-0.133035,-1.314437,-2.219753,0.840203,1.036166
sample,926,drone,23.127665,13.984491,0.773809,1.809914,0.176152,0.297476,-0.112598,-1.241430,-2.096464,0.793536,1.036166
sample,927,drone,23.152641,13.988503,0.780584,1.807349,0.146111,0.246745,-0.093396,-1.159745,-1.958517,0.741322,1.036166
sample,928,drone,23.177617,13.991789,0.786135,1.805248,0.118221,0.199645,-0.075568,-1.069152,-1.805529,0.683414,1.036166
sample,929,drone,23.202593,13.994408,0.790556,1.803574,0.092705,0.156556,-0.059258,-0.969424,-1.637113,0.619667,1.036166
sample,930,drone,23.227569,13.996420,0.793955,1.802288,0.069796,0.117868,-0.044614,-0.860331,-1.452883,0.549933,1.036166
sample,931,drone,23.252545,13.997894,0.796444,1.801346,0.049730,0.083982,-0.031788,-0.741646,-1.252454,0.474069,1.036166
sample,932,drone,23.277520,13.998904,0.798150,1.800700,0.032750,0.055306,-0.020934,-0.613141,-1.035441,0.391927,1.036166
sample,933,drone,23.302496,13.999530,0.799207,1.800300,0.019103,0.032260,-0.012211,-0.474586,-0.801457,0.303361,1.036165
sample,934,drone,23.327472,13.999859,0.799761,1.800090,0.009043,0.015272,-0.005780,-0.325755,-0.550118,0.208226,1.036165
sample,935,drone,23.352448,13.999982,0.799970,1.800011,0.002831,0.004780,-0.001809,-0.166646,-0.281423,0.106522,1.036165
sample,936,drone,23.377424,14.000000,0.800000,1.800000,0.000719,0.001214,-0.000460,-0.084550,-0.142784,0.054046,1.036165
