section,index,name,t,x,y,z,vx,vy,vz,ax,ay,az,yaw
crossing,1,G5,8.250000,10.441882,-2.294157,2.224909,,,,,,
crossing,2,G4,12.500000,8.701713,1.530451,1.056868,,,,,,
crossing,3,G3,14.750000,6.266586,1.346462,1.840427,,,,,,
crossing,4,G6,19.250000,11.449051,1.594036,2.429722,,,,,,
crossing,5,G1,26.750000,2.369014,-0.809641,1.384479,,,,,,
crossing,6,G2,30.000000,3.547313,1.063215,2.270457,,,,,,
sample,0,drone,0.000000,0.000000,-1.000000,1.200000,0.000116,-0.000014,0.000011,0.013791,-0.001709,0.001354,-0.123309
sample,1,drone,0.024984,0.000003,-1.000000,1.200000,0.000460,-0.000057,0.000045,0.027466,-0.003404,0.002696,-0.123310
sample,2,drone,0.049969,0.000023,-1.000003,1.200002,0.001488,-0.000184,0.000146,0.054577,-0.006764,0.005357,-0.123310
sample,3,drone,0.074953,0.000077,-1.000010,1.200008,0.003187,-0.000395,0.000313,0.081198,-0.010064,0.007970,-0.123310
sample,4,drone,0.099938,0.000182,-1.000023,1.200018,0.005545,-0.000687,0.000544,0.107321,-0.013301,0.010534,-0.123310
sample,5,drone,0.124922,0.000354,-1.000044,1.200035,0.008550,-0.001060,0.000839,0.132951,-0.016478,0.013050,-0.123310
sample,6,drone,0.149906,0.000609,-1.000076,1.200060,0.012189,-0.001511,0.001196,0.158089,-0.019593,0.015517,-0.123310
sample,7,drone,0.174891,0.000963,-1.000119,1.200095,0.016449,-0.002039,0.001615,0.182739,-0.022648,0.017936,-0.123310
sample,8,drone,0.199875,0.001431,-1.000177,1.200141,0.021320,-0.002642,0.002093,0.206904,-0.025643,0.020308,-0.123310
sample,9,drone,0.224859,0.002029,-1.000251,1.200199,0.026788,-0.003320,0.002629,0.230586,-0.028579,0.022633,-0.123310
sample,10,drone,0.249844,0.002770,-1.000343,1.200272,0.032842,-0.004070,0.003224,0.253790,-0.031455,0.024910,-0.123310
sample,11,drone,0.274828,0.003670,-1.000455,1.200360,0.039470,-0.004892,0.003874,0.276519,-0.034271,0.027141,-0.123310
sample,12,drone,0.299813,0.004742,-1.000588,1.200465,0.046659,-0.005783,0.004580,0.298774,-0.037030,0.029326,-0.123310
sample,13,drone,0.324797,0.006001,-1.000744,1.200589,0.054399,-0.006742,0.005339,0.320560,-0.039730,0.031464,-0.123310
sample,14,drone,0.349781,0.007461,-1.000925,1.200732,0.062677,-0.007768,0.006152,0.341879,-0.042372,0.033557,-0.123310
sample,15,drone,0.374766,0.009133,-1.001132,1.200896,0.071482,-0.008859,0.007016,0.362734,-0.044957,0.035604,-0.123310
sample,16,drone,0.399750,0.011032,-1.001367,1.201083,0.080803,-0.010015,0.007931,0.383129,-0.047485,0.037606,-0.123310
sample,17,drone,0.424735,0.013171,-1.001632,1.201293,0.090627,-0.011232,0.008895,0.403066,-0.049956,0.039562,-0.123310
sample,18,drone,0.449719,0.015561,-1.001929,1.201527,0.100943,-0.012511,0.009908,0.422550,-0.052370,0.041475,-0.123310
sample,19,drone,0.474703,0.018215,-1.002258,1.201788,0.111741,-0.013849,0.010968,0.441581,-0.054729,0.043343,-0.123310
sample,20,drone,0.499688,0.021145,-1.002621,1.202075,0.123009,-0.015246,0.012074,0.460165,-0.057032,0.045167,-0.123310
sample,21,drone,0.524672,0.024361,-1.003019,1.202391,0.134735,-0.016699,0.013225,0.478303,-0.059280,0.046947,-0.123310
sample,22,drone,0.549656,0.027877,-1.003455,1.202736,0.146909,-0.018208,0.014420,0.496000,-0.061474,0.048684,-0.123310
sample,23,drone,0.574641,0.031702,-1.003929,1.203112,0.159520,-0.019771,0.015657,0.513257,-0.063613,0.050378,-0.123310
sample,24,drone,0.599625,0.035848,-1.004443,1.203519,0.172556,-0.021386,0.016937,0.530078,-0.065697,0.052029,-0.123310
sample,25,drone,0.624610,0.040325,-1.004998,1.203958,0.186007,-0.023054,0.018257,0.546467,-0.067729,0.053638,-0.123310
sample,26,drone,0.649594,0.045143,-1.005595,1.204431,0.199862,-0.024771,0.019617,0.562425,-0.069706,0.055204,-0.123310
sample,27,drone,0.674578,0.050312,-1.006236,1.204938,0.214111,-0.026537,0.021016,0.577957,-0.071631,0.056729,-0.123310
sample,28,drone,0.699563,0.055841,-1.006921,1.205481,0.228742,-0.028350,0.022452,0.593065,-0.073504,0.058212,-0.123310
sample,29,drone,0.724547,0.061742,-1.007652,1.206060,0.243745,-0.030210,0.023924,0.607753,-0.075324,0.059653,-0.123310
sample,30,drone,0.749531,0.068021,-1.008430,1.206677,0.259110,-0.032114,0.025433,0.622023,-0.077093,0.061054,-0.123310
sample,31,drone,0.774516,0.074689,-1.009257,1.207331,0.274827,-0.034062,0.026975,0.635878,-0.078810,0.062414,-0.123310
sample,32,drone,0.799500,0.081754,-1.010132,1.208024,0.290885,-0.036052,0.028551,0.649322,-0.080476,0.063733,-0.123310
sample,33,drone,0.824485,0.089224,-1.011058,1.208758,0.307273,-0.038083,0.030160,0.662358,-0.082092,0.065013,-0.123310
sample,34,drone,0.849469,0.097108,-1.012035,1.209531,0.323982,-0.040154,0.031800,0.674988,-0.083657,0.066253,-0.123310
sample,35,drone,0.874453,0.105413,-1.013065,1.210347,0.341001,-0.042263,0.033471,0.687216,-0.085173,0.067453,-0.123310
sample,36,drone,0.899438,0.114147,-1.014147,1.211204,0.358321,-0.044410,0.035171,0.699045,-0.086639,0.068614,-0.123310
sample,37,drone,0.924422,0.123318,-1.015284,1.212104,0.375932,-0.046593,0.036899,0.710478,-0.088056,0.069736,-0.123310
sample,38,drone,0.949407,0.132932,-1.016475,1.213048,0.393823,-0.048810,0.038655,0.721518,-0.089424,0.070820,-0.123310
sample,39,drone,0.974391,0.142997,-1.017723,1.214036,0.411985,-0.051061,0.040438,0.732168,-0.090744,0.071865,-0.123310
sample,40,drone,0.999375,0.153519,-1.019027,1.215068,0.430408,-0.053344,0.042246,0.742431,-0.092016,0.072872,-0.123310
sample,41,drone,1.024360,0.164504,-1.020388,1.216147,0.449083,-0.055659,0.044079,0.752311,-0.093241,0.073842,-0.123310
sample,42,drone,1.049344,0.175959,-1.021808,1.217271,0.468000,-0.058004,0.045936,0.761809,-0.094418,0.074774,-0.123310
sample,43,drone,1.074328,0.187889,-1.023287,1.218442,0.487150,-0.060377,0.047816,0.770930,-0.095548,0.075670,-0.123310
sample,44,drone,1.099313,0.200301,-1.024825,1.219660,0.506523,-0.062778,0.049717,0.779676,-0.096632,0.076528,-0.123310
sample,45,drone,1.124297,0.213199,-1.026424,1.220926,0.526109,-0.065206,0.051640,0.788051,-0.097670,0.077350,-0.123310
sample,46,drone,1.149282,0.226590,-1.028083,1.222241,0.545901,-0.067658,0.053582,0.796057,-0.098663,0.078136,-0.123310
sample,47,drone,1.174266,0.240477,-1.029805,1.223604,0.565888,-0.070136,0.055544,0.803698,-0.099610,0.078886,-0.123310
sample,48,drone,1.199250,0.254867,-1.031588,1.225016,0.586061,-0.072636,0.057524,0.810977,-0.100512,0.079600,-0.123310
sample,49,drone,1.224235,0.269762,-1.033434,1.226478,0.606411,-0.075158,0.059521,0.817896,-0.101369,0.080280,-0.123310
sample,50,drone,1.249219,0.285168,-1.035343,1.227990,0.626930,-0.077701,0.061535,0.824459,-0.102183,0.080924,-0.123310
sample,51,drone,1.274204,0.301089,-1.037317,1.229553,0.647608,-0.080264,0.063565,0.830669,-0.102952,0.081533,-0.123310
sample,52,drone,1.299188,0.317528,-1.039354,1.231167,0.668437,-0.082845,0.065610,0.836529,-0.103679,0.082108,-0.123310
sample,53,drone,1.324172,0.334490,-1.041456,1.232831,0.689409,-0.085445,0.067668,0.842042,-0.104362,0.082650,-0.123310
sample,54,drone,1.349157,0.351977,-1.043624,1.234548,0.710513,-0.088060,0.069739,0.847211,-0.105003,0.083157,-0.123310
sample,55,drone,1.374141,0.369994,-1.045857,1.236316,0.731743,-0.090691,0.071823,0.852039,-0.105601,0.083631,-0.123310
sample,56,drone,1.399125,0.388542,-1.048155,1.238137,0.753089,-0.093337,0.073918,0.856529,-0.106157,0.084072,-0.123310
sample,57,drone,1.424110,0.407624,-1.050521,1.240010,0.774542,-0.095996,0.076024,0.860685,-0.106672,0.084479,-0.123310
sample,58,drone,1.449094,0.427245,-1.052952,1.241936,0.796096,-0.098667,0.078140,0.864509,-0.107146,0.084855,-0.123310
sample,59,drone,1.474079,0.447404,-1.055451,1.243914,0.817741,-0.101350,0.080264,0.868004,-0.107580,0.085198,-0.123310
sample,60,drone,1.499063,0.468106,-1.058017,1.245946,0.839469,-0.104043,0.082397,0.871174,-0.107972,0.085509,-0.123310
sample,61,drone,1.524047,0.489352,-1.060650,1.248032,0.861272,-0.106745,0.084537,0.874022,-0.108325,0.085788,-0.123310
sample,62,drone,1.549032,0.511143,-1.063351,1.250171,0.883143,-0.109456,0.086684,0.876550,-0.108639,0.086037,-0.123310
sample,63,drone,1.574016,0.533481,-1.066119,1.252363,0.905072,-0.112174,0.088836,0.878761,-0.108913,0.086254,-0.123310
sample,64,drone,1.599000,0.556368,-1.068956,1.254610,0.927053,-0.114898,0.090994,0.880660,-0.109148,0.086440,-0.123310
sample,65,drone,1.623985,0.579805,-1.071860,1.256910,0.949078,-0.117628,0.093155,0.882248,-0.109345,0.086596,-0.123310
sample,66,drone,1.648969,0.603792,-1.074833,1.259264,0.971138,-0.120362,0.095321,0.883529,-0.109504,0.086722,-0.123310
sample,67,drone,1.673954,0.628331,-1.077875,1.261673,0.993227,-0.123100,0.097489,0.884506,-0.109625,0.086818,-0.123310
sample,68,drone,1.698938,0.653423,-1.080985,1.264136,1.015336,-0.125840,0.099659,0.885182,-0.109709,0.086884,-0.123310
sample,69,drone,1.723922,0.679067,-1.084163,1.266653,1.037458,-0.128582,0.101830,0.885561,-0.109756,0.086921,-0.123310
sample,70,drone,1.748907,0.705263,-1.087410,1.269224,1.059586,-0.131324,0.104002,0.885644,-0.109766,0.086929,-0.123310
sample,71,drone,1.773891,0.732013,-1.090725,1.271850,1.081713,-0.134066,0.106174,0.885436,-0.109740,0.086909,-0.123310
sample,72,drone,1.798876,0.759315,-1.094109,1.274530,1.103830,-0.136808,0.108345,0.884938,-0.109678,0.086860,-0.123310
sample,73,drone,1.823860,0.787170,-1.097561,1.277264,1.125932,-0.139547,0.110514,0.884156,-0.109581,0.086783,-0.123310
sample,74,drone,1.848844,0.815576,-1.101082,1.280052,1.148011,-0.142283,0.112681,0.883090,-0.109449,0.086679,-0.123310
sample,75,drone,1.873829,0.844534,-1.104671,1.282894,1.170059,-0.145016,0.114846,0.881746,-0.109283,0.086547,-0.123310
sample,76,drone,1.898813,0.874043,-1.108328,1.285791,1.192070,-0.147744,0.117006,0.880124,-0.109082,0.086387,-0.123310
sample,77,drone,1.923797,0.904101,-1.112053,1.288741,1.214038,-0.150467,0.119162,0.878230,-0.108847,0.086201,-0.123310
sample,78,drone,1.948782,0.934707,-1.115847,1.291745,1.235954,-0.153183,0.121313,0.876065,-0.108579,0.085989,-0.123310
sample,79,drone,1.973766,0.965860,-1.119708,1.294803,1.257814,-0.155892,0.123459,0.873633,-0.108277,0.085750,-0.123310
sample,80,drone,1.998751,0.997558,-1.123636,1.297914,1.279609,-0.158593,0.125598,0.870937,-0.107943,0.085486,-0.123310
sample,81,drone,2.023735,1.029800,-1.127632,1.301079,1.301333,-0.161286,0.127731,0.867979,-0.107577,0.085195,-0.123310
sample,82,drone,2.048719,1.062584,-1.131696,1.304297,1.322981,-0.163969,0.129855,0.864764,-0.107178,0.084880,-0.123310
sample,83,drone,2.073704,1.095908,-1.135826,1.307567,1.344544,-0.166642,0.131972,0.861294,-0.106748,0.084539,-0.123310
sample,84,drone,2.098688,1.129769,-1.140023,1.310891,1.366018,-0.169303,0.134080,0.857571,-0.106287,0.084174,-0.123310
sample,85,drone,2.123673,1.164166,-1.144286,1.314267,1.387396,-0.171953,0.136178,0.853600,-0.105794,0.083784,-0.123310
sample,86,drone,2.148657,1.199096,-1.148615,1.317696,1.408672,-0.174589,0.138266,0.849383,-0.105272,0.083370,-0.123310
sample,87,drone,2.173641,1.234556,-1.153010,1.321176,1.429839,-0.177213,0.140344,0.844924,-0.104719,0.082932,-0.123310
sample,88,drone,2.198626,1.270543,-1.157470,1.324708,1.450891,-0.179822,0.142410,0.840225,-0.104137,0.082471,-0.123310
sample,89,drone,2.223610,1.307055,-1.161995,1.328292,1.471824,-0.182416,0.144465,0.835289,-0.103525,0.081987,-0.123310
sample,90,drone,2.248594,1.344088,-1.166585,1.331927,1.492630,-0.184995,0.146507,0.830120,-0.102884,0.081479,-0.123310
sample,91,drone,2.273579,1.381640,-1.171239,1.335613,1.513304,-0.187557,0.148536,0.824721,-0.102215,0.080949,-0.123310
sample,92,drone,2.298563,1.419706,-1.175957,1.339349,1.533840,-0.190103,0.150552,0.819094,-0.101518,0.080397,-0.123310
sample,93,drone,2.323548,1.458284,-1.180738,1.343136,1.554233,-0.192630,0.152554,0.813243,-0.100793,0.079823,-0.123310
sample,94,drone,2.348532,1.497369,-1.185583,1.346972,1.574477,-0.195139,0.154541,0.807170,-0.100040,0.079227,-0.123310
sample,95,drone,2.373516,1.536959,-1.190489,1.350858,1.594566,-0.197629,0.156513,0.800880,-0.099260,0.078609,-0.123310
sample,96,drone,2.398501,1.577048,-1.195458,1.354793,1.614496,-0.200099,0.158469,0.794374,-0.098454,0.077971,-0.123310
sample,97,drone,2.423485,1.617633,-1.200488,1.358777,1.634260,-0.202549,0.160409,0.787657,-0.097621,0.077311,-0.123310
sample,98,drone,2.448469,1.658710,-1.205579,1.362808,1.653854,-0.204977,0.162332,0.780730,-0.096763,0.076632,-0.123310
sample,99,drone,2.473454,1.700274,-1.210730,1.366888,1.673272,-0.207384,0.164238,0.773598,-0.095879,0.075931,-0.123310
sample,100,drone,2.498438,1.742321,-1.215942,1.371015,1.692510,-0.209768,0.166126,0.766262,-0.094970,0.075211,-0.123310
sample,101,drone,2.523423,1.784847,-1.221212,1.375189,1.711561,-0.212129,0.167996,0.758728,-0.094036,0.074472,-0.123310
sample,102,drone,2.548407,1.827846,-1.226541,1.379410,1.730422,-0.214467,0.169847,0.750996,-0.093078,0.073713,-0.123310
sample,103,drone,2.573391,1.871314,-1.231929,1.383676,1.749088,-0.216780,0.171679,0.743071,-0.092095,0.072935,-0.123310
sample,104,drone,2.598376,1.915246,-1.237374,1.387988,1.767553,-0.219069,0.173492,0.734955,-0.091090,0.072139,-0.123310
sample,105,drone,2.623360,1.959636,-1.242875,1.392346,1.785813,-0.221332,0.175284,0.726652,-0.090061,0.071324,-0.123310
sample,106,drone,2.648345,2.004480,-1.248433,1.396747,1.803863,-0.223569,0.177056,0.718164,-0.089009,0.070490,-0.123310
sample,107,drone,2.673329,2.049773,-1.254047,1.401193,1.821698,-0.225780,0.178806,0.709495,-0.087934,0.069640,-0.123310
sample,108,drone,2.698313,2.095509,-1.259715,1.405682,1.839315,-0.227963,0.180536,0.700648,-0.086838,0.068771,-0.123310
sample,109,drone,2.723298,2.141681,-1.265438,1.410214,1.856709,-0.230119,0.182243,0.691626,-0.085719,0.067886,-0.123310
sample,110,drone,2.748282,2.188286,-1.271214,1.414788,1.873875,-0.232246,0.183928,0.682431,-0.084580,0.066983,-0.123310
sample,111,drone,2.773266,2.235317,-1.277043,1.419405,1.890809,-0.234345,0.185590,0.673068,-0.083419,0.066064,-0.123310
sample,112,drone,2.798251,2.282767,-1.282924,1.424062,1.907507,-0.236415,0.187229,0.663538,-0.082238,0.065129,-0.123310
sample,113,drone,2.823235,2.330632,-1.288856,1.428760,1.923965,-0.238454,0.188844,0.653846,-0.081037,0.064177,-0.123310
sample,114,drone,2.848220,2.378906,-1.294839,1.433498,1.940179,-0.240464,0.190436,0.643994,-0.079816,0.063210,-0.123310
sample,115,drone,2.873204,2.427581,-1.300872,1.438276,1.956145,-0.242443,0.192003,0.633985,-0.078575,0.062228,-0.123310
sample,116,drone,2.898188,2.476652,-1.306954,1.443092,1.971859,-0.244390,0.193545,0.623822,-0.077316,0.061230,-0.123310
sample,117,drone,2.923173,2.526112,-1.313084,1.447947,1.987317,-0.246306,0.195062,0.613509,-0.076038,0.060218,-0.123310
sample,118,drone,2.948157,2.575955,-1.319261,1.452840,2.002515,-0.248190,0.196554,0.603048,-0.074741,0.059191,-0.123310
sample,119,drone,2.973142,2.626175,-1.325486,1.457769,2.017450,-0.250041,0.198020,0.592442,-0.073427,0.058150,-0.123310
sample,120,drone,2.998126,2.676765,-1.331756,1.462734,2.032119,-0.251859,0.199460,0.581695,-0.072095,0.057096,-0.123310
sample,121,drone,3.023110,2.727718,-1.338071,1.467736,2.046517,-0.253643,0.200873,0.570810,-0.070746,0.056027,-0.123310
sample,122,drone,3.048095,2.779027,-1.344430,1.472772,2.060641,-0.255394,0.202260,0.559789,-0.069380,0.054945,-0.123310
sample,123,drone,3.073079,2.830685,-1.350832,1.477842,2.074489,-0.257110,0.203619,0.548636,-0.067997,0.053851,-0.123310
sample,124,drone,3.098063,2.882686,-1.357277,1.482946,2.088056,-0.258792,0.204950,0.537354,-0.066599,0.052743,-0.123310
sample,125,drone,3.123048,2.935023,-1.363764,1.488083,2.101340,-0.260438,0.206254,0.525946,-0.065185,0.051624,-0.123310
sample,126,drone,3.148032,2.987688,-1.370291,1.493253,2.114337,-0.262049,0.207530,0.514415,-0.063756,0.050492,-0.123310
sample,127,drone,3.173017,3.040674,-1.376858,1.498453,2.127044,-0.263624,0.208777,0.502764,-0.062312,0.049348,-0.123310
sample,128,drone,3.198001,3.093974,-1.383464,1.503685,2.139459,-0.265163,0.209996,0.490996,-0.060854,0.048193,-0.123310
sample,129,drone,3.222985,3.147580,-1.390108,1.508947,2.151579,-0.266665,0.211185,0.479114,-0.059381,0.047027,-0.123310
sample,130,drone,3.247970,3.201485,-1.396789,1.514238,2.163400,-0.268130,0.212346,0.467121,-0.057895,0.045850,-0.123310
sample,131,drone,3.272954,3.255682,-1.403506,1.519557,2.174920,-0.269558,0.213476,0.455021,-0.056395,0.044662,-0.123310
sample,132,drone,3.297939,3.310163,-1.410259,1.524905,2.186137,-0.270948,0.214577,0.442816,-0.054882,0.043464,-0.123310
sample,133,drone,3.322923,3.364921,-1.417045,1.530279,2.197047,-0.272300,0.215648,0.430510,-0.053357,0.042256,-0.123310
sample,134,drone,3.347907,3.419947,-1.423865,1.535680,2.207649,-0.273614,0.216689,0.418105,-0.051820,0.041039,-0.123310
sample,135,drone,3.372892,3.475234,-1.430717,1.541107,2.217939,-0.274889,0.217699,0.405604,-0.050270,0.039812,-0.123310
sample,136,drone,3.397876,3.530775,-1.437601,1.546559,2.227916,-0.276126,0.218678,0.393012,-0.048709,0.038576,-0.123310
sample,137,drone,3.422860,3.586561,-1.444515,1.552034,2.237578,-0.277323,0.219626,0.380329,-0.047138,0.037331,-0.123310
sample,138,drone,3.447845,3.642584,-1.451458,1.557533,2.246921,-0.278481,0.220544,0.367561,-0.045555,0.036077,-0.123310
sample,139,drone,3.472829,3.698836,-1.458430,1.563054,2.255944,-0.279600,0.221429,0.354710,-0.043962,0.034816,-0.123310
sample,140,drone,3.497814,3.755311,-1.465430,1.568598,2.264645,-0.280678,0.222283,0.341778,-0.042360,0.033547,-0.123310
sample,141,drone,3.522798,3.811998,-1.472455,1.574162,2.273022,-0.281716,0.223106,0.328770,-0.040747,0.032270,-0.123310
sample,142,drone,3.547782,3.868891,-1.479507,1.579746,2.281074,-0.282714,0.223896,0.315687,-0.039126,0.030986,-0.123310
sample,143,drone,3.572767,3.925980,-1.486582,1.585349,2.288797,-0.283671,0.224654,0.302534,-0.037496,0.029695,-0.123310
sample,144,drone,3.597751,3.983259,-1.493681,1.590972,2.296191,-0.284588,0.225380,0.289313,-0.035857,0.028397,-0.123310
sample,145,drone,3.622735,4.040718,-1.500803,1.596611,2.303254,-0.285463,0.226073,0.276027,-0.034211,0.027093,-0.123310
sample,146,drone,3.647720,4.098350,-1.507946,1.602268,2.309984,-0.286297,0.226733,0.262679,-0.032556,0.025783,-0.123310
sample,147,drone,3.672704,4.156145,-1.515109,1.607941,2.316379,-0.287090,0.227361,0.249273,-0.030895,0.024467,-0.123310
sample,148,drone,3.697689,4.214096,-1.522291,1.613629,2.322439,-0.287841,0.227956,0.235811,-0.029226,0.023146,-0.123310
sample,149,drone,3.722673,4.272195,-1.529492,1.619332,2.328163,-0.288550,0.228518,0.222297,-0.027551,0.021819,-0.123310
sample,150,drone,3.747657,4.330432,-1.536710,1.625048,2.333547,-0.289218,0.229046,0.208734,-0.025870,0.020488,-0.123310
sample,151,drone,3.772642,4.388799,-1.543944,1.630777,2.338593,-0.289843,0.229541,0.195124,-0.024183,0.019152,-0.123310
sample,152,drone,3.797626,4.447288,-1.551193,1.636518,2.343297,-0.290426,0.230003,0.181471,-0.022491,0.017812,-0.123310
sample,153,drone,3.822611,4.505891,-1.558456,1.642270,2.347661,-0.290967,0.230432,0.167777,-0.020794,0.016468,-0.123310
sample,154,drone,3.847595,4.564598,-1.565732,1.648032,2.351681,-0.291465,0.230826,0.154047,-0.019092,0.015120,-0.123310
sample,155,drone,3.872579,4.623402,-1.573020,1.653804,2.355358,-0.291921,0.231187,0.140282,-0.017386,0.013769,-0.123310
sample,156,drone,3.897564,4.682292,-1.580319,1.659584,2.358691,-0.292334,0.231514,0.126486,-0.015677,0.012415,-0.123310
sample,157,drone,3.922548,4.741262,-1.587628,1.665372,2.361678,-0.292704,0.231807,0.112663,-0.013963,0.011058,-0.123310
sample,158,drone,3.947532,4.800303,-1.594945,1.671167,2.364320,-0.293032,0.232067,0.098814,-0.012247,0.009699,-0.123310
sample,159,drone,3.972517,4.859405,-1.602270,1.676968,2.366616,-0.293316,0.232292,0.084944,-0.010528,0.008338,-0.123310
sample,160,drone,3.997501,4.918559,-1.609602,1.682775,2.368565,-0.293558,0.232483,0.071055,-0.008807,0.006974,-0.123310
sample,161,drone,4.022486,4.977759,-1.616939,1.688585,2.370167,-0.293756,0.232641,0.057151,-0.007083,0.005610,-0.123310
sample,162,drone,4.047470,5.036994,-1.624280,1.694399,2.371421,-0.293912,0.232764,0.043234,-0.005358,0.004244,-0.123310
sample,163,drone,4.072454,5.096256,-1.631625,1.700216,2.372327,-0.294024,0.232853,0.029307,-0.003632,0.002877,-0.123310
sample,164,drone,4.097439,5.155536,-1.638972,1.706035,2.372885,-0.294093,0.232907,0.015374,-0.001905,0.001509,-0.123310
sample,165,drone,4.122423,5.214826,-1.646321,1.711854,2.373095,-0.294119,0.232928,0.001437,-0.000178,0.000141,-0.123310
sample,166,drone,4.147408,5.274117,-1.653669,1.717674,2.372957,-0.294102,0.232914,-0.012499,0.001549,-0.001227,-0.123310
sample,167,drone,4.172392,5.333400,-1.661016,1.723493,2.372471,-0.294042,0.232867,-0.026433,0.003276,-0.002595,-0.123310
sample,168,drone,4.197376,5.392666,-1.668362,1.729310,2.371636,-0.293938,0.232785,-0.040362,0.005002,-0.003962,-0.123310
sample,169,drone,4.222361,5.451907,-1.675704,1.735125,2.370454,-0.293792,0.232669,-0.054281,0.006728,-0.005328,-0.123310
sample,170,drone,4.247345,5.511115,-1.683042,1.740936,2.368924,-0.293602,0.232519,-0.068188,0.008451,-0.006693,-0.123310
sample,171,drone,4.272329,5.570280,-1.690375,1.746743,2.367047,-0.293370,0.232334,-0.082081,0.010173,-0.008057,-0.123310
sample,172,drone,4.297314,5.629393,-1.697702,1.752546,2.364822,-0.293094,0.232116,-0.095955,0.011893,-0.009418,-0.123310
sample,173,drone,4.322298,5.688447,-1.705021,1.758342,2.362252,-0.292775,0.231864,-0.109808,0.013610,-0.010778,-0.123310
sample,174,drone,4.347283,5.747432,-1.712331,1.764132,2.359335,-0.292414,0.231577,-0.123637,0.015323,-0.012135,-0.123310
sample,175,drone,4.372267,5.806340,-1.719632,1.769914,2.356074,-0.292010,0.231257,-0.137439,0.017034,-0.013490,-0.123310
sample,176,drone,4.397251,5.865162,-1.726923,1.775687,2.352468,-0.291563,0.230903,-0.151210,0.018741,-0.014842,-0.123310
sample,177,drone,4.422236,5.923890,-1.734201,1.781452,2.348518,-0.291073,0.230516,-0.164948,0.020443,-0.016190,-0.123310
sample,178,drone,4.447220,5.982515,-1.741467,1.787206,2.344225,-0.290541,0.230094,-0.178649,0.022142,-0.017535,-0.123310
sample,179,drone,4.472204,6.041028,-1.748719,1.792949,2.339591,-0.289967,0.229639,-0.192311,0.023835,-0.018876,-0.123310
sample,180,drone,4.497189,6.099421,-1.755956,1.798681,2.334616,-0.289350,0.229151,-0.205930,0.025523,-0.020213,-0.123310
sample,181,drone,4.522173,6.157686,-1.763178,1.804400,2.329301,-0.288691,0.228629,-0.219503,0.027205,-0.021545,-0.123310
sample,182,drone,4.547158,6.215813,-1.770382,1.810105,2.323648,-0.287991,0.228075,-0.233028,0.028881,-0.022873,-0.123310
sample,183,drone,4.572142,6.273796,-1.777568,1.815796,2.317657,-0.287248,0.227487,-0.246501,0.030551,-0.024195,-0.123310
sample,184,drone,4.597126,6.331624,-1.784735,1.821472,2.311330,-0.286464,0.226866,-0.259919,0.032214,-0.025512,-0.123310
sample,185,drone,4.622111,6.389290,-1.791883,1.827132,2.304669,-0.285639,0.226212,-0.273279,0.033870,-0.026823,-0.123310
sample,186,drone,4.647095,6.446785,-1.799008,1.832776,2.297675,-0.284772,0.225525,-0.286577,0.035518,-0.028129,-0.123310
sample,187,drone,4.672080,6.504102,-1.806112,1.838402,2.290349,-0.283864,0.224806,-0.299812,0.037158,-0.029428,-0.123310
sample,188,drone,4.697064,6.561231,-1.813193,1.844009,2.282694,-0.282915,0.224055,-0.312980,0.038790,-0.030720,-0.123310
sample,189,drone,4.722048,6.618165,-1.820249,1.849597,2.274710,-0.281925,0.223271,-0.326077,0.040414,-0.032006,-0.123310
sample,190,drone,4.747033,6.674896,-1.827280,1.855166,2.266400,-0.280895,0.222456,-0.339101,0.042028,-0.033284,-0.123310
sample,191,drone,4.772017,6.731414,-1.834285,1.860713,2.257766,-0.279825,0.221608,-0.352049,0.043633,-0.034555,-0.123310
sample,192,drone,4.797001,6.787713,-1.841263,1.866239,2.248809,-0.278715,0.220729,-0.364917,0.045227,-0.035818,-0.123310
sample,193,drone,4.821986,6.843785,-1.848212,1.871743,2.239531,-0.277565,0.219818,-0.377703,0.046812,-0.037073,-0.123310
sample,194,drone,4.846970,6.899620,-1.855132,1.877223,2.229935,-0.276376,0.218876,-0.390403,0.048386,-0.038319,-0.123310
sample,195,drone,4.871955,6.955212,-1.862022,1.882680,2.220023,-0.275148,0.217903,-0.403014,0.049949,-0.039557,-0.123310
sample,196,drone,4.896939,7.010552,-1.868881,1.888111,2.209797,-0.273880,0.216900,-0.415534,0.051501,-0.040786,-0.123310
sample,197,drone,4.921923,7.065633,-1.875708,1.893518,2.199259,-0.272574,0.215865,-0.427959,0.053041,-0.042006,-0.123310
sample,198,drone,4.946908,7.120446,-1.882501,1.898898,2.188413,-0.271230,0.214801,-0.440286,0.054569,-0.043216,-0.123310
sample,199,drone,4.971892,7.174985,-1.889261,1.904251,2.177259,-0.269847,0.213706,-0.452512,0.056084,-0.044416,-0.123310
sample,200,drone,4.996877,7.229241,-1.895985,1.909577,2.165801,-0.268427,0.212581,-0.464634,0.057586,-0.045606,-0.123310
sample,201,drone,5.021861,7.283207,-1.902674,1.914874,2.154042,-0.266970,0.211427,-0.476649,0.059075,-0.046785,-0.123310
sample,202,drone,5.046845,7.336876,-1.909325,1.920141,2.141984,-0.265475,0.210244,-0.488554,0.060551,-0.047953,-0.123310
sample,203,drone,5.071830,7.390240,-1.915939,1.925379,2.129629,-0.263944,0.209031,-0.500346,0.062012,-0.049111,-0.123310
sample,204,drone,5.096814,7.443291,-1.922514,1.930586,2.116982,-0.262377,0.207790,-0.512021,0.063459,-0.050257,-0.123310
sample,205,drone,5.121798,7.496022,-1.929050,1.935762,2.104044,-0.260773,0.206520,-0.523578,0.064892,-0.051391,-0.123310
sample,206,drone,5.146783,7.548427,-1.935545,1.940906,2.090819,-0.259134,0.205222,-0.535011,0.066309,-0.052513,-0.123310
sample,207,drone,5.171767,7.600498,-1.941999,1.946017,2.077310,-0.257460,0.203896,-0.546320,0.067710,-0.053623,-0.123310
sample,208,drone,5.196752,7.652228,-1.948410,1.951094,2.063520,-0.255751,0.202542,-0.557499,0.069096,-0.054721,-0.123310
sample,209,drone,5.221736,7.703610,-1.954778,1.956138,2.049453,-0.254007,0.201161,-0.568547,0.070465,-0.055805,-0.123310
sample,210,drone,5.246720,7.754637,-1.961102,1.961146,2.035111,-0.252230,0.199754,-0.579461,0.071818,-0.056876,-0.123310
sample,211,drone,5.271705,7.805302,-1.967382,1.966119,2.020498,-0.250419,0.198319,-0.590237,0.073153,-0.057934,-0.123310
sample,212,drone,5.296689,7.855598,-1.973615,1.971056,2.005617,-0.248574,0.196859,-0.600872,0.074471,-0.058978,-0.123310
sample,213,drone,5.321673,7.905520,-1.979803,1.975956,1.990473,-0.246697,0.195372,-0.611363,0.075772,-0.060007,-0.123310
sample,214,drone,5.346658,7.955060,-1.985943,1.980818,1.975068,-0.244788,0.193860,-0.621707,0.077054,-0.061023,-0.123310
sample,215,drone,5.371642,8.004212,-1.992034,1.985643,1.959407,-0.242847,0.192323,-0.631901,0.078317,-0.062023,-0.123310
sample,216,drone,5.396627,8.052969,-1.998077,1.990429,1.943493,-0.240875,0.190761,-0.641942,0.079562,-0.063009,-0.123310
sample,217,drone,5.421611,8.101326,-2.004071,1.995175,1.927330,-0.238871,0.189175,-0.651827,0.080787,-0.063979,-0.123310
sample,218,drone,5.446595,8.149275,-2.010013,1.999881,1.910922,-0.236838,0.187564,-0.661552,0.081992,-0.064934,-0.123310
sample,219,drone,5.471580,8.196812,-2.015905,2.004547,1.894273,-0.234774,0.185930,-0.671116,0.083177,-0.065872,-0.123310
sample,220,drone,5.496564,8.243930,-2.021745,2.009172,1.877387,-0.232682,0.184272,-0.680514,0.084342,-0.066795,-0.123310
sample,221,drone,5.521549,8.290623,-2.027532,2.013755,1.860269,-0.230560,0.182592,-0.689743,0.085486,-0.067701,-0.123310
sample,222,drone,5.546533,8.336885,-2.033266,2.018296,1.842922,-0.228410,0.180890,-0.698801,0.086609,-0.068590,-0.123310
sample,223,drone,5.571517,8.382711,-2.038945,2.022794,1.825350,-0.226232,0.179165,-0.707685,0.087710,-0.069462,-0.123310
sample,224,drone,5.596502,8.428096,-2.044570,2.027249,1.807559,-0.224027,0.177419,-0.716391,0.088789,-0.070316,-0.123310
sample,225,drone,5.621486,8.473033,-2.050140,2.031659,1.789553,-0.221796,0.175651,-0.724916,0.089845,-0.071153,-0.123310
sample,226,drone,5.646470,8.517517,-2.055653,2.036026,1.771336,-0.219538,0.173863,-0.733258,0.090879,-0.071972,-0.123310
sample,227,drone,5.671455,8.561544,-2.061110,2.040347,1.752913,-0.217254,0.172055,-0.741412,0.091890,-0.072772,-0.123310
sample,228,drone,5.696439,8.605108,-2.066509,2.044623,1.734289,-0.214946,0.170227,-0.749377,0.092877,-0.073554,-0.123310
sample,229,drone,5.721424,8.648205,-2.071850,2.048853,1.715468,-0.212613,0.168379,-0.757149,0.093840,-0.074317,-0.123310
sample,230,drone,5.746408,8.690828,-2.077133,2.053037,1.696455,-0.210257,0.166513,-0.764724,0.094779,-0.075061,-0.123310
sample,231,drone,5.771392,8.732974,-2.082357,2.057174,1.677256,-0.207877,0.164629,-0.772101,0.095693,-0.075785,-0.123310
sample,232,drone,5.796377,8.774638,-2.087520,2.061263,1.657874,-0.205475,0.162726,-0.779275,0.096583,-0.076489,-0.123310
sample,233,drone,5.821361,8.815816,-2.092624,2.065305,1.638316,-0.203051,0.160807,-0.786245,0.097446,-0.077173,-0.123310
sample,234,drone,5.846346,8.856503,-2.097667,2.069298,1.618586,-0.200606,0.158870,-0.793006,0.098284,-0.077836,-0.123310
sample,235,drone,5.871330,8.896695,-2.102648,2.073243,1.598691,-0.198140,0.156917,-0.799555,0.099096,-0.078479,-0.123310
sample,236,drone,5.896314,8.936388,-2.107567,2.077139,1.578634,-0.195654,0.154949,-0.805890,0.099881,-0.079101,-0.123310
sample,237,drone,5.921299,8.975577,-2.112425,2.080986,1.558421,-0.193149,0.152965,-0.812008,0.100639,-0.079702,-0.123310
sample,238,drone,5.946283,9.014260,-2.117219,2.084783,1.538059,-0.190626,0.150966,-0.817905,0.101370,-0.080280,-0.123310
sample,239,drone,5.971267,9.052432,-2.121950,2.088530,1.517552,-0.188084,0.148953,-0.823578,0.102074,-0.080837,-0.123310
sample,240,drone,5.996252,9.090090,-2.126617,2.092226,1.496905,-0.185525,0.146927,-0.829025,0.102749,-0.081372,-0.123310
sample,241,drone,6.021236,9.127231,-2.131220,2.095871,1.476126,-0.182950,0.144887,-0.834242,0.103395,-0.081884,-0.123310
sample,242,drone,6.046221,9.163850,-2.135759,2.099466,1.455219,-0.180359,0.142835,-0.839226,0.104013,-0.082373,-0.123310
sample,243,drone,6.071205,9.199946,-2.140233,2.103009,1.434191,-0.177752,0.140771,-0.843974,0.104601,-0.082839,-0.123310
sample,244,drone,6.096189,9.235515,-2.144641,2.106500,1.413047,-0.175132,0.138696,-0.848483,0.105160,-0.083282,-0.123310
sample,245,drone,6.121174,9.270555,-2.148984,2.109939,1.391793,-0.172498,0.136610,-0.852750,0.105689,-0.083701,-0.123310
sample,246,drone,6.146158,9.305061,-2.153260,2.113326,1.370436,-0.169851,0.134513,-0.856772,0.106188,-0.084095,-0.123310
sample,247,drone,6.171143,9.339034,-2.157471,2.116661,1.348982,-0.167191,0.132408,-0.860546,0.106655,-0.084466,-0.123310
sample,248,drone,6.196127,9.372468,-2.161615,2.119942,1.327436,-0.164521,0.130293,-0.864069,0.107092,-0.084812,-0.123310
sample,249,drone,6.221111,9.405364,-2.165692,2.123171,1.305805,-0.161840,0.128170,-0.867337,0.107497,-0.085132,-0.123310
sample,250,drone,6.246096,9.437718,-2.169702,2.126347,1.284096,-0.159150,0.126039,-0.870348,0.107870,-0.085428,-0.123310
sample,251,drone,6.271080,9.469529,-2.173644,2.129469,1.262315,-0.156450,0.123901,-0.873098,0.108211,-0.085698,-0.123310
sample,252,drone,6.296064,9.500794,-2.177519,2.132538,1.240468,-0.153742,0.121757,-0.875585,0.108519,-0.085942,-0.123310
sample,253,drone,6.321049,9.531513,-2.181327,2.135553,1.218563,-0.151028,0.119606,-0.877805,0.108794,-0.086160,-0.123310
sample,254,drone,6.346033,9.561684,-2.185066,2.138515,1.196606,-0.148306,0.117451,-0.879756,0.109036,-0.086351,-0.123310
sample,255,drone,6.371018,9.591306,-2.188737,2.141422,1.174603,-0.145579,0.115292,-0.881434,0.109244,-0.086516,-0.123310
sample,256,drone,6.396002,9.620378,-2.192340,2.144275,1.152561,-0.142847,0.113128,-0.882836,0.109418,-0.086654,-0.123310
sample,257,drone,6.420986,9.648898,-2.195875,2.147075,1.130488,-0.140112,0.110962,-0.883959,0.109557,-0.086764,-0.123310
sample,258,drone,6.445971,9.676867,-2.199342,2.149820,1.108391,-0.137373,0.108793,-0.884800,0.109661,-0.086846,-0.123310
sample,259,drone,6.470955,9.704283,-2.202740,2.152511,1.086276,-0.134632,0.106622,-0.885357,0.109730,-0.086901,-0.123310
sample,260,drone,6.495939,9.731147,-2.206069,2.155148,1.064151,-0.131890,0.104450,-0.885625,0.109763,-0.086927,-0.123310
sample,261,drone,6.520924,9.757457,-2.209330,2.157730,1.042023,-0.129147,0.102278,-0.885602,0.109761,-0.086925,-0.123310
sample,262,drone,6.545908,9.783215,-2.212522,2.160259,1.019898,-0.126405,0.100107,-0.885285,0.109721,-0.086894,-0.123310
sample,263,drone,6.570893,9.808420,-2.215646,2.162733,0.997786,-0.123665,0.097936,-0.884670,0.109645,-0.086834,-0.123310
sample,264,drone,6.595877,9.833073,-2.218702,2.165152,0.975693,-0.120926,0.095768,-0.883755,0.109532,-0.086744,-0.123310
sample,265,drone,6.620861,9.857175,-2.221689,2.167518,0.953626,-0.118191,0.093602,-0.882537,0.109381,-0.086624,-0.123310
sample,266,drone,6.645846,9.880725,-2.224608,2.169830,0.931593,-0.115461,0.091439,-0.881013,0.109192,-0.086475,-0.123310
sample,267,drone,6.670830,9.903725,-2.227458,2.172087,0.909603,-0.112735,0.089281,-0.879178,0.108965,-0.086295,-0.123310
sample,268,drone,6.695815,9.926177,-2.230241,2.174291,0.887662,-0.110016,0.087127,-0.877032,0.108698,-0.086084,-0.123310
sample,269,drone,6.720799,9.948081,-2.232956,2.176441,0.865778,-0.107304,0.084979,-0.874569,0.108393,-0.085842,-0.123310
sample,270,drone,6.745783,9.969438,-2.235603,2.178537,0.843961,-0.104600,0.082838,-0.871788,0.108049,-0.085569,-0.123310
sample,271,drone,6.770768,9.990252,-2.238182,2.180580,0.822216,-0.101905,0.080704,-0.868685,0.107664,-0.085265,-0.123310
sample,272,drone,6.795752,10.010524,-2.240695,2.182570,0.800554,-0.099220,0.078577,-0.865257,0.107239,-0.084928,-0.123310
sample,273,drone,6.820736,10.030255,-2.243140,2.184506,0.778980,-0.096546,0.076460,-0.861501,0.106774,-0.084559,-0.123310
sample,274,drone,6.845721,10.049448,-2.245519,2.186390,0.757505,-0.093885,0.074352,-0.857414,0.106267,-0.084158,-0.123310
sample,275,drone,6.870705,10.068106,-2.247832,2.188222,0.736137,-0.091236,0.072255,-0.852993,0.105719,-0.083724,-0.123310
sample,276,drone,6.895690,10.086232,-2.250078,2.190001,0.714882,-0.088602,0.070168,-0.848235,0.105129,-0.083257,-0.123310
sample,277,drone,6.920674,10.103828,-2.252259,2.191728,0.693751,-0.085983,0.068094,-0.843136,0.104498,-0.082757,-0.123310
sample,278,drone,6.945658,10.120898,-2.254375,2.193403,0.672752,-0.083380,0.066033,-0.837695,0.103823,-0.082223,-0.123310
sample,279,drone,6.970643,10.137445,-2.256425,2.195028,0.651893,-0.080795,0.063986,-0.831907,0.103106,-0.081655,-0.123310
sample,280,drone,6.995627,10.153472,-2.258412,2.196601,0.631183,-0.078228,0.061953,-0.825769,0.102345,-0.081052,-0.123310
sample,281,drone,7.020612,10.168984,-2.260334,2.198123,0.610630,-0.075681,0.059936,-0.819279,0.101541,-0.080415,-0.123310
sample,282,drone,7.045596,10.183985,-2.262193,2.199596,0.590244,-0.073154,0.057935,-0.812434,0.100692,-0.079743,-0.123310
sample,283,drone,7.070580,10.198478,-2.263990,2.201018,0.570034,-0.070649,0.055951,-0.805229,0.099799,-0.079036,-0.123310
sample,284,drone,7.095565,10.212469,-2.265724,2.202391,0.550008,-0.068167,0.053985,-0.797663,0.098862,-0.078294,-0.123310
sample,285,drone,7.120549,10.225961,-2.267396,2.203716,0.530176,-0.065709,0.052039,-0.789733,0.097879,-0.077515,-0.123310
sample,286,drone,7.145533,10.238961,-2.269007,2.204992,0.510546,-0.063277,0.050112,-0.781434,0.096850,-0.076701,-0.123310
sample,287,drone,7.170518,10.251473,-2.270558,2.206220,0.491128,-0.060870,0.048206,-0.772765,0.095776,-0.075850,-0.123310
sample,288,drone,7.195502,10.263502,-2.272049,2.207400,0.471932,-0.058491,0.046322,-0.763722,0.094655,-0.074962,-0.123310
sample,289,drone,7.220487,10.275054,-2.273481,2.208534,0.452966,-0.056140,0.044460,-0.754301,0.093487,-0.074037,-0.123310
sample,290,drone,7.245471,10.286136,-2.274854,2.209622,0.434240,-0.053819,0.042622,-0.744501,0.092273,-0.073075,-0.123310
sample,291,drone,7.270455,10.296753,-2.276170,2.210664,0.415764,-0.051529,0.040809,-0.734317,0.091011,-0.072076,-0.123310
sample,292,drone,7.295440,10.306911,-2.277429,2.211661,0.397547,-0.049272,0.039021,-0.723747,0.089701,-0.071038,-0.123310
sample,293,drone,7.320424,10.316618,-2.278632,2.212614,0.379600,-0.047047,0.037259,-0.712788,0.088342,-0.069963,-0.123310
sample,294,drone,7.345408,10.325879,-2.279780,2.213523,0.361930,-0.044857,0.035525,-0.701436,0.086935,-0.068849,-0.123310
sample,295,drone,7.370393,10.334703,-2.280873,2.214389,0.344550,-0.042703,0.033819,-0.689689,0.085479,-0.067696,-0.123310
sample,296,drone,7.395377,10.343096,-2.281914,2.215213,0.327467,-0.040586,0.032142,-0.677543,0.083974,-0.066503,-0.123310
sample,297,drone,7.420362,10.351066,-2.282901,2.215995,0.310694,-0.038507,0.030496,-0.664996,0.082419,-0.065272,-0.123310
sample,298,drone,7.445346,10.358621,-2.283838,2.216737,0.294238,-0.036468,0.028881,-0.652044,0.080814,-0.064001,-0.123310
sample,299,drone,7.470330,10.365769,-2.284724,2.217438,0.278112,-0.034469,0.027298,-0.638685,0.079158,-0.062689,-0.123310
sample,300,drone,7.495315,10.372518,-2.285560,2.218101,0.262324,-0.032512,0.025748,-0.624915,0.077451,-0.061338,-0.123310
sample,301,drone,7.520299,10.378877,-2.286348,2.218725,0.246886,-0.030599,0.024233,-0.610730,0.075693,-0.059945,-0.123310
sample,302,drone,7.545284,10.384855,-2.287089,2.219312,0.231807,-0.028730,0.022753,-0.596129,0.073884,-0.058512,-0.123310
sample,303,drone,7.570268,10.390460,-2.287784,2.219862,0.217098,-0.026907,0.021309,-0.581108,0.072022,-0.057038,-0.123310
sample,304,drone,7.595252,10.395703,-2.288434,2.220376,0.202769,-0.025131,0.019903,-0.565664,0.070108,-0.055522,-0.123310
sample,305,drone,7.620237,10.400592,-2.289040,2.220856,0.188832,-0.023404,0.018535,-0.549794,0.068141,-0.053964,-0.123310
sample,306,drone,7.645221,10.405138,-2.289603,2.221303,0.175297,-0.021726,0.017206,-0.533494,0.066121,-0.052364,-0.123310
sample,307,drone,7.670205,10.409352,-2.290125,2.221716,0.162174,-0.020100,0.015918,-0.516762,0.064047,-0.050722,-0.123310
sample,308,drone,7.695190,10.413242,-2.290607,2.222098,0.149475,-0.018526,0.014672,-0.499595,0.061919,-0.049037,-0.123310
sample,309,drone,7.720174,10.416821,-2.291051,2.222449,0.137210,-0.017006,0.013468,-0.481990,0.059737,-0.047309,-0.123310
sample,310,drone,7.745159,10.420098,-2.291457,2.222771,0.125390,-0.015541,0.012308,-0.463943,0.057501,-0.045538,-0.123310
sample,311,drone,7.770143,10.423086,-2.291827,2.223064,0.114027,-0.014132,0.011192,-0.445451,0.055209,-0.043723,-0.123310
sample,312,drone,7.795127,10.425796,-2.292163,2.223330,0.103132,-0.012782,0.010123,-0.426512,0.052862,-0.041864,-0.123310
sample,313,drone,7.820112,10.428240,-2.292466,2.223570,0.092715,-0.011491,0.009100,-0.407122,0.050458,-0.039961,-0.123310
sample,314,drone,7.845096,10.430429,-2.292737,2.223785,0.082788,-0.010261,0.008126,-0.387279,0.047999,-0.038013,-0.123310
sample,315,drone,7.870081,10.432376,-2.292979,2.223976,0.073363,-0.009093,0.007201,-0.366979,0.045483,-0.036020,-0.123310
sample,316,drone,7.895065,10.434095,-2.293192,2.224145,0.064451,-0.007988,0.006326,-0.346218,0.042910,-0.033983,-0.123310
sample,317,drone,7.920049,10.435597,-2.293378,2.224292,0.056063,-0.006948,0.005503,-0.324995,0.040280,-0.031899,-0.123310
sample,318,drone,7.945034,10.436896,-2.293539,2.224420,0.048211,-0.005975,0.004732,-0.303306,0.037591,-0.029771,-0.123310
sample,319,drone,7.970018,10.438006,-2.293677,2.224529,0.040907,-0.005070,0.004015,-0.281148,0.034845,-0.027596,-0.123310
sample,320,drone,7.995002,10.438940,-2.293792,2.224620,0.034163,-0.004234,0.003353,-0.258518,0.032040,-0.025374,-0.123310
sample,321,drone,8.019987,10.439713,-2.293888,2.224696,0.027989,-0.003469,0.002747,-0.235412,0.029177,-0.023107,-0.123310
sample,322,drone,8.044971,10.440339,-2.293966,2.224758,0.022399,-0.002776,0.002199,-0.211828,0.026254,-0.020792,-0.123310
sample,323,drone,8.069956,10.440832,-2.294027,2.224806,0.017405,-0.002157,0.001708,-0.187763,0.023271,-0.018430,-0.123310
sample,324,drone,8.094940,10.441209,-2.294073,2.224843,0.013017,-0.001613,0.001278,-0.163213,0.020229,-0.016020,-0.123310
sample,325,drone,8.119924,10.441483,-2.294107,2.224870,0.009249,-0.001146,0.000908,-0.138176,0.017125,-0.013563,-0.123310
sample,326,drone,8.144909,10.441671,-2.294131,2.224888,0.006113,-0.000758,0.000600,-0.112649,0.013962,-0.011057,-0.123310
sample,327,drone,8.169893,10.441788,-2.294145,2.224900,0.003620,-0.000449,0.000355,-0.086627,0.010736,-0.008503,-0.123310
sample,328,drone,8.194877,10.441852,-2.294153,2.224906,0.001784,-0.000221,0.000175,-0.060109,0.007450,-0.005900,-0.123310
sample,329,drone,8.219862,10.441877,-2.294156,2.224909,0.000617,-0.000076,0.000061,-0.034377,0.005719,-0.003777,-0.123310
sample,330,drone,8.244846,10.441882,-2.294157,2.224909,0.000066,0.000065,-0.000014,-0.020372,0.019205,-0.006609,0.773690
sample,331,drone,8.269831,10.441881,-2.294153,2.224908,-0.000401,0.000883,-0.000270,-0.030739,0.063355,-0.019471,1.997343
sample,332,drone,8.294815,10.441862,-2.294113,2.224896,-0.001470,0.003230,-0.000987,-0.058670,0.128927,-0.039375,1.997794
sample,333,drone,8.319799,10.441807,-2.293992,2.224859,-0.003333,0.007326,-0.002237,-0.089923,0.197635,-0.060358,1.997794
sample,334,drone,8.344784,10.441696,-2.293747,2.224784,-0.005963,0.013106,-0.004003,-0.120038,0.263824,-0.080572,1.997794
sample,335,drone,8.369768,10.441509,-2.293337,2.224659,-0.009331,0.020509,-0.006263,-0.149008,0.327496,-0.100018,1.997794
sample,336,drone,8.394753,10.441230,-2.292722,2.224471,-0.013409,0.029471,-0.009000,-0.176848,0.388683,-0.118704,1.997794
sample,337,drone,8.419737,10.440839,-2.291864,2.224209,-0.018168,0.039931,-0.012195,-0.203570,0.447414,-0.136641,1.997794
sample,338,drone,8.444721,10.440322,-2.290727,2.223862,-0.023581,0.051827,-0.015828,-0.229190,0.503722,-0.153837,1.997794
sample,339,drone,8.469706,10.439661,-2.289274,2.223418,-0.029620,0.065101,-0.019882,-0.253720,0.557636,-0.170303,1.997794
sample,340,drone,8.494690,10.438842,-2.287474,2.222868,-0.036259,0.079692,-0.024338,-0.277176,0.609189,-0.186047,1.997794
sample,341,drone,8.519674,10.437849,-2.285292,2.222202,-0.043471,0.095541,-0.029178,-0.299572,0.658410,-0.201079,1.997794
sample,342,drone,8.544659,10.436669,-2.282700,2.221410,-0.051228,0.112592,-0.034386,-0.320921,0.705332,-0.215409,1.997794
sample,343,drone,8.569643,10.435289,-2.279666,2.220484,-0.059507,0.130786,-0.039942,-0.341238,0.749984,-0.229046,1.997794
sample,344,drone,8.594628,10.433696,-2.276164,2.219414,-0.068280,0.150067,-0.045831,-0.360536,0.792399,-0.242000,1.997794
sample,345,drone,8.619612,10.431877,-2.272168,2.218194,-0.077522,0.170381,-0.052035,-0.378830,0.832606,-0.254279,1.997794
sample,346,drone,8.644596,10.429822,-2.267651,2.216814,-0.087209,0.191672,-0.058537,-0.396134,0.870637,-0.265894,1.997794
sample,347,drone,8.669581,10.427520,-2.262590,2.215269,-0.097316,0.213886,-0.065321,-0.412462,0.906524,-0.276854,1.997794
sample,348,drone,8.694565,10.424960,-2.256963,2.213550,-0.107819,0.236970,-0.072371,-0.427828,0.940295,-0.287168,1.997794
sample,349,drone,8.719550,10.422132,-2.250749,2.211652,-0.118694,0.260871,-0.079670,-0.442246,0.971984,-0.296845,1.997794
sample,350,drone,8.744534,10.419028,-2.243928,2.209569,-0.129918,0.285538,-0.087204,-0.455730,1.001620,-0.305896,1.997794
sample,351,drone,8.769518,10.415640,-2.236481,2.207295,-0.141467,0.310921,-0.094956,-0.468295,1.029236,-0.314330,1.997794
sample,352,drone,8.794503,10.411960,-2.228391,2.204824,-0.153318,0.336968,-0.102911,-0.479954,1.054860,-0.322156,1.997794
sample,353,drone,8.819487,10.407979,-2.219643,2.202153,-0.165449,0.363631,-0.111053,-0.490722,1.078526,-0.329383,1.997794
sample,354,drone,8.844471,10.403692,-2.210221,2.199275,-0.177839,0.390861,-0.119369,-0.500612,1.100263,-0.336022,1.997794
sample,355,drone,8.869456,10.399093,-2.200112,2.196188,-0.190464,0.418610,-0.127844,-0.509639,1.120103,-0.342081,1.997794
sample,356,drone,8.894440,10.394175,-2.189304,2.192887,-0.203305,0.446831,-0.136463,-0.517817,1.138076,-0.347570,1.997794
sample,357,drone,8.919425,10.388934,-2.177785,2.189369,-0.216339,0.475478,-0.145212,-0.525159,1.154214,-0.352499,1.997794
sample,358,drone,8.944409,10.383365,-2.165545,2.185631,-0.229546,0.504506,-0.154077,-0.531681,1.168548,-0.356876,1.997794
sample,359,drone,8.969393,10.377464,-2.152575,2.181670,-0.242906,0.533869,-0.163044,-0.537396,1.181108,-0.360712,1.997794
sample,360,drone,8.994378,10.371227,-2.138868,2.177484,-0.256399,0.563524,-0.172101,-0.542317,1.191925,-0.364016,1.997794
sample,361,drone,9.019362,10.364652,-2.124417,2.173070,-0.270005,0.593428,-0.181234,-0.546461,1.201031,-0.366797,1.997794
sample,362,drone,9.044347,10.357735,-2.109215,2.168428,-0.283705,0.623538,-0.190429,-0.549839,1.208457,-0.369064,1.997794
sample,363,drone,9.069331,10.350475,-2.093259,2.163555,-0.297480,0.653813,-0.199675,-0.552467,1.214233,-0.370828,1.997794
sample,364,drone,9.094315,10.342871,-2.076545,2.158450,-0.311311,0.684212,-0.208959,-0.554359,1.218390,-0.372098,1.997794
sample,365,drone,9.119300,10.334920,-2.059070,2.153113,-0.325181,0.714694,-0.218269,-0.555528,1.220959,-0.372883,1.997794
sample,366,drone,9.144284,10.326622,-2.040832,2.147544,-0.339070,0.745222,-0.227592,-0.555989,1.221972,-0.373192,1.997794
sample,367,drone,9.169268,10.317977,-2.021832,2.141741,-0.352963,0.775755,-0.236917,-0.555755,1.221459,-0.373035,1.997794
sample,368,drone,9.194253,10.308985,-2.002069,2.135705,-0.366841,0.806256,-0.246232,-0.554842,1.219452,-0.372422,1.997794
sample,369,drone,9.219237,10.299646,-1.981544,2.129437,-0.380688,0.836689,-0.255526,-0.553262,1.215980,-0.371362,1.997794
sample,370,drone,9.244222,10.289962,-1.960261,2.122937,-0.394487,0.867018,-0.264788,-0.551031,1.211076,-0.369865,1.997794
sample,371,drone,9.269206,10.279934,-1.938221,2.116206,-0.408222,0.897205,-0.274008,-0.548162,1.204770,-0.367939,1.997794
sample,372,drone,9.294190,10.269564,-1.915428,2.109245,-0.421878,0.927218,-0.283174,-0.544669,1.197094,-0.365594,1.997794
sample,373,drone,9.319175,10.258853,-1.891889,2.102056,-0.435438,0.957023,-0.292276,-0.540566,1.188077,-0.362840,1.997794
sample,374,drone,9.344159,10.247805,-1.867607,2.094640,-0.448889,0.986585,-0.301305,-0.535868,1.177752,-0.359687,1.997794
sample,375,drone,9.369143,10.236423,-1.842590,2.087000,-0.462215,1.015873,-0.310249,-0.530589,1.166148,-0.356143,1.997794
sample,376,drone,9.394128,10.224709,-1.816845,2.079137,-0.475402,1.044856,-0.319101,-0.524742,1.153298,-0.352219,1.997794
sample,377,drone,9.419112,10.212668,-1.790380,2.071055,-0.488436,1.073502,-0.327849,-0.518342,1.139231,-0.347923,1.997794
sample,378,drone,9.444097,10.200303,-1.763204,2.062755,-0.501303,1.101782,-0.336486,-0.511403,1.123980,-0.343265,1.997794
sample,379,drone,9.469081,10.187618,-1.735325,2.054241,-0.513990,1.129666,-0.345002,-0.503938,1.107575,-0.338255,1.997794
sample,380,drone,9.494065,10.174619,-1.706756,2.045516,-0.526484,1.157126,-0.353388,-0.495963,1.090046,-0.332902,1.997794
sample,381,drone,9.519050,10.161310,-1.677505,2.036583,-0.538773,1.184135,-0.361636,-0.487491,1.071426,-0.327215,1.997794
sample,382,drone,9.544034,10.147697,-1.647586,2.027445,-0.550843,1.210664,-0.369739,-0.478536,1.051744,-0.321204,1.997794
sample,383,drone,9.569019,10.133785,-1.617010,2.018107,-0.562684,1.236689,-0.377687,-0.469112,1.031032,-0.314879,1.997794
sample,384,drone,9.594003,10.119581,-1.585790,2.008573,-0.574284,1.262183,-0.385473,-0.459234,1.009321,-0.308248,1.997794
sample,385,drone,9.618987,10.105089,-1.553940,1.998846,-0.585632,1.287123,-0.393089,-0.448915,0.986642,-0.301322,1.997794
sample,386,drone,9.643972,10.090317,-1.521474,1.988931,-0.596716,1.311485,-0.400529,-0.438170,0.963026,-0.294110,1.997794
sample,387,drone,9.668956,10.075272,-1.488407,1.978832,-0.607527,1.335245,-0.407786,-0.427012,0.938503,-0.286620,1.997794
sample,388,drone,9.693940,10.059960,-1.454754,1.968554,-0.618053,1.358381,-0.414851,-0.415456,0.913105,-0.278864,1.997794
sample,389,drone,9.718925,10.044389,-1.420530,1.958102,-0.628286,1.380871,-0.421720,-0.403516,0.886863,-0.270849,1.997794
sample,390,drone,9.743909,10.028565,-1.385753,1.947481,-0.638217,1.402696,-0.428385,-0.391206,0.859808,-0.262587,1.997794
sample,391,drone,9.768894,10.012498,-1.350439,1.936696,-0.647835,1.423835,-0.434841,-0.378540,0.831970,-0.254085,1.997794
sample,392,drone,9.793878,9.996194,-1.314606,1.925753,-0.657132,1.444269,-0.441082,-0.365532,0.803381,-0.245354,1.997794
sample,393,drone,9.818862,9.979662,-1.278271,1.914656,-0.666100,1.463979,-0.447101,-0.352197,0.774071,-0.236402,1.997794
sample,394,drone,9.843847,9.962910,-1.241453,1.903412,-0.674731,1.482948,-0.452894,-0.338547,0.744072,-0.227241,1.997794
sample,395,drone,9.868831,9.945946,-1.204170,1.892026,-0.683017,1.501159,-0.458456,-0.324598,0.713414,-0.217878,1.997794
sample,396,drone,9.893816,9.928780,-1.166442,1.880503,-0.690950,1.518596,-0.463782,-0.310364,0.682129,-0.208323,1.997794
sample,397,drone,9.918800,9.911420,-1.128287,1.868851,-0.698525,1.535244,-0.468866,-0.295858,0.650248,-0.198587,1.997794
sample,398,drone,9.943784,9.893876,-1.089727,1.857075,-0.705734,1.551089,-0.473705,-0.281095,0.617801,-0.188677,1.997794
sample,399,drone,9.968769,9.876156,-1.050781,1.845180,-0.712571,1.566115,-0.478294,-0.266088,0.584819,-0.178605,1.997794
sample,400,drone,9.993753,9.858269,-1.011470,1.833175,-0.719030,1.580311,-0.482629,-0.250853,0.551334,-0.168378,1.997794
sample,401,drone,10.018737,9.840227,-0.971815,1.821064,-0.725106,1.593665,-0.486708,-0.235402,0.517376,-0.158007,1.997794
sample,402,drone,10.043722,9.822037,-0.931837,1.808855,-0.730793,1.606164,-0.490525,-0.219751,0.482976,-0.147502,1.997794
sample,403,drone,10.068706,9.803710,-0.891557,1.796553,-0.736087,1.617798,-0.494078,-0.203912,0.448166,-0.136871,1.997794
sample,404,drone,10.093691,9.785255,-0.850998,1.784166,-0.740982,1.628558,-0.497364,-0.187901,0.412976,-0.126124,1.997794
sample,405,drone,10.118675,9.766684,-0.810180,1.771700,-0.745476,1.638434,-0.500380,-0.171731,0.377438,-0.115270,1.997794
sample,406,drone,10.143659,9.748005,-0.769127,1.759163,-0.749563,1.647418,-0.503124,-0.155417,0.341581,-0.104319,1.997794
sample,407,drone,10.168644,9.729229,-0.727861,1.746560,-0.753242,1.655503,-0.505593,-0.138972,0.305438,-0.093281,1.997794
sample,408,drone,10.193628,9.710366,-0.686404,1.733899,-0.756508,1.662681,-0.507785,-0.122411,0.269039,-0.082165,1.997794
sample,409,drone,10.218612,9.691427,-0.644779,1.721187,-0.759358,1.668946,-0.509699,-0.105747,0.232415,-0.070980,1.997794
sample,410,drone,10.243597,9.672422,-0.603008,1.708430,-0.761792,1.674294,-0.511332,-0.088995,0.195597,-0.059736,1.997794
sample,411,drone,10.268581,9.653361,-0.561116,1.695636,-0.763805,1.678720,-0.512684,-0.072169,0.158617,-0.048442,1.997794
sample,412,drone,10.293566,9.634256,-0.519125,1.682812,-0.765398,1.682220,-0.513752,-0.055283,0.121504,-0.037107,1.997794
sample,413,drone,10.318550,9.615115,-0.477058,1.669964,-0.766568,1.684791,-0.514538,-0.038352,0.084290,-0.025742,1.997794
sample,414,drone,10.343534,9.595951,-0.434938,1.657101,-0.767314,1.686432,-0.515039,-0.021388,0.047007,-0.014356,1.997794
sample,415,drone,10.368519,9.576774,-0.392789,1.644229,-0.767637,1.687140,-0.515255,-0.004406,0.009684,-0.002958,1.997794
sample,416,drone,10.393503,9.557593,-0.350634,1.631354,-0.767534,1.686916,-0.515187,0.012579,-0.027646,0.008443,1.997794
sample,417,drone,10.418488,9.538421,-0.308496,1.618485,-0.767008,1.685759,-0.514833,0.029553,-0.064954,0.019837,1.997794
sample,418,drone,10.443472,9.519267,-0.266398,1.605629,-0.766058,1.683670,-0.514195,0.046504,-0.102207,0.031214,1.997794
sample,419,drone,10.468456,9.500142,-0.224365,1.592792,-0.764684,1.680652,-0.513273,0.063415,-0.139376,0.042566,1.997794
sample,420,drone,10.493441,9.481057,-0.182418,1.579981,-0.762889,1.676706,-0.512068,0.080274,-0.176429,0.053882,1.997794
sample,421,drone,10.518425,9.462021,-0.140582,1.567204,-0.760673,1.671836,-0.510581,0.097066,-0.213335,0.065153,1.997794
sample,422,drone,10.543409,9.443047,-0.098879,1.554468,-0.758039,1.666046,-0.508813,0.113777,-0.250064,0.076370,1.997794
sample,423,drone,10.568394,9.424143,-0.057332,1.541779,-0.754988,1.659340,-0.506765,0.130393,-0.286583,0.087523,1.997794
sample,424,drone,10.593378,9.405321,-0.015964,1.529146,-0.751523,1.651725,-0.504439,0.146900,-0.322863,0.098603,1.997794
sample,425,drone,10.618363,9.386590,0.025203,1.516573,-0.747647,1.643207,-0.501838,0.163284,-0.358872,0.109600,1.997794
sample,426,drone,10.643347,9.367962,0.066145,1.504069,-0.743364,1.633793,-0.498963,0.179531,-0.394580,0.120505,1.997794
sample,427,drone,10.668331,9.349445,0.106842,1.491641,-0.738676,1.623491,-0.495816,0.195626,-0.429954,0.131309,1.997794
sample,428,drone,10.693316,9.331051,0.147269,1.479294,-0.733589,1.612309,-0.492401,0.211556,-0.464965,0.142001,1.997794
sample,429,drone,10.718300,9.312789,0.187407,1.467036,-0.728105,1.600257,-0.488721,0.227306,-0.499582,0.152573,1.997794
sample,430,drone,10.743285,9.294669,0.227232,1.454873,-0.722231,1.587345,-0.484778,0.242863,-0.533773,0.163015,1.997794
sample,431,drone,10.768269,9.276700,0.266724,1.442812,-0.715970,1.573585,-0.480575,0.258212,-0.567507,0.173318,1.997794
sample,432,drone,10.793253,9.258893,0.305862,1.430860,-0.709328,1.558988,-0.476117,0.273339,-0.600754,0.183471,1.997794
sample,433,drone,10.818238,9.241256,0.344625,1.419021,-0.702311,1.543566,-0.471407,0.288230,-0.633482,0.193466,1.997794
sample,434,drone,10.843222,9.223799,0.382992,1.407304,-0.694926,1.527333,-0.466450,0.302871,-0.665661,0.203294,1.997794
sample,435,drone,10.868206,9.206531,0.420944,1.395713,-0.687177,1.510304,-0.461249,0.317248,-0.697260,0.212944,1.997794
sample,436,drone,10.893191,9.189462,0.458460,1.384256,-0.679073,1.492492,-0.455809,0.331347,-0.728246,0.222408,1.997794
sample,437,drone,10.918175,9.172599,0.495522,1.372937,-0.670620,1.473914,-0.450136,0.345153,-0.758591,0.231675,1.997794
sample,438,drone,10.943160,9.155951,0.532110,1.361763,-0.661826,1.454586,-0.444233,0.358654,-0.788262,0.240736,1.997794
sample,439,drone,10.968144,9.139528,0.568206,1.350739,-0.652699,1.434526,-0.438106,0.371833,-0.817229,0.249583,1.997794
sample,440,drone,10.993128,9.123337,0.603791,1.339871,-0.643246,1.413750,-0.431761,0.384678,-0.845461,0.258205,1.997794
sample,441,drone,11.018113,9.107386,0.638849,1.329165,-0.633477,1.392279,-0.425204,0.397175,-0.872926,0.266593,1.997794
sample,442,drone,11.043097,9.091683,0.673362,1.318625,-0.623400,1.370131,-0.418440,0.409309,-0.899594,0.274737,1.997794
sample,443,drone,11.068081,9.076235,0.707313,1.308256,-0.613024,1.347327,-0.411476,0.421066,-0.925434,0.282629,1.997794
sample,444,drone,11.093066,9.061051,0.740686,1.298064,-0.602360,1.323888,-0.404317,0.432432,-0.950414,0.290258,1.997794
sample,445,drone,11.118050,9.046136,0.773466,1.288053,-0.591416,1.299836,-0.396972,0.443393,-0.974505,0.297615,1.997794
sample,446,drone,11.143035,9.031498,0.805637,1.278227,-0.580204,1.275194,-0.389446,0.453934,-0.997674,0.304691,1.997794
sample,447,drone,11.168019,9.017144,0.837186,1.268592,-0.568734,1.249984,-0.381747,0.464043,-1.019891,0.311476,1.997794
sample,448,drone,11.193003,9.003080,0.868098,1.259152,-0.557016,1.224231,-0.373882,0.473704,-1.041125,0.317961,1.997794
sample,449,drone,11.217988,8.989311,0.898359,1.249910,-0.545063,1.197960,-0.365859,0.482904,-1.061345,0.324136,1.997794
sample,450,drone,11.242972,8.975843,0.927958,1.240871,-0.532886,1.171197,-0.357685,0.491629,-1.080520,0.329992,1.997794
sample,451,drone,11.267957,8.962683,0.956882,1.232037,-0.520497,1.143968,-0.349369,0.499864,-1.098619,0.335520,1.997794
sample,452,drone,11.292941,8.949835,0.985121,1.223413,-0.507909,1.116300,-0.340920,0.507595,-1.115611,0.340709,1.997794
sample,453,drone,11.317925,8.937303,1.012663,1.215002,-0.495133,1.088222,-0.332345,0.514808,-1.131465,0.345551,1.997794
sample,454,drone,11.342910,8.925094,1.039498,1.206806,-0.482184,1.059762,-0.323653,0.521490,-1.146150,0.350036,1.997794
sample,455,drone,11.367894,8.913209,1.065618,1.198829,-0.469075,1.030950,-0.314854,0.527625,-1.159635,0.354154,1.997794
sample,456,drone,11.392878,8.901655,1.091013,1.191073,-0.455819,1.001817,-0.305956,0.533201,-1.171889,0.357897,1.997794
sample,457,drone,11.417863,8.890433,1.115677,1.183541,-0.442432,0.972393,-0.296970,0.538202,-1.182881,0.361254,1.997794
sample,458,drone,11.442847,8.879547,1.139602,1.176234,-0.428926,0.942710,-0.287905,0.542616,-1.192581,0.364216,1.997794
sample,459,drone,11.467832,8.869000,1.162783,1.169155,-0.415318,0.912801,-0.278771,0.546427,-1.200957,0.366774,1.997794
sample,460,drone,11.492816,8.858794,1.185214,1.162304,-0.401622,0.882699,-0.269578,0.549621,-1.207978,0.368918,1.997794
sample,461,drone,11.517800,8.848931,1.206891,1.155684,-0.387854,0.852440,-0.260336,0.552185,-1.213613,0.370639,1.997794
sample,462,drone,11.542785,8.839413,1.227809,1.149295,-0.374030,0.822057,-0.251057,0.554105,-1.217832,0.371928,1.997794
sample,463,drone,11.567769,8.830241,1.247968,1.143139,-0.360166,0.791586,-0.241752,0.555365,-1.220602,0.372774,1.997794
sample,464,drone,11.592754,8.821416,1.267364,1.137215,-0.346279,0.761065,-0.232430,0.555953,-1.221895,0.373168,1.997794
sample,465,drone,11.617738,8.812938,1.285997,1.131525,-0.332386,0.730529,-0.223105,0.555854,-1.221677,0.373102,1.997794
sample,466,drone,11.642722,8.804807,1.303868,1.126067,-0.318504,0.700019,-0.213787,0.555054,-1.219919,0.372565,1.997794
sample,467,drone,11.667707,8.797023,1.320976,1.120842,-0.304650,0.669572,-0.204488,0.553539,-1.216590,0.371548,1.997794
sample,468,drone,11.692691,8.789584,1.337325,1.115849,-0.290844,0.639227,-0.195221,0.551295,-1.211657,0.370042,1.997794
sample,469,drone,11.717675,8.782490,1.352918,1.111087,-0.277103,0.609027,-0.185998,0.548308,-1.205092,0.368037,1.997794
sample,470,drone,11.742660,8.775738,1.367758,1.106555,-0.263446,0.579010,-0.176831,0.544563,-1.196861,0.365523,1.997794
sample,471,drone,11.767644,8.769326,1.381850,1.102251,-0.249892,0.549221,-0.167733,0.540047,-1.186936,0.362492,1.997794
sample,472,drone,11.792629,8.763251,1.395201,1.098174,-0.236460,0.519701,-0.158717,0.534746,-1.175284,0.358933,1.997794
sample,473,drone,11.817613,8.757510,1.407819,1.094320,-0.223171,0.490493,-0.149797,0.528644,-1.161874,0.354838,1.997794
sample,474,drone,11.842597,8.752099,1.419711,1.090689,-0.210044,0.461643,-0.140987,0.521729,-1.146676,0.350197,1.997794
sample,475,drone,11.867582,8.747015,1.430887,1.087275,-0.197101,0.433195,-0.132299,0.513987,-1.129659,0.345000,1.997794
sample,476,drone,11.892566,8.742251,1.441357,1.084078,-0.184361,0.405196,-0.123747,0.505402,-1.110791,0.339237,1.997794
sample,477,drone,11.917551,8.737802,1.451134,1.081092,-0.171846,0.377691,-0.115347,0.495961,-1.090042,0.332901,1.997794
sample,478,drone,11.942535,8.733664,1.460230,1.078314,-0.159579,0.350728,-0.107113,0.485651,-1.067381,0.325980,1.997794
sample,479,drone,11.967519,8.729828,1.468659,1.075740,-0.147579,0.324355,-0.099058,0.474456,-1.042777,0.318466,1.997794
sample,480,drone,11.992504,8.726289,1.476437,1.073364,-0.135871,0.298621,-0.091199,0.462363,-1.016198,0.310348,1.997794
sample,481,drone,12.017488,8.723039,1.483581,1.071182,-0.124475,0.273577,-0.083551,0.449357,-0.987614,0.301619,1.997794
sample,482,drone,12.042472,8.720069,1.490108,1.069189,-0.113417,0.249271,-0.076128,0.435425,-0.956994,0.292267,1.997794
sample,483,drone,12.067457,8.717372,1.496037,1.067378,-0.102718,0.225757,-0.068946,0.420553,-0.924307,0.282285,1.997794
sample,484,drone,12.092441,8.714937,1.501389,1.065744,-0.092402,0.203085,-0.062022,0.404726,-0.889522,0.271661,1.997794
sample,485,drone,12.117426,8.712755,1.506185,1.064279,-0.082494,0.181309,-0.055372,0.387930,-0.852607,0.260388,1.997794
sample,486,drone,12.142410,8.710815,1.510448,1.062977,-0.073018,0.160481,-0.049011,0.370152,-0.813533,0.248454,1.997794
sample,487,drone,12.167394,8.709106,1.514204,1.061830,-0.063998,0.140657,-0.042957,0.351376,-0.772267,0.235852,1.997794
sample,488,drone,12.192379,8.707617,1.517477,1.060831,-0.055460,0.121892,-0.037226,0.331590,-0.728780,0.222570,1.997794
sample,489,drone,12.217363,8.706335,1.520295,1.059970,-0.047429,0.104241,-0.031835,0.310778,-0.683039,0.208601,1.997794
sample,490,drone,12.242347,8.705247,1.522686,1.059240,-0.039931,0.087761,-0.026802,0.288927,-0.635015,0.193935,1.997794
sample,491,drone,12.267332,8.704339,1.524680,1.058631,-0.032992,0.072510,-0.022145,0.266023,-0.584676,0.178561,1.997794
sample,492,drone,12.292316,8.703598,1.526309,1.058133,-0.026638,0.058546,-0.017880,0.242052,-0.531990,0.162471,1.997794
sample,493,drone,12.317301,8.703008,1.527605,1.057737,-0.020897,0.045927,-0.014026,0.216999,-0.476928,0.145655,1.997794
sample,494,drone,12.342285,8.702554,1.528604,1.057432,-0.015795,0.034714,-0.010602,0.190850,-0.419458,0.128103,1.997794
sample,495,drone,12.367269,8.702219,1.529340,1.057208,-0.011360,0.024967,-0.007625,0.163592,-0.359549,0.109807,1.997794
sample,496,drone,12.392254,8.701986,1.529851,1.057051,-0.007620,0.016748,-0.005115,0.135211,-0.297171,0.090756,1.997794
sample,497,drone,12.417238,8.701838,1.530177,1.056952,-0.004604,0.010118,-0.003090,0.105691,-0.232292,0.070942,1.997794
sample,498,drone,12.442223,8.701756,1.530357,1.056897,-0.002339,0.005141,-0.001570,0.075019,-0.164880,0.050355,1.997794
sample,499,drone,12.467207,8.701721,1.530434,1.056874,-0.000855,0.001879,-0.000574,0.039356,-0.096248,0.030675,1.997794
sample,500,drone,12.492191,8.701714,1.530451,1.056868,-0.000372,0.000331,-0.000037,-0.045303,-0.042228,0.031527,2.414488
sample,501,drone,12.517176,8.701703,1.530450,1.056872,-0.003119,-0.000231,0.001001,-0.235978,-0.025024,0.079074,-3.067741
sample,502,drone,12.542160,8.701558,1.530439,1.056918,-0.012164,-0.000919,0.003914,-0.504284,-0.038200,0.162308,-3.066180
sample,503,drone,12.567144,8.701095,1.530404,1.057067,-0.028317,-0.002140,0.009112,-0.778999,-0.058858,0.250661,-3.066180
sample,504,drone,12.592129,8.700143,1.530332,1.057374,-0.051090,-0.003860,0.016439,-1.034003,-0.078125,0.332714,-3.066180
sample,505,drone,12.617113,8.698542,1.530211,1.057889,-0.079985,-0.006043,0.025737,-1.269404,-0.095911,0.408460,-3.066180
sample,506,drone,12.642098,8.696146,1.530030,1.058660,-0.114520,-0.008653,0.036849,-1.485676,-0.112252,0.478051,-3.066180
sample,507,drone,12.667082,8.692820,1.529779,1.059730,-0.154223,-0.011652,0.049625,-1.683293,-0.127183,0.541638,-3.066180
sample,508,drone,12.692066,8.688440,1.529448,1.061139,-0.198632,-0.015008,0.063915,-1.862730,-0.140741,0.599376,-3.066180
sample,509,drone,12.717051,8.682894,1.529029,1.062924,-0.247301,-0.018685,0.079575,-2.024461,-0.152961,0.651417,-3.066180
sample,510,drone,12.742035,8.676082,1.528514,1.065116,-0.299792,-0.022651,0.096465,-2.168959,-0.163878,0.697913,-3.066180
sample,511,drone,12.767020,8.667914,1.527897,1.067744,-0.355681,-0.026874,0.114449,-2.296699,-0.173530,0.739016,-3.066180
sample,512,drone,12.792004,8.658309,1.527172,1.070835,-0.414555,-0.031322,0.133393,-2.408155,-0.181951,0.774880,-3.066180
sample,513,drone,12.816988,8.647199,1.526332,1.074410,-0.476014,-0.035966,0.153168,-2.503802,-0.189178,0.805656,-3.066180
sample,514,drone,12.841973,8.634524,1.525374,1.078488,-0.539667,-0.040775,0.173650,-2.584114,-0.195246,0.831498,-3.066180
sample,515,drone,12.866957,8.620233,1.524295,1.083087,-0.605139,-0.045722,0.194717,-2.649564,-0.200191,0.852558,-3.066180
sample,516,drone,12.891941,8.604286,1.523090,1.088218,-0.672063,-0.050779,0.216252,-2.700626,-0.204049,0.868989,-3.066180
sample,517,drone,12.916926,8.586651,1.521757,1.093892,-0.740086,-0.055918,0.238140,-2.737777,-0.206856,0.880943,-3.066180
sample,518,drone,12.941910,8.567304,1.520296,1.100117,-0.808866,-0.061115,0.260271,-2.761488,-0.208648,0.888572,-3.066180
sample,519,drone,12.966895,8.546233,1.518703,1.106898,-0.878074,-0.066344,0.282540,-2.772235,-0.209460,0.892030,-3.066180
sample,520,drone,12.991879,8.523428,1.516980,1.114236,-0.947391,-0.071581,0.304845,-2.770491,-0.209328,0.891469,-3.066180
sample,521,drone,13.016863,8.498893,1.515127,1.122131,-1.016512,-0.076804,0.327086,-2.756731,-0.208288,0.887042,-3.066180
sample,522,drone,13.041848,8.472634,1.513143,1.130580,-1.085141,-0.081989,0.349169,-2.731430,-0.206377,0.878901,-3.066180
sample,523,drone,13.066832,8.444669,1.511030,1.139578,-1.152998,-0.087116,0.371004,-2.695060,-0.203629,0.867198,-3.066180
sample,524,drone,13.091816,8.415020,1.508790,1.149118,-1.219810,-0.092164,0.392502,-2.648097,-0.200080,0.852086,-3.066180
sample,525,drone,13.116801,8.383717,1.506424,1.159191,-1.285320,-0.097114,0.413581,-2.591015,-0.195767,0.833719,-3.066180
sample,526,drone,13.141785,8.350795,1.503937,1.169785,-1.349280,-0.101947,0.434162,-2.524287,-0.190726,0.812248,-3.066180
sample,527,drone,13.166770,8.316295,1.501330,1.180886,-1.411456,-0.106644,0.454168,-2.448388,-0.184991,0.787825,-3.066180
sample,528,drone,13.191754,8.280266,1.498608,1.192479,-1.471623,-0.111190,0.473529,-2.363793,-0.178599,0.760605,-3.066180
sample,529,drone,13.216738,8.242760,1.495774,1.204547,-1.529571,-0.115569,0.492175,-2.270974,-0.171586,0.730738,-3.066180
sample,530,drone,13.241723,8.203835,1.492833,1.217072,-1.585101,-0.119764,0.510043,-2.170408,-0.163988,0.698379,-3.066180
sample,531,drone,13.266707,8.163554,1.489790,1.230033,-1.638024,-0.123763,0.527072,-2.062566,-0.155840,0.663678,-3.066180
sample,532,drone,13.291692,8.121985,1.486649,1.243409,-1.688165,-0.127551,0.543206,-1.947925,-0.147178,0.626790,-3.066180
sample,533,drone,13.316676,8.079199,1.483416,1.257177,-1.735359,-0.131117,0.558392,-1.826958,-0.138038,0.587866,-3.066180
sample,534,drone,13.341660,8.035271,1.480097,1.271311,-1.779456,-0.134449,0.572581,-1.700139,-0.128456,0.547059,-3.066180
sample,535,drone,13.366645,7.990282,1.476698,1.285788,-1.820313,-0.137536,0.585728,-1.567943,-0.118468,0.504522,-3.066180
sample,536,drone,13.391629,7.944313,1.473225,1.300580,-1.857804,-0.140369,0.597791,-1.430843,-0.108109,0.460407,-3.066180
sample,537,drone,13.416613,7.897450,1.469684,1.315659,-1.891811,-0.142938,0.608734,-1.289314,-0.097416,0.414866,-3.066180
sample,538,drone,13.441598,7.849781,1.466082,1.330997,-1.922229,-0.145237,0.618522,-1.143829,-0.086424,0.368053,-3.066180
sample,539,drone,13.466582,7.801398,1.462427,1.346566,-1.948966,-0.147257,0.627125,-0.994864,-0.075168,0.320121,-3.066180
sample,540,drone,13.491567,7.752394,1.458724,1.362334,-1.971941,-0.148993,0.634518,-0.842893,-0.063686,0.271220,-3.066180
sample,541,drone,13.516551,7.702863,1.454982,1.378272,-1.991085,-0.150439,0.640677,-0.688389,-0.052012,0.221505,-3.066180
sample,542,drone,13.541535,7.652902,1.451207,1.394348,-2.006339,-0.151592,0.645586,-0.531826,-0.040183,0.171127,-3.066180
sample,543,drone,13.566520,7.602608,1.447407,1.410531,-2.017659,-0.152447,0.649228,-0.373680,-0.028234,0.120240,-3.066180
sample,544,drone,13.591504,7.552082,1.443589,1.426789,-2.025012,-0.153002,0.651594,-0.214424,-0.016201,0.068996,-3.066180
sample,545,drone,13.616489,7.501421,1.439761,1.443090,-2.028374,-0.153256,0.652676,-0.054531,-0.004120,0.017547,-3.066180
sample,546,drone,13.641473,7.450726,1.435931,1.459402,-2.027736,-0.153208,0.652471,0.105522,0.007973,-0.033954,-3.066180
sample,547,drone,13.666457,7.400098,1.432106,1.475693,-2.023101,-0.152858,0.650979,0.265263,0.020042,-0.085355,-3.066180
sample,548,drone,13.691442,7.349634,1.428293,1.491931,-2.014482,-0.152207,0.648206,0.424217,0.032052,-0.136502,-3.066180
sample,549,drone,13.716426,7.299436,1.424500,1.508083,-2.001903,-0.151256,0.644159,0.581911,0.043967,-0.187243,-3.066180
sample,550,drone,13.741410,7.249602,1.420735,1.524119,-1.985404,-0.150010,0.638850,0.737868,0.055751,-0.237426,-3.066180
sample,551,drone,13.766395,7.200228,1.417004,1.540006,-1.965033,-0.148471,0.632295,0.891617,0.067367,-0.286898,-3.066180
sample,552,drone,13.791379,7.151412,1.413316,1.555714,-1.940851,-0.146644,0.624514,1.042682,0.078781,-0.335507,-3.066180
sample,553,drone,13.816364,7.103246,1.409677,1.571212,-1.912932,-0.144534,0.615530,1.190589,0.089957,-0.383100,-3.066180
sample,554,drone,13.841348,7.055825,1.406094,1.586471,-1.881359,-0.142148,0.605371,1.334865,0.100857,-0.429523,-3.066180
sample,555,drone,13.866332,7.009237,1.402574,1.601462,-1.846230,-0.139494,0.594067,1.475034,0.111448,-0.474626,-3.066180
sample,556,drone,13.891317,6.963571,1.399123,1.616156,-1.807653,-0.136580,0.581654,1.610623,0.121693,-0.518255,-3.066180
sample,557,drone,13.916301,6.918911,1.395749,1.630526,-1.765749,-0.133413,0.568171,1.741157,0.131555,-0.560257,-3.066180
sample,558,drone,13.941285,6.875339,1.392457,1.644547,-1.720650,-0.130006,0.553659,1.866163,0.141000,-0.600481,-3.066180
sample,559,drone,13.966270,6.832932,1.389253,1.658192,-1.672499,-0.126368,0.538165,1.985166,0.149992,-0.638773,-3.066180
sample,560,drone,13.991254,6.791766,1.386142,1.671438,-1.621454,-0.122511,0.521740,2.097692,0.158494,-0.674981,-3.066180
sample,561,drone,14.016239,6.751910,1.383131,1.684263,-1.567680,-0.118448,0.504437,2.203266,0.166471,-0.708952,-3.066180
sample,562,drone,14.041223,6.713431,1.380224,1.696644,-1.511359,-0.114193,0.486315,2.301415,0.173886,-0.740533,-3.066180
sample,563,drone,14.066207,6.676389,1.377425,1.708563,-1.452681,-0.109759,0.467434,2.391665,0.180705,-0.769573,-3.066180
sample,564,drone,14.091192,6.640842,1.374739,1.720001,-1.391851,-0.105163,0.447860,2.473541,0.186892,-0.795919,-3.066180
sample,565,drone,14.116176,6.606840,1.372170,1.730942,-1.329082,-0.100420,0.427663,2.546569,0.192409,-0.819417,-3.066180
sample,566,drone,14.141161,6.574430,1.369721,1.741371,-1.264602,-0.095549,0.406915,2.610274,0.197223,-0.839916,-3.066180
sample,567,drone,14.166145,6.543650,1.367396,1.751275,-1.198649,-0.090566,0.385693,2.664184,0.201296,-0.857263,-3.066180
sample,568,drone,14.191129,6.514534,1.365196,1.760644,-1.131476,-0.085490,0.364078,2.707822,0.204593,-0.871304,-3.066180
sample,569,drone,14.216114,6.487111,1.363124,1.769468,-1.063343,-0.080342,0.342155,2.740716,0.207078,-0.881889,-3.066180
sample,570,drone,14.241098,6.461401,1.361181,1.777741,-0.994525,-0.075143,0.320012,2.762392,0.208716,-0.888863,-3.066180
sample,571,drone,14.266082,6.437416,1.359369,1.785458,-0.925310,-0.069913,0.297740,2.772374,0.209470,-0.892075,-3.066180
sample,572,drone,14.291067,6.415164,1.357688,1.792618,-0.855993,-0.064676,0.275436,2.770189,0.209305,-0.891372,-3.066180
sample,573,drone,14.316051,6.394643,1.356137,1.799221,-0.786887,-0.059454,0.253199,2.755362,0.208185,-0.886601,-3.066180
sample,574,drone,14.341036,6.375844,1.354717,1.805270,-0.718311,-0.054273,0.231133,2.727420,0.206074,-0.877610,-3.066180
sample,575,drone,14.366020,6.358750,1.353425,1.810771,-0.650601,-0.049157,0.209346,2.685888,0.202936,-0.864246,-3.066180
sample,576,drone,14.391004,6.343335,1.352261,1.815731,-0.584101,-0.044132,0.187948,2.630292,0.198735,-0.846357,-3.066180
sample,577,drone,14.415989,6.329563,1.351220,1.820162,-0.519168,-0.039226,0.167054,2.560158,0.193436,-0.823790,-3.066180
sample,578,drone,14.440973,6.317392,1.350301,1.824079,-0.456173,-0.034467,0.146784,2.475011,0.187003,-0.796392,-3.066180
sample,579,drone,14.465958,6.306769,1.349498,1.827497,-0.395495,-0.029882,0.127260,2.374378,0.179399,-0.764011,-3.066180
sample,580,drone,14.490942,6.297630,1.348807,1.830438,-0.337528,-0.025502,0.108607,2.257784,0.170590,-0.726494,-3.066180
sample,581,drone,14.515926,6.289903,1.348224,1.832924,-0.282676,-0.021358,0.090958,2.124755,0.160539,-0.683689,-3.066180
sample,582,drone,14.540911,6.283505,1.347740,1.834983,-0.231357,-0.017480,0.074444,1.974818,0.149210,-0.635443,-3.066180
sample,583,drone,14.565895,6.278342,1.347350,1.836644,-0.183997,-0.013902,0.059205,1.807496,0.136568,-0.581604,-3.066180
sample,584,drone,14.590879,6.274311,1.347046,1.837941,-0.141038,-0.010656,0.045382,1.622318,0.122576,-0.522018,-3.066180
sample,585,drone,14.615864,6.271295,1.346818,1.838912,-0.102932,-0.007777,0.033121,1.418807,0.107200,-0.456534,-3.066180
sample,586,drone,14.640848,6.269167,1.346657,1.839596,-0.070142,-0.005300,0.022570,1.196491,0.090402,-0.384999,-3.066180
sample,587,drone,14.665833,6.267790,1.346553,1.840039,-0.043145,-0.003260,0.013883,0.954895,0.072148,-0.307259,-3.066180
sample,588,drone,14.690817,6.267011,1.346494,1.840290,-0.022427,-0.001695,0.007217,0.693545,0.052402,-0.223164,-3.066180
sample,589,drone,14.715801,6.266669,1.346468,1.840400,-0.008489,-0.000641,0.002732,0.416248,0.031425,-0.133550,-3.066180
sample,590,drone,14.740786,6.266587,1.346462,1.840426,-0.001628,-0.000124,0.000543,0.184436,0.013513,-0.052723,-3.065426
sample,591,drone,14.765770,6.266588,1.346462,1.840427,0.000727,0.000034,0.000097,0.094992,0.005468,-0.003774,0.046466
sample,592,drone,14.790755,6.266624,1.346464,1.840431,0.003119,0.000149,0.000355,0.135227,0.006478,0.015087,0.047735
sample,593,drone,14.815739,6.266744,1.346469,1.840445,0.007484,0.000358,0.000851,0.213668,0.010207,0.024296,0.047735
sample,594,drone,14.840723,6.266998,1.346482,1.840474,0.013795,0.000659,0.001569,0.290196,0.013863,0.032998,0.047735
sample,595,drone,14.865708,6.267433,1.346502,1.840523,0.021985,0.001050,0.002500,0.363999,0.017389,0.041390,0.047735
sample,596,drone,14.890692,6.268096,1.346534,1.840599,0.031984,0.001528,0.003637,0.435108,0.020786,0.049476,0.047735
sample,597,drone,14.915676,6.269031,1.346579,1.840705,0.043726,0.002089,0.004972,0.503555,0.024056,0.057259,0.047735
sample,598,drone,14.940661,6.270281,1.346638,1.840847,0.057146,0.002730,0.006498,0.569370,0.027200,0.064743,0.047735
sample,599,drone,14.965645,6.271887,1.346715,1.841030,0.072177,0.003448,0.008207,0.632586,0.030220,0.071931,0.047735
sample,600,drone,14.990630,6.273888,1.346811,1.841257,0.088755,0.004240,0.010092,0.693234,0.033117,0.078827,0.047735
sample,601,drone,15.015614,6.276322,1.346927,1.841534,0.106817,0.005103,0.012146,0.751346,0.035893,0.085435,0.047735
sample,602,drone,15.040598,6.279225,1.347066,1.841864,0.126299,0.006034,0.014361,0.806954,0.038549,0.091758,0.047735
sample,603,drone,15.065583,6.282633,1.347228,1.842252,0.147140,0.007029,0.016731,0.860087,0.041088,0.097800,0.047735
sample,604,drone,15.090567,6.286578,1.347417,1.842700,0.169277,0.008087,0.019248,0.910780,0.043509,0.103564,0.047735
sample,605,drone,15.115551,6.291091,1.347633,1.843213,0.192650,0.009203,0.021906,0.959062,0.045816,0.109054,0.047735
sample,606,drone,15.140536,6.296204,1.347877,1.843795,0.217200,0.010376,0.024698,1.004965,0.048009,0.114274,0.047735
sample,607,drone,15.165520,6.301945,1.348151,1.844447,0.242867,0.011602,0.027616,1.048521,0.050090,0.119227,0.047735
sample,608,drone,15.190505,6.308340,1.348456,1.845175,0.269593,0.012879,0.030655,1.089762,0.052060,0.123916,0.047735
sample,609,drone,15.215489,6.315416,1.348795,1.845979,0.297321,0.014204,0.033808,1.128719,0.053921,0.128346,0.047735
sample,610,drone,15.240473,6.323197,1.349166,1.846864,0.325994,0.015573,0.037069,1.165423,0.055674,0.132520,0.047735
sample,611,drone,15.265458,6.331705,1.349573,1.847832,0.355556,0.016985,0.040430,1.199906,0.057321,0.136441,0.047735
sample,612,drone,15.290442,6.340963,1.350015,1.848884,0.385952,0.018438,0.043886,1.232200,0.058864,0.140113,0.047735
sample,613,drone,15.315427,6.350991,1.350494,1.850025,0.417127,0.019927,0.047431,1.262336,0.060304,0.143539,0.047735
sample,614,drone,15.340411,6.361807,1.351011,1.851254,0.449029,0.021451,0.051059,1.290346,0.061642,0.146724,0.047735
sample,615,drone,15.365395,6.373428,1.351566,1.852576,0.481604,0.023007,0.054763,1.316261,0.062880,0.149671,0.047735
sample,616,drone,15.390380,6.385872,1.352160,1.853991,0.514801,0.024593,0.058538,1.340112,0.064019,0.152383,0.047735
sample,617,drone,15.415364,6.399152,1.352795,1.855501,0.548568,0.026206,0.062377,1.361932,0.065062,0.154864,0.047735
sample,618,drone,15.440348,6.413283,1.353470,1.857108,0.582855,0.027844,0.066276,1.381752,0.066008,0.157118,0.047735
sample,619,drone,15.465333,6.428277,1.354186,1.858813,0.617613,0.029504,0.070228,1.399603,0.066861,0.159148,0.047735
sample,620,drone,15.490317,6.444144,1.354944,1.860617,0.652792,0.031185,0.074229,1.415517,0.067621,0.160958,0.047735
sample,621,drone,15.515302,6.460896,1.355744,1.862522,0.688344,0.032883,0.078271,1.429525,0.068291,0.162550,0.047735
sample,622,drone,15.540286,6.478540,1.356587,1.864528,0.724223,0.034597,0.082351,1.441659,0.068870,0.163930,0.047735
sample,623,drone,15.565270,6.497085,1.357473,1.866637,0.760382,0.036325,0.086463,1.451951,0.069362,0.165100,0.047735
sample,624,drone,15.590255,6.516536,1.358402,1.868848,0.796775,0.038063,0.090601,1.460431,0.069767,0.166065,0.047735
sample,625,drone,15.615239,6.536898,1.359375,1.871164,0.833358,0.039811,0.094761,1.467133,0.070087,0.166827,0.047735
sample,626,drone,15.640224,6.558177,1.360392,1.873584,0.870086,0.041565,0.098937,1.472086,0.070324,0.167390,0.047735
sample,627,drone,15.665208,6.580376,1.361452,1.876108,0.906916,0.043325,0.103125,1.475323,0.070479,0.167758,0.047735
sample,628,drone,15.690192,6.603495,1.362557,1.878737,0.943806,0.045087,0.107320,1.476875,0.070553,0.167935,0.047735
sample,629,drone,15.715177,6.627536,1.363705,1.881470,0.980714,0.046850,0.111516,1.476774,0.070548,0.167923,0.047735
sample,630,drone,15.740161,6.652500,1.364898,1.884309,1.017599,0.048612,0.115711,1.475051,0.070466,0.167727,0.047735
sample,631,drone,15.765145,6.678385,1.366134,1.887252,1.054421,0.050371,0.119898,1.471738,0.070307,0.167350,0.047735
sample,632,drone,15.790130,6.705188,1.367415,1.890300,1.091140,0.052125,0.124073,1.466866,0.070075,0.166796,0.047735
sample,633,drone,15.815114,6.732907,1.368739,1.893452,1.127718,0.053873,0.128232,1.460467,0.069769,0.166069,0.047735
sample,634,drone,15.840099,6.761539,1.370107,1.896708,1.164118,0.055612,0.132371,1.452573,0.069392,0.165171,0.047735
sample,635,drone,15.865083,6.791077,1.371518,1.900066,1.200301,0.057340,0.136486,1.443214,0.068945,0.164107,0.047735
sample,636,drone,15.890067,6.821516,1.372972,1.903528,1.236233,0.059057,0.140571,1.432423,0.068429,0.162880,0.047735
sample,637,drone,15.915052,6.852850,1.374469,1.907091,1.271878,0.060760,0.144624,1.420230,0.067847,0.161494,0.047735
sample,638,drone,15.940036,6.885070,1.376008,1.910754,1.307200,0.062447,0.148641,1.406669,0.067199,0.159951,0.047735
sample,639,drone,15.965020,6.918169,1.377589,1.914518,1.342167,0.064117,0.152617,1.391769,0.066487,0.158257,0.047735
sample,640,drone,15.990005,6.952137,1.379212,1.918380,1.376745,0.065769,0.156549,1.375563,0.065713,0.156414,0.047735
sample,641,drone,16.014989,6.986963,1.380875,1.922341,1.410902,0.067401,0.160433,1.358082,0.064878,0.154427,0.047735
sample,642,drone,16.039974,7.022638,1.382580,1.926397,1.444607,0.069011,0.164265,1.339358,0.063983,0.152298,0.047735
sample,643,drone,16.064958,7.059149,1.384324,1.930549,1.477828,0.070598,0.168043,1.319422,0.063031,0.150031,0.047735
sample,644,drone,16.089942,7.096483,1.386107,1.934794,1.510537,0.072161,0.171762,1.298306,0.062022,0.147630,0.047735
sample,645,drone,16.114927,7.134628,1.387930,1.939131,1.542703,0.073697,0.175420,1.276041,0.060959,0.145098,0.047735
sample,646,drone,16.139911,7.173570,1.389790,1.943559,1.574299,0.075207,0.179013,1.252659,0.059842,0.142439,0.047735
sample,647,drone,16.164896,7.213294,1.391688,1.948076,1.605297,0.076688,0.182537,1.228191,0.058673,0.139657,0.047735
sample,648,drone,16.189880,7.253785,1.393622,1.952681,1.635670,0.078139,0.185991,1.202669,0.057453,0.136755,0.047735
sample,649,drone,16.214864,7.295027,1.395592,1.957370,1.665393,0.079558,0.189371,1.176125,0.056185,0.133736,0.047735
sample,650,drone,16.239849,7.337003,1.397597,1.962143,1.694440,0.080946,0.192674,1.148589,0.054870,0.130605,0.047735
sample,651,drone,16.264833,7.379696,1.399637,1.966998,1.722786,0.082300,0.195897,1.120094,0.053509,0.127365,0.047735
sample,652,drone,16.289817,7.423088,1.401710,1.971932,1.750409,0.083620,0.199038,1.090671,0.052103,0.124020,0.047735
sample,653,drone,16.314802,7.467161,1.403815,1.976944,1.777286,0.084904,0.202094,1.060352,0.050655,0.120572,0.047735
sample,654,drone,16.339786,7.511897,1.405952,1.982030,1.803394,0.086151,0.205063,1.029167,0.049165,0.117026,0.047735
sample,655,drone,16.364771,7.557275,1.408120,1.987190,1.828712,0.087361,0.207942,0.997150,0.047635,0.113385,0.047735
sample,656,drone,16.389755,7.603275,1.410318,1.992421,1.853220,0.088531,0.210729,0.964330,0.046068,0.109653,0.047735
sample,657,drone,16.414739,7.649878,1.412544,1.997720,1.876899,0.089662,0.213421,0.930741,0.044463,0.105834,0.047735
sample,658,drone,16.439724,7.697062,1.414798,2.003085,1.899728,0.090753,0.216017,0.896412,0.042823,0.101930,0.047735
sample,659,drone,16.464708,7.744805,1.417079,2.008514,1.921691,0.091802,0.218514,0.861377,0.041149,0.097947,0.047735
sample,660,drone,16.489693,7.793086,1.419385,2.014004,1.942770,0.092809,0.220911,0.825665,0.039443,0.093886,0.047735
sample,661,drone,16.514677,7.841883,1.421716,2.019553,1.962949,0.093773,0.223206,0.789310,0.037707,0.089752,0.047735
sample,662,drone,16.539661,7.891172,1.424071,2.025158,1.982211,0.094693,0.225396,0.752342,0.035941,0.085548,0.047735
sample,663,drone,16.564646,7.940931,1.426448,2.030816,2.000542,0.095569,0.227480,0.714793,0.034147,0.081279,0.047735
sample,664,drone,16.589630,7.991137,1.428846,2.036525,2.017928,0.096400,0.229457,0.676694,0.032327,0.076946,0.047735
sample,665,drone,16.614614,8.041765,1.431265,2.042281,2.034356,0.097184,0.231325,0.638077,0.030482,0.072555,0.047735
sample,666,drone,16.639599,8.092791,1.433703,2.048084,2.049812,0.097923,0.233083,0.598974,0.028614,0.068109,0.047735
sample,667,drone,16.664583,8.144191,1.436158,2.053928,2.064286,0.098614,0.234729,0.559416,0.026724,0.063611,0.047735
sample,668,drone,16.689568,8.195941,1.438630,2.059813,2.077766,0.099258,0.236261,0.519435,0.024814,0.059065,0.047735
sample,669,drone,16.714552,8.248015,1.441118,2.065734,2.090241,0.099854,0.237680,0.479062,0.022886,0.054474,0.047735
sample,670,drone,16.739536,8.300388,1.443620,2.071689,2.101704,0.100402,0.238983,0.438328,0.020940,0.049842,0.047735
sample,671,drone,16.764521,8.353034,1.446135,2.077676,2.112144,0.100901,0.240171,0.397266,0.018978,0.045173,0.047735
sample,672,drone,16.789505,8.405929,1.448662,2.083690,2.121555,0.101350,0.241241,0.355906,0.017002,0.040470,0.047735
sample,673,drone,16.814489,8.459046,1.451199,2.089730,2.129928,0.101750,0.242193,0.314281,0.015014,0.035737,0.047735
sample,674,drone,16.839474,8.512359,1.453746,2.095792,2.137259,0.102100,0.243026,0.272422,0.013014,0.030977,0.047735
sample,675,drone,16.864458,8.565842,1.456301,2.101874,2.143541,0.102400,0.243741,0.230360,0.011005,0.026194,0.047735
sample,676,drone,16.889443,8.619469,1.458863,2.107972,2.148770,0.102650,0.244335,0.188127,0.008987,0.021392,0.047735
sample,677,drone,16.914427,8.673213,1.461430,2.114083,2.152941,0.102849,0.244810,0.145754,0.006963,0.016574,0.047735
sample,678,drone,16.939411,8.727049,1.464002,2.120205,2.156053,0.102998,0.245163,0.103273,0.004934,0.011743,0.047735
sample,679,drone,16.964396,8.780949,1.466577,2.126334,2.158102,0.103096,0.245396,0.060716,0.002901,0.006904,0.047735
sample,680,drone,16.989380,8.834886,1.469154,2.132467,2.159087,0.103143,0.245508,0.018114,0.000865,0.002060,0.047735
sample,681,drone,17.014365,8.888836,1.471731,2.138601,2.159007,0.103139,0.245499,-0.024501,-0.001170,-0.002786,0.047735
sample,682,drone,17.039349,8.942769,1.474307,2.144734,2.157862,0.103085,0.245369,-0.067099,-0.003205,-0.007630,0.047735
sample,683,drone,17.064333,8.996661,1.476882,2.150862,2.155654,0.102979,0.245118,-0.109646,-0.005238,-0.012468,0.047735
sample,684,drone,17.089318,9.050485,1.479453,2.156982,2.152384,0.102823,0.244746,-0.152113,-0.007267,-0.017297,0.047735
sample,685,drone,17.114302,9.104213,1.482020,2.163092,2.148053,0.102616,0.244254,-0.194466,-0.009290,-0.022113,0.047735
sample,686,drone,17.139286,9.157820,1.484581,2.169187,2.142666,0.102359,0.243641,-0.236676,-0.011306,-0.026912,0.047735
sample,687,drone,17.164271,9.211280,1.487135,2.175266,2.136227,0.102051,0.242909,-0.278710,-0.013314,-0.031692,0.047735
sample,688,drone,17.189255,9.264565,1.489680,2.181325,2.128739,0.101693,0.242058,-0.320536,-0.015313,-0.036448,0.047735
sample,689,drone,17.214240,9.317650,1.492216,2.187362,2.120210,0.101286,0.241088,-0.362123,-0.017299,-0.041177,0.047735
sample,690,drone,17.239224,9.370509,1.494741,2.193372,2.110645,0.100829,0.240000,-0.403440,-0.019273,-0.045875,0.047735
sample,691,drone,17.264208,9.423116,1.497254,2.199354,2.100051,0.100323,0.238795,-0.444455,-0.021232,-0.050539,0.047735
sample,692,drone,17.289193,9.475446,1.499754,2.205304,2.088436,0.099768,0.237475,-0.485137,-0.023176,-0.055165,0.047735
sample,693,drone,17.314177,9.527473,1.502240,2.211220,2.075809,0.099165,0.236039,-0.525453,-0.025102,-0.059749,0.047735
sample,694,drone,17.339162,9.579172,1.504709,2.217099,2.062180,0.098514,0.234489,-0.565373,-0.027009,-0.064288,0.047735
sample,695,drone,17.364146,9.630517,1.507162,2.222937,2.047558,0.097815,0.232827,-0.604865,-0.028895,-0.068779,0.047735
sample,696,drone,17.389130,9.681486,1.509597,2.228733,2.031955,0.097070,0.231052,-0.643897,-0.030760,-0.073217,0.047735
sample,697,drone,17.414115,9.732052,1.512013,2.234483,2.015383,0.096278,0.229168,-0.682438,-0.032601,-0.077600,0.047735
sample,698,drone,17.439099,9.782192,1.514408,2.240184,1.997855,0.095441,0.227175,-0.720456,-0.034417,-0.081923,0.047735
sample,699,drone,17.464083,9.831882,1.516782,2.245835,1.979383,0.094558,0.225074,-0.757920,-0.036207,-0.086183,0.047735
sample,700,drone,17.489068,9.881099,1.519133,2.251431,1.959982,0.093631,0.222868,-0.794799,-0.037969,-0.090376,0.047735
sample,701,drone,17.514052,9.929820,1.521460,2.256971,1.939668,0.092661,0.220558,-0.831060,-0.039701,-0.094499,0.047735
sample,702,drone,17.539037,9.978022,1.523763,2.262452,1.918455,0.091648,0.218146,-0.866672,-0.041402,-0.098549,0.047735
sample,703,drone,17.564021,10.025683,1.526040,2.267871,1.896361,0.090592,0.215634,-0.901603,-0.043071,-0.102521,0.047735
sample,704,drone,17.589005,10.072781,1.528290,2.273227,1.873403,0.089495,0.213024,-0.935823,-0.044706,-0.106412,0.047735
sample,705,drone,17.613990,10.119294,1.530512,2.278516,1.849599,0.088358,0.210317,-0.969299,-0.046305,-0.110218,0.047735
sample,706,drone,17.638974,10.165203,1.532705,2.283736,1.824969,0.087182,0.207516,-1.002001,-0.047867,-0.113937,0.047735
sample,707,drone,17.663959,10.210486,1.534868,2.288885,1.799531,0.085966,0.204624,-1.033895,-0.049391,-0.117564,0.047735
sample,708,drone,17.688943,10.255123,1.537001,2.293961,1.773306,0.084714,0.201642,-1.064952,-0.050874,-0.121095,0.047735
sample,709,drone,17.713927,10.299096,1.539101,2.298961,1.746316,0.083424,0.198573,-1.095139,-0.052317,-0.124528,0.047735
sample,710,drone,17.738912,10.342385,1.541169,2.303883,1.718583,0.082099,0.195419,-1.124425,-0.053716,-0.127858,0.047735
sample,711,drone,17.763896,10.384971,1.543204,2.308726,1.690130,0.080740,0.192184,-1.152778,-0.055070,-0.131082,0.047735
sample,712,drone,17.788880,10.426838,1.545204,2.313487,1.660980,0.079348,0.188869,-1.180167,-0.056378,-0.134196,0.047735
sample,713,drone,17.813865,10.467968,1.547169,2.318164,1.631159,0.077923,0.185478,-1.206560,-0.057639,-0.137197,0.047735
sample,714,drone,17.838849,10.508345,1.549097,2.322755,1.600690,0.076468,0.182013,-1.231926,-0.058851,-0.140082,0.047735
sample,715,drone,17.863834,10.547953,1.550990,2.327258,1.569601,0.074982,0.178478,-1.256233,-0.060012,-0.142846,0.047735
sample,716,drone,17.888818,10.586776,1.552844,2.331673,1.537918,0.073469,0.174876,-1.279450,-0.061121,-0.145485,0.047735
sample,717,drone,17.913802,10.624801,1.554661,2.335997,1.505668,0.071928,0.171209,-1.301545,-0.062177,-0.147998,0.047735
sample,718,drone,17.938787,10.662013,1.556438,2.340228,1.472881,0.070362,0.167480,-1.322486,-0.063177,-0.150379,0.047735
sample,719,drone,17.963771,10.698399,1.558177,2.344366,1.439585,0.068771,0.163694,-1.342242,-0.064121,-0.152626,0.047735
sample,720,drone,17.988755,10.733947,1.559875,2.348408,1.405811,0.067158,0.159854,-1.360782,-0.065007,-0.154734,0.047735
sample,721,drone,18.013740,10.768645,1.561532,2.352353,1.371589,0.065523,0.155963,-1.378074,-0.065833,-0.156700,0.047735
sample,722,drone,18.038724,10.802484,1.563149,2.356201,1.336950,0.063868,0.152024,-1.394086,-0.066598,-0.158521,0.047735
sample,723,drone,18.063709,10.835451,1.564724,2.359950,1.301928,0.062195,0.148041,-1.408787,-0.067300,-0.160192,0.047735
sample,724,drone,18.088693,10.867539,1.566257,2.363598,1.266555,0.060505,0.144019,-1.422146,-0.067938,-0.161711,0.047735
sample,725,drone,18.113677,10.898739,1.567747,2.367146,1.230865,0.058800,0.139961,-1.434130,-0.068511,-0.163074,0.047735
sample,726,drone,18.138662,10.929044,1.569195,2.370592,1.194893,0.057082,0.135871,-1.444709,-0.069016,-0.164277,0.047735
sample,727,drone,18.163646,10.958447,1.570600,2.373935,1.158675,0.055352,0.131752,-1.453850,-0.069453,-0.165316,0.047735
sample,728,drone,18.188631,10.986942,1.571961,2.377176,1.122246,0.053611,0.127610,-1.461522,-0.069819,-0.166189,0.047735
sample,729,drone,18.213615,11.014524,1.573278,2.380312,1.085644,0.051863,0.123448,-1.467694,-0.070114,-0.166891,0.047735
sample,730,drone,18.238599,11.041190,1.574552,2.383344,1.048907,0.050108,0.119271,-1.472335,-0.070336,-0.167418,0.047735
sample,731,drone,18.263584,11.066937,1.575782,2.386272,1.012073,0.048348,0.115082,-1.475411,-0.070483,-0.167768,0.047735
sample,732,drone,18.288568,11.091762,1.576968,2.389095,0.975183,0.046586,0.110887,-1.476893,-0.070554,-0.167937,0.047735
sample,733,drone,18.313552,11.115665,1.578110,2.391813,0.938275,0.044823,0.106691,-1.476749,-0.070547,-0.167920,0.047735
sample,734,drone,18.338537,11.138646,1.579208,2.394426,0.901391,0.043061,0.102497,-1.474946,-0.070461,-0.167715,0.047735
sample,735,drone,18.363521,11.160707,1.580262,2.396934,0.864574,0.041302,0.098310,-1.471454,-0.070294,-0.167318,0.047735
sample,736,drone,18.388506,11.181848,1.581272,2.399338,0.827865,0.039548,0.094136,-1.466240,-0.070045,-0.166725,0.047735
sample,737,drone,18.413490,11.202074,1.582238,2.401638,0.791308,0.037802,0.089979,-1.459274,-0.069712,-0.165933,0.047735
sample,738,drone,18.438474,11.221389,1.583161,2.403834,0.754947,0.036065,0.085845,-1.450524,-0.069294,-0.164938,0.047735
sample,739,drone,18.463459,11.239798,1.584040,2.405928,0.718827,0.034339,0.081737,-1.439958,-0.068789,-0.163737,0.047735
sample,740,drone,18.488443,11.257308,1.584877,2.407919,0.682994,0.032628,0.077663,-1.427545,-0.068196,-0.162325,0.047735
sample,741,drone,18.513428,11.273926,1.585670,2.409808,0.647494,0.030932,0.073626,-1.413254,-0.067513,-0.160700,0.047735
sample,742,drone,18.538412,11.289662,1.586422,2.411598,0.612375,0.029254,0.069633,-1.397051,-0.066739,-0.158858,0.047735
sample,743,drone,18.563396,11.304526,1.587132,2.413288,0.577685,0.027597,0.065688,-1.378907,-0.065873,-0.156795,0.047735
sample,744,drone,18.588381,11.318528,1.587801,2.414880,0.543473,0.025963,0.061798,-1.358790,-0.064912,-0.154507,0.047735
sample,745,drone,18.613365,11.331682,1.588430,2.416376,0.509788,0.024353,0.057968,-1.336668,-0.063855,-0.151992,0.047735
sample,746,drone,18.638349,11.344002,1.589018,2.417777,0.476681,0.022772,0.054203,-1.312509,-0.062701,-0.149245,0.047735
sample,747,drone,18.663334,11.355502,1.589567,2.419084,0.444203,0.021220,0.050510,-1.286282,-0.061448,-0.146262,0.047735
sample,748,drone,18.688318,11.366198,1.590078,2.420301,0.412407,0.019701,0.046895,-1.257956,-0.060095,-0.143041,0.047735
sample,749,drone,18.713303,11.376109,1.590552,2.421428,0.381345,0.018217,0.043363,-1.227498,-0.058640,-0.139578,0.047735
sample,750,drone,18.738287,11.385253,1.590989,2.422467,0.351071,0.016771,0.039920,-1.194878,-0.057081,-0.135869,0.047735
sample,751,drone,18.763271,11.393652,1.591390,2.423422,0.321638,0.015365,0.036573,-1.160064,-0.055418,-0.131910,0.047735
sample,752,drone,18.788256,11.401325,1.591757,2.424295,0.293104,0.014002,0.033329,-1.123024,-0.053649,-0.127698,0.047735
sample,753,drone,18.813240,11.408298,1.592090,2.425088,0.265522,0.012684,0.030192,-1.083727,-0.051771,-0.123230,0.047735
sample,754,drone,18.838224,11.414593,1.592390,2.425804,0.238951,0.011415,0.027171,-1.042141,-0.049785,-0.118501,0.047735
sample,755,drone,18.863209,11.420238,1.592660,2.426445,0.213448,0.010197,0.024271,-0.998235,-0.047687,-0.113509,0.047735
sample,756,drone,18.888193,11.425259,1.592900,2.427016,0.189071,0.009032,0.021499,-0.951977,-0.045477,-0.108249,0.047735
sample,757,drone,18.913178,11.429685,1.593111,2.427520,0.165879,0.007924,0.018862,-0.903336,-0.043154,-0.102718,0.047735
sample,758,drone,18.938162,11.433548,1.593296,2.427959,0.143932,0.006876,0.016366,-0.852280,-0.040715,-0.096912,0.047735
sample,759,drone,18.963146,11.436877,1.593455,2.428338,0.123291,0.005890,0.014019,-0.798777,-0.038159,-0.090828,0.047735
sample,760,drone,18.988131,11.439708,1.593590,2.428659,0.104018,0.004969,0.011828,-0.742797,-0.035485,-0.084463,0.047735
sample,761,drone,19.013115,11.442075,1.593703,2.428929,0.086175,0.004117,0.009799,-0.684307,-0.032690,-0.077812,0.047735
sample,762,drone,19.038100,11.444014,1.593796,2.429149,0.069824,0.003336,0.007940,-0.623276,-0.029775,-0.070872,0.047735
sample,763,drone,19.063084,11.445564,1.593870,2.429325,0.055030,0.002629,0.006257,-0.559672,-0.026736,-0.063640,0.047735
sample,764,drone,19.088068,11.446764,1.593927,2.429462,0.041858,0.002000,0.004760,-0.493464,-0.023574,-0.056111,0.047735
sample,765,drone,19.113053,11.447656,1.593970,2.429563,0.030373,0.001451,0.003454,-0.424620,-0.020285,-0.048283,0.047735
sample,766,drone,19.138037,11.448282,1.594000,2.429634,0.020640,0.000986,0.002347,-0.353110,-0.016869,-0.040152,0.047735
sample,767,drone,19.163021,11.448687,1.594019,2.429680,0.012728,0.000608,0.001447,-0.278900,-0.013324,-0.031714,0.047735
sample,768,drone,19.188006,11.448918,1.594030,2.429707,0.006704,0.000320,0.000762,-0.201961,-0.009648,-0.022965,0.047735
sample,769,drone,19.212990,11.449022,1.594035,2.429719,0.002636,0.000126,0.000300,-0.122944,-0.005914,-0.013980,0.047735
sample,770,drone,19.237975,11.449050,1.594036,2.429722,0.000561,0.000025,0.000064,-0.057038,-0.003739,-0.006492,0.044124
sample,771,drone,19.262959,11.449050,1.594036,2.429722,-0.000214,-0.000061,-0.000025,-0.032241,-0.006061,-0.003695,-2.864207
sample,772,drone,19.287943,11.449039,1.594033,2.429720,-0.001051,-0.000278,-0.000121,-0.048590,-0.012777,-0.005593,-2.882807
sample,773,drone,19.312928,11.448998,1.594022,2.429716,-0.002642,-0.000699,-0.000304,-0.079018,-0.020918,-0.009096,-2.882807
sample,774,drone,19.337912,11.448907,1.593998,2.429705,-0.004999,-0.001323,-0.000575,-0.109357,-0.028949,-0.012589,-2.882807
sample,775,drone,19.362897,11.448748,1.593956,2.429687,-0.008106,-0.002146,-0.000933,-0.139066,-0.036814,-0.016009,-2.882808
sample,776,drone,19.387881,11.448502,1.593891,2.429659,-0.011948,-0.003163,-0.001375,-0.168150,-0.044513,-0.019356,-2.882808
sample,777,drone,19.412865,11.448151,1.593798,2.429618,-0.016508,-0.004370,-0.001900,-0.196613,-0.052047,-0.022633,-2.882808
sample,778,drone,19.437850,11.447677,1.593673,2.429564,-0.021772,-0.005764,-0.002506,-0.224458,-0.059419,-0.025838,-2.882808
sample,779,drone,19.462834,11.447063,1.593510,2.429493,-0.027724,-0.007339,-0.003191,-0.251691,-0.066628,-0.028973,-2.882808
sample,780,drone,19.487818,11.446292,1.593306,2.429404,-0.034349,-0.009093,-0.003954,-0.278316,-0.073676,-0.032038,-2.882808
sample,781,drone,19.512803,11.445346,1.593056,2.429295,-0.041631,-0.011021,-0.004792,-0.304337,-0.080564,-0.035034,-2.882808
sample,782,drone,19.537787,11.444211,1.592755,2.429165,-0.049556,-0.013119,-0.005705,-0.329758,-0.087294,-0.037960,-2.882808
sample,783,drone,19.562772,11.442870,1.592400,2.429010,-0.058109,-0.015383,-0.006689,-0.354583,-0.093866,-0.040818,-2.882808
sample,784,drone,19.587756,11.441308,1.591987,2.428830,-0.067275,-0.017809,-0.007744,-0.378818,-0.100281,-0.043607,-2.882808
sample,785,drone,19.612740,11.439509,1.591511,2.428623,-0.077038,-0.020394,-0.008868,-0.402466,-0.106541,-0.046330,-2.882808
sample,786,drone,19.637725,11.437458,1.590968,2.428387,-0.087385,-0.023133,-0.010059,-0.425531,-0.112647,-0.048985,-2.882808
sample,787,drone,19.662709,11.435142,1.590355,2.428121,-0.098301,-0.026022,-0.011316,-0.448018,-0.118600,-0.051573,-2.882808
sample,788,drone,19.687694,11.432546,1.589667,2.427822,-0.109772,-0.029059,-0.012636,-0.469931,-0.124401,-0.054096,-2.882808
sample,789,drone,19.712678,11.429657,1.588903,2.427489,-0.121783,-0.032239,-0.014019,-0.491275,-0.130051,-0.056553,-2.882808
sample,790,drone,19.737662,11.426461,1.588056,2.427121,-0.134321,-0.035557,-0.015462,-0.512053,-0.135551,-0.058945,-2.882808
sample,791,drone,19.762647,11.422945,1.587126,2.426717,-0.147370,-0.039012,-0.016964,-0.532270,-0.140903,-0.061272,-2.882808
sample,792,drone,19.787631,11.419097,1.586107,2.426274,-0.160917,-0.042598,-0.018524,-0.551931,-0.146108,-0.063535,-2.882808
sample,793,drone,19.812615,11.414904,1.584997,2.425791,-0.174949,-0.046313,-0.020139,-0.571039,-0.151166,-0.065735,-2.882808
sample,794,drone,19.837600,11.410355,1.583793,2.425267,-0.189452,-0.050152,-0.021809,-0.589598,-0.156079,-0.067871,-2.882808
sample,795,drone,19.862584,11.405438,1.582491,2.424701,-0.204411,-0.054112,-0.023531,-0.607615,-0.160848,-0.069945,-2.882808
sample,796,drone,19.887569,11.400141,1.581089,2.424092,-0.219813,-0.058189,-0.025304,-0.625091,-0.165475,-0.071957,-2.882808
sample,797,drone,19.912553,11.394454,1.579584,2.423437,-0.235646,-0.062380,-0.027126,-0.642032,-0.169960,-0.073907,-2.882808
sample,798,drone,19.937537,11.388366,1.577972,2.422736,-0.251895,-0.066682,-0.028997,-0.658443,-0.174304,-0.075796,-2.882808
sample,799,drone,19.962522,11.381867,1.576252,2.421988,-0.268547,-0.071090,-0.030914,-0.674326,-0.178508,-0.077625,-2.882808
sample,800,drone,19.987506,11.374947,1.574420,2.421191,-0.285590,-0.075602,-0.032876,-0.689688,-0.182575,-0.079393,-2.882808
sample,801,drone,20.012490,11.367596,1.572474,2.420345,-0.303010,-0.080213,-0.034881,-0.704531,-0.186504,-0.081102,-2.882808
sample,802,drone,20.037475,11.359806,1.570411,2.419448,-0.320795,-0.084921,-0.036928,-0.718860,-0.190298,-0.082751,-2.882808
sample,803,drone,20.062459,11.351567,1.568230,2.418500,-0.338931,-0.089722,-0.039016,-0.732681,-0.193956,-0.084342,-2.882808
sample,804,drone,20.087444,11.342870,1.565928,2.417499,-0.357406,-0.094613,-0.041143,-0.745995,-0.197481,-0.085875,-2.882808
sample,805,drone,20.112428,11.333707,1.563503,2.416444,-0.376207,-0.099590,-0.043307,-0.758809,-0.200873,-0.087350,-2.882808
sample,806,drone,20.137412,11.324071,1.560952,2.415335,-0.395323,-0.104650,-0.045507,-0.771127,-0.204134,-0.088768,-2.882808
sample,807,drone,20.162397,11.313954,1.558273,2.414170,-0.414739,-0.109790,-0.047742,-0.782952,-0.207264,-0.090129,-2.882808
sample,808,drone,20.187381,11.303347,1.555466,2.412949,-0.434446,-0.115007,-0.050011,-0.794289,-0.210265,-0.091434,-2.882808
sample,809,drone,20.212366,11.292245,1.552527,2.411671,-0.454429,-0.120297,-0.052311,-0.805143,-0.213138,-0.092683,-2.882808
sample,810,drone,20.237350,11.280640,1.549455,2.410335,-0.474678,-0.125657,-0.054642,-0.815517,-0.215885,-0.093878,-2.882808
sample,811,drone,20.262334,11.268526,1.546248,2.408941,-0.495179,-0.131084,-0.057002,-0.825416,-0.218505,-0.095017,-2.882808
sample,812,drone,20.287319,11.255896,1.542905,2.407487,-0.515923,-0.136576,-0.059390,-0.834844,-0.221001,-0.096103,-2.882808
sample,813,drone,20.312303,11.242746,1.539423,2.405973,-0.536896,-0.142128,-0.061804,-0.843806,-0.223373,-0.097134,-2.882808
sample,814,drone,20.337287,11.229068,1.535803,2.404399,-0.558087,-0.147737,-0.064244,-0.852305,-0.225623,-0.098113,-2.882808
sample,815,drone,20.362272,11.214859,1.532041,2.402763,-0.579484,-0.153402,-0.066707,-0.860347,-0.227752,-0.099038,-2.882808
sample,816,drone,20.387256,11.200112,1.528137,2.401065,-0.601077,-0.159118,-0.069193,-0.867935,-0.229761,-0.099912,-2.882808
sample,817,drone,20.412241,11.184824,1.524090,2.399305,-0.622854,-0.164883,-0.071699,-0.875074,-0.231650,-0.100734,-2.882808
sample,818,drone,20.437225,11.168989,1.519898,2.397483,-0.644803,-0.170693,-0.074226,-0.881767,-0.233422,-0.101504,-2.882808
sample,819,drone,20.462209,11.152604,1.515561,2.395596,-0.666915,-0.176546,-0.076771,-0.888020,-0.235078,-0.102224,-2.882808
sample,820,drone,20.487194,11.135664,1.511076,2.393646,-0.689177,-0.182440,-0.079334,-0.893837,-0.236617,-0.102893,-2.882808
sample,821,drone,20.512178,11.118167,1.506444,2.391632,-0.711579,-0.188370,-0.081913,-0.899221,-0.238043,-0.103513,-2.882808
sample,822,drone,20.537163,11.100107,1.501664,2.389553,-0.734110,-0.194334,-0.084507,-0.904178,-0.239355,-0.104084,-2.882808
sample,823,drone,20.562147,11.081484,1.496734,2.387410,-0.756759,-0.200330,-0.087114,-0.908711,-0.240555,-0.104606,-2.882808
sample,824,drone,20.587131,11.062293,1.491654,2.385200,-0.779517,-0.206355,-0.089734,-0.912825,-0.241644,-0.105079,-2.882808
sample,825,drone,20.612116,11.042532,1.486423,2.382926,-0.802372,-0.212405,-0.092365,-0.916524,-0.242623,-0.105505,-2.882808
sample,826,drone,20.637100,11.022200,1.481040,2.380585,-0.825314,-0.218478,-0.095006,-0.919812,-0.243494,-0.105884,-2.882808
sample,827,drone,20.662084,11.001293,1.475505,2.378178,-0.848334,-0.224572,-0.097655,-0.922694,-0.244257,-0.106215,-2.882808
sample,828,drone,20.687069,10.979809,1.469818,2.375705,-0.871420,-0.230683,-0.100313,-0.925174,-0.244913,-0.106501,-2.882808
sample,829,drone,20.712053,10.957749,1.463979,2.373166,-0.894564,-0.236810,-0.102977,-0.927256,-0.245464,-0.106740,-2.882808
sample,830,drone,20.737038,10.935109,1.457985,2.370560,-0.917754,-0.242949,-0.105647,-0.928944,-0.245911,-0.106935,-2.882808
sample,831,drone,20.762022,10.911890,1.451839,2.367887,-0.940982,-0.249098,-0.108321,-0.930244,-0.246255,-0.107084,-2.882808
sample,832,drone,20.787006,10.888089,1.445538,2.365147,-0.964237,-0.255254,-0.110998,-0.931158,-0.246497,-0.107190,-2.882808
sample,833,drone,20.811991,10.863708,1.439084,2.362340,-0.987511,-0.261415,-0.113677,-0.931692,-0.246639,-0.107251,-2.882808
sample,834,drone,20.836975,10.838745,1.432476,2.359467,-1.010793,-0.267578,-0.116357,-0.931850,-0.246680,-0.107269,-2.882808
sample,835,drone,20.861959,10.813200,1.425713,2.356526,-1.034074,-0.273741,-0.119037,-0.931636,-0.246624,-0.107245,-2.882808
sample,836,drone,20.886944,10.787073,1.418797,2.353519,-1.057345,-0.279902,-0.121716,-0.931054,-0.246470,-0.107178,-2.882808
sample,837,drone,20.911928,10.760366,1.411727,2.350444,-1.080598,-0.286057,-0.124392,-0.930109,-0.246219,-0.107069,-2.882808
sample,838,drone,20.936913,10.733077,1.404503,2.347303,-1.103822,-0.292205,-0.127066,-0.928804,-0.245874,-0.106919,-2.882808
sample,839,drone,20.961897,10.705209,1.397126,2.344095,-1.127009,-0.298343,-0.129735,-0.927145,-0.245435,-0.106728,-2.882808
sample,840,drone,20.986881,10.676762,1.389595,2.340820,-1.150150,-0.304469,-0.132399,-0.925136,-0.244903,-0.106496,-2.882808
sample,841,drone,21.011866,10.647737,1.381912,2.337479,-1.173237,-0.310581,-0.135056,-0.922780,-0.244279,-0.106225,-2.882808
sample,842,drone,21.036850,10.618137,1.374076,2.334072,-1.196260,-0.316675,-0.137707,-0.920082,-0.243565,-0.105915,-2.882808
sample,843,drone,21.061835,10.587962,1.366088,2.330598,-1.219212,-0.322751,-0.140349,-0.917047,-0.242762,-0.105565,-2.882808
sample,844,drone,21.086819,10.557214,1.357949,2.327059,-1.242084,-0.328806,-0.142982,-0.913678,-0.241870,-0.105177,-2.882808
sample,845,drone,21.111803,10.525896,1.349658,2.323453,-1.264868,-0.334837,-0.145604,-0.909981,-0.240891,-0.104752,-2.882808
sample,846,drone,21.136788,10.494010,1.341217,2.319783,-1.287555,-0.340843,-0.148216,-0.905958,-0.239826,-0.104289,-2.882808
sample,847,drone,21.161772,10.461559,1.332627,2.316047,-1.310137,-0.346821,-0.150816,-0.901615,-0.238677,-0.103789,-2.882808
sample,848,drone,21.186756,10.428544,1.323887,2.312247,-1.332607,-0.352769,-0.153402,-0.896957,-0.237443,-0.103253,-2.882808
sample,849,drone,21.211741,10.394970,1.314999,2.308382,-1.354957,-0.358686,-0.155975,-0.891986,-0.236127,-0.102680,-2.882808
sample,850,drone,21.236725,10.360839,1.305964,2.304453,-1.377179,-0.364568,-0.158533,-0.886708,-0.234730,-0.102073,-2.882808
sample,851,drone,21.261710,10.326154,1.296782,2.300460,-1.399265,-0.370415,-0.161075,-0.881126,-0.233253,-0.101430,-2.882808
sample,852,drone,21.286694,10.290919,1.287455,2.296404,-1.421207,-0.376224,-0.163601,-0.875246,-0.231696,-0.100753,-2.882808
sample,853,drone,21.311678,10.255138,1.277983,2.292285,-1.443000,-0.381992,-0.166110,-0.869071,-0.230061,-0.100043,-2.882808
sample,854,drone,21.336663,10.218814,1.268367,2.288104,-1.464634,-0.387719,-0.168600,-0.862605,-0.228350,-0.099298,-2.882808
sample,855,drone,21.361647,10.181952,1.258609,2.283861,-1.486103,-0.393403,-0.171072,-0.855854,-0.226563,-0.098521,-2.882808
sample,856,drone,21.386632,10.144556,1.248709,2.279556,-1.507400,-0.399041,-0.173523,-0.848821,-0.224701,-0.097711,-2.882808
sample,857,drone,21.411616,10.106629,1.238669,2.275190,-1.528518,-0.404631,-0.175954,-0.841510,-0.222766,-0.096870,-2.882808
sample,858,drone,21.436600,10.068178,1.228490,2.270763,-1.549449,-0.410172,-0.178364,-0.833927,-0.220758,-0.095997,-2.882808
sample,859,drone,21.461585,10.029205,1.218173,2.266277,-1.570188,-0.415662,-0.180751,-0.826074,-0.218679,-0.095093,-2.882808
sample,860,drone,21.486569,9.989717,1.207720,2.261732,-1.590727,-0.421099,-0.183116,-0.817957,-0.216530,-0.094159,-2.882808
sample,861,drone,21.511553,9.949719,1.197132,2.257127,-1.611060,-0.426482,-0.185456,-0.809579,-0.214313,-0.093194,-2.882808
sample,862,drone,21.536538,9.909215,1.186409,2.252465,-1.631181,-0.431808,-0.187772,-0.800946,-0.212027,-0.092200,-2.882808
sample,863,drone,21.561522,9.868211,1.175555,2.247744,-1.651082,-0.437076,-0.190063,-0.792061,-0.209675,-0.091178,-2.882808
sample,864,drone,21.586507,9.826712,1.164569,2.242967,-1.670759,-0.442285,-0.192328,-0.782928,-0.207258,-0.090126,-2.882808
sample,865,drone,21.611491,9.784725,1.153454,2.238134,-1.690204,-0.447433,-0.194567,-0.773553,-0.204776,-0.089047,-2.882808
sample,866,drone,21.636475,9.742255,1.142212,2.233245,-1.709412,-0.452518,-0.196778,-0.763939,-0.202231,-0.087940,-2.882808
sample,867,drone,21.661460,9.699308,1.130843,2.228301,-1.728377,-0.457538,-0.198961,-0.754090,-0.199623,-0.086807,-2.882808
sample,868,drone,21.686444,9.655890,1.119349,2.223303,-1.747093,-0.462492,-0.201116,-0.744011,-0.196955,-0.085646,-2.882808
sample,869,drone,21.711428,9.612007,1.107732,2.218252,-1.765555,-0.467380,-0.203241,-0.733706,-0.194227,-0.084460,-2.882808
sample,870,drone,21.736413,9.567667,1.095995,2.213148,-1.783756,-0.472198,-0.205336,-0.723179,-0.191441,-0.083248,-2.882808
sample,871,drone,21.761397,9.522875,1.084137,2.207991,-1.801691,-0.476946,-0.207401,-0.712436,-0.188597,-0.082012,-2.882808
sample,872,drone,21.786382,9.477639,1.072162,2.202784,-1.819355,-0.481622,-0.209434,-0.701479,-0.185696,-0.080750,-2.882808
sample,873,drone,21.811366,9.431964,1.060071,2.197526,-1.836743,-0.486225,-0.211436,-0.690313,-0.182741,-0.079465,-2.882808
sample,874,drone,21.836350,9.385859,1.047866,2.192219,-1.853849,-0.490753,-0.213405,-0.678943,-0.179731,-0.078156,-2.882808
sample,875,drone,21.861335,9.339330,1.035549,2.186863,-1.870669,-0.495206,-0.215341,-0.667374,-0.176668,-0.076824,-2.882808
sample,876,drone,21.886319,9.292384,1.023121,2.181458,-1.887197,-0.499581,-0.217243,-0.655608,-0.173553,-0.075470,-2.882808
sample,877,drone,21.911304,9.245029,1.010585,2.176007,-1.903429,-0.503878,-0.219112,-0.643650,-0.170388,-0.074093,-2.882808
sample,878,drone,21.936288,9.197272,0.997943,2.170510,-1.919360,-0.508095,-0.220946,-0.631506,-0.167173,-0.072695,-2.882808
sample,879,drone,21.961272,9.149121,0.985197,2.164967,-1.934985,-0.512231,-0.222745,-0.619178,-0.163910,-0.071276,-2.882808
sample,880,drone,21.986257,9.100583,0.972348,2.159379,-1.950299,-0.516285,-0.224507,-0.606672,-0.160599,-0.069837,-2.882808
sample,881,drone,22.011241,9.051667,0.959398,2.153748,-1.965299,-0.520256,-0.226234,-0.593992,-0.157242,-0.068377,-2.882808
sample,882,drone,22.036225,9.002380,0.946351,2.148075,-1.979980,-0.524143,-0.227924,-0.581141,-0.153840,-0.066898,-2.882808
sample,883,drone,22.061210,8.952730,0.933208,2.142359,-1.994338,-0.527943,-0.229577,-0.568125,-0.150395,-0.065399,-2.882808
sample,884,drone,22.086194,8.902725,0.919970,2.136603,-2.008369,-0.531658,-0.231192,-0.554947,-0.146906,-0.063882,-2.882808
sample,885,drone,22.111179,8.852374,0.906641,2.130807,-2.022068,-0.535284,-0.232769,-0.541613,-0.143376,-0.062347,-2.882808
sample,886,drone,22.136163,8.801685,0.893223,2.124972,-2.035432,-0.538822,-0.234308,-0.528125,-0.139806,-0.060795,-2.882808
sample,887,drone,22.161147,8.750666,0.879717,2.119099,-2.048458,-0.542270,-0.235807,-0.514489,-0.136196,-0.059225,-2.882808
sample,888,drone,22.186132,8.699326,0.866126,2.113189,-2.061141,-0.545627,-0.237267,-0.500708,-0.132548,-0.057639,-2.882808
sample,889,drone,22.211116,8.647673,0.852453,2.107243,-2.073478,-0.548893,-0.238687,-0.486788,-0.128863,-0.056036,-2.882808
sample,890,drone,22.236101,8.595717,0.838699,2.101262,-2.085465,-0.552067,-0.240067,-0.472732,-0.125142,-0.054418,-2.882808
sample,891,drone,22.261085,8.543465,0.824867,2.095247,-2.097099,-0.555146,-0.241406,-0.458544,-0.121386,-0.052785,-2.882808
sample,892,drone,22.286069,8.490927,0.810959,2.089199,-2.108378,-0.558132,-0.242705,-0.444230,-0.117597,-0.051137,-2.882808
sample,893,drone,22.311054,8.438112,0.796978,2.083120,-2.119297,-0.561023,-0.243962,-0.429793,-0.113775,-0.049475,-2.882808
sample,894,drone,22.336038,8.385029,0.782925,2.077009,-2.129854,-0.563817,-0.245177,-0.415237,-0.109922,-0.047800,-2.882808
sample,895,drone,22.361022,8.331686,0.768804,2.070868,-2.140046,-0.566515,-0.246350,-0.400567,-0.106038,-0.046111,-2.882808
sample,896,drone,22.386007,8.278093,0.754617,2.064699,-2.149870,-0.569116,-0.247481,-0.385787,-0.102126,-0.044410,-2.882808
sample,897,drone,22.410991,8.224260,0.740366,2.058502,-2.159323,-0.571618,-0.248569,-0.370902,-0.098185,-0.042696,-2.882808
sample,898,drone,22.435976,8.170195,0.726054,2.052278,-2.168403,-0.574022,-0.249614,-0.355915,-0.094218,-0.040971,-2.882808
sample,899,drone,22.460960,8.115907,0.711683,2.046029,-2.177108,-0.576326,-0.250616,-0.340831,-0.090225,-0.039235,-2.882808
sample,900,drone,22.485944,8.061407,0.697256,2.039755,-2.185434,-0.578531,-0.251575,-0.325655,-0.086208,-0.037488,-2.882808
sample,901,drone,22.510929,8.006704,0.682775,2.033458,-2.193380,-0.580634,-0.252490,-0.310390,-0.082167,-0.035730,-2.882808
sample,902,drone,22.535913,7.951807,0.668242,2.027139,-2.200944,-0.582636,-0.253360,-0.295041,-0.078104,-0.033963,-2.882808
sample,903,drone,22.560898,7.896725,0.653661,2.020798,-2.208123,-0.584537,-0.254187,-0.279612,-0.074019,-0.032187,-2.882808
sample,904,drone,22.585882,7.841469,0.639034,2.014437,-2.214916,-0.586335,-0.254969,-0.264108,-0.069915,-0.030403,-2.882808
sample,905,drone,22.610866,7.786049,0.624363,2.008058,-2.221320,-0.588030,-0.255706,-0.248532,-0.065792,-0.028610,-2.882808
sample,906,drone,22.635851,7.730473,0.609650,2.001660,-2.227335,-0.589623,-0.256398,-0.232890,-0.061651,-0.026809,-2.882808
sample,907,drone,22.660835,7.674752,0.594900,1.995246,-2.232958,-0.591111,-0.257045,-0.217185,-0.057493,-0.025001,-2.882808
sample,908,drone,22.685819,7.618895,0.580113,1.988816,-2.238187,-0.592495,-0.257648,-0.201422,-0.053321,-0.023187,-2.882808
sample,909,drone,22.710804,7.562912,0.565294,1.982371,-2.243022,-0.593775,-0.258204,-0.185604,-0.049133,-0.021366,-2.882808
sample,910,drone,22.735788,7.506814,0.550443,1.975914,-2.247462,-0.594951,-0.258715,-0.169737,-0.044933,-0.019539,-2.882808
sample,911,drone,22.760773,7.450609,0.535565,1.969444,-2.251504,-0.596021,-0.259180,-0.153825,-0.040721,-0.017707,-2.882808
sample,912,drone,22.785757,7.394309,0.520661,1.962963,-2.255148,-0.596985,-0.259600,-0.137871,-0.036497,-0.015871,-2.882808
sample,913,drone,22.810741,7.337922,0.505734,1.956472,-2.258393,-0.597844,-0.259973,-0.121881,-0.032264,-0.014030,-2.882808
sample,914,drone,22.835726,7.281460,0.490787,1.949972,-2.261238,-0.598598,-0.260301,-0.105858,-0.028023,-0.012186,-2.882808
sample,915,drone,22.860710,7.224931,0.475823,1.943465,-2.263683,-0.599245,-0.260582,-0.089806,-0.023774,-0.010338,-2.882808
sample,916,drone,22.885694,7.168346,0.460844,1.936951,-2.265726,-0.599785,-0.260818,-0.073731,-0.019518,-0.008487,-2.882808
sample,917,drone,22.910679,7.111715,0.445852,1.930432,-2.267367,-0.600220,-0.261007,-0.057636,-0.015257,-0.006635,-2.882808
sample,918,drone,22.935663,7.055049,0.430851,1.923909,-2.268606,-0.600548,-0.261149,-0.041526,-0.010993,-0.004780,-2.882808
sample,919,drone,22.960648,6.998356,0.415844,1.917383,-2.269442,-0.600769,-0.261245,-0.025404,-0.006725,-0.002924,-2.882808
sample,920,drone,22.985632,6.941647,0.400832,1.910855,-2.269875,-0.600884,-0.261295,-0.009276,-0.002456,-0.001068,-2.882808
sample,921,drone,23.010616,6.884933,0.385818,1.904326,-2.269906,-0.600892,-0.261299,0.006854,0.001814,0.000789,-2.882808
sample,922,drone,23.035601,6.828223,0.370806,1.897798,-2.269533,-0.600793,-0.261256,0.022983,0.006084,0.002646,-2.882808
sample,923,drone,23.060585,6.771527,0.355797,1.891272,-2.268757,-0.600588,-0.261167,0.039106,0.010352,0.004502,-2.882808
sample,924,drone,23.085570,6.714856,0.340795,1.884748,-2.267579,-0.600276,-0.261031,0.055218,0.014617,0.006356,-2.882808
sample,925,drone,23.110554,6.658219,0.325802,1.878228,-2.265998,-0.599857,-0.260849,0.071315,0.018879,0.008209,-2.882808
sample,926,drone,23.135538,6.601627,0.310821,1.871714,-2.264015,-0.599333,-0.260621,0.087394,0.023135,0.010060,-2.882808
sample,927,drone,23.160523,6.545089,0.295854,1.865205,-2.261631,-0.598701,-0.260346,0.103449,0.027385,0.011908,-2.882808
sample,928,drone,23.185507,6.488616,0.280905,1.858705,-2.258846,-0.597964,-0.260026,0.119477,0.031628,0.013753,-2.882808
sample,929,drone,23.210491,6.432217,0.265975,1.852212,-2.255661,-0.597121,-0.259659,0.135472,0.035862,0.015595,-2.882808
sample,930,drone,23.235476,6.375903,0.251067,1.845730,-2.252077,-0.596172,-0.259246,0.151432,0.040087,0.017432,-2.882808
sample,931,drone,23.260460,6.319684,0.236185,1.839258,-2.248094,-0.595118,-0.258788,0.167351,0.044301,0.019264,-2.882808
sample,932,drone,23.285445,6.263569,0.221330,1.832798,-2.243714,-0.593959,-0.258284,0.183225,0.048503,0.021092,-2.882808
sample,933,drone,23.310429,6.207568,0.206505,1.826352,-2.238939,-0.592694,-0.257734,0.199050,0.052693,0.022914,-2.882808
sample,934,drone,23.335413,6.151692,0.191714,1.819920,-2.233768,-0.591326,-0.257139,0.214822,0.056868,0.024729,-2.882808
sample,935,drone,23.360398,6.095950,0.176958,1.813503,-2.228204,-0.589853,-0.256498,0.230536,0.061028,0.026538,-2.882808
sample,936,drone,23.385382,6.040351,0.162240,1.807103,-2.222248,-0.588276,-0.255813,0.246188,0.065171,0.028340,-2.882808
sample,937,drone,23.410367,5.984907,0.147562,1.800720,-2.215902,-0.586596,-0.255082,0.261774,0.069297,0.030134,-2.882808
sample,938,drone,23.435351,5.929625,0.132928,1.794357,-2.209168,-0.584813,-0.254307,0.277289,0.073404,0.031920,-2.882808
sample,939,drone,23.460335,5.874517,0.118340,1.788013,-2.202047,-0.582928,-0.253487,0.292729,0.077492,0.033697,-2.882808
sample,940,drone,23.485320,5.819592,0.103800,1.781690,-2.194541,-0.580941,-0.252623,0.308090,0.081558,0.035466,-2.882808
sample,941,drone,23.510304,5.764859,0.089311,1.775390,-2.186652,-0.578853,-0.251715,0.323368,0.085602,0.037224,-2.882808
sample,942,drone,23.535288,5.710328,0.074875,1.769112,-2.178382,-0.576664,-0.250763,0.338558,0.089623,0.038973,-2.882808
sample,943,drone,23.560273,5.656008,0.060496,1.762859,-2.169734,-0.574375,-0.249768,0.353656,0.093620,0.040711,-2.882808
sample,944,drone,23.585257,5.601909,0.046175,1.756632,-2.160711,-0.571986,-0.248729,0.368657,0.097591,0.042438,-2.882808
sample,945,drone,23.610242,5.548040,0.031914,1.750431,-2.151313,-0.569498,-0.247647,0.383558,0.101536,0.044153,-2.882808
sample,946,drone,23.635226,5.494410,0.017717,1.744257,-2.141545,-0.566912,-0.246523,0.398354,0.105453,0.045856,-2.882808
sample,947,drone,23.660210,5.441029,0.003586,1.738112,-2.131408,-0.564229,-0.245356,0.413041,0.109341,0.047547,-2.882808
sample,948,drone,23.685195,5.387906,-0.010476,1.731997,-2.120906,-0.561448,-0.244147,0.427614,0.113199,0.049225,-2.882808
sample,949,drone,23.710179,5.335050,-0.024468,1.725913,-2.110040,-0.558572,-0.242896,0.442070,0.117025,0.050889,-2.882808
sample,950,drone,23.735163,5.282470,-0.038388,1.719860,-2.098816,-0.555601,-0.241604,0.456403,0.120819,0.052539,-2.882808
sample,951,drone,23.760148,5.230175,-0.052231,1.713840,-2.087235,-0.552535,-0.240271,0.470610,0.124580,0.054174,-2.882808
sample,952,drone,23.785132,5.178174,-0.065997,1.707854,-2.075300,-0.549376,-0.238897,0.484686,0.128307,0.055794,-2.882808
sample,953,drone,23.810117,5.126475,-0.079683,1.701902,-2.063015,-0.546124,-0.237483,0.498627,0.131997,0.057399,-2.882808
sample,954,drone,23.835101,5.075087,-0.093286,1.695987,-2.050384,-0.542780,-0.236029,0.512429,0.135651,0.058988,-2.882808
sample,955,drone,23.860085,5.024020,-0.106805,1.690108,-2.037410,-0.539345,-0.234535,0.526087,0.139266,0.060560,-2.882808
sample,956,drone,23.885070,4.973280,-0.120237,1.684268,-2.024096,-0.535821,-0.233003,0.539597,0.142843,0.062115,-2.882808
sample,957,drone,23.910054,4.922878,-0.133579,1.678466,-2.010447,-0.532208,-0.231431,0.552955,0.146379,0.063653,-2.882808
sample,958,drone,23.935039,4.872821,-0.146830,1.672703,-1.996466,-0.528507,-0.229822,0.566157,0.149874,0.065173,-2.882808
sample,959,drone,23.960023,4.823117,-0.159988,1.666982,-1.982157,-0.524719,-0.228175,0.579197,0.153326,0.066674,-2.882808
sample,960,drone,23.985007,4.773775,-0.173050,1.661302,-1.967524,-0.520845,-0.226490,0.592073,0.156734,0.068156,-2.882808
sample,961,drone,24.009992,4.724802,-0.186014,1.655664,-1.952572,-0.516887,-0.224769,0.604779,0.160098,0.069619,-2.882808
sample,962,drone,24.034976,4.676207,-0.198878,1.650070,-1.937304,-0.512845,-0.223012,0.617312,0.163415,0.071061,-2.882808
sample,963,drone,24.059960,4.627998,-0.211640,1.644521,-1.921725,-0.508721,-0.221218,0.629666,0.166686,0.072484,-2.882808
sample,964,drone,24.084945,4.580181,-0.224298,1.639016,-1.905840,-0.504516,-0.219390,0.641839,0.169908,0.073885,-2.882808
sample,965,drone,24.109929,4.532765,-0.236850,1.633558,-1.889654,-0.500231,-0.217526,0.653824,0.173081,0.075265,-2.882808
sample,966,drone,24.134914,4.485757,-0.249294,1.628147,-1.873170,-0.495868,-0.215629,0.665619,0.176203,0.076622,-2.882808
sample,967,drone,24.159898,4.439165,-0.261628,1.622783,-1.856393,-0.491427,-0.213698,0.677219,0.179274,0.077958,-2.882808
sample,968,drone,24.184882,4.392996,-0.273850,1.617469,-1.839330,-0.486909,-0.211733,0.688619,0.182292,0.079270,-2.882808
sample,969,drone,24.209867,4.347256,-0.285958,1.612203,-1.821984,-0.482318,-0.209737,0.699815,0.185256,0.080559,-2.882808
sample,970,drone,24.234851,4.301954,-0.297951,1.606988,-1.804361,-0.477652,-0.207708,0.710804,0.188165,0.081824,-2.882808
sample,971,drone,24.259836,4.257095,-0.309826,1.601824,-1.786466,-0.472915,-0.205648,0.721580,0.191017,0.083064,-2.882808
sample,972,drone,24.284820,4.212686,-0.321582,1.596712,-1.768304,-0.468108,-0.203557,0.732139,0.193813,0.084280,-2.882808
sample,973,drone,24.309804,4.168735,-0.333217,1.591653,-1.749882,-0.463231,-0.201437,0.742478,0.196550,0.085470,-2.882808
sample,974,drone,24.334789,4.125247,-0.344729,1.586647,-1.731204,-0.458286,-0.199286,0.752591,0.199227,0.086634,-2.882808
sample,975,drone,24.359773,4.082228,-0.356117,1.581695,-1.712276,-0.453276,-0.197108,0.762474,0.201843,0.087772,-2.882808
sample,976,drone,24.384757,4.039686,-0.367379,1.576798,-1.693104,-0.448200,-0.194901,0.772124,0.204398,0.088883,-2.882808
sample,977,drone,24.409742,3.997626,-0.378513,1.571956,-1.673694,-0.443062,-0.192666,0.781536,0.206889,0.089966,-2.882808
sample,978,drone,24.434726,3.956054,-0.389518,1.567170,-1.654051,-0.437862,-0.190405,0.790705,0.209316,0.091022,-2.882808
sample,979,drone,24.459711,3.914975,-0.400392,1.562441,-1.634183,-0.432603,-0.188118,0.799628,0.211678,0.092049,-2.882808
sample,980,drone,24.484695,3.874396,-0.411135,1.557770,-1.614095,-0.427285,-0.185806,0.808299,0.213974,0.093047,-2.882808
sample,981,drone,24.509679,3.834321,-0.421743,1.553157,-1.593793,-0.421911,-0.183469,0.816715,0.216202,0.094016,-2.882808
sample,982,drone,24.534664,3.794756,-0.432217,1.548603,-1.573285,-0.416482,-0.181108,0.824872,0.218361,0.094955,-2.882808
sample,983,drone,24.559648,3.755706,-0.442554,1.544107,-1.552576,-0.411000,-0.178724,0.832764,0.220450,0.095863,-2.882808
sample,984,drone,24.584632,3.717176,-0.452754,1.539672,-1.531673,-0.405466,-0.176318,0.840389,0.222469,0.096741,-2.882808
sample,985,drone,24.609617,3.679170,-0.462815,1.535297,-1.510582,-0.399883,-0.173890,0.847741,0.224415,0.097587,-2.882808
sample,986,drone,24.634601,3.641694,-0.472736,1.530983,-1.489312,-0.394252,-0.171441,0.854816,0.226288,0.098402,-2.882808
sample,987,drone,24.659586,3.604751,-0.482515,1.526730,-1.467868,-0.388576,-0.168973,0.861610,0.228086,0.099184,-2.882808
sample,988,drone,24.684570,3.568346,-0.492152,1.522539,-1.446258,-0.382855,-0.166485,0.868118,0.229809,0.099933,-2.882808
sample,989,drone,24.709554,3.532483,-0.501646,1.518411,-1.424490,-0.377092,-0.163979,0.874337,0.231456,0.100649,-2.882808
sample,990,drone,24.734539,3.497166,-0.510995,1.514346,-1.402569,-0.371290,-0.161456,0.880262,0.233024,0.101331,-2.882808
sample,991,drone,24.759523,3.462399,-0.520199,1.510343,-1.380504,-0.365449,-0.158916,0.885889,0.234513,0.101979,-2.882808
sample,992,drone,24.784508,3.428184,-0.529256,1.506405,-1.358302,-0.359571,-0.156360,0.891213,0.235923,0.102591,-2.882808
sample,993,drone,24.809492,3.394526,-0.538166,1.502530,-1.335971,-0.353660,-0.153789,0.896230,0.237251,0.103169,-2.882808
sample,994,drone,24.834476,3.361427,-0.546928,1.498720,-1.313519,-0.347716,-0.151205,0.900936,0.238497,0.103711,-2.882808
sample,995,drone,24.859461,3.328891,-0.555541,1.494975,-1.290952,-0.341742,-0.148607,0.905326,0.239659,0.104216,-2.882808
sample,996,drone,24.884445,3.296920,-0.564005,1.491294,-1.268281,-0.335741,-0.145997,0.909397,0.240737,0.104685,-2.882808
sample,997,drone,24.909429,3.265517,-0.572318,1.487679,-1.245511,-0.329713,-0.143376,0.913144,0.241728,0.105116,-2.882808
sample,998,drone,24.934414,3.234683,-0.580480,1.484130,-1.222652,-0.323662,-0.140745,0.916562,0.242633,0.105509,-2.882808
sample,999,drone,24.959398,3.204422,-0.588491,1.480647,-1.199712,-0.317589,-0.138104,0.919648,0.243450,0.105865,-2.882808
sample,1000,drone,24.984383,3.174735,-0.596349,1.477229,-1.176698,-0.311497,-0.135455,0.922397,0.244178,0.106181,-2.882808
sample,1001,drone,25.009367,3.145624,-0.604056,1.473878,-1.153621,-0.305388,-0.132798,0.924804,0.244815,0.106458,-2.882808
sample,1002,drone,25.034351,3.117090,-0.611609,1.470593,-1.130487,-0.299264,-0.130135,0.926866,0.245361,0.106696,-2.882808
sample,1003,drone,25.059336,3.089135,-0.619010,1.467375,-1.107306,-0.293127,-0.127467,0.928578,0.245814,0.106893,-2.882808
sample,1004,drone,25.084320,3.061759,-0.626257,1.464224,-1.084087,-0.286981,-0.124794,0.929936,0.246174,0.107049,-2.882808
sample,1005,drone,25.109305,3.034964,-0.633350,1.461140,-1.060838,-0.280826,-0.122118,0.930935,0.246438,0.107164,-2.882808
sample,1006,drone,25.134289,3.008751,-0.640289,1.458122,-1.037569,-0.274667,-0.119439,0.931572,0.246607,0.107237,-2.882808
sample,1007,drone,25.159273,2.983118,-0.647074,1.455171,-1.014289,-0.268504,-0.116759,0.931842,0.246678,0.107268,-2.882808
sample,1008,drone,25.184258,2.958068,-0.653706,1.452288,-0.991006,-0.262340,-0.114079,0.931740,0.246651,0.107257,-2.882808
sample,1009,drone,25.209242,2.933599,-0.660183,1.449471,-0.967731,-0.256179,-0.111400,0.931263,0.246525,0.107202,-2.882808
sample,1010,drone,25.234226,2.909712,-0.666507,1.446721,-0.944472,-0.250022,-0.108722,0.930406,0.246298,0.107103,-2.882808
sample,1011,drone,25.259211,2.886405,-0.672677,1.444038,-0.921240,-0.243872,-0.106048,0.929164,0.245969,0.106960,-2.882808
sample,1012,drone,25.284195,2.863678,-0.678693,1.441422,-0.898043,-0.237731,-0.103378,0.927534,0.245538,0.106773,-2.882808
sample,1013,drone,25.309180,2.841531,-0.684556,1.438873,-0.874892,-0.231602,-0.100713,0.925511,0.245002,0.106540,-2.882808
sample,1014,drone,25.334164,2.819961,-0.690266,1.436390,-0.851796,-0.225489,-0.098054,0.923092,0.244362,0.106261,-2.882808
sample,1015,drone,25.359148,2.798968,-0.695823,1.433973,-0.828766,-0.219392,-0.095403,0.920270,0.243615,0.105936,-2.882808
sample,1016,drone,25.384133,2.778549,-0.701228,1.431622,-0.805812,-0.213315,-0.092760,0.917043,0.242761,0.105565,-2.882808
sample,1017,drone,25.409117,2.758702,-0.706482,1.429338,-0.782943,-0.207261,-0.090128,0.913406,0.241798,0.105146,-2.882808
sample,1018,drone,25.434102,2.739426,-0.711585,1.427119,-0.760170,-0.201233,-0.087506,0.909355,0.240726,0.104680,-2.882808
sample,1019,drone,25.459086,2.720717,-0.716538,1.424965,-0.737503,-0.195233,-0.084897,0.904885,0.239542,0.104165,-2.882808
sample,1020,drone,25.484070,2.702574,-0.721341,1.422877,-0.714954,-0.189263,-0.082301,0.899993,0.238247,0.103602,-2.882808
sample,1021,drone,25.509055,2.684992,-0.725995,1.420853,-0.692532,-0.183328,-0.079720,0.894673,0.236839,0.102990,-2.882808
sample,1022,drone,25.534039,2.667969,-0.730501,1.418893,-0.670248,-0.177429,-0.077155,0.888921,0.235316,0.102328,-2.882808
sample,1023,drone,25.559023,2.651501,-0.734861,1.416997,-0.648114,-0.171569,-0.074607,0.882734,0.233678,0.101615,-2.882808
sample,1024,drone,25.584008,2.635583,-0.739074,1.415165,-0.626139,-0.165752,-0.072078,0.876107,0.231924,0.100853,-2.882808
sample,1025,drone,25.608992,2.620213,-0.743143,1.413396,-0.604336,-0.159980,-0.069568,0.869035,0.230052,0.100038,-2.882808
sample,1026,drone,25.633977,2.605385,-0.747068,1.411689,-0.582714,-0.154257,-0.067079,0.861515,0.228061,0.099173,-2.882808
sample,1027,drone,25.658961,2.591096,-0.750851,1.410044,-0.561287,-0.148584,-0.064612,0.853542,0.225951,0.098255,-2.882808
sample,1028,drone,25.683945,2.577339,-0.754493,1.408460,-0.540064,-0.142966,-0.062169,0.845111,0.223719,0.097284,-2.882808
sample,1029,drone,25.708930,2.564109,-0.757995,1.406937,-0.519058,-0.137406,-0.059751,0.836219,0.221365,0.096261,-2.882808
sample,1030,drone,25.733914,2.551402,-0.761359,1.405475,-0.498279,-0.131905,-0.057359,0.826861,0.218888,0.095184,-2.882808
sample,1031,drone,25.758898,2.539211,-0.764586,1.404071,-0.477740,-0.126468,-0.054995,0.817033,0.216286,0.094052,-2.882808
sample,1032,drone,25.783883,2.527530,-0.767678,1.402727,-0.457453,-0.121097,-0.052659,0.806731,0.213559,0.092866,-2.882808
sample,1033,drone,25.808867,2.516353,-0.770637,1.401440,-0.437429,-0.115797,-0.050354,0.795950,0.210705,0.091625,-2.882808
sample,1034,drone,25.833852,2.505672,-0.773465,1.400210,-0.417680,-0.110569,-0.048081,0.784685,0.207723,0.090329,-2.882808
sample,1035,drone,25.858836,2.495482,-0.776162,1.399037,-0.398219,-0.105417,-0.045841,0.772934,0.204612,0.088976,-2.882808
sample,1036,drone,25.883820,2.485774,-0.778732,1.397920,-0.379058,-0.100345,-0.043635,0.760691,0.201371,0.087566,-2.882808
sample,1037,drone,25.908805,2.476541,-0.781176,1.396857,-0.360208,-0.095355,-0.041465,0.747951,0.197999,0.086100,-2.882808
sample,1038,drone,25.933789,2.467774,-0.783497,1.395848,-0.341684,-0.090451,-0.039333,0.734712,0.194494,0.084576,-2.882808
sample,1039,drone,25.958774,2.459467,-0.785696,1.394892,-0.323496,-0.085636,-0.037239,0.720968,0.190855,0.082994,-2.882808
sample,1040,drone,25.983758,2.451610,-0.787776,1.393987,-0.305658,-0.080914,-0.035186,0.706715,0.187082,0.081353,-2.882808
sample,1041,drone,26.008742,2.444194,-0.789739,1.393133,-0.288182,-0.076288,-0.033174,0.691949,0.183174,0.079653,-2.882808
sample,1042,drone,26.033727,2.437210,-0.791588,1.392329,-0.271082,-0.071761,-0.031205,0.676666,0.179128,0.077894,-2.882808
sample,1043,drone,26.058711,2.430648,-0.793325,1.391574,-0.254370,-0.067337,-0.029282,0.660861,0.174944,0.076075,-2.882808
sample,1044,drone,26.083695,2.424499,-0.794953,1.390866,-0.238059,-0.063019,-0.027404,0.644530,0.170621,0.074195,-2.882808
sample,1045,drone,26.108680,2.418753,-0.796474,1.390205,-0.222164,-0.058811,-0.025574,0.627669,0.166157,0.072254,-2.882808
sample,1046,drone,26.133664,2.413398,-0.797892,1.389588,-0.206696,-0.054717,-0.023794,0.610273,0.161552,0.070251,-2.882808
sample,1047,drone,26.158649,2.408424,-0.799208,1.389016,-0.191669,-0.050739,-0.022064,0.592338,0.156804,0.068187,-2.882808
sample,1048,drone,26.183633,2.403820,-0.800427,1.388486,-0.177097,-0.046881,-0.020386,0.573860,0.151913,0.066060,-2.882808
sample,1049,drone,26.208617,2.399575,-0.801551,1.387997,-0.162994,-0.043148,-0.018763,0.554835,0.146877,0.063869,-2.882808
sample,1050,drone,26.233602,2.395676,-0.802583,1.387548,-0.149373,-0.039542,-0.017195,0.535258,0.141694,0.061616,-2.882808
sample,1051,drone,26.258586,2.392111,-0.803527,1.387138,-0.136248,-0.036068,-0.015684,0.515124,0.136364,0.059298,-2.882808
sample,1052,drone,26.283571,2.388868,-0.804385,1.386765,-0.123633,-0.032728,-0.014232,0.494431,0.130886,0.056916,-2.882808
sample,1053,drone,26.308555,2.385933,-0.805162,1.386427,-0.111542,-0.029527,-0.012840,0.473172,0.125259,0.054469,-2.882808
sample,1054,drone,26.333539,2.383294,-0.805861,1.386123,-0.099989,-0.026469,-0.011510,0.451345,0.119481,0.051956,-2.882808
sample,1055,drone,26.358524,2.380937,-0.806485,1.385852,-0.088988,-0.023557,-0.010244,0.428944,0.113551,0.049378,-2.882808
sample,1056,drone,26.383508,2.378847,-0.807038,1.385611,-0.078555,-0.020795,-0.009043,0.405966,0.107468,0.046733,-2.882808
sample,1057,drone,26.408492,2.377012,-0.807524,1.385400,-0.068703,-0.018187,-0.007909,0.382406,0.101231,0.044020,-2.882808
sample,1058,drone,26.433477,2.375414,-0.807947,1.385216,-0.059447,-0.015737,-0.006843,0.358260,0.094839,0.041241,-2.882808
sample,1059,drone,26.458461,2.374041,-0.808310,1.385058,-0.050801,-0.013448,-0.005848,0.333523,0.088291,0.038393,-2.882808
sample,1060,drone,26.483446,2.372876,-0.808619,1.384924,-0.042781,-0.011325,-0.004925,0.308192,0.081585,0.035477,-2.882808
sample,1061,drone,26.508430,2.371903,-0.808876,1.384812,-0.035401,-0.009371,-0.004075,0.282262,0.074721,0.032492,-2.882808
sample,1062,drone,26.533414,2.371107,-0.809087,1.384720,-0.028677,-0.007591,-0.003301,0.255728,0.067697,0.029438,-2.882808
sample,1063,drone,26.558399,2.370470,-0.809255,1.384647,-0.022623,-0.005989,-0.002604,0.228586,0.060512,0.026314,-2.882808
sample,1064,drone,26.583383,2.369977,-0.809386,1.384590,-0.017254,-0.004568,-0.001986,0.200833,0.053165,0.023119,-2.882808
sample,1065,drone,26.608367,2.369608,-0.809484,1.384548,-0.012587,-0.003332,-0.001449,0.172463,0.045655,0.019853,-2.882808
sample,1066,drone,26.633352,2.369348,-0.809553,1.384518,-0.008637,-0.002286,-0.000994,0.143473,0.037980,0.016516,-2.882808
sample,1067,drone,26.658336,2.369177,-0.809598,1.384498,-0.005418,-0.001434,-0.000624,0.113858,0.030141,0.013107,-2.882807
sample,1068,drone,26.683321,2.369077,-0.809624,1.384486,-0.002947,-0.000780,-0.000339,0.083614,0.022134,0.009625,-2.882807
sample,1069,drone,26.708305,2.369029,-0.809637,1.384481,-0.001240,-0.000328,-0.000143,0.052863,0.014097,0.006135,-2.882807
sample,1070,drone,26.733289,2.369015,-0.809641,1.384479,-0.000306,-0.000076,-0.000033,0.029394,0.014378,0.006555,-2.898564
sample,1071,drone,26.758274,2.369014,-0.809641,1.384479,0.000229,0.000390,0.000185,0.032476,0.043411,0.020474,1.040466
sample,1072,drone,26.783258,2.369026,-0.809621,1.384488,0.001317,0.002093,0.000990,0.066678,0.105451,0.049881,1.009221
sample,1073,drone,26.808243,2.369080,-0.809536,1.384529,0.003561,0.005659,0.002677,0.112815,0.179314,0.084827,1.009221
sample,1074,drone,26.833227,2.369204,-0.809338,1.384622,0.006954,0.011054,0.005229,0.157710,0.250673,0.118584,1.009221
sample,1075,drone,26.858211,2.369427,-0.808984,1.384790,0.011441,0.018185,0.008603,0.200354,0.318453,0.150648,1.009221
sample,1076,drone,26.883196,2.369776,-0.808430,1.385052,0.016966,0.026966,0.012757,0.240782,0.382712,0.181047,1.009221
sample,1077,drone,26.908180,2.370275,-0.807636,1.385427,0.023473,0.037309,0.017649,0.279031,0.443508,0.209807,1.009221
sample,1078,drone,26.933164,2.370949,-0.806565,1.385934,0.030909,0.049128,0.023241,0.315138,0.500899,0.236956,1.009221
sample,1079,drone,26.958149,2.371820,-0.805181,1.386589,0.039220,0.062338,0.029490,0.349139,0.554942,0.262522,1.009221
sample,1080,drone,26.983133,2.372909,-0.803450,1.387408,0.048355,0.076858,0.036358,0.381071,0.605697,0.286532,1.009221
sample,1081,drone,27.008118,2.374236,-0.801341,1.388406,0.058262,0.092604,0.043808,0.410970,0.653220,0.309014,1.009221
sample,1082,drone,27.033102,2.375820,-0.798823,1.389597,0.068890,0.109498,0.051799,0.438873,0.697570,0.329994,1.009221
sample,1083,drone,27.058086,2.377678,-0.795869,1.390994,0.080191,0.127461,0.060297,0.464816,0.738805,0.349501,1.009221
sample,1084,drone,27.083071,2.379827,-0.792454,1.392610,0.092117,0.146415,0.069264,0.488835,0.776983,0.367562,1.009221
sample,1085,drone,27.108055,2.382281,-0.788553,1.394455,0.104618,0.166286,0.078664,0.510968,0.812162,0.384203,1.009221
sample,1086,drone,27.133040,2.385055,-0.784145,1.396540,0.117649,0.186998,0.088462,0.531250,0.844399,0.399454,1.009221
sample,1087,drone,27.158024,2.388160,-0.779209,1.398875,0.131164,0.208479,0.098624,0.549718,0.873754,0.413340,1.009221
sample,1088,drone,27.183008,2.391609,-0.773727,1.401468,0.145118,0.230658,0.109116,0.566409,0.900283,0.425890,1.009221
sample,1089,drone,27.207993,2.395411,-0.767683,1.404328,0.159467,0.253465,0.119905,0.581359,0.924045,0.437131,1.009221
sample,1090,drone,27.232977,2.399577,-0.761062,1.407460,0.174168,0.276832,0.130959,0.594604,0.945098,0.447091,1.009221
sample,1091,drone,27.257961,2.404114,-0.753850,1.410872,0.189178,0.300691,0.142246,0.606182,0.963500,0.455796,1.009221
sample,1092,drone,27.282946,2.409030,-0.746037,1.414568,0.204458,0.324977,0.153734,0.616128,0.979309,0.463274,1.009221
sample,1093,drone,27.307930,2.414331,-0.737612,1.418553,0.219965,0.349626,0.165395,0.624479,0.992583,0.469554,1.009221
sample,1094,drone,27.332915,2.420021,-0.728567,1.422832,0.235662,0.374575,0.177197,0.631272,1.003379,0.474661,1.009221
sample,1095,drone,27.357899,2.426106,-0.718895,1.427408,0.251509,0.399763,0.189113,0.636542,1.011757,0.478624,1.009221
sample,1096,drone,27.382883,2.432589,-0.708591,1.432282,0.267469,0.425131,0.201114,0.640327,1.017773,0.481470,1.009221
sample,1097,drone,27.407868,2.439472,-0.697651,1.437457,0.283506,0.450620,0.213172,0.642663,1.021486,0.483227,1.009221
sample,1098,drone,27.432852,2.446755,-0.686074,1.442934,0.299582,0.476173,0.225260,0.643587,1.022954,0.483921,1.009221
sample,1099,drone,27.457836,2.454441,-0.673858,1.448713,0.315665,0.501736,0.237352,0.643134,1.022235,0.483581,1.009221
sample,1100,drone,27.482821,2.462529,-0.661003,1.454794,0.331719,0.527253,0.249424,0.641342,1.019386,0.482234,1.009221
sample,1101,drone,27.507805,2.471017,-0.647511,1.461177,0.347712,0.552673,0.261449,0.638247,1.014467,0.479906,1.009221
sample,1102,drone,27.532790,2.479904,-0.633386,1.467859,0.363612,0.577945,0.273404,0.633886,1.007534,0.476627,1.009221
sample,1103,drone,27.557774,2.489186,-0.618632,1.474838,0.379386,0.603019,0.285266,0.628294,0.998646,0.472422,1.009221
sample,1104,drone,27.582758,2.498861,-0.603254,1.482113,0.395007,0.627846,0.297010,0.621509,0.987862,0.467320,1.009221
sample,1105,drone,27.607743,2.508924,-0.587260,1.489679,0.410443,0.652381,0.308617,0.613566,0.975238,0.461348,1.009221
sample,1106,drone,27.632727,2.519370,-0.570656,1.497534,0.425666,0.676577,0.320064,0.604503,0.960832,0.454534,1.009221
sample,1107,drone,27.657712,2.530194,-0.553452,1.505673,0.440649,0.700392,0.331329,0.594356,0.944704,0.446904,1.009221
sample,1108,drone,27.682696,2.541389,-0.535658,1.514090,0.455365,0.723783,0.342395,0.583162,0.926911,0.438487,1.009221
sample,1109,drone,27.707680,2.552948,-0.517285,1.522782,0.469789,0.746709,0.353240,0.570956,0.907510,0.429309,1.009221
sample,1110,drone,27.732665,2.564864,-0.498346,1.531741,0.483895,0.769130,0.363847,0.557776,0.886560,0.419399,1.009221
sample,1111,drone,27.757649,2.577128,-0.478853,1.540963,0.497660,0.791009,0.374197,0.543657,0.864119,0.408783,1.009221
sample,1112,drone,27.782633,2.589731,-0.458820,1.550439,0.511061,0.812309,0.384273,0.528637,0.840245,0.397489,1.009221
sample,1113,drone,27.807618,2.602665,-0.438263,1.560164,0.524075,0.832995,0.394059,0.512751,0.814996,0.385544,1.009221
sample,1114,drone,27.832602,2.615919,-0.417196,1.570130,0.536682,0.853034,0.403538,0.496037,0.788430,0.372977,1.009221
sample,1115,drone,27.857587,2.629482,-0.395638,1.580329,0.548862,0.872392,0.412696,0.478531,0.760604,0.359814,1.009221
sample,1116,drone,27.882571,2.643345,-0.373604,1.590752,0.560594,0.891040,0.421518,0.460269,0.731578,0.346082,1.009221
sample,1117,drone,27.907555,2.657494,-0.351113,1.601391,0.571861,0.908948,0.429989,0.441288,0.701408,0.331810,1.009221
sample,1118,drone,27.932540,2.671920,-0.328185,1.612238,0.582645,0.926089,0.438098,0.421624,0.670153,0.317024,1.009221
sample,1119,drone,27.957524,2.686608,-0.304838,1.623283,0.592929,0.942435,0.445831,0.401314,0.637871,0.301753,1.009221
sample,1120,drone,27.982509,2.701548,-0.281093,1.634516,0.602698,0.957962,0.453176,0.380394,0.604620,0.286023,1.009221
sample,1121,drone,28.007493,2.716725,-0.256970,1.645927,0.611937,0.972647,0.460123,0.358901,0.570458,0.269862,1.009221
sample,1122,drone,28.032477,2.732125,-0.232491,1.657507,0.620632,0.986467,0.466661,0.336871,0.535442,0.253298,1.009221
sample,1123,drone,28.057462,2.747737,-0.207677,1.669246,0.628770,0.999402,0.472780,0.314341,0.499632,0.236357,1.009221
sample,1124,drone,28.082446,2.763544,-0.182552,1.681132,0.636339,1.011433,0.478471,0.291347,0.463084,0.219068,1.009221
sample,1125,drone,28.107430,2.779534,-0.157137,1.693154,0.643328,1.022542,0.483726,0.267926,0.425857,0.201457,1.009221
sample,1126,drone,28.132415,2.795691,-0.131457,1.705303,0.649727,1.032713,0.488538,0.244114,0.388009,0.183553,1.009221
sample,1127,drone,28.157399,2.812000,-0.105534,1.717566,0.655526,1.041931,0.492898,0.219948,0.349598,0.165382,1.009221
sample,1128,drone,28.182384,2.828446,-0.079393,1.729932,0.660717,1.050182,0.496802,0.195464,0.310681,0.146972,1.009221
sample,1129,drone,28.207368,2.845015,-0.053057,1.742390,0.665293,1.057455,0.500242,0.170699,0.271318,0.128350,1.009221
sample,1130,drone,28.232352,2.861690,-0.026553,1.754929,0.669247,1.063739,0.503215,0.145688,0.231565,0.109545,1.009221
sample,1131,drone,28.257337,2.878457,0.000096,1.767536,0.672573,1.069026,0.505716,0.120470,0.191482,0.090583,1.009221
sample,1132,drone,28.282321,2.895298,0.026865,1.780199,0.675267,1.073307,0.507742,0.095079,0.151125,0.071491,1.009221
sample,1133,drone,28.307306,2.912199,0.053728,1.792907,0.677324,1.076577,0.509289,0.069554,0.110553,0.052298,1.009221
sample,1134,drone,28.332290,2.929143,0.080660,1.805647,0.678742,1.078832,0.510355,0.043929,0.069823,0.033031,1.009221
sample,1135,drone,28.357274,2.946115,0.107636,1.818409,0.679519,1.080066,0.510939,0.018242,0.028995,0.013716,1.009221
sample,1136,drone,28.382259,2.963098,0.134630,1.831178,0.679654,1.080280,0.511040,-0.007471,-0.011875,-0.005617,1.009221
sample,1137,drone,28.407243,2.980076,0.161616,1.843945,0.679146,1.079473,0.510658,-0.033173,-0.052727,-0.024943,1.009221
sample,1138,drone,28.432227,2.997034,0.188570,1.856695,0.677996,1.077646,0.509794,-0.058828,-0.093505,-0.044234,1.009221
sample,1139,drone,28.457212,3.013955,0.215465,1.869418,0.676206,1.074801,0.508448,-0.084400,-0.134150,-0.063461,1.009221
sample,1140,drone,28.482196,3.030823,0.242276,1.882102,0.673779,1.070942,0.506623,-0.109851,-0.174604,-0.082599,1.009221
sample,1141,drone,28.507181,3.047623,0.268979,1.894734,0.670717,1.066076,0.504321,-0.135146,-0.214809,-0.101618,1.009221
sample,1142,drone,28.532165,3.064338,0.295547,1.907302,0.667026,1.060209,0.501545,-0.160248,-0.254708,-0.120493,1.009221
sample,1143,drone,28.557149,3.080953,0.321956,1.919795,0.662710,1.053349,0.498300,-0.185121,-0.294241,-0.139195,1.009221
sample,1144,drone,28.582134,3.097453,0.348181,1.932202,0.657775,1.045506,0.494590,-0.209727,-0.333352,-0.157696,1.009221
sample,1145,drone,28.607118,3.113821,0.374199,1.944509,0.652230,1.036691,0.490420,-0.234031,-0.371982,-0.175971,1.009221
sample,1146,drone,28.632102,3.130044,0.399983,1.956707,0.646081,1.026918,0.485797,-0.257996,-0.410073,-0.193990,1.009221
sample,1147,drone,28.657087,3.146105,0.425512,1.968784,0.639338,1.016201,0.480726,-0.281585,-0.447567,-0.211727,1.009221
sample,1148,drone,28.682071,3.161991,0.450762,1.980728,0.632011,1.004554,0.475217,-0.304762,-0.484407,-0.229155,1.009221
sample,1149,drone,28.707056,3.177686,0.475709,1.992530,0.624109,0.991995,0.469276,-0.327491,-0.520533,-0.246245,1.009221
sample,1150,drone,28.732040,3.193177,0.500331,2.004178,0.615646,0.978543,0.462912,-0.349735,-0.555889,-0.262970,1.009221
sample,1151,drone,28.757024,3.208449,0.524605,2.015661,0.606634,0.964218,0.456136,-0.371457,-0.590415,-0.279303,1.009221
sample,1152,drone,28.782009,3.223489,0.548511,2.026970,0.597085,0.949041,0.448956,-0.392622,-0.624055,-0.295217,1.009221
sample,1153,drone,28.806993,3.238285,0.572028,2.038095,0.587015,0.933035,0.441384,-0.413192,-0.656751,-0.310684,1.009221
sample,1154,drone,28.831978,3.252822,0.595134,2.049026,0.576438,0.916224,0.433431,-0.433131,-0.688443,-0.325677,1.009221
sample,1155,drone,28.856962,3.267089,0.617810,2.059753,0.565372,0.898634,0.425110,-0.452402,-0.719074,-0.340167,1.009221
sample,1156,drone,28.881946,3.281073,0.640038,2.070268,0.553832,0.880293,0.416434,-0.470970,-0.748587,-0.354128,1.009221
sample,1157,drone,28.906931,3.294763,0.661797,2.080562,0.541838,0.861228,0.407415,-0.488797,-0.776923,-0.367533,1.009221
sample,1158,drone,28.931915,3.308148,0.683072,2.090626,0.529408,0.841471,0.398068,-0.505848,-0.804023,-0.380353,1.009221
sample,1159,drone,28.956899,3.321217,0.703845,2.100453,0.516561,0.821052,0.388409,-0.522085,-0.829831,-0.392562,1.009221
sample,1160,drone,28.981884,3.333960,0.724099,2.110034,0.503320,0.800005,0.378453,-0.537472,-0.854289,-0.404132,1.009221
sample,1161,drone,29.006868,3.346367,0.743820,2.119363,0.489705,0.778365,0.368215,-0.551973,-0.877337,-0.415035,1.009221
sample,1162,drone,29.031853,3.358430,0.762993,2.128433,0.475738,0.756166,0.357714,-0.565551,-0.898918,-0.425245,1.009221
sample,1163,drone,29.056837,3.370139,0.781605,2.137238,0.461445,0.733447,0.346966,-0.578169,-0.918975,-0.434733,1.009221
sample,1164,drone,29.081821,3.381487,0.799642,2.145771,0.446848,0.710246,0.335991,-0.589792,-0.937449,-0.443472,1.009221
sample,1165,drone,29.106806,3.392468,0.817095,2.154027,0.431974,0.686604,0.324806,-0.600382,-0.954282,-0.451435,1.009221
sample,1166,drone,29.131790,3.403073,0.833951,2.162001,0.416848,0.662562,0.313433,-0.609904,-0.969416,-0.458594,1.009221
sample,1167,drone,29.156775,3.413297,0.850202,2.169689,0.401497,0.638163,0.301891,-0.618320,-0.982793,-0.464923,1.009221
sample,1168,drone,29.181759,3.423135,0.865839,2.177086,0.385951,0.613453,0.290201,-0.625595,-0.994356,-0.470393,1.009221
sample,1169,drone,29.206743,3.432582,0.880856,2.184190,0.370237,0.588476,0.278386,-0.631691,-1.004045,-0.474976,1.009221
sample,1170,drone,29.231728,3.441635,0.895245,2.190997,0.354386,0.563282,0.266467,-0.636572,-1.011804,-0.478647,1.009221
sample,1171,drone,29.256712,3.450291,0.909002,2.197505,0.338429,0.537918,0.254469,-0.640202,-1.017574,-0.481376,1.009221
sample,1172,drone,29.281696,3.458546,0.922124,2.203712,0.322396,0.512435,0.242414,-0.642545,-1.021297,-0.483137,1.009221
sample,1173,drone,29.306681,3.466400,0.934608,2.209618,0.306321,0.486885,0.230327,-0.643563,-1.022915,-0.483903,1.009221
sample,1174,drone,29.331665,3.473853,0.946453,2.215221,0.290238,0.461321,0.218234,-0.643220,-1.022371,-0.483645,1.009221
sample,1175,drone,29.356650,3.480903,0.957659,2.220523,0.274180,0.435798,0.206160,-0.641480,-1.019605,-0.482337,1.009221
sample,1176,drone,29.381634,3.487553,0.968229,2.225523,0.258184,0.410373,0.194132,-0.638307,-1.014561,-0.479951,1.009221
sample,1177,drone,29.406618,3.493804,0.978165,2.230223,0.242285,0.385102,0.182177,-0.633663,-1.007180,-0.476459,1.009221
sample,1178,drone,29.431603,3.499660,0.987472,2.234626,0.226521,0.360045,0.170324,-0.627512,-0.997404,-0.471834,1.009221
sample,1179,drone,29.456587,3.505123,0.996156,2.238734,0.210929,0.335263,0.158600,-0.619819,-0.985175,-0.466050,1.009221
sample,1180,drone,29.481571,3.510200,1.004225,2.242551,0.195549,0.310817,0.147036,-0.610545,-0.970436,-0.459077,1.009221
sample,1181,drone,29.506556,3.514895,1.011687,2.246081,0.180421,0.286771,0.135661,-0.599656,-0.953127,-0.450889,1.009221
sample,1182,drone,29.531540,3.519215,1.018555,2.249330,0.165585,0.263190,0.124506,-0.587113,-0.933192,-0.441458,1.009221
sample,1183,drone,29.556525,3.523169,1.024839,2.252303,0.151084,0.240141,0.113602,-0.572882,-0.910572,-0.430757,1.009221
sample,1184,drone,29.581509,3.526765,1.030554,2.255007,0.136959,0.217690,0.102981,-0.556925,-0.885209,-0.418759,1.009221
sample,1185,drone,29.606493,3.530012,1.035716,2.257449,0.123255,0.195908,0.092677,-0.539206,-0.857045,-0.405436,1.009221
sample,1186,drone,29.631478,3.532923,1.040343,2.259637,0.110015,0.174865,0.082722,-0.519688,-0.826022,-0.390760,1.009221
sample,1187,drone,29.656462,3.535510,1.044454,2.261582,0.097287,0.154633,0.073151,-0.498335,-0.792083,-0.374705,1.009221
sample,1188,drone,29.681447,3.537785,1.048070,2.263293,0.085114,0.135285,0.063998,-0.475111,-0.755168,-0.357242,1.009221
sample,1189,drone,29.706431,3.539763,1.051214,2.264780,0.073546,0.116898,0.055300,-0.449978,-0.715221,-0.338344,1.009221
sample,1190,drone,29.731415,3.541460,1.053911,2.266056,0.062629,0.099547,0.047092,-0.422901,-0.672183,-0.317985,1.009221
sample,1191,drone,29.756400,3.542892,1.056189,2.267133,0.052414,0.083310,0.039411,-0.393843,-0.625996,-0.296135,1.009221
sample,1192,drone,29.781384,3.544079,1.058074,2.268025,0.042950,0.068266,0.032294,-0.362767,-0.576603,-0.272769,1.009221
sample,1193,drone,29.806368,3.545038,1.059600,2.268747,0.034287,0.054498,0.025781,-0.329637,-0.523944,-0.247858,1.009221
sample,1194,drone,29.831353,3.545792,1.060798,2.269314,0.026478,0.042086,0.019909,-0.294417,-0.467963,-0.221376,1.009221
sample,1195,drone,29.856337,3.546361,1.061703,2.269742,0.019575,0.031114,0.014719,-0.257069,-0.408601,-0.193294,1.009221
sample,1196,drone,29.881322,3.546770,1.062352,2.270049,0.013633,0.021668,0.010250,-0.217558,-0.345800,-0.163585,1.009221
sample,1197,drone,29.906306,3.547043,1.062785,2.270254,0.008704,0.013835,0.006545,-0.175847,-0.279502,-0.132222,1.009221
sample,1198,drone,29.931290,3.547205,1.063044,2.270376,0.004846,0.007702,0.003644,-0.131900,-0.209649,-0.099177,1.009221
sample,1199,drone,29.956275,3.547285,1.063170,2.270436,0.002113,0.003359,0.001589,-0.085693,-0.136237,-0.064449,1.009221
sample,1200,drone,29.981259,3.547311,1.063211,2.270456,0.000564,0.000894,0.000423,-0.038968,-0.065859,-0.031236,1.008428
sample,1201,drone,30.006244,3.547313,1.063215,2.270457,0.000166,0.000068,0.000028,0.002798,-0.018254,-0.009101,0.389396
sample,1202,drone,30.031228,3.547319,1.063215,2.270457,0.000704,-0.000018,-0.000032,0.036539,-0.002369,-0.002359,-0.025176
sample,1203,drone,30.056212,3.547348,1.063214,2.270456,0.001992,-0.000050,-0.000090,0.065958,-0.001661,-0.002969,-0.025176
sample,1204,drone,30.081197,3.547419,1.063212,2.270452,0.003999,-0.000101,-0.000180,0.094459,-0.002379,-0.004251,-0.025176
sample,1205,drone,30.106181,3.547548,1.063209,2.270447,0.006712,-0.000169,-0.000302,0.122412,-0.003083,-0.005510,-0.025176
sample,1206,drone,30.131165,3.547754,1.063204,2.270437,0.010116,-0.000255,-0.000455,0.149821,-0.003773,-0.006743,-0.025176
sample,1207,drone,30.156150,3.548053,1.063196,2.270424,0.014198,-0.000358,-0.000639,0.176689,-0.004449,-0.007952,-0.025176
sample,1208,drone,30.181134,3.548463,1.063186,2.270405,0.018945,-0.000477,-0.000853,0.203020,-0.005112,-0.009138,-0.025176
sample,1209,drone,30.206119,3.549000,1.063172,2.270381,0.024343,-0.000613,-0.001096,0.228817,-0.005762,-0.010299,-0.025176
sample,1210,drone,30.231103,3.549680,1.063155,2.270351,0.030379,-0.000765,-0.001367,0.254083,-0.006398,-0.011436,-0.025176
sample,1211,drone,30.256087,3.550518,1.063134,2.270313,0.037039,-0.000933,-0.001667,0.278823,-0.007021,-0.012549,-0.025176
sample,1212,drone,30.281072,3.551531,1.063109,2.270267,0.044311,-0.001116,-0.001994,0.303039,-0.007631,-0.013639,-0.025176
sample,1213,drone,30.306056,3.552732,1.063079,2.270213,0.052182,-0.001314,-0.002349,0.326735,-0.008228,-0.014706,-0.025176
sample,1214,drone,30.331040,3.554138,1.063043,2.270150,0.060638,-0.001527,-0.002729,0.349914,-0.008811,-0.015749,-0.025176
sample,1215,drone,30.356025,3.555762,1.063002,2.270077,0.069666,-0.001754,-0.003136,0.372581,-0.009382,-0.016769,-0.025176
sample,1216,drone,30.381009,3.557619,1.062955,2.269993,0.079255,-0.001996,-0.003567,0.394738,-0.009940,-0.017766,-0.025176
sample,1217,drone,30.405994,3.559723,1.062902,2.269899,0.089391,-0.002251,-0.004023,0.416389,-0.010485,-0.018741,-0.025176
sample,1218,drone,30.430978,3.562086,1.062843,2.269792,0.100062,-0.002520,-0.004504,0.437537,-0.011018,-0.019693,-0.025176
sample,1219,drone,30.455962,3.564723,1.062777,2.269674,0.111254,-0.002802,-0.005007,0.458186,-0.011538,-0.020622,-0.025176
sample,1220,drone,30.480947,3.567645,1.062703,2.269542,0.122957,-0.003096,-0.005534,0.478339,-0.012045,-0.021529,-0.025176
sample,1221,drone,30.505931,3.570867,1.062622,2.269397,0.135156,-0.003403,-0.006083,0.498001,-0.012540,-0.022414,-0.025176
sample,1222,drone,30.530916,3.574399,1.062533,2.269238,0.147841,-0.003723,-0.006654,0.517173,-0.013023,-0.023277,-0.025176
sample,1223,drone,30.555900,3.578254,1.062436,2.269065,0.160999,-0.004054,-0.007246,0.535860,-0.013494,-0.024118,-0.025176
sample,1224,drone,30.580884,3.582444,1.062330,2.268876,0.174617,-0.004397,-0.007859,0.554065,-0.013952,-0.024938,-0.025176
sample,1225,drone,30.605869,3.586979,1.062216,2.268672,0.188685,-0.004751,-0.008492,0.571792,-0.014399,-0.025735,-0.025176
sample,1226,drone,30.630853,3.591872,1.062093,2.268452,0.203189,-0.005117,-0.009145,0.589044,-0.014833,-0.026512,-0.025176
sample,1227,drone,30.655837,3.597132,1.061960,2.268215,0.218118,-0.005493,-0.009817,0.605825,-0.015256,-0.027267,-0.025176
sample,1228,drone,30.680822,3.602771,1.061818,2.267961,0.233461,-0.005879,-0.010508,0.622138,-0.015666,-0.028001,-0.025176
sample,1229,drone,30.705806,3.608798,1.061667,2.267690,0.249206,-0.006275,-0.011216,0.637986,-0.016065,-0.028715,-0.025176
sample,1230,drone,30.730791,3.615224,1.061505,2.267401,0.265341,-0.006682,-0.011943,0.653373,-0.016453,-0.029407,-0.025176
sample,1231,drone,30.755775,3.622057,1.061333,2.267093,0.281854,-0.007098,-0.012686,0.668303,-0.016829,-0.030079,-0.025176
sample,1232,drone,30.780759,3.629308,1.061150,2.266767,0.298735,-0.007523,-0.013446,0.682778,-0.017193,-0.030731,-0.025176
sample,1233,drone,30.805744,3.636984,1.060957,2.266421,0.315972,-0.007957,-0.014221,0.696803,-0.017547,-0.031362,-0.025176
sample,1234,drone,30.830728,3.645096,1.060753,2.266056,0.333553,-0.008399,-0.015013,0.710381,-0.017889,-0.031973,-0.025176
sample,1235,drone,30.855713,3.653652,1.060537,2.265671,0.351469,-0.008851,-0.015819,0.723516,-0.018219,-0.032564,-0.025176
sample,1236,drone,30.880697,3.662659,1.060310,2.265266,0.369707,-0.009310,-0.016640,0.736210,-0.018539,-0.033136,-0.025176
sample,1237,drone,30.905681,3.672125,1.060072,2.264840,0.388256,-0.009777,-0.017475,0.748467,-0.018848,-0.033687,-0.025176
sample,1238,drone,30.930666,3.682059,1.059822,2.264392,0.407107,-0.010252,-0.018323,0.760291,-0.019145,-0.034219,-0.025176
sample,1239,drone,30.955650,3.692468,1.059560,2.263924,0.426247,-0.010734,-0.019185,0.771686,-0.019432,-0.034732,-0.025176
sample,1240,drone,30.980634,3.703358,1.059286,2.263434,0.445667,-0.011223,-0.020059,0.782654,-0.019708,-0.035226,-0.025176
sample,1241,drone,31.005619,3.714737,1.058999,2.262922,0.465355,-0.011718,-0.020945,0.793199,-0.019974,-0.035700,-0.025176
sample,1242,drone,31.030603,3.726612,1.058700,2.262387,0.485302,-0.012221,-0.021843,0.803325,-0.020229,-0.036156,-0.025176
sample,1243,drone,31.055588,3.738987,1.058388,2.261830,0.505496,-0.012729,-0.022752,0.813035,-0.020473,-0.036593,-0.025176
sample,1244,drone,31.080572,3.751871,1.058064,2.261250,0.525928,-0.013244,-0.023671,0.822332,-0.020708,-0.037012,-0.025176
sample,1245,drone,31.105556,3.765267,1.057727,2.260647,0.546587,-0.013764,-0.024601,0.831221,-0.020931,-0.037412,-0.025176
sample,1246,drone,31.130541,3.779183,1.057376,2.260021,0.567463,-0.014290,-0.025541,0.839704,-0.021145,-0.037794,-0.025176
sample,1247,drone,31.155525,3.793623,1.057013,2.259371,0.588546,-0.014821,-0.026489,0.847785,-0.021349,-0.038157,-0.025176
sample,1248,drone,31.180510,3.808592,1.056636,2.258697,0.609826,-0.015356,-0.027447,0.855467,-0.021542,-0.038503,-0.025176
sample,1249,drone,31.205494,3.824095,1.056245,2.258000,0.631293,-0.015897,-0.028413,0.862754,-0.021726,-0.038831,-0.025176
sample,1250,drone,31.230478,3.840137,1.055841,2.257278,0.652937,-0.016442,-0.029388,0.869650,-0.021899,-0.039141,-0.025176
sample,1251,drone,31.255463,3.856722,1.055424,2.256531,0.674748,-0.016991,-0.030369,0.876158,-0.022063,-0.039434,-0.025176
sample,1252,drone,31.280447,3.873853,1.054992,2.255760,0.696717,-0.017544,-0.031358,0.882281,-0.022217,-0.039710,-0.025176
sample,1253,drone,31.305431,3.891536,1.054547,2.254964,0.718835,-0.018101,-0.032353,0.888023,-0.022362,-0.039968,-0.025176
sample,1254,drone,31.330416,3.909772,1.054088,2.254144,0.741091,-0.018662,-0.033355,0.893387,-0.022497,-0.040210,-0.025176
sample,1255,drone,31.355400,3.928567,1.053614,2.253298,0.763476,-0.019226,-0.034363,0.898376,-0.022623,-0.040434,-0.025176
sample,1256,drone,31.380385,3.947922,1.053127,2.252426,0.785981,-0.019792,-0.035376,0.902995,-0.022739,-0.040642,-0.025176
sample,1257,drone,31.405369,3.967842,1.052625,2.251530,0.808598,-0.020362,-0.036394,0.907247,-0.022846,-0.040834,-0.025176
sample,1258,drone,31.430353,3.988327,1.052110,2.250608,0.831315,-0.020934,-0.037416,0.911135,-0.022944,-0.041009,-0.025176
sample,1259,drone,31.455338,4.009381,1.051579,2.249660,0.854126,-0.021508,-0.038443,0.914662,-0.023033,-0.041167,-0.025176
sample,1260,drone,31.480322,4.031007,1.051035,2.248687,0.877020,-0.022085,-0.039473,0.917833,-0.023112,-0.041310,-0.025176
sample,1261,drone,31.505306,4.053205,1.050476,2.247688,0.899989,-0.022663,-0.040507,0.920650,-0.023183,-0.041437,-0.025176
sample,1262,drone,31.530291,4.075978,1.049902,2.246663,0.923024,-0.023243,-0.041544,0.923117,-0.023246,-0.041548,-0.025176
sample,1263,drone,31.555275,4.099327,1.049314,2.245612,0.946116,-0.023825,-0.042583,0.925237,-0.023299,-0.041643,-0.025176
sample,1264,drone,31.580260,4.123254,1.048712,2.244535,0.969257,-0.024407,-0.043625,0.927015,-0.023344,-0.041723,-0.025176
sample,1265,drone,31.605244,4.147760,1.048095,2.243432,0.992438,-0.024991,-0.044668,0.928453,-0.023380,-0.041788,-0.025176
sample,1266,drone,31.630228,4.172845,1.047463,2.242303,1.015650,-0.025576,-0.045713,0.929554,-0.023408,-0.041838,-0.025176
sample,1267,drone,31.655213,4.198511,1.046817,2.241148,1.038886,-0.026161,-0.046758,0.930324,-0.023427,-0.041872,-0.025176
sample,1268,drone,31.680197,4.224757,1.046156,2.239967,1.062137,-0.026746,-0.047805,0.930764,-0.023438,-0.041892,-0.025176
sample,1269,drone,31.705182,4.251584,1.045480,2.238759,1.085395,-0.027332,-0.048852,0.930878,-0.023441,-0.041897,-0.025176
sample,1270,drone,31.730166,4.278993,1.044790,2.237526,1.108652,-0.027918,-0.049899,0.930670,-0.023436,-0.041888,-0.025176
sample,1271,drone,31.755150,4.306982,1.044085,2.236266,1.131900,-0.028503,-0.050945,0.930143,-0.023422,-0.041864,-0.025176
sample,1272,drone,31.780135,4.335552,1.043366,2.234980,1.155130,-0.029088,-0.051990,0.929301,-0.023401,-0.041826,-0.025176
sample,1273,drone,31.805119,4.364703,1.042632,2.233668,1.178336,-0.029672,-0.053035,0.928148,-0.023372,-0.041774,-0.025176
sample,1274,drone,31.830103,4.394432,1.041883,2.232330,1.201509,-0.030256,-0.054078,0.926685,-0.023335,-0.041708,-0.025176
sample,1275,drone,31.855088,4.424741,1.041120,2.230966,1.224641,-0.030838,-0.055119,0.924918,-0.023291,-0.041629,-0.025176
sample,1276,drone,31.880072,4.455626,1.040342,2.229576,1.247726,-0.031420,-0.056158,0.922850,-0.023239,-0.041536,-0.025176
sample,1277,drone,31.905057,4.487088,1.039550,2.228160,1.270755,-0.032000,-0.057194,0.920484,-0.023179,-0.041429,-0.025176
sample,1278,drone,31.930041,4.519124,1.038743,2.226718,1.293721,-0.032578,-0.058228,0.917823,-0.023112,-0.041310,-0.025176
sample,1279,drone,31.955025,4.551734,1.037922,2.225250,1.316617,-0.033154,-0.059259,0.914871,-0.023038,-0.041177,-0.025176
sample,1280,drone,31.980010,4.584914,1.037087,2.223757,1.339436,-0.033729,-0.060286,0.911632,-0.022956,-0.041031,-0.025176
sample,1281,drone,32.004994,4.618664,1.036237,2.222238,1.362171,-0.034302,-0.061309,0.908108,-0.022868,-0.040872,-0.025176
sample,1282,drone,32.029979,4.652980,1.035373,2.220693,1.384813,-0.034872,-0.062328,0.904304,-0.022772,-0.040701,-0.025176
sample,1283,drone,32.054963,4.687861,1.034494,2.219123,1.407357,-0.035439,-0.063343,0.900223,-0.022669,-0.040517,-0.025176
sample,1284,drone,32.079947,4.723304,1.033602,2.217528,1.429796,-0.036005,-0.064353,0.895869,-0.022559,-0.040321,-0.025176
sample,1285,drone,32.104932,4.759306,1.032695,2.215907,1.452123,-0.036567,-0.065358,0.891244,-0.022443,-0.040113,-0.025176
sample,1286,drone,32.129916,4.795865,1.031774,2.214262,1.474331,-0.037126,-0.066357,0.886352,-0.022320,-0.039893,-0.025176
sample,1287,drone,32.154900,4.832977,1.030840,2.212592,1.496413,-0.037682,-0.067351,0.881197,-0.022190,-0.039661,-0.025176
sample,1288,drone,32.179885,4.870639,1.029892,2.210897,1.518363,-0.038235,-0.068339,0.875782,-0.022054,-0.039417,-0.025176
sample,1289,drone,32.204869,4.908847,1.028929,2.209177,1.540175,-0.038784,-0.069321,0.870111,-0.021911,-0.039162,-0.025176
sample,1290,drone,32.229854,4.947599,1.027954,2.207433,1.561841,-0.039330,-0.070296,0.864188,-0.021762,-0.038896,-0.025176
sample,1291,drone,32.254838,4.986891,1.026964,2.205664,1.583357,-0.039871,-0.071264,0.858014,-0.021606,-0.038618,-0.025176
sample,1292,drone,32.279822,5.026718,1.025961,2.203872,1.604715,-0.040409,-0.072225,0.851595,-0.021445,-0.038329,-0.025176
sample,1293,drone,32.304807,5.067076,1.024945,2.202055,1.625910,-0.040943,-0.073179,0.844934,-0.021277,-0.038029,-0.025176
sample,1294,drone,32.329791,5.107962,1.023915,2.200215,1.646936,-0.041472,-0.074126,0.838033,-0.021103,-0.037718,-0.025176
sample,1295,drone,32.354775,5.149372,1.022873,2.198351,1.667786,-0.041997,-0.075064,0.830898,-0.020923,-0.037397,-0.025176
sample,1296,drone,32.379760,5.191300,1.021817,2.196464,1.688455,-0.042518,-0.075994,0.823530,-0.020738,-0.037066,-0.025176
sample,1297,drone,32.404744,5.233742,1.020748,2.194554,1.708936,-0.043034,-0.076916,0.815933,-0.020546,-0.036724,-0.025176
sample,1298,drone,32.429729,5.276693,1.019666,2.192621,1.729226,-0.043545,-0.077829,0.808111,-0.020350,-0.036372,-0.025176
sample,1299,drone,32.454713,5.320149,1.018572,2.190665,1.749317,-0.044051,-0.078734,0.800068,-0.020147,-0.036010,-0.025176
sample,1300,drone,32.479697,5.364104,1.017465,2.188687,1.769204,-0.044551,-0.079629,0.791807,-0.019939,-0.035638,-0.025176
sample,1301,drone,32.504682,5.408554,1.016346,2.186686,1.788882,-0.045047,-0.080514,0.783331,-0.019725,-0.035256,-0.025176
sample,1302,drone,32.529666,5.453493,1.015214,2.184663,1.808346,-0.045537,-0.081391,0.774644,-0.019507,-0.034865,-0.025176
sample,1303,drone,32.554651,5.498915,1.014071,2.182619,1.827590,-0.046022,-0.082257,0.765749,-0.019283,-0.034465,-0.025176
sample,1304,drone,32.579635,5.544815,1.012915,2.180553,1.846610,-0.046501,-0.083113,0.756649,-0.019054,-0.034055,-0.025176
sample,1305,drone,32.604619,5.591188,1.011747,2.178466,1.865399,-0.046974,-0.083958,0.747349,-0.018819,-0.033637,-0.025176
sample,1306,drone,32.629604,5.638027,1.010568,2.176358,1.883954,-0.047441,-0.084793,0.737852,-0.018580,-0.033209,-0.025176
sample,1307,drone,32.654588,5.685326,1.009376,2.174229,1.902269,-0.047902,-0.085618,0.728161,-0.018336,-0.032773,-0.025176
sample,1308,drone,32.679572,5.733081,1.008174,2.172080,1.920339,-0.048357,-0.086431,0.718279,-0.018087,-0.032328,-0.025176
sample,1309,drone,32.704557,5.781283,1.006960,2.169910,1.938160,-0.048806,-0.087233,0.708211,-0.017834,-0.031875,-0.025176
sample,1310,drone,32.729541,5.829928,1.005735,2.167721,1.955728,-0.049248,-0.088024,0.697959,-0.017576,-0.031414,-0.025176
sample,1311,drone,32.754526,5.879009,1.004499,2.165512,1.973036,-0.049684,-0.088803,0.687527,-0.017313,-0.030944,-0.025176
sample,1312,drone,32.779510,5.928518,1.003253,2.163283,1.990082,-0.050113,-0.089570,0.676919,-0.017046,-0.030467,-0.025176
sample,1313,drone,32.804494,5.978451,1.001995,2.161036,2.006861,-0.050536,-0.090325,0.666137,-0.016774,-0.029982,-0.025176
sample,1314,drone,32.829479,6.028799,1.000727,2.158770,2.023369,-0.050952,-0.091068,0.655186,-0.016499,-0.029489,-0.025176
sample,1315,drone,32.854463,6.079556,0.999449,2.156485,2.039600,-0.051360,-0.091799,0.644069,-0.016219,-0.028988,-0.025176
sample,1316,drone,32.879448,6.130715,0.998161,2.154183,2.055552,-0.051762,-0.092517,0.632789,-0.015935,-0.028481,-0.025176
sample,1317,drone,32.904432,6.182269,0.996863,2.151862,2.071220,-0.052157,-0.093222,0.621350,-0.015647,-0.027966,-0.025176
sample,1318,drone,32.929416,6.234211,0.995555,2.149525,2.086600,-0.052544,-0.093914,0.609756,-0.015355,-0.027444,-0.025176
sample,1319,drone,32.954401,6.286534,0.994237,2.147170,2.101689,-0.052924,-0.094593,0.598009,-0.015059,-0.026915,-0.025176
sample,1320,drone,32.979385,6.339230,0.992910,2.144798,2.116482,-0.053296,-0.095259,0.586113,-0.014759,-0.026380,-0.025176
sample,1321,drone,33.004369,6.392292,0.991574,2.142410,2.130976,-0.053661,-0.095912,0.574072,-0.014456,-0.025838,-0.025176
sample,1322,drone,33.029354,6.445712,0.990229,2.140005,2.145167,-0.054019,-0.096550,0.561890,-0.014149,-0.025290,-0.025176
sample,1323,drone,33.054338,6.499483,0.988875,2.137585,2.159053,-0.054368,-0.097175,0.549569,-0.013839,-0.024735,-0.025176
sample,1324,drone,33.079323,6.553598,0.987512,2.135150,2.172629,-0.054710,-0.097786,0.537113,-0.013525,-0.024175,-0.025176
sample,1325,drone,33.104307,6.608047,0.986141,2.132699,2.185892,-0.055044,-0.098383,0.524525,-0.013208,-0.023608,-0.025176
sample,1326,drone,33.129291,6.662824,0.984762,2.130233,2.198839,-0.055370,-0.098966,0.511810,-0.012888,-0.023036,-0.025176
sample,1327,drone,33.154276,6.717920,0.983374,2.127754,2.211466,-0.055688,-0.099534,0.498971,-0.012565,-0.022458,-0.025176
sample,1328,drone,33.179260,6.773328,0.981979,2.125260,2.223771,-0.055998,-0.100088,0.486010,-0.012238,-0.021874,-0.025176
sample,1329,drone,33.204244,6.829039,0.980576,2.122752,2.235751,-0.056300,-0.100627,0.472932,-0.011909,-0.021286,-0.025176
sample,1330,drone,33.229229,6.885046,0.979166,2.120232,2.247403,-0.056593,-0.101152,0.459739,-0.011577,-0.020692,-0.025176
sample,1331,drone,33.254213,6.941339,0.977748,2.117698,2.258724,-0.056878,-0.101661,0.446436,-0.011242,-0.020093,-0.025176
sample,1332,drone,33.279198,6.997911,0.976324,2.115152,2.269711,-0.057155,-0.102156,0.433026,-0.010904,-0.019490,-0.025176
sample,1333,drone,33.304182,7.054754,0.974892,2.112593,2.280362,-0.057423,-0.102635,0.419513,-0.010564,-0.018882,-0.025176
sample,1334,drone,33.329166,7.111858,0.973454,2.110023,2.290674,-0.057683,-0.103099,0.405899,-0.010221,-0.018269,-0.025176
sample,1335,drone,33.354151,7.169216,0.972010,2.107442,2.300644,-0.057934,-0.103548,0.392188,-0.009876,-0.017652,-0.025176
sample,1336,drone,33.379135,7.226819,0.970559,2.104849,2.310271,-0.058176,-0.103981,0.378385,-0.009528,-0.017030,-0.025176
sample,1337,drone,33.404120,7.284657,0.969103,2.102246,2.319552,-0.058410,-0.104399,0.364491,-0.009178,-0.016405,-0.025176
sample,1338,drone,33.429104,7.342724,0.967641,2.099632,2.328484,-0.058635,-0.104801,0.350511,-0.008826,-0.015776,-0.025176
sample,1339,drone,33.454088,7.401009,0.966173,2.097009,2.337066,-0.058851,-0.105187,0.336448,-0.008472,-0.015143,-0.025176
sample,1340,drone,33.479073,7.459504,0.964700,2.094376,2.345296,-0.059058,-0.105558,0.322306,-0.008116,-0.014506,-0.025176
sample,1341,drone,33.504057,7.518200,0.963222,2.091734,2.353171,-0.059257,-0.105912,0.308088,-0.007758,-0.013867,-0.025176
sample,1342,drone,33.529041,7.577089,0.961739,2.089084,2.360691,-0.059446,-0.106251,0.293798,-0.007398,-0.013223,-0.025176
sample,1343,drone,33.554026,7.636161,0.960251,2.086425,2.367852,-0.059626,-0.106573,0.279439,-0.007037,-0.012577,-0.025176
sample,1344,drone,33.579010,7.695408,0.958759,2.083759,2.374654,-0.059797,-0.106879,0.265014,-0.006673,-0.011928,-0.025176
sample,1345,drone,33.603995,7.754820,0.957263,2.081085,2.381095,-0.059960,-0.107169,0.250527,-0.006309,-0.011276,-0.025176
sample,1346,drone,33.628979,7.814388,0.955763,2.078404,2.387173,-0.060113,-0.107442,0.235982,-0.005942,-0.010621,-0.025176
sample,1347,drone,33.653963,7.874104,0.954260,2.075716,2.392886,-0.060257,-0.107700,0.221381,-0.005575,-0.009964,-0.025176
sample,1348,drone,33.678948,7.933958,0.952752,2.073022,2.398235,-0.060391,-0.107940,0.206729,-0.005206,-0.009305,-0.025176
sample,1349,drone,33.703932,7.993941,0.951242,2.070322,2.403216,-0.060517,-0.108165,0.192029,-0.004836,-0.008643,-0.025176
sample,1350,drone,33.728917,8.054044,0.949728,2.067617,2.407830,-0.060633,-0.108372,0.177284,-0.004464,-0.007979,-0.025176
sample,1351,drone,33.753901,8.114257,0.948212,2.064907,2.412075,-0.060740,-0.108563,0.162498,-0.004092,-0.007314,-0.025176
sample,1352,drone,33.778885,8.174572,0.946693,2.062192,2.415950,-0.060837,-0.108738,0.147674,-0.003719,-0.006647,-0.025176
sample,1353,drone,33.803870,8.234979,0.945172,2.059474,2.419454,-0.060926,-0.108895,0.132816,-0.003345,-0.005978,-0.025176
sample,1354,drone,33.828854,8.295469,0.943649,2.056751,2.422587,-0.061005,-0.109036,0.117927,-0.002970,-0.005308,-0.025176
sample,1355,drone,33.853838,8.356033,0.942124,2.054025,2.425347,-0.061074,-0.109161,0.103011,-0.002594,-0.004636,-0.025176
sample,1356,drone,33.878823,8.416661,0.940597,2.051296,2.427734,-0.061134,-0.109268,0.088071,-0.002218,-0.003964,-0.025176
sample,1357,drone,33.903807,8.477344,0.939069,2.048565,2.429748,-0.061185,-0.109359,0.073111,-0.001841,-0.003291,-0.025176
sample,1358,drone,33.928792,8.538072,0.937540,2.045832,2.431387,-0.061226,-0.109432,0.058133,-0.001464,-0.002616,-0.025176
sample,1359,drone,33.953776,8.598837,0.936010,2.043097,2.432652,-0.061258,-0.109489,0.043143,-0.001086,-0.001942,-0.025176
sample,1360,drone,33.978760,8.659629,0.934479,2.040361,2.433543,-0.061280,-0.109530,0.028142,-0.000709,-0.001267,-0.025176
sample,1361,drone,34.003745,8.720438,0.932948,2.037624,2.434059,-0.061293,-0.109553,0.013135,-0.000331,-0.000591,-0.025176
sample,1362,drone,34.028729,8.781256,0.931416,2.034887,2.434199,-0.061297,-0.109559,-0.001876,0.000047,0.000084,-0.025176
sample,1363,drone,34.053714,8.842072,0.929885,2.032149,2.433965,-0.061291,-0.109549,-0.016885,0.000425,0.000760,-0.025176
sample,1364,drone,34.078698,8.902878,0.928353,2.029413,2.433356,-0.061276,-0.109521,-0.031891,0.000803,0.001435,-0.025176
sample,1365,drone,34.103682,8.963664,0.926823,2.026677,2.432371,-0.061251,-0.109477,-0.046890,0.001181,0.002110,-0.025176
sample,1366,drone,34.128667,9.024420,0.925293,2.023942,2.431013,-0.061217,-0.109416,-0.061878,0.001558,0.002785,-0.025176
sample,1367,drone,34.153651,9.085139,0.923764,2.021209,2.429279,-0.061173,-0.109338,-0.076851,0.001935,0.003459,-0.025176
sample,1368,drone,34.178635,9.145809,0.922236,2.018479,2.427172,-0.061120,-0.109243,-0.091807,0.002312,0.004132,-0.025176
sample,1369,drone,34.203620,9.206421,0.920710,2.015751,2.424692,-0.061058,-0.109131,-0.106741,0.002688,0.004804,-0.025176
sample,1370,drone,34.228604,9.266967,0.919185,2.013026,2.421839,-0.060986,-0.109003,-0.121651,0.003063,0.005475,-0.025176
sample,1371,drone,34.253589,9.327438,0.917662,2.010304,2.418613,-0.060904,-0.108858,-0.136532,0.003438,0.006145,-0.025176
sample,1372,drone,34.278573,9.387823,0.916142,2.007586,2.415016,-0.060814,-0.108696,-0.151382,0.003812,0.006813,-0.025176
sample,1373,drone,34.303557,9.448113,0.914624,2.004872,2.411049,-0.060714,-0.108517,-0.166197,0.004185,0.007480,-0.025176
sample,1374,drone,34.328542,9.508300,0.913108,2.002164,2.406712,-0.060605,-0.108322,-0.180973,0.004557,0.008145,-0.025176
sample,1375,drone,34.353526,9.568373,0.911595,1.999460,2.402006,-0.060486,-0.108110,-0.195707,0.004928,0.008808,-0.025176
sample,1376,drone,34.378510,9.628325,0.910086,1.996761,2.396932,-0.060358,-0.107882,-0.210395,0.005298,0.009470,-0.025176
sample,1377,drone,34.403495,9.688145,0.908579,1.994069,2.391493,-0.060222,-0.107637,-0.225035,0.005667,0.010128,-0.025176
sample,1378,drone,34.428479,9.747825,0.907076,1.991383,2.385688,-0.060075,-0.107376,-0.239622,0.006034,0.010785,-0.025176
sample,1379,drone,34.453464,9.807355,0.905577,1.988704,2.379519,-0.059920,-0.107098,-0.254153,0.006400,0.011439,-0.025176
sample,1380,drone,34.478448,9.866727,0.904082,1.986031,2.372988,-0.059756,-0.106804,-0.268625,0.006764,0.012090,-0.025176
sample,1381,drone,34.503432,9.925930,0.902591,1.983367,2.366096,-0.059582,-0.106494,-0.283033,0.007127,0.012739,-0.025176
sample,1382,drone,34.528417,9.984957,0.901105,1.980710,2.358845,-0.059399,-0.106168,-0.297376,0.007488,0.013384,-0.025176
sample,1383,drone,34.553401,10.043799,0.899623,1.978062,2.351237,-0.059208,-0.105825,-0.311648,0.007848,0.014027,-0.025176
sample,1384,drone,34.578386,10.102446,0.898146,1.975422,2.343272,-0.059007,-0.105467,-0.325848,0.008205,0.014666,-0.025176
sample,1385,drone,34.603370,10.160889,0.896675,1.972792,2.334954,-0.058798,-0.105092,-0.339970,0.008561,0.015301,-0.025176
sample,1386,drone,34.628354,10.219121,0.895208,1.970171,2.326285,-0.058579,-0.104702,-0.354013,0.008915,0.015933,-0.025176
sample,1387,drone,34.653339,10.277131,0.893748,1.967560,2.317265,-0.058352,-0.104296,-0.367971,0.009266,0.016562,-0.025176
sample,1388,drone,34.678323,10.334911,0.892293,1.964959,2.307898,-0.058116,-0.103874,-0.381843,0.009615,0.017186,-0.025176
sample,1389,drone,34.703307,10.392454,0.890844,1.962369,2.298185,-0.057872,-0.103437,-0.395623,0.009962,0.017806,-0.025176
sample,1390,drone,34.728292,10.449749,0.889401,1.959791,2.288129,-0.057619,-0.102985,-0.409310,0.010307,0.018422,-0.025176
sample,1391,drone,34.753276,10.506789,0.887965,1.957223,2.277732,-0.057357,-0.102517,-0.422899,0.010649,0.019034,-0.025176
sample,1392,drone,34.778261,10.563564,0.886535,1.954668,2.266997,-0.057087,-0.102034,-0.436387,0.010989,0.019641,-0.025176
sample,1393,drone,34.803245,10.620068,0.885112,1.952125,2.255926,-0.056808,-0.101535,-0.449771,0.011326,0.020243,-0.025176
sample,1394,drone,34.828229,10.676290,0.883696,1.949594,2.244522,-0.056521,-0.101022,-0.463046,0.011660,0.020841,-0.025176
sample,1395,drone,34.853214,10.732224,0.882288,1.947077,2.232788,-0.056225,-0.100494,-0.476211,0.011992,0.021433,-0.025176
sample,1396,drone,34.878198,10.787860,0.880887,1.944573,2.220727,-0.055921,-0.099951,-0.489260,0.012320,0.022021,-0.025176
sample,1397,drone,34.903183,10.843191,0.879493,1.942082,2.208341,-0.055609,-0.099394,-0.502191,0.012646,0.022603,-0.025176
sample,1398,drone,34.928167,10.898208,0.878108,1.939606,2.195633,-0.055289,-0.098822,-0.515000,0.012968,0.023179,-0.025176
sample,1399,drone,34.953151,10.952904,0.876731,1.937144,2.182607,-0.054961,-0.098235,-0.527683,0.013288,0.023750,-0.025176
sample,1400,drone,34.978136,11.007270,0.875362,1.934698,2.169265,-0.054625,-0.097635,-0.540238,0.013604,0.024315,-0.025176
sample,1401,drone,35.003120,11.061299,0.874001,1.932266,2.155612,-0.054282,-0.097020,-0.552660,0.013917,0.024874,-0.025176
sample,1402,drone,35.028104,11.114983,0.872649,1.929850,2.141650,-0.053930,-0.096392,-0.564947,0.014226,0.025427,-0.025176
sample,1403,drone,35.053089,11.168315,0.871306,1.927449,2.127382,-0.053571,-0.095750,-0.577095,0.014532,0.025974,-0.025176
sample,1404,drone,35.078073,11.221286,0.869972,1.925065,2.112813,-0.053204,-0.095094,-0.589100,0.014834,0.026514,-0.025176
sample,1405,drone,35.103058,11.273889,0.868648,1.922697,2.097945,-0.052830,-0.094425,-0.600958,0.015133,0.027048,-0.025176
sample,1406,drone,35.128042,11.326118,0.867333,1.920347,2.082784,-0.052448,-0.093742,-0.612668,0.015428,0.027575,-0.025176
sample,1407,drone,35.153026,11.377964,0.866027,1.918013,2.067331,-0.052059,-0.093047,-0.624224,0.015719,0.028095,-0.025176
sample,1408,drone,35.178011,11.429420,0.864731,1.915697,2.051592,-0.051662,-0.092339,-0.635623,0.016006,0.028608,-0.025176
sample,1409,drone,35.202995,11.480479,0.863445,1.913399,2.035570,-0.051259,-0.091617,-0.646862,0.016289,0.029114,-0.025176
sample,1410,drone,35.227979,11.531135,0.862170,1.911119,2.019269,-0.050848,-0.090884,-0.657938,0.016568,0.029613,-0.025176
sample,1411,drone,35.252964,11.581380,0.860905,1.908858,2.002694,-0.050431,-0.090138,-0.668847,0.016843,0.030104,-0.025176
sample,1412,drone,35.277948,11.631207,0.859650,1.906615,1.985848,-0.050007,-0.089380,-0.679586,0.017113,0.030587,-0.025176
sample,1413,drone,35.302933,11.680610,0.858406,1.904392,1.968735,-0.049576,-0.088609,-0.690151,0.017379,0.031062,-0.025176
sample,1414,drone,35.327917,11.729582,0.857173,1.902188,1.951362,-0.049138,-0.087827,-0.700538,0.017641,0.031530,-0.025176
sample,1415,drone,35.352901,11.778117,0.855950,1.900003,1.933730,-0.048694,-0.087034,-0.710744,0.017898,0.031989,-0.025176
sample,1416,drone,35.377886,11.826208,0.854739,1.897839,1.915847,-0.048244,-0.086229,-0.720766,0.018150,0.032440,-0.025176
sample,1417,drone,35.402870,11.873849,0.853540,1.895694,1.897715,-0.047787,-0.085413,-0.730601,0.018398,0.032883,-0.025176
sample,1418,drone,35.427855,11.921035,0.852352,1.893571,1.879339,-0.047325,-0.084586,-0.740244,0.018640,0.033317,-0.025176
sample,1419,drone,35.452839,11.967758,0.851175,1.891468,1.860726,-0.046856,-0.083748,-0.749692,0.018878,0.033742,-0.025176
sample,1420,drone,35.477823,12.014013,0.850010,1.889386,1.841878,-0.046381,-0.082900,-0.758942,0.019111,0.034159,-0.025176
sample,1421,drone,35.502808,12.059794,0.848857,1.887325,1.822802,-0.045901,-0.082041,-0.767991,0.019339,0.034566,-0.025176
sample,1422,drone,35.527792,12.105096,0.847717,1.885286,1.803503,-0.045415,-0.081173,-0.776834,0.019562,0.034964,-0.025176
sample,1423,drone,35.552776,12.149913,0.846588,1.883269,1.783985,-0.044924,-0.080294,-0.785469,0.019779,0.035353,-0.025176
sample,1424,drone,35.577761,12.194240,0.845472,1.881274,1.764254,-0.044427,-0.079406,-0.793892,0.019991,0.035732,-0.025176
sample,1425,drone,35.602745,12.238071,0.844368,1.879301,1.744315,-0.043925,-0.078509,-0.802099,0.020198,0.036101,-0.025176
sample,1426,drone,35.627730,12.281401,0.843277,1.877351,1.724174,-0.043417,-0.077602,-0.810087,0.020399,0.036461,-0.025176
sample,1427,drone,35.652714,12.324225,0.842199,1.875424,1.703836,-0.042905,-0.076687,-0.817853,0.020595,0.036810,-0.025176
sample,1428,drone,35.677698,12.366539,0.841133,1.873519,1.683307,-0.042388,-0.075763,-0.825392,0.020785,0.037149,-0.025176
sample,1429,drone,35.702683,12.408338,0.840081,1.871638,1.662592,-0.041867,-0.074830,-0.832703,0.020969,0.037478,-0.025176
sample,1430,drone,35.727667,12.449617,0.839041,1.869780,1.641698,-0.041341,-0.073890,-0.839780,0.021147,0.037797,-0.025176
sample,1431,drone,35.752652,12.490372,0.838015,1.867946,1.620629,-0.040810,-0.072942,-0.846621,0.021319,0.038105,-0.025176
sample,1432,drone,35.777636,12.530598,0.837002,1.866135,1.599393,-0.040275,-0.071986,-0.853222,0.021485,0.038402,-0.025176
sample,1433,drone,35.802620,12.570291,0.836002,1.864349,1.577995,-0.039736,-0.071023,-0.859580,0.021646,0.038688,-0.025176
sample,1434,drone,35.827605,12.609448,0.835016,1.862586,1.556441,-0.039194,-0.070053,-0.865692,0.021799,0.038963,-0.025176
sample,1435,drone,35.852589,12.648065,0.834044,1.860848,1.534737,-0.038647,-0.069076,-0.871552,0.021947,0.039227,-0.025176
sample,1436,drone,35.877573,12.686137,0.833085,1.859135,1.512890,-0.038097,-0.068093,-0.877160,0.022088,0.039479,-0.025176
sample,1437,drone,35.902558,12.723662,0.832140,1.857446,1.490907,-0.037543,-0.067103,-0.882510,0.022223,0.039720,-0.025176
sample,1438,drone,35.927542,12.760636,0.831209,1.855782,1.468793,-0.036986,-0.066108,-0.887599,0.022351,0.039949,-0.025176
sample,1439,drone,35.952527,12.797056,0.830292,1.854142,1.446554,-0.036426,-0.065107,-0.892425,0.022473,0.040166,-0.025176
sample,1440,drone,35.977511,12.832919,0.829389,1.852528,1.424199,-0.035864,-0.064101,-0.896982,0.022587,0.040372,-0.025176
sample,1441,drone,36.002495,12.868221,0.828500,1.850939,1.401733,-0.035298,-0.063090,-0.901269,0.022695,0.040565,-0.025176
sample,1442,drone,36.027480,12.902961,0.827625,1.849376,1.379164,-0.034729,-0.062074,-0.905281,0.022796,0.040745,-0.025176
sample,1443,drone,36.052464,12.937136,0.826765,1.847838,1.356498,-0.034159,-0.061054,-0.909015,0.022890,0.040913,-0.025176
sample,1444,drone,36.077448,12.970744,0.825918,1.846325,1.333742,-0.033586,-0.060029,-0.912468,0.022977,0.041069,-0.025176
sample,1445,drone,36.102433,13.003782,0.825086,1.844838,1.310903,-0.033011,-0.059001,-0.915636,0.023057,0.041211,-0.025176
sample,1446,drone,36.127417,13.036248,0.824269,1.843377,1.287988,-0.032434,-0.057970,-0.918515,0.023130,0.041341,-0.025176
sample,1447,drone,36.152402,13.068141,0.823466,1.841941,1.265006,-0.031855,-0.056936,-0.921103,0.023195,0.041457,-0.025176
sample,1448,drone,36.177386,13.099459,0.822677,1.840532,1.241962,-0.031275,-0.055899,-0.923395,0.023253,0.041560,-0.025176
sample,1449,drone,36.202370,13.130200,0.821903,1.839148,1.218865,-0.030693,-0.054859,-0.925388,0.023303,0.041650,-0.025176
sample,1450,drone,36.227355,13.160364,0.821143,1.837791,1.195721,-0.030110,-0.053817,-0.927080,0.023345,0.041726,-0.025176
sample,1451,drone,36.252339,13.189949,0.820398,1.836459,1.172540,-0.029526,-0.052774,-0.928465,0.023380,0.041789,-0.025176
sample,1452,drone,36.277324,13.218954,0.819668,1.835153,1.149327,-0.028942,-0.051729,-0.929541,0.023407,0.041837,-0.025176
sample,1453,drone,36.302308,13.247380,0.818952,1.833874,1.126092,-0.028357,-0.050683,-0.930305,0.023427,0.041871,-0.025176
sample,1454,drone,36.327292,13.275224,0.818251,1.832621,1.102841,-0.027771,-0.049637,-0.930752,0.023438,0.041892,-0.025176
sample,1455,drone,36.352277,13.302487,0.817564,1.831394,1.079583,-0.027186,-0.048590,-0.930880,0.023441,0.041897,-0.025176
sample,1456,drone,36.377261,13.329169,0.816893,1.830193,1.056326,-0.026600,-0.047543,-0.930684,0.023436,0.041888,-0.025176
sample,1457,drone,36.402245,13.355270,0.816235,1.829018,1.033078,-0.026015,-0.046497,-0.930162,0.023423,0.041865,-0.025176
sample,1458,drone,36.427230,13.380791,0.815593,1.827870,1.009847,-0.025430,-0.045451,-0.929310,0.023401,0.041827,-0.025176
sample,1459,drone,36.452214,13.405731,0.814965,1.826747,0.986642,-0.024845,-0.044407,-0.928125,0.023372,0.041773,-0.025176
sample,1460,drone,36.477199,13.430092,0.814351,1.825651,0.963470,-0.024262,-0.043364,-0.926602,0.023333,0.041705,-0.025176
sample,1461,drone,36.502183,13.453875,0.813752,1.824580,0.940340,-0.023679,-0.042323,-0.924740,0.023286,0.041621,-0.025176
sample,1462,drone,36.527167,13.477080,0.813168,1.823536,0.917262,-0.023098,-0.041284,-0.922533,0.023231,0.041522,-0.025176
sample,1463,drone,36.552152,13.499709,0.812598,1.822517,0.894243,-0.022518,-0.040248,-0.919979,0.023166,0.041407,-0.025176
sample,1464,drone,36.577136,13.521764,0.812043,1.821525,0.871292,-0.021940,-0.039215,-0.917074,0.023093,0.041276,-0.025176
sample,1465,drone,36.602121,13.543246,0.811502,1.820558,0.848417,-0.021364,-0.038186,-0.913814,0.023011,0.041129,-0.025176
sample,1466,drone,36.627105,13.564158,0.810975,1.819616,0.825629,-0.020791,-0.037160,-0.910197,0.022920,0.040966,-0.025176
sample,1467,drone,36.652089,13.584502,0.810463,1.818701,0.802936,-0.020219,-0.036139,-0.906219,0.022820,0.040787,-0.025176
sample,1468,drone,36.677074,13.604280,0.809965,1.817811,0.780347,-0.019650,-0.035122,-0.901876,0.022711,0.040592,-0.025176
sample,1469,drone,36.702058,13.623495,0.809481,1.816946,0.757870,-0.019084,-0.034110,-0.897164,0.022592,0.040380,-0.025176
sample,1470,drone,36.727042,13.642150,0.809011,1.816106,0.735517,-0.018521,-0.033104,-0.892081,0.022464,0.040151,-0.025176
sample,1471,drone,36.752027,13.660248,0.808555,1.815292,0.713294,-0.017962,-0.032104,-0.886623,0.022327,0.039905,-0.025176
sample,1472,drone,36.777011,13.677792,0.808114,1.814502,0.691213,-0.017406,-0.031110,-0.880787,0.022180,0.039643,-0.025176
sample,1473,drone,36.801996,13.694787,0.807686,1.813737,0.669282,-0.016854,-0.030123,-0.874568,0.022023,0.039363,-0.025176
sample,1474,drone,36.826980,13.711236,0.807272,1.812997,0.647512,-0.016305,-0.029143,-0.867964,0.021857,0.039066,-0.025176
sample,1475,drone,36.851964,13.727142,0.806871,1.812281,0.625911,-0.015761,-0.028171,-0.860970,0.021681,0.038751,-0.025176
sample,1476,drone,36.876949,13.742512,0.806484,1.811589,0.604490,-0.015222,-0.027207,-0.853584,0.021495,0.038418,-0.025176
sample,1477,drone,36.901933,13.757348,0.806110,1.810921,0.583259,-0.014687,-0.026251,-0.845803,0.021299,0.038068,-0.025176
sample,1478,drone,36.926918,13.771656,0.805750,1.810277,0.562227,-0.014158,-0.025305,-0.837622,0.021093,0.037700,-0.025176
sample,1479,drone,36.951902,13.785442,0.805403,1.809657,0.541404,-0.013633,-0.024368,-0.829037,0.020876,0.037314,-0.025176
sample,1480,drone,36.976886,13.798710,0.805069,1.809060,0.520801,-0.013115,-0.023440,-0.820047,0.020650,0.036909,-0.025176
sample,1481,drone,37.001871,13.811466,0.804748,1.808486,0.500427,-0.012602,-0.022523,-0.810647,0.020413,0.036486,-0.025176
sample,1482,drone,37.026855,13.823715,0.804439,1.807934,0.480294,-0.012095,-0.021617,-0.800833,0.020166,0.036044,-0.025176
sample,1483,drone,37.051839,13.835465,0.804143,1.807405,0.460410,-0.011594,-0.020722,-0.790603,0.019909,0.035584,-0.025176
sample,1484,drone,37.076824,13.846722,0.803860,1.806899,0.440788,-0.011100,-0.019839,-0.779952,0.019640,0.035104,-0.025176
sample,1485,drone,37.101808,13.857491,0.803589,1.806414,0.421437,-0.010612,-0.018968,-0.768878,0.019362,0.034606,-0.025176
sample,1486,drone,37.126793,13.867780,0.803330,1.805951,0.402368,-0.010132,-0.018110,-0.757377,0.019072,0.034088,-0.025176
sample,1487,drone,37.151777,13.877597,0.803082,1.805509,0.383592,-0.009659,-0.017265,-0.745445,0.018771,0.033551,-0.025176
sample,1488,drone,37.176761,13.886948,0.802847,1.805088,0.365119,-0.009194,-0.016433,-0.733079,0.018460,0.032995,-0.025176
sample,1489,drone,37.201746,13.895841,0.802623,1.804688,0.346961,-0.008737,-0.015616,-0.720275,0.018138,0.032418,-0.025176
sample,1490,drone,37.226730,13.904285,0.802410,1.804308,0.329128,-0.008288,-0.014813,-0.707030,0.017804,0.031822,-0.025176
sample,1491,drone,37.251714,13.912287,0.802209,1.803948,0.311632,-0.007847,-0.014026,-0.693341,0.017459,0.031206,-0.025176
sample,1492,drone,37.276699,13.919857,0.802018,1.803607,0.294483,-0.007416,-0.013254,-0.679203,0.017103,0.030570,-0.025176
sample,1493,drone,37.301683,13.927002,0.801838,1.803285,0.277693,-0.006993,-0.012498,-0.664615,0.016736,0.029913,-0.025176
sample,1494,drone,37.326668,13.933733,0.801669,1.802983,0.261273,-0.006579,-0.011759,-0.649571,0.016357,0.029236,-0.025176
sample,1495,drone,37.351652,13.940058,0.801509,1.802698,0.245234,-0.006175,-0.011038,-0.634069,0.015967,0.028538,-0.025176
sample,1496,drone,37.376636,13.945987,0.801360,1.802431,0.229589,-0.005781,-0.010333,-0.618105,0.015565,0.027820,-0.025176
sample,1497,drone,37.401621,13.951530,0.801221,1.802182,0.214348,-0.005398,-0.009647,-0.601676,0.015151,0.027080,-0.025176
sample,1498,drone,37.426605,13.956698,0.801090,1.801949,0.199524,-0.005024,-0.008980,-0.584777,0.014726,0.026320,-0.025176
sample,1499,drone,37.451590,13.961500,0.800969,1.801733,0.185128,-0.004662,-0.008332,-0.567407,0.014288,0.025538,-0.025176
sample,1500,drone,37.476574,13.965948,0.800857,1.801533,0.171171,-0.004310,-0.007704,-0.549561,0.013839,0.024735,-0.025176
sample,1501,drone,37.501558,13.970053,0.800754,1.801348,0.157667,-0.003970,-0.007096,-0.531235,0.013377,0.023910,-0.025176
sample,1502,drone,37.526543,13.973827,0.800659,1.801178,0.144626,-0.003642,-0.006509,-0.512427,0.012904,0.023063,-0.025176
sample,1503,drone,37.551527,13.977280,0.800572,1.801023,0.132062,-0.003326,-0.005944,-0.493133,0.012418,0.022195,-0.025176
sample,1504,drone,37.576511,13.980426,0.800493,1.800881,0.119985,-0.003021,-0.005400,-0.473349,0.011920,0.021305,-0.025176
sample,1505,drone,37.601496,13.983276,0.800421,1.800753,0.108409,-0.002730,-0.004879,-0.453072,0.011409,0.020392,-0.025176
sample,1506,drone,37.626480,13.985843,0.800357,1.800637,0.097346,-0.002451,-0.004381,-0.432299,0.010886,0.019457,-0.025176
sample,1507,drone,37.651465,13.988140,0.800299,1.800534,0.086807,-0.002186,-0.003907,-0.411025,0.010350,0.018500,-0.025176
sample,1508,drone,37.676449,13.990180,0.800247,1.800442,0.076807,-0.001934,-0.003457,-0.389248,0.009802,0.017519,-0.025176
sample,1509,drone,37.701433,13.991978,0.800202,1.800361,0.067357,-0.001696,-0.003032,-0.366964,0.009241,0.016516,-0.025176
sample,1510,drone,37.726418,13.993546,0.800163,1.800290,0.058470,-0.001472,-0.002632,-0.344170,0.008667,0.015490,-0.025176
sample,1511,drone,37.751402,13.994899,0.800128,1.800230,0.050159,-0.001263,-0.002258,-0.320862,0.008080,0.014441,-0.025176
sample,1512,drone,37.776387,13.996053,0.800099,1.800178,0.042437,-0.001069,-0.001910,-0.297036,0.007480,0.013369,-0.025176
sample,1513,drone,37.801371,13.997020,0.800075,1.800134,0.035317,-0.000889,-0.001590,-0.272689,0.006867,0.012273,-0.025176
sample,1514,drone,37.826355,13.997817,0.800055,1.800098,0.028811,-0.000726,-0.001297,-0.247818,0.006240,0.011154,-0.025176
sample,1515,drone,37.851340,13.998460,0.800039,1.800069,0.022934,-0.000578,-0.001032,-0.222420,0.005601,0.010011,-0.025176
sample,1516,drone,37.876324,13.998963,0.800026,1.800047,0.017697,-0.000446,-0.000797,-0.196490,0.004948,0.008844,-0.025176
sample,1517,drone,37.901308,13.999344,0.800017,1.800030,0.013115,-0.000330,-0.000590,-0.170025,0.004282,0.007653,-0.025176
sample,1518,drone,37.926293,13.999619,0.800010,1.800017,0.009201,-0.000232,-0.000414,-0.143022,0.003602,0.006437,-0.025176
sample,1519,drone,37.951277,13.999804,0.800005,1.800009,0.005969,-0.000150,-0.000269,-0.115478,0.002908,0.005197,-0.025176
sample,1520,drone,37.976262,13.999917,0.800002,1.800004,0.003431,-0.000086,-0.000154,-0.087388,0.002201,0.003933,-0.025176
sample,1521,drone,38.001246,13.999975,0.800001,1.800001,0.001602,-0.000040,-0.000072,-0.058750,0.001479,0.002644,-0.025176
sample,1522,drone,38.026230,13.999997,0.800000,1.800000,0.000495,-0.000012,-0.000022,-0.029571,0.000745,0.001331,-0.025176
sample,1523,drone,38.051215,14.000000,0.800000,1.800000,0.000124,-0.000003,-0.000006,-0.014849,0.000374,0.000668,-0.025176
