section,index,name,t,x,y,z,vx,vy,vz,ax,ay,az,yaw
crossing,1,G2,3.242165,3.612735,-2.580938,1.571139,,,,,,
crossing,2,G4,7.737616,8.698255,0.614989,1.774373,,,,,,
crossing,3,G3,11.284775,5.668479,-3.045941,0.564517,,,,,,
crossing,4,G5,16.893171,9.565048,2.472267,2.865561,,,,,,
crossing,5,G1,22.280056,2.301358,0.919530,2.408064,,,,,,
crossing,6,G6,29.643854,12.249621,-1.214162,2.442522,,,,,,
sample,0,drone,0.000000,0.000000,-1.000000,1.200000,0.000654,-0.000286,0.000067,0.077322,-0.033836,0.007943,-0.412495
sample,1,drone,0.024983,0.000016,-1.000007,1.200002,0.002586,-0.001132,0.000266,0.152988,-0.066948,0.015717,-0.412495
sample,2,drone,0.049966,0.000129,-1.000057,1.200013,0.008298,-0.003631,0.000852,0.300886,-0.131668,0.030910,-0.412496
sample,3,drone,0.074949,0.000431,-1.000189,1.200044,0.017620,-0.007710,0.001810,0.441816,-0.193339,0.045388,-0.412496
sample,4,drone,0.099932,0.001010,-1.000442,1.200104,0.030374,-0.013292,0.003120,0.575739,-0.251944,0.059146,-0.412496
sample,5,drone,0.124915,0.001949,-1.000853,1.200200,0.046387,-0.020299,0.004765,0.702769,-0.307533,0.072196,-0.412496
sample,6,drone,0.149898,0.003327,-1.001456,1.200342,0.065488,-0.028658,0.006728,0.823018,-0.360154,0.084549,-0.412496
sample,7,drone,0.174880,0.005221,-1.002285,1.200536,0.087510,-0.038294,0.008990,0.936601,-0.409858,0.096218,-0.412496
sample,8,drone,0.199863,0.007700,-1.003369,1.200791,0.112286,-0.049137,0.011535,1.043629,-0.456693,0.107213,-0.412496
sample,9,drone,0.224846,0.010831,-1.004740,1.201113,0.139656,-0.061114,0.014347,1.144216,-0.500710,0.117546,-0.412496
sample,10,drone,0.249829,0.014678,-1.006423,1.201508,0.169458,-0.074155,0.017409,1.238475,-0.541959,0.127230,-0.412496
sample,11,drone,0.274812,0.019298,-1.008445,1.201983,0.201537,-0.088193,0.020704,1.326521,-0.580487,0.136275,-0.412496
sample,12,drone,0.299795,0.024748,-1.010830,1.202542,0.235739,-0.103160,0.024218,1.408465,-0.616346,0.144693,-0.412496
sample,13,drone,0.324778,0.031077,-1.013599,1.203193,0.271912,-0.118989,0.027934,1.484421,-0.649585,0.152496,-0.412496
sample,14,drone,0.349761,0.038334,-1.016775,1.203938,0.309909,-0.135617,0.031837,1.554502,-0.680252,0.159695,-0.412496
sample,15,drone,0.374744,0.046562,-1.020376,1.204783,0.349584,-0.152979,0.035913,1.618822,-0.708399,0.166303,-0.412496
sample,16,drone,0.399727,0.055801,-1.024419,1.205733,0.390795,-0.171012,0.040147,1.677494,-0.734074,0.172330,-0.412496
sample,17,drone,0.424710,0.066089,-1.028920,1.206789,0.433402,-0.189657,0.044524,1.730630,-0.757326,0.177789,-0.412496
sample,18,drone,0.449693,0.077457,-1.033895,1.207957,0.477267,-0.208853,0.049030,1.778345,-0.778206,0.182691,-0.412496
sample,19,drone,0.474676,0.089936,-1.039356,1.209239,0.522258,-0.228541,0.053652,1.820751,-0.796763,0.187047,-0.412496
sample,20,drone,0.499658,0.103552,-1.045314,1.210638,0.568243,-0.248664,0.058376,1.857962,-0.813047,0.190870,-0.412496
sample,21,drone,0.524641,0.118328,-1.051781,1.212156,0.615093,-0.269166,0.063189,1.890091,-0.827106,0.194171,-0.412496
sample,22,drone,0.549624,0.134285,-1.058763,1.213795,0.662683,-0.289991,0.068078,1.917250,-0.838992,0.196961,-0.412496
sample,23,drone,0.574607,0.151440,-1.066270,1.215558,0.710890,-0.311086,0.073030,1.939554,-0.848752,0.199252,-0.412496
sample,24,drone,0.599590,0.169806,-1.074307,1.217444,0.759594,-0.332400,0.078034,1.957116,-0.856437,0.201056,-0.412496
sample,25,drone,0.624573,0.189394,-1.082879,1.219457,0.808679,-0.353879,0.083076,1.970048,-0.862096,0.202385,-0.412496
sample,26,drone,0.649556,0.210212,-1.091989,1.221595,0.858029,-0.375475,0.088146,1.978464,-0.865779,0.203249,-0.412496
sample,27,drone,0.674539,0.232266,-1.101640,1.223861,0.907534,-0.397138,0.093232,1.982477,-0.867535,0.203661,-0.412496
sample,28,drone,0.699522,0.255558,-1.111832,1.226254,0.957086,-0.418822,0.098322,1.982201,-0.867414,0.203633,-0.412496
sample,29,drone,0.724505,0.280087,-1.122567,1.228774,1.006577,-0.440479,0.103406,1.977748,-0.865465,0.203176,-0.412496
sample,30,drone,0.749488,0.305852,-1.133841,1.231420,1.055905,-0.462066,0.108474,1.969232,-0.861739,0.202301,-0.412496
sample,31,drone,0.774471,0.332847,-1.145654,1.234194,1.104971,-0.483537,0.113515,1.956765,-0.856283,0.201020,-0.412496
sample,32,drone,0.799454,0.361063,-1.158002,1.237092,1.153677,-0.504851,0.118518,1.940463,-0.849149,0.199345,-0.412496
sample,33,drone,0.824436,0.390491,-1.170879,1.240115,1.201928,-0.525965,0.123475,1.920436,-0.840386,0.197288,-0.412496
sample,34,drone,0.849419,0.421118,-1.184282,1.243262,1.249633,-0.546841,0.128376,1.896800,-0.830042,0.194860,-0.412496
sample,35,drone,0.874402,0.452930,-1.198203,1.246530,1.296703,-0.567439,0.133211,1.869666,-0.818168,0.192072,-0.412496
sample,36,drone,0.899385,0.485909,-1.212635,1.249918,1.343052,-0.587722,0.137973,1.839148,-0.804814,0.188937,-0.412496
sample,37,drone,0.924368,0.520037,-1.227569,1.253424,1.388598,-0.607652,0.142652,1.805360,-0.790028,0.185466,-0.412496
sample,38,drone,0.949351,0.555292,-1.242996,1.257046,1.433259,-0.627196,0.147240,1.768414,-0.773861,0.181671,-0.412496
sample,39,drone,0.974334,0.591651,-1.258907,1.260781,1.476958,-0.646319,0.151729,1.728424,-0.756361,0.177562,-0.412496
sample,40,drone,0.999317,0.629089,-1.275290,1.264627,1.519621,-0.664988,0.156112,1.685503,-0.737579,0.173153,-0.412496
sample,41,drone,1.024300,0.667580,-1.292134,1.268581,1.561176,-0.683173,0.160381,1.639765,-0.717563,0.168454,-0.412496
sample,42,drone,1.049283,0.707095,-1.309426,1.272640,1.601553,-0.700842,0.164529,1.591321,-0.696365,0.163478,-0.412496
sample,43,drone,1.074266,0.747603,-1.327152,1.276802,1.640687,-0.717967,0.168549,1.540287,-0.674032,0.158235,-0.412496
sample,44,drone,1.099249,0.789073,-1.345299,1.281062,1.678515,-0.734521,0.172435,1.486774,-0.650615,0.152737,-0.412496
sample,45,drone,1.124232,0.831471,-1.363853,1.285418,1.714975,-0.750476,0.176181,1.430897,-0.626162,0.146997,-0.412496
sample,46,drone,1.149214,0.874763,-1.382798,1.289865,1.750011,-0.765807,0.179780,1.372767,-0.600725,0.141025,-0.412496
sample,47,drone,1.174197,0.918912,-1.402117,1.294401,1.783567,-0.780491,0.183227,1.312500,-0.574352,0.134834,-0.412496
sample,48,drone,1.199180,0.963881,-1.421796,1.299020,1.815591,-0.794505,0.186517,1.250207,-0.547092,0.128435,-0.412496
sample,49,drone,1.224163,1.009630,-1.441815,1.303720,1.846034,-0.807827,0.189645,1.186002,-0.518996,0.121839,-0.412496
sample,50,drone,1.249146,1.056119,-1.462159,1.308496,1.874851,-0.820437,0.192605,1.119998,-0.490113,0.115058,-0.412496
sample,51,drone,1.274129,1.103308,-1.482809,1.313344,1.901996,-0.832316,0.195394,1.052309,-0.460492,0.108104,-0.412496
sample,52,drone,1.299112,1.151154,-1.503747,1.318259,1.927430,-0.843446,0.198006,0.983047,-0.430183,0.100989,-0.412496
sample,53,drone,1.324095,1.199614,-1.524953,1.323237,1.951115,-0.853811,0.200440,0.912326,-0.399235,0.093724,-0.412496
sample,54,drone,1.349078,1.248643,-1.546408,1.328274,1.973015,-0.863394,0.202689,0.840259,-0.367699,0.086320,-0.412496
sample,55,drone,1.374061,1.298197,-1.568093,1.333365,1.993099,-0.872183,0.204753,0.766960,-0.335623,0.078790,-0.412496
sample,56,drone,1.399044,1.348230,-1.589987,1.338505,2.011337,-0.880164,0.206626,0.692541,-0.303057,0.071145,-0.412496
sample,57,drone,1.424027,1.398695,-1.612071,1.343689,2.027703,-0.887326,0.208307,0.617116,-0.270051,0.063397,-0.412496
sample,58,drone,1.449010,1.449546,-1.634323,1.348913,2.042172,-0.893657,0.209794,0.540797,-0.236654,0.055557,-0.412496
sample,59,drone,1.473993,1.500734,-1.656723,1.354172,2.054724,-0.899150,0.211083,0.463699,-0.202916,0.047636,-0.412496
sample,60,drone,1.498975,1.552212,-1.679250,1.359460,2.065341,-0.903796,0.212174,0.385935,-0.168886,0.039647,-0.412496
sample,61,drone,1.523958,1.603931,-1.701882,1.364773,2.074007,-0.907589,0.213064,0.307617,-0.134614,0.031602,-0.412496
sample,62,drone,1.548941,1.655842,-1.724599,1.370106,2.080711,-0.910522,0.213753,0.228859,-0.100149,0.023511,-0.412496
sample,63,drone,1.573924,1.707895,-1.747377,1.375453,2.085443,-0.912593,0.214239,0.149773,-0.065541,0.015386,-0.412496
sample,64,drone,1.598907,1.760042,-1.770197,1.380811,2.088195,-0.913797,0.214522,0.070475,-0.030840,0.007240,-0.412496
sample,65,drone,1.623890,1.812234,-1.793036,1.386172,2.088964,-0.914134,0.214601,-0.008925,0.003905,-0.000917,-0.412496
sample,66,drone,1.648873,1.864419,-1.815873,1.391533,2.087749,-0.913602,0.214476,-0.088311,0.038645,-0.009072,-0.412496
sample,67,drone,1.673856,1.916550,-1.838685,1.396889,2.084551,-0.912203,0.214148,-0.167572,0.073330,-0.017215,-0.412496
sample,68,drone,1.698839,1.968576,-1.861452,1.402233,2.079376,-0.909938,0.213616,-0.246593,0.107910,-0.025333,-0.412496
sample,69,drone,1.723822,2.020448,-1.884151,1.407562,2.072230,-0.906811,0.212882,-0.325262,0.142335,-0.033414,-0.412496
sample,70,drone,1.748805,2.072116,-1.906761,1.412870,2.063124,-0.902826,0.211946,-0.403466,0.176557,-0.041448,-0.412496
sample,71,drone,1.773788,2.123533,-1.929261,1.418152,2.052071,-0.897989,0.210811,-0.481091,0.210526,-0.049423,-0.412496
sample,72,drone,1.798771,2.174650,-1.951630,1.423404,2.039086,-0.892307,0.209477,-0.558023,0.244192,-0.057326,-0.412496
sample,73,drone,1.823753,2.225418,-1.973846,1.428619,2.024189,-0.885788,0.207946,-0.634151,0.277505,-0.065147,-0.412496
sample,74,drone,1.848736,2.275790,-1.995889,1.433794,2.007400,-0.878441,0.206222,-0.709359,0.310417,-0.072873,-0.412496
sample,75,drone,1.873719,2.325719,-2.017738,1.438923,1.988745,-0.870278,0.204305,-0.783537,0.342877,-0.080493,-0.412496
sample,76,drone,1.898702,2.375159,-2.039373,1.444002,1.968250,-0.861309,0.202200,-0.856569,0.374836,-0.087996,-0.412496
sample,77,drone,1.923685,2.424065,-2.060774,1.449026,1.945946,-0.851549,0.199909,-0.928343,0.406244,-0.095369,-0.412496
sample,78,drone,1.948668,2.472390,-2.081922,1.453991,1.921864,-0.841011,0.197435,-0.998746,0.437053,-0.102602,-0.412496
sample,79,drone,1.973651,2.520092,-2.102796,1.458891,1.896042,-0.829711,0.194782,-1.067664,0.467211,-0.109682,-0.412496
sample,80,drone,1.998634,2.567128,-2.123379,1.463723,1.868518,-0.817666,0.191954,-1.134984,0.496671,-0.116598,-0.412496
sample,81,drone,2.023617,2.613454,-2.143651,1.468482,1.839332,-0.804894,0.188956,-1.200594,0.525381,-0.123338,-0.412496
sample,82,drone,2.048600,2.659031,-2.163596,1.473164,1.808529,-0.791415,0.185792,-1.264379,0.553294,-0.129891,-0.412496
sample,83,drone,2.073583,2.703819,-2.183195,1.477765,1.776156,-0.777248,0.182466,-1.326226,0.580359,-0.136244,-0.412496
sample,84,drone,2.098566,2.747779,-2.202432,1.482281,1.742263,-0.762417,0.178984,-1.386023,0.606526,-0.142387,-0.412496
sample,85,drone,2.123549,2.790873,-2.221290,1.486709,1.706902,-0.746943,0.175351,-1.443656,0.631746,-0.148308,-0.412496
sample,86,drone,2.148531,2.833065,-2.239753,1.491043,1.670130,-0.730851,0.171574,-1.499012,0.655970,-0.153995,-0.412496
sample,87,drone,2.173514,2.874322,-2.257807,1.495281,1.632003,-0.714167,0.167657,-1.551978,0.679148,-0.159436,-0.412496
sample,88,drone,2.198497,2.914610,-2.275437,1.499420,1.592584,-0.696917,0.163607,-1.602440,0.701230,-0.164620,-0.412496
sample,89,drone,2.223480,2.953897,-2.292630,1.503456,1.551936,-0.679129,0.159432,-1.650285,0.722167,-0.169535,-0.412496
sample,90,drone,2.248463,2.992154,-2.309371,1.507386,1.510126,-0.660833,0.155136,-1.695400,0.741910,-0.174170,-0.412496
sample,91,drone,2.273446,3.029352,-2.325649,1.511208,1.467224,-0.642059,0.150729,-1.737672,0.760408,-0.178512,-0.412496
sample,92,drone,2.298429,3.065465,-2.341452,1.514918,1.423302,-0.622839,0.146217,-1.776988,0.777612,-0.182551,-0.412496
sample,93,drone,2.323412,3.100468,-2.356769,1.518514,1.378435,-0.603205,0.141608,-1.813234,0.793474,-0.186275,-0.412496
sample,94,drone,2.348395,3.134339,-2.371591,1.521993,1.332702,-0.583192,0.136910,-1.846297,0.807942,-0.189672,-0.412496
sample,95,drone,2.373378,3.167058,-2.385909,1.525354,1.286183,-0.562836,0.132131,-1.876064,0.820968,-0.192729,-0.412496
sample,96,drone,2.398361,3.198605,-2.399714,1.528595,1.238963,-0.542172,0.127280,-1.902421,0.832502,-0.195437,-0.412496
sample,97,drone,2.423344,3.228963,-2.412999,1.531714,1.191127,-0.521239,0.122365,-1.925256,0.842495,-0.197783,-0.412496
sample,98,drone,2.448327,3.258120,-2.425758,1.534709,1.142766,-0.500076,0.117397,-1.944455,0.850896,-0.199755,-0.412496
sample,99,drone,2.473309,3.286063,-2.437986,1.537580,1.093971,-0.478723,0.112384,-1.959906,0.857658,-0.201343,-0.412496
sample,100,drone,2.498292,3.312781,-2.449678,1.540325,1.044837,-0.457222,0.107337,-1.971494,0.862729,-0.202533,-0.412496
sample,101,drone,2.523275,3.338269,-2.460831,1.542943,0.995463,-0.435616,0.102265,-1.979107,0.866060,-0.203315,-0.412496
sample,102,drone,2.548258,3.362521,-2.471444,1.545434,0.945950,-0.413949,0.097178,-1.982631,0.867602,-0.203677,-0.412496
sample,103,drone,2.573241,3.385534,-2.481515,1.547799,0.896399,-0.392266,0.092088,-1.981953,0.867305,-0.203608,-0.412496
sample,104,drone,2.598224,3.407310,-2.491044,1.550036,0.846920,-0.370613,0.087005,-1.976960,0.865120,-0.203095,-0.412496
sample,105,drone,2.623207,3.427851,-2.500033,1.552146,0.797619,-0.349039,0.081940,-1.967539,0.860998,-0.202127,-0.412496
sample,106,drone,2.648190,3.447164,-2.508484,1.554130,0.748610,-0.327593,0.076905,-1.953576,0.854888,-0.200692,-0.412496
sample,107,drone,2.673173,3.465256,-2.516401,1.555989,0.700007,-0.306324,0.071912,-1.934958,0.846741,-0.198780,-0.412496
sample,108,drone,2.698156,3.482140,-2.523789,1.557723,0.651928,-0.285285,0.066973,-1.911573,0.836507,-0.196377,-0.412496
sample,109,drone,2.723139,3.497830,-2.530656,1.559335,0.604494,-0.264527,0.062100,-1.883306,0.824138,-0.193474,-0.412496
sample,110,drone,2.748122,3.512344,-2.537007,1.560826,0.557827,-0.244106,0.057306,-1.850045,0.809582,-0.190057,-0.412496
sample,111,drone,2.773105,3.525702,-2.542852,1.562198,0.512055,-0.224076,0.052604,-1.811677,0.792792,-0.186115,-0.412496
sample,112,drone,2.798087,3.537929,-2.548203,1.563454,0.467305,-0.204493,0.048007,-1.768087,0.773717,-0.181637,-0.412496
sample,113,drone,2.823070,3.549052,-2.553070,1.564597,0.423711,-0.185416,0.043528,-1.719163,0.752308,-0.176611,-0.412496
sample,114,drone,2.848053,3.559100,-2.557467,1.565629,0.381406,-0.166904,0.039182,-1.664793,0.728516,-0.171025,-0.412496
sample,115,drone,2.873036,3.568109,-2.561410,1.566555,0.340528,-0.149015,0.034983,-1.604861,0.702290,-0.164869,-0.412496
sample,116,drone,2.898019,3.576115,-2.564913,1.567377,0.301217,-0.131813,0.030944,-1.539256,0.673581,-0.158129,-0.412496
sample,117,drone,2.923002,3.583160,-2.567996,1.568101,0.263618,-0.115359,0.027082,-1.467864,0.642339,-0.150795,-0.412496
sample,118,drone,2.947985,3.589287,-2.570677,1.568730,0.227874,-0.099718,0.023410,-1.390572,0.608516,-0.142855,-0.412496
sample,119,drone,2.972968,3.594546,-2.572978,1.569271,0.194136,-0.084954,0.019944,-1.307266,0.572062,-0.134297,-0.412496
sample,120,drone,2.997951,3.598987,-2.574922,1.569727,0.162556,-0.071135,0.016699,-1.217834,0.532926,-0.125109,-0.412496
sample,121,drone,3.022934,3.602668,-2.576533,1.570105,0.133286,-0.058326,0.013693,-1.122162,0.491060,-0.115281,-0.412496
sample,122,drone,3.047917,3.605647,-2.577836,1.570411,0.106486,-0.046598,0.010939,-1.020137,0.446414,-0.104800,-0.412496
sample,123,drone,3.072900,3.607988,-2.578861,1.570652,0.082314,-0.036021,0.008456,-0.911646,0.398938,-0.093654,-0.412496
sample,124,drone,3.097883,3.609760,-2.579636,1.570833,0.060935,-0.026665,0.006260,-0.796575,0.348582,-0.081833,-0.412496
sample,125,drone,3.122865,3.611033,-2.580193,1.570964,0.042513,-0.018604,0.004367,-0.674812,0.295299,-0.069324,-0.412496
sample,126,drone,3.147848,3.611884,-2.580566,1.571052,0.027217,-0.011910,0.002796,-0.546242,0.239036,-0.056116,-0.412496
sample,127,drone,3.172831,3.612393,-2.580788,1.571104,0.015219,-0.006660,0.001563,-0.410754,0.179746,-0.042197,-0.412496
sample,128,drone,3.197814,3.612644,-2.580898,1.571130,0.006693,-0.002929,0.000688,-0.268269,0.117437,-0.027562,-0.412496
sample,129,drone,3.222797,3.612727,-2.580935,1.571138,0.001815,-0.000792,0.000186,-0.124545,0.061279,-0.013194,-0.411519
sample,130,drone,3.247780,3.612735,-2.580938,1.571139,0.000470,0.000133,0.000028,0.001425,0.039576,-0.002221,0.275130
sample,131,drone,3.272763,3.612751,-2.580928,1.571140,0.001886,0.001185,0.000075,0.098343,0.065061,0.003738,0.561067
sample,132,drone,3.297746,3.612829,-2.580879,1.571143,0.005384,0.003384,0.000215,0.178902,0.112429,0.007150,0.561067
sample,133,drone,3.322729,3.613020,-2.580759,1.571151,0.010825,0.006803,0.000433,0.255315,0.160449,0.010203,0.561067
sample,134,drone,3.347712,3.613370,-2.580539,1.571165,0.018141,0.011401,0.000725,0.329030,0.206774,0.013149,0.561067
sample,135,drone,3.372695,3.613926,-2.580189,1.571187,0.027265,0.017135,0.001090,0.400079,0.251424,0.015988,0.561067
sample,136,drone,3.397678,3.614733,-2.579683,1.571219,0.038131,0.023963,0.001524,0.468492,0.294417,0.018722,0.561067
sample,137,drone,3.422661,3.615832,-2.578992,1.571263,0.050674,0.031845,0.002025,0.534301,0.335774,0.021352,0.561067
sample,138,drone,3.447643,3.617265,-2.578092,1.571320,0.064828,0.040740,0.002591,0.597536,0.375514,0.023880,0.561067
sample,139,drone,3.472626,3.619071,-2.576956,1.571392,0.080530,0.050608,0.003218,0.658230,0.413656,0.026305,0.561067
sample,140,drone,3.497609,3.621288,-2.575563,1.571481,0.097717,0.061409,0.003905,0.716413,0.450220,0.028630,0.561067
sample,141,drone,3.522592,3.623953,-2.573888,1.571587,0.116327,0.073104,0.004649,0.772115,0.485226,0.030856,0.561067
sample,142,drone,3.547575,3.627101,-2.571910,1.571713,0.136297,0.085654,0.005447,0.825369,0.518692,0.032984,0.561067
sample,143,drone,3.572558,3.630764,-2.569608,1.571860,0.157567,0.099021,0.006297,0.876205,0.550639,0.035016,0.561067
sample,144,drone,3.597541,3.634974,-2.566962,1.572028,0.180077,0.113167,0.007196,0.924655,0.581087,0.036952,0.561067
sample,145,drone,3.622524,3.639761,-2.563954,1.572219,0.203768,0.128055,0.008143,0.970749,0.610054,0.038794,0.561067
sample,146,drone,3.647507,3.645155,-2.560564,1.572435,0.228581,0.143649,0.009135,1.014518,0.637560,0.040543,0.561067
sample,147,drone,3.672490,3.651183,-2.556776,1.572676,0.254459,0.159912,0.010169,1.055994,0.663625,0.042201,0.561067
sample,148,drone,3.697473,3.657869,-2.552574,1.572943,0.281345,0.176807,0.011243,1.095208,0.688269,0.043768,0.561067
sample,149,drone,3.722456,3.665240,-2.547942,1.573237,0.309182,0.194301,0.012356,1.132191,0.711510,0.045246,0.561067
sample,150,drone,3.747439,3.673318,-2.542866,1.573560,0.337916,0.212359,0.013504,1.166974,0.733369,0.046636,0.561067
sample,151,drone,3.772421,3.682124,-2.537331,1.573912,0.367491,0.230945,0.014686,1.199587,0.753865,0.047939,0.561067
sample,152,drone,3.797404,3.691680,-2.531326,1.574294,0.397854,0.250026,0.015900,1.230063,0.773017,0.049157,0.561067
sample,153,drone,3.822387,3.702004,-2.524838,1.574707,0.428952,0.269569,0.017142,1.258432,0.790845,0.050291,0.561067
sample,154,drone,3.847370,3.713113,-2.517857,1.575151,0.460733,0.289541,0.018412,1.284726,0.807369,0.051342,0.561067
sample,155,drone,3.872353,3.725024,-2.510371,1.575627,0.493145,0.309910,0.019708,1.308975,0.822608,0.052311,0.561067
sample,156,drone,3.897336,3.737753,-2.502372,1.576135,0.526137,0.330644,0.021026,1.331210,0.836581,0.053200,0.561067
sample,157,drone,3.922319,3.751313,-2.493850,1.576677,0.559660,0.351711,0.022366,1.351464,0.849309,0.054009,0.561067
sample,158,drone,3.947302,3.765717,-2.484798,1.577253,0.593664,0.373080,0.023725,1.369765,0.860811,0.054740,0.561067
sample,159,drone,3.972285,3.780976,-2.475209,1.577863,0.628101,0.394722,0.025101,1.386147,0.871106,0.055395,0.561067
sample,160,drone,3.997268,3.797101,-2.465076,1.578507,0.662924,0.416606,0.026493,1.400640,0.880213,0.055974,0.561067
sample,161,drone,4.022251,3.814100,-2.454393,1.579186,0.698085,0.438702,0.027898,1.413275,0.888153,0.056479,0.561067
sample,162,drone,4.047234,3.831981,-2.443156,1.579901,0.733539,0.460983,0.029315,1.424082,0.894946,0.056911,0.561067
sample,163,drone,4.072217,3.850752,-2.431360,1.580651,0.769241,0.483419,0.030741,1.433094,0.900609,0.057271,0.561067
sample,164,drone,4.097199,3.870417,-2.419001,1.581437,0.805145,0.505983,0.032176,1.440342,0.905164,0.057561,0.561067
sample,165,drone,4.122182,3.890982,-2.406078,1.582259,0.841209,0.528646,0.033617,1.445856,0.908629,0.057781,0.561067
sample,166,drone,4.147165,3.912449,-2.392587,1.583117,0.877389,0.551383,0.035063,1.449667,0.911024,0.057933,0.561067
sample,167,drone,4.172148,3.934821,-2.378527,1.584011,0.913643,0.574166,0.036512,1.451807,0.912369,0.058019,0.561067
sample,168,drone,4.197131,3.958100,-2.363898,1.584941,0.949929,0.596970,0.037962,1.452307,0.912683,0.058039,0.561067
sample,169,drone,4.222114,3.982285,-2.348699,1.585908,0.986208,0.619769,0.039412,1.451197,0.911985,0.057995,0.561067
sample,170,drone,4.247097,4.007376,-2.332931,1.586910,1.022440,0.642539,0.040860,1.448509,0.910296,0.057887,0.561067
sample,171,drone,4.272080,4.033372,-2.316594,1.587949,1.058584,0.665253,0.042305,1.444275,0.907635,0.057718,0.561067
sample,172,drone,4.297063,4.060269,-2.299691,1.589024,1.094604,0.687889,0.043744,1.438524,0.904021,0.057488,0.561067
sample,173,drone,4.322046,4.088065,-2.282223,1.590135,1.130461,0.710423,0.045177,1.431289,0.899474,0.057199,0.561067
sample,174,drone,4.347029,4.116754,-2.264194,1.591281,1.166120,0.732832,0.046602,1.422600,0.894014,0.056852,0.561067
sample,175,drone,4.372012,4.146331,-2.245607,1.592463,1.201543,0.755094,0.048018,1.412489,0.887660,0.056448,0.561067
sample,176,drone,4.396995,4.176790,-2.226465,1.593681,1.236696,0.777185,0.049422,1.400985,0.880431,0.055988,0.561067
sample,177,drone,4.421978,4.208124,-2.206774,1.594933,1.271544,0.799085,0.050815,1.388122,0.872347,0.055474,0.561067
sample,178,drone,4.446960,4.240324,-2.186538,1.596220,1.306055,0.820772,0.052194,1.373929,0.863427,0.054907,0.561067
sample,179,drone,4.471943,4.273382,-2.165764,1.597541,1.340194,0.842227,0.053559,1.358438,0.853692,0.054288,0.561067
sample,180,drone,4.496926,4.307288,-2.144456,1.598896,1.373930,0.863428,0.054907,1.341680,0.843161,0.053618,0.561067
sample,181,drone,4.521909,4.342031,-2.122622,1.600284,1.407232,0.884356,0.056238,1.323686,0.831853,0.052899,0.561067
sample,182,drone,4.546892,4.377601,-2.100268,1.601706,1.440069,0.904992,0.057550,1.304487,0.819787,0.052132,0.561067
sample,183,drone,4.571875,4.413986,-2.077403,1.603160,1.472412,0.925317,0.058842,1.284114,0.806984,0.051317,0.561067
sample,184,drone,4.596858,4.451172,-2.054034,1.604646,1.504231,0.945314,0.060114,1.262599,0.793463,0.050458,0.561067
sample,185,drone,4.621841,4.489146,-2.030169,1.606163,1.535499,0.964964,0.061364,1.239972,0.779244,0.049553,0.561067
sample,186,drone,4.646824,4.527894,-2.005819,1.607712,1.566187,0.984249,0.062590,1.216264,0.764345,0.048606,0.561067
sample,187,drone,4.671807,4.567402,-1.980991,1.609291,1.596270,1.003155,0.063792,1.191507,0.748787,0.047617,0.561067
sample,188,drone,4.696790,4.607653,-1.955695,1.610899,1.625722,1.021663,0.064969,1.165732,0.732588,0.046586,0.561067
sample,189,drone,4.721773,4.648632,-1.929942,1.612537,1.654517,1.039759,0.066120,1.138969,0.715770,0.045517,0.561067
sample,190,drone,4.746756,4.690322,-1.903743,1.614203,1.682631,1.057427,0.067243,1.111250,0.698350,0.044409,0.561067
sample,191,drone,4.771738,4.732706,-1.877107,1.615897,1.710042,1.074653,0.068339,1.082606,0.680349,0.043265,0.561067
sample,192,drone,4.796721,4.775766,-1.850047,1.617618,1.736725,1.091421,0.069405,1.053069,0.661787,0.042084,0.561067
sample,193,drone,4.821704,4.819483,-1.822573,1.619365,1.762659,1.107719,0.070442,1.022668,0.642682,0.040869,0.561067
sample,194,drone,4.846687,4.863839,-1.794699,1.621137,1.787823,1.123534,0.071447,0.991436,0.623055,0.039621,0.561067
sample,195,drone,4.871670,4.908813,-1.766435,1.622935,1.812197,1.138851,0.072421,0.959403,0.602924,0.038341,0.561067
sample,196,drone,4.896653,4.954387,-1.737795,1.624756,1.835761,1.153659,0.073363,0.926600,0.582310,0.037030,0.561067
sample,197,drone,4.921636,5.000539,-1.708791,1.626600,1.858495,1.167947,0.074272,0.893059,0.561231,0.035690,0.561067
sample,198,drone,4.946619,5.047248,-1.679438,1.628467,1.880383,1.181702,0.075146,0.858811,0.539708,0.034321,0.561067
sample,199,drone,4.971602,5.094494,-1.649747,1.630355,1.901407,1.194914,0.075986,0.823887,0.517761,0.032925,0.561067
sample,200,drone,4.996585,5.142253,-1.619733,1.632264,1.921549,1.207572,0.076791,0.788317,0.495407,0.031504,0.561067
sample,201,drone,5.021568,5.190505,-1.589409,1.634192,1.940796,1.219667,0.077561,0.752133,0.472668,0.030058,0.561067
sample,202,drone,5.046551,5.239227,-1.558791,1.636139,1.959130,1.231189,0.078293,0.715367,0.449563,0.028588,0.561067
sample,203,drone,5.071534,5.288395,-1.527892,1.638104,1.976539,1.242130,0.078989,0.678048,0.426110,0.027097,0.561067
sample,204,drone,5.096516,5.337986,-1.496727,1.640086,1.993010,1.252480,0.079647,0.640209,0.402331,0.025585,0.561067
sample,205,drone,5.121499,5.387977,-1.465311,1.642084,2.008528,1.262233,0.080267,0.601880,0.378243,0.024053,0.561067
sample,206,drone,5.146482,5.438344,-1.433658,1.644096,2.023083,1.271379,0.080849,0.563093,0.353868,0.022503,0.561067
sample,207,drone,5.171465,5.489063,-1.401785,1.646123,2.036663,1.279914,0.081392,0.523878,0.329224,0.020936,0.561067
sample,208,drone,5.196448,5.540108,-1.369706,1.648163,2.049259,1.287829,0.081895,0.484266,0.304331,0.019353,0.561067
sample,209,drone,5.221431,5.591455,-1.337438,1.650215,2.060860,1.295120,0.082359,0.444290,0.279208,0.017755,0.561067
sample,210,drone,5.246414,5.643080,-1.304995,1.652278,2.071458,1.301780,0.082782,0.403979,0.253875,0.016144,0.561067
sample,211,drone,5.271397,5.694958,-1.272393,1.654352,2.081045,1.307805,0.083165,0.363365,0.228352,0.014521,0.561067
sample,212,drone,5.296380,5.747062,-1.239649,1.656434,2.089614,1.313190,0.083508,0.322479,0.202658,0.012887,0.561067
sample,213,drone,5.321363,5.799367,-1.206778,1.658524,2.097158,1.317931,0.083809,0.281353,0.176812,0.011244,0.561067
sample,214,drone,5.346346,5.851848,-1.173798,1.660621,2.103672,1.322025,0.084070,0.240016,0.150835,0.009592,0.561067
sample,215,drone,5.371329,5.904479,-1.140722,1.662725,2.109151,1.325468,0.084289,0.198501,0.124745,0.007933,0.561067
sample,216,drone,5.396312,5.957233,-1.107569,1.664833,2.113590,1.328258,0.084466,0.156839,0.098563,0.006268,0.561067
sample,217,drone,5.421294,6.010086,-1.074355,1.666945,2.116987,1.330392,0.084602,0.115059,0.072307,0.004598,0.561067
sample,218,drone,5.446277,6.063011,-1.041095,1.669060,2.119340,1.331871,0.084696,0.073195,0.045998,0.002925,0.561067
sample,219,drone,5.471260,6.115981,-1.007807,1.671177,2.120645,1.332691,0.084748,0.031276,0.019655,0.001250,0.561067
sample,220,drone,5.496243,6.168970,-0.974506,1.673295,2.120902,1.332853,0.084758,-0.010666,-0.006703,-0.000426,0.561067
sample,221,drone,5.521226,6.221953,-0.941210,1.675412,2.120112,1.332356,0.084727,-0.052600,-0.033056,-0.002102,0.561067
sample,222,drone,5.546209,6.274904,-0.907934,1.677528,2.118274,1.331201,0.084653,-0.094495,-0.059384,-0.003776,0.561067
sample,223,drone,5.571192,6.327795,-0.874695,1.679642,2.115390,1.329389,0.084538,-0.136320,-0.085669,-0.005448,0.561067
sample,224,drone,5.596175,6.380601,-0.841510,1.681752,2.111463,1.326920,0.084381,-0.178044,-0.111890,-0.007115,0.561067
sample,225,drone,5.621158,6.433296,-0.808394,1.683858,2.106494,1.323798,0.084182,-0.219636,-0.138027,-0.008777,0.561067
sample,226,drone,5.646141,6.485854,-0.775365,1.685958,2.100488,1.320024,0.083942,-0.261064,-0.164062,-0.010433,0.561067
sample,227,drone,5.671124,6.538248,-0.742438,1.688052,2.093450,1.315601,0.083661,-0.302298,-0.189975,-0.012081,0.561067
sample,228,drone,5.696107,6.590455,-0.709630,1.690139,2.085384,1.310532,0.083339,-0.343306,-0.215746,-0.013720,0.561067
sample,229,drone,5.721090,6.642446,-0.676957,1.692216,2.076296,1.304821,0.082976,-0.384057,-0.241355,-0.015348,0.561067
sample,230,drone,5.746072,6.694198,-0.644434,1.694285,2.066194,1.298472,0.082572,-0.424521,-0.266784,-0.016965,0.561067
sample,231,drone,5.771055,6.745686,-0.612077,1.696342,2.055085,1.291491,0.082128,-0.464665,-0.292013,-0.018570,0.561067
sample,232,drone,5.796038,6.796883,-0.579903,1.698388,2.042977,1.283881,0.081644,-0.504460,-0.317021,-0.020160,0.561067
sample,233,drone,5.821021,6.847765,-0.547927,1.700422,2.029879,1.275650,0.081121,-0.543873,-0.341790,-0.021735,0.561067
sample,234,drone,5.846004,6.898307,-0.516164,1.702441,2.015802,1.266804,0.080558,-0.582875,-0.366300,-0.023294,0.561067
sample,235,drone,5.870987,6.948486,-0.484630,1.704447,2.000755,1.257348,0.079957,-0.621433,-0.390531,-0.024835,0.561067
sample,236,drone,5.895970,6.998277,-0.453340,1.706437,1.984751,1.247290,0.079317,-0.659517,-0.414465,-0.026356,0.561067
sample,237,drone,5.920953,7.047656,-0.422308,1.708410,1.967802,1.236639,0.078640,-0.697095,-0.438080,-0.027858,0.561067
sample,238,drone,5.945936,7.096599,-0.391550,1.710366,1.949920,1.225401,0.077925,-0.734137,-0.461358,-0.029339,0.561067
sample,239,drone,5.970919,7.145085,-0.361080,1.712303,1.931120,1.213587,0.077174,-0.770611,-0.484280,-0.030796,0.561067
sample,240,drone,5.995902,7.193090,-0.330912,1.714222,1.911416,1.201204,0.076386,-0.806486,-0.506825,-0.032230,0.561067
sample,241,drone,6.020885,7.240591,-0.301061,1.716120,1.890823,1.188263,0.075564,-0.841732,-0.528975,-0.033638,0.561067
sample,242,drone,6.045868,7.287566,-0.271540,1.717997,1.869358,1.174773,0.074706,-0.876316,-0.550709,-0.035020,0.561067
sample,243,drone,6.070850,7.333995,-0.242362,1.719853,1.847037,1.160746,0.073814,-0.910208,-0.572008,-0.036375,0.561067
sample,244,drone,6.095833,7.379855,-0.213542,1.721686,1.823879,1.146192,0.072888,-0.943378,-0.592853,-0.037700,0.561067
sample,245,drone,6.120816,7.425126,-0.185092,1.723495,1.799901,1.131124,0.071930,-0.975793,-0.613224,-0.038996,0.561067
sample,246,drone,6.145799,7.469788,-0.157024,1.725280,1.775122,1.115552,0.070940,-1.007422,-0.633101,-0.040260,0.561067
sample,247,drone,6.170782,7.513822,-0.129352,1.727039,1.749564,1.099490,0.069918,-1.038235,-0.652465,-0.041491,0.561067
sample,248,drone,6.195765,7.557207,-0.102088,1.728773,1.723246,1.082951,0.068867,-1.068201,-0.671297,-0.042689,0.561067
sample,249,drone,6.220748,7.599925,-0.075242,1.730480,1.696190,1.065948,0.067785,-1.097288,-0.689576,-0.043851,0.561067
sample,250,drone,6.245731,7.641959,-0.048827,1.732160,1.668419,1.048496,0.066676,-1.125465,-0.707284,-0.044977,0.561067
sample,251,drone,6.270714,7.683289,-0.022853,1.733812,1.639956,1.030608,0.065538,-1.152702,-0.724400,-0.046066,0.561067
sample,252,drone,6.295697,7.723900,0.002669,1.735435,1.610824,1.012300,0.064374,-1.178966,-0.740905,-0.047115,0.561067
sample,253,drone,6.320680,7.763775,0.027728,1.737028,1.581048,0.993588,0.063184,-1.204227,-0.756781,-0.048125,0.561067
sample,254,drone,6.345663,7.802899,0.052314,1.738592,1.550653,0.974487,0.061969,-1.228455,-0.772006,-0.049093,0.561067
sample,255,drone,6.370646,7.841255,0.076419,1.740125,1.519667,0.955014,0.060731,-1.251617,-0.786562,-0.050019,0.561067
sample,256,drone,6.395628,7.878830,0.100032,1.741626,1.488115,0.935186,0.059470,-1.273682,-0.800429,-0.050901,0.561067
sample,257,drone,6.420611,7.915610,0.123146,1.743096,1.456026,0.915020,0.058188,-1.294621,-0.813587,-0.051737,0.561067
sample,258,drone,6.445594,7.951582,0.145752,1.744534,1.423428,0.894535,0.056885,-1.314400,-0.826017,-0.052528,0.561067
sample,259,drone,6.470577,7.986733,0.167842,1.745938,1.390351,0.873748,0.055563,-1.332990,-0.837700,-0.053271,0.561067
sample,260,drone,6.495560,8.021052,0.189410,1.747310,1.356824,0.852678,0.054223,-1.350360,-0.848615,-0.053965,0.561067
sample,261,drone,6.520543,8.054528,0.210447,1.748648,1.322879,0.831346,0.052867,-1.366477,-0.858744,-0.054609,0.561067
sample,262,drone,6.545526,8.087151,0.230948,1.749951,1.288547,0.809770,0.051495,-1.381312,-0.868067,-0.055202,0.561067
sample,263,drone,6.570509,8.118911,0.250908,1.751221,1.253861,0.787972,0.050108,-1.394832,-0.876564,-0.055742,0.561067
sample,264,drone,6.595492,8.149801,0.270320,1.752455,1.218853,0.765972,0.048709,-1.407008,-0.884215,-0.056229,0.561067
sample,265,drone,6.620475,8.179812,0.289180,1.753655,1.183558,0.743791,0.047299,-1.417807,-0.891002,-0.056660,0.561067
sample,266,drone,6.645458,8.208938,0.307484,1.754819,1.148011,0.721452,0.045878,-1.427199,-0.896904,-0.057036,0.561067
sample,267,drone,6.670441,8.237173,0.325228,1.755947,1.112247,0.698977,0.044449,-1.435152,-0.901902,-0.057353,0.561067
sample,268,drone,6.695424,8.264513,0.342409,1.757039,1.076303,0.676388,0.043013,-1.441637,-0.905977,-0.057613,0.561067
sample,269,drone,6.720406,8.290952,0.359025,1.758096,1.040215,0.653709,0.041570,-1.446620,-0.909109,-0.057812,0.561067
sample,270,drone,6.745389,8.316488,0.375072,1.759117,1.004021,0.630964,0.040124,-1.450072,-0.911278,-0.057950,0.561067
sample,271,drone,6.770372,8.341119,0.390551,1.760101,0.967761,0.608176,0.038675,-1.451960,-0.912465,-0.058025,0.561067
sample,272,drone,6.795355,8.364843,0.405460,1.761049,0.931473,0.585372,0.037225,-1.452255,-0.912651,-0.058037,0.561067
sample,273,drone,6.820338,8.387660,0.419800,1.761961,0.895197,0.562575,0.035775,-1.450925,-0.911815,-0.057984,0.561067
sample,274,drone,6.845321,8.409572,0.433570,1.762837,0.858976,0.539812,0.034328,-1.447939,-0.909938,-0.057864,0.561067
sample,275,drone,6.870304,8.430580,0.446772,1.763676,0.822850,0.517109,0.032884,-1.443266,-0.907001,-0.057678,0.561067
sample,276,drone,6.895287,8.450687,0.459408,1.764480,0.786862,0.494493,0.031446,-1.436874,-0.902985,-0.057422,0.561067
sample,277,drone,6.920270,8.469896,0.471480,1.765247,0.751055,0.471991,0.030015,-1.428733,-0.897868,-0.057097,0.561067
sample,278,drone,6.945253,8.488214,0.482991,1.765979,0.715474,0.449630,0.028593,-1.418812,-0.891633,-0.056700,0.561067
sample,279,drone,6.970236,8.505645,0.493946,1.766676,0.680163,0.427439,0.027182,-1.407079,-0.884260,-0.056231,0.561067
sample,280,drone,6.995219,8.522199,0.504349,1.767337,0.645168,0.405447,0.025783,-1.393503,-0.875728,-0.055689,0.561067
sample,281,drone,7.020202,8.537882,0.514204,1.767964,0.610536,0.383683,0.024399,-1.378054,-0.866019,-0.055072,0.561067
sample,282,drone,7.045184,8.552705,0.523520,1.768557,0.576313,0.362176,0.023031,-1.360699,-0.855113,-0.054378,0.561067
sample,283,drone,7.070167,8.566678,0.532301,1.769115,0.542547,0.340956,0.021682,-1.341409,-0.842990,-0.053607,0.561067
sample,284,drone,7.095150,8.579813,0.540556,1.769640,0.509288,0.320055,0.020353,-1.320151,-0.829631,-0.052758,0.561067
sample,285,drone,7.120133,8.592125,0.548293,1.770132,0.476585,0.299503,0.019046,-1.296896,-0.815017,-0.051828,0.561067
sample,286,drone,7.145116,8.603626,0.555521,1.770592,0.444487,0.279332,0.017763,-1.271611,-0.799127,-0.050818,0.561067
sample,287,drone,7.170099,8.614334,0.562250,1.771019,0.413048,0.259574,0.016507,-1.244265,-0.781942,-0.049725,0.561067
sample,288,drone,7.195082,8.624265,0.568491,1.771416,0.382317,0.240262,0.015279,-1.214829,-0.763443,-0.048549,0.561067
sample,289,drone,7.220065,8.633437,0.574255,1.771783,0.352348,0.221428,0.014081,-1.183269,-0.743610,-0.047287,0.561067
sample,290,drone,7.245048,8.641870,0.579554,1.772120,0.323194,0.203107,0.012916,-1.149556,-0.722423,-0.045940,0.561067
sample,291,drone,7.270031,8.649585,0.584403,1.772428,0.294909,0.185332,0.011786,-1.113659,-0.699864,-0.044505,0.561067
sample,292,drone,7.295014,8.656605,0.588815,1.772709,0.267549,0.168137,0.010692,-1.075545,-0.675912,-0.042982,0.561067
sample,293,drone,7.319997,8.662954,0.592804,1.772962,0.241168,0.151559,0.009638,-1.035184,-0.650548,-0.041369,0.561067
sample,294,drone,7.344980,8.668655,0.596387,1.773190,0.215825,0.135632,0.008625,-0.992546,-0.623752,-0.039665,0.561067
sample,295,drone,7.369963,8.673737,0.599581,1.773393,0.191575,0.120393,0.007656,-0.947598,-0.595505,-0.037869,0.561067
sample,296,drone,7.394945,8.678228,0.602403,1.773573,0.168477,0.105877,0.006733,-0.900310,-0.565788,-0.035979,0.561067
sample,297,drone,7.419928,8.682156,0.604871,1.773730,0.146590,0.092123,0.005858,-0.850651,-0.534580,-0.033995,0.561067
sample,298,drone,7.444911,8.685552,0.607006,1.773866,0.125974,0.079167,0.005034,-0.798589,-0.501862,-0.031914,0.561067
sample,299,drone,7.469894,8.688450,0.608827,1.773981,0.106688,0.067047,0.004264,-0.744093,-0.467616,-0.029736,0.561067
sample,300,drone,7.494877,8.690883,0.610356,1.774079,0.088795,0.055802,0.003549,-0.687133,-0.431820,-0.027460,0.561067
sample,301,drone,7.519860,8.692887,0.611615,1.774159,0.072355,0.045471,0.002892,-0.627678,-0.394456,-0.025084,0.561067
sample,302,drone,7.544843,8.694498,0.612628,1.774223,0.057432,0.036092,0.002295,-0.565695,-0.355503,-0.022607,0.561067
sample,303,drone,7.569826,8.695756,0.613419,1.774273,0.044090,0.027707,0.001762,-0.501154,-0.314944,-0.020028,0.561067
sample,304,drone,7.594809,8.696701,0.614012,1.774311,0.032392,0.020356,0.001294,-0.434025,-0.272757,-0.017345,0.561067
sample,305,drone,7.619792,8.697375,0.614436,1.774338,0.022403,0.014079,0.000895,-0.364275,-0.228924,-0.014558,0.561067
sample,306,drone,7.644775,8.697821,0.614716,1.774356,0.014190,0.008918,0.000567,-0.291874,-0.183424,-0.011664,0.561067
sample,307,drone,7.669758,8.698084,0.614881,1.774366,0.007819,0.004914,0.000312,-0.216791,-0.136239,-0.008664,0.561067
sample,308,drone,7.694741,8.698211,0.614961,1.774371,0.003358,0.002110,0.000134,-0.139171,-0.087516,-0.005596,0.561067
sample,309,drone,7.719723,8.698252,0.614987,1.774373,0.000866,0.000541,0.000033,-0.074781,-0.052127,-0.006169,0.558744
sample,310,drone,7.744706,8.698255,0.614988,1.774373,-0.000378,-0.000494,-0.000174,-0.066522,-0.070278,-0.020303,-2.224244
sample,311,drone,7.769689,8.698233,0.614962,1.774364,-0.002458,-0.002970,-0.000982,-0.128554,-0.154593,-0.050876,-2.262140
sample,312,drone,7.794672,8.698132,0.614840,1.774324,-0.006802,-0.008219,-0.002716,-0.219913,-0.265725,-0.087816,-2.262140
sample,313,drone,7.819655,8.697893,0.614551,1.774229,-0.013446,-0.016247,-0.005369,-0.309956,-0.374525,-0.123772,-2.262140
sample,314,drone,7.844638,8.697460,0.614028,1.774056,-0.022289,-0.026932,-0.008900,-0.395899,-0.478371,-0.158091,-2.262140
sample,315,drone,7.869621,8.696779,0.613206,1.773784,-0.033228,-0.040150,-0.013269,-0.477800,-0.577334,-0.190796,-2.262140
sample,316,drone,7.894604,8.695800,0.612022,1.773393,-0.046163,-0.055779,-0.018434,-0.555722,-0.671488,-0.221912,-2.262140
sample,317,drone,7.919587,8.694473,0.610419,1.772863,-0.060995,-0.073701,-0.024357,-0.629724,-0.760906,-0.251463,-2.262140
sample,318,drone,7.944570,8.692752,0.608340,1.772176,-0.077627,-0.093798,-0.030998,-0.699867,-0.845661,-0.279472,-2.262140
sample,319,drone,7.969553,8.690594,0.605732,1.771314,-0.095964,-0.115955,-0.038321,-0.766212,-0.925827,-0.305965,-2.262140
sample,320,drone,7.994536,8.687957,0.602546,1.770261,-0.115912,-0.140058,-0.046286,-0.828819,-1.001476,-0.330966,-2.262140
sample,321,drone,8.019519,8.684802,0.598734,1.769001,-0.137377,-0.165995,-0.054858,-0.887749,-1.072683,-0.354498,-2.262140
sample,322,drone,8.044501,8.681093,0.594252,1.767520,-0.160269,-0.193656,-0.063999,-0.943063,-1.139519,-0.376586,-2.262140
sample,323,drone,8.069484,8.676794,0.589058,1.765804,-0.184498,-0.222932,-0.073674,-0.994820,-1.202058,-0.397254,-2.262140
sample,324,drone,8.094467,8.671874,0.583113,1.763839,-0.209976,-0.253718,-0.083848,-1.043082,-1.260374,-0.416526,-2.262140
sample,325,drone,8.119450,8.666303,0.576380,1.761614,-0.236616,-0.285908,-0.094486,-1.087909,-1.314539,-0.434426,-2.262140
sample,326,drone,8.144433,8.660052,0.568827,1.759118,-0.264334,-0.319400,-0.105555,-1.129362,-1.364627,-0.450979,-2.262140
sample,327,drone,8.169416,8.653095,0.560421,1.756340,-0.293046,-0.354092,-0.117020,-1.167501,-1.410711,-0.466209,-2.262140
sample,328,drone,8.194399,8.645409,0.551135,1.753271,-0.322669,-0.389887,-0.128849,-1.202387,-1.452864,-0.480140,-2.262140
sample,329,drone,8.219382,8.636973,0.540940,1.749902,-0.353124,-0.426686,-0.141010,-1.234080,-1.491160,-0.492795,-2.262140
sample,330,drone,8.244365,8.627765,0.529815,1.746225,-0.384331,-0.464394,-0.153472,-1.262641,-1.525671,-0.504200,-2.262140
sample,331,drone,8.269348,8.617769,0.517736,1.742233,-0.416213,-0.502917,-0.166203,-1.288131,-1.556470,-0.514379,-2.262140
sample,332,drone,8.294331,8.606969,0.504686,1.737921,-0.448694,-0.542164,-0.179173,-1.310609,-1.583632,-0.523355,-2.262140
sample,333,drone,8.319314,8.595350,0.490647,1.733281,-0.481699,-0.582045,-0.192353,-1.330138,-1.607229,-0.531154,-2.262140
sample,334,drone,8.344297,8.582900,0.475604,1.728310,-0.515155,-0.622471,-0.205713,-1.346777,-1.627334,-0.537798,-2.262140
sample,335,drone,8.369279,8.569610,0.459545,1.723002,-0.548992,-0.663356,-0.219225,-1.360586,-1.644020,-0.543312,-2.262140
sample,336,drone,8.394262,8.555469,0.442459,1.717356,-0.583138,-0.704616,-0.232860,-1.371627,-1.657361,-0.547721,-2.262140
sample,337,drone,8.419245,8.540473,0.424338,1.711367,-0.617526,-0.746167,-0.246592,-1.379960,-1.667430,-0.551049,-2.262140
sample,338,drone,8.444228,8.524614,0.405176,1.705035,-0.652089,-0.787930,-0.260394,-1.385646,-1.674300,-0.553319,-2.262140
sample,339,drone,8.469211,8.507890,0.384968,1.698356,-0.686761,-0.829825,-0.274239,-1.388745,-1.678044,-0.554556,-2.262140
sample,340,drone,8.494194,8.490299,0.363713,1.691332,-0.721479,-0.871775,-0.288102,-1.389317,-1.678736,-0.554785,-2.262140
sample,341,drone,8.519177,8.471841,0.341409,1.683961,-0.756180,-0.913705,-0.301959,-1.387424,-1.676448,-0.554029,-2.262140
sample,342,drone,8.544160,8.452516,0.318059,1.676244,-0.790803,-0.955540,-0.315785,-1.383125,-1.671254,-0.552312,-2.262140
sample,343,drone,8.569143,8.432328,0.293665,1.668183,-0.825289,-0.997210,-0.329556,-1.376482,-1.663227,-0.549660,-2.262140
sample,344,drone,8.594126,8.411280,0.268232,1.659778,-0.859580,-1.038645,-0.343249,-1.367555,-1.652440,-0.546095,-2.262140
sample,345,drone,8.619109,8.389378,0.241768,1.651032,-0.893620,-1.079776,-0.356842,-1.356404,-1.638966,-0.541642,-2.262140
sample,346,drone,8.644092,8.366630,0.214280,1.641948,-0.927354,-1.120537,-0.370313,-1.343091,-1.622879,-0.536326,-2.262140
sample,347,drone,8.669075,8.343042,0.185779,1.632529,-0.960728,-1.160864,-0.383640,-1.327675,-1.604252,-0.530170,-2.262140
sample,348,drone,8.694057,8.318626,0.156277,1.622779,-0.993692,-1.200695,-0.396803,-1.310217,-1.583158,-0.523199,-2.262140
sample,349,drone,8.719040,8.293392,0.125786,1.612702,-1.026194,-1.239968,-0.409782,-1.290778,-1.559670,-0.515436,-2.262140
sample,350,drone,8.744023,8.267351,0.094321,1.602304,-1.058187,-1.278625,-0.422557,-1.269419,-1.533861,-0.506907,-2.262140
sample,351,drone,8.769006,8.240518,0.061898,1.591589,-1.089622,-1.316609,-0.435110,-1.246200,-1.505804,-0.497635,-2.262140
sample,352,drone,8.793989,8.212907,0.028535,1.580563,-1.120454,-1.353864,-0.447422,-1.221181,-1.475574,-0.487645,-2.262140
sample,353,drone,8.818972,8.184534,-0.005749,1.569233,-1.150639,-1.390337,-0.459476,-1.194423,-1.443242,-0.476960,-2.262140
sample,354,drone,8.843955,8.155415,-0.040934,1.557605,-1.180135,-1.425977,-0.471254,-1.165987,-1.408882,-0.465605,-2.262140
sample,355,drone,8.868938,8.125568,-0.076999,1.545687,-1.208899,-1.460733,-0.482740,-1.135933,-1.372568,-0.453603,-2.262140
sample,356,drone,8.893921,8.095011,-0.113921,1.533485,-1.236892,-1.494558,-0.493919,-1.104323,-1.334372,-0.440980,-2.262140
sample,357,drone,8.918904,8.063765,-0.151676,1.521007,-1.264077,-1.527406,-0.504774,-1.071215,-1.294367,-0.427760,-2.262140
sample,358,drone,8.943887,8.031850,-0.190239,1.508263,-1.290417,-1.559233,-0.515292,-1.036671,-1.252628,-0.413966,-2.262140
sample,359,drone,8.968870,7.999288,-0.229584,1.495260,-1.315875,-1.589995,-0.525458,-1.000753,-1.209226,-0.399623,-2.262140
sample,360,drone,8.993853,7.966102,-0.269684,1.482008,-1.340420,-1.619653,-0.535259,-0.963519,-1.164236,-0.384754,-2.262140
sample,361,drone,9.018835,7.932313,-0.310512,1.468516,-1.364018,-1.648167,-0.544683,-0.925030,-1.117730,-0.369385,-2.262140
sample,362,drone,9.043818,7.897947,-0.352037,1.454793,-1.386640,-1.675501,-0.553716,-0.885349,-1.069782,-0.353539,-2.262140
sample,363,drone,9.068801,7.863029,-0.394229,1.440849,-1.408256,-1.701619,-0.562348,-0.844534,-1.020464,-0.337241,-2.262140
sample,364,drone,9.093784,7.827583,-0.437059,1.426695,-1.428838,-1.726489,-0.570567,-0.802646,-0.969851,-0.320514,-2.262140
sample,365,drone,9.118767,7.791636,-0.480495,1.412340,-1.448361,-1.750079,-0.578362,-0.759746,-0.918014,-0.303383,-2.262140
sample,366,drone,9.143750,7.755214,-0.524504,1.397796,-1.466799,-1.772359,-0.585725,-0.715895,-0.865028,-0.285873,-2.262140
sample,367,drone,9.168733,7.718346,-0.569052,1.383074,-1.484131,-1.793301,-0.592646,-0.671153,-0.810966,-0.268006,-2.262140
sample,368,drone,9.193716,7.681058,-0.614107,1.368184,-1.500334,-1.812879,-0.599117,-0.625581,-0.755900,-0.249808,-2.262140
sample,369,drone,9.218699,7.643380,-0.659634,1.353138,-1.515388,-1.831070,-0.605128,-0.579239,-0.699904,-0.231303,-2.262140
sample,370,drone,9.243682,7.605341,-0.705598,1.337948,-1.529276,-1.847850,-0.610674,-0.532187,-0.643051,-0.212514,-2.262140
sample,371,drone,9.268665,7.566969,-0.751964,1.322626,-1.541980,-1.863200,-0.615747,-0.484488,-0.585415,-0.193467,-2.262140
sample,372,drone,9.293648,7.528294,-0.798695,1.307182,-1.553484,-1.877101,-0.620341,-0.436200,-0.527068,-0.174184,-2.262140
sample,373,drone,9.318631,7.489347,-0.845755,1.291630,-1.563775,-1.889536,-0.624450,-0.387385,-0.468083,-0.154691,-2.262140
sample,374,drone,9.343613,7.450159,-0.893107,1.275981,-1.572840,-1.900489,-0.628070,-0.338102,-0.408535,-0.135012,-2.262140
sample,375,drone,9.368596,7.410759,-0.940714,1.260248,-1.580668,-1.909949,-0.631196,-0.288414,-0.348495,-0.115170,-2.262140
sample,376,drone,9.393579,7.371179,-0.988539,1.244443,-1.587251,-1.917902,-0.633824,-0.238380,-0.288038,-0.095190,-2.262140
sample,377,drone,9.418562,7.331451,-1.036544,1.228578,-1.592579,-1.924341,-0.635952,-0.188060,-0.227237,-0.075097,-2.262140
sample,378,drone,9.443545,7.291605,-1.084690,1.212667,-1.596647,-1.929256,-0.637577,-0.137516,-0.166163,-0.054913,-2.262140
sample,379,drone,9.468528,7.251673,-1.132941,1.196721,-1.599450,-1.932643,-0.638696,-0.086808,-0.104892,-0.034665,-2.262140
sample,380,drone,9.493511,7.211687,-1.181257,1.180754,-1.600985,-1.934497,-0.639309,-0.035997,-0.043496,-0.014374,-2.262140
sample,381,drone,9.518494,7.171678,-1.229600,1.164777,-1.601249,-1.934817,-0.639414,0.014857,0.017952,0.005933,-2.262140
sample,382,drone,9.543477,7.131679,-1.277931,1.148805,-1.600242,-1.933600,-0.639012,0.065694,0.079379,0.026233,-2.262140
sample,383,drone,9.568460,7.091721,-1.326214,1.132849,-1.597966,-1.930850,-0.638103,0.116452,0.140711,0.046502,-2.262140
sample,384,drone,9.593443,7.051835,-1.374408,1.116922,-1.594424,-1.926570,-0.636689,0.167072,0.201876,0.066715,-2.262140
sample,385,drone,9.618426,7.012054,-1.422476,1.101036,-1.589619,-1.920763,-0.634770,0.217492,0.262799,0.086849,-2.262140
sample,386,drone,9.643409,6.972409,-1.470381,1.085205,-1.583557,-1.913439,-0.632349,0.267652,0.323408,0.106879,-2.262140
sample,387,drone,9.668391,6.932931,-1.518083,1.069440,-1.576245,-1.904604,-0.629430,0.317491,0.383630,0.126781,-2.262140
sample,388,drone,9.693374,6.893650,-1.565546,1.053755,-1.567693,-1.894270,-0.626014,0.366950,0.443392,0.146531,-2.262140
sample,389,drone,9.718357,6.854599,-1.612732,1.038161,-1.557910,-1.882450,-0.622108,0.415967,0.502620,0.166105,-2.262140
sample,390,drone,9.743340,6.815808,-1.659604,1.022671,-1.546909,-1.869156,-0.617715,0.464481,0.561240,0.185478,-2.262140
sample,391,drone,9.768323,6.777307,-1.706126,1.007296,-1.534702,-1.854407,-0.612840,0.512433,0.619181,0.204626,-2.262140
sample,392,drone,9.793306,6.739125,-1.752261,0.992049,-1.521305,-1.838218,-0.607491,0.559761,0.676369,0.223525,-2.262140
sample,393,drone,9.818289,6.701294,-1.797974,0.976942,-1.506733,-1.820611,-0.601672,0.606405,0.732730,0.242151,-2.262140
sample,394,drone,9.843272,6.663840,-1.843229,0.961986,-1.491005,-1.801607,-0.595391,0.652305,0.788191,0.260480,-2.262140
sample,395,drone,9.868255,6.626794,-1.887993,0.947193,-1.474140,-1.781229,-0.588657,0.697399,0.842680,0.278487,-2.262140
sample,396,drone,9.893238,6.590184,-1.932230,0.932574,-1.456159,-1.759502,-0.581477,0.741628,0.896122,0.296149,-2.262140
sample,397,drone,9.918221,6.554036,-1.975908,0.918139,-1.437084,-1.736453,-0.573859,0.784931,0.948445,0.313440,-2.262140
sample,398,drone,9.943204,6.518378,-2.018993,0.903900,-1.416939,-1.712112,-0.565815,0.827247,0.999576,0.330338,-2.262140
sample,399,drone,9.968187,6.483237,-2.061455,0.889868,-1.395750,-1.686509,-0.557354,0.868515,1.049441,0.346817,-2.262140
sample,400,drone,9.993169,6.448639,-2.103261,0.876052,-1.373543,-1.659676,-0.548486,0.908675,1.097968,0.362854,-2.262140
sample,401,drone,10.018152,6.414607,-2.144382,0.862462,-1.350347,-1.631648,-0.539224,0.947667,1.145082,0.378424,-2.262140
sample,402,drone,10.043135,6.381167,-2.184788,0.849109,-1.326192,-1.602461,-0.529578,0.985430,1.190712,0.393504,-2.262140
sample,403,drone,10.068118,6.348343,-2.224450,0.836001,-1.301109,-1.572153,-0.519562,1.021903,1.234782,0.408068,-2.262140
sample,404,drone,10.093101,6.316156,-2.263342,0.823149,-1.275132,-1.540764,-0.509188,1.057025,1.277222,0.422094,-2.262140
sample,405,drone,10.118084,6.284630,-2.301436,0.810559,-1.248294,-1.508335,-0.498472,1.090737,1.317956,0.435556,-2.262140
sample,406,drone,10.143067,6.253784,-2.338707,0.798242,-1.220632,-1.474911,-0.487426,1.122978,1.356913,0.448430,-2.262140
sample,407,drone,10.168050,6.223640,-2.375131,0.786205,-1.192184,-1.440536,-0.476065,1.153686,1.394019,0.460692,-2.262140
sample,408,drone,10.193033,6.194216,-2.410684,0.774455,-1.162987,-1.405258,-0.464407,1.182802,1.429200,0.472319,-2.262140
sample,409,drone,10.218016,6.165530,-2.445346,0.763000,-1.133084,-1.369125,-0.452466,1.210265,1.462384,0.483286,-2.262140
sample,410,drone,10.242999,6.137600,-2.479094,0.751847,-1.102515,-1.332188,-0.440259,1.236014,1.493497,0.493568,-2.262140
sample,411,drone,10.267982,6.110442,-2.511910,0.741002,-1.071326,-1.294501,-0.427804,1.259989,1.522466,0.503141,-2.262140
sample,412,drone,10.292965,6.084071,-2.543775,0.730472,-1.039559,-1.256117,-0.415119,1.282129,1.549218,0.511982,-2.262140
sample,413,drone,10.317948,6.058500,-2.574673,0.720261,-1.007263,-1.217093,-0.402222,1.302373,1.573680,0.520066,-2.262140
sample,414,drone,10.342930,6.033742,-2.604588,0.710374,-0.974485,-1.177487,-0.389133,1.320662,1.595778,0.527369,-2.262140
sample,415,drone,10.367913,6.009809,-2.633507,0.700817,-0.941275,-1.137359,-0.375872,1.336934,1.615440,0.533867,-2.262140
sample,416,drone,10.392896,5.986710,-2.661417,0.691593,-0.907684,-1.096770,-0.362458,1.351128,1.632592,0.539536,-2.262140
sample,417,drone,10.417879,5.964456,-2.688308,0.682707,-0.873765,-1.055785,-0.348914,1.363186,1.647161,0.544350,-2.262140
sample,418,drone,10.442862,5.943052,-2.714170,0.674160,-0.839571,-1.014468,-0.335259,1.373045,1.659073,0.548287,-2.262140
sample,419,drone,10.467845,5.922506,-2.738997,0.665955,-0.805159,-0.972888,-0.321518,1.380645,1.668257,0.551322,-2.262140
sample,420,drone,10.492828,5.902821,-2.762781,0.658095,-0.770586,-0.931112,-0.307712,1.385925,1.674637,0.553431,-2.262140
sample,421,drone,10.517811,5.884003,-2.785520,0.650580,-0.735910,-0.889213,-0.293865,1.388826,1.678142,0.554589,-2.262140
sample,422,drone,10.542794,5.866051,-2.807212,0.643412,-0.701192,-0.847263,-0.280002,1.389286,1.678698,0.554773,-2.262140
sample,423,drone,10.567777,5.848967,-2.827855,0.636589,-0.666493,-0.805336,-0.266146,1.387245,1.676232,0.553958,-2.262140
sample,424,drone,10.592760,5.832749,-2.847451,0.630113,-0.631877,-0.763508,-0.252323,1.382642,1.670670,0.552120,-2.262140
sample,425,drone,10.617743,5.817395,-2.866004,0.623982,-0.597409,-0.721859,-0.238558,1.375417,1.661940,0.549235,-2.262140
sample,426,drone,10.642726,5.802899,-2.883519,0.618194,-0.563153,-0.680468,-0.224880,1.365509,1.649968,0.545278,-2.262140
sample,427,drone,10.667708,5.789256,-2.900004,0.612746,-0.529180,-0.639417,-0.211313,1.352858,1.634681,0.540226,-2.262140
sample,428,drone,10.692691,5.776458,-2.915468,0.607635,-0.495557,-0.598790,-0.197887,1.337403,1.616007,0.534055,-2.262140
sample,429,drone,10.717674,5.764495,-2.929923,0.602858,-0.462355,-0.558672,-0.184629,1.319083,1.593870,0.526739,-2.262140
sample,430,drone,10.742657,5.753356,-2.943383,0.598410,-0.429648,-0.519151,-0.171568,1.297838,1.568200,0.518255,-2.262140
sample,431,drone,10.767640,5.743028,-2.955863,0.594286,-0.397508,-0.480315,-0.158734,1.273607,1.538921,0.508580,-2.262140
sample,432,drone,10.792623,5.733494,-2.967382,0.590479,-0.366011,-0.442257,-0.146156,1.246330,1.505962,0.497687,-2.262140
sample,433,drone,10.817606,5.724740,-2.977961,0.586983,-0.335234,-0.405069,-0.133866,1.215946,1.469249,0.485554,-2.262140
sample,434,drone,10.842589,5.716744,-2.987622,0.583790,-0.305255,-0.368845,-0.121895,1.182395,1.428708,0.472157,-2.262140
sample,435,drone,10.867572,5.709487,-2.996390,0.580892,-0.276154,-0.333682,-0.110275,1.145616,1.384268,0.457470,-2.262140
sample,436,drone,10.892555,5.702946,-3.004294,0.578280,-0.248013,-0.299679,-0.099037,1.105548,1.335853,0.441470,-2.262140
sample,437,drone,10.917538,5.697095,-3.011364,0.575944,-0.220915,-0.266935,-0.088216,1.062131,1.283392,0.424133,-2.262140
sample,438,drone,10.942521,5.691908,-3.017632,0.573872,-0.194943,-0.235553,-0.077845,1.015305,1.226810,0.405434,-2.262140
sample,439,drone,10.967504,5.687355,-3.023134,0.572054,-0.170184,-0.205636,-0.067958,0.965008,1.166036,0.385349,-2.262140
sample,440,drone,10.992486,5.683404,-3.027907,0.570477,-0.146726,-0.177291,-0.058591,0.911180,1.100995,0.363854,-2.262140
sample,441,drone,11.017469,5.680023,-3.031992,0.569127,-0.124656,-0.150624,-0.049778,0.853761,1.031614,0.340926,-2.262140
sample,442,drone,11.042452,5.677176,-3.035433,0.567989,-0.104067,-0.125746,-0.041556,0.792690,0.957821,0.316539,-2.262140
sample,443,drone,11.067435,5.674824,-3.038275,0.567050,-0.085049,-0.102766,-0.033962,0.727906,0.879542,0.290669,-2.262140
sample,444,drone,11.092418,5.672926,-3.040568,0.566293,-0.067696,-0.081799,-0.027033,0.659349,0.796703,0.263293,-2.262140
sample,445,drone,11.117401,5.671441,-3.042362,0.565699,-0.052104,-0.062958,-0.020806,0.586959,0.709232,0.234386,-2.262140
sample,446,drone,11.142384,5.670323,-3.043713,0.565253,-0.038368,-0.046361,-0.015321,0.510674,0.617056,0.203923,-2.262140
sample,447,drone,11.167367,5.669524,-3.044679,0.564934,-0.026588,-0.032126,-0.010617,0.430434,0.520101,0.171882,-2.262140
sample,448,drone,11.192350,5.668994,-3.045319,0.564722,-0.016861,-0.020374,-0.006733,0.346179,0.418294,0.138237,-2.262140
sample,449,drone,11.217333,5.668681,-3.045697,0.564597,-0.009291,-0.011226,-0.003710,0.257848,0.311562,0.102964,-2.262140
sample,450,drone,11.242316,5.668530,-3.045880,0.564537,-0.003978,-0.004806,-0.001588,0.165533,0.200024,0.066108,-2.262140
sample,451,drone,11.267299,5.668483,-3.045937,0.564518,-0.001020,-0.001232,-0.000407,0.081177,0.098713,0.032991,-2.262294
sample,452,drone,11.292282,5.668479,-3.045941,0.564517,0.000078,0.000126,0.000060,0.036905,0.048016,0.017885,1.014227
sample,453,drone,11.317264,5.668487,-3.045931,0.564521,0.000824,0.001168,0.000487,0.043936,0.061922,0.025670,0.955968
sample,454,drone,11.342247,5.668520,-3.045883,0.564541,0.002274,0.003220,0.001343,0.073554,0.104165,0.043436,0.955968
sample,455,drone,11.367230,5.668600,-3.045770,0.564588,0.004500,0.006372,0.002657,0.104219,0.147593,0.061545,0.955968
sample,456,drone,11.392213,5.668745,-3.045564,0.564674,0.007481,0.010594,0.004418,0.134026,0.189804,0.079147,0.955968
sample,457,drone,11.417196,5.668974,-3.045240,0.564809,0.011196,0.015856,0.006612,0.162982,0.230811,0.096246,0.955969
sample,458,drone,11.442179,5.669305,-3.044772,0.565004,0.015625,0.022127,0.009227,0.191095,0.270623,0.112847,0.955969
sample,459,drone,11.467162,5.669755,-3.044135,0.565270,0.020745,0.029378,0.012250,0.218372,0.309252,0.128955,0.955969
sample,460,drone,11.492145,5.670341,-3.043304,0.565616,0.026536,0.037579,0.015670,0.244822,0.346710,0.144575,0.955969
sample,461,drone,11.517128,5.671081,-3.042257,0.566053,0.032977,0.046702,0.019474,0.270453,0.383007,0.159711,0.955969
sample,462,drone,11.542111,5.671989,-3.040971,0.566589,0.040049,0.056716,0.023650,0.295271,0.418155,0.174367,0.955969
sample,463,drone,11.567094,5.673082,-3.039423,0.567235,0.047731,0.067595,0.028187,0.319287,0.452164,0.188549,0.955969
sample,464,drone,11.592077,5.674374,-3.037593,0.567998,0.056003,0.079309,0.033071,0.342506,0.485047,0.202260,0.955969
sample,465,drone,11.617060,5.675880,-3.035460,0.568887,0.064844,0.091831,0.038293,0.364937,0.516813,0.215507,0.955969
sample,466,drone,11.642042,5.677614,-3.033005,0.569911,0.074237,0.105132,0.043839,0.386588,0.547475,0.228292,0.955969
sample,467,drone,11.667025,5.679589,-3.030207,0.571078,0.084161,0.119186,0.049699,0.407467,0.577043,0.240622,0.955969
sample,468,drone,11.692008,5.681819,-3.027050,0.572394,0.094596,0.133965,0.055862,0.427582,0.605529,0.252500,0.955969
sample,469,drone,11.716991,5.684316,-3.023514,0.573869,0.105525,0.149442,0.062316,0.446940,0.632944,0.263932,0.955969
sample,470,drone,11.741974,5.687092,-3.019583,0.575508,0.116928,0.165590,0.069050,0.465550,0.659298,0.274922,0.955969
sample,471,drone,11.766957,5.690158,-3.015240,0.577319,0.128787,0.182384,0.076053,0.483419,0.684604,0.285474,0.955969
sample,472,drone,11.791940,5.693527,-3.010470,0.579308,0.141083,0.199797,0.083314,0.500555,0.708872,0.295593,0.955969
sample,473,drone,11.816923,5.697207,-3.005257,0.581482,0.153797,0.217803,0.090822,0.516967,0.732113,0.305285,0.955969
sample,474,drone,11.841906,5.701211,-2.999587,0.583846,0.166913,0.236378,0.098567,0.532661,0.754339,0.314553,0.955969
sample,475,drone,11.866889,5.705547,-2.993446,0.586407,0.180412,0.255495,0.106539,0.547646,0.775561,0.323402,0.955969
sample,476,drone,11.891872,5.710226,-2.986821,0.589169,0.194277,0.275129,0.114726,0.561930,0.795789,0.331837,0.955969
sample,477,drone,11.916855,5.715255,-2.979699,0.592139,0.208490,0.295257,0.123120,0.575521,0.815036,0.339863,0.955969
sample,478,drone,11.941838,5.720643,-2.972068,0.595321,0.223033,0.315853,0.131708,0.588426,0.833312,0.347484,0.955969
sample,479,drone,11.966820,5.726399,-2.963917,0.598720,0.237891,0.336894,0.140482,0.600654,0.850628,0.354704,0.955969
sample,480,drone,11.991803,5.732529,-2.955235,0.602340,0.253045,0.358356,0.149431,0.612211,0.866996,0.361530,0.955969
sample,481,drone,12.016786,5.739042,-2.946012,0.606186,0.268480,0.380214,0.158546,0.623108,0.882427,0.367964,0.955969
sample,482,drone,12.041769,5.745944,-2.936237,0.610262,0.284180,0.402447,0.167817,0.633350,0.896931,0.374012,0.955969
sample,483,drone,12.066752,5.753242,-2.925903,0.614572,0.300126,0.425030,0.177234,0.642946,0.910521,0.379679,0.955969
sample,484,drone,12.091735,5.760940,-2.915000,0.619118,0.316305,0.447942,0.186788,0.651904,0.923207,0.384969,0.955969
sample,485,drone,12.116718,5.769046,-2.903521,0.623905,0.332699,0.471159,0.196469,0.660231,0.935000,0.389887,0.955969
sample,486,drone,12.141701,5.777564,-2.891458,0.628935,0.349294,0.494660,0.206269,0.667936,0.945912,0.394437,0.955969
sample,487,drone,12.166684,5.786499,-2.878805,0.634211,0.366073,0.518422,0.216178,0.675027,0.955954,0.398624,0.955969
sample,488,drone,12.191667,5.795855,-2.865555,0.639736,0.383022,0.542425,0.226186,0.681511,0.965136,0.402453,0.955969
sample,489,drone,12.216650,5.805637,-2.851702,0.645513,0.400126,0.566646,0.236286,0.687396,0.973471,0.405929,0.955969
sample,490,drone,12.241633,5.815848,-2.837242,0.651542,0.417368,0.591065,0.246469,0.692691,0.980969,0.409055,0.955969
sample,491,drone,12.266616,5.826491,-2.822169,0.657828,0.434736,0.615661,0.256725,0.697402,0.987641,0.411837,0.955969
sample,492,drone,12.291598,5.837570,-2.806480,0.664370,0.452215,0.640413,0.267047,0.701538,0.993499,0.414280,0.955969
sample,493,drone,12.316581,5.849086,-2.790171,0.671171,0.469789,0.665302,0.277425,0.705108,0.998553,0.416388,0.955969
sample,494,drone,12.341564,5.861043,-2.773238,0.678232,0.487446,0.690307,0.287852,0.708117,1.002815,0.418165,0.955969
sample,495,drone,12.366547,5.873442,-2.755679,0.685554,0.505171,0.715409,0.298319,0.710576,1.006297,0.419617,0.955969
sample,496,drone,12.391530,5.886284,-2.737492,0.693137,0.522951,0.740588,0.308818,0.712490,1.009008,0.420748,0.955969
sample,497,drone,12.416513,5.899572,-2.718675,0.700984,0.540771,0.765825,0.319342,0.713870,1.010962,0.421562,0.955969
sample,498,drone,12.441496,5.913304,-2.699227,0.709094,0.558620,0.791101,0.329882,0.714721,1.012167,0.422065,0.955969
sample,499,drone,12.466479,5.927483,-2.679147,0.717467,0.576483,0.816398,0.340431,0.715052,1.012636,0.422260,0.955969
sample,500,drone,12.491462,5.942109,-2.658435,0.726104,0.594348,0.841698,0.350981,0.714872,1.012381,0.422154,0.955969
sample,501,drone,12.516445,5.957181,-2.637090,0.735004,0.612202,0.866983,0.361524,0.714187,1.011411,0.421749,0.955969
sample,502,drone,12.541428,5.972698,-2.615115,0.744167,0.630033,0.892234,0.372054,0.713006,1.009738,0.421052,0.955969
sample,503,drone,12.566411,5.988661,-2.592509,0.753594,0.647828,0.917435,0.382562,0.711336,1.007374,0.420066,0.955969
sample,504,drone,12.591394,6.005067,-2.569275,0.763282,0.665575,0.942569,0.393043,0.709187,1.004330,0.418797,0.955969
sample,505,drone,12.616376,6.021917,-2.545413,0.773233,0.683263,0.967617,0.403488,0.706564,1.000616,0.417248,0.955969
sample,506,drone,12.641359,6.039207,-2.520927,0.783443,0.700879,0.992565,0.413891,0.703477,0.996244,0.415425,0.955969
sample,507,drone,12.666342,6.056937,-2.495819,0.793913,0.718413,1.017396,0.424245,0.699933,0.991225,0.413332,0.955969
sample,508,drone,12.691325,6.075103,-2.470092,0.804641,0.735852,1.042093,0.434543,0.695940,0.985570,0.410974,0.955969
sample,509,drone,12.716308,6.093704,-2.443750,0.815625,0.753186,1.066640,0.444780,0.691506,0.979291,0.408355,0.955969
sample,510,drone,12.741291,6.112737,-2.416796,0.826865,0.770404,1.091024,0.454947,0.686639,0.972398,0.405481,0.955969
sample,511,drone,12.766274,6.132198,-2.389236,0.838357,0.787495,1.115227,0.465040,0.681346,0.964903,0.402356,0.955969
sample,512,drone,12.791257,6.152085,-2.361073,0.850101,0.804448,1.139236,0.475051,0.675636,0.956816,0.398984,0.955969
sample,513,drone,12.816240,6.172393,-2.332313,0.862093,0.821253,1.163035,0.484975,0.669517,0.948150,0.395370,0.955969
sample,514,drone,12.841223,6.193119,-2.302961,0.874333,0.837901,1.186611,0.494806,0.662995,0.938915,0.391519,0.955969
sample,515,drone,12.866206,6.214259,-2.273023,0.886817,0.854380,1.209949,0.504538,0.656080,0.929122,0.387436,0.955969
sample,516,drone,12.891189,6.235809,-2.242505,0.899543,0.870682,1.233035,0.514165,0.648780,0.918783,0.383124,0.955969
sample,517,drone,12.916172,6.257764,-2.211413,0.912508,0.886797,1.255857,0.523681,0.641101,0.907909,0.378590,0.955969
sample,518,drone,12.941154,6.280119,-2.179755,0.925709,0.902716,1.278400,0.533081,0.633052,0.896510,0.373837,0.955969
sample,519,drone,12.966137,6.302869,-2.147537,0.939143,0.918428,1.300652,0.542360,0.624641,0.884598,0.368870,0.955969
sample,520,drone,12.991120,6.326009,-2.114767,0.952808,0.933926,1.322599,0.551512,0.615875,0.872185,0.363693,0.955969
sample,521,drone,13.016103,6.349533,-2.081452,0.966700,0.949201,1.344231,0.560532,0.606763,0.859281,0.358313,0.955969
sample,522,drone,13.041086,6.373436,-2.047601,0.980816,0.964244,1.365534,0.569416,0.597313,0.845897,0.352732,0.955969
sample,523,drone,13.066069,6.397712,-2.013222,0.995151,0.979046,1.386497,0.578157,0.587532,0.832046,0.346956,0.955969
sample,524,drone,13.091052,6.422355,-1.978323,1.009704,0.993600,1.407108,0.586752,0.577428,0.817737,0.340989,0.955969
sample,525,drone,13.116035,6.447359,-1.942915,1.024469,1.007898,1.427356,0.595195,0.567009,0.802982,0.334836,0.955969
sample,526,drone,13.141018,6.472716,-1.907004,1.039443,1.021931,1.447230,0.603482,0.556283,0.787792,0.328502,0.955969
sample,527,drone,13.166001,6.498420,-1.870602,1.054622,1.035693,1.466719,0.611609,0.545258,0.772178,0.321991,0.955969
sample,528,drone,13.190984,6.524465,-1.833719,1.070003,1.049176,1.485812,0.619571,0.533941,0.756152,0.315309,0.955969
sample,529,drone,13.215967,6.550843,-1.796363,1.085580,1.062372,1.504500,0.627363,0.522342,0.739725,0.308459,0.955969
sample,530,drone,13.240950,6.577547,-1.758545,1.101350,1.075275,1.522773,0.634983,0.510466,0.722908,0.301446,0.955969
sample,531,drone,13.265933,6.604570,-1.720276,1.117307,1.087878,1.540621,0.642425,0.498323,0.705711,0.294275,0.955969
sample,532,drone,13.290915,6.631904,-1.681566,1.133449,1.100174,1.558035,0.649687,0.485921,0.688147,0.286951,0.955969
sample,533,drone,13.315898,6.659541,-1.642427,1.149769,1.112157,1.575005,0.656763,0.473266,0.670226,0.279478,0.955969
sample,534,drone,13.340881,6.687474,-1.602870,1.166265,1.123821,1.591523,0.663651,0.460368,0.651960,0.271861,0.955969
sample,535,drone,13.365864,6.715694,-1.562906,1.182929,1.135160,1.607581,0.670347,0.447233,0.633359,0.264105,0.955969
sample,536,drone,13.390847,6.744193,-1.522546,1.199759,1.146168,1.623169,0.676847,0.433871,0.614435,0.256214,0.955969
sample,537,drone,13.415830,6.772963,-1.481803,1.216749,1.156839,1.638281,0.683149,0.420288,0.595199,0.248193,0.955969
sample,538,drone,13.440813,6.801996,-1.440688,1.233893,1.167168,1.652909,0.689248,0.406492,0.575662,0.240046,0.955969
sample,539,drone,13.465796,6.831282,-1.399214,1.251187,1.177149,1.667045,0.695143,0.392492,0.555836,0.231779,0.955969
sample,540,drone,13.490779,6.860813,-1.357392,1.268627,1.186779,1.680682,0.700829,0.378295,0.535731,0.223395,0.955969
sample,541,drone,13.515762,6.890580,-1.315237,1.286205,1.196051,1.693813,0.706305,0.363910,0.515359,0.214900,0.955969
sample,542,drone,13.540745,6.920575,-1.272760,1.303918,1.204962,1.706432,0.711567,0.349344,0.494730,0.206298,0.955969
sample,543,drone,13.565728,6.950787,-1.229974,1.321759,1.213506,1.718533,0.716613,0.334604,0.473857,0.197594,0.955969
sample,544,drone,13.590711,6.981208,-1.186892,1.339724,1.221681,1.730109,0.721440,0.319700,0.452749,0.188793,0.955969
sample,545,drone,13.615693,7.011829,-1.143527,1.357806,1.229480,1.741155,0.726046,0.304638,0.431419,0.179898,0.955969
sample,546,drone,13.640676,7.042641,-1.099893,1.376001,1.236902,1.751665,0.730429,0.289427,0.409878,0.170915,0.955969
sample,547,drone,13.665659,7.073632,-1.056004,1.394303,1.243942,1.761635,0.734586,0.274074,0.388136,0.161849,0.955969
sample,548,drone,13.690642,7.104795,-1.011872,1.412706,1.250596,1.771059,0.738516,0.258588,0.366205,0.152704,0.955969
sample,549,drone,13.715625,7.136119,-0.967511,1.431203,1.256862,1.779932,0.742216,0.242976,0.344096,0.143485,0.955969
sample,550,drone,13.740608,7.167595,-0.922936,1.449791,1.262737,1.788252,0.745685,0.227247,0.321820,0.134196,0.955969
sample,551,drone,13.765591,7.199213,-0.878160,1.468462,1.268217,1.796012,0.748921,0.211407,0.299389,0.124842,0.955969
sample,552,drone,13.790574,7.230963,-0.833197,1.487211,1.273300,1.803211,0.751923,0.195465,0.276812,0.115428,0.955969
sample,553,drone,13.815557,7.262835,-0.788061,1.506033,1.277984,1.809844,0.754689,0.179430,0.254103,0.105959,0.955969
sample,554,drone,13.840540,7.294818,-0.742766,1.524920,1.282265,1.815907,0.757217,0.163307,0.231271,0.096438,0.955969
sample,555,drone,13.865523,7.326904,-0.697328,1.543868,1.286143,1.821399,0.759507,0.147107,0.208329,0.086871,0.955969
sample,556,drone,13.890506,7.359082,-0.651759,1.562870,1.289616,1.826317,0.761558,0.130836,0.185286,0.077263,0.955969
sample,557,drone,13.915489,7.391341,-0.606074,1.581920,1.292681,1.830657,0.763368,0.114502,0.162155,0.067617,0.955969
sample,558,drone,13.940471,7.423672,-0.560288,1.601012,1.295337,1.834419,0.764936,0.098114,0.138946,0.057939,0.955969
sample,559,drone,13.965454,7.456063,-0.514416,1.620140,1.297583,1.837600,0.766263,0.081679,0.115671,0.048234,0.955969
sample,560,drone,13.990437,7.488506,-0.468471,1.639299,1.299418,1.840198,0.767346,0.065204,0.092340,0.038505,0.955969
sample,561,drone,14.015420,7.520990,-0.422469,1.658481,1.300841,1.842214,0.768187,0.048699,0.068966,0.028758,0.955969
sample,562,drone,14.040403,7.553504,-0.376423,1.677682,1.301851,1.843644,0.768783,0.032170,0.045559,0.018998,0.955969
sample,563,drone,14.065386,7.586038,-0.330349,1.696894,1.302449,1.844490,0.769136,0.015626,0.022130,0.009228,0.955969
sample,564,drone,14.090369,7.618582,-0.284262,1.716112,1.302632,1.844750,0.769244,-0.000925,-0.001310,-0.000546,0.955969
sample,565,drone,14.115352,7.651125,-0.238175,1.735330,1.302402,1.844425,0.769109,-0.017476,-0.024749,-0.010320,0.955969
sample,566,drone,14.140335,7.683658,-0.192104,1.754542,1.301759,1.843514,0.768729,-0.034018,-0.048176,-0.020089,0.955969
sample,567,drone,14.165318,7.716169,-0.146062,1.773740,1.300703,1.842017,0.768105,-0.050545,-0.071580,-0.029848,0.955969
sample,568,drone,14.190301,7.748648,-0.100066,1.792921,1.299233,1.839937,0.767237,-0.067047,-0.094950,-0.039593,0.955969
sample,569,drone,14.215284,7.781086,-0.054128,1.812076,1.297352,1.837273,0.766127,-0.083517,-0.118275,-0.049320,0.955969
sample,570,drone,14.240267,7.813472,-0.008265,1.831201,1.295060,1.834027,0.764773,-0.099948,-0.141543,-0.059022,0.955969
sample,571,drone,14.265249,7.845795,0.037510,1.850289,1.292359,1.830201,0.763178,-0.116330,-0.164744,-0.068697,0.955969
sample,572,drone,14.290232,7.878045,0.083183,1.869334,1.289248,1.825796,0.761341,-0.132657,-0.187866,-0.078338,0.955969
sample,573,drone,14.315215,7.910213,0.128738,1.888330,1.285730,1.820814,0.759263,-0.148921,-0.210898,-0.087942,0.955969
sample,574,drone,14.340198,7.942288,0.174161,1.907271,1.281807,1.815258,0.756946,-0.165113,-0.233828,-0.097504,0.955969
sample,575,drone,14.365181,7.974260,0.219439,1.926151,1.277480,1.809131,0.754391,-0.181226,-0.256647,-0.107020,0.955969
sample,576,drone,14.390164,8.006118,0.264556,1.944965,1.272752,1.802434,0.751599,-0.197252,-0.279342,-0.116483,0.955969
sample,577,drone,14.415147,8.037854,0.309499,1.963705,1.267624,1.795173,0.748571,-0.213182,-0.301903,-0.125891,0.955969
sample,578,drone,14.440130,8.069456,0.354253,1.982368,1.262100,1.787350,0.745309,-0.229010,-0.324317,-0.135238,0.955969
sample,579,drone,14.465113,8.100916,0.398805,2.000945,1.256182,1.778968,0.741814,-0.244727,-0.346575,-0.144519,0.955969
sample,580,drone,14.490096,8.132222,0.443141,2.019433,1.249872,1.770033,0.738088,-0.260325,-0.368665,-0.153730,0.955969
sample,581,drone,14.515079,8.163367,0.487247,2.037825,1.243174,1.760547,0.734133,-0.275797,-0.390575,-0.162866,0.955969
sample,582,drone,14.540062,8.194339,0.531108,2.056115,1.236092,1.750517,0.729950,-0.291134,-0.412295,-0.171924,0.955969
sample,583,drone,14.565045,8.225129,0.574713,2.074297,1.228627,1.739947,0.725542,-0.306329,-0.433814,-0.180897,0.955969
sample,584,drone,14.590027,8.255728,0.618046,2.092367,1.220786,1.728841,0.720912,-0.321373,-0.455120,-0.189781,0.955969
sample,585,drone,14.615010,8.286127,0.661096,2.110318,1.212570,1.717206,0.716060,-0.336260,-0.476201,-0.198572,0.955969
sample,586,drone,14.639993,8.316315,0.703848,2.128145,1.203984,1.705048,0.710990,-0.350980,-0.497048,-0.207265,0.955969
sample,587,drone,14.664976,8.346285,0.746290,2.145843,1.195033,1.692371,0.705704,-0.365527,-0.517648,-0.215855,0.955969
sample,588,drone,14.689959,8.376026,0.788409,2.163407,1.185720,1.679183,0.700204,-0.379891,-0.537991,-0.224338,0.955969
sample,589,drone,14.714942,8.405530,0.830192,2.180830,1.176051,1.665490,0.694494,-0.394066,-0.558066,-0.232708,0.955969
sample,590,drone,14.739925,8.434788,0.871626,2.198108,1.166030,1.651299,0.688577,-0.408044,-0.577860,-0.240963,0.955969
sample,591,drone,14.764908,8.463792,0.912700,2.215235,1.155663,1.636616,0.682455,-0.421816,-0.597364,-0.249095,0.955969
sample,592,drone,14.789891,8.492532,0.953401,2.232207,1.144954,1.621451,0.676131,-0.435375,-0.616565,-0.257102,0.955969
sample,593,drone,14.814874,8.521001,0.993717,2.249018,1.133909,1.605809,0.669608,-0.448713,-0.635454,-0.264979,0.955969
sample,594,drone,14.839857,8.549189,1.033637,2.265665,1.122534,1.589700,0.662891,-0.461821,-0.654018,-0.272720,0.955969
sample,595,drone,14.864840,8.577089,1.073148,2.282140,1.110834,1.573131,0.655982,-0.474693,-0.672246,-0.280321,0.955969
sample,596,drone,14.889823,8.604693,1.112240,2.298441,1.098815,1.556110,0.648884,-0.487319,-0.690128,-0.287777,0.955969
sample,597,drone,14.914805,8.631992,1.150900,2.314562,1.086484,1.538648,0.641603,-0.499693,-0.707651,-0.295084,0.955969
sample,598,drone,14.939788,8.658980,1.189119,2.330499,1.073848,1.520752,0.634140,-0.511807,-0.724806,-0.302238,0.955969
sample,599,drone,14.964771,8.685648,1.226886,2.346248,1.060912,1.502432,0.626501,-0.523652,-0.741580,-0.309232,0.955969
sample,600,drone,14.989754,8.711989,1.264190,2.361803,1.047683,1.483698,0.618689,-0.535220,-0.757963,-0.316064,0.955969
sample,601,drone,15.014737,8.737996,1.301020,2.377161,1.034169,1.464560,0.610709,-0.546504,-0.773944,-0.322728,0.955969
sample,602,drone,15.039720,8.763662,1.337368,2.392318,1.020376,1.445028,0.602564,-0.557497,-0.789510,-0.329219,0.955969
sample,603,drone,15.064703,8.788980,1.373222,2.407269,1.006313,1.425112,0.594259,-0.568189,-0.804652,-0.335533,0.955969
sample,604,drone,15.089686,8.813943,1.408575,2.422010,0.991986,1.404822,0.585799,-0.578573,-0.819358,-0.341665,0.955969
sample,605,drone,15.114669,8.838546,1.443416,2.436539,0.977404,1.384172,0.577187,-0.588641,-0.833616,-0.347611,0.955969
sample,606,drone,15.139652,8.862780,1.477736,2.450850,0.962574,1.363170,0.568430,-0.598386,-0.847416,-0.353365,0.955969
sample,607,drone,15.164635,8.886641,1.511527,2.464941,0.947505,1.341830,0.559531,-0.607799,-0.860747,-0.358924,0.955969
sample,608,drone,15.189618,8.910123,1.544782,2.478807,0.932205,1.320162,0.550496,-0.616872,-0.873597,-0.364282,0.955969
sample,609,drone,15.214601,8.933220,1.577490,2.492447,0.916683,1.298180,0.541329,-0.625599,-0.885955,-0.369435,0.955969
sample,610,drone,15.239583,8.955926,1.609646,2.505855,0.900947,1.275895,0.532037,-0.633970,-0.897809,-0.374379,0.955969
sample,611,drone,15.264566,8.978236,1.641242,2.519030,0.885006,1.253320,0.522623,-0.641978,-0.909150,-0.379108,0.955969
sample,612,drone,15.289549,9.000146,1.672269,2.531969,0.868870,1.230468,0.513094,-0.649614,-0.919965,-0.383617,0.955969
sample,613,drone,15.314532,9.021650,1.702723,2.544668,0.852547,1.207353,0.503456,-0.656873,-0.930244,-0.387903,0.955969
sample,614,drone,15.339515,9.042744,1.732596,2.557124,0.836049,1.183988,0.493712,-0.663744,-0.939975,-0.391961,0.955969
sample,615,drone,15.364498,9.063424,1.761882,2.569336,0.819383,1.160386,0.483871,-0.670220,-0.949147,-0.395786,0.955969
sample,616,drone,15.389481,9.083686,1.790576,2.581301,0.802560,1.136563,0.473937,-0.676295,-0.957749,-0.399373,0.955969
sample,617,drone,15.414464,9.103525,1.818671,2.593017,0.785591,1.112532,0.463916,-0.681958,-0.965770,-0.402717,0.955969
sample,618,drone,15.439447,9.122938,1.846164,2.604481,0.768486,1.088307,0.453815,-0.687204,-0.973198,-0.405815,0.955969
sample,619,drone,15.464430,9.141923,1.873050,2.615692,0.751255,1.063905,0.443639,-0.692023,-0.980023,-0.408661,0.955969
sample,620,drone,15.489413,9.160475,1.899323,2.626648,0.733908,1.039340,0.433395,-0.696408,-0.986233,-0.411250,0.955969
sample,621,drone,15.514396,9.178593,1.924981,2.637347,0.716458,1.014627,0.423090,-0.700351,-0.991817,-0.413579,0.955969
sample,622,drone,15.539379,9.196274,1.950020,2.647788,0.698915,0.989783,0.412731,-0.703845,-0.996765,-0.415642,0.955969
sample,623,drone,15.564361,9.213515,1.974436,2.657970,0.681290,0.964823,0.402323,-0.706880,-1.001064,-0.417435,0.955969
sample,624,drone,15.589344,9.230315,1.998228,2.667890,0.663595,0.939764,0.391873,-0.709450,-1.004703,-0.418952,0.955969
sample,625,drone,15.614327,9.246672,2.021392,2.677550,0.645841,0.914622,0.381389,-0.711547,-1.007672,-0.420190,0.955969
sample,626,drone,15.639310,9.262585,2.043928,2.686947,0.628042,0.889415,0.370878,-0.713162,-1.009960,-0.421144,0.955969
sample,627,drone,15.664293,9.278053,2.065833,2.696081,0.610208,0.864159,0.360346,-0.714288,-1.011554,-0.421809,0.955969
sample,628,drone,15.689276,9.293075,2.087106,2.704952,0.592352,0.838871,0.349802,-0.714917,-1.012445,-0.422181,0.955969
sample,629,drone,15.714259,9.307650,2.107748,2.713559,0.574486,0.813571,0.339252,-0.715041,-1.012620,-0.422254,0.955969
sample,630,drone,15.739242,9.321779,2.127757,2.721903,0.556624,0.788275,0.328704,-0.714652,-1.012069,-0.422024,0.955969
sample,631,drone,15.764225,9.335462,2.147135,2.729983,0.538778,0.763002,0.318165,-0.713742,-1.010781,-0.421487,0.955969
sample,632,drone,15.789208,9.348700,2.165881,2.737800,0.520961,0.737770,0.307644,-0.712303,-1.008743,-0.420637,0.955969
sample,633,drone,15.814191,9.361493,2.183998,2.745355,0.503187,0.712599,0.297148,-0.710328,-1.005946,-0.419471,0.955969
sample,634,drone,15.839174,9.373842,2.201487,2.752648,0.485469,0.687507,0.286685,-0.707809,-1.002378,-0.417983,0.955969
sample,635,drone,15.864157,9.385749,2.218350,2.759679,0.467821,0.662515,0.276263,-0.704737,-0.998028,-0.416169,0.955969
sample,636,drone,15.889139,9.397217,2.234590,2.766451,0.450256,0.637640,0.265890,-0.701104,-0.992884,-0.414024,0.955969
sample,637,drone,15.914122,9.408247,2.250210,2.772965,0.432790,0.612904,0.255576,-0.696904,-0.986936,-0.411543,0.955969
sample,638,drone,15.939105,9.418842,2.265214,2.779221,0.415435,0.588327,0.245327,-0.692128,-0.980172,-0.408723,0.955969
sample,639,drone,15.964088,9.429004,2.279606,2.785223,0.398207,0.563929,0.235153,-0.686768,-0.972581,-0.405558,0.955969
sample,640,drone,15.989071,9.438738,2.293391,2.790971,0.381120,0.539731,0.225063,-0.680816,-0.964152,-0.402043,0.955969
sample,641,drone,16.014054,9.448047,2.306574,2.796468,0.364189,0.515754,0.215065,-0.674265,-0.954874,-0.398174,0.955969
sample,642,drone,16.039037,9.456935,2.319161,2.801717,0.347430,0.492020,0.205168,-0.667106,-0.944736,-0.393947,0.955969
sample,643,drone,16.064020,9.465407,2.331159,2.806720,0.330857,0.468550,0.195381,-0.659332,-0.933726,-0.389356,0.955969
sample,644,drone,16.089003,9.473467,2.342573,2.811479,0.314486,0.445366,0.185714,-0.650934,-0.921834,-0.384397,0.955969
sample,645,drone,16.113986,9.481121,2.353412,2.815999,0.298332,0.422490,0.176174,-0.641905,-0.909047,-0.379065,0.955969
sample,646,drone,16.138969,9.488373,2.363683,2.820282,0.282412,0.399944,0.166773,-0.632237,-0.895356,-0.373356,0.955969
sample,647,drone,16.163952,9.495232,2.373395,2.824332,0.266742,0.377753,0.157519,-0.621922,-0.880749,-0.367264,0.955969
sample,648,drone,16.188935,9.501701,2.382558,2.828153,0.251338,0.355937,0.148423,-0.610953,-0.865214,-0.360786,0.955969
sample,649,drone,16.213918,9.507790,2.391180,2.831748,0.236215,0.334521,0.139492,-0.599321,-0.848740,-0.353917,0.955969
sample,650,drone,16.238900,9.513504,2.399272,2.835122,0.221392,0.313529,0.130739,-0.587018,-0.831317,-0.346652,0.955969
sample,651,drone,16.263883,9.518852,2.406846,2.838280,0.206885,0.292984,0.122172,-0.574036,-0.812934,-0.338986,0.955969
sample,652,drone,16.288866,9.523841,2.413911,2.841227,0.192710,0.272910,0.113801,-0.560369,-0.793578,-0.330915,0.955969
sample,653,drone,16.313849,9.528481,2.420482,2.843967,0.178885,0.253332,0.105637,-0.546007,-0.773239,-0.322434,0.955969
sample,654,drone,16.338832,9.532779,2.426569,2.846505,0.165428,0.234275,0.097690,-0.530942,-0.751905,-0.313538,0.955969
sample,655,drone,16.363815,9.536747,2.432188,2.848848,0.152356,0.215763,0.089971,-0.515168,-0.729567,-0.304223,0.955969
sample,656,drone,16.388798,9.540392,2.437350,2.851001,0.139687,0.197821,0.082490,-0.498676,-0.706211,-0.294484,0.955969
sample,657,drone,16.413781,9.543726,2.442072,2.852969,0.127439,0.180476,0.075257,-0.481459,-0.681828,-0.284316,0.955969
sample,658,drone,16.438764,9.546760,2.446368,2.854761,0.115631,0.163753,0.068284,-0.463507,-0.656405,-0.273715,0.955969
sample,659,drone,16.463747,9.549504,2.450254,2.856381,0.104280,0.147678,0.061581,-0.444814,-0.629933,-0.262676,0.955969
sample,660,drone,16.488730,9.551970,2.453747,2.857838,0.093405,0.132278,0.055159,-0.425372,-0.602399,-0.251195,0.955969
sample,661,drone,16.513713,9.554171,2.456863,2.859137,0.083026,0.117579,0.049029,-0.405172,-0.573793,-0.239267,0.955969
sample,662,drone,16.538696,9.556119,2.459622,2.860288,0.073161,0.103608,0.043204,-0.384207,-0.544103,-0.226886,0.955969
sample,663,drone,16.563678,9.557826,2.462040,2.861296,0.063829,0.090392,0.037693,-0.362469,-0.513318,-0.214049,0.955969
sample,664,drone,16.588661,9.559308,2.464138,2.862171,0.055049,0.077959,0.032508,-0.339950,-0.481428,-0.200751,0.955969
sample,665,drone,16.613644,9.560577,2.465935,2.862920,0.046843,0.066337,0.027662,-0.316642,-0.448420,-0.186987,0.955969
sample,666,drone,16.638627,9.561648,2.467453,2.863553,0.039228,0.055554,0.023165,-0.292538,-0.414284,-0.172753,0.955969
sample,667,drone,16.663610,9.562537,2.468711,2.864078,0.032226,0.045637,0.019030,-0.267629,-0.379008,-0.158043,0.955969
sample,668,drone,16.688593,9.563259,2.469733,2.864504,0.025856,0.036616,0.015269,-0.241907,-0.342582,-0.142854,0.955969
sample,669,drone,16.713576,9.563829,2.470541,2.864841,0.020139,0.028520,0.011893,-0.215365,-0.304994,-0.127180,0.955969
sample,670,drone,16.738559,9.564265,2.471158,2.865098,0.015095,0.021377,0.008914,-0.187995,-0.266233,-0.111017,0.955969
sample,671,drone,16.763542,9.564583,2.471609,2.865286,0.010745,0.015217,0.006346,-0.159788,-0.226287,-0.094360,0.955969
sample,672,drone,16.788525,9.564802,2.471918,2.865415,0.007111,0.010070,0.004199,-0.130738,-0.185147,-0.077205,0.955968
sample,673,drone,16.813508,9.564938,2.472112,2.865496,0.004213,0.005966,0.002488,-0.100835,-0.142800,-0.059546,0.955968
sample,674,drone,16.838491,9.565012,2.472217,2.865539,0.002073,0.002935,0.001224,-0.070073,-0.099235,-0.041380,0.955968
sample,675,drone,16.863474,9.565042,2.472259,2.865557,0.000712,0.001008,0.000420,-0.040725,-0.055820,-0.023236,0.955968
sample,676,drone,16.888456,9.565048,2.472267,2.865561,0.000038,0.000146,0.000063,-0.031265,-0.023800,-0.009479,1.317389
sample,677,drone,16.913439,9.565044,2.472266,2.865560,-0.000850,-0.000181,-0.000053,-0.062446,-0.016113,-0.005146,-2.931621
sample,678,drone,16.938422,9.565005,2.472258,2.865558,-0.003082,-0.000659,-0.000194,-0.122394,-0.026175,-0.007714,-2.930995
sample,679,drone,16.963405,9.564890,2.472233,2.865551,-0.006966,-0.001489,-0.000439,-0.187593,-0.040101,-0.011815,-2.930995
sample,680,drone,16.988388,9.564657,2.472183,2.865536,-0.012456,-0.002663,-0.000785,-0.250934,-0.053641,-0.015805,-2.930995
sample,681,drone,17.013371,9.564268,2.472100,2.865511,-0.019504,-0.004169,-0.001228,-0.312404,-0.066782,-0.019676,-2.930995
sample,682,drone,17.038354,9.563683,2.471975,2.865475,-0.028065,-0.005999,-0.001768,-0.372023,-0.079526,-0.023432,-2.930995
sample,683,drone,17.063337,9.562865,2.471800,2.865423,-0.038093,-0.008143,-0.002399,-0.429808,-0.091879,-0.027071,-2.930995
sample,684,drone,17.088320,9.561779,2.471568,2.865355,-0.049541,-0.010590,-0.003120,-0.485777,-0.103843,-0.030596,-2.930995
sample,685,drone,17.113303,9.560390,2.471271,2.865267,-0.062365,-0.013332,-0.003928,-0.539949,-0.115423,-0.034008,-2.930995
sample,686,drone,17.138286,9.558663,2.470902,2.865158,-0.076520,-0.016357,-0.004820,-0.592341,-0.126623,-0.037308,-2.930995
sample,687,drone,17.163269,9.556567,2.470454,2.865026,-0.091962,-0.019658,-0.005792,-0.642971,-0.137446,-0.040497,-2.930995
sample,688,drone,17.188252,9.554068,2.469920,2.864869,-0.108646,-0.023225,-0.006843,-0.691857,-0.147896,-0.043576,-2.930995
sample,689,drone,17.213234,9.551138,2.469293,2.864684,-0.126531,-0.027048,-0.007969,-0.739018,-0.157978,-0.046546,-2.930995
sample,690,drone,17.238217,9.547746,2.468568,2.864471,-0.145572,-0.031119,-0.009169,-0.784470,-0.167694,-0.049409,-2.930995
sample,691,drone,17.263200,9.543864,2.467739,2.864226,-0.165728,-0.035427,-0.010438,-0.828233,-0.177049,-0.052165,-2.930995
sample,692,drone,17.288183,9.539465,2.466798,2.863949,-0.186955,-0.039965,-0.011775,-0.870323,-0.186046,-0.054817,-2.930995
sample,693,drone,17.313166,9.534523,2.465742,2.863638,-0.209214,-0.044723,-0.013177,-0.910760,-0.194690,-0.057363,-2.930995
sample,694,drone,17.338149,9.529012,2.464564,2.863291,-0.232462,-0.049693,-0.014641,-0.949561,-0.202985,-0.059807,-2.930995
sample,695,drone,17.363132,9.522908,2.463259,2.862906,-0.256660,-0.054865,-0.016165,-0.986744,-0.210933,-0.062149,-2.930995
sample,696,drone,17.388115,9.516188,2.461822,2.862483,-0.281766,-0.060232,-0.017747,-1.022327,-0.218540,-0.064390,-2.930995
sample,697,drone,17.413098,9.508829,2.460249,2.862020,-0.307741,-0.065785,-0.019383,-1.056327,-0.225808,-0.066532,-2.930995
sample,698,drone,17.438081,9.500811,2.458535,2.861515,-0.334546,-0.071515,-0.021071,-1.088764,-0.232742,-0.068575,-2.930995
sample,699,drone,17.463064,9.492113,2.456676,2.860967,-0.362142,-0.077414,-0.022809,-1.119655,-0.239345,-0.070520,-2.930995
sample,700,drone,17.488047,9.482716,2.454667,2.860375,-0.390491,-0.083474,-0.024595,-1.149017,-0.245622,-0.072370,-2.930995
sample,701,drone,17.513030,9.472602,2.452505,2.859738,-0.419554,-0.089687,-0.026425,-1.176870,-0.251576,-0.074124,-2.930995
sample,702,drone,17.538012,9.461753,2.450186,2.859055,-0.449294,-0.096044,-0.028298,-1.203230,-0.257211,-0.075784,-2.930995
sample,703,drone,17.562995,9.450153,2.447706,2.858324,-0.479674,-0.102538,-0.030212,-1.228116,-0.262531,-0.077352,-2.930995
sample,704,drone,17.587978,9.437786,2.445062,2.857545,-0.510658,-0.109162,-0.032163,-1.251546,-0.267539,-0.078828,-2.930995
sample,705,drone,17.612961,9.424637,2.442252,2.856717,-0.542209,-0.115906,-0.034151,-1.273538,-0.272240,-0.080213,-2.930995
sample,706,drone,17.637944,9.410694,2.439271,2.855839,-0.574291,-0.122764,-0.036171,-1.294110,-0.276638,-0.081508,-2.930995
sample,707,drone,17.662927,9.395942,2.436118,2.854910,-0.606870,-0.129729,-0.038223,-1.313279,-0.280736,-0.082716,-2.930995
sample,708,drone,17.687910,9.380371,2.432789,2.853929,-0.639910,-0.136792,-0.040304,-1.331064,-0.284538,-0.083836,-2.930995
sample,709,drone,17.712893,9.363969,2.429283,2.852896,-0.673378,-0.143946,-0.042412,-1.347483,-0.288047,-0.084870,-2.930995
sample,710,drone,17.737876,9.346725,2.425597,2.851810,-0.707238,-0.151184,-0.044545,-1.362553,-0.291269,-0.085819,-2.930995
sample,711,drone,17.762859,9.328631,2.421729,2.850670,-0.741459,-0.158499,-0.046700,-1.376293,-0.294206,-0.086685,-2.930995
sample,712,drone,17.787842,9.309677,2.417677,2.849476,-0.776006,-0.165884,-0.048876,-1.388721,-0.296863,-0.087467,-2.930995
sample,713,drone,17.812825,9.289857,2.413440,2.848228,-0.810847,-0.173332,-0.051070,-1.399854,-0.299243,-0.088169,-2.930995
sample,714,drone,17.837808,9.269163,2.409016,2.846924,-0.845951,-0.180836,-0.053281,-1.409711,-0.301350,-0.088789,-2.930995
sample,715,drone,17.862790,9.247588,2.404405,2.845566,-0.881285,-0.188390,-0.055507,-1.418309,-0.303188,-0.089331,-2.930995
sample,716,drone,17.887773,9.225129,2.399603,2.844151,-0.916818,-0.195985,-0.057745,-1.425667,-0.304761,-0.089794,-2.930995
sample,717,drone,17.912756,9.201779,2.394612,2.842680,-0.952520,-0.203617,-0.059994,-1.431803,-0.306072,-0.090181,-2.930995
sample,718,drone,17.937739,9.177535,2.389430,2.841153,-0.988359,-0.211279,-0.062251,-1.436734,-0.307126,-0.090491,-2.930995
sample,719,drone,17.962722,9.152395,2.384055,2.839570,-1.024307,-0.218963,-0.064515,-1.440479,-0.307927,-0.090727,-2.930995
sample,720,drone,17.987705,9.126355,2.378489,2.837930,-1.060334,-0.226664,-0.066784,-1.443054,-0.308477,-0.090889,-2.930995
sample,721,drone,18.012688,9.099414,2.372730,2.836233,-1.096411,-0.234376,-0.069056,-1.444480,-0.308782,-0.090979,-2.930995
sample,722,drone,18.037671,9.071572,2.366778,2.834479,-1.132509,-0.242093,-0.071330,-1.444773,-0.308845,-0.090998,-2.930995
sample,723,drone,18.062654,9.042827,2.360633,2.832669,-1.168600,-0.249808,-0.073603,-1.443951,-0.308669,-0.090946,-2.930995
sample,724,drone,18.087637,9.013182,2.354296,2.830802,-1.204657,-0.257516,-0.075874,-1.442033,-0.308259,-0.090825,-2.930995
sample,725,drone,18.112620,8.982636,2.347766,2.828878,-1.240652,-0.265210,-0.078141,-1.439035,-0.307618,-0.090636,-2.930995
sample,726,drone,18.137603,8.951191,2.341045,2.826897,-1.276559,-0.272886,-0.080403,-1.434978,-0.306751,-0.090381,-2.930995
sample,727,drone,18.162586,8.918851,2.334131,2.824860,-1.312352,-0.280538,-0.082657,-1.429877,-0.305661,-0.090060,-2.930995
sample,728,drone,18.187568,8.885619,2.327027,2.822767,-1.348005,-0.288159,-0.084903,-1.423752,-0.304351,-0.089674,-2.930995
sample,729,drone,18.212551,8.851497,2.319733,2.820618,-1.383491,-0.295745,-0.087138,-1.416620,-0.302827,-0.089225,-2.930995
sample,730,drone,18.237534,8.816491,2.312250,2.818413,-1.418787,-0.303290,-0.089361,-1.408499,-0.301091,-0.088713,-2.930995
sample,731,drone,18.262517,8.780606,2.304579,2.816153,-1.453868,-0.310789,-0.091571,-1.399408,-0.299147,-0.088140,-2.930995
sample,732,drone,18.287500,8.743847,2.296721,2.813838,-1.488710,-0.318237,-0.093765,-1.389364,-0.297000,-0.087508,-2.930995
sample,733,drone,18.312483,8.706222,2.288678,2.811468,-1.523289,-0.325629,-0.095943,-1.378385,-0.294653,-0.086816,-2.930995
sample,734,drone,18.337466,8.667735,2.280451,2.809044,-1.557582,-0.332960,-0.098103,-1.366489,-0.292110,-0.086067,-2.930995
sample,735,drone,18.362449,8.628396,2.272042,2.806566,-1.591566,-0.340224,-0.100243,-1.353694,-0.289375,-0.085261,-2.930995
sample,736,drone,18.387432,8.588211,2.263452,2.804035,-1.625220,-0.347418,-0.102363,-1.340018,-0.286452,-0.084400,-2.930995
sample,737,drone,18.412415,8.547190,2.254683,2.801452,-1.658522,-0.354537,-0.104460,-1.325479,-0.283344,-0.083484,-2.930995
sample,738,drone,18.437398,8.505342,2.245737,2.798816,-1.691449,-0.361576,-0.106534,-1.310096,-0.280055,-0.082515,-2.930995
sample,739,drone,18.462381,8.462675,2.236616,2.796129,-1.723982,-0.368530,-0.108583,-1.293885,-0.276590,-0.081494,-2.930995
sample,740,drone,18.487364,8.419201,2.227323,2.793390,-1.756099,-0.375396,-0.110606,-1.276865,-0.272952,-0.080422,-2.930995
sample,741,drone,18.512346,8.374930,2.217859,2.790602,-1.787781,-0.382169,-0.112602,-1.259055,-0.269144,-0.079300,-2.930995
sample,742,drone,18.537329,8.329873,2.208227,2.787764,-1.819009,-0.388844,-0.114569,-1.240471,-0.265172,-0.078130,-2.930995
sample,743,drone,18.562312,8.284042,2.198430,2.784878,-1.849763,-0.395418,-0.116506,-1.221132,-0.261038,-0.076912,-2.930995
sample,744,drone,18.587295,8.237449,2.188470,2.781943,-1.880024,-0.401887,-0.118412,-1.201057,-0.256746,-0.075647,-2.930995
sample,745,drone,18.612278,8.190105,2.178350,2.778961,-1.909774,-0.408247,-0.120285,-1.180262,-0.252301,-0.074338,-2.930995
sample,746,drone,18.637261,8.142025,2.168072,2.775933,-1.938997,-0.414493,-0.122126,-1.158766,-0.247706,-0.072984,-2.930995
sample,747,drone,18.662244,8.093222,2.157639,2.772859,-1.967673,-0.420624,-0.123932,-1.136587,-0.242965,-0.071587,-2.930995
sample,748,drone,18.687227,8.043709,2.147055,2.769740,-1.995787,-0.426633,-0.125703,-1.113742,-0.238081,-0.070148,-2.930995
sample,749,drone,18.712210,7.993500,2.136322,2.766578,-2.023322,-0.432519,-0.127437,-1.090251,-0.233060,-0.068668,-2.930995
sample,750,drone,18.737193,7.942612,2.125444,2.763373,-2.050262,-0.438278,-0.129134,-1.066130,-0.227903,-0.067149,-2.930995
sample,751,drone,18.762176,7.891057,2.114423,2.760126,-2.076592,-0.443907,-0.130792,-1.041398,-0.222617,-0.065592,-2.930995
sample,752,drone,18.787159,7.838853,2.103263,2.756838,-2.102297,-0.449402,-0.132411,-1.016073,-0.217203,-0.063996,-2.930995
sample,753,drone,18.812142,7.786014,2.091968,2.753510,-2.127361,-0.454760,-0.133990,-0.990172,-0.211666,-0.062365,-2.930995
sample,754,drone,18.837124,7.732557,2.080541,2.750143,-2.151771,-0.459978,-0.135527,-0.963714,-0.206010,-0.060699,-2.930995
sample,755,drone,18.862107,7.678499,2.068985,2.746738,-2.175514,-0.465053,-0.137023,-0.936717,-0.200239,-0.058998,-2.930995
sample,756,drone,18.887090,7.623856,2.057304,2.743296,-2.198575,-0.469983,-0.138475,-0.909199,-0.194357,-0.057265,-2.930995
sample,757,drone,18.912073,7.568645,2.045502,2.739819,-2.220943,-0.474764,-0.139884,-0.881177,-0.188367,-0.055500,-2.930995
sample,758,drone,18.937056,7.512885,2.033582,2.736307,-2.242604,-0.479395,-0.141248,-0.852670,-0.182273,-0.053705,-2.930995
sample,759,drone,18.962039,7.456592,2.021549,2.732761,-2.263547,-0.483872,-0.142567,-0.823695,-0.176079,-0.051880,-2.930995
sample,760,drone,18.987022,7.399785,2.009405,2.729183,-2.283761,-0.488193,-0.143841,-0.794271,-0.169789,-0.050026,-2.930995
sample,761,drone,19.012005,7.342482,1.997156,2.725574,-2.303234,-0.492355,-0.145067,-0.764415,-0.163407,-0.048146,-2.930995
sample,762,drone,19.036988,7.284702,1.984804,2.721935,-2.321955,-0.496357,-0.146246,-0.734146,-0.156936,-0.046240,-2.930995
sample,763,drone,19.061971,7.226463,1.972355,2.718267,-2.339916,-0.500197,-0.147377,-0.703481,-0.150381,-0.044308,-2.930995
sample,764,drone,19.086954,7.167786,1.959812,2.714571,-2.357105,-0.503871,-0.148460,-0.672439,-0.143745,-0.042353,-2.930995
sample,765,drone,19.111937,7.108689,1.947178,2.710849,-2.373515,-0.507379,-0.149494,-0.641038,-0.137033,-0.040375,-2.930995
sample,766,drone,19.136920,7.049191,1.934460,2.707102,-2.389135,-0.510718,-0.150478,-0.609294,-0.130247,-0.038376,-2.930995
sample,767,drone,19.161903,6.989313,1.921660,2.703330,-2.403959,-0.513887,-0.151411,-0.577228,-0.123392,-0.036356,-2.930995
sample,768,drone,19.186885,6.929075,1.908783,2.699536,-2.417977,-0.516884,-0.152294,-0.544855,-0.116472,-0.034317,-2.930995
sample,769,drone,19.211868,6.868497,1.895833,2.695721,-2.431183,-0.519707,-0.153126,-0.512195,-0.109490,-0.032260,-2.930995
sample,770,drone,19.236851,6.807599,1.882815,2.691885,-2.443569,-0.522354,-0.153906,-0.479265,-0.102451,-0.030186,-2.930995
sample,771,drone,19.261834,6.746402,1.869734,2.688031,-2.455130,-0.524826,-0.154634,-0.446084,-0.095358,-0.028096,-2.930995
sample,772,drone,19.286817,6.684927,1.856592,2.684159,-2.465858,-0.527119,-0.155310,-0.412669,-0.088215,-0.025992,-2.930995
sample,773,drone,19.311800,6.623193,1.843396,2.680270,-2.475749,-0.529233,-0.155933,-0.379038,-0.081026,-0.023873,-2.930995
sample,774,drone,19.336783,6.561224,1.830149,2.676367,-2.484797,-0.531168,-0.156503,-0.345209,-0.073794,-0.021743,-2.930995
sample,775,drone,19.361766,6.499038,1.816855,2.672451,-2.492998,-0.532921,-0.157019,-0.311201,-0.066524,-0.019601,-2.930995
sample,776,drone,19.386749,6.436659,1.803521,2.668522,-2.500347,-0.534492,-0.157482,-0.277030,-0.059220,-0.017449,-2.930995
sample,777,drone,19.411732,6.374106,1.790149,2.664582,-2.506840,-0.535880,-0.157891,-0.242716,-0.051885,-0.015287,-2.930995
sample,778,drone,19.436715,6.311403,1.776745,2.660633,-2.512474,-0.537084,-0.158246,-0.208277,-0.044523,-0.013118,-2.930995
sample,779,drone,19.461698,6.248569,1.763313,2.656675,-2.517247,-0.538104,-0.158547,-0.173729,-0.037137,-0.010942,-2.930995
sample,780,drone,19.486681,6.185626,1.749858,2.652711,-2.521155,-0.538940,-0.158793,-0.139091,-0.029733,-0.008761,-2.930995
sample,781,drone,19.511663,6.122597,1.736385,2.648741,-2.524196,-0.539590,-0.158984,-0.104382,-0.022313,-0.006574,-2.930995
sample,782,drone,19.536646,6.059503,1.722897,2.644767,-2.526370,-0.540055,-0.159121,-0.069618,-0.014882,-0.004385,-2.930995
sample,783,drone,19.561629,5.996365,1.709400,2.640790,-2.527675,-0.540333,-0.159203,-0.034819,-0.007443,-0.002193,-2.930995
sample,784,drone,19.586612,5.933205,1.695899,2.636812,-2.528110,-0.540426,-0.159231,-0.000001,-0.000000,-0.000000,-2.930995
sample,785,drone,19.611595,5.870046,1.682397,2.632834,-2.527675,-0.540333,-0.159203,0.034816,0.007443,0.002193,-2.930995
sample,786,drone,19.636578,5.806908,1.668901,2.628857,-2.526370,-0.540055,-0.159121,0.069616,0.014882,0.004385,-2.930995
sample,787,drone,19.661561,5.743813,1.655413,2.624884,-2.524197,-0.539590,-0.158984,0.104379,0.022313,0.006574,-2.930995
sample,788,drone,19.686544,5.680784,1.641940,2.620914,-2.521155,-0.538940,-0.158793,0.139089,0.029733,0.008760,-2.930995
sample,789,drone,19.711527,5.617842,1.628485,2.616949,-2.517247,-0.538104,-0.158547,0.173726,0.037137,0.010942,-2.930995
sample,790,drone,19.736510,5.555008,1.615053,2.612992,-2.512475,-0.537084,-0.158246,0.208274,0.044522,0.013118,-2.930995
sample,791,drone,19.761493,5.492304,1.601649,2.609042,-2.506840,-0.535880,-0.157891,0.242714,0.051884,0.015287,-2.930995
sample,792,drone,19.786476,5.429751,1.588277,2.605103,-2.500347,-0.534492,-0.157482,0.277028,0.059219,0.017448,-2.930995
sample,793,drone,19.811459,5.367372,1.574942,2.601174,-2.492998,-0.532921,-0.157019,0.311198,0.066524,0.019601,-2.930995
sample,794,drone,19.836441,5.305187,1.561649,2.597257,-2.484798,-0.531168,-0.156503,0.345207,0.073794,0.021743,-2.930995
sample,795,drone,19.861424,5.243217,1.548402,2.593354,-2.475750,-0.529234,-0.155933,0.379035,0.081025,0.023873,-2.930995
sample,796,drone,19.886407,5.181484,1.535206,2.589466,-2.465859,-0.527119,-0.155310,0.412666,0.088214,0.025991,-2.930995
sample,797,drone,19.911390,5.120008,1.522064,2.585594,-2.455131,-0.524826,-0.154634,0.446081,0.095357,0.028096,-2.930995
sample,798,drone,19.936373,5.058811,1.508982,2.581739,-2.443570,-0.522355,-0.153906,0.479263,0.102451,0.030186,-2.930995
sample,799,drone,19.961356,4.997913,1.495964,2.577904,-2.431184,-0.519707,-0.153126,0.512193,0.109490,0.032260,-2.930995
sample,800,drone,19.986339,4.937335,1.483015,2.574088,-2.417978,-0.516884,-0.152294,0.544853,0.116472,0.034317,-2.930995
sample,801,drone,20.011322,4.877097,1.470138,2.570294,-2.403960,-0.513887,-0.151411,0.577225,0.123392,0.036356,-2.930995
sample,802,drone,20.036305,4.817219,1.457338,2.566523,-2.389136,-0.510718,-0.150478,0.609292,0.130247,0.038376,-2.930995
sample,803,drone,20.061288,4.757721,1.444619,2.562775,-2.373516,-0.507379,-0.149494,0.641035,0.137032,0.040375,-2.930995
sample,804,drone,20.086271,4.698624,1.431986,2.559053,-2.357107,-0.503872,-0.148460,0.672437,0.143745,0.042353,-2.930995
sample,805,drone,20.111254,4.639947,1.419443,2.555357,-2.339917,-0.500197,-0.147378,0.703479,0.150381,0.044308,-2.930995
sample,806,drone,20.136237,4.581708,1.406994,2.551689,-2.321957,-0.496358,-0.146246,0.734144,0.156936,0.046239,-2.930995
sample,807,drone,20.161219,4.523928,1.394642,2.548050,-2.303235,-0.492356,-0.145067,0.764413,0.163406,0.048146,-2.930995
sample,808,drone,20.186202,4.466625,1.382393,2.544441,-2.283762,-0.488193,-0.143841,0.794269,0.169788,0.050026,-2.930995
sample,809,drone,20.211185,4.409818,1.370249,2.540863,-2.263549,-0.483872,-0.142568,0.823693,0.176078,0.051880,-2.930995
sample,810,drone,20.236168,4.353525,1.358215,2.537317,-2.242606,-0.479395,-0.141248,0.852668,0.182272,0.053704,-2.930995
sample,811,drone,20.261151,4.297764,1.346296,2.533805,-2.220944,-0.474765,-0.139884,0.881175,0.188366,0.055500,-2.930995
sample,812,drone,20.286134,4.242554,1.334493,2.530328,-2.198577,-0.469983,-0.138475,0.909197,0.194356,0.057265,-2.930995
sample,813,drone,20.311117,4.187911,1.322813,2.526886,-2.175516,-0.465053,-0.137023,0.936715,0.200239,0.058998,-2.930995
sample,814,drone,20.336100,4.133852,1.311257,2.523482,-2.151773,-0.459978,-0.135527,0.963713,0.206010,0.060699,-2.930995
sample,815,drone,20.361083,4.080395,1.299829,2.520115,-2.127363,-0.454760,-0.133990,0.990170,0.211666,0.062365,-2.930995
sample,816,drone,20.386066,4.027557,1.288534,2.516787,-2.102298,-0.449402,-0.132411,1.016071,0.217202,0.063996,-2.930995
sample,817,drone,20.411049,3.975352,1.277375,2.513499,-2.076594,-0.443907,-0.130792,1.041396,0.222616,0.065591,-2.930995
sample,818,drone,20.436032,3.923798,1.266354,2.510251,-2.050264,-0.438279,-0.129134,1.066128,0.227903,0.067149,-2.930995
sample,819,drone,20.461015,3.872909,1.255476,2.507046,-2.023324,-0.432520,-0.127437,1.090249,0.233059,0.068668,-2.930995
sample,820,drone,20.485997,3.822701,1.244743,2.503884,-1.995789,-0.426634,-0.125703,1.113741,0.238081,0.070148,-2.930995
sample,821,drone,20.510980,3.773188,1.234159,2.500765,-1.967675,-0.420624,-0.123932,1.136585,0.242964,0.071587,-2.930995
sample,822,drone,20.535963,3.724384,1.223726,2.497692,-1.938999,-0.414494,-0.122126,1.158764,0.247706,0.072984,-2.930995
sample,823,drone,20.560946,3.676304,1.213448,2.494663,-1.909776,-0.408247,-0.120286,1.180260,0.252301,0.074338,-2.930995
sample,824,drone,20.585929,3.628961,1.203328,2.491681,-1.880026,-0.401887,-0.118412,1.201055,0.256746,0.075647,-2.930995
sample,825,drone,20.610912,3.582367,1.193367,2.488747,-1.849765,-0.395419,-0.116506,1.221131,0.261037,0.076912,-2.930995
sample,826,drone,20.635895,3.536536,1.183570,2.485860,-1.819011,-0.388844,-0.114569,1.240470,0.265171,0.078130,-2.930995
sample,827,drone,20.660878,3.491479,1.173938,2.483022,-1.787784,-0.382169,-0.112602,1.259054,0.269144,0.079300,-2.930995
sample,828,drone,20.685861,3.447207,1.164475,2.480234,-1.756101,-0.375396,-0.110606,1.276864,0.272951,0.080422,-2.930995
sample,829,drone,20.710844,3.403733,1.155181,2.477496,-1.723984,-0.368531,-0.108584,1.293884,0.276590,0.081494,-2.930995
sample,830,drone,20.735827,3.361067,1.146061,2.474808,-1.691451,-0.361576,-0.106535,1.310094,0.280055,0.082515,-2.930995
sample,831,drone,20.760810,3.319219,1.137115,2.472173,-1.658524,-0.354538,-0.104461,1.325478,0.283343,0.083484,-2.930995
sample,832,drone,20.785793,3.278198,1.128346,2.469589,-1.625223,-0.347419,-0.102363,1.340017,0.286451,0.084400,-2.930995
sample,833,drone,20.810775,3.238013,1.119756,2.467058,-1.591569,-0.340225,-0.100244,1.353693,0.289375,0.085261,-2.930995
sample,834,drone,20.835758,3.198673,1.111346,2.464580,-1.557584,-0.332960,-0.098103,1.366488,0.292110,0.086067,-2.930995
sample,835,drone,20.860741,3.160187,1.103119,2.462156,-1.523291,-0.325629,-0.095943,1.378384,0.294653,0.086816,-2.930995
sample,836,drone,20.885724,3.122561,1.095076,2.459786,-1.488712,-0.318237,-0.093765,1.389363,0.297000,0.087508,-2.930995
sample,837,drone,20.910707,3.085802,1.087218,2.457471,-1.453870,-0.310789,-0.091571,1.399407,0.299147,0.088140,-2.930995
sample,838,drone,20.935690,3.049917,1.079547,2.455211,-1.418790,-0.303290,-0.089361,1.408499,0.301091,0.088713,-2.930995
sample,839,drone,20.960673,3.014911,1.072064,2.453006,-1.383494,-0.295745,-0.087138,1.416620,0.302826,0.089225,-2.930995
sample,840,drone,20.985656,2.980790,1.064770,2.450857,-1.348007,-0.288159,-0.084903,1.423752,0.304351,0.089674,-2.930995
sample,841,drone,21.010639,2.947557,1.057666,2.448764,-1.312355,-0.280538,-0.082657,1.429877,0.305660,0.090060,-2.930995
sample,842,drone,21.035622,2.915217,1.050753,2.446727,-1.276562,-0.272887,-0.080403,1.434977,0.306751,0.090381,-2.930995
sample,843,drone,21.060605,2.883772,1.044031,2.444746,-1.240655,-0.265211,-0.078142,1.439035,0.307618,0.090636,-2.930995
sample,844,drone,21.085588,2.853226,1.037501,2.442823,-1.204659,-0.257516,-0.075874,1.442032,0.308259,0.090825,-2.930995
sample,845,drone,21.110571,2.823581,1.031164,2.440955,-1.168602,-0.249809,-0.073603,1.443951,0.308669,0.090946,-2.930995
sample,846,drone,21.135553,2.794836,1.025019,2.439145,-1.132511,-0.242093,-0.071330,1.444773,0.308845,0.090998,-2.930995
sample,847,drone,21.160536,2.766994,1.019067,2.437391,-1.096413,-0.234377,-0.069057,1.444480,0.308782,0.090979,-2.930995
sample,848,drone,21.185519,2.740053,1.013308,2.435694,-1.060336,-0.226665,-0.066784,1.443055,0.308477,0.090889,-2.930995
sample,849,drone,21.210502,2.714013,1.007742,2.434054,-1.024310,-0.218964,-0.064515,1.440479,0.307927,0.090727,-2.930995
sample,850,drone,21.235485,2.688872,1.002368,2.432471,-0.988362,-0.211279,-0.062251,1.436734,0.307126,0.090491,-2.930995
sample,851,drone,21.260468,2.664629,0.997185,2.430944,-0.952522,-0.203618,-0.059994,1.431803,0.306072,0.090181,-2.930995
sample,852,drone,21.285451,2.641279,0.992194,2.429473,-0.916820,-0.195986,-0.057745,1.425668,0.304761,0.089794,-2.930995
sample,853,drone,21.310434,2.618819,0.987393,2.428059,-0.881287,-0.188390,-0.055507,1.418310,0.303188,0.089331,-2.930995
sample,854,drone,21.335417,2.597245,0.982781,2.426700,-0.845953,-0.180837,-0.053282,1.409712,0.301350,0.088789,-2.930995
sample,855,drone,21.360400,2.576550,0.978357,2.425396,-0.810850,-0.173333,-0.051071,1.399855,0.299243,0.088169,-2.930995
sample,856,drone,21.385383,2.556730,0.974120,2.424148,-0.776008,-0.165885,-0.048876,1.388722,0.296863,0.087467,-2.930995
sample,857,drone,21.410366,2.537776,0.970068,2.422954,-0.741461,-0.158500,-0.046700,1.376294,0.294206,0.086685,-2.930995
sample,858,drone,21.435349,2.519682,0.966200,2.421815,-0.707241,-0.151185,-0.044545,1.362554,0.291269,0.085819,-2.930995
sample,859,drone,21.460331,2.502438,0.962514,2.420728,-0.673380,-0.143946,-0.042412,1.347484,0.288048,0.084870,-2.930995
sample,860,drone,21.485314,2.486036,0.959008,2.419695,-0.639913,-0.136792,-0.040304,1.331065,0.284538,0.083836,-2.930995
sample,861,drone,21.510297,2.470465,0.955679,2.418715,-0.606872,-0.129729,-0.038223,1.313280,0.280736,0.082716,-2.930995
sample,862,drone,21.535280,2.455713,0.952526,2.417785,-0.574293,-0.122765,-0.036171,1.294111,0.276638,0.081508,-2.930995
sample,863,drone,21.560263,2.441770,0.949545,2.416907,-0.542211,-0.115907,-0.034151,1.273540,0.272241,0.080213,-2.930995
sample,864,drone,21.585246,2.428621,0.946735,2.416079,-0.510660,-0.109162,-0.032163,1.251548,0.267540,0.078828,-2.930995
sample,865,drone,21.610229,2.416254,0.944091,2.415300,-0.479676,-0.102539,-0.030212,1.228118,0.262531,0.077352,-2.930995
sample,866,drone,21.635212,2.404654,0.941611,2.414570,-0.449296,-0.096045,-0.028299,1.203232,0.257211,0.075784,-2.930995
sample,867,drone,21.660195,2.393805,0.939292,2.413886,-0.419556,-0.089687,-0.026425,1.176872,0.251576,0.074124,-2.930995
sample,868,drone,21.685178,2.383690,0.937130,2.413249,-0.390493,-0.083474,-0.024595,1.149019,0.245622,0.072370,-2.930995
sample,869,drone,21.710161,2.374293,0.935121,2.412657,-0.362144,-0.077414,-0.022809,1.119657,0.239346,0.070521,-2.930995
sample,870,drone,21.735144,2.365595,0.933262,2.412110,-0.334548,-0.071515,-0.021071,1.088766,0.232742,0.068575,-2.930995
sample,871,drone,21.760127,2.357577,0.931548,2.411604,-0.307743,-0.065785,-0.019383,1.056330,0.225808,0.066532,-2.930995
sample,872,drone,21.785109,2.350219,0.929975,2.411141,-0.281768,-0.060233,-0.017747,1.022329,0.218540,0.064390,-2.930995
sample,873,drone,21.810092,2.343499,0.928538,2.410718,-0.256661,-0.054866,-0.016166,0.986746,0.210934,0.062149,-2.930995
sample,874,drone,21.835075,2.337394,0.927233,2.410333,-0.232464,-0.049693,-0.014642,0.949564,0.202985,0.059807,-2.930995
sample,875,drone,21.860058,2.331883,0.926055,2.409986,-0.209216,-0.044723,-0.013177,0.910763,0.194691,0.057364,-2.930995
sample,876,drone,21.885041,2.326941,0.924999,2.409675,-0.186957,-0.039965,-0.011775,0.870326,0.186047,0.054817,-2.930995
sample,877,drone,21.910024,2.322542,0.924058,2.409398,-0.165729,-0.035427,-0.010438,0.828236,0.177049,0.052166,-2.930995
sample,878,drone,21.935007,2.318660,0.923229,2.409153,-0.145573,-0.031119,-0.009169,0.784473,0.167694,0.049409,-2.930995
sample,879,drone,21.959990,2.315268,0.922503,2.408940,-0.126532,-0.027048,-0.007970,0.739021,0.157978,0.046547,-2.930995
sample,880,drone,21.984973,2.312338,0.921877,2.408755,-0.108648,-0.023225,-0.006843,0.691861,0.147897,0.043576,-2.930995
sample,881,drone,22.009956,2.309839,0.921343,2.408598,-0.091963,-0.019659,-0.005792,0.642975,0.137447,0.040497,-2.930995
sample,882,drone,22.034939,2.307743,0.920895,2.408466,-0.076521,-0.016358,-0.004820,0.592345,0.126624,0.037308,-2.930995
sample,883,drone,22.059922,2.306016,0.920526,2.408357,-0.062366,-0.013332,-0.003928,0.539953,0.115424,0.034008,-2.930995
sample,884,drone,22.084905,2.304627,0.920229,2.408269,-0.049542,-0.010590,-0.003120,0.485781,0.103844,0.030596,-2.930995
sample,885,drone,22.109888,2.303541,0.919997,2.408201,-0.038093,-0.008143,-0.002399,0.429812,0.091880,0.027071,-2.930995
sample,886,drone,22.134870,2.302723,0.919822,2.408150,-0.028066,-0.006000,-0.001768,0.372027,0.079527,0.023432,-2.930995
sample,887,drone,22.159853,2.302138,0.919697,2.408113,-0.019505,-0.004169,-0.001228,0.312408,0.066783,0.019677,-2.930995
sample,888,drone,22.184836,2.301749,0.919613,2.408088,-0.012456,-0.002663,-0.000785,0.250938,0.053642,0.015805,-2.930995
sample,889,drone,22.209819,2.301516,0.919564,2.408074,-0.006966,-0.001489,-0.000439,0.187598,0.040102,0.011816,-2.930995
sample,890,drone,22.234802,2.301401,0.919539,2.408066,-0.003083,-0.000659,-0.000194,0.122400,0.026161,0.007709,-2.930995
sample,891,drone,22.259785,2.301362,0.919531,2.408064,-0.000850,-0.000182,-0.000054,0.062748,0.012301,0.003798,-2.930744
sample,892,drone,22.284768,2.301358,0.919530,2.408064,0.000053,-0.000044,-0.000004,0.033143,0.000185,0.001129,-0.698455
sample,893,drone,22.309751,2.301365,0.919529,2.408064,0.000806,-0.000173,0.000003,0.045979,-0.009201,0.000251,-0.211278
sample,894,drone,22.334734,2.301398,0.919521,2.408064,0.002350,-0.000504,0.000008,0.079674,-0.017088,0.000276,-0.211278
sample,895,drone,22.359717,2.301482,0.919503,2.408064,0.004786,-0.001027,0.000017,0.114996,-0.024664,0.000398,-0.211278
sample,896,drone,22.384700,2.301637,0.919470,2.408065,0.008096,-0.001736,0.000028,0.149574,-0.032080,0.000518,-0.211278
sample,897,drone,22.409683,2.301886,0.919417,2.408065,0.012260,-0.002630,0.000042,0.183413,-0.039338,0.000635,-0.211278
sample,898,drone,22.434666,2.302250,0.919339,2.408067,0.017260,-0.003702,0.000060,0.216520,-0.046439,0.000750,-0.211278
sample,899,drone,22.459648,2.302749,0.919232,2.408068,0.023079,-0.004950,0.000080,0.248898,-0.053383,0.000862,-0.211278
sample,900,drone,22.484631,2.303403,0.919091,2.408071,0.029697,-0.006369,0.000103,0.280552,-0.060173,0.000972,-0.211278
sample,901,drone,22.509614,2.304233,0.918913,2.408074,0.037097,-0.007956,0.000128,0.311489,-0.066808,0.001079,-0.211278
sample,902,drone,22.534597,2.305257,0.918694,2.408077,0.045261,-0.009707,0.000157,0.341713,-0.073290,0.001184,-0.211278
sample,903,drone,22.559580,2.306494,0.918428,2.408081,0.054171,-0.011618,0.000188,0.371230,-0.079621,0.001286,-0.211278
sample,904,drone,22.584563,2.307963,0.918113,2.408086,0.063809,-0.013686,0.000221,0.400044,-0.085801,0.001386,-0.211278
sample,905,drone,22.609546,2.309683,0.917745,2.408092,0.074159,-0.015906,0.000257,0.428160,-0.091831,0.001483,-0.211278
sample,906,drone,22.634529,2.311669,0.917319,2.408099,0.085203,-0.018274,0.000295,0.455585,-0.097713,0.001578,-0.211278
sample,907,drone,22.659512,2.313940,0.916831,2.408107,0.096923,-0.020788,0.000336,0.482322,-0.103448,0.001671,-0.211278
sample,908,drone,22.684495,2.316512,0.916280,2.408116,0.109302,-0.023443,0.000379,0.508378,-0.109036,0.001761,-0.211278
sample,909,drone,22.709478,2.319401,0.915660,2.408126,0.122324,-0.026236,0.000424,0.533756,-0.114479,0.001849,-0.211278
sample,910,drone,22.734461,2.322624,0.914969,2.408137,0.135972,-0.029163,0.000471,0.558464,-0.119779,0.001934,-0.211278
sample,911,drone,22.759444,2.326195,0.914203,2.408150,0.150229,-0.032221,0.000520,0.582505,-0.124935,0.002018,-0.211278
sample,912,drone,22.784426,2.330130,0.913359,2.408163,0.165077,-0.035406,0.000572,0.605884,-0.129949,0.002099,-0.211278
sample,913,drone,22.809409,2.334443,0.912434,2.408178,0.180502,-0.038714,0.000625,0.628608,-0.134823,0.002177,-0.211278
sample,914,drone,22.834392,2.339149,0.911425,2.408194,0.196486,-0.042142,0.000681,0.650681,-0.139557,0.002254,-0.211278
sample,915,drone,22.859375,2.344261,0.910328,2.408212,0.213014,-0.045687,0.000738,0.672108,-0.144153,0.002328,-0.211278
sample,916,drone,22.884358,2.349792,0.909142,2.408231,0.230069,-0.049345,0.000797,0.692894,-0.148611,0.002400,-0.211278
sample,917,drone,22.909341,2.355756,0.907863,2.408252,0.247635,-0.053112,0.000858,0.713045,-0.152933,0.002470,-0.211278
sample,918,drone,22.934324,2.362166,0.906488,2.408274,0.265697,-0.056986,0.000920,0.732566,-0.157120,0.002537,-0.211278
sample,919,drone,22.959307,2.369032,0.905015,2.408298,0.284238,-0.060963,0.000985,0.751461,-0.161173,0.002603,-0.211278
sample,920,drone,22.984290,2.376368,0.903442,2.408323,0.303244,-0.065039,0.001050,0.769737,-0.165092,0.002666,-0.211278
sample,921,drone,23.009273,2.384184,0.901766,2.408350,0.322699,-0.069212,0.001118,0.787398,-0.168880,0.002727,-0.211278
sample,922,drone,23.034256,2.392492,0.899984,2.408379,0.342587,-0.073478,0.001187,0.804449,-0.172537,0.002786,-0.211278
sample,923,drone,23.059239,2.401302,0.898094,2.408410,0.362894,-0.077833,0.001257,0.820895,-0.176065,0.002843,-0.211278
sample,924,drone,23.084222,2.410624,0.896095,2.408442,0.383604,-0.082275,0.001329,0.836743,-0.179464,0.002898,-0.211278
sample,925,drone,23.109204,2.420469,0.893983,2.408476,0.404702,-0.086800,0.001402,0.851996,-0.182735,0.002951,-0.211278
sample,926,drone,23.134187,2.430845,0.891758,2.408512,0.426174,-0.091405,0.001476,0.866660,-0.185880,0.003002,-0.211278
sample,927,drone,23.159170,2.441763,0.889416,2.408550,0.448006,-0.096088,0.001552,0.880741,-0.188900,0.003051,-0.211278
sample,928,drone,23.184153,2.453230,0.886957,2.408590,0.470181,-0.100844,0.001629,0.894242,-0.191796,0.003097,-0.211278
sample,929,drone,23.209136,2.465256,0.884377,2.408631,0.492687,-0.105671,0.001707,0.907170,-0.194569,0.003142,-0.211278
sample,930,drone,23.234119,2.477848,0.881677,2.408675,0.515509,-0.110566,0.001786,0.919530,-0.197220,0.003185,-0.211278
sample,931,drone,23.259102,2.491014,0.878853,2.408720,0.538632,-0.115525,0.001866,0.931327,-0.199750,0.003226,-0.211278
sample,932,drone,23.284085,2.504761,0.875904,2.408768,0.562043,-0.120546,0.001947,0.942565,-0.202160,0.003265,-0.211278
sample,933,drone,23.309068,2.519097,0.872830,2.408818,0.585728,-0.125626,0.002029,0.953251,-0.204452,0.003302,-0.211278
sample,934,drone,23.334051,2.534028,0.869627,2.408869,0.609673,-0.130762,0.002112,0.963389,-0.206626,0.003337,-0.211278
sample,935,drone,23.359034,2.549560,0.866296,2.408923,0.633865,-0.135951,0.002196,0.972984,-0.208684,0.003370,-0.211278
sample,936,drone,23.384017,2.565699,0.862834,2.408979,0.658289,-0.141189,0.002280,0.982042,-0.210627,0.003402,-0.211278
sample,937,drone,23.409000,2.582452,0.859241,2.409037,0.682933,-0.146475,0.002365,0.990567,-0.212456,0.003431,-0.211278
sample,938,drone,23.433982,2.599822,0.855516,2.409097,0.707784,-0.151805,0.002452,0.998566,-0.214171,0.003459,-0.211278
sample,939,drone,23.458965,2.617817,0.851656,2.409160,0.732828,-0.157176,0.002538,1.006042,-0.215775,0.003485,-0.211278
sample,940,drone,23.483948,2.636439,0.847662,2.409224,0.758052,-0.162586,0.002626,1.013002,-0.217267,0.003509,-0.211278
sample,941,drone,23.508931,2.655693,0.843533,2.409291,0.783443,-0.168032,0.002714,1.019450,-0.218650,0.003531,-0.211278
sample,942,drone,23.533914,2.675584,0.839266,2.409360,0.808989,-0.173511,0.002802,1.025392,-0.219925,0.003552,-0.211278
sample,943,drone,23.558897,2.696115,0.834863,2.409431,0.834678,-0.179021,0.002891,1.030832,-0.221092,0.003571,-0.211278
sample,944,drone,23.583880,2.717290,0.830321,2.409504,0.860496,-0.184558,0.002981,1.035776,-0.222152,0.003588,-0.211278
sample,945,drone,23.608863,2.739111,0.825641,2.409580,0.886431,-0.190121,0.003070,1.040229,-0.223107,0.003603,-0.211278
sample,946,drone,23.633846,2.761581,0.820822,2.409658,0.912472,-0.195706,0.003161,1.044196,-0.223958,0.003617,-0.211278
sample,947,drone,23.658829,2.784703,0.815863,2.409738,0.938605,-0.201311,0.003251,1.047683,-0.224706,0.003629,-0.211278
sample,948,drone,23.683812,2.808479,0.810763,2.409820,0.964820,-0.206934,0.003342,1.050694,-0.225352,0.003639,-0.211278
sample,949,drone,23.708795,2.832911,0.805523,2.409905,0.991104,-0.212571,0.003433,1.053235,-0.225897,0.003648,-0.211278
sample,950,drone,23.733778,2.858000,0.800142,2.409992,1.017446,-0.218221,0.003524,1.055310,-0.226342,0.003655,-0.211278
sample,951,drone,23.758760,2.883749,0.794619,2.410081,1.043834,-0.223880,0.003616,1.056926,-0.226688,0.003661,-0.211278
sample,952,drone,23.783743,2.910156,0.788956,2.410172,1.070256,-0.229547,0.003707,1.058086,-0.226937,0.003665,-0.211278
sample,953,drone,23.808726,2.937225,0.783150,2.410266,1.096702,-0.235219,0.003799,1.058797,-0.227090,0.003667,-0.211278
sample,954,drone,23.833709,2.964954,0.777203,2.410362,1.123160,-0.240894,0.003890,1.059063,-0.227147,0.003668,-0.211278
sample,955,drone,23.858692,2.993344,0.771113,2.410460,1.149619,-0.246569,0.003982,1.058890,-0.227110,0.003668,-0.211278
sample,956,drone,23.883675,3.022396,0.764883,2.410561,1.176068,-0.252242,0.004074,1.058283,-0.226979,0.003666,-0.211278
sample,957,drone,23.908658,3.052108,0.758510,2.410664,1.202497,-0.257910,0.004165,1.057246,-0.226757,0.003662,-0.211278
sample,958,drone,23.933641,3.082480,0.751996,2.410769,1.228894,-0.263572,0.004257,1.055786,-0.226444,0.003657,-0.211278
sample,959,drone,23.958624,3.113510,0.745340,2.410877,1.255250,-0.269225,0.004348,1.053906,-0.226041,0.003650,-0.211278
sample,960,drone,23.983607,3.145199,0.738544,2.410986,1.281553,-0.274866,0.004439,1.051613,-0.225549,0.003643,-0.211278
sample,961,drone,24.008590,3.177544,0.731607,2.411098,1.307795,-0.280494,0.004530,1.048912,-0.224969,0.003633,-0.211278
sample,962,drone,24.033573,3.210544,0.724529,2.411213,1.333963,-0.286107,0.004620,1.045807,-0.224304,0.003622,-0.211278
sample,963,drone,24.058556,3.244197,0.717311,2.411329,1.360049,-0.291702,0.004711,1.042304,-0.223552,0.003610,-0.211278
sample,964,drone,24.083538,3.278500,0.709954,2.411448,1.386043,-0.297277,0.004801,1.038409,-0.222717,0.003597,-0.211278
sample,965,drone,24.108521,3.313452,0.702457,2.411569,1.411934,-0.302830,0.004891,1.034125,-0.221798,0.003582,-0.211278
sample,966,drone,24.133504,3.349049,0.694822,2.411692,1.437714,-0.308359,0.004980,1.029459,-0.220797,0.003566,-0.211278
sample,967,drone,24.158487,3.385288,0.687050,2.411818,1.463372,-0.313862,0.005069,1.024415,-0.219715,0.003548,-0.211278
sample,968,drone,24.183470,3.422167,0.679140,2.411946,1.488900,-0.319337,0.005157,1.018999,-0.218554,0.003530,-0.211278
sample,969,drone,24.208453,3.459682,0.671094,2.412076,1.514287,-0.324783,0.005245,1.013215,-0.217313,0.003510,-0.211278
sample,970,drone,24.233436,3.497830,0.662912,2.412208,1.539526,-0.330196,0.005332,1.007070,-0.215995,0.003488,-0.211278
sample,971,drone,24.258419,3.536606,0.654595,2.412342,1.564606,-0.335575,0.005419,1.000567,-0.214601,0.003466,-0.211278
sample,972,drone,24.283402,3.576007,0.646145,2.412479,1.589520,-0.340918,0.005506,0.993713,-0.213130,0.003442,-0.211278
sample,973,drone,24.308385,3.616028,0.637561,2.412617,1.614258,-0.346224,0.005591,0.986512,-0.211586,0.003417,-0.211278
sample,974,drone,24.333368,3.656665,0.628845,2.412758,1.638812,-0.351491,0.005676,0.978970,-0.209968,0.003391,-0.211278
sample,975,drone,24.358351,3.697913,0.619999,2.412901,1.663173,-0.356715,0.005761,0.971092,-0.208279,0.003364,-0.211278
sample,976,drone,24.383334,3.739767,0.611022,2.413046,1.687333,-0.361897,0.005844,0.962883,-0.206518,0.003335,-0.211278
sample,977,drone,24.408316,3.782222,0.601916,2.413193,1.711284,-0.367034,0.005927,0.954347,-0.204687,0.003306,-0.211278
sample,978,drone,24.433299,3.825272,0.592683,2.413342,1.735018,-0.372125,0.006010,0.945491,-0.202788,0.003275,-0.211278
sample,979,drone,24.458282,3.868913,0.583323,2.413493,1.758527,-0.377167,0.006091,0.936319,-0.200821,0.003243,-0.211278
sample,980,drone,24.483265,3.913139,0.573837,2.413646,1.781802,-0.382159,0.006172,0.926837,-0.198787,0.003210,-0.211278
sample,981,drone,24.508248,3.957942,0.564228,2.413802,1.804837,-0.387099,0.006251,0.917050,-0.196688,0.003176,-0.211278
sample,982,drone,24.533231,4.003319,0.554495,2.413959,1.827623,-0.391987,0.006330,0.906962,-0.194524,0.003141,-0.211278
sample,983,drone,24.558214,4.049261,0.544642,2.414118,1.850154,-0.396819,0.006408,0.896579,-0.192297,0.003106,-0.211278
sample,984,drone,24.583197,4.095763,0.534668,2.414279,1.872422,-0.401595,0.006486,0.885907,-0.190008,0.003069,-0.211278
sample,985,drone,24.608180,4.142818,0.524576,2.414442,1.894419,-0.406313,0.006562,0.874950,-0.187658,0.003031,-0.211278
sample,986,drone,24.633163,4.190420,0.514366,2.414607,1.916139,-0.410971,0.006637,0.863713,-0.185248,0.002992,-0.211278
sample,987,drone,24.658146,4.238560,0.504041,2.414774,1.937575,-0.415569,0.006711,0.852202,-0.182779,0.002952,-0.211278
sample,988,drone,24.683129,4.287232,0.493602,2.414942,1.958720,-0.420104,0.006784,0.840422,-0.180253,0.002911,-0.211278
sample,989,drone,24.708112,4.336429,0.483050,2.415113,1.979567,-0.424575,0.006857,0.828377,-0.177669,0.002869,-0.211278
sample,990,drone,24.733094,4.386143,0.472388,2.415285,2.000111,-0.428981,0.006928,0.816074,-0.175031,0.002827,-0.211278
sample,991,drone,24.758077,4.436366,0.461616,2.415459,2.020343,-0.433321,0.006998,0.803517,-0.172337,0.002783,-0.211278
sample,992,drone,24.783060,4.487091,0.450736,2.415634,2.040259,-0.437592,0.007067,0.790712,-0.169591,0.002739,-0.211278
sample,993,drone,24.808043,4.538309,0.439751,2.415812,2.059852,-0.441795,0.007135,0.777663,-0.166792,0.002694,-0.211278
sample,994,drone,24.833026,4.590013,0.428662,2.415991,2.079116,-0.445926,0.007201,0.764376,-0.163942,0.002648,-0.211278
sample,995,drone,24.858009,4.642194,0.417470,2.416172,2.098045,-0.449986,0.007267,0.750856,-0.161043,0.002601,-0.211278
sample,996,drone,24.882992,4.694844,0.406178,2.416354,2.116633,-0.453973,0.007331,0.737108,-0.158094,0.002553,-0.211278
sample,997,drone,24.907975,4.747954,0.394787,2.416538,2.134875,-0.457886,0.007395,0.723137,-0.155098,0.002505,-0.211278
sample,998,drone,24.932958,4.801515,0.383299,2.416723,2.152765,-0.461723,0.007457,0.708948,-0.152054,0.002456,-0.211278
sample,999,drone,24.957941,4.855518,0.371717,2.416910,2.170298,-0.465483,0.007517,0.694547,-0.148966,0.002406,-0.211278
sample,1000,drone,24.982924,4.909955,0.360041,2.417099,2.187469,-0.469166,0.007577,0.679939,-0.145833,0.002355,-0.211278
sample,1001,drone,25.007907,4.964817,0.348274,2.417289,2.204272,-0.472770,0.007635,0.665129,-0.142656,0.002304,-0.211278
sample,1002,drone,25.032890,5.020094,0.336419,2.417481,2.220702,-0.476294,0.007692,0.650121,-0.139437,0.002252,-0.211278
sample,1003,drone,25.057873,5.075776,0.324476,2.417673,2.236756,-0.479737,0.007748,0.634922,-0.136177,0.002199,-0.211278
sample,1004,drone,25.082855,5.131855,0.312448,2.417868,2.252427,-0.483098,0.007802,0.619536,-0.132877,0.002146,-0.211278
sample,1005,drone,25.107838,5.188321,0.300337,2.418063,2.267711,-0.486376,0.007855,0.603969,-0.129539,0.002092,-0.211278
sample,1006,drone,25.132821,5.245163,0.288146,2.418260,2.282605,-0.489570,0.007906,0.588225,-0.126162,0.002037,-0.211278
sample,1007,drone,25.157804,5.302373,0.275876,2.418458,2.297102,-0.492680,0.007957,0.572310,-0.122748,0.001982,-0.211278
sample,1008,drone,25.182787,5.359940,0.263529,2.418658,2.311200,-0.495704,0.008005,0.556229,-0.119299,0.001927,-0.211278
sample,1009,drone,25.207770,5.417854,0.251107,2.418858,2.324895,-0.498641,0.008053,0.539987,-0.115816,0.001870,-0.211278
sample,1010,drone,25.232753,5.476105,0.238614,2.419060,2.338181,-0.501491,0.008099,0.523590,-0.112299,0.001814,-0.211278
sample,1011,drone,25.257736,5.534683,0.226050,2.419263,2.351056,-0.504252,0.008143,0.507042,-0.108750,0.001756,-0.211278
sample,1012,drone,25.282719,5.593578,0.213418,2.419467,2.363516,-0.506924,0.008187,0.490348,-0.105169,0.001698,-0.211278
sample,1013,drone,25.307702,5.652778,0.200721,2.419672,2.375557,-0.509507,0.008228,0.473514,-0.101559,0.001640,-0.211278
sample,1014,drone,25.332685,5.712274,0.187960,2.419878,2.387176,-0.511999,0.008269,0.456545,-0.097919,0.001581,-0.211278
sample,1015,drone,25.357668,5.772056,0.175139,2.420085,2.398369,-0.514399,0.008307,0.439447,-0.094252,0.001522,-0.211278
sample,1016,drone,25.382651,5.832111,0.162258,2.420293,2.409133,-0.516708,0.008345,0.422223,-0.090558,0.001462,-0.211278
sample,1017,drone,25.407633,5.892430,0.149321,2.420502,2.419465,-0.518924,0.008380,0.404880,-0.086838,0.001402,-0.211278
sample,1018,drone,25.432616,5.953002,0.136330,2.420712,2.429363,-0.521047,0.008415,0.387422,-0.083094,0.001342,-0.211278
sample,1019,drone,25.457599,6.013815,0.123286,2.420923,2.438823,-0.523076,0.008447,0.369856,-0.079326,0.001281,-0.211278
sample,1020,drone,25.482582,6.074860,0.110194,2.421134,2.447843,-0.525011,0.008479,0.352185,-0.075536,0.001220,-0.211278
sample,1021,drone,25.507565,6.136124,0.097054,2.421346,2.456421,-0.526850,0.008508,0.334415,-0.071725,0.001158,-0.211278
sample,1022,drone,25.532548,6.197597,0.083869,2.421559,2.464553,-0.528594,0.008537,0.316551,-0.067893,0.001096,-0.211278
sample,1023,drone,25.557531,6.259267,0.070642,2.421773,2.472237,-0.530243,0.008563,0.298598,-0.064043,0.001034,-0.211278
sample,1024,drone,25.582514,6.321124,0.057375,2.421987,2.479472,-0.531794,0.008588,0.280562,-0.060175,0.000972,-0.211278
sample,1025,drone,25.607497,6.383156,0.044071,2.422202,2.486256,-0.533249,0.008612,0.262448,-0.056290,0.000909,-0.211278
sample,1026,drone,25.632480,6.445352,0.030731,2.422417,2.492586,-0.534607,0.008634,0.244261,-0.052389,0.000846,-0.211278
sample,1027,drone,25.657463,6.507700,0.017358,2.422633,2.498461,-0.535867,0.008654,0.226005,-0.048473,0.000783,-0.211278
sample,1028,drone,25.682446,6.570190,0.003956,2.422850,2.503878,-0.537029,0.008673,0.207687,-0.044544,0.000719,-0.211278
sample,1029,drone,25.707429,6.632809,-0.009475,2.423067,2.508838,-0.538093,0.008690,0.189310,-0.040603,0.000656,-0.211278
sample,1030,drone,25.732411,6.695546,-0.022930,2.423284,2.513337,-0.539058,0.008706,0.170882,-0.036651,0.000592,-0.211278
sample,1031,drone,25.757394,6.758390,-0.036409,2.423502,2.517376,-0.539924,0.008720,0.152406,-0.032688,0.000528,-0.211278
sample,1032,drone,25.782377,6.821329,-0.049908,2.423720,2.520952,-0.540691,0.008732,0.133888,-0.028716,0.000464,-0.211278
sample,1033,drone,25.807360,6.884351,-0.063425,2.423938,2.524066,-0.541359,0.008743,0.115332,-0.024736,0.000399,-0.211278
sample,1034,drone,25.832343,6.947446,-0.076958,2.424156,2.526715,-0.541927,0.008752,0.096745,-0.020750,0.000335,-0.211278
sample,1035,drone,25.857326,7.010601,-0.090503,2.424375,2.528900,-0.542396,0.008759,0.078131,-0.016757,0.000271,-0.211278
sample,1036,drone,25.882309,7.073804,-0.104059,2.424594,2.530619,-0.542764,0.008765,0.059495,-0.012760,0.000206,-0.211278
sample,1037,drone,25.907292,7.137045,-0.117623,2.424813,2.531872,-0.543033,0.008770,0.040843,-0.008760,0.000141,-0.211278
sample,1038,drone,25.932275,7.200312,-0.131192,2.425032,2.532660,-0.543202,0.008772,0.022180,-0.004757,0.000077,-0.211278
sample,1039,drone,25.957258,7.263592,-0.144764,2.425251,2.532981,-0.543271,0.008774,0.003510,-0.000753,0.000012,-0.211278
sample,1040,drone,25.982241,7.326874,-0.158337,2.425471,2.532835,-0.543240,0.008773,-0.015160,0.003252,-0.000053,-0.211278
sample,1041,drone,26.007224,7.390147,-0.171908,2.425690,2.532223,-0.543108,0.008771,-0.033827,0.007255,-0.000117,-0.211278
sample,1042,drone,26.032207,7.453399,-0.185474,2.425909,2.531145,-0.542877,0.008767,-0.052483,0.011257,-0.000182,-0.211278
sample,1043,drone,26.057189,7.516618,-0.199033,2.426128,2.529601,-0.542546,0.008762,-0.071126,0.015255,-0.000246,-0.211278
sample,1044,drone,26.082172,7.579792,-0.212583,2.426347,2.527591,-0.542115,0.008755,-0.089749,0.019249,-0.000311,-0.211278
sample,1045,drone,26.107155,7.642911,-0.226120,2.426565,2.525116,-0.541584,0.008746,-0.108347,0.023238,-0.000375,-0.211278
sample,1046,drone,26.132138,7.705962,-0.239643,2.426784,2.522178,-0.540954,0.008736,-0.126915,0.027220,-0.000440,-0.211278
sample,1047,drone,26.157121,7.768934,-0.253150,2.427002,2.518775,-0.540224,0.008724,-0.145447,0.031195,-0.000504,-0.211278
sample,1048,drone,26.182104,7.831815,-0.266636,2.427220,2.514910,-0.539395,0.008711,-0.163940,0.035162,-0.000568,-0.211278
sample,1049,drone,26.207087,7.894593,-0.280101,2.427437,2.510584,-0.538467,0.008696,-0.182387,0.039118,-0.000632,-0.211278
sample,1050,drone,26.232070,7.957258,-0.293541,2.427654,2.505797,-0.537441,0.008679,-0.200783,0.043064,-0.000695,-0.211278
sample,1051,drone,26.257053,8.019798,-0.306955,2.427871,2.500551,-0.536315,0.008661,-0.219124,0.046998,-0.000759,-0.211278
sample,1052,drone,26.282036,8.082200,-0.320339,2.428087,2.494848,-0.535092,0.008641,-0.237404,0.050918,-0.000822,-0.211278
sample,1053,drone,26.307019,8.144455,-0.333691,2.428302,2.488689,-0.533771,0.008620,-0.255618,0.054825,-0.000885,-0.211278
sample,1054,drone,26.332002,8.206550,-0.347009,2.428518,2.482076,-0.532353,0.008597,-0.273760,0.058716,-0.000948,-0.211278
sample,1055,drone,26.356985,8.268474,-0.360290,2.428732,2.475011,-0.530837,0.008573,-0.291826,0.062591,-0.001011,-0.211278
sample,1056,drone,26.381967,8.330216,-0.373533,2.428946,2.467495,-0.529226,0.008547,-0.309811,0.066448,-0.001073,-0.211278
sample,1057,drone,26.406950,8.391764,-0.386734,2.429159,2.459531,-0.527517,0.008519,-0.327708,0.070287,-0.001135,-0.211278
sample,1058,drone,26.431933,8.453108,-0.399891,2.429372,2.451121,-0.525714,0.008490,-0.345514,0.074105,-0.001197,-0.211278
sample,1059,drone,26.456916,8.514237,-0.413001,2.429583,2.442267,-0.523815,0.008459,-0.363223,0.077904,-0.001258,-0.211278
sample,1060,drone,26.481899,8.575138,-0.426063,2.429794,2.432972,-0.521821,0.008427,-0.380830,0.081680,-0.001319,-0.211278
sample,1061,drone,26.506882,8.635802,-0.439074,2.430004,2.423238,-0.519733,0.008393,-0.398329,0.085433,-0.001380,-0.211278
sample,1062,drone,26.531865,8.696217,-0.452032,2.430214,2.413069,-0.517552,0.008358,-0.415716,0.089162,-0.001440,-0.211278
sample,1063,drone,26.556848,8.756373,-0.464934,2.430422,2.402467,-0.515278,0.008321,-0.432985,0.092866,-0.001500,-0.211278
sample,1064,drone,26.581831,8.816259,-0.477779,2.430629,2.391435,-0.512912,0.008283,-0.450131,0.096544,-0.001559,-0.211278
sample,1065,drone,26.606814,8.875863,-0.490563,2.430836,2.379976,-0.510454,0.008244,-0.467149,0.100194,-0.001618,-0.211278
sample,1066,drone,26.631797,8.935176,-0.503284,2.431041,2.368093,-0.507906,0.008202,-0.484035,0.103815,-0.001677,-0.211278
sample,1067,drone,26.656780,8.994187,-0.515940,2.431246,2.355790,-0.505267,0.008160,-0.500781,0.107407,-0.001735,-0.211278
sample,1068,drone,26.681763,9.052885,-0.528530,2.431449,2.343071,-0.502539,0.008116,-0.517385,0.110968,-0.001792,-0.211278
sample,1069,drone,26.706745,9.111261,-0.541050,2.431651,2.329939,-0.499723,0.008070,-0.533840,0.114497,-0.001849,-0.211278
sample,1070,drone,26.731728,9.169303,-0.553499,2.431852,2.316397,-0.496818,0.008023,-0.550141,0.117994,-0.001906,-0.211278
sample,1071,drone,26.756711,9.227001,-0.565874,2.432052,2.302451,-0.493827,0.007975,-0.566283,0.121456,-0.001961,-0.211278
sample,1072,drone,26.781694,9.284347,-0.578174,2.432251,2.288102,-0.490750,0.007925,-0.582261,0.124883,-0.002017,-0.211278
sample,1073,drone,26.806677,9.341328,-0.590395,2.432448,2.273357,-0.487587,0.007874,-0.598069,0.128273,-0.002072,-0.211278
sample,1074,drone,26.831660,9.397937,-0.602536,2.432644,2.258219,-0.484340,0.007822,-0.613704,0.131626,-0.002126,-0.211278
sample,1075,drone,26.856643,9.454162,-0.614595,2.432839,2.242693,-0.481010,0.007768,-0.629158,0.134941,-0.002179,-0.211278
sample,1076,drone,26.881626,9.509995,-0.626570,2.433032,2.226783,-0.477598,0.007713,-0.644428,0.138216,-0.002232,-0.211278
sample,1077,drone,26.906609,9.565425,-0.638459,2.433224,2.210494,-0.474104,0.007657,-0.659508,0.141451,-0.002284,-0.211278
sample,1078,drone,26.931592,9.620444,-0.650259,2.433415,2.193830,-0.470530,0.007599,-0.674393,0.144643,-0.002336,-0.211278
sample,1079,drone,26.956575,9.675042,-0.661969,2.433604,2.176797,-0.466877,0.007540,-0.689078,0.147793,-0.002387,-0.211278
sample,1080,drone,26.981558,9.729210,-0.673587,2.433792,2.159400,-0.463146,0.007480,-0.703558,0.150898,-0.002437,-0.211278
sample,1081,drone,27.006541,9.782938,-0.685111,2.433978,2.141643,-0.459337,0.007418,-0.717827,0.153959,-0.002486,-0.211278
sample,1082,drone,27.031523,9.836219,-0.696538,2.434162,2.123533,-0.455453,0.007355,-0.731880,0.156973,-0.002535,-0.211278
sample,1083,drone,27.056506,9.889042,-0.707868,2.434345,2.105074,-0.451494,0.007291,-0.745713,0.159940,-0.002583,-0.211278
sample,1084,drone,27.081489,9.941400,-0.719098,2.434527,2.086273,-0.447461,0.007226,-0.759319,0.162858,-0.002630,-0.211278
sample,1085,drone,27.106472,9.993285,-0.730226,2.434706,2.067134,-0.443357,0.007160,-0.772695,0.165727,-0.002676,-0.211278
sample,1086,drone,27.131455,10.044687,-0.741250,2.434884,2.047664,-0.439181,0.007093,-0.785834,0.168545,-0.002722,-0.211278
sample,1087,drone,27.156438,10.095598,-0.752170,2.435061,2.027869,-0.434935,0.007024,-0.798731,0.171311,-0.002767,-0.211278
sample,1088,drone,27.181421,10.146011,-0.762982,2.435235,2.007755,-0.430621,0.006954,-0.811382,0.174024,-0.002810,-0.211278
sample,1089,drone,27.206404,10.195917,-0.773686,2.435408,1.987328,-0.426240,0.006884,-0.823781,0.176684,-0.002853,-0.211278
sample,1090,drone,27.231387,10.245309,-0.784280,2.435579,1.966594,-0.421793,0.006812,-0.835924,0.179288,-0.002895,-0.211278
sample,1091,drone,27.256370,10.294180,-0.794761,2.435749,1.945560,-0.417282,0.006739,-0.847804,0.181836,-0.002937,-0.211278
sample,1092,drone,27.281353,10.342521,-0.805130,2.435916,1.924233,-0.412707,0.006665,-0.859417,0.184327,-0.002977,-0.211278
sample,1093,drone,27.306336,10.390326,-0.815383,2.436082,1.902619,-0.408072,0.006590,-0.870757,0.186759,-0.003016,-0.211278
sample,1094,drone,27.331319,10.437587,-0.825519,2.436245,1.880725,-0.403376,0.006514,-0.881820,0.189132,-0.003054,-0.211278
sample,1095,drone,27.356301,10.484298,-0.835538,2.436407,1.858558,-0.398621,0.006438,-0.892600,0.191444,-0.003092,-0.211278
sample,1096,drone,27.381284,10.530451,-0.845437,2.436567,1.836125,-0.393810,0.006360,-0.903092,0.193694,-0.003128,-0.211278
sample,1097,drone,27.406267,10.576041,-0.855215,2.436725,1.813434,-0.388943,0.006281,-0.913291,0.195882,-0.003163,-0.211278
sample,1098,drone,27.431250,10.621061,-0.864871,2.436881,1.790492,-0.384023,0.006202,-0.923192,0.198005,-0.003198,-0.211278
sample,1099,drone,27.456233,10.665505,-0.874403,2.437035,1.767306,-0.379050,0.006121,-0.932790,0.200064,-0.003231,-0.211278
sample,1100,drone,27.481216,10.709366,-0.883810,2.437187,1.743884,-0.374026,0.006040,-0.942079,0.202056,-0.003263,-0.211278
sample,1101,drone,27.506199,10.752639,-0.893091,2.437337,1.720234,-0.368954,0.005958,-0.951055,0.203981,-0.003294,-0.211278
sample,1102,drone,27.531182,10.795319,-0.902245,2.437484,1.696364,-0.363834,0.005876,-0.959711,0.205838,-0.003324,-0.211278
sample,1103,drone,27.556165,10.837400,-0.911271,2.437630,1.672282,-0.358669,0.005792,-0.968044,0.207625,-0.003353,-0.211278
sample,1104,drone,27.581148,10.878876,-0.920166,2.437774,1.647995,-0.353460,0.005708,-0.976047,0.209342,-0.003381,-0.211278
sample,1105,drone,27.606131,10.919743,-0.928932,2.437915,1.623513,-0.348209,0.005623,-0.983716,0.210986,-0.003407,-0.211278
sample,1106,drone,27.631114,10.959996,-0.937565,2.438055,1.598843,-0.342918,0.005538,-0.991046,0.212558,-0.003433,-0.211278
sample,1107,drone,27.656097,10.999631,-0.946066,2.438192,1.573994,-0.337588,0.005452,-0.998031,0.214057,-0.003457,-0.211278
sample,1108,drone,27.681079,11.038642,-0.954433,2.438327,1.548975,-0.332222,0.005365,-1.004666,0.215480,-0.003480,-0.211278
sample,1109,drone,27.706062,11.077026,-0.962665,2.438460,1.523795,-0.326822,0.005278,-1.010946,0.216827,-0.003502,-0.211278
sample,1110,drone,27.731045,11.114780,-0.970763,2.438591,1.498462,-0.321389,0.005190,-1.016867,0.218096,-0.003522,-0.211278
sample,1111,drone,27.756028,11.151898,-0.978724,2.438719,1.472986,-0.315924,0.005102,-1.022422,0.219288,-0.003541,-0.211278
sample,1112,drone,27.781011,11.188379,-0.986548,2.438846,1.447376,-0.310432,0.005013,-1.027606,0.220400,-0.003559,-0.211278
sample,1113,drone,27.805994,11.224218,-0.994235,2.438970,1.421641,-0.304912,0.004924,-1.032415,0.221431,-0.003576,-0.211278
sample,1114,drone,27.830977,11.259412,-1.001783,2.439092,1.395791,-0.299368,0.004835,-1.036843,0.222381,-0.003591,-0.211278
sample,1115,drone,27.855960,11.293960,-1.009193,2.439212,1.369835,-0.293801,0.004745,-1.040885,0.223248,-0.003605,-0.211278
sample,1116,drone,27.880943,11.327857,-1.016463,2.439329,1.343782,-0.288213,0.004654,-1.044537,0.224031,-0.003618,-0.211278
sample,1117,drone,27.905926,11.361103,-1.023594,2.439444,1.317643,-0.282607,0.004564,-1.047792,0.224729,-0.003629,-0.211278
sample,1118,drone,27.930909,11.393694,-1.030584,2.439557,1.291428,-0.276984,0.004473,-1.050645,0.225341,-0.003639,-0.211278
sample,1119,drone,27.955892,11.425630,-1.037434,2.439668,1.265147,-0.271347,0.004382,-1.053092,0.225866,-0.003648,-0.211278
sample,1120,drone,27.980875,11.456908,-1.044142,2.439776,1.238810,-0.265699,0.004291,-1.055128,0.226303,-0.003655,-0.211278
sample,1121,drone,28.005858,11.487528,-1.050709,2.439882,1.212427,-0.260040,0.004200,-1.056746,0.226650,-0.003660,-0.211278
sample,1122,drone,28.030840,11.517488,-1.057135,2.439986,1.186008,-0.254374,0.004108,-1.057943,0.226906,-0.003664,-0.211278
sample,1123,drone,28.055823,11.546788,-1.063419,2.440087,1.159566,-0.248702,0.004016,-1.058712,0.227071,-0.003667,-0.211278
sample,1124,drone,28.080806,11.575427,-1.069562,2.440186,1.133109,-0.243028,0.003925,-1.059049,0.227144,-0.003668,-0.211278
sample,1125,drone,28.105789,11.603405,-1.075563,2.440283,1.106649,-0.237353,0.003833,-1.058949,0.227122,-0.003668,-0.211278
sample,1126,drone,28.130772,11.630722,-1.081421,2.440378,1.080198,-0.231680,0.003742,-1.058406,0.227006,-0.003666,-0.211278
sample,1127,drone,28.155755,11.657378,-1.087139,2.440470,1.053765,-0.226010,0.003650,-1.057415,0.226793,-0.003663,-0.211278
sample,1128,drone,28.180738,11.683374,-1.092714,2.440560,1.027363,-0.220348,0.003559,-1.055971,0.226484,-0.003658,-0.211278
sample,1129,drone,28.205721,11.708711,-1.098149,2.440648,1.001003,-0.214694,0.003467,-1.054069,0.226076,-0.003651,-0.211278
sample,1130,drone,28.230704,11.733390,-1.103442,2.440734,0.974696,-0.209052,0.003376,-1.051704,0.225568,-0.003643,-0.211278
sample,1131,drone,28.255687,11.757412,-1.108594,2.440817,0.948453,-0.203423,0.003285,-1.048871,0.224961,-0.003633,-0.211278
sample,1132,drone,28.280670,11.780780,-1.113606,2.440898,0.922288,-0.197811,0.003195,-1.045563,0.224251,-0.003622,-0.211278
sample,1133,drone,28.305653,11.803495,-1.118478,2.440976,0.896211,-0.192218,0.003104,-1.041777,0.223439,-0.003608,-0.211278
sample,1134,drone,28.330636,11.825560,-1.123210,2.441053,0.870235,-0.186647,0.003014,-1.037508,0.222523,-0.003594,-0.211278
sample,1135,drone,28.355618,11.846977,-1.127804,2.441127,0.844371,-0.181100,0.002925,-1.032749,0.221503,-0.003577,-0.211278
sample,1136,drone,28.380601,11.867750,-1.132259,2.441199,0.818632,-0.175579,0.002836,-1.027496,0.220376,-0.003559,-0.211278
sample,1137,drone,28.405584,11.887881,-1.136577,2.441269,0.793031,-0.170088,0.002747,-1.021743,0.219142,-0.003539,-0.211278
sample,1138,drone,28.430567,11.907374,-1.140758,2.441336,0.767580,-0.164630,0.002659,-1.015486,0.217800,-0.003517,-0.211278
sample,1139,drone,28.455550,11.926234,-1.144803,2.441402,0.742292,-0.159206,0.002571,-1.008719,0.216349,-0.003494,-0.211278
sample,1140,drone,28.480533,11.944464,-1.148712,2.441465,0.717179,-0.153820,0.002484,-1.001438,0.214787,-0.003469,-0.211278
sample,1141,drone,28.505516,11.962068,-1.152488,2.441526,0.692254,-0.148474,0.002398,-0.993636,0.213114,-0.003442,-0.211278
sample,1142,drone,28.530499,11.979053,-1.156131,2.441584,0.667531,-0.143171,0.002312,-0.985309,0.211328,-0.003413,-0.211278
sample,1143,drone,28.555482,11.995422,-1.159642,2.441641,0.643022,-0.137915,0.002227,-0.976452,0.209428,-0.003382,-0.211278
sample,1144,drone,28.580465,12.011182,-1.163022,2.441696,0.618741,-0.132707,0.002143,-0.967060,0.207414,-0.003350,-0.211278
sample,1145,drone,28.605448,12.026338,-1.166273,2.441748,0.594702,-0.127551,0.002060,-0.957127,0.205283,-0.003315,-0.211278
sample,1146,drone,28.630431,12.040897,-1.169395,2.441799,0.570918,-0.122450,0.001978,-0.946648,0.203036,-0.003279,-0.211278
sample,1147,drone,28.655414,12.054864,-1.172391,2.441847,0.547402,-0.117406,0.001896,-0.935618,0.200670,-0.003241,-0.211278
sample,1148,drone,28.680396,12.068248,-1.175262,2.441893,0.524169,-0.112423,0.001816,-0.924032,0.198185,-0.003201,-0.211278
sample,1149,drone,28.705379,12.081055,-1.178008,2.441938,0.501232,-0.107504,0.001736,-0.911884,0.195580,-0.003159,-0.211278
sample,1150,drone,28.730362,12.093293,-1.180633,2.441980,0.478606,-0.102651,0.001658,-0.899170,0.192853,-0.003114,-0.211278
sample,1151,drone,28.755345,12.104969,-1.183137,2.442021,0.456304,-0.097868,0.001581,-0.885885,0.190004,-0.003068,-0.211278
sample,1152,drone,28.780328,12.116092,-1.185523,2.442059,0.434342,-0.093157,0.001504,-0.872023,0.187030,-0.003020,-0.211278
sample,1153,drone,28.805311,12.126671,-1.187792,2.442096,0.412733,-0.088522,0.001430,-0.857579,0.183933,-0.002970,-0.211278
sample,1154,drone,28.830294,12.136715,-1.189946,2.442131,0.391492,-0.083967,0.001356,-0.842548,0.180709,-0.002918,-0.211278
sample,1155,drone,28.855277,12.146232,-1.191988,2.442164,0.370634,-0.079493,0.001284,-0.826924,0.177358,-0.002864,-0.211278
sample,1156,drone,28.880260,12.155234,-1.193918,2.442195,0.350174,-0.075105,0.001213,-0.810704,0.173879,-0.002808,-0.211278
sample,1157,drone,28.905243,12.163729,-1.195740,2.442224,0.330127,-0.070805,0.001143,-0.793880,0.170271,-0.002750,-0.211278
sample,1158,drone,28.930226,12.171729,-1.197456,2.442252,0.310507,-0.066597,0.001076,-0.776449,0.166532,-0.002689,-0.211278
sample,1159,drone,28.955209,12.179244,-1.199068,2.442278,0.291331,-0.062484,0.001009,-0.758405,0.162662,-0.002627,-0.211278
sample,1160,drone,28.980192,12.186285,-1.200578,2.442302,0.272613,-0.058470,0.000944,-0.739744,0.158659,-0.002562,-0.211278
sample,1161,drone,29.005174,12.192865,-1.201989,2.442325,0.254369,-0.054557,0.000881,-0.720459,0.154523,-0.002495,-0.211278
sample,1162,drone,29.030157,12.198995,-1.203304,2.442346,0.236615,-0.050749,0.000820,-0.700545,0.150252,-0.002426,-0.211278
sample,1163,drone,29.055140,12.204688,-1.204525,2.442366,0.219366,-0.047049,0.000760,-0.679998,0.145845,-0.002355,-0.211278
sample,1164,drone,29.080123,12.209956,-1.205655,2.442384,0.202638,-0.043462,0.000702,-0.658813,0.141301,-0.002282,-0.211278
sample,1165,drone,29.105106,12.214813,-1.206697,2.442401,0.186448,-0.039989,0.000646,-0.636984,0.136620,-0.002206,-0.211278
sample,1166,drone,29.130089,12.219272,-1.207653,2.442417,0.170811,-0.036635,0.000592,-0.614505,0.131798,-0.002128,-0.211278
sample,1167,drone,29.155072,12.223348,-1.208527,2.442431,0.155743,-0.033404,0.000539,-0.591373,0.126837,-0.002048,-0.211278
sample,1168,drone,29.180055,12.227054,-1.209322,2.442443,0.141262,-0.030298,0.000489,-0.567581,0.121734,-0.001966,-0.211278
sample,1169,drone,29.205038,12.230406,-1.210041,2.442455,0.127384,-0.027321,0.000441,-0.543125,0.116489,-0.001881,-0.211278
sample,1170,drone,29.230021,12.233419,-1.210687,2.442466,0.114124,-0.024477,0.000395,-0.517999,0.111100,-0.001794,-0.211278
sample,1171,drone,29.255004,12.236108,-1.211264,2.442475,0.101501,-0.021770,0.000352,-0.492199,0.105566,-0.001705,-0.211278
sample,1172,drone,29.279987,12.238490,-1.211775,2.442483,0.089531,-0.019203,0.000310,-0.465718,0.099887,-0.001613,-0.211278
sample,1173,drone,29.304970,12.240582,-1.212224,2.442490,0.078231,-0.016779,0.000271,-0.438553,0.094060,-0.001519,-0.211278
sample,1174,drone,29.329952,12.242399,-1.212613,2.442497,0.067619,-0.014503,0.000234,-0.410697,0.088086,-0.001423,-0.211278
sample,1175,drone,29.354935,12.243960,-1.212948,2.442502,0.057710,-0.012378,0.000200,-0.382146,0.081962,-0.001324,-0.211278
sample,1176,drone,29.379918,12.245283,-1.213232,2.442507,0.048524,-0.010407,0.000168,-0.352895,0.075688,-0.001222,-0.211278
sample,1177,drone,29.404901,12.246385,-1.213468,2.442510,0.040078,-0.008596,0.000139,-0.322937,0.069263,-0.001119,-0.211278
sample,1178,drone,29.429884,12.247285,-1.213661,2.442514,0.032388,-0.006947,0.000112,-0.292269,0.062686,-0.001012,-0.211278
sample,1179,drone,29.454867,12.248003,-1.213815,2.442516,0.025474,-0.005464,0.000088,-0.260885,0.055954,-0.000904,-0.211278
sample,1180,drone,29.479850,12.248558,-1.213934,2.442518,0.019353,-0.004151,0.000067,-0.228779,0.049068,-0.000792,-0.211278
sample,1181,drone,29.504833,12.248970,-1.214023,2.442519,0.014043,-0.003012,0.000049,-0.195948,0.042027,-0.000679,-0.211278
sample,1182,drone,29.529816,12.249260,-1.214085,2.442520,0.009562,-0.002051,0.000033,-0.162384,0.034828,-0.000562,-0.211278
sample,1183,drone,29.554799,12.249448,-1.214125,2.442521,0.005929,-0.001272,0.000021,-0.128084,0.027471,-0.000444,-0.211278
sample,1184,drone,29.579782,12.249556,-1.214148,2.442521,0.003163,-0.000678,0.000011,-0.093043,0.019956,-0.000322,-0.211278
sample,1185,drone,29.604765,12.249606,-1.214159,2.442522,0.001281,-0.000275,0.000004,-0.056238,0.013625,-0.000619,-0.211278
sample,1186,drone,29.629748,12.249620,-1.214162,2.442522,0.000353,0.000002,-0.000020,0.014903,0.051754,-0.014863,0.006955
sample,1187,drone,29.654730,12.249624,-1.214159,2.442521,0.002025,0.002311,-0.000738,0.184659,0.220559,-0.069975,0.851287
sample,1188,drone,29.679713,12.249721,-1.214047,2.442485,0.009579,0.011023,-0.003516,0.450168,0.518390,-0.165349,0.855354
sample,1189,drone,29.704696,12.250102,-1.213608,2.442345,0.024518,0.028213,-0.009000,0.735966,0.846877,-0.270155,0.855354
sample,1190,drone,29.729679,12.250946,-1.212637,2.442035,0.046352,0.053338,-0.017015,1.000228,1.150963,-0.367159,0.855354
sample,1191,drone,29.754662,12.252418,-1.210943,2.441495,0.074495,0.085722,-0.027345,1.241326,1.428395,-0.455661,0.855354
sample,1192,drone,29.779645,12.254668,-1.208354,2.440669,0.108376,0.124709,-0.039782,1.459900,1.679907,-0.535894,0.855354
sample,1193,drone,29.804628,12.257833,-1.204712,2.439507,0.147441,0.169660,-0.054122,1.656586,1.906234,-0.608093,0.855354
sample,1194,drone,29.829611,12.262035,-1.199877,2.437964,0.191149,0.219955,-0.070166,1.832025,2.108112,-0.672492,0.855354
sample,1195,drone,29.854594,12.267384,-1.193722,2.436001,0.238979,0.274993,-0.087723,1.986853,2.286273,-0.729326,0.855354
sample,1196,drone,29.879577,12.273976,-1.186136,2.433581,0.290424,0.334191,-0.106608,2.121711,2.441453,-0.778828,0.855354
sample,1197,drone,29.904560,12.281896,-1.177024,2.430674,0.344992,0.396983,-0.126638,2.237235,2.574387,-0.821235,0.855354
sample,1198,drone,29.929543,12.291214,-1.166301,2.427254,0.402209,0.462822,-0.147641,2.334065,2.685809,-0.856778,0.855354
sample,1199,drone,29.954526,12.301992,-1.153898,2.423297,0.461616,0.531181,-0.169448,2.412838,2.776454,-0.885694,0.855354
sample,1200,drone,29.979508,12.314279,-1.139760,2.418787,0.522769,0.601550,-0.191896,2.474195,2.847057,-0.908217,0.855354
sample,1201,drone,30.004491,12.328113,-1.123841,2.413709,0.585241,0.673437,-0.214828,2.518771,2.898351,-0.924580,0.855354
sample,1202,drone,30.029474,12.343521,-1.106111,2.408053,0.648621,0.746369,-0.238093,2.547207,2.931073,-0.935018,0.855354
sample,1203,drone,30.054457,12.360522,-1.086548,2.401813,0.712514,0.819891,-0.261547,2.560141,2.945955,-0.939765,0.855354
sample,1204,drone,30.079440,12.379123,-1.065144,2.394985,0.776541,0.893566,-0.285049,2.558211,2.943734,-0.939057,0.855354
sample,1205,drone,30.104423,12.399322,-1.041901,2.387570,0.840338,0.966977,-0.308467,2.542055,2.925143,-0.933126,0.855354
sample,1206,drone,30.129406,12.421111,-1.016829,2.379572,0.903557,1.039723,-0.331674,2.512312,2.890918,-0.922208,0.855354
sample,1207,drone,30.154389,12.444469,-0.989950,2.370997,0.965867,1.111424,-0.354546,2.469620,2.841793,-0.906537,0.855354
sample,1208,drone,30.179372,12.469371,-0.961295,2.361857,1.026954,1.181716,-0.376970,2.414618,2.778502,-0.886347,0.855354
sample,1209,drone,30.204355,12.495782,-0.930904,2.352162,1.086516,1.250254,-0.398834,2.347944,2.701780,-0.861873,0.855354
sample,1210,drone,30.229338,12.523660,-0.898825,2.341929,1.144271,1.316713,-0.420034,2.270237,2.612362,-0.833349,0.855354
sample,1211,drone,30.254321,12.552956,-0.865114,2.331175,1.199950,1.380783,-0.440472,2.182134,2.510983,-0.801008,0.855354
sample,1212,drone,30.279304,12.583616,-0.829833,2.319920,1.253303,1.442176,-0.460057,2.084275,2.398376,-0.765087,0.855354
sample,1213,drone,30.304286,12.615579,-0.793054,2.308187,1.304093,1.500620,-0.478701,1.977298,2.275278,-0.725818,0.855354
sample,1214,drone,30.329269,12.648776,-0.754854,2.296001,1.352100,1.555862,-0.496323,1.861841,2.142422,-0.683437,0.855354
sample,1215,drone,30.354252,12.683137,-0.715314,2.283388,1.397121,1.607668,-0.512849,1.738543,2.000542,-0.638177,0.855354
sample,1216,drone,30.379235,12.718585,-0.674525,2.270376,1.438968,1.655821,-0.528210,1.608042,1.850375,-0.590273,0.855354
sample,1217,drone,30.404218,12.755037,-0.632580,2.256996,1.477468,1.700123,-0.542343,1.470976,1.692653,-0.539960,0.855354
sample,1218,drone,30.429201,12.792408,-0.589577,2.243278,1.512466,1.740396,-0.555190,1.327985,1.528113,-0.487471,0.855354
sample,1219,drone,30.454184,12.830608,-0.545619,2.229255,1.543822,1.776477,-0.566700,1.179706,1.357488,-0.433041,0.855354
sample,1220,drone,30.479167,12.869546,-0.500814,2.214962,1.571411,1.808224,-0.576827,1.026777,1.181513,-0.376905,0.855354
sample,1221,drone,30.504150,12.909125,-0.455270,2.200434,1.595126,1.835512,-0.585532,0.869838,1.000923,-0.319296,0.855354
sample,1222,drone,30.529133,12.949248,-0.409101,2.185706,1.614874,1.858236,-0.592781,0.709527,0.816452,-0.260450,0.855354
sample,1223,drone,30.554116,12.989814,-0.362422,2.170815,1.630578,1.876307,-0.598546,0.546481,0.628836,-0.200600,0.855354
sample,1224,drone,30.579099,13.030721,-0.315350,2.155799,1.642179,1.889656,-0.602804,0.381340,0.438808,-0.139981,0.855354
sample,1225,drone,30.604082,13.071867,-0.268003,2.140695,1.649632,1.898232,-0.605540,0.214742,0.247104,-0.078827,0.855354
sample,1226,drone,30.629064,13.113146,-0.220503,2.125542,1.652909,1.902003,-0.606743,0.047325,0.054457,-0.017372,0.855354
sample,1227,drone,30.654047,13.154456,-0.172968,2.110379,1.651997,1.900953,-0.606408,-0.120272,-0.138397,0.044149,0.855354
sample,1228,drone,30.679030,13.195690,-0.125520,2.095243,1.646899,1.895088,-0.604537,-0.287411,-0.330723,0.105501,0.855354
sample,1229,drone,30.704013,13.236744,-0.078279,2.080173,1.637636,1.884428,-0.601136,-0.453453,-0.521788,0.166451,0.855354
sample,1230,drone,30.728996,13.277516,-0.031363,2.065206,1.624242,1.869016,-0.596220,-0.617760,-0.710857,0.226765,0.855354
sample,1231,drone,30.753979,13.317901,0.015108,2.050382,1.606769,1.848910,-0.589806,-0.779694,-0.897194,0.286207,0.855354
sample,1232,drone,30.778962,13.357799,0.061019,2.035736,1.585284,1.824187,-0.581919,-0.938615,-1.080065,0.344543,0.855354
sample,1233,drone,30.803945,13.397111,0.106255,2.021306,1.559870,1.794943,-0.572590,-1.093887,-1.258736,0.401539,0.855354
sample,1234,drone,30.828928,13.435740,0.150705,2.007126,1.530627,1.761293,-0.561856,-1.244870,-1.432472,0.456961,0.855354
sample,1235,drone,30.853911,13.473590,0.194260,1.993232,1.497669,1.723369,-0.549758,-1.390925,-1.600538,0.510575,0.855354
sample,1236,drone,30.878894,13.510572,0.236815,1.979657,1.461128,1.681321,-0.536345,-1.531416,-1.762200,0.562145,0.855354
sample,1237,drone,30.903877,13.546597,0.278269,1.966433,1.421151,1.635319,-0.521670,-1.665702,-1.916724,0.611439,0.855354
sample,1238,drone,30.928860,13.581581,0.318525,1.953591,1.377900,1.585550,-0.505794,-1.793145,-2.063373,0.658220,0.855354
sample,1239,drone,30.953843,13.615445,0.357492,1.941161,1.331555,1.532221,-0.488781,-1.913108,-2.201414,0.702255,0.855354
sample,1240,drone,30.978825,13.648113,0.395084,1.929169,1.282310,1.475555,-0.470705,-2.024952,-2.330113,0.743310,0.855354
sample,1241,drone,31.003808,13.679516,0.431219,1.917642,1.230376,1.415795,-0.451641,-2.128038,-2.448734,0.781151,0.855354
sample,1242,drone,31.028791,13.709590,0.465825,1.906602,1.175981,1.353202,-0.431674,-2.221727,-2.556543,0.815542,0.855354
sample,1243,drone,31.053774,13.738275,0.498833,1.896073,1.119366,1.288055,-0.410892,-2.305383,-2.652805,0.846250,0.855354
sample,1244,drone,31.078757,13.765520,0.530184,1.886072,1.060790,1.220652,-0.389390,-2.378365,-2.736785,0.873040,0.855354
sample,1245,drone,31.103740,13.791279,0.559824,1.876617,1.000529,1.151309,-0.367270,-2.440036,-2.807750,0.895678,0.855354
sample,1246,drone,31.128723,13.815512,0.587710,1.867721,0.938872,1.080360,-0.344637,-2.489757,-2.864964,0.913929,0.855354
sample,1247,drone,31.153706,13.838190,0.613805,1.859396,0.876126,1.008159,-0.321605,-2.526890,-2.907693,0.927560,0.855354
sample,1248,drone,31.178689,13.859289,0.638083,1.851652,0.812614,0.935075,-0.298291,-2.550796,-2.935202,0.936335,0.855354
sample,1249,drone,31.203672,13.878793,0.660527,1.844492,0.748673,0.861499,-0.274820,-2.560837,-2.946756,0.940021,0.855354
sample,1250,drone,31.228655,13.896697,0.681129,1.837920,0.684659,0.787838,-0.251322,-2.556375,-2.941621,0.938383,0.855354
sample,1251,drone,31.253638,13.913003,0.699892,1.831935,0.620942,0.714518,-0.227933,-2.536770,-2.919063,0.931187,0.855354
sample,1252,drone,31.278621,13.927723,0.716830,1.826531,0.557908,0.641984,-0.204794,-2.501386,-2.878346,0.918198,0.855354
sample,1253,drone,31.303603,13.940879,0.731969,1.821702,0.495958,0.570699,-0.182054,-2.449582,-2.818735,0.899182,0.855354
sample,1254,drone,31.328586,13.952504,0.745346,1.817435,0.435512,0.501144,-0.159866,-2.380722,-2.739498,0.873905,0.855354
sample,1255,drone,31.353569,13.962640,0.757009,1.813714,0.377003,0.433818,-0.138389,-2.294166,-2.639897,0.842132,0.855354
sample,1256,drone,31.378552,13.971341,0.767022,1.810520,0.320882,0.369239,-0.117788,-2.189275,-2.519200,0.803630,0.855354
sample,1257,drone,31.403535,13.978673,0.775459,1.807829,0.267614,0.307944,-0.098235,-2.065413,-2.376671,0.758163,0.855354
sample,1258,drone,31.428518,13.984713,0.782409,1.805612,0.217682,0.250487,-0.079906,-1.921939,-2.211576,0.705497,0.855354
sample,1259,drone,31.453501,13.989549,0.787975,1.803836,0.171583,0.197441,-0.062984,-1.758216,-2.023180,0.645398,0.855354
sample,1260,drone,31.478484,13.993286,0.792274,1.802465,0.129831,0.149397,-0.047658,-1.573606,-1.810749,0.577632,0.855354
sample,1261,drone,31.503467,13.996037,0.795439,1.801455,0.092957,0.106965,-0.034122,-1.367469,-1.573547,0.501965,0.855354
sample,1262,drone,31.528450,13.997930,0.797619,1.800760,0.061505,0.070773,-0.022577,-1.139167,-1.310840,0.418161,0.855354
sample,1263,drone,31.553433,13.999110,0.798976,1.800327,0.036037,0.041468,-0.013228,-0.888063,-1.021895,0.325986,0.855354
sample,1264,drone,31.578416,13.999731,0.799691,1.800099,0.017132,0.019714,-0.006289,-0.613517,-0.705975,0.225207,0.855354
sample,1265,drone,31.603399,13.999966,0.799961,1.800013,0.005382,0.006193,-0.001976,-0.315420,-0.362954,0.115783,0.855354
sample,1266,drone,31.628381,14.000000,0.800000,1.800000,0.001372,0.001578,-0.000503,-0.160536,-0.184728,0.058929,0.855354
