section,index,name,t,x,y,z,vx,vy,vz,ax,ay,az,yaw
crossing,1,G6,6.492595,11.990175,3.836834,2.922374,,,,,,
crossing,2,G1,11.392842,2.062962,2.503778,2.511897,,,,,,
crossing,3,G2,13.711774,3.944753,-0.757135,3.311809,,,,,,
crossing,4,G3,15.571474,5.435645,2.426389,2.820595,,,,,,
crossing,5,G5,17.949372,9.890051,-0.811524,1.825998,,,,,,
crossing,6,G4,19.002693,8.029285,-1.640376,1.354350,,,,,,
sample,0,drone,0.000000,0.000000,-1.000000,1.200000,0.000272,0.000110,0.000039,0.032395,0.013068,0.004654,0.383433
sample,1,drone,0.024984,0.000007,-0.999997,1.200001,0.001081,0.000436,0.000155,0.064446,0.025997,0.009258,0.383433
sample,2,drone,0.049967,0.000054,-0.999978,1.200008,0.003492,0.001409,0.000502,0.127829,0.051566,0.018362,0.383434
sample,3,drone,0.074951,0.000181,-0.999927,1.200026,0.007468,0.003013,0.001073,0.189751,0.076545,0.027257,0.383434
sample,4,drone,0.099935,0.000427,-0.999828,1.200061,0.012973,0.005233,0.001864,0.250191,0.100927,0.035940,0.383434
sample,5,drone,0.124918,0.000830,-0.999665,1.200119,0.019970,0.008056,0.002869,0.309163,0.124716,0.044411,0.383434
sample,6,drone,0.149902,0.001425,-0.999425,1.200205,0.028421,0.011465,0.004083,0.366676,0.147917,0.052673,0.383434
sample,7,drone,0.174886,0.002250,-0.999092,1.200323,0.038292,0.015447,0.005501,0.422743,0.170534,0.060727,0.383434
sample,8,drone,0.199869,0.003338,-0.998653,1.200480,0.049545,0.019986,0.007117,0.477375,0.192573,0.068574,0.383434
sample,9,drone,0.224853,0.004725,-0.998094,1.200679,0.062145,0.025069,0.008927,0.530585,0.214038,0.076218,0.383434
sample,10,drone,0.249837,0.006444,-0.997401,1.200926,0.076057,0.030681,0.010925,0.582383,0.234933,0.083659,0.383434
sample,11,drone,0.274820,0.008526,-0.996561,1.201225,0.091245,0.036808,0.013107,0.632782,0.255264,0.090898,0.383434
sample,12,drone,0.299804,0.011003,-0.995561,1.201581,0.107675,0.043436,0.015467,0.681793,0.275035,0.097939,0.383434
sample,13,drone,0.324788,0.013906,-0.994390,1.201998,0.125312,0.050551,0.018001,0.729428,0.294251,0.104781,0.383434
sample,14,drone,0.349771,0.017264,-0.993036,1.202480,0.144123,0.058139,0.020703,0.775698,0.312916,0.111428,0.383434
sample,15,drone,0.374755,0.021107,-0.991485,1.203032,0.164072,0.066187,0.023569,0.820615,0.331036,0.117880,0.383434
sample,16,drone,0.399739,0.025463,-0.989728,1.203658,0.185127,0.074680,0.026593,0.864191,0.348615,0.124140,0.383434
sample,17,drone,0.424723,0.030358,-0.987754,1.204361,0.207253,0.083606,0.029772,0.906438,0.365657,0.130209,0.383434
sample,18,drone,0.449706,0.035819,-0.985551,1.205145,0.230419,0.092951,0.033099,0.947367,0.382168,0.136088,0.383434
sample,19,drone,0.474690,0.041871,-0.983109,1.206015,0.254591,0.102702,0.036572,0.986989,0.398151,0.141780,0.383434
sample,20,drone,0.499674,0.048540,-0.980419,1.206973,0.279736,0.112846,0.040184,1.025317,0.413613,0.147286,0.383434
sample,21,drone,0.524657,0.055849,-0.977471,1.208023,0.305823,0.123369,0.043931,1.062362,0.428557,0.152607,0.383434
sample,22,drone,0.549641,0.063821,-0.974255,1.209168,0.332820,0.134259,0.047809,1.098136,0.442988,0.157746,0.383434
sample,23,drone,0.574625,0.072479,-0.970762,1.210411,0.360694,0.145504,0.051813,1.132651,0.456911,0.162704,0.383434
sample,24,drone,0.599608,0.081844,-0.966984,1.211757,0.389415,0.157090,0.055939,1.165917,0.470331,0.167483,0.383434
sample,25,drone,0.624592,0.091937,-0.962913,1.213207,0.418952,0.169005,0.060182,1.197948,0.483252,0.172084,0.383434
sample,26,drone,0.649576,0.102778,-0.958539,1.214764,0.449274,0.181237,0.064538,1.228754,0.495679,0.176509,0.383434
sample,27,drone,0.674559,0.114386,-0.953857,1.216431,0.480350,0.193773,0.069002,1.258347,0.507617,0.180760,0.383434
sample,28,drone,0.699543,0.126780,-0.948857,1.218212,0.512150,0.206601,0.073570,1.286739,0.519070,0.184838,0.383434
sample,29,drone,0.724527,0.139977,-0.943533,1.220107,0.544644,0.219709,0.078238,1.313941,0.530043,0.188746,0.383434
sample,30,drone,0.749510,0.153994,-0.937879,1.222121,0.577804,0.233086,0.083001,1.339965,0.540542,0.192484,0.383434
sample,31,drone,0.774494,0.168848,-0.931887,1.224255,0.611599,0.246719,0.087855,1.364824,0.550570,0.196055,0.383434
sample,32,drone,0.799478,0.184554,-0.925551,1.226511,0.646001,0.260597,0.092797,1.388528,0.560132,0.199460,0.383434
sample,33,drone,0.824461,0.201127,-0.918865,1.228892,0.680980,0.274707,0.097822,1.411089,0.569233,0.202701,0.383434
sample,34,drone,0.849445,0.218581,-0.911825,1.231399,0.716509,0.289040,0.102926,1.432519,0.577878,0.205780,0.383434
sample,35,drone,0.874429,0.236929,-0.904423,1.234035,0.752559,0.303582,0.108104,1.452829,0.586071,0.208697,0.383434
sample,36,drone,0.899412,0.256184,-0.896655,1.236801,0.789103,0.318324,0.113354,1.472032,0.593817,0.211456,0.383434
sample,37,drone,0.924396,0.276358,-0.888517,1.239699,0.826113,0.333254,0.118670,1.490138,0.601121,0.214057,0.383434
sample,38,drone,0.949380,0.297463,-0.880004,1.242730,0.863561,0.348360,0.124050,1.507160,0.607988,0.216502,0.383434
sample,39,drone,0.974363,0.319508,-0.871110,1.245897,0.901422,0.363633,0.129488,1.523109,0.614422,0.218793,0.383434
sample,40,drone,0.999347,0.342505,-0.861834,1.249200,0.939667,0.379061,0.134982,1.537997,0.620428,0.220931,0.383434
sample,41,drone,1.024331,0.366461,-0.852170,1.252642,0.978271,0.394634,0.140527,1.551835,0.626010,0.222919,0.383434
sample,42,drone,1.049314,0.391386,-0.842115,1.256222,1.017208,0.410342,0.146121,1.564636,0.631174,0.224758,0.383434
sample,43,drone,1.074298,0.417288,-0.831666,1.259943,1.056452,0.426172,0.151758,1.576411,0.635924,0.226449,0.383434
sample,44,drone,1.099282,0.444174,-0.820820,1.263805,1.095977,0.442117,0.157436,1.587171,0.640264,0.227995,0.383434
sample,45,drone,1.124266,0.472051,-0.809575,1.267810,1.135759,0.458165,0.163150,1.596928,0.644200,0.229397,0.383434
sample,46,drone,1.149249,0.500925,-0.797927,1.271957,1.175771,0.474306,0.168898,1.605694,0.647737,0.230656,0.383434
sample,47,drone,1.174233,0.530801,-0.785875,1.276249,1.215991,0.490530,0.174676,1.613481,0.650878,0.231775,0.383434
sample,48,drone,1.199217,0.561685,-0.773416,1.280685,1.256393,0.506829,0.180479,1.620300,0.653629,0.232754,0.383434
sample,49,drone,1.224200,0.593580,-0.760550,1.285267,1.296953,0.523191,0.186306,1.626163,0.655994,0.233596,0.383434
sample,50,drone,1.249184,0.626490,-0.747274,1.289995,1.337648,0.539607,0.192151,1.631081,0.657978,0.234303,0.383434
sample,51,drone,1.274168,0.660419,-0.733587,1.294868,1.378454,0.556068,0.198013,1.635066,0.659585,0.234875,0.383434
sample,52,drone,1.299151,0.695368,-0.719489,1.299889,1.419348,0.572565,0.203888,1.638131,0.660822,0.235315,0.383434
sample,53,drone,1.324135,0.731340,-0.704978,1.305056,1.460307,0.589087,0.209771,1.640286,0.661691,0.235625,0.383434
sample,54,drone,1.349119,0.768336,-0.690054,1.310370,1.501309,0.605628,0.215661,1.641543,0.662198,0.235806,0.383434
sample,55,drone,1.374102,0.806356,-0.674716,1.315832,1.542330,0.622176,0.221554,1.641914,0.662348,0.235859,0.383434
sample,56,drone,1.399086,0.845402,-0.658965,1.321441,1.583351,0.638723,0.227446,1.641411,0.662145,0.235787,0.383434
sample,57,drone,1.424070,0.885472,-0.642801,1.327197,1.624347,0.655261,0.233336,1.640044,0.661594,0.235590,0.383434
sample,58,drone,1.449053,0.926566,-0.626223,1.333100,1.665299,0.671781,0.239218,1.637827,0.660699,0.235272,0.383434
sample,59,drone,1.474037,0.968683,-0.609234,1.339150,1.706185,0.688275,0.245091,1.634771,0.659466,0.234833,0.383434
sample,60,drone,1.499021,1.011820,-0.591832,1.345347,1.746984,0.704733,0.250952,1.630886,0.657899,0.234275,0.383434
sample,61,drone,1.524004,1.055975,-0.574020,1.351690,1.787676,0.721148,0.256798,1.626186,0.656003,0.233600,0.383434
sample,62,drone,1.548988,1.101145,-0.555798,1.358178,1.828241,0.737512,0.262625,1.620681,0.653782,0.232809,0.383434
sample,63,drone,1.573972,1.147327,-0.537168,1.364812,1.868657,0.753816,0.268430,1.614383,0.651242,0.231904,0.383434
sample,64,drone,1.598955,1.194517,-0.518132,1.371591,1.908907,0.770053,0.274212,1.607304,0.648386,0.230887,0.383434
sample,65,drone,1.623939,1.242710,-0.498691,1.378514,1.948970,0.786214,0.279967,1.599456,0.645220,0.229760,0.383434
sample,66,drone,1.648923,1.291902,-0.478847,1.385580,1.988828,0.802293,0.285693,1.590850,0.641748,0.228524,0.383434
sample,67,drone,1.673906,1.342087,-0.458602,1.392789,2.028461,0.818281,0.291386,1.581498,0.637976,0.227180,0.383434
sample,68,drone,1.698890,1.393259,-0.437960,1.400140,2.067851,0.834171,0.297044,1.571411,0.633907,0.225731,0.383434
sample,69,drone,1.723874,1.445412,-0.416921,1.407632,2.106980,0.849955,0.302665,1.560602,0.629547,0.224179,0.383434
sample,70,drone,1.748857,1.498539,-0.395490,1.415263,2.145830,0.865627,0.308246,1.549082,0.624899,0.222524,0.383434
sample,71,drone,1.773841,1.552633,-0.373668,1.423034,2.184384,0.881180,0.313784,1.536862,0.619970,0.220768,0.383434
sample,72,drone,1.798825,1.607687,-0.351459,1.430942,2.222623,0.896606,0.319277,1.523955,0.614763,0.218914,0.383434
sample,73,drone,1.823808,1.663692,-0.328867,1.438987,2.260532,0.911898,0.324723,1.510371,0.609283,0.216963,0.383434
sample,74,drone,1.848792,1.720640,-0.305894,1.447168,2.298092,0.927050,0.330118,1.496123,0.603536,0.214916,0.383434
sample,75,drone,1.873776,1.778521,-0.282545,1.455482,2.335289,0.942055,0.335461,1.481223,0.597525,0.212776,0.383434
sample,76,drone,1.898760,1.837328,-0.258822,1.463930,2.372105,0.956907,0.340750,1.465681,0.591255,0.210543,0.383434
sample,77,drone,1.923743,1.897049,-0.234731,1.472509,2.408525,0.971598,0.345982,1.449510,0.584732,0.208220,0.383434
sample,78,drone,1.948727,1.957676,-0.210274,1.481218,2.444533,0.986124,0.351154,1.432721,0.577959,0.205809,0.383434
sample,79,drone,1.973711,2.019196,-0.185457,1.490055,2.480114,1.000478,0.356265,1.415326,0.570942,0.203310,0.383434
sample,80,drone,1.998694,2.081600,-0.160283,1.499019,2.515253,1.014653,0.361313,1.397337,0.563685,0.200726,0.383434
sample,81,drone,2.023678,2.144877,-0.134757,1.508109,2.549936,1.028643,0.366295,1.378765,0.556194,0.198058,0.383434
sample,82,drone,2.048662,2.209014,-0.108884,1.517322,2.584147,1.042444,0.371210,1.359622,0.548471,0.195308,0.383434
sample,83,drone,2.073645,2.274000,-0.082669,1.526657,2.617872,1.056049,0.376054,1.339920,0.540523,0.192478,0.383434
sample,84,drone,2.098629,2.339822,-0.056116,1.536113,2.651099,1.069453,0.380827,1.319670,0.532354,0.189569,0.383434
sample,85,drone,2.123613,2.406468,-0.029231,1.545686,2.683813,1.082649,0.385526,1.298884,0.523969,0.186583,0.383434
sample,86,drone,2.148596,2.473925,-0.002019,1.555376,2.716001,1.095634,0.390150,1.277573,0.515373,0.183522,0.383434
sample,87,drone,2.173580,2.542179,0.025515,1.565181,2.747650,1.108401,0.394697,1.255750,0.506569,0.180387,0.383434
sample,88,drone,2.198564,2.611218,0.053365,1.575098,2.778747,1.120946,0.399164,1.233426,0.497564,0.177180,0.383434
sample,89,drone,2.223547,2.681026,0.081525,1.585126,2.809281,1.133263,0.403550,1.210612,0.488361,0.173903,0.383434
sample,90,drone,2.248531,2.751590,0.109991,1.595263,2.839238,1.145348,0.407853,1.187321,0.478965,0.170557,0.383434
sample,91,drone,2.273515,2.822895,0.138755,1.605505,2.868608,1.157196,0.412072,1.163564,0.469381,0.167144,0.383434
sample,92,drone,2.298498,2.894927,0.167813,1.615853,2.897378,1.168802,0.416205,1.139352,0.459614,0.163667,0.383434
sample,93,drone,2.323482,2.967670,0.197157,1.626302,2.925538,1.180162,0.420250,1.114698,0.449669,0.160125,0.383434
sample,94,drone,2.348466,3.041108,0.226782,1.636852,2.953077,1.191271,0.424206,1.089612,0.439549,0.156521,0.383434
sample,95,drone,2.373449,3.115227,0.256682,1.647499,2.979983,1.202125,0.428071,1.064108,0.429261,0.152858,0.383434
sample,96,drone,2.398433,3.190010,0.286849,1.658241,3.006248,1.212720,0.431844,1.038195,0.418808,0.149135,0.383434
sample,97,drone,2.423417,3.265441,0.317278,1.669077,3.031859,1.223051,0.435523,1.011887,0.408195,0.145356,0.383434
sample,98,drone,2.448400,3.341504,0.347962,1.680003,3.056809,1.233116,0.439107,0.985194,0.397427,0.141522,0.383434
sample,99,drone,2.473384,3.418182,0.378894,1.691018,3.081087,1.242910,0.442594,0.958129,0.386509,0.137634,0.383434
sample,100,drone,2.498368,3.495458,0.410067,1.702118,3.104684,1.252429,0.445984,0.930702,0.375445,0.133694,0.383434
sample,101,drone,2.523351,3.573315,0.441474,1.713302,3.127592,1.261670,0.449275,0.902927,0.364240,0.129704,0.383434
sample,102,drone,2.548335,3.651735,0.473109,1.724567,3.149801,1.270629,0.452465,0.874813,0.352899,0.125666,0.383434
sample,103,drone,2.573319,3.730702,0.504964,1.735911,3.171304,1.279303,0.455554,0.846374,0.341427,0.121581,0.383434
sample,104,drone,2.598303,3.810197,0.537033,1.747330,3.192092,1.287689,0.458540,0.817620,0.329828,0.117450,0.383434
sample,105,drone,2.623286,3.890203,0.569307,1.758823,3.212158,1.295784,0.461423,0.788564,0.318106,0.113276,0.383434
sample,106,drone,2.648270,3.970700,0.601780,1.770386,3.231494,1.303584,0.464200,0.759216,0.306268,0.109061,0.383434
sample,107,drone,2.673254,4.051672,0.634443,1.782018,3.250094,1.311087,0.466872,0.729590,0.294316,0.104805,0.383434
sample,108,drone,2.698237,4.133099,0.667291,1.793715,3.267950,1.318290,0.469437,0.699695,0.282257,0.100510,0.383434
sample,109,drone,2.723221,4.214963,0.700315,1.805474,3.285056,1.325191,0.471894,0.669545,0.270094,0.096179,0.383434
sample,110,drone,2.748205,4.297244,0.733507,1.817294,3.301405,1.331786,0.474243,0.639150,0.257833,0.091813,0.383434
sample,111,drone,2.773188,4.379925,0.766861,1.829171,3.316993,1.338074,0.476482,0.608523,0.245478,0.087414,0.383434
sample,112,drone,2.798172,4.462986,0.800367,1.841102,3.331812,1.344052,0.478611,0.577675,0.233034,0.082982,0.383434
sample,113,drone,2.823156,4.546407,0.834020,1.853086,3.345858,1.349718,0.480628,0.546617,0.220505,0.078521,0.383434
sample,114,drone,2.848139,4.630169,0.867809,1.865118,3.359125,1.355070,0.482534,0.515362,0.207897,0.074031,0.383434
sample,115,drone,2.873123,4.714253,0.901729,1.877197,3.371609,1.360106,0.484328,0.483921,0.195214,0.069515,0.383434
sample,116,drone,2.898107,4.798640,0.935770,1.889319,3.383305,1.364825,0.486008,0.452306,0.182460,0.064973,0.383434
sample,117,drone,2.923090,4.883308,0.969925,1.901481,3.394209,1.369223,0.487574,0.420528,0.169641,0.060408,0.383434
sample,118,drone,2.948074,4.968239,1.004187,1.913682,3.404318,1.373301,0.489026,0.388598,0.156761,0.055822,0.383434
sample,119,drone,2.973058,5.053413,1.038546,1.925917,3.413627,1.377056,0.490363,0.356530,0.143824,0.051215,0.383434
sample,120,drone,2.998041,5.138809,1.072995,1.938184,3.422133,1.380488,0.491585,0.324334,0.130836,0.046590,0.383434
sample,121,drone,3.023025,5.224408,1.107525,1.950480,3.429833,1.383594,0.492691,0.292022,0.117802,0.041949,0.383434
sample,122,drone,3.048009,5.310189,1.142129,1.962802,3.436724,1.386374,0.493681,0.259606,0.104725,0.037292,0.383434
sample,123,drone,3.072992,5.396132,1.176798,1.975148,3.442804,1.388827,0.494555,0.227097,0.091611,0.032622,0.383434
sample,124,drone,3.097976,5.482217,1.211525,1.987514,3.448072,1.390951,0.495311,0.194508,0.078464,0.027941,0.383434
sample,125,drone,3.122960,5.568423,1.246301,1.999897,3.452524,1.392747,0.495951,0.161849,0.065290,0.023249,0.383434
sample,126,drone,3.147943,5.654730,1.281117,2.012295,3.456159,1.394214,0.496473,0.129132,0.052092,0.018550,0.383434
sample,127,drone,3.172927,5.741118,1.315966,2.024705,3.458976,1.395350,0.496878,0.096369,0.038875,0.013843,0.383434
sample,128,drone,3.197911,5.827566,1.350839,2.037123,3.460974,1.396156,0.497165,0.063573,0.025645,0.009132,0.383434
sample,129,drone,3.222894,5.914054,1.385728,2.049547,3.462152,1.396632,0.497334,0.030753,0.012406,0.004418,0.383434
sample,130,drone,3.247878,6.000561,1.420625,2.061973,3.462511,1.396776,0.497385,-0.002077,-0.000838,-0.000298,0.383434
sample,131,drone,3.272862,6.087066,1.455521,2.074400,3.462049,1.396590,0.497319,-0.034907,-0.014081,-0.005014,0.383434
sample,132,drone,3.297846,6.173550,1.490409,2.086823,3.460767,1.396072,0.497135,-0.067724,-0.027320,-0.009728,0.383434
sample,133,drone,3.322829,6.259992,1.525279,2.099240,3.458665,1.395225,0.496833,-0.100517,-0.040549,-0.014439,0.383434
sample,134,drone,3.347813,6.346370,1.560124,2.111648,3.455744,1.394046,0.496413,-0.133275,-0.053763,-0.019145,0.383434
sample,135,drone,3.372797,6.432666,1.594936,2.124045,3.452005,1.392538,0.495876,-0.165985,-0.066958,-0.023843,0.383434
sample,136,drone,3.397780,6.518858,1.629706,2.136426,3.447450,1.390701,0.495222,-0.198635,-0.080129,-0.028534,0.383434
sample,137,drone,3.422764,6.604926,1.664426,2.148790,3.442080,1.388534,0.494451,-0.231216,-0.093272,-0.033214,0.383434
sample,138,drone,3.447748,6.690850,1.699087,2.161132,3.435897,1.386040,0.493562,-0.263713,-0.106382,-0.037882,0.383434
sample,139,drone,3.472731,6.776609,1.733682,2.173452,3.428903,1.383219,0.492558,-0.296117,-0.119453,-0.042537,0.383434
sample,140,drone,3.497715,6.862183,1.768203,2.185744,3.421101,1.380071,0.491437,-0.328415,-0.132482,-0.047176,0.383434
sample,141,drone,3.522699,6.947552,1.802641,2.198007,3.412493,1.376599,0.490200,-0.360595,-0.145464,-0.051799,0.383434
sample,142,drone,3.547682,7.032696,1.836988,2.210238,3.403083,1.372803,0.488849,-0.392647,-0.158394,-0.056403,0.383434
sample,143,drone,3.572666,7.117595,1.871236,2.222434,3.392873,1.368684,0.487382,-0.424557,-0.171266,-0.060987,0.383434
sample,144,drone,3.597650,7.202229,1.905378,2.234591,3.381869,1.364245,0.485801,-0.456315,-0.184077,-0.065549,0.383434
sample,145,drone,3.622633,7.286578,1.939404,2.246708,3.370073,1.359487,0.484107,-0.487909,-0.196823,-0.070088,0.383434
sample,146,drone,3.647617,7.370623,1.973308,2.258781,3.357489,1.354410,0.482299,-0.519328,-0.209497,-0.074601,0.383434
sample,147,drone,3.672601,7.454343,2.007080,2.270807,3.344123,1.349019,0.480379,-0.550558,-0.222095,-0.079087,0.383434
sample,148,drone,3.697584,7.537720,2.040714,2.282784,3.329979,1.343313,0.478347,-0.581590,-0.234613,-0.083545,0.383434
sample,149,drone,3.722568,7.620733,2.074202,2.294709,3.315063,1.337296,0.476205,-0.612411,-0.247046,-0.087972,0.383434
sample,150,drone,3.747552,7.703365,2.107536,2.306579,3.299379,1.330969,0.473952,-0.643009,-0.259390,-0.092368,0.383434
sample,151,drone,3.772535,7.785595,2.140707,2.318391,3.282933,1.324335,0.471589,-0.673374,-0.271639,-0.096729,0.383434
sample,152,drone,3.797519,7.867404,2.173709,2.330143,3.265732,1.317396,0.469118,-0.703492,-0.283789,-0.101056,0.383434
sample,153,drone,3.822503,7.948775,2.206534,2.341832,3.247781,1.310154,0.466540,-0.733353,-0.295835,-0.105345,0.383434
sample,154,drone,3.847486,8.029687,2.239174,2.353455,3.229088,1.302613,0.463855,-0.762945,-0.307772,-0.109596,0.383434
sample,155,drone,3.872470,8.110124,2.271622,2.365009,3.209659,1.294776,0.461064,-0.792257,-0.319596,-0.113807,0.383434
sample,156,drone,3.897454,8.190065,2.303871,2.376493,3.189501,1.286644,0.458168,-0.821275,-0.331302,-0.117975,0.383434
sample,157,drone,3.922437,8.269494,2.335912,2.387903,3.168622,1.278221,0.455169,-0.849990,-0.342886,-0.122100,0.383434
sample,158,drone,3.947421,8.348393,2.367740,2.399237,3.147030,1.269511,0.452067,-0.878389,-0.354342,-0.126179,0.383434
sample,159,drone,3.972405,8.426743,2.399346,2.410491,3.124731,1.260516,0.448864,-0.906460,-0.365666,-0.130212,0.383434
sample,160,drone,3.997388,8.504528,2.430725,2.421665,3.101736,1.251240,0.445561,-0.934192,-0.376853,-0.134196,0.383434
sample,161,drone,4.022372,8.581729,2.461868,2.432755,3.078052,1.241686,0.442158,-0.961574,-0.387899,-0.138129,0.383434
sample,162,drone,4.047356,8.658330,2.492768,2.443759,3.053689,1.231857,0.438659,-0.988592,-0.398798,-0.142010,0.383434
sample,163,drone,4.072340,8.734314,2.523420,2.454674,3.028655,1.221759,0.435063,-1.015237,-0.409546,-0.145838,0.383434
sample,164,drone,4.097323,8.809664,2.553816,2.465497,3.002960,1.211393,0.431372,-1.041496,-0.420139,-0.149610,0.383434
sample,165,drone,4.122307,8.884364,2.583950,2.476228,2.976614,1.200765,0.427587,-1.067358,-0.430572,-0.153325,0.383434
sample,166,drone,4.147291,8.958397,2.613815,2.486863,2.949627,1.189879,0.423710,-1.092810,-0.440839,-0.156981,0.383434
sample,167,drone,4.172274,9.031749,2.643405,2.497400,2.922009,1.178738,0.419743,-1.117841,-0.450937,-0.160577,0.383434
sample,168,drone,4.197258,9.104402,2.672714,2.507836,2.893771,1.167347,0.415687,-1.142440,-0.460860,-0.164110,0.383434
sample,169,drone,4.222242,9.176343,2.701735,2.518170,2.864925,1.155710,0.411543,-1.166595,-0.470604,-0.167580,0.383434
sample,170,drone,4.247225,9.247555,2.730462,2.528400,2.835480,1.143832,0.407313,-1.190294,-0.480164,-0.170984,0.383434
sample,171,drone,4.272209,9.318024,2.758889,2.538523,2.805449,1.131717,0.402999,-1.213525,-0.489536,-0.174321,0.383434
sample,172,drone,4.297193,9.387736,2.787011,2.548537,2.774843,1.119371,0.398603,-1.236278,-0.498714,-0.177590,0.383434
sample,173,drone,4.322176,9.456676,2.814821,2.558440,2.743675,1.106798,0.394126,-1.258539,-0.507694,-0.180788,0.383434
sample,174,drone,4.347160,9.524830,2.842314,2.568230,2.711957,1.094003,0.389569,-1.280298,-0.516472,-0.183913,0.383434
sample,175,drone,4.372144,9.592185,2.869485,2.577906,2.679702,1.080991,0.384936,-1.301543,-0.525042,-0.186965,0.383434
sample,176,drone,4.397127,9.658728,2.896329,2.587464,2.646923,1.067768,0.380227,-1.322262,-0.533400,-0.189941,0.383434
sample,177,drone,4.422111,9.724445,2.922839,2.596905,2.613632,1.054339,0.375445,-1.342443,-0.541541,-0.192840,0.383434
sample,178,drone,4.447095,9.789324,2.949011,2.606224,2.579844,1.040709,0.370591,-1.362076,-0.549461,-0.195660,0.383434
sample,179,drone,4.472078,9.853353,2.974840,2.615422,2.545573,1.026884,0.365668,-1.381147,-0.557154,-0.198400,0.383434
sample,180,drone,4.497062,9.916519,3.000322,2.624496,2.510832,1.012869,0.360678,-1.399646,-0.564617,-0.201057,0.383434
sample,181,drone,4.522046,9.978812,3.025451,2.633444,2.475636,0.998671,0.355622,-1.417560,-0.571844,-0.203631,0.383434
sample,182,drone,4.547029,10.040220,3.050223,2.642265,2.440000,0.984296,0.350503,-1.434879,-0.578830,-0.206119,0.383434
sample,183,drone,4.572013,10.100733,3.074633,2.650958,2.403939,0.969749,0.345323,-1.451591,-0.585571,-0.208519,0.383434
sample,184,drone,4.596997,10.160339,3.098678,2.659520,2.367468,0.955036,0.340084,-1.467683,-0.592063,-0.210831,0.383434
sample,185,drone,4.621980,10.219029,3.122354,2.667951,2.330603,0.940165,0.334788,-1.483144,-0.598300,-0.213052,0.383434
sample,186,drone,4.646964,10.276793,3.145656,2.676249,2.293359,0.925141,0.329438,-1.497962,-0.604278,-0.215180,0.383434
sample,187,drone,4.671948,10.333622,3.168581,2.684412,2.255754,0.909971,0.324036,-1.512127,-0.609992,-0.217215,0.383434
sample,188,drone,4.696931,10.389507,3.191125,2.692440,2.217802,0.894661,0.318585,-1.525626,-0.615437,-0.219154,0.383434
sample,189,drone,4.721915,10.444440,3.213285,2.700331,2.179522,0.879219,0.313086,-1.538447,-0.620609,-0.220996,0.383434
sample,190,drone,4.746899,10.498412,3.235057,2.708084,2.140930,0.863651,0.307542,-1.550578,-0.625503,-0.222739,0.383434
sample,191,drone,4.771883,10.551416,3.256439,2.715698,2.102044,0.847964,0.301956,-1.562009,-0.630114,-0.224381,0.383434
sample,192,drone,4.796866,10.603446,3.277428,2.723172,2.062881,0.832166,0.296330,-1.572728,-0.634438,-0.225920,0.383434
sample,193,drone,4.821850,10.654493,3.298020,2.730505,2.023459,0.816263,0.290667,-1.582722,-0.638470,-0.227356,0.383434
sample,194,drone,4.846834,10.704552,3.318214,2.737696,1.983796,0.800263,0.284970,-1.591980,-0.642204,-0.228686,0.383434
sample,195,drone,4.871817,10.753618,3.338007,2.744744,1.943912,0.784174,0.279241,-1.600491,-0.645638,-0.229909,0.383434
sample,196,drone,4.896801,10.801685,3.357397,2.751649,1.903824,0.768002,0.273482,-1.608243,-0.648765,-0.231022,0.383434
sample,197,drone,4.921785,10.848747,3.376382,2.758409,1.863552,0.751757,0.267697,-1.615223,-0.651581,-0.232025,0.383434
sample,198,drone,4.946768,10.894801,3.394960,2.765025,1.823116,0.735444,0.261888,-1.621421,-0.654081,-0.232915,0.383434
sample,199,drone,4.971752,10.939843,3.413130,2.771495,1.782534,0.719074,0.256059,-1.626825,-0.656261,-0.233691,0.383434
sample,200,drone,4.996736,10.983870,3.430891,2.777820,1.741827,0.702653,0.250211,-1.631423,-0.658116,-0.234352,0.383434
sample,201,drone,5.021719,11.026878,3.448240,2.783998,1.701016,0.686190,0.244349,-1.635203,-0.659641,-0.234895,0.383434
sample,202,drone,5.046703,11.068865,3.465178,2.790029,1.660121,0.669692,0.238474,-1.638154,-0.660831,-0.235319,0.383434
sample,203,drone,5.071687,11.109830,3.481703,2.795914,1.619162,0.653170,0.232591,-1.640265,-0.661682,-0.235622,0.383434
sample,204,drone,5.096670,11.149770,3.497815,2.801651,1.578161,0.636630,0.226701,-1.641522,-0.662190,-0.235803,0.383434
sample,205,drone,5.121654,11.188686,3.513514,2.807241,1.537139,0.620082,0.220808,-1.641916,-0.662348,-0.235859,0.383434
sample,206,drone,5.146638,11.226577,3.528799,2.812684,1.496119,0.603534,0.214916,-1.641433,-0.662154,-0.235790,0.383434
sample,207,drone,5.171621,11.263443,3.543671,2.817980,1.455121,0.586996,0.209026,-1.640063,-0.661601,-0.235593,0.383434
sample,208,drone,5.196605,11.299286,3.558129,2.823129,1.414169,0.570476,0.203144,-1.637793,-0.660686,-0.235267,0.383434
sample,209,drone,5.221589,11.334106,3.572176,2.828131,1.373285,0.553983,0.197271,-1.634613,-0.659403,-0.234810,0.383434
sample,210,drone,5.246572,11.367905,3.585810,2.832986,1.332492,0.537527,0.191411,-1.630510,-0.657747,-0.234221,0.383434
sample,211,drone,5.271556,11.400687,3.599035,2.837695,1.291813,0.521117,0.185567,-1.625473,-0.655715,-0.233497,0.383434
sample,212,drone,5.296540,11.432454,3.611849,2.842258,1.251271,0.504763,0.179744,-1.619490,-0.653302,-0.232638,0.383434
sample,213,drone,5.321523,11.463210,3.624256,2.846676,1.210891,0.488473,0.173943,-1.612549,-0.650502,-0.231641,0.383434
sample,214,drone,5.346507,11.492959,3.636257,2.850950,1.170697,0.472259,0.168169,-1.604639,-0.647311,-0.230504,0.383434
sample,215,drone,5.371491,11.521706,3.647854,2.855079,1.130712,0.456129,0.162425,-1.595748,-0.643725,-0.229227,0.383434
sample,216,drone,5.396474,11.549457,3.659049,2.859066,1.090961,0.440094,0.156715,-1.585865,-0.639738,-0.227808,0.383434
sample,217,drone,5.421458,11.576219,3.669844,2.862910,1.051470,0.424163,0.151042,-1.574977,-0.635345,-0.226244,0.383434
sample,218,drone,5.446442,11.601997,3.680243,2.866613,1.012264,0.408347,0.145410,-1.563073,-0.630543,-0.224534,0.383434
sample,219,drone,5.471425,11.626799,3.690248,2.870176,0.973367,0.392656,0.139823,-1.550142,-0.625327,-0.222676,0.383434
sample,220,drone,5.496409,11.650633,3.699863,2.873599,0.934807,0.377101,0.134284,-1.536171,-0.619691,-0.220669,0.383434
sample,221,drone,5.521393,11.673509,3.709091,2.876885,0.896609,0.361692,0.128797,-1.521150,-0.613631,-0.218511,0.383434
sample,222,drone,5.546377,11.695434,3.717936,2.880035,0.858799,0.346439,0.123365,-1.505066,-0.607143,-0.216201,0.383434
sample,223,drone,5.571360,11.716420,3.726401,2.883050,0.821405,0.331355,0.117994,-1.487907,-0.600221,-0.213736,0.383434
sample,224,drone,5.596344,11.736478,3.734493,2.885931,0.784453,0.316448,0.112686,-1.469663,-0.592862,-0.211115,0.383434
sample,225,drone,5.621328,11.755618,3.742214,2.888680,0.747970,0.301731,0.107445,-1.450320,-0.585059,-0.208337,0.383434
sample,226,drone,5.646311,11.773852,3.749569,2.891300,0.711984,0.287214,0.102276,-1.429869,-0.576809,-0.205399,0.383434
sample,227,drone,5.671295,11.791193,3.756565,2.893791,0.676523,0.272909,0.097182,-1.408297,-0.568107,-0.202300,0.383434
sample,228,drone,5.696279,11.807656,3.763206,2.896155,0.641615,0.258827,0.092167,-1.385592,-0.558947,-0.199039,0.383434
sample,229,drone,5.721262,11.823253,3.769498,2.898396,0.607289,0.244980,0.087236,-1.361742,-0.549327,-0.195613,0.383434
sample,230,drone,5.746246,11.838001,3.775447,2.900514,0.573572,0.231379,0.082393,-1.336737,-0.539239,-0.192021,0.383434
sample,231,drone,5.771230,11.851913,3.781059,2.902513,0.540495,0.218036,0.077642,-1.310564,-0.528681,-0.188261,0.383434
sample,232,drone,5.796213,11.865008,3.786341,2.904394,0.508087,0.204962,0.072986,-1.283212,-0.517647,-0.184332,0.383434
sample,233,drone,5.821197,11.877301,3.791301,2.906160,0.476377,0.192170,0.068431,-1.254669,-0.506133,-0.180232,0.383434
sample,234,drone,5.846181,11.888811,3.795944,2.907813,0.445395,0.179672,0.063980,-1.224923,-0.494134,-0.175959,0.383434
sample,235,drone,5.871164,11.899556,3.800278,2.909357,0.415171,0.167480,0.059639,-1.193963,-0.481644,-0.171511,0.383434
sample,236,drone,5.896148,11.909556,3.804312,2.910793,0.385735,0.155606,0.055410,-1.161777,-0.468660,-0.166888,0.383434
sample,237,drone,5.921132,11.918830,3.808054,2.912125,0.357120,0.144062,0.051300,-1.128353,-0.455177,-0.162086,0.383434
sample,238,drone,5.946115,11.927400,3.811511,2.913357,0.329355,0.132862,0.047311,-1.093680,-0.441190,-0.157106,0.383434
sample,239,drone,5.971099,11.935287,3.814692,2.914490,0.302471,0.122017,0.043450,-1.057745,-0.426694,-0.151944,0.383434
sample,240,drone,5.996083,11.942514,3.817607,2.915528,0.276502,0.111541,0.039719,-1.020539,-0.411685,-0.146599,0.383434
sample,241,drone,6.021066,11.949103,3.820266,2.916474,0.251478,0.101446,0.036124,-0.982047,-0.396158,-0.141070,0.383434
sample,242,drone,6.046050,11.955080,3.822676,2.917333,0.227431,0.091746,0.032670,-0.942260,-0.380108,-0.135355,0.383434
sample,243,drone,6.071034,11.960467,3.824850,2.918107,0.204396,0.082453,0.029361,-0.901165,-0.363530,-0.129451,0.383434
sample,244,drone,6.096017,11.965293,3.826796,2.918800,0.182403,0.073581,0.026202,-0.858751,-0.346420,-0.123359,0.383434
sample,245,drone,6.121001,11.969582,3.828527,2.919416,0.161486,0.065143,0.023197,-0.815006,-0.328773,-0.117075,0.383434
sample,246,drone,6.145985,11.973362,3.830051,2.919959,0.141679,0.057153,0.020352,-0.769918,-0.310585,-0.110598,0.383434
sample,247,drone,6.170968,11.976661,3.831382,2.920433,0.123015,0.049624,0.017671,-0.723476,-0.291850,-0.103926,0.383434
sample,248,drone,6.195952,11.979508,3.832531,2.920842,0.105529,0.042570,0.015159,-0.675668,-0.272564,-0.097059,0.383434
sample,249,drone,6.220936,11.981934,3.833510,2.921190,0.089254,0.036005,0.012821,-0.626482,-0.252723,-0.089993,0.383434
sample,250,drone,6.245920,11.983968,3.834330,2.921482,0.074225,0.029942,0.010662,-0.575907,-0.232321,-0.082728,0.383434
sample,251,drone,6.270903,11.985643,3.835006,2.921723,0.060477,0.024397,0.008687,-0.523930,-0.211353,-0.075262,0.383434
sample,252,drone,6.295887,11.986990,3.835549,2.921917,0.048046,0.019382,0.006902,-0.470541,-0.189816,-0.067593,0.383434
sample,253,drone,6.320871,11.988044,3.835974,2.922068,0.036966,0.014912,0.005310,-0.415728,-0.167705,-0.059719,0.383434
sample,254,drone,6.345854,11.988837,3.836294,2.922182,0.027273,0.011002,0.003918,-0.359479,-0.145014,-0.051639,0.383434
sample,255,drone,6.370838,11.989406,3.836524,2.922264,0.019003,0.007666,0.002730,-0.301782,-0.121739,-0.043351,0.383434
sample,256,drone,6.395822,11.989787,3.836677,2.922318,0.012194,0.004919,0.001752,-0.242625,-0.097875,-0.034853,0.383434
sample,257,drone,6.420805,11.990016,3.836770,2.922351,0.006880,0.002775,0.000988,-0.181998,-0.073418,-0.026144,0.383434
sample,258,drone,6.445789,11.990131,3.836816,2.922368,0.003100,0.001250,0.000445,-0.119904,-0.048366,-0.017223,0.383434
sample,259,drone,6.470773,11.990170,3.836832,2.922373,0.000889,0.000359,0.000128,-0.067689,-0.025296,-0.008959,0.383572
sample,260,drone,6.495756,11.990175,3.836834,2.922374,-0.000283,-0.000014,-0.000002,-0.067631,-0.013872,-0.004617,-3.093695
sample,261,drone,6.520740,11.990156,3.836831,2.922373,-0.002491,-0.000334,-0.000103,-0.144100,-0.019838,-0.006144,-3.008108
sample,262,drone,6.545724,11.990051,3.836817,2.922369,-0.007483,-0.001005,-0.000309,-0.258993,-0.034778,-0.010709,-3.008108
sample,263,drone,6.570707,11.989782,3.836781,2.922358,-0.015432,-0.002072,-0.000638,-0.375451,-0.050417,-0.015524,-3.008108
sample,264,drone,6.595691,11.989279,3.836714,2.922337,-0.026243,-0.003524,-0.001085,-0.488163,-0.065552,-0.020185,-3.008108
sample,265,drone,6.620675,11.988471,3.836605,2.922304,-0.039824,-0.005348,-0.001647,-0.597169,-0.080190,-0.024692,-3.008108
sample,266,drone,6.645658,11.987290,3.836446,2.922255,-0.056082,-0.007531,-0.002319,-0.702509,-0.094335,-0.029048,-3.008108
sample,267,drone,6.670642,11.985669,3.836229,2.922188,-0.074926,-0.010061,-0.003098,-0.804221,-0.107993,-0.033253,-3.008108
sample,268,drone,6.695626,11.983546,3.835944,2.922100,-0.096267,-0.012927,-0.003981,-0.902346,-0.121170,-0.037311,-3.008108
sample,269,drone,6.720609,11.980859,3.835583,2.921989,-0.120014,-0.016116,-0.004962,-0.996923,-0.133870,-0.041221,-3.008108
sample,270,drone,6.745593,11.977549,3.835138,2.921852,-0.146080,-0.019616,-0.006040,-1.087991,-0.146099,-0.044987,-3.008108
sample,271,drone,6.770577,11.973559,3.834603,2.921687,-0.174378,-0.023416,-0.007210,-1.175590,-0.157862,-0.048609,-3.008108
sample,272,drone,6.795560,11.968836,3.833968,2.921492,-0.204822,-0.027504,-0.008469,-1.259759,-0.169164,-0.052089,-3.008108
sample,273,drone,6.820544,11.963325,3.833228,2.921264,-0.237325,-0.031869,-0.009813,-1.340538,-0.180011,-0.055429,-3.008108
sample,274,drone,6.845528,11.956977,3.832376,2.921001,-0.271805,-0.036499,-0.011239,-1.417966,-0.190409,-0.058631,-3.008108
sample,275,drone,6.870511,11.949744,3.831405,2.920702,-0.308177,-0.041383,-0.012743,-1.492082,-0.200361,-0.061696,-3.008108
sample,276,drone,6.895495,11.941578,3.830308,2.920365,-0.346360,-0.046510,-0.014322,-1.562926,-0.209874,-0.064625,-3.008108
sample,277,drone,6.920479,11.932437,3.829081,2.919987,-0.386272,-0.051870,-0.015972,-1.630538,-0.218953,-0.067421,-3.008108
sample,278,drone,6.945463,11.922277,3.827716,2.919567,-0.427834,-0.057451,-0.017690,-1.694956,-0.227604,-0.070084,-3.008108
sample,279,drone,6.970446,11.911059,3.826210,2.919103,-0.470965,-0.063243,-0.019474,-1.756221,-0.235831,-0.072617,-3.008108
sample,280,drone,6.995430,11.898744,3.824556,2.918594,-0.515588,-0.069235,-0.021319,-1.814372,-0.243639,-0.075022,-3.008108
sample,281,drone,7.020414,11.885297,3.822751,2.918037,-0.561624,-0.075417,-0.023222,-1.869448,-0.251035,-0.077299,-3.008108
sample,282,drone,7.045397,11.870682,3.820788,2.917433,-0.608999,-0.081778,-0.025181,-1.921489,-0.258023,-0.079451,-3.008108
sample,283,drone,7.070381,11.854867,3.818664,2.916779,-0.657636,-0.088309,-0.027192,-1.970533,-0.264609,-0.081479,-3.008108
sample,284,drone,7.095365,11.837821,3.816375,2.916074,-0.707461,-0.095000,-0.029253,-2.016622,-0.270798,-0.083385,-3.008108
sample,285,drone,7.120348,11.819517,3.813917,2.915318,-0.758401,-0.101840,-0.031359,-2.059793,-0.276595,-0.085170,-3.008108
sample,286,drone,7.145332,11.799926,3.811287,2.914508,-0.810384,-0.108821,-0.033508,-2.100087,-0.282006,-0.086836,-3.008108
sample,287,drone,7.170316,11.779024,3.808480,2.913643,-0.863337,-0.115931,-0.035698,-2.137543,-0.287036,-0.088385,-3.008108
sample,288,drone,7.195299,11.756787,3.805494,2.912724,-0.917191,-0.123163,-0.037925,-2.172200,-0.291689,-0.089818,-3.008108
sample,289,drone,7.220283,11.733194,3.802326,2.911748,-0.971876,-0.130506,-0.040186,-2.204098,-0.295973,-0.091137,-3.008108
sample,290,drone,7.245267,11.708225,3.798973,2.910716,-1.027324,-0.137952,-0.042478,-2.233276,-0.299891,-0.092343,-3.008108
sample,291,drone,7.270250,11.681862,3.795433,2.909626,-1.083467,-0.145491,-0.044800,-2.259774,-0.303449,-0.093439,-3.008108
sample,292,drone,7.295234,11.654087,3.791703,2.908477,-1.140239,-0.153115,-0.047147,-2.283631,-0.306653,-0.094425,-3.008108
sample,293,drone,7.320218,11.624887,3.787782,2.907270,-1.197574,-0.160814,-0.049518,-2.304886,-0.309507,-0.095304,-3.008108
sample,294,drone,7.345201,11.594248,3.783668,2.906003,-1.255408,-0.168580,-0.051909,-2.323580,-0.312017,-0.096077,-3.008108
sample,295,drone,7.370185,11.562158,3.779359,2.904676,-1.313677,-0.176404,-0.054319,-2.339751,-0.314189,-0.096746,-3.008108
sample,296,drone,7.395169,11.528607,3.774853,2.903289,-1.372319,-0.184279,-0.056744,-2.353440,-0.316027,-0.097312,-3.008108
sample,297,drone,7.420152,11.493586,3.770151,2.901841,-1.431272,-0.192195,-0.059181,-2.364684,-0.317537,-0.097777,-3.008108
sample,298,drone,7.445136,11.457090,3.765250,2.900332,-1.490476,-0.200146,-0.061629,-2.373525,-0.318724,-0.098142,-3.008108
sample,299,drone,7.470120,11.419111,3.760150,2.898761,-1.549871,-0.208121,-0.064085,-2.380001,-0.319594,-0.098410,-3.008108
sample,300,drone,7.495103,11.379647,3.754850,2.897130,-1.609398,-0.216115,-0.066547,-2.384151,-0.320151,-0.098582,-3.008108
sample,301,drone,7.520087,11.338694,3.749351,2.895436,-1.669001,-0.224118,-0.069011,-2.386016,-0.320401,-0.098659,-3.008108
sample,302,drone,7.545071,11.296251,3.743652,2.893681,-1.728621,-0.232124,-0.071476,-2.385635,-0.320350,-0.098643,-3.008108
sample,303,drone,7.570054,11.252319,3.737753,2.891865,-1.788205,-0.240125,-0.073940,-2.383046,-0.320002,-0.098536,-3.008108
sample,304,drone,7.595038,11.206899,3.731653,2.889987,-1.847696,-0.248114,-0.076400,-2.378290,-0.319364,-0.098339,-3.008108
sample,305,drone,7.620022,11.159995,3.725355,2.888047,-1.907042,-0.256083,-0.078854,-2.371406,-0.318439,-0.098055,-3.008108
sample,306,drone,7.645005,11.111610,3.718858,2.886047,-1.966189,-0.264026,-0.081299,-2.362434,-0.317235,-0.097684,-3.008108
sample,307,drone,7.669989,11.061749,3.712162,2.883985,-2.025086,-0.271935,-0.083735,-2.351413,-0.315755,-0.097228,-3.008108
sample,308,drone,7.694973,11.010421,3.705270,2.881863,-2.083683,-0.279803,-0.086158,-2.338381,-0.314005,-0.096689,-3.008108
sample,309,drone,7.719957,10.957633,3.698181,2.879680,-2.141929,-0.287625,-0.088566,-2.323380,-0.311990,-0.096069,-3.008108
sample,310,drone,7.744940,10.903395,3.690898,2.877437,-2.199776,-0.295392,-0.090958,-2.306448,-0.309717,-0.095369,-3.008108
sample,311,drone,7.769924,10.847716,3.683421,2.875135,-2.257176,-0.303100,-0.093331,-2.287625,-0.307189,-0.094590,-3.008108
sample,312,drone,7.794908,10.790610,3.675753,2.872774,-2.314082,-0.310742,-0.095684,-2.266950,-0.304413,-0.093735,-3.008108
sample,313,drone,7.819891,10.732088,3.667894,2.870354,-2.370449,-0.318311,-0.098015,-2.244462,-0.301393,-0.092806,-3.008108
sample,314,drone,7.844875,10.672165,3.659848,2.867876,-2.426232,-0.325802,-0.100322,-2.220201,-0.298135,-0.091802,-3.008108
sample,315,drone,7.869859,10.610855,3.651615,2.865341,-2.481387,-0.333208,-0.102602,-2.194207,-0.294645,-0.090728,-3.008108
sample,316,drone,7.894842,10.548176,3.643198,2.862749,-2.535871,-0.340524,-0.104855,-2.166519,-0.290927,-0.089583,-3.008108
sample,317,drone,7.919826,10.484145,3.634600,2.860102,-2.589642,-0.347745,-0.107078,-2.137177,-0.286986,-0.088369,-3.008108
sample,318,drone,7.944810,10.418779,3.625822,2.857399,-2.642660,-0.354864,-0.109271,-2.106219,-0.282829,-0.087089,-3.008108
sample,319,drone,7.969793,10.352098,3.616868,2.854642,-2.694884,-0.361877,-0.111430,-2.073685,-0.278461,-0.085744,-3.008108
sample,320,drone,7.994777,10.284122,3.607740,2.851831,-2.746277,-0.368778,-0.113555,-2.039615,-0.273886,-0.084335,-3.008108
sample,321,drone,8.019761,10.214874,3.598441,2.848968,-2.796799,-0.375562,-0.115644,-2.004049,-0.269110,-0.082865,-3.008108
sample,322,drone,8.044744,10.144374,3.588974,2.846053,-2.846414,-0.382225,-0.117695,-1.967025,-0.264138,-0.081334,-3.008108
sample,323,drone,8.069728,10.072646,3.579342,2.843087,-2.895086,-0.388761,-0.119708,-1.928583,-0.258976,-0.079744,-3.008108
sample,324,drone,8.094712,9.999714,3.569549,2.840071,-2.942780,-0.395165,-0.121680,-1.888763,-0.253629,-0.078098,-3.008108
sample,325,drone,8.119695,9.925603,3.559597,2.837007,-2.989462,-0.401434,-0.123610,-1.847603,-0.248102,-0.076396,-3.008108
sample,326,drone,8.144679,9.850339,3.549490,2.833895,-3.035100,-0.407562,-0.125497,-1.805145,-0.242400,-0.074640,-3.008108
sample,327,drone,8.169663,9.773947,3.539232,2.830736,-3.079660,-0.413546,-0.127340,-1.761426,-0.236529,-0.072833,-3.008108
sample,328,drone,8.194646,9.696456,3.528827,2.827532,-3.123113,-0.419381,-0.129137,-1.716486,-0.230495,-0.070974,-3.008108
sample,329,drone,8.219630,9.617893,3.518277,2.824283,-3.165429,-0.425063,-0.130886,-1.670365,-0.224302,-0.069067,-3.008108
sample,330,drone,8.244614,9.538288,3.507587,2.820992,-3.206577,-0.430589,-0.132588,-1.623103,-0.217955,-0.067113,-3.008108
sample,331,drone,8.269597,9.457669,3.496762,2.817658,-3.246531,-0.435954,-0.134240,-1.574738,-0.211460,-0.065113,-3.008108
sample,332,drone,8.294581,9.376067,3.485804,2.814284,-3.285263,-0.441155,-0.135841,-1.525310,-0.204823,-0.063070,-3.008108
sample,333,drone,8.319565,9.293513,3.474718,2.810871,-3.322747,-0.446188,-0.137391,-1.474859,-0.198048,-0.060983,-3.008108
sample,334,drone,8.344548,9.210038,3.463509,2.807419,-3.358957,-0.451051,-0.138888,-1.423424,-0.191142,-0.058857,-3.008108
sample,335,drone,8.369532,9.125675,3.452180,2.803931,-3.393871,-0.455739,-0.140332,-1.371044,-0.184108,-0.056691,-3.008108
sample,336,drone,8.394516,9.040456,3.440737,2.800407,-3.427465,-0.460250,-0.141721,-1.317759,-0.176953,-0.054488,-3.008108
sample,337,drone,8.419500,8.954414,3.429183,2.796849,-3.459716,-0.464581,-0.143055,-1.263609,-0.169681,-0.052249,-3.008108
sample,338,drone,8.444483,8.867583,3.417523,2.793259,-3.490604,-0.468729,-0.144332,-1.208633,-0.162299,-0.049975,-3.008108
sample,339,drone,8.469467,8.779997,3.405762,2.789637,-3.520108,-0.472691,-0.145552,-1.152869,-0.154811,-0.047670,-3.008108
sample,340,drone,8.494451,8.691692,3.393904,2.785986,-3.548210,-0.476464,-0.146714,-1.096359,-0.147222,-0.045333,-3.008108
sample,341,drone,8.519434,8.602703,3.381954,2.782307,-3.574891,-0.480047,-0.147817,-1.039141,-0.139539,-0.042967,-3.008108
sample,342,drone,8.544418,8.513064,3.369917,2.778600,-3.600133,-0.483436,-0.148861,-0.981254,-0.131766,-0.040574,-3.008108
sample,343,drone,8.569402,8.422814,3.357798,2.774868,-3.623921,-0.486631,-0.149844,-0.922738,-0.123908,-0.038154,-3.008108
sample,344,drone,8.594385,8.331987,3.345602,2.771113,-3.646240,-0.489628,-0.150767,-0.863633,-0.115971,-0.035710,-3.008108
sample,345,drone,8.619369,8.240621,3.333333,2.767335,-3.667075,-0.492426,-0.151629,-0.803978,-0.107961,-0.033243,-3.008108
sample,346,drone,8.644353,8.148753,3.320996,2.763536,-3.686413,-0.495022,-0.152428,-0.743813,-0.099881,-0.030756,-3.008108
sample,347,drone,8.669336,8.056420,3.308598,2.759719,-3.704241,-0.497416,-0.153165,-0.683176,-0.091739,-0.028248,-3.008108
sample,348,drone,8.694320,7.963662,3.296142,2.755883,-3.720549,-0.499606,-0.153840,-0.622108,-0.083538,-0.025723,-3.008108
sample,349,drone,8.719304,7.870514,3.283634,2.752032,-3.735326,-0.501591,-0.154451,-0.560647,-0.075285,-0.023182,-3.008108
sample,350,drone,8.744287,7.777017,3.271079,2.748166,-3.748563,-0.503368,-0.154998,-0.498834,-0.066985,-0.020626,-3.008108
sample,351,drone,8.769271,7.683209,3.258482,2.744287,-3.760252,-0.504938,-0.155481,-0.436707,-0.058642,-0.018057,-3.008108
sample,352,drone,8.794255,7.589127,3.245848,2.740397,-3.770384,-0.506298,-0.155900,-0.374306,-0.050263,-0.015477,-3.008108
sample,353,drone,8.819238,7.494812,3.233183,2.736497,-3.778955,-0.507449,-0.156255,-0.311671,-0.041852,-0.012887,-3.008108
sample,354,drone,8.844222,7.400303,3.220492,2.732589,-3.785958,-0.508390,-0.156544,-0.248841,-0.033415,-0.010289,-3.008108
sample,355,drone,8.869206,7.305638,3.207781,2.728675,-3.791389,-0.509119,-0.156769,-0.185856,-0.024957,-0.007685,-3.008108
sample,356,drone,8.894189,7.210857,3.195053,2.724756,-3.795244,-0.509637,-0.156928,-0.122754,-0.016484,-0.005076,-3.008108
sample,357,drone,8.919173,7.116000,3.182315,2.720833,-3.797522,-0.509942,-0.157023,-0.059576,-0.008000,-0.002463,-3.008108
sample,358,drone,8.944157,7.021105,3.169573,2.716910,-3.798221,-0.510036,-0.157051,0.003640,0.000489,0.000150,-3.008108
sample,359,drone,8.969140,6.926213,3.156830,2.712986,-3.797340,-0.509918,-0.157015,0.066853,0.008977,0.002764,-3.008108
sample,360,drone,8.994124,6.831362,3.144093,2.709064,-3.794881,-0.509588,-0.156913,0.130024,0.017460,0.005376,-3.008108
sample,361,drone,9.019108,6.736593,3.131367,2.705145,-3.790843,-0.509046,-0.156746,0.193114,0.025932,0.007985,-3.008108
sample,362,drone,9.044091,6.641944,3.118658,2.701232,-3.785231,-0.508292,-0.156514,0.256084,0.034388,0.010589,-3.008108
sample,363,drone,9.069075,6.547455,3.105969,2.697325,-3.778048,-0.507327,-0.156217,0.318894,0.042822,0.013186,-3.008108
sample,364,drone,9.094059,6.453165,3.093308,2.693426,-3.769297,-0.506152,-0.155855,0.381504,0.051229,0.015775,-3.008108
sample,365,drone,9.119042,6.359113,3.080678,2.689537,-3.758985,-0.504768,-0.155429,0.443875,0.059605,0.018354,-3.008108
sample,366,drone,9.144026,6.265338,3.068086,2.685660,-3.747118,-0.503174,-0.154938,0.505967,0.067943,0.020921,-3.008108
sample,367,drone,9.169010,6.171879,3.055536,2.681795,-3.733703,-0.501373,-0.154384,0.567742,0.076238,0.023475,-3.008108
sample,368,drone,9.193994,6.078775,3.043034,2.677945,-3.718749,-0.499365,-0.153765,0.629160,0.084485,0.026015,-3.008108
sample,369,drone,9.218977,5.986063,3.030584,2.674112,-3.702266,-0.497151,-0.153084,0.690180,0.092679,0.028538,-3.008108
sample,370,drone,9.243961,5.893782,3.018192,2.670296,-3.684263,-0.494734,-0.152339,0.750765,0.100815,0.031043,-3.008108
sample,371,drone,9.268945,5.801970,3.005864,2.666500,-3.664752,-0.492114,-0.151533,0.810874,0.108887,0.033529,-3.008108
sample,372,drone,9.293928,5.710664,2.993603,2.662725,-3.643745,-0.489293,-0.150664,0.870467,0.116889,0.035993,-3.008108
sample,373,drone,9.318912,5.619902,2.981415,2.658972,-3.621257,-0.486273,-0.149734,0.929506,0.124817,0.038434,-3.008108
sample,374,drone,9.343896,5.529720,2.969305,2.655243,-3.597300,-0.483056,-0.148744,0.987952,0.132665,0.040850,-3.008108
sample,375,drone,9.368879,5.440154,2.957278,2.651539,-3.571892,-0.479644,-0.147693,1.045763,0.140428,0.043241,-3.008108
sample,376,drone,9.393863,5.351242,2.945338,2.647863,-3.545046,-0.476039,-0.146583,1.102902,0.148101,0.045604,-3.008108
sample,377,drone,9.418847,5.263018,2.933491,2.644215,-3.516782,-0.472244,-0.145414,1.159329,0.155678,0.047937,-3.008108
sample,378,drone,9.443830,5.175518,2.921742,2.640597,-3.487118,-0.468260,-0.144188,1.215003,0.163154,0.050239,-3.008108
sample,379,drone,9.468814,5.088776,2.910094,2.637010,-3.456072,-0.464092,-0.142904,1.269887,0.170524,0.052508,-3.008108
sample,380,drone,9.493798,5.002827,2.898552,2.633456,-3.423665,-0.459740,-0.141564,1.323939,0.177782,0.054743,-3.008108
sample,381,drone,9.518781,4.917704,2.887122,2.629937,-3.389918,-0.455208,-0.140169,1.377122,0.184924,0.056942,-3.008108
sample,382,drone,9.543765,4.833442,2.875807,2.626453,-3.354854,-0.450500,-0.138719,1.429395,0.191943,0.059104,-3.008108
sample,383,drone,9.568749,4.750071,2.864611,2.623005,-3.318495,-0.445617,-0.137215,1.480718,0.198835,0.061226,-3.008108
sample,384,drone,9.593732,4.667625,2.853540,2.619596,-3.280866,-0.440564,-0.135659,1.531054,0.205594,0.063307,-3.008108
sample,385,drone,9.618716,4.586135,2.842598,2.616227,-3.241992,-0.435344,-0.134052,1.580361,0.212216,0.065346,-3.008108
sample,386,drone,9.643700,4.505631,2.831787,2.612898,-3.201900,-0.429961,-0.132394,1.628601,0.218693,0.067341,-3.008108
sample,387,drone,9.668683,4.426144,2.821114,2.609611,-3.160616,-0.424417,-0.130687,1.675734,0.225023,0.069289,-3.008108
sample,388,drone,9.693667,4.347704,2.810580,2.606368,-3.118168,-0.418717,-0.128932,1.721721,0.231198,0.071191,-3.008108
sample,389,drone,9.718651,4.270338,2.800191,2.603169,-3.074586,-0.412864,-0.127130,1.766522,0.237214,0.073043,-3.008108
sample,390,drone,9.743634,4.194075,2.789951,2.600016,-3.029899,-0.406864,-0.125282,1.810098,0.243065,0.074845,-3.008108
sample,391,drone,9.768618,4.118942,2.779862,2.596909,-2.984140,-0.400719,-0.123390,1.852409,0.248747,0.076595,-3.008108
sample,392,drone,9.793602,4.044965,2.769928,2.593850,-2.937339,-0.394435,-0.121455,1.893416,0.254254,0.078290,-3.008108
sample,393,drone,9.818585,3.972171,2.760153,2.590840,-2.889531,-0.388015,-0.119478,1.933080,0.259580,0.079930,-3.008108
sample,394,drone,9.843569,3.900583,2.750540,2.587880,-2.840748,-0.381464,-0.117461,1.971361,0.264720,0.081513,-3.008108
sample,395,drone,9.868553,3.830226,2.741092,2.584971,-2.791027,-0.374787,-0.115405,2.008219,0.269670,0.083037,-3.008108
sample,396,drone,9.893537,3.761123,2.731813,2.582114,-2.740403,-0.367989,-0.113312,2.043615,0.274423,0.084501,-3.008108
sample,397,drone,9.918520,3.693295,2.722704,2.579309,-2.688913,-0.361075,-0.111183,2.077510,0.278974,0.085902,-3.008108
sample,398,drone,9.943504,3.626765,2.713771,2.576558,-2.636595,-0.354050,-0.109020,2.109864,0.283319,0.087240,-3.008108
sample,399,drone,9.968488,3.561552,2.705014,2.573862,-2.583489,-0.346919,-0.106824,2.140638,0.287451,0.088513,-3.008108
sample,400,drone,9.993471,3.497675,2.696436,2.571220,-2.529633,-0.339687,-0.104597,2.169792,0.291366,0.089718,-3.008108
sample,401,drone,10.018455,3.435153,2.688040,2.568635,-2.475070,-0.332360,-0.102341,2.197287,0.295058,0.090855,-3.008108
sample,402,drone,10.043439,3.374002,2.679829,2.566107,-2.419841,-0.324943,-0.100057,2.223084,0.298522,0.091922,-3.008108
sample,403,drone,10.068422,3.314239,2.671804,2.563636,-2.363988,-0.317443,-0.097748,2.247142,0.301753,0.092916,-3.008108
sample,404,drone,10.093406,3.255880,2.663967,2.561222,-2.307557,-0.309866,-0.095414,2.269423,0.304745,0.093838,-3.008108
sample,405,drone,10.118390,3.198937,2.656321,2.558868,-2.250591,-0.302216,-0.093059,2.289887,0.307493,0.094684,-3.008108
sample,406,drone,10.143373,3.143424,2.648866,2.556573,-2.193137,-0.294501,-0.090683,2.308495,0.309991,0.095453,-3.008108
sample,407,drone,10.168357,3.089352,2.641605,2.554337,-2.135242,-0.286727,-0.088289,2.325206,0.312236,0.096144,-3.008108
sample,408,drone,10.193341,3.036731,2.634539,2.552161,-2.076953,-0.278899,-0.085879,2.339983,0.314220,0.096755,-3.008108
sample,409,drone,10.218324,2.985572,2.627669,2.550046,-2.018319,-0.271026,-0.083455,2.352785,0.315939,0.097285,-3.008108
sample,410,drone,10.243308,2.935881,2.620997,2.547991,-1.959391,-0.263113,-0.081018,2.363572,0.317387,0.097731,-3.008108
sample,411,drone,10.268292,2.887666,2.614522,2.545997,-1.900218,-0.255167,-0.078571,2.372306,0.318560,0.098092,-3.008108
sample,412,drone,10.293275,2.840932,2.608247,2.544065,-1.840853,-0.247195,-0.076117,2.378947,0.319452,0.098366,-3.008108
sample,413,drone,10.318259,2.795684,2.602171,2.542194,-1.781348,-0.239205,-0.073656,2.383455,0.320057,0.098553,-3.008108
sample,414,drone,10.343243,2.751923,2.596294,2.540385,-1.721758,-0.231203,-0.071192,2.385792,0.320371,0.098649,-3.008108
sample,415,drone,10.368226,2.709652,2.590618,2.538637,-1.662136,-0.223197,-0.068727,2.385917,0.320388,0.098654,-3.008108
sample,416,drone,10.393210,2.668871,2.585142,2.536950,-1.602540,-0.215194,-0.066263,2.383791,0.320102,0.098567,-3.008108
sample,417,drone,10.418194,2.629577,2.579865,2.535326,-1.543025,-0.207202,-0.063802,2.379374,0.319509,0.098384,-3.008108
sample,418,drone,10.443177,2.591770,2.574788,2.533762,-1.483649,-0.199229,-0.061347,2.372628,0.318604,0.098105,-3.008108
sample,419,drone,10.468161,2.555443,2.569910,2.532260,-1.424471,-0.191282,-0.058900,2.363513,0.317379,0.097728,-3.008108
sample,420,drone,10.493145,2.520593,2.565230,2.530819,-1.365550,-0.183370,-0.056464,2.351989,0.315832,0.097252,-3.008108
sample,421,drone,10.518128,2.487210,2.560748,2.529439,-1.306948,-0.175501,-0.054041,2.338017,0.313956,0.096674,-3.008108
sample,422,drone,10.543112,2.455288,2.556461,2.528119,-1.248726,-0.167683,-0.051633,2.321557,0.311746,0.095993,-3.008108
sample,423,drone,10.568096,2.424815,2.552369,2.526859,-1.190946,-0.159924,-0.049244,2.302570,0.309196,0.095208,-3.008108
sample,424,drone,10.593080,2.395779,2.548470,2.525658,-1.133672,-0.152233,-0.046876,2.281017,0.306302,0.094317,-3.008108
sample,425,drone,10.618063,2.368168,2.544762,2.524517,-1.076970,-0.144619,-0.044531,2.256858,0.303058,0.093318,-3.008108
sample,426,drone,10.643047,2.341966,2.541244,2.523433,-1.020903,-0.137090,-0.042213,2.230053,0.299458,0.092210,-3.008108
sample,427,drone,10.668031,2.317156,2.537912,2.522408,-0.965540,-0.129656,-0.039924,2.200564,0.295498,0.090990,-3.008108
sample,428,drone,10.693014,2.293721,2.534765,2.521438,-0.910947,-0.122325,-0.037666,2.168351,0.291173,0.089658,-3.008108
sample,429,drone,10.717998,2.271639,2.531800,2.520525,-0.857193,-0.115106,-0.035444,2.133373,0.286476,0.088212,-3.008108
sample,430,drone,10.742982,2.250889,2.529014,2.519667,-0.804348,-0.108010,-0.033259,2.095593,0.281402,0.086650,-3.008108
sample,431,drone,10.767965,2.231448,2.526403,2.518864,-0.752482,-0.101045,-0.031114,2.054970,0.275947,0.084970,-3.008108
sample,432,drone,10.792949,2.213290,2.523965,2.518113,-0.701666,-0.094222,-0.029013,2.011465,0.270105,0.083171,-3.008108
sample,433,drone,10.817933,2.196387,2.521695,2.517414,-0.651974,-0.087549,-0.026958,1.965038,0.263871,0.081252,-3.008108
sample,434,drone,10.842916,2.180712,2.519590,2.516766,-0.603479,-0.081037,-0.024953,1.915650,0.257239,0.079210,-3.008108
sample,435,drone,10.867900,2.166233,2.517646,2.516167,-0.556254,-0.074695,-0.023000,1.863262,0.250204,0.077043,-3.008108
sample,436,drone,10.892884,2.152918,2.515858,2.515616,-0.510376,-0.068535,-0.021103,1.807834,0.242761,0.074752,-3.008108
sample,437,drone,10.917867,2.140731,2.514222,2.515113,-0.465921,-0.062565,-0.019265,1.749327,0.234905,0.072332,-3.008108
sample,438,drone,10.942851,2.129637,2.512732,2.514654,-0.422967,-0.056797,-0.017489,1.687701,0.226629,0.069784,-3.008108
sample,439,drone,10.967835,2.119596,2.511384,2.514239,-0.381592,-0.051241,-0.015778,1.622917,0.217930,0.067105,-3.008108
sample,440,drone,10.992818,2.110570,2.510171,2.513865,-0.341874,-0.045908,-0.014136,1.554935,0.208801,0.064295,-3.008108
sample,441,drone,11.017802,2.102514,2.509090,2.513532,-0.303896,-0.040808,-0.012566,1.483716,0.199238,0.061350,-3.008108
sample,442,drone,11.042786,2.095385,2.508132,2.513238,-0.267737,-0.035952,-0.011071,1.409220,0.189234,0.058269,-3.008108
sample,443,drone,11.067769,2.089136,2.507293,2.512979,-0.233481,-0.031352,-0.009654,1.331409,0.178785,0.055052,-3.008108
sample,444,drone,11.092753,2.083718,2.506566,2.512755,-0.201210,-0.027019,-0.008320,1.250242,0.167886,0.051696,-3.008108
sample,445,drone,11.117737,2.079082,2.505943,2.512563,-0.171009,-0.022964,-0.007071,1.165680,0.156531,0.048199,-3.008108
sample,446,drone,11.142720,2.075173,2.505418,2.512402,-0.142964,-0.019198,-0.005911,1.077683,0.144715,0.044561,-3.008108
sample,447,drone,11.167704,2.071938,2.504984,2.512268,-0.117160,-0.015733,-0.004844,0.986213,0.132432,0.040779,-3.008108
sample,448,drone,11.192688,2.069319,2.504632,2.512160,-0.093685,-0.012580,-0.003874,0.891230,0.119677,0.036851,-3.008108
sample,449,drone,11.217671,2.067257,2.504355,2.512075,-0.072628,-0.009753,-0.003003,0.792694,0.106445,0.032777,-3.008108
sample,450,drone,11.242655,2.065690,2.504145,2.512010,-0.054077,-0.007262,-0.002236,0.690566,0.092731,0.028554,-3.008108
sample,451,drone,11.267639,2.064555,2.503992,2.511963,-0.038122,-0.005119,-0.001576,0.584806,0.078529,0.024181,-3.008108
sample,452,drone,11.292622,2.063785,2.503889,2.511931,-0.024855,-0.003338,-0.001028,0.475375,0.063835,0.019656,-3.008108
sample,453,drone,11.317606,2.063313,2.503826,2.511911,-0.014369,-0.001930,-0.000594,0.362233,0.048642,0.014978,-3.008108
sample,454,drone,11.342590,2.063067,2.503793,2.511901,-0.006756,-0.000907,-0.000279,0.245342,0.032945,0.010145,-3.008108
sample,455,drone,11.367574,2.062975,2.503780,2.511897,-0.002110,-0.000283,-0.000087,0.138753,0.001899,0.009176,-3.008108
sample,456,drone,11.392557,2.062962,2.503778,2.511897,0.000177,-0.000812,0.000179,0.113984,-0.118682,0.032250,-1.355659
sample,457,drone,11.417541,2.062984,2.503740,2.511906,0.003586,-0.006214,0.001524,0.227089,-0.383417,0.094455,-1.047404
sample,458,drone,11.442525,2.063141,2.503468,2.511973,0.011525,-0.019971,0.004899,0.416679,-0.722054,0.177122,-1.047404
sample,459,drone,11.467508,2.063560,2.502742,2.512151,0.024406,-0.042293,0.010375,0.607594,-1.052886,0.258276,-1.047404
sample,460,drone,11.492492,2.064361,2.501355,2.512491,0.041884,-0.072581,0.017804,0.784828,-1.360010,0.333615,-1.047404
sample,461,drone,11.517476,2.065653,2.499115,2.513041,0.063622,-0.110249,0.027044,0.948695,-1.643972,0.403271,-1.047404
sample,462,drone,11.542459,2.067540,2.495846,2.513843,0.089288,-0.154726,0.037955,1.099512,-1.905319,0.467380,-1.047404
sample,463,drone,11.567443,2.070115,2.491384,2.514937,0.118562,-0.205453,0.050398,1.237592,-2.144595,0.526076,-1.047404
sample,464,drone,11.592427,2.073464,2.485580,2.516361,0.151127,-0.261885,0.064241,1.363252,-2.362348,0.579491,-1.047404
sample,465,drone,11.617410,2.077666,2.478298,2.518147,0.186680,-0.323493,0.079354,1.476805,-2.559122,0.627760,-1.047404
sample,466,drone,11.642394,2.082792,2.469416,2.520326,0.224919,-0.389758,0.095609,1.578568,-2.735465,0.671018,-1.047404
sample,467,drone,11.667378,2.088905,2.458823,2.522925,0.265556,-0.460177,0.112883,1.668855,-2.891921,0.709397,-1.047404
sample,468,drone,11.692361,2.096061,2.446422,2.525967,0.308308,-0.534259,0.131055,1.747982,-3.029038,0.743032,-1.047404
sample,469,drone,11.717345,2.104310,2.432128,2.529473,0.352898,-0.611530,0.150010,1.816263,-3.147361,0.772057,-1.047404
sample,470,drone,11.742329,2.113694,2.415866,2.533462,0.399062,-0.691525,0.169633,1.874014,-3.247436,0.796606,-1.047404
sample,471,drone,11.767312,2.124250,2.397574,2.537949,0.446538,-0.773796,0.189814,1.921550,-3.329810,0.816812,-1.047404
sample,472,drone,11.792296,2.136007,2.377201,2.542947,0.495076,-0.857907,0.210447,1.959185,-3.395027,0.832810,-1.047404
sample,473,drone,11.817280,2.148988,2.354707,2.548465,0.544433,-0.943436,0.231428,1.987235,-3.443635,0.844734,-1.047404
sample,474,drone,11.842263,2.163210,2.330060,2.554511,0.594373,-1.029976,0.252656,2.006016,-3.476179,0.852717,-1.047404
sample,475,drone,11.867247,2.178687,2.303241,2.561089,0.644669,-1.117132,0.274036,2.015841,-3.493205,0.856893,-1.047404
sample,476,drone,11.892231,2.195423,2.274240,2.568203,0.695100,-1.204522,0.295473,2.017026,-3.495259,0.857397,-1.047404
sample,477,drone,11.917214,2.213419,2.243055,2.575853,0.745454,-1.291780,0.316878,2.009887,-3.482888,0.854363,-1.047404
sample,478,drone,11.942198,2.232671,2.209693,2.584037,0.795528,-1.378553,0.338163,1.994738,-3.456636,0.847923,-1.047404
sample,479,drone,11.967182,2.253170,2.174172,2.592750,0.845126,-1.464499,0.359246,1.971895,-3.417051,0.838213,-1.047404
sample,480,drone,11.992165,2.274900,2.136516,2.601988,0.894059,-1.549294,0.380046,1.941672,-3.364678,0.825366,-1.047404
sample,481,drone,12.017149,2.297843,2.096758,2.611740,0.942146,-1.632623,0.400487,1.904384,-3.300064,0.809515,-1.047404
sample,482,drone,12.042133,2.321977,2.054938,2.621999,0.989216,-1.714189,0.420496,1.860347,-3.223754,0.790796,-1.047404
sample,483,drone,12.067117,2.347272,2.011104,2.632751,1.035103,-1.793706,0.440001,1.809876,-3.136294,0.769342,-1.047404
sample,484,drone,12.092100,2.373698,1.965311,2.643985,1.079650,-1.870902,0.458938,1.753286,-3.038230,0.745287,-1.047404
sample,485,drone,12.117084,2.401219,1.917620,2.655683,1.122710,-1.945518,0.477241,1.690892,-2.930109,0.718764,-1.047404
sample,486,drone,12.142068,2.429797,1.868099,2.667831,1.164140,-2.017311,0.494852,1.623009,-2.812475,0.689909,-1.047404
sample,487,drone,12.167051,2.459388,1.816821,2.680410,1.203807,-2.086050,0.511714,1.549952,-2.685877,0.658854,-1.047404
sample,488,drone,12.192035,2.489948,1.763864,2.693400,1.241587,-2.151518,0.527774,1.472036,-2.550858,0.625733,-1.047404
sample,489,drone,12.217019,2.521427,1.709315,2.706781,1.277361,-2.213510,0.542981,1.389577,-2.407966,0.590681,-1.047404
sample,490,drone,12.242002,2.553774,1.653261,2.720531,1.311020,-2.271837,0.557288,1.302889,-2.257747,0.553832,-1.047404
sample,491,drone,12.266986,2.586935,1.595797,2.734627,1.342463,-2.326323,0.570654,1.212287,-2.100745,0.515319,-1.047404
sample,492,drone,12.291970,2.620853,1.537021,2.749045,1.371595,-2.376806,0.583038,1.118087,-1.937508,0.475277,-1.047404
sample,493,drone,12.316953,2.655470,1.477035,2.763760,1.398331,-2.423136,0.594402,1.020604,-1.768582,0.433838,-1.047404
sample,494,drone,12.341937,2.690724,1.415943,2.778746,1.422592,-2.465177,0.604715,0.920153,-1.594511,0.391138,-1.047404
sample,495,drone,12.366921,2.726553,1.353856,2.793976,1.444308,-2.502809,0.613947,0.817048,-1.415844,0.347311,-1.047404
sample,496,drone,12.391904,2.762893,1.290885,2.809423,1.463418,-2.535923,0.622069,0.711605,-1.233124,0.302489,-1.047404
sample,497,drone,12.416888,2.799676,1.227143,2.825059,1.479865,-2.564425,0.629061,0.604139,-1.046899,0.256808,-1.047404
sample,498,drone,12.441872,2.836838,1.162747,2.840856,1.493605,-2.588234,0.634901,0.494966,-0.857715,0.210400,-1.047404
sample,499,drone,12.466855,2.874308,1.097816,2.856784,1.504598,-2.607283,0.639574,0.384399,-0.666117,0.163400,-1.047404
sample,500,drone,12.491839,2.912018,1.032468,2.872814,1.512812,-2.621518,0.643066,0.272755,-0.472651,0.115943,-1.047404
sample,501,drone,12.516823,2.949899,0.966825,2.888916,1.518226,-2.630900,0.645368,0.160348,-0.277864,0.068161,-1.047404
sample,502,drone,12.541806,2.987880,0.901009,2.905061,1.520825,-2.635402,0.646472,0.047494,-0.082302,0.020189,-1.047404
sample,503,drone,12.566790,3.025891,0.835141,2.921219,1.520600,-2.635012,0.646376,-0.065493,0.113490,-0.027840,-1.047404
sample,504,drone,12.591774,3.063860,0.769344,2.937359,1.517552,-2.629731,0.645081,-0.178297,0.308966,-0.075790,-1.047404
sample,505,drone,12.616757,3.101719,0.703740,2.953452,1.511691,-2.619574,0.642589,-0.290603,0.503579,-0.123529,-1.047404
sample,506,drone,12.641741,3.139396,0.638451,2.969467,1.503031,-2.604569,0.638908,-0.402096,0.696784,-0.170923,-1.047404
sample,507,drone,12.666725,3.176821,0.573597,2.985376,1.491599,-2.584758,0.634049,-0.512462,0.888034,-0.217837,-1.047404
sample,508,drone,12.691708,3.213927,0.509298,3.001149,1.477425,-2.560196,0.628024,-0.621385,1.076783,-0.264138,-1.047404
sample,509,drone,12.716692,3.250644,0.445671,3.016757,1.460550,-2.530954,0.620850,-0.728549,1.262486,-0.309692,-1.047404
sample,510,drone,12.741676,3.286907,0.382833,3.032171,1.441021,-2.497113,0.612549,-0.833640,1.444597,-0.354364,-1.047404
sample,511,drone,12.766659,3.322648,0.320897,3.047364,1.418895,-2.458771,0.603144,-0.936344,1.622568,-0.398021,-1.047404
sample,512,drone,12.791643,3.357805,0.259974,3.062309,1.394235,-2.416038,0.592661,-1.036343,1.795856,-0.440529,-1.047404
sample,513,drone,12.816627,3.392315,0.200174,3.076978,1.367112,-2.369037,0.581132,-1.133324,1.963912,-0.481753,-1.047404
sample,514,drone,12.841611,3.426116,0.141600,3.091346,1.337606,-2.317906,0.568589,-1.226972,2.126192,-0.521561,-1.047404
sample,515,drone,12.866594,3.459151,0.084354,3.105389,1.305803,-2.262797,0.555071,-1.316971,2.282150,-0.559818,-1.047404
sample,516,drone,12.891578,3.491364,0.028534,3.119082,1.271800,-2.203873,0.540617,-1.403007,2.431238,-0.596390,-1.047404
sample,517,drone,12.916562,3.522700,-0.025768,3.132402,1.235699,-2.141314,0.525271,-1.484763,2.572912,-0.631143,-1.047404
sample,518,drone,12.941545,3.553108,-0.078462,3.145328,1.197610,-2.075312,0.509080,-1.561926,2.706626,-0.663943,-1.047404
sample,519,drone,12.966529,3.582541,-0.129466,3.157839,1.157653,-2.006071,0.492095,-1.634180,2.831833,-0.694657,-1.047404
sample,520,drone,12.991513,3.610953,-0.178700,3.169917,1.115955,-1.933812,0.474370,-1.701209,2.947987,-0.723150,-1.047404
sample,521,drone,13.016496,3.638302,-0.226093,3.181543,1.072648,-1.858768,0.455961,-1.762700,3.054542,-0.749288,-1.047404
sample,522,drone,13.041480,3.664550,-0.271578,3.192700,1.027877,-1.781185,0.436930,-1.818336,3.150953,-0.772938,-1.047404
sample,523,drone,13.066464,3.689663,-0.315094,3.203375,0.981791,-1.701323,0.417340,-1.867803,3.236673,-0.793966,-1.047404
sample,524,drone,13.091447,3.713608,-0.356588,3.213553,0.934548,-1.619457,0.397258,-1.910785,3.311156,-0.812236,-1.047404
sample,525,drone,13.116431,3.736360,-0.396014,3.223225,0.886314,-1.535874,0.376754,-1.946968,3.373857,-0.827617,-1.047404
sample,526,drone,13.141415,3.757895,-0.433332,3.232379,0.837263,-1.450874,0.355904,-1.976037,3.424229,-0.839974,-1.047404
sample,527,drone,13.166398,3.778195,-0.468511,3.241008,0.787577,-1.364774,0.334783,-1.997675,3.461726,-0.849172,-1.047404
sample,528,drone,13.191382,3.797248,-0.501526,3.249107,0.737445,-1.277901,0.313473,-2.011569,3.485802,-0.855078,-1.047404
sample,529,drone,13.216366,3.815044,-0.532364,3.256672,0.687064,-1.190598,0.292057,-2.017403,3.495912,-0.857558,-1.047404
sample,530,drone,13.241349,3.831579,-0.561017,3.263700,0.636640,-1.103219,0.270623,-2.014862,3.491509,-0.856477,-1.047404
sample,531,drone,13.266333,3.846855,-0.587489,3.270194,0.586387,-1.016136,0.249261,-2.003631,3.472047,-0.851703,-1.047404
sample,532,drone,13.291317,3.860879,-0.611791,3.276155,0.536524,-0.929730,0.228066,-1.983395,3.436980,-0.843101,-1.047404
sample,533,drone,13.316300,3.873663,-0.633945,3.281590,0.487282,-0.844399,0.207134,-1.953839,3.385763,-0.830538,-1.047404
sample,534,drone,13.341284,3.885227,-0.653983,3.286505,0.438896,-0.760553,0.186566,-1.914647,3.317848,-0.813878,-1.047404
sample,535,drone,13.366268,3.895594,-0.671948,3.290912,0.391612,-0.678615,0.166466,-1.865505,3.232691,-0.792989,-1.047404
sample,536,drone,13.391251,3.904795,-0.687892,3.294823,0.345682,-0.599024,0.146942,-1.806097,3.129745,-0.767736,-1.047404
sample,537,drone,13.416235,3.912867,-0.701879,3.298254,0.301366,-0.522230,0.128105,-1.736109,3.008464,-0.737985,-1.047404
sample,538,drone,13.441219,3.919853,-0.713986,3.301224,0.258933,-0.448699,0.110067,-1.655225,2.868302,-0.703603,-1.047404
sample,539,drone,13.466202,3.925805,-0.724300,3.303754,0.218659,-0.378909,0.092947,-1.563131,2.708714,-0.664455,-1.047404
sample,540,drone,13.491186,3.930779,-0.732919,3.305868,0.180827,-0.313352,0.076866,-1.459510,2.529152,-0.620409,-1.047404
sample,541,drone,13.516170,3.934840,-0.739957,3.307595,0.145731,-0.252534,0.061947,-1.344049,2.329072,-0.571328,-1.047404
sample,542,drone,13.541154,3.938061,-0.745538,3.308964,0.113669,-0.196974,0.048318,-1.216431,2.107926,-0.517081,-1.047404
sample,543,drone,13.566137,3.940520,-0.749799,3.310009,0.084949,-0.147206,0.036110,-1.076343,1.865170,-0.457532,-1.047404
sample,544,drone,13.591121,3.942306,-0.752893,3.310768,0.059887,-0.103776,0.025457,-0.923468,1.600257,-0.392548,-1.047404
sample,545,drone,13.616105,3.943513,-0.754985,3.311281,0.038806,-0.067245,0.016496,-0.757492,1.312641,-0.321995,-1.047404
sample,546,drone,13.641088,3.944245,-0.756253,3.311592,0.022037,-0.038187,0.009367,-0.578100,1.001776,-0.245739,-1.047404
sample,547,drone,13.666072,3.944614,-0.756893,3.311749,0.009920,-0.017189,0.004217,-0.384951,0.667351,-0.163689,-1.047404
sample,548,drone,13.691056,3.944740,-0.757112,3.311803,0.002802,-0.004841,0.001188,-0.170530,0.383266,-0.089608,-1.046164
sample,549,drone,13.716039,3.944754,-0.757135,3.311809,0.001399,0.001961,-0.000261,0.085543,0.399290,-0.070442,0.951358
sample,550,drone,13.741023,3.944810,-0.757014,3.311790,0.007076,0.015110,-0.002331,0.381857,0.835899,-0.129814,1.132816
sample,551,drone,13.766007,3.945107,-0.756380,3.311692,0.020479,0.043729,-0.006747,0.680779,1.453677,-0.224301,1.132816
sample,552,drone,13.790990,3.945833,-0.754829,3.311453,0.041093,0.087746,-0.013539,0.956418,2.042253,-0.315117,1.132816
sample,553,drone,13.815974,3.947161,-0.751995,3.311016,0.068269,0.145775,-0.022493,1.206434,2.576117,-0.397492,1.132816
sample,554,drone,13.840958,3.949245,-0.747545,3.310329,0.101375,0.216468,-0.033401,1.431581,3.056876,-0.471672,1.132816
sample,555,drone,13.865941,3.952226,-0.741179,3.309347,0.139801,0.298519,-0.046061,1.632610,3.486137,-0.537907,1.132816
sample,556,drone,13.890925,3.956230,-0.732629,3.308027,0.182953,0.390661,-0.060279,1.810275,3.865508,-0.596443,1.132816
sample,557,drone,13.915909,3.961368,-0.721659,3.306335,0.230256,0.491668,-0.075864,1.965328,4.196594,-0.647529,1.132816
sample,558,drone,13.940892,3.967735,-0.708062,3.304237,0.281155,0.600354,-0.092634,2.098521,4.481003,-0.691413,1.132816
sample,559,drone,13.965876,3.975416,-0.691661,3.301706,0.335113,0.715572,-0.110412,2.210607,4.720342,-0.728343,1.132816
sample,560,drone,13.990860,3.984480,-0.672306,3.298720,0.391613,0.836217,-0.129027,2.302338,4.916217,-0.758566,1.132816
sample,561,drone,14.015843,3.994984,-0.649877,3.295259,0.450155,0.961223,-0.148315,2.374468,5.070237,-0.782331,1.132816
sample,562,drone,14.040827,4.006973,-0.624277,3.291309,0.510259,1.089563,-0.168118,2.427748,5.184006,-0.799886,1.132816
sample,563,drone,14.065811,4.020480,-0.595434,3.286858,0.571463,1.220254,-0.188284,2.462931,5.259133,-0.811478,1.132816
sample,564,drone,14.090794,4.035528,-0.563304,3.281901,0.633325,1.352348,-0.208666,2.480770,5.297225,-0.817355,1.132816
sample,565,drone,14.115778,4.052126,-0.527861,3.276432,0.695421,1.484942,-0.229125,2.482017,5.299887,-0.817766,1.132816
sample,566,drone,14.140762,4.070276,-0.489105,3.270452,0.757345,1.617170,-0.249527,2.467425,5.268728,-0.812958,1.132816
sample,567,drone,14.165745,4.089968,-0.447056,3.263964,0.818711,1.748206,-0.269746,2.437746,5.205354,-0.803180,1.132816
sample,568,drone,14.190729,4.111185,-0.401752,3.256974,0.879152,1.877267,-0.289660,2.393732,5.111372,-0.788678,1.132816
sample,569,drone,14.215713,4.133897,-0.353253,3.249490,0.938320,2.003608,-0.309154,2.336138,4.988390,-0.769702,1.132816
sample,570,drone,14.240697,4.158070,-0.301637,3.241526,0.995883,2.126524,-0.328120,2.265714,4.838012,-0.746499,1.132816
sample,571,drone,14.265680,4.183659,-0.246997,3.233095,1.051531,2.245351,-0.346455,2.183213,4.661848,-0.719317,1.132816
sample,572,drone,14.290664,4.210612,-0.189443,3.224214,1.104973,2.359464,-0.364062,2.089389,4.461504,-0.688405,1.132816
sample,573,drone,14.315648,4.238872,-0.129100,3.214904,1.155933,2.468280,-0.380853,1.984993,4.238586,-0.654009,1.132816
sample,574,drone,14.340631,4.268371,-0.066109,3.205184,1.204157,2.571255,-0.396742,1.870779,3.994701,-0.616378,1.132816
sample,575,drone,14.365615,4.299040,-0.000622,3.195080,1.249411,2.667885,-0.411651,1.747498,3.731458,-0.575759,1.132816
sample,576,drone,14.390599,4.330801,0.067198,3.184615,1.291475,2.757706,-0.425511,1.615903,3.450461,-0.532402,1.132816
sample,577,drone,14.415582,4.363572,0.137174,3.173818,1.330153,2.840295,-0.438254,1.476747,3.153319,-0.486553,1.132816
sample,578,drone,14.440566,4.397265,0.209120,3.162717,1.365264,2.915269,-0.449822,1.330782,2.841638,-0.438461,1.132816
sample,579,drone,14.465550,4.431790,0.282842,3.151342,1.396649,2.982285,-0.460163,1.178761,2.517025,-0.388374,1.132816
sample,580,drone,14.490533,4.467052,0.358137,3.139724,1.424164,3.041038,-0.469228,1.021436,2.181088,-0.336539,1.132816
sample,581,drone,14.515517,4.502952,0.434795,3.127895,1.447687,3.091268,-0.476979,0.859561,1.835432,-0.283205,1.132816
sample,582,drone,14.540501,4.539389,0.512599,3.115890,1.467114,3.132750,-0.483379,0.693886,1.481666,-0.228619,1.132816
sample,583,drone,14.565484,4.576260,0.591330,3.103742,1.482359,3.165303,-0.488402,0.525166,1.121395,-0.173030,1.132816
sample,584,drone,14.590468,4.613459,0.670761,3.091486,1.493355,3.188783,-0.492025,0.354152,0.756227,-0.116685,1.132816
sample,585,drone,14.615452,4.650879,0.750665,3.079157,1.500055,3.203089,-0.494233,0.181598,0.387769,-0.059832,1.132816
sample,586,drone,14.640435,4.688412,0.830811,3.066791,1.502429,3.208159,-0.495015,0.008255,0.017627,-0.002720,1.132816
sample,587,drone,14.665419,4.725951,0.910968,3.054422,1.500467,3.203970,-0.494369,-0.165124,-0.352591,0.054404,1.132816
sample,588,drone,14.690403,4.763387,0.990905,3.042088,1.494178,3.190541,-0.492297,-0.337786,-0.721279,0.111292,1.132816
sample,589,drone,14.715386,4.800611,1.070391,3.029824,1.483589,3.167930,-0.488808,-0.508978,-1.086829,0.167696,1.132816
sample,590,drone,14.740370,4.837518,1.149198,3.017664,1.468746,3.136235,-0.483917,-0.677949,-1.447635,0.223368,1.132816
sample,591,drone,14.765354,4.874001,1.227100,3.005644,1.449714,3.095595,-0.477647,-0.843946,-1.802090,0.278060,1.132816
sample,592,drone,14.790337,4.909956,1.303877,2.993797,1.426576,3.046189,-0.470023,-1.006215,-2.148587,0.331524,1.132816
sample,593,drone,14.815321,4.945283,1.379310,2.982158,1.399436,2.988236,-0.461081,-1.164006,-2.485518,0.383512,1.132816
sample,594,drone,14.840305,4.979882,1.453191,2.970758,1.368414,2.921994,-0.450860,-1.316564,-2.811278,0.433777,1.132816
sample,595,drone,14.865288,5.013659,1.525315,2.959630,1.333651,2.847764,-0.439406,-1.463137,-3.124259,0.482069,1.132816
sample,596,drone,14.890272,5.046521,1.595486,2.948802,1.295305,2.765884,-0.426772,-1.602974,-3.422853,0.528142,1.132816
sample,597,drone,14.915256,5.078382,1.663519,2.938305,1.253554,2.676733,-0.413017,-1.735320,-3.705456,0.571747,1.132816
sample,598,drone,14.940239,5.109158,1.729235,2.928165,1.208595,2.580732,-0.398204,-1.859425,-3.970458,0.612637,1.132816
sample,599,drone,14.965223,5.138772,1.792471,2.918408,1.160644,2.478340,-0.382405,-1.974535,-4.216254,0.650563,1.132816
sample,600,drone,14.990207,5.167152,1.853072,2.909057,1.109933,2.370057,-0.365697,-2.079898,-4.441236,0.685277,1.132816
sample,601,drone,15.015191,5.194233,1.910896,2.900135,1.056717,2.256423,-0.348163,-2.174760,-4.643798,0.716532,1.132816
sample,602,drone,15.040174,5.219954,1.965819,2.891660,1.001266,2.138018,-0.329894,-2.258371,-4.822333,0.744080,1.132816
sample,603,drone,15.065158,5.244263,2.017728,2.883651,0.943872,2.015464,-0.310984,-2.329976,-4.975233,0.767672,1.132816
sample,604,drone,15.090142,5.267117,2.066526,2.876121,0.884843,1.889419,-0.291535,-2.388824,-5.100892,0.787061,1.132816
sample,605,drone,15.115125,5.288477,2.112137,2.869084,0.824509,1.760585,-0.271656,-2.434162,-5.197703,0.801999,1.132816
sample,606,drone,15.140109,5.308315,2.154498,2.862547,0.763215,1.629704,-0.251461,-2.465238,-5.264059,0.812238,1.132816
sample,607,drone,15.165093,5.326612,2.193569,2.856519,0.701327,1.497554,-0.231071,-2.481298,-5.298353,0.817529,1.132816
sample,608,drone,15.190076,5.343359,2.229327,2.851001,0.639231,1.364959,-0.210611,-2.481591,-5.298978,0.817626,1.132816
sample,609,drone,15.215060,5.358553,2.261772,2.845995,0.577329,1.232778,-0.190216,-2.465364,-5.264328,0.812279,1.132816
sample,610,drone,15.240044,5.372206,2.290926,2.841497,0.516043,1.101914,-0.170024,-2.431863,-5.192794,0.801242,1.132816
sample,611,drone,15.265027,5.384338,2.316832,2.837499,0.455815,0.973308,-0.150180,-2.380338,-5.082771,0.784265,1.132816
sample,612,drone,15.290011,5.394982,2.339559,2.833993,0.397104,0.847942,-0.130836,-2.310035,-4.932652,0.761102,1.132816
sample,613,drone,15.314995,5.404181,2.359201,2.830962,0.340389,0.726837,-0.112150,-2.220201,-4.740828,0.731504,1.132816
sample,614,drone,15.339978,5.411990,2.375877,2.828389,0.286166,0.611055,-0.094285,-2.110085,-4.505695,0.695223,1.132816
sample,615,drone,15.364962,5.418480,2.389734,2.826251,0.234953,0.501699,-0.077412,-1.978933,-4.225644,0.652012,1.132816
sample,616,drone,15.389946,5.423730,2.400946,2.824521,0.187284,0.399911,-0.061706,-1.825993,-3.899069,0.601622,1.132816
sample,617,drone,15.414929,5.427838,2.409717,2.823167,0.143713,0.306873,-0.047350,-1.650512,-3.524363,0.543805,1.132816
sample,618,drone,15.439913,5.430911,2.416280,2.822155,0.104813,0.223808,-0.034533,-1.451738,-3.099919,0.478314,1.132816
sample,619,drone,15.464897,5.433075,2.420900,2.821442,0.071174,0.151978,-0.023450,-1.228919,-2.624129,0.404900,1.132816
sample,620,drone,15.489880,5.434468,2.423874,2.820983,0.043407,0.092687,-0.014301,-0.981302,-2.095388,0.323316,1.132816
sample,621,drone,15.514864,5.435244,2.425531,2.820727,0.022141,0.047277,-0.007295,-0.708133,-1.512088,0.233313,1.132816
sample,622,drone,15.539848,5.435574,2.426236,2.820618,0.008023,0.017132,-0.002643,-0.406383,-0.890916,0.134753,1.132816
sample,623,drone,15.564831,5.435645,2.426387,2.820595,0.001835,0.002760,-0.000562,-0.055321,-0.418590,0.029375,0.984190
sample,624,drone,15.589815,5.435666,2.426374,2.820590,0.005259,-0.003784,-0.001176,0.360091,-0.343685,-0.077363,-0.623719
sample,625,drone,15.614799,5.435908,2.426198,2.820536,0.019827,-0.014413,-0.004427,0.804744,-0.585745,-0.179658,-0.628553
sample,626,drone,15.639782,5.436656,2.425654,2.820369,0.045470,-0.033052,-0.010153,1.233184,-0.896403,-0.275350,-0.628553
sample,627,drone,15.664766,5.438180,2.424546,2.820029,0.081446,-0.059204,-0.018186,1.632236,-1.186474,-0.364452,-0.628553
sample,628,drone,15.689750,5.440726,2.422695,2.819461,0.127028,-0.092337,-0.028363,2.002438,-1.455575,-0.447112,-0.628553
sample,629,drone,15.714734,5.444527,2.419933,2.818612,0.181503,-0.131935,-0.040527,2.344448,-1.704182,-0.523478,-0.628553
sample,630,drone,15.739717,5.449795,2.416103,2.817435,0.244174,-0.177491,-0.054520,2.658923,-1.932775,-0.593695,-0.628553
sample,631,drone,15.764701,5.456728,2.411064,2.815888,0.314362,-0.228510,-0.070192,2.946523,-2.141831,-0.657911,-0.628553
sample,632,drone,15.789685,5.465503,2.404685,2.813928,0.391404,-0.284512,-0.087394,3.207904,-2.331829,-0.716274,-0.628553
sample,633,drone,15.814668,5.476285,2.396848,2.811521,0.474653,-0.345026,-0.105982,3.443724,-2.503247,-0.768928,-0.628553
sample,634,drone,15.839652,5.489220,2.387445,2.808633,0.563478,-0.409593,-0.125816,3.654642,-2.656564,-0.816023,-0.628553
sample,635,drone,15.864636,5.504440,2.376381,2.805234,0.657266,-0.477767,-0.146757,3.841314,-2.792256,-0.857704,-0.628553
sample,636,drone,15.889619,5.522062,2.363572,2.801299,0.755418,-0.549114,-0.168673,4.004400,-2.910803,-0.894118,-0.628553
sample,637,drone,15.914603,5.542187,2.348944,2.796806,0.857355,-0.623212,-0.191434,4.144556,-3.012683,-0.925413,-0.628553
sample,638,drone,15.939587,5.564902,2.332432,2.791734,0.962511,-0.699650,-0.214913,4.262441,-3.098374,-0.951735,-0.628553
sample,639,drone,15.964570,5.590281,2.313984,2.786067,1.070338,-0.778030,-0.238989,4.358712,-3.168353,-0.973231,-0.628553
sample,640,drone,15.989554,5.618384,2.293556,2.779792,1.180304,-0.857965,-0.263543,4.434028,-3.223100,-0.990047,-0.628553
sample,641,drone,16.014538,5.649257,2.271114,2.772899,1.291894,-0.939080,-0.288459,4.489046,-3.263093,-1.002332,-0.628553
sample,642,drone,16.039521,5.682936,2.246632,2.765379,1.404610,-1.021013,-0.313627,4.524423,-3.288809,-1.010231,-0.628553
sample,643,drone,16.064505,5.719442,2.220096,2.757228,1.517968,-1.103413,-0.338938,4.540819,-3.300727,-1.013892,-0.628553
sample,644,drone,16.089489,5.758785,2.191498,2.748443,1.631503,-1.185941,-0.364288,4.538890,-3.299325,-1.013462,-0.628553
sample,645,drone,16.114472,5.800964,2.160838,2.739025,1.744764,-1.268271,-0.389578,4.519295,-3.285082,-1.009086,-0.628553
sample,646,drone,16.139456,5.845966,2.128126,2.728977,1.857320,-1.350088,-0.414710,4.482692,-3.258474,-1.000913,-0.628553
sample,647,drone,16.164440,5.893769,2.093378,2.718303,1.968752,-1.431089,-0.439591,4.429737,-3.219982,-0.989089,-0.628553
sample,648,drone,16.189423,5.944340,2.056618,2.707012,2.078662,-1.510982,-0.464132,4.361090,-3.170082,-0.973762,-0.628553
sample,649,drone,16.214407,5.997635,2.017878,2.695112,2.186665,-1.589489,-0.488247,4.277407,-3.109253,-0.955077,-0.628553
sample,650,drone,16.239391,6.053602,1.977195,2.682615,2.292393,-1.666343,-0.511855,4.179348,-3.037973,-0.933181,-0.628553
sample,651,drone,16.264374,6.112179,1.934615,2.669536,2.395496,-1.741289,-0.534876,4.067569,-2.956721,-0.908223,-0.628553
sample,652,drone,16.289358,6.173298,1.890188,2.655889,2.495638,-1.814083,-0.557236,3.942728,-2.865974,-0.880348,-0.628553
sample,653,drone,16.314342,6.236880,1.843970,2.641692,2.592503,-1.884494,-0.578864,3.805484,-2.766211,-0.849704,-0.628553
sample,654,drone,16.339325,6.302839,1.796025,2.626965,2.685788,-1.952303,-0.599694,3.656494,-2.657910,-0.816437,-0.628553
sample,655,drone,16.364309,6.371082,1.746419,2.611727,2.775209,-2.017303,-0.619660,3.496416,-2.541549,-0.780694,-0.628553
sample,656,drone,16.389293,6.441509,1.695225,2.596002,2.860495,-2.079297,-0.638703,3.325908,-2.417606,-0.742622,-0.628553
sample,657,drone,16.414276,6.514013,1.642522,2.579813,2.941395,-2.138104,-0.656767,3.145627,-2.286560,-0.702368,-0.628553
sample,658,drone,16.439260,6.588482,1.588390,2.563185,3.017674,-2.193551,-0.673798,2.956232,-2.148889,-0.660079,-0.628553
sample,659,drone,16.464244,6.664798,1.532916,2.546145,3.089111,-2.245478,-0.689749,2.758381,-2.005071,-0.615902,-0.628553
sample,660,drone,16.489228,6.742837,1.476189,2.528720,3.155503,-2.293739,-0.704573,2.552731,-1.855583,-0.569984,-0.628553
sample,661,drone,16.514211,6.822470,1.418304,2.510939,3.216664,-2.338197,-0.718230,2.339940,-1.700905,-0.522471,-0.628553
sample,662,drone,16.539195,6.903565,1.359356,2.492832,3.272423,-2.378729,-0.730680,2.120666,-1.541515,-0.473511,-0.628553
sample,663,drone,16.564179,6.985985,1.299445,2.474429,3.322628,-2.415222,-0.741890,1.895566,-1.377890,-0.423250,-0.628553
sample,664,drone,16.589162,7.069588,1.238674,2.455762,3.367140,-2.447578,-0.751828,1.665300,-1.210508,-0.371835,-0.628553
sample,665,drone,16.614146,7.154232,1.177146,2.436862,3.405838,-2.475708,-0.760469,1.430524,-1.039849,-0.319413,-0.628553
sample,666,drone,16.639130,7.239769,1.114969,2.417763,3.438619,-2.499537,-0.767789,1.191896,-0.866391,-0.266131,-0.628553
sample,667,drone,16.664113,7.326050,1.052251,2.398498,3.465394,-2.518999,-0.773767,0.950074,-0.690610,-0.212136,-0.628553
sample,668,drone,16.689097,7.412925,0.989101,2.379100,3.486092,-2.534045,-0.778389,0.705717,-0.512986,-0.157575,-0.628553
sample,669,drone,16.714081,7.500241,0.925631,2.359604,3.500657,-2.544632,-0.781641,0.459481,-0.333997,-0.102595,-0.628553
sample,670,drone,16.739064,7.587844,0.861953,2.340043,3.509051,-2.550734,-0.783515,0.212025,-0.154121,-0.047342,-0.628553
sample,671,drone,16.764048,7.675579,0.798178,2.320454,3.511251,-2.552333,-0.784006,-0.035993,0.026163,0.008037,-0.628553
sample,672,drone,16.789032,7.763292,0.734419,2.300869,3.507253,-2.549426,-0.783113,-0.283916,0.206379,0.063394,-0.628553
sample,673,drone,16.814015,7.850827,0.670790,2.281323,3.497065,-2.542021,-0.780839,-0.531085,0.386047,0.118583,-0.628553
sample,674,drone,16.838999,7.938031,0.607401,2.261852,3.480716,-2.530137,-0.777188,-0.776844,0.564689,0.173457,-0.628553
sample,675,drone,16.863983,8.024750,0.544365,2.242489,3.458248,-2.513805,-0.772171,-1.020533,0.741827,0.227869,-0.628553
sample,676,drone,16.888966,8.110831,0.481793,2.223269,3.429722,-2.493069,-0.765802,-1.261496,0.916983,0.281672,-0.628553
sample,677,drone,16.913950,8.196124,0.419793,2.204224,3.395214,-2.467986,-0.758097,-1.499074,1.089679,0.334719,-0.628553
sample,678,drone,16.938934,8.280480,0.358474,2.185389,3.354818,-2.438621,-0.749077,-1.732609,1.259436,0.386864,-0.628553
sample,679,drone,16.963917,8.363755,0.297942,2.166795,3.308641,-2.405055,-0.738766,-1.961444,1.425776,0.437959,-0.628553
sample,680,drone,16.988901,8.445804,0.238300,2.148475,3.256809,-2.367379,-0.727193,-2.184921,1.588222,0.487858,-0.628553
sample,681,drone,17.013885,8.526489,0.179650,2.130459,3.199466,-2.325696,-0.714390,-2.402381,1.746294,0.536413,-0.628553
sample,682,drone,17.038868,8.605673,0.122091,2.112778,3.136769,-2.280121,-0.700390,-2.613168,1.899515,0.583479,-0.628553
sample,683,drone,17.063852,8.683225,0.065719,2.095462,3.068893,-2.230782,-0.685235,-2.816623,2.047407,0.628907,-0.628553
sample,684,drone,17.088836,8.759018,0.010625,2.078539,2.996029,-2.177818,-0.668965,-3.012088,2.189491,0.672551,-0.628553
sample,685,drone,17.113819,8.832929,-0.043101,2.062036,2.918387,-2.121379,-0.651629,-3.198906,2.325289,0.714265,-0.628553
sample,686,drone,17.138803,8.904842,-0.095375,2.045979,2.836189,-2.061629,-0.633276,-3.376419,2.454323,0.753900,-0.628553
sample,687,drone,17.163787,8.974646,-0.146115,2.030393,2.749676,-1.998743,-0.613959,-3.543968,2.576115,0.791311,-0.628553
sample,688,drone,17.188771,9.042236,-0.195247,2.015301,2.659106,-1.932907,-0.593736,-3.700897,2.690187,0.826351,-0.628553
sample,689,drone,17.213754,9.107514,-0.242698,2.000725,2.564752,-1.864321,-0.572668,-3.846546,2.796059,0.858872,-0.628553
sample,690,drone,17.238738,9.170390,-0.288402,1.986686,2.466904,-1.793196,-0.550820,-3.980259,2.893255,0.888728,-0.628553
sample,691,drone,17.263722,9.230779,-0.332299,1.973202,2.365869,-1.719753,-0.528261,-4.101377,2.981296,0.915772,-0.628553
sample,692,drone,17.288705,9.288606,-0.374333,1.960291,2.261969,-1.644228,-0.505061,-4.209243,3.059704,0.939857,-0.628553
sample,693,drone,17.313689,9.343804,-0.414457,1.947966,2.155544,-1.566868,-0.481298,-4.303199,3.128001,0.960835,-0.628553
sample,694,drone,17.338673,9.396313,-0.452626,1.936241,2.046950,-1.487930,-0.457051,-4.382586,3.185708,0.978561,-0.628553
sample,695,drone,17.363656,9.446084,-0.488805,1.925128,1.936558,-1.407686,-0.432402,-4.446748,3.232347,0.992888,-0.628553
sample,696,drone,17.388640,9.493077,-0.522964,1.914635,1.824757,-1.326418,-0.407439,-4.495026,3.267440,1.003667,-0.628553
sample,697,drone,17.413624,9.537262,-0.555082,1.904769,1.711953,-1.244421,-0.382252,-4.526762,3.290509,1.010753,-0.628553
sample,698,drone,17.438607,9.578619,-0.585144,1.895535,1.598567,-1.162000,-0.356934,-4.541299,3.301076,1.013999,-0.628553
sample,699,drone,17.463591,9.617139,-0.613144,1.886934,1.485037,-1.079475,-0.331585,-4.537978,3.298662,1.013258,-0.628553
sample,700,drone,17.488575,9.652823,-0.639083,1.878967,1.371816,-0.997175,-0.306305,-4.516142,3.282789,1.008382,-0.628553
sample,701,drone,17.513558,9.685685,-0.662970,1.871629,1.259377,-0.915443,-0.281199,-4.475133,3.252980,0.999226,-0.628553
sample,702,drone,17.538542,9.715750,-0.684825,1.864916,1.148206,-0.834632,-0.256376,-4.414293,3.208755,0.985641,-0.628553
sample,703,drone,17.563526,9.743058,-0.704675,1.858819,1.038806,-0.755110,-0.231949,-4.332965,3.149638,0.967482,-0.628553
sample,704,drone,17.588509,9.767657,-0.722556,1.853326,0.931699,-0.677253,-0.208033,-4.230490,3.075148,0.944601,-0.628553
sample,705,drone,17.613493,9.789612,-0.738515,1.848424,0.827420,-0.601453,-0.184750,-4.106210,2.984809,0.916851,-0.628553
sample,706,drone,17.638477,9.809001,-0.752609,1.844095,0.726522,-0.528110,-0.162221,-3.959468,2.878142,0.884086,-0.628553
sample,707,drone,17.663460,9.825914,-0.764904,1.840318,0.629576,-0.457639,-0.140574,-3.789606,2.754670,0.846158,-0.628553
sample,708,drone,17.688444,9.840459,-0.775476,1.837071,0.537166,-0.390467,-0.119941,-3.595966,2.613913,0.802922,-0.628553
sample,709,drone,17.713428,9.852755,-0.784414,1.834325,0.449895,-0.327029,-0.100454,-3.377891,2.455393,0.754229,-0.628553
sample,710,drone,17.738411,9.862939,-0.791817,1.832051,0.368382,-0.267777,-0.082254,-3.134721,2.278633,0.699933,-0.628553
sample,711,drone,17.763395,9.871162,-0.797794,1.830215,0.293261,-0.213172,-0.065481,-2.865800,2.083154,0.639887,-0.628553
sample,712,drone,17.788379,9.877593,-0.802468,1.828779,0.225185,-0.163687,-0.050280,-2.570470,1.868478,0.573945,-0.628553
sample,713,drone,17.813362,9.882414,-0.805973,1.827703,0.164822,-0.119809,-0.036802,-2.248073,1.634127,0.501959,-0.628553
sample,714,drone,17.838346,9.885828,-0.808455,1.826940,0.112855,-0.082034,-0.025199,-1.897950,1.379622,0.423782,-0.628553
sample,715,drone,17.863330,9.888053,-0.810072,1.826444,0.069986,-0.050873,-0.015627,-1.519444,1.104486,0.339268,-0.628553
sample,716,drone,17.888314,9.889325,-0.810997,1.826160,0.036932,-0.026846,-0.008246,-1.111898,0.808240,0.248269,-0.628553
sample,717,drone,17.913297,9.889899,-0.811414,1.826031,0.014427,-0.010487,-0.003221,-0.695005,0.485549,0.147192,-0.628553
sample,718,drone,17.938281,9.890046,-0.811521,1.825999,0.002205,-0.002585,-0.000892,-0.641203,0.050775,-0.025726,-0.864539
sample,719,drone,17.963265,9.890009,-0.811543,1.825987,-0.017612,-0.007950,-0.004507,-1.540797,-0.614947,-0.361517,-2.717562
sample,720,drone,17.988248,9.889166,-0.811918,1.825773,-0.074785,-0.033312,-0.018956,-3.218671,-1.431603,-0.814977,-2.722541
sample,721,drone,18.013232,9.886272,-0.813207,1.825040,-0.178440,-0.079484,-0.045229,-4.936547,-2.198914,-1.251264,-2.722541
sample,722,drone,18.038216,9.880250,-0.815890,1.823513,-0.321451,-0.143186,-0.081478,-6.366572,-2.835898,-1.613731,-2.722541
sample,723,drone,18.063199,9.870210,-0.820362,1.820969,-0.496561,-0.221186,-0.125863,-7.514223,-3.347103,-1.904625,-2.722541
sample,724,drone,18.088183,9.855438,-0.826942,1.817224,-0.696917,-0.310432,-0.176647,-8.395612,-3.739705,-2.128031,-2.722541
sample,725,drone,18.113167,9.835387,-0.835873,1.812142,-0.916068,-0.408049,-0.232195,-9.026854,-4.020882,-2.288031,-2.722541
sample,726,drone,18.138150,9.809665,-0.847331,1.805622,-1.147965,-0.511344,-0.290974,-9.424062,-4.197813,-2.388711,-2.722541
sample,727,drone,18.163134,9.778026,-0.861424,1.797603,-1.386963,-0.617803,-0.351553,-9.603349,-4.277674,-2.434155,-2.722541
sample,728,drone,18.188118,9.740362,-0.878201,1.788056,-1.627819,-0.725089,-0.412602,-9.580829,-4.267643,-2.428447,-2.722541
sample,729,drone,18.213101,9.696688,-0.897655,1.776986,-1.865692,-0.831046,-0.472896,-9.372616,-4.174897,-2.375671,-2.722541
sample,730,drone,18.238085,9.647138,-0.919726,1.764427,-2.096144,-0.933697,-0.531308,-8.994822,-4.006614,-2.279912,-2.722541
sample,731,drone,18.263069,9.591950,-0.944309,1.750438,-2.315139,-1.031245,-0.586817,-8.463561,-3.769972,-2.145254,-2.722541
sample,732,drone,18.288052,9.531457,-0.971255,1.735105,-2.519045,-1.122073,-0.638501,-7.794947,-3.472147,-1.975780,-2.722541
sample,733,drone,18.313036,9.466079,-1.000376,1.718534,-2.704632,-1.204739,-0.685541,-7.005093,-3.120318,-1.775577,-2.722541
sample,734,drone,18.338020,9.396313,-1.031452,1.700850,-2.869071,-1.277987,-0.727222,-6.110113,-2.721662,-1.548727,-2.722541
sample,735,drone,18.363003,9.322720,-1.064234,1.682196,-3.009938,-1.340734,-0.762927,-5.126120,-2.283357,-1.299315,-2.722541
sample,736,drone,18.387987,9.245915,-1.098445,1.662729,-3.125210,-1.392080,-0.792145,-4.069228,-1.812579,-1.031425,-2.722541
sample,737,drone,18.412971,9.166561,-1.133792,1.642615,-3.213267,-1.431304,-0.814465,-2.955550,-1.316507,-0.749141,-2.722541
sample,738,drone,18.437954,9.085356,-1.169964,1.622032,-3.272891,-1.457862,-0.829578,-1.801199,-0.802318,-0.456549,-2.722541
sample,739,drone,18.462938,9.003023,-1.206638,1.601163,-3.303268,-1.471393,-0.837277,-0.622290,-0.277190,-0.157731,-2.722541
sample,740,drone,18.487922,8.920301,-1.243485,1.580196,-3.303985,-1.471713,-0.837459,0.565065,0.251700,0.143227,-2.722541
sample,741,drone,18.512905,8.837932,-1.280175,1.559318,-3.275033,-1.458816,-0.830121,1.744752,0.777175,0.442241,-2.722541
sample,742,drone,18.537889,8.756656,-1.316379,1.538717,-3.216805,-1.432879,-0.815361,2.900658,1.292056,0.735228,-2.722541
sample,743,drone,18.562873,8.677197,-1.351773,1.518576,-3.130095,-1.394256,-0.793383,4.016669,1.789167,1.018103,-2.722541
sample,744,drone,18.587856,8.600253,-1.386046,1.499073,-3.016102,-1.343479,-0.764490,5.076671,2.261330,1.286781,-2.722541
sample,745,drone,18.612840,8.526490,-1.418903,1.480377,-2.876427,-1.281263,-0.729086,6.064551,2.701367,1.537178,-2.722541
sample,746,drone,18.637824,8.456526,-1.450067,1.462643,-2.713073,-1.208499,-0.687681,6.964196,3.102101,1.765210,-2.722541
sample,747,drone,18.662808,8.390925,-1.479288,1.446015,-2.528445,-1.126259,-0.640883,7.759492,3.456354,1.966794,-2.722541
sample,748,drone,18.687791,8.330186,-1.506343,1.430620,-2.325351,-1.035794,-0.589405,8.434325,3.756949,2.137843,-2.722541
sample,749,drone,18.712775,8.274733,-1.531044,1.416564,-2.107004,-0.938535,-0.534061,8.972583,3.996708,2.274275,-2.722541
sample,750,drone,18.737759,8.224905,-1.553240,1.403934,-1.877015,-0.836089,-0.475766,9.358152,4.168454,2.372005,-2.722541
sample,751,drone,18.762742,8.180944,-1.572821,1.392791,-1.639402,-0.730248,-0.415538,9.574917,4.265009,2.426948,-2.722541
sample,752,drone,18.787726,8.142988,-1.589728,1.383171,-1.398582,-0.622978,-0.354498,9.606767,4.279196,2.435021,-2.722541
sample,753,drone,18.812710,8.111060,-1.603950,1.375078,-1.159377,-0.516428,-0.293867,9.437587,4.203837,2.392139,-2.722541
sample,754,drone,18.837693,8.085057,-1.615533,1.368487,-0.927011,-0.412924,-0.234969,9.051263,4.031755,2.294218,-2.722541
sample,755,drone,18.862677,8.064740,-1.624583,1.363337,-0.707109,-0.314972,-0.179231,8.431683,3.755772,2.137174,-2.722541
sample,756,drone,18.887661,8.049725,-1.631271,1.359531,-0.505702,-0.225258,-0.128180,7.562733,3.368711,1.916921,-2.722541
sample,757,drone,18.912644,8.039472,-1.635838,1.356932,-0.329219,-0.146646,-0.083447,6.428299,2.863394,1.629377,-2.722541
sample,758,drone,18.937628,8.033275,-1.638598,1.355362,-0.184497,-0.082181,-0.046764,5.012268,2.232643,1.270457,-2.722541
sample,759,drone,18.962612,8.030253,-1.639945,1.354596,-0.078770,-0.035087,-0.019966,3.305456,1.472343,0.837710,-2.722541
sample,760,drone,18.987595,8.029339,-1.640352,1.354364,-0.019332,-0.008612,-0.004906,1.584470,0.704695,0.396334,-2.722487
sample,761,drone,19.012579,8.029287,-1.640375,1.354351,0.000402,0.000125,-0.000162,0.533791,0.232402,0.109150,0.301286
sample,762,drone,19.037563,8.029359,-1.640345,1.354356,0.007340,0.003000,0.000548,0.377785,0.155198,0.032039,0.388004
sample,763,drone,19.062546,8.029654,-1.640225,1.354378,0.019279,0.007880,0.001439,0.595894,0.243556,0.044477,0.388005
sample,764,drone,19.087530,8.030322,-1.639952,1.354428,0.037116,0.015170,0.002770,0.826105,0.337649,0.061660,0.388005
sample,765,drone,19.112514,8.031508,-1.639467,1.354516,0.060557,0.024751,0.004520,1.044677,0.426985,0.077974,0.388005
sample,766,drone,19.137497,8.033348,-1.638715,1.354654,0.089315,0.036505,0.006666,1.251799,0.511641,0.093433,0.388005
sample,767,drone,19.162481,8.035971,-1.637643,1.354849,0.123106,0.050317,0.009189,1.447663,0.591695,0.108052,0.388005
sample,768,drone,19.187465,8.039499,-1.636201,1.355113,0.161651,0.066071,0.012066,1.632456,0.667224,0.121845,0.388005
sample,769,drone,19.212448,8.044048,-1.634341,1.355452,0.204676,0.083656,0.015277,1.806370,0.738307,0.134826,0.388005
sample,770,drone,19.237432,8.049726,-1.632021,1.355876,0.251911,0.102962,0.018802,1.969594,0.805021,0.147009,0.388005
sample,771,drone,19.262416,8.056636,-1.629197,1.356392,0.303091,0.123881,0.022623,2.122318,0.867443,0.158408,0.388005
sample,772,drone,19.287399,8.064871,-1.625831,1.357007,0.357957,0.146306,0.026718,2.264732,0.925651,0.169038,0.388005
sample,773,drone,19.312383,8.074522,-1.621886,1.357727,0.416254,0.170133,0.031069,2.397025,0.979722,0.178912,0.388005
sample,774,drone,19.337367,8.085670,-1.617330,1.358559,0.477730,0.195260,0.035657,2.519388,1.029735,0.188045,0.388005
sample,775,drone,19.362351,8.098393,-1.612130,1.359509,0.542141,0.221586,0.040465,2.632011,1.075767,0.196451,0.388005
sample,776,drone,19.387334,8.112760,-1.606257,1.360581,0.609245,0.249013,0.045474,2.735083,1.117895,0.204144,0.388005
sample,777,drone,19.412318,8.128835,-1.599687,1.361781,0.678806,0.277444,0.050666,2.828794,1.156197,0.211139,0.388005
sample,778,drone,19.437302,8.146678,-1.592394,1.363113,0.750592,0.306785,0.056024,2.913334,1.190750,0.217449,0.388005
sample,779,drone,19.462285,8.166340,-1.584358,1.364580,0.824378,0.336943,0.061531,2.988894,1.221633,0.223089,0.388005
sample,780,drone,19.487269,8.187870,-1.575558,1.366187,0.899940,0.367827,0.067171,3.055662,1.248923,0.228072,0.388005
sample,781,drone,19.512253,8.211308,-1.565978,1.367936,0.977061,0.399348,0.072927,3.113828,1.272697,0.232414,0.388005
sample,782,drone,19.537236,8.236691,-1.555604,1.369831,1.055529,0.431420,0.078784,3.163583,1.293033,0.236127,0.388005
sample,783,drone,19.562220,8.264050,-1.544422,1.371873,1.135137,0.463958,0.084726,3.205117,1.310009,0.239227,0.388005
sample,784,drone,19.587204,8.293411,-1.532421,1.374065,1.215681,0.496878,0.090737,3.238619,1.323702,0.241728,0.388005
sample,785,drone,19.612187,8.324794,-1.519594,1.376407,1.296962,0.530100,0.096804,3.264279,1.334190,0.243643,0.388005
sample,786,drone,19.637171,8.358216,-1.505933,1.378902,1.378788,0.563544,0.102912,3.282287,1.341550,0.244987,0.388005
sample,787,drone,19.662155,8.393689,-1.491435,1.381549,1.460969,0.597133,0.109046,3.292832,1.345860,0.245774,0.388005
sample,788,drone,19.687138,8.431217,-1.476096,1.384350,1.543322,0.630793,0.115192,3.296106,1.347198,0.246019,0.388005
sample,789,drone,19.712122,8.470804,-1.459916,1.387305,1.625667,0.664449,0.121339,3.292297,1.345641,0.245735,0.388005
sample,790,drone,19.737106,8.512447,-1.442895,1.390413,1.707829,0.698031,0.127471,3.281596,1.341268,0.244936,0.388005
sample,791,drone,19.762089,8.556140,-1.425037,1.393674,1.789640,0.731469,0.133577,3.264192,1.334154,0.243637,0.388005
sample,792,drone,19.787073,8.601871,-1.406346,1.397088,1.870932,0.764695,0.139645,3.240275,1.324379,0.241852,0.388005
sample,793,drone,19.812057,8.649626,-1.386827,1.400652,1.951548,0.797645,0.145662,3.210035,1.312019,0.239595,0.388005
sample,794,drone,19.837040,8.699385,-1.366490,1.404366,2.031329,0.830253,0.151617,3.173662,1.297152,0.236880,0.388005
sample,795,drone,19.862024,8.751126,-1.345342,1.408228,2.110127,0.862460,0.157498,3.131346,1.279857,0.233721,0.388005
sample,796,drone,19.887008,8.804822,-1.323395,1.412236,2.187795,0.894205,0.163295,3.083276,1.260210,0.230133,0.388005
sample,797,drone,19.911991,8.860444,-1.300661,1.416388,2.264190,0.925429,0.168997,3.029643,1.238288,0.226130,0.388005
sample,798,drone,19.936975,8.917958,-1.277154,1.420680,2.339178,0.956079,0.174594,2.970637,1.214171,0.221726,0.388005
sample,799,drone,19.961959,8.977327,-1.252888,1.425112,2.412625,0.986098,0.180076,2.906446,1.187935,0.216935,0.388005
sample,800,drone,19.986942,9.038510,-1.227881,1.429678,2.484405,1.015436,0.185434,2.837262,1.159658,0.211771,0.388005
sample,801,drone,20.011926,9.101466,-1.202149,1.434377,2.554396,1.044043,0.190658,2.763274,1.129417,0.206249,0.388005
sample,802,drone,20.036910,9.166147,-1.175713,1.439205,2.622479,1.071870,0.195740,2.684672,1.097290,0.200382,0.388005
sample,803,drone,20.061893,9.232504,-1.148591,1.444158,2.688542,1.098872,0.200671,2.601645,1.063355,0.194185,0.388005
sample,804,drone,20.086877,9.300486,-1.120805,1.449232,2.752476,1.125004,0.205443,2.514384,1.027689,0.187672,0.388005
sample,805,drone,20.111861,9.370038,-1.092377,1.454423,2.814179,1.150223,0.210048,2.423078,0.990371,0.180857,0.388005
sample,806,drone,20.136845,9.441103,-1.063331,1.459727,2.873551,1.174490,0.214480,2.327918,0.951476,0.173754,0.388005
sample,807,drone,20.161828,9.513622,-1.033691,1.465140,2.930499,1.197766,0.218730,2.229093,0.911084,0.166378,0.388005
sample,808,drone,20.186812,9.587532,-1.003482,1.470657,2.984933,1.220014,0.222793,2.126793,0.869272,0.158742,0.388005
sample,809,drone,20.211796,9.662771,-0.972730,1.476273,3.036769,1.241201,0.226662,2.021207,0.826116,0.150861,0.388005
sample,810,drone,20.236779,9.739272,-0.941463,1.481983,3.085927,1.261293,0.230331,1.912527,0.781696,0.142750,0.388005
sample,811,drone,20.261763,9.816967,-0.909707,1.487782,3.132333,1.280260,0.233795,1.800941,0.736088,0.134421,0.388005
sample,812,drone,20.286747,9.895786,-0.877491,1.493665,3.175915,1.298073,0.237048,1.686640,0.689371,0.125890,0.388005
sample,813,drone,20.311730,9.975659,-0.844846,1.499626,3.216610,1.314706,0.240085,1.569813,0.641621,0.117170,0.388005
sample,814,drone,20.336714,10.056512,-0.811799,1.505661,3.254355,1.330133,0.242903,1.450650,0.592916,0.108275,0.388005
sample,815,drone,20.361698,10.138270,-0.778382,1.511763,3.289095,1.344333,0.245496,1.329342,0.543334,0.099221,0.388005
sample,816,drone,20.386681,10.220859,-0.744626,1.517928,3.320778,1.357282,0.247860,1.206077,0.492953,0.090021,0.388005
sample,817,drone,20.411665,10.304201,-0.710563,1.524148,3.349359,1.368964,0.249994,1.081046,0.441850,0.080688,0.388005
sample,818,drone,20.436649,10.388218,-0.676223,1.530419,3.374795,1.379361,0.251892,0.954439,0.390102,0.071239,0.388005
sample,819,drone,20.461632,10.472830,-0.641640,1.536735,3.397050,1.388457,0.253553,0.826446,0.337788,0.061685,0.388005
sample,820,drone,20.486616,10.557959,-0.606845,1.543089,3.416091,1.396239,0.254974,0.697256,0.284985,0.052043,0.388005
sample,821,drone,20.511600,10.643523,-0.571873,1.549475,3.431890,1.402696,0.256154,0.567059,0.231771,0.042325,0.388005
sample,822,drone,20.536583,10.729442,-0.536756,1.555888,3.444425,1.407820,0.257089,0.436046,0.178222,0.032546,0.388005
sample,823,drone,20.561567,10.815632,-0.501528,1.562321,3.453678,1.411602,0.257780,0.304405,0.124418,0.022721,0.388005
sample,824,drone,20.586551,10.902013,-0.466222,1.568769,3.459636,1.414037,0.258225,0.172327,0.070434,0.012862,0.388005
sample,825,drone,20.611534,10.988501,-0.430872,1.575224,3.462289,1.415121,0.258423,0.040003,0.016350,0.002986,0.388005
sample,826,drone,20.636518,11.075014,-0.395512,1.581681,3.461634,1.414854,0.258374,-0.092380,-0.037758,-0.006895,0.388005
sample,827,drone,20.661502,11.161470,-0.360176,1.588134,3.457673,1.413235,0.258078,-0.224629,-0.091811,-0.016766,0.388005
sample,828,drone,20.686485,11.247785,-0.324897,1.594577,3.450410,1.410266,0.257536,-0.356557,-0.145733,-0.026613,0.388005
sample,829,drone,20.711469,11.333878,-0.289709,1.601003,3.439857,1.405953,0.256748,-0.487972,-0.199446,-0.036422,0.388005
sample,830,drone,20.736453,11.419666,-0.254645,1.607406,3.426028,1.400300,0.255716,-0.618685,-0.252871,-0.046178,0.388005
sample,831,drone,20.761436,11.505067,-0.219739,1.613780,3.408943,1.393317,0.254441,-0.748506,-0.305933,-0.055868,0.388005
sample,832,drone,20.786420,11.590001,-0.185025,1.620120,3.388627,1.385014,0.252924,-0.877245,-0.358551,-0.065477,0.388005
sample,833,drone,20.811404,11.674388,-0.150534,1.626418,3.365109,1.375401,0.251169,-1.004713,-0.410650,-0.074991,0.388005
sample,834,drone,20.836388,11.758147,-0.116300,1.632670,3.338424,1.364495,0.249177,-1.130719,-0.462152,-0.084396,0.388005
sample,835,drone,20.861371,11.841200,-0.082354,1.638869,3.308610,1.352309,0.246952,-1.255073,-0.512979,-0.093678,0.388005
sample,836,drone,20.886355,11.923469,-0.048728,1.645009,3.275711,1.338862,0.244497,-1.377587,-0.563053,-0.102822,0.388005
sample,837,drone,20.911339,12.004879,-0.015454,1.651086,3.239776,1.324175,0.241814,-1.498069,-0.612297,-0.111815,0.388005
sample,838,drone,20.936322,12.085352,0.017437,1.657092,3.200857,1.308268,0.238909,-1.616330,-0.660633,-0.120642,0.388005
sample,839,drone,20.961306,12.164817,0.049916,1.663023,3.159012,1.291165,0.235786,-1.732180,-0.707984,-0.129289,0.388005
sample,840,drone,20.986290,12.243200,0.081953,1.668874,3.114304,1.272891,0.232449,-1.845430,-0.754272,-0.137741,0.388005
sample,841,drone,21.011273,12.320431,0.113519,1.674638,3.066801,1.253476,0.228904,-1.955889,-0.799419,-0.145986,0.388005
sample,842,drone,21.036257,12.396440,0.144586,1.680312,3.016574,1.232947,0.225155,-2.063367,-0.843348,-0.154008,0.388005
sample,843,drone,21.061241,12.471161,0.175126,1.685889,2.963700,1.211336,0.221208,-2.167675,-0.885981,-0.161794,0.388005
sample,844,drone,21.086224,12.544528,0.205113,1.691365,2.908261,1.188676,0.217070,-2.268623,-0.927241,-0.169328,0.388005
sample,845,drone,21.111208,12.616479,0.234521,1.696735,2.850343,1.165004,0.212747,-2.366021,-0.967050,-0.176598,0.388005
sample,846,drone,21.136192,12.686952,0.263326,1.701995,2.790037,1.140356,0.208246,-2.459678,-1.005330,-0.183588,0.388005
sample,847,drone,21.161175,12.755890,0.291502,1.707141,2.727439,1.114770,0.203574,-2.549406,-1.042004,-0.190286,0.388005
sample,848,drone,21.186159,12.823235,0.319028,1.712167,2.662650,1.088289,0.198738,-2.635015,-1.076994,-0.196675,0.388005
sample,849,drone,21.211143,12.888935,0.345881,1.717071,2.595774,1.060956,0.193747,-2.716313,-1.110223,-0.202744,0.388005
sample,850,drone,21.236126,12.952939,0.372041,1.721848,2.526923,1.032814,0.188608,-2.793113,-1.141613,-0.208476,0.388005
sample,851,drone,21.261110,13.015199,0.397488,1.726495,2.456210,1.003912,0.183330,-2.865223,-1.171086,-0.213858,0.388005
sample,852,drone,21.286094,13.075669,0.422204,1.731009,2.383755,0.974298,0.177922,-2.932453,-1.198565,-0.218876,0.388005
sample,853,drone,21.311077,13.134309,0.446171,1.735385,2.309683,0.944023,0.172393,-2.994615,-1.223972,-0.223516,0.388005
sample,854,drone,21.336061,13.191078,0.469374,1.739623,2.234122,0.913140,0.166753,-3.051518,-1.247229,-0.227763,0.388005
sample,855,drone,21.361045,13.245942,0.491798,1.743718,2.157207,0.881702,0.161012,-3.102973,-1.268260,-0.231603,0.388005
sample,856,drone,21.386028,13.298868,0.513430,1.747668,2.079075,0.849768,0.155181,-3.148788,-1.286986,-0.235023,0.388005
sample,857,drone,21.411012,13.349828,0.534259,1.751472,1.999870,0.817395,0.149269,-3.188775,-1.303330,-0.238008,0.388005
sample,858,drone,21.435996,13.398796,0.554274,1.755127,1.919740,0.784644,0.143288,-3.222744,-1.317214,-0.240543,0.388005
sample,859,drone,21.460979,13.445752,0.573466,1.758631,1.838838,0.751578,0.137249,-3.250505,-1.328560,-0.242615,0.388005
sample,860,drone,21.485963,13.490678,0.591828,1.761985,1.757321,0.718260,0.131165,-3.271867,-1.337291,-0.244210,0.388005
sample,861,drone,21.510947,13.533561,0.609355,1.765185,1.675351,0.684757,0.125047,-3.286642,-1.343330,-0.245312,0.388005
sample,862,drone,21.535931,13.574391,0.626043,1.768233,1.593096,0.651137,0.118907,-3.294639,-1.346599,-0.245909,0.388005
sample,863,drone,21.560914,13.613164,0.641891,1.771127,1.510727,0.617471,0.112759,-3.295668,-1.347019,-0.245986,0.388005
sample,864,drone,21.585898,13.649878,0.656897,1.773867,1.428420,0.583830,0.106616,-3.289540,-1.344514,-0.245529,0.388005
sample,865,drone,21.610882,13.684538,0.671063,1.776454,1.346357,0.550289,0.100491,-3.276064,-1.339006,-0.244523,0.388005
sample,866,drone,21.635865,13.717152,0.684393,1.778888,1.264724,0.516923,0.094398,-3.255051,-1.330418,-0.242954,0.388005
sample,867,drone,21.660849,13.747733,0.696892,1.781171,1.183711,0.483811,0.088351,-3.226311,-1.318671,-0.240809,0.388005
sample,868,drone,21.685833,13.776299,0.708568,1.783303,1.103514,0.451033,0.082365,-3.189653,-1.303688,-0.238073,0.388005
sample,869,drone,21.710816,13.802873,0.719429,1.785287,1.024333,0.418669,0.076455,-3.144889,-1.285392,-0.234732,0.388005
sample,870,drone,21.735800,13.827482,0.729488,1.787123,0.946372,0.386805,0.070636,-3.091828,-1.263705,-0.230772,0.388005
sample,871,drone,21.760784,13.850160,0.738757,1.788816,0.869842,0.355525,0.064924,-3.030281,-1.238549,-0.226178,0.388005
sample,872,drone,21.785767,13.870946,0.747252,1.790367,0.794957,0.324918,0.059335,-2.960057,-1.209847,-0.220936,0.388005
sample,873,drone,21.810751,13.889882,0.754992,1.791781,0.721936,0.295073,0.053885,-2.880967,-1.177521,-0.215033,0.388005
sample,874,drone,21.835735,13.907019,0.761996,1.793060,0.651003,0.266081,0.048590,-2.792821,-1.141493,-0.208454,0.388005
sample,875,drone,21.860718,13.922411,0.768288,1.794209,0.582386,0.238035,0.043469,-2.695428,-1.101687,-0.201185,0.388005
sample,876,drone,21.885702,13.936119,0.773890,1.795232,0.516319,0.211032,0.038538,-2.588600,-1.058023,-0.193211,0.388005
sample,877,drone,21.910686,13.948210,0.778832,1.796134,0.453041,0.185169,0.033815,-2.472146,-1.010426,-0.184519,0.388005
sample,878,drone,21.935669,13.958757,0.783143,1.796922,0.392793,0.160544,0.029318,-2.345876,-0.958816,-0.175094,0.388005
sample,879,drone,21.960653,13.967837,0.786854,1.797599,0.335823,0.137259,0.025066,-2.209601,-0.903117,-0.164923,0.388005
sample,880,drone,21.985637,13.975537,0.790001,1.798174,0.282385,0.115417,0.021077,-2.063130,-0.843251,-0.153990,0.388005
sample,881,drone,22.010620,13.981947,0.792621,1.798653,0.232734,0.095124,0.017371,-1.906274,-0.779140,-0.142283,0.388005
sample,882,drone,22.035604,13.987166,0.794754,1.799042,0.187133,0.076486,0.013967,-1.738843,-0.710707,-0.129786,0.388005
sample,883,drone,22.060588,13.991298,0.796443,1.799350,0.145849,0.059612,0.010886,-1.560647,-0.637874,-0.116485,0.388005
sample,884,drone,22.085571,13.994454,0.797733,1.799586,0.109152,0.044613,0.008147,-1.371496,-0.560563,-0.102367,0.388005
sample,885,drone,22.110555,13.996752,0.798672,1.799758,0.077319,0.031602,0.005771,-1.171200,-0.478698,-0.087417,0.388005
sample,886,drone,22.135539,13.998317,0.799312,1.799874,0.050630,0.020694,0.003779,-0.959570,-0.392199,-0.071622,0.388005
sample,887,drone,22.160522,13.999282,0.799706,1.799946,0.029372,0.012005,0.002192,-0.736415,-0.300991,-0.054965,0.388005
sample,888,drone,22.185506,13.999785,0.799912,1.799984,0.013833,0.005654,0.001033,-0.501546,-0.204994,-0.037435,0.388004
sample,889,drone,22.210490,13.999973,0.799989,1.799998,0.004311,0.001762,0.000322,-0.255029,-0.104236,-0.019035,0.388004
sample,890,drone,22.235473,14.000000,0.800000,1.800000,0.001090,0.000446,0.000081,-0.128898,-0.052684,-0.009621,0.388004
