section,index,name,t,x,y,z,vx,vy,vz,ax,ay,az,yaw
crossing,1,G2,2.764618,3.561781,-2.408065,1.523063,,,,,,
crossing,2,G4,6.956951,8.685036,0.328981,1.555843,,,,,,
crossing,3,G3,9.981220,5.694823,-2.520309,0.746290,,,,,,
crossing,4,G5,14.973180,9.882885,2.732684,2.507830,,,,,,
crossing,5,G1,20.359233,2.414394,2.865657,2.567536,,,,,,
crossing,6,G6,28.028763,12.615186,-0.136029,1.754358,,,,,,
sample,0,drone,0.000000,0.000000,-1.000000,1.200000,0.001038,-0.000411,0.000094,0.122404,-0.048390,0.011102,-0.376470
sample,1,drone,0.024990,0.000026,-1.000010,1.200002,0.004097,-0.001620,0.000372,0.241729,-0.095562,0.021925,-0.376471
sample,2,drone,0.049980,0.000205,-1.000081,1.200019,0.013120,-0.005187,0.001190,0.473996,-0.187383,0.042993,-0.376471
sample,3,drone,0.074970,0.000682,-1.000269,1.200062,0.027788,-0.010985,0.002520,0.693338,-0.274094,0.062888,-0.376471
sample,4,drone,0.099960,0.001594,-1.000630,1.200145,0.047773,-0.018886,0.004333,0.899714,-0.355681,0.081607,-0.376471
sample,5,drone,0.124950,0.003069,-1.001213,1.200278,0.072755,-0.028762,0.006599,1.093375,-0.432240,0.099172,-0.376471
sample,6,drone,0.149940,0.005230,-1.002068,1.200474,0.102420,-0.040489,0.009290,1.274567,-0.503870,0.115607,-0.376471
sample,7,drone,0.174930,0.008188,-1.003237,1.200743,0.136458,-0.053945,0.012377,1.443539,-0.570669,0.130933,-0.376471
sample,8,drone,0.199920,0.012050,-1.004764,1.201093,0.174568,-0.069011,0.015834,1.600537,-0.632734,0.145173,-0.376471
sample,9,drone,0.224909,0.016913,-1.006686,1.201534,0.216453,-0.085569,0.019633,1.745811,-0.690165,0.158350,-0.376471
sample,10,drone,0.249899,0.022868,-1.009040,1.202074,0.261823,-0.103505,0.023748,1.879607,-0.743058,0.170485,-0.376471
sample,11,drone,0.274889,0.029999,-1.011859,1.202721,0.310395,-0.122707,0.028154,2.002174,-0.791512,0.181603,-0.376471
sample,12,drone,0.299879,0.038382,-1.015173,1.203481,0.361891,-0.143065,0.032825,2.113759,-0.835624,0.191724,-0.376471
sample,13,drone,0.324869,0.048086,-1.019010,1.204362,0.416041,-0.164472,0.037736,2.214610,-0.875493,0.200871,-0.376471
sample,14,drone,0.349859,0.059175,-1.023394,1.205367,0.472577,-0.186822,0.042864,2.304976,-0.911217,0.209068,-0.376471
sample,15,drone,0.374849,0.071706,-1.028347,1.206504,0.531243,-0.210014,0.048185,2.385103,-0.942894,0.216335,-0.376471
sample,16,drone,0.399839,0.085727,-1.033890,1.207776,0.591784,-0.233948,0.053676,2.455240,-0.970620,0.222697,-0.376471
sample,17,drone,0.424829,0.101283,-1.040040,1.209187,0.653955,-0.258526,0.059316,2.515634,-0.994496,0.228175,-0.376471
sample,18,drone,0.449819,0.118412,-1.046811,1.210740,0.717516,-0.283653,0.065081,2.566533,-1.014618,0.232792,-0.376471
sample,19,drone,0.474809,0.137144,-1.054217,1.212439,0.782230,-0.309236,0.070950,2.608186,-1.031084,0.236570,-0.376471
sample,20,drone,0.499799,0.157507,-1.062267,1.214286,0.847872,-0.335186,0.076904,2.640839,-1.043993,0.239531,-0.376471
sample,21,drone,0.524789,0.179521,-1.070969,1.216283,0.914219,-0.361415,0.082922,2.664741,-1.053442,0.241699,-0.376471
sample,22,drone,0.549779,0.203200,-1.080330,1.218431,0.981056,-0.387837,0.088984,2.680139,-1.059529,0.243096,-0.376471
sample,23,drone,0.574769,0.228554,-1.090353,1.220730,1.048172,-0.414370,0.095072,2.687282,-1.062353,0.243744,-0.376471
sample,24,drone,0.599759,0.255587,-1.101040,1.223182,1.115366,-0.440933,0.101167,2.686417,-1.062011,0.243665,-0.376471
sample,25,drone,0.624748,0.284300,-1.112391,1.225787,1.182439,-0.467449,0.107250,2.677792,-1.058601,0.242883,-0.376471
sample,26,drone,0.649738,0.314686,-1.124403,1.228543,1.249201,-0.493842,0.113306,2.661654,-1.052222,0.241419,-0.376471
sample,27,drone,0.674728,0.346735,-1.137073,1.231450,1.315468,-0.520039,0.119317,2.638252,-1.042970,0.239297,-0.376471
sample,28,drone,0.699718,0.380433,-1.150395,1.234506,1.381061,-0.545970,0.125266,2.607833,-1.030945,0.236538,-0.376471
sample,29,drone,0.724708,0.415760,-1.164361,1.237711,1.445807,-0.571566,0.131139,2.570646,-1.016244,0.233165,-0.376471
sample,30,drone,0.749698,0.452694,-1.178962,1.241061,1.509542,-0.596761,0.136920,2.526937,-0.998964,0.229200,-0.376471
sample,31,drone,0.774688,0.491207,-1.194187,1.244554,1.572103,-0.621494,0.142594,2.476956,-0.979205,0.224667,-0.376471
sample,32,drone,0.799678,0.531267,-1.210024,1.248187,1.633339,-0.645702,0.148148,2.420948,-0.957064,0.219587,-0.376471
sample,33,drone,0.824668,0.572841,-1.226459,1.251958,1.693102,-0.669328,0.153569,2.359164,-0.932639,0.213983,-0.376471
sample,34,drone,0.849658,0.615888,-1.243477,1.255863,1.751250,-0.692315,0.158843,2.291849,-0.906028,0.207877,-0.376471
sample,35,drone,0.874648,0.660368,-1.261061,1.259897,1.807648,-0.714611,0.163959,2.219252,-0.877329,0.201292,-0.376471
sample,36,drone,0.899638,0.706234,-1.279193,1.264057,1.862168,-0.736164,0.168904,2.141622,-0.846639,0.194251,-0.376471
sample,37,drone,0.924628,0.753439,-1.297854,1.268339,1.914686,-0.756926,0.173667,2.059204,-0.814057,0.186775,-0.376471
sample,38,drone,0.949618,0.801930,-1.317024,1.272737,1.965087,-0.776850,0.178239,1.972249,-0.779682,0.178888,-0.376471
sample,39,drone,0.974608,0.851654,-1.336681,1.277247,2.013259,-0.795894,0.182608,1.881002,-0.743609,0.170612,-0.376471
sample,40,drone,0.999598,0.902553,-1.356803,1.281864,2.059099,-0.814016,0.186766,1.785713,-0.705939,0.161969,-0.376471
sample,41,drone,1.024587,0.954567,-1.377365,1.286582,2.102509,-0.831177,0.190703,1.686628,-0.666768,0.152982,-0.376471
sample,42,drone,1.049577,1.007636,-1.398345,1.291395,2.143397,-0.847341,0.194412,1.583997,-0.626195,0.143673,-0.376471
sample,43,drone,1.074567,1.061694,-1.419715,1.296299,2.181677,-0.862474,0.197884,1.478065,-0.584318,0.134065,-0.376471
sample,44,drone,1.099557,1.116676,-1.441451,1.301286,2.217270,-0.876545,0.201112,1.369082,-0.541234,0.124179,-0.376471
sample,45,drone,1.124547,1.172513,-1.463525,1.306350,2.250103,-0.889525,0.204091,1.257295,-0.497042,0.114040,-0.376471
sample,46,drone,1.149537,1.229136,-1.485909,1.311486,2.280110,-0.901387,0.206812,1.142952,-0.451839,0.103669,-0.376471
sample,47,drone,1.174527,1.286472,-1.508576,1.316687,2.307228,-0.912108,0.209272,1.026301,-0.405724,0.093088,-0.376471
sample,48,drone,1.199517,1.344451,-1.531497,1.321945,2.331404,-0.921665,0.211465,0.907589,-0.358794,0.082321,-0.376471
sample,49,drone,1.224507,1.402996,-1.554641,1.327256,2.352589,-0.930040,0.213386,0.787065,-0.311147,0.071389,-0.376471
sample,50,drone,1.249497,1.462033,-1.577980,1.332610,2.370741,-0.937216,0.215033,0.664976,-0.262882,0.060315,-0.376471
sample,51,drone,1.274487,1.521485,-1.601483,1.338003,2.385825,-0.943179,0.216401,0.541570,-0.214097,0.049122,-0.376471
sample,52,drone,1.299477,1.581276,-1.625120,1.343426,2.397809,-0.947917,0.217488,0.417094,-0.164888,0.037832,-0.376471
sample,53,drone,1.324467,1.641327,-1.648860,1.348873,2.406671,-0.951420,0.218292,0.291798,-0.115355,0.026467,-0.376471
sample,54,drone,1.349457,1.701561,-1.672672,1.354336,2.412393,-0.953682,0.218811,0.165927,-0.065595,0.015050,-0.376471
sample,55,drone,1.374447,1.761898,-1.696525,1.359809,2.414964,-0.954698,0.219044,0.039731,-0.015707,0.003604,-0.376471
sample,56,drone,1.399437,1.822261,-1.720387,1.365284,2.414379,-0.954467,0.218991,-0.086543,0.034213,-0.007850,-0.376471
sample,57,drone,1.424426,1.882569,-1.744229,1.370754,2.410639,-0.952989,0.218651,-0.212647,0.084065,-0.019288,-0.376471
sample,58,drone,1.449416,1.942744,-1.768018,1.376212,2.403751,-0.950266,0.218027,-0.338334,0.133752,-0.030688,-0.376471
sample,59,drone,1.474406,2.002708,-1.791723,1.381651,2.393729,-0.946304,0.217118,-0.463355,0.183176,-0.042028,-0.376471
sample,60,drone,1.499396,2.062382,-1.815314,1.387064,2.380592,-0.941110,0.215926,-0.587463,0.232239,-0.053284,-0.376471
sample,61,drone,1.524386,2.121690,-1.838759,1.392443,2.364367,-0.934696,0.214455,-0.710410,0.280843,-0.064436,-0.376471
sample,62,drone,1.549376,2.180553,-1.862030,1.397782,2.345086,-0.927074,0.212706,-0.831947,0.328891,-0.075460,-0.376471
sample,63,drone,1.574366,2.238897,-1.885095,1.403074,2.322787,-0.918258,0.210683,-0.951829,0.376283,-0.086333,-0.376471
sample,64,drone,1.599356,2.296646,-1.907924,1.408312,2.297514,-0.908267,0.208391,-1.069805,0.422922,-0.097034,-0.376471
sample,65,drone,1.624346,2.353726,-1.930490,1.413489,2.269318,-0.897121,0.205833,-1.185630,0.468710,-0.107540,-0.376471
sample,66,drone,1.649336,2.410066,-1.952762,1.418600,2.238256,-0.884841,0.203016,-1.299054,0.513550,-0.117828,-0.376471
sample,67,drone,1.674326,2.465594,-1.974714,1.423636,2.204391,-0.871454,0.199944,-1.409830,0.557343,-0.127875,-0.376471
sample,68,drone,1.699316,2.520241,-1.996317,1.428593,2.167793,-0.856985,0.196625,-1.517710,0.599991,-0.137660,-0.376471
sample,69,drone,1.724306,2.573940,-2.017546,1.433463,2.128537,-0.841466,0.193064,-1.622447,0.641396,-0.147160,-0.376471
sample,70,drone,1.749296,2.626625,-2.038374,1.438242,2.086703,-0.824928,0.189270,-1.723793,0.681460,-0.156353,-0.376471
sample,71,drone,1.774286,2.678233,-2.058776,1.442923,2.042382,-0.807407,0.185250,-1.821499,0.720086,-0.165215,-0.376471
sample,72,drone,1.799276,2.728703,-2.078728,1.447501,1.995665,-0.788939,0.181012,-1.915318,0.757175,-0.173725,-0.376471
sample,73,drone,1.824265,2.777976,-2.098207,1.451970,1.946654,-0.769563,0.176567,-2.005003,0.792630,-0.181859,-0.376471
sample,74,drone,1.849255,2.825997,-2.117190,1.456326,1.895455,-0.749323,0.171923,-2.090305,0.826352,-0.189596,-0.376471
sample,75,drone,1.874245,2.872711,-2.135658,1.460563,1.842181,-0.728262,0.167091,-2.170976,0.858244,-0.196913,-0.376471
sample,76,drone,1.899235,2.918069,-2.153589,1.464677,1.786950,-0.706428,0.162081,-2.246769,0.888207,-0.203788,-0.376471
sample,77,drone,1.924225,2.962022,-2.170965,1.468664,1.729888,-0.683870,0.156906,-2.317436,0.916143,-0.210198,-0.376471
sample,78,drone,1.949215,3.004528,-2.187769,1.472519,1.671125,-0.660639,0.151576,-2.382730,0.941955,-0.216120,-0.376471
sample,79,drone,1.974205,3.045545,-2.203984,1.476239,1.610799,-0.636791,0.146104,-2.442401,0.965545,-0.221532,-0.376471
sample,80,drone,1.999195,3.085036,-2.219595,1.479821,1.549054,-0.612382,0.140503,-2.496203,0.986815,-0.226412,-0.376471
sample,81,drone,2.024185,3.122967,-2.234590,1.483262,1.486039,-0.587470,0.134788,-2.543888,1.005666,-0.230738,-0.376471
sample,82,drone,2.049175,3.159308,-2.248957,1.486558,1.421911,-0.562119,0.128971,-2.585208,1.022000,-0.234485,-0.376471
sample,83,drone,2.074165,3.194034,-2.262685,1.489708,1.356831,-0.536391,0.123068,-2.619915,1.035721,-0.237633,-0.376471
sample,84,drone,2.099155,3.227122,-2.275766,1.492709,1.290968,-0.510353,0.117094,-2.647761,1.046729,-0.240159,-0.376471
sample,85,drone,2.124145,3.258556,-2.288192,1.495560,1.224496,-0.484075,0.111065,-2.668498,1.054927,-0.242040,-0.376471
sample,86,drone,2.149135,3.288322,-2.299960,1.498260,1.157597,-0.457628,0.104997,-2.681879,1.060217,-0.243254,-0.376471
sample,87,drone,2.174125,3.316413,-2.311065,1.500808,1.090456,-0.431086,0.098907,-2.687656,1.062501,-0.243778,-0.376471
sample,88,drone,2.199115,3.342823,-2.321505,1.503203,1.023268,-0.404525,0.092813,-2.685581,1.061681,-0.243590,-0.376471
sample,89,drone,2.224104,3.367555,-2.331283,1.505446,0.956231,-0.378023,0.086733,-2.675406,1.057658,-0.242667,-0.376471
sample,90,drone,2.249094,3.390615,-2.340399,1.507538,0.889551,-0.351663,0.080685,-2.656884,1.050336,-0.240987,-0.376471
sample,91,drone,2.274084,3.412015,-2.348859,1.509479,0.823440,-0.325528,0.074688,-2.629766,1.039615,-0.238527,-0.376471
sample,92,drone,2.299074,3.431771,-2.356669,1.511271,0.758116,-0.299703,0.068763,-2.593805,1.025399,-0.235265,-0.376471
sample,93,drone,2.324064,3.449906,-2.363838,1.512916,0.693802,-0.274278,0.062930,-2.548753,1.007589,-0.231179,-0.376471
sample,94,drone,2.349054,3.466447,-2.370377,1.514416,0.630730,-0.249344,0.057209,-2.494362,0.986087,-0.226245,-0.376471
sample,95,drone,2.374044,3.481429,-2.376300,1.515775,0.569135,-0.224994,0.051622,-2.430385,0.960795,-0.220443,-0.376471
sample,96,drone,2.399034,3.494892,-2.381622,1.516996,0.509259,-0.201324,0.046191,-2.356573,0.931615,-0.213748,-0.376471
sample,97,drone,2.424024,3.506882,-2.386362,1.518084,0.451353,-0.178432,0.040939,-2.272679,0.898449,-0.206138,-0.376471
sample,98,drone,2.449014,3.517451,-2.390540,1.519042,0.395671,-0.156419,0.035888,-2.178454,0.861200,-0.197592,-0.376471
sample,99,drone,2.474004,3.526658,-2.394180,1.519877,0.342474,-0.135389,0.031063,-2.073652,0.819769,-0.188086,-0.376471
sample,100,drone,2.498994,3.534568,-2.397307,1.520595,0.292030,-0.115447,0.026488,-1.958024,0.774058,-0.177598,-0.376471
sample,101,drone,2.523984,3.541253,-2.399950,1.521201,0.244613,-0.096702,0.022187,-1.831323,0.723970,-0.166106,-0.376471
sample,102,drone,2.548974,3.546793,-2.402140,1.521704,0.200501,-0.079263,0.018186,-1.693300,0.669406,-0.153587,-0.376471
sample,103,drone,2.573964,3.551274,-2.403912,1.522110,0.159982,-0.063245,0.014511,-1.543708,0.610268,-0.140019,-0.376471
sample,104,drone,2.598954,3.554789,-2.405301,1.522429,0.123347,-0.048762,0.011188,-1.382299,0.546459,-0.125378,-0.376471
sample,105,drone,2.623943,3.557439,-2.406349,1.522669,0.090895,-0.035933,0.008244,-1.208826,0.477880,-0.109644,-0.376471
sample,106,drone,2.648933,3.559332,-2.407097,1.522841,0.062930,-0.024878,0.005708,-1.023039,0.404434,-0.092792,-0.376471
sample,107,drone,2.673923,3.560584,-2.407592,1.522955,0.039763,-0.015719,0.003607,-0.824693,0.326023,-0.074802,-0.376471
sample,108,drone,2.698913,3.561320,-2.407883,1.523021,0.021712,-0.008583,0.001969,-0.613538,0.242548,-0.055650,-0.376471
sample,109,drone,2.723903,3.561670,-2.408021,1.523053,0.009099,-0.003597,0.000825,-0.389646,0.154243,-0.035361,-0.376471
sample,110,drone,2.748893,3.561774,-2.408063,1.523063,0.002237,-0.000874,0.000202,-0.168392,0.076843,-0.016205,-0.372501
sample,111,drone,2.773883,3.561781,-2.408065,1.523063,0.000682,0.000244,0.000015,0.011679,0.047645,-0.003680,0.343016
sample,112,drone,2.798873,3.561808,-2.408050,1.523063,0.002821,0.001507,0.000018,0.136689,0.075443,0.000655,0.490663
sample,113,drone,2.823863,3.561922,-2.407990,1.523064,0.007514,0.004014,0.000048,0.235576,0.125854,0.001507,0.490663
sample,114,drone,2.848853,3.562184,-2.407850,1.523066,0.014595,0.007797,0.000093,0.329326,0.175939,0.002107,0.490663
sample,115,drone,2.873843,3.562652,-2.407600,1.523069,0.023974,0.012808,0.000153,0.419497,0.224112,0.002684,0.490663
sample,116,drone,2.898833,3.563382,-2.407210,1.523073,0.035561,0.018998,0.000228,0.506134,0.270397,0.003238,0.490663
sample,117,drone,2.923823,3.564429,-2.406650,1.523080,0.049270,0.026322,0.000315,0.589281,0.314817,0.003770,0.490663
sample,118,drone,2.948813,3.565845,-2.405894,1.523089,0.065014,0.034733,0.000416,0.668983,0.357397,0.004280,0.490663
sample,119,drone,2.973803,3.567679,-2.404914,1.523101,0.082706,0.044185,0.000529,0.745283,0.398160,0.004768,0.490663
sample,120,drone,2.998793,3.569978,-2.403686,1.523116,0.102263,0.054633,0.000654,0.818227,0.437129,0.005235,0.490663
sample,121,drone,3.023782,3.572790,-2.402184,1.523134,0.123601,0.066032,0.000791,0.887859,0.474329,0.005681,0.490663
sample,122,drone,3.048772,3.576156,-2.400385,1.523155,0.146638,0.078340,0.000938,0.954223,0.509784,0.006105,0.490663
sample,123,drone,3.073762,3.580119,-2.398268,1.523181,0.171293,0.091511,0.001096,1.017364,0.543516,0.006509,0.490663
sample,124,drone,3.098752,3.584717,-2.395812,1.523210,0.197486,0.105505,0.001264,1.077326,0.575550,0.006893,0.490663
sample,125,drone,3.123742,3.589989,-2.392995,1.523244,0.225137,0.120277,0.001440,1.134154,0.605910,0.007257,0.490663
sample,126,drone,3.148732,3.595969,-2.389800,1.523282,0.254170,0.135788,0.001626,1.187892,0.634619,0.007600,0.490663
sample,127,drone,3.173722,3.602692,-2.386209,1.523325,0.284508,0.151996,0.001820,1.238584,0.661701,0.007925,0.490663
sample,128,drone,3.198712,3.610189,-2.382204,1.523373,0.316075,0.168860,0.002022,1.286276,0.687179,0.008230,0.490663
sample,129,drone,3.223702,3.618490,-2.377769,1.523426,0.348796,0.186341,0.002232,1.331011,0.711079,0.008516,0.490663
sample,130,drone,3.248692,3.627622,-2.372890,1.523484,0.382599,0.204399,0.002448,1.372834,0.733422,0.008784,0.490663
sample,131,drone,3.273682,3.637612,-2.367553,1.523548,0.417410,0.222997,0.002671,1.411789,0.754234,0.009033,0.490663
sample,132,drone,3.298672,3.648484,-2.361745,1.523618,0.453160,0.242096,0.002899,1.447921,0.773537,0.009264,0.490663
sample,133,drone,3.323662,3.660261,-2.355453,1.523693,0.489777,0.261658,0.003134,1.481275,0.791356,0.009478,0.490663
sample,134,drone,3.348652,3.672963,-2.348667,1.523775,0.527193,0.281648,0.003373,1.511894,0.807714,0.009673,0.490663
sample,135,drone,3.373642,3.686610,-2.341377,1.523862,0.565341,0.302028,0.003617,1.539823,0.822635,0.009852,0.490663
sample,136,drone,3.398632,3.701219,-2.333572,1.523955,0.604154,0.322763,0.003866,1.565107,0.836142,0.010014,0.490663
sample,137,drone,3.423622,3.716805,-2.325245,1.524055,0.643565,0.343818,0.004118,1.587791,0.848261,0.010159,0.490663
sample,138,drone,3.448611,3.733384,-2.316388,1.524161,0.683511,0.365159,0.004373,1.607917,0.859013,0.010288,0.490663
sample,139,drone,3.473601,3.750967,-2.306994,1.524274,0.723929,0.386751,0.004632,1.625532,0.868424,0.010401,0.490663
sample,140,drone,3.498591,3.769566,-2.297058,1.524393,0.764755,0.408563,0.004893,1.640679,0.876516,0.010497,0.490663
sample,141,drone,3.523581,3.789190,-2.286574,1.524518,0.805930,0.430560,0.005157,1.653404,0.883314,0.010579,0.490663
sample,142,drone,3.548571,3.809846,-2.275539,1.524650,0.847392,0.452710,0.005422,1.663749,0.888841,0.010645,0.490663
sample,143,drone,3.573561,3.831542,-2.263948,1.524789,0.889084,0.474984,0.005689,1.671760,0.893121,0.010696,0.490663
sample,144,drone,3.598551,3.854282,-2.251799,1.524935,0.930946,0.497348,0.005956,1.677482,0.896177,0.010733,0.490663
sample,145,drone,3.623541,3.878071,-2.239091,1.525087,0.972924,0.519775,0.006225,1.680958,0.898035,0.010755,0.490663
sample,146,drone,3.648531,3.902909,-2.225821,1.525246,1.014961,0.542232,0.006494,1.682234,0.898716,0.010763,0.490663
sample,147,drone,3.673521,3.928798,-2.211990,1.525411,1.057002,0.564692,0.006763,1.681353,0.898245,0.010758,0.490663
sample,148,drone,3.698511,3.955738,-2.197598,1.525584,1.098994,0.587126,0.007032,1.678360,0.896647,0.010739,0.490663
sample,149,drone,3.723501,3.983726,-2.182645,1.525763,1.140886,0.609507,0.007300,1.673300,0.893943,0.010706,0.490663
sample,150,drone,3.748491,4.012759,-2.167135,1.525949,1.182626,0.631806,0.007567,1.666217,0.890159,0.010661,0.490663
sample,151,drone,3.773481,4.042833,-2.151068,1.526141,1.224163,0.653997,0.007832,1.657155,0.885318,0.010603,0.490663
sample,152,drone,3.798471,4.073943,-2.134448,1.526340,1.265450,0.676054,0.008097,1.646159,0.879443,0.010533,0.490663
sample,153,drone,3.823461,4.106080,-2.117279,1.526546,1.306438,0.697951,0.008359,1.633273,0.872559,0.010450,0.490663
sample,154,drone,3.848450,4.139238,-2.099564,1.526758,1.347081,0.719664,0.008619,1.618543,0.864690,0.010356,0.490663
sample,155,drone,3.873440,4.173407,-2.081310,1.526977,1.387333,0.741168,0.008876,1.602011,0.855858,0.010250,0.490663
sample,156,drone,3.898430,4.208577,-2.062521,1.527202,1.427149,0.762440,0.009131,1.583723,0.846088,0.010133,0.490663
sample,157,drone,3.923420,4.244736,-2.043203,1.527433,1.466487,0.783455,0.009383,1.563724,0.835403,0.010005,0.490663
sample,158,drone,3.948410,4.281872,-2.023364,1.527671,1.505304,0.804193,0.009631,1.542057,0.823828,0.009866,0.490663
sample,159,drone,3.973400,4.319971,-2.003010,1.527914,1.543559,0.824630,0.009876,1.518767,0.811385,0.009717,0.490663
sample,160,drone,3.998390,4.359019,-1.982149,1.528164,1.581212,0.844746,0.010117,1.493898,0.798100,0.009558,0.490663
sample,161,drone,4.023380,4.399000,-1.960790,1.528420,1.618224,0.864519,0.010354,1.467496,0.783994,0.009389,0.490663
sample,162,drone,4.048370,4.439897,-1.938941,1.528682,1.654557,0.883930,0.010586,1.439603,0.769093,0.009211,0.490663
sample,163,drone,4.073360,4.481694,-1.916611,1.528949,1.690175,0.902958,0.010814,1.410266,0.753420,0.009023,0.490663
sample,164,drone,4.098350,4.524372,-1.893811,1.529222,1.725042,0.921586,0.011037,1.379528,0.736999,0.008827,0.490663
sample,165,drone,4.123340,4.567912,-1.870550,1.529501,1.759124,0.939794,0.011255,1.347434,0.719853,0.008621,0.490663
sample,166,drone,4.148330,4.612293,-1.846840,1.529785,1.792386,0.957564,0.011468,1.314028,0.702006,0.008407,0.490663
sample,167,drone,4.173320,4.657495,-1.822691,1.530074,1.824798,0.974880,0.011675,1.279355,0.683482,0.008186,0.490663
sample,168,drone,4.198310,4.703496,-1.798116,1.530368,1.856328,0.991724,0.011877,1.243459,0.664305,0.007956,0.490663
sample,169,drone,4.223300,4.750274,-1.773125,1.530667,1.886946,1.008082,0.012073,1.206384,0.644498,0.007719,0.490663
sample,170,drone,4.248289,4.797805,-1.747732,1.530972,1.916623,1.023936,0.012263,1.168176,0.624086,0.007474,0.490663
sample,171,drone,4.273279,4.846067,-1.721949,1.531280,1.945332,1.039273,0.012447,1.128878,0.603091,0.007223,0.490663
sample,172,drone,4.298269,4.895033,-1.695789,1.531594,1.973045,1.054079,0.012624,1.088535,0.581538,0.006965,0.490663
sample,173,drone,4.323259,4.944679,-1.669266,1.531911,1.999737,1.068339,0.012795,1.047191,0.559451,0.006700,0.490663
sample,174,drone,4.348249,4.994979,-1.642394,1.532233,2.025383,1.082040,0.012959,1.004891,0.536853,0.006430,0.490663
sample,175,drone,4.373239,5.045907,-1.615186,1.532559,2.049961,1.095170,0.013116,0.961680,0.513767,0.006153,0.490663
sample,176,drone,4.398229,5.097436,-1.587657,1.532889,2.073448,1.107718,0.013266,0.917601,0.490219,0.005871,0.490663
sample,177,drone,4.423219,5.149538,-1.559822,1.533222,2.095822,1.119671,0.013410,0.872699,0.466231,0.005584,0.490663
sample,178,drone,4.448209,5.202185,-1.531696,1.533559,2.117065,1.131020,0.013545,0.827019,0.441827,0.005291,0.490663
sample,179,drone,4.473199,5.255349,-1.503294,1.533899,2.137157,1.141754,0.013674,0.780605,0.417030,0.004994,0.490663
sample,180,drone,4.498189,5.309000,-1.474631,1.534242,2.156080,1.151863,0.013795,0.733502,0.391866,0.004693,0.490663
sample,181,drone,4.523179,5.363109,-1.445724,1.534589,2.173817,1.161339,0.013909,0.685754,0.366357,0.004388,0.490663
sample,182,drone,4.548169,5.417647,-1.416588,1.534937,2.190354,1.170174,0.014014,0.637405,0.340527,0.004078,0.490663
sample,183,drone,4.573159,5.472583,-1.387239,1.535289,2.205675,1.178359,0.014112,0.588500,0.314400,0.003765,0.490663
sample,184,drone,4.598149,5.527886,-1.357694,1.535643,2.219767,1.185887,0.014203,0.539084,0.288000,0.003449,0.490663
sample,185,drone,4.623139,5.583527,-1.327968,1.535999,2.232618,1.192753,0.014285,0.489200,0.261350,0.003130,0.490663
sample,186,drone,4.648128,5.639472,-1.298080,1.536357,2.244217,1.198950,0.014359,0.438894,0.234474,0.002808,0.490663
sample,187,drone,4.673118,5.695692,-1.268045,1.536716,2.254554,1.204472,0.014425,0.388209,0.207397,0.002484,0.490663
sample,188,drone,4.698108,5.752155,-1.237881,1.537078,2.263620,1.209315,0.014483,0.337190,0.180141,0.002157,0.490663
sample,189,drone,4.723098,5.808828,-1.207604,1.537440,2.271406,1.213475,0.014533,0.285883,0.152730,0.001829,0.490663
sample,190,drone,4.748088,5.865679,-1.177231,1.537804,2.277908,1.216949,0.014575,0.234330,0.125188,0.001499,0.490663
sample,191,drone,4.773078,5.922677,-1.146781,1.538169,2.283118,1.219732,0.014608,0.182577,0.097540,0.001168,0.490663
sample,192,drone,4.798068,5.979789,-1.116269,1.538534,2.287033,1.221824,0.014633,0.130667,0.069808,0.000836,0.490663
sample,193,drone,4.823058,6.036983,-1.085714,1.538900,2.289649,1.223221,0.014650,0.078646,0.042016,0.000503,0.490663
sample,194,drone,4.848048,6.094226,-1.055133,1.539266,2.290964,1.223924,0.014658,0.026558,0.014189,0.000170,0.490663
sample,195,drone,4.873038,6.151485,-1.024543,1.539633,2.290976,1.223930,0.014658,-0.025552,-0.013651,-0.000163,0.490663
sample,196,drone,4.898028,6.208728,-0.993961,1.539999,2.289687,1.223241,0.014650,-0.077641,-0.041479,-0.000497,0.490663
sample,197,drone,4.923018,6.265923,-0.963405,1.540365,2.287096,1.221857,0.014633,-0.129664,-0.069271,-0.000830,0.490663
sample,198,drone,4.948008,6.323037,-0.932893,1.540730,2.283206,1.219779,0.014608,-0.181575,-0.097005,-0.001162,0.490663
sample,199,drone,4.972998,6.380038,-0.902441,1.541095,2.278021,1.217009,0.014575,-0.233332,-0.124655,-0.001493,0.490663
sample,200,drone,4.997988,6.436892,-0.872067,1.541459,2.271544,1.213549,0.014534,-0.284889,-0.152199,-0.001823,0.490663
sample,201,drone,5.022978,6.493569,-0.841788,1.541821,2.263782,1.209402,0.014484,-0.336202,-0.179613,-0.002151,0.490663
sample,202,drone,5.047967,6.550036,-0.811621,1.542183,2.254741,1.204572,0.014426,-0.387227,-0.206872,-0.002478,0.490663
sample,203,drone,5.072957,6.606261,-0.781583,1.542543,2.244428,1.199063,0.014360,-0.437918,-0.233953,-0.002802,0.490663
sample,204,drone,5.097947,6.662212,-0.751692,1.542900,2.232854,1.192879,0.014286,-0.488232,-0.260833,-0.003124,0.490663
sample,205,drone,5.122937,6.717859,-0.721963,1.543257,2.220027,1.186026,0.014204,-0.538125,-0.287488,-0.003443,0.490663
sample,206,drone,5.147927,6.773169,-0.692414,1.543610,2.205958,1.178510,0.014114,-0.587551,-0.313893,-0.003759,0.490663
sample,207,drone,5.172917,6.828112,-0.663062,1.543962,2.190661,1.170338,0.014016,-0.636466,-0.340025,-0.004072,0.490663
sample,208,drone,5.197907,6.882658,-0.633921,1.544311,2.174148,1.161516,0.013911,-0.684826,-0.365861,-0.004382,0.490663
sample,209,drone,5.222897,6.936776,-0.605009,1.544657,2.156433,1.152052,0.013797,-0.732586,-0.391377,-0.004687,0.490663
sample,210,drone,5.247887,6.990436,-0.576342,1.545001,2.137533,1.141955,0.013676,-0.779702,-0.416548,-0.004989,0.490663
sample,211,drone,5.272877,7.043609,-0.547934,1.545341,2.117464,1.131233,0.013548,-0.826130,-0.441351,-0.005286,0.490663
sample,212,drone,5.297867,7.096267,-0.519803,1.545678,2.096243,1.119896,0.013412,-0.871824,-0.465763,-0.005578,0.490663
sample,213,drone,5.322857,7.148379,-0.491962,1.546011,2.073890,1.107954,0.013269,-0.916741,-0.489760,-0.005866,0.490663
sample,214,drone,5.347847,7.199919,-0.464427,1.546341,2.050425,1.095418,0.013119,-0.960836,-0.513317,-0.006148,0.490663
sample,215,drone,5.372837,7.250859,-0.437213,1.546667,2.025868,1.082299,0.012962,-1.004065,-0.536411,-0.006424,0.490663
sample,216,drone,5.397827,7.301172,-0.410334,1.546989,2.000242,1.068608,0.012798,-1.046383,-0.559019,-0.006695,0.490663
sample,217,drone,5.422817,7.350831,-0.383804,1.547306,1.973570,1.054359,0.012627,-1.087746,-0.581117,-0.006960,0.490663
sample,218,drone,5.447806,7.399811,-0.357637,1.547620,1.945876,1.039564,0.012450,-1.128108,-0.602680,-0.007218,0.490663
sample,219,drone,5.472796,7.448086,-0.331847,1.547929,1.917187,1.024237,0.012267,-1.167427,-0.623686,-0.007469,0.490663
sample,220,drone,5.497786,7.495632,-0.306446,1.548233,1.887529,1.008393,0.012077,-1.205657,-0.644110,-0.007714,0.490663
sample,221,drone,5.522776,7.542424,-0.281448,1.548532,1.856928,0.992045,0.011881,-1.242754,-0.663928,-0.007951,0.490663
sample,222,drone,5.547766,7.588441,-0.256864,1.548827,1.825416,0.975209,0.011679,-1.278673,-0.683118,-0.008181,0.490663
sample,223,drone,5.572756,7.633658,-0.232707,1.549116,1.793021,0.957903,0.011472,-1.313370,-0.701655,-0.008403,0.490663
sample,224,drone,5.597746,7.678056,-0.208988,1.549400,1.759774,0.940141,0.011259,-1.346801,-0.719515,-0.008617,0.490663
sample,225,drone,5.622736,7.721612,-0.185719,1.549679,1.725708,0.921941,0.011041,-1.378921,-0.736674,-0.008823,0.490663
sample,226,drone,5.647726,7.764306,-0.162910,1.549952,1.690855,0.903322,0.010818,-1.409686,-0.753110,-0.009019,0.490663
sample,227,drone,5.672716,7.806120,-0.140571,1.550219,1.655252,0.884301,0.010591,-1.439050,-0.768798,-0.009207,0.490663
sample,228,drone,5.697706,7.847036,-0.118712,1.550481,1.618932,0.864898,0.010358,-1.466971,-0.783714,-0.009386,0.490663
sample,229,drone,5.722696,7.887034,-0.097343,1.550737,1.581933,0.845131,0.010122,-1.493403,-0.797835,-0.009555,0.490663
sample,230,drone,5.747686,7.926100,-0.076473,1.550987,1.544292,0.825022,0.009881,-1.518301,-0.811137,-0.009714,0.490663
sample,231,drone,5.772676,7.964218,-0.056109,1.551231,1.506048,0.804591,0.009636,-1.541622,-0.823596,-0.009864,0.490663
sample,232,drone,5.797666,8.001372,-0.036259,1.551469,1.467242,0.783859,0.009388,-1.563321,-0.835188,-0.010002,0.490663
sample,233,drone,5.822656,8.037550,-0.016932,1.551700,1.427914,0.762848,0.009136,-1.583353,-0.845890,-0.010131,0.490663
sample,234,drone,5.847645,8.072739,0.001868,1.551925,1.388106,0.741581,0.008881,-1.601674,-0.855678,-0.010248,0.490663
sample,235,drone,5.872635,8.106928,0.020132,1.552144,1.347862,0.720081,0.008624,-1.618240,-0.864528,-0.010354,0.490663
sample,236,drone,5.897625,8.140105,0.037857,1.552356,1.307226,0.698372,0.008364,-1.633006,-0.872417,-0.010448,0.490663
sample,237,drone,5.922615,8.172263,0.055037,1.552562,1.266245,0.676478,0.008102,-1.645928,-0.879320,-0.010531,0.490663
sample,238,drone,5.947605,8.203392,0.071668,1.552761,1.224963,0.654424,0.007838,-1.656961,-0.885214,-0.010602,0.490663
sample,239,drone,5.972595,8.233486,0.087745,1.552954,1.183430,0.632235,0.007572,-1.666060,-0.890075,-0.010660,0.490663
sample,240,drone,5.997585,8.262540,0.103267,1.553140,1.141694,0.609938,0.007305,-1.673182,-0.893880,-0.010705,0.490663
sample,241,drone,6.022575,8.290548,0.118230,1.553319,1.099804,0.587559,0.007037,-1.678282,-0.896605,-0.010738,0.490663
sample,242,drone,6.047565,8.317508,0.132633,1.553491,1.057813,0.565126,0.006768,-1.681315,-0.898225,-0.010757,0.490663
sample,243,drone,6.072555,8.343417,0.146475,1.553657,1.015773,0.542666,0.006499,-1.682237,-0.898718,-0.010763,0.490663
sample,244,drone,6.097545,8.368276,0.159755,1.553816,0.973735,0.520208,0.006230,-1.681004,-0.898059,-0.010755,0.490663
sample,245,drone,6.122535,8.392085,0.172475,1.553969,0.931756,0.497781,0.005962,-1.677570,-0.896225,-0.010733,0.490663
sample,246,drone,6.147525,8.414845,0.184634,1.554114,0.889891,0.475415,0.005694,-1.671892,-0.893191,-0.010697,0.490663
sample,247,drone,6.172515,8.436561,0.196236,1.554253,0.848195,0.453140,0.005427,-1.663926,-0.888935,-0.010646,0.490663
sample,248,drone,6.197505,8.457238,0.207282,1.554385,0.806728,0.430986,0.005162,-1.653626,-0.883432,-0.010580,0.490663
sample,249,drone,6.222495,8.476881,0.217776,1.554511,0.765547,0.408986,0.004898,-1.640948,-0.876659,-0.010499,0.490663
sample,250,drone,6.247484,8.495500,0.227723,1.554630,0.724713,0.387171,0.004637,-1.625848,-0.868592,-0.010403,0.490663
sample,251,drone,6.272474,8.513102,0.237127,1.554743,0.684288,0.365574,0.004378,-1.608281,-0.859208,-0.010290,0.490663
sample,252,drone,6.297464,8.529700,0.245994,1.554849,0.644332,0.344228,0.004123,-1.588203,-0.848481,-0.010162,0.490663
sample,253,drone,6.322454,8.545306,0.254332,1.554949,0.604909,0.323167,0.003870,-1.565570,-0.836390,-0.010017,0.490663
sample,254,drone,6.347444,8.559934,0.262146,1.555043,0.566085,0.302425,0.003622,-1.540337,-0.822909,-0.009855,0.490663
sample,255,drone,6.372434,8.573599,0.269447,1.555130,0.527924,0.282038,0.003378,-1.512459,-0.808015,-0.009677,0.490663
sample,256,drone,6.397424,8.586319,0.276242,1.555211,0.490492,0.262040,0.003138,-1.481892,-0.791685,-0.009481,0.490663
sample,257,drone,6.422414,8.598114,0.282543,1.555287,0.453859,0.242469,0.002904,-1.448592,-0.773895,-0.009268,0.490663
sample,258,drone,6.447404,8.609003,0.288361,1.555357,0.418092,0.223361,0.002675,-1.412513,-0.754621,-0.009038,0.490663
sample,259,drone,6.472394,8.619010,0.293707,1.555421,0.383261,0.204753,0.002452,-1.373613,-0.733839,-0.008789,0.490663
sample,260,drone,6.497384,8.628158,0.298595,1.555479,0.349439,0.186684,0.002236,-1.331846,-0.711525,-0.008521,0.490663
sample,261,drone,6.522374,8.636475,0.303037,1.555532,0.316696,0.169192,0.002026,-1.287168,-0.687656,-0.008236,0.490663
sample,262,drone,6.547364,8.643987,0.307051,1.555580,0.285106,0.152315,0.001824,-1.239534,-0.662208,-0.007931,0.490663
sample,263,drone,6.572354,8.650724,0.310650,1.555623,0.254744,0.136094,0.001630,-1.188899,-0.635157,-0.007607,0.490663
sample,264,drone,6.597344,8.656719,0.313853,1.555662,0.225685,0.120570,0.001444,-1.135221,-0.606480,-0.007263,0.490663
sample,265,drone,6.622334,8.662004,0.316676,1.555696,0.198006,0.105783,0.001267,-1.078453,-0.576152,-0.006900,0.490663
sample,266,drone,6.647324,8.666615,0.319140,1.555725,0.171784,0.091774,0.001099,-1.018552,-0.544151,-0.006517,0.490663
sample,267,drone,6.672313,8.670590,0.321263,1.555751,0.147099,0.078586,0.000941,-0.955473,-0.510451,-0.006113,0.490663
sample,268,drone,6.697303,8.673967,0.323067,1.555772,0.124030,0.066262,0.000794,-0.889171,-0.475031,-0.005689,0.490663
sample,269,drone,6.722293,8.676789,0.324575,1.555790,0.102658,0.054844,0.000657,-0.819603,-0.437864,-0.005244,0.490663
sample,270,drone,6.747283,8.679098,0.325809,1.555805,0.083066,0.044377,0.000531,-0.746724,-0.398929,-0.004778,0.490663
sample,271,drone,6.772273,8.680940,0.326793,1.555817,0.065337,0.034906,0.000418,-0.670488,-0.358201,-0.004290,0.490663
sample,272,drone,6.797263,8.682364,0.327553,1.555826,0.049555,0.026474,0.000317,-0.590853,-0.315657,-0.003780,0.490663
sample,273,drone,6.822253,8.683417,0.328116,1.555833,0.035806,0.019129,0.000229,-0.507773,-0.271272,-0.003249,0.490663
sample,274,drone,6.847243,8.684153,0.328509,1.555837,0.024177,0.012916,0.000155,-0.421204,-0.225024,-0.002695,0.490663
sample,275,drone,6.872233,8.684626,0.328762,1.555840,0.014755,0.007883,0.000094,-0.331101,-0.176887,-0.002118,0.490663
sample,276,drone,6.897223,8.684891,0.328903,1.555842,0.007629,0.004075,0.000049,-0.237420,-0.126839,-0.001519,0.490663
sample,277,drone,6.922213,8.685007,0.328965,1.555843,0.002888,0.001543,0.000018,-0.142629,-0.076835,-0.001315,0.490663
sample,278,drone,6.947203,8.685035,0.328980,1.555843,0.000500,0.000235,-0.000017,-0.085157,-0.057057,-0.007846,0.439845
sample,279,drone,6.972193,8.685032,0.328977,1.555842,-0.001368,-0.001309,-0.000374,-0.124699,-0.113998,-0.030714,-2.378266
sample,280,drone,6.997183,8.684967,0.328915,1.555824,-0.005733,-0.005462,-0.001552,-0.248683,-0.236855,-0.067259,-2.380322
sample,281,drone,7.022173,8.684745,0.328704,1.555764,-0.013797,-0.013147,-0.003735,-0.393503,-0.374958,-0.106535,-2.380323
sample,282,drone,7.047163,8.684277,0.328258,1.555638,-0.025400,-0.024203,-0.006877,-0.531293,-0.506254,-0.143839,-2.380323
sample,283,drone,7.072152,8.683476,0.327494,1.555421,-0.040351,-0.038449,-0.010924,-0.661527,-0.630350,-0.179098,-2.380323
sample,284,drone,7.097142,8.682260,0.326336,1.555092,-0.058463,-0.055708,-0.015828,-0.784336,-0.747372,-0.212347,-2.380323
sample,285,drone,7.122132,8.680554,0.324710,1.554630,-0.079552,-0.075803,-0.021537,-0.899855,-0.857446,-0.243621,-2.380323
sample,286,drone,7.147122,8.678284,0.322548,1.554015,-0.103437,-0.098563,-0.028004,-1.008215,-0.960699,-0.272958,-2.380323
sample,287,drone,7.172112,8.675384,0.319784,1.553230,-0.129942,-0.123818,-0.035180,-1.109549,-1.057258,-0.300393,-2.380323
sample,288,drone,7.197102,8.671790,0.316359,1.552257,-0.158893,-0.151404,-0.043018,-1.203990,-1.147249,-0.325961,-2.380323
sample,289,drone,7.222092,8.667443,0.312217,1.551080,-0.190118,-0.181158,-0.051471,-1.291672,-1.230798,-0.349700,-2.380323
sample,290,drone,7.247082,8.662288,0.307305,1.549684,-0.223450,-0.212919,-0.060496,-1.372727,-1.308032,-0.371644,-2.380323
sample,291,drone,7.272072,8.656275,0.301575,1.548056,-0.258726,-0.246533,-0.070046,-1.447287,-1.379079,-0.391830,-2.380323
sample,292,drone,7.297062,8.649357,0.294983,1.546183,-0.295785,-0.281846,-0.080079,-1.515485,-1.444063,-0.410294,-2.380323
sample,293,drone,7.322052,8.641491,0.287488,1.544054,-0.334470,-0.318707,-0.090552,-1.577455,-1.503113,-0.427071,-2.380323
sample,294,drone,7.347042,8.632640,0.279054,1.541658,-0.374626,-0.356971,-0.101424,-1.633329,-1.556353,-0.442198,-2.380323
sample,295,drone,7.372032,8.622768,0.269647,1.538985,-0.416104,-0.396493,-0.112653,-1.683240,-1.603912,-0.455711,-2.380323
sample,296,drone,7.397022,8.611843,0.259238,1.536027,-0.458754,-0.437134,-0.124201,-1.727320,-1.645915,-0.467645,-2.380323
sample,297,drone,7.422012,8.599839,0.247799,1.532777,-0.502435,-0.478756,-0.136026,-1.765704,-1.682489,-0.478036,-2.380323
sample,298,drone,7.447002,8.586732,0.235309,1.529229,-0.547004,-0.521225,-0.148093,-1.798522,-1.713761,-0.486921,-2.380323
sample,299,drone,7.471991,8.572500,0.221748,1.525376,-0.592325,-0.564410,-0.160363,-1.825908,-1.739857,-0.494336,-2.380323
sample,300,drone,7.496981,8.557127,0.207100,1.521214,-0.638263,-0.608183,-0.172800,-1.847996,-1.760903,-0.500316,-2.380323
sample,301,drone,7.521971,8.540600,0.191352,1.516739,-0.684687,-0.652419,-0.185368,-1.864917,-1.777027,-0.504897,-2.380323
sample,302,drone,7.546961,8.522907,0.174492,1.511949,-0.731471,-0.696998,-0.198034,-1.876805,-1.788354,-0.508115,-2.380323
sample,303,drone,7.571951,8.504041,0.156516,1.506841,-0.778490,-0.741801,-0.210764,-1.883792,-1.795012,-0.510007,-2.380323
sample,304,drone,7.596941,8.483998,0.137417,1.501415,-0.825623,-0.786713,-0.223524,-1.886011,-1.797127,-0.510608,-2.380323
sample,305,drone,7.621931,8.462776,0.117196,1.495670,-0.872752,-0.831621,-0.236284,-1.883596,-1.794825,-0.509954,-2.380323
sample,306,drone,7.646921,8.440378,0.095853,1.489606,-0.919765,-0.876418,-0.249012,-1.876678,-1.788233,-0.508081,-2.380323
sample,307,drone,7.671911,8.416807,0.073393,1.483224,-0.966549,-0.920997,-0.261678,-1.865390,-1.777478,-0.505025,-2.380323
sample,308,drone,7.696901,8.392070,0.049822,1.476527,-1.012997,-0.965256,-0.274253,-1.849866,-1.762686,-0.500822,-2.380323
sample,309,drone,7.721891,8.366177,0.025149,1.469517,-1.059005,-1.009096,-0.286709,-1.830239,-1.743983,-0.495508,-2.380323
sample,310,drone,7.746881,8.339141,-0.000613,1.462197,-1.104472,-1.052420,-0.299018,-1.806640,-1.721496,-0.489119,-2.380323
sample,311,drone,7.771871,8.310976,-0.027451,1.454572,-1.149300,-1.095136,-0.311155,-1.779203,-1.695353,-0.481691,-2.380323
sample,312,drone,7.796861,8.281699,-0.055348,1.446646,-1.193396,-1.137154,-0.323093,-1.748061,-1.665678,-0.473260,-2.380323
sample,313,drone,7.821851,8.251330,-0.084285,1.438424,-1.236668,-1.178386,-0.334808,-1.713346,-1.632600,-0.463861,-2.380323
sample,314,drone,7.846841,8.219890,-0.114243,1.429912,-1.279029,-1.218751,-0.346277,-1.675192,-1.596243,-0.453532,-2.380323
sample,315,drone,7.871830,8.187404,-0.145198,1.421117,-1.320394,-1.258166,-0.357476,-1.633731,-1.556736,-0.442307,-2.380323
sample,316,drone,7.896820,8.153897,-0.177126,1.412046,-1.360683,-1.296556,-0.368383,-1.589095,-1.514204,-0.430222,-2.380323
sample,317,drone,7.921810,8.119397,-0.210000,1.402705,-1.399817,-1.333846,-0.378978,-1.541418,-1.468774,-0.417315,-2.380323
sample,318,drone,7.946800,8.083935,-0.243792,1.393104,-1.437723,-1.369965,-0.389241,-1.490833,-1.420573,-0.403619,-2.380323
sample,319,drone,7.971790,8.047540,-0.278471,1.383251,-1.474329,-1.404846,-0.399151,-1.437472,-1.369727,-0.389173,-2.380323
sample,320,drone,7.996780,8.010248,-0.314006,1.373155,-1.509567,-1.438424,-0.408691,-1.381468,-1.316362,-0.374011,-2.380323
sample,321,drone,8.021770,7.972092,-0.350363,1.362825,-1.543374,-1.470638,-0.417844,-1.322954,-1.260606,-0.358169,-2.380323
sample,322,drone,8.046760,7.933110,-0.387508,1.352271,-1.575688,-1.501429,-0.426593,-1.262063,-1.202585,-0.341684,-2.380323
sample,323,drone,8.071750,7.893340,-0.425404,1.341504,-1.606452,-1.530743,-0.434921,-1.198928,-1.142424,-0.324591,-2.380323
sample,324,drone,8.096740,7.852820,-0.464014,1.330534,-1.635611,-1.558527,-0.442816,-1.133680,-1.080252,-0.306926,-2.380323
sample,325,drone,8.121730,7.811592,-0.503299,1.319372,-1.663113,-1.584734,-0.450262,-1.066454,-1.016194,-0.288726,-2.380323
sample,326,drone,8.146720,7.769698,-0.543219,1.308030,-1.688912,-1.609316,-0.457246,-0.997382,-0.950377,-0.270025,-2.380323
sample,327,drone,8.171710,7.727180,-0.583733,1.296519,-1.712962,-1.632233,-0.463757,-0.926597,-0.882928,-0.250861,-2.380323
sample,328,drone,8.196700,7.684084,-0.624798,1.284851,-1.735223,-1.653445,-0.469784,-0.854231,-0.813973,-0.231270,-2.380323
sample,329,drone,8.221690,7.640454,-0.666372,1.273039,-1.755657,-1.672916,-0.475316,-0.780418,-0.743638,-0.211286,-2.380323
sample,330,drone,8.246680,7.596337,-0.708410,1.261095,-1.774228,-1.690612,-0.480344,-0.705290,-0.672051,-0.190946,-2.380323
sample,331,drone,8.271669,7.551778,-0.750868,1.249032,-1.790907,-1.706505,-0.484860,-0.628980,-0.599337,-0.170286,-2.380323
sample,332,drone,8.296659,7.506827,-0.793701,1.236862,-1.805665,-1.720567,-0.488855,-0.551620,-0.525624,-0.149343,-2.380323
sample,333,drone,8.321649,7.461532,-0.836862,1.224599,-1.818477,-1.732775,-0.492324,-0.473345,-0.451037,-0.128151,-2.380323
sample,334,drone,8.346639,7.415940,-0.880305,1.212255,-1.829322,-1.743110,-0.495260,-0.394286,-0.375704,-0.106747,-2.380323
sample,335,drone,8.371629,7.370102,-0.923982,1.199846,-1.838183,-1.751553,-0.497659,-0.314576,-0.299750,-0.085166,-2.380323
sample,336,drone,8.396619,7.324068,-0.967847,1.187382,-1.845045,-1.758091,-0.499517,-0.234348,-0.223304,-0.063446,-2.380323
sample,337,drone,8.421609,7.277887,-1.011852,1.174880,-1.849896,-1.762714,-0.500830,-0.153735,-0.146490,-0.041621,-2.380323
sample,338,drone,8.446599,7.231610,-1.055947,1.162351,-1.852728,-1.765413,-0.501597,-0.072870,-0.069436,-0.019728,-2.380323
sample,339,drone,8.471589,7.185288,-1.100087,1.149810,-1.853538,-1.766184,-0.501816,0.008115,0.007733,0.002197,-2.380323
sample,340,drone,8.496579,7.138971,-1.144221,1.137270,-1.852323,-1.765026,-0.501487,0.089086,0.084888,0.024119,-2.380323
sample,341,drone,8.521569,7.092709,-1.188302,1.124746,-1.849085,-1.761941,-0.500611,0.169912,0.161904,0.046001,-2.380323
sample,342,drone,8.546559,7.046554,-1.232283,1.112250,-1.843831,-1.756934,-0.499188,0.250458,0.238655,0.067808,-2.380323
sample,343,drone,8.571549,7.000555,-1.276114,1.099796,-1.836567,-1.750013,-0.497222,0.330593,0.315013,0.089503,-2.380323
sample,344,drone,8.596539,6.954762,-1.319748,1.087399,-1.827308,-1.741190,-0.494715,0.410183,0.390852,0.111051,-2.380323
sample,345,drone,8.621529,6.909226,-1.363138,1.075071,-1.816066,-1.730479,-0.491671,0.489096,0.466046,0.132415,-2.380323
sample,346,drone,8.646519,6.863996,-1.406237,1.062825,-1.802863,-1.717897,-0.488097,0.567199,0.540467,0.153560,-2.380323
sample,347,drone,8.671508,6.819119,-1.448999,1.050676,-1.787718,-1.703466,-0.483996,0.644358,0.613991,0.174450,-2.380323
sample,348,drone,8.696498,6.774646,-1.491376,1.038635,-1.770658,-1.687210,-0.479378,0.720442,0.686489,0.195048,-2.380323
sample,349,drone,8.721488,6.730622,-1.533325,1.026716,-1.751710,-1.669155,-0.474248,0.795317,0.757836,0.215320,-2.380323
sample,350,drone,8.746478,6.687095,-1.574800,1.014932,-1.730908,-1.649333,-0.468616,0.868851,0.827904,0.235228,-2.380323
sample,351,drone,8.771468,6.644111,-1.615759,1.003295,-1.708285,-1.627777,-0.462491,0.940911,0.896568,0.254737,-2.380323
sample,352,drone,8.796458,6.601715,-1.656157,0.991817,-1.683881,-1.604523,-0.455884,1.011364,0.963700,0.273811,-2.380323
sample,353,drone,8.821448,6.559951,-1.695952,0.980510,-1.657737,-1.579611,-0.448806,1.080077,1.029174,0.292414,-2.380323
sample,354,drone,8.846438,6.518862,-1.735105,0.969386,-1.629899,-1.553085,-0.441269,1.146917,1.092865,0.310510,-2.380323
sample,355,drone,8.871428,6.478489,-1.773575,0.958455,-1.600415,-1.524990,-0.433287,1.211752,1.154644,0.328063,-2.380323
sample,356,drone,8.896418,6.438873,-1.811324,0.947730,-1.569336,-1.495376,-0.424873,1.274448,1.214386,0.345037,-2.380323
sample,357,drone,8.921408,6.400054,-1.848314,0.937220,-1.536718,-1.464295,-0.416042,1.334874,1.271963,0.361396,-2.380323
sample,358,drone,8.946398,6.362068,-1.884509,0.926936,-1.502619,-1.431803,-0.406810,1.392895,1.327251,0.377104,-2.380323
sample,359,drone,8.971388,6.324953,-1.919875,0.916888,-1.467101,-1.397959,-0.397194,1.448380,1.380121,0.392126,-2.380323
sample,360,drone,8.996378,6.288743,-1.954379,0.907085,-1.430229,-1.362825,-0.387212,1.501195,1.430447,0.406425,-2.380323
sample,361,drone,9.021368,6.253471,-1.987989,0.897535,-1.392072,-1.326466,-0.376881,1.551209,1.478103,0.419965,-2.380323
sample,362,drone,9.046358,6.219167,-2.020676,0.888248,-1.352700,-1.288950,-0.366222,1.598287,1.522962,0.432711,-2.380323
sample,363,drone,9.071347,6.185863,-2.052411,0.879231,-1.312189,-1.250348,-0.355255,1.642297,1.564898,0.444626,-2.380323
sample,364,drone,9.096337,6.153584,-2.083168,0.870493,-1.270618,-1.210736,-0.344000,1.683106,1.603784,0.455674,-2.380323
sample,365,drone,9.121327,6.122357,-2.112923,0.862038,-1.228068,-1.170191,-0.332480,1.720582,1.639494,0.465820,-2.380323
sample,366,drone,9.146317,6.092206,-2.141654,0.853875,-1.184624,-1.128795,-0.320718,1.754592,1.671901,0.475028,-2.380323
sample,367,drone,9.171307,6.063150,-2.169340,0.846009,-1.140374,-1.086630,-0.308738,1.785002,1.700878,0.483261,-2.380323
sample,368,drone,9.196297,6.035210,-2.195964,0.838445,-1.095410,-1.043785,-0.296565,1.811680,1.726299,0.490484,-2.380323
sample,369,drone,9.221287,6.008402,-2.221509,0.831187,-1.049826,-1.000350,-0.284224,1.834494,1.748038,0.496660,-2.380323
sample,370,drone,9.246277,5.982740,-2.245961,0.824239,-1.003722,-0.956418,-0.271742,1.853310,1.765967,0.501754,-2.380323
sample,371,drone,9.271267,5.958236,-2.269310,0.817605,-0.957198,-0.912087,-0.259146,1.867996,1.779960,0.505730,-2.380323
sample,372,drone,9.296257,5.934899,-2.291547,0.811287,-0.910360,-0.867456,-0.246465,1.878418,1.789892,0.508552,-2.380323
sample,373,drone,9.321247,5.912736,-2.312666,0.805287,-0.863315,-0.822628,-0.233729,1.884445,1.795634,0.510184,-2.380323
sample,374,drone,9.346237,5.891751,-2.332662,0.799605,-0.816175,-0.777711,-0.220967,1.885942,1.797061,0.510589,-2.380323
sample,375,drone,9.371227,5.871944,-2.351535,0.794243,-0.769056,-0.732812,-0.208210,1.882778,1.794046,0.509732,-2.380323
sample,376,drone,9.396217,5.853313,-2.369288,0.789199,-0.722074,-0.688044,-0.195490,1.874820,1.786463,0.507578,-2.380323
sample,377,drone,9.421207,5.835855,-2.385924,0.784472,-0.675353,-0.643524,-0.182841,1.861934,1.774185,0.504089,-2.380323
sample,378,drone,9.446197,5.819559,-2.401451,0.780061,-0.629015,-0.599371,-0.170296,1.843988,1.757085,0.499231,-2.380323
sample,379,drone,9.471186,5.804416,-2.415880,0.775961,-0.583190,-0.555706,-0.157890,1.820850,1.735036,0.492966,-2.380323
sample,380,drone,9.496176,5.790411,-2.429225,0.772169,-0.538009,-0.512654,-0.145657,1.792386,1.707914,0.485260,-2.380323
sample,381,drone,9.521166,5.777527,-2.441503,0.768681,-0.493607,-0.470344,-0.133636,1.758463,1.675590,0.476076,-2.380323
sample,382,drone,9.546156,5.765741,-2.452733,0.765490,-0.450122,-0.428908,-0.121863,1.718949,1.637938,0.465378,-2.380323
sample,383,drone,9.571146,5.755030,-2.462939,0.762590,-0.407694,-0.388480,-0.110377,1.673711,1.594832,0.453131,-2.380323
sample,384,drone,9.596136,5.745365,-2.472149,0.759974,-0.366470,-0.349199,-0.099216,1.622616,1.546145,0.439298,-2.380323
sample,385,drone,9.621126,5.736714,-2.480392,0.757631,-0.326596,-0.311204,-0.088421,1.565531,1.491750,0.423843,-2.380323
sample,386,drone,9.646116,5.729041,-2.487703,0.755554,-0.288225,-0.274641,-0.078032,1.502324,1.431522,0.406730,-2.380323
sample,387,drone,9.671106,5.722308,-2.494119,0.753731,-0.251510,-0.239657,-0.068092,1.432861,1.365333,0.387924,-2.380323
sample,388,drone,9.696096,5.716471,-2.499681,0.752151,-0.216610,-0.206402,-0.058644,1.357010,1.293057,0.367389,-2.380323
sample,389,drone,9.721086,5.711482,-2.504435,0.750800,-0.183687,-0.175030,-0.049730,1.274639,1.214567,0.345088,-2.380323
sample,390,drone,9.746076,5.707290,-2.508429,0.749666,-0.152904,-0.145698,-0.041396,1.185613,1.129737,0.320986,-2.380323
sample,391,drone,9.771066,5.703840,-2.511717,0.748731,-0.124430,-0.118566,-0.033687,1.089801,1.038441,0.295046,-2.380323
sample,392,drone,9.796056,5.701071,-2.514355,0.747982,-0.098436,-0.093797,-0.026650,0.987070,0.940551,0.267233,-2.380323
sample,393,drone,9.821046,5.698920,-2.516405,0.747399,-0.075096,-0.071557,-0.020331,0.877286,0.835941,0.237511,-2.380323
sample,394,drone,9.846036,5.697318,-2.517931,0.746966,-0.054589,-0.052017,-0.014779,0.760317,0.724485,0.205844,-2.380323
sample,395,drone,9.871026,5.696192,-2.519005,0.746661,-0.037096,-0.035348,-0.010043,0.636031,0.606056,0.172195,-2.380323
sample,396,drone,9.896015,5.695464,-2.519698,0.746464,-0.022801,-0.021726,-0.006173,0.504294,0.480528,0.136530,-2.380323
sample,397,drone,9.921005,5.695052,-2.520090,0.746352,-0.011891,-0.011331,-0.003219,0.364974,0.347773,0.098811,-2.380323
sample,398,drone,9.945995,5.694870,-2.520264,0.746303,-0.004559,-0.004344,-0.001234,0.219768,0.209541,0.059563,-2.380322
sample,399,drone,9.970985,5.694824,-2.520308,0.746291,-0.000907,-0.000858,-0.000242,0.099122,0.096970,0.028089,-2.384086
sample,400,drone,9.995975,5.694824,-2.520307,0.746291,0.000395,0.000502,0.000170,0.053578,0.061600,0.019750,0.904506
sample,401,drone,10.020965,5.694844,-2.520282,0.746299,0.001770,0.002221,0.000745,0.078487,0.098305,0.032943,0.897721
sample,402,drone,10.045955,5.694913,-2.520196,0.746328,0.004318,0.005415,0.001816,0.125229,0.157072,0.052673,0.897721
sample,403,drone,10.070945,5.695060,-2.520012,0.746390,0.008029,0.010071,0.003377,0.171101,0.214609,0.071967,0.897721
sample,404,drone,10.095935,5.695314,-2.519693,0.746497,0.012869,0.016142,0.005413,0.215512,0.270312,0.090646,0.897721
sample,405,drone,10.120925,5.695703,-2.519205,0.746660,0.018801,0.023581,0.007908,0.258476,0.324200,0.108717,0.897721
sample,406,drone,10.145915,5.696254,-2.518514,0.746892,0.025788,0.032345,0.010847,0.300008,0.376293,0.126186,0.897721
sample,407,drone,10.170905,5.696992,-2.517588,0.747202,0.033795,0.042388,0.014215,0.340124,0.426610,0.143060,0.897721
sample,408,drone,10.195895,5.697943,-2.516396,0.747602,0.042787,0.053667,0.017997,0.378840,0.475170,0.159344,0.897721
sample,409,drone,10.220885,5.699130,-2.514906,0.748102,0.052729,0.066137,0.022178,0.416169,0.521991,0.175045,0.897721
sample,410,drone,10.245875,5.700578,-2.513090,0.748711,0.063587,0.079756,0.026745,0.452128,0.567094,0.190169,0.897721
sample,411,drone,10.270865,5.702308,-2.510920,0.749439,0.075327,0.094481,0.031683,0.486731,0.610496,0.204724,0.897721
sample,412,drone,10.295854,5.704343,-2.508368,0.750294,0.087914,0.110269,0.036977,0.519994,0.652217,0.218715,0.897721
sample,413,drone,10.320844,5.706702,-2.505409,0.751287,0.101316,0.127078,0.042614,0.551932,0.692276,0.232148,0.897721
sample,414,drone,10.345834,5.709407,-2.502017,0.752424,0.115500,0.144868,0.048580,0.582560,0.730693,0.245031,0.897721
sample,415,drone,10.370824,5.712475,-2.498168,0.753715,0.130432,0.163598,0.054861,0.611894,0.767485,0.257369,0.897721
sample,416,drone,10.395814,5.715926,-2.493840,0.755166,0.146082,0.183227,0.061443,0.639948,0.802672,0.269168,0.897721
sample,417,drone,10.420804,5.719776,-2.489011,0.756786,0.162417,0.203716,0.068314,0.666737,0.836273,0.280436,0.897721
sample,418,drone,10.445794,5.724043,-2.483659,0.758581,0.179405,0.225024,0.075460,0.692277,0.868308,0.291179,0.897721
sample,419,drone,10.470784,5.728743,-2.477764,0.760557,0.197017,0.247114,0.082867,0.716584,0.898795,0.301402,0.897721
sample,420,drone,10.495774,5.733890,-2.471308,0.762722,0.215220,0.269946,0.090524,0.739671,0.927753,0.311113,0.897721
sample,421,drone,10.520764,5.739500,-2.464272,0.765082,0.233985,0.293483,0.098417,0.761555,0.955201,0.320317,0.897721
sample,422,drone,10.545754,5.745585,-2.456640,0.767641,0.253283,0.317687,0.106533,0.782250,0.981159,0.329022,0.897721
sample,423,drone,10.570744,5.752159,-2.448394,0.770406,0.273082,0.342521,0.114861,0.801772,1.005645,0.337233,0.897721
sample,424,drone,10.595734,5.759233,-2.439520,0.773382,0.293355,0.367949,0.123388,0.820136,1.028679,0.344957,0.897721
sample,425,drone,10.620724,5.766820,-2.430004,0.776573,0.314072,0.393934,0.132102,0.837357,1.050279,0.352201,0.897721
sample,426,drone,10.645714,5.774931,-2.419832,0.779984,0.335206,0.420441,0.140991,0.853451,1.070464,0.358970,0.897721
sample,427,drone,10.670704,5.783574,-2.408991,0.783620,0.356728,0.447436,0.150043,0.868431,1.089254,0.365271,0.897721
sample,428,drone,10.695693,5.792760,-2.397469,0.787483,0.378610,0.474882,0.159247,0.882315,1.106668,0.371110,0.897721
sample,429,drone,10.720683,5.802497,-2.385256,0.791579,0.400826,0.502747,0.168591,0.895116,1.122724,0.376495,0.897721
sample,430,drone,10.745673,5.812793,-2.372342,0.795910,0.423348,0.530996,0.178064,0.906850,1.137442,0.381430,0.897721
sample,431,drone,10.770663,5.823656,-2.358717,0.800478,0.446150,0.559596,0.187655,0.917532,1.150840,0.385923,0.897721
sample,432,drone,10.795653,5.835092,-2.344373,0.805289,0.469206,0.588515,0.197353,0.927178,1.162939,0.389980,0.897721
sample,433,drone,10.820643,5.847107,-2.329303,0.810342,0.492490,0.617719,0.207146,0.935802,1.173756,0.393608,0.897721
sample,434,drone,10.845633,5.859706,-2.313500,0.815642,0.515977,0.647179,0.217025,0.943420,1.183311,0.396812,0.897721
sample,435,drone,10.870623,5.872895,-2.296957,0.821189,0.539642,0.676861,0.226979,0.950047,1.191622,0.399599,0.897721
sample,436,drone,10.895613,5.886677,-2.279670,0.826986,0.563461,0.706736,0.236997,0.955698,1.198710,0.401976,0.897721
sample,437,drone,10.920603,5.901057,-2.261634,0.833034,0.587408,0.736773,0.247070,0.960388,1.204593,0.403948,0.897721
sample,438,drone,10.945593,5.916036,-2.242846,0.839335,0.611461,0.766941,0.257186,0.964132,1.209289,0.405523,0.897721
sample,439,drone,10.970583,5.931617,-2.223303,0.845888,0.635595,0.797213,0.267338,0.966946,1.212819,0.406707,0.897721
sample,440,drone,10.995573,5.947803,-2.203002,0.852696,0.659788,0.827558,0.277513,0.968845,1.215200,0.407506,0.897721
sample,441,drone,11.020563,5.964594,-2.181942,0.859758,0.684018,0.857948,0.287705,0.969844,1.216453,0.407926,0.897721
sample,442,drone,11.045553,5.981990,-2.160122,0.867075,0.708261,0.888356,0.297902,0.969958,1.216596,0.407974,0.897721
sample,443,drone,11.070543,5.999992,-2.137542,0.874647,0.732496,0.918754,0.308095,0.969202,1.215648,0.407656,0.897721
sample,444,drone,11.095532,6.018600,-2.114202,0.882474,0.756702,0.949114,0.318276,0.967592,1.213629,0.406979,0.897721
sample,445,drone,11.120522,6.037812,-2.090105,0.890555,0.780856,0.979411,0.328436,0.965142,1.210556,0.405948,0.897721
sample,446,drone,11.145512,6.057627,-2.065252,0.898889,0.804939,1.009617,0.338565,0.961869,1.206450,0.404571,0.897721
sample,447,drone,11.170502,6.078043,-2.039645,0.907476,0.828930,1.039709,0.348656,0.957786,1.201330,0.402854,0.897721
sample,448,drone,11.195492,6.099057,-2.013287,0.916315,0.852809,1.069660,0.358700,0.952910,1.195213,0.400803,0.897721
sample,449,drone,11.220482,6.120666,-1.986183,0.925404,0.876557,1.099445,0.368688,0.947255,1.188120,0.398425,0.897721
sample,450,drone,11.245472,6.142867,-1.958337,0.934742,0.900153,1.129042,0.378613,0.940836,1.180070,0.395725,0.897721
sample,451,drone,11.270462,6.165656,-1.929754,0.944327,0.923580,1.158425,0.388467,0.933670,1.171081,0.392711,0.897721
sample,452,drone,11.295452,6.189028,-1.900439,0.954158,0.946818,1.187572,0.398241,0.925770,1.161173,0.389388,0.897721
sample,453,drone,11.320442,6.212978,-1.870399,0.964231,0.969850,1.216460,0.407928,0.917153,1.150364,0.385763,0.897721
sample,454,drone,11.345432,6.237501,-1.839640,0.974546,0.992657,1.245067,0.417521,0.907832,1.138674,0.381843,0.897721
sample,455,drone,11.370422,6.262591,-1.808171,0.985099,1.015223,1.273371,0.427013,0.897825,1.126121,0.377634,0.897721
sample,456,drone,11.395412,6.288241,-1.775997,0.995888,1.037530,1.301351,0.436395,0.887145,1.112726,0.373142,0.897721
sample,457,drone,11.420402,6.314446,-1.743129,1.006910,1.059562,1.328985,0.445662,0.875807,1.098506,0.368373,0.897721
sample,458,drone,11.445392,6.341198,-1.709575,1.018162,1.081303,1.356254,0.454807,0.863828,1.083480,0.363335,0.897721
sample,459,drone,11.470382,6.368490,-1.675344,1.029641,1.102736,1.383137,0.463822,0.851222,1.067669,0.358032,0.897721
sample,460,drone,11.495371,6.396313,-1.640446,1.041344,1.123847,1.409616,0.472701,0.838005,1.051091,0.352473,0.897721
sample,461,drone,11.520361,6.424659,-1.604891,1.053266,1.144620,1.435671,0.481438,0.824191,1.033764,0.346663,0.897721
sample,462,drone,11.545351,6.453521,-1.568691,1.065406,1.165040,1.461283,0.490027,0.809796,1.015708,0.340608,0.897721
sample,463,drone,11.570341,6.482888,-1.531857,1.077758,1.185093,1.486436,0.498462,0.794834,0.996943,0.334315,0.897721
sample,464,drone,11.595331,6.512752,-1.494399,1.090319,1.204766,1.511110,0.506736,0.779322,0.977486,0.327790,0.897721
sample,465,drone,11.620321,6.543102,-1.456332,1.103085,1.224044,1.535290,0.514845,0.763274,0.957358,0.321041,0.897721
sample,466,drone,11.645311,6.573929,-1.417666,1.116051,1.242914,1.558959,0.522782,0.746706,0.936576,0.314072,0.897721
sample,467,drone,11.670301,6.605223,-1.378415,1.129213,1.261364,1.582100,0.530542,0.729632,0.915161,0.306890,0.897721
sample,468,drone,11.695291,6.636972,-1.338593,1.142567,1.279381,1.604699,0.538120,0.712068,0.893131,0.299503,0.897721
sample,469,drone,11.720281,6.669166,-1.298212,1.156108,1.296953,1.626739,0.545511,0.694029,0.870505,0.291915,0.897721
sample,470,drone,11.745271,6.701793,-1.257288,1.169832,1.314068,1.648206,0.552710,0.675531,0.847303,0.284135,0.897721
sample,471,drone,11.770261,6.734843,-1.215835,1.183733,1.330716,1.669087,0.559712,0.656587,0.823543,0.276167,0.897721
sample,472,drone,11.795251,6.768302,-1.173868,1.197806,1.346885,1.689367,0.566513,0.637215,0.799244,0.268019,0.897721
sample,473,drone,11.820241,6.802160,-1.131401,1.212047,1.362564,1.709033,0.573108,0.617428,0.774425,0.259696,0.897721
sample,474,drone,11.845231,6.836403,-1.088450,1.226450,1.377743,1.728073,0.579492,0.597241,0.749106,0.251206,0.897721
sample,475,drone,11.870221,6.871020,-1.045032,1.241010,1.392414,1.746473,0.585663,0.576671,0.723306,0.242554,0.897721
sample,476,drone,11.895210,6.905996,-1.001162,1.255721,1.406565,1.764223,0.591615,0.555733,0.697043,0.233747,0.897721
sample,477,drone,11.920200,6.941319,-0.956856,1.270579,1.420189,1.781311,0.597345,0.534441,0.670337,0.224791,0.897721
sample,478,drone,11.945190,6.976977,-0.912132,1.285577,1.433277,1.797727,0.602850,0.512810,0.643206,0.215693,0.897721
sample,479,drone,11.970180,7.012954,-0.867006,1.300709,1.445819,1.813459,0.608126,0.490856,0.615670,0.206459,0.897721
sample,480,drone,11.995170,7.049239,-0.821496,1.315971,1.457810,1.828498,0.613169,0.468594,0.587747,0.197095,0.897721
sample,481,drone,12.020160,7.085816,-0.775618,1.331355,1.469240,1.842834,0.617977,0.446040,0.559458,0.187609,0.897721
sample,482,drone,12.045150,7.122671,-0.729391,1.346857,1.480103,1.856459,0.622546,0.423208,0.530820,0.178005,0.897721
sample,483,drone,12.070140,7.159791,-0.682832,1.362470,1.490392,1.869365,0.626873,0.400113,0.501853,0.168291,0.897721
sample,484,drone,12.095130,7.197161,-0.635960,1.378188,1.500100,1.881542,0.630957,0.376771,0.472575,0.158474,0.897721
sample,485,drone,12.120120,7.234766,-0.588793,1.394005,1.509223,1.892984,0.634794,0.353197,0.443007,0.148558,0.897721
sample,486,drone,12.145110,7.272591,-0.541349,1.409915,1.517753,1.903683,0.638382,0.329406,0.413166,0.138551,0.897721
sample,487,drone,12.170100,7.310623,-0.493647,1.425911,1.525686,1.913634,0.641719,0.305413,0.383073,0.128460,0.897721
sample,488,drone,12.195090,7.348845,-0.445706,1.441988,1.533017,1.922829,0.644802,0.281234,0.352745,0.118290,0.897721
sample,489,drone,12.220080,7.387243,-0.397545,1.458138,1.539742,1.931264,0.647631,0.256883,0.322203,0.108048,0.897721
sample,490,drone,12.245070,7.425801,-0.349182,1.474356,1.545856,1.938933,0.650202,0.232377,0.291465,0.097740,0.897721
sample,491,drone,12.270060,7.464505,-0.300637,1.490636,1.551356,1.945831,0.652516,0.207729,0.260550,0.087373,0.897721
sample,492,drone,12.295049,7.503338,-0.251929,1.506969,1.556239,1.951955,0.654569,0.182955,0.229476,0.076953,0.897721
sample,493,drone,12.320039,7.542285,-0.203079,1.523351,1.560500,1.957301,0.656362,0.158071,0.198265,0.066486,0.897721
sample,494,drone,12.345029,7.581331,-0.154104,1.539774,1.564139,1.961864,0.657892,0.133091,0.166933,0.055979,0.897721
sample,495,drone,12.370019,7.620461,-0.105025,1.556232,1.567152,1.965644,0.659160,0.108031,0.135501,0.045439,0.897721
sample,496,drone,12.395009,7.659657,-0.055861,1.572719,1.569538,1.968637,0.660163,0.082906,0.103987,0.034871,0.897721
sample,497,drone,12.419999,7.698906,-0.006633,1.589227,1.571296,1.970841,0.660902,0.057731,0.072410,0.024282,0.897721
sample,498,drone,12.444989,7.738191,0.042641,1.605751,1.572424,1.972256,0.661377,0.032521,0.040790,0.013679,0.897721
sample,499,drone,12.469979,7.777496,0.091941,1.622283,1.572921,1.972880,0.661586,0.007292,0.009146,0.003067,0.897721
sample,500,drone,12.494969,7.816805,0.141246,1.638817,1.572788,1.972713,0.661530,-0.017942,-0.022505,-0.007547,0.897721
sample,501,drone,12.519959,7.856103,0.190537,1.655346,1.572025,1.971755,0.661209,-0.043165,-0.054141,-0.018156,0.897721
sample,502,drone,12.544949,7.895375,0.239794,1.671864,1.570631,1.970007,0.660623,-0.068362,-0.085745,-0.028754,0.897721
sample,503,drone,12.569939,7.934603,0.288997,1.688364,1.568608,1.967470,0.659772,-0.093518,-0.117298,-0.039335,0.897721
sample,504,drone,12.594929,7.973774,0.338128,1.704839,1.565957,1.964144,0.658657,-0.118618,-0.148780,-0.049892,0.897721
sample,505,drone,12.619919,8.012870,0.387165,1.721283,1.562679,1.960034,0.657278,-0.143646,-0.180172,-0.060419,0.897721
sample,506,drone,12.644909,8.051876,0.436090,1.737690,1.558777,1.955140,0.655637,-0.168587,-0.211455,-0.070909,0.897721
sample,507,drone,12.669899,8.090777,0.484883,1.754052,1.554253,1.949465,0.653734,-0.193426,-0.242610,-0.081357,0.897721
sample,508,drone,12.694888,8.129557,0.533524,1.770363,1.549110,1.943014,0.651571,-0.218149,-0.273619,-0.091756,0.897721
sample,509,drone,12.719878,8.168201,0.581994,1.786617,1.543350,1.935790,0.649148,-0.242739,-0.304462,-0.102098,0.897721
sample,510,drone,12.744868,8.206694,0.630274,1.802808,1.536978,1.927797,0.646468,-0.267182,-0.335120,-0.112379,0.897721
sample,511,drone,12.769858,8.245019,0.678345,1.818928,1.529997,1.919040,0.643532,-0.291462,-0.365574,-0.122592,0.897721
sample,512,drone,12.794848,8.283163,0.726188,1.834971,1.522411,1.909526,0.640341,-0.315564,-0.395805,-0.132729,0.897721
sample,513,drone,12.819838,8.321109,0.773783,1.850932,1.514225,1.899258,0.636898,-0.339474,-0.425794,-0.142786,0.897721
sample,514,drone,12.844828,8.358844,0.821112,1.866803,1.505444,1.888244,0.633204,-0.363175,-0.455522,-0.152755,0.897721
sample,515,drone,12.869818,8.396351,0.868157,1.882579,1.496073,1.876491,0.629263,-0.386653,-0.484970,-0.162630,0.897721
sample,516,drone,12.894808,8.433617,0.914899,1.898254,1.486119,1.864006,0.625076,-0.409892,-0.514119,-0.172405,0.897721
sample,517,drone,12.919798,8.470627,0.961320,1.913821,1.475587,1.850796,0.620646,-0.432878,-0.542949,-0.182073,0.897721
sample,518,drone,12.944788,8.507367,1.007402,1.929274,1.464484,1.836869,0.615976,-0.455595,-0.571442,-0.191628,0.897721
sample,519,drone,12.969778,8.543822,1.053127,1.944607,1.452816,1.822235,0.611069,-0.478028,-0.599579,-0.201063,0.897721
sample,520,drone,12.994768,8.579978,1.098477,1.959815,1.440592,1.806902,0.605927,-0.500161,-0.627341,-0.210373,0.897721
sample,521,drone,13.019758,8.615823,1.143435,1.974891,1.427818,1.790881,0.600554,-0.521981,-0.654708,-0.219550,0.897721
sample,522,drone,13.044748,8.651341,1.187985,1.989830,1.414504,1.774180,0.594954,-0.543470,-0.681662,-0.228589,0.897721
sample,523,drone,13.069738,8.686519,1.232109,2.004627,1.400656,1.756811,0.589130,-0.564615,-0.708184,-0.237483,0.897721
sample,524,drone,13.094728,8.721345,1.275790,2.019275,1.386284,1.738785,0.583085,-0.585400,-0.734254,-0.246225,0.897721
sample,525,drone,13.119717,8.755806,1.319013,2.033769,1.371398,1.720113,0.576823,-0.605810,-0.759853,-0.254809,0.897721
sample,526,drone,13.144707,8.789888,1.361761,2.048105,1.356006,1.700808,0.570349,-0.625829,-0.784963,-0.263230,0.897721
sample,527,drone,13.169697,8.823579,1.404019,2.062275,1.340119,1.680881,0.563667,-0.645443,-0.809565,-0.271480,0.897721
sample,528,drone,13.194687,8.856867,1.445771,2.076277,1.323747,1.660346,0.556781,-0.664637,-0.833639,-0.279553,0.897721
sample,529,drone,13.219677,8.889739,1.487003,2.090103,1.306900,1.639216,0.549695,-0.683394,-0.857166,-0.287442,0.897721
sample,530,drone,13.244667,8.922185,1.527699,2.103750,1.289591,1.617505,0.542414,-0.701700,-0.880127,-0.295142,0.897721
sample,531,drone,13.269657,8.954193,1.567846,2.117213,1.271829,1.595227,0.534944,-0.719541,-0.902504,-0.302646,0.897721
sample,532,drone,13.294647,8.985751,1.607428,2.130487,1.253628,1.572398,0.527288,-0.736900,-0.924277,-0.309947,0.897721
sample,533,drone,13.319637,9.016849,1.646434,2.143567,1.234999,1.549032,0.519453,-0.753762,-0.945427,-0.317040,0.897721
sample,534,drone,13.344627,9.047476,1.684849,2.156449,1.215955,1.525145,0.511443,-0.770112,-0.965935,-0.323917,0.897721
sample,535,drone,13.369617,9.077622,1.722660,2.169129,1.196509,1.500755,0.503263,-0.785936,-0.985782,-0.330572,0.897721
sample,536,drone,13.394607,9.107278,1.759856,2.181602,1.176674,1.475876,0.494921,-0.801218,-1.004949,-0.337000,0.897721
sample,537,drone,13.419597,9.136432,1.796424,2.193865,1.156464,1.450527,0.486420,-0.815942,-1.023417,-0.343193,0.897721
sample,538,drone,13.444587,9.165078,1.832353,2.205913,1.135894,1.424726,0.477768,-0.830093,-1.041168,-0.349145,0.897721
sample,539,drone,13.469577,9.193204,1.867632,2.217743,1.114976,1.398490,0.468970,-0.843658,-1.058181,-0.354851,0.897721
sample,540,drone,13.494567,9.220804,1.902250,2.229352,1.093728,1.371838,0.460033,-0.856619,-1.074438,-0.360302,0.897721
sample,541,drone,13.519556,9.247869,1.936196,2.240736,1.072163,1.344790,0.450962,-0.868962,-1.089920,-0.365494,0.897721
sample,542,drone,13.544546,9.274391,1.969462,2.251891,1.050297,1.317364,0.441765,-0.880672,-1.104607,-0.370419,0.897721
sample,543,drone,13.569536,9.300362,2.002038,2.262815,1.028147,1.289581,0.432449,-0.891734,-1.118482,-0.375072,0.897721
sample,544,drone,13.594526,9.325777,2.033915,2.273505,1.005728,1.261462,0.423019,-0.902132,-1.131524,-0.379445,0.897721
sample,545,drone,13.619516,9.350629,2.065086,2.283958,0.983058,1.233028,0.413484,-0.911851,-1.143714,-0.383534,0.897721
sample,546,drone,13.644506,9.374910,2.095542,2.294171,0.960154,1.204300,0.403850,-0.920877,-1.155035,-0.387330,0.897721
sample,547,drone,13.669496,9.398617,2.125277,2.304142,0.937033,1.175300,0.394125,-0.929193,-1.165466,-0.390828,0.897721
sample,548,drone,13.694486,9.421743,2.154283,2.313869,0.913713,1.146050,0.384317,-0.936785,-1.174988,-0.394021,0.897721
sample,549,drone,13.719476,9.444284,2.182556,2.323350,0.890213,1.116574,0.374432,-0.943638,-1.183584,-0.396903,0.897721
sample,550,drone,13.744466,9.466236,2.210089,2.332583,0.866550,1.086895,0.364480,-0.949736,-1.191232,-0.399468,0.897721
sample,551,drone,13.769456,9.487594,2.236879,2.341567,0.842745,1.057036,0.354467,-0.955064,-1.197915,-0.401709,0.897721
sample,552,drone,13.794446,9.508356,2.262920,2.350299,0.818816,1.027023,0.344402,-0.959607,-1.203614,-0.403620,0.897721
sample,553,drone,13.819436,9.528519,2.288209,2.358780,0.794784,0.996880,0.334294,-0.963350,-1.208308,-0.405194,0.897721
sample,554,drone,13.844426,9.548079,2.312744,2.367007,0.770668,0.966632,0.324151,-0.966278,-1.211980,-0.406426,0.897721
sample,555,drone,13.869416,9.567037,2.336521,2.374981,0.746490,0.936305,0.313981,-0.968375,-1.214611,-0.407308,0.897721
sample,556,drone,13.894406,9.585389,2.359540,2.382700,0.722269,0.905926,0.303793,-0.969626,-1.216180,-0.407834,0.897721
sample,557,drone,13.919395,9.603135,2.381800,2.390165,0.698028,0.875521,0.293597,-0.970017,-1.216670,-0.407998,0.897721
sample,558,drone,13.944385,9.620276,2.403299,2.397374,0.673788,0.845117,0.283402,-0.969531,-1.216061,-0.407794,0.897721
sample,559,drone,13.969375,9.636811,2.424038,2.404329,0.649571,0.814742,0.273216,-0.968154,-1.214334,-0.407215,0.897721
sample,560,drone,13.994365,9.652742,2.444019,2.411029,0.625399,0.784424,0.263049,-0.965871,-1.211470,-0.406255,0.897721
sample,561,drone,14.019355,9.668069,2.463244,2.417476,0.601297,0.754193,0.252911,-0.962666,-1.207450,-0.404907,0.897721
sample,562,drone,14.044345,9.682794,2.481714,2.423670,0.577286,0.724076,0.242812,-0.958524,-1.202255,-0.403165,0.897721
sample,563,drone,14.069335,9.696921,2.499433,2.429612,0.553390,0.694104,0.232761,-0.953430,-1.195866,-0.401022,0.897721
sample,564,drone,14.094325,9.710453,2.516405,2.435303,0.529633,0.664307,0.222769,-0.947370,-1.188264,-0.398473,0.897721
sample,565,drone,14.119315,9.723392,2.532635,2.440746,0.506040,0.634715,0.212845,-0.940326,-1.179430,-0.395510,0.897721
sample,566,drone,14.144305,9.735745,2.548128,2.445941,0.482636,0.605359,0.203001,-0.932286,-1.169345,-0.392128,0.897721
sample,567,drone,14.169295,9.747514,2.562891,2.450892,0.459445,0.576271,0.193247,-0.923232,-1.157989,-0.388320,0.897721
sample,568,drone,14.194285,9.758708,2.576930,2.455600,0.436493,0.547483,0.183593,-0.913151,-1.145344,-0.384080,0.897721
sample,569,drone,14.219275,9.769330,2.590254,2.460068,0.413806,0.519027,0.174051,-0.902026,-1.131391,-0.379401,0.897721
sample,570,drone,14.244265,9.779389,2.602871,2.464299,0.391410,0.490936,0.164631,-0.889844,-1.116111,-0.374277,0.897721
sample,571,drone,14.269255,9.788893,2.614791,2.468296,0.369331,0.463244,0.155344,-0.876588,-1.099484,-0.368701,0.897721
sample,572,drone,14.294245,9.797849,2.626024,2.472063,0.347598,0.435984,0.146203,-0.862243,-1.081492,-0.362668,0.897721
sample,573,drone,14.319234,9.806266,2.636581,2.475603,0.326237,0.409191,0.137218,-0.846794,-1.062115,-0.356170,0.897721
sample,574,drone,14.344224,9.814154,2.646475,2.478921,0.305275,0.382900,0.128402,-0.830227,-1.041335,-0.349202,0.897721
sample,575,drone,14.369214,9.821523,2.655719,2.482021,0.284742,0.357145,0.119765,-0.812525,-1.019132,-0.341756,0.897721
sample,576,drone,14.394204,9.828385,2.664325,2.484907,0.264665,0.331964,0.111321,-0.793674,-0.995488,-0.333827,0.897721
sample,577,drone,14.419194,9.834751,2.672310,2.487584,0.245074,0.307391,0.103081,-0.773659,-0.970383,-0.325408,0.897721
sample,578,drone,14.444184,9.840634,2.679689,2.490059,0.225998,0.283464,0.095057,-0.752464,-0.943798,-0.316494,0.897721
sample,579,drone,14.469174,9.846047,2.686478,2.492335,0.207466,0.260220,0.087262,-0.730074,-0.915715,-0.307076,0.897721
sample,580,drone,14.494164,9.851003,2.692694,2.494420,0.189509,0.237697,0.079709,-0.706474,-0.886114,-0.297150,0.897721
sample,581,drone,14.519154,9.855518,2.698358,2.496319,0.172157,0.215932,0.072411,-0.681648,-0.854976,-0.286708,0.897721
sample,582,drone,14.544144,9.859607,2.703487,2.498039,0.155440,0.194965,0.065380,-0.655583,-0.822282,-0.275744,0.897721
sample,583,drone,14.569134,9.863287,2.708102,2.499587,0.139391,0.174835,0.058629,-0.628261,-0.788014,-0.264253,0.897721
sample,584,drone,14.594124,9.866574,2.712225,2.500969,0.124040,0.155580,0.052172,-0.599669,-0.752152,-0.252227,0.897721
sample,585,drone,14.619114,9.869487,2.715878,2.502194,0.109419,0.137242,0.046023,-0.569791,-0.714676,-0.239660,0.897721
sample,586,drone,14.644104,9.872043,2.719084,2.503270,0.095562,0.119861,0.040194,-0.538612,-0.675569,-0.226545,0.897721
sample,587,drone,14.669094,9.874263,2.721868,2.504203,0.082500,0.103477,0.034700,-0.506116,-0.634810,-0.212878,0.897721
sample,588,drone,14.694084,9.876166,2.724256,2.505004,0.070266,0.088133,0.029555,-0.472289,-0.592382,-0.198650,0.897721
sample,589,drone,14.719073,9.877775,2.726273,2.505680,0.058895,0.073870,0.024772,-0.437116,-0.548264,-0.183855,0.897721
sample,590,drone,14.744063,9.879110,2.727948,2.506242,0.048419,0.060731,0.020366,-0.400580,-0.502439,-0.168488,0.897721
sample,591,drone,14.769053,9.880195,2.729309,2.506698,0.038874,0.048758,0.016351,-0.362668,-0.454886,-0.152542,0.897721
sample,592,drone,14.794043,9.881053,2.730385,2.507059,0.030293,0.037996,0.012742,-0.323363,-0.405587,-0.136010,0.897721
sample,593,drone,14.819033,9.881709,2.731208,2.507335,0.022712,0.028487,0.009553,-0.282651,-0.354522,-0.118886,0.897721
sample,594,drone,14.844023,9.882188,2.731809,2.507537,0.016166,0.020277,0.006800,-0.240516,-0.301674,-0.101163,0.897721
sample,595,drone,14.869013,9.882517,2.732221,2.507675,0.010691,0.013410,0.004497,-0.196943,-0.247022,-0.082836,0.897721
sample,596,drone,14.894003,9.882722,2.732479,2.507761,0.006323,0.007931,0.002659,-0.151918,-0.190547,-0.063898,0.897721
sample,597,drone,14.918993,9.882833,2.732618,2.507808,0.003098,0.003886,0.001303,-0.105424,-0.132231,-0.044343,0.897721
sample,598,drone,14.943983,9.882877,2.732673,2.507827,0.001054,0.001322,0.000443,-0.060373,-0.073552,-0.024661,0.897721
sample,599,drone,14.968973,9.882885,2.732684,2.507830,0.000081,0.000210,0.000071,-0.039193,-0.026112,-0.008720,1.203299
sample,600,drone,14.993963,9.882881,2.732684,2.507830,-0.000905,0.000017,0.000007,-0.066383,-0.003048,-0.000894,3.123086
sample,601,drone,15.018953,9.882840,2.732684,2.507830,-0.003237,0.000058,0.000026,-0.127317,0.002254,0.001014,3.123790
sample,602,drone,15.043943,9.882719,2.732687,2.507831,-0.007268,0.000129,0.000058,-0.194368,0.003461,0.001554,3.123790
sample,603,drone,15.068933,9.882477,2.732691,2.507833,-0.012951,0.000231,0.000104,-0.259500,0.004620,0.002075,3.123790
sample,604,drone,15.093923,9.882072,2.732698,2.507837,-0.020238,0.000360,0.000162,-0.322709,0.005746,0.002580,3.123790
sample,605,drone,15.118912,9.881465,2.732709,2.507841,-0.029080,0.000518,0.000232,-0.384011,0.006837,0.003070,3.123790
sample,606,drone,15.143902,9.880619,2.732724,2.507848,-0.039431,0.000702,0.000315,-0.443426,0.007895,0.003545,3.123790
sample,607,drone,15.168892,9.879495,2.732744,2.507857,-0.051243,0.000912,0.000410,-0.500973,0.008920,0.004005,3.123790
sample,608,drone,15.193882,9.878057,2.732770,2.507869,-0.064470,0.001148,0.000515,-0.556669,0.009911,0.004450,3.123790
sample,609,drone,15.218872,9.876272,2.732801,2.507883,-0.079065,0.001408,0.000632,-0.610534,0.010870,0.004881,3.123790
sample,610,drone,15.243862,9.874106,2.732840,2.507900,-0.094984,0.001691,0.000759,-0.662585,0.011797,0.005297,3.123790
sample,611,drone,15.268852,9.871525,2.732886,2.507921,-0.112181,0.001997,0.000897,-0.712842,0.012692,0.005699,3.123790
sample,612,drone,15.293842,9.868499,2.732940,2.507945,-0.130612,0.002325,0.001044,-0.761323,0.013555,0.006086,3.123790
sample,613,drone,15.318832,9.864997,2.733002,2.507973,-0.150232,0.002675,0.001201,-0.808046,0.014387,0.006460,3.123790
sample,614,drone,15.343822,9.860990,2.733073,2.508005,-0.170998,0.003045,0.001367,-0.853030,0.015188,0.006819,3.123790
sample,615,drone,15.368812,9.856451,2.733154,2.508041,-0.192866,0.003434,0.001542,-0.896294,0.015958,0.007165,3.123790
sample,616,drone,15.393802,9.851351,2.733245,2.508082,-0.215794,0.003842,0.001725,-0.937855,0.016698,0.007498,3.123790
sample,617,drone,15.418792,9.845665,2.733346,2.508128,-0.239740,0.004268,0.001917,-0.977733,0.017408,0.007816,3.123790
sample,618,drone,15.443782,9.839369,2.733458,2.508178,-0.264661,0.004712,0.002116,-1.015946,0.018088,0.008122,3.123790
sample,619,drone,15.468772,9.832438,2.733582,2.508233,-0.290517,0.005173,0.002323,-1.052512,0.018740,0.008414,3.123790
sample,620,drone,15.493762,9.824849,2.733717,2.508294,-0.317266,0.005649,0.002536,-1.087450,0.019362,0.008694,3.123790
sample,621,drone,15.518751,9.816581,2.733864,2.508360,-0.344868,0.006140,0.002757,-1.120779,0.019955,0.008960,3.123790
sample,622,drone,15.543741,9.807612,2.734024,2.508432,-0.373282,0.006646,0.002984,-1.152517,0.020520,0.009214,3.123790
sample,623,drone,15.568731,9.797924,2.734196,2.508509,-0.402470,0.007166,0.003218,-1.182682,0.021057,0.009455,3.123790
sample,624,drone,15.593721,9.787497,2.734382,2.508593,-0.432392,0.007699,0.003457,-1.211293,0.021567,0.009684,3.123790
sample,625,drone,15.618711,9.776313,2.734581,2.508682,-0.463010,0.008244,0.003701,-1.238369,0.022049,0.009900,3.123790
sample,626,drone,15.643701,9.764356,2.734794,2.508778,-0.494286,0.008801,0.003952,-1.263928,0.022504,0.010104,3.123790
sample,627,drone,15.668691,9.751609,2.735021,2.508880,-0.526181,0.009368,0.004207,-1.287988,0.022932,0.010297,3.123790
sample,628,drone,15.693681,9.738057,2.735262,2.508988,-0.558659,0.009947,0.004466,-1.310569,0.023334,0.010477,3.123790
sample,629,drone,15.718671,9.723687,2.735518,2.509103,-0.591683,0.010535,0.004730,-1.331688,0.023710,0.010646,3.123790
sample,630,drone,15.743661,9.708485,2.735789,2.509224,-0.625217,0.011132,0.004998,-1.351365,0.024060,0.010803,3.123790
sample,631,drone,15.768651,9.692439,2.736074,2.509353,-0.659225,0.011737,0.005270,-1.369617,0.024385,0.010949,3.123790
sample,632,drone,15.793641,9.675537,2.736375,2.509488,-0.693670,0.012350,0.005545,-1.386463,0.024685,0.011084,3.123790
sample,633,drone,15.818631,9.657769,2.736692,2.509630,-0.728520,0.012971,0.005824,-1.401922,0.024961,0.011208,3.123790
sample,634,drone,15.843621,9.639126,2.737024,2.509779,-0.763738,0.013598,0.006106,-1.416012,0.025211,0.011320,3.123790
sample,635,drone,15.868611,9.619598,2.737371,2.509935,-0.799292,0.014231,0.006390,-1.428751,0.025438,0.011422,3.123790
sample,636,drone,15.893601,9.599177,2.737735,2.510098,-0.835147,0.014869,0.006676,-1.440159,0.025641,0.011513,3.123790
sample,637,drone,15.918590,9.577857,2.738115,2.510269,-0.871271,0.015513,0.006965,-1.450254,0.025821,0.011594,3.123790
sample,638,drone,15.943580,9.555631,2.738510,2.510446,-0.907631,0.016160,0.007256,-1.459054,0.025978,0.011664,3.123790
sample,639,drone,15.968570,9.532494,2.738922,2.510631,-0.944194,0.016811,0.007548,-1.466577,0.026112,0.011724,3.123790
sample,640,drone,15.993560,9.508441,2.739350,2.510824,-0.980930,0.017465,0.007842,-1.472843,0.026223,0.011774,3.123790
sample,641,drone,16.018550,9.483467,2.739795,2.511023,-1.017807,0.018122,0.008137,-1.477870,0.026313,0.011815,3.123790
sample,642,drone,16.043540,9.457571,2.740256,2.511230,-1.054794,0.018780,0.008432,-1.481676,0.026381,0.011845,3.123790
sample,643,drone,16.068530,9.430749,2.740734,2.511445,-1.091861,0.019440,0.008729,-1.484280,0.026427,0.011866,3.123790
sample,644,drone,16.093520,9.403000,2.741228,2.511666,-1.128978,0.020101,0.009025,-1.485700,0.026452,0.011877,3.123790
sample,645,drone,16.118510,9.374323,2.741738,2.511896,-1.166116,0.020762,0.009322,-1.485955,0.026457,0.011879,3.123790
sample,646,drone,16.143500,9.344717,2.742265,2.512132,-1.203246,0.021423,0.009619,-1.485063,0.026441,0.011872,3.123790
sample,647,drone,16.168490,9.314184,2.742809,2.512376,-1.240339,0.022084,0.009916,-1.483044,0.026405,0.011856,3.123790
sample,648,drone,16.193480,9.282725,2.743369,2.512628,-1.277368,0.022743,0.010212,-1.479914,0.026349,0.011831,3.123790
sample,649,drone,16.218470,9.250342,2.743946,2.512887,-1.314305,0.023401,0.010507,-1.475694,0.026274,0.011797,3.123790
sample,650,drone,16.243460,9.217037,2.744539,2.513153,-1.351123,0.024056,0.010801,-1.470401,0.026180,0.011755,3.123790
sample,651,drone,16.268450,9.182813,2.745148,2.513427,-1.387795,0.024709,0.011095,-1.464053,0.026067,0.011704,3.123790
sample,652,drone,16.293440,9.147675,2.745774,2.513708,-1.424296,0.025359,0.011386,-1.456671,0.025935,0.011645,3.123790
sample,653,drone,16.318430,9.111627,2.746416,2.513996,-1.460600,0.026005,0.011677,-1.448271,0.025786,0.011578,3.123790
sample,654,drone,16.343419,9.074674,2.747073,2.514291,-1.496681,0.026648,0.011965,-1.438873,0.025619,0.011503,3.123790
sample,655,drone,16.368409,9.036823,2.747747,2.514594,-1.532514,0.027286,0.012252,-1.428494,0.025434,0.011420,3.123790
sample,656,drone,16.393399,8.998079,2.748437,2.514904,-1.568077,0.027919,0.012536,-1.417155,0.025232,0.011329,3.123790
sample,657,drone,16.418389,8.958451,2.749143,2.515220,-1.603344,0.028547,0.012818,-1.404872,0.025013,0.011231,3.123790
sample,658,drone,16.443379,8.917944,2.749864,2.515544,-1.638292,0.029169,0.013097,-1.391664,0.024778,0.011126,3.123790
sample,659,drone,16.468369,8.876569,2.750601,2.515875,-1.672899,0.029785,0.013374,-1.377551,0.024527,0.011013,3.123790
sample,660,drone,16.493359,8.834333,2.751353,2.516213,-1.707142,0.030395,0.013648,-1.362551,0.024260,0.010893,3.123790
sample,661,drone,16.518349,8.791246,2.752120,2.516557,-1.740999,0.030998,0.013918,-1.346681,0.023977,0.010766,3.123790
sample,662,drone,16.543339,8.747318,2.752902,2.516908,-1.774449,0.031593,0.014186,-1.329961,0.023679,0.010632,3.123790
sample,663,drone,16.568329,8.702559,2.753699,2.517266,-1.807470,0.032181,0.014450,-1.312409,0.023367,0.010492,3.123790
sample,664,drone,16.593319,8.656981,2.754510,2.517630,-1.840043,0.032761,0.014710,-1.294044,0.023040,0.010345,3.123790
sample,665,drone,16.618309,8.610594,2.755336,2.518001,-1.872146,0.033333,0.014967,-1.274884,0.022699,0.010192,3.123790
sample,666,drone,16.643299,8.563411,2.756176,2.518378,-1.903761,0.033896,0.015219,-1.254947,0.022344,0.010033,3.123790
sample,667,drone,16.668289,8.515445,2.757030,2.518762,-1.934868,0.034449,0.015468,-1.234253,0.021975,0.009867,3.123790
sample,668,drone,16.693279,8.466707,2.757898,2.519152,-1.965449,0.034994,0.015713,-1.212819,0.021594,0.009696,3.123790
sample,669,drone,16.718269,8.417212,2.758779,2.519547,-1.995485,0.035529,0.015953,-1.190665,0.021199,0.009519,3.123790
sample,670,drone,16.743258,8.366973,2.759674,2.519949,-2.024958,0.036054,0.016188,-1.167808,0.020792,0.009336,3.123790
sample,671,drone,16.768248,8.316005,2.760581,2.520356,-2.053852,0.036568,0.016419,-1.144267,0.020373,0.009148,3.123790
sample,672,drone,16.793238,8.264322,2.761501,2.520770,-2.082149,0.037072,0.016646,-1.120061,0.019942,0.008954,3.123790
sample,673,drone,16.818228,8.211939,2.762434,2.521188,-2.109832,0.037565,0.016867,-1.095209,0.019500,0.008756,3.123790
sample,674,drone,16.843218,8.158872,2.763379,2.521613,-2.136887,0.038046,0.017083,-1.069728,0.019046,0.008552,3.123790
sample,675,drone,16.868208,8.105138,2.764336,2.522042,-2.163297,0.038517,0.017294,-1.043637,0.018582,0.008343,3.123790
sample,676,drone,16.893198,8.050751,2.765304,2.522477,-2.189048,0.038975,0.017500,-1.016955,0.018106,0.008130,3.123790
sample,677,drone,16.918188,7.995729,2.766284,2.522917,-2.214125,0.039422,0.017701,-0.989701,0.017621,0.007912,3.123790
sample,678,drone,16.943178,7.940089,2.767274,2.523362,-2.238513,0.039856,0.017896,-0.961892,0.017126,0.007690,3.123790
sample,679,drone,16.968168,7.883849,2.768276,2.523811,-2.262200,0.040277,0.018085,-0.933548,0.016621,0.007463,3.123790
sample,680,drone,16.993158,7.827025,2.769287,2.524265,-2.285172,0.040686,0.018269,-0.904686,0.016108,0.007232,3.123790
sample,681,drone,17.018148,7.769636,2.770309,2.524724,-2.307416,0.041083,0.018446,-0.875326,0.015585,0.006998,3.123790
sample,682,drone,17.043138,7.711701,2.771341,2.525187,-2.328920,0.041465,0.018618,-0.845486,0.015054,0.006759,3.123790
sample,683,drone,17.068128,7.653237,2.772382,2.525655,-2.349673,0.041835,0.018784,-0.815184,0.014514,0.006517,3.123790
sample,684,drone,17.093118,7.594264,2.773432,2.526126,-2.369663,0.042191,0.018944,-0.784439,0.013967,0.006271,3.123790
sample,685,drone,17.118108,7.534801,2.774490,2.526602,-2.388879,0.042533,0.019098,-0.753270,0.013412,0.006022,3.123790
sample,686,drone,17.143097,7.474868,2.775557,2.527081,-2.407311,0.042861,0.019245,-0.721694,0.012849,0.005770,3.123790
sample,687,drone,17.168087,7.414484,2.776632,2.527563,-2.424950,0.043175,0.019386,-0.689731,0.012280,0.005514,3.123790
sample,688,drone,17.193077,7.353670,2.777715,2.528050,-2.441784,0.043475,0.019521,-0.657398,0.011705,0.005256,3.123790
sample,689,drone,17.218067,7.292444,2.778805,2.528539,-2.457806,0.043760,0.019649,-0.624716,0.011123,0.004994,3.123790
sample,690,drone,17.243057,7.230829,2.779902,2.529032,-2.473007,0.044031,0.019770,-0.591701,0.010535,0.004730,3.123790
sample,691,drone,17.268047,7.168844,2.781006,2.529527,-2.487379,0.044287,0.019885,-0.558373,0.009942,0.004464,3.123790
sample,692,drone,17.293037,7.106510,2.782116,2.530026,-2.500915,0.044528,0.019993,-0.524749,0.009343,0.004195,3.123790
sample,693,drone,17.318027,7.043848,2.783231,2.530526,-2.513606,0.044754,0.020095,-0.490850,0.008739,0.003924,3.123790
sample,694,drone,17.343017,6.980880,2.784353,2.531030,-2.525447,0.044964,0.020189,-0.456692,0.008131,0.003651,3.123790
sample,695,drone,17.368007,6.917627,2.785479,2.531536,-2.536432,0.045160,0.020277,-0.422295,0.007519,0.003376,3.123790
sample,696,drone,17.392997,6.854110,2.786610,2.532043,-2.546554,0.045340,0.020358,-0.387677,0.006902,0.003099,3.123790
sample,697,drone,17.417987,6.790350,2.787745,2.532553,-2.555808,0.045505,0.020432,-0.352856,0.006282,0.002821,3.123790
sample,698,drone,17.442977,6.726371,2.788884,2.533064,-2.564189,0.045654,0.020499,-0.317852,0.005659,0.002541,3.123790
sample,699,drone,17.467967,6.662192,2.790027,2.533578,-2.571694,0.045788,0.020559,-0.282682,0.005033,0.002260,3.123790
sample,700,drone,17.492957,6.597838,2.791172,2.534092,-2.578318,0.045906,0.020612,-0.247365,0.004404,0.001978,3.123790
sample,701,drone,17.517947,6.533328,2.792321,2.534608,-2.584057,0.046008,0.020658,-0.211920,0.003773,0.001694,3.123790
sample,702,drone,17.542936,6.468687,2.793472,2.535125,-2.588909,0.046094,0.020697,-0.176366,0.003140,0.001410,3.123790
sample,703,drone,17.567926,6.403935,2.794625,2.535642,-2.592872,0.046165,0.020728,-0.140719,0.002505,0.001125,3.123790
sample,704,drone,17.592916,6.339095,2.795779,2.536161,-2.595943,0.046220,0.020753,-0.105000,0.001869,0.000839,3.123790
sample,705,drone,17.617906,6.274190,2.796935,2.536679,-2.598120,0.046258,0.020770,-0.069227,0.001233,0.000553,3.123790
sample,706,drone,17.642896,6.209242,2.798091,2.537199,-2.599403,0.046281,0.020781,-0.033418,0.000595,0.000267,3.123790
sample,707,drone,17.667886,6.144272,2.799248,2.537718,-2.599790,0.046288,0.020784,0.002408,-0.000043,-0.000019,3.123790
sample,708,drone,17.692876,6.079305,2.800405,2.538237,-2.599282,0.046279,0.020780,0.038233,-0.000681,-0.000306,3.123790
sample,709,drone,17.717866,6.014361,2.801561,2.538757,-2.597879,0.046254,0.020768,0.074039,-0.001318,-0.000592,3.123790
sample,710,drone,17.742856,5.949463,2.802717,2.539275,-2.595582,0.046213,0.020750,0.109806,-0.001955,-0.000878,3.123790
sample,711,drone,17.767846,5.884634,2.803871,2.539794,-2.592391,0.046156,0.020725,0.145516,-0.002591,-0.001163,3.123790
sample,712,drone,17.792836,5.819895,2.805023,2.540311,-2.588309,0.046084,0.020692,0.181151,-0.003225,-0.001448,3.123790
sample,713,drone,17.817826,5.755270,2.806174,2.540828,-2.583337,0.045995,0.020652,0.216692,-0.003858,-0.001732,3.123790
sample,714,drone,17.842816,5.690781,2.807322,2.541343,-2.577479,0.045891,0.020605,0.252121,-0.004489,-0.002016,3.123790
sample,715,drone,17.867806,5.626448,2.808468,2.541858,-2.570736,0.045771,0.020551,0.287419,-0.005117,-0.002298,3.123790
sample,716,drone,17.892796,5.562296,2.809610,2.542371,-2.563113,0.045635,0.020491,0.322567,-0.005743,-0.002579,3.123790
sample,717,drone,17.917786,5.498344,2.810748,2.542882,-2.554614,0.045484,0.020423,0.357548,-0.006366,-0.002858,3.123790
sample,718,drone,17.942775,5.434616,2.811883,2.543391,-2.545243,0.045317,0.020348,0.392343,-0.006985,-0.003137,3.123790
sample,719,drone,17.967765,5.371133,2.813013,2.543899,-2.535005,0.045135,0.020266,0.426932,-0.007601,-0.003413,3.123790
sample,720,drone,17.992755,5.307917,2.814139,2.544404,-2.523905,0.044937,0.020177,0.461298,-0.008213,-0.003688,3.123790
sample,721,drone,18.017745,5.244989,2.815259,2.544907,-2.511949,0.044724,0.020082,0.495422,-0.008821,-0.003961,3.123790
sample,722,drone,18.042735,5.182370,2.816374,2.545408,-2.499144,0.044496,0.019979,0.529286,-0.009424,-0.004231,3.123790
sample,723,drone,18.067725,5.120082,2.817483,2.545906,-2.485496,0.044253,0.019870,0.562870,-0.010022,-0.004500,3.123790
sample,724,drone,18.092715,5.058145,2.818586,2.546401,-2.471012,0.043995,0.019754,0.596158,-0.010614,-0.004766,3.123790
sample,725,drone,18.117705,4.996581,2.819682,2.546893,-2.455700,0.043723,0.019632,0.629129,-0.011201,-0.005030,3.123790
sample,726,drone,18.142695,4.935410,2.820771,2.547382,-2.439568,0.043435,0.019503,0.661766,-0.011782,-0.005290,3.123790
sample,727,drone,18.167685,4.874652,2.821853,2.547868,-2.422625,0.043134,0.019367,0.694049,-0.012357,-0.005549,3.123790
sample,728,drone,18.192675,4.814327,2.822927,2.548350,-2.404880,0.042818,0.019226,0.725962,-0.012925,-0.005804,3.123790
sample,729,drone,18.217665,4.754456,2.823993,2.548829,-2.386341,0.042488,0.019077,0.757484,-0.013487,-0.006056,3.123790
sample,730,drone,18.242655,4.695058,2.825051,2.549304,-2.367021,0.042144,0.018923,0.788597,-0.014041,-0.006304,3.123790
sample,731,drone,18.267645,4.636153,2.826099,2.549775,-2.346927,0.041786,0.018762,0.819284,-0.014587,-0.006550,3.123790
sample,732,drone,18.292635,4.577759,2.827139,2.550241,-2.326073,0.041415,0.018596,0.849525,-0.015125,-0.006791,3.123790
sample,733,drone,18.317625,4.519896,2.828169,2.550704,-2.304468,0.041030,0.018423,0.879302,-0.015656,-0.007029,3.123790
sample,734,drone,18.342614,4.462582,2.829190,2.551162,-2.282126,0.040632,0.018244,0.908596,-0.016177,-0.007264,3.123790
sample,735,drone,18.367604,4.405836,2.830200,2.551616,-2.259057,0.040222,0.018060,0.937389,-0.016690,-0.007494,3.123790
sample,736,drone,18.392594,4.349675,2.831200,2.552065,-2.235275,0.039798,0.017870,0.965662,-0.017193,-0.007720,3.123790
sample,737,drone,18.417584,4.294117,2.832189,2.552509,-2.210793,0.039362,0.017674,0.993397,-0.017687,-0.007942,3.123790
sample,738,drone,18.442574,4.239179,2.833167,2.552948,-2.185625,0.038914,0.017473,1.020576,-0.018171,-0.008159,3.123790
sample,739,drone,18.467564,4.184879,2.834134,2.553382,-2.159785,0.038454,0.017266,1.047179,-0.018645,-0.008372,3.123790
sample,740,drone,18.492554,4.131234,2.835089,2.553811,-2.133287,0.037982,0.017054,1.073189,-0.019108,-0.008579,3.123790
sample,741,drone,18.517544,4.078258,2.836033,2.554235,-2.106147,0.037499,0.016837,1.098587,-0.019560,-0.008783,3.123790
sample,742,drone,18.542534,4.025969,2.836963,2.554653,-2.078380,0.037005,0.016615,1.123353,-0.020001,-0.008981,3.123790
sample,743,drone,18.567524,3.974381,2.837882,2.555065,-2.050002,0.036499,0.016389,1.147471,-0.020430,-0.009173,3.123790
sample,744,drone,18.592514,3.923510,2.838788,2.555472,-2.021030,0.035984,0.016157,1.170921,-0.020848,-0.009361,3.123790
sample,745,drone,18.617504,3.873370,2.839680,2.555873,-1.991480,0.035457,0.015921,1.193684,-0.021253,-0.009543,3.123790
sample,746,drone,18.642494,3.823976,2.840560,2.556267,-1.961369,0.034921,0.015680,1.215743,-0.021646,-0.009719,3.123790
sample,747,drone,18.667484,3.775341,2.841426,2.556656,-1.930717,0.034376,0.015435,1.237078,-0.022026,-0.009890,3.123790
sample,748,drone,18.692474,3.727479,2.842278,2.557039,-1.899540,0.033820,0.015186,1.257672,-0.022392,-0.010054,3.123790
sample,749,drone,18.717464,3.680402,2.843116,2.557415,-1.867859,0.033256,0.014932,1.277505,-0.022745,-0.010213,3.123790
sample,750,drone,18.742453,3.634124,2.843940,2.557785,-1.835691,0.032684,0.014675,1.296559,-0.023085,-0.010365,3.123790
sample,751,drone,18.767443,3.588655,2.844750,2.558149,-1.803057,0.032103,0.014414,1.314816,-0.023410,-0.010511,3.123790
sample,752,drone,18.792433,3.544007,2.845545,2.558506,-1.769976,0.031514,0.014150,1.332258,-0.023720,-0.010651,3.123790
sample,753,drone,18.817423,3.500191,2.846325,2.558856,-1.736471,0.030917,0.013882,1.348864,-0.024016,-0.010783,3.123790
sample,754,drone,18.842413,3.457218,2.847090,2.559199,-1.702560,0.030313,0.013611,1.364618,-0.024296,-0.010909,3.123790
sample,755,drone,18.867403,3.415098,2.847840,2.559536,-1.668267,0.029703,0.013337,1.379501,-0.024561,-0.011028,3.123790
sample,756,drone,18.892393,3.373839,2.848574,2.559866,-1.633613,0.029086,0.013060,1.393493,-0.024811,-0.011140,3.123790
sample,757,drone,18.917383,3.333450,2.849293,2.560189,-1.598621,0.028463,0.012780,1.406577,-0.025043,-0.011245,3.123790
sample,758,drone,18.942373,3.293940,2.849997,2.560505,-1.563313,0.027834,0.012498,1.418734,-0.025260,-0.011342,3.123790
sample,759,drone,18.967363,3.255316,2.850685,2.560813,-1.527712,0.027200,0.012213,1.429946,-0.025460,-0.011432,3.123790
sample,760,drone,18.992353,3.217585,2.851356,2.561115,-1.491844,0.026562,0.011926,1.440194,-0.025642,-0.011513,3.123790
sample,761,drone,19.017343,3.180754,2.852012,2.561410,-1.455732,0.025919,0.011638,1.449459,-0.025807,-0.011588,3.123790
sample,762,drone,19.042333,3.144828,2.852652,2.561697,-1.419400,0.025272,0.011347,1.457723,-0.025954,-0.011654,3.123790
sample,763,drone,19.067323,3.109812,2.853275,2.561977,-1.382875,0.024621,0.011055,1.464967,-0.026083,-0.011712,3.123790
sample,764,drone,19.092313,3.075712,2.853882,2.562249,-1.346181,0.023968,0.010762,1.471174,-0.026194,-0.011761,3.123790
sample,765,drone,19.117303,3.042530,2.854473,2.562515,-1.309346,0.023312,0.010467,1.476324,-0.026285,-0.011802,3.123790
sample,766,drone,19.142292,3.010271,2.855048,2.562772,-1.272395,0.022654,0.010172,1.480399,-0.026358,-0.011835,3.123790
sample,767,drone,19.167282,2.978936,2.855605,2.563023,-1.235356,0.021995,0.009876,1.483380,-0.026411,-0.011859,3.123790
sample,768,drone,19.192272,2.948528,2.856147,2.563266,-1.198256,0.021334,0.009579,1.485249,-0.026444,-0.011874,3.123790
sample,769,drone,19.217262,2.919047,2.856672,2.563502,-1.161123,0.020673,0.009282,1.485988,-0.026457,-0.011880,3.123790
sample,770,drone,19.242252,2.890495,2.857180,2.563730,-1.123986,0.020012,0.008986,1.485577,-0.026450,-0.011876,3.123790
sample,771,drone,19.267242,2.862871,2.857672,2.563951,-1.086874,0.019351,0.008689,1.483999,-0.026422,-0.011864,3.123790
sample,772,drone,19.292232,2.836173,2.858147,2.564164,-1.049816,0.018692,0.008393,1.481235,-0.026373,-0.011842,3.123790
sample,773,drone,19.317222,2.810401,2.858606,2.564370,-1.012842,0.018033,0.008097,1.477266,-0.026302,-0.011810,3.123790
sample,774,drone,19.342212,2.785552,2.859049,2.564569,-0.975983,0.017377,0.007802,1.472074,-0.026210,-0.011768,3.123790
sample,775,drone,19.367202,2.761622,2.859475,2.564760,-0.939268,0.016723,0.007509,1.465640,-0.026095,-0.011717,3.123790
sample,776,drone,19.392192,2.738607,2.859884,2.564944,-0.902730,0.016073,0.007217,1.457945,-0.025958,-0.011655,3.123790
sample,777,drone,19.417182,2.716503,2.860278,2.565121,-0.866400,0.015426,0.006926,1.448973,-0.025798,-0.011584,3.123790
sample,778,drone,19.442172,2.695304,2.860655,2.565290,-0.830311,0.014783,0.006638,1.438702,-0.025615,-0.011502,3.123790
sample,779,drone,19.467162,2.675004,2.861017,2.565453,-0.794494,0.014146,0.006351,1.427117,-0.025409,-0.011409,3.123790
sample,780,drone,19.492152,2.655596,2.861362,2.565608,-0.758984,0.013513,0.006068,1.414196,-0.025179,-0.011306,3.123790
sample,781,drone,19.517142,2.637070,2.861692,2.565756,-0.723813,0.012887,0.005786,1.399924,-0.024925,-0.011192,3.123790
sample,782,drone,19.542132,2.619420,2.862006,2.565897,-0.689016,0.012268,0.005508,1.384279,-0.024646,-0.011066,3.123790
sample,783,drone,19.567121,2.602634,2.862305,2.566031,-0.654627,0.011655,0.005233,1.367245,-0.024343,-0.010930,3.123790
sample,784,drone,19.592111,2.586701,2.862589,2.566159,-0.620681,0.011051,0.004962,1.348803,-0.024015,-0.010783,3.123790
sample,785,drone,19.617101,2.571612,2.862858,2.566279,-0.587214,0.010455,0.004694,1.328934,-0.023661,-0.010624,3.123790
sample,786,drone,19.642091,2.557353,2.863112,2.566393,-0.554261,0.009868,0.004431,1.307619,-0.023282,-0.010454,3.123790
sample,787,drone,19.667081,2.543910,2.863351,2.566501,-0.521859,0.009291,0.004172,1.284840,-0.022876,-0.010272,3.123790
sample,788,drone,19.692071,2.531270,2.863576,2.566602,-0.490045,0.008725,0.003918,1.260580,-0.022444,-0.010078,3.123790
sample,789,drone,19.717061,2.519418,2.863787,2.566697,-0.458855,0.008170,0.003668,1.234818,-0.021985,-0.009872,3.123790
sample,790,drone,19.742051,2.508337,2.863984,2.566785,-0.428329,0.007626,0.003424,1.207537,-0.021500,-0.009654,3.123790
sample,791,drone,19.767041,2.498010,2.864168,2.566868,-0.398503,0.007095,0.003186,1.178718,-0.020987,-0.009423,3.123790
sample,792,drone,19.792031,2.488420,2.864339,2.566944,-0.369416,0.006577,0.002953,1.148342,-0.020446,-0.009180,3.123790
sample,793,drone,19.817021,2.479547,2.864497,2.567015,-0.341109,0.006073,0.002727,1.116391,-0.019877,-0.008925,3.123790
sample,794,drone,19.842011,2.471371,2.864642,2.567081,-0.313619,0.005584,0.002507,1.082847,-0.019280,-0.008657,3.123790
sample,795,drone,19.867001,2.463872,2.864776,2.567141,-0.286988,0.005110,0.002294,1.047691,-0.018654,-0.008376,3.123790
sample,796,drone,19.891991,2.457027,2.864898,2.567195,-0.261256,0.004652,0.002089,1.010905,-0.017999,-0.008082,3.123790
sample,797,drone,19.916981,2.450814,2.865008,2.567245,-0.236463,0.004210,0.001890,0.972469,-0.017314,-0.007774,3.123790
sample,798,drone,19.941971,2.445209,2.865108,2.567290,-0.212652,0.003786,0.001700,0.932366,-0.016600,-0.007454,3.123790
sample,799,drone,19.966960,2.440186,2.865198,2.567330,-0.189864,0.003380,0.001518,0.890577,-0.015856,-0.007120,3.123790
sample,800,drone,19.991950,2.435720,2.865277,2.567366,-0.168141,0.002994,0.001344,0.847084,-0.015082,-0.006772,3.123790
sample,801,drone,20.016940,2.431782,2.865347,2.567397,-0.147527,0.002627,0.001179,0.801867,-0.014277,-0.006410,3.123790
sample,802,drone,20.041930,2.428346,2.865408,2.567425,-0.128064,0.002280,0.001024,0.754908,-0.013441,-0.006035,3.123790
sample,803,drone,20.066920,2.425382,2.865461,2.567448,-0.109796,0.001955,0.000878,0.706190,-0.012573,-0.005646,3.123790
sample,804,drone,20.091910,2.422859,2.865506,2.567468,-0.092769,0.001652,0.000742,0.655693,-0.011674,-0.005242,3.123790
sample,805,drone,20.116900,2.420745,2.865544,2.567485,-0.077025,0.001371,0.000616,0.603399,-0.010743,-0.004824,3.123790
sample,806,drone,20.141890,2.419009,2.865575,2.567499,-0.062611,0.001115,0.000501,0.549289,-0.009780,-0.004391,3.123790
sample,807,drone,20.166880,2.417616,2.865600,2.567510,-0.049572,0.000883,0.000396,0.493345,-0.008784,-0.003944,3.123790
sample,808,drone,20.191870,2.416531,2.865619,2.567519,-0.037953,0.000676,0.000303,0.435548,-0.007755,-0.003482,3.123790
sample,809,drone,20.216860,2.415719,2.865633,2.567526,-0.027803,0.000495,0.000222,0.375880,-0.006692,-0.003005,3.123790
sample,810,drone,20.241850,2.415142,2.865644,2.567530,-0.019167,0.000341,0.000153,0.314323,-0.005596,-0.002513,3.123790
sample,811,drone,20.266840,2.414761,2.865650,2.567533,-0.012093,0.000215,0.000097,0.250857,-0.004466,-0.002005,3.123790
sample,812,drone,20.291830,2.414537,2.865654,2.567535,-0.006629,0.000118,0.000053,0.185464,-0.003302,-0.001483,3.123790
sample,813,drone,20.316820,2.414430,2.865656,2.567536,-0.002824,0.000050,0.000023,0.118249,-0.002116,-0.000948,3.123790
sample,814,drone,20.341810,2.414396,2.865657,2.567536,-0.000719,0.000012,0.000006,0.058592,-0.001901,-0.000691,3.124542
sample,815,drone,20.366799,2.414394,2.865657,2.567536,0.000105,-0.000045,-0.000012,0.031406,-0.005253,-0.001469,-0.403629
sample,816,drone,20.391789,2.414401,2.865655,2.567536,0.000851,-0.000250,-0.000068,0.044876,-0.012927,-0.003505,-0.286182
sample,817,drone,20.416779,2.414436,2.865644,2.567533,0.002348,-0.000691,-0.000187,0.076106,-0.022395,-0.006067,-0.286182
sample,818,drone,20.441769,2.414519,2.865620,2.567526,0.004654,-0.001370,-0.000371,0.108170,-0.031830,-0.008623,-0.286182
sample,819,drone,20.466759,2.414669,2.865576,2.567514,0.007754,-0.002282,-0.000618,0.139586,-0.041075,-0.011127,-0.286182
sample,820,drone,20.491749,2.414906,2.865506,2.567495,0.011631,-0.003422,-0.000927,0.170358,-0.050129,-0.013580,-0.286183
sample,821,drone,20.516739,2.415250,2.865405,2.567468,0.016268,-0.004787,-0.001297,0.200489,-0.058996,-0.015982,-0.286183
sample,822,drone,20.541729,2.415719,2.865267,2.567430,0.021651,-0.006371,-0.001726,0.229985,-0.067675,-0.018334,-0.286183
sample,823,drone,20.566719,2.416332,2.865086,2.567382,0.027763,-0.008170,-0.002213,0.258850,-0.076169,-0.020635,-0.286183
sample,824,drone,20.591709,2.417107,2.864858,2.567320,0.034589,-0.010178,-0.002757,0.287088,-0.084479,-0.022886,-0.286183
sample,825,drone,20.616699,2.418061,2.864578,2.567244,0.042112,-0.012392,-0.003357,0.314703,-0.092605,-0.025087,-0.286183
sample,826,drone,20.641689,2.419212,2.864239,2.567152,0.050317,-0.014806,-0.004011,0.341700,-0.100549,-0.027239,-0.286183
sample,827,drone,20.666679,2.420576,2.863838,2.567043,0.059190,-0.017417,-0.004718,0.368083,-0.108312,-0.029343,-0.286183
sample,828,drone,20.691669,2.422170,2.863369,2.566916,0.068714,-0.020220,-0.005478,0.393856,-0.115896,-0.031397,-0.286183
sample,829,drone,20.716659,2.424010,2.862827,2.566770,0.078875,-0.023210,-0.006288,0.419024,-0.123302,-0.033403,-0.286183
sample,830,drone,20.741649,2.426112,2.862209,2.566602,0.089657,-0.026382,-0.007147,0.443591,-0.130531,-0.035362,-0.286183
sample,831,drone,20.766638,2.428491,2.861509,2.566412,0.101045,-0.029734,-0.008055,0.467561,-0.137585,-0.037273,-0.286183
sample,832,drone,20.791628,2.431162,2.860723,2.566199,0.113025,-0.033259,-0.009010,0.490939,-0.144464,-0.039136,-0.286183
sample,833,drone,20.816618,2.434140,2.859846,2.565962,0.125582,-0.036954,-0.010011,0.513728,-0.151170,-0.040953,-0.286183
sample,834,drone,20.841608,2.437439,2.858876,2.565699,0.138702,-0.040814,-0.011057,0.535934,-0.157704,-0.042723,-0.286183
sample,835,drone,20.866598,2.441073,2.857806,2.565409,0.152368,-0.044836,-0.012146,0.557561,-0.164068,-0.044447,-0.286183
sample,836,drone,20.891588,2.445054,2.856635,2.565092,0.166568,-0.049014,-0.013278,0.578612,-0.170262,-0.046125,-0.286183
sample,837,drone,20.916578,2.449398,2.855357,2.564746,0.181287,-0.053346,-0.014452,0.599092,-0.176289,-0.047758,-0.286183
sample,838,drone,20.941568,2.454115,2.853968,2.564370,0.196511,-0.057825,-0.015665,0.619006,-0.182149,-0.049345,-0.286183
sample,839,drone,20.966558,2.459219,2.852467,2.563963,0.212225,-0.062449,-0.016918,0.638358,-0.187843,-0.050888,-0.286183
sample,840,drone,20.991548,2.464722,2.850847,2.563524,0.228416,-0.067214,-0.018209,0.657152,-0.193374,-0.052386,-0.286183
sample,841,drone,21.016538,2.470635,2.849107,2.563053,0.245070,-0.072114,-0.019536,0.675393,-0.198741,-0.053840,-0.286183
sample,842,drone,21.041528,2.476971,2.847243,2.562548,0.262172,-0.077147,-0.020900,0.693084,-0.203947,-0.055251,-0.286183
sample,843,drone,21.066518,2.483739,2.845251,2.562008,0.279710,-0.082307,-0.022298,0.710231,-0.208993,-0.056618,-0.286183
sample,844,drone,21.091508,2.490950,2.843129,2.561433,0.297669,-0.087592,-0.023729,0.726836,-0.213879,-0.057941,-0.286183
sample,845,drone,21.116498,2.498616,2.840874,2.560822,0.316037,-0.092997,-0.025194,0.742906,-0.218608,-0.059222,-0.286183
sample,846,drone,21.141488,2.506746,2.838481,2.560174,0.334800,-0.098518,-0.026689,0.758444,-0.223180,-0.060461,-0.286183
sample,847,drone,21.166477,2.515349,2.835950,2.559488,0.353944,-0.104152,-0.028215,0.773454,-0.227597,-0.061658,-0.286183
sample,848,drone,21.191467,2.524436,2.833276,2.558764,0.373457,-0.109893,-0.029771,0.787941,-0.231859,-0.062812,-0.286183
sample,849,drone,21.216457,2.534015,2.830457,2.558000,0.393325,-0.115740,-0.031355,0.801908,-0.235970,-0.063926,-0.286183
sample,850,drone,21.241447,2.544094,2.827491,2.557197,0.413536,-0.121687,-0.032966,0.815362,-0.239928,-0.064998,-0.286183
sample,851,drone,21.266437,2.554683,2.824375,2.556353,0.434077,-0.127731,-0.034603,0.828304,-0.243737,-0.066030,-0.286183
sample,852,drone,21.291427,2.565789,2.821107,2.555467,0.454935,-0.133869,-0.036266,0.840741,-0.247397,-0.067021,-0.286183
sample,853,drone,21.316417,2.577421,2.817684,2.554540,0.476097,-0.140096,-0.037953,0.852676,-0.250909,-0.067973,-0.286183
sample,854,drone,21.341407,2.589585,2.814105,2.553570,0.497551,-0.146409,-0.039663,0.864114,-0.254274,-0.068885,-0.286183
sample,855,drone,21.366397,2.602288,2.810367,2.552558,0.519285,-0.152805,-0.041396,0.875059,-0.257495,-0.069757,-0.286183
sample,856,drone,21.391387,2.615539,2.806468,2.551501,0.541287,-0.159279,-0.043150,0.885515,-0.260572,-0.070591,-0.286183
sample,857,drone,21.416377,2.629342,2.802406,2.550401,0.563543,-0.165828,-0.044924,0.895487,-0.263506,-0.071386,-0.286183
sample,858,drone,21.441367,2.643704,2.798180,2.549256,0.586043,-0.172449,-0.046718,0.904978,-0.266299,-0.072142,-0.286183
sample,859,drone,21.466357,2.658632,2.793787,2.548066,0.608774,-0.179138,-0.048530,0.913994,-0.268952,-0.072861,-0.286183
sample,860,drone,21.491347,2.674131,2.789227,2.546831,0.631724,-0.185891,-0.050359,0.922538,-0.271466,-0.073542,-0.286183
sample,861,drone,21.516337,2.690206,2.784496,2.545549,0.654882,-0.192706,-0.052205,0.930615,-0.273843,-0.074186,-0.286183
sample,862,drone,21.541327,2.706862,2.779595,2.544221,0.678236,-0.199578,-0.054067,0.938229,-0.276083,-0.074793,-0.286183
sample,863,drone,21.566316,2.724104,2.774522,2.542847,0.701775,-0.206504,-0.055943,0.945385,-0.278189,-0.075363,-0.286183
sample,864,drone,21.591306,2.741936,2.769274,2.541425,0.725486,-0.213482,-0.057834,0.952087,-0.280161,-0.075898,-0.286183
sample,865,drone,21.616296,2.760364,2.763852,2.539956,0.749360,-0.220507,-0.059737,0.958339,-0.282001,-0.076396,-0.286183
sample,866,drone,21.641286,2.779389,2.758253,2.538440,0.773384,-0.227576,-0.061652,0.964145,-0.283709,-0.076859,-0.286183
sample,867,drone,21.666276,2.799017,2.752478,2.536875,0.797548,-0.234686,-0.063578,0.969510,-0.285288,-0.077287,-0.286183
sample,868,drone,21.691266,2.819251,2.746524,2.535262,0.821840,-0.241835,-0.065515,0.974438,-0.286738,-0.077679,-0.286183
sample,869,drone,21.716256,2.840093,2.740391,2.533601,0.846250,-0.249018,-0.067461,0.978934,-0.288061,-0.078038,-0.286183
sample,870,drone,21.741246,2.861546,2.734078,2.531890,0.870767,-0.256232,-0.069415,0.983001,-0.289258,-0.078362,-0.286183
sample,871,drone,21.766236,2.883613,2.727584,2.530131,0.895380,-0.263475,-0.071377,0.986644,-0.290330,-0.078652,-0.286183
sample,872,drone,21.791226,2.906297,2.720909,2.528323,0.920079,-0.270743,-0.073346,0.989868,-0.291279,-0.078909,-0.286183
sample,873,drone,21.816216,2.929599,2.714053,2.526465,0.944854,-0.278033,-0.075321,0.992676,-0.292105,-0.079133,-0.286183
sample,874,drone,21.841206,2.953521,2.707013,2.524558,0.969693,-0.285342,-0.077301,0.995074,-0.292810,-0.079324,-0.286183
sample,875,drone,21.866196,2.978064,2.699791,2.522602,0.994587,-0.292667,-0.079286,0.997064,-0.293396,-0.079483,-0.286183
sample,876,drone,21.891186,3.003230,2.692386,2.520596,1.019526,-0.300006,-0.081274,0.998653,-0.293864,-0.079610,-0.286183
sample,877,drone,21.916176,3.029020,2.684797,2.518540,1.044500,-0.307355,-0.083265,0.999843,-0.294214,-0.079705,-0.286183
sample,878,drone,21.941166,3.055434,2.677024,2.516434,1.069498,-0.314711,-0.085257,1.000640,-0.294448,-0.079768,-0.286183
sample,879,drone,21.966155,3.082473,2.669068,2.514279,1.094512,-0.322071,-0.087251,1.001047,-0.294568,-0.079801,-0.286183
sample,880,drone,21.991145,3.110138,2.660927,2.512073,1.119531,-0.329433,-0.089246,1.001069,-0.294575,-0.079802,-0.286183
sample,881,drone,22.016135,3.138427,2.652603,2.509818,1.144545,-0.336794,-0.091240,1.000711,-0.294469,-0.079774,-0.286183
sample,882,drone,22.041125,3.167342,2.644094,2.507513,1.169546,-0.344151,-0.093233,0.999976,-0.294253,-0.079715,-0.286183
sample,883,drone,22.066115,3.196881,2.635402,2.505158,1.194524,-0.351501,-0.095224,0.998869,-0.293927,-0.079627,-0.286183
sample,884,drone,22.091105,3.227044,2.626526,2.502754,1.219469,-0.358841,-0.097213,0.997394,-0.293493,-0.079509,-0.286183
sample,885,drone,22.116095,3.257830,2.617467,2.500300,1.244373,-0.366169,-0.099198,0.995556,-0.292952,-0.079363,-0.286183
sample,886,drone,22.141085,3.289238,2.608225,2.497796,1.269227,-0.373483,-0.101179,0.993358,-0.292306,-0.079188,-0.286183
sample,887,drone,22.166075,3.321266,2.598801,2.495243,1.294021,-0.380779,-0.103156,0.990806,-0.291555,-0.078984,-0.286183
sample,888,drone,22.191065,3.353913,2.589194,2.492640,1.318747,-0.388055,-0.105127,0.987903,-0.290700,-0.078753,-0.286183
sample,889,drone,22.216055,3.387177,2.579406,2.489989,1.343397,-0.395308,-0.107092,0.984654,-0.289744,-0.078494,-0.286183
sample,890,drone,22.241045,3.421055,2.569436,2.487288,1.367960,-0.402536,-0.109050,0.981063,-0.288688,-0.078208,-0.286183
sample,891,drone,22.266035,3.455547,2.559287,2.484538,1.392430,-0.409737,-0.111001,0.977135,-0.287532,-0.077894,-0.286183
sample,892,drone,22.291025,3.490649,2.548958,2.481740,1.416797,-0.416907,-0.112943,0.972873,-0.286278,-0.077555,-0.286183
sample,893,drone,22.316015,3.526358,2.538450,2.478893,1.441054,-0.424045,-0.114877,0.968282,-0.284927,-0.077189,-0.286183
sample,894,drone,22.341005,3.562673,2.527764,2.475999,1.465192,-0.431148,-0.116801,0.963367,-0.283481,-0.076797,-0.286183
sample,895,drone,22.365994,3.599589,2.516901,2.473056,1.489203,-0.438213,-0.118715,0.958132,-0.281940,-0.076380,-0.286183
sample,896,drone,22.390984,3.637103,2.505862,2.470065,1.513079,-0.445239,-0.120618,0.952580,-0.280306,-0.075937,-0.286183
sample,897,drone,22.415974,3.675212,2.494648,2.467027,1.536813,-0.452223,-0.122510,0.946717,-0.278581,-0.075470,-0.286183
sample,898,drone,22.440964,3.713913,2.483260,2.463942,1.560396,-0.459162,-0.124390,0.940547,-0.276765,-0.074978,-0.286183
sample,899,drone,22.465954,3.753201,2.471699,2.460810,1.583821,-0.466055,-0.126258,0.934073,-0.274861,-0.074462,-0.286183
sample,900,drone,22.490944,3.793072,2.459967,2.457632,1.607081,-0.472900,-0.128112,0.927301,-0.272868,-0.073922,-0.286183
sample,901,drone,22.515934,3.833522,2.448064,2.454407,1.630168,-0.479693,-0.129952,0.920235,-0.270788,-0.073358,-0.286183
sample,902,drone,22.540924,3.874547,2.435992,2.451137,1.653074,-0.486434,-0.131778,0.912878,-0.268624,-0.072772,-0.286183
sample,903,drone,22.565914,3.916143,2.423752,2.447821,1.675793,-0.493119,-0.133589,0.905236,-0.266375,-0.072163,-0.286183
sample,904,drone,22.590904,3.958303,2.411346,2.444460,1.698318,-0.499747,-0.135385,0.897313,-0.264043,-0.071531,-0.286183
sample,905,drone,22.615894,4.001024,2.398775,2.441054,1.720641,-0.506316,-0.137165,0.889112,-0.261630,-0.070877,-0.286183
sample,906,drone,22.640884,4.044301,2.386040,2.437605,1.742756,-0.512823,-0.138927,0.880638,-0.259137,-0.070202,-0.286183
sample,907,drone,22.665874,4.088127,2.373144,2.434111,1.764655,-0.519268,-0.140673,0.871897,-0.256564,-0.069505,-0.286183
sample,908,drone,22.690864,4.132498,2.360087,2.430574,1.786333,-0.525646,-0.142401,0.862891,-0.253914,-0.068787,-0.286183
sample,909,drone,22.715854,4.177408,2.346872,2.426994,1.807782,-0.531958,-0.144111,0.853625,-0.251188,-0.068049,-0.286183
sample,910,drone,22.740844,4.222851,2.333500,2.423371,1.828997,-0.538201,-0.145802,0.844103,-0.248386,-0.067289,-0.286183
sample,911,drone,22.765834,4.268821,2.319973,2.419707,1.849970,-0.544372,-0.147474,0.834331,-0.245510,-0.066510,-0.286183
sample,912,drone,22.790823,4.315312,2.306292,2.416000,1.870697,-0.550471,-0.149127,0.824312,-0.242562,-0.065712,-0.286183
sample,913,drone,22.815813,4.362318,2.292460,2.412253,1.891169,-0.556496,-0.150759,0.814050,-0.239542,-0.064894,-0.286183
sample,914,drone,22.840803,4.409832,2.278479,2.408465,1.911383,-0.562444,-0.152370,0.803550,-0.236453,-0.064057,-0.286183
sample,915,drone,22.865793,4.457849,2.264350,2.404638,1.931331,-0.568314,-0.153960,0.792816,-0.233294,-0.063201,-0.286183
sample,916,drone,22.890783,4.506360,2.250075,2.400771,1.951008,-0.574104,-0.155529,0.781852,-0.230068,-0.062327,-0.286183
sample,917,drone,22.915773,4.555360,2.235656,2.396864,1.970408,-0.579812,-0.157075,0.770663,-0.226775,-0.061435,-0.286183
sample,918,drone,22.940763,4.604841,2.221096,2.392920,1.989525,-0.585438,-0.158599,0.759254,-0.223418,-0.060526,-0.286183
sample,919,drone,22.965753,4.654796,2.206396,2.388938,2.008355,-0.590979,-0.160100,0.747627,-0.219997,-0.059599,-0.286183
sample,920,drone,22.990743,4.705218,2.191559,2.384918,2.026892,-0.596433,-0.161578,0.735789,-0.216513,-0.058655,-0.286183
sample,921,drone,23.015733,4.756100,2.176586,2.380862,2.045130,-0.601800,-0.163032,0.723742,-0.212968,-0.057695,-0.286183
sample,922,drone,23.040723,4.807433,2.161481,2.376770,2.063064,-0.607077,-0.164462,0.711492,-0.209364,-0.056718,-0.286183
sample,923,drone,23.065713,4.859212,2.146245,2.372642,2.080690,-0.612264,-0.165867,0.699042,-0.205700,-0.055726,-0.286183
sample,924,drone,23.090703,4.911426,2.130880,2.368480,2.098002,-0.617358,-0.167247,0.686398,-0.201979,-0.054718,-0.286183
sample,925,drone,23.115693,4.964069,2.115389,2.364283,2.114996,-0.622359,-0.168601,0.673562,-0.198202,-0.053694,-0.286183
sample,926,drone,23.140683,5.017133,2.099774,2.360053,2.131667,-0.627264,-0.169930,0.660541,-0.194371,-0.052656,-0.286183
sample,927,drone,23.165673,5.070610,2.084038,2.355790,2.148010,-0.632074,-0.171233,0.647337,-0.190485,-0.051604,-0.286183
sample,928,drone,23.190662,5.124491,2.068184,2.351495,2.164021,-0.636785,-0.172509,0.633955,-0.186548,-0.050537,-0.286183
sample,929,drone,23.215652,5.178767,2.052212,2.347168,2.179695,-0.641397,-0.173759,0.620400,-0.182559,-0.049457,-0.286183
sample,930,drone,23.240642,5.233431,2.036127,2.342811,2.195028,-0.645909,-0.174981,0.606676,-0.178521,-0.048362,-0.286183
sample,931,drone,23.265632,5.288475,2.019930,2.338423,2.210016,-0.650320,-0.176176,0.592788,-0.174434,-0.047255,-0.286183
sample,932,drone,23.290622,5.343888,2.003624,2.334005,2.224656,-0.654627,-0.177343,0.578738,-0.170300,-0.046135,-0.286183
sample,933,drone,23.315612,5.399663,1.987211,2.329559,2.238942,-0.658831,-0.178482,0.564533,-0.166120,-0.045003,-0.286183
sample,934,drone,23.340602,5.455790,1.970695,2.325085,2.252871,-0.662930,-0.179592,0.550176,-0.161895,-0.043858,-0.286183
sample,935,drone,23.365592,5.512261,1.954078,2.320583,2.266439,-0.666923,-0.180674,0.535671,-0.157627,-0.042702,-0.286183
sample,936,drone,23.390582,5.569066,1.937363,2.316055,2.279644,-0.670808,-0.181727,0.521023,-0.153316,-0.041534,-0.286183
sample,937,drone,23.415572,5.626197,1.920551,2.311500,2.292480,-0.674585,-0.182750,0.506236,-0.148965,-0.040356,-0.286183
sample,938,drone,23.440562,5.683644,1.903647,2.306921,2.304945,-0.678253,-0.183744,0.491315,-0.144574,-0.039166,-0.286183
sample,939,drone,23.465552,5.741398,1.886652,2.302317,2.317036,-0.681811,-0.184707,0.476263,-0.140145,-0.037966,-0.286183
sample,940,drone,23.490542,5.799449,1.869570,2.297689,2.328749,-0.685258,-0.185641,0.461086,-0.135679,-0.036756,-0.286183
sample,941,drone,23.515532,5.857789,1.852403,2.293039,2.340081,-0.688592,-0.186545,0.445787,-0.131177,-0.035537,-0.286183
sample,942,drone,23.540522,5.916406,1.835154,2.288366,2.351029,-0.691814,-0.187417,0.430371,-0.126641,-0.034308,-0.286183
sample,943,drone,23.565512,5.975293,1.817826,2.283672,2.361591,-0.694922,-0.188259,0.414841,-0.122071,-0.033070,-0.286183
sample,944,drone,23.590501,6.034438,1.800422,2.278957,2.371763,-0.697915,-0.189070,0.399204,-0.117470,-0.031823,-0.286183
sample,945,drone,23.615491,6.093833,1.782945,2.274222,2.381543,-0.700793,-0.189850,0.383461,-0.112837,-0.030568,-0.286183
sample,946,drone,23.640481,6.153467,1.765397,2.269468,2.390928,-0.703555,-0.190598,0.367619,-0.108176,-0.029306,-0.286183
sample,947,drone,23.665471,6.213331,1.747781,2.264696,2.399916,-0.706200,-0.191314,0.351681,-0.103486,-0.028035,-0.286183
sample,948,drone,23.690461,6.273415,1.730101,2.259906,2.408505,-0.708727,-0.191999,0.335652,-0.098769,-0.026757,-0.286183
sample,949,drone,23.715451,6.333708,1.712359,2.255100,2.416692,-0.711136,-0.192652,0.319536,-0.094027,-0.025472,-0.286183
sample,950,drone,23.740441,6.394201,1.694558,2.250277,2.424476,-0.713426,-0.193272,0.303337,-0.089260,-0.024181,-0.286183
sample,951,drone,23.765431,6.454883,1.676702,2.245440,2.431853,-0.715597,-0.193860,0.287059,-0.084470,-0.022884,-0.286183
sample,952,drone,23.790421,6.515745,1.658793,2.240588,2.438823,-0.717648,-0.194416,0.270708,-0.079659,-0.021580,-0.286183
sample,953,drone,23.815411,6.576775,1.640834,2.235723,2.445383,-0.719579,-0.194939,0.254287,-0.074826,-0.020271,-0.286183
sample,954,drone,23.840401,6.637965,1.622829,2.230845,2.451532,-0.721388,-0.195429,0.237800,-0.069975,-0.018957,-0.286183
sample,955,drone,23.865391,6.699303,1.604779,2.225956,2.457268,-0.723076,-0.195886,0.221253,-0.065106,-0.017638,-0.286183
sample,956,drone,23.890381,6.760779,1.586689,2.221055,2.462590,-0.724642,-0.196311,0.204648,-0.060220,-0.016314,-0.286183
sample,957,drone,23.915371,6.822382,1.568562,2.216144,2.467497,-0.726086,-0.196702,0.187991,-0.055318,-0.014986,-0.286183
sample,958,drone,23.940361,6.884104,1.550400,2.211224,2.471986,-0.727407,-0.197060,0.171286,-0.050403,-0.013654,-0.286183
sample,959,drone,23.965351,6.945932,1.532206,2.206295,2.476057,-0.728605,-0.197384,0.154537,-0.045474,-0.012319,-0.286183
sample,960,drone,23.990340,7.007857,1.513984,2.201358,2.479710,-0.729680,-0.197675,0.137748,-0.040534,-0.010981,-0.286183
sample,961,drone,24.015330,7.069868,1.495737,2.196415,2.482942,-0.730631,-0.197933,0.120925,-0.035583,-0.009640,-0.286183
sample,962,drone,24.040320,7.131954,1.477467,2.191466,2.485753,-0.731458,-0.198157,0.104070,-0.030624,-0.008296,-0.286183
sample,963,drone,24.065310,7.194105,1.459179,2.186511,2.488143,-0.732161,-0.198348,0.087189,-0.025656,-0.006950,-0.286183
sample,964,drone,24.090300,7.256311,1.440874,2.181552,2.490111,-0.732740,-0.198504,0.070285,-0.020682,-0.005603,-0.286183
sample,965,drone,24.115290,7.318561,1.422556,2.176590,2.491656,-0.733195,-0.198628,0.053364,-0.015703,-0.004254,-0.286183
sample,966,drone,24.140280,7.380844,1.404229,2.171625,2.492778,-0.733525,-0.198717,0.036429,-0.010720,-0.002904,-0.286183
sample,967,drone,24.165270,7.443149,1.385895,2.166658,2.493477,-0.733731,-0.198773,0.019485,-0.005734,-0.001553,-0.286183
sample,968,drone,24.190260,7.505467,1.367557,2.161690,2.493752,-0.733812,-0.198795,0.002536,-0.000746,-0.000202,-0.286183
sample,969,drone,24.215250,7.567787,1.349219,2.156722,2.493604,-0.733768,-0.198783,-0.014414,0.004242,0.001149,-0.286183
sample,970,drone,24.240240,7.630097,1.330883,2.151755,2.493032,-0.733600,-0.198737,-0.031360,0.009228,0.002500,-0.286183
sample,971,drone,24.265230,7.692388,1.312554,2.146790,2.492036,-0.733307,-0.198658,-0.048299,0.014212,0.003850,-0.286183
sample,972,drone,24.290220,7.754649,1.294233,2.141826,2.490618,-0.732889,-0.198545,-0.065225,0.019193,0.005200,-0.286183
sample,973,drone,24.315210,7.816869,1.275924,2.136866,2.488776,-0.732348,-0.198398,-0.082134,0.024169,0.006547,-0.286183
sample,974,drone,24.340200,7.879038,1.257630,2.131910,2.486513,-0.731681,-0.198218,-0.099022,0.029138,0.007894,-0.286183
sample,975,drone,24.365190,7.941145,1.239355,2.126959,2.483827,-0.730891,-0.198004,-0.115885,0.034100,0.009238,-0.286183
sample,976,drone,24.390179,8.003179,1.221100,2.122014,2.480721,-0.729977,-0.197756,-0.132718,0.039054,0.010580,-0.286183
sample,977,drone,24.415169,8.065131,1.202871,2.117076,2.477194,-0.728939,-0.197475,-0.149518,0.043997,0.011919,-0.286183
sample,978,drone,24.440159,8.126989,1.184668,2.112144,2.473248,-0.727778,-0.197160,-0.166279,0.048929,0.013255,-0.286183
sample,979,drone,24.465149,8.188743,1.166496,2.107222,2.468883,-0.726494,-0.196812,-0.182998,0.053849,0.014588,-0.286183
sample,980,drone,24.490139,8.250383,1.148358,2.102308,2.464102,-0.725087,-0.196431,-0.199670,0.058755,0.015917,-0.286183
sample,981,drone,24.515129,8.311899,1.130256,2.097404,2.458904,-0.723557,-0.196017,-0.216291,0.063646,0.017242,-0.286183
sample,982,drone,24.540119,8.373279,1.112195,2.092511,2.453292,-0.721906,-0.195569,-0.232856,0.068520,0.018563,-0.286183
sample,983,drone,24.565109,8.434514,1.094176,2.087629,2.447266,-0.720133,-0.195089,-0.249361,0.073377,0.019878,-0.286183
sample,984,drone,24.590099,8.495593,1.076203,2.082760,2.440828,-0.718238,-0.194576,-0.265802,0.078215,0.021189,-0.286183
sample,985,drone,24.615089,8.556506,1.058278,2.077905,2.433981,-0.716223,-0.194030,-0.282175,0.083033,0.022494,-0.286183
sample,986,drone,24.640079,8.617243,1.040406,2.073063,2.426725,-0.714088,-0.193452,-0.298475,0.087829,0.023794,-0.286183
sample,987,drone,24.665069,8.677794,1.022588,2.068236,2.419063,-0.711834,-0.192841,-0.314698,0.092603,0.025087,-0.286183
sample,988,drone,24.690059,8.738148,1.004828,2.063425,2.410997,-0.709460,-0.192198,-0.330839,0.097353,0.026374,-0.286183
sample,989,drone,24.715049,8.798295,0.987129,2.058630,2.402528,-0.706968,-0.191523,-0.346895,0.102077,0.027653,-0.286183
sample,990,drone,24.740039,8.858226,0.969494,2.053852,2.393659,-0.704358,-0.190816,-0.362861,0.106775,0.028926,-0.286183
sample,991,drone,24.765029,8.917930,0.951926,2.049093,2.384392,-0.701631,-0.190077,-0.378732,0.111446,0.030191,-0.286183
sample,992,drone,24.790018,8.977397,0.934427,2.044352,2.374730,-0.698788,-0.189307,-0.394505,0.116087,0.031449,-0.286183
sample,993,drone,24.815008,9.036619,0.917000,2.039631,2.364675,-0.695829,-0.188505,-0.410174,0.120698,0.032698,-0.286183
sample,994,drone,24.839998,9.095584,0.899649,2.034931,2.354230,-0.692756,-0.187672,-0.425736,0.125277,0.033938,-0.286183
sample,995,drone,24.864988,9.154283,0.882377,2.030252,2.343397,-0.689568,-0.186809,-0.441187,0.129824,0.035170,-0.286183
sample,996,drone,24.889978,9.212706,0.865185,2.025594,2.332179,-0.686267,-0.185915,-0.456521,0.134336,0.036393,-0.286183
sample,997,drone,24.914968,9.270845,0.848077,2.020960,2.320580,-0.682854,-0.184990,-0.471736,0.138813,0.037605,-0.286183
sample,998,drone,24.939958,9.328689,0.831056,2.016348,2.308602,-0.679329,-0.184035,-0.486825,0.143253,0.038808,-0.286183
sample,999,drone,24.964948,9.386228,0.814124,2.011762,2.296248,-0.675694,-0.183050,-0.501786,0.147656,0.040001,-0.286183
sample,1000,drone,24.989938,9.443455,0.797285,2.007200,2.283523,-0.671950,-0.182036,-0.516614,0.152019,0.041183,-0.286183
sample,1001,drone,25.014928,9.500359,0.780540,2.002663,2.270428,-0.668096,-0.180992,-0.531304,0.156341,0.042354,-0.286183
sample,1002,drone,25.039918,9.556931,0.763893,1.998154,2.256968,-0.664136,-0.179919,-0.545852,0.160622,0.043514,-0.286183
sample,1003,drone,25.064908,9.613162,0.747347,1.993671,2.243147,-0.660068,-0.178817,-0.560253,0.164860,0.044662,-0.286183
sample,1004,drone,25.089898,9.669043,0.730903,1.989216,2.228967,-0.655896,-0.177687,-0.574505,0.169054,0.045798,-0.286183
sample,1005,drone,25.114888,9.724565,0.714565,1.984790,2.214433,-0.651619,-0.176528,-0.588601,0.173202,0.046922,-0.286183
sample,1006,drone,25.139878,9.779720,0.698335,1.980394,2.199549,-0.647239,-0.175342,-0.602538,0.177303,0.048033,-0.286183
sample,1007,drone,25.164868,9.834498,0.682216,1.976027,2.184318,-0.642758,-0.174128,-0.616312,0.181356,0.049131,-0.286183
sample,1008,drone,25.189857,9.888892,0.666210,1.971691,2.168745,-0.638175,-0.172886,-0.629918,0.185360,0.050215,-0.286183
sample,1009,drone,25.214847,9.942892,0.650320,1.967386,2.152835,-0.633493,-0.171618,-0.643352,0.189313,0.051286,-0.286183
sample,1010,drone,25.239837,9.996490,0.634549,1.963113,2.136591,-0.628713,-0.170323,-0.656609,0.193214,0.052343,-0.286183
sample,1011,drone,25.264827,10.049678,0.618897,1.958873,2.120018,-0.623837,-0.169002,-0.669686,0.197062,0.053385,-0.286183
sample,1012,drone,25.289817,10.102448,0.603369,1.954667,2.103120,-0.618864,-0.167655,-0.682577,0.200855,0.054413,-0.286183
sample,1013,drone,25.314807,10.154792,0.587967,1.950494,2.085902,-0.613798,-0.166282,-0.695279,0.204593,0.055426,-0.286183
sample,1014,drone,25.339797,10.206702,0.572692,1.946356,2.068370,-0.608639,-0.164884,-0.707788,0.208274,0.056423,-0.286183
sample,1015,drone,25.364787,10.258169,0.557547,1.942253,2.050527,-0.603388,-0.163462,-0.720098,0.211896,0.057404,-0.286183
sample,1016,drone,25.389777,10.309187,0.542534,1.938186,2.032380,-0.598048,-0.162015,-0.732206,0.215459,0.058369,-0.286183
sample,1017,drone,25.414767,10.359747,0.527657,1.934155,2.013932,-0.592620,-0.160545,-0.744107,0.218961,0.059318,-0.286183
sample,1018,drone,25.439757,10.409843,0.512915,1.930162,1.995189,-0.587105,-0.159051,-0.755798,0.222401,0.060250,-0.286183
sample,1019,drone,25.464747,10.459466,0.498313,1.926206,1.976157,-0.581504,-0.157534,-0.767273,0.225778,0.061165,-0.286183
sample,1020,drone,25.489737,10.508611,0.483852,1.922288,1.956841,-0.575820,-0.155994,-0.778528,0.229090,0.062062,-0.286183
sample,1021,drone,25.514727,10.557269,0.469534,1.918410,1.937246,-0.570054,-0.154432,-0.789560,0.232336,0.062941,-0.286183
sample,1022,drone,25.539717,10.605434,0.455361,1.914570,1.917379,-0.564208,-0.152848,-0.800363,0.235515,0.063803,-0.286183
sample,1023,drone,25.564707,10.653099,0.441335,1.910770,1.897244,-0.558283,-0.151243,-0.810933,0.238625,0.064645,-0.286183
sample,1024,drone,25.589696,10.700258,0.427458,1.907011,1.876849,-0.552282,-0.149617,-0.821267,0.241666,0.065469,-0.286183
sample,1025,drone,25.614686,10.746904,0.413732,1.903292,1.856197,-0.546205,-0.147971,-0.831359,0.244636,0.066274,-0.286183
sample,1026,drone,25.639676,10.793031,0.400158,1.899615,1.835297,-0.540055,-0.146305,-0.841206,0.247533,0.067059,-0.286183
sample,1027,drone,25.664666,10.838632,0.386740,1.895980,1.814154,-0.533833,-0.144619,-0.850803,0.250357,0.067824,-0.286183
sample,1028,drone,25.689656,10.883702,0.373478,1.892387,1.792774,-0.527542,-0.142915,-0.860145,0.253106,0.068568,-0.286183
sample,1029,drone,25.714646,10.928235,0.360373,1.888837,1.771164,-0.521183,-0.141192,-0.869230,0.255780,0.069292,-0.286183
sample,1030,drone,25.739636,10.972224,0.347429,1.885330,1.749330,-0.514758,-0.139452,-0.878051,0.258375,0.069996,-0.286183
sample,1031,drone,25.764626,11.015666,0.334646,1.881867,1.727279,-0.508269,-0.137694,-0.886605,0.260893,0.070678,-0.286183
sample,1032,drone,25.789616,11.058554,0.322026,1.878449,1.705018,-0.501719,-0.135919,-0.894888,0.263330,0.071338,-0.286183
sample,1033,drone,25.814606,11.100882,0.309570,1.875074,1.682553,-0.495108,-0.134128,-0.902895,0.265686,0.071976,-0.286183
sample,1034,drone,25.839596,11.142647,0.297280,1.871745,1.659891,-0.488440,-0.132322,-0.910622,0.267960,0.072592,-0.286183
sample,1035,drone,25.864586,11.183844,0.285158,1.868461,1.637040,-0.481716,-0.130500,-0.918064,0.270150,0.073185,-0.286183
sample,1036,drone,25.889576,11.224466,0.273204,1.865222,1.614007,-0.474938,-0.128664,-0.925218,0.272255,0.073756,-0.286183
sample,1037,drone,25.914566,11.264511,0.261420,1.862030,1.590798,-0.468108,-0.126814,-0.932079,0.274274,0.074303,-0.286183
sample,1038,drone,25.939556,11.303974,0.249808,1.858884,1.567421,-0.461230,-0.124950,-0.938642,0.276205,0.074826,-0.286183
sample,1039,drone,25.964546,11.342851,0.238368,1.855785,1.543885,-0.454304,-0.123074,-0.944903,0.278047,0.075325,-0.286183
sample,1040,drone,25.989536,11.381138,0.227102,1.852733,1.520195,-0.447333,-0.121186,-0.950859,0.279800,0.075800,-0.286183
sample,1041,drone,26.014525,11.418830,0.216011,1.849728,1.496361,-0.440319,-0.119286,-0.956504,0.281461,0.076250,-0.286183
sample,1042,drone,26.039515,11.455925,0.205095,1.846771,1.472389,-0.433265,-0.117375,-0.961834,0.283029,0.076675,-0.286183
sample,1043,drone,26.064505,11.492420,0.194356,1.843862,1.448288,-0.426173,-0.115453,-0.966846,0.284504,0.077074,-0.286183
sample,1044,drone,26.089495,11.528311,0.183795,1.841001,1.424066,-0.419046,-0.113522,-0.971534,0.285884,0.077448,-0.286183
sample,1045,drone,26.114485,11.563595,0.173412,1.838188,1.399731,-0.411885,-0.111583,-0.975894,0.287167,0.077795,-0.286183
sample,1046,drone,26.139475,11.598269,0.163209,1.835424,1.375291,-0.404693,-0.109634,-0.979923,0.288352,0.078117,-0.286183
sample,1047,drone,26.164465,11.632332,0.153186,1.832709,1.350755,-0.397473,-0.107678,-0.983615,0.289439,0.078411,-0.286183
sample,1048,drone,26.189455,11.665780,0.143343,1.830042,1.326130,-0.390227,-0.105715,-0.986967,0.290425,0.078678,-0.286183
sample,1049,drone,26.214445,11.698611,0.133682,1.827425,1.301426,-0.382958,-0.103746,-0.989974,0.291310,0.078918,-0.286183
sample,1050,drone,26.239435,11.730825,0.124203,1.824857,1.276652,-0.375668,-0.101771,-0.992632,0.292092,0.079130,-0.286183
sample,1051,drone,26.264425,11.762418,0.114906,1.822339,1.251815,-0.368359,-0.099791,-0.994936,0.292770,0.079313,-0.286183
sample,1052,drone,26.289415,11.793390,0.105793,1.819870,1.226925,-0.361035,-0.097807,-0.996882,0.293343,0.079469,-0.286183
sample,1053,drone,26.314405,11.823740,0.096862,1.817450,1.201991,-0.353698,-0.095819,-0.998466,0.293809,0.079595,-0.286183
sample,1054,drone,26.339395,11.853466,0.088115,1.815080,1.177022,-0.346350,-0.093829,-0.999684,0.294167,0.079692,-0.286183
sample,1055,drone,26.364385,11.882567,0.079551,1.812761,1.152027,-0.338995,-0.091836,-1.000530,0.294416,0.079759,-0.286183
sample,1056,drone,26.389375,11.911044,0.071172,1.810491,1.127015,-0.331636,-0.089842,-1.001002,0.294555,0.079797,-0.286183
sample,1057,drone,26.414364,11.938895,0.062976,1.808270,1.101997,-0.324274,-0.087848,-1.001094,0.294582,0.079804,-0.286183
sample,1058,drone,26.439354,11.966122,0.054965,1.806100,1.076981,-0.316912,-0.085854,-1.000802,0.294496,0.079781,-0.286183
sample,1059,drone,26.464344,11.992723,0.047137,1.803979,1.051977,-0.309555,-0.083861,-1.000123,0.294296,0.079727,-0.286183
sample,1060,drone,26.489334,12.018699,0.039493,1.801909,1.026995,-0.302204,-0.081869,-0.999050,0.293981,0.079641,-0.286183
sample,1061,drone,26.514324,12.044052,0.032033,1.799888,1.002044,-0.294862,-0.079880,-0.997582,0.293548,0.079524,-0.286183
sample,1062,drone,26.539314,12.068781,0.024756,1.797916,0.977136,-0.287532,-0.077894,-0.995712,0.292998,0.079375,-0.286183
sample,1063,drone,26.564304,12.092889,0.017662,1.795994,0.952279,-0.280218,-0.075913,-0.993436,0.292329,0.079194,-0.286183
sample,1064,drone,26.589294,12.116376,0.010751,1.794122,0.927484,-0.272921,-0.073936,-0.990751,0.291539,0.078980,-0.286183
sample,1065,drone,26.614284,12.139244,0.004021,1.792299,0.902761,-0.265647,-0.071966,-0.987652,0.290627,0.078733,-0.286183
sample,1066,drone,26.639274,12.161496,-0.002526,1.790525,0.878121,-0.258396,-0.070001,-0.984135,0.289592,0.078452,-0.286183
sample,1067,drone,26.664264,12.183133,-0.008893,1.788800,0.853574,-0.251173,-0.068044,-0.980195,0.288432,0.078138,-0.286183
sample,1068,drone,26.689254,12.204157,-0.015080,1.787124,0.829131,-0.243980,-0.066096,-0.975828,0.287147,0.077790,-0.286183
sample,1069,drone,26.714244,12.224573,-0.021087,1.785497,0.804802,-0.236821,-0.064157,-0.971030,0.285735,0.077408,-0.286183
sample,1070,drone,26.739234,12.244381,-0.026916,1.783918,0.780599,-0.229699,-0.062227,-0.965796,0.284195,0.076990,-0.286183
sample,1071,drone,26.764224,12.263587,-0.032568,1.782387,0.756532,-0.222617,-0.060309,-0.960122,0.282526,0.076538,-0.286183
sample,1072,drone,26.789214,12.282193,-0.038043,1.780904,0.732612,-0.215579,-0.058402,-0.954004,0.280725,0.076050,-0.286183
sample,1073,drone,26.814203,12.300203,-0.043342,1.779468,0.708851,-0.208587,-0.056508,-0.947438,0.278793,0.075527,-0.286183
sample,1074,drone,26.839193,12.317621,-0.048468,1.778079,0.685260,-0.201645,-0.054627,-0.940418,0.276728,0.074967,-0.286183
sample,1075,drone,26.864183,12.334452,-0.053420,1.776738,0.661849,-0.194756,-0.052761,-0.932941,0.274527,0.074371,-0.286183
sample,1076,drone,26.889173,12.350700,-0.058202,1.775442,0.638631,-0.187924,-0.050910,-0.925003,0.272192,0.073739,-0.286183
sample,1077,drone,26.914163,12.366371,-0.062813,1.774193,0.615618,-0.181152,-0.049075,-0.916599,0.269719,0.073069,-0.286183
sample,1078,drone,26.939153,12.381469,-0.067255,1.772990,0.592820,-0.174443,-0.047258,-0.907725,0.267107,0.072361,-0.286183
sample,1079,drone,26.964143,12.396000,-0.071531,1.771831,0.570250,-0.167802,-0.045459,-0.898376,0.264356,0.071616,-0.286183
sample,1080,drone,26.989133,12.409970,-0.075642,1.770718,0.547919,-0.161231,-0.043679,-0.888549,0.261464,0.070833,-0.286183
sample,1081,drone,27.014123,12.423385,-0.079590,1.769648,0.525840,-0.154734,-0.041918,-0.878238,0.258430,0.070011,-0.286183
sample,1082,drone,27.039113,12.436251,-0.083376,1.768623,0.504025,-0.148314,-0.040179,-0.867440,0.255253,0.069150,-0.286183
sample,1083,drone,27.064103,12.448576,-0.087002,1.767640,0.482485,-0.141976,-0.038462,-0.856150,0.251931,0.068250,-0.286183
sample,1084,drone,27.089093,12.460366,-0.090472,1.766700,0.461234,-0.135723,-0.036768,-0.844364,0.248463,0.067310,-0.286183
sample,1085,drone,27.114083,12.471628,-0.093786,1.765802,0.440284,-0.129558,-0.035098,-0.832078,0.244847,0.066331,-0.286183
sample,1086,drone,27.139073,12.482371,-0.096947,1.764946,0.419647,-0.123485,-0.033453,-0.819287,0.241083,0.065311,-0.286183
sample,1087,drone,27.164063,12.492602,-0.099958,1.764130,0.399336,-0.117509,-0.031834,-0.805987,0.237170,0.064251,-0.286183
sample,1088,drone,27.189053,12.502330,-0.102820,1.763355,0.379364,-0.111632,-0.030242,-0.792174,0.233105,0.063150,-0.286183
sample,1089,drone,27.214042,12.511563,-0.105537,1.762619,0.359744,-0.105858,-0.028678,-0.777843,0.228888,0.062007,-0.286183
sample,1090,drone,27.239032,12.520310,-0.108111,1.761922,0.340488,-0.100192,-0.027143,-0.762989,0.224517,0.060823,-0.286183
sample,1091,drone,27.264022,12.528580,-0.110545,1.761262,0.321610,-0.094637,-0.025638,-0.747610,0.219992,0.059597,-0.286183
sample,1092,drone,27.289012,12.536384,-0.112841,1.760640,0.303122,-0.089197,-0.024164,-0.731700,0.215310,0.058329,-0.286183
sample,1093,drone,27.314002,12.543730,-0.115003,1.760055,0.285039,-0.083876,-0.022723,-0.715255,0.210471,0.057018,-0.286183
sample,1094,drone,27.338992,12.550630,-0.117033,1.759505,0.267374,-0.078677,-0.021314,-0.698271,0.205473,0.055664,-0.286183
sample,1095,drone,27.363982,12.557094,-0.118935,1.758989,0.250140,-0.073606,-0.019940,-0.680743,0.200315,0.054267,-0.286183
sample,1096,drone,27.388972,12.563132,-0.120712,1.758508,0.233350,-0.068666,-0.018602,-0.662667,0.194997,0.052826,-0.286183
sample,1097,drone,27.413962,12.568756,-0.122367,1.758060,0.217020,-0.063860,-0.017300,-0.644039,0.189515,0.051341,-0.286183
sample,1098,drone,27.438952,12.573979,-0.123903,1.757643,0.201161,-0.059194,-0.016036,-0.624855,0.183870,0.049812,-0.286183
sample,1099,drone,27.463942,12.578810,-0.125325,1.757258,0.185790,-0.054670,-0.014811,-0.605109,0.178060,0.048238,-0.286183
sample,1100,drone,27.488932,12.583264,-0.126636,1.756903,0.170918,-0.050294,-0.013625,-0.584799,0.172083,0.046618,-0.286183
sample,1101,drone,27.513922,12.587353,-0.127839,1.756577,0.156561,-0.046070,-0.012481,-0.563919,0.165939,0.044954,-0.286183
sample,1102,drone,27.538912,12.591089,-0.128938,1.756279,0.142734,-0.042001,-0.011378,-0.542465,0.159626,0.043244,-0.286183
sample,1103,drone,27.563902,12.594487,-0.129938,1.756008,0.129449,-0.038092,-0.010319,-0.520433,0.153143,0.041487,-0.286183
sample,1104,drone,27.588892,12.597559,-0.130842,1.755763,0.116722,-0.034347,-0.009305,-0.497818,0.146488,0.039685,-0.286183
sample,1105,drone,27.613881,12.600320,-0.131655,1.755543,0.104568,-0.030770,-0.008336,-0.474617,0.139661,0.037835,-0.286183
sample,1106,drone,27.638871,12.602785,-0.132380,1.755347,0.093001,-0.027367,-0.007414,-0.450824,0.132660,0.035938,-0.286183
sample,1107,drone,27.663861,12.604969,-0.133023,1.755173,0.082036,-0.024140,-0.006540,-0.426437,0.125483,0.033994,-0.286183
sample,1108,drone,27.688851,12.606885,-0.133587,1.755020,0.071688,-0.021095,-0.005715,-0.401449,0.118130,0.032002,-0.286183
sample,1109,drone,27.713841,12.608552,-0.134077,1.754887,0.061972,-0.018236,-0.004940,-0.375857,0.110600,0.029962,-0.286183
sample,1110,drone,27.738831,12.609983,-0.134498,1.754773,0.052903,-0.015567,-0.004217,-0.349657,0.102890,0.027874,-0.286183
sample,1111,drone,27.763821,12.611196,-0.134855,1.754676,0.044496,-0.013093,-0.003547,-0.322845,0.095000,0.025736,-0.286183
sample,1112,drone,27.788811,12.612207,-0.135152,1.754596,0.036767,-0.010819,-0.002931,-0.295415,0.086929,0.023550,-0.286183
sample,1113,drone,27.813801,12.613033,-0.135396,1.754530,0.029731,-0.008749,-0.002370,-0.267364,0.078674,0.021313,-0.286183
sample,1114,drone,27.838791,12.613693,-0.135590,1.754477,0.023404,-0.006887,-0.001866,-0.238687,0.070236,0.019027,-0.286183
sample,1115,drone,27.863781,12.614203,-0.135740,1.754437,0.017801,-0.005238,-0.001419,-0.209380,0.061612,0.016691,-0.286183
sample,1116,drone,27.888771,12.614582,-0.135852,1.754406,0.012939,-0.003807,-0.001031,-0.179439,0.052802,0.014304,-0.286183
sample,1117,drone,27.913761,12.614850,-0.135930,1.754385,0.008833,-0.002599,-0.000704,-0.148860,0.043803,0.011867,-0.286183
sample,1118,drone,27.938751,12.615024,-0.135981,1.754371,0.005499,-0.001618,-0.000438,-0.117637,0.034616,0.009378,-0.286182
sample,1119,drone,27.963741,12.615125,-0.136011,1.754363,0.002954,-0.000869,-0.000235,-0.085767,0.025238,0.006837,-0.286182
sample,1120,drone,27.988731,12.615171,-0.136025,1.754359,0.001213,-0.000357,-0.000097,-0.053319,0.015705,0.004252,-0.286182
sample,1121,drone,28.013720,12.615185,-0.136029,1.754358,0.000289,-0.000084,-0.000023,-0.023273,0.007510,0.001932,-0.283734
sample,1122,drone,28.038710,12.615186,-0.136029,1.754358,0.000049,0.000019,-0.000000,-0.002370,0.003988,0.000571,0.358428
sample,1123,drone,28.063700,12.615188,-0.136028,1.754358,0.000170,0.000115,0.000006,0.008017,0.005717,0.000299,0.594381
sample,1124,drone,28.088690,12.615194,-0.136023,1.754359,0.000450,0.000304,0.000015,0.014061,0.009504,0.000463,0.594383
sample,1125,drone,28.113680,12.615210,-0.136013,1.754359,0.000873,0.000590,0.000029,0.019726,0.013333,0.000650,0.594384
sample,1126,drone,28.138670,12.615238,-0.135994,1.754360,0.001436,0.000971,0.000047,0.025265,0.017077,0.000833,0.594384
sample,1127,drone,28.163660,12.615282,-0.135964,1.754361,0.002136,0.001444,0.000070,0.030679,0.020737,0.001011,0.594384
sample,1128,drone,28.188650,12.615345,-0.135922,1.754364,0.002969,0.002007,0.000098,0.035969,0.024312,0.001185,0.594384
sample,1129,drone,28.213640,12.615430,-0.135864,1.754366,0.003934,0.002659,0.000130,0.041136,0.027805,0.001356,0.594384
sample,1130,drone,28.238630,12.615541,-0.135789,1.754370,0.005025,0.003397,0.000166,0.046180,0.031214,0.001522,0.594384
sample,1131,drone,28.263620,12.615681,-0.135694,1.754375,0.006242,0.004219,0.000206,0.051103,0.034542,0.001684,0.594384
sample,1132,drone,28.288610,12.615853,-0.135578,1.754380,0.007579,0.005123,0.000250,0.055905,0.037788,0.001843,0.594384
sample,1133,drone,28.313600,12.616060,-0.135438,1.754387,0.009036,0.006107,0.000298,0.060588,0.040953,0.001997,0.594384
sample,1134,drone,28.338590,12.616305,-0.135273,1.754395,0.010608,0.007170,0.000350,0.065152,0.044038,0.002147,0.594384
sample,1135,drone,28.363580,12.616590,-0.135080,1.754405,0.012292,0.008308,0.000405,0.069598,0.047043,0.002294,0.594384
sample,1136,drone,28.388570,12.616919,-0.134857,1.754415,0.014086,0.009521,0.000464,0.073928,0.049970,0.002437,0.594384
sample,1137,drone,28.413559,12.617294,-0.134604,1.754428,0.015987,0.010806,0.000527,0.078142,0.052818,0.002575,0.594384
sample,1138,drone,28.438549,12.617718,-0.134317,1.754442,0.017992,0.012161,0.000593,0.082241,0.055588,0.002711,0.594384
sample,1139,drone,28.463539,12.618194,-0.133996,1.754457,0.020097,0.013584,0.000662,0.086225,0.058282,0.002842,0.594384
sample,1140,drone,28.488529,12.618723,-0.133638,1.754475,0.022301,0.015074,0.000735,0.090097,0.060899,0.002969,0.594384
sample,1141,drone,28.513519,12.619308,-0.133243,1.754494,0.024600,0.016628,0.000811,0.093857,0.063440,0.003093,0.594384
sample,1142,drone,28.538509,12.619952,-0.132807,1.754515,0.026992,0.018245,0.000890,0.097505,0.065906,0.003214,0.594384
sample,1143,drone,28.563499,12.620657,-0.132331,1.754539,0.029474,0.019922,0.000971,0.101043,0.068297,0.003330,0.594384
sample,1144,drone,28.588489,12.621425,-0.131812,1.754564,0.032042,0.021658,0.001056,0.104471,0.070614,0.003443,0.594384
sample,1145,drone,28.613479,12.622259,-0.131248,1.754591,0.034695,0.023451,0.001144,0.107791,0.072858,0.003553,0.594384
sample,1146,drone,28.638469,12.623160,-0.130640,1.754621,0.037430,0.025300,0.001234,0.111003,0.075030,0.003659,0.594384
sample,1147,drone,28.663459,12.624130,-0.129984,1.754653,0.040243,0.027201,0.001326,0.114109,0.077129,0.003761,0.594384
sample,1148,drone,28.688449,12.625171,-0.129280,1.754687,0.043133,0.029154,0.001422,0.117109,0.079157,0.003860,0.594384
sample,1149,drone,28.713439,12.626285,-0.128527,1.754724,0.046096,0.031157,0.001519,0.120004,0.081113,0.003955,0.594384
sample,1150,drone,28.738429,12.627475,-0.127723,1.754763,0.049131,0.033209,0.001619,0.122795,0.083000,0.004047,0.594384
sample,1151,drone,28.763419,12.628741,-0.126867,1.754805,0.052233,0.035306,0.001722,0.125483,0.084817,0.004136,0.594384
sample,1152,drone,28.788409,12.630085,-0.125958,1.754849,0.055402,0.037448,0.001826,0.128069,0.086565,0.004221,0.594384
sample,1153,drone,28.813399,12.631510,-0.124995,1.754896,0.058634,0.039632,0.001933,0.130554,0.088245,0.004303,0.594384
sample,1154,drone,28.838388,12.633016,-0.123977,1.754946,0.061927,0.041858,0.002041,0.132939,0.089857,0.004381,0.594384
sample,1155,drone,28.863378,12.634605,-0.122903,1.754998,0.065279,0.044123,0.002151,0.135224,0.091401,0.004457,0.594384
sample,1156,drone,28.888368,12.636278,-0.121772,1.755054,0.068686,0.046426,0.002264,0.137412,0.092880,0.004529,0.594384
sample,1157,drone,28.913358,12.638038,-0.120583,1.755112,0.072146,0.048765,0.002378,0.139501,0.094292,0.004598,0.594384
sample,1158,drone,28.938348,12.639884,-0.119335,1.755172,0.075658,0.051139,0.002494,0.141494,0.095639,0.004663,0.594384
sample,1159,drone,28.963338,12.641819,-0.118027,1.755236,0.079218,0.053546,0.002611,0.143392,0.096922,0.004726,0.594384
sample,1160,drone,28.988328,12.643844,-0.116659,1.755303,0.082825,0.055983,0.002730,0.145195,0.098141,0.004785,0.594384
sample,1161,drone,29.013318,12.645959,-0.115229,1.755373,0.086475,0.058451,0.002850,0.146904,0.099296,0.004842,0.594384
sample,1162,drone,29.038308,12.648166,-0.113737,1.755445,0.090167,0.060946,0.002972,0.148520,0.100388,0.004895,0.594384
sample,1163,drone,29.063298,12.650465,-0.112183,1.755521,0.093898,0.063468,0.003095,0.150044,0.101418,0.004945,0.594384
sample,1164,drone,29.088288,12.652859,-0.110565,1.755600,0.097666,0.066015,0.003219,0.151477,0.102387,0.004992,0.594384
sample,1165,drone,29.113278,12.655347,-0.108883,1.755682,0.101469,0.068585,0.003344,0.152820,0.103295,0.005037,0.594384
sample,1166,drone,29.138268,12.657930,-0.107137,1.755767,0.105304,0.071178,0.003471,0.154074,0.104143,0.005078,0.594384
sample,1167,drone,29.163258,12.660610,-0.105326,1.755855,0.109169,0.073790,0.003598,0.155240,0.104930,0.005117,0.594384
sample,1168,drone,29.188248,12.663386,-0.103449,1.755947,0.113063,0.076422,0.003726,0.156318,0.105659,0.005152,0.594384
sample,1169,drone,29.213238,12.666261,-0.101506,1.756042,0.116982,0.079071,0.003856,0.157310,0.106330,0.005185,0.594384
sample,1170,drone,29.238227,12.669233,-0.099497,1.756140,0.120925,0.081736,0.003986,0.158217,0.106943,0.005215,0.594384
sample,1171,drone,29.263217,12.672304,-0.097421,1.756241,0.124890,0.084416,0.004116,0.159039,0.107498,0.005242,0.594384
sample,1172,drone,29.288207,12.675475,-0.095278,1.756345,0.128874,0.087109,0.004248,0.159777,0.107997,0.005266,0.594384
sample,1173,drone,29.313197,12.678746,-0.093068,1.756453,0.132876,0.089814,0.004379,0.160433,0.108440,0.005288,0.594384
sample,1174,drone,29.338187,12.682116,-0.090789,1.756564,0.136892,0.092529,0.004512,0.161007,0.108828,0.005307,0.594384
sample,1175,drone,29.363177,12.685587,-0.088443,1.756679,0.140923,0.095253,0.004645,0.161500,0.109162,0.005323,0.594384
sample,1176,drone,29.388167,12.689160,-0.086029,1.756796,0.144964,0.097985,0.004778,0.161913,0.109441,0.005336,0.594384
sample,1177,drone,29.413157,12.692833,-0.083546,1.756917,0.149015,0.100723,0.004911,0.162247,0.109666,0.005347,0.594384
sample,1178,drone,29.438147,12.696607,-0.080994,1.757042,0.153073,0.103466,0.005045,0.162502,0.109839,0.005356,0.594384
sample,1179,drone,29.463137,12.700483,-0.078375,1.757170,0.157137,0.106213,0.005179,0.162681,0.109960,0.005362,0.594384
sample,1180,drone,29.488127,12.704461,-0.075686,1.757301,0.161204,0.108962,0.005313,0.162783,0.110029,0.005365,0.594384
sample,1181,drone,29.513117,12.708540,-0.072929,1.757435,0.165273,0.111712,0.005447,0.162810,0.110048,0.005366,0.594384
sample,1182,drone,29.538107,12.712721,-0.070103,1.757573,0.169341,0.114462,0.005581,0.162763,0.110015,0.005364,0.594384
sample,1183,drone,29.563097,12.717004,-0.067208,1.757714,0.173408,0.117210,0.005715,0.162642,0.109934,0.005360,0.594384
sample,1184,drone,29.588087,12.721388,-0.064244,1.757859,0.177470,0.119956,0.005849,0.162449,0.109803,0.005354,0.594384
sample,1185,drone,29.613077,12.725874,-0.061212,1.758006,0.181527,0.122698,0.005983,0.162184,0.109624,0.005345,0.594384
sample,1186,drone,29.638066,12.730461,-0.058112,1.758158,0.185576,0.125435,0.006116,0.161848,0.109397,0.005334,0.594384
sample,1187,drone,29.663056,12.735149,-0.054943,1.758312,0.189616,0.128166,0.006249,0.161442,0.109122,0.005321,0.594384
sample,1188,drone,29.688046,12.739938,-0.051706,1.758470,0.193645,0.130889,0.006382,0.160967,0.108802,0.005305,0.594384
sample,1189,drone,29.713036,12.744827,-0.048401,1.758631,0.197661,0.133604,0.006515,0.160425,0.108435,0.005287,0.594384
sample,1190,drone,29.738026,12.749817,-0.045029,1.758796,0.201663,0.136309,0.006647,0.159815,0.108023,0.005267,0.594384
sample,1191,drone,29.763016,12.754906,-0.041589,1.758963,0.205649,0.139003,0.006778,0.159139,0.107566,0.005245,0.594384
sample,1192,drone,29.788006,12.760095,-0.038081,1.759134,0.209617,0.141685,0.006909,0.158398,0.107065,0.005221,0.594384
sample,1193,drone,29.812996,12.765383,-0.034507,1.759309,0.213565,0.144354,0.007039,0.157593,0.106521,0.005194,0.594384
sample,1194,drone,29.837986,12.770769,-0.030867,1.759486,0.217493,0.147009,0.007168,0.156724,0.105934,0.005165,0.594384
sample,1195,drone,29.862976,12.776253,-0.027160,1.759667,0.221398,0.149648,0.007297,0.155793,0.105304,0.005135,0.594384
sample,1196,drone,29.887966,12.781835,-0.023387,1.759851,0.225280,0.152272,0.007425,0.154800,0.104633,0.005102,0.594384
sample,1197,drone,29.912956,12.787513,-0.019549,1.760038,0.229135,0.154878,0.007552,0.153747,0.103921,0.005067,0.594384
sample,1198,drone,29.937946,12.793287,-0.015646,1.760228,0.232964,0.157466,0.007678,0.152634,0.103169,0.005031,0.594384
sample,1199,drone,29.962936,12.799156,-0.011679,1.760422,0.236764,0.160034,0.007803,0.151462,0.102377,0.004992,0.594384
sample,1200,drone,29.987926,12.805120,-0.007648,1.760618,0.240534,0.162583,0.007928,0.150233,0.101546,0.004951,0.594384
sample,1201,drone,30.012916,12.811178,-0.003553,1.760818,0.244273,0.165110,0.008051,0.148946,0.100676,0.004909,0.594384
sample,1202,drone,30.037905,12.817329,0.000604,1.761021,0.247978,0.167614,0.008173,0.147604,0.099769,0.004865,0.594384
sample,1203,drone,30.062895,12.823572,0.004824,1.761226,0.251650,0.170096,0.008294,0.146206,0.098824,0.004819,0.594384
sample,1204,drone,30.087885,12.829906,0.009106,1.761435,0.255286,0.172554,0.008414,0.144754,0.097843,0.004771,0.594384
sample,1205,drone,30.112875,12.836331,0.013448,1.761647,0.258885,0.174986,0.008532,0.143249,0.096826,0.004721,0.594384
sample,1206,drone,30.137865,12.842845,0.017851,1.761862,0.262445,0.177393,0.008650,0.141692,0.095773,0.004670,0.594384
sample,1207,drone,30.162855,12.849448,0.022314,1.762079,0.265966,0.179773,0.008766,0.140083,0.094686,0.004617,0.594384
sample,1208,drone,30.187845,12.856138,0.026836,1.762300,0.269447,0.182125,0.008881,0.138424,0.093564,0.004562,0.594384
sample,1209,drone,30.212835,12.862915,0.031417,1.762523,0.272885,0.184449,0.008994,0.136715,0.092409,0.004506,0.594384
sample,1210,drone,30.237825,12.869777,0.036055,1.762749,0.276280,0.186744,0.009106,0.134958,0.091221,0.004448,0.594384
sample,1211,drone,30.262815,12.876723,0.040750,1.762978,0.279630,0.189009,0.009216,0.133153,0.090001,0.004389,0.594384
sample,1212,drone,30.287805,12.883753,0.045502,1.763210,0.282935,0.191242,0.009325,0.131301,0.088749,0.004328,0.594384
sample,1213,drone,30.312795,12.890864,0.050309,1.763444,0.286192,0.193444,0.009433,0.129403,0.087467,0.004265,0.594384
sample,1214,drone,30.337785,12.898057,0.055170,1.763681,0.289402,0.195614,0.009538,0.127460,0.086153,0.004201,0.594384
sample,1215,drone,30.362775,12.905329,0.060085,1.763921,0.292563,0.197750,0.009642,0.125474,0.084811,0.004135,0.594384
sample,1216,drone,30.387765,12.912679,0.065054,1.764163,0.295673,0.199853,0.009745,0.123444,0.083439,0.004069,0.594384
sample,1217,drone,30.412755,12.920106,0.070074,1.764408,0.298732,0.201920,0.009846,0.121372,0.082038,0.004000,0.594384
sample,1218,drone,30.437744,12.927610,0.075146,1.764655,0.301739,0.203953,0.009945,0.119258,0.080609,0.003931,0.594384
sample,1219,drone,30.462734,12.935187,0.080268,1.764905,0.304693,0.205949,0.010042,0.117105,0.079154,0.003860,0.594384
sample,1220,drone,30.487724,12.942838,0.085439,1.765157,0.307592,0.207909,0.010138,0.114911,0.077671,0.003787,0.594384
sample,1221,drone,30.512714,12.950561,0.090659,1.765412,0.310436,0.209831,0.010232,0.112680,0.076163,0.003714,0.594384
sample,1222,drone,30.537704,12.958354,0.095926,1.765669,0.313224,0.211716,0.010323,0.110411,0.074629,0.003639,0.594384
sample,1223,drone,30.562694,12.966216,0.101240,1.765928,0.315955,0.213561,0.010413,0.108105,0.073071,0.003563,0.594384
sample,1224,drone,30.587684,12.974145,0.106600,1.766189,0.318627,0.215368,0.010502,0.105763,0.071488,0.003486,0.594384
sample,1225,drone,30.612674,12.982141,0.112004,1.766453,0.321241,0.217134,0.010588,0.103387,0.069882,0.003407,0.594384
sample,1226,drone,30.637664,12.990201,0.117452,1.766718,0.323794,0.218860,0.010672,0.100976,0.068252,0.003328,0.594384
sample,1227,drone,30.662654,12.998324,0.122943,1.766986,0.326287,0.220545,0.010754,0.098533,0.066601,0.003248,0.594384
sample,1228,drone,30.687644,13.006508,0.128475,1.767256,0.328719,0.222189,0.010834,0.096058,0.064928,0.003166,0.594384
sample,1229,drone,30.712634,13.014753,0.134048,1.767528,0.331088,0.223791,0.010912,0.093551,0.063234,0.003083,0.594384
sample,1230,drone,30.737624,13.023056,0.139660,1.767801,0.333395,0.225349,0.010988,0.091015,0.061519,0.003000,0.594384
sample,1231,drone,30.762614,13.031416,0.145311,1.768077,0.335637,0.226865,0.011062,0.088449,0.059785,0.002915,0.594384
sample,1232,drone,30.787604,13.039831,0.150999,1.768354,0.337815,0.228337,0.011134,0.085854,0.058031,0.002830,0.594384
sample,1233,drone,30.812594,13.048300,0.156723,1.768633,0.339928,0.229766,0.011204,0.083232,0.056259,0.002743,0.594384
sample,1234,drone,30.837583,13.056821,0.162483,1.768914,0.341975,0.231149,0.011271,0.080584,0.054469,0.002656,0.594384
sample,1235,drone,30.862573,13.065392,0.168276,1.769197,0.343956,0.232488,0.011336,0.077910,0.052661,0.002568,0.594384
sample,1236,drone,30.887563,13.074012,0.174102,1.769481,0.345869,0.233781,0.011399,0.075212,0.050837,0.002479,0.594384
sample,1237,drone,30.912553,13.082679,0.179960,1.769766,0.347715,0.235029,0.011460,0.072489,0.048997,0.002389,0.594384
sample,1238,drone,30.937543,13.091391,0.185849,1.770053,0.349492,0.236230,0.011519,0.069744,0.047142,0.002299,0.594384
sample,1239,drone,30.962533,13.100146,0.191767,1.770342,0.351201,0.237385,0.011575,0.066977,0.045271,0.002207,0.594384
sample,1240,drone,30.987523,13.108943,0.197714,1.770632,0.352840,0.238493,0.011629,0.064189,0.043387,0.002116,0.594384
sample,1241,drone,31.012513,13.117781,0.203687,1.770923,0.354409,0.239553,0.011681,0.061380,0.041488,0.002023,0.594384
sample,1242,drone,31.037503,13.126657,0.209686,1.771216,0.355907,0.240566,0.011730,0.058553,0.039577,0.001930,0.594384
sample,1243,drone,31.062493,13.135569,0.215710,1.771509,0.357335,0.241531,0.011777,0.055707,0.037654,0.001836,0.594384
sample,1244,drone,31.087483,13.144516,0.221758,1.771804,0.358692,0.242448,0.011822,0.052844,0.035719,0.001742,0.594384
sample,1245,drone,31.112473,13.153497,0.227828,1.772100,0.359976,0.243317,0.011864,0.049965,0.033772,0.001647,0.594384
sample,1246,drone,31.137463,13.162508,0.233919,1.772397,0.361189,0.244136,0.011904,0.047070,0.031816,0.001551,0.594384
sample,1247,drone,31.162453,13.171549,0.240030,1.772695,0.362329,0.244907,0.011942,0.044161,0.029849,0.001455,0.594384
sample,1248,drone,31.187443,13.180617,0.246159,1.772994,0.363396,0.245628,0.011977,0.041238,0.027874,0.001359,0.594384
sample,1249,drone,31.212433,13.189711,0.252306,1.773294,0.364390,0.246300,0.012010,0.038302,0.025889,0.001262,0.594384
sample,1250,drone,31.237422,13.198829,0.258469,1.773594,0.365310,0.246922,0.012040,0.035354,0.023897,0.001165,0.594384
sample,1251,drone,31.262412,13.207969,0.264647,1.773896,0.366157,0.247494,0.012068,0.032396,0.021897,0.001068,0.594384
sample,1252,drone,31.287402,13.217130,0.270839,1.774198,0.366930,0.248016,0.012094,0.029428,0.019891,0.000970,0.594384
sample,1253,drone,31.312392,13.226308,0.277043,1.774500,0.367628,0.248488,0.012117,0.026450,0.017878,0.000872,0.594384
sample,1254,drone,31.337382,13.235504,0.283259,1.774803,0.368252,0.248910,0.012137,0.023465,0.015860,0.000773,0.594384
sample,1255,drone,31.362372,13.244714,0.289484,1.775107,0.368801,0.249281,0.012155,0.020472,0.013838,0.000675,0.594384
sample,1256,drone,31.387362,13.253936,0.295718,1.775411,0.369275,0.249602,0.012171,0.017473,0.011810,0.000576,0.594384
sample,1257,drone,31.412352,13.263170,0.301959,1.775715,0.369674,0.249871,0.012184,0.014469,0.009780,0.000477,0.594384
sample,1258,drone,31.437342,13.272413,0.308206,1.776020,0.369998,0.250090,0.012195,0.011460,0.007746,0.000378,0.594384
sample,1259,drone,31.462332,13.281662,0.314458,1.776325,0.370247,0.250259,0.012203,0.008448,0.005710,0.000278,0.594384
sample,1260,drone,31.487322,13.290917,0.320714,1.776630,0.370420,0.250376,0.012209,0.005433,0.003672,0.000179,0.594384
sample,1261,drone,31.512312,13.300176,0.326972,1.776935,0.370518,0.250442,0.012212,0.002417,0.001633,0.000080,0.594384
sample,1262,drone,31.537302,13.309436,0.333231,1.777240,0.370541,0.250457,0.012213,-0.000601,-0.000406,-0.000020,0.594384
sample,1263,drone,31.562292,13.318696,0.339490,1.777545,0.370488,0.250422,0.012211,-0.003618,-0.002445,-0.000119,0.594384
sample,1264,drone,31.587282,13.327953,0.345747,1.777850,0.370360,0.250335,0.012207,-0.006633,-0.004484,-0.000219,0.594384
sample,1265,drone,31.612272,13.337206,0.352002,1.778155,0.370157,0.250198,0.012200,-0.009647,-0.006521,-0.000318,0.594384
sample,1266,drone,31.637261,13.346453,0.358252,1.778460,0.369878,0.250009,0.012191,-0.012658,-0.008556,-0.000417,0.594384
sample,1267,drone,31.662251,13.355693,0.364497,1.778764,0.369524,0.249770,0.012179,-0.015665,-0.010589,-0.000516,0.594384
sample,1268,drone,31.687241,13.364922,0.370736,1.779069,0.369095,0.249480,0.012165,-0.018668,-0.012618,-0.000615,0.594384
sample,1269,drone,31.712231,13.374140,0.376966,1.779372,0.368591,0.249139,0.012148,-0.021664,-0.014643,-0.000714,0.594384
sample,1270,drone,31.737221,13.383344,0.383188,1.779676,0.368012,0.248748,0.012129,-0.024654,-0.016664,-0.000813,0.594384
sample,1271,drone,31.762211,13.392533,0.389399,1.779979,0.367359,0.248307,0.012108,-0.027636,-0.018680,-0.000911,0.594384
sample,1272,drone,31.787201,13.401705,0.395598,1.780281,0.366631,0.247815,0.012084,-0.030610,-0.020690,-0.001009,0.594384
sample,1273,drone,31.812191,13.410857,0.401784,1.780583,0.365829,0.247273,0.012057,-0.033575,-0.022694,-0.001107,0.594384
sample,1274,drone,31.837181,13.419989,0.407956,1.780884,0.364953,0.246680,0.012028,-0.036529,-0.024691,-0.001204,0.594384
sample,1275,drone,31.862171,13.429098,0.414113,1.781184,0.364003,0.246038,0.011997,-0.039472,-0.026680,-0.001301,0.594384
sample,1276,drone,31.887161,13.438182,0.420253,1.781483,0.362980,0.245347,0.011963,-0.042403,-0.028661,-0.001398,0.594384
sample,1277,drone,31.912151,13.447239,0.426376,1.781782,0.361884,0.244606,0.011927,-0.045320,-0.030633,-0.001494,0.594384
sample,1278,drone,31.937141,13.456269,0.432479,1.782079,0.360715,0.243816,0.011889,-0.048224,-0.032596,-0.001589,0.594384
sample,1279,drone,31.962131,13.465268,0.438562,1.782376,0.359474,0.242977,0.011848,-0.051113,-0.034548,-0.001685,0.594384
sample,1280,drone,31.987121,13.474235,0.444623,1.782671,0.358160,0.242089,0.011804,-0.053986,-0.036490,-0.001779,0.594384
sample,1281,drone,32.012111,13.483169,0.450661,1.782966,0.356775,0.241153,0.011759,-0.056842,-0.038421,-0.001873,0.594384
sample,1282,drone,32.037101,13.492067,0.456676,1.783259,0.355319,0.240169,0.011711,-0.059681,-0.040340,-0.001967,0.594384
sample,1283,drone,32.062090,13.500927,0.462665,1.783551,0.353793,0.239137,0.011661,-0.062500,-0.042246,-0.002060,0.594384
sample,1284,drone,32.087080,13.509749,0.468628,1.783842,0.352196,0.238057,0.011608,-0.065301,-0.044138,-0.002152,0.594384
sample,1285,drone,32.112070,13.518530,0.474563,1.784131,0.350529,0.236931,0.011553,-0.068081,-0.046017,-0.002244,0.594384
sample,1286,drone,32.137060,13.527268,0.480469,1.784419,0.348793,0.235758,0.011496,-0.070839,-0.047882,-0.002335,0.594384
sample,1287,drone,32.162050,13.535963,0.486346,1.784706,0.346988,0.234538,0.011436,-0.073576,-0.049732,-0.002425,0.594384
sample,1288,drone,32.187040,13.544611,0.492192,1.784991,0.345116,0.233272,0.011375,-0.076289,-0.051565,-0.002514,0.594384
sample,1289,drone,32.212030,13.553211,0.498005,1.785274,0.343175,0.231961,0.011311,-0.078978,-0.053383,-0.002603,0.594384
sample,1290,drone,32.237020,13.561763,0.503785,1.785556,0.341168,0.230604,0.011244,-0.081641,-0.055183,-0.002691,0.594384
sample,1291,drone,32.262010,13.570263,0.509530,1.785836,0.339095,0.229202,0.011176,-0.084279,-0.056966,-0.002778,0.594384
sample,1292,drone,32.287000,13.578711,0.515240,1.786115,0.336956,0.227757,0.011106,-0.086890,-0.058731,-0.002864,0.594384
sample,1293,drone,32.311990,13.587104,0.520914,1.786391,0.334752,0.226267,0.011033,-0.089473,-0.060477,-0.002949,0.594384
sample,1294,drone,32.336980,13.595442,0.526549,1.786666,0.332484,0.224734,0.010958,-0.092028,-0.062204,-0.003033,0.594384
sample,1295,drone,32.361970,13.603722,0.532146,1.786939,0.330153,0.223158,0.010881,-0.094553,-0.063910,-0.003116,0.594384
sample,1296,drone,32.386960,13.611943,0.537703,1.787210,0.327758,0.221540,0.010802,-0.097047,-0.065596,-0.003199,0.594384
sample,1297,drone,32.411950,13.620103,0.543218,1.787479,0.325302,0.219880,0.010722,-0.099510,-0.067261,-0.003280,0.594384
sample,1298,drone,32.436940,13.628201,0.548692,1.787746,0.322785,0.218178,0.010639,-0.101940,-0.068904,-0.003360,0.594384
sample,1299,drone,32.461929,13.636236,0.554123,1.788011,0.320207,0.216436,0.010554,-0.104337,-0.070524,-0.003439,0.594384
sample,1300,drone,32.486919,13.644205,0.559510,1.788273,0.317570,0.214653,0.010467,-0.106699,-0.072121,-0.003517,0.594384
sample,1301,drone,32.511909,13.652108,0.564851,1.788534,0.314875,0.212831,0.010378,-0.109027,-0.073694,-0.003593,0.594384
sample,1302,drone,32.536899,13.659942,0.570147,1.788792,0.312121,0.210970,0.010287,-0.111318,-0.075243,-0.003669,0.594384
sample,1303,drone,32.561889,13.667708,0.575396,1.789048,0.309311,0.209071,0.010194,-0.113573,-0.076766,-0.003743,0.594384
sample,1304,drone,32.586879,13.675402,0.580596,1.789302,0.306445,0.207133,0.010100,-0.115789,-0.078265,-0.003816,0.594384
sample,1305,drone,32.611869,13.683024,0.585748,1.789553,0.303524,0.205159,0.010004,-0.117967,-0.079736,-0.003888,0.594384
sample,1306,drone,32.636859,13.690572,0.590850,1.789802,0.300549,0.203148,0.009906,-0.120104,-0.081181,-0.003958,0.594384
sample,1307,drone,32.661849,13.698045,0.595901,1.790048,0.297521,0.201102,0.009806,-0.122201,-0.082599,-0.004028,0.594384
sample,1308,drone,32.686839,13.705442,0.600901,1.790292,0.294441,0.199020,0.009704,-0.124257,-0.083988,-0.004095,0.594384
sample,1309,drone,32.711829,13.712761,0.605848,1.790533,0.291311,0.196904,0.009601,-0.126270,-0.085349,-0.004162,0.594384
sample,1310,drone,32.736819,13.720002,0.610742,1.790772,0.288130,0.194754,0.009496,-0.128239,-0.086680,-0.004227,0.594384
sample,1311,drone,32.761809,13.727162,0.615582,1.791008,0.284901,0.192572,0.009390,-0.130164,-0.087981,-0.004290,0.594384
sample,1312,drone,32.786799,13.734241,0.620367,1.791241,0.281625,0.190357,0.009282,-0.132043,-0.089251,-0.004352,0.594384
sample,1313,drone,32.811789,13.741237,0.625096,1.791472,0.278302,0.188111,0.009172,-0.133877,-0.090491,-0.004412,0.594384
sample,1314,drone,32.836779,13.748150,0.629769,1.791699,0.274934,0.185834,0.009061,-0.135663,-0.091698,-0.004471,0.594384
sample,1315,drone,32.861768,13.754979,0.634384,1.791924,0.271521,0.183528,0.008949,-0.137401,-0.092873,-0.004529,0.594384
sample,1316,drone,32.886758,13.761721,0.638941,1.792147,0.268066,0.181192,0.008835,-0.139090,-0.094015,-0.004584,0.594384
sample,1317,drone,32.911748,13.768376,0.643440,1.792366,0.264570,0.178829,0.008720,-0.140730,-0.095123,-0.004638,0.594384
sample,1318,drone,32.936738,13.774944,0.647879,1.792582,0.261033,0.176438,0.008603,-0.142318,-0.096196,-0.004691,0.594384
sample,1319,drone,32.961728,13.781423,0.652258,1.792796,0.257457,0.174021,0.008485,-0.143855,-0.097235,-0.004741,0.594384
sample,1320,drone,32.986718,13.787812,0.656577,1.793007,0.253843,0.171578,0.008366,-0.145339,-0.098238,-0.004790,0.594384
sample,1321,drone,33.011708,13.794110,0.660834,1.793214,0.250193,0.169111,0.008246,-0.146769,-0.099205,-0.004837,0.594384
sample,1322,drone,33.036698,13.800316,0.665029,1.793419,0.246507,0.166620,0.008125,-0.148145,-0.100135,-0.004883,0.594384
sample,1323,drone,33.061688,13.806430,0.669162,1.793620,0.242788,0.164106,0.008002,-0.149465,-0.101027,-0.004926,0.594384
sample,1324,drone,33.086678,13.812451,0.673231,1.793819,0.239037,0.161571,0.007878,-0.150729,-0.101881,-0.004968,0.594384
sample,1325,drone,33.111668,13.818377,0.677237,1.794014,0.235255,0.159014,0.007754,-0.151936,-0.102697,-0.005008,0.594384
sample,1326,drone,33.136658,13.824209,0.681179,1.794206,0.231443,0.156438,0.007628,-0.153084,-0.103473,-0.005045,0.594384
sample,1327,drone,33.161648,13.829945,0.685056,1.794395,0.227604,0.153843,0.007502,-0.154173,-0.104210,-0.005081,0.594384
sample,1328,drone,33.186638,13.835585,0.688868,1.794581,0.223738,0.151230,0.007374,-0.155203,-0.104905,-0.005115,0.594384
sample,1329,drone,33.211628,13.841127,0.692614,1.794764,0.219847,0.148600,0.007246,-0.156171,-0.105560,-0.005147,0.594384
sample,1330,drone,33.236618,13.846572,0.696295,1.794943,0.215932,0.145954,0.007117,-0.157077,-0.106172,-0.005177,0.594384
sample,1331,drone,33.261607,13.851919,0.699909,1.795119,0.211996,0.143293,0.006987,-0.157921,-0.106743,-0.005205,0.594384
sample,1332,drone,33.286597,13.857168,0.703456,1.795292,0.208039,0.140619,0.006857,-0.158701,-0.107270,-0.005231,0.594384
sample,1333,drone,33.311587,13.862317,0.706937,1.795462,0.204064,0.137932,0.006726,-0.159416,-0.107753,-0.005254,0.594384
sample,1334,drone,33.336577,13.867367,0.710350,1.795629,0.200072,0.135233,0.006594,-0.160066,-0.108192,-0.005276,0.594384
sample,1335,drone,33.361567,13.872317,0.713696,1.795792,0.196064,0.132524,0.006462,-0.160649,-0.108586,-0.005295,0.594384
sample,1336,drone,33.386557,13.877166,0.716974,1.795952,0.192043,0.129806,0.006329,-0.161164,-0.108935,-0.005312,0.594384
sample,1337,drone,33.411547,13.881915,0.720184,1.796108,0.188009,0.127080,0.006197,-0.161612,-0.109237,-0.005327,0.594384
sample,1338,drone,33.436537,13.886563,0.723325,1.796261,0.183965,0.124347,0.006063,-0.161990,-0.109493,-0.005339,0.594384
sample,1339,drone,33.461527,13.891110,0.726398,1.796411,0.179913,0.121607,0.005930,-0.162298,-0.109701,-0.005349,0.594384
sample,1340,drone,33.486517,13.895555,0.729403,1.796558,0.175854,0.118864,0.005796,-0.162534,-0.109861,-0.005357,0.594384
sample,1341,drone,33.511507,13.899899,0.732339,1.796701,0.171789,0.116117,0.005662,-0.162699,-0.109972,-0.005362,0.594384
sample,1342,drone,33.536497,13.904141,0.735207,1.796841,0.167722,0.113367,0.005528,-0.162791,-0.110034,-0.005365,0.594384
sample,1343,drone,33.561487,13.908282,0.738005,1.796977,0.163653,0.110617,0.005394,-0.162809,-0.110046,-0.005366,0.594384
sample,1344,drone,33.586477,13.912320,0.740735,1.797110,0.159585,0.107867,0.005260,-0.162752,-0.110008,-0.005364,0.594384
sample,1345,drone,33.611467,13.916258,0.743396,1.797240,0.155519,0.105119,0.005126,-0.162619,-0.109918,-0.005360,0.594384
sample,1346,drone,33.636457,13.920093,0.745989,1.797366,0.151457,0.102374,0.004992,-0.162410,-0.109777,-0.005353,0.594384
sample,1347,drone,33.661446,13.923827,0.748513,1.797489,0.147402,0.099632,0.004858,-0.162123,-0.109583,-0.005343,0.594384
sample,1348,drone,33.686436,13.927460,0.750969,1.797609,0.143354,0.096897,0.004725,-0.161758,-0.109336,-0.005331,0.594384
sample,1349,drone,33.711426,13.930992,0.753356,1.797726,0.139317,0.094168,0.004592,-0.161313,-0.109035,-0.005317,0.594384
sample,1350,drone,33.736416,13.934423,0.755675,1.797839,0.135292,0.091447,0.004459,-0.160788,-0.108681,-0.005299,0.594384
sample,1351,drone,33.761406,13.937754,0.757926,1.797948,0.131281,0.088736,0.004327,-0.160182,-0.108271,-0.005279,0.594384
sample,1352,drone,33.786396,13.940985,0.760110,1.798055,0.127286,0.086036,0.004195,-0.159493,-0.107805,-0.005257,0.594384
sample,1353,drone,33.811386,13.944116,0.762227,1.798158,0.123309,0.083348,0.004064,-0.158722,-0.107284,-0.005231,0.594384
sample,1354,drone,33.836376,13.947148,0.764276,1.798258,0.119353,0.080674,0.003934,-0.157866,-0.106706,-0.005203,0.594384
sample,1355,drone,33.861366,13.950081,0.766259,1.798355,0.115419,0.078015,0.003804,-0.156926,-0.106070,-0.005172,0.594384
sample,1356,drone,33.886356,13.952916,0.768175,1.798448,0.111510,0.075372,0.003675,-0.155900,-0.105376,-0.005138,0.594384
sample,1357,drone,33.911346,13.955654,0.770026,1.798538,0.107627,0.072748,0.003547,-0.154787,-0.104624,-0.005102,0.594384
sample,1358,drone,33.936336,13.958296,0.771811,1.798625,0.103774,0.070143,0.003420,-0.153586,-0.103812,-0.005062,0.594384
sample,1359,drone,33.961326,13.960841,0.773531,1.798709,0.099951,0.067559,0.003294,-0.152296,-0.102941,-0.005019,0.594384
sample,1360,drone,33.986316,13.963291,0.775188,1.798790,0.096162,0.064998,0.003169,-0.150918,-0.102009,-0.004974,0.594384
sample,1361,drone,34.011306,13.965647,0.776780,1.798868,0.092408,0.062461,0.003046,-0.149448,-0.101016,-0.004926,0.594384
sample,1362,drone,34.036296,13.967910,0.778309,1.798942,0.088693,0.059949,0.002923,-0.147888,-0.099961,-0.004874,0.594384
sample,1363,drone,34.061285,13.970080,0.779776,1.799014,0.085017,0.057465,0.002802,-0.146235,-0.098843,-0.004820,0.594384
sample,1364,drone,34.086275,13.972159,0.781181,1.799082,0.081384,0.055009,0.002682,-0.144488,-0.097663,-0.004762,0.594384
sample,1365,drone,34.111265,13.974147,0.782526,1.799148,0.077795,0.052584,0.002564,-0.142648,-0.096419,-0.004701,0.594384
sample,1366,drone,34.136255,13.976047,0.783810,1.799211,0.074254,0.050190,0.002447,-0.140712,-0.095111,-0.004638,0.594384
sample,1367,drone,34.161245,13.977859,0.785034,1.799270,0.070763,0.047830,0.002332,-0.138681,-0.093738,-0.004571,0.594384
sample,1368,drone,34.186235,13.979584,0.786200,1.799327,0.067323,0.045505,0.002219,-0.136553,-0.092299,-0.004501,0.594384
sample,1369,drone,34.211225,13.981224,0.787309,1.799381,0.063938,0.043217,0.002107,-0.134327,-0.090795,-0.004427,0.594384
sample,1370,drone,34.236215,13.982779,0.788360,1.799432,0.060609,0.040967,0.001998,-0.132002,-0.089223,-0.004351,0.594384
sample,1371,drone,34.261205,13.984253,0.789356,1.799481,0.057340,0.038758,0.001890,-0.129577,-0.087584,-0.004271,0.594384
sample,1372,drone,34.286195,13.985645,0.790297,1.799527,0.054133,0.036590,0.001784,-0.127052,-0.085878,-0.004187,0.594384
sample,1373,drone,34.311185,13.986958,0.791185,1.799570,0.050990,0.034466,0.001681,-0.124425,-0.084102,-0.004101,0.594384
sample,1374,drone,34.336175,13.988194,0.792020,1.799611,0.047914,0.032386,0.001579,-0.121696,-0.082258,-0.004011,0.594384
sample,1375,drone,34.361165,13.989353,0.792803,1.799649,0.044908,0.030354,0.001480,-0.118864,-0.080343,-0.003918,0.594384
sample,1376,drone,34.386155,13.990438,0.793537,1.799685,0.041974,0.028371,0.001383,-0.115927,-0.078358,-0.003821,0.594384
sample,1377,drone,34.411145,13.991451,0.794221,1.799718,0.039114,0.026438,0.001289,-0.112885,-0.076302,-0.003721,0.594384
sample,1378,drone,34.436135,13.992393,0.794858,1.799749,0.036332,0.024557,0.001197,-0.109737,-0.074174,-0.003617,0.594384
sample,1379,drone,34.461124,13.993267,0.795449,1.799778,0.033629,0.022731,0.001108,-0.106482,-0.071974,-0.003510,0.594384
sample,1380,drone,34.486114,13.994074,0.795994,1.799805,0.031010,0.020960,0.001022,-0.103119,-0.069701,-0.003399,0.594384
sample,1381,drone,34.511104,13.994817,0.796496,1.799829,0.028475,0.019247,0.000939,-0.099648,-0.067354,-0.003284,0.594384
sample,1382,drone,34.536094,13.995497,0.796956,1.799852,0.026029,0.017594,0.000858,-0.096066,-0.064933,-0.003166,0.594384
sample,1383,drone,34.561084,13.996118,0.797376,1.799872,0.023674,0.016002,0.000780,-0.092374,-0.062437,-0.003045,0.594384
sample,1384,drone,34.586074,13.996680,0.797756,1.799891,0.021412,0.014473,0.000706,-0.088570,-0.059866,-0.002919,0.594384
sample,1385,drone,34.611064,13.997188,0.798099,1.799907,0.019247,0.013010,0.000634,-0.084653,-0.057219,-0.002790,0.594384
sample,1386,drone,34.636054,13.997642,0.798406,1.799922,0.017181,0.011613,0.000566,-0.080623,-0.054495,-0.002657,0.594384
sample,1387,drone,34.661044,13.998046,0.798680,1.799936,0.015218,0.010286,0.000502,-0.076478,-0.051694,-0.002521,0.594384
sample,1388,drone,34.686034,13.998403,0.798920,1.799947,0.013359,0.009030,0.000440,-0.072219,-0.048814,-0.002380,0.594384
sample,1389,drone,34.711024,13.998714,0.799131,1.799958,0.011608,0.007846,0.000383,-0.067843,-0.045856,-0.002236,0.594384
sample,1390,drone,34.736014,13.998983,0.799313,1.799966,0.009968,0.006738,0.000329,-0.063349,-0.042819,-0.002088,0.594384
sample,1391,drone,34.761004,13.999212,0.799468,1.799974,0.008442,0.005706,0.000278,-0.058738,-0.039703,-0.001936,0.594384
sample,1392,drone,34.785994,13.999405,0.799598,1.799980,0.007033,0.004753,0.000232,-0.054008,-0.036505,-0.001780,0.594384
sample,1393,drone,34.810984,13.999564,0.799705,1.799986,0.005743,0.003882,0.000189,-0.049158,-0.033227,-0.001620,0.594384
sample,1394,drone,34.835974,13.999692,0.799792,1.799990,0.004576,0.003093,0.000151,-0.044187,-0.029867,-0.001456,0.594384
sample,1395,drone,34.860963,13.999793,0.799860,1.799993,0.003534,0.002389,0.000116,-0.039094,-0.026424,-0.001288,0.594384
sample,1396,drone,34.885953,13.999869,0.799911,1.799996,0.002622,0.001772,0.000086,-0.033878,-0.022899,-0.001117,0.594384
sample,1397,drone,34.910943,13.999924,0.799948,1.799997,0.001841,0.001244,0.000061,-0.028539,-0.019290,-0.000941,0.594384
sample,1398,drone,34.935933,13.999961,0.799973,1.799999,0.001195,0.000808,0.000039,-0.023075,-0.015597,-0.000761,0.594384
sample,1399,drone,34.960923,13.999983,0.799989,1.799999,0.000688,0.000465,0.000023,-0.017486,-0.011819,-0.000576,0.594384
sample,1400,drone,34.985913,13.999995,0.799997,1.800000,0.000321,0.000217,0.000011,-0.011771,-0.007956,-0.000388,0.594383
sample,1401,drone,35.010903,13.999999,0.800000,1.800000,0.000099,0.000067,0.000003,-0.005931,-0.004009,-0.000195,0.594380
sample,1402,drone,35.035893,14.000000,0.800000,1.800000,0.000025,0.000017,0.000001,-0.002980,-0.002014,-0.000098,0.594366
