section,index,name,t,x,y,z,vx,vy,vz,ax,ay,az,yaw
crossing,1,G5,5.262668,10.392313,-3.180115,2.624757,,,,,,
crossing,2,G4,8.226278,8.467943,2.420001,1.054939,,,,,,
crossing,3,G3,9.556500,6.106485,1.476272,2.086378,,,,,,
crossing,4,G6,12.369114,11.661185,2.320644,2.015794,,,,,,
crossing,5,G1,17.481543,2.105058,-1.799763,0.877093,,,,,,
crossing,6,G2,19.563380,3.554180,2.506951,3.196394,,,,,,
sample,0,drone,0.000000,0.000000,-1.000000,1.200000,0.000442,-0.000093,0.000061,0.052541,-0.011022,0.007203,-0.206782
sample,1,drone,0.024976,0.000011,-1.000002,1.200002,0.001754,-0.000368,0.000240,0.104392,-0.021900,0.014312,-0.206783
sample,2,drone,0.049953,0.000088,-1.000018,1.200012,0.005656,-0.001187,0.000775,0.206658,-0.043353,0.028332,-0.206783
sample,3,drone,0.074929,0.000294,-1.000062,1.200040,0.012077,-0.002534,0.001656,0.306003,-0.064194,0.041952,-0.206783
sample,4,drone,0.099905,0.000691,-1.000145,1.200095,0.020942,-0.004393,0.002871,0.402391,-0.084414,0.055167,-0.206783
sample,5,drone,0.124882,0.001340,-1.000281,1.200184,0.032178,-0.006750,0.004411,0.495853,-0.104021,0.067980,-0.206783
sample,6,drone,0.149858,0.002298,-1.000482,1.200315,0.045711,-0.009589,0.006267,0.586416,-0.123019,0.080396,-0.206783
sample,7,drone,0.174834,0.003623,-1.000760,1.200497,0.061471,-0.012895,0.008427,0.674110,-0.141416,0.092419,-0.206783
sample,8,drone,0.199811,0.005369,-1.001126,1.200736,0.079385,-0.016653,0.010883,0.758963,-0.159216,0.104052,-0.206783
sample,9,drone,0.224787,0.007589,-1.001592,1.201040,0.099383,-0.020849,0.013625,0.841005,-0.176427,0.115299,-0.206783
sample,10,drone,0.249764,0.010333,-1.002168,1.201417,0.121395,-0.025466,0.016643,0.920264,-0.193054,0.126166,-0.206783
sample,11,drone,0.274740,0.013653,-1.002864,1.201872,0.145353,-0.030492,0.019927,0.996769,-0.209104,0.136654,-0.206783
sample,12,drone,0.299716,0.017594,-1.003691,1.202412,0.171187,-0.035912,0.023469,1.070550,-0.224581,0.146769,-0.206783
sample,13,drone,0.324693,0.022204,-1.004658,1.203044,0.198829,-0.041711,0.027259,1.141634,-0.239494,0.156515,-0.206783
sample,14,drone,0.349669,0.027526,-1.005774,1.203774,0.228214,-0.047875,0.031288,1.210051,-0.253846,0.165895,-0.206783
sample,15,drone,0.374645,0.033604,-1.007049,1.204607,0.259275,-0.054391,0.035546,1.275830,-0.267645,0.174913,-0.206783
sample,16,drone,0.399622,0.040478,-1.008491,1.205549,0.291945,-0.061245,0.040025,1.338999,-0.280897,0.183573,-0.206783
sample,17,drone,0.424598,0.048187,-1.010109,1.206606,0.326161,-0.068423,0.044716,1.399588,-0.293608,0.191880,-0.206783
sample,18,drone,0.449574,0.056770,-1.011909,1.207783,0.361859,-0.075911,0.049610,1.457625,-0.305783,0.199836,-0.206783
sample,19,drone,0.474551,0.066263,-1.013901,1.209084,0.398974,-0.083697,0.054698,1.513140,-0.317429,0.207447,-0.206783
sample,20,drone,0.499527,0.076700,-1.016090,1.210515,0.437444,-0.091768,0.059972,1.566160,-0.328551,0.214716,-0.206783
sample,21,drone,0.524503,0.088115,-1.018485,1.212080,0.477208,-0.100109,0.065424,1.616715,-0.339157,0.221647,-0.206783
sample,22,drone,0.549480,0.100538,-1.021091,1.213783,0.518203,-0.108709,0.071044,1.664835,-0.349251,0.228244,-0.206783
sample,23,drone,0.574456,0.114000,-1.023915,1.215629,0.560371,-0.117555,0.076825,1.710547,-0.358841,0.234511,-0.206783
sample,24,drone,0.599432,0.128530,-1.026963,1.217621,0.603650,-0.126635,0.082759,1.753880,-0.367932,0.240452,-0.206783
sample,25,drone,0.624409,0.144154,-1.030241,1.219763,0.647982,-0.135935,0.088836,1.794865,-0.376529,0.246071,-0.206783
sample,26,drone,0.649385,0.160898,-1.033753,1.222059,0.693308,-0.145443,0.095051,1.833528,-0.384640,0.251372,-0.206783
sample,27,drone,0.674361,0.178787,-1.037506,1.224511,0.739571,-0.155148,0.101393,1.869900,-0.392270,0.256358,-0.206783
sample,28,drone,0.699338,0.197842,-1.041504,1.227124,0.786715,-0.165038,0.107856,1.904009,-0.399426,0.261034,-0.206783
sample,29,drone,0.724314,0.218085,-1.045750,1.229899,0.834682,-0.175101,0.114433,1.935884,-0.406113,0.265404,-0.206783
sample,30,drone,0.749291,0.239537,-1.050250,1.232840,0.883417,-0.185325,0.121114,1.965554,-0.412337,0.269472,-0.206783
sample,31,drone,0.774267,0.262214,-1.055008,1.235949,0.932866,-0.195698,0.127893,1.993047,-0.418104,0.273241,-0.206783
sample,32,drone,0.799243,0.286136,-1.060026,1.239228,0.982975,-0.206210,0.134763,2.018394,-0.423422,0.276716,-0.206783
sample,33,drone,0.824220,0.311317,-1.065308,1.242681,1.033691,-0.216849,0.141716,2.041622,-0.428294,0.279901,-0.206783
sample,34,drone,0.849196,0.337771,-1.070858,1.246308,1.084960,-0.227604,0.148745,2.062760,-0.432729,0.282799,-0.206783
sample,35,drone,0.874172,0.365513,-1.076678,1.250111,1.136731,-0.238465,0.155843,2.081837,-0.436731,0.285414,-0.206783
sample,36,drone,0.899149,0.394554,-1.082770,1.254092,1.188953,-0.249420,0.163002,2.098883,-0.440307,0.287751,-0.206783
sample,37,drone,0.924125,0.424905,-1.089137,1.258253,1.241576,-0.260460,0.170217,2.113926,-0.443462,0.289813,-0.206783
sample,38,drone,0.949101,0.456574,-1.095781,1.262595,1.294550,-0.271573,0.177479,2.126995,-0.446204,0.291605,-0.206783
sample,39,drone,0.974078,0.489571,-1.102703,1.267119,1.347825,-0.282749,0.184783,2.138118,-0.448538,0.293130,-0.206783
sample,40,drone,0.999054,0.523902,-1.109905,1.271825,1.401354,-0.293978,0.192122,2.147326,-0.450469,0.294392,-0.206783
sample,41,drone,1.024030,0.559572,-1.117388,1.276716,1.455090,-0.305251,0.199489,2.154645,-0.452005,0.295396,-0.206783
sample,42,drone,1.049007,0.596587,-1.125153,1.281790,1.508985,-0.316557,0.206878,2.160107,-0.453150,0.296145,-0.206783
sample,43,drone,1.073983,0.634950,-1.133201,1.287050,1.562993,-0.327887,0.214282,2.163738,-0.453912,0.296642,-0.206783
sample,44,drone,1.098959,0.674663,-1.141532,1.292494,1.617069,-0.339231,0.221696,2.165569,-0.454296,0.296893,-0.206783
sample,45,drone,1.123936,0.715727,-1.150146,1.298124,1.671169,-0.350580,0.229113,2.165628,-0.454309,0.296902,-0.206783
sample,46,drone,1.148912,0.758143,-1.159044,1.303939,1.725248,-0.361925,0.236527,2.163944,-0.453955,0.296671,-0.206783
sample,47,drone,1.173888,0.801908,-1.168225,1.309939,1.779264,-0.373257,0.243932,2.160546,-0.453243,0.296205,-0.206783
sample,48,drone,1.198865,0.847022,-1.177689,1.316124,1.833173,-0.384566,0.251323,2.155463,-0.452176,0.295508,-0.206783
sample,49,drone,1.223841,0.893480,-1.187436,1.322494,1.886935,-0.395844,0.258693,2.148723,-0.450762,0.294584,-0.206783
sample,50,drone,1.248818,0.941279,-1.197463,1.329047,1.940508,-0.407083,0.266038,2.140356,-0.449007,0.293437,-0.206783
sample,51,drone,1.273794,0.990414,-1.207770,1.335783,1.993852,-0.418273,0.273351,2.130390,-0.446916,0.292070,-0.206783
sample,52,drone,1.298770,1.040877,-1.218357,1.342701,2.046927,-0.429407,0.280628,2.118854,-0.444496,0.290489,-0.206783
sample,53,drone,1.323747,1.092663,-1.229220,1.349801,2.099694,-0.440477,0.287862,2.105778,-0.441753,0.288696,-0.206783
sample,54,drone,1.348723,1.145763,-1.240360,1.357081,2.152116,-0.451474,0.295049,2.091190,-0.438693,0.286696,-0.206783
sample,55,drone,1.373699,1.200167,-1.251773,1.364540,2.204155,-0.462391,0.302183,2.075118,-0.435321,0.284493,-0.206783
sample,56,drone,1.398676,1.255866,-1.263457,1.372176,2.255774,-0.473220,0.309260,2.057592,-0.431645,0.282090,-0.206783
sample,57,drone,1.423652,1.312849,-1.275411,1.379988,2.306937,-0.483953,0.316275,2.038641,-0.427669,0.279492,-0.206783
sample,58,drone,1.448628,1.371104,-1.287632,1.387974,2.357609,-0.494583,0.323222,2.018294,-0.423401,0.276702,-0.206783
sample,59,drone,1.473605,1.430618,-1.300117,1.396134,2.407756,-0.505103,0.330097,1.996579,-0.418845,0.273725,-0.206783
sample,60,drone,1.498581,1.491378,-1.312863,1.404464,2.457344,-0.515505,0.336895,1.973525,-0.414009,0.270565,-0.206783
sample,61,drone,1.523557,1.553369,-1.325868,1.412963,2.506339,-0.525784,0.343612,1.949161,-0.408898,0.267225,-0.206783
sample,62,drone,1.548534,1.616576,-1.339128,1.421628,2.554710,-0.535931,0.350243,1.923517,-0.403518,0.263709,-0.206783
sample,63,drone,1.573510,1.680984,-1.352639,1.430458,2.602424,-0.545940,0.356785,1.896620,-0.397876,0.260021,-0.206783
sample,64,drone,1.598486,1.746574,-1.366399,1.439450,2.649451,-0.555806,0.363232,1.868501,-0.391977,0.256166,-0.206783
sample,65,drone,1.623463,1.813331,-1.380403,1.448603,2.695761,-0.565521,0.369581,1.839187,-0.385827,0.252147,-0.206783
sample,66,drone,1.648439,1.881235,-1.394648,1.457912,2.741323,-0.575079,0.375828,1.808707,-0.379433,0.247969,-0.206783
sample,67,drone,1.673416,1.950268,-1.409130,1.467376,2.786111,-0.584474,0.381968,1.777091,-0.372801,0.243634,-0.206783
sample,68,drone,1.698392,2.020409,-1.423844,1.476992,2.830094,-0.593701,0.387998,1.744368,-0.365936,0.239148,-0.206783
sample,69,drone,1.723368,2.091638,-1.438787,1.486758,2.873246,-0.602754,0.393914,1.710565,-0.358845,0.234514,-0.206783
sample,70,drone,1.748345,2.163935,-1.453953,1.496669,2.915541,-0.611627,0.399712,1.675713,-0.351534,0.229736,-0.206783
sample,71,drone,1.773321,2.237278,-1.469339,1.506724,2.956953,-0.620314,0.405390,1.639840,-0.344008,0.224817,-0.206783
sample,72,drone,1.798297,2.311643,-1.484940,1.516920,2.997456,-0.628811,0.410943,1.602975,-0.336274,0.219763,-0.206783
sample,73,drone,1.823274,2.387009,-1.500750,1.527252,3.037026,-0.637112,0.416368,1.565146,-0.328339,0.214577,-0.206783
sample,74,drone,1.848250,2.463351,-1.516765,1.537718,3.075639,-0.645212,0.421661,1.526383,-0.320207,0.209263,-0.206783
sample,75,drone,1.873226,2.540645,-1.532980,1.548315,3.113273,-0.653107,0.426821,1.486715,-0.311885,0.203824,-0.206783
sample,76,drone,1.898203,2.618867,-1.549390,1.559039,3.149904,-0.660792,0.431843,1.446169,-0.303380,0.198266,-0.206783
sample,77,drone,1.923179,2.697991,-1.565989,1.569887,3.185513,-0.668262,0.436725,1.404777,-0.294696,0.192591,-0.206783
sample,78,drone,1.948155,2.777992,-1.582771,1.580855,3.220077,-0.675512,0.441463,1.362565,-0.285841,0.186804,-0.206783
sample,79,drone,1.973132,2.858843,-1.599732,1.591939,3.253577,-0.682540,0.446056,1.319563,-0.276820,0.180908,-0.206783
sample,80,drone,1.998108,2.940517,-1.616866,1.603137,3.285993,-0.689340,0.450500,1.275801,-0.267639,0.174909,-0.206783
sample,81,drone,2.023084,3.022987,-1.634167,1.614443,3.317306,-0.695909,0.454793,1.231306,-0.258305,0.168809,-0.206783
sample,82,drone,2.048061,3.106225,-1.651628,1.625855,3.347500,-0.702243,0.458933,1.186108,-0.248823,0.162612,-0.206783
sample,83,drone,2.073037,3.190204,-1.669246,1.637368,3.376556,-0.708339,0.462916,1.140235,-0.239200,0.156323,-0.206783
sample,84,drone,2.098013,3.274893,-1.687012,1.648979,3.404457,-0.714192,0.466742,1.093717,-0.229442,0.149945,-0.206783
sample,85,drone,2.122990,3.360265,-1.704921,1.660683,3.431190,-0.719800,0.470406,1.046582,-0.219553,0.143483,-0.206783
sample,86,drone,2.147966,3.446291,-1.722968,1.672477,3.456737,-0.725159,0.473909,0.998859,-0.209542,0.136941,-0.206783
sample,87,drone,2.172943,3.532939,-1.741145,1.684356,3.481085,-0.730267,0.477247,0.950578,-0.199414,0.130322,-0.206783
sample,88,drone,2.197919,3.620180,-1.759447,1.696316,3.504221,-0.735121,0.480419,0.901766,-0.189174,0.123630,-0.206783
sample,89,drone,2.222895,3.707984,-1.777866,1.708354,3.526131,-0.739717,0.483423,0.852453,-0.178829,0.116869,-0.206783
sample,90,drone,2.247872,3.796320,-1.796398,1.720465,3.546803,-0.744054,0.486257,0.802668,-0.168385,0.110044,-0.206783
sample,91,drone,2.272848,3.885157,-1.815034,1.732644,3.566226,-0.748128,0.488920,0.752440,-0.157848,0.103157,-0.206783
sample,92,drone,2.297824,3.974463,-1.833769,1.744888,3.584390,-0.751939,0.491410,0.701797,-0.147224,0.096214,-0.206783
sample,93,drone,2.322801,4.064207,-1.852595,1.757191,3.601283,-0.755482,0.493726,0.650768,-0.136519,0.089218,-0.206783
sample,94,drone,2.347777,4.154356,-1.871507,1.769551,3.616897,-0.758758,0.495866,0.599382,-0.125739,0.082174,-0.206783
sample,95,drone,2.372753,4.244880,-1.890497,1.781961,3.631224,-0.761763,0.497831,0.547669,-0.114891,0.075084,-0.206783
sample,96,drone,2.397730,4.335746,-1.909559,1.794419,3.644255,-0.764497,0.499617,0.495657,-0.103980,0.067953,-0.206783
sample,97,drone,2.422706,4.426921,-1.928686,1.806918,3.655983,-0.766958,0.501225,0.443374,-0.093012,0.060785,-0.206783
sample,98,drone,2.447682,4.518372,-1.947871,1.819456,3.666403,-0.769143,0.502653,0.390851,-0.081993,0.053585,-0.206783
sample,99,drone,2.472659,4.610067,-1.967107,1.832027,3.675507,-0.771053,0.503902,0.338115,-0.070930,0.046355,-0.206783
sample,100,drone,2.497635,4.701974,-1.986387,1.844627,3.683292,-0.772686,0.504969,0.285195,-0.059829,0.039099,-0.206783
sample,101,drone,2.522611,4.794058,-2.005704,1.857252,3.689754,-0.774042,0.505855,0.232121,-0.048695,0.031823,-0.206783
sample,102,drone,2.547588,4.886287,-2.025052,1.869896,3.694887,-0.775119,0.506559,0.178921,-0.037534,0.024530,-0.206783
sample,103,drone,2.572564,4.978627,-2.044424,1.882556,3.698691,-0.775917,0.507080,0.125625,-0.026354,0.017223,-0.206783
sample,104,drone,2.597540,5.071046,-2.063812,1.895226,3.701163,-0.776435,0.507419,0.072260,-0.015159,0.009907,-0.206783
sample,105,drone,2.622517,5.163510,-2.083209,1.907903,3.702301,-0.776674,0.507575,0.018857,-0.003956,0.002585,-0.206783
sample,106,drone,2.647493,5.255986,-2.102609,1.920581,3.702105,-0.776633,0.507548,-0.034557,0.007249,-0.004738,-0.206783
sample,107,drone,2.672470,5.348441,-2.122004,1.933256,3.700575,-0.776312,0.507338,-0.087953,0.018451,-0.012058,-0.206783
sample,108,drone,2.697446,5.440840,-2.141387,1.945924,3.697711,-0.775711,0.506946,-0.141300,0.029642,-0.019372,-0.206783
sample,109,drone,2.722422,5.533151,-2.160753,1.958579,3.693516,-0.774831,0.506371,-0.194571,0.040817,-0.026675,-0.206783
sample,110,drone,2.747399,5.625341,-2.180092,1.971218,3.687992,-0.773672,0.505613,-0.247737,0.051971,-0.033964,-0.206783
sample,111,drone,2.772375,5.717376,-2.199400,1.983836,3.681141,-0.772235,0.504674,-0.300769,0.063096,-0.041235,-0.206783
sample,112,drone,2.797351,5.809224,-2.218668,1.996428,3.672968,-0.770521,0.503553,-0.353637,0.074187,-0.048483,-0.206783
sample,113,drone,2.822328,5.900851,-2.237889,2.008990,3.663476,-0.768529,0.502252,-0.406314,0.085237,-0.055704,-0.206783
sample,114,drone,2.847304,5.992225,-2.257058,2.021517,3.652671,-0.766263,0.500771,-0.458770,0.096241,-0.062896,-0.206783
sample,115,drone,2.872280,6.083312,-2.276166,2.034005,3.640559,-0.763722,0.499110,-0.510976,0.107193,-0.070053,-0.206783
sample,116,drone,2.897257,6.174080,-2.295208,2.046449,3.627147,-0.760908,0.497272,-0.562903,0.118087,-0.077172,-0.206783
sample,117,drone,2.922233,6.264498,-2.314175,2.058845,3.612441,-0.757823,0.495255,-0.614523,0.128916,-0.084249,-0.206783
sample,118,drone,2.947209,6.354532,-2.333063,2.071188,3.596449,-0.754468,0.493063,-0.665806,0.139674,-0.091280,-0.206783
sample,119,drone,2.972186,6.444150,-2.351863,2.083475,3.579182,-0.750846,0.490696,-0.716725,0.150356,-0.098261,-0.206783
sample,120,drone,2.997162,6.533321,-2.370570,2.095700,3.560647,-0.746958,0.488155,-0.767249,0.160955,-0.105188,-0.206783
sample,121,drone,3.022138,6.622014,-2.389176,2.107859,3.540856,-0.742806,0.485441,-0.817350,0.171465,-0.112056,-0.206783
sample,122,drone,3.047115,6.710197,-2.407675,2.119949,3.519818,-0.738393,0.482557,-0.866999,0.181880,-0.118863,-0.206783
sample,123,drone,3.072091,6.797838,-2.426061,2.131964,3.497547,-0.733720,0.479504,-0.916168,0.192195,-0.125604,-0.206783
sample,124,drone,3.097068,6.884909,-2.444326,2.143902,3.474053,-0.728792,0.476283,-0.964827,0.202403,-0.132275,-0.206783
sample,125,drone,3.122044,6.971377,-2.462466,2.155756,3.449351,-0.723610,0.472896,-1.012947,0.212498,-0.138872,-0.206783
sample,126,drone,3.147020,7.057213,-2.480472,2.167524,3.423454,-0.718177,0.469346,-1.060500,0.222473,-0.145392,-0.206783
sample,127,drone,3.171997,7.142388,-2.498341,2.179201,3.396376,-0.712497,0.465634,-1.107457,0.232324,-0.151829,-0.206783
sample,128,drone,3.196973,7.226871,-2.516064,2.190784,3.368133,-0.706572,0.461762,-1.153788,0.242043,-0.158181,-0.206783
sample,129,drone,3.221949,7.310635,-2.533636,2.202267,3.338741,-0.700406,0.457732,-1.199465,0.251626,-0.164443,-0.206783
sample,130,drone,3.246926,7.393650,-2.551051,2.213649,3.308217,-0.694003,0.453547,-1.244460,0.261065,-0.170612,-0.206783
sample,131,drone,3.271902,7.475889,-2.568303,2.224923,3.276577,-0.687365,0.449209,-1.288742,0.270354,-0.176683,-0.206783
sample,132,drone,3.296878,7.557324,-2.585387,2.236088,3.243841,-0.680498,0.444721,-1.332284,0.279489,-0.182652,-0.206783
sample,133,drone,3.321855,7.637928,-2.602296,2.247138,3.210026,-0.673404,0.440085,-1.375057,0.288461,-0.188516,-0.206783
sample,134,drone,3.346831,7.717674,-2.619025,2.258071,3.175153,-0.666088,0.435304,-1.417031,0.297267,-0.194271,-0.206783
sample,135,drone,3.371807,7.796535,-2.635569,2.268883,3.139241,-0.658555,0.430381,-1.458177,0.305899,-0.199912,-0.206783
sample,136,drone,3.396784,7.874487,-2.651921,2.279570,3.102313,-0.650808,0.425318,-1.498468,0.314351,-0.205436,-0.206783
sample,137,drone,3.421760,7.951504,-2.668078,2.290129,3.064389,-0.642852,0.420119,-1.537873,0.322617,-0.210838,-0.206783
sample,138,drone,3.446736,8.027562,-2.684034,2.300556,3.025492,-0.634692,0.414786,-1.576364,0.330692,-0.216115,-0.206783
sample,139,drone,3.471713,8.102636,-2.699783,2.310848,2.985645,-0.626333,0.409324,-1.613913,0.338569,-0.221263,-0.206783
sample,140,drone,3.496689,8.176703,-2.715321,2.321003,2.944873,-0.617780,0.403734,-1.650489,0.346242,-0.226277,-0.206783
sample,141,drone,3.521665,8.249740,-2.730643,2.331016,2.903199,-0.609037,0.398020,-1.686066,0.353705,-0.231155,-0.206783
sample,142,drone,3.546642,8.321725,-2.745744,2.340885,2.860649,-0.600111,0.392187,-1.720612,0.360953,-0.235891,-0.206783
sample,143,drone,3.571618,8.392637,-2.760620,2.350607,2.817250,-0.591007,0.386237,-1.754100,0.367978,-0.240482,-0.206783
sample,144,drone,3.596595,8.462455,-2.775266,2.360179,2.773027,-0.581730,0.380174,-1.786501,0.374775,-0.244924,-0.206783
sample,145,drone,3.621571,8.531157,-2.789679,2.369598,2.728009,-0.572286,0.374002,-1.817786,0.381338,-0.249213,-0.206783
sample,146,drone,3.646547,8.598726,-2.803853,2.378861,2.682224,-0.562681,0.367725,-1.847926,0.387661,-0.253345,-0.206783
sample,147,drone,3.671524,8.665142,-2.817786,2.387966,2.635700,-0.552921,0.361347,-1.876892,0.393737,-0.257317,-0.206783
sample,148,drone,3.696500,8.730386,-2.831473,2.396911,2.588468,-0.543013,0.354872,-1.904655,0.399561,-0.261123,-0.206783
sample,149,drone,3.721476,8.794443,-2.844911,2.405693,2.540558,-0.532962,0.348303,-1.931187,0.405127,-0.264760,-0.206783
sample,150,drone,3.746453,8.857294,-2.858096,2.414310,2.492000,-0.522775,0.341646,-1.956458,0.410429,-0.268225,-0.206783
sample,151,drone,3.771429,8.918925,-2.871025,2.422759,2.442827,-0.512460,0.334905,-1.980439,0.415459,-0.271513,-0.206783
sample,152,drone,3.796405,8.979320,-2.883695,2.431039,2.393072,-0.502022,0.328083,-2.003102,0.420214,-0.274620,-0.206783
sample,153,drone,3.821382,9.038465,-2.896102,2.439148,2.342767,-0.491469,0.321187,-2.024418,0.424685,-0.277542,-0.206783
sample,154,drone,3.846358,9.096347,-2.908245,2.447084,2.291947,-0.480808,0.314219,-2.044358,0.428868,-0.280276,-0.206783
sample,155,drone,3.871334,9.152954,-2.920120,2.454844,2.240646,-0.470046,0.307186,-2.062893,0.432757,-0.282817,-0.206783
sample,156,drone,3.896311,9.208274,-2.931725,2.462428,2.188899,-0.459191,0.300092,-2.079995,0.436344,-0.285161,-0.206783
sample,157,drone,3.921287,9.262296,-2.943058,2.469835,2.136744,-0.448249,0.292942,-2.095633,0.439625,-0.287305,-0.206783
sample,158,drone,3.946263,9.315010,-2.954116,2.477062,2.084217,-0.437230,0.285740,-2.109780,0.442593,-0.289245,-0.206783
sample,159,drone,3.971240,9.366408,-2.964899,2.484108,2.031355,-0.426141,0.278493,-2.122407,0.445242,-0.290976,-0.206783
sample,160,drone,3.996216,9.416482,-2.975403,2.490973,1.978197,-0.414989,0.271205,-2.133484,0.447565,-0.292495,-0.206783
sample,161,drone,4.021192,9.465224,-2.985629,2.497655,1.924782,-0.403784,0.263882,-2.142983,0.449558,-0.293797,-0.206783
sample,162,drone,4.046169,9.512630,-2.995573,2.504155,1.871149,-0.392532,0.256529,-2.150875,0.451214,-0.294879,-0.206783
sample,163,drone,4.071145,9.558693,-3.005237,2.510470,1.817340,-0.381244,0.249152,-2.157130,0.452526,-0.295736,-0.206783
sample,164,drone,4.096122,9.603411,-3.014618,2.516600,1.763395,-0.369928,0.241756,-2.161721,0.453489,-0.296366,-0.206783
sample,165,drone,4.121098,9.646779,-3.023716,2.522546,1.709356,-0.358591,0.234348,-2.164619,0.454097,-0.296763,-0.206783
sample,166,drone,4.146074,9.688798,-3.032530,2.528307,1.655266,-0.347244,0.226932,-2.165793,0.454343,-0.296924,-0.206783
sample,167,drone,4.171051,9.729464,-3.041061,2.533882,1.601169,-0.335896,0.219516,-2.165216,0.454222,-0.296845,-0.206783
sample,168,drone,4.196027,9.768780,-3.049309,2.539272,1.547108,-0.324555,0.212104,-2.162859,0.453728,-0.296522,-0.206783
sample,169,drone,4.221003,9.806747,-3.057274,2.544477,1.493128,-0.313231,0.204704,-2.158693,0.452854,-0.295951,-0.206783
sample,170,drone,4.245980,9.843366,-3.064956,2.549498,1.439275,-0.301933,0.197321,-2.152688,0.451594,-0.295127,-0.206783
sample,171,drone,4.270956,9.878642,-3.072356,2.554334,1.385595,-0.290672,0.189961,-2.144816,0.449943,-0.294048,-0.206783
sample,172,drone,4.295932,9.912580,-3.079476,2.558987,1.332136,-0.279457,0.182632,-2.135049,0.447894,-0.292709,-0.206783
sample,173,drone,4.320909,9.945186,-3.086316,2.563457,1.278944,-0.268299,0.175340,-2.123356,0.445441,-0.291106,-0.206783
sample,174,drone,4.345885,9.976467,-3.092878,2.567745,1.226068,-0.257206,0.168091,-2.109710,0.442578,-0.289235,-0.206783
sample,175,drone,4.370861,10.006432,-3.099164,2.571854,1.173558,-0.246191,0.160892,-2.094081,0.439299,-0.287093,-0.206783
sample,176,drone,4.395838,10.035089,-3.105176,2.575782,1.121463,-0.235262,0.153749,-2.076441,0.435599,-0.284674,-0.206783
sample,177,drone,4.420814,10.062452,-3.110916,2.579534,1.069834,-0.224431,0.146671,-2.056761,0.431470,-0.281976,-0.206783
sample,178,drone,4.445790,10.088531,-3.116387,2.583109,1.018723,-0.213709,0.139664,-2.035012,0.426908,-0.278994,-0.206783
sample,179,drone,4.470767,10.113340,-3.121591,2.586510,0.968180,-0.203106,0.132735,-2.011164,0.421905,-0.275725,-0.206783
sample,180,drone,4.495743,10.136894,-3.126532,2.589740,0.918260,-0.192634,0.125891,-1.985189,0.416456,-0.272164,-0.206783
sample,181,drone,4.520720,10.159209,-3.131214,2.592799,0.869015,-0.182303,0.119139,-1.957059,0.410555,-0.268307,-0.206783
sample,182,drone,4.545696,10.180303,-3.135639,2.595691,0.820499,-0.172126,0.112488,-1.926744,0.404195,-0.264151,-0.206783
sample,183,drone,4.570672,10.200195,-3.139812,2.598418,0.772768,-0.162113,0.105944,-1.894215,0.397371,-0.259692,-0.206783
sample,184,drone,4.595649,10.218905,-3.143737,2.600983,0.725878,-0.152276,0.099516,-1.859444,0.390077,-0.254925,-0.206783
sample,185,drone,4.620625,10.236455,-3.147419,2.603389,0.679884,-0.142627,0.093210,-1.822402,0.382306,-0.249846,-0.206783
sample,186,drone,4.645601,10.252867,-3.150862,2.605639,0.634844,-0.133179,0.087035,-1.783059,0.374053,-0.244452,-0.206783
sample,187,drone,4.670578,10.268167,-3.154071,2.607737,0.590816,-0.123942,0.080999,-1.741387,0.365311,-0.238739,-0.206783
sample,188,drone,4.695554,10.282380,-3.157053,2.609685,0.547857,-0.114930,0.075110,-1.697357,0.356074,-0.232703,-0.206783
sample,189,drone,4.720530,10.295534,-3.159812,2.611489,0.506028,-0.106155,0.069375,-1.650941,0.346337,-0.226339,-0.206783
sample,190,drone,4.745507,10.307658,-3.162356,2.613151,0.465388,-0.097630,0.063803,-1.602108,0.336093,-0.219645,-0.206783
sample,191,drone,4.770483,10.318781,-3.164689,2.614676,0.425998,-0.089367,0.058403,-1.550831,0.325336,-0.212615,-0.206783
sample,192,drone,4.795459,10.328937,-3.166820,2.616068,0.387920,-0.081378,0.053183,-1.497081,0.314060,-0.205246,-0.206783
sample,193,drone,4.820436,10.338159,-3.168754,2.617332,0.351215,-0.073678,0.048151,-1.440828,0.302259,-0.197533,-0.206783
sample,194,drone,4.845412,10.346482,-3.170500,2.618473,0.315947,-0.066280,0.043315,-1.382043,0.289927,-0.189474,-0.206783
sample,195,drone,4.870388,10.353941,-3.172065,2.619496,0.282178,-0.059196,0.038686,-1.320699,0.277058,-0.181064,-0.206783
sample,196,drone,4.895365,10.360577,-3.173457,2.620406,0.249974,-0.052440,0.034271,-1.256766,0.263646,-0.172299,-0.206783
sample,197,drone,4.920341,10.366428,-3.174685,2.621208,0.219399,-0.046026,0.030079,-1.190214,0.249685,-0.163175,-0.206783
sample,198,drone,4.945317,10.371537,-3.175756,2.621908,0.190520,-0.039968,0.026120,-1.121016,0.235168,-0.153688,-0.206783
sample,199,drone,4.970294,10.375945,-3.176681,2.622513,0.163402,-0.034279,0.022402,-1.049142,0.220091,-0.143834,-0.206783
sample,200,drone,4.995270,10.379699,-3.177468,2.623027,0.138112,-0.028973,0.018935,-0.974564,0.204445,-0.133610,-0.206783
sample,201,drone,5.020247,10.382844,-3.178128,2.623459,0.114720,-0.024066,0.015728,-0.897252,0.188227,-0.123011,-0.206783
sample,202,drone,5.045223,10.385430,-3.178671,2.623813,0.093292,-0.019571,0.012790,-0.817178,0.171429,-0.112033,-0.206783
sample,203,drone,5.070199,10.387505,-3.179106,2.624098,0.073899,-0.015503,0.010131,-0.734313,0.154045,-0.100672,-0.206783
sample,204,drone,5.095176,10.389121,-3.179445,2.624319,0.056611,-0.011876,0.007761,-0.648628,0.136070,-0.088925,-0.206783
sample,205,drone,5.120152,10.390333,-3.179699,2.624485,0.041499,-0.008706,0.005689,-0.560093,0.117497,-0.076787,-0.206783
sample,206,drone,5.145128,10.391194,-3.179880,2.624603,0.028633,-0.006007,0.003926,-0.468681,0.098321,-0.064255,-0.206783
sample,207,drone,5.170105,10.391763,-3.179999,2.624681,0.018087,-0.003794,0.002480,-0.374362,0.078534,-0.051324,-0.206783
sample,208,drone,5.195081,10.392098,-3.180069,2.624727,0.009933,-0.002084,0.001362,-0.277108,0.058132,-0.037991,-0.206783
sample,209,drone,5.220057,10.392259,-3.180103,2.624749,0.004244,-0.000890,0.000582,-0.177119,0.037472,-0.024362,-0.206783
sample,210,drone,5.245034,10.392310,-3.180114,2.624756,0.001085,-0.000212,0.000145,-0.093249,0.046129,-0.019461,-0.192833
sample,211,drone,5.270010,10.392313,-3.180114,2.624757,-0.000414,0.001414,-0.000390,-0.075727,0.161401,-0.046954,1.855374
sample,212,drone,5.294986,10.392289,-3.180043,2.624737,-0.002698,0.007851,-0.002201,-0.140075,0.403423,-0.113209,1.901785
sample,213,drone,5.319963,10.392178,-3.179722,2.624647,-0.007411,0.021566,-0.006045,-0.237805,0.692037,-0.193991,1.901786
sample,214,drone,5.344939,10.391919,-3.178966,2.624435,-0.014577,0.042420,-0.011891,-0.333348,0.970076,-0.271931,1.901786
sample,215,drone,5.369915,10.391450,-3.177603,2.624053,-0.024062,0.070024,-0.019629,-0.423599,1.232718,-0.345554,1.901786
sample,216,drone,5.394892,10.390717,-3.175468,2.623454,-0.035737,0.103997,-0.029152,-0.508654,1.480235,-0.414938,1.901786
sample,217,drone,5.419868,10.389665,-3.172408,2.622596,-0.049471,0.143966,-0.040356,-0.588606,1.712905,-0.480159,1.901786
sample,218,drone,5.444845,10.388246,-3.168277,2.621438,-0.065139,0.189561,-0.053138,-0.663551,1.931001,-0.541296,1.901786
sample,219,drone,5.469821,10.386411,-3.162939,2.619942,-0.082617,0.240424,-0.067395,-0.733582,2.134797,-0.598424,1.901786
sample,220,drone,5.494797,10.384119,-3.156267,2.618072,-0.101783,0.296200,-0.083031,-0.798793,2.324570,-0.651621,1.901786
sample,221,drone,5.519774,10.381327,-3.148143,2.615794,-0.122519,0.356543,-0.099946,-0.859280,2.500594,-0.700963,1.901786
sample,222,drone,5.544750,10.377998,-3.138457,2.613079,-0.144707,0.421112,-0.118046,-0.915137,2.663143,-0.746529,1.901786
sample,223,drone,5.569726,10.374098,-3.127107,2.609898,-0.168233,0.489574,-0.137237,-0.966458,2.812492,-0.788394,1.901786
sample,224,drone,5.594703,10.369595,-3.114001,2.606224,-0.192984,0.561603,-0.157428,-1.013338,2.948917,-0.826637,1.901786
sample,225,drone,5.619679,10.364458,-3.099053,2.602034,-0.218852,0.636880,-0.178530,-1.055871,3.072692,-0.861333,1.901786
sample,226,drone,5.644655,10.358663,-3.082187,2.597306,-0.245728,0.715093,-0.200454,-1.094151,3.184091,-0.892560,1.901786
sample,227,drone,5.669632,10.352184,-3.063333,2.592021,-0.273507,0.795934,-0.223115,-1.128273,3.283390,-0.920396,1.901786
sample,228,drone,5.694608,10.345000,-3.042428,2.586161,-0.302088,0.879107,-0.246430,-1.158331,3.370863,-0.944916,1.901786
sample,229,drone,5.719584,10.337093,-3.019419,2.579711,-0.331369,0.964318,-0.270316,-1.184421,3.446785,-0.966198,1.901786
sample,230,drone,5.744561,10.328447,-2.994258,2.572658,-0.361253,1.051283,-0.294694,-1.206635,3.511431,-0.984320,1.901786
sample,231,drone,5.769537,10.319048,-2.966904,2.564990,-0.391644,1.139724,-0.319486,-1.225069,3.565076,-0.999358,1.901786
sample,232,drone,5.794513,10.308884,-2.937325,2.556698,-0.422448,1.229368,-0.344615,-1.239817,3.607994,-1.011388,1.901786
sample,233,drone,5.819490,10.297945,-2.905494,2.547776,-0.453576,1.319953,-0.370007,-1.250973,3.640460,-1.020489,1.901786
sample,234,drone,5.844466,10.286226,-2.871390,2.538216,-0.484938,1.411219,-0.395591,-1.258633,3.662750,-1.026738,1.901786
sample,235,drone,5.869442,10.273722,-2.835000,2.528015,-0.516448,1.502917,-0.421296,-1.262890,3.675138,-1.030210,1.901786
sample,236,drone,5.894419,10.260428,-2.796316,2.517171,-0.548023,1.594802,-0.447053,-1.263838,3.677898,-1.030984,1.901786
sample,237,drone,5.919395,10.246346,-2.755335,2.505683,-0.579580,1.686638,-0.472796,-1.261573,3.671305,-1.029136,1.901786
sample,238,drone,5.944372,10.231477,-2.712063,2.493553,-0.611042,1.778194,-0.498461,-1.256188,3.655635,-1.024743,1.901786
sample,239,drone,5.969348,10.215823,-2.666510,2.480784,-0.642330,1.869247,-0.523985,-1.247778,3.631163,-1.017883,1.901786
sample,240,drone,5.994324,10.199391,-2.618689,2.467379,-0.673372,1.959580,-0.549307,-1.236438,3.598161,-1.008632,1.901786
sample,241,drone,6.019301,10.182186,-2.568623,2.453344,-0.704094,2.048985,-0.574369,-1.222262,3.556907,-0.997068,1.901786
sample,242,drone,6.044277,10.164219,-2.516337,2.438688,-0.734427,2.137257,-0.599113,-1.205344,3.507674,-0.983267,1.901786
sample,243,drone,6.069253,10.145500,-2.461862,2.423417,-0.764304,2.224202,-0.623486,-1.185779,3.450737,-0.967306,1.901786
sample,244,drone,6.094230,10.126040,-2.405232,2.407543,-0.793660,2.309631,-0.647433,-1.163661,3.386372,-0.949264,1.901786
sample,245,drone,6.119206,10.105854,-2.346489,2.391076,-0.822432,2.393361,-0.670904,-1.139084,3.314852,-0.929215,1.901786
sample,246,drone,6.144182,10.084958,-2.285677,2.374029,-0.850560,2.475217,-0.693850,-1.112144,3.236453,-0.907238,1.901786
sample,247,drone,6.169159,10.063367,-2.222846,2.356416,-0.877986,2.555030,-0.716223,-1.082934,3.151449,-0.883410,1.901786
sample,248,drone,6.194135,10.041100,-2.158047,2.338252,-0.904656,2.632640,-0.737978,-1.051549,3.060116,-0.857808,1.901786
sample,249,drone,6.219111,10.018177,-2.091338,2.319552,-0.930514,2.707891,-0.759073,-1.018084,2.962727,-0.830508,1.901786
sample,250,drone,6.244088,9.994618,-2.022780,2.300334,-0.955512,2.780636,-0.779465,-0.982632,2.859559,-0.801588,1.901786
sample,251,drone,6.269064,9.970446,-1.952438,2.280616,-0.979599,2.850734,-0.799114,-0.945288,2.750885,-0.771125,1.901786
sample,252,drone,6.294040,9.945684,-1.880378,2.260416,-1.002731,2.918050,-0.817984,-0.906147,2.636980,-0.739195,1.901786
sample,253,drone,6.319017,9.920357,-1.806673,2.239755,-1.024864,2.982458,-0.836039,-0.865303,2.518120,-0.705876,1.901786
sample,254,drone,6.343993,9.894490,-1.731397,2.218654,-1.045955,3.043837,-0.853245,-0.822850,2.394578,-0.671245,1.901786
sample,255,drone,6.368969,9.868109,-1.654625,2.197134,-1.065967,3.102074,-0.869570,-0.778884,2.266631,-0.635379,1.901786
sample,256,drone,6.393946,9.841242,-1.576440,2.175217,-1.084863,3.157062,-0.884984,-0.733497,2.134552,-0.598355,1.901786
sample,257,drone,6.418922,9.813917,-1.496922,2.152926,-1.102608,3.208701,-0.899459,-0.686786,1.998617,-0.560250,1.901786
sample,258,drone,6.443899,9.786163,-1.416156,2.130286,-1.119170,3.256898,-0.912970,-0.638843,1.859099,-0.521140,1.901786
sample,259,drone,6.468875,9.758011,-1.334231,2.107321,-1.134519,3.301568,-0.925491,-0.589765,1.716275,-0.481104,1.901786
sample,260,drone,6.493851,9.729491,-1.251234,2.084055,-1.148630,3.342630,-0.937002,-0.539644,1.570419,-0.440218,1.901786
sample,261,drone,6.518828,9.700634,-1.167257,2.060515,-1.161476,3.380014,-0.947481,-0.488576,1.421805,-0.398559,1.901786
sample,262,drone,6.543804,9.671472,-1.082393,2.036726,-1.173036,3.413653,-0.956911,-0.436654,1.270708,-0.356203,1.901786
sample,263,drone,6.568780,9.642038,-0.996736,2.012715,-1.183288,3.443490,-0.965275,-0.383974,1.117404,-0.313229,1.901786
sample,264,drone,6.593757,9.612364,-0.910382,1.988508,-1.192216,3.469471,-0.972558,-0.330630,0.962167,-0.269713,1.901786
sample,265,drone,6.618733,9.582483,-0.823427,1.964133,-1.199804,3.491552,-0.978748,-0.276716,0.805271,-0.225733,1.901786
sample,266,drone,6.643709,9.552430,-0.735969,1.939617,-1.206039,3.509696,-0.983834,-0.222326,0.646992,-0.181364,1.901786
sample,267,drone,6.668686,9.522239,-0.648108,1.914988,-1.210910,3.523871,-0.987807,-0.167556,0.487604,-0.136685,1.901786
sample,268,drone,6.693662,9.491942,-0.559942,1.890273,-1.214409,3.534053,-0.990662,-0.112499,0.327383,-0.091772,1.901786
sample,269,drone,6.718638,9.461576,-0.471572,1.865502,-1.216529,3.540225,-0.992392,-0.057250,0.166602,-0.046702,1.901786
sample,270,drone,6.743615,9.431173,-0.383098,1.840701,-1.217268,3.542376,-0.992994,-0.001903,0.005538,-0.001552,1.901786
sample,271,drone,6.768591,9.400770,-0.294621,1.815899,-1.216625,3.540502,-0.992469,0.053447,-0.155536,0.043600,1.901786
sample,272,drone,6.793567,9.370400,-0.206241,1.791124,-1.214599,3.534606,-0.990816,0.108706,-0.316345,0.088678,1.901786
sample,273,drone,6.818544,9.340097,-0.118058,1.766405,-1.211194,3.524699,-0.988039,0.163779,-0.476614,0.133604,1.901786
sample,274,drone,6.843520,9.309897,-0.030173,1.741769,-1.206417,3.510798,-0.984143,0.218572,-0.636068,0.178302,1.901786
sample,275,drone,6.868497,9.279833,0.057316,1.717244,-1.200276,3.492926,-0.979133,0.272991,-0.794432,0.222694,1.901786
sample,276,drone,6.893473,9.249940,0.144308,1.692859,-1.192781,3.471114,-0.973018,0.326941,-0.951431,0.266704,1.901786
sample,277,drone,6.918449,9.220251,0.230707,1.668639,-1.183945,3.445399,-0.965810,0.380327,-1.106791,0.310254,1.901786
sample,278,drone,6.943426,9.190799,0.316416,1.644614,-1.173782,3.415827,-0.957520,0.433056,-1.260237,0.353268,1.901786
sample,279,drone,6.968402,9.161617,0.401337,1.620809,-1.162312,3.382447,-0.948163,0.485033,-1.411494,0.395668,1.901786
sample,280,drone,6.993378,9.132738,0.485378,1.597250,-1.149554,3.345319,-0.937756,0.536163,-1.560288,0.437378,1.901786
sample,281,drone,7.018355,9.104194,0.568445,1.573965,-1.135529,3.304507,-0.926315,0.586351,-1.706342,0.478320,1.901786
sample,282,drone,7.043331,9.076015,0.650447,1.550978,-1.120264,3.260082,-0.913862,0.635505,-1.849384,0.518417,1.901786
sample,283,drone,7.068307,9.048234,0.731295,1.528315,-1.103784,3.212125,-0.900419,0.683528,-1.989137,0.557593,1.901786
sample,284,drone,7.093284,9.020878,0.810901,1.506000,-1.086120,3.160720,-0.886009,0.730328,-2.125328,0.595769,1.901786
sample,285,drone,7.118260,8.993979,0.889181,1.484057,-1.067302,3.105959,-0.870659,0.775808,-2.257681,0.632870,1.901786
sample,286,drone,7.143236,8.967564,0.966052,1.462508,-1.047366,3.047942,-0.854395,0.819875,-2.385921,0.668818,1.901786
sample,287,drone,7.168213,8.941660,1.041434,1.441377,-1.026347,2.986776,-0.837249,0.862435,-2.509774,0.703537,1.901786
sample,288,drone,7.193189,8.916295,1.115250,1.420686,-1.004285,2.922572,-0.819252,0.903393,-2.628965,0.736948,1.901786
sample,289,drone,7.218165,8.891494,1.187425,1.400454,-0.981221,2.855452,-0.800437,0.942654,-2.743219,0.768976,1.901786
sample,290,drone,7.243142,8.867280,1.257887,1.380702,-0.957197,2.785541,-0.780839,0.980124,-2.852261,0.799542,1.901786
sample,291,drone,7.268118,8.843679,1.326570,1.361449,-0.932261,2.712974,-0.760497,1.015709,-2.955817,0.828571,1.901786
sample,292,drone,7.293094,8.820711,1.393408,1.342713,-0.906460,2.637890,-0.739450,1.049314,-3.053612,0.855985,1.901786
sample,293,drone,7.318071,8.798399,1.458340,1.324511,-0.879845,2.560438,-0.717739,1.080845,-3.145370,0.881706,1.901786
sample,294,drone,7.343047,8.776761,1.521308,1.306860,-0.852469,2.480770,-0.695407,1.110208,-3.230818,0.905659,1.901786
sample,295,drone,7.368024,8.755816,1.582261,1.289774,-0.824387,2.399050,-0.672499,1.137307,-3.309680,0.927765,1.901786
sample,296,drone,7.393000,8.735581,1.641148,1.273267,-0.795657,2.315443,-0.649062,1.162049,-3.381681,0.947949,1.901786
sample,297,drone,7.417976,8.716071,1.697923,1.257351,-0.766339,2.230125,-0.625146,1.184339,-3.446547,0.966132,1.901786
sample,298,drone,7.442953,8.697300,1.752548,1.242039,-0.736496,2.143279,-0.600801,1.204083,-3.504004,0.982238,1.901786
sample,299,drone,7.467929,8.679281,1.804986,1.227339,-0.706192,2.055091,-0.576081,1.221186,-3.553775,0.996190,1.901786
sample,300,drone,7.492905,8.662024,1.855206,1.213262,-0.675494,1.965758,-0.551039,1.235553,-3.595587,1.007910,1.901786
sample,301,drone,7.517882,8.645538,1.903181,1.199814,-0.644473,1.875482,-0.525733,1.247092,-3.629164,1.017323,1.901786
sample,302,drone,7.542858,8.629830,1.948891,1.187000,-0.613199,1.784471,-0.500221,1.255706,-3.654232,1.024350,1.901786
sample,303,drone,7.567834,8.614907,1.992320,1.174826,-0.581747,1.692943,-0.474564,1.261301,-3.670516,1.028914,1.901786
sample,304,drone,7.592811,8.600771,2.033458,1.163294,-0.550193,1.601119,-0.448824,1.263784,-3.677741,1.030940,1.901786
sample,305,drone,7.617787,8.587423,2.072300,1.152406,-0.518618,1.509230,-0.423065,1.263060,-3.675632,1.030349,1.901786
sample,306,drone,7.642763,8.574864,2.108848,1.142161,-0.487100,1.417512,-0.397355,1.259033,-3.663915,1.027064,1.901786
sample,307,drone,7.667740,8.563091,2.143109,1.132557,-0.455725,1.326207,-0.371761,1.251611,-3.642315,1.021009,1.901786
sample,308,drone,7.692716,8.552100,2.175096,1.123591,-0.424579,1.235568,-0.346353,1.240698,-3.610557,1.012107,1.901786
sample,309,drone,7.717692,8.541882,2.204829,1.115256,-0.393749,1.145850,-0.321203,1.226200,-3.568366,1.000280,1.901786
sample,310,drone,7.742669,8.532431,2.232334,1.107546,-0.363327,1.057318,-0.296386,1.208022,-3.515467,0.985452,1.901786
sample,311,drone,7.767645,8.523733,2.257645,1.100451,-0.333405,0.970243,-0.271977,1.186071,-3.451586,0.967544,1.901786
sample,312,drone,7.792621,8.515776,2.280800,1.093960,-0.304080,0.884902,-0.248055,1.160251,-3.376448,0.946482,1.901786
sample,313,drone,7.817598,8.508544,2.301848,1.088060,-0.275448,0.801581,-0.224698,1.130468,-3.289778,0.922187,1.901786
sample,314,drone,7.842574,8.502017,2.320842,1.082736,-0.247610,0.720569,-0.201989,1.096628,-3.191301,0.894582,1.901786
sample,315,drone,7.867551,8.496175,2.337842,1.077970,-0.220668,0.642166,-0.180011,1.058637,-3.080742,0.863590,1.901786
sample,316,drone,7.892527,8.490994,2.352920,1.073743,-0.194728,0.566678,-0.158850,1.016400,-2.957827,0.829135,1.901786
sample,317,drone,7.917503,8.486448,2.366150,1.070035,-0.169896,0.494415,-0.138594,0.969822,-2.822281,0.791138,1.901786
sample,318,drone,7.942480,8.482507,2.377617,1.066820,-0.146283,0.425697,-0.119331,0.918809,-2.673829,0.749524,1.901786
sample,319,drone,7.967456,8.479140,2.387414,1.064074,-0.123999,0.360850,-0.101153,0.863267,-2.512196,0.704216,1.901786
sample,320,drone,7.992432,8.476313,2.395642,1.061767,-0.103160,0.300206,-0.084153,0.803102,-2.337107,0.655135,1.901786
sample,321,drone,8.017409,8.473987,2.402410,1.059870,-0.083882,0.244105,-0.068427,0.738218,-2.148289,0.602206,1.901786
sample,322,drone,8.042385,8.472123,2.407836,1.058349,-0.066284,0.192893,-0.054072,0.668521,-1.945464,0.545350,1.901786
sample,323,drone,8.067361,8.470676,2.412046,1.057169,-0.050488,0.146924,-0.041186,0.593917,-1.728360,0.484492,1.901786
sample,324,drone,8.092338,8.469601,2.415175,1.056292,-0.036616,0.106557,-0.029870,0.514312,-1.496702,0.419554,1.901786
sample,325,drone,8.117314,8.468847,2.417369,1.055677,-0.024796,0.072160,-0.020228,0.429611,-1.250213,0.350458,1.901786
sample,326,drone,8.142290,8.468362,2.418780,1.055282,-0.015156,0.044106,-0.012364,0.339720,-0.988621,0.277129,1.901786
sample,327,drone,8.167267,8.468090,2.419572,1.055060,-0.007826,0.022775,-0.006384,0.244544,-0.711649,0.199489,1.901786
sample,328,drone,8.192243,8.467971,2.419918,1.054963,-0.002940,0.008557,-0.002399,0.129269,-0.428892,0.125398,1.901785
sample,329,drone,8.217219,8.467943,2.419999,1.054940,-0.001369,0.001351,-0.000120,-0.203788,-0.275537,0.162464,2.362790
sample,330,drone,8.242196,8.467903,2.419985,1.054957,-0.013120,-0.005207,0.005717,-1.022102,-0.446470,0.460815,-2.763783
sample,331,drone,8.267172,8.467288,2.419739,1.055225,-0.052426,-0.020951,0.022899,-2.189037,-0.875549,0.956404,-2.761398
sample,332,drone,8.292149,8.465284,2.418938,1.056100,-0.122468,-0.048943,0.053492,-3.344596,-1.336628,1.460854,-2.761398
sample,333,drone,8.317125,8.461170,2.417294,1.057897,-0.219497,-0.087720,0.095872,-4.350356,-1.738569,1.900151,-2.761398
sample,334,drone,8.342101,8.454320,2.414557,1.060890,-0.339781,-0.135789,0.148410,-5.209877,-2.082066,2.275573,-2.761398
sample,335,drone,8.367078,8.444197,2.410511,1.065311,-0.479745,-0.191724,0.209543,-5.929520,-2.369663,2.589899,-2.761398
sample,336,drone,8.392054,8.430355,2.404979,1.071357,-0.635976,-0.254160,0.277782,-6.515645,-2.603901,2.845907,-2.761398
sample,337,drone,8.417030,8.412429,2.397815,1.079187,-0.805219,-0.321796,0.351704,-6.974611,-2.787321,3.046374,-2.761398
sample,338,drone,8.442007,8.390132,2.388905,1.088925,-0.984377,-0.393395,0.429957,-7.312781,-2.922467,3.194080,-2.761398
sample,339,drone,8.466983,8.363256,2.378164,1.100664,-1.170512,-0.467781,0.511257,-7.536513,-3.011879,3.291802,-2.761398
sample,340,drone,8.491959,8.331662,2.365538,1.114464,-1.360846,-0.543846,0.594391,-7.652169,-3.058099,3.342318,-2.761398
sample,341,drone,8.516936,8.295278,2.350998,1.130356,-1.552759,-0.620542,0.678215,-7.666108,-3.063670,3.348406,-2.761398
sample,342,drone,8.541912,8.254098,2.334540,1.148343,-1.743789,-0.696885,0.761653,-7.584691,-3.031132,3.312845,-2.761398
sample,343,drone,8.566888,8.208171,2.316186,1.168402,-1.931634,-0.771955,0.843700,-7.414278,-2.963029,3.238412,-2.761398
sample,344,drone,8.591865,8.157607,2.295979,1.190488,-2.114152,-0.844896,0.923420,-7.161230,-2.861901,3.127886,-2.761398
sample,345,drone,8.616841,8.102564,2.273982,1.214530,-2.289357,-0.914915,0.999947,-6.831906,-2.730291,2.984044,-2.761398
sample,346,drone,8.641817,8.043248,2.250277,1.240438,-2.455424,-0.981281,1.072481,-6.432668,-2.570740,2.809664,-2.761398
sample,347,drone,8.666794,7.979909,2.224964,1.268103,-2.610686,-1.043330,1.140297,-5.969875,-2.385790,2.607525,-2.761398
sample,348,drone,8.691770,7.912837,2.198159,1.297399,-2.753636,-1.100458,1.202734,-5.449889,-2.177984,2.380405,-2.761398
sample,349,drone,8.716746,7.842357,2.169993,1.328183,-2.882923,-1.152126,1.259205,-4.879068,-1.949862,2.131082,-2.761398
sample,350,drone,8.741723,7.768827,2.140608,1.360299,-2.997358,-1.197859,1.309188,-4.263774,-1.703967,1.862333,-2.761398
sample,351,drone,8.766699,7.692631,2.110157,1.393580,-3.095910,-1.237244,1.352233,-3.610367,-1.442841,1.576938,-2.761398
sample,352,drone,8.791676,7.614178,2.078804,1.427847,-3.177706,-1.269933,1.387960,-2.925207,-1.169024,1.277673,-2.761398
sample,353,drone,8.816652,7.533896,2.046720,1.462913,-3.242032,-1.295640,1.416056,-2.214654,-0.885060,0.967318,-2.761398
sample,354,drone,8.841628,7.452230,2.014083,1.498583,-3.288334,-1.314144,1.436280,-1.485069,-0.593490,0.648649,-2.761398
sample,355,drone,8.866605,7.369635,1.981075,1.534659,-3.316215,-1.325286,1.448458,-0.742813,-0.296856,0.324446,-2.761398
sample,356,drone,8.891581,7.286576,1.947882,1.570937,-3.325439,-1.328973,1.452487,0.005755,0.002300,-0.002514,-2.761398
sample,357,drone,8.916557,7.203520,1.914689,1.607214,-3.315928,-1.325171,1.448333,0.754274,0.301437,-0.329452,-2.761398
sample,358,drone,8.941534,7.120936,1.881686,1.643285,-3.287761,-1.313915,1.436030,1.496384,0.598012,-0.653592,-2.761398
sample,359,drone,8.966510,7.039288,1.849056,1.678948,-3.241179,-1.295299,1.415684,2.225725,0.889485,-0.972153,-2.761398
sample,360,drone,8.991486,6.959031,1.816982,1.714003,-3.176580,-1.269483,1.387468,2.935936,1.173312,-1.282359,-2.761398
sample,361,drone,9.016463,6.880609,1.785642,1.748256,-3.094521,-1.236689,1.351627,3.620656,1.446953,-1.581432,-2.761398
sample,362,drone,9.041439,6.804451,1.755206,1.781520,-2.995719,-1.197204,1.308472,4.273526,1.707864,-1.866593,-2.761398
sample,363,drone,9.066415,6.730965,1.725838,1.813617,-2.881047,-1.151377,1.258385,4.888186,1.953506,-2.135064,-2.761398
sample,364,drone,9.091392,6.660535,1.697692,1.844380,-2.751541,-1.099621,1.201819,5.458274,2.181335,-2.384068,-2.761398
sample,365,drone,9.116368,6.593518,1.670909,1.873652,-2.608392,-1.042413,1.139295,5.977430,2.388810,-2.610825,-2.761398
sample,366,drone,9.141344,6.530239,1.645620,1.901291,-2.452952,-0.980293,1.071402,6.439295,2.573388,-2.812559,-2.761398
sample,367,drone,9.166321,6.470986,1.621941,1.927171,-2.286731,-0.913865,0.998800,6.837508,2.732529,-2.986490,-2.761398
sample,368,drone,9.191297,6.416010,1.599970,1.951183,-2.111400,-0.843796,0.922218,7.165708,2.863691,-3.129842,-2.761398
sample,369,drone,9.216273,6.365516,1.579791,1.973238,-1.928785,-0.770816,0.842456,7.417536,2.964331,-3.239835,-2.761398
sample,370,drone,9.241250,6.319662,1.561466,1.993266,-1.740874,-0.695720,0.760380,7.586630,3.031907,-3.313692,-2.761398
sample,371,drone,9.266226,6.278555,1.545038,2.011221,-1.549812,-0.619364,0.676928,7.666631,3.063879,-3.348635,-2.761398
sample,372,drone,9.291203,6.242245,1.530527,2.027081,-1.357905,-0.542671,0.593106,7.651178,3.057703,-3.341885,-2.761398
sample,373,drone,9.316179,6.210724,1.517930,2.040849,-1.167615,-0.466624,0.509992,7.533911,3.010839,-3.290666,-2.761398
sample,374,drone,9.341155,6.183919,1.507218,2.052556,-0.981566,-0.392271,0.428729,7.308470,2.920744,-3.192197,-2.761398
sample,375,drone,9.366132,6.161692,1.498335,2.062265,-0.802537,-0.320725,0.350533,6.968493,2.784876,-3.043702,-2.761398
sample,376,drone,9.391108,6.143830,1.491197,2.070066,-0.633471,-0.253159,0.276688,6.507622,2.600694,-2.842403,-2.761398
sample,377,drone,9.416084,6.130048,1.485689,2.076086,-0.477464,-0.190813,0.208547,5.919495,2.365657,-2.585520,-2.761398
sample,378,drone,9.441061,6.119980,1.481665,2.080484,-0.337776,-0.134988,0.147534,5.197753,2.077221,-2.270277,-2.761398
sample,379,drone,9.466037,6.113175,1.478946,2.083456,-0.217822,-0.087050,0.095141,4.336034,1.732845,-1.893895,-2.761398
sample,380,drone,9.491013,6.109099,1.477317,2.085236,-0.121179,-0.048428,0.052929,3.327979,1.329988,-1.453597,-2.761398
sample,381,drone,9.515990,6.107122,1.476527,2.086100,-0.051581,-0.020614,0.022529,2.171487,0.867602,-0.948108,-2.761398
sample,382,drone,9.540966,6.106522,1.476287,2.086362,-0.012708,-0.005089,0.005568,1.057834,0.412833,-0.445057,-2.760695
sample,383,drone,9.565942,6.106487,1.476273,2.086378,0.001261,0.000008,0.000298,0.456605,0.132611,-0.114038,0.006738
sample,384,drone,9.590919,6.106585,1.476288,2.086377,0.010101,0.001535,-0.000128,0.508892,0.081024,-0.012746,0.150855
sample,385,drone,9.615895,6.106992,1.476349,2.086371,0.026681,0.004056,-0.000339,0.827744,0.125826,-0.010518,0.150855
sample,386,drone,9.640871,6.107918,1.476490,2.086360,0.051449,0.007821,-0.000654,1.146093,0.174218,-0.014563,0.150855
sample,387,drone,9.665848,6.109562,1.476740,2.086339,0.083932,0.012759,-0.001067,1.445704,0.219762,-0.018371,0.150855
sample,388,drone,9.690824,6.112111,1.477127,2.086306,0.123666,0.018799,-0.001571,1.726933,0.262512,-0.021944,0.150855
sample,389,drone,9.715801,6.115740,1.477679,2.086260,0.170197,0.025872,-0.002163,1.990131,0.302520,-0.025289,0.150855
sample,390,drone,9.740777,6.120613,1.478420,2.086198,0.223078,0.033910,-0.002835,2.235655,0.339843,-0.028408,0.150855
sample,391,drone,9.765753,6.126883,1.479373,2.086119,0.281874,0.042848,-0.003582,2.463857,0.374532,-0.031308,0.150855
sample,392,drone,9.790730,6.134693,1.480560,2.086019,0.346155,0.052619,-0.004399,2.675092,0.406642,-0.033992,0.150855
sample,393,drone,9.815706,6.144174,1.482001,2.085899,0.415502,0.063161,-0.005280,2.869713,0.436226,-0.036465,0.150855
sample,394,drone,9.840682,6.155448,1.483715,2.085756,0.489505,0.074410,-0.006220,3.048075,0.463339,-0.038732,0.150855
sample,395,drone,9.865659,6.168626,1.485718,2.085588,0.567761,0.086306,-0.007215,3.210532,0.488034,-0.040796,0.150855
sample,396,drone,9.890635,6.183810,1.488026,2.085395,0.649879,0.098788,-0.008258,3.357438,0.510365,-0.042663,0.150855
sample,397,drone,9.915611,6.201090,1.490653,2.085176,0.735475,0.111800,-0.009346,3.489146,0.530386,-0.044336,0.150855
sample,398,drone,9.940588,6.220548,1.493611,2.084928,0.824172,0.125283,-0.010473,3.606011,0.548151,-0.045821,0.150855
sample,399,drone,9.965564,6.242259,1.496911,2.084653,0.915605,0.139181,-0.011635,3.708387,0.563713,-0.047122,0.150855
sample,400,drone,9.990540,6.266285,1.500564,2.084347,1.009416,0.153442,-0.012827,3.796628,0.577127,-0.048244,0.150855
sample,401,drone,10.015517,6.292682,1.504576,2.084012,1.105256,0.168010,-0.014044,3.871088,0.588445,-0.049190,0.150855
sample,402,drone,10.040493,6.321496,1.508956,2.083646,1.202787,0.182836,-0.015284,3.932120,0.597723,-0.049965,0.150855
sample,403,drone,10.065469,6.352765,1.513709,2.083248,1.301676,0.197868,-0.016540,3.980079,0.605013,-0.050575,0.150855
sample,404,drone,10.090446,6.386518,1.518840,2.082819,1.401603,0.213058,-0.017810,4.015320,0.610370,-0.051022,0.150855
sample,405,drone,10.115422,6.422778,1.524352,2.082359,1.502252,0.228358,-0.019089,4.038195,0.613847,-0.051313,0.150855
sample,406,drone,10.140398,6.461560,1.530247,2.081866,1.603321,0.243721,-0.020373,4.049059,0.615499,-0.051451,0.150855
sample,407,drone,10.165375,6.502869,1.536527,2.081341,1.704514,0.259104,-0.021659,4.048266,0.615378,-0.051441,0.150855
sample,408,drone,10.190351,6.546705,1.543190,2.080784,1.805543,0.274461,-0.022943,4.036170,0.613539,-0.051287,0.150855
sample,409,drone,10.215328,6.593060,1.550237,2.080195,1.906131,0.289752,-0.024221,4.013125,0.610036,-0.050995,0.150855
sample,410,drone,10.240304,6.641921,1.557664,2.079574,2.006010,0.304934,-0.025490,3.979485,0.604923,-0.050567,0.150855
sample,411,drone,10.265280,6.693266,1.565469,2.078922,2.104918,0.319969,-0.026747,3.935605,0.598252,-0.050010,0.150855
sample,412,drone,10.290257,6.747068,1.573647,2.078238,2.202604,0.334818,-0.027988,3.881837,0.590079,-0.049326,0.150855
sample,413,drone,10.315233,6.803292,1.582194,2.077524,2.298826,0.349445,-0.029211,3.818536,0.580457,-0.048522,0.150855
sample,414,drone,10.340209,6.861900,1.591103,2.076779,2.393350,0.363814,-0.030412,3.746057,0.569439,-0.047601,0.150855
sample,415,drone,10.365186,6.922846,1.600368,2.076004,2.485951,0.377890,-0.031589,3.664753,0.557080,-0.046568,0.150855
sample,416,drone,10.390162,6.986080,1.609980,2.075201,2.576414,0.391642,-0.032738,3.574977,0.543433,-0.045427,0.150855
sample,417,drone,10.415138,7.051545,1.619931,2.074369,2.664531,0.405036,-0.033858,3.477085,0.528553,-0.044183,0.150855
sample,418,drone,10.440115,7.119181,1.630212,2.073510,2.750104,0.418044,-0.034945,3.371431,0.512492,-0.042841,0.150855
sample,419,drone,10.465091,7.188920,1.640814,2.072623,2.832943,0.430637,-0.035998,3.258367,0.495305,-0.041404,0.150855
sample,420,drone,10.490067,7.260694,1.651724,2.071711,2.912868,0.442786,-0.037014,3.138249,0.477046,-0.039878,0.150855
sample,421,drone,10.515044,7.334426,1.662932,2.070774,2.989707,0.454466,-0.037990,3.011430,0.457768,-0.038266,0.150855
sample,422,drone,10.540020,7.410038,1.674426,2.069814,3.063297,0.465653,-0.038925,2.878264,0.437526,-0.036574,0.150855
sample,423,drone,10.564996,7.487446,1.686193,2.068830,3.133484,0.476322,-0.039817,2.739105,0.416372,-0.034806,0.150855
sample,424,drone,10.589973,7.566564,1.698219,2.067825,3.200123,0.486452,-0.040664,2.594308,0.394362,-0.032966,0.150855
sample,425,drone,10.614949,7.647301,1.710492,2.066799,3.263077,0.496021,-0.041464,2.444226,0.371548,-0.031059,0.150855
sample,426,drone,10.639925,7.729563,1.722997,2.065753,3.322219,0.505011,-0.042215,2.289214,0.347984,-0.029089,0.150855
sample,427,drone,10.664902,7.813255,1.735719,2.064690,3.377429,0.513404,-0.042917,2.129625,0.323725,-0.027061,0.150855
sample,428,drone,10.689878,7.898275,1.748643,2.063610,3.428599,0.521182,-0.043567,1.965813,0.298824,-0.024980,0.150855
sample,429,drone,10.714855,7.984522,1.761753,2.062514,3.475627,0.528331,-0.044165,1.798133,0.273335,-0.022849,0.150855
sample,430,drone,10.739831,8.071892,1.775034,2.061403,3.518421,0.534836,-0.044708,1.626939,0.247311,-0.020673,0.150855
sample,431,drone,10.764807,8.160277,1.788470,2.060280,3.556897,0.540685,-0.045197,1.452583,0.220808,-0.018458,0.150855
sample,432,drone,10.789784,8.249569,1.802043,2.059146,3.590981,0.545866,-0.045630,1.275422,0.193877,-0.016207,0.150855
sample,433,drone,10.814760,8.339656,1.815737,2.058001,3.620608,0.550370,-0.046007,1.095807,0.166574,-0.013924,0.150855
sample,434,drone,10.839736,8.430428,1.829536,2.056848,3.645720,0.554187,-0.046326,0.914095,0.138952,-0.011615,0.150855
sample,435,drone,10.864713,8.521770,1.843420,2.055687,3.666269,0.557311,-0.046587,0.730638,0.111064,-0.009284,0.150855
sample,436,drone,10.889689,8.613568,1.857375,2.054520,3.682217,0.559735,-0.046790,0.545790,0.082966,-0.006935,0.150855
sample,437,drone,10.914665,8.705707,1.871381,2.053350,3.693533,0.561455,-0.046934,0.359906,0.054709,-0.004573,0.150855
sample,438,drone,10.939642,8.798070,1.885421,2.052176,3.700196,0.562468,-0.047018,0.173340,0.026349,-0.002203,0.150855
sample,439,drone,10.964618,8.890541,1.899478,2.051001,3.702192,0.562771,-0.047044,-0.013555,-0.002060,0.000172,0.150855
sample,440,drone,10.989594,8.983004,1.913533,2.049826,3.699518,0.562365,-0.047010,-0.200424,-0.030466,0.002547,0.150855
sample,441,drone,11.014571,9.075342,1.927569,2.048653,3.692180,0.561249,-0.046916,-0.386913,-0.058815,0.004916,0.150855
sample,442,drone,11.039547,9.167439,1.941569,2.047482,3.680191,0.559427,-0.046764,-0.572668,-0.087051,0.007277,0.150855
sample,443,drone,11.064523,9.259178,1.955514,2.046317,3.663574,0.556901,-0.046553,-0.757336,-0.115123,0.009623,0.150855
sample,444,drone,11.089500,9.350444,1.969387,2.045157,3.642360,0.553676,-0.046283,-0.940562,-0.142975,0.011952,0.150855
sample,445,drone,11.114476,9.441123,1.983172,2.044005,3.616590,0.549759,-0.045956,-1.121993,-0.170554,0.014257,0.150855
sample,446,drone,11.139453,9.531103,1.996849,2.042861,3.586314,0.545157,-0.045571,-1.301273,-0.197807,0.016535,0.150855
sample,447,drone,11.164429,9.620269,2.010404,2.041728,3.551588,0.539878,-0.045130,-1.478050,-0.224679,0.018782,0.150855
sample,448,drone,11.189405,9.708514,2.023818,2.040607,3.512481,0.533933,-0.044633,-1.651969,-0.251116,0.020991,0.150855
sample,449,drone,11.214382,9.795727,2.037075,2.039499,3.469068,0.527334,-0.044081,-1.822676,-0.277065,0.023161,0.150855
sample,450,drone,11.239358,9.881803,2.050160,2.038405,3.421433,0.520093,-0.043476,-1.989817,-0.302473,0.025285,0.150855
sample,451,drone,11.264334,9.966637,2.063055,2.037327,3.369671,0.512225,-0.042818,-2.153038,-0.327284,0.027359,0.150855
sample,452,drone,11.289311,10.050127,2.075747,2.036266,3.313883,0.503744,-0.042109,-2.311985,-0.351446,0.029378,0.150855
sample,453,drone,11.314287,10.132175,2.088219,2.035224,3.254181,0.494669,-0.041351,-2.466305,-0.374904,0.031339,0.150855
sample,454,drone,11.339263,10.212683,2.100457,2.034201,3.190685,0.485017,-0.040544,-2.615642,-0.397605,0.033237,0.150855
sample,455,drone,11.364240,10.291558,2.112446,2.033198,3.123523,0.474808,-0.039690,-2.759643,-0.419494,0.035067,0.150855
sample,456,drone,11.389216,10.368711,2.124175,2.032218,3.052833,0.464062,-0.038792,-2.897955,-0.440519,0.036824,0.150855
sample,457,drone,11.414192,10.444055,2.135628,2.031261,2.978762,0.452803,-0.037851,-3.030222,-0.460625,0.038505,0.150855
sample,458,drone,11.439169,10.517508,2.146793,2.030327,2.901465,0.441053,-0.036869,-3.156091,-0.479758,0.040104,0.150855
sample,459,drone,11.464145,10.588991,2.157659,2.029419,2.821107,0.428837,-0.035848,-3.275209,-0.497865,0.041618,0.150855
sample,460,drone,11.489121,10.658430,2.168215,2.028536,2.737860,0.416183,-0.034790,-3.387220,-0.514892,0.043041,0.150855
sample,461,drone,11.514098,10.725755,2.178449,2.027681,2.651906,0.403117,-0.033698,-3.491771,-0.530785,0.044370,0.150855
sample,462,drone,11.539074,10.790900,2.188352,2.026853,2.563436,0.389669,-0.032573,-3.588508,-0.545490,0.045599,0.150855
sample,463,drone,11.564050,10.853805,2.197914,2.026054,2.472650,0.375868,-0.031420,-3.677076,-0.558953,0.046724,0.150855
sample,464,drone,11.589027,10.914416,2.207127,2.025284,2.379757,0.361748,-0.030239,-3.757123,-0.571121,0.047742,0.150855
sample,465,drone,11.614003,10.972681,2.215984,2.024543,2.284972,0.347339,-0.029035,-3.828293,-0.581940,0.048646,0.150855
sample,466,drone,11.638980,11.028556,2.224478,2.023833,2.188523,0.332678,-0.027809,-3.890233,-0.591356,0.049433,0.150855
sample,467,drone,11.663956,11.082003,2.232602,2.023154,2.090644,0.317799,-0.026566,-3.942589,-0.599314,0.050098,0.150855
sample,468,drone,11.688932,11.132989,2.240353,2.022506,1.991580,0.302741,-0.025307,-3.985007,-0.605762,0.050637,0.150855
sample,469,drone,11.713909,11.181488,2.247725,2.021890,1.891582,0.287540,-0.024036,-4.017132,-0.610646,0.051046,0.150855
sample,470,drone,11.738885,11.227479,2.254716,2.021306,1.790913,0.272237,-0.022757,-4.038611,-0.613911,0.051318,0.150855
sample,471,drone,11.763861,11.270949,2.261324,2.020753,1.689843,0.256874,-0.021473,-4.049090,-0.615503,0.051452,0.150855
sample,472,drone,11.788838,11.311891,2.267548,2.020233,1.588650,0.241491,-0.020187,-4.048215,-0.615370,0.051440,0.150855
sample,473,drone,11.813814,11.350306,2.273387,2.019745,1.487624,0.226134,-0.018903,-4.035631,-0.613457,0.051281,0.150855
sample,474,drone,11.838790,11.386202,2.278844,2.019289,1.387060,0.210847,-0.017625,-4.010984,-0.609711,0.050967,0.150855
sample,475,drone,11.863767,11.419594,2.283920,2.018864,1.287264,0.195677,-0.016357,-3.973921,-0.604077,0.050496,0.150855
sample,476,drone,11.888743,11.450504,2.288618,2.018472,1.188552,0.180672,-0.015103,-3.924088,-0.596502,0.049863,0.150855
sample,477,drone,11.913719,11.478965,2.292945,2.018110,1.091245,0.165881,-0.013866,-3.861131,-0.586932,0.049063,0.150855
sample,478,drone,11.938696,11.505015,2.296904,2.017779,0.995678,0.151353,-0.012652,-3.784694,-0.575313,0.048092,0.150855
sample,479,drone,11.963672,11.528702,2.300505,2.017478,0.902190,0.137142,-0.011464,-3.694426,-0.561591,0.046945,0.150855
sample,480,drone,11.988648,11.550082,2.303755,2.017206,0.811131,0.123300,-0.010307,-3.589971,-0.545713,0.045618,0.150855
sample,481,drone,12.013625,11.569220,2.306664,2.016963,0.722861,0.109882,-0.009185,-3.470975,-0.527624,0.044106,0.150855
sample,482,drone,12.038601,11.586191,2.309244,2.016747,0.637747,0.096944,-0.008104,-3.337085,-0.507271,0.042404,0.150855
sample,483,drone,12.063577,11.601077,2.311507,2.016558,0.556165,0.084543,-0.007067,-3.187946,-0.484601,0.040509,0.150855
sample,484,drone,12.088554,11.613973,2.313467,2.016394,0.478500,0.072737,-0.006080,-3.023205,-0.459558,0.038416,0.150855
sample,485,drone,12.113530,11.624980,2.315140,2.016255,0.405147,0.061587,-0.005148,-2.842507,-0.432090,0.036120,0.150855
sample,486,drone,12.138507,11.634211,2.316544,2.016137,0.336509,0.051153,-0.004276,-2.645498,-0.402143,0.033616,0.150855
sample,487,drone,12.163483,11.641789,2.317696,2.016041,0.272997,0.041498,-0.003469,-2.431825,-0.369662,0.030901,0.150855
sample,488,drone,12.188459,11.647848,2.318617,2.015964,0.215033,0.032687,-0.002732,-2.201133,-0.334595,0.027970,0.150855
sample,489,drone,12.213436,11.652531,2.319328,2.015904,0.163045,0.024785,-0.002072,-1.953068,-0.296886,0.024818,0.150855
sample,490,drone,12.238412,11.655992,2.319855,2.015860,0.117472,0.017857,-0.001493,-1.687276,-0.256483,0.021440,0.150855
sample,491,drone,12.263388,11.658399,2.320220,2.015830,0.078761,0.011972,-0.001001,-1.403404,-0.213332,0.017833,0.150855
sample,492,drone,12.288365,11.659927,2.320453,2.015810,0.047368,0.007200,-0.000602,-1.101097,-0.167378,0.013992,0.150855
sample,493,drone,12.313341,11.660765,2.320580,2.015800,0.023758,0.003611,-0.000302,-0.780002,-0.118568,0.009911,0.150855
sample,494,drone,12.338317,11.661113,2.320633,2.015795,0.008405,0.001278,-0.000107,-0.448871,-0.068792,0.005440,0.150855
sample,495,drone,12.363294,11.661185,2.320644,2.015795,0.001336,0.000175,-0.000030,-0.192377,-0.036032,-0.000762,0.130354
sample,496,drone,12.388270,11.661180,2.320642,2.015794,-0.001205,-0.000522,-0.000145,-0.117428,-0.042608,-0.010202,-2.732581
sample,497,drone,12.413246,11.661125,2.320618,2.015787,-0.004530,-0.001953,-0.000540,-0.183716,-0.079160,-0.021866,-2.734499
sample,498,drone,12.438223,11.660954,2.320544,2.015767,-0.010382,-0.004477,-0.001237,-0.283604,-0.122284,-0.033794,-2.734499
sample,499,drone,12.463199,11.660606,2.320394,2.015725,-0.018697,-0.008062,-0.002228,-0.380688,-0.164145,-0.045362,-2.734499
sample,500,drone,12.488175,11.660020,2.320142,2.015656,-0.029398,-0.012676,-0.003503,-0.474746,-0.204701,-0.056570,-2.734500
sample,501,drone,12.513152,11.659137,2.319761,2.015550,-0.042412,-0.018287,-0.005054,-0.565809,-0.243965,-0.067421,-2.734500
sample,502,drone,12.538128,11.657901,2.319228,2.015403,-0.057662,-0.024863,-0.006871,-0.653907,-0.281951,-0.077919,-2.734500
sample,503,drone,12.563105,11.656257,2.318519,2.015207,-0.075076,-0.032371,-0.008946,-0.739072,-0.318673,-0.088067,-2.734500
sample,504,drone,12.588081,11.654151,2.317611,2.014956,-0.094581,-0.040781,-0.011270,-0.821334,-0.354142,-0.097870,-2.734500
sample,505,drone,12.613057,11.651532,2.316482,2.014644,-0.116104,-0.050062,-0.013835,-0.900723,-0.388373,-0.107330,-2.734500
sample,506,drone,12.638034,11.648351,2.315110,2.014265,-0.139574,-0.060182,-0.016632,-0.977271,-0.421379,-0.116451,-2.734500
sample,507,drone,12.663010,11.644560,2.313476,2.013813,-0.164921,-0.071111,-0.019652,-1.051007,-0.453173,-0.125237,-2.734500
sample,508,drone,12.687986,11.640113,2.311558,2.013284,-0.192075,-0.082819,-0.022888,-1.121964,-0.483768,-0.133692,-2.734500
sample,509,drone,12.712963,11.634966,2.309339,2.012670,-0.220966,-0.095276,-0.026330,-1.190171,-0.513177,-0.141820,-2.734500
sample,510,drone,12.737939,11.629075,2.306799,2.011968,-0.251527,-0.108453,-0.029972,-1.255659,-0.541414,-0.149623,-2.734500
sample,511,drone,12.762915,11.622401,2.303921,2.011173,-0.283690,-0.122321,-0.033804,-1.318458,-0.568492,-0.157107,-2.734500
sample,512,drone,12.787892,11.614904,2.300689,2.010280,-0.317388,-0.136851,-0.037820,-1.378600,-0.594424,-0.164273,-2.734500
sample,513,drone,12.812868,11.606547,2.297085,2.009284,-0.352555,-0.152014,-0.042010,-1.436116,-0.619224,-0.171127,-2.734500
sample,514,drone,12.837844,11.597293,2.293095,2.008181,-0.389126,-0.167783,-0.046368,-1.491035,-0.642904,-0.177671,-2.734500
sample,515,drone,12.862821,11.587109,2.288704,2.006968,-0.427036,-0.184129,-0.050885,-1.543389,-0.665478,-0.183909,-2.734500
sample,516,drone,12.887797,11.575962,2.283897,2.005639,-0.466222,-0.201025,-0.055555,-1.593208,-0.686959,-0.189845,-2.734500
sample,517,drone,12.912773,11.563820,2.278662,2.004193,-0.506621,-0.218445,-0.060369,-1.640523,-0.707360,-0.195484,-2.734500
sample,518,drone,12.937750,11.550654,2.272985,2.002624,-0.548171,-0.236360,-0.065320,-1.685365,-0.726695,-0.200827,-2.734500
sample,519,drone,12.962726,11.536437,2.266855,2.000930,-0.590809,-0.254745,-0.070400,-1.727764,-0.744976,-0.205879,-2.734500
sample,520,drone,12.987702,11.521142,2.260260,1.999107,-0.634477,-0.273574,-0.075604,-1.767751,-0.762218,-0.210644,-2.734500
sample,521,drone,13.012679,11.504743,2.253189,1.997153,-0.679113,-0.292820,-0.080923,-1.805357,-0.778433,-0.215125,-2.734500
sample,522,drone,13.037655,11.487218,2.245633,1.995065,-0.724660,-0.312458,-0.086350,-1.840612,-0.793634,-0.219326,-2.734500
sample,523,drone,13.062632,11.468545,2.237581,1.992840,-0.771057,-0.332464,-0.091879,-1.873548,-0.807835,-0.223251,-2.734500
sample,524,drone,13.087608,11.448702,2.229026,1.990475,-0.818248,-0.352812,-0.097502,-1.904194,-0.821050,-0.226902,-2.734500
sample,525,drone,13.112584,11.427671,2.219957,1.987969,-0.866177,-0.373478,-0.103213,-1.932582,-0.833290,-0.230285,-2.734500
sample,526,drone,13.137561,11.405434,2.210369,1.985319,-0.914786,-0.394437,-0.109005,-1.958742,-0.844569,-0.233402,-2.734500
sample,527,drone,13.162537,11.381975,2.200254,1.982524,-0.964021,-0.415666,-0.114872,-1.982705,-0.854902,-0.236258,-2.734500
sample,528,drone,13.187513,11.357279,2.189606,1.979581,-1.013827,-0.437142,-0.120807,-2.004501,-0.864300,-0.238855,-2.734500
sample,529,drone,13.212490,11.331332,2.178418,1.976489,-1.064151,-0.458840,-0.126803,-2.024162,-0.872777,-0.241198,-2.734500
sample,530,drone,13.237466,11.304121,2.166685,1.973247,-1.114940,-0.480739,-0.132855,-2.041718,-0.880347,-0.243290,-2.734500
sample,531,drone,13.262442,11.275637,2.154404,1.969853,-1.166141,-0.502816,-0.138956,-2.057199,-0.887022,-0.245134,-2.734500
sample,532,drone,13.287419,11.245870,2.141568,1.966306,-1.217702,-0.525048,-0.145101,-2.070637,-0.892817,-0.246736,-2.734500
sample,533,drone,13.312395,11.214810,2.128176,1.962605,-1.269575,-0.547415,-0.151282,-2.082062,-0.897743,-0.248097,-2.734500
sample,534,drone,13.337371,11.182451,2.114223,1.958749,-1.321707,-0.569893,-0.157494,-2.091505,-0.901814,-0.249222,-2.734500
sample,535,drone,13.362348,11.148787,2.099708,1.954738,-1.374051,-0.592463,-0.163731,-2.098996,-0.905044,-0.250115,-2.734500
sample,536,drone,13.387324,11.113813,2.084628,1.950570,-1.426558,-0.615103,-0.169988,-2.104567,-0.907446,-0.250779,-2.734500
sample,537,drone,13.412300,11.077527,2.068982,1.946246,-1.479180,-0.637792,-0.176258,-2.108247,-0.909033,-0.251217,-2.734500
sample,538,drone,13.437277,11.039924,2.052769,1.941766,-1.531870,-0.660511,-0.182537,-2.110068,-0.909818,-0.251434,-2.734500
sample,539,drone,13.462253,11.001006,2.035988,1.937128,-1.584583,-0.683240,-0.188818,-2.110060,-0.909815,-0.251433,-2.734500
sample,540,drone,13.487229,10.960770,2.018639,1.932334,-1.637273,-0.705959,-0.195096,-2.108254,-0.909036,-0.251218,-2.734500
sample,541,drone,13.512206,10.919219,2.000723,1.927382,-1.689896,-0.728649,-0.201367,-2.104681,-0.907495,-0.250792,-2.734500
sample,542,drone,13.537182,10.876355,1.982241,1.922275,-1.742408,-0.751291,-0.207624,-2.099371,-0.905206,-0.250159,-2.734500
sample,543,drone,13.562159,10.832181,1.963194,1.917011,-1.794766,-0.773866,-0.213863,-2.092355,-0.902181,-0.249323,-2.734500
sample,544,drone,13.587135,10.786702,1.943585,1.911592,-1.846927,-0.796357,-0.220078,-2.083664,-0.898433,-0.248288,-2.734500
sample,545,drone,13.612111,10.739922,1.923414,1.906017,-1.898850,-0.818745,-0.226266,-2.073328,-0.893977,-0.247056,-2.734500
sample,546,drone,13.637088,10.691849,1.902686,1.900289,-1.950495,-0.841014,-0.232420,-2.061378,-0.888824,-0.245632,-2.734500
sample,547,drone,13.662064,10.642490,1.881403,1.894408,-2.001822,-0.863145,-0.238536,-2.047845,-0.882989,-0.244020,-2.734500
sample,548,drone,13.687040,10.591853,1.859570,1.888374,-2.052790,-0.885121,-0.244609,-2.032760,-0.876485,-0.242222,-2.734500
sample,549,drone,13.712017,10.539947,1.837189,1.882189,-2.103363,-0.906927,-0.250635,-2.016153,-0.869324,-0.240243,-2.734500
sample,550,drone,13.736993,10.486784,1.814266,1.875854,-2.153503,-0.928546,-0.256610,-1.998054,-0.861520,-0.238087,-2.734500
sample,551,drone,13.761969,10.432374,1.790806,1.869370,-2.203172,-0.949963,-0.262528,-1.978496,-0.853087,-0.235756,-2.734500
sample,552,drone,13.786946,10.376730,1.766813,1.862740,-2.252334,-0.971160,-0.268386,-1.957507,-0.844037,-0.233255,-2.734500
sample,553,drone,13.811922,10.319864,1.742294,1.855964,-2.300954,-0.992125,-0.274180,-1.935120,-0.834384,-0.230587,-2.734500
sample,554,drone,13.836898,10.261791,1.717254,1.849044,-2.348998,-1.012840,-0.279905,-1.911364,-0.824141,-0.227757,-2.734500
sample,555,drone,13.861875,10.202525,1.691700,1.841982,-2.396432,-1.033293,-0.285557,-1.886271,-0.813321,-0.224767,-2.734500
sample,556,drone,13.886851,10.142083,1.665638,1.834779,-2.443223,-1.053468,-0.291133,-1.859870,-0.801938,-0.221621,-2.734500
sample,557,drone,13.911827,10.080480,1.639076,1.827439,-2.489338,-1.073352,-0.296628,-1.832194,-0.790005,-0.218323,-2.734500
sample,558,drone,13.936804,10.017733,1.612021,1.819962,-2.534746,-1.092931,-0.302038,-1.803272,-0.777534,-0.214877,-2.734500
sample,559,drone,13.961780,9.953862,1.584481,1.812351,-2.579416,-1.112192,-0.307361,-1.773135,-0.764540,-0.211285,-2.734500
sample,560,drone,13.986757,9.888885,1.556464,1.804608,-2.623319,-1.131121,-0.312593,-1.741814,-0.751034,-0.207553,-2.734500
sample,561,drone,14.011733,9.822820,1.527979,1.796736,-2.666424,-1.149708,-0.317729,-1.709339,-0.737032,-0.203684,-2.734500
sample,562,drone,14.036709,9.755690,1.499033,1.788737,-2.708705,-1.167938,-0.322767,-1.675742,-0.722546,-0.199680,-2.734500
sample,563,drone,14.061686,9.687513,1.469637,1.780613,-2.750132,-1.185801,-0.327704,-1.641052,-0.707588,-0.195547,-2.734500
sample,564,drone,14.086662,9.618313,1.439799,1.772367,-2.790680,-1.203284,-0.332535,-1.605302,-0.692173,-0.191287,-2.734500
sample,565,drone,14.111638,9.548111,1.409530,1.764002,-2.830321,-1.220377,-0.337259,-1.568520,-0.676314,-0.186904,-2.734500
sample,566,drone,14.136615,9.476931,1.378838,1.755520,-2.869032,-1.237068,-0.341872,-1.530739,-0.660023,-0.182402,-2.734500
sample,567,drone,14.161591,9.404795,1.347735,1.746925,-2.906786,-1.253347,-0.346370,-1.491988,-0.643315,-0.177784,-2.734500
sample,568,drone,14.186567,9.331729,1.316230,1.738218,-2.943560,-1.269203,-0.350752,-1.452298,-0.626201,-0.173055,-2.734500
sample,569,drone,14.211544,9.257757,1.284335,1.729404,-2.979332,-1.284627,-0.355015,-1.411701,-0.608697,-0.168217,-2.734500
sample,570,drone,14.236520,9.182903,1.252059,1.720484,-3.014079,-1.299609,-0.359155,-1.370227,-0.590814,-0.163275,-2.734500
sample,571,drone,14.261496,9.107195,1.219416,1.711463,-3.047779,-1.314140,-0.363171,-1.327906,-0.572566,-0.158232,-2.734500
sample,572,drone,14.286473,9.030659,1.186415,1.702343,-3.080411,-1.328210,-0.367060,-1.284769,-0.553966,-0.153092,-2.734500
sample,573,drone,14.311449,8.953320,1.153068,1.693127,-3.111956,-1.341812,-0.370818,-1.240847,-0.535028,-0.147858,-2.734500
sample,574,drone,14.336425,8.875208,1.119387,1.683819,-3.142395,-1.354936,-0.374445,-1.196171,-0.515764,-0.142535,-2.734500
sample,575,drone,14.361402,8.796349,1.085385,1.674423,-3.171708,-1.367576,-0.377938,-1.150770,-0.496189,-0.137125,-2.734500
sample,576,drone,14.386378,8.716772,1.051073,1.664940,-3.199879,-1.379722,-0.381295,-1.104677,-0.476314,-0.131633,-2.734500
sample,577,drone,14.411354,8.636507,1.016464,1.655376,-3.226890,-1.391369,-0.384514,-1.057922,-0.456154,-0.126061,-2.734500
sample,578,drone,14.436331,8.555581,0.981571,1.645733,-3.252725,-1.402509,-0.387592,-1.010535,-0.435722,-0.120415,-2.734500
sample,579,drone,14.461307,8.474024,0.946405,1.636015,-3.277369,-1.413134,-0.390529,-0.962547,-0.415030,-0.114696,-2.734500
sample,580,drone,14.486284,8.391867,0.910981,1.626225,-3.300807,-1.423240,-0.393322,-0.913988,-0.394093,-0.108910,-2.734500
sample,581,drone,14.511260,8.309140,0.875310,1.616367,-3.323025,-1.432821,-0.395969,-0.864890,-0.372923,-0.103060,-2.734500
sample,582,drone,14.536236,8.225873,0.839408,1.606445,-3.344010,-1.441869,-0.398470,-0.815283,-0.351534,-0.097149,-2.734500
sample,583,drone,14.561213,8.142098,0.803285,1.596463,-3.363751,-1.450381,-0.400822,-0.765198,-0.329938,-0.091180,-2.734500
sample,584,drone,14.586189,8.057845,0.766957,1.586423,-3.382234,-1.458350,-0.403025,-0.714666,-0.308149,-0.085159,-2.734500
sample,585,drone,14.611165,7.973146,0.730437,1.576330,-3.399450,-1.465773,-0.405076,-0.663717,-0.286181,-0.079088,-2.734500
sample,586,drone,14.636142,7.888033,0.693738,1.566188,-3.415389,-1.472646,-0.406975,-0.612381,-0.264046,-0.072971,-2.734500
sample,587,drone,14.661118,7.802538,0.656874,1.556001,-3.430040,-1.478963,-0.408721,-0.560691,-0.241758,-0.066811,-2.734500
sample,588,drone,14.686094,7.716693,0.619860,1.545772,-3.443397,-1.484722,-0.410313,-0.508675,-0.219330,-0.060613,-2.734500
sample,589,drone,14.711071,7.630531,0.582708,1.535505,-3.455450,-1.489919,-0.411749,-0.456366,-0.196776,-0.054380,-2.734500
sample,590,drone,14.736047,7.544084,0.545434,1.525204,-3.466193,-1.494552,-0.413029,-0.403793,-0.174107,-0.048116,-2.734500
sample,591,drone,14.761023,7.457385,0.508051,1.514873,-3.475620,-1.498617,-0.414152,-0.350988,-0.151339,-0.041823,-2.734500
sample,592,drone,14.786000,7.370468,0.470574,1.504516,-3.483726,-1.502112,-0.415118,-0.297980,-0.128483,-0.035507,-2.734500
sample,593,drone,14.810976,7.283364,0.433017,1.494137,-3.490505,-1.505035,-0.415926,-0.244802,-0.105554,-0.029170,-2.734500
sample,594,drone,14.835952,7.196107,0.395394,1.483739,-3.495955,-1.507384,-0.416575,-0.191483,-0.082563,-0.022817,-2.734500
sample,595,drone,14.860929,7.108731,0.357719,1.473327,-3.500070,-1.509159,-0.417066,-0.138054,-0.059526,-0.016450,-2.734500
sample,596,drone,14.885905,7.021269,0.320007,1.462906,-3.502851,-1.510358,-0.417397,-0.084546,-0.036454,-0.010074,-2.734500
sample,597,drone,14.910881,6.933755,0.282272,1.452477,-3.504294,-1.510980,-0.417569,-0.030989,-0.013362,-0.003693,-2.734500
sample,598,drone,14.935858,6.846220,0.244529,1.442047,-3.504399,-1.511025,-0.417582,0.022585,0.009738,0.002691,-2.734500
sample,599,drone,14.960834,6.758700,0.206793,1.431618,-3.503166,-1.510493,-0.417435,0.076146,0.032833,0.009074,-2.734500
sample,600,drone,14.985811,6.671228,0.169076,1.421195,-3.500595,-1.509385,-0.417128,0.129664,0.055909,0.015451,-2.734500
sample,601,drone,15.010787,6.583836,0.131395,1.410781,-3.496688,-1.507701,-0.416663,0.183107,0.078952,0.021819,-2.734500
sample,602,drone,15.035763,6.496559,0.093763,1.400381,-3.491448,-1.505441,-0.416038,0.236446,0.101951,0.028175,-2.734500
sample,603,drone,15.060740,6.409429,0.056194,1.389999,-3.484877,-1.502608,-0.415255,0.289648,0.124890,0.034514,-2.734500
sample,604,drone,15.085716,6.322480,0.018703,1.379638,-3.476980,-1.499203,-0.414314,0.342685,0.147759,0.040834,-2.734500
sample,605,drone,15.110692,6.235744,-0.018695,1.369303,-3.467759,-1.495227,-0.413216,0.395524,0.170542,0.047130,-2.734500
sample,606,drone,15.135669,6.149256,-0.055987,1.358997,-3.457222,-1.490684,-0.411960,0.448135,0.193227,0.053399,-2.734500
sample,607,drone,15.160645,6.063047,-0.093159,1.348724,-3.445374,-1.485575,-0.410548,0.500488,0.215800,0.059638,-2.734500
sample,608,drone,15.185621,5.977150,-0.130196,1.338489,-3.432221,-1.479904,-0.408981,0.552551,0.238249,0.065842,-2.734500
sample,609,drone,15.210598,5.891598,-0.167084,1.328295,-3.417772,-1.473674,-0.407259,0.604295,0.260560,0.072007,-2.734500
sample,610,drone,15.235574,5.806423,-0.203810,1.318145,-3.402035,-1.466888,-0.405384,0.655688,0.282719,0.078131,-2.734500
sample,611,drone,15.260550,5.721657,-0.240359,1.308045,-3.385019,-1.459551,-0.403356,0.706700,0.304715,0.084210,-2.734500
sample,612,drone,15.285527,5.637332,-0.276718,1.297997,-3.366734,-1.451667,-0.401177,0.757300,0.326532,0.090239,-2.734500
sample,613,drone,15.310503,5.553480,-0.312874,1.288005,-3.347190,-1.443240,-0.398849,0.807457,0.348159,0.096216,-2.734500
sample,614,drone,15.335479,5.470131,-0.348812,1.278073,-3.326399,-1.434275,-0.396371,0.857141,0.369582,0.102136,-2.734500
sample,615,drone,15.360456,5.387317,-0.384520,1.268205,-3.304373,-1.424778,-0.393747,0.906321,0.390787,0.107997,-2.734500
sample,616,drone,15.385432,5.305069,-0.419984,1.258404,-3.281126,-1.414754,-0.390977,0.954966,0.411762,0.113793,-2.734500
sample,617,drone,15.410409,5.223416,-0.455191,1.248675,-3.256670,-1.404210,-0.388062,1.003045,0.432493,0.119522,-2.734500
sample,618,drone,15.435385,5.142389,-0.490128,1.239020,-3.231021,-1.393150,-0.385006,1.050529,0.452967,0.125180,-2.734500
sample,619,drone,15.460361,5.062018,-0.524782,1.229443,-3.204193,-1.381583,-0.381809,1.097386,0.473170,0.130764,-2.734500
sample,620,drone,15.485338,4.982331,-0.559142,1.219947,-3.176204,-1.369514,-0.378474,1.143585,0.493090,0.136269,-2.734500
sample,621,drone,15.510314,4.903358,-0.593193,1.210537,-3.147068,-1.356952,-0.375002,1.189095,0.512714,0.141692,-2.734500
sample,622,drone,15.535290,4.825127,-0.626925,1.201215,-3.116805,-1.343903,-0.371396,1.233887,0.532027,0.147029,-2.734500
sample,623,drone,15.560267,4.747665,-0.660325,1.191985,-3.085432,-1.330375,-0.367658,1.277930,0.551017,0.152277,-2.734500
sample,624,drone,15.585243,4.671001,-0.693381,1.182849,-3.052969,-1.316378,-0.363790,1.321192,0.569671,0.157432,-2.734500
sample,625,drone,15.610219,4.595161,-0.726081,1.173812,-3.019435,-1.301919,-0.359794,1.363643,0.587975,0.162491,-2.734500
sample,626,drone,15.635196,4.520172,-0.758415,1.164877,-2.984851,-1.287007,-0.355673,1.405252,0.605916,0.167449,-2.734500
sample,627,drone,15.660172,4.446060,-0.790371,1.156045,-2.949239,-1.271652,-0.351429,1.445989,0.623481,0.172303,-2.734500
sample,628,drone,15.685148,4.372850,-0.821938,1.147322,-2.912620,-1.255862,-0.347066,1.485823,0.640656,0.177050,-2.734500
sample,629,drone,15.710125,4.300566,-0.853105,1.138709,-2.875018,-1.239649,-0.342585,1.524723,0.657429,0.181685,-2.734500
sample,630,drone,15.735101,4.229235,-0.883861,1.130209,-2.836456,-1.223022,-0.337990,1.562658,0.673786,0.186205,-2.734500
sample,631,drone,15.760077,4.158878,-0.914198,1.121825,-2.796959,-1.205992,-0.333284,1.599599,0.689714,0.190607,-2.734500
sample,632,drone,15.785054,4.089519,-0.944104,1.113560,-2.756552,-1.188569,-0.328469,1.635513,0.705200,0.194887,-2.734500
sample,633,drone,15.810030,4.021181,-0.973570,1.105417,-2.715261,-1.170765,-0.323548,1.670371,0.720230,0.199040,-2.734500
sample,634,drone,15.835006,3.953884,-1.002587,1.097398,-2.673112,-1.152591,-0.318526,1.704142,0.734791,0.203064,-2.734500
sample,635,drone,15.859983,3.887651,-1.031145,1.089506,-2.630134,-1.134060,-0.313405,1.736795,0.748870,0.206955,-2.734500
sample,636,drone,15.884959,3.822502,-1.059236,1.081743,-2.586355,-1.115183,-0.308188,1.768299,0.762454,0.210709,-2.734500
sample,637,drone,15.909936,3.758456,-1.086852,1.074111,-2.541803,-1.095974,-0.302879,1.798624,0.775530,0.214323,-2.734500
sample,638,drone,15.934912,3.695532,-1.113983,1.066613,-2.496509,-1.076444,-0.297482,1.827738,0.788083,0.217792,-2.734500
sample,639,drone,15.959888,3.633749,-1.140623,1.059251,-2.450503,-1.056607,-0.292000,1.855612,0.800102,0.221113,-2.734500
sample,640,drone,15.984865,3.573123,-1.166763,1.052027,-2.403816,-1.036476,-0.286437,1.882215,0.811573,0.224283,-2.734500
sample,641,drone,16.009841,3.513671,-1.192398,1.044943,-2.356481,-1.016066,-0.280797,1.907515,0.822482,0.227298,-2.734500
sample,642,drone,16.034817,3.455410,-1.217519,1.038000,-2.308530,-0.995391,-0.275083,1.931483,0.832816,0.230154,-2.734500
sample,643,drone,16.059794,3.398354,-1.242120,1.031202,-2.259998,-0.974465,-0.269300,1.954087,0.842562,0.232848,-2.734500
sample,644,drone,16.084770,3.342517,-1.266196,1.024548,-2.210918,-0.953303,-0.263451,1.975297,0.851708,0.235375,-2.734500
sample,645,drone,16.109746,3.287913,-1.289740,1.018042,-2.161327,-0.931920,-0.257542,1.995082,0.860239,0.237733,-2.734500
sample,646,drone,16.134723,3.234553,-1.312748,1.011683,-2.111259,-0.910332,-0.251576,2.013411,0.868142,0.239917,-2.734500
sample,647,drone,16.159699,3.182450,-1.335214,1.005475,-2.060751,-0.888554,-0.245558,2.030255,0.875404,0.241924,-2.734500
sample,648,drone,16.184675,3.131613,-1.357133,0.999417,-2.009842,-0.866603,-0.239491,2.045581,0.882013,0.243750,-2.734500
sample,649,drone,16.209652,3.082053,-1.378503,0.993511,-1.958569,-0.844495,-0.233382,2.059359,0.887954,0.245392,-2.734500
sample,650,drone,16.234628,3.033777,-1.399318,0.987759,-1.906971,-0.822247,-0.227233,2.071559,0.893214,0.246845,-2.734500
sample,651,drone,16.259604,2.986794,-1.419576,0.982160,-1.855089,-0.799876,-0.221051,2.082150,0.897781,0.248107,-2.734500
sample,652,drone,16.284581,2.941111,-1.439274,0.976717,-1.802962,-0.777401,-0.214840,2.091101,0.901640,0.249174,-2.734500
sample,653,drone,16.309557,2.896731,-1.458410,0.971429,-1.750633,-0.754837,-0.208604,2.098382,0.904780,0.250042,-2.734500
sample,654,drone,16.334534,2.853662,-1.476980,0.966296,-1.698143,-0.732204,-0.202349,2.103962,0.907185,0.250707,-2.734500
sample,655,drone,16.359510,2.811905,-1.494985,0.961321,-1.645534,-0.709521,-0.196081,2.107810,0.908844,0.251165,-2.734500
sample,656,drone,16.384486,2.771463,-1.512423,0.956502,-1.592852,-0.686805,-0.189803,2.109895,0.909744,0.251414,-2.734500
sample,657,drone,16.409463,2.732337,-1.529293,0.951840,-1.540139,-0.664077,-0.183522,2.110187,0.909869,0.251448,-2.734500
sample,658,drone,16.434439,2.694529,-1.545595,0.947334,-1.487442,-0.641355,-0.177243,2.108655,0.909209,0.251266,-2.734500
sample,659,drone,16.459415,2.658036,-1.561330,0.942986,-1.434806,-0.618659,-0.170970,2.105268,0.907749,0.250862,-2.734500
sample,660,drone,16.484392,2.622856,-1.576499,0.938794,-1.382278,-0.596010,-0.164711,2.099997,0.905476,0.250234,-2.734500
sample,661,drone,16.509368,2.588987,-1.591103,0.934758,-1.329906,-0.573428,-0.158471,2.092809,0.902376,0.249378,-2.734500
sample,662,drone,16.534344,2.556424,-1.605143,0.930878,-1.277737,-0.550934,-0.152254,2.083674,0.898438,0.248289,-2.734500
sample,663,drone,16.559321,2.525161,-1.618623,0.927153,-1.225821,-0.528549,-0.146068,2.072562,0.893646,0.246965,-2.734500
sample,664,drone,16.584297,2.495191,-1.631546,0.923581,-1.174207,-0.506294,-0.139918,2.059442,0.887989,0.245402,-2.734500
sample,665,drone,16.609273,2.466506,-1.643914,0.920163,-1.122946,-0.484191,-0.133809,2.044283,0.881453,0.243595,-2.734500
sample,666,drone,16.634250,2.439097,-1.655732,0.916897,-1.072089,-0.462263,-0.127749,2.027055,0.874025,0.241542,-2.734500
sample,667,drone,16.659226,2.412952,-1.667005,0.913782,-1.021689,-0.440531,-0.121744,2.007726,0.865690,0.239239,-2.734500
sample,668,drone,16.684202,2.388061,-1.677738,0.910816,-0.971798,-0.419019,-0.115799,1.986266,0.856438,0.236682,-2.734500
sample,669,drone,16.709179,2.364408,-1.687936,0.907997,-0.922470,-0.397750,-0.109921,1.962645,0.846253,0.233867,-2.734500
sample,670,drone,16.734155,2.341981,-1.697607,0.905325,-0.873759,-0.376747,-0.104116,1.936832,0.835122,0.230791,-2.734500
sample,671,drone,16.759131,2.320762,-1.706756,0.902796,-0.825720,-0.356033,-0.098392,1.908796,0.823034,0.227451,-2.734500
sample,672,drone,16.784108,2.300734,-1.715392,0.900410,-0.778409,-0.335634,-0.092755,1.878506,0.809973,0.223841,-2.734500
sample,673,drone,16.809084,2.281878,-1.723522,0.898163,-0.731883,-0.315573,-0.087211,1.845932,0.795928,0.219960,-2.734500
sample,674,drone,16.834061,2.264174,-1.731155,0.896054,-0.686200,-0.295875,-0.081767,1.811042,0.780884,0.215802,-2.734500
sample,675,drone,16.859037,2.247600,-1.738302,0.894079,-0.641417,-0.276566,-0.076431,1.773807,0.764829,0.211366,-2.734500
sample,676,drone,16.884013,2.232134,-1.744971,0.892236,-0.597593,-0.257670,-0.071209,1.734196,0.747750,0.206645,-2.734500
sample,677,drone,16.908990,2.217749,-1.751173,0.890522,-0.554789,-0.239214,-0.066108,1.692177,0.729632,0.201639,-2.734500
sample,678,drone,16.933966,2.204420,-1.756920,0.888933,-0.513065,-0.221223,-0.061136,1.647720,0.710463,0.196341,-2.734500
sample,679,drone,16.958942,2.192120,-1.762224,0.887468,-0.472481,-0.203724,-0.056300,1.600795,0.690230,0.190750,-2.734500
sample,680,drone,16.983919,2.180819,-1.767096,0.886121,-0.433100,-0.186744,-0.051608,1.551371,0.668920,0.184860,-2.734500
sample,681,drone,17.008895,2.170486,-1.771552,0.884890,-0.394986,-0.170310,-0.047066,1.499417,0.646518,0.178669,-2.734500
sample,682,drone,17.033871,2.161088,-1.775604,0.883770,-0.358201,-0.154449,-0.042683,1.444902,0.623012,0.172173,-2.734500
sample,683,drone,17.058848,2.152592,-1.779267,0.882758,-0.322809,-0.139189,-0.038466,1.387796,0.598389,0.165369,-2.734500
sample,684,drone,17.083824,2.144963,-1.782557,0.881848,-0.288876,-0.124558,-0.034422,1.328068,0.572636,0.158252,-2.734500
sample,685,drone,17.108800,2.138162,-1.785489,0.881038,-0.256468,-0.110584,-0.030561,1.265687,0.545738,0.150818,-2.734500
sample,686,drone,17.133777,2.132152,-1.788081,0.880322,-0.225652,-0.097296,-0.026889,1.200623,0.517684,0.143065,-2.734500
sample,687,drone,17.158753,2.126890,-1.790349,0.879695,-0.196494,-0.084724,-0.023414,1.132845,0.488460,0.134989,-2.734500
sample,688,drone,17.183729,2.122336,-1.792313,0.879152,-0.169063,-0.072897,-0.020145,1.062322,0.458051,0.126585,-2.734500
sample,689,drone,17.208706,2.118445,-1.793991,0.878689,-0.143428,-0.061843,-0.017091,0.989023,0.426447,0.117851,-2.734500
sample,690,drone,17.233682,2.115172,-1.795402,0.878299,-0.119659,-0.051594,-0.014258,0.912919,0.393632,0.108783,-2.734500
sample,691,drone,17.258658,2.112468,-1.796568,0.877976,-0.097825,-0.042180,-0.011657,0.833977,0.359594,0.099376,-2.734500
sample,692,drone,17.283635,2.110285,-1.797509,0.877716,-0.077999,-0.033632,-0.009294,0.752168,0.324320,0.089628,-2.734500
sample,693,drone,17.308611,2.108572,-1.798248,0.877512,-0.060253,-0.025980,-0.007180,0.667461,0.287795,0.079534,-2.734500
sample,694,drone,17.333588,2.107275,-1.798807,0.877358,-0.044658,-0.019256,-0.005321,0.579825,0.250008,0.069091,-2.734500
sample,695,drone,17.358564,2.106341,-1.799210,0.877246,-0.031289,-0.013491,-0.003728,0.489229,0.210945,0.058296,-2.734500
sample,696,drone,17.383540,2.105712,-1.799481,0.877171,-0.020220,-0.008718,-0.002409,0.395642,0.170593,0.047144,-2.734499
sample,697,drone,17.408517,2.105331,-1.799645,0.877126,-0.011525,-0.004970,-0.001373,0.299035,0.128938,0.035633,-2.734499
sample,698,drone,17.433493,2.105137,-1.799729,0.877103,-0.005282,-0.002278,-0.000629,0.199382,0.085981,0.023765,-2.734499
sample,699,drone,17.458469,2.105067,-1.799759,0.877094,-0.001566,-0.000675,-0.000186,0.114502,0.080516,0.031802,-2.734802
sample,700,drone,17.483446,2.105058,-1.799763,0.877093,0.000438,0.001744,0.000959,0.117768,0.270348,0.142047,1.324999
sample,701,drone,17.508422,2.105089,-1.799672,0.877142,0.004317,0.012830,0.006909,0.254979,0.748898,0.402910,1.246217
sample,702,drone,17.533398,2.105274,-1.799122,0.877439,0.013175,0.039154,0.021086,0.457490,1.359636,0.732207,1.246217
sample,703,drone,17.558375,2.105747,-1.797716,0.878196,0.027170,0.080748,0.043485,0.655076,1.946850,1.048440,1.246217
sample,704,drone,17.583351,2.106631,-1.795088,0.879611,0.045897,0.136404,0.073458,0.836615,2.486374,1.338991,1.246217
sample,705,drone,17.608327,2.108040,-1.790902,0.881865,0.068961,0.204949,0.110371,1.002523,2.979445,1.604525,1.246217
sample,706,drone,17.633304,2.110076,-1.784851,0.885124,0.095976,0.285236,0.153608,1.153216,3.427298,1.845708,1.246217
sample,707,drone,17.658280,2.112834,-1.776654,0.889538,0.126567,0.376151,0.202569,1.289111,3.831168,2.063205,1.246217
sample,708,drone,17.683256,2.116398,-1.766061,0.895243,0.160371,0.476613,0.256671,1.410621,4.192290,2.257681,1.246217
sample,709,drone,17.708233,2.120845,-1.752846,0.902360,0.197032,0.585568,0.315347,1.518164,4.511901,2.429801,1.246217
sample,710,drone,17.733209,2.126241,-1.736810,0.910995,0.236207,0.701995,0.378046,1.612154,4.791236,2.580232,1.246217
sample,711,drone,17.758186,2.132644,-1.717779,0.921244,0.277563,0.824903,0.444236,1.693008,5.031530,2.709638,1.246217
sample,712,drone,17.783162,2.140106,-1.695604,0.933186,0.320777,0.953333,0.513400,1.761142,5.234019,2.818684,1.246217
sample,713,drone,17.808138,2.148668,-1.670158,0.946890,0.365537,1.086356,0.585037,1.816970,5.399938,2.908037,1.246217
sample,714,drone,17.833115,2.158365,-1.641338,0.962410,0.411540,1.223075,0.658664,1.860909,5.530522,2.978360,1.246217
sample,715,drone,17.858091,2.169225,-1.609062,0.979792,0.458494,1.362621,0.733814,1.893374,5.627007,3.030321,1.246217
sample,716,drone,17.883067,2.181268,-1.573271,0.999066,0.506119,1.504159,0.810037,1.914782,5.690629,3.064583,1.246217
sample,717,drone,17.908044,2.194507,-1.533925,1.020255,0.554143,1.646883,0.886898,1.925547,5.722623,3.081813,1.246217
sample,718,drone,17.933020,2.208949,-1.491005,1.043369,0.602305,1.790019,0.963982,1.926086,5.724225,3.082675,1.246217
sample,719,drone,17.957996,2.224594,-1.444509,1.068409,0.650356,1.932824,1.040886,1.916814,5.696669,3.067836,1.246217
sample,720,drone,17.982973,2.241436,-1.394455,1.095364,0.698055,2.074583,1.117228,1.898147,5.641192,3.037960,1.246217
sample,721,drone,18.007949,2.259464,-1.340878,1.124217,0.745174,2.214616,1.192641,1.870501,5.559028,2.993712,1.246217
sample,722,drone,18.032925,2.278660,-1.283829,1.154940,0.791492,2.352272,1.266772,1.834291,5.451414,2.935759,1.246217
sample,723,drone,18.057902,2.299001,-1.223376,1.187496,0.836801,2.486929,1.339290,1.789933,5.319585,2.864764,1.246217
sample,724,drone,18.082878,2.320460,-1.159600,1.221841,0.880904,2.617999,1.409875,1.737843,5.164776,2.781395,1.246217
sample,725,drone,18.107854,2.343004,-1.092599,1.257923,0.923611,2.744924,1.478228,1.678436,4.988223,2.686315,1.246217
sample,726,drone,18.132831,2.366597,-1.022484,1.295683,0.964746,2.867175,1.544064,1.612129,4.791161,2.580191,1.246217
sample,727,drone,18.157807,2.391196,-0.949376,1.335053,1.004142,2.984255,1.607116,1.539337,4.574826,2.463688,1.246217
sample,728,drone,18.182783,2.416757,-0.873412,1.375963,1.041640,3.095700,1.667132,1.460475,4.340453,2.337471,1.246217
sample,729,drone,18.207760,2.443229,-0.794738,1.418331,1.077096,3.201073,1.723879,1.375959,4.089278,2.202205,1.246217
sample,730,drone,18.232736,2.470560,-0.713510,1.462075,1.110373,3.299970,1.777138,1.286206,3.822535,2.058556,1.246217
sample,731,drone,18.257713,2.498695,-0.629895,1.507104,1.141346,3.392019,1.826709,1.191630,3.541461,1.907189,1.246217
sample,732,drone,18.282689,2.527574,-0.544069,1.553324,1.169898,3.476876,1.872407,1.092648,3.247292,1.748769,1.246217
sample,733,drone,18.307665,2.557135,-0.456216,1.600636,1.195926,3.554230,1.914065,0.989675,2.941261,1.583962,1.246217
sample,734,drone,18.332642,2.587314,-0.366526,1.648937,1.219335,3.623800,1.951530,0.883127,2.624606,1.413433,1.246217
sample,735,drone,18.357618,2.618044,-0.275197,1.698120,1.240041,3.685336,1.984669,0.773419,2.298561,1.237848,1.246217
sample,736,drone,18.382594,2.649257,-0.182434,1.748076,1.257970,3.738619,2.013364,0.660968,1.964362,1.057871,1.246217
sample,737,drone,18.407571,2.680883,-0.088443,1.798693,1.273058,3.783461,2.037513,0.546189,1.623245,0.874168,1.246217
sample,738,drone,18.432547,2.712850,0.006561,1.849856,1.285253,3.819704,2.057031,0.429498,1.276444,0.687405,1.246217
sample,739,drone,18.457523,2.745085,0.102361,1.901447,1.294513,3.847223,2.071851,0.311310,0.925196,0.498247,1.246217
sample,740,drone,18.482500,2.777514,0.198740,1.953350,1.300804,3.865920,2.081920,0.192041,0.570735,0.307359,1.246217
sample,741,drone,18.507476,2.810063,0.295474,2.005445,1.304106,3.875732,2.087204,0.072107,0.214298,0.115406,1.246217
sample,742,drone,18.532452,2.842658,0.392343,2.057612,1.304406,3.876625,2.087685,-0.048077,-0.142881,-0.076946,1.246217
sample,743,drone,18.557429,2.875222,0.489122,2.109730,1.301704,3.868595,2.083360,-0.168094,-0.499566,-0.269032,1.246217
sample,744,drone,18.582405,2.907681,0.585590,2.161681,1.296009,3.851670,2.074246,-0.287529,-0.854520,-0.460186,1.246217
sample,745,drone,18.607381,2.939961,0.681524,2.213344,1.287341,3.825910,2.060373,-0.405966,-1.206510,-0.649744,1.246217
sample,746,drone,18.632358,2.971987,0.776704,2.264602,1.275730,3.791402,2.041790,-0.522990,-1.554299,-0.837039,1.246217
sample,747,drone,18.657334,3.003687,0.870914,2.315337,1.261216,3.748268,2.018561,-0.638185,-1.896652,-1.021407,1.246217
sample,748,drone,18.682310,3.034989,0.963940,2.365435,1.243851,3.696659,1.990767,-0.751135,-2.232334,-1.202182,1.246217
sample,749,drone,18.707287,3.065821,1.055573,2.414782,1.223695,3.636757,1.958508,-0.861425,-2.560108,-1.378699,1.246217
sample,750,drone,18.732263,3.096115,1.145606,2.463268,1.200821,3.568775,1.921898,-0.968638,-2.878740,-1.550292,1.246217
sample,751,drone,18.757240,3.125805,1.233843,2.510786,1.175309,3.492956,1.881067,-1.072359,-3.186994,-1.716297,1.246217
sample,752,drone,18.782216,3.154825,1.320089,2.557232,1.147253,3.409576,1.836164,-1.172173,-3.483635,-1.876047,1.246217
sample,753,drone,18.807192,3.183114,1.404160,2.602507,1.116756,3.318939,1.787353,-1.267663,-3.767427,-2.028878,1.246217
sample,754,drone,18.832169,3.210610,1.485879,2.646515,1.083930,3.221383,1.734816,-1.358414,-4.037135,-2.174124,1.246217
sample,755,drone,18.857145,3.237259,1.565077,2.689166,1.048900,3.117273,1.678750,-1.444011,-4.291522,-2.311120,1.246217
sample,756,drone,18.882121,3.263006,1.641595,2.730373,1.011798,3.007009,1.619369,-1.524036,-4.529355,-2.439200,1.246217
sample,757,drone,18.907098,3.287801,1.715285,2.770058,0.972770,2.891020,1.556905,-1.598076,-4.749396,-2.557700,1.246217
sample,758,drone,18.932074,3.311598,1.786009,2.808145,0.931970,2.769764,1.491605,-1.665714,-4.950412,-2.665953,1.246217
sample,759,drone,18.957050,3.334355,1.853642,2.844567,0.889563,2.643733,1.423734,-1.726534,-5.131166,-2.763294,1.246217
sample,760,drone,18.982027,3.356034,1.918071,2.879264,0.845725,2.513449,1.353571,-1.780120,-5.290422,-2.849059,1.246217
sample,761,drone,19.007003,3.376602,1.979196,2.912182,0.800641,2.379463,1.281416,-1.826058,-5.426946,-2.922582,1.246217
sample,762,drone,19.031979,3.396028,2.036932,2.943274,0.754508,2.242358,1.207581,-1.863931,-5.539502,-2.983197,1.246217
sample,763,drone,19.056956,3.414291,2.091208,2.972504,0.707533,2.102749,1.132397,-1.893323,-5.626854,-3.030239,1.246217
sample,764,drone,19.081932,3.431372,2.141970,2.999841,0.659932,1.961282,1.056212,-1.913819,-5.687768,-3.063042,1.246217
sample,765,drone,19.106908,3.447257,2.189179,3.025264,0.611932,1.818630,0.979390,-1.925003,-5.721007,-3.080942,1.246217
sample,766,drone,19.131885,3.461939,2.232815,3.048764,0.563773,1.675502,0.902311,-1.926460,-5.725335,-3.083274,1.246217
sample,767,drone,19.156861,3.475419,2.272875,3.070337,0.515700,1.532634,0.825372,-1.917773,-5.699519,-3.069371,1.246217
sample,768,drone,19.181838,3.487700,2.309374,3.089993,0.467975,1.390795,0.748987,-1.898527,-5.642321,-3.038568,1.246217
sample,769,drone,19.206814,3.498795,2.342349,3.107751,0.420864,1.250785,0.673587,-1.868307,-5.552508,-2.990200,1.246217
sample,770,drone,19.231790,3.508723,2.371854,3.123641,0.374648,1.113433,0.599619,-1.826696,-5.428842,-2.923603,1.246217
sample,771,drone,19.256767,3.517510,2.397968,3.137704,0.329615,0.979600,0.527545,-1.773278,-5.270089,-2.838109,1.246217
sample,772,drone,19.281743,3.525188,2.420788,3.149993,0.286068,0.850177,0.457847,-1.707639,-5.075013,-2.733055,1.246217
sample,773,drone,19.306719,3.531800,2.440436,3.160574,0.244314,0.726089,0.391022,-1.629363,-4.842379,-2.607774,1.246217
sample,774,drone,19.331696,3.537393,2.457058,3.169526,0.204676,0.608288,0.327582,-1.538033,-4.570951,-2.461601,1.246217
sample,775,drone,19.356672,3.542024,2.470822,3.176938,0.167485,0.497758,0.268058,-1.433234,-4.259495,-2.293872,1.246217
sample,776,drone,19.381648,3.545759,2.481922,3.182916,0.133083,0.395514,0.212997,-1.314550,-3.906773,-2.103920,1.246217
sample,777,drone,19.406625,3.548672,2.490579,3.187578,0.101820,0.302604,0.162962,-1.181566,-3.511551,-1.891081,1.246217
sample,778,drone,19.431601,3.550845,2.497038,3.191056,0.074060,0.220103,0.118532,-1.033866,-3.072594,-1.654689,1.246217
sample,779,drone,19.456577,3.552371,2.501574,3.193499,0.050176,0.149119,0.080305,-0.871034,-2.588666,-1.394078,1.246217
sample,780,drone,19.481554,3.553351,2.504487,3.195068,0.030550,0.090792,0.048894,-0.692654,-2.058531,-1.108584,1.246217
sample,781,drone,19.506530,3.553897,2.506109,3.195941,0.015576,0.046290,0.024929,-0.498311,-1.480954,-0.797541,1.246217
sample,782,drone,19.531506,3.554130,2.506800,3.196313,0.005658,0.016814,0.009055,-0.289824,-0.866415,-0.466666,1.246217
sample,783,drone,19.556483,3.554180,2.506949,3.196394,0.001098,0.003010,0.001618,-0.091349,-0.339527,-0.183837,1.220995
sample,784,drone,19.581459,3.554184,2.506950,3.196394,0.001095,-0.000146,-0.000128,0.061406,-0.073892,-0.043529,-0.132553
sample,785,drone,19.606435,3.554234,2.506942,3.196387,0.004166,-0.000681,-0.000557,0.172071,-0.028777,-0.023367,-0.161978
sample,786,drone,19.631412,3.554392,2.506916,3.196366,0.009690,-0.001583,-0.001295,0.268757,-0.043918,-0.035927,-0.161978
sample,787,drone,19.656388,3.554719,2.506863,3.196322,0.017591,-0.002875,-0.002352,0.362508,-0.059237,-0.048460,-0.161978
sample,788,drone,19.681365,3.555271,2.506772,3.196249,0.027798,-0.004542,-0.003716,0.453470,-0.074102,-0.060620,-0.161978
sample,789,drone,19.706341,3.556107,2.506636,3.196137,0.040243,-0.006576,-0.005380,0.541671,-0.088514,-0.072410,-0.161978
sample,790,drone,19.731317,3.557281,2.506444,3.195980,0.054856,-0.008964,-0.007333,0.627138,-0.102481,-0.083836,-0.161978
sample,791,drone,19.756294,3.558847,2.506188,3.195771,0.071570,-0.011695,-0.009567,0.709897,-0.116004,-0.094899,-0.161978
sample,792,drone,19.781270,3.560857,2.505860,3.195502,0.090317,-0.014759,-0.012074,0.789976,-0.129090,-0.105604,-0.161978
sample,793,drone,19.806246,3.563359,2.505451,3.195167,0.111031,-0.018144,-0.014843,0.867401,-0.141742,-0.115954,-0.161978
sample,794,drone,19.831223,3.566403,2.504953,3.194761,0.133646,-0.021839,-0.017866,0.942201,-0.153965,-0.125953,-0.161978
sample,795,drone,19.856199,3.570035,2.504360,3.194275,0.158097,-0.025835,-0.021134,1.014401,-0.165763,-0.135605,-0.161978
sample,796,drone,19.881175,3.574300,2.503663,3.193705,0.184318,-0.030119,-0.024640,1.084028,-0.177141,-0.144913,-0.161978
sample,797,drone,19.906152,3.579242,2.502855,3.193044,0.212247,-0.034683,-0.028373,1.151111,-0.188103,-0.153880,-0.161978
sample,798,drone,19.931128,3.584903,2.501930,3.192287,0.241820,-0.039516,-0.032326,1.215675,-0.198653,-0.162511,-0.161978
sample,799,drone,19.956104,3.591322,2.500881,3.191429,0.272973,-0.044607,-0.036491,1.277749,-0.208797,-0.170809,-0.161978
sample,800,drone,19.981081,3.598538,2.499702,3.190465,0.305647,-0.049946,-0.040859,1.337358,-0.218538,-0.178778,-0.161978
sample,801,drone,20.006057,3.606590,2.498386,3.189388,0.339778,-0.055523,-0.045421,1.394530,-0.227880,-0.186420,-0.161978
sample,802,drone,20.031033,3.615511,2.496929,3.188196,0.375307,-0.061329,-0.050171,1.449292,-0.236829,-0.193741,-0.161978
sample,803,drone,20.056010,3.625337,2.495323,3.186882,0.412174,-0.067353,-0.055099,1.501672,-0.245388,-0.200743,-0.161978
sample,804,drone,20.080986,3.636100,2.493564,3.185443,0.450320,-0.073587,-0.060199,1.551695,-0.253562,-0.207430,-0.161978
sample,805,drone,20.105962,3.647832,2.491647,3.183875,0.489685,-0.080019,-0.065461,1.599390,-0.261356,-0.213806,-0.161978
sample,806,drone,20.130939,3.660561,2.489567,3.182173,0.530214,-0.086642,-0.070879,1.644782,-0.268774,-0.219874,-0.161978
sample,807,drone,20.155915,3.674317,2.487319,3.180335,0.571847,-0.093445,-0.076444,1.687900,-0.275820,-0.225638,-0.161978
sample,808,drone,20.180892,3.689127,2.484899,3.178355,0.614529,-0.100420,-0.082150,1.728770,-0.282498,-0.231102,-0.161978
sample,809,drone,20.205868,3.705015,2.482303,3.176231,0.658204,-0.107557,-0.087988,1.767420,-0.288814,-0.236268,-0.161978
sample,810,drone,20.230844,3.722006,2.479526,3.173960,0.702816,-0.114847,-0.093952,1.803875,-0.294771,-0.241142,-0.161978
sample,811,drone,20.255821,3.740122,2.476566,3.171538,0.748312,-0.122282,-0.100034,1.838164,-0.300374,-0.245725,-0.161978
sample,812,drone,20.280797,3.759386,2.473418,3.168963,0.794637,-0.129852,-0.106227,1.870314,-0.305628,-0.250023,-0.161978
sample,813,drone,20.305773,3.779817,2.470079,3.166231,0.841739,-0.137549,-0.112523,1.900350,-0.310536,-0.254038,-0.161978
sample,814,drone,20.330750,3.801433,2.466547,3.163342,0.889565,-0.145364,-0.118917,1.928301,-0.315104,-0.257775,-0.161978
sample,815,drone,20.355726,3.824253,2.462818,3.160291,0.938063,-0.153289,-0.125400,1.954194,-0.319335,-0.261236,-0.161978
sample,816,drone,20.380702,3.848292,2.458890,3.157078,0.987182,-0.161315,-0.131966,1.978055,-0.323234,-0.264426,-0.161978
sample,817,drone,20.405679,3.873565,2.454760,3.153699,1.036872,-0.169435,-0.138609,1.999912,-0.326805,-0.267348,-0.161978
sample,818,drone,20.430655,3.900086,2.450426,3.150154,1.087083,-0.177640,-0.145321,2.019792,-0.330054,-0.270005,-0.161978
sample,819,drone,20.455631,3.927868,2.445886,3.146440,1.137766,-0.185922,-0.152096,2.037721,-0.332984,-0.272402,-0.161978
sample,820,drone,20.480608,3.956921,2.441139,3.142556,1.188873,-0.194274,-0.158928,2.053726,-0.335599,-0.274542,-0.161978
sample,821,drone,20.505584,3.987255,2.436182,3.138501,1.240355,-0.202686,-0.165810,2.067836,-0.337905,-0.276428,-0.161978
sample,822,drone,20.530560,4.018880,2.431014,3.134273,1.292167,-0.211153,-0.172737,2.080076,-0.339905,-0.278064,-0.161978
sample,823,drone,20.555537,4.051803,2.425634,3.129872,1.344261,-0.219666,-0.179700,2.090474,-0.341604,-0.279454,-0.161978
sample,824,drone,20.580513,4.086030,2.420041,3.125297,1.396592,-0.228217,-0.186696,2.099056,-0.343007,-0.280601,-0.161978
sample,825,drone,20.605490,4.121566,2.414234,3.120546,1.449114,-0.236800,-0.193717,2.105851,-0.344117,-0.281510,-0.161978
sample,826,drone,20.630466,4.158417,2.408212,3.115620,1.501785,-0.245407,-0.200758,2.110884,-0.344939,-0.282182,-0.161978
sample,827,drone,20.655442,4.196584,2.401975,3.110518,1.554559,-0.254030,-0.207813,2.114184,-0.345479,-0.282624,-0.161978
sample,828,drone,20.680419,4.236071,2.395523,3.105239,1.607394,-0.262664,-0.214876,2.115776,-0.345739,-0.282836,-0.161978
sample,829,drone,20.705395,4.276878,2.388855,3.099784,1.660247,-0.271301,-0.221941,2.115688,-0.345724,-0.282825,-0.161978
sample,830,drone,20.730371,4.319005,2.381971,3.094153,1.713078,-0.279934,-0.229004,2.113948,-0.345440,-0.282592,-0.161978
sample,831,drone,20.755348,4.362451,2.374871,3.088345,1.765845,-0.288557,-0.236058,2.110581,-0.344890,-0.282142,-0.161978
sample,832,drone,20.780324,4.407214,2.367556,3.082361,1.818507,-0.297162,-0.243098,2.105616,-0.344078,-0.281478,-0.161978
sample,833,drone,20.805300,4.453290,2.360027,3.076202,1.871026,-0.305744,-0.250118,2.099078,-0.343010,-0.280604,-0.161978
sample,834,drone,20.830277,4.500677,2.352284,3.069867,1.923362,-0.314296,-0.257115,2.090996,-0.341689,-0.279524,-0.161978
sample,835,drone,20.855253,4.549367,2.344327,3.063358,1.975477,-0.322813,-0.264081,2.081396,-0.340121,-0.278240,-0.161978
sample,836,drone,20.880229,4.599357,2.336158,3.056675,2.027333,-0.331286,-0.271013,2.070305,-0.338308,-0.276758,-0.161978
sample,837,drone,20.905206,4.650638,2.327778,3.049820,2.078894,-0.339712,-0.277906,2.057751,-0.336257,-0.275080,-0.161978
sample,838,drone,20.930182,4.703203,2.319189,3.042793,2.130124,-0.348083,-0.284754,2.043760,-0.333971,-0.273209,-0.161978
sample,839,drone,20.955158,4.757044,2.310391,3.035596,2.180986,-0.356395,-0.291554,2.028359,-0.331454,-0.271151,-0.161978
sample,840,drone,20.980135,4.812149,2.301386,3.028229,2.231446,-0.364640,-0.298299,2.011576,-0.328711,-0.268907,-0.161978
sample,841,drone,21.005111,4.868510,2.292176,3.020695,2.281469,-0.372815,-0.304986,1.993437,-0.325747,-0.266482,-0.161978
sample,842,drone,21.030087,4.926115,2.282763,3.012995,2.331023,-0.380912,-0.311611,1.973970,-0.322566,-0.263880,-0.161978
sample,843,drone,21.055064,4.984951,2.273148,3.005129,2.380074,-0.388928,-0.318168,1.953201,-0.319172,-0.261103,-0.161978
sample,844,drone,21.080040,5.045006,2.263335,2.997101,2.428591,-0.396856,-0.324653,1.931157,-0.315570,-0.258157,-0.161978
sample,845,drone,21.105017,5.106266,2.253324,2.988912,2.476541,-0.404691,-0.331063,1.907867,-0.311764,-0.255043,-0.161978
sample,846,drone,21.129993,5.168716,2.243119,2.980564,2.523894,-0.412429,-0.337393,1.883356,-0.307759,-0.251766,-0.161978
sample,847,drone,21.154969,5.232341,2.232722,2.972058,2.570620,-0.420065,-0.343640,1.857651,-0.303559,-0.248330,-0.161978
sample,848,drone,21.179946,5.297125,2.222136,2.963398,2.616689,-0.427593,-0.349798,1.830780,-0.299168,-0.244738,-0.161978
sample,849,drone,21.204922,5.363052,2.211363,2.954585,2.662072,-0.435009,-0.355865,1.802770,-0.294591,-0.240994,-0.161978
sample,850,drone,21.229898,5.430103,2.200406,2.945622,2.706742,-0.442308,-0.361837,1.773648,-0.289832,-0.237101,-0.161978
sample,851,drone,21.254875,5.498261,2.189269,2.936510,2.750671,-0.449487,-0.367709,1.743440,-0.284895,-0.233063,-0.161978
sample,852,drone,21.279851,5.567507,2.177953,2.927253,2.793831,-0.456540,-0.373479,1.712175,-0.279786,-0.228883,-0.161978
sample,853,drone,21.304827,5.637820,2.166463,2.917854,2.836198,-0.463463,-0.379142,1.679878,-0.274509,-0.224566,-0.161978
sample,854,drone,21.329804,5.709182,2.154802,2.908314,2.877746,-0.470252,-0.384696,1.646577,-0.269067,-0.220114,-0.161978
sample,855,drone,21.354780,5.781572,2.142973,2.898637,2.918449,-0.476904,-0.390138,1.612299,-0.263466,-0.215532,-0.161978
sample,856,drone,21.379756,5.854967,2.130979,2.888826,2.958285,-0.483413,-0.395463,1.577071,-0.257709,-0.210822,-0.161978
sample,857,drone,21.404733,5.929346,2.118825,2.878883,2.997228,-0.489777,-0.400669,1.540920,-0.251802,-0.205990,-0.161978
sample,858,drone,21.429709,6.004686,2.106514,2.868811,3.035258,-0.495991,-0.405752,1.503873,-0.245748,-0.201037,-0.161978
sample,859,drone,21.454685,6.080965,2.094049,2.858614,3.072351,-0.502053,-0.410711,1.465958,-0.239552,-0.195969,-0.161978
sample,860,drone,21.479662,6.158159,2.081435,2.848295,3.108486,-0.507958,-0.415542,1.427200,-0.233219,-0.190788,-0.161978
sample,861,drone,21.504638,6.236243,2.068675,2.837857,3.143643,-0.513703,-0.420241,1.387628,-0.226752,-0.185498,-0.161978
sample,862,drone,21.529614,6.315192,2.055774,2.827303,3.177802,-0.519284,-0.424808,1.347267,-0.220157,-0.180102,-0.161978
sample,863,drone,21.554591,6.394982,2.042735,2.816637,3.210943,-0.524700,-0.429238,1.306146,-0.213437,-0.174605,-0.161978
sample,864,drone,21.579567,6.475587,2.029564,2.805861,3.243048,-0.529946,-0.433530,1.264292,-0.206598,-0.169010,-0.161978
sample,865,drone,21.604544,6.556981,2.016263,2.794981,3.274098,-0.535020,-0.437681,1.221730,-0.199643,-0.163321,-0.161978
sample,866,drone,21.629520,6.639137,2.002838,2.783998,3.304076,-0.539919,-0.441688,1.178489,-0.192577,-0.157540,-0.161978
sample,867,drone,21.654496,6.722029,1.989293,2.772917,3.332966,-0.544640,-0.445550,1.134595,-0.185404,-0.151672,-0.161978
sample,868,drone,21.679473,6.805628,1.975632,2.761742,3.360752,-0.549180,-0.449264,1.090076,-0.178129,-0.145721,-0.161978
sample,869,drone,21.704449,6.889907,1.961860,2.750475,3.387419,-0.553538,-0.452829,1.044958,-0.170757,-0.139690,-0.161978
sample,870,drone,21.729425,6.974839,1.947981,2.739122,3.412951,-0.557710,-0.456242,0.999269,-0.163290,-0.133582,-0.161978
sample,871,drone,21.754402,7.060394,1.934001,2.727685,3.437335,-0.561695,-0.459502,0.953035,-0.155735,-0.127402,-0.161978
sample,872,drone,21.779378,7.146543,1.919923,2.716168,3.460558,-0.565489,-0.462606,0.906284,-0.148096,-0.121152,-0.161978
sample,873,drone,21.804354,7.233258,1.905753,2.704576,3.482606,-0.569092,-0.465554,0.859043,-0.140376,-0.114837,-0.161978
sample,874,drone,21.829331,7.320509,1.891495,2.692913,3.503469,-0.572502,-0.468343,0.811338,-0.132581,-0.108459,-0.161978
sample,875,drone,21.854307,7.408266,1.877155,2.681181,3.523135,-0.575715,-0.470972,0.763196,-0.124714,-0.102024,-0.161978
sample,876,drone,21.879283,7.496499,1.862737,2.669386,3.541593,-0.578731,-0.473439,0.714646,-0.116780,-0.095534,-0.161978
sample,877,drone,21.904260,7.585178,1.848246,2.657532,3.558833,-0.581549,-0.475744,0.665713,-0.108784,-0.088992,-0.161978
sample,878,drone,21.929236,7.674272,1.833687,2.645622,3.574847,-0.584165,-0.477885,0.616425,-0.100730,-0.082404,-0.161978
sample,879,drone,21.954212,7.763751,1.819065,2.633660,3.589625,-0.586580,-0.479860,0.566809,-0.092622,-0.075771,-0.161978
sample,880,drone,21.979189,7.853584,1.804385,2.621651,3.603161,-0.588792,-0.481670,0.516892,-0.084465,-0.069098,-0.161978
sample,881,drone,22.004165,7.943739,1.789653,2.609599,3.615445,-0.590800,-0.483312,0.466700,-0.076263,-0.062388,-0.161978
sample,882,drone,22.029142,8.034185,1.774873,2.597509,3.626474,-0.592602,-0.484786,0.416262,-0.068021,-0.055646,-0.161978
sample,883,drone,22.054118,8.124891,1.760051,2.585383,3.636239,-0.594198,-0.486091,0.365603,-0.059743,-0.048874,-0.161978
sample,884,drone,22.079094,8.215825,1.745192,2.573227,3.644736,-0.595586,-0.487227,0.314752,-0.051434,-0.042076,-0.161978
sample,885,drone,22.104071,8.306955,1.730300,2.561045,3.651962,-0.596767,-0.488193,0.263734,-0.043097,-0.035256,-0.161978
sample,886,drone,22.129047,8.398250,1.715382,2.548840,3.657911,-0.597739,-0.488989,0.212578,-0.034737,-0.028417,-0.161978
sample,887,drone,22.154023,8.489678,1.700441,2.536618,3.662580,-0.598502,-0.489613,0.161310,-0.026360,-0.021564,-0.161978
sample,888,drone,22.179000,8.581206,1.685485,2.524383,3.665969,-0.599056,-0.490066,0.109957,-0.017968,-0.014699,-0.161978
sample,889,drone,22.203976,8.672803,1.670517,2.512138,3.668073,-0.599400,-0.490347,0.058546,-0.009567,-0.007826,-0.161978
sample,890,drone,22.228952,8.764436,1.655543,2.499889,3.668893,-0.599534,-0.490457,0.007104,-0.001161,-0.000950,-0.161978
sample,891,drone,22.253929,8.856074,1.640569,2.487639,3.668428,-0.599458,-0.490394,-0.044341,0.007246,0.005928,-0.161978
sample,892,drone,22.278905,8.947684,1.625599,2.475392,3.666678,-0.599172,-0.490161,-0.095763,0.015649,0.012802,-0.161978
sample,893,drone,22.303881,9.039234,1.610638,2.463154,3.663644,-0.598676,-0.489755,-0.147135,0.024043,0.019669,-0.161978
sample,894,drone,22.328858,9.130693,1.595693,2.450928,3.659328,-0.597971,-0.489178,-0.198429,0.032425,0.026526,-0.161978
sample,895,drone,22.353834,9.222028,1.580768,2.438718,3.653732,-0.597056,-0.488430,-0.249619,0.040790,0.033369,-0.161978
sample,896,drone,22.378810,9.313207,1.565869,2.426529,3.646859,-0.595933,-0.487511,-0.300678,0.049134,0.040195,-0.161978
sample,897,drone,22.403787,9.404198,1.551000,2.414366,3.638713,-0.594602,-0.486422,-0.351578,0.057451,0.046999,-0.161978
sample,898,drone,22.428763,9.494970,1.536167,2.402231,3.629297,-0.593063,-0.485163,-0.402292,0.065739,0.053778,-0.161978
sample,899,drone,22.453739,9.585491,1.521375,2.390130,3.618617,-0.591318,-0.483736,-0.452794,0.073991,0.060529,-0.161978
sample,900,drone,22.478716,9.675730,1.506629,2.378067,3.606679,-0.589367,-0.482140,-0.503057,0.082204,0.067248,-0.161978
sample,901,drone,22.503692,9.765655,1.491934,2.366046,3.593488,-0.587212,-0.480377,-0.553052,0.090374,0.073932,-0.161978
sample,902,drone,22.528669,9.855234,1.477296,2.354071,3.579052,-0.584853,-0.478447,-0.602754,0.098496,0.080576,-0.161978
sample,903,drone,22.553645,9.944438,1.462719,2.342146,3.563379,-0.582291,-0.476352,-0.652136,0.106565,0.087177,-0.161978
sample,904,drone,22.578621,10.033235,1.448209,2.330276,3.546476,-0.579529,-0.474092,-0.701169,0.114578,0.093732,-0.161978
sample,905,drone,22.603598,10.121594,1.433770,2.318464,3.528353,-0.576568,-0.471669,-0.749828,0.122529,0.100237,-0.161978
sample,906,drone,22.628574,10.209485,1.419408,2.306715,3.509020,-0.573409,-0.469085,-0.798085,0.130415,0.106688,-0.161978
sample,907,drone,22.653550,10.296879,1.405127,2.295032,3.488487,-0.570053,-0.466340,-0.845913,0.138231,0.113081,-0.161978
sample,908,drone,22.678527,10.383745,1.390932,2.283420,3.466765,-0.566504,-0.463436,-0.893285,0.145972,0.119414,-0.161978
sample,909,drone,22.703503,10.470053,1.376828,2.271882,3.443865,-0.562762,-0.460375,-0.940175,0.153634,0.125682,-0.161978
sample,910,drone,22.728479,10.555775,1.362821,2.260423,3.419800,-0.558829,-0.457158,-0.986554,0.161213,0.131882,-0.161978
sample,911,drone,22.753456,10.640882,1.348913,2.249046,3.394584,-0.554709,-0.453787,-1.032397,0.168704,0.138010,-0.161978
sample,912,drone,22.778432,10.725344,1.335111,2.237755,3.368229,-0.550402,-0.450264,-1.077675,0.176103,0.144063,-0.161978
sample,913,drone,22.803408,10.809134,1.321419,2.226554,3.340751,-0.545912,-0.446591,-1.122362,0.183405,0.150037,-0.161978
sample,914,drone,22.828385,10.892223,1.307842,2.215447,3.312164,-0.541241,-0.442769,-1.166431,0.190606,0.155928,-0.161978
sample,915,drone,22.853361,10.974585,1.294383,2.204437,3.282485,-0.536391,-0.438802,-1.209855,0.197702,0.161733,-0.161978
sample,916,drone,22.878337,11.056192,1.281047,2.193527,3.251729,-0.531365,-0.434690,-1.252607,0.204688,0.167448,-0.161978
sample,917,drone,22.903314,11.137018,1.267840,2.182723,3.219914,-0.526166,-0.430437,-1.294660,0.211560,0.173070,-0.161978
sample,918,drone,22.928290,11.217036,1.254764,2.172026,3.187057,-0.520797,-0.426045,-1.335986,0.218313,0.178594,-0.161978
sample,919,drone,22.953266,11.296220,1.241824,2.161441,3.153177,-0.515260,-0.421516,-1.376559,0.224943,0.184018,-0.161978
sample,920,drone,22.978243,11.374545,1.229025,2.150970,3.118294,-0.509560,-0.416853,-1.416352,0.231446,0.189338,-0.161978
sample,921,drone,23.003219,11.451987,1.216371,2.140618,3.082427,-0.503699,-0.412058,-1.455337,0.237817,0.194549,-0.161978
sample,922,drone,23.028196,11.528521,1.203864,2.130387,3.045596,-0.497681,-0.407134,-1.493488,0.244051,0.199649,-0.161978
sample,923,drone,23.053172,11.604123,1.191510,2.120280,3.007823,-0.491508,-0.402085,-1.530778,0.250144,0.204634,-0.161978
sample,924,drone,23.078148,11.678770,1.179312,2.110301,2.969130,-0.485185,-0.396912,-1.567179,0.256093,0.209500,-0.161978
sample,925,drone,23.103125,11.752439,1.167274,2.100453,2.929538,-0.478716,-0.391620,-1.602664,0.261891,0.214244,-0.161978
sample,926,drone,23.128101,11.825108,1.155399,2.090739,2.889072,-0.472103,-0.386210,-1.637207,0.267536,0.218861,-0.161978
sample,927,drone,23.153077,11.896756,1.143691,2.081161,2.847755,-0.465351,-0.380687,-1.670781,0.273022,0.223350,-0.161978
sample,928,drone,23.178054,11.967361,1.132153,2.071723,2.805612,-0.458465,-0.375053,-1.703357,0.278345,0.227704,-0.161978
sample,929,drone,23.203030,12.036904,1.120789,2.062426,2.762668,-0.451447,-0.369313,-1.734910,0.283502,0.231922,-0.161978
sample,930,drone,23.228006,12.105364,1.109602,2.053274,2.718949,-0.444303,-0.363468,-1.765413,0.288486,0.236000,-0.161978
sample,931,drone,23.252983,12.172723,1.098595,2.044270,2.674481,-0.437037,-0.357524,-1.794838,0.293294,0.239933,-0.161978
sample,932,drone,23.277959,12.238962,1.087771,2.035415,2.629292,-0.429652,-0.351483,-1.823158,0.297922,0.243719,-0.161978
sample,933,drone,23.302935,12.304063,1.077133,2.026712,2.583409,-0.422155,-0.345349,-1.850346,0.302365,0.247354,-0.161978
sample,934,drone,23.327912,12.368010,1.066683,2.018164,2.536862,-0.414548,-0.339127,-1.876375,0.306618,0.250833,-0.161978
sample,935,drone,23.352888,12.430786,1.056425,2.009772,2.489679,-0.406838,-0.332820,-1.901218,0.310678,0.254154,-0.161978
sample,936,drone,23.377864,12.492376,1.046361,2.001539,2.441891,-0.399029,-0.326431,-1.924849,0.314539,0.257313,-0.161978
sample,937,drone,23.402841,12.552765,1.036493,1.993466,2.393528,-0.391126,-0.319966,-1.947239,0.318198,0.260306,-0.161978
sample,938,drone,23.427817,12.611939,1.026823,1.985556,2.344621,-0.383134,-0.313428,-1.968363,0.321650,0.263130,-0.161978
sample,939,drone,23.452794,12.669885,1.017354,1.977809,2.295203,-0.375059,-0.306822,-1.988192,0.324890,0.265781,-0.161978
sample,940,drone,23.477770,12.726591,1.008088,1.970229,2.245306,-0.366905,-0.300152,-2.006701,0.327915,0.268255,-0.161978
sample,941,drone,23.502746,12.782044,0.999026,1.962816,2.194963,-0.358679,-0.293422,-2.023861,0.330719,0.270549,-0.161978
sample,942,drone,23.527723,12.836235,0.990171,1.955572,2.144208,-0.350385,-0.286637,-2.039647,0.333298,0.272659,-0.161978
sample,943,drone,23.552699,12.889153,0.981523,1.948498,2.093077,-0.342030,-0.279802,-2.054030,0.335649,0.274582,-0.161978
sample,944,drone,23.577675,12.940790,0.973085,1.941595,2.041604,-0.333618,-0.272921,-2.066983,0.337766,0.276314,-0.161978
sample,945,drone,23.602652,12.991137,0.964858,1.934865,1.989825,-0.325157,-0.265999,-2.078481,0.339644,0.277851,-0.161978
sample,946,drone,23.627628,13.040187,0.956843,1.928308,1.937778,-0.316652,-0.259042,-2.088495,0.341281,0.279190,-0.161978
sample,947,drone,23.652604,13.087934,0.949041,1.921925,1.885499,-0.308109,-0.252053,-2.096999,0.342671,0.280326,-0.161978
sample,948,drone,23.677581,13.134373,0.941452,1.915717,1.833027,-0.299535,-0.245039,-2.103966,0.343809,0.281258,-0.161978
sample,949,drone,23.702557,13.179499,0.934078,1.909684,1.780401,-0.290935,-0.238003,-2.109368,0.344692,0.281980,-0.161978
sample,950,drone,23.727533,13.223309,0.926919,1.903828,1.727659,-0.282317,-0.230953,-2.113179,0.345314,0.282489,-0.161978
sample,951,drone,23.752510,13.265800,0.919976,1.898148,1.674842,-0.273686,-0.223892,-2.115372,0.345673,0.282782,-0.161978
sample,952,drone,23.777486,13.306972,0.913248,1.892644,1.621990,-0.265049,-0.216827,-2.115918,0.345762,0.282855,-0.161978
sample,953,drone,23.802462,13.346823,0.906736,1.887317,1.569146,-0.256414,-0.209763,-2.114793,0.345578,0.282705,-0.161978
sample,954,drone,23.827439,13.385355,0.900439,1.882166,1.516351,-0.247787,-0.202705,-2.111968,0.345116,0.282327,-0.161978
sample,955,drone,23.852415,13.422569,0.894358,1.877191,1.463647,-0.239174,-0.195660,-2.107416,0.344373,0.281719,-0.161978
sample,956,drone,23.877391,13.458468,0.888492,1.872392,1.411079,-0.230584,-0.188633,-2.101110,0.343342,0.280876,-0.161978
sample,957,drone,23.902368,13.493056,0.882840,1.867768,1.358691,-0.222024,-0.181629,-2.093024,0.342021,0.279795,-0.161978
sample,958,drone,23.927344,13.526338,0.877401,1.863319,1.306527,-0.213500,-0.174656,-2.083130,0.340404,0.278472,-0.161978
sample,959,drone,23.952321,13.558321,0.872175,1.859044,1.254633,-0.205020,-0.167719,-2.071402,0.338488,0.276904,-0.161978
sample,960,drone,23.977297,13.589010,0.867160,1.854941,1.203055,-0.196591,-0.160824,-2.057811,0.336267,0.275088,-0.161978
sample,961,drone,24.002273,13.618416,0.862355,1.851010,1.151840,-0.188222,-0.153978,-2.042332,0.333737,0.273018,-0.161978
sample,962,drone,24.027250,13.646548,0.857758,1.847249,1.101035,-0.179920,-0.147186,-2.024937,0.330895,0.270693,-0.161978
sample,963,drone,24.052226,13.673416,0.853367,1.843658,1.050689,-0.171693,-0.140456,-2.005599,0.327735,0.268108,-0.161978
sample,964,drone,24.077202,13.699033,0.849181,1.840233,1.000850,-0.163549,-0.133793,-1.984291,0.324253,0.265259,-0.161978
sample,965,drone,24.102179,13.723411,0.845197,1.836974,0.951568,-0.155496,-0.127205,-1.960986,0.320445,0.262144,-0.161978
sample,966,drone,24.127155,13.746566,0.841414,1.833879,0.902894,-0.147542,-0.120699,-1.935657,0.316306,0.258758,-0.161978
sample,967,drone,24.152131,13.768513,0.837827,1.830945,0.854877,-0.139695,-0.114280,-1.908277,0.311831,0.255098,-0.161978
sample,968,drone,24.177108,13.789270,0.834435,1.828170,0.807570,-0.131965,-0.107956,-1.878819,0.307018,0.251160,-0.161978
sample,969,drone,24.202084,13.808854,0.831235,1.825552,0.761025,-0.124359,-0.101734,-1.847255,0.301860,0.246941,-0.161978
sample,970,drone,24.227060,13.827285,0.828223,1.823089,0.715295,-0.116886,-0.095620,-1.813560,0.296354,0.242436,-0.161978
sample,971,drone,24.252037,13.844584,0.825396,1.820776,0.670433,-0.109555,-0.089623,-1.777706,0.290495,0.237643,-0.161978
sample,972,drone,24.277013,13.860775,0.822751,1.818612,0.626493,-0.102375,-0.083749,-1.739665,0.284278,0.232558,-0.161978
sample,973,drone,24.301989,13.875879,0.820283,1.816592,0.583532,-0.095355,-0.078006,-1.699411,0.277701,0.227177,-0.161978
sample,974,drone,24.326966,13.889924,0.817988,1.814715,0.541603,-0.088503,-0.072401,-1.656916,0.270757,0.221496,-0.161978
sample,975,drone,24.351942,13.902934,0.815862,1.812976,0.500764,-0.081830,-0.066942,-1.612155,0.263442,0.215512,-0.161978
sample,976,drone,24.376918,13.914938,0.813900,1.811371,0.461072,-0.075344,-0.061636,-1.565098,0.255753,0.209222,-0.161978
sample,977,drone,24.401895,13.925966,0.812098,1.809897,0.422583,-0.069054,-0.056491,-1.515721,0.247684,0.202621,-0.161978
sample,978,drone,24.426871,13.936047,0.810450,1.808549,0.385357,-0.062971,-0.051514,-1.463995,0.239231,0.195706,-0.161978
sample,979,drone,24.451848,13.945215,0.808952,1.807324,0.349453,-0.057104,-0.046715,-1.409893,0.230391,0.188474,-0.161978
sample,980,drone,24.476824,13.953504,0.807598,1.806216,0.314929,-0.051463,-0.042100,-1.353389,0.221157,0.180921,-0.161978
sample,981,drone,24.501800,13.960947,0.806382,1.805221,0.281847,-0.046057,-0.037677,-1.294456,0.211527,0.173043,-0.161978
sample,982,drone,24.526777,13.967583,0.805297,1.804334,0.250268,-0.040896,-0.033456,-1.233066,0.201495,0.164836,-0.161978
sample,983,drone,24.551753,13.973449,0.804339,1.803549,0.220252,-0.035991,-0.029443,-1.169192,0.191058,0.156297,-0.161978
sample,984,drone,24.576729,13.978585,0.803499,1.802863,0.191864,-0.031352,-0.025648,-1.102808,0.180210,0.147423,-0.161978
sample,985,drone,24.601706,13.983033,0.802773,1.802268,0.165164,-0.026989,-0.022079,-1.033885,0.168947,0.138210,-0.161978
sample,986,drone,24.626682,13.986835,0.802151,1.801760,0.140218,-0.022913,-0.018744,-0.962399,0.157265,0.128653,-0.161978
sample,987,drone,24.651658,13.990037,0.801628,1.801332,0.117090,-0.019134,-0.015653,-0.888320,0.145160,0.118750,-0.161978
sample,988,drone,24.676635,13.992684,0.801195,1.800978,0.095844,-0.015662,-0.012812,-0.811622,0.132627,0.108497,-0.161978
sample,989,drone,24.701611,13.994825,0.800846,1.800692,0.076547,-0.012509,-0.010233,-0.732279,0.119662,0.097891,-0.161978
sample,990,drone,24.726587,13.996508,0.800571,1.800467,0.059265,-0.009684,-0.007923,-0.650263,0.106259,0.086927,-0.161978
sample,991,drone,24.751564,13.997785,0.800362,1.800296,0.044065,-0.007201,-0.005891,-0.565547,0.092416,0.075602,-0.161978
sample,992,drone,24.776540,13.998709,0.800211,1.800173,0.031014,-0.005068,-0.004146,-0.478103,0.078127,0.063913,-0.161978
sample,993,drone,24.801516,13.999334,0.800109,1.800089,0.020182,-0.003298,-0.002698,-0.387906,0.063388,0.051855,-0.161978
sample,994,drone,24.826493,13.999717,0.800046,1.800038,0.011637,-0.001902,-0.001556,-0.294928,0.048194,0.039426,-0.161978
sample,995,drone,24.851469,13.999916,0.800014,1.800011,0.005450,-0.000891,-0.000729,-0.199142,0.032542,0.026621,-0.161978
sample,996,drone,24.876446,13.999989,0.800002,1.800001,0.001690,-0.000276,-0.000226,-0.100581,0.016436,0.013446,-0.161978
sample,997,drone,24.901422,14.000000,0.800000,1.800000,0.000425,-0.000070,-0.000057,-0.050618,0.008271,0.006767,-0.161978
