section,index,name,t,x,y,z,vx,vy,vz,ax,ay,az,yaw
crossing,1,G6,10.000000,11.547986,2.423980,3.223225,,,,,,
crossing,2,G2,16.750000,3.168400,0.891050,2.033532,,,,,,
crossing,3,G3,20.500000,6.194692,-1.207222,3.057338,,,,,,
crossing,4,G1,23.500000,2.633995,-0.909014,3.395240,,,,,,
crossing,5,G4,28.750000,7.920160,2.747295,2.535996,,,,,,
crossing,6,G5,30.500000,9.626406,2.506409,2.769510,,,,,,
sample,0,drone,0.000000,0.000000,-1.000000,1.200000,0.000072,0.000021,0.000013,0.008582,0.002545,0.001504,0.288239
sample,1,drone,0.024990,0.000002,-0.999999,1.200000,0.000286,0.000085,0.000050,0.017105,0.005072,0.002997,0.288242
sample,2,drone,0.049980,0.000014,-0.999996,1.200003,0.000927,0.000275,0.000162,0.034027,0.010089,0.005962,0.288243
sample,3,drone,0.074969,0.000048,-0.999986,1.200008,0.001987,0.000589,0.000348,0.050697,0.015032,0.008882,0.288243
sample,4,drone,0.099959,0.000114,-0.999966,1.200020,0.003461,0.001026,0.000606,0.067112,0.019899,0.011758,0.288243
sample,5,drone,0.124949,0.000221,-0.999934,1.200039,0.005341,0.001584,0.000936,0.083272,0.024690,0.014589,0.288243
sample,6,drone,0.149939,0.000381,-0.999887,1.200067,0.007622,0.002260,0.001335,0.099179,0.029407,0.017376,0.288243
sample,7,drone,0.174929,0.000602,-0.999821,1.200105,0.010298,0.003053,0.001804,0.114834,0.034048,0.020119,0.288243
sample,8,drone,0.199918,0.000895,-0.999735,1.200157,0.013362,0.003962,0.002341,0.130239,0.038616,0.022818,0.288243
sample,9,drone,0.224908,0.001270,-0.999623,1.200222,0.016807,0.004983,0.002945,0.145395,0.043110,0.025473,0.288243
sample,10,drone,0.249898,0.001735,-0.999485,1.200304,0.020629,0.006116,0.003614,0.160302,0.047530,0.028085,0.288243
sample,11,drone,0.274888,0.002301,-0.999318,1.200403,0.024819,0.007359,0.004348,0.174963,0.051877,0.030654,0.288243
sample,12,drone,0.299878,0.002976,-0.999118,1.200521,0.029373,0.008709,0.005146,0.189379,0.056151,0.033179,0.288243
sample,13,drone,0.324867,0.003769,-0.998883,1.200660,0.034284,0.010165,0.006007,0.203550,0.060353,0.035662,0.288243
sample,14,drone,0.349857,0.004689,-0.998610,1.200822,0.039547,0.011726,0.006929,0.217479,0.064483,0.038103,0.288243
sample,15,drone,0.374847,0.005745,-0.998296,1.201007,0.045154,0.013388,0.007911,0.231166,0.068541,0.040501,0.288243
sample,16,drone,0.399837,0.006946,-0.997941,1.201217,0.051100,0.015151,0.008953,0.244614,0.072528,0.042857,0.288243
sample,17,drone,0.424826,0.008299,-0.997539,1.201454,0.057380,0.017013,0.010053,0.257822,0.076444,0.045171,0.288243
sample,18,drone,0.449816,0.009814,-0.997090,1.201719,0.063986,0.018972,0.011210,0.270793,0.080290,0.047443,0.288243
sample,19,drone,0.474806,0.011497,-0.996591,1.202014,0.070914,0.021026,0.012424,0.283527,0.084066,0.049674,0.288243
sample,20,drone,0.499796,0.013358,-0.996039,1.202340,0.078157,0.023173,0.013693,0.296027,0.087772,0.051864,0.288243
sample,21,drone,0.524786,0.015404,-0.995433,1.202699,0.085709,0.025413,0.015016,0.308293,0.091409,0.054013,0.288243
sample,22,drone,0.549775,0.017642,-0.994769,1.203091,0.093565,0.027742,0.016393,0.320326,0.094977,0.056122,0.288243
sample,23,drone,0.574765,0.020080,-0.994046,1.203518,0.101719,0.030160,0.017821,0.332129,0.098476,0.058189,0.288243
sample,24,drone,0.599755,0.022726,-0.993262,1.203982,0.110165,0.032664,0.019301,0.343701,0.101908,0.060217,0.288243
sample,25,drone,0.624745,0.025586,-0.992414,1.204483,0.118897,0.035253,0.020831,0.355046,0.105271,0.062205,0.288243
sample,26,drone,0.649735,0.028668,-0.991500,1.205023,0.127910,0.037925,0.022410,0.366163,0.108567,0.064152,0.288243
sample,27,drone,0.674724,0.031979,-0.990518,1.205603,0.137197,0.040679,0.024037,0.377054,0.111796,0.066060,0.288243
sample,28,drone,0.699714,0.035525,-0.989467,1.206224,0.146755,0.043513,0.025712,0.387720,0.114959,0.067929,0.288243
sample,29,drone,0.724704,0.039314,-0.988344,1.206888,0.156575,0.046425,0.027432,0.398163,0.118056,0.069759,0.288243
sample,30,drone,0.749694,0.043351,-0.987147,1.207595,0.166655,0.049413,0.029198,0.408385,0.121086,0.071550,0.288243
sample,31,drone,0.774684,0.047643,-0.985874,1.208347,0.176986,0.052476,0.031008,0.418385,0.124051,0.073302,0.288243
sample,32,drone,0.799673,0.052196,-0.984524,1.209145,0.187565,0.055613,0.032862,0.428167,0.126951,0.075015,0.288243
sample,33,drone,0.824663,0.057017,-0.983094,1.209990,0.198386,0.058821,0.034758,0.437730,0.129787,0.076691,0.288243
sample,34,drone,0.849653,0.062112,-0.981584,1.210882,0.209443,0.062100,0.036695,0.447076,0.132558,0.078328,0.288243
sample,35,drone,0.874643,0.067485,-0.979991,1.211824,0.220731,0.065447,0.038672,0.456207,0.135265,0.079928,0.288243
sample,36,drone,0.899633,0.073144,-0.978313,1.212815,0.232244,0.068860,0.040689,0.465123,0.137909,0.081490,0.288243
sample,37,drone,0.924622,0.079093,-0.976549,1.213857,0.243977,0.072339,0.042745,0.473827,0.140490,0.083015,0.288243
sample,38,drone,0.949612,0.085338,-0.974697,1.214951,0.255926,0.075882,0.044839,0.482319,0.143008,0.084503,0.288243
sample,39,drone,0.974602,0.091884,-0.972756,1.216098,0.268083,0.079487,0.046969,0.490601,0.145463,0.085954,0.288243
sample,40,drone,0.999592,0.098736,-0.970725,1.217299,0.280446,0.083152,0.049134,0.498674,0.147857,0.087368,0.288243
sample,41,drone,1.024581,0.105900,-0.968601,1.218554,0.293007,0.086877,0.051335,0.506539,0.150189,0.088746,0.288243
sample,42,drone,1.049571,0.113381,-0.966383,1.219864,0.305762,0.090659,0.053570,0.514197,0.152460,0.090088,0.288243
sample,43,drone,1.074561,0.121182,-0.964069,1.221231,0.318706,0.094496,0.055838,0.521651,0.154670,0.091394,0.288243
sample,44,drone,1.099551,0.129309,-0.961660,1.222655,0.331834,0.098389,0.058138,0.528900,0.156819,0.092664,0.288243
sample,45,drone,1.124541,0.137767,-0.959152,1.224137,0.345140,0.102334,0.060469,0.535948,0.158909,0.093899,0.288243
sample,46,drone,1.149530,0.146559,-0.956545,1.225677,0.358621,0.106331,0.062831,0.542794,0.160938,0.095098,0.288243
sample,47,drone,1.174520,0.155691,-0.953838,1.227277,0.372269,0.110378,0.065222,0.549440,0.162909,0.096263,0.288243
sample,48,drone,1.199510,0.165165,-0.951028,1.228937,0.386081,0.114473,0.067642,0.555887,0.164821,0.097392,0.288243
sample,49,drone,1.224500,0.174987,-0.948116,1.230658,0.400052,0.118616,0.070090,0.562137,0.166674,0.098487,0.288243
sample,50,drone,1.249490,0.185160,-0.945100,1.232440,0.414177,0.122803,0.072564,0.568191,0.168469,0.099548,0.288243
sample,51,drone,1.274479,0.195687,-0.941979,1.234285,0.428450,0.127036,0.075065,0.574050,0.170206,0.100574,0.288243
sample,52,drone,1.299469,0.206573,-0.938751,1.236192,0.442867,0.131310,0.077591,0.579716,0.171886,0.101567,0.288243
sample,53,drone,1.324459,0.217822,-0.935416,1.238163,0.457424,0.135626,0.080141,0.585190,0.173509,0.102526,0.288243
sample,54,drone,1.349449,0.229435,-0.931972,1.240197,0.472115,0.139982,0.082715,0.590472,0.175075,0.103452,0.288243
sample,55,drone,1.374439,0.241418,-0.928420,1.242297,0.486936,0.144377,0.085312,0.595566,0.176585,0.104344,0.288243
sample,56,drone,1.399428,0.253772,-0.924757,1.244461,0.501881,0.148808,0.087930,0.600471,0.178040,0.105203,0.288243
sample,57,drone,1.424418,0.266502,-0.920982,1.246691,0.516947,0.153275,0.090570,0.605189,0.179439,0.106030,0.288243
sample,58,drone,1.449408,0.279609,-0.917096,1.248988,0.532128,0.157776,0.093230,0.609721,0.180782,0.106824,0.288243
sample,59,drone,1.474398,0.293097,-0.913097,1.251351,0.547420,0.162310,0.095909,0.614069,0.182072,0.107586,0.288243
sample,60,drone,1.499388,0.306969,-0.908984,1.253781,0.562819,0.166876,0.098607,0.618234,0.183307,0.108316,0.288243
sample,61,drone,1.524377,0.321227,-0.904756,1.256279,0.578320,0.171472,0.101322,0.622218,0.184488,0.109013,0.288243
sample,62,drone,1.549367,0.335873,-0.900414,1.258845,0.593917,0.176097,0.104055,0.626020,0.185615,0.109680,0.288243
sample,63,drone,1.574357,0.350910,-0.895955,1.261480,0.609608,0.180749,0.106804,0.629644,0.186690,0.110315,0.288243
sample,64,drone,1.599347,0.366341,-0.891380,1.264183,0.625387,0.185427,0.109569,0.633090,0.187711,0.110918,0.288243
sample,65,drone,1.624337,0.382167,-0.886687,1.266956,0.641249,0.190131,0.112348,0.636359,0.188681,0.111491,0.288243
sample,66,drone,1.649326,0.398390,-0.881877,1.269799,0.657192,0.194857,0.115141,0.639453,0.189598,0.112033,0.288243
sample,67,drone,1.674316,0.415013,-0.876949,1.272711,0.673209,0.199607,0.117947,0.642372,0.190464,0.112545,0.288243
sample,68,drone,1.699306,0.432037,-0.871901,1.275694,0.689297,0.204377,0.120766,0.645120,0.191278,0.113026,0.288243
sample,69,drone,1.724296,0.449464,-0.866734,1.278747,0.705452,0.209167,0.123596,0.647696,0.192042,0.113477,0.288243
sample,70,drone,1.749285,0.467295,-0.861447,1.281871,0.721669,0.213975,0.126437,0.650101,0.192755,0.113899,0.288243
sample,71,drone,1.774275,0.485532,-0.856040,1.285066,0.737944,0.218800,0.129289,0.652338,0.193418,0.114291,0.288243
sample,72,drone,1.799265,0.504177,-0.850511,1.288333,0.754272,0.223642,0.132150,0.654408,0.194032,0.114653,0.288243
sample,73,drone,1.824255,0.523231,-0.844862,1.291671,0.770651,0.228498,0.135019,0.656311,0.194596,0.114987,0.288243
sample,74,drone,1.849245,0.542694,-0.839091,1.295081,0.787074,0.233368,0.137897,0.658049,0.195112,0.115291,0.288243
sample,75,drone,1.874234,0.562568,-0.833198,1.298563,0.803540,0.238250,0.140781,0.659624,0.195579,0.115567,0.288243
sample,76,drone,1.899224,0.582855,-0.827183,1.302117,0.820042,0.243143,0.143673,0.661037,0.195997,0.115815,0.288243
sample,77,drone,1.924214,0.603554,-0.821046,1.305744,0.836578,0.248046,0.146570,0.662288,0.196369,0.116034,0.288243
sample,78,drone,1.949204,0.624666,-0.814786,1.309443,0.853143,0.252957,0.149472,0.663380,0.196692,0.116225,0.288243
sample,79,drone,1.974194,0.646193,-0.808403,1.313214,0.869733,0.257876,0.152379,0.664313,0.196969,0.116389,0.288243
sample,80,drone,1.999183,0.668135,-0.801898,1.317058,0.886345,0.262802,0.155289,0.665089,0.197199,0.116525,0.288243
sample,81,drone,2.024173,0.690493,-0.795269,1.320975,0.902974,0.267732,0.158202,0.665710,0.197383,0.116633,0.288243
sample,82,drone,2.049163,0.713266,-0.788517,1.324965,0.919617,0.272667,0.161118,0.666176,0.197521,0.116715,0.288243
sample,83,drone,2.074153,0.736455,-0.781641,1.329028,0.936269,0.277604,0.164036,0.666488,0.197614,0.116770,0.288243
sample,84,drone,2.099143,0.760060,-0.774642,1.333164,0.952928,0.282543,0.166954,0.666649,0.197662,0.116798,0.288243
sample,85,drone,2.124132,0.784082,-0.767520,1.337372,0.969588,0.287483,0.169873,0.666659,0.197665,0.116800,0.288243
sample,86,drone,2.149122,0.808520,-0.760274,1.341654,0.986247,0.292423,0.172792,0.666520,0.197623,0.116775,0.288243
sample,87,drone,2.174112,0.833374,-0.752904,1.346008,1.002901,0.297360,0.175710,0.666233,0.197538,0.116725,0.288243
sample,88,drone,2.199102,0.858644,-0.745412,1.350436,1.019545,0.302295,0.178626,0.665799,0.197410,0.116649,0.288243
sample,89,drone,2.224092,0.884330,-0.737796,1.354936,1.036177,0.307227,0.181540,0.665220,0.197238,0.116548,0.288243
sample,90,drone,2.249081,0.910432,-0.730057,1.359509,1.052793,0.312153,0.184451,0.664496,0.197023,0.116421,0.288243
sample,91,drone,2.274071,0.936948,-0.722195,1.364155,1.069388,0.317074,0.187358,0.663630,0.196766,0.116269,0.288243
sample,92,drone,2.299061,0.963879,-0.714210,1.368873,1.085961,0.321988,0.190262,0.662622,0.196468,0.116092,0.288243
sample,93,drone,2.324051,0.991224,-0.706102,1.373664,1.102506,0.326893,0.193161,0.661474,0.196127,0.115891,0.288243
sample,94,drone,2.349041,1.018982,-0.697872,1.378527,1.119021,0.331790,0.196054,0.660187,0.195746,0.115666,0.288243
sample,95,drone,2.374030,1.047152,-0.689519,1.383463,1.135502,0.336677,0.198942,0.658762,0.195323,0.115416,0.288243
sample,96,drone,2.399020,1.075734,-0.681045,1.388470,1.151945,0.341552,0.201823,0.657201,0.194860,0.115143,0.288243
sample,97,drone,2.424010,1.104726,-0.672448,1.393550,1.168348,0.346416,0.204696,0.655505,0.194357,0.114845,0.288243
sample,98,drone,2.449000,1.134128,-0.663731,1.398701,1.184707,0.351266,0.207563,0.653675,0.193815,0.114525,0.288243
sample,99,drone,2.473989,1.163937,-0.654892,1.403924,1.201019,0.356102,0.210420,0.651713,0.193233,0.114181,0.288243
sample,100,drone,2.498979,1.194154,-0.645933,1.409218,1.217280,0.360924,0.213269,0.649619,0.192612,0.113814,0.288243
sample,101,drone,2.523969,1.224777,-0.636853,1.414583,1.233486,0.365729,0.216109,0.647396,0.191953,0.113425,0.288243
sample,102,drone,2.548959,1.255803,-0.627654,1.420019,1.249636,0.370517,0.218938,0.645044,0.191256,0.113013,0.288243
sample,103,drone,2.573949,1.287233,-0.618335,1.425525,1.265725,0.375288,0.221757,0.642565,0.190521,0.112578,0.288243
sample,104,drone,2.598938,1.319064,-0.608897,1.431102,1.281751,0.380040,0.224565,0.639960,0.189748,0.112122,0.288243
sample,105,drone,2.623928,1.351294,-0.599341,1.436749,1.297710,0.384771,0.227361,0.637230,0.188939,0.111644,0.288243
sample,106,drone,2.648918,1.383923,-0.589667,1.442465,1.313600,0.389483,0.230145,0.634377,0.188093,0.111144,0.288243
sample,107,drone,2.673908,1.416947,-0.579875,1.448251,1.329416,0.394172,0.232916,0.631401,0.187211,0.110622,0.288243
sample,108,drone,2.698898,1.450366,-0.569966,1.454106,1.345157,0.398839,0.235674,0.628305,0.186293,0.110080,0.288243
sample,109,drone,2.723887,1.484178,-0.559941,1.460030,1.360819,0.403483,0.238418,0.625090,0.185339,0.109517,0.288243
sample,110,drone,2.748877,1.518380,-0.549800,1.466022,1.376399,0.408103,0.241147,0.621756,0.184351,0.108933,0.288243
sample,111,drone,2.773867,1.552970,-0.539544,1.472083,1.391894,0.412697,0.243862,0.618306,0.183328,0.108328,0.288243
sample,112,drone,2.798857,1.587946,-0.529174,1.478211,1.407301,0.417265,0.246561,0.614739,0.182270,0.107703,0.288243
sample,113,drone,2.823847,1.623306,-0.518689,1.484406,1.422618,0.421807,0.249245,0.611059,0.181179,0.107058,0.288243
sample,114,drone,2.848836,1.659048,-0.508092,1.490668,1.437842,0.426320,0.251912,0.607265,0.180054,0.106394,0.288243
sample,115,drone,2.873826,1.695169,-0.497382,1.496996,1.452969,0.430806,0.254562,0.603360,0.178896,0.105710,0.288243
sample,116,drone,2.898816,1.731666,-0.486560,1.503391,1.467997,0.435262,0.257195,0.599345,0.177706,0.105006,0.288243
sample,117,drone,2.923806,1.768539,-0.475628,1.509851,1.482924,0.439687,0.259811,0.595220,0.176483,0.104283,0.288243
sample,118,drone,2.948796,1.805782,-0.464585,1.516376,1.497746,0.444082,0.262407,0.590988,0.175228,0.103542,0.288243
sample,119,drone,2.973785,1.843395,-0.453433,1.522966,1.512461,0.448445,0.264986,0.586649,0.173941,0.102782,0.288243
sample,120,drone,2.998775,1.881375,-0.442172,1.529620,1.527067,0.452776,0.267544,0.582204,0.172624,0.102003,0.288243
sample,121,drone,3.023765,1.919717,-0.430803,1.536337,1.541560,0.457073,0.270084,0.577656,0.171275,0.101206,0.288243
sample,122,drone,3.048755,1.958421,-0.419328,1.543118,1.555938,0.461336,0.272603,0.573006,0.169896,0.100391,0.288243
sample,123,drone,3.073744,1.997483,-0.407746,1.549962,1.570198,0.465564,0.275101,0.568254,0.168487,0.099559,0.288243
sample,124,drone,3.098734,2.036899,-0.396059,1.556868,1.584339,0.469757,0.277579,0.563402,0.167049,0.098709,0.288243
sample,125,drone,3.123724,2.076667,-0.384268,1.563835,1.598357,0.473913,0.280035,0.558451,0.165581,0.097841,0.288243
sample,126,drone,3.148714,2.116784,-0.372373,1.570864,1.612250,0.478032,0.282469,0.553403,0.164084,0.096957,0.288243
sample,127,drone,3.173704,2.157247,-0.360376,1.577953,1.626016,0.482114,0.284880,0.548258,0.162559,0.096056,0.288243
sample,128,drone,3.198693,2.198052,-0.348277,1.585102,1.639652,0.486157,0.287269,0.543019,0.161005,0.095138,0.288243
sample,129,drone,3.223683,2.239196,-0.336078,1.592311,1.653156,0.490161,0.289635,0.537687,0.159424,0.094203,0.288243
sample,130,drone,3.248673,2.280676,-0.323779,1.599578,1.666525,0.494125,0.291978,0.532262,0.157816,0.093253,0.288243
sample,131,drone,3.273663,2.322488,-0.311382,1.606903,1.679758,0.498049,0.294296,0.526746,0.156180,0.092287,0.288243
sample,132,drone,3.298653,2.364629,-0.298887,1.614287,1.692852,0.501931,0.296590,0.521140,0.154518,0.091305,0.288243
sample,133,drone,3.323642,2.407096,-0.286295,1.621727,1.705804,0.505771,0.298860,0.515447,0.152830,0.090307,0.288243
sample,134,drone,3.348632,2.449885,-0.273609,1.629224,1.718613,0.509569,0.301104,0.509666,0.151116,0.089294,0.288243
sample,135,drone,3.373622,2.492992,-0.260827,1.636776,1.731277,0.513324,0.303322,0.503799,0.149377,0.088266,0.288243
sample,136,drone,3.398612,2.536413,-0.247953,1.644384,1.743793,0.517035,0.305515,0.497848,0.147612,0.087224,0.288243
sample,137,drone,3.423602,2.580146,-0.234986,1.652046,1.756159,0.520702,0.307682,0.491814,0.145823,0.086167,0.288243
sample,138,drone,3.448591,2.624185,-0.221928,1.659761,1.768374,0.524323,0.309822,0.485698,0.144009,0.085095,0.288243
sample,139,drone,3.473581,2.668528,-0.208781,1.667530,1.780434,0.527899,0.311935,0.479501,0.142172,0.084009,0.288243
sample,140,drone,3.498571,2.713171,-0.195544,1.675352,1.792339,0.531429,0.314021,0.473225,0.140311,0.082910,0.288243
sample,141,drone,3.523561,2.758109,-0.182220,1.683225,1.804086,0.534912,0.316079,0.466872,0.138428,0.081797,0.288243
sample,142,drone,3.548551,2.803338,-0.168810,1.691149,1.815673,0.538347,0.318109,0.460441,0.136521,0.080670,0.288243
sample,143,drone,3.573540,2.848855,-0.155314,1.699124,1.827099,0.541735,0.320110,0.453935,0.134592,0.079530,0.288243
sample,144,drone,3.598530,2.894656,-0.141734,1.707148,1.838361,0.545074,0.322084,0.447355,0.132641,0.078377,0.288243
sample,145,drone,3.623520,2.940736,-0.128071,1.715221,1.849457,0.548364,0.324028,0.440703,0.130668,0.077212,0.288243
sample,146,drone,3.648510,2.987091,-0.114327,1.723343,1.860387,0.551605,0.325943,0.433978,0.128675,0.076034,0.288243
sample,147,drone,3.673500,3.033717,-0.100502,1.731512,1.871147,0.554796,0.327828,0.427184,0.126660,0.074843,0.288243
sample,148,drone,3.698489,3.080610,-0.086598,1.739728,1.881737,0.557935,0.329683,0.420321,0.124625,0.073641,0.288243
sample,149,drone,3.723479,3.127766,-0.072617,1.747989,1.892155,0.561024,0.331508,0.413390,0.122570,0.072427,0.288243
sample,150,drone,3.748469,3.175179,-0.058559,1.756296,1.902398,0.564062,0.333303,0.406393,0.120496,0.071201,0.288243
sample,151,drone,3.773459,3.222847,-0.044425,1.764648,1.912466,0.567047,0.335067,0.399331,0.118402,0.069963,0.288243
sample,152,drone,3.798448,3.270764,-0.030218,1.773043,1.922357,0.569979,0.336800,0.392205,0.116289,0.068715,0.288243
sample,153,drone,3.823438,3.318925,-0.015938,1.781481,1.932068,0.572859,0.338501,0.385017,0.114158,0.067456,0.288243
sample,154,drone,3.848428,3.367328,-0.001587,1.789961,1.941600,0.575685,0.340171,0.377768,0.112008,0.066186,0.288243
sample,155,drone,3.873418,3.415966,0.012835,1.798482,1.950949,0.578457,0.341809,0.370459,0.109841,0.064905,0.288243
sample,156,drone,3.898408,3.464835,0.027324,1.807044,1.960115,0.581175,0.343415,0.363091,0.107657,0.063614,0.288243
sample,157,drone,3.923397,3.513931,0.041881,1.815646,1.969096,0.583837,0.344989,0.355667,0.105455,0.062313,0.288243
sample,158,drone,3.948387,3.563250,0.056504,1.824287,1.977891,0.586445,0.346530,0.348186,0.103237,0.061003,0.288243
sample,159,drone,3.973377,3.612786,0.071192,1.832966,1.986498,0.588997,0.348038,0.340651,0.101003,0.059683,0.288243
sample,160,drone,3.998367,3.662534,0.085942,1.841682,1.994917,0.591493,0.349512,0.333062,0.098753,0.058353,0.288243
sample,161,drone,4.023357,3.712491,0.100754,1.850434,2.003145,0.593933,0.350954,0.325422,0.096488,0.057014,0.288243
sample,162,drone,4.048346,3.762650,0.115627,1.859222,2.011181,0.596316,0.352362,0.317731,0.094207,0.055667,0.288243
sample,163,drone,4.073336,3.813009,0.130558,1.868045,2.019025,0.598641,0.353736,0.309990,0.091912,0.054311,0.288243
sample,164,drone,4.098326,3.863560,0.145547,1.876902,2.026674,0.600909,0.355076,0.302201,0.089603,0.052946,0.288243
sample,165,drone,4.123316,3.914301,0.160591,1.885792,2.034129,0.603120,0.356382,0.294366,0.087280,0.051573,0.288243
sample,166,drone,4.148306,3.965225,0.175690,1.894714,2.041387,0.605272,0.357654,0.286485,0.084943,0.050193,0.288243
sample,167,drone,4.173295,4.016329,0.190842,1.903667,2.048447,0.607365,0.358891,0.278559,0.082593,0.048804,0.288243
sample,168,drone,4.198285,4.067606,0.206046,1.912651,2.055309,0.609400,0.360093,0.270591,0.080230,0.047408,0.288243
sample,169,drone,4.223275,4.119052,0.221300,1.921664,2.061971,0.611375,0.361260,0.262581,0.077855,0.046005,0.288243
sample,170,drone,4.248265,4.170662,0.236602,1.930706,2.068433,0.613291,0.362393,0.254531,0.075468,0.044594,0.288243
sample,171,drone,4.273255,4.222432,0.251952,1.939776,2.074692,0.615147,0.363489,0.246442,0.073070,0.043177,0.288243
sample,172,drone,4.298244,4.274355,0.267347,1.948873,2.080750,0.616943,0.364551,0.238315,0.070660,0.041753,0.288243
sample,173,drone,4.323234,4.326427,0.282786,1.957997,2.086603,0.618678,0.365576,0.230151,0.068240,0.040323,0.288243
sample,174,drone,4.348224,4.378642,0.298268,1.967145,2.092253,0.620353,0.366566,0.221953,0.065809,0.038886,0.288243
sample,175,drone,4.373214,4.430996,0.313791,1.976317,2.097696,0.621967,0.367520,0.213720,0.063368,0.037444,0.288243
sample,176,drone,4.398203,4.483484,0.329354,1.985513,2.102934,0.623520,0.368437,0.205456,0.060918,0.035996,0.288243
sample,177,drone,4.423193,4.536100,0.344955,1.994732,2.107965,0.625012,0.369319,0.197159,0.058458,0.034543,0.288243
sample,178,drone,4.448183,4.588839,0.360592,2.003972,2.112788,0.626442,0.370164,0.188833,0.055989,0.033084,0.288243
sample,179,drone,4.473173,4.641697,0.376264,2.013232,2.117403,0.627810,0.370972,0.180478,0.053512,0.031620,0.288243
sample,180,drone,4.498163,4.694666,0.391970,2.022513,2.121808,0.629117,0.371744,0.172096,0.051027,0.030152,0.288243
sample,181,drone,4.523152,4.747744,0.407707,2.031812,2.126004,0.630361,0.372479,0.163688,0.048534,0.028678,0.288243
sample,182,drone,4.548142,4.800923,0.423475,2.041129,2.129989,0.631542,0.373177,0.155255,0.046033,0.027201,0.288243
sample,183,drone,4.573132,4.854200,0.439271,2.050463,2.133764,0.632661,0.373839,0.146799,0.043526,0.025719,0.288243
sample,184,drone,4.598122,4.907568,0.455095,2.059813,2.137326,0.633718,0.374463,0.138320,0.041012,0.024234,0.288243
sample,185,drone,4.623112,4.961022,0.470944,2.069179,2.140677,0.634711,0.375050,0.129821,0.038492,0.022745,0.288243
sample,186,drone,4.648101,5.014558,0.486818,2.078558,2.143815,0.635642,0.375600,0.121302,0.035966,0.021252,0.288243
sample,187,drone,4.673091,5.068169,0.502713,2.087951,2.146739,0.636509,0.376112,0.112764,0.033435,0.019756,0.288243
sample,188,drone,4.698081,5.121851,0.518630,2.097356,2.149451,0.637313,0.376587,0.104210,0.030898,0.018258,0.288243
sample,189,drone,4.723071,5.175598,0.534566,2.106773,2.151948,0.638053,0.377025,0.095640,0.028357,0.016756,0.288243
sample,190,drone,4.748061,5.229405,0.550520,2.116200,2.154231,0.638730,0.377425,0.087056,0.025812,0.015252,0.288243
sample,191,drone,4.773050,5.283265,0.566489,2.125636,2.156299,0.639343,0.377787,0.078458,0.023263,0.013746,0.288243
sample,192,drone,4.798040,5.337175,0.582474,2.135081,2.158152,0.639893,0.378112,0.069849,0.020710,0.012238,0.288243
sample,193,drone,4.823030,5.391129,0.598471,2.144534,2.159790,0.640378,0.378398,0.061230,0.018155,0.010728,0.288243
sample,194,drone,4.848020,5.445121,0.614480,2.153994,2.161212,0.640800,0.378648,0.052601,0.015596,0.009216,0.288243
sample,195,drone,4.873010,5.499146,0.630498,2.163459,2.162419,0.641158,0.378859,0.043964,0.013035,0.007703,0.288243
sample,196,drone,4.897999,5.553198,0.646524,2.172929,2.163410,0.641451,0.379033,0.035321,0.010473,0.006188,0.288243
sample,197,drone,4.922989,5.607272,0.662557,2.182403,2.164184,0.641681,0.379168,0.026672,0.007908,0.004673,0.288243
sample,198,drone,4.947979,5.661363,0.678595,2.191879,2.164743,0.641847,0.379266,0.018019,0.005343,0.003157,0.288243
sample,199,drone,4.972969,5.715465,0.694637,2.201358,2.165085,0.641948,0.379326,0.009364,0.002776,0.001641,0.288243
sample,200,drone,4.997959,5.769573,0.710680,2.210838,2.165211,0.641985,0.379348,0.000707,0.000210,0.000124,0.288243
sample,201,drone,5.022948,5.823681,0.726723,2.220318,2.165120,0.641959,0.379332,-0.007950,-0.002357,-0.001393,0.288243
sample,202,drone,5.047938,5.877785,0.742764,2.229797,2.164813,0.641868,0.379279,-0.016605,-0.004923,-0.002909,0.288243
sample,203,drone,5.072928,5.931878,0.758803,2.239274,2.164290,0.641713,0.379187,-0.025258,-0.007489,-0.004425,0.288243
sample,204,drone,5.097918,5.985955,0.774837,2.248748,2.163551,0.641493,0.379057,-0.033908,-0.010054,-0.005941,0.288243
sample,205,drone,5.122907,6.040011,0.790865,2.258219,2.162595,0.641210,0.378890,-0.042552,-0.012617,-0.007455,0.288243
sample,206,drone,5.147897,6.094040,0.806884,2.267685,2.161424,0.640863,0.378685,-0.051190,-0.015178,-0.008969,0.288243
sample,207,drone,5.172887,6.148038,0.822895,2.277146,2.160037,0.640451,0.378442,-0.059820,-0.017737,-0.010481,0.288243
sample,208,drone,5.197877,6.201998,0.838894,2.286600,2.158434,0.639976,0.378161,-0.068442,-0.020293,-0.011991,0.288243
sample,209,drone,5.222867,6.255916,0.854880,2.296046,2.156616,0.639437,0.377842,-0.077053,-0.022846,-0.013500,0.288243
sample,210,drone,5.247856,6.309785,0.870853,2.305484,2.154583,0.638834,0.377486,-0.085652,-0.025396,-0.015006,0.288243
sample,211,drone,5.272846,6.363601,0.886809,2.314913,2.152335,0.638168,0.377092,-0.094239,-0.027942,-0.016511,0.288243
sample,212,drone,5.297836,6.417358,0.902748,2.324331,2.149873,0.637438,0.376661,-0.102811,-0.030483,-0.018013,0.288243
sample,213,drone,5.322826,6.471051,0.918668,2.333738,2.147197,0.636644,0.376192,-0.111368,-0.033021,-0.019512,0.288243
sample,214,drone,5.347816,6.524674,0.934567,2.343133,2.144307,0.635788,0.375686,-0.119908,-0.035553,-0.021008,0.288243
sample,215,drone,5.372805,6.578222,0.950444,2.352515,2.141204,0.634867,0.375142,-0.128430,-0.038080,-0.022501,0.288243
sample,216,drone,5.397795,6.631690,0.966298,2.361882,2.137888,0.633884,0.374561,-0.136933,-0.040601,-0.023991,0.288243
sample,217,drone,5.422785,6.685073,0.982126,2.371235,2.134360,0.632838,0.373943,-0.145415,-0.043116,-0.025477,0.288243
sample,218,drone,5.447775,6.738365,0.997927,2.380572,2.130621,0.631729,0.373288,-0.153875,-0.045624,-0.026959,0.288243
sample,219,drone,5.472765,6.791561,1.013699,2.389892,2.126670,0.630558,0.372596,-0.162312,-0.048126,-0.028437,0.288243
sample,220,drone,5.497754,6.844655,1.029442,2.399194,2.122508,0.629324,0.371867,-0.170724,-0.050620,-0.029911,0.288243
sample,221,drone,5.522744,6.897643,1.045153,2.408478,2.118137,0.628028,0.371101,-0.179111,-0.053106,-0.031380,0.288243
sample,222,drone,5.547734,6.950518,1.060830,2.417741,2.113556,0.626670,0.370298,-0.187470,-0.055585,-0.032845,0.288243
sample,223,drone,5.572724,7.003277,1.076473,2.426985,2.108767,0.625250,0.369459,-0.195801,-0.058055,-0.034305,0.288243
sample,224,drone,5.597714,7.055914,1.092080,2.436207,2.103770,0.623768,0.368584,-0.204102,-0.060516,-0.035759,0.288243
sample,225,drone,5.622703,7.108423,1.107649,2.445407,2.098566,0.622225,0.367672,-0.212372,-0.062968,-0.037208,0.288243
sample,226,drone,5.647693,7.160799,1.123179,2.454583,2.093156,0.620621,0.366724,-0.220610,-0.065411,-0.038651,0.288243
sample,227,drone,5.672683,7.213038,1.138667,2.463735,2.087540,0.618956,0.365740,-0.228814,-0.067843,-0.040089,0.288243
sample,228,drone,5.697673,7.265134,1.154114,2.472863,2.081720,0.617230,0.364721,-0.236983,-0.070266,-0.041520,0.288243
sample,229,drone,5.722663,7.317081,1.169516,2.481964,2.075696,0.615444,0.363665,-0.245116,-0.072677,-0.042945,0.288243
sample,230,drone,5.747652,7.368876,1.184873,2.491038,2.069469,0.613598,0.362574,-0.253212,-0.075077,-0.044363,0.288243
sample,231,drone,5.772642,7.420513,1.200184,2.500085,2.063041,0.611692,0.361448,-0.261269,-0.077466,-0.045775,0.288243
sample,232,drone,5.797632,7.471986,1.215446,2.509103,2.056411,0.609726,0.360286,-0.269285,-0.079843,-0.047179,0.288243
sample,233,drone,5.822622,7.523291,1.230658,2.518092,2.049582,0.607701,0.359090,-0.277260,-0.082208,-0.048576,0.288243
sample,234,drone,5.847611,7.574423,1.245818,2.527051,2.042554,0.605618,0.357859,-0.285193,-0.084560,-0.049966,0.288243
sample,235,drone,5.872601,7.625377,1.260926,2.535978,2.035328,0.603475,0.356593,-0.293081,-0.086899,-0.051348,0.288243
sample,236,drone,5.897591,7.676148,1.275980,2.544873,2.027906,0.601274,0.355292,-0.300924,-0.089224,-0.052722,0.288243
sample,237,drone,5.922581,7.726731,1.290978,2.553735,2.020288,0.599016,0.353958,-0.308721,-0.091536,-0.054088,0.288243
sample,238,drone,5.947571,7.777121,1.305918,2.562564,2.012476,0.596700,0.352589,-0.316469,-0.093833,-0.055446,0.288243
sample,239,drone,5.972560,7.827314,1.320800,2.571357,2.004471,0.594326,0.351186,-0.324169,-0.096116,-0.056795,0.288243
sample,240,drone,5.997550,7.877304,1.335622,2.580116,1.996274,0.591896,0.349750,-0.331818,-0.098384,-0.058135,0.288243
sample,241,drone,6.022540,7.927087,1.350383,2.588838,1.987887,0.589409,0.348281,-0.339415,-0.100637,-0.059466,0.288243
sample,242,drone,6.047530,7.976658,1.365081,2.597523,1.979310,0.586866,0.346778,-0.346959,-0.102873,-0.060788,0.288243
sample,243,drone,6.072520,8.026012,1.379714,2.606170,1.970546,0.584267,0.345243,-0.354448,-0.105094,-0.062100,0.288243
sample,244,drone,6.097509,8.075145,1.394282,2.614778,1.961595,0.581613,0.343674,-0.361882,-0.107298,-0.063402,0.288243
sample,245,drone,6.122499,8.124052,1.408783,2.623346,1.952459,0.578905,0.342074,-0.369259,-0.109485,-0.064695,0.288243
sample,246,drone,6.147489,8.172728,1.423216,2.631874,1.943140,0.576141,0.340441,-0.376578,-0.111655,-0.065977,0.288243
sample,247,drone,6.172479,8.221169,1.437578,2.640361,1.933638,0.573324,0.338776,-0.383837,-0.113808,-0.067249,0.288243
sample,248,drone,6.197469,8.269370,1.451870,2.648806,1.923956,0.570453,0.337080,-0.391035,-0.115942,-0.068510,0.288243
sample,249,drone,6.222458,8.317327,1.466089,2.657209,1.914094,0.567529,0.335352,-0.398171,-0.118058,-0.069760,0.288243
sample,250,drone,6.247448,8.365036,1.480235,2.665567,1.904055,0.564553,0.333593,-0.405244,-0.120155,-0.070999,0.288243
sample,251,drone,6.272438,8.412491,1.494306,2.673881,1.893840,0.561524,0.331804,-0.412251,-0.122233,-0.072227,0.288243
sample,252,drone,6.297428,8.459689,1.508300,2.682151,1.883451,0.558444,0.329984,-0.419193,-0.124291,-0.073443,0.288243
sample,253,drone,6.322418,8.506625,1.522216,2.690374,1.872889,0.555312,0.328133,-0.426067,-0.126329,-0.074648,0.288243
sample,254,drone,6.347407,8.553295,1.536054,2.698550,1.862156,0.552130,0.326253,-0.432873,-0.128347,-0.075840,0.288243
sample,255,drone,6.372397,8.599695,1.549812,2.706680,1.851254,0.548897,0.324343,-0.439609,-0.130344,-0.077020,0.288243
sample,256,drone,6.397387,8.645820,1.563488,2.714761,1.840185,0.545615,0.322403,-0.446273,-0.132320,-0.078188,0.288243
sample,257,drone,6.422377,8.691667,1.577081,2.722793,1.828950,0.542284,0.320435,-0.452865,-0.134275,-0.079343,0.288243
sample,258,drone,6.447366,8.737230,1.590591,2.730776,1.817551,0.538904,0.318438,-0.459383,-0.136207,-0.080485,0.288243
sample,259,drone,6.472356,8.782507,1.604015,2.738709,1.805990,0.535476,0.316412,-0.465826,-0.138118,-0.081613,0.288243
sample,260,drone,6.497346,8.827493,1.617354,2.746590,1.794269,0.532001,0.314359,-0.472192,-0.140005,-0.082729,0.288243
sample,261,drone,6.522336,8.872184,1.630605,2.754420,1.782390,0.528479,0.312277,-0.478481,-0.141870,-0.083831,0.288243
sample,262,drone,6.547326,8.916576,1.643767,2.762198,1.770355,0.524911,0.310169,-0.484691,-0.143711,-0.084919,0.288243
sample,263,drone,6.572315,8.960666,1.656839,2.769922,1.758165,0.521296,0.308033,-0.490820,-0.145528,-0.085992,0.288243
sample,264,drone,6.597305,9.004449,1.669821,2.777593,1.745824,0.517637,0.305871,-0.496868,-0.147321,-0.087052,0.288243
sample,265,drone,6.622295,9.047921,1.682711,2.785210,1.733332,0.513933,0.303682,-0.502832,-0.149090,-0.088097,0.288243
sample,266,drone,6.647285,9.091080,1.695507,2.792771,1.720692,0.510186,0.301468,-0.508713,-0.150834,-0.089127,0.288243
sample,267,drone,6.672275,9.133921,1.708210,2.800277,1.707907,0.506395,0.299228,-0.514508,-0.152552,-0.090143,0.288243
sample,268,drone,6.697264,9.176440,1.720817,2.807726,1.694978,0.502561,0.296963,-0.520216,-0.154244,-0.091143,0.288243
sample,269,drone,6.722254,9.218635,1.733327,2.815119,1.681907,0.498686,0.294673,-0.525836,-0.155910,-0.092127,0.288243
sample,270,drone,6.747244,9.260501,1.745741,2.822454,1.668697,0.494769,0.292358,-0.531367,-0.157550,-0.093096,0.288243
sample,271,drone,6.772234,9.302036,1.758056,2.829731,1.655349,0.490811,0.290020,-0.536806,-0.159163,-0.094049,0.288243
sample,272,drone,6.797224,9.343235,1.770271,2.836949,1.641867,0.486814,0.287658,-0.542154,-0.160749,-0.094986,0.288243
sample,273,drone,6.822213,9.384096,1.782386,2.844108,1.628253,0.482777,0.285272,-0.547409,-0.162307,-0.095907,0.288243
sample,274,drone,6.847203,9.424614,1.794400,2.851207,1.614508,0.478702,0.282864,-0.552569,-0.163837,-0.096811,0.288243
sample,275,drone,6.872193,9.464788,1.806312,2.858245,1.600635,0.474589,0.280434,-0.557633,-0.165338,-0.097698,0.288243
sample,276,drone,6.897183,9.504613,1.818120,2.865223,1.586638,0.470438,0.277981,-0.562599,-0.166811,-0.098568,0.288243
sample,277,drone,6.922173,9.544088,1.829824,2.872139,1.572517,0.466252,0.275507,-0.567468,-0.168254,-0.099421,0.288243
sample,278,drone,6.947162,9.583207,1.841423,2.878993,1.558276,0.462029,0.273012,-0.572236,-0.169668,-0.100257,0.288243
sample,279,drone,6.972152,9.621970,1.852916,2.885784,1.543917,0.457772,0.270497,-0.576903,-0.171052,-0.101074,0.288243
sample,280,drone,6.997142,9.660372,1.864302,2.892512,1.529442,0.453480,0.267961,-0.581468,-0.172406,-0.101874,0.288243
sample,281,drone,7.022132,9.698410,1.875581,2.899176,1.514855,0.449155,0.265405,-0.585930,-0.173728,-0.102656,0.288243
sample,282,drone,7.047122,9.736083,1.886751,2.905777,1.500158,0.444797,0.262830,-0.590286,-0.175020,-0.103419,0.288243
sample,283,drone,7.072111,9.773388,1.897812,2.912313,1.485353,0.440408,0.260236,-0.594536,-0.176280,-0.104164,0.288243
sample,284,drone,7.097101,9.810321,1.908762,2.918783,1.470443,0.435987,0.257624,-0.598678,-0.177508,-0.104889,0.288243
sample,285,drone,7.122091,9.846880,1.919602,2.925188,1.455431,0.431536,0.254994,-0.602712,-0.178704,-0.105596,0.288243
sample,286,drone,7.147081,9.883063,1.930330,2.931528,1.440320,0.427055,0.252346,-0.606635,-0.179867,-0.106283,0.288243
sample,287,drone,7.172070,9.918866,1.940946,2.937801,1.425112,0.422546,0.249682,-0.610447,-0.180998,-0.106951,0.288243
sample,288,drone,7.197060,9.954289,1.951449,2.944007,1.409810,0.418009,0.247001,-0.614146,-0.182094,-0.107599,0.288243
sample,289,drone,7.222050,9.989328,1.961838,2.950146,1.394417,0.413445,0.244304,-0.617731,-0.183157,-0.108227,0.288243
sample,290,drone,7.247040,10.023981,1.972113,2.956217,1.378936,0.408855,0.241592,-0.621200,-0.184186,-0.108835,0.288243
sample,291,drone,7.272030,10.058247,1.982272,2.962220,1.363370,0.404239,0.238864,-0.624553,-0.185180,-0.109423,0.288243
sample,292,drone,7.297019,10.092122,1.992316,2.968155,1.347721,0.399600,0.236123,-0.627788,-0.186139,-0.109989,0.288243
sample,293,drone,7.322009,10.125605,2.002244,2.974022,1.331993,0.394936,0.233367,-0.630904,-0.187063,-0.110535,0.288243
sample,294,drone,7.346999,10.158695,2.012055,2.979819,1.316189,0.390250,0.230598,-0.633899,-0.187951,-0.111060,0.288243
sample,295,drone,7.371989,10.191388,2.021749,2.985547,1.300311,0.385543,0.227817,-0.636772,-0.188803,-0.111563,0.288243
sample,296,drone,7.396979,10.223684,2.031325,2.991205,1.284363,0.380814,0.225022,-0.639522,-0.189618,-0.112045,0.288243
sample,297,drone,7.421968,10.255580,2.040782,2.996793,1.268348,0.376066,0.222217,-0.642148,-0.190397,-0.112505,0.288243
sample,298,drone,7.446958,10.287075,2.050120,3.002311,1.252269,0.371298,0.219399,-0.644648,-0.191138,-0.112943,0.288243
sample,299,drone,7.471948,10.318168,2.059339,3.007759,1.236129,0.366513,0.216572,-0.647020,-0.191842,-0.113359,0.288243
sample,300,drone,7.496938,10.348856,2.068438,3.013135,1.219931,0.361710,0.213734,-0.649265,-0.192507,-0.113752,0.288243
sample,301,drone,7.521928,10.379139,2.077417,3.018441,1.203679,0.356891,0.210886,-0.651380,-0.193134,-0.114123,0.288243
sample,302,drone,7.546917,10.409016,2.086276,3.023676,1.187376,0.352057,0.208030,-0.653363,-0.193722,-0.114470,0.288243
sample,303,drone,7.571907,10.438484,2.095013,3.028838,1.171024,0.347209,0.205165,-0.655215,-0.194271,-0.114795,0.288243
sample,304,drone,7.596897,10.467543,2.103629,3.033930,1.154628,0.342348,0.202293,-0.656933,-0.194781,-0.115096,0.288243
sample,305,drone,7.621887,10.496192,2.112123,3.038949,1.138191,0.337474,0.199413,-0.658516,-0.195250,-0.115373,0.288243
sample,306,drone,7.646877,10.524429,2.120496,3.043896,1.121716,0.332589,0.196526,-0.659963,-0.195679,-0.115627,0.288243
sample,307,drone,7.671866,10.552255,2.128746,3.048771,1.105206,0.327694,0.193634,-0.661273,-0.196068,-0.115856,0.288243
sample,308,drone,7.696856,10.579667,2.136874,3.053574,1.088666,0.322790,0.190736,-0.662444,-0.196415,-0.116061,0.288243
sample,309,drone,7.721846,10.606666,2.144879,3.058304,1.072098,0.317877,0.187833,-0.663475,-0.196720,-0.116242,0.288243
sample,310,drone,7.746836,10.633250,2.152761,3.062962,1.055506,0.312958,0.184926,-0.664364,-0.196984,-0.116398,0.288243
sample,311,drone,7.771826,10.659420,2.160520,3.067547,1.038893,0.308032,0.182016,-0.665111,-0.197206,-0.116529,0.288243
sample,312,drone,7.796815,10.685174,2.168156,3.072059,1.022264,0.303101,0.179102,-0.665714,-0.197384,-0.116634,0.288243
sample,313,drone,7.821805,10.710512,2.175669,3.076498,1.005621,0.298167,0.176186,-0.666172,-0.197520,-0.116714,0.288243
sample,314,drone,7.846795,10.735434,2.183059,3.080865,0.988969,0.293229,0.173269,-0.666483,-0.197612,-0.116769,0.288243
sample,315,drone,7.871785,10.759940,2.190325,3.085158,0.972310,0.288290,0.170350,-0.666647,-0.197661,-0.116798,0.288243
sample,316,drone,7.896774,10.784030,2.197467,3.089379,0.955650,0.283350,0.167431,-0.666661,-0.197665,-0.116800,0.288243
sample,317,drone,7.921764,10.807703,2.204486,3.093526,0.938991,0.278411,0.164513,-0.666525,-0.197625,-0.116776,0.288243
sample,318,drone,7.946754,10.830960,2.211382,3.097601,0.922337,0.273473,0.161595,-0.666237,-0.197539,-0.116726,0.288243
sample,319,drone,7.971744,10.853801,2.218154,3.101603,0.905693,0.268538,0.158679,-0.665796,-0.197409,-0.116649,0.288243
sample,320,drone,7.996734,10.876226,2.224804,3.105532,0.889061,0.263607,0.155765,-0.665201,-0.197232,-0.116544,0.288243
sample,321,drone,8.021723,10.898236,2.231329,3.109388,0.872446,0.258680,0.152854,-0.664451,-0.197010,-0.116413,0.288243
sample,322,drone,8.046713,10.919831,2.237732,3.113171,0.855852,0.253760,0.149947,-0.663543,-0.196741,-0.116254,0.288243
sample,323,drone,8.071703,10.941011,2.244012,3.116882,0.839282,0.248847,0.147044,-0.662477,-0.196425,-0.116067,0.288243
sample,324,drone,8.096693,10.961778,2.250170,3.120520,0.822742,0.243943,0.144146,-0.661252,-0.196061,-0.115852,0.288243
sample,325,drone,8.121683,10.982131,2.256204,3.124086,0.806233,0.239048,0.141253,-0.659866,-0.195650,-0.115610,0.288243
sample,326,drone,8.146672,11.002073,2.262117,3.127580,0.789762,0.234165,0.138367,-0.658318,-0.195191,-0.115338,0.288243
sample,327,drone,8.171662,11.021603,2.267908,3.131002,0.773331,0.229293,0.135489,-0.656606,-0.194684,-0.115038,0.288243
sample,328,drone,8.196652,11.040724,2.273577,3.134352,0.756945,0.224434,0.132618,-0.654730,-0.194128,-0.114710,0.288243
sample,329,drone,8.221642,11.059435,2.279125,3.137630,0.740608,0.219590,0.129756,-0.652688,-0.193522,-0.114352,0.288243
sample,330,drone,8.246632,11.077739,2.284552,3.140837,0.724324,0.214762,0.126903,-0.650478,-0.192867,-0.113965,0.288243
sample,331,drone,8.271621,11.095637,2.289859,3.143973,0.708097,0.209951,0.124060,-0.648100,-0.192162,-0.113548,0.288243
sample,332,drone,8.296611,11.113129,2.295045,3.147037,0.691932,0.205158,0.121228,-0.645552,-0.191406,-0.113102,0.288243
sample,333,drone,8.321601,11.130219,2.300112,3.150031,0.675833,0.200385,0.118407,-0.642833,-0.190600,-0.112625,0.288243
sample,334,drone,8.346591,11.146907,2.305061,3.152955,0.659804,0.195632,0.115599,-0.639942,-0.189743,-0.112119,0.288243
sample,335,drone,8.371581,11.163196,2.309890,3.155809,0.643849,0.190901,0.112803,-0.636876,-0.188834,-0.111582,0.288243
sample,336,drone,8.396570,11.179087,2.314602,3.158593,0.627973,0.186194,0.110022,-0.633636,-0.187873,-0.111014,0.288243
sample,337,drone,8.421560,11.194582,2.319196,3.161308,0.612180,0.181511,0.107255,-0.630219,-0.186860,-0.110415,0.288243
sample,338,drone,8.446550,11.209683,2.323674,3.163954,0.596475,0.176855,0.104503,-0.626625,-0.185794,-0.109786,0.288243
sample,339,drone,8.471540,11.224393,2.328035,3.166531,0.580861,0.172226,0.101768,-0.622851,-0.184675,-0.109124,0.288243
sample,340,drone,8.496529,11.238714,2.332281,3.169040,0.565345,0.167625,0.099049,-0.618897,-0.183503,-0.108432,0.288243
sample,341,drone,8.521519,11.252649,2.336413,3.171481,0.549929,0.163054,0.096348,-0.614762,-0.182277,-0.107707,0.288243
sample,342,drone,8.546509,11.266199,2.340431,3.173855,0.534619,0.158515,0.093666,-0.610444,-0.180997,-0.106951,0.288243
sample,343,drone,8.571499,11.279369,2.344335,3.176163,0.519419,0.154008,0.091003,-0.605942,-0.179662,-0.106162,0.288243
sample,344,drone,8.596489,11.292160,2.348128,3.178404,0.504335,0.149535,0.088360,-0.601254,-0.178272,-0.105341,0.288243
sample,345,drone,8.621478,11.304575,2.351809,3.180579,0.489369,0.145098,0.085738,-0.596380,-0.176827,-0.104487,0.288243
sample,346,drone,8.646468,11.316618,2.355380,3.182689,0.474528,0.140698,0.083138,-0.591318,-0.175326,-0.103600,0.288243
sample,347,drone,8.671458,11.328292,2.358841,3.184734,0.459815,0.136335,0.080560,-0.586066,-0.173769,-0.102680,0.288243
sample,348,drone,8.696448,11.339600,2.362194,3.186715,0.445236,0.132013,0.078006,-0.580623,-0.172155,-0.101726,0.288243
sample,349,drone,8.721438,11.350545,2.365439,3.188633,0.430796,0.127731,0.075476,-0.574989,-0.170484,-0.100739,0.288243
sample,350,drone,8.746427,11.361131,2.368578,3.190488,0.416499,0.123492,0.072971,-0.569162,-0.168757,-0.099718,0.288243
sample,351,drone,8.771417,11.371361,2.371611,3.192280,0.402349,0.119297,0.070492,-0.563139,-0.166971,-0.098663,0.288243
sample,352,drone,8.796407,11.381240,2.374540,3.194011,0.388353,0.115147,0.068040,-0.556922,-0.165127,-0.097574,0.288243
sample,353,drone,8.821397,11.390771,2.377366,3.195681,0.374515,0.111044,0.065616,-0.550506,-0.163225,-0.096450,0.288243
sample,354,drone,8.846387,11.399958,2.380090,3.197290,0.360839,0.106989,0.063220,-0.543893,-0.161264,-0.095291,0.288243
sample,355,drone,8.871376,11.408805,2.382713,3.198840,0.347331,0.102984,0.060853,-0.537080,-0.159244,-0.094097,0.288243
sample,356,drone,8.896366,11.417317,2.385237,3.200332,0.333996,0.099030,0.058517,-0.530066,-0.157165,-0.092868,0.288243
sample,357,drone,8.921356,11.425498,2.387663,3.201765,0.320839,0.095129,0.056211,-0.522849,-0.155025,-0.091604,0.288243
sample,358,drone,8.946346,11.433353,2.389992,3.203141,0.307864,0.091282,0.053938,-0.515429,-0.152825,-0.090304,0.288243
sample,359,drone,8.971336,11.440885,2.392225,3.204461,0.295078,0.087491,0.051698,-0.507804,-0.150564,-0.088968,0.288243
sample,360,drone,8.996325,11.448101,2.394364,3.205725,0.282484,0.083757,0.049492,-0.499973,-0.148242,-0.087596,0.288243
sample,361,drone,9.021315,11.455004,2.396411,3.206934,0.270089,0.080082,0.047320,-0.491934,-0.145859,-0.086188,0.288243
sample,362,drone,9.046305,11.461600,2.398367,3.208090,0.257898,0.076467,0.045184,-0.483687,-0.143413,-0.084743,0.288243
sample,363,drone,9.071295,11.467893,2.400233,3.209193,0.245915,0.072914,0.043085,-0.475229,-0.140905,-0.083261,0.288243
sample,364,drone,9.096285,11.473890,2.402011,3.210243,0.234146,0.069424,0.041023,-0.466560,-0.138335,-0.081742,0.288243
sample,365,drone,9.121274,11.479596,2.403703,3.211243,0.222596,0.066000,0.038999,-0.457678,-0.135702,-0.080186,0.288243
sample,366,drone,9.146264,11.485016,2.405310,3.212192,0.211271,0.062642,0.037015,-0.448582,-0.133005,-0.078592,0.288243
sample,367,drone,9.171254,11.490155,2.406834,3.213093,0.200176,0.059352,0.035071,-0.439271,-0.130244,-0.076961,0.288243
sample,368,drone,9.196244,11.495020,2.408276,3.213945,0.189317,0.056132,0.033169,-0.429744,-0.127419,-0.075292,0.288243
sample,369,drone,9.221233,11.499617,2.409639,3.214751,0.178698,0.052984,0.031308,-0.419998,-0.124530,-0.073584,0.288243
sample,370,drone,9.246223,11.503952,2.410924,3.215510,0.168326,0.049909,0.029491,-0.410034,-0.121575,-0.071839,0.288243
sample,371,drone,9.271213,11.508030,2.412134,3.216225,0.158205,0.046908,0.027718,-0.399849,-0.118555,-0.070054,0.288243
sample,372,drone,9.296203,11.511859,2.413269,3.216895,0.148341,0.043983,0.025990,-0.389442,-0.115470,-0.068231,0.288243
sample,373,drone,9.321193,11.515444,2.414332,3.217523,0.138741,0.041137,0.024308,-0.378812,-0.112318,-0.066368,0.288243
sample,374,drone,9.346182,11.518793,2.415325,3.218110,0.129408,0.038370,0.022673,-0.367957,-0.109099,-0.064467,0.288243
sample,375,drone,9.371172,11.521912,2.416249,3.218657,0.120350,0.035684,0.021086,-0.356877,-0.105814,-0.062525,0.288243
sample,376,drone,9.396162,11.524808,2.417108,3.219164,0.111572,0.033081,0.019548,-0.345570,-0.102462,-0.060544,0.288243
sample,377,drone,9.421152,11.527488,2.417903,3.219634,0.103079,0.030563,0.018060,-0.334035,-0.099041,-0.058523,0.288243
sample,378,drone,9.446142,11.529960,2.418636,3.220067,0.094877,0.028131,0.016623,-0.322270,-0.095553,-0.056462,0.288243
sample,379,drone,9.471131,11.532230,2.419309,3.220464,0.086972,0.025787,0.015238,-0.310275,-0.091996,-0.054361,0.288243
sample,380,drone,9.496121,11.534307,2.419925,3.220828,0.079369,0.023533,0.013906,-0.298047,-0.088371,-0.052218,0.288243
sample,381,drone,9.521111,11.536197,2.420485,3.221159,0.072076,0.021370,0.012628,-0.285586,-0.084676,-0.050035,0.288243
sample,382,drone,9.546101,11.537909,2.420993,3.221459,0.065096,0.019301,0.011405,-0.272889,-0.080912,-0.047811,0.288243
sample,383,drone,9.571091,11.539450,2.421450,3.221729,0.058437,0.017326,0.010238,-0.259957,-0.077077,-0.045545,0.288243
sample,384,drone,9.596080,11.540830,2.421859,3.221971,0.052103,0.015449,0.009129,-0.246788,-0.073173,-0.043238,0.288243
sample,385,drone,9.621070,11.542055,2.422222,3.222186,0.046102,0.013669,0.008077,-0.233380,-0.069197,-0.040889,0.288243
sample,386,drone,9.646060,11.543134,2.422542,3.222375,0.040439,0.011990,0.007085,-0.219732,-0.065151,-0.038497,0.288243
sample,387,drone,9.671050,11.544076,2.422821,3.222540,0.035120,0.010413,0.006153,-0.205843,-0.061032,-0.036064,0.288243
sample,388,drone,9.696040,11.544889,2.423062,3.222682,0.030151,0.008940,0.005283,-0.191711,-0.056842,-0.033588,0.288243
sample,389,drone,9.721029,11.545583,2.423268,3.222804,0.025539,0.007572,0.004474,-0.177335,-0.052580,-0.031069,0.288243
sample,390,drone,9.746019,11.546165,2.423441,3.222906,0.021288,0.006312,0.003730,-0.162714,-0.048245,-0.028508,0.288243
sample,391,drone,9.771009,11.546647,2.423583,3.222990,0.017406,0.005161,0.003050,-0.147847,-0.043837,-0.025903,0.288243
sample,392,drone,9.795999,11.547035,2.423699,3.223058,0.013899,0.004121,0.002435,-0.132732,-0.039355,-0.023255,0.288243
sample,393,drone,9.820988,11.547341,2.423789,3.223112,0.010772,0.003194,0.001887,-0.117368,-0.034800,-0.020563,0.288243
sample,394,drone,9.845978,11.547574,2.423858,3.223153,0.008033,0.002382,0.001407,-0.101754,-0.030170,-0.017827,0.288243
sample,395,drone,9.870968,11.547743,2.423908,3.223182,0.005687,0.001686,0.000996,-0.085888,-0.025466,-0.015048,0.288243
sample,396,drone,9.895958,11.547858,2.423943,3.223202,0.003740,0.001109,0.000655,-0.069769,-0.020687,-0.012224,0.288243
sample,397,drone,9.920948,11.547930,2.423964,3.223215,0.002200,0.000652,0.000385,-0.053396,-0.015832,-0.009355,0.288243
sample,398,drone,9.945937,11.547968,2.423975,3.223222,0.001071,0.000318,0.000188,-0.036768,-0.010902,-0.006442,0.288243
sample,399,drone,9.970927,11.547983,2.423980,3.223224,0.000362,0.000107,0.000063,-0.021298,-0.006202,-0.003699,0.288242
sample,400,drone,9.995917,11.547986,2.423980,3.223225,0.000007,0.000008,0.000003,-0.017678,-0.004056,-0.002750,0.836316
sample,401,drone,10.020907,11.547984,2.423980,3.223225,-0.000522,-0.000095,-0.000074,-0.037389,-0.006968,-0.005346,-2.960690
sample,402,drone,10.045897,11.547960,2.423976,3.223221,-0.001862,-0.000341,-0.000264,-0.073220,-0.013395,-0.010396,-2.960657
sample,403,drone,10.070886,11.547891,2.423963,3.223211,-0.004181,-0.000765,-0.000594,-0.111963,-0.020482,-0.015896,-2.960657
sample,404,drone,10.095876,11.547751,2.423937,3.223191,-0.007458,-0.001364,-0.001059,-0.149828,-0.027409,-0.021272,-2.960657
sample,405,drone,10.120866,11.547518,2.423895,3.223158,-0.011669,-0.002135,-0.001657,-0.186812,-0.034175,-0.026523,-2.960657
sample,406,drone,10.145856,11.547168,2.423831,3.223109,-0.016794,-0.003072,-0.002384,-0.222920,-0.040780,-0.031649,-2.960657
sample,407,drone,10.170846,11.546678,2.423741,3.223039,-0.022811,-0.004173,-0.003239,-0.258160,-0.047227,-0.036652,-2.960657
sample,408,drone,10.195835,11.546028,2.423622,3.222947,-0.029697,-0.005433,-0.004216,-0.292539,-0.053516,-0.041533,-2.960657
sample,409,drone,10.220825,11.545194,2.423470,3.222828,-0.037432,-0.006848,-0.005314,-0.326063,-0.059649,-0.046293,-2.960657
sample,410,drone,10.245815,11.544157,2.423280,3.222681,-0.045994,-0.008414,-0.006530,-0.358739,-0.065626,-0.050932,-2.960657
sample,411,drone,10.270805,11.542895,2.423049,3.222502,-0.055361,-0.010128,-0.007860,-0.390573,-0.071450,-0.055452,-2.960657
sample,412,drone,10.295795,11.541390,2.422774,3.222288,-0.065514,-0.011985,-0.009301,-0.421573,-0.077121,-0.059853,-2.960657
sample,413,drone,10.320784,11.539621,2.422450,3.222037,-0.076431,-0.013982,-0.010851,-0.451744,-0.082640,-0.064136,-2.960657
sample,414,drone,10.345774,11.537570,2.422075,3.221746,-0.088092,-0.016115,-0.012507,-0.481095,-0.088010,-0.068304,-2.960657
sample,415,drone,10.370764,11.535218,2.421645,3.221412,-0.100476,-0.018381,-0.014265,-0.509631,-0.093230,-0.072355,-2.960657
sample,416,drone,10.395754,11.532548,2.421156,3.221033,-0.113563,-0.020775,-0.016123,-0.537359,-0.098302,-0.076292,-2.960657
sample,417,drone,10.420744,11.529542,2.420606,3.220606,-0.127333,-0.023294,-0.018078,-0.564286,-0.103228,-0.080115,-2.960657
sample,418,drone,10.445733,11.526184,2.419992,3.220130,-0.141766,-0.025934,-0.020127,-0.590419,-0.108009,-0.083825,-2.960657
sample,419,drone,10.470723,11.522457,2.419310,3.219600,-0.156842,-0.028692,-0.022268,-0.615764,-0.112646,-0.087423,-2.960657
sample,420,drone,10.495713,11.518345,2.418558,3.219017,-0.172542,-0.031564,-0.024497,-0.640329,-0.117139,-0.090911,-2.960657
sample,421,drone,10.520703,11.513833,2.417733,3.218376,-0.188846,-0.034547,-0.026811,-0.664119,-0.121491,-0.094288,-2.960657
sample,422,drone,10.545692,11.508907,2.416831,3.217677,-0.205734,-0.037636,-0.029209,-0.687141,-0.125703,-0.097557,-2.960657
sample,423,drone,10.570682,11.503551,2.415852,3.216916,-0.223189,-0.040829,-0.031687,-0.709403,-0.129776,-0.100718,-2.960657
sample,424,drone,10.595672,11.497752,2.414791,3.216093,-0.241190,-0.044122,-0.034243,-0.730911,-0.133710,-0.103771,-2.960657
sample,425,drone,10.620662,11.491496,2.413646,3.215205,-0.259719,-0.047512,-0.036874,-0.751672,-0.137508,-0.106719,-2.960657
sample,426,drone,10.645652,11.484771,2.412416,3.214250,-0.278758,-0.050995,-0.039577,-0.771692,-0.141170,-0.109561,-2.960657
sample,427,drone,10.670641,11.477564,2.411098,3.213227,-0.298288,-0.054568,-0.042350,-0.790978,-0.144699,-0.112299,-2.960657
sample,428,drone,10.695631,11.469863,2.409689,3.212133,-0.318291,-0.058227,-0.045189,-0.809537,-0.148094,-0.114934,-2.960657
sample,429,drone,10.720621,11.461656,2.408188,3.210968,-0.338748,-0.061969,-0.048094,-0.827375,-0.151357,-0.117467,-2.960657
sample,430,drone,10.745611,11.452932,2.406592,3.209730,-0.359643,-0.065792,-0.051060,-0.844500,-0.154490,-0.119898,-2.960657
sample,431,drone,10.770601,11.443681,2.404899,3.208416,-0.380956,-0.069691,-0.054086,-0.860918,-0.157493,-0.122229,-2.960657
sample,432,drone,10.795590,11.433892,2.403109,3.207026,-0.402671,-0.073663,-0.057169,-0.876635,-0.160368,-0.124460,-2.960657
sample,433,drone,10.820580,11.423556,2.401218,3.205559,-0.424770,-0.077706,-0.060307,-0.891659,-0.163117,-0.126594,-2.960657
sample,434,drone,10.845570,11.412663,2.399225,3.204012,-0.447236,-0.081816,-0.063496,-0.905996,-0.165740,-0.128629,-2.960657
sample,435,drone,10.870560,11.401203,2.397129,3.202385,-0.470051,-0.085989,-0.066736,-0.919653,-0.168238,-0.130568,-2.960657
sample,436,drone,10.895550,11.389170,2.394927,3.200677,-0.493200,-0.090224,-0.070022,-0.932637,-0.170613,-0.132411,-2.960657
sample,437,drone,10.920539,11.376553,2.392619,3.198886,-0.516664,-0.094517,-0.073354,-0.944954,-0.172866,-0.134160,-2.960657
sample,438,drone,10.945529,11.363347,2.390203,3.197011,-0.540428,-0.098864,-0.076727,-0.956611,-0.174999,-0.135815,-2.960657
sample,439,drone,10.970519,11.349543,2.387678,3.195051,-0.564475,-0.103263,-0.080141,-0.967615,-0.177012,-0.137377,-2.960657
sample,440,drone,10.995509,11.335135,2.385042,3.193005,-0.588789,-0.107711,-0.083593,-0.977972,-0.178907,-0.138848,-2.960657
sample,441,drone,11.020499,11.320115,2.382295,3.190873,-0.613354,-0.112205,-0.087081,-0.987689,-0.180684,-0.140227,-2.960657
sample,442,drone,11.045488,11.304479,2.379434,3.188653,-0.638153,-0.116741,-0.090602,-0.996774,-0.182346,-0.141517,-2.960657
sample,443,drone,11.070478,11.288221,2.376460,3.186345,-0.663172,-0.121318,-0.094154,-1.005232,-0.183893,-0.142718,-2.960657
sample,444,drone,11.095468,11.271334,2.373371,3.183947,-0.688395,-0.125932,-0.097735,-1.013070,-0.185327,-0.143831,-2.960657
sample,445,drone,11.120458,11.253815,2.370166,3.181460,-0.713805,-0.130581,-0.101343,-1.020295,-0.186649,-0.144857,-2.960657
sample,446,drone,11.145448,11.235659,2.366844,3.178882,-0.739388,-0.135261,-0.104975,-1.026914,-0.187860,-0.145796,-2.960657
sample,447,drone,11.170437,11.216861,2.363406,3.176213,-0.765130,-0.139970,-0.108629,-1.032934,-0.188961,-0.146651,-2.960657
sample,448,drone,11.195427,11.197418,2.359849,3.173453,-0.791014,-0.144705,-0.112304,-1.038361,-0.189954,-0.147422,-2.960657
sample,449,drone,11.220417,11.177326,2.356173,3.170600,-0.817027,-0.149464,-0.115998,-1.043202,-0.190839,-0.148109,-2.960657
sample,450,drone,11.245407,11.156583,2.352379,3.167655,-0.843153,-0.154243,-0.119707,-1.047464,-0.191619,-0.148714,-2.960657
sample,451,drone,11.270396,11.135186,2.348464,3.164617,-0.869378,-0.159041,-0.123430,-1.051152,-0.192294,-0.149238,-2.960657
sample,452,drone,11.295386,11.113132,2.344430,3.161486,-0.895689,-0.163854,-0.127166,-1.054276,-0.192865,-0.149681,-2.960657
sample,453,drone,11.320376,11.090420,2.340275,3.158262,-0.922071,-0.168680,-0.130911,-1.056839,-0.193334,-0.150045,-2.960657
sample,454,drone,11.345366,11.067047,2.335999,3.154943,-0.948509,-0.173517,-0.134665,-1.058851,-0.193702,-0.150331,-2.960657
sample,455,drone,11.370356,11.043014,2.331603,3.151531,-0.974992,-0.178361,-0.138425,-1.060317,-0.193970,-0.150539,-2.960657
sample,456,drone,11.395345,11.018318,2.327085,3.148025,-1.001504,-0.183211,-0.142189,-1.061243,-0.194140,-0.150670,-2.960657
sample,457,drone,11.420335,10.992959,2.322446,3.144425,-1.028032,-0.188064,-0.145955,-1.061638,-0.194212,-0.150726,-2.960657
sample,458,drone,11.445325,10.966937,2.317686,3.140730,-1.054564,-0.192918,-0.149722,-1.061506,-0.194188,-0.150708,-2.960657
sample,459,drone,11.470315,10.940252,2.312804,3.136942,-1.081086,-0.197770,-0.153487,-1.060856,-0.194069,-0.150615,-2.960657
sample,460,drone,11.495305,10.912905,2.307801,3.133059,-1.107585,-0.202617,-0.157250,-1.059694,-0.193857,-0.150450,-2.960657
sample,461,drone,11.520294,10.884896,2.302677,3.129082,-1.134049,-0.207459,-0.161007,-1.058027,-0.193551,-0.150214,-2.960657
sample,462,drone,11.545284,10.856226,2.297432,3.125012,-1.160465,-0.212291,-0.164757,-1.055860,-0.193155,-0.149906,-2.960657
sample,463,drone,11.570274,10.826896,2.292067,3.120848,-1.186820,-0.217112,-0.168499,-1.053202,-0.192669,-0.149529,-2.960657
sample,464,drone,11.595264,10.796909,2.286581,3.116591,-1.213103,-0.221921,-0.172231,-1.050059,-0.192094,-0.149082,-2.960657
sample,465,drone,11.620254,10.766266,2.280975,3.112240,-1.239302,-0.226713,-0.175950,-1.046437,-0.191431,-0.148568,-2.960657
sample,466,drone,11.645243,10.734969,2.275250,3.107797,-1.265404,-0.231488,-0.179656,-1.042343,-0.190682,-0.147987,-2.960657
sample,467,drone,11.670233,10.703021,2.269406,3.103261,-1.291398,-0.236243,-0.183346,-1.037784,-0.189848,-0.147340,-2.960657
sample,468,drone,11.695223,10.670425,2.263443,3.098633,-1.317272,-0.240977,-0.187020,-1.032766,-0.188930,-0.146627,-2.960657
sample,469,drone,11.720213,10.637185,2.257362,3.093914,-1.343015,-0.245686,-0.190675,-1.027297,-0.187930,-0.145851,-2.960657
sample,470,drone,11.745203,10.603302,2.251164,3.089103,-1.368616,-0.250369,-0.194309,-1.021383,-0.186848,-0.145011,-2.960657
sample,471,drone,11.770192,10.568782,2.244848,3.084202,-1.394063,-0.255025,-0.197922,-1.015031,-0.185686,-0.144109,-2.960657
sample,472,drone,11.795182,10.533627,2.238417,3.079211,-1.419347,-0.259650,-0.201512,-1.008248,-0.184445,-0.143146,-2.960657
sample,473,drone,11.820172,10.497843,2.231871,3.074131,-1.444455,-0.264243,-0.205077,-1.001039,-0.183126,-0.142123,-2.960657
sample,474,drone,11.845162,10.461434,2.225211,3.068961,-1.469378,-0.268803,-0.208615,-0.993413,-0.181731,-0.141040,-2.960657
sample,475,drone,11.870151,10.424404,2.218437,3.063704,-1.494105,-0.273326,-0.212126,-0.985375,-0.180261,-0.139899,-2.960657
sample,476,drone,11.895141,10.386759,2.211550,3.058359,-1.518627,-0.277812,-0.215607,-0.976932,-0.178716,-0.138700,-2.960657
sample,477,drone,11.920131,10.348504,2.204552,3.052928,-1.542932,-0.282258,-0.219058,-0.968092,-0.177099,-0.137445,-2.960657
sample,478,drone,11.945121,10.309644,2.197443,3.047411,-1.567011,-0.286663,-0.222477,-0.958860,-0.175410,-0.136134,-2.960657
sample,479,drone,11.970111,10.270186,2.190224,3.041809,-1.590855,-0.291025,-0.225862,-0.949244,-0.173651,-0.134769,-2.960657
sample,480,drone,11.995100,10.230134,2.182898,3.036123,-1.614454,-0.295342,-0.229212,-0.939250,-0.171823,-0.133350,-2.960657
sample,481,drone,12.020090,10.189496,2.175463,3.030353,-1.637799,-0.299613,-0.232527,-0.928885,-0.169927,-0.131879,-2.960657
sample,482,drone,12.045080,10.148277,2.167923,3.024501,-1.660880,-0.303835,-0.235804,-0.918156,-0.167964,-0.130355,-2.960657
sample,483,drone,12.070070,10.106486,2.160278,3.018568,-1.683688,-0.308008,-0.239042,-0.907070,-0.165936,-0.128781,-2.960657
sample,484,drone,12.095060,10.064127,2.152529,3.012554,-1.706215,-0.312129,-0.242240,-0.895632,-0.163844,-0.127158,-2.960657
sample,485,drone,12.120049,10.021210,2.144678,3.006461,-1.728451,-0.316196,-0.245397,-0.883850,-0.161688,-0.125485,-2.960657
sample,486,drone,12.145039,9.977740,2.136726,3.000289,-1.750389,-0.320210,-0.248512,-0.871731,-0.159471,-0.123764,-2.960657
sample,487,drone,12.170029,9.933726,2.128674,2.994040,-1.772020,-0.324167,-0.251583,-0.859281,-0.157194,-0.121997,-2.960657
sample,488,drone,12.195019,9.889175,2.120524,2.987715,-1.793336,-0.328066,-0.254609,-0.846507,-0.154857,-0.120183,-2.960657
sample,489,drone,12.220009,9.844096,2.112277,2.981315,-1.814328,-0.331906,-0.257590,-0.833416,-0.152462,-0.118324,-2.960657
sample,490,drone,12.244998,9.798496,2.103935,2.974841,-1.834989,-0.335686,-0.260523,-0.820014,-0.150010,-0.116422,-2.960657
sample,491,drone,12.269988,9.752384,2.095500,2.968294,-1.855312,-0.339404,-0.263408,-0.806309,-0.147503,-0.114476,-2.960657
sample,492,drone,12.294978,9.705768,2.086972,2.961676,-1.875288,-0.343058,-0.266244,-0.792306,-0.144941,-0.112488,-2.960657
sample,493,drone,12.319968,9.658658,2.078354,2.954987,-1.894911,-0.346648,-0.269030,-0.778013,-0.142327,-0.110459,-2.960657
sample,494,drone,12.344958,9.611061,2.069647,2.948230,-1.914173,-0.350172,-0.271765,-0.763436,-0.139660,-0.108389,-2.960657
sample,495,drone,12.369947,9.562988,2.060852,2.941404,-1.933067,-0.353628,-0.274448,-0.748582,-0.136943,-0.106280,-2.960657
sample,496,drone,12.394937,9.514448,2.051973,2.934513,-1.951587,-0.357016,-0.277077,-0.733458,-0.134176,-0.104133,-2.960657
sample,497,drone,12.419927,9.465449,2.043009,2.927556,-1.969725,-0.360334,-0.279652,-0.718071,-0.131361,-0.101948,-2.960657
sample,498,drone,12.444917,9.416001,2.033963,2.920536,-1.987476,-0.363581,-0.282172,-0.702426,-0.128499,-0.099727,-2.960657
sample,499,drone,12.469907,9.366115,2.024837,2.913453,-2.004832,-0.366757,-0.284636,-0.686532,-0.125592,-0.097471,-2.960657
sample,500,drone,12.494896,9.315801,2.015633,2.906310,-2.021788,-0.369858,-0.287044,-0.670394,-0.122639,-0.095179,-2.960657
sample,501,drone,12.519886,9.265067,2.006352,2.899107,-2.038338,-0.372886,-0.289393,-0.654020,-0.119644,-0.092855,-2.960657
sample,502,drone,12.544876,9.213925,1.996996,2.891846,-2.054476,-0.375838,-0.291685,-0.637416,-0.116606,-0.090497,-2.960657
sample,503,drone,12.569866,9.162385,1.987568,2.884529,-2.070196,-0.378714,-0.293916,-0.620588,-0.113528,-0.088108,-2.960657
sample,504,drone,12.594855,9.110458,1.978068,2.877156,-2.085493,-0.381512,-0.296088,-0.603544,-0.110410,-0.085688,-2.960657
sample,505,drone,12.619845,9.058153,1.968500,2.869730,-2.100361,-0.384232,-0.298199,-0.586290,-0.107254,-0.083239,-2.960657
sample,506,drone,12.644835,9.005483,1.958864,2.862252,-2.114795,-0.386873,-0.300248,-0.568833,-0.104060,-0.080760,-2.960657
sample,507,drone,12.669825,8.952457,1.949164,2.854724,-2.128791,-0.389433,-0.302236,-0.551180,-0.100831,-0.078254,-2.960657
sample,508,drone,12.694815,8.899087,1.939401,2.847147,-2.142343,-0.391912,-0.304160,-0.533338,-0.097567,-0.075721,-2.960657
sample,509,drone,12.719804,8.845383,1.929576,2.839522,-2.155447,-0.394309,-0.306020,-0.515312,-0.094269,-0.073162,-2.960657
sample,510,drone,12.744794,8.791358,1.919693,2.831852,-2.168098,-0.396624,-0.307816,-0.497110,-0.090939,-0.070577,-2.960657
sample,511,drone,12.769784,8.737023,1.909753,2.824138,-2.180292,-0.398855,-0.309547,-0.478739,-0.087579,-0.067969,-2.960657
sample,512,drone,12.794774,8.682388,1.899759,2.816381,-2.192025,-0.401001,-0.311213,-0.460205,-0.084188,-0.065338,-2.960657
sample,513,drone,12.819764,8.627466,1.889712,2.808583,-2.203293,-0.403062,-0.312813,-0.441515,-0.080769,-0.062684,-2.960657
sample,514,drone,12.844753,8.572269,1.879614,2.800747,-2.214092,-0.405038,-0.314346,-0.422676,-0.077323,-0.060009,-2.960657
sample,515,drone,12.869743,8.516807,1.869468,2.792873,-2.224418,-0.406927,-0.315812,-0.403694,-0.073850,-0.057314,-2.960657
sample,516,drone,12.894733,8.461093,1.859276,2.784963,-2.234268,-0.408729,-0.317211,-0.384576,-0.070353,-0.054600,-2.960657
sample,517,drone,12.919723,8.405139,1.849040,2.777019,-2.243639,-0.410443,-0.318541,-0.365329,-0.066832,-0.051868,-2.960657
sample,518,drone,12.944713,8.348957,1.838762,2.769042,-2.252527,-0.412069,-0.319803,-0.345960,-0.063289,-0.049118,-2.960657
sample,519,drone,12.969702,8.292559,1.828445,2.761035,-2.260930,-0.413606,-0.320996,-0.326475,-0.059724,-0.046351,-2.960657
sample,520,drone,12.994692,8.235957,1.818090,2.752999,-2.268845,-0.415054,-0.322120,-0.306881,-0.056140,-0.043569,-2.960657
sample,521,drone,13.019682,8.179163,1.807701,2.744936,-2.276268,-0.416412,-0.323174,-0.287185,-0.052536,-0.040773,-2.960657
sample,522,drone,13.044672,8.122190,1.797278,2.736847,-2.283198,-0.417680,-0.324157,-0.267393,-0.048916,-0.037963,-2.960657
sample,523,drone,13.069662,8.065049,1.786825,2.728734,-2.289632,-0.418857,-0.325071,-0.247512,-0.045279,-0.035141,-2.960657
sample,524,drone,13.094651,8.007755,1.776344,2.720600,-2.295568,-0.419943,-0.325914,-0.227550,-0.041627,-0.032306,-2.960657
sample,525,drone,13.119641,7.950318,1.765837,2.712445,-2.301005,-0.420937,-0.326686,-0.207512,-0.037961,-0.029461,-2.960657
sample,526,drone,13.144631,7.892751,1.755306,2.704272,-2.305940,-0.421840,-0.327386,-0.187405,-0.034283,-0.026607,-2.960657
sample,527,drone,13.169621,7.835068,1.744753,2.696083,-2.310371,-0.422651,-0.328015,-0.167236,-0.030594,-0.023743,-2.960657
sample,528,drone,13.194610,7.777280,1.734182,2.687878,-2.314298,-0.423369,-0.328573,-0.147012,-0.026894,-0.020872,-2.960657
sample,529,drone,13.219600,7.719400,1.723593,2.679661,-2.317719,-0.423995,-0.329059,-0.126740,-0.023185,-0.017994,-2.960657
sample,530,drone,13.244590,7.661441,1.712991,2.671432,-2.320633,-0.424528,-0.329472,-0.106426,-0.019469,-0.015110,-2.960657
sample,531,drone,13.269580,7.603416,1.702376,2.663194,-2.323038,-0.424968,-0.329814,-0.086076,-0.015747,-0.012221,-2.960657
sample,532,drone,13.294570,7.545337,1.691751,2.654948,-2.324935,-0.425315,-0.330083,-0.065699,-0.012019,-0.009328,-2.960657
sample,533,drone,13.319559,7.487217,1.681119,2.646696,-2.326322,-0.425569,-0.330280,-0.045300,-0.008287,-0.006431,-2.960657
sample,534,drone,13.344549,7.429068,1.670481,2.638441,-2.327199,-0.425729,-0.330404,-0.024886,-0.004552,-0.003533,-2.960657
sample,535,drone,13.369539,7.370904,1.659841,2.630183,-2.327565,-0.425796,-0.330457,-0.004463,-0.000816,-0.000634,-2.960657
sample,536,drone,13.394529,7.312738,1.649200,2.621925,-2.327422,-0.425770,-0.330436,0.015961,0.002920,0.002266,-2.960657
sample,537,drone,13.419519,7.254581,1.638561,2.613668,-2.326768,-0.425650,-0.330343,0.036379,0.006655,0.005165,-2.960657
sample,538,drone,13.444508,7.196447,1.627926,2.605414,-2.325604,-0.425437,-0.330178,0.056786,0.010388,0.008062,-2.960657
sample,539,drone,13.469498,7.138348,1.617298,2.597166,-2.323930,-0.425131,-0.329940,0.077173,0.014118,0.010957,-2.960657
sample,540,drone,13.494488,7.080298,1.606678,2.588924,-2.321746,-0.424732,-0.329630,0.097536,0.017843,0.013848,-2.960657
sample,541,drone,13.519478,7.022308,1.596070,2.580691,-2.319055,-0.424239,-0.329248,0.117866,0.021562,0.016734,-2.960657
sample,542,drone,13.544468,6.964392,1.585475,2.572468,-2.315856,-0.423654,-0.328794,0.138158,0.025274,0.019615,-2.960657
sample,543,drone,13.569457,6.906563,1.574896,2.564258,-2.312150,-0.422976,-0.328268,0.158404,0.028978,0.022489,-2.960657
sample,544,drone,13.594447,6.848832,1.564335,2.556062,-2.307939,-0.422206,-0.327670,0.178597,0.032672,0.025356,-2.960657
sample,545,drone,13.619437,6.791213,1.553794,2.547881,-2.303224,-0.421343,-0.327001,0.198732,0.036355,0.028215,-2.960657
sample,546,drone,13.644427,6.733718,1.543276,2.539718,-2.298006,-0.420389,-0.326260,0.218801,0.040027,0.031064,-2.960657
sample,547,drone,13.669417,6.676359,1.532783,2.531575,-2.292288,-0.419343,-0.325448,0.238797,0.043685,0.033903,-2.960657
sample,548,drone,13.694406,6.619150,1.522318,2.523452,-2.286071,-0.418205,-0.324565,0.258714,0.047328,0.036731,-2.960657
sample,549,drone,13.719396,6.562103,1.511882,2.515353,-2.279358,-0.416977,-0.323612,0.278546,0.050956,0.039547,-2.960657
sample,550,drone,13.744386,6.505229,1.501477,2.507278,-2.272150,-0.415659,-0.322589,0.298285,0.054567,0.042349,-2.960657
sample,551,drone,13.769376,6.448542,1.491107,2.499230,-2.264449,-0.414250,-0.321496,0.317924,0.058160,0.045137,-2.960657
sample,552,drone,13.794366,6.392053,1.480773,2.491210,-2.256260,-0.412752,-0.320333,0.337458,0.061733,0.047911,-2.960657
sample,553,drone,13.819355,6.335775,1.470478,2.483220,-2.247583,-0.411164,-0.319101,0.356878,0.065286,0.050668,-2.960657
sample,554,drone,13.844345,6.279719,1.460223,2.475262,-2.238423,-0.409489,-0.317801,0.376179,0.068817,0.053408,-2.960657
sample,555,drone,13.869335,6.223899,1.450012,2.467337,-2.228782,-0.407725,-0.316432,0.395354,0.072325,0.056131,-2.960657
sample,556,drone,13.894325,6.168326,1.439846,2.459447,-2.218664,-0.405874,-0.314995,0.414397,0.075808,0.058834,-2.960657
sample,557,drone,13.919314,6.113011,1.429727,2.451593,-2.208071,-0.403936,-0.313491,0.433299,0.079266,0.061518,-2.960657
sample,558,drone,13.944304,6.057967,1.419657,2.443778,-2.197007,-0.401912,-0.311921,0.452055,0.082697,0.064181,-2.960657
sample,559,drone,13.969294,6.003206,1.409639,2.436004,-2.185477,-0.399803,-0.310284,0.470658,0.086100,0.066822,-2.960657
sample,560,drone,13.994284,5.948738,1.399675,2.428271,-2.173484,-0.397609,-0.308581,0.489101,0.089474,0.069440,-2.960657
sample,561,drone,14.019274,5.894576,1.389767,2.420581,-2.161032,-0.395331,-0.306813,0.507378,0.092818,0.072035,-2.960657
sample,562,drone,14.044263,5.840731,1.379917,2.412936,-2.148126,-0.392970,-0.304981,0.525481,0.096130,0.074605,-2.960657
sample,563,drone,14.069253,5.787213,1.370126,2.405338,-2.134769,-0.390527,-0.303084,0.543405,0.099408,0.077150,-2.960657
sample,564,drone,14.094243,5.734036,1.360398,2.397788,-2.120966,-0.388002,-0.301125,0.561142,0.102653,0.079668,-2.960657
sample,565,drone,14.119233,5.681208,1.350734,2.390288,-2.106723,-0.385396,-0.299102,0.578685,0.105863,0.082159,-2.960657
sample,566,drone,14.144223,5.628743,1.341136,2.382839,-2.092044,-0.382711,-0.297018,0.596029,0.109035,0.084621,-2.960657
sample,567,drone,14.169212,5.576649,1.331606,2.375443,-2.076934,-0.379947,-0.294873,0.613165,0.112170,0.087054,-2.960657
sample,568,drone,14.194202,5.524938,1.322147,2.368101,-2.061398,-0.377104,-0.292667,0.630088,0.115266,0.089457,-2.960657
sample,569,drone,14.219192,5.473621,1.312759,2.360816,-2.045442,-0.374186,-0.290402,0.646791,0.118321,0.091828,-2.960657
sample,570,drone,14.244182,5.422708,1.303445,2.353587,-2.029072,-0.371191,-0.288078,0.663267,0.121335,0.094167,-2.960657
sample,571,drone,14.269172,5.372209,1.294207,2.346418,-2.012293,-0.368121,-0.285696,0.679509,0.124307,0.096473,-2.960657
sample,572,drone,14.294161,5.322134,1.285046,2.339308,-1.995110,-0.364978,-0.283256,0.695510,0.127234,0.098745,-2.960657
sample,573,drone,14.319151,5.272494,1.275965,2.332261,-1.977531,-0.361762,-0.280760,0.711265,0.130116,0.100982,-2.960657
sample,574,drone,14.344141,5.223298,1.266966,2.325276,-1.959562,-0.358475,-0.278209,0.726765,0.132952,0.103183,-2.960657
sample,575,drone,14.369131,5.174556,1.258049,2.318356,-1.941208,-0.355117,-0.275603,0.742005,0.135740,0.105346,-2.960657
sample,576,drone,14.394121,5.126277,1.249217,2.311502,-1.922477,-0.351691,-0.272944,0.756978,0.138479,0.107472,-2.960657
sample,577,drone,14.419110,5.078471,1.240472,2.304714,-1.903374,-0.348196,-0.270232,0.771676,0.141168,0.109559,-2.960657
sample,578,drone,14.444100,5.031148,1.231814,2.297995,-1.883908,-0.344635,-0.267468,0.786094,0.143805,0.111606,-2.960657
sample,579,drone,14.469090,4.984315,1.223247,2.291346,-1.864086,-0.341009,-0.264654,0.800225,0.146390,0.113612,-2.960657
sample,580,drone,14.494080,4.937981,1.214771,2.284768,-1.843914,-0.337319,-0.261790,0.814061,0.148921,0.115576,-2.960657
sample,581,drone,14.519070,4.892156,1.206388,2.278262,-1.823399,-0.333566,-0.258877,0.827596,0.151397,0.117498,-2.960657
sample,582,drone,14.544059,4.846849,1.198099,2.271830,-1.802551,-0.329752,-0.255917,0.840824,0.153817,0.119376,-2.960657
sample,583,drone,14.569049,4.802066,1.189907,2.265471,-1.781375,-0.325878,-0.252911,0.853738,0.156180,0.121210,-2.960657
sample,584,drone,14.594039,4.757816,1.181812,2.259189,-1.759881,-0.321946,-0.249859,0.866330,0.158483,0.122997,-2.960657
sample,585,drone,14.619029,4.714108,1.173816,2.252984,-1.738076,-0.317957,-0.246764,0.878594,0.160727,0.124739,-2.960657
sample,586,drone,14.644018,4.670948,1.165921,2.246856,-1.715969,-0.313913,-0.243625,0.890525,0.162909,0.126432,-2.960657
sample,587,drone,14.669008,4.628344,1.158127,2.240807,-1.693568,-0.309815,-0.240445,0.902113,0.165029,0.128078,-2.960657
sample,588,drone,14.693998,4.586304,1.150436,2.234839,-1.670882,-0.305665,-0.237224,0.913354,0.167086,0.129674,-2.960657
sample,589,drone,14.718988,4.544834,1.142850,2.228951,-1.647919,-0.301464,-0.233964,0.924241,0.169077,0.131219,-2.960657
sample,590,drone,14.743978,4.503942,1.135369,2.223145,-1.624689,-0.297215,-0.230666,0.934766,0.171003,0.132714,-2.960657
sample,591,drone,14.768967,4.463633,1.127995,2.217422,-1.601200,-0.292918,-0.227331,0.944922,0.172861,0.134156,-2.960657
sample,592,drone,14.793957,4.423914,1.120729,2.211783,-1.577462,-0.288575,-0.223960,0.954704,0.174650,0.135544,-2.960657
sample,593,drone,14.818947,4.384792,1.113573,2.206229,-1.553484,-0.284189,-0.220556,0.964105,0.176370,0.136879,-2.960657
sample,594,drone,14.843937,4.346272,1.106526,2.200760,-1.529277,-0.279760,-0.217119,0.973117,0.178018,0.138158,-2.960657
sample,595,drone,14.868927,4.308359,1.099590,2.195377,-1.504848,-0.275291,-0.213651,0.981734,0.179595,0.139382,-2.960657
sample,596,drone,14.893916,4.271060,1.092767,2.190082,-1.480210,-0.270784,-0.210153,0.989950,0.181098,0.140548,-2.960657
sample,597,drone,14.918906,4.234379,1.086057,2.184874,-1.455371,-0.266240,-0.206627,0.997757,0.182526,0.141657,-2.960657
sample,598,drone,14.943896,4.198321,1.079460,2.179755,-1.430342,-0.261661,-0.203073,1.005149,0.183878,0.142706,-2.960657
sample,599,drone,14.968886,4.162891,1.072979,2.174725,-1.405134,-0.257050,-0.199494,1.012119,0.185153,0.143696,-2.960657
sample,600,drone,14.993876,4.128093,1.066613,2.169784,-1.379757,-0.252408,-0.195891,1.018661,0.186350,0.144625,-2.960657
sample,601,drone,15.018865,4.093932,1.060364,2.164934,-1.354222,-0.247736,-0.192266,1.024767,0.187467,0.145491,-2.960657
sample,602,drone,15.043855,4.060410,1.054231,2.160175,-1.328540,-0.243038,-0.188620,1.030431,0.188503,0.146296,-2.960657
sample,603,drone,15.068845,4.027532,1.048217,2.155507,-1.302721,-0.238315,-0.184954,1.035647,0.189457,0.147036,-2.960657
sample,604,drone,15.093835,3.995300,1.042320,2.150931,-1.276779,-0.233569,-0.181271,1.040407,0.190328,0.147712,-2.960657
sample,605,drone,15.118825,3.963719,1.036543,2.146447,-1.250722,-0.228802,-0.177572,1.044705,0.191114,0.148322,-2.960657
sample,606,drone,15.143814,3.932790,1.030885,2.142056,-1.224565,-0.224017,-0.173858,1.048534,0.191815,0.148866,-2.960657
sample,607,drone,15.168804,3.902516,1.025347,2.137758,-1.198317,-0.219216,-0.170131,1.051888,0.192428,0.149342,-2.960657
sample,608,drone,15.193794,3.872898,1.019929,2.133553,-1.171992,-0.214400,-0.166394,1.054759,0.192954,0.149750,-2.960657
sample,609,drone,15.218784,3.843940,1.014631,2.129441,-1.145601,-0.209572,-0.162647,1.057141,0.193389,0.150088,-2.960657
sample,610,drone,15.243773,3.815642,1.009454,2.125424,-1.119156,-0.204734,-0.158892,1.059027,0.193734,0.150356,-2.960657
sample,611,drone,15.268763,3.788005,1.004399,2.121500,-1.092671,-0.199889,-0.155132,1.060411,0.193988,0.150552,-2.960657
sample,612,drone,15.293753,3.761030,0.999464,2.117670,-1.066157,-0.195039,-0.151368,1.061286,0.194148,0.150676,-2.960657
sample,613,drone,15.318743,3.734719,0.994651,2.113935,-1.039628,-0.190186,-0.147601,1.061645,0.194213,0.150727,-2.960657
sample,614,drone,15.343733,3.709070,0.989959,2.110293,-1.013097,-0.185332,-0.143835,1.061481,0.194183,0.150704,-2.960657
sample,615,drone,15.368722,3.684085,0.985388,2.106746,-0.986576,-0.180481,-0.140069,1.060787,0.194056,0.150606,-2.960657
sample,616,drone,15.393712,3.659762,0.980938,2.103293,-0.960079,-0.175633,-0.136307,1.059558,0.193832,0.150431,-2.960657
sample,617,drone,15.418702,3.636100,0.976610,2.099933,-0.933620,-0.170793,-0.132551,1.057786,0.193507,0.150179,-2.960657
sample,618,drone,15.443692,3.613100,0.972402,2.096668,-0.907211,-0.165962,-0.128802,1.055464,0.193083,0.149850,-2.960657
sample,619,drone,15.468682,3.590758,0.968315,2.093496,-0.880868,-0.161143,-0.125061,1.052587,0.192556,0.149441,-2.960657
sample,620,drone,15.493671,3.569074,0.964348,2.090417,-0.854603,-0.156338,-0.121332,1.049146,0.191927,0.148953,-2.960657
sample,621,drone,15.518661,3.548046,0.960501,2.087432,-0.828432,-0.151550,-0.117617,1.045135,0.191193,0.148383,-2.960657
sample,622,drone,15.543651,3.527670,0.956774,2.084539,-0.802368,-0.146782,-0.113916,1.040549,0.190354,0.147732,-2.960657
sample,623,drone,15.568641,3.507944,0.953165,2.081738,-0.776426,-0.142036,-0.110233,1.035379,0.189408,0.146998,-2.960657
sample,624,drone,15.593631,3.488864,0.949675,2.079029,-0.750620,-0.137316,-0.106569,1.029619,0.188355,0.146180,-2.960657
sample,625,drone,15.618620,3.470428,0.946302,2.076412,-0.724966,-0.132623,-0.102927,1.023262,0.187192,0.145278,-2.960657
sample,626,drone,15.643610,3.452631,0.943046,2.073885,-0.699478,-0.127960,-0.099309,1.016303,0.185919,0.144290,-2.960657
sample,627,drone,15.668600,3.435468,0.939907,2.071449,-0.674172,-0.123330,-0.095716,1.008733,0.184534,0.143215,-2.960657
sample,628,drone,15.693590,3.418936,0.936882,2.069101,-0.649062,-0.118737,-0.092151,1.000547,0.183036,0.142053,-2.960657
sample,629,drone,15.718580,3.403028,0.933972,2.066843,-0.624165,-0.114182,-0.088616,0.991737,0.181425,0.140802,-2.960657
sample,630,drone,15.743569,3.387740,0.931176,2.064672,-0.599495,-0.109669,-0.085113,0.982297,0.179698,0.139462,-2.960657
sample,631,drone,15.768559,3.373066,0.928491,2.062589,-0.575070,-0.105201,-0.081646,0.972220,0.177854,0.138031,-2.960657
sample,632,drone,15.793549,3.358999,0.925918,2.060592,-0.550904,-0.100780,-0.078215,0.961500,0.175893,0.136509,-2.960657
sample,633,drone,15.818539,3.345532,0.923454,2.058680,-0.527014,-0.096410,-0.074823,0.950129,0.173813,0.134895,-2.960657
sample,634,drone,15.843529,3.332659,0.921099,2.056852,-0.503417,-0.092093,-0.071473,0.938102,0.171613,0.133187,-2.960657
sample,635,drone,15.868518,3.320371,0.918851,2.055108,-0.480129,-0.087833,-0.068166,0.925410,0.169291,0.131385,-2.960657
sample,636,drone,15.893508,3.308662,0.916709,2.053445,-0.457165,-0.083632,-0.064906,0.912049,0.166847,0.129488,-2.960657
sample,637,drone,15.918498,3.297522,0.914672,2.051864,-0.434545,-0.079494,-0.061695,0.898010,0.164278,0.127495,-2.960657
sample,638,drone,15.943488,3.286944,0.912736,2.050362,-0.412283,-0.075422,-0.058534,0.883287,0.161585,0.125405,-2.960657
sample,639,drone,15.968477,3.276917,0.910902,2.048938,-0.390398,-0.071418,-0.055427,0.867873,0.158765,0.123216,-2.960657
sample,640,drone,15.993467,3.267432,0.909167,2.047592,-0.368907,-0.067487,-0.052376,0.851762,0.155818,0.120929,-2.960657
sample,641,drone,16.018457,3.258479,0.907529,2.046320,-0.347828,-0.063630,-0.049383,0.834947,0.152742,0.118542,-2.960657
sample,642,drone,16.043447,3.250047,0.905987,2.045123,-0.327177,-0.059853,-0.046451,0.817421,0.149536,0.116054,-2.960657
sample,643,drone,16.068437,3.242127,0.904538,2.043999,-0.306973,-0.056157,-0.043583,0.799178,0.146199,0.113463,-2.960657
sample,644,drone,16.093426,3.234705,0.903180,2.042945,-0.287235,-0.052546,-0.040780,0.780211,0.142729,0.110771,-2.960657
sample,645,drone,16.118416,3.227771,0.901911,2.041961,-0.267979,-0.049023,-0.038046,0.760512,0.139125,0.107974,-2.960657
sample,646,drone,16.143406,3.221312,0.900730,2.041044,-0.249224,-0.045592,-0.035384,0.740076,0.135387,0.105072,-2.960657
sample,647,drone,16.168396,3.215315,0.899633,2.040192,-0.230990,-0.042256,-0.032795,0.718896,0.131512,0.102065,-2.960657
sample,648,drone,16.193386,3.209767,0.898618,2.039405,-0.213294,-0.039019,-0.030283,0.696964,0.127500,0.098952,-2.960657
sample,649,drone,16.218375,3.204654,0.897683,2.038679,-0.196156,-0.035884,-0.027849,0.674275,0.123349,0.095730,-2.960657
sample,650,drone,16.243365,3.199963,0.896824,2.038013,-0.179594,-0.032854,-0.025498,0.650821,0.119059,0.092400,-2.960657
sample,651,drone,16.268355,3.195678,0.896041,2.037404,-0.163628,-0.029934,-0.023231,0.626596,0.114627,0.088961,-2.960657
sample,652,drone,16.293345,3.191785,0.895328,2.036852,-0.148277,-0.027125,-0.021052,0.601593,0.110053,0.085411,-2.960657
sample,653,drone,16.318335,3.188267,0.894685,2.036352,-0.133561,-0.024433,-0.018962,0.575805,0.105336,0.081750,-2.960657
sample,654,drone,16.343324,3.185110,0.894107,2.035904,-0.119499,-0.021861,-0.016966,0.549226,0.100473,0.077976,-2.960657
sample,655,drone,16.368314,3.182295,0.893592,2.035504,-0.106111,-0.019412,-0.015065,0.521849,0.095465,0.074090,-2.960657
sample,656,drone,16.393304,3.179806,0.893137,2.035151,-0.093417,-0.017089,-0.013263,0.493666,0.090309,0.070088,-2.960657
sample,657,drone,16.418294,3.177626,0.892738,2.034841,-0.081438,-0.014898,-0.011562,0.464673,0.085005,0.065972,-2.960657
sample,658,drone,16.443284,3.175736,0.892392,2.034573,-0.070193,-0.012841,-0.009966,0.434861,0.079552,0.061739,-2.960657
sample,659,drone,16.468273,3.174118,0.892096,2.034343,-0.059703,-0.010922,-0.008476,0.404224,0.073947,0.057390,-2.960657
sample,660,drone,16.493263,3.172752,0.891846,2.034149,-0.049990,-0.009145,-0.007097,0.372755,0.068190,0.052922,-2.960657
sample,661,drone,16.518253,3.171619,0.891639,2.033989,-0.041073,-0.007514,-0.005831,0.340448,0.062280,0.048335,-2.960657
sample,662,drone,16.543243,3.170699,0.891471,2.033858,-0.032975,-0.006032,-0.004682,0.307295,0.056215,0.043628,-2.960657
sample,663,drone,16.568232,3.169971,0.891338,2.033755,-0.025715,-0.004704,-0.003651,0.273291,0.049995,0.038801,-2.960657
sample,664,drone,16.593222,3.169414,0.891236,2.033675,-0.019316,-0.003534,-0.002742,0.238428,0.043617,0.033851,-2.960657
sample,665,drone,16.618212,3.169006,0.891161,2.033617,-0.013798,-0.002524,-0.001959,0.202700,0.037081,0.028778,-2.960657
sample,666,drone,16.643202,3.168724,0.891110,2.033578,-0.009185,-0.001680,-0.001304,0.166100,0.030386,0.023582,-2.960657
sample,667,drone,16.668192,3.168547,0.891077,2.033552,-0.005497,-0.001006,-0.000780,0.128621,0.023529,0.018261,-2.960657
sample,668,drone,16.693181,3.168450,0.891059,2.033539,-0.002756,-0.000504,-0.000391,0.090257,0.016511,0.012814,-2.960657
sample,669,drone,16.718171,3.168409,0.891052,2.033533,-0.000986,-0.000180,-0.000140,0.053019,0.008504,0.007795,-2.960657
sample,670,drone,16.743161,3.168400,0.891050,2.033532,-0.000106,-0.000079,-0.000002,0.037815,-0.008968,0.008928,-2.501658
sample,671,drone,16.768151,3.168404,0.891048,2.033533,0.000904,-0.000629,0.000306,0.071452,-0.046481,0.023487,-0.607385
sample,672,drone,16.793141,3.168446,0.891019,2.033547,0.003465,-0.002402,0.001172,0.142445,-0.098733,0.048183,-0.606247
sample,673,drone,16.818130,3.168577,0.890928,2.033591,0.008024,-0.005563,0.002714,0.220853,-0.153128,0.074716,-0.606247
sample,674,drone,16.843120,3.168847,0.890741,2.033683,0.014503,-0.010056,0.004906,0.296055,-0.205269,0.100157,-0.606247
sample,675,drone,16.868110,3.169302,0.890425,2.033836,0.022820,-0.015822,0.007720,0.367988,-0.255143,0.124492,-0.606247
sample,676,drone,16.893100,3.169987,0.889950,2.034068,0.032895,-0.022808,0.011128,0.436696,-0.302782,0.147736,-0.606247
sample,677,drone,16.918090,3.170946,0.889285,2.034393,0.044646,-0.030955,0.015104,0.502227,-0.348218,0.169905,-0.606247
sample,678,drone,16.943079,3.172219,0.888403,2.034823,0.057996,-0.040211,0.019620,0.564626,-0.391482,0.191015,-0.606247
sample,679,drone,16.968069,3.173844,0.887276,2.035373,0.072866,-0.050521,0.024651,0.623938,-0.432606,0.211081,-0.606247
sample,680,drone,16.993059,3.175860,0.885878,2.036055,0.089180,-0.061833,0.030170,0.680211,-0.471622,0.230118,-0.606247
sample,681,drone,17.018049,3.178302,0.884185,2.036881,0.106863,-0.074093,0.036152,0.733489,-0.508563,0.248142,-0.606247
sample,682,drone,17.043039,3.181201,0.882175,2.037862,0.125840,-0.087251,0.042572,0.783818,-0.543458,0.265169,-0.606247
sample,683,drone,17.068028,3.184591,0.879825,2.039009,0.146038,-0.101255,0.049405,0.831244,-0.576341,0.281213,-0.606247
sample,684,drone,17.093018,3.188500,0.877114,2.040331,0.167385,-0.116056,0.056627,0.875814,-0.607243,0.296291,-0.606247
sample,685,drone,17.118008,3.192957,0.874024,2.041839,0.189810,-0.131605,0.064214,0.917573,-0.636197,0.310418,-0.606247
sample,686,drone,17.142998,3.197987,0.870537,2.043541,0.213245,-0.147853,0.072142,0.956566,-0.663233,0.323610,-0.606247
sample,687,drone,17.167988,3.203615,0.866635,2.045445,0.237619,-0.164753,0.080388,0.992840,-0.688383,0.335882,-0.606247
sample,688,drone,17.192977,3.209863,0.862302,2.047559,0.262866,-0.182258,0.088929,1.026441,-0.711680,0.347249,-0.606247
sample,689,drone,17.217967,3.216753,0.857525,2.049889,0.288920,-0.200322,0.097743,1.057414,-0.733155,0.357727,-0.606247
sample,690,drone,17.242957,3.224303,0.852290,2.052444,0.315716,-0.218901,0.106808,1.085805,-0.752840,0.367332,-0.606247
sample,691,drone,17.267947,3.232532,0.846585,2.055228,0.343188,-0.237949,0.116102,1.111660,-0.770767,0.376079,-0.606247
sample,692,drone,17.292936,3.241455,0.840398,2.058246,0.371276,-0.257423,0.125604,1.135026,-0.786967,0.383984,-0.606247
sample,693,drone,17.317926,3.251088,0.833719,2.061505,0.399916,-0.277281,0.135293,1.155947,-0.801473,0.391061,-0.606247
sample,694,drone,17.342916,3.261443,0.826539,2.065008,0.429050,-0.297480,0.145149,1.174469,-0.814315,0.397328,-0.606247
sample,695,drone,17.367906,3.272532,0.818851,2.068760,0.458616,-0.317980,0.155152,1.190640,-0.825527,0.402798,-0.606247
sample,696,drone,17.392896,3.284365,0.810647,2.072763,0.488557,-0.338740,0.165281,1.204503,-0.835139,0.407488,-0.606247
sample,697,drone,17.417885,3.296950,0.801921,2.077020,0.518816,-0.359720,0.175518,1.216106,-0.843184,0.411413,-0.606247
sample,698,drone,17.442875,3.310295,0.792668,2.081535,0.549338,-0.380882,0.185843,1.225494,-0.849693,0.414589,-0.606247
sample,699,drone,17.467865,3.324405,0.782885,2.086309,0.580066,-0.402187,0.196239,1.232713,-0.854698,0.417031,-0.606247
sample,700,drone,17.492855,3.339286,0.772567,2.091343,0.610948,-0.423599,0.206686,1.237808,-0.858231,0.418755,-0.606247
sample,701,drone,17.517845,3.354940,0.761713,2.096639,0.641931,-0.445082,0.217168,1.240826,-0.860324,0.419776,-0.606247
sample,702,drone,17.542834,3.371370,0.750322,2.102197,0.672964,-0.466598,0.227666,1.241813,-0.861008,0.420110,-0.606247
sample,703,drone,17.567824,3.388575,0.738393,2.108017,0.703997,-0.488114,0.238165,1.240814,-0.860315,0.419772,-0.606247
sample,704,drone,17.592814,3.406555,0.725926,2.114100,0.734980,-0.509596,0.248646,1.237875,-0.858278,0.418778,-0.606247
sample,705,drone,17.617804,3.425309,0.712923,2.120445,0.765865,-0.531011,0.259095,1.233042,-0.854927,0.417143,-0.606247
sample,706,drone,17.642794,3.444833,0.699387,2.127050,0.796606,-0.552325,0.269495,1.226361,-0.850295,0.414883,-0.606247
sample,707,drone,17.667783,3.465123,0.685318,2.133914,0.827158,-0.573508,0.279831,1.217878,-0.844413,0.412013,-0.606247
sample,708,drone,17.692773,3.486174,0.670723,2.141036,0.857476,-0.594529,0.290087,1.207639,-0.837313,0.408549,-0.606247
sample,709,drone,17.717763,3.507979,0.655604,2.148412,0.887515,-0.615357,0.300250,1.195689,-0.829028,0.404506,-0.606247
sample,710,drone,17.742753,3.530531,0.639968,2.156042,0.917236,-0.635963,0.310304,1.182074,-0.819588,0.399900,-0.606247
sample,711,drone,17.767743,3.553822,0.623819,2.163921,0.946595,-0.656319,0.320237,1.166840,-0.809026,0.394747,-0.606247
sample,712,drone,17.792732,3.577842,0.607165,2.172047,0.975554,-0.676398,0.330034,1.150034,-0.797373,0.389061,-0.606247
sample,713,drone,17.817722,3.602580,0.590013,2.180416,1.004073,-0.696172,0.339682,1.131700,-0.784662,0.382859,-0.606247
sample,714,drone,17.842712,3.628025,0.572371,2.189024,1.032116,-0.715615,0.349169,1.111885,-0.770923,0.376155,-0.606247
sample,715,drone,17.867702,3.654165,0.554247,2.197868,1.059645,-0.734702,0.358482,1.090635,-0.756189,0.368966,-0.606247
sample,716,drone,17.892692,3.680986,0.535651,2.206941,1.086625,-0.753409,0.367610,1.067995,-0.740492,0.361307,-0.606247
sample,717,drone,17.917681,3.708474,0.516592,2.216241,1.113023,-0.771712,0.376540,1.044011,-0.723863,0.353193,-0.606247
sample,718,drone,17.942671,3.736614,0.497081,2.225760,1.138804,-0.789587,0.385262,1.018730,-0.706334,0.344640,-0.606247
sample,719,drone,17.967661,3.765391,0.477129,2.235496,1.163938,-0.807014,0.393765,0.992196,-0.687937,0.335664,-0.606247
sample,720,drone,17.992651,3.794787,0.456747,2.245441,1.188394,-0.823970,0.402038,0.964456,-0.668703,0.326279,-0.606247
sample,721,drone,18.017640,3.824786,0.435947,2.255589,1.212141,-0.840435,0.410072,0.935556,-0.648666,0.316502,-0.606247
sample,722,drone,18.042630,3.855370,0.414742,2.265936,1.235153,-0.856390,0.417857,0.905542,-0.627855,0.306348,-0.606247
sample,723,drone,18.067620,3.886519,0.393145,2.276474,1.257400,-0.871815,0.425383,0.874459,-0.606304,0.295833,-0.606247
sample,724,drone,18.092610,3.918214,0.371169,2.287196,1.278858,-0.886693,0.432643,0.842353,-0.584044,0.284971,-0.606247
sample,725,drone,18.117600,3.950435,0.348828,2.298097,1.299501,-0.901006,0.439626,0.809271,-0.561106,0.273779,-0.606247
sample,726,drone,18.142589,3.983162,0.326137,2.309169,1.319305,-0.914737,0.446326,0.775257,-0.537522,0.262272,-0.606247
sample,727,drone,18.167579,4.016374,0.303110,2.320404,1.338248,-0.927871,0.452734,0.740358,-0.513325,0.250466,-0.606247
sample,728,drone,18.192569,4.050047,0.279762,2.331796,1.356308,-0.940393,0.458844,0.704620,-0.488546,0.238376,-0.606247
sample,729,drone,18.217559,4.084161,0.256110,2.343337,1.373464,-0.952288,0.464648,0.668088,-0.463217,0.226017,-0.606247
sample,730,drone,18.242549,4.118693,0.232168,2.355019,1.389698,-0.963544,0.470140,0.630809,-0.437370,0.213405,-0.606247
sample,731,drone,18.267538,4.153618,0.207952,2.366835,1.404992,-0.974148,0.475314,0.592828,-0.411036,0.200556,-0.606247
sample,732,drone,18.292528,4.188914,0.183480,2.378775,1.419328,-0.984087,0.480164,0.554191,-0.384247,0.187485,-0.606247
sample,733,drone,18.317518,4.224555,0.158768,2.390833,1.432690,-0.993352,0.484685,0.514944,-0.357035,0.174208,-0.606247
sample,734,drone,18.342508,4.260519,0.133833,2.403000,1.445064,-1.001932,0.488871,0.475133,-0.329432,0.160739,-0.606247
sample,735,drone,18.367498,4.296779,0.108692,2.415266,1.456437,-1.009817,0.492718,0.434803,-0.301470,0.147096,-0.606247
sample,736,drone,18.392487,4.333311,0.083362,2.427625,1.466796,-1.016999,0.496223,0.394001,-0.273180,0.133292,-0.606247
sample,737,drone,18.417477,4.370089,0.057863,2.440067,1.476129,-1.023470,0.499380,0.352773,-0.244594,0.119344,-0.606247
sample,738,drone,18.442467,4.407087,0.032210,2.452584,1.484427,-1.029224,0.502187,0.311163,-0.215744,0.105268,-0.606247
sample,739,drone,18.467457,4.444280,0.006422,2.465167,1.491681,-1.034253,0.504641,0.269219,-0.186662,0.091078,-0.606247
sample,740,drone,18.492447,4.481641,-0.019482,2.477806,1.497882,-1.038553,0.506740,0.226986,-0.157380,0.076790,-0.606247
sample,741,drone,18.517436,4.519143,-0.045484,2.490493,1.503025,-1.042119,0.508479,0.184509,-0.127929,0.062420,-0.606247
sample,742,drone,18.542426,4.556761,-0.071566,2.503220,1.507104,-1.044947,0.509859,0.141835,-0.098341,0.047983,-0.606247
sample,743,drone,18.567416,4.594468,-0.097710,2.515976,1.510114,-1.047034,0.510878,0.099009,-0.068648,0.033495,-0.606247
sample,744,drone,18.592406,4.632236,-0.123897,2.528753,1.512053,-1.048378,0.511533,0.056078,-0.038882,0.018971,-0.606247
sample,745,drone,18.617395,4.670040,-0.150108,2.541542,1.512917,-1.048977,0.511826,0.013087,-0.009074,0.004427,-0.606247
sample,746,drone,18.642385,4.707851,-0.176324,2.554334,1.512707,-1.048831,0.511755,-0.029918,0.020743,-0.010121,-0.606247
sample,747,drone,18.667375,4.745644,-0.202528,2.567119,1.511422,-1.047941,0.511320,-0.072891,0.050539,-0.024659,-0.606247
sample,748,drone,18.692365,4.783391,-0.228700,2.579889,1.509064,-1.046306,0.510522,-0.115786,0.080280,-0.039171,-0.606247
sample,749,drone,18.717355,4.821066,-0.254822,2.592635,1.505635,-1.043928,0.509362,-0.158558,0.109936,-0.053641,-0.606247
sample,750,drone,18.742344,4.858642,-0.280875,2.605347,1.501139,-1.040811,0.507841,-0.201160,0.139474,-0.068053,-0.606247
sample,751,drone,18.767334,4.896093,-0.306841,2.618017,1.495581,-1.036957,0.505961,-0.243547,0.168863,-0.082393,-0.606247
sample,752,drone,18.792324,4.933391,-0.332702,2.630635,1.488967,-1.032371,0.503723,-0.285673,0.198070,-0.096644,-0.606247
sample,753,drone,18.817314,4.970511,-0.358438,2.643193,1.481303,-1.027058,0.501131,-0.327491,0.227065,-0.110792,-0.606247
sample,754,drone,18.842304,5.007426,-0.384034,2.655681,1.472599,-1.021023,0.498186,-0.368957,0.255816,-0.124820,-0.606247
sample,755,drone,18.867293,5.044111,-0.409469,2.668092,1.462863,-1.014272,0.494892,-0.410024,0.284289,-0.138713,-0.606247
sample,756,drone,18.892283,5.080539,-0.434726,2.680416,1.452106,-1.006814,0.491253,-0.450647,0.312455,-0.152456,-0.606247
sample,757,drone,18.917273,5.116686,-0.459789,2.692644,1.440340,-0.998656,0.487273,-0.490779,0.340280,-0.166032,-0.606247
sample,758,drone,18.942263,5.152527,-0.484639,2.704769,1.427577,-0.989807,0.482955,-0.530375,0.367734,-0.179428,-0.606247
sample,759,drone,18.967253,5.188036,-0.509259,2.716782,1.413832,-0.980277,0.478305,-0.569388,0.394784,-0.192626,-0.606247
sample,760,drone,18.992242,5.223189,-0.533633,2.728675,1.399119,-0.970076,0.473328,-0.607774,0.421399,-0.205612,-0.606247
sample,761,drone,19.017232,5.257963,-0.557743,2.740439,1.383455,-0.959215,0.468028,-0.645486,0.447546,-0.218370,-0.606247
sample,762,drone,19.042222,5.292334,-0.581574,2.752067,1.366858,-0.947708,0.462413,-0.682478,0.473194,-0.230885,-0.606247
sample,763,drone,19.067212,5.326278,-0.605109,2.763550,1.349345,-0.935565,0.456489,-0.718704,0.498312,-0.243141,-0.606247
sample,764,drone,19.092202,5.359774,-0.628333,2.774882,1.330937,-0.922802,0.450261,-0.754120,0.522867,-0.255122,-0.606247
sample,765,drone,19.117191,5.392798,-0.651230,2.786054,1.311655,-0.909433,0.443738,-0.788677,0.546828,-0.266813,-0.606247
sample,766,drone,19.142181,5.425330,-0.673786,2.797060,1.291520,-0.895472,0.436926,-0.822332,0.570162,-0.278198,-0.606247
sample,767,drone,19.167171,5.457348,-0.695986,2.807891,1.270555,-0.880936,0.429834,-0.855038,0.592838,-0.289263,-0.606247
sample,768,drone,19.192161,5.488832,-0.717815,2.818543,1.248785,-0.865842,0.422469,-0.886749,0.614825,-0.299991,-0.606247
sample,769,drone,19.217151,5.519761,-0.739260,2.829006,1.226236,-0.850208,0.414840,-0.917419,0.636090,-0.310366,-0.606247
sample,770,drone,19.242140,5.550118,-0.760308,2.839276,1.202933,-0.834051,0.406957,-0.947003,0.656602,-0.320375,-0.606247
sample,771,drone,19.267130,5.579884,-0.780946,2.849346,1.178905,-0.817391,0.398828,-0.975454,0.676329,-0.330000,-0.606247
sample,772,drone,19.292120,5.609039,-0.801161,2.859209,1.154180,-0.800248,0.390464,-1.002727,0.695238,-0.339227,-0.606247
sample,773,drone,19.317110,5.637569,-0.820942,2.868861,1.128789,-0.782643,0.381874,-1.028776,0.713299,-0.348039,-0.606247
sample,774,drone,19.342099,5.665456,-0.840277,2.878295,1.102762,-0.764598,0.373069,-1.053555,0.730480,-0.356422,-0.606247
sample,775,drone,19.367089,5.692685,-0.859156,2.887507,1.076133,-0.746134,0.364060,-1.077018,0.746748,-0.364360,-0.606247
sample,776,drone,19.392079,5.719241,-0.877568,2.896491,1.048934,-0.727276,0.354858,-1.099120,0.762072,-0.371837,-0.606247
sample,777,drone,19.417069,5.745110,-0.895505,2.905243,1.021199,-0.708046,0.345476,-1.119814,0.776420,-0.378837,-0.606247
sample,778,drone,19.442059,5.770280,-0.912956,2.913758,0.992966,-0.688470,0.335924,-1.139055,0.789761,-0.385347,-0.606247
sample,779,drone,19.467048,5.794738,-0.929914,2.922032,0.964270,-0.668574,0.326216,-1.156796,0.802062,-0.391349,-0.606247
sample,780,drone,19.492038,5.818473,-0.946371,2.930062,0.935149,-0.648384,0.316365,-1.172993,0.813292,-0.396828,-0.606247
sample,781,drone,19.517028,5.841476,-0.962320,2.937844,0.905644,-0.627926,0.306383,-1.187598,0.823418,-0.401769,-0.606247
sample,782,drone,19.542018,5.863737,-0.977755,2.945375,0.875794,-0.607230,0.296284,-1.200567,0.832410,-0.406156,-0.606247
sample,783,drone,19.567008,5.885248,-0.992669,2.952652,0.845640,-0.586323,0.286083,-1.211853,0.840235,-0.409975,-0.606247
sample,784,drone,19.591997,5.906002,-1.007059,2.959673,0.815226,-0.565235,0.275794,-1.221410,0.846862,-0.413208,-0.606247
sample,785,drone,19.616987,5.925993,-1.020920,2.966436,0.784595,-0.543997,0.265431,-1.229193,0.852258,-0.415841,-0.606247
sample,786,drone,19.641977,5.945216,-1.034248,2.972939,0.753791,-0.522639,0.255011,-1.235156,0.856393,-0.417858,-0.606247
sample,787,drone,19.666967,5.963667,-1.047041,2.979181,0.722862,-0.501195,0.244547,-1.239253,0.859233,-0.419244,-0.606247
sample,788,drone,19.691957,5.981344,-1.059297,2.985161,0.691854,-0.479695,0.234057,-1.241438,0.860748,-0.419984,-0.606247
sample,789,drone,19.716946,5.998245,-1.071016,2.990879,0.660815,-0.458175,0.223556,-1.241666,0.860906,-0.420060,-0.606247
sample,790,drone,19.741936,6.014371,-1.082197,2.996335,0.629796,-0.436668,0.213062,-1.239889,0.859674,-0.419459,-0.606247
sample,791,drone,19.766926,6.029722,-1.092840,3.001528,0.598846,-0.415209,0.202592,-1.236064,0.857022,-0.418165,-0.606247
sample,792,drone,19.791916,6.044301,-1.102949,3.006460,0.568018,-0.393834,0.192163,-1.230143,0.852916,-0.416162,-0.606247
sample,793,drone,19.816906,6.058112,-1.112524,3.011132,0.537364,-0.372580,0.181792,-1.222080,0.847326,-0.413435,-0.606247
sample,794,drone,19.841895,6.071159,-1.121570,3.015546,0.506939,-0.351485,0.171499,-1.211831,0.840220,-0.409967,-0.606247
sample,795,drone,19.866885,6.083448,-1.130091,3.019704,0.476798,-0.330586,0.161302,-1.199349,0.831566,-0.405744,-0.606247
sample,796,drone,19.891875,6.094989,-1.138093,3.023608,0.446996,-0.309924,0.151221,-1.184588,0.821331,-0.400751,-0.606247
sample,797,drone,19.916865,6.105789,-1.145581,3.027262,0.417592,-0.289537,0.141273,-1.167502,0.809485,-0.394971,-0.606247
sample,798,drone,19.941855,6.115860,-1.152563,3.030669,0.388645,-0.269466,0.131480,-1.148046,0.795995,-0.388389,-0.606247
sample,799,drone,19.966844,6.125213,-1.159049,3.033833,0.360213,-0.249753,0.121862,-1.126174,0.780830,-0.380989,-0.606247
sample,800,drone,19.991834,6.133863,-1.165046,3.036759,0.332359,-0.230440,0.112438,-1.101840,0.763958,-0.372757,-0.606247
sample,801,drone,20.016824,6.141824,-1.170566,3.039453,0.305144,-0.211571,0.103231,-1.074997,0.745347,-0.363676,-0.606247
sample,802,drone,20.041814,6.149114,-1.175620,3.041919,0.278631,-0.193188,0.094262,-1.045601,0.724965,-0.353731,-0.606247
sample,803,drone,20.066803,6.155750,-1.180221,3.044164,0.252885,-0.175337,0.085552,-1.013605,0.702781,-0.342907,-0.606247
sample,804,drone,20.091793,6.161753,-1.184384,3.046195,0.227972,-0.158064,0.077124,-0.978964,0.678762,-0.331187,-0.606247
sample,805,drone,20.116783,6.167144,-1.188121,3.048018,0.203957,-0.141413,0.068999,-0.941631,0.652877,-0.318557,-0.606247
sample,806,drone,20.141773,6.171947,-1.191451,3.049643,0.180909,-0.125433,0.061202,-0.901561,0.625095,-0.305001,-0.606247
sample,807,drone,20.166763,6.176186,-1.194391,3.051077,0.158897,-0.110171,0.053756,-0.858707,0.595383,-0.290504,-0.606247
sample,808,drone,20.191752,6.179889,-1.196958,3.052330,0.137991,-0.095676,0.046683,-0.813025,0.563709,-0.275050,-0.606247
sample,809,drone,20.216742,6.183083,-1.199172,3.053410,0.118263,-0.081997,0.040009,-0.764468,0.530042,-0.258622,-0.606247
sample,810,drone,20.241732,6.185799,-1.201056,3.054329,0.099784,-0.069185,0.033757,-0.712990,0.494350,-0.241207,-0.606247
sample,811,drone,20.266722,6.188070,-1.202630,3.055098,0.082628,-0.057290,0.027953,-0.658545,0.456601,-0.222789,-0.606247
sample,812,drone,20.291712,6.189929,-1.203919,3.055727,0.066870,-0.046364,0.022622,-0.601089,0.416763,-0.203351,-0.606247
sample,813,drone,20.316701,6.191412,-1.204947,3.056228,0.052586,-0.036460,0.017790,-0.540574,0.374805,-0.182878,-0.606247
sample,814,drone,20.341691,6.192557,-1.205741,3.056616,0.039852,-0.027631,0.013482,-0.476955,0.330695,-0.161356,-0.606247
sample,815,drone,20.366681,6.193404,-1.206328,3.056902,0.028748,-0.019932,0.009725,-0.410185,0.284401,-0.138767,-0.606247
sample,816,drone,20.391671,6.193994,-1.206738,3.057102,0.019351,-0.013417,0.006547,-0.340221,0.235891,-0.115098,-0.606247
sample,817,drone,20.416661,6.194371,-1.206999,3.057229,0.011744,-0.008142,0.003973,-0.267014,0.185134,-0.090332,-0.606247
sample,818,drone,20.441650,6.194581,-1.207145,3.057300,0.006006,-0.004164,0.002032,-0.190520,0.132097,-0.064454,-0.606247
sample,819,drone,20.466640,6.194671,-1.207207,3.057331,0.002221,-0.001540,0.000752,-0.114158,0.077686,-0.037579,-0.606247
sample,820,drone,20.491630,6.194692,-1.207222,3.057338,0.000300,-0.000282,0.000154,-0.081559,0.033844,-0.011457,-0.752907
sample,821,drone,20.516620,6.194686,-1.207221,3.057339,-0.001855,0.000151,0.000179,-0.154415,0.018062,0.011008,3.060228
sample,822,drone,20.541610,6.194599,-1.207214,3.057347,-0.007417,0.000621,0.000704,-0.312911,0.026288,0.029636,3.058038
sample,823,drone,20.566599,6.194316,-1.207190,3.057374,-0.017494,0.001465,0.001660,-0.489253,0.040975,0.046429,3.058038
sample,824,drone,20.591589,6.193725,-1.207141,3.057430,-0.031870,0.002669,0.003024,-0.656595,0.054990,0.062309,3.058038
sample,825,drone,20.616579,6.192723,-1.207057,3.057525,-0.050310,0.004213,0.004774,-0.814659,0.068228,0.077309,3.058038
sample,826,drone,20.641569,6.191210,-1.206930,3.057668,-0.072586,0.006079,0.006888,-0.963607,0.080702,0.091444,3.058038
sample,827,drone,20.666558,6.189095,-1.206753,3.057869,-0.098471,0.008247,0.009345,-1.103606,0.092427,0.104730,3.058038
sample,828,drone,20.691548,6.186289,-1.206518,3.058135,-0.127744,0.010699,0.012123,-1.234819,0.103416,0.117182,3.058038
sample,829,drone,20.716538,6.182710,-1.206218,3.058475,-0.160187,0.013416,0.015201,-1.357412,0.113683,0.128815,3.058038
sample,830,drone,20.741528,6.178283,-1.205847,3.058895,-0.195587,0.016380,0.018561,-1.471548,0.123242,0.139647,3.058038
sample,831,drone,20.766518,6.172935,-1.205400,3.059403,-0.233734,0.019575,0.022181,-1.577393,0.132106,0.149691,3.058038
sample,832,drone,20.791507,6.166601,-1.204869,3.060004,-0.274424,0.022983,0.026042,-1.675112,0.140290,0.158964,3.058038
sample,833,drone,20.816497,6.159219,-1.204251,3.060704,-0.317456,0.026587,0.030126,-1.764868,0.147807,0.167482,3.058038
sample,834,drone,20.841487,6.150735,-1.203540,3.061509,-0.362632,0.030370,0.034413,-1.846826,0.154671,0.175260,3.058038
sample,835,drone,20.866477,6.141095,-1.202733,3.062424,-0.409759,0.034317,0.038885,-1.921152,0.160896,0.182313,3.058038
sample,836,drone,20.891467,6.130255,-1.201825,3.063453,-0.458650,0.038412,0.043525,-1.988009,0.166495,0.188658,3.058038
sample,837,drone,20.916456,6.118172,-1.200813,3.064600,-0.509119,0.042639,0.048314,-2.047563,0.171483,0.194309,3.058038
sample,838,drone,20.941446,6.104809,-1.199694,3.065868,-0.560986,0.046982,0.053236,-2.099978,0.175873,0.199283,3.058038
sample,839,drone,20.966436,6.090134,-1.198465,3.067260,-0.614075,0.051429,0.058274,-2.145419,0.179678,0.203595,3.058038
sample,840,drone,20.991426,6.074118,-1.197124,3.068780,-0.668213,0.055963,0.063412,-2.184050,0.182914,0.207261,3.058038
sample,841,drone,21.016416,6.056737,-1.195668,3.070430,-0.723233,0.060571,0.068633,-2.216036,0.185593,0.210297,3.058038
sample,842,drone,21.041405,6.037971,-1.194096,3.072210,-0.778970,0.065239,0.073923,-2.241542,0.187729,0.212717,3.058038
sample,843,drone,21.066395,6.017805,-1.192407,3.074124,-0.835264,0.069953,0.079265,-2.260732,0.189336,0.214538,3.058038
sample,844,drone,21.091385,5.996225,-1.190600,3.076172,-0.891960,0.074702,0.084645,-2.273770,0.190428,0.215776,3.058038
sample,845,drone,21.116375,5.973225,-1.188674,3.078355,-0.948906,0.079471,0.090049,-2.280823,0.191018,0.216445,3.058038
sample,846,drone,21.141365,5.948799,-1.186628,3.080673,-1.005955,0.084249,0.095463,-2.282054,0.191122,0.216562,3.058038
sample,847,drone,21.166354,5.922948,-1.184463,3.083126,-1.062963,0.089023,0.100873,-2.277627,0.190751,0.216142,3.058038
sample,848,drone,21.191344,5.895673,-1.182179,3.085714,-1.119790,0.093782,0.106266,-2.267709,0.189920,0.215200,3.058038
sample,849,drone,21.216334,5.866981,-1.179776,3.088437,-1.176302,0.098515,0.111628,-2.252462,0.188643,0.213754,3.058038
sample,850,drone,21.241324,5.836882,-1.177255,3.091293,-1.232367,0.103210,0.116949,-2.232052,0.186934,0.211817,3.058038
sample,851,drone,21.266314,5.805388,-1.174618,3.094282,-1.287859,0.107858,0.122215,-2.206644,0.184806,0.209406,3.058038
sample,852,drone,21.291303,5.772515,-1.171864,3.097402,-1.342654,0.112447,0.127415,-2.176401,0.182273,0.206536,3.058038
sample,853,drone,21.316293,5.738282,-1.168998,3.100650,-1.396634,0.116968,0.132537,-2.141490,0.179349,0.203223,3.058038
sample,854,drone,21.341283,5.702712,-1.166018,3.104026,-1.449685,0.121411,0.137572,-2.102074,0.176048,0.199482,3.058038
sample,855,drone,21.366273,5.665828,-1.162929,3.107526,-1.501695,0.125767,0.142508,-2.058318,0.172384,0.195330,3.058038
sample,856,drone,21.391262,5.627658,-1.159733,3.111148,-1.552559,0.130026,0.147334,-2.010386,0.168369,0.190781,3.058038
sample,857,drone,21.416252,5.588231,-1.156431,3.114890,-1.602173,0.134182,0.152043,-1.958444,0.164019,0.185852,3.058038
sample,858,drone,21.441242,5.547582,-1.153026,3.118747,-1.650441,0.138224,0.156623,-1.902656,0.159347,0.180558,3.058038
sample,859,drone,21.466232,5.505743,-1.149522,3.122718,-1.697267,0.142146,0.161067,-1.843187,0.154367,0.174914,3.058038
sample,860,drone,21.491222,5.462753,-1.145922,3.126797,-1.742563,0.145939,0.165365,-1.780201,0.149091,0.168937,3.058038
sample,861,drone,21.516211,5.418651,-1.142228,3.130983,-1.786241,0.149597,0.169510,-1.713862,0.143536,0.162642,3.058038
sample,862,drone,21.541201,5.373477,-1.138445,3.135269,-1.828221,0.153113,0.173494,-1.644337,0.137713,0.156044,3.058038
sample,863,drone,21.566191,5.327277,-1.134576,3.139654,-1.868424,0.156480,0.177309,-1.571788,0.131637,0.149159,3.058038
sample,864,drone,21.591181,5.280094,-1.130624,3.144131,-1.906778,0.159692,0.180949,-1.496381,0.125322,0.142003,3.058038
sample,865,drone,21.616171,5.231977,-1.126595,3.148698,-1.943213,0.162744,0.184407,-1.418281,0.118781,0.134592,3.058038
sample,866,drone,21.641160,5.182973,-1.122490,3.153348,-1.977663,0.165629,0.187676,-1.337652,0.112028,0.126940,3.058038
sample,867,drone,21.666150,5.133134,-1.118316,3.158077,-2.010068,0.168343,0.190751,-1.254659,0.105077,0.119064,3.058038
sample,868,drone,21.691140,5.082511,-1.114077,3.162882,-2.040371,0.170881,0.193627,-1.169466,0.097943,0.110980,3.058038
sample,869,drone,21.716130,5.031157,-1.109776,3.167755,-2.068518,0.173238,0.196298,-1.082238,0.090637,0.102702,3.058038
sample,870,drone,21.741120,4.979127,-1.105418,3.172692,-2.094460,0.175411,0.198760,-0.993140,0.083175,0.094247,3.058038
sample,871,drone,21.766109,4.926477,-1.101009,3.177689,-2.118154,0.177395,0.201008,-0.902337,0.075571,0.085630,3.058038
sample,872,drone,21.791099,4.873263,-1.096552,3.182739,-2.139559,0.179188,0.203039,-0.809992,0.067837,0.076866,3.058038
sample,873,drone,21.816089,4.819543,-1.092053,3.187837,-2.158637,0.180785,0.204850,-0.716271,0.059988,0.067973,3.058038
sample,874,drone,21.841079,4.765375,-1.087517,3.192977,-2.175358,0.182186,0.206437,-0.621338,0.052037,0.058964,3.058038
sample,875,drone,21.866069,4.710819,-1.082948,3.198154,-2.189692,0.183386,0.207797,-0.525359,0.043999,0.049855,3.058038
sample,876,drone,21.891058,4.655935,-1.078351,3.203363,-2.201615,0.184385,0.208928,-0.428496,0.035886,0.040663,3.058038
sample,877,drone,21.916048,4.600783,-1.073732,3.208596,-2.211108,0.185180,0.209829,-0.330917,0.027714,0.031403,3.058038
sample,878,drone,21.941038,4.545425,-1.069096,3.213850,-2.218154,0.185770,0.210498,-0.232784,0.019496,0.022091,3.058038
sample,879,drone,21.966028,4.489921,-1.064447,3.219117,-2.222742,0.186154,0.210933,-0.134262,0.011244,0.012741,3.058038
sample,880,drone,21.991017,4.434333,-1.059792,3.224392,-2.224864,0.186332,0.211135,-0.035517,0.002975,0.003370,3.058038
sample,881,drone,22.016007,4.378723,-1.055135,3.229669,-2.224517,0.186303,0.211102,0.063288,-0.005300,-0.006006,3.058038
sample,882,drone,22.040997,4.323153,-1.050481,3.234943,-2.221701,0.186067,0.210834,0.161987,-0.013566,-0.015372,3.058038
sample,883,drone,22.065987,4.267683,-1.045835,3.240207,-2.216421,0.185625,0.210333,0.260416,-0.021810,-0.024713,3.058038
sample,884,drone,22.090977,4.212377,-1.041203,3.245455,-2.208686,0.184977,0.209599,0.358410,-0.030017,-0.034012,3.058038
sample,885,drone,22.115966,4.157294,-1.036590,3.250682,-2.198508,0.184125,0.208633,0.455805,-0.038174,-0.043255,3.058038
sample,886,drone,22.140956,4.102496,-1.032001,3.255883,-2.185905,0.183069,0.207437,0.552435,-0.046266,-0.052425,3.058038
sample,887,drone,22.165946,4.048044,-1.027440,3.261050,-2.170898,0.181812,0.206013,0.648137,-0.054281,-0.061507,3.058038
sample,888,drone,22.190936,3.993996,-1.022914,3.266179,-2.153511,0.180356,0.204363,0.742746,-0.062205,-0.070485,3.058038
sample,889,drone,22.215926,3.940412,-1.018426,3.271264,-2.133775,0.178703,0.202491,0.836097,-0.070023,-0.079344,3.058038
sample,890,drone,22.240915,3.887351,-1.013982,3.276300,-2.111723,0.176856,0.200398,0.928025,-0.077722,-0.088067,3.058038
sample,891,drone,22.265905,3.834869,-1.009587,3.281280,-2.087393,0.174819,0.198089,1.018366,-0.085288,-0.096641,3.058038
sample,892,drone,22.290895,3.783024,-1.005245,3.286200,-2.060826,0.172594,0.195568,1.106955,-0.092707,-0.105048,3.058038
sample,893,drone,22.315885,3.731870,-1.000961,3.291054,-2.032068,0.170185,0.192839,1.193627,-0.099966,-0.113273,3.058038
sample,894,drone,22.340875,3.681462,-0.996739,3.295838,-2.001169,0.167598,0.189906,1.278218,-0.107051,-0.121300,3.058038
sample,895,drone,22.365864,3.631852,-0.992584,3.300546,-1.968183,0.164835,0.186776,1.360563,-0.113947,-0.129114,3.058038
sample,896,drone,22.390854,3.583093,-0.988501,3.305173,-1.933169,0.161902,0.183453,1.440498,-0.120641,-0.136700,3.058038
sample,897,drone,22.415844,3.535233,-0.984493,3.309715,-1.896188,0.158805,0.179944,1.517858,-0.127120,-0.144041,3.058038
sample,898,drone,22.440834,3.488322,-0.980564,3.314166,-1.857307,0.155549,0.176254,1.592478,-0.133370,-0.151123,3.058038
sample,899,drone,22.465824,3.442406,-0.976718,3.318524,-1.816596,0.152140,0.172391,1.664193,-0.139376,-0.157928,3.058038
sample,900,drone,22.490813,3.397529,-0.972960,3.322782,-1.774131,0.148583,0.168361,1.732840,-0.145125,-0.164443,3.058038
sample,901,drone,22.515803,3.353735,-0.969292,3.326938,-1.729990,0.144886,0.164172,1.798252,-0.150603,-0.170650,3.058038
sample,902,drone,22.540793,3.311065,-0.965719,3.330988,-1.684255,0.141056,0.159832,1.860266,-0.155797,-0.176535,3.058038
sample,903,drone,22.565783,3.269557,-0.962242,3.334927,-1.637014,0.137100,0.155349,1.918718,-0.160692,-0.182082,3.058038
sample,904,drone,22.590773,3.229248,-0.958866,3.338752,-1.588358,0.133025,0.150732,1.973441,-0.165275,-0.187275,3.058038
sample,905,drone,22.615762,3.190172,-0.955594,3.342460,-1.538383,0.128839,0.145989,2.024273,-0.169532,-0.192099,3.058038
sample,906,drone,22.640752,3.152360,-0.952427,3.346049,-1.487186,0.124552,0.141131,2.071047,-0.173450,-0.196538,3.058038
sample,907,drone,22.665742,3.115843,-0.949369,3.349514,-1.434873,0.120170,0.136166,2.113600,-0.177014,-0.200576,3.058038
sample,908,drone,22.690732,3.080646,-0.946421,3.352854,-1.381549,0.115704,0.131106,2.151766,-0.180210,-0.204198,3.058038
sample,909,drone,22.715721,3.046793,-0.943586,3.356067,-1.327328,0.111163,0.125960,2.185382,-0.183025,-0.207388,3.058038
sample,910,drone,22.740711,3.014306,-0.940865,3.359149,-1.272325,0.106557,0.120741,2.214282,-0.185446,-0.210130,3.058038
sample,911,drone,22.765701,2.983203,-0.938260,3.362101,-1.216659,0.101895,0.115458,2.238302,-0.187457,-0.212410,3.058038
sample,912,drone,22.790691,2.953498,-0.935772,3.364920,-1.160455,0.097188,0.110125,2.257277,-0.189046,-0.214211,3.058038
sample,913,drone,22.815681,2.925204,-0.933403,3.367605,-1.103841,0.092447,0.104752,2.271042,-0.190199,-0.215517,3.058038
sample,914,drone,22.840670,2.898329,-0.931152,3.370156,-1.046950,0.087682,0.099353,2.279434,-0.190902,-0.216313,3.058038
sample,915,drone,22.865660,2.872878,-0.929020,3.372571,-0.989916,0.082905,0.093941,2.282287,-0.191141,-0.216584,3.058038
sample,916,drone,22.890650,2.848853,-0.927008,3.374851,-0.932882,0.078129,0.088528,2.279436,-0.190902,-0.216313,3.058038
sample,917,drone,22.915640,2.826253,-0.925116,3.376995,-0.875991,0.073364,0.083130,2.270717,-0.190172,-0.215486,3.058038
sample,918,drone,22.940630,2.805072,-0.923342,3.379005,-0.819392,0.068624,0.077759,2.255966,-0.188937,-0.214086,3.058038
sample,919,drone,22.965619,2.785300,-0.921686,3.380882,-0.763239,0.063921,0.072430,2.235017,-0.187182,-0.212098,3.058038
sample,920,drone,22.990609,2.766925,-0.920147,3.382625,-0.707687,0.059269,0.067158,2.207706,-0.184895,-0.209506,3.058038
sample,921,drone,23.015599,2.749930,-0.918724,3.384238,-0.652899,0.054680,0.061959,2.173869,-0.182061,-0.206295,3.058038
sample,922,drone,23.040589,2.734294,-0.917414,3.385722,-0.599038,0.050169,0.056847,2.133340,-0.178667,-0.202449,3.058038
sample,923,drone,23.065579,2.719990,-0.916216,3.387079,-0.546275,0.045750,0.051840,2.085956,-0.174698,-0.197953,3.058038
sample,924,drone,23.090568,2.706991,-0.915127,3.388313,-0.494783,0.041438,0.046954,2.031551,-0.170142,-0.192790,3.058038
sample,925,drone,23.115558,2.695261,-0.914145,3.389426,-0.444739,0.037247,0.042205,1.969960,-0.164984,-0.186945,3.058038
sample,926,drone,23.140548,2.684763,-0.913266,3.390422,-0.396325,0.033192,0.037610,1.901020,-0.159210,-0.180403,3.058038
sample,927,drone,23.165538,2.675453,-0.912486,3.391306,-0.349727,0.029290,0.033188,1.824565,-0.152807,-0.173147,3.058038
sample,928,drone,23.190528,2.667284,-0.911802,3.392081,-0.305134,0.025555,0.028957,1.740432,-0.145761,-0.165163,3.058038
sample,929,drone,23.215517,2.660203,-0.911209,3.392753,-0.262741,0.022004,0.024934,1.648454,-0.138058,-0.156435,3.058038
sample,930,drone,23.240507,2.654152,-0.910702,3.393327,-0.222745,0.018655,0.021138,1.548468,-0.129684,-0.146946,3.058038
sample,931,drone,23.265497,2.649070,-0.910277,3.393810,-0.185349,0.015523,0.017589,1.440309,-0.120626,-0.136682,3.058038
sample,932,drone,23.290487,2.644889,-0.909926,3.394206,-0.150759,0.012626,0.014307,1.323812,-0.110869,-0.125627,3.058038
sample,933,drone,23.315477,2.641535,-0.909646,3.394525,-0.119185,0.009982,0.011310,1.198813,-0.100400,-0.113765,3.058038
sample,934,drone,23.340466,2.638932,-0.909428,3.394772,-0.090843,0.007608,0.008621,1.065146,-0.089206,-0.101080,3.058038
sample,935,drone,23.365456,2.636995,-0.909265,3.394956,-0.065950,0.005523,0.006258,0.922649,-0.077272,-0.087557,3.058038
sample,936,drone,23.390446,2.635636,-0.909151,3.395085,-0.044729,0.003746,0.004245,0.771154,-0.064584,-0.073181,3.058038
sample,937,drone,23.415436,2.634759,-0.909078,3.395168,-0.027408,0.002295,0.002601,0.610499,-0.051129,-0.057935,3.058038
sample,938,drone,23.440425,2.634266,-0.909037,3.395215,-0.014217,0.001191,0.001349,0.440518,-0.036893,-0.041804,3.058038
sample,939,drone,23.465415,2.634049,-0.909019,3.395235,-0.005391,0.000451,0.000512,0.263520,-0.021658,-0.025043,3.058038
sample,940,drone,23.490405,2.633996,-0.909014,3.395240,-0.001046,0.000108,0.000097,0.116921,-0.002409,-0.011740,3.038530
sample,941,drone,23.515395,2.633996,-0.909013,3.395240,0.000453,0.000331,-0.000075,0.060502,0.025204,-0.008382,0.631496
sample,942,drone,23.540385,2.634019,-0.908998,3.395236,0.001978,0.001368,-0.000321,0.086566,0.059515,-0.014040,0.605117
sample,943,drone,23.565374,2.634095,-0.908945,3.395224,0.004779,0.003306,-0.000777,0.137475,0.095088,-0.022346,0.605117
sample,944,drone,23.590364,2.634258,-0.908832,3.395197,0.008849,0.006120,-0.001438,0.187453,0.129656,-0.030470,0.605117
sample,945,drone,23.615354,2.634538,-0.908639,3.395152,0.014148,0.009786,-0.002300,0.235920,0.163180,-0.038348,0.605117
sample,946,drone,23.640344,2.634965,-0.908343,3.395083,0.020640,0.014276,-0.003355,0.282891,0.195669,-0.045983,0.605117
sample,947,drone,23.665334,2.635569,-0.907925,3.394984,0.028287,0.019565,-0.004598,0.328382,0.227134,-0.053377,0.605117
sample,948,drone,23.690323,2.636379,-0.907365,3.394853,0.037052,0.025628,-0.006023,0.372407,0.257585,-0.060533,0.605117
sample,949,drone,23.715313,2.637421,-0.906644,3.394683,0.046900,0.032439,-0.007623,0.414981,0.287032,-0.067454,0.605117
sample,950,drone,23.740303,2.638723,-0.905744,3.394472,0.057793,0.039974,-0.009394,0.456119,0.315486,-0.074140,0.605117
sample,951,drone,23.765293,2.640309,-0.904647,3.394214,0.069696,0.048207,-0.011329,0.495836,0.342958,-0.080596,0.605117
sample,952,drone,23.790283,2.642206,-0.903335,3.393906,0.082574,0.057115,-0.013422,0.534147,0.369456,-0.086823,0.605117
sample,953,drone,23.815272,2.644436,-0.901792,3.393543,0.096393,0.066672,-0.015668,0.571066,0.394992,-0.092824,0.605117
sample,954,drone,23.840262,2.647024,-0.900003,3.393122,0.111116,0.076856,-0.018061,0.606609,0.419576,-0.098602,0.605117
sample,955,drone,23.865252,2.649990,-0.897951,3.392640,0.126711,0.087643,-0.020596,0.640790,0.443219,-0.104158,0.605117
sample,956,drone,23.890242,2.653357,-0.895622,3.392093,0.143143,0.099008,-0.023267,0.673625,0.465930,-0.109495,0.605117
sample,957,drone,23.915232,2.657144,-0.893002,3.391477,0.160378,0.110930,-0.026069,0.705128,0.487720,-0.114616,0.605117
sample,958,drone,23.940221,2.661372,-0.890078,3.390790,0.178385,0.123384,-0.028996,0.735314,0.508598,-0.119522,0.605117
sample,959,drone,23.965211,2.666060,-0.886836,3.390028,0.197129,0.136349,-0.032042,0.764198,0.528577,-0.124217,0.605117
sample,960,drone,23.990201,2.671225,-0.883263,3.389189,0.216579,0.149802,-0.035204,0.791795,0.547665,-0.128703,0.605117
sample,961,drone,24.015191,2.676884,-0.879349,3.388269,0.236702,0.163721,-0.038475,0.818119,0.565873,-0.132982,0.605117
sample,962,drone,24.040180,2.683055,-0.875081,3.387266,0.257468,0.178084,-0.041850,0.843187,0.583211,-0.137057,0.605117
sample,963,drone,24.065170,2.689752,-0.870448,3.386177,0.278845,0.192870,-0.045325,0.867012,0.599691,-0.140929,0.605117
sample,964,drone,24.090160,2.696992,-0.865441,3.385000,0.300801,0.208057,-0.048894,0.889609,0.615321,-0.144602,0.605117
sample,965,drone,24.115150,2.704786,-0.860050,3.383733,0.323307,0.223623,-0.052552,0.910994,0.630112,-0.148078,0.605117
sample,966,drone,24.140140,2.713150,-0.854264,3.382374,0.346332,0.239549,-0.056295,0.931181,0.644075,-0.151360,0.605117
sample,967,drone,24.165129,2.722096,-0.848077,3.380920,0.369847,0.255814,-0.060117,0.950185,0.657219,-0.154449,0.605117
sample,968,drone,24.190119,2.731635,-0.841479,3.379369,0.393822,0.272397,-0.064014,0.968021,0.669556,-0.157348,0.605117
sample,969,drone,24.215109,2.741779,-0.834463,3.377720,0.418228,0.289278,-0.067981,0.984704,0.681096,-0.160060,0.605117
sample,970,drone,24.240099,2.752538,-0.827021,3.375972,0.443037,0.306438,-0.072014,1.000249,0.691848,-0.162586,0.605117
sample,971,drone,24.265089,2.763922,-0.819147,3.374121,0.468220,0.323856,-0.076107,1.014671,0.701823,-0.164931,0.605117
sample,972,drone,24.290078,2.775939,-0.810835,3.372168,0.493750,0.341515,-0.080257,1.027984,0.711031,-0.167095,0.605117
sample,973,drone,24.315068,2.788599,-0.802078,3.370110,0.519598,0.359393,-0.084459,1.040204,0.719483,-0.169081,0.605117
sample,974,drone,24.340058,2.801909,-0.792872,3.367947,0.545739,0.377474,-0.088708,1.051345,0.727189,-0.170892,0.605117
sample,975,drone,24.365048,2.815875,-0.783212,3.365676,0.572144,0.395738,-0.093000,1.061422,0.734160,-0.172530,0.605117
sample,976,drone,24.390038,2.830504,-0.773094,3.363298,0.598788,0.414167,-0.097331,1.070451,0.740404,-0.173997,0.605117
sample,977,drone,24.415027,2.845802,-0.762512,3.360812,0.625645,0.432743,-0.101696,1.078446,0.745934,-0.175297,0.605117
sample,978,drone,24.440017,2.861774,-0.751465,3.358216,0.652689,0.451449,-0.106092,1.085421,0.750759,-0.176431,0.605117
sample,979,drone,24.465007,2.878423,-0.739949,3.355509,0.679894,0.470266,-0.110514,1.091393,0.754889,-0.177401,0.605117
sample,980,drone,24.489997,2.895755,-0.727962,3.352692,0.707236,0.489178,-0.114958,1.096375,0.758335,-0.178211,0.605117
sample,981,drone,24.514987,2.913771,-0.715500,3.349764,0.734690,0.508167,-0.119421,1.100383,0.761108,-0.178863,0.605117
sample,982,drone,24.539976,2.932474,-0.702564,3.346724,0.762233,0.527217,-0.123898,1.103431,0.763216,-0.179358,0.605117
sample,983,drone,24.564966,2.951867,-0.689150,3.343571,0.789839,0.546312,-0.128385,1.105535,0.764671,-0.179700,0.605117
sample,984,drone,24.589956,2.971950,-0.675259,3.340307,0.817487,0.565435,-0.132879,1.106709,0.765483,-0.179891,0.605117
sample,985,drone,24.614946,2.992724,-0.660890,3.336930,0.845152,0.584571,-0.137376,1.106968,0.765663,-0.179933,0.605117
sample,986,drone,24.639936,3.014190,-0.646043,3.333441,0.872813,0.603703,-0.141872,1.106328,0.765220,-0.179829,0.605117
sample,987,drone,24.664925,3.036347,-0.630717,3.329839,0.900446,0.622816,-0.146364,1.104802,0.764164,-0.179581,0.605117
sample,988,drone,24.689915,3.059194,-0.614914,3.326126,0.928030,0.641895,-0.150848,1.102407,0.762507,-0.179192,0.605117
sample,989,drone,24.714905,3.082730,-0.598635,3.322300,0.955544,0.660926,-0.155320,1.099156,0.760259,-0.178663,0.605117
sample,990,drone,24.739895,3.106952,-0.581882,3.318363,0.982966,0.679893,-0.159777,1.095064,0.757429,-0.177998,0.605117
sample,991,drone,24.764884,3.131858,-0.564655,3.314315,1.010275,0.698782,-0.164216,1.090148,0.754028,-0.177199,0.605117
sample,992,drone,24.789874,3.157445,-0.546957,3.310156,1.037451,0.717579,-0.168633,1.084421,0.750067,-0.176268,0.605117
sample,993,drone,24.814864,3.183709,-0.528790,3.305886,1.064474,0.736270,-0.173026,1.077898,0.745555,-0.175208,0.605117
sample,994,drone,24.839854,3.210647,-0.510158,3.301508,1.091324,0.754841,-0.177390,1.070594,0.740503,-0.174021,0.605117
sample,995,drone,24.864844,3.238253,-0.491064,3.297020,1.117981,0.773280,-0.181723,1.062524,0.734922,-0.172709,0.605117
sample,996,drone,24.889833,3.266523,-0.471510,3.292425,1.144428,0.791573,-0.186022,1.053704,0.728821,-0.171275,0.605117
sample,997,drone,24.914823,3.295451,-0.451501,3.287723,1.170645,0.809706,-0.190284,1.044147,0.722211,-0.169722,0.605117
sample,998,drone,24.939813,3.325031,-0.431041,3.282915,1.196614,0.827668,-0.194505,1.033870,0.715102,-0.168051,0.605117
sample,999,drone,24.964803,3.355257,-0.410135,3.278002,1.222317,0.845447,-0.198683,1.022886,0.707505,-0.166266,0.605117
sample,1000,drone,24.989793,3.386122,-0.388786,3.272985,1.247738,0.863029,-0.202815,1.011210,0.699429,-0.164368,0.605117
sample,1001,drone,25.014782,3.417619,-0.367001,3.267865,1.272857,0.880404,-0.206898,0.998858,0.690885,-0.162360,0.605117
sample,1002,drone,25.039772,3.449739,-0.344784,3.262644,1.297660,0.897559,-0.210929,0.985845,0.681884,-0.160245,0.605117
sample,1003,drone,25.064762,3.482475,-0.322141,3.257323,1.322129,0.914484,-0.214907,0.972184,0.672436,-0.158025,0.605117
sample,1004,drone,25.089752,3.515819,-0.299078,3.251903,1.346249,0.931167,-0.218827,0.957892,0.662550,-0.155701,0.605117
sample,1005,drone,25.114742,3.549760,-0.275602,3.246386,1.370004,0.947598,-0.222689,0.942983,0.652238,-0.153278,0.605117
sample,1006,drone,25.139731,3.584291,-0.251718,3.240773,1.393379,0.963766,-0.226488,0.927472,0.641509,-0.150757,0.605117
sample,1007,drone,25.164721,3.619401,-0.227433,3.235066,1.416359,0.979660,-0.230223,0.911373,0.630374,-0.148140,0.605117
sample,1008,drone,25.189711,3.655080,-0.202755,3.229267,1.438929,0.995272,-0.233892,0.894703,0.618844,-0.145430,0.605117
sample,1009,drone,25.214701,3.691318,-0.177690,3.223377,1.461076,1.010590,-0.237492,0.877475,0.606928,-0.142630,0.605117
sample,1010,drone,25.239691,3.728104,-0.152246,3.217397,1.482785,1.025606,-0.241021,0.859704,0.594636,-0.139741,0.605117
sample,1011,drone,25.264680,3.765427,-0.126431,3.211331,1.504044,1.040310,-0.244476,0.841406,0.581980,-0.136767,0.605117
sample,1012,drone,25.289670,3.803275,-0.100252,3.205178,1.524838,1.054693,-0.247856,0.822595,0.568969,-0.133710,0.605117
sample,1013,drone,25.314660,3.841638,-0.073718,3.198943,1.545157,1.068747,-0.251159,0.803287,0.555614,-0.130571,0.605117
sample,1014,drone,25.339650,3.880502,-0.046836,3.192626,1.564986,1.082462,-0.254382,0.783495,0.541924,-0.127354,0.605117
sample,1015,drone,25.364639,3.919855,-0.019617,3.186229,1.584315,1.095832,-0.257524,0.763236,0.527911,-0.124061,0.605117
sample,1016,drone,25.389629,3.959685,0.007933,3.179755,1.603132,1.108847,-0.260583,0.742523,0.513585,-0.120694,0.605117
sample,1017,drone,25.414619,3.999979,0.035803,3.173205,1.621426,1.121500,-0.263556,0.721372,0.498955,-0.117256,0.605117
sample,1018,drone,25.439609,4.040723,0.063985,3.166582,1.639186,1.133785,-0.266443,0.699798,0.484033,-0.113749,0.605117
sample,1019,drone,25.464599,4.081905,0.092469,3.159888,1.656402,1.145692,-0.269241,0.677816,0.468828,-0.110176,0.605117
sample,1020,drone,25.489588,4.123510,0.121246,3.153126,1.673063,1.157216,-0.271950,0.655439,0.453351,-0.106539,0.605117
sample,1021,drone,25.514578,4.165524,0.150306,3.146296,1.689161,1.168351,-0.274566,0.632685,0.437612,-0.102840,0.605117
sample,1022,drone,25.539568,4.207933,0.179640,3.139403,1.704685,1.179088,-0.277090,0.609566,0.421622,-0.099082,0.605117
sample,1023,drone,25.564558,4.250723,0.209237,3.132448,1.719626,1.189423,-0.279518,0.586098,0.405390,-0.095268,0.605117
sample,1024,drone,25.589548,4.293879,0.239087,3.125433,1.733978,1.199349,-0.281851,0.562297,0.388927,-0.091399,0.605117
sample,1025,drone,25.614537,4.337387,0.269180,3.118361,1.747730,1.208861,-0.284086,0.538176,0.372243,-0.087478,0.605117
sample,1026,drone,25.639527,4.381230,0.299505,3.111234,1.760875,1.217954,-0.286223,0.513751,0.355349,-0.083508,0.605117
sample,1027,drone,25.664517,4.425395,0.330053,3.104055,1.773407,1.226622,-0.288260,0.489037,0.338255,-0.079491,0.605117
sample,1028,drone,25.689507,4.469864,0.360811,3.096827,1.785317,1.234860,-0.290196,0.464049,0.320971,-0.075429,0.605117
sample,1029,drone,25.714497,4.514624,0.391770,3.089552,1.796600,1.242664,-0.292030,0.438801,0.303508,-0.071325,0.605117
sample,1030,drone,25.739486,4.559658,0.422919,3.082232,1.807248,1.250029,-0.293761,0.413308,0.285875,-0.067182,0.605117
sample,1031,drone,25.764476,4.604950,0.454246,3.074870,1.817257,1.256952,-0.295388,0.387585,0.268083,-0.063000,0.605117
sample,1032,drone,25.789466,4.650483,0.485741,3.067468,1.826620,1.263428,-0.296910,0.361648,0.250143,-0.058784,0.605117
sample,1033,drone,25.814456,4.696243,0.517392,3.060030,1.835332,1.269454,-0.298326,0.335511,0.232065,-0.054536,0.605117
sample,1034,drone,25.839446,4.742213,0.549188,3.052558,1.843388,1.275026,-0.299635,0.309189,0.213858,-0.050257,0.605117
sample,1035,drone,25.864435,4.788375,0.581117,3.045055,1.850785,1.280142,-0.300838,0.282696,0.195534,-0.045951,0.605117
sample,1036,drone,25.889425,4.834714,0.613169,3.037522,1.857517,1.284799,-0.301932,0.256048,0.177102,-0.041620,0.605117
sample,1037,drone,25.914415,4.881213,0.645331,3.029964,1.863582,1.288994,-0.302918,0.229260,0.158573,-0.037265,0.605117
sample,1038,drone,25.939405,4.927855,0.677592,3.022383,1.868976,1.292724,-0.303794,0.202346,0.139958,-0.032891,0.605117
sample,1039,drone,25.964395,4.974624,0.709941,3.014781,1.873695,1.295989,-0.304562,0.175322,0.121266,-0.028498,0.605117
sample,1040,drone,25.989384,5.021502,0.742365,3.007161,1.877738,1.298785,-0.305219,0.148202,0.102508,-0.024090,0.605117
sample,1041,drone,26.014374,5.068472,0.774853,2.999526,1.881102,1.301112,-0.305766,0.121001,0.083694,-0.019668,0.605117
sample,1042,drone,26.039364,5.115518,0.807394,2.991879,1.883786,1.302968,-0.306202,0.093735,0.064834,-0.015236,0.605117
sample,1043,drone,26.064354,5.162623,0.839975,2.984222,1.885787,1.304352,-0.306527,0.066417,0.045939,-0.010796,0.605117
sample,1044,drone,26.089343,5.209769,0.872585,2.976559,1.887105,1.305264,-0.306741,0.039063,0.027019,-0.006350,0.605117
sample,1045,drone,26.114333,5.256940,0.905212,2.968891,1.887740,1.305703,-0.306844,0.011688,0.008084,-0.001900,0.605117
sample,1046,drone,26.139323,5.304118,0.937844,2.961223,1.887689,1.305668,-0.306836,-0.015694,-0.010855,0.002551,0.605117
sample,1047,drone,26.164313,5.351286,0.970469,2.953556,1.886955,1.305160,-0.306717,-0.043067,-0.029788,0.007000,0.605117
sample,1048,drone,26.189303,5.398427,1.003075,2.945893,1.885537,1.304179,-0.306486,-0.070416,-0.048705,0.011446,0.605117
sample,1049,drone,26.214292,5.445524,1.035651,2.938238,1.883436,1.302726,-0.306145,-0.097728,-0.067596,0.015885,0.605117
sample,1050,drone,26.239282,5.492560,1.068185,2.930592,1.880653,1.300801,-0.305692,-0.124986,-0.086449,0.020316,0.605117
sample,1051,drone,26.264272,5.539518,1.100664,2.922959,1.877189,1.298405,-0.305129,-0.152176,-0.105256,0.024736,0.605117
sample,1052,drone,26.289262,5.586381,1.133078,2.915342,1.873047,1.295540,-0.304456,-0.179282,-0.124005,0.029142,0.605117
sample,1053,drone,26.314252,5.633132,1.165415,2.907743,1.868229,1.292207,-0.303673,-0.206291,-0.142687,0.033532,0.605117
sample,1054,drone,26.339241,5.679755,1.197662,2.900164,1.862737,1.288409,-0.302780,-0.233188,-0.161290,0.037904,0.605117
sample,1055,drone,26.364231,5.726231,1.229809,2.892610,1.856574,1.284146,-0.301779,-0.259956,-0.179805,0.042255,0.605117
sample,1056,drone,26.389221,5.772545,1.261843,2.885082,1.849744,1.279422,-0.300668,-0.286582,-0.198222,0.046583,0.605117
sample,1057,drone,26.414211,5.818681,1.293754,2.877583,1.842251,1.274239,-0.299450,-0.313051,-0.216529,0.050885,0.605117
sample,1058,drone,26.439201,5.864620,1.325529,2.870115,1.834098,1.268600,-0.298125,-0.339347,-0.234718,0.055159,0.605117
sample,1059,drone,26.464190,5.910348,1.357158,2.862682,1.825290,1.262508,-0.296693,-0.365456,-0.252777,0.059403,0.605117
sample,1060,drone,26.489180,5.955848,1.388629,2.855287,1.815833,1.255966,-0.295156,-0.391363,-0.270696,0.063614,0.605117
sample,1061,drone,26.514170,6.001103,1.419931,2.847931,1.805730,1.248979,-0.293514,-0.417053,-0.288465,0.067790,0.605117
sample,1062,drone,26.539160,6.046097,1.451053,2.840617,1.794989,1.241549,-0.291768,-0.442510,-0.306073,0.071928,0.605117
sample,1063,drone,26.564150,6.090815,1.481983,2.833348,1.783614,1.233681,-0.289919,-0.467721,-0.323511,0.076026,0.605117
sample,1064,drone,26.589139,6.135242,1.512711,2.826127,1.771612,1.225380,-0.287968,-0.492671,-0.340768,0.080082,0.605117
sample,1065,drone,26.614129,6.179360,1.543227,2.818956,1.758990,1.216650,-0.285917,-0.517343,-0.357834,0.084092,0.605117
sample,1066,drone,26.639119,6.223155,1.573519,2.811837,1.745755,1.207496,-0.283765,-0.541725,-0.374698,0.088055,0.605117
sample,1067,drone,26.664109,6.266612,1.603577,2.804773,1.731915,1.197923,-0.281516,-0.565800,-0.391350,0.091968,0.605117
sample,1068,drone,26.689099,6.309716,1.633391,2.797767,1.717477,1.187936,-0.279169,-0.589553,-0.407779,0.095829,0.605117
sample,1069,drone,26.714088,6.352451,1.662950,2.790820,1.702449,1.177542,-0.276726,-0.612971,-0.423977,0.099636,0.605117
sample,1070,drone,26.739078,6.394803,1.692244,2.783936,1.686841,1.166746,-0.274189,-0.636037,-0.439931,0.103385,0.605117
sample,1071,drone,26.764068,6.436758,1.721263,2.777117,1.670661,1.155555,-0.271559,-0.658737,-0.455632,0.107075,0.605117
sample,1072,drone,26.789058,6.478302,1.749998,2.770364,1.653918,1.143974,-0.268838,-0.681057,-0.471070,0.110703,0.605117
sample,1073,drone,26.814047,6.519421,1.778439,2.763680,1.636622,1.132011,-0.266026,-0.702981,-0.486234,0.114267,0.605117
sample,1074,drone,26.839037,6.560100,1.806575,2.757068,1.618783,1.119672,-0.263127,-0.724494,-0.501115,0.117764,0.605117
sample,1075,drone,26.864027,6.600327,1.834399,2.750529,1.600412,1.106965,-0.260140,-0.745582,-0.515700,0.121191,0.605117
sample,1076,drone,26.889017,6.640088,1.861901,2.744066,1.581519,1.093898,-0.257069,-0.766229,-0.529982,0.124547,0.605117
sample,1077,drone,26.914007,6.679370,1.889072,2.737681,1.562116,1.080477,-0.253916,-0.786421,-0.543948,0.127829,0.605117
sample,1078,drone,26.938996,6.718162,1.915903,2.731376,1.542214,1.066711,-0.250681,-0.806143,-0.557589,0.131035,0.605117
sample,1079,drone,26.963986,6.756450,1.942386,2.725152,1.521825,1.052609,-0.247366,-0.825379,-0.570894,0.134162,0.605117
sample,1080,drone,26.988976,6.794222,1.968512,2.719012,1.500962,1.038178,-0.243975,-0.844116,-0.583854,0.137208,0.605117
sample,1081,drone,27.013966,6.831467,1.994273,2.712958,1.479637,1.023428,-0.240509,-0.862338,-0.596458,0.140169,0.605117
sample,1082,drone,27.038956,6.868173,2.019662,2.706992,1.457863,1.008367,-0.236970,-0.880030,-0.608695,0.143045,0.605117
sample,1083,drone,27.063945,6.904330,2.044671,2.701115,1.435653,0.993006,-0.233360,-0.897177,-0.620555,0.145832,0.605117
sample,1084,drone,27.088935,6.939927,2.069292,2.695329,1.413022,0.977352,-0.229681,-0.913765,-0.632029,0.148529,0.605117
sample,1085,drone,27.113925,6.974953,2.093519,2.689635,1.389984,0.961417,-0.225936,-0.929778,-0.643105,0.151132,0.605117
sample,1086,drone,27.138915,7.009398,2.117344,2.684036,1.366552,0.945210,-0.222127,-0.945202,-0.653773,0.153639,0.605117
sample,1087,drone,27.163905,7.043252,2.140760,2.678533,1.342743,0.928742,-0.218257,-0.960022,-0.664023,0.156048,0.605117
sample,1088,drone,27.188894,7.076507,2.163762,2.673128,1.318571,0.912023,-0.214328,-0.974223,-0.673846,0.158356,0.605117
sample,1089,drone,27.213884,7.109154,2.186342,2.667821,1.294051,0.895063,-0.210343,-0.987789,-0.683229,0.160561,0.605117
sample,1090,drone,27.238874,7.141184,2.208497,2.662615,1.269201,0.877875,-0.206303,-1.000707,-0.692164,0.162661,0.605117
sample,1091,drone,27.263864,7.172588,2.230218,2.657510,1.244037,0.860469,-0.202213,-1.012961,-0.700640,0.164653,0.605117
sample,1092,drone,27.288854,7.203360,2.251502,2.652509,1.218574,0.842857,-0.198074,-1.024536,-0.708646,0.166534,0.605117
sample,1093,drone,27.313843,7.233492,2.272344,2.647611,1.192831,0.825051,-0.193890,-1.035418,-0.716173,0.168303,0.605117
sample,1094,drone,27.338833,7.262977,2.292738,2.642818,1.166824,0.807063,-0.189663,-1.045591,-0.723209,0.169957,0.605117
sample,1095,drone,27.363823,7.291809,2.312681,2.638131,1.140572,0.788906,-0.185395,-1.055041,-0.729746,0.171493,0.605117
sample,1096,drone,27.388813,7.319982,2.332167,2.633552,1.114094,0.770591,-0.181091,-1.063752,-0.735771,0.172909,0.605117
sample,1097,drone,27.413802,7.347491,2.351194,2.629081,1.087407,0.752132,-0.176753,-1.071711,-0.741276,0.174202,0.605117
sample,1098,drone,27.438792,7.374331,2.369759,2.624718,1.060530,0.733542,-0.172385,-1.078901,-0.746249,0.175371,0.605117
sample,1099,drone,27.463782,7.400496,2.387857,2.620465,1.033484,0.714835,-0.167989,-1.085309,-0.750681,0.176412,0.605117
sample,1100,drone,27.488772,7.425984,2.405486,2.616322,1.006287,0.696024,-0.163568,-1.090918,-0.754561,0.177324,0.605117
sample,1101,drone,27.513762,7.450790,2.422644,2.612290,0.978960,0.677122,-0.159126,-1.095715,-0.757879,0.178104,0.605117
sample,1102,drone,27.538751,7.474912,2.439328,2.608369,0.951523,0.658145,-0.154666,-1.099684,-0.760624,0.178749,0.605117
sample,1103,drone,27.563741,7.498347,2.455537,2.604560,0.923998,0.639107,-0.150192,-1.102811,-0.762787,0.179257,0.605117
sample,1104,drone,27.588731,7.521093,2.471270,2.600862,0.896405,0.620021,-0.145707,-1.105080,-0.764357,0.179626,0.605117
sample,1105,drone,27.613721,7.543149,2.486526,2.597277,0.868767,0.600904,-0.141214,-1.106477,-0.765323,0.179853,0.605117
sample,1106,drone,27.638711,7.564513,2.501303,2.593805,0.841104,0.581771,-0.136718,-1.106987,-0.765676,0.179936,0.605117
sample,1107,drone,27.663700,7.585187,2.515602,2.590444,0.813440,0.562636,-0.132221,-1.106595,-0.765404,0.179872,0.605117
sample,1108,drone,27.688690,7.605169,2.529424,2.587196,0.785797,0.543516,-0.127728,-1.105286,-0.764499,0.179660,0.605117
sample,1109,drone,27.713680,7.624460,2.542767,2.584060,0.758198,0.524427,-0.123242,-1.103045,-0.762949,0.179295,0.605117
sample,1110,drone,27.738670,7.643063,2.555634,2.581037,0.730667,0.505384,-0.118767,-1.099857,-0.760744,0.178777,0.605117
sample,1111,drone,27.763660,7.660979,2.568026,2.578124,0.703228,0.486405,-0.114307,-1.095707,-0.757874,0.178103,0.605117
sample,1112,drone,27.788649,7.678210,2.579945,2.575324,0.675904,0.467506,-0.109865,-1.090581,-0.754328,0.177270,0.605117
sample,1113,drone,27.813639,7.694760,2.591392,2.572633,0.648721,0.448704,-0.105447,-1.084464,-0.750097,0.176275,0.605117
sample,1114,drone,27.838629,7.710633,2.602371,2.570053,0.621703,0.430017,-0.101055,-1.077340,-0.745169,0.175117,0.605117
sample,1115,drone,27.863619,7.725833,2.612884,2.567583,0.594876,0.411461,-0.096695,-1.069195,-0.739536,0.173793,0.605117
sample,1116,drone,27.888609,7.740365,2.622935,2.565221,0.568265,0.393055,-0.092369,-1.060014,-0.733185,0.172301,0.605117
sample,1117,drone,27.913598,7.754234,2.632529,2.562966,0.541897,0.374817,-0.088083,-1.049782,-0.726108,0.170638,0.605117
sample,1118,drone,27.938588,7.767448,2.641668,2.560818,0.515798,0.356764,-0.083841,-1.038484,-0.718293,0.168801,0.605117
sample,1119,drone,27.963578,7.780014,2.650360,2.558776,0.489994,0.338917,-0.079647,-1.026105,-0.709731,0.166789,0.605117
sample,1120,drone,27.988568,7.791938,2.658607,2.556838,0.464513,0.321292,-0.075505,-1.012630,-0.700411,0.164599,0.605117
sample,1121,drone,28.013558,7.803230,2.666418,2.555002,0.439383,0.303910,-0.071420,-0.998045,-0.690323,0.162228,0.605117
sample,1122,drone,28.038547,7.813898,2.673797,2.553268,0.414631,0.286790,-0.067397,-0.982335,-0.679457,0.159675,0.605117
sample,1123,drone,28.063537,7.823953,2.680751,2.551634,0.390286,0.269951,-0.063439,-0.965484,-0.667801,0.156935,0.605117
sample,1124,drone,28.088527,7.833405,2.687289,2.550097,0.366377,0.253414,-0.059553,-0.947478,-0.655347,0.154009,0.605117
sample,1125,drone,28.113517,7.842264,2.693417,2.548657,0.342932,0.237198,-0.055742,-0.928301,-0.642083,0.150892,0.605117
sample,1126,drone,28.138506,7.850544,2.699144,2.547311,0.319981,0.221323,-0.052012,-0.907940,-0.628000,0.147582,0.605117
sample,1127,drone,28.163496,7.858257,2.704478,2.546058,0.297553,0.205810,-0.048366,-0.886379,-0.613086,0.144077,0.605117
sample,1128,drone,28.188486,7.865416,2.709430,2.544894,0.275680,0.190681,-0.044811,-0.863603,-0.597333,0.140375,0.605117
sample,1129,drone,28.213476,7.872035,2.714009,2.543818,0.254391,0.175956,-0.041350,-0.839597,-0.580728,0.136473,0.605117
sample,1130,drone,28.238466,7.878130,2.718224,2.542827,0.233717,0.161656,-0.037990,-0.814347,-0.563263,0.132369,0.605117
sample,1131,drone,28.263455,7.883716,2.722088,2.541919,0.213690,0.147804,-0.034734,-0.787837,-0.544927,0.128060,0.605117
sample,1132,drone,28.288445,7.888810,2.725612,2.541091,0.194342,0.134421,-0.031589,-0.760053,-0.525709,0.123543,0.605117
sample,1133,drone,28.313435,7.893429,2.728806,2.540341,0.175703,0.121530,-0.028560,-0.730979,-0.505600,0.118818,0.605117
sample,1134,drone,28.338425,7.897592,2.731686,2.539664,0.157807,0.109152,-0.025651,-0.700601,-0.484589,0.113880,0.605117
sample,1135,drone,28.363415,7.901317,2.734262,2.539059,0.140687,0.097310,-0.022868,-0.668904,-0.462665,0.108728,0.605117
sample,1136,drone,28.388404,7.904623,2.736549,2.538521,0.124376,0.086028,-0.020217,-0.635874,-0.439818,0.103359,0.605117
sample,1137,drone,28.413394,7.907533,2.738561,2.538048,0.108907,0.075328,-0.017702,-0.601494,-0.416039,0.097770,0.605117
sample,1138,drone,28.438384,7.910067,2.740314,2.537636,0.094313,0.065234,-0.015330,-0.565751,-0.391316,0.091960,0.605117
sample,1139,drone,28.463374,7.912247,2.741822,2.537282,0.080631,0.055770,-0.013106,-0.528629,-0.365639,0.085926,0.605117
sample,1140,drone,28.488364,7.914096,2.743101,2.536981,0.067893,0.046960,-0.011036,-0.490113,-0.338999,0.079666,0.605117
sample,1141,drone,28.513353,7.915640,2.744169,2.536730,0.056135,0.038827,-0.009125,-0.450189,-0.311385,0.073176,0.605117
sample,1142,drone,28.538343,7.916902,2.745042,2.536525,0.045393,0.031397,-0.007378,-0.408842,-0.282786,0.066456,0.605117
sample,1143,drone,28.563333,7.917909,2.745738,2.536362,0.035701,0.024694,-0.005803,-0.366057,-0.253192,0.059501,0.605117
sample,1144,drone,28.588323,7.918686,2.746276,2.536235,0.027097,0.018742,-0.004405,-0.321818,-0.222594,0.052310,0.605117
sample,1145,drone,28.613313,7.919263,2.746675,2.536141,0.019617,0.013569,-0.003189,-0.276112,-0.190980,0.044881,0.605117
sample,1146,drone,28.638302,7.919667,2.746954,2.536076,0.013297,0.009197,-0.002161,-0.228922,-0.158340,0.037210,0.605117
sample,1147,drone,28.663292,7.919928,2.747134,2.536033,0.008175,0.005655,-0.001329,-0.180235,-0.124664,0.029296,0.605117
sample,1148,drone,28.688282,7.920075,2.747237,2.536009,0.004289,0.002967,-0.000697,-0.130035,-0.089942,0.021137,0.605117
sample,1149,drone,28.713272,7.920142,2.747283,2.535999,0.001676,0.001160,-0.000272,-0.075717,-0.054814,0.013185,0.605117
sample,1150,drone,28.738261,7.920159,2.747295,2.535996,0.000505,0.000227,-0.000038,0.035653,-0.032772,0.014851,0.422805
sample,1151,drone,28.763251,7.920167,2.747294,2.535997,0.003458,-0.000478,0.000470,0.291959,-0.047190,0.042104,-0.137469
sample,1152,drone,28.788241,7.920332,2.747271,2.536019,0.015097,-0.002131,0.002066,0.672100,-0.095083,0.092053,-0.140252
sample,1153,drone,28.813231,7.920922,2.747188,2.536100,0.037050,-0.005231,0.005071,1.067417,-0.150697,0.146085,-0.140252
sample,1154,drone,28.838221,7.922184,2.747009,2.536273,0.068446,-0.009663,0.009367,1.426637,-0.201411,0.195248,-0.140252
sample,1155,drone,28.863210,7.924343,2.746705,2.536568,0.108352,-0.015297,0.014829,1.749081,-0.246933,0.239377,-0.140252
sample,1156,drone,28.888200,7.927599,2.746245,2.537014,0.155864,-0.022005,0.021331,2.035917,-0.287428,0.278633,-0.140252
sample,1157,drone,28.913190,7.932133,2.745605,2.537634,0.210107,-0.029663,0.028755,2.288313,-0.323062,0.313176,-0.140252
sample,1158,drone,28.938180,7.938100,2.744762,2.538451,0.270233,-0.038151,0.036984,2.507438,-0.353997,0.343165,-0.140252
sample,1159,drone,28.963170,7.945639,2.743698,2.539483,0.335427,-0.047355,0.045906,2.694460,-0.380401,0.368760,-0.140252
sample,1160,drone,28.988159,7.954865,2.742396,2.540745,0.404901,-0.057163,0.055414,2.850546,-0.402437,0.390122,-0.140252
sample,1161,drone,29.013149,7.965876,2.740841,2.542252,0.477896,-0.067469,0.065404,2.976864,-0.420270,0.407410,-0.140252
sample,1162,drone,29.038139,7.978750,2.739023,2.544014,0.553684,-0.078168,0.075776,3.074584,-0.434066,0.420784,-0.140252
sample,1163,drone,29.063129,7.993548,2.736934,2.546040,0.631563,-0.089163,0.086435,3.144872,-0.443990,0.430403,-0.140252
sample,1164,drone,29.088119,8.010315,2.734567,2.548334,0.710863,-0.100359,0.097288,3.188897,-0.450205,0.436428,-0.140252
sample,1165,drone,29.113108,8.029077,2.731918,2.550902,0.790943,-0.111664,0.108247,3.207827,-0.452877,0.439019,-0.140252
sample,1166,drone,29.138098,8.049846,2.728986,2.553744,0.871189,-0.122993,0.119230,3.202831,-0.452172,0.438335,-0.140252
sample,1167,drone,29.163088,8.072619,2.725771,2.556861,0.951019,-0.134264,0.130155,3.175075,-0.448254,0.434537,-0.140252
sample,1168,drone,29.188078,8.097378,2.722276,2.560249,1.029878,-0.145397,0.140948,3.125728,-0.441287,0.427783,-0.140252
sample,1169,drone,29.213068,8.124092,2.718504,2.563906,1.107241,-0.156319,0.151536,3.055959,-0.431437,0.418235,-0.140252
sample,1170,drone,29.238057,8.152717,2.714463,2.567823,1.182613,-0.166960,0.161851,2.966935,-0.418869,0.406051,-0.140252
sample,1171,drone,29.263047,8.183198,2.710160,2.571995,1.255528,-0.177254,0.171830,2.859825,-0.403747,0.391392,-0.140252
sample,1172,drone,29.288037,8.215468,2.705604,2.576411,1.325546,-0.187139,0.181413,2.735796,-0.386237,0.374418,-0.140252
sample,1173,drone,29.313027,8.249448,2.700807,2.581062,1.392262,-0.196558,0.190543,2.596017,-0.366503,0.355288,-0.140252
sample,1174,drone,29.338017,8.285052,2.695780,2.585934,1.455294,-0.205457,0.199170,2.441656,-0.344710,0.334162,-0.140252
sample,1175,drone,29.363006,8.322183,2.690538,2.591016,1.514294,-0.213786,0.207244,2.273880,-0.321024,0.311200,-0.140252
sample,1176,drone,29.387996,8.360736,2.685095,2.596292,1.568942,-0.221501,0.214723,2.093858,-0.295609,0.286563,-0.140252
sample,1177,drone,29.412986,8.400598,2.679467,2.601748,1.618945,-0.228561,0.221567,1.902758,-0.268629,0.260409,-0.140252
sample,1178,drone,29.437976,8.441650,2.673672,2.607366,1.664041,-0.234927,0.227738,1.701748,-0.240251,0.232899,-0.140252
sample,1179,drone,29.462965,8.483766,2.667726,2.613130,1.703997,-0.240568,0.233207,1.491996,-0.210638,0.204193,-0.140252
sample,1180,drone,29.487955,8.526815,2.661648,2.619022,1.738610,-0.245455,0.237944,1.274670,-0.179956,0.174450,-0.140252
sample,1181,drone,29.512945,8.570661,2.655458,2.625023,1.767705,-0.249563,0.241926,1.050938,-0.148370,0.143830,-0.140252
sample,1182,drone,29.537935,8.615165,2.649175,2.631113,1.791136,-0.252871,0.245133,0.821969,-0.116045,0.112494,-0.140252
sample,1183,drone,29.562925,8.660182,2.642820,2.637274,1.808786,-0.255362,0.247548,0.588930,-0.083145,0.080600,-0.140252
sample,1184,drone,29.587914,8.705567,2.636412,2.643486,1.820570,-0.257026,0.249161,0.352990,-0.049835,0.048310,-0.140252
sample,1185,drone,29.612904,8.751173,2.629974,2.649727,1.826429,-0.257853,0.249963,0.115316,-0.016280,0.015782,-0.140252
sample,1186,drone,29.637894,8.796851,2.623525,2.655979,1.826334,-0.257840,0.249950,-0.122923,0.017354,-0.016823,-0.140252
sample,1187,drone,29.662884,8.842452,2.617087,2.662219,1.820285,-0.256986,0.249122,-0.360560,0.050903,-0.049346,-0.140252
sample,1188,drone,29.687874,8.887828,2.610681,2.668430,1.808313,-0.255296,0.247483,-0.596426,0.084203,-0.081626,-0.140252
sample,1189,drone,29.712863,8.932831,2.604327,2.674589,1.790476,-0.252777,0.245042,-0.829353,0.117087,-0.113504,-0.140252
sample,1190,drone,29.737853,8.977316,2.598047,2.680677,1.766862,-0.249444,0.241810,-1.058173,0.149392,-0.144820,-0.140252
sample,1191,drone,29.762843,9.021138,2.591860,2.686674,1.737589,-0.245311,0.237804,-1.281718,0.180951,-0.175414,-0.140252
sample,1192,drone,29.787833,9.064159,2.585787,2.692562,1.702802,-0.240400,0.233043,-1.498819,0.211602,-0.205127,-0.140252
sample,1193,drone,29.812823,9.106244,2.579845,2.698322,1.662679,-0.234735,0.227552,-1.708310,0.241177,-0.233797,-0.140252
sample,1194,drone,29.837812,9.147259,2.574055,2.703935,1.617422,-0.228346,0.221358,-1.909022,0.269514,-0.261266,-0.140252
sample,1195,drone,29.862802,9.187082,2.568433,2.709385,1.567266,-0.221265,0.214494,-2.099786,0.296445,-0.287374,-0.140252
sample,1196,drone,29.887792,9.225591,2.562996,2.714655,1.512475,-0.213530,0.206995,-2.279435,0.321808,-0.311961,-0.140252
sample,1197,drone,29.912782,9.262675,2.557760,2.719731,1.453341,-0.205181,0.198902,-2.446800,0.345436,-0.334866,-0.140252
sample,1198,drone,29.937772,9.298228,2.552741,2.724596,1.390185,-0.196265,0.190259,-2.600714,0.367166,-0.355930,-0.140252
sample,1199,drone,29.962761,9.332155,2.547951,2.729240,1.323359,-0.186830,0.181113,-2.740008,0.386831,-0.374994,-0.140252
sample,1200,drone,29.987751,9.364369,2.543403,2.733648,1.253241,-0.176931,0.171517,-2.863514,0.404268,-0.391897,-0.140252
sample,1201,drone,30.012741,9.394792,2.539108,2.737812,1.180241,-0.166625,0.161526,-2.970065,0.419310,-0.406479,-0.140252
sample,1202,drone,30.037731,9.423357,2.535075,2.741721,1.104798,-0.155974,0.151201,-3.058492,0.431794,-0.418581,-0.140252
sample,1203,drone,30.062721,9.450009,2.531313,2.745369,1.027379,-0.145044,0.140606,-3.127627,0.441555,-0.428043,-0.140252
sample,1204,drone,30.087710,9.474705,2.527826,2.748749,0.948481,-0.133905,0.129808,-3.176302,0.448427,-0.434705,-0.140252
sample,1205,drone,30.112700,9.497414,2.524620,2.751857,0.868629,-0.122632,0.118879,-3.203348,0.452245,-0.438406,-0.140252
sample,1206,drone,30.137690,9.518119,2.521697,2.754690,0.788379,-0.111302,0.107897,-3.207599,0.452845,-0.438988,-0.140252
sample,1207,drone,30.162680,9.536817,2.519057,2.757249,0.708315,-0.099999,0.096939,-3.187885,0.450062,-0.436290,-0.140252
sample,1208,drone,30.187669,9.553520,2.516699,2.759535,0.629050,-0.088809,0.086091,-3.143039,0.443731,-0.430152,-0.140252
sample,1209,drone,30.212659,9.568256,2.514619,2.761552,0.551227,-0.077822,0.075440,-3.071893,0.433686,-0.420415,-0.140252
sample,1210,drone,30.237649,9.581070,2.512810,2.763306,0.475518,-0.067133,0.065079,-2.973278,0.419764,-0.406919,-0.140252
sample,1211,drone,30.262639,9.592023,2.511263,2.764805,0.402624,-0.056842,0.055103,-2.846026,0.401799,-0.389503,-0.140252
sample,1212,drone,30.287629,9.601193,2.509969,2.766060,0.333274,-0.047051,0.045612,-2.688970,0.379626,-0.368009,-0.140252
sample,1213,drone,30.312618,9.608679,2.508912,2.767084,0.268230,-0.037868,0.036710,-2.500941,0.353080,-0.342276,-0.140252
sample,1214,drone,30.337608,9.614599,2.508076,2.767894,0.208278,-0.029405,0.028505,-2.280771,0.321997,-0.312143,-0.140252
sample,1215,drone,30.362598,9.619089,2.507442,2.768509,0.154238,-0.021775,0.021109,-2.027293,0.286211,-0.277453,-0.140252
sample,1216,drone,30.387588,9.622308,2.506988,2.768949,0.106955,-0.015100,0.014638,-1.739337,0.245558,-0.238043,-0.140252
sample,1217,drone,30.412578,9.624435,2.506688,2.769241,0.067307,-0.009502,0.009211,-1.415737,0.199872,-0.193756,-0.140252
sample,1218,drone,30.437567,9.625672,2.506513,2.769410,0.036197,-0.005110,0.004954,-1.055323,0.148989,-0.144430,-0.140252
sample,1219,drone,30.462557,9.626244,2.506432,2.769488,0.014562,-0.002056,0.001993,-0.658781,0.092835,-0.090406,-0.140252
sample,1220,drone,30.487547,9.626400,2.506410,2.769509,0.003272,-0.000470,0.000435,-0.270728,0.033691,-0.043575,-0.142807
sample,1221,drone,30.512537,9.626407,2.506409,2.769510,0.001031,-0.000372,-0.000185,0.017116,-0.022806,-0.027018,-0.346238
sample,1222,drone,30.537527,9.626451,2.506392,2.769500,0.004127,-0.001610,-0.000915,0.187169,-0.073633,-0.042364,-0.371996
sample,1223,drone,30.562516,9.626614,2.506328,2.769464,0.010386,-0.004052,-0.002302,0.309377,-0.120707,-0.068581,-0.371996
sample,1224,drone,30.587506,9.626970,2.506189,2.769385,0.019590,-0.007643,-0.004342,0.424681,-0.165694,-0.094141,-0.371996
sample,1225,drone,30.612496,9.627593,2.505946,2.769247,0.031611,-0.012333,-0.007007,0.534913,-0.208703,-0.118576,-0.371996
sample,1226,drone,30.637486,9.628550,2.505573,2.769035,0.046324,-0.018074,-0.010269,0.640143,-0.249759,-0.141903,-0.371996
sample,1227,drone,30.662476,9.629908,2.505043,2.768734,0.063605,-0.024816,-0.014100,0.740444,-0.288893,-0.164137,-0.371996
sample,1228,drone,30.687465,9.631729,2.504332,2.768330,0.083331,-0.032513,-0.018472,0.835889,-0.326132,-0.185294,-0.371996
sample,1229,drone,30.712455,9.634073,2.503418,2.767811,0.105383,-0.041116,-0.023361,0.926549,-0.361504,-0.205391,-0.371996
sample,1230,drone,30.737445,9.636996,2.502277,2.767163,0.129640,-0.050581,-0.028738,1.012496,-0.395037,-0.224444,-0.371996
sample,1231,drone,30.762435,9.640552,2.500890,2.766374,0.155987,-0.060860,-0.034578,1.093804,-0.426760,-0.242467,-0.371996
sample,1232,drone,30.787424,9.644792,2.499236,2.765434,0.184308,-0.071910,-0.040856,1.170544,-0.456701,-0.259479,-0.371996
sample,1233,drone,30.812414,9.649764,2.497296,2.764332,0.214490,-0.083686,-0.047547,1.242787,-0.484888,-0.275493,-0.371996
sample,1234,drone,30.837404,9.655512,2.495053,2.763058,0.246422,-0.096144,-0.054625,1.310608,-0.511349,-0.290527,-0.371996
sample,1235,drone,30.862394,9.662080,2.492491,2.761602,0.279994,-0.109243,-0.062067,1.374077,-0.536112,-0.304597,-0.371996
sample,1236,drone,30.887384,9.669506,2.489593,2.759956,0.315098,-0.122939,-0.069849,1.433267,-0.559206,-0.317718,-0.371996
sample,1237,drone,30.912373,9.677828,2.486346,2.758111,0.351628,-0.137192,-0.077947,1.488251,-0.580659,-0.329906,-0.371996
sample,1238,drone,30.937363,9.687080,2.482736,2.756060,0.389480,-0.151960,-0.086337,1.539100,-0.600498,-0.341178,-0.371996
sample,1239,drone,30.962353,9.697294,2.478751,2.753796,0.428551,-0.167204,-0.094999,1.585886,-0.618752,-0.351549,-0.371996
sample,1240,drone,30.987343,9.708499,2.474379,2.751312,0.468742,-0.182885,-0.103908,1.628683,-0.635450,-0.361036,-0.371996
sample,1241,drone,31.012333,9.720722,2.469611,2.748603,0.509952,-0.198964,-0.113043,1.667561,-0.650619,-0.369654,-0.371996
sample,1242,drone,31.037322,9.733987,2.464435,2.745662,0.552086,-0.215403,-0.122383,1.702594,-0.664287,-0.377420,-0.371996
sample,1243,drone,31.062312,9.748315,2.458845,2.742486,0.595047,-0.232165,-0.131906,1.733853,-0.676483,-0.384350,-0.371996
sample,1244,drone,31.087302,9.763727,2.452832,2.739070,0.638743,-0.249213,-0.141592,1.761412,-0.687235,-0.390458,-0.371996
sample,1245,drone,31.112292,9.780239,2.446389,2.735410,0.683082,-0.266512,-0.151421,1.785341,-0.696572,-0.395763,-0.371996
sample,1246,drone,31.137282,9.797867,2.439512,2.731502,0.727974,-0.284027,-0.161373,1.805713,-0.704520,-0.400279,-0.371996
sample,1247,drone,31.162271,9.816623,2.432194,2.727344,0.773331,-0.301724,-0.171427,1.822601,-0.711109,-0.404022,-0.371996
sample,1248,drone,31.187261,9.836518,2.424432,2.722934,0.819066,-0.319568,-0.181565,1.836076,-0.716367,-0.407010,-0.371996
sample,1249,drone,31.212251,9.857559,2.416222,2.718270,0.865097,-0.337528,-0.191769,1.846211,-0.720321,-0.409256,-0.371996
sample,1250,drone,31.237241,9.879755,2.407562,2.713349,0.911339,-0.355570,-0.202020,1.853079,-0.723000,-0.410779,-0.371996
sample,1251,drone,31.262231,9.903108,2.398451,2.708173,0.957713,-0.373663,-0.212300,1.856750,-0.724433,-0.411592,-0.371996
sample,1252,drone,31.287220,9.927621,2.388887,2.702739,1.004139,-0.391777,-0.222591,1.857298,-0.724647,-0.411714,-0.371996
sample,1253,drone,31.312210,9.953294,2.378870,2.697048,1.050540,-0.409881,-0.232877,1.854795,-0.723670,-0.411159,-0.371996
sample,1254,drone,31.337200,9.980126,2.368401,2.691100,1.096841,-0.427945,-0.243141,1.849313,-0.721531,-0.409944,-0.371996
sample,1255,drone,31.362190,10.008114,2.357481,2.684896,1.142968,-0.445942,-0.253366,1.840924,-0.718258,-0.408084,-0.371996
sample,1256,drone,31.387180,10.037251,2.346113,2.678437,1.188849,-0.463844,-0.263537,1.829700,-0.713879,-0.405596,-0.371996
sample,1257,drone,31.412169,10.067532,2.334299,2.671724,1.234416,-0.481622,-0.273637,1.815714,-0.708422,-0.402496,-0.371996
sample,1258,drone,31.437159,10.098947,2.322042,2.664760,1.279598,-0.499250,-0.283653,1.799038,-0.701916,-0.398799,-0.371996
sample,1259,drone,31.462149,10.131486,2.309346,2.657547,1.324331,-0.516703,-0.293569,1.779744,-0.694388,-0.394522,-0.371996
sample,1260,drone,31.487139,10.165137,2.296217,2.650088,1.368549,-0.533955,-0.303371,1.757904,-0.685867,-0.389681,-0.371996
sample,1261,drone,31.512128,10.199885,2.282659,2.642385,1.412190,-0.550983,-0.313045,1.733591,-0.676381,-0.384291,-0.371996
sample,1262,drone,31.537118,10.235717,2.268679,2.634442,1.455193,-0.567761,-0.322578,1.706877,-0.665958,-0.378369,-0.371996
sample,1263,drone,31.562108,10.272615,2.254283,2.626263,1.497499,-0.584267,-0.331956,1.677833,-0.654626,-0.371931,-0.371996
sample,1264,drone,31.587098,10.310562,2.239478,2.617851,1.539051,-0.600479,-0.341167,1.646533,-0.642414,-0.364993,-0.371996
sample,1265,drone,31.612088,10.349536,2.224271,2.609211,1.579792,-0.616374,-0.350198,1.613047,-0.629349,-0.357570,-0.371996
sample,1266,drone,31.637077,10.389519,2.208672,2.600348,1.619670,-0.631933,-0.359038,1.577450,-0.615461,-0.349679,-0.371996
sample,1267,drone,31.662067,10.430487,2.192688,2.591267,1.658632,-0.647135,-0.367675,1.539812,-0.600776,-0.341336,-0.371996
sample,1268,drone,31.687057,10.472417,2.176328,2.581972,1.696629,-0.661960,-0.376098,1.500207,-0.585323,-0.332556,-0.371996
sample,1269,drone,31.712047,10.515284,2.159603,2.572470,1.733612,-0.676389,-0.384296,1.458706,-0.569131,-0.323356,-0.371996
sample,1270,drone,31.737037,10.559062,2.142522,2.562765,1.769535,-0.690405,-0.392259,1.415381,-0.552227,-0.313753,-0.371996
sample,1271,drone,31.762026,10.603724,2.125097,2.552865,1.804352,-0.703989,-0.399977,1.370305,-0.534640,-0.303760,-0.371996
sample,1272,drone,31.787016,10.649243,2.107337,2.542774,1.838022,-0.717126,-0.407441,1.323550,-0.516398,-0.293396,-0.371996
sample,1273,drone,31.812006,10.695588,2.089255,2.532501,1.870503,-0.729799,-0.414641,1.275188,-0.497529,-0.282675,-0.371996
sample,1274,drone,31.836996,10.742730,2.070862,2.522051,1.901755,-0.741992,-0.421569,1.225291,-0.478062,-0.271615,-0.371996
sample,1275,drone,31.861986,10.790637,2.052171,2.511431,1.931742,-0.753692,-0.428216,1.173932,-0.458023,-0.260230,-0.371996
sample,1276,drone,31.886975,10.839277,2.033193,2.500649,1.960428,-0.764884,-0.434575,1.121183,-0.437443,-0.248537,-0.371996
sample,1277,drone,31.911965,10.888618,2.013942,2.489711,1.987778,-0.775555,-0.440638,1.067115,-0.416348,-0.236551,-0.371996
sample,1278,drone,31.936955,10.938626,1.994431,2.478626,2.013762,-0.785693,-0.446398,1.011803,-0.394767,-0.224290,-0.371996
sample,1279,drone,31.961945,10.989265,1.974674,2.467400,2.038348,-0.795285,-0.451848,0.955316,-0.372728,-0.211768,-0.371996
sample,1280,drone,31.986935,11.040501,1.954683,2.456043,2.061508,-0.804322,-0.456982,0.897728,-0.350259,-0.199003,-0.371996
sample,1281,drone,32.011924,11.092299,1.934474,2.444561,2.083216,-0.812791,-0.461794,0.839112,-0.327389,-0.186009,-0.371996
sample,1282,drone,32.036914,11.144620,1.914060,2.432962,2.103447,-0.820684,-0.466279,0.779538,-0.304146,-0.172803,-0.371996
sample,1283,drone,32.061904,11.197428,1.893456,2.421256,2.122177,-0.827992,-0.470431,0.719079,-0.280557,-0.159401,-0.371996
sample,1284,drone,32.086894,11.250685,1.872677,2.409450,2.139386,-0.834707,-0.474245,0.657809,-0.256652,-0.145819,-0.371996
sample,1285,drone,32.111884,11.304354,1.851738,2.397554,2.155054,-0.840820,-0.477719,0.595798,-0.232458,-0.132073,-0.371996
sample,1286,drone,32.136873,11.358394,1.830654,2.385574,2.169164,-0.846325,-0.480846,0.533119,-0.208003,-0.118178,-0.371996
sample,1287,drone,32.161863,11.412767,1.809439,2.373521,2.181699,-0.851216,-0.483625,0.469844,-0.183315,-0.104152,-0.371996
sample,1288,drone,32.186853,11.467434,1.788110,2.361403,2.192646,-0.855487,-0.486052,0.406046,-0.158424,-0.090010,-0.371996
sample,1289,drone,32.211843,11.522355,1.766682,2.349228,2.201993,-0.859133,-0.488124,0.341796,-0.133356,-0.075767,-0.371996
sample,1290,drone,32.236832,11.577489,1.745171,2.337007,2.209729,-0.862152,-0.489839,0.277168,-0.108140,-0.061441,-0.371996
sample,1291,drone,32.261822,11.632796,1.723592,2.324747,2.215846,-0.864538,-0.491194,0.212232,-0.082805,-0.047046,-0.371996
sample,1292,drone,32.286812,11.688236,1.701962,2.312457,2.220336,-0.866290,-0.492190,0.147062,-0.057378,-0.032600,-0.371996
sample,1293,drone,32.311802,11.743768,1.680296,2.300147,2.223196,-0.867406,-0.492824,0.081729,-0.031888,-0.018117,-0.371996
sample,1294,drone,32.336792,11.799351,1.658609,2.287826,2.224421,-0.867884,-0.493095,0.016307,-0.006362,-0.003615,-0.371996
sample,1295,drone,32.361781,11.854943,1.636919,2.275502,2.224011,-0.867724,-0.493004,-0.049134,0.019170,0.010892,-0.371996
sample,1296,drone,32.386771,11.910506,1.615241,2.263186,2.221965,-0.866926,-0.492551,-0.114521,0.044682,0.025386,-0.371996
sample,1297,drone,32.411761,11.965996,1.593590,2.250885,2.218287,-0.865491,-0.491736,-0.179781,0.070144,0.039853,-0.371996
sample,1298,drone,32.436751,12.021375,1.571984,2.238609,2.212980,-0.863420,-0.490559,-0.244843,0.095528,0.054275,-0.371996
sample,1299,drone,32.461741,12.076600,1.550437,2.226367,2.206050,-0.860716,-0.489023,-0.309633,0.120807,0.068637,-0.371996
sample,1300,drone,32.486730,12.131632,1.528966,2.214168,2.197505,-0.857382,-0.487129,-0.374081,0.145952,0.082924,-0.371996
sample,1301,drone,32.511720,12.186431,1.507585,2.202020,2.187354,-0.853422,-0.484879,-0.438113,0.170935,0.097118,-0.371996
sample,1302,drone,32.536710,12.240955,1.486312,2.189934,2.175608,-0.848839,-0.482275,-0.501657,0.195728,0.111204,-0.371996
sample,1303,drone,32.561700,12.295167,1.465161,2.177917,2.162281,-0.843639,-0.479321,-0.564642,0.220302,0.125166,-0.371996
sample,1304,drone,32.586690,12.349025,1.444147,2.165977,2.147387,-0.837828,-0.476019,-0.626995,0.244630,0.138988,-0.371996
sample,1305,drone,32.611679,12.402492,1.423286,2.154125,2.130944,-0.831413,-0.472374,-0.688644,0.268682,0.152654,-0.371996
sample,1306,drone,32.636669,12.455529,1.402594,2.142368,2.112969,-0.824400,-0.468389,-0.749516,0.292433,0.166148,-0.371996
sample,1307,drone,32.661659,12.508097,1.382083,2.130715,2.093484,-0.816797,-0.464070,-0.809540,0.315851,0.179454,-0.371996
sample,1308,drone,32.686649,12.560160,1.361770,2.119174,2.072509,-0.808614,-0.459420,-0.868642,0.338911,0.192555,-0.371996
sample,1309,drone,32.711639,12.611681,1.341669,2.107754,2.050069,-0.799859,-0.454446,-0.926752,0.361583,0.205436,-0.371996
sample,1310,drone,32.736628,12.662622,1.321794,2.096461,2.026190,-0.790542,-0.449153,-0.983796,0.383840,0.218082,-0.371996
sample,1311,drone,32.761618,12.712949,1.302158,2.085305,2.000899,-0.780674,-0.443547,-1.039703,0.405652,0.230475,-0.371996
sample,1312,drone,32.786608,12.762626,1.282776,2.074293,1.974226,-0.770268,-0.437634,-1.094400,0.426993,0.242600,-0.371996
sample,1313,drone,32.811598,12.811620,1.263661,2.063433,1.946202,-0.759334,-0.431422,-1.147815,0.447834,0.254440,-0.371996
sample,1314,drone,32.836587,12.859896,1.244825,2.052731,1.916859,-0.747885,-0.424917,-1.199876,0.468146,0.265981,-0.371996
sample,1315,drone,32.861577,12.907424,1.226282,2.042195,1.886232,-0.735936,-0.418128,-1.250510,0.487901,0.277205,-0.371996
sample,1316,drone,32.886567,12.954170,1.208043,2.031833,1.854359,-0.723500,-0.411062,-1.299646,0.507072,0.288097,-0.371996
sample,1317,drone,32.911557,13.000104,1.190121,2.021651,1.821277,-0.710593,-0.403729,-1.347211,0.525630,0.298641,-0.371996
sample,1318,drone,32.936547,13.045196,1.172528,2.011655,1.787026,-0.697229,-0.396136,-1.393133,0.543547,0.308821,-0.371996
sample,1319,drone,32.961536,13.089418,1.155274,2.001852,1.751649,-0.683426,-0.388294,-1.437339,0.560795,0.318620,-0.371996
sample,1320,drone,32.986526,13.132743,1.138371,1.992248,1.715188,-0.669201,-0.380212,-1.479758,0.577345,0.328023,-0.371996
sample,1321,drone,33.011516,13.175143,1.121828,1.982849,1.677691,-0.654571,-0.371900,-1.520318,0.593170,0.337014,-0.371996
sample,1322,drone,33.036506,13.216593,1.105655,1.973661,1.639203,-0.639555,-0.363368,-1.558945,0.608241,0.345577,-0.371996
sample,1323,drone,33.061496,13.257070,1.089863,1.964688,1.599775,-0.624171,-0.354628,-1.595568,0.622530,0.353695,-0.371996
sample,1324,drone,33.086485,13.296549,1.074460,1.955936,1.559458,-0.608441,-0.345691,-1.630115,0.636008,0.361353,-0.371996
sample,1325,drone,33.111475,13.335011,1.059453,1.947411,1.518303,-0.592384,-0.336568,-1.662513,0.648649,0.368535,-0.371996
sample,1326,drone,33.136465,13.372433,1.044852,1.939115,1.476366,-0.576022,-0.327271,-1.692690,0.660423,0.375225,-0.371996
sample,1327,drone,33.161455,13.408799,1.030664,1.931054,1.433703,-0.559376,-0.317814,-1.720574,0.671302,0.381406,-0.371996
sample,1328,drone,33.186445,13.444089,1.016895,1.923231,1.390372,-0.542470,-0.308209,-1.746093,0.681259,0.387063,-0.371996
sample,1329,drone,33.211434,13.478289,1.003552,1.915650,1.346434,-0.525327,-0.298469,-1.769175,0.690264,0.392179,-0.371996
sample,1330,drone,33.236424,13.511383,0.990639,1.908313,1.301950,-0.507971,-0.288608,-1.789746,0.698291,0.396739,-0.371996
sample,1331,drone,33.261414,13.543360,0.978164,1.901225,1.256983,-0.490427,-0.278640,-1.807736,0.705309,0.400727,-0.371996
sample,1332,drone,33.286404,13.574207,0.966128,1.894387,1.211600,-0.472720,-0.268580,-1.823072,0.711293,0.404127,-0.371996
sample,1333,drone,33.311394,13.603915,0.954537,1.887802,1.165867,-0.454877,-0.258442,-1.835681,0.716212,0.406922,-0.371996
sample,1334,drone,33.336383,13.632477,0.943394,1.881470,1.119853,-0.436924,-0.248242,-1.845491,0.720040,0.409097,-0.371996
sample,1335,drone,33.361373,13.659885,0.932700,1.875395,1.073630,-0.418889,-0.237995,-1.852431,0.722748,0.410635,-0.371996
sample,1336,drone,33.386363,13.686136,0.922458,1.869575,1.027270,-0.400801,-0.227719,-1.856428,0.724307,0.411521,-0.371996
sample,1337,drone,33.411353,13.711227,0.912668,1.864013,0.980846,-0.382689,-0.217428,-1.857409,0.724690,0.411739,-0.371996
sample,1338,drone,33.436343,13.735158,0.903331,1.858708,0.934437,-0.364582,-0.207140,-1.855303,0.723868,0.411272,-0.371996
sample,1339,drone,33.461332,13.757930,0.894446,1.853660,0.888119,-0.346510,-0.196873,-1.850037,0.721814,0.410104,-0.371996
sample,1340,drone,33.486322,13.779546,0.886013,1.848869,0.841973,-0.328506,-0.186643,-1.841540,0.718498,0.408221,-0.371996
sample,1341,drone,33.511312,13.800012,0.878028,1.844332,0.796080,-0.310600,-0.176470,-1.829738,0.713894,0.405605,-0.371996
sample,1342,drone,33.536302,13.819334,0.870489,1.840049,0.750523,-0.292826,-0.166371,-1.814560,0.707972,0.402240,-0.371996
sample,1343,drone,33.561291,13.837523,0.863392,1.836017,0.705389,-0.275216,-0.156366,-1.795933,0.700704,0.398111,-0.371996
sample,1344,drone,33.586281,13.854589,0.856734,1.832234,0.660763,-0.257805,-0.146474,-1.773785,0.692063,0.393201,-0.371996
sample,1345,drone,33.611271,13.870547,0.850508,1.828696,0.616736,-0.240627,-0.136714,-1.748044,0.682020,0.387495,-0.371996
sample,1346,drone,33.636261,13.885413,0.844707,1.825401,0.573397,-0.223718,-0.127107,-1.718639,0.670547,0.380977,-0.371996
sample,1347,drone,33.661251,13.899205,0.839326,1.822344,0.530839,-0.207113,-0.117673,-1.685495,0.657616,0.373630,-0.371996
sample,1348,drone,33.686240,13.911944,0.834356,1.819520,0.489157,-0.190850,-0.108433,-1.648542,0.643198,0.365438,-0.371996
sample,1349,drone,33.711230,13.923653,0.829788,1.816924,0.448446,-0.174966,-0.099409,-1.607707,0.627266,0.356386,-0.371996
sample,1350,drone,33.736220,13.934357,0.825611,1.814551,0.408804,-0.159500,-0.090621,-1.562918,0.609791,0.346458,-0.371996
sample,1351,drone,33.761210,13.944085,0.821816,1.812395,0.370332,-0.144489,-0.082093,-1.514102,0.590745,0.335637,-0.371996
sample,1352,drone,33.786200,13.952866,0.818390,1.810448,0.333130,-0.129974,-0.073846,-1.461188,0.570100,0.323907,-0.371996
sample,1353,drone,33.811189,13.960735,0.815320,1.808704,0.297302,-0.115996,-0.065904,-1.404103,0.547827,0.311253,-0.371996
sample,1354,drone,33.836179,13.967725,0.812592,1.807154,0.262953,-0.102594,-0.058290,-1.342776,0.523900,0.297658,-0.371996
sample,1355,drone,33.861169,13.973877,0.810192,1.805791,0.230191,-0.089812,-0.051027,-1.277132,0.498288,0.283107,-0.371996
sample,1356,drone,33.886159,13.979230,0.808104,1.804604,0.199123,-0.077690,-0.044140,-1.207102,0.470965,0.267583,-0.371996
sample,1357,drone,33.911149,13.983829,0.806309,1.803585,0.169860,-0.066273,-0.037654,-1.132612,0.441902,0.251070,-0.371996
sample,1358,drone,33.936138,13.987720,0.804791,1.802722,0.142515,-0.055604,-0.031592,-1.053589,0.411070,0.233553,-0.371996
sample,1359,drone,33.961128,13.990952,0.803530,1.802006,0.117202,-0.045728,-0.025981,-0.969963,0.378443,0.215015,-0.371996
sample,1360,drone,33.986118,13.993578,0.802506,1.801424,0.094037,-0.036690,-0.020845,-0.881660,0.343990,0.195441,-0.371996
sample,1361,drone,34.011108,13.995652,0.801696,1.800964,0.073137,-0.028535,-0.016213,-0.788609,0.307685,0.174814,-0.371996
sample,1362,drone,34.036098,13.997233,0.801080,1.800613,0.054623,-0.021312,-0.012108,-0.690737,0.269499,0.153118,-0.371996
sample,1363,drone,34.061087,13.998382,0.800631,1.800359,0.038614,-0.015066,-0.008560,-0.587972,0.229404,0.130338,-0.371996
sample,1364,drone,34.086077,13.999163,0.800327,1.800186,0.025236,-0.009846,-0.005594,-0.480242,0.187372,0.106457,-0.371996
sample,1365,drone,34.111067,13.999643,0.800139,1.800079,0.014612,-0.005701,-0.003239,-0.367474,0.143374,0.081459,-0.371996
sample,1366,drone,34.136057,13.999893,0.800042,1.800024,0.006870,-0.002680,-0.001523,-0.249597,0.097383,0.055329,-0.371996
sample,1367,drone,34.161046,13.999987,0.800005,1.800003,0.002137,-0.000834,-0.000474,-0.126649,0.049414,0.028075,-0.371996
sample,1368,drone,34.186036,14.000000,0.800000,1.800000,0.000540,-0.000211,-0.000120,-0.063926,0.024941,0.014171,-0.371996
