section,index,name,t,x,y,z,vx,vy,vz,ax,ay,az,yaw
crossing,1,G6,8.000000,11.810028,3.093473,3.317885,,,,,,
crossing,2,G1,15.540940,1.851381,1.660998,2.928175,,,,,,
crossing,3,G2,18.741604,3.328141,-0.930607,2.720583,,,,,,
crossing,4,G3,21.169814,5.479710,2.248286,2.412903,,,,,,
crossing,5,G5,24.359217,9.969616,0.368268,2.434478,,,,,,
crossing,6,G4,26.225972,7.773935,-1.050514,1.790426,,,,,,
sample,0,drone,0.000000,0.000000,-1.000000,1.200000,0.000143,0.000050,0.000026,0.017099,0.005927,0.003066,0.333649
sample,1,drone,0.024982,0.000004,-0.999999,1.200001,0.000570,0.000198,0.000102,0.034051,0.011802,0.006106,0.333651
sample,2,drone,0.049965,0.000029,-0.999990,1.200005,0.001845,0.000639,0.000331,0.067647,0.023447,0.012131,0.333651
sample,3,drone,0.074947,0.000096,-0.999967,1.200017,0.003950,0.001369,0.000708,0.100617,0.034875,0.018044,0.333651
sample,4,drone,0.099930,0.000226,-0.999922,1.200041,0.006872,0.002382,0.001232,0.132951,0.046082,0.023842,0.333651
sample,5,drone,0.124912,0.000439,-0.999848,1.200079,0.010593,0.003672,0.001900,0.164654,0.057071,0.029527,0.333652
sample,6,drone,0.149894,0.000755,-0.999738,1.200135,0.015099,0.005233,0.002708,0.195729,0.067842,0.035100,0.333652
sample,7,drone,0.174877,0.001194,-0.999586,1.200214,0.020373,0.007061,0.003653,0.226180,0.078396,0.040561,0.333652
sample,8,drone,0.199859,0.001773,-0.999385,1.200318,0.026400,0.009150,0.004734,0.256012,0.088736,0.045910,0.333652
sample,9,drone,0.224841,0.002513,-0.999129,1.200451,0.033164,0.011495,0.005947,0.285228,0.098863,0.051150,0.333652
sample,10,drone,0.249824,0.003430,-0.998811,1.200615,0.040651,0.014090,0.007290,0.313833,0.108778,0.056280,0.333652
sample,11,drone,0.274806,0.004544,-0.998425,1.200815,0.048845,0.016930,0.008759,0.341831,0.118482,0.061300,0.333652
sample,12,drone,0.299789,0.005871,-0.997965,1.201053,0.057731,0.020010,0.010353,0.369225,0.127977,0.066213,0.333652
sample,13,drone,0.324771,0.007428,-0.997425,1.201332,0.067293,0.023325,0.012068,0.396021,0.137265,0.071018,0.333652
sample,14,drone,0.349753,0.009233,-0.996800,1.201656,0.077518,0.026868,0.013901,0.422220,0.146346,0.075716,0.333652
sample,15,drone,0.374736,0.011301,-0.996083,1.202027,0.088389,0.030637,0.015851,0.447829,0.155222,0.080309,0.333652
sample,16,drone,0.399718,0.013649,-0.995269,1.202448,0.099894,0.034624,0.017914,0.472850,0.163895,0.084796,0.333652
sample,17,drone,0.424701,0.016293,-0.994353,1.202922,0.112015,0.038826,0.020088,0.497289,0.172365,0.089178,0.333652
sample,18,drone,0.449683,0.019246,-0.993329,1.203451,0.124740,0.043236,0.022370,0.521148,0.180635,0.093457,0.333652
sample,19,drone,0.474665,0.022525,-0.992193,1.204039,0.138054,0.047851,0.024757,0.544433,0.188706,0.097633,0.333652
sample,20,drone,0.499648,0.026144,-0.990938,1.204688,0.151943,0.052665,0.027248,0.567146,0.196578,0.101706,0.333652
sample,21,drone,0.524630,0.030117,-0.989561,1.205401,0.166392,0.057673,0.029839,0.589292,0.204255,0.105677,0.333652
sample,22,drone,0.549612,0.034458,-0.988057,1.206179,0.181387,0.062870,0.032528,0.610876,0.211736,0.109548,0.333652
sample,23,drone,0.574595,0.039180,-0.986420,1.207026,0.196914,0.068252,0.035312,0.631901,0.219023,0.113318,0.333652
sample,24,drone,0.599577,0.044297,-0.984646,1.207944,0.212960,0.073814,0.038190,0.652371,0.226118,0.116989,0.333652
sample,25,drone,0.624560,0.049820,-0.982732,1.208934,0.229510,0.079550,0.041158,0.672290,0.233022,0.120561,0.333652
sample,26,drone,0.649542,0.055764,-0.980672,1.210000,0.246550,0.085457,0.044214,0.691663,0.239737,0.124035,0.333652
sample,27,drone,0.674524,0.062139,-0.978462,1.211143,0.264068,0.091529,0.047355,0.710493,0.246264,0.127412,0.333652
sample,28,drone,0.699507,0.068958,-0.976098,1.212366,0.282050,0.097761,0.050580,0.728784,0.252604,0.130692,0.333652
sample,29,drone,0.724489,0.076232,-0.973577,1.213671,0.300482,0.104150,0.053885,0.746541,0.258759,0.133877,0.333652
sample,30,drone,0.749472,0.083972,-0.970895,1.215059,0.319351,0.110690,0.057269,0.763768,0.264729,0.136966,0.333652
sample,31,drone,0.774454,0.092188,-0.968047,1.216532,0.338643,0.117377,0.060729,0.780468,0.270518,0.139961,0.333652
sample,32,drone,0.799436,0.100892,-0.965030,1.218093,0.358347,0.124206,0.064262,0.796645,0.276125,0.142862,0.333652
sample,33,drone,0.824419,0.110093,-0.961841,1.219743,0.378448,0.131174,0.067867,0.812304,0.281553,0.145670,0.333652
sample,34,drone,0.849401,0.119801,-0.958476,1.221484,0.398933,0.138274,0.071540,0.827449,0.286802,0.148386,0.333652
sample,35,drone,0.874383,0.130025,-0.954932,1.223317,0.419791,0.145504,0.075281,0.842084,0.291875,0.151010,0.333652
sample,36,drone,0.899366,0.140776,-0.951206,1.225245,0.441008,0.152858,0.079086,0.856212,0.296772,0.153544,0.333652
sample,37,drone,0.924348,0.152060,-0.947294,1.227269,0.462571,0.160332,0.082953,0.869838,0.301495,0.155988,0.333652
sample,38,drone,0.949331,0.163888,-0.943195,1.229390,0.484469,0.167922,0.086880,0.882966,0.306045,0.158342,0.333652
sample,39,drone,0.974313,0.176267,-0.938904,1.231610,0.506688,0.175623,0.090864,0.895600,0.310424,0.160607,0.333652
sample,40,drone,0.999295,0.189204,-0.934420,1.233930,0.529217,0.183432,0.094904,0.907744,0.314633,0.162785,0.333652
sample,41,drone,1.024278,0.202709,-0.929739,1.236352,0.552044,0.191344,0.098998,0.919402,0.318674,0.164876,0.333652
sample,42,drone,1.049260,0.216787,-0.924859,1.238876,0.575155,0.199355,0.103142,0.930579,0.322548,0.166880,0.333652
sample,43,drone,1.074243,0.231446,-0.919778,1.241505,0.598540,0.207460,0.107336,0.941277,0.326256,0.168799,0.333652
sample,44,drone,1.099225,0.246693,-0.914494,1.244239,0.622186,0.215656,0.111576,0.951501,0.329800,0.170632,0.333652
sample,45,drone,1.124207,0.262534,-0.909003,1.247080,0.646081,0.223938,0.115861,0.961256,0.333181,0.172381,0.333652
sample,46,drone,1.149190,0.278974,-0.903305,1.250028,0.670215,0.232303,0.120189,0.970544,0.336400,0.174047,0.333652
sample,47,drone,1.174172,0.296021,-0.897396,1.253085,0.694574,0.240746,0.124558,0.979371,0.339460,0.175630,0.333652
sample,48,drone,1.199154,0.313679,-0.891276,1.256252,0.719149,0.249264,0.128964,0.987741,0.342361,0.177131,0.333652
sample,49,drone,1.224137,0.331953,-0.884942,1.259529,0.743927,0.257852,0.133408,0.995656,0.345104,0.178550,0.333652
sample,50,drone,1.249119,0.350849,-0.878392,1.262917,0.768897,0.266507,0.137886,1.003123,0.347692,0.179889,0.333652
sample,51,drone,1.274102,0.370371,-0.871626,1.266418,0.794047,0.275225,0.142396,1.010143,0.350126,0.181148,0.333652
sample,52,drone,1.299084,0.390523,-0.864641,1.270032,0.819368,0.284001,0.146937,1.016723,0.352406,0.182328,0.333652
sample,53,drone,1.324066,0.411310,-0.857436,1.273760,0.844848,0.292833,0.151506,1.022864,0.354535,0.183430,0.333652
sample,54,drone,1.349049,0.432736,-0.850009,1.277602,0.870475,0.301715,0.156102,1.028573,0.356514,0.184453,0.333652
sample,55,drone,1.374031,0.454803,-0.842361,1.281560,0.896240,0.310646,0.160722,1.033852,0.358343,0.185400,0.333652
sample,56,drone,1.399014,0.477516,-0.834488,1.285633,0.922131,0.319620,0.165365,1.038705,0.360026,0.186270,0.333652
sample,57,drone,1.423996,0.500877,-0.826391,1.289822,0.948139,0.328634,0.170029,1.043138,0.361562,0.187065,0.333652
sample,58,drone,1.448978,0.524890,-0.818068,1.294128,0.974252,0.337685,0.174712,1.047153,0.362954,0.187785,0.333652
sample,59,drone,1.473961,0.549556,-0.809519,1.298551,1.000460,0.346769,0.179412,1.050755,0.364202,0.188431,0.333652
sample,60,drone,1.498943,0.574877,-0.800742,1.303092,1.026752,0.355883,0.184127,1.053948,0.365309,0.189004,0.333652
sample,61,drone,1.523925,0.600857,-0.791737,1.307751,1.053120,0.365022,0.188855,1.056736,0.366275,0.189504,0.333652
sample,62,drone,1.548908,0.627496,-0.782504,1.312528,1.079552,0.374183,0.193595,1.059123,0.367103,0.189932,0.333652
sample,63,drone,1.573890,0.654797,-0.773041,1.317424,1.106039,0.383364,0.198345,1.061113,0.367792,0.190289,0.333652
sample,64,drone,1.598873,0.682759,-0.763349,1.322439,1.132570,0.392560,0.203103,1.062710,0.368346,0.190575,0.333652
sample,65,drone,1.623855,0.711385,-0.753427,1.327572,1.159137,0.401768,0.207867,1.063918,0.368765,0.190792,0.333652
sample,66,drone,1.648837,0.740675,-0.743275,1.332825,1.185729,0.410985,0.212636,1.064742,0.369050,0.190939,0.333652
sample,67,drone,1.673820,0.770630,-0.732892,1.338197,1.212336,0.420208,0.217407,1.065184,0.369203,0.191019,0.333652
sample,68,drone,1.698802,0.801249,-0.722279,1.343688,1.238950,0.429433,0.222180,1.065250,0.369226,0.191031,0.333652
sample,69,drone,1.723784,0.832534,-0.711436,1.349298,1.265561,0.438656,0.226952,1.064943,0.369120,0.190976,0.333652
sample,70,drone,1.748767,0.864483,-0.700362,1.355027,1.292160,0.447875,0.231722,1.064267,0.368886,0.190854,0.333652
sample,71,drone,1.773749,0.897096,-0.689058,1.360876,1.318737,0.457087,0.236488,1.063227,0.368525,0.190668,0.333652
sample,72,drone,1.798732,0.930373,-0.677523,1.366843,1.345284,0.466289,0.241249,1.061826,0.368040,0.190417,0.333652
sample,73,drone,1.823714,0.964313,-0.665760,1.372930,1.371791,0.475476,0.246002,1.060069,0.367431,0.190102,0.333652
sample,74,drone,1.848696,0.998914,-0.653766,1.379135,1.398250,0.484647,0.250747,1.057959,0.366699,0.189723,0.333652
sample,75,drone,1.873679,1.034176,-0.641544,1.385458,1.424652,0.493798,0.255482,1.055501,0.365847,0.189282,0.333652
sample,76,drone,1.898661,1.070097,-0.629094,1.391900,1.450988,0.502927,0.260205,1.052699,0.364876,0.188780,0.333652
sample,77,drone,1.923644,1.106675,-0.616416,1.398459,1.477250,0.512029,0.264914,1.049556,0.363787,0.188216,0.333652
sample,78,drone,1.948626,1.143907,-0.603510,1.405136,1.503429,0.521103,0.269609,1.046077,0.362581,0.187592,0.333652
sample,79,drone,1.973608,1.181793,-0.590379,1.411930,1.529517,0.530146,0.274287,1.042266,0.361260,0.186909,0.333652
sample,80,drone,1.998591,1.220329,-0.577022,1.418841,1.555505,0.539154,0.278948,1.038126,0.359825,0.186166,0.333652
sample,81,drone,2.023573,1.259513,-0.563440,1.425868,1.581386,0.548124,0.283589,1.033662,0.358278,0.185366,0.333652
sample,82,drone,2.048555,1.299343,-0.549635,1.433010,1.607152,0.557055,0.288209,1.028879,0.356620,0.184508,0.333652
sample,83,drone,2.073538,1.339814,-0.535607,1.440268,1.632794,0.565943,0.292808,1.023779,0.354852,0.183594,0.333652
sample,84,drone,2.098520,1.380925,-0.521358,1.447640,1.658305,0.574785,0.297383,1.018367,0.352976,0.182623,0.333652
sample,85,drone,2.123503,1.422671,-0.506888,1.455127,1.683676,0.583579,0.301933,1.012647,0.350994,0.181597,0.333652
sample,86,drone,2.148485,1.465050,-0.492199,1.462726,1.708901,0.592322,0.306456,1.006623,0.348906,0.180517,0.333652
sample,87,drone,2.173467,1.508056,-0.477293,1.470439,1.733972,0.601012,0.310952,1.000300,0.346714,0.179383,0.333652
sample,88,drone,2.198450,1.551687,-0.462170,1.478263,1.758881,0.609646,0.315419,0.993680,0.344420,0.178196,0.333652
sample,89,drone,2.223432,1.595938,-0.446832,1.486199,1.783621,0.618221,0.319856,0.986769,0.342024,0.176957,0.333652
sample,90,drone,2.248415,1.640805,-0.431281,1.494245,1.808185,0.626735,0.324261,0.979570,0.339529,0.175666,0.333652
sample,91,drone,2.273397,1.686284,-0.415517,1.502400,1.832565,0.635185,0.328633,0.972088,0.336935,0.174324,0.333652
sample,92,drone,2.298379,1.732369,-0.399544,1.510665,1.856755,0.643570,0.332971,0.964325,0.334245,0.172932,0.333652
sample,93,drone,2.323362,1.779056,-0.383361,1.519037,1.880747,0.651886,0.337273,0.956288,0.331459,0.171490,0.333652
sample,94,drone,2.348344,1.826340,-0.366972,1.527516,1.904536,0.660131,0.341539,0.947978,0.328579,0.170000,0.333652
sample,95,drone,2.373326,1.874216,-0.350378,1.536102,1.928113,0.668303,0.345767,0.939401,0.325606,0.168462,0.333652
sample,96,drone,2.398309,1.922678,-0.333581,1.544793,1.951473,0.676400,0.349956,0.930561,0.322542,0.166877,0.333652
sample,97,drone,2.423291,1.971721,-0.316582,1.553587,1.974608,0.684419,0.354105,0.921461,0.319388,0.165245,0.333652
sample,98,drone,2.448274,2.021339,-0.299384,1.562485,1.997513,0.692358,0.358213,0.912106,0.316145,0.163567,0.333652
sample,99,drone,2.473256,2.071526,-0.281989,1.571485,2.020181,0.700215,0.362278,0.902500,0.312815,0.161845,0.333652
sample,100,drone,2.498238,2.122277,-0.264398,1.580586,2.042606,0.707988,0.366299,0.892646,0.309400,0.160078,0.333652
sample,101,drone,2.523221,2.173584,-0.246614,1.589787,2.064782,0.715674,0.370276,0.882549,0.305900,0.158267,0.333652
sample,102,drone,2.548203,2.225443,-0.228639,1.599087,2.086703,0.723272,0.374207,0.872213,0.302318,0.156413,0.333652
sample,103,drone,2.573186,2.277846,-0.210476,1.608485,2.108362,0.730779,0.378091,0.861642,0.298654,0.154518,0.333652
sample,104,drone,2.598168,2.330787,-0.192126,1.617978,2.129755,0.738194,0.381928,0.850840,0.294910,0.152581,0.333652
sample,105,drone,2.623150,2.384259,-0.173592,1.627568,2.150874,0.745514,0.385715,0.839811,0.291087,0.150603,0.333652
sample,106,drone,2.648133,2.438255,-0.154877,1.637251,2.171716,0.752738,0.389452,0.828558,0.287187,0.148585,0.333652
sample,107,drone,2.673115,2.492768,-0.135982,1.647026,2.192273,0.759864,0.393139,0.817087,0.283211,0.146528,0.333652
sample,108,drone,2.698097,2.547791,-0.116910,1.656894,2.212541,0.766889,0.396774,0.805401,0.279160,0.144432,0.333652
sample,109,drone,2.723080,2.603317,-0.097664,1.666851,2.232515,0.773812,0.400355,0.793504,0.275036,0.142299,0.333652
sample,110,drone,2.748062,2.659338,-0.078247,1.676897,2.252188,0.780631,0.403883,0.781400,0.270841,0.140128,0.333652
sample,111,drone,2.773045,2.715847,-0.058660,1.687031,2.271557,0.787344,0.407357,0.769094,0.266576,0.137921,0.333652
sample,112,drone,2.798027,2.772836,-0.038907,1.697251,2.290616,0.793950,0.410775,0.756588,0.262241,0.135679,0.333652
sample,113,drone,2.823009,2.830297,-0.018991,1.707555,2.309360,0.800447,0.414136,0.743888,0.257839,0.133401,0.333652
sample,114,drone,2.847992,2.888223,0.001087,1.717943,2.327784,0.806833,0.417440,0.730998,0.253371,0.131089,0.333652
sample,115,drone,2.872974,2.946604,0.021322,1.728413,2.345884,0.813107,0.420686,0.717921,0.248838,0.128744,0.333652
sample,116,drone,2.897957,3.005434,0.041713,1.738963,2.363655,0.819266,0.423873,0.704661,0.244243,0.126366,0.333652
sample,117,drone,2.922939,3.064704,0.062257,1.749591,2.381092,0.825310,0.427000,0.691223,0.239585,0.123957,0.333652
sample,118,drone,2.947921,3.124405,0.082950,1.760297,2.398192,0.831237,0.430066,0.677610,0.234867,0.121515,0.333652
sample,119,drone,2.972904,3.184529,0.103789,1.771079,2.414949,0.837045,0.433071,0.663827,0.230089,0.119044,0.333652
sample,120,drone,2.997886,3.245067,0.124773,1.781936,2.431360,0.842733,0.436014,0.649878,0.225254,0.116542,0.333652
sample,121,drone,3.022868,3.306011,0.145896,1.792865,2.447420,0.848300,0.438894,0.635766,0.220363,0.114012,0.333652
sample,122,drone,3.047851,3.367352,0.167158,1.803865,2.463126,0.853744,0.441711,0.621497,0.215417,0.111453,0.333652
sample,123,drone,3.072833,3.429081,0.188553,1.814935,2.478473,0.859063,0.444463,0.607072,0.210417,0.108866,0.333652
sample,124,drone,3.097816,3.491188,0.210081,1.826073,2.493458,0.864257,0.447150,0.592498,0.205366,0.106252,0.333652
sample,125,drone,3.122798,3.553666,0.231736,1.837277,2.508077,0.869324,0.449772,0.577778,0.200264,0.103613,0.333652
sample,126,drone,3.147780,3.616504,0.253516,1.848545,2.522326,0.874263,0.452327,0.562915,0.195112,0.100947,0.333652
sample,127,drone,3.172763,3.679693,0.275418,1.859877,2.536203,0.879073,0.454816,0.547915,0.189913,0.098257,0.333652
sample,128,drone,3.197745,3.743225,0.297439,1.871270,2.549703,0.883752,0.457237,0.532781,0.184667,0.095543,0.333652
sample,129,drone,3.222728,3.807089,0.319575,1.882723,2.562823,0.888300,0.459589,0.517516,0.179376,0.092806,0.333652
sample,130,drone,3.247710,3.871275,0.341823,1.894233,2.575560,0.892715,0.461874,0.502126,0.174042,0.090046,0.333652
sample,131,drone,3.272692,3.935776,0.364179,1.905800,2.587912,0.896996,0.464089,0.486614,0.168665,0.087264,0.333652
sample,132,drone,3.297675,4.000580,0.386641,1.917421,2.599874,0.901142,0.466234,0.470984,0.163248,0.084461,0.333652
sample,133,drone,3.322657,4.065678,0.409204,1.929095,2.611444,0.905153,0.468309,0.455240,0.157791,0.081638,0.333652
sample,134,drone,3.347639,4.131060,0.431867,1.940820,2.622620,0.909026,0.470313,0.439387,0.152296,0.078795,0.333652
sample,135,drone,3.372622,4.196716,0.454624,1.952594,2.633398,0.912762,0.472246,0.423428,0.146764,0.075933,0.333652
sample,136,drone,3.397604,4.262637,0.477472,1.964416,2.643776,0.916359,0.474107,0.407367,0.141198,0.073053,0.333652
sample,137,drone,3.422587,4.328812,0.500409,1.976283,2.653752,0.919817,0.475896,0.391209,0.135597,0.070155,0.333652
sample,138,drone,3.447569,4.395231,0.523431,1.988194,2.663323,0.923134,0.477612,0.374958,0.129964,0.067241,0.333652
sample,139,drone,3.472551,4.461884,0.546534,2.000147,2.672487,0.926311,0.479255,0.358616,0.124300,0.064310,0.333652
sample,140,drone,3.497534,4.528762,0.569714,2.012140,2.681241,0.929345,0.480825,0.342190,0.118606,0.061365,0.333652
sample,141,drone,3.522516,4.595852,0.592968,2.024171,2.689584,0.932237,0.482321,0.325682,0.112885,0.058404,0.333652
sample,142,drone,3.547499,4.663146,0.616293,2.036239,2.697514,0.934985,0.483743,0.309097,0.107136,0.055430,0.333652
sample,143,drone,3.572481,4.730633,0.639684,2.048341,2.705028,0.937590,0.485091,0.292438,0.101362,0.052443,0.333652
sample,144,drone,3.597463,4.798302,0.663139,2.060476,2.712126,0.940050,0.486364,0.275710,0.095564,0.049443,0.333652
sample,145,drone,3.622446,4.866143,0.686654,2.072642,2.718804,0.942365,0.487561,0.258917,0.089743,0.046431,0.333652
sample,146,drone,3.647428,4.934146,0.710224,2.084837,2.725062,0.944534,0.488684,0.242063,0.083901,0.043409,0.333652
sample,147,drone,3.672410,5.002301,0.733847,2.097059,2.730899,0.946557,0.489730,0.225152,0.078040,0.040376,0.333652
sample,148,drone,3.697393,5.070595,0.757519,2.109307,2.736312,0.948433,0.490701,0.208188,0.072160,0.037334,0.333652
sample,149,drone,3.722375,5.139020,0.781235,2.121577,2.741301,0.950162,0.491596,0.191174,0.066263,0.034283,0.333652
sample,150,drone,3.747358,5.207564,0.804993,2.133869,2.745864,0.951744,0.492414,0.174116,0.060350,0.031224,0.333652
sample,151,drone,3.772340,5.276216,0.828789,2.146180,2.750000,0.953177,0.493156,0.157017,0.054424,0.028158,0.333652
sample,152,drone,3.797322,5.344967,0.852619,2.158509,2.753709,0.954463,0.493821,0.139881,0.048484,0.025085,0.333652
sample,153,drone,3.822305,5.413805,0.876479,2.170854,2.756989,0.955600,0.494409,0.122712,0.042533,0.022006,0.333652
sample,154,drone,3.847287,5.482719,0.900365,2.183212,2.759840,0.956588,0.494920,0.105514,0.036572,0.018922,0.333652
sample,155,drone,3.872270,5.551699,0.924274,2.195583,2.762261,0.957427,0.495355,0.088292,0.030603,0.015833,0.333652
sample,156,drone,3.897252,5.620735,0.948203,2.207963,2.764252,0.958117,0.495711,0.071049,0.024626,0.012741,0.333652
sample,157,drone,3.922234,5.689815,0.972146,2.220351,2.765811,0.958658,0.495991,0.053789,0.018644,0.009646,0.333652
sample,158,drone,3.947217,5.758928,0.996102,2.232745,2.766939,0.959049,0.496193,0.036517,0.012657,0.006548,0.333652
sample,159,drone,3.972199,5.828064,1.020065,2.245143,2.767636,0.959290,0.496318,0.019236,0.006667,0.003450,0.333652
sample,160,drone,3.997181,5.897212,1.044032,2.257543,2.767901,0.959382,0.496366,0.001950,0.000676,0.000350,0.333652
sample,161,drone,4.022164,5.966362,1.068000,2.269944,2.767733,0.959324,0.496336,-0.015336,-0.005315,-0.002750,0.333652
sample,162,drone,4.047146,6.035501,1.091965,2.282343,2.767134,0.959116,0.496228,-0.032618,-0.011306,-0.005849,0.333652
sample,163,drone,4.072129,6.104621,1.115922,2.294738,2.766104,0.958759,0.496044,-0.049892,-0.017293,-0.008947,0.333652
sample,164,drone,4.097111,6.173709,1.139869,2.307127,2.764641,0.958252,0.495781,-0.067155,-0.023277,-0.012043,0.333652
sample,165,drone,4.122093,6.242756,1.163801,2.319509,2.762748,0.957596,0.495442,-0.084403,-0.029255,-0.015136,0.333652
sample,166,drone,4.147076,6.311749,1.187715,2.331882,2.760424,0.956791,0.495025,-0.101630,-0.035226,-0.018225,0.333652
sample,167,drone,4.172058,6.380680,1.211607,2.344243,2.757670,0.955836,0.494531,-0.118834,-0.041189,-0.021310,0.333652
sample,168,drone,4.197041,6.449536,1.235473,2.356591,2.754487,0.954733,0.493960,-0.136009,-0.047142,-0.024390,0.333652
sample,169,drone,4.222023,6.518307,1.259310,2.368924,2.750875,0.953481,0.493313,-0.153153,-0.053084,-0.027465,0.333652
sample,170,drone,4.247005,6.586982,1.283114,2.381239,2.746835,0.952080,0.492588,-0.170261,-0.059014,-0.030533,0.333652
sample,171,drone,4.271988,6.655552,1.306880,2.393536,2.742368,0.950532,0.491787,-0.187329,-0.064930,-0.033594,0.333652
sample,172,drone,4.296970,6.724004,1.330607,2.405811,2.737475,0.948836,0.490910,-0.204353,-0.070831,-0.036646,0.333652
sample,173,drone,4.321952,6.792329,1.354289,2.418064,2.732157,0.946993,0.489956,-0.221328,-0.076715,-0.039691,0.333652
sample,174,drone,4.346935,6.860516,1.377923,2.430292,2.726416,0.945003,0.488926,-0.238252,-0.082581,-0.042726,0.333652
sample,175,drone,4.371917,6.928554,1.401506,2.442493,2.720253,0.942867,0.487821,-0.255119,-0.088427,-0.045750,0.333652
sample,176,drone,4.396900,6.996433,1.425033,2.454666,2.713669,0.940585,0.486641,-0.271927,-0.094252,-0.048764,0.333652
sample,177,drone,4.421882,7.064142,1.448502,2.466808,2.706666,0.938157,0.485385,-0.288669,-0.100056,-0.051767,0.333652
sample,178,drone,4.446864,7.131671,1.471908,2.478918,2.699246,0.935585,0.484054,-0.305344,-0.105835,-0.054757,0.333652
sample,179,drone,4.471847,7.199009,1.495248,2.490994,2.691410,0.932869,0.482649,-0.321946,-0.111590,-0.057734,0.333652
sample,180,drone,4.496829,7.266146,1.518519,2.503033,2.683160,0.930010,0.481169,-0.338472,-0.117318,-0.060698,0.333652
sample,181,drone,4.521811,7.333072,1.541716,2.515035,2.674498,0.927008,0.479616,-0.354917,-0.123018,-0.063647,0.333652
sample,182,drone,4.546794,7.399777,1.564836,2.526997,2.665427,0.923863,0.477989,-0.371278,-0.128689,-0.066581,0.333652
sample,183,drone,4.571776,7.466250,1.587876,2.538918,2.655947,0.920578,0.476289,-0.387550,-0.134329,-0.069499,0.333652
sample,184,drone,4.596759,7.532481,1.610833,2.550795,2.646063,0.917152,0.474517,-0.403730,-0.139937,-0.072401,0.333652
sample,185,drone,4.621741,7.598460,1.633702,2.562627,2.635775,0.913586,0.472672,-0.419813,-0.145511,-0.075285,0.333652
sample,186,drone,4.646723,7.664177,1.656480,2.574412,2.625087,0.909881,0.470755,-0.435795,-0.151051,-0.078151,0.333652
sample,187,drone,4.671706,7.729621,1.679164,2.586148,2.614001,0.906039,0.468767,-0.451673,-0.156554,-0.080998,0.333652
sample,188,drone,4.696688,7.794784,1.701750,2.597834,2.602519,0.902059,0.466708,-0.467441,-0.162020,-0.083826,0.333652
sample,189,drone,4.721671,7.859656,1.724235,2.609467,2.590645,0.897943,0.464579,-0.483097,-0.167446,-0.086633,0.333652
sample,190,drone,4.746653,7.924225,1.746615,2.621046,2.578381,0.893693,0.462379,-0.498636,-0.172832,-0.089420,0.333652
sample,191,drone,4.771635,7.988484,1.768888,2.632570,2.565731,0.889308,0.460111,-0.514054,-0.178176,-0.092185,0.333652
sample,192,drone,4.796618,8.052422,1.791049,2.644035,2.552697,0.884790,0.457773,-0.529347,-0.183477,-0.094928,0.333652
sample,193,drone,4.821600,8.116029,1.813096,2.655442,2.539282,0.880140,0.455368,-0.544512,-0.188733,-0.097647,0.333652
sample,194,drone,4.846582,8.179296,1.835025,2.666788,2.525490,0.875360,0.452895,-0.559543,-0.193943,-0.100342,0.333652
sample,195,drone,4.871565,8.242214,1.856833,2.678071,2.511325,0.870450,0.450354,-0.574437,-0.199105,-0.103013,0.333652
sample,196,drone,4.896547,8.304774,1.878517,2.689290,2.496789,0.865412,0.447747,-0.589189,-0.204219,-0.105659,0.333652
sample,197,drone,4.921530,8.366966,1.900074,2.700443,2.481886,0.860246,0.445075,-0.603797,-0.209282,-0.108278,0.333652
sample,198,drone,4.946512,8.428781,1.921499,2.711528,2.466620,0.854955,0.442337,-0.618255,-0.214293,-0.110871,0.333652
sample,199,drone,4.971494,8.490210,1.942791,2.722544,2.450995,0.849539,0.439535,-0.632560,-0.219252,-0.113437,0.333652
sample,200,drone,4.996477,8.551244,1.963946,2.733489,2.435014,0.844000,0.436670,-0.646708,-0.224155,-0.115974,0.333652
sample,201,drone,5.021459,8.611875,1.984961,2.744362,2.418682,0.838339,0.433741,-0.660694,-0.229003,-0.118482,0.333652
sample,202,drone,5.046442,8.672093,2.005834,2.755161,2.402003,0.832558,0.430750,-0.674515,-0.233794,-0.120960,0.333652
sample,203,drone,5.071424,8.731890,2.026560,2.765884,2.384980,0.826658,0.427697,-0.688166,-0.238525,-0.123408,0.333652
sample,204,drone,5.096406,8.791258,2.047138,2.776531,2.367619,0.820640,0.424584,-0.701644,-0.243197,-0.125825,0.333652
sample,205,drone,5.121389,8.850188,2.067563,2.787098,2.349923,0.814507,0.421410,-0.714945,-0.247807,-0.128211,0.333652
sample,206,drone,5.146371,8.908671,2.087834,2.797586,2.331897,0.808259,0.418178,-0.728063,-0.252354,-0.130563,0.333652
sample,207,drone,5.171353,8.966701,2.107948,2.807993,2.313545,0.801898,0.414887,-0.740996,-0.256837,-0.132882,0.333652
sample,208,drone,5.196336,9.024267,2.127901,2.818316,2.294873,0.795426,0.411538,-0.753740,-0.261254,-0.135168,0.333652
sample,209,drone,5.221318,9.081363,2.147691,2.828555,2.275885,0.788844,0.408133,-0.766289,-0.265603,-0.137418,0.333652
sample,210,drone,5.246301,9.137981,2.167315,2.838708,2.256586,0.782155,0.404672,-0.778641,-0.269885,-0.139633,0.333652
sample,211,drone,5.271283,9.194113,2.186771,2.848774,2.236980,0.775360,0.401156,-0.790791,-0.274096,-0.141812,0.333652
sample,212,drone,5.296265,9.249752,2.206056,2.858752,2.217074,0.768460,0.397586,-0.802735,-0.278236,-0.143954,0.333652
sample,213,drone,5.321248,9.304889,2.225167,2.868640,2.196872,0.761458,0.393964,-0.814469,-0.282303,-0.146058,0.333652
sample,214,drone,5.346230,9.359518,2.244102,2.878436,2.176379,0.754355,0.390289,-0.825989,-0.286296,-0.148124,0.333652
sample,215,drone,5.371213,9.413631,2.262858,2.888140,2.155602,0.747153,0.386563,-0.837291,-0.290213,-0.150151,0.333652
sample,216,drone,5.396195,9.467222,2.281433,2.897751,2.134544,0.739854,0.382786,-0.848371,-0.294054,-0.152138,0.333652
sample,217,drone,5.421177,9.520283,2.299825,2.907266,2.113213,0.732461,0.378961,-0.859225,-0.297816,-0.154084,0.333652
sample,218,drone,5.446160,9.572808,2.318030,2.916685,2.091613,0.724974,0.375088,-0.869849,-0.301498,-0.155989,0.333652
sample,219,drone,5.471142,9.624790,2.336048,2.926007,2.069751,0.717396,0.371167,-0.880238,-0.305099,-0.157852,0.333652
sample,220,drone,5.496124,9.676223,2.353875,2.935231,2.047632,0.709730,0.367201,-0.890389,-0.308618,-0.159673,0.333652
sample,221,drone,5.521107,9.727100,2.371509,2.944354,2.025263,0.701976,0.363189,-0.900298,-0.312052,-0.161450,0.333652
sample,222,drone,5.546089,9.777414,2.388949,2.953377,2.002649,0.694138,0.359134,-0.909961,-0.315401,-0.163183,0.333652
sample,223,drone,5.571072,9.827161,2.406192,2.962298,1.979797,0.686217,0.355036,-0.919373,-0.318664,-0.164871,0.333652
sample,224,drone,5.596054,9.876335,2.423236,2.971117,1.956713,0.678216,0.350896,-0.928530,-0.321838,-0.166513,0.333652
sample,225,drone,5.621036,9.924928,2.440079,2.979831,1.933403,0.670137,0.346716,-0.937430,-0.324922,-0.168109,0.333652
sample,226,drone,5.646019,9.972937,2.456719,2.988440,1.909874,0.661981,0.342497,-0.946066,-0.327916,-0.169657,0.333652
sample,227,drone,5.671001,10.020355,2.473155,2.996944,1.886133,0.653753,0.338239,-0.954436,-0.330817,-0.171158,0.333652
sample,228,drone,5.695984,10.067177,2.489384,3.005340,1.862186,0.645452,0.333945,-0.962536,-0.333624,-0.172611,0.333652
sample,229,drone,5.720966,10.113398,2.505404,3.013629,1.838040,0.637083,0.329615,-0.970361,-0.336337,-0.174014,0.333652
sample,230,drone,5.745948,10.159014,2.521215,3.021809,1.813702,0.628647,0.325250,-0.977907,-0.338952,-0.175367,0.333652
sample,231,drone,5.770931,10.204019,2.536815,3.029880,1.789179,0.620147,0.320852,-0.985170,-0.341470,-0.176670,0.333652
sample,232,drone,5.795913,10.248410,2.552201,3.037841,1.764479,0.611586,0.316423,-0.992146,-0.343888,-0.177921,0.333652
sample,233,drone,5.820895,10.292181,2.567372,3.045690,1.739607,0.602965,0.311963,-0.998832,-0.346205,-0.179120,0.333652
sample,234,drone,5.845878,10.335329,2.582328,3.053428,1.714572,0.594288,0.307473,-1.005223,-0.348420,-0.180266,0.333652
sample,235,drone,5.870860,10.377849,2.597066,3.061053,1.689381,0.585556,0.302956,-1.011314,-0.350532,-0.181358,0.333652
sample,236,drone,5.895843,10.419739,2.611585,3.068565,1.664042,0.576774,0.298412,-1.017103,-0.352538,-0.182396,0.333652
sample,237,drone,5.920825,10.460993,2.625884,3.075963,1.638562,0.567942,0.293842,-1.022585,-0.354438,-0.183379,0.333652
sample,238,drone,5.945807,10.501609,2.639962,3.083247,1.612949,0.559064,0.289249,-1.027755,-0.356230,-0.184307,0.333652
sample,239,drone,5.970790,10.541584,2.653818,3.090415,1.587211,0.550143,0.284633,-1.032611,-0.357913,-0.185177,0.333652
sample,240,drone,5.995772,10.580914,2.667450,3.097468,1.561355,0.541181,0.279997,-1.037147,-0.359485,-0.185991,0.333652
sample,241,drone,6.020755,10.619596,2.680858,3.104405,1.535390,0.532181,0.275340,-1.041360,-0.360946,-0.186746,0.333652
sample,242,drone,6.045737,10.657629,2.694040,3.111226,1.509324,0.523147,0.270666,-1.045246,-0.362293,-0.187443,0.333652
sample,243,drone,6.070719,10.695009,2.706997,3.117929,1.483164,0.514079,0.265975,-1.048800,-0.363525,-0.188081,0.333652
sample,244,drone,6.095702,10.731735,2.719726,3.124515,1.456920,0.504983,0.261269,-1.052019,-0.364640,-0.188658,0.333652
sample,245,drone,6.120684,10.767804,2.732228,3.130983,1.430600,0.495860,0.256549,-1.054899,-0.365638,-0.189174,0.333652
sample,246,drone,6.145666,10.803215,2.744502,3.137333,1.404213,0.486714,0.251817,-1.057435,-0.366518,-0.189629,0.333652
sample,247,drone,6.170649,10.837965,2.756547,3.143565,1.377766,0.477547,0.247074,-1.059624,-0.367276,-0.190022,0.333652
sample,248,drone,6.195631,10.872054,2.768362,3.149678,1.351269,0.468363,0.242322,-1.061461,-0.367913,-0.190351,0.333652
sample,249,drone,6.220614,10.905481,2.779948,3.155673,1.324730,0.459165,0.237563,-1.062942,-0.368426,-0.190617,0.333652
sample,250,drone,6.245596,10.938244,2.791304,3.161548,1.298159,0.449955,0.232798,-1.064064,-0.368815,-0.190818,0.333652
sample,251,drone,6.270578,10.970343,2.802430,3.167304,1.271565,0.440737,0.228029,-1.064823,-0.369078,-0.190954,0.333652
sample,252,drone,6.295561,11.001778,2.813326,3.172942,1.244956,0.431514,0.223257,-1.065213,-0.369213,-0.191024,0.333652
sample,253,drone,6.320543,11.032547,2.823991,3.178459,1.218341,0.422289,0.218484,-1.065232,-0.369220,-0.191027,0.333652
sample,254,drone,6.345526,11.062652,2.834425,3.183858,1.191731,0.413066,0.213712,-1.064875,-0.369096,-0.190963,0.333652
sample,255,drone,6.370508,11.092092,2.844629,3.189138,1.165135,0.403847,0.208943,-1.064137,-0.368841,-0.190831,0.333652
sample,256,drone,6.395490,11.120867,2.854603,3.194298,1.138562,0.394637,0.204178,-1.063017,-0.368452,-0.190630,0.333652
sample,257,drone,6.420473,11.148980,2.864347,3.199339,1.112022,0.385438,0.199418,-1.061508,-0.367929,-0.190359,0.333652
sample,258,drone,6.445455,11.176429,2.873862,3.204262,1.085524,0.376253,0.194666,-1.059607,-0.367270,-0.190019,0.333652
sample,259,drone,6.470437,11.203218,2.883147,3.209066,1.059079,0.367087,0.189924,-1.057310,-0.366474,-0.189607,0.333652
sample,260,drone,6.495420,11.229346,2.892203,3.213751,1.032696,0.357943,0.185193,-1.054613,-0.365539,-0.189123,0.333652
sample,261,drone,6.520402,11.254816,2.901031,3.218319,1.006385,0.348823,0.180474,-1.051511,-0.364464,-0.188567,0.333652
sample,262,drone,6.545385,11.279630,2.909632,3.222769,0.980157,0.339732,0.175771,-1.048002,-0.363248,-0.187937,0.333652
sample,263,drone,6.570367,11.303789,2.918006,3.227101,0.954022,0.330674,0.171084,-1.044080,-0.361889,-0.187234,0.333652
sample,264,drone,6.595349,11.327297,2.926154,3.231317,0.927990,0.321651,0.166416,-1.039742,-0.360385,-0.186456,0.333652
sample,265,drone,6.620332,11.350156,2.934077,3.235416,0.902072,0.312667,0.161768,-1.034984,-0.358736,-0.185603,0.333652
sample,266,drone,6.645314,11.372369,2.941776,3.239399,0.876277,0.303726,0.157142,-1.029801,-0.356939,-0.184674,0.333652
sample,267,drone,6.670297,11.393939,2.949253,3.243268,0.850618,0.294833,0.152541,-1.024190,-0.354994,-0.183667,0.333652
sample,268,drone,6.695279,11.414870,2.956507,3.247021,0.825104,0.285989,0.147965,-1.018146,-0.352900,-0.182584,0.333652
sample,269,drone,6.720261,11.435165,2.963542,3.250661,0.799746,0.277200,0.143418,-1.011666,-0.350654,-0.181421,0.333652
sample,270,drone,6.745244,11.454829,2.970358,3.254187,0.774556,0.268469,0.138901,-1.004746,-0.348255,-0.180180,0.333652
sample,271,drone,6.770226,11.473866,2.976956,3.257601,0.749545,0.259800,0.134415,-0.997380,-0.345702,-0.178860,0.333652
sample,272,drone,6.795208,11.492280,2.983339,3.260903,0.724722,0.251196,0.129964,-0.989566,-0.342994,-0.177458,0.333652
sample,273,drone,6.820191,11.510076,2.989507,3.264094,0.700101,0.242662,0.125549,-0.981300,-0.340128,-0.175976,0.333652
sample,274,drone,6.845173,11.527260,2.995463,3.267176,0.675692,0.234202,0.121171,-0.972576,-0.337105,-0.174411,0.333652
sample,275,drone,6.870156,11.543837,3.001209,3.270149,0.651507,0.225819,0.116834,-0.963392,-0.333921,-0.172764,0.333652
sample,276,drone,6.895138,11.559813,3.006746,3.273014,0.627556,0.217517,0.112539,-0.953743,-0.330577,-0.171034,0.333652
sample,277,drone,6.920120,11.575193,3.012077,3.275772,0.603853,0.209301,0.108289,-0.943625,-0.327070,-0.169220,0.333652
sample,278,drone,6.945103,11.589984,3.017204,3.278424,0.580408,0.201175,0.104084,-0.933034,-0.323399,-0.167320,0.333652
sample,279,drone,6.970085,11.604193,3.022129,3.280972,0.557234,0.193143,0.099928,-0.921966,-0.319563,-0.165336,0.333652
sample,280,drone,6.995068,11.617826,3.026854,3.283417,0.534343,0.185208,0.095823,-0.910417,-0.315560,-0.163265,0.333652
sample,281,drone,7.020050,11.630891,3.031383,3.285760,0.511745,0.177376,0.091771,-0.898383,-0.311389,-0.161107,0.333652
sample,282,drone,7.045032,11.643395,3.035717,3.288002,0.489455,0.169650,0.087774,-0.885860,-0.307048,-0.158861,0.333652
sample,283,drone,7.070015,11.655347,3.039859,3.290146,0.467484,0.162034,0.083834,-0.872844,-0.302536,-0.156527,0.333652
sample,284,drone,7.094997,11.666753,3.043813,3.292191,0.445844,0.154534,0.079953,-0.859331,-0.297853,-0.154103,0.333652
sample,285,drone,7.119979,11.677623,3.047580,3.294141,0.424547,0.147152,0.076134,-0.845316,-0.292995,-0.151590,0.333652
sample,286,drone,7.144962,11.687966,3.051165,3.295995,0.403608,0.139894,0.072379,-0.830796,-0.287962,-0.148986,0.333652
sample,287,drone,7.169944,11.697789,3.054570,3.297757,0.383037,0.132764,0.068690,-0.815766,-0.282753,-0.146291,0.333652
sample,288,drone,7.194927,11.707104,3.057799,3.299427,0.362848,0.125767,0.065069,-0.800224,-0.277365,-0.143504,0.333652
sample,289,drone,7.219909,11.715919,3.060854,3.301008,0.343054,0.118906,0.061520,-0.784163,-0.271799,-0.140624,0.333652
sample,290,drone,7.244891,11.724245,3.063740,3.302501,0.323667,0.112186,0.058043,-0.767582,-0.266051,-0.137650,0.333652
sample,291,drone,7.269874,11.732091,3.066459,3.303908,0.304702,0.105613,0.054642,-0.750474,-0.260122,-0.134582,0.333652
sample,292,drone,7.294856,11.739469,3.069017,3.305231,0.286170,0.099189,0.051319,-0.732838,-0.254009,-0.131419,0.333652
sample,293,drone,7.319838,11.746389,3.071415,3.306472,0.268086,0.092921,0.048076,-0.714667,-0.247711,-0.128161,0.333652
sample,294,drone,7.344821,11.752864,3.073659,3.307633,0.250462,0.086813,0.044915,-0.695959,-0.241226,-0.124806,0.333652
sample,295,drone,7.369803,11.758904,3.075753,3.308716,0.233312,0.080868,0.041840,-0.676709,-0.234554,-0.121354,0.333652
sample,296,drone,7.394786,11.764521,3.077700,3.309724,0.216650,0.075093,0.038852,-0.656914,-0.227693,-0.117804,0.333652
sample,297,drone,7.419768,11.769729,3.079505,3.310658,0.200490,0.069492,0.035954,-0.636568,-0.220641,-0.114155,0.333652
sample,298,drone,7.444750,11.774539,3.081172,3.311520,0.184844,0.064069,0.033148,-0.615669,-0.213397,-0.110408,0.333652
sample,299,drone,7.469733,11.778964,3.082706,3.312314,0.169728,0.058829,0.030437,-0.594212,-0.205960,-0.106560,0.333652
sample,300,drone,7.494715,11.783019,3.084112,3.313041,0.155155,0.053778,0.027824,-0.572193,-0.198328,-0.102611,0.333652
sample,301,drone,7.519698,11.786717,3.085393,3.313704,0.141139,0.048920,0.025310,-0.549607,-0.190499,-0.098561,0.333652
sample,302,drone,7.544680,11.790071,3.086556,3.314306,0.127694,0.044260,0.022899,-0.526452,-0.182474,-0.094408,0.333652
sample,303,drone,7.569662,11.793097,3.087605,3.314848,0.114834,0.039803,0.020593,-0.502723,-0.174249,-0.090153,0.333652
sample,304,drone,7.594645,11.795809,3.088545,3.315335,0.102575,0.035554,0.018395,-0.478416,-0.165824,-0.085794,0.333652
sample,305,drone,7.619627,11.798222,3.089381,3.315767,0.090931,0.031517,0.016307,-0.453526,-0.157197,-0.081331,0.333652
sample,306,drone,7.644609,11.800352,3.090119,3.316149,0.079915,0.027699,0.014331,-0.428050,-0.148366,-0.076762,0.333652
sample,307,drone,7.669592,11.802215,3.090765,3.316483,0.069543,0.024104,0.012471,-0.401984,-0.139332,-0.072088,0.333652
sample,308,drone,7.694574,11.803827,3.091324,3.316772,0.059830,0.020738,0.010729,-0.375324,-0.130091,-0.067307,0.333652
sample,309,drone,7.719557,11.805204,3.091801,3.317020,0.050790,0.017604,0.009108,-0.348065,-0.120643,-0.062418,0.333652
sample,310,drone,7.744539,11.806364,3.092203,3.317228,0.042439,0.014710,0.007611,-0.320204,-0.110986,-0.057422,0.333652
sample,311,drone,7.769521,11.807325,3.092536,3.317400,0.034791,0.012059,0.006239,-0.291736,-0.101119,-0.052317,0.333652
sample,312,drone,7.794504,11.808103,3.092806,3.317539,0.027862,0.009657,0.004997,-0.262658,-0.091040,-0.047102,0.333652
sample,313,drone,7.819486,11.808717,3.093019,3.317649,0.021668,0.007510,0.003886,-0.232966,-0.080748,-0.041778,0.333652
sample,314,drone,7.844469,11.809185,3.093181,3.317733,0.016222,0.005623,0.002909,-0.202654,-0.070242,-0.036342,0.333652
sample,315,drone,7.869451,11.809527,3.093300,3.317795,0.011542,0.004001,0.002070,-0.171720,-0.059520,-0.030794,0.333652
sample,316,drone,7.894433,11.809762,3.093381,3.317837,0.007642,0.002649,0.001370,-0.140160,-0.048581,-0.025135,0.333652
sample,317,drone,7.919416,11.809909,3.093432,3.317863,0.004539,0.001573,0.000814,-0.107968,-0.037423,-0.019362,0.333651
sample,318,drone,7.944398,11.809989,3.093460,3.317878,0.002248,0.000779,0.000403,-0.075142,-0.026045,-0.013475,0.333651
sample,319,drone,7.969380,11.810021,3.093471,3.317883,0.000784,0.000272,0.000141,-0.043020,-0.014775,-0.007621,0.333651
sample,320,drone,7.994363,11.810028,3.093473,3.317885,0.000098,0.000041,0.000022,-0.023716,-0.006592,-0.003127,0.394040
sample,321,drone,8.019345,11.810026,3.093473,3.317885,-0.000400,-0.000057,-0.000016,-0.031843,-0.005115,-0.001616,-2.999140
sample,322,drone,8.044328,11.810008,3.093470,3.317884,-0.001493,-0.000215,-0.000058,-0.060486,-0.008704,-0.002369,-2.998730
sample,323,drone,8.069310,11.809952,3.093462,3.317882,-0.003423,-0.000492,-0.000134,-0.093703,-0.013479,-0.003667,-2.998730
sample,324,drone,8.094292,11.809837,3.093446,3.317877,-0.006175,-0.000888,-0.000242,-0.126274,-0.018164,-0.004941,-2.998730
sample,325,drone,8.119275,11.809643,3.093418,3.317870,-0.009732,-0.001400,-0.000381,-0.158171,-0.022752,-0.006190,-2.998730
sample,326,drone,8.144257,11.809351,3.093376,3.317858,-0.014078,-0.002025,-0.000551,-0.189397,-0.027243,-0.007412,-2.998730
sample,327,drone,8.169240,11.808940,3.093317,3.317842,-0.019195,-0.002761,-0.000751,-0.219958,-0.031639,-0.008608,-2.998730
sample,328,drone,8.194222,11.808392,3.093238,3.317821,-0.025068,-0.003606,-0.000981,-0.249858,-0.035940,-0.009778,-2.998730
sample,329,drone,8.219204,11.807687,3.093136,3.317793,-0.031679,-0.004557,-0.001240,-0.279102,-0.040147,-0.010922,-2.998730
sample,330,drone,8.244187,11.806809,3.093010,3.317759,-0.039013,-0.005612,-0.001527,-0.307694,-0.044259,-0.012041,-2.998730
sample,331,drone,8.269169,11.805738,3.092856,3.317717,-0.047053,-0.006768,-0.001841,-0.335639,-0.048279,-0.013134,-2.998730
sample,332,drone,8.294151,11.804458,3.092672,3.317667,-0.055783,-0.008024,-0.002183,-0.362941,-0.052206,-0.014203,-2.998730
sample,333,drone,8.319134,11.802951,3.092455,3.317608,-0.065187,-0.009377,-0.002551,-0.389605,-0.056042,-0.015246,-2.998730
sample,334,drone,8.344116,11.801201,3.092203,3.317539,-0.075250,-0.010824,-0.002945,-0.415636,-0.059786,-0.016265,-2.998730
sample,335,drone,8.369099,11.799191,3.091914,3.317461,-0.085954,-0.012364,-0.003364,-0.441039,-0.063440,-0.017259,-2.998730
sample,336,drone,8.394081,11.796906,3.091586,3.317371,-0.097286,-0.013994,-0.003807,-0.465817,-0.067004,-0.018229,-2.998730
sample,337,drone,8.419063,11.794330,3.091215,3.317270,-0.109229,-0.015712,-0.004274,-0.489975,-0.070479,-0.019174,-2.998730
sample,338,drone,8.444046,11.791448,3.090801,3.317158,-0.121768,-0.017515,-0.004765,-0.513518,-0.073866,-0.020095,-2.998730
sample,339,drone,8.469028,11.788246,3.090340,3.317032,-0.134887,-0.019402,-0.005278,-0.536451,-0.077164,-0.020993,-2.998730
sample,340,drone,8.494011,11.784709,3.089831,3.316894,-0.148571,-0.021371,-0.005814,-0.558778,-0.080376,-0.021867,-2.998730
sample,341,drone,8.518993,11.780823,3.089272,3.316742,-0.162806,-0.023418,-0.006371,-0.580504,-0.083501,-0.022717,-2.998730
sample,342,drone,8.543975,11.776574,3.088661,3.316575,-0.177576,-0.025543,-0.006949,-0.601633,-0.086540,-0.023544,-2.998730
sample,343,drone,8.568958,11.771950,3.087996,3.316394,-0.192866,-0.027742,-0.007547,-0.622170,-0.089494,-0.024347,-2.998730
sample,344,drone,8.593940,11.766938,3.087275,3.316198,-0.208663,-0.030015,-0.008166,-0.642119,-0.092364,-0.025128,-2.998730
sample,345,drone,8.618922,11.761524,3.086496,3.315987,-0.224950,-0.032357,-0.008803,-0.661486,-0.095150,-0.025886,-2.998730
sample,346,drone,8.643905,11.755698,3.085658,3.315759,-0.241714,-0.034769,-0.009459,-0.680274,-0.097852,-0.026621,-2.998730
sample,347,drone,8.668887,11.749447,3.084759,3.315514,-0.258939,-0.037246,-0.010133,-0.698488,-0.100472,-0.027334,-2.998730
sample,348,drone,8.693870,11.742760,3.083797,3.315252,-0.276613,-0.039789,-0.010825,-0.716133,-0.103010,-0.028024,-2.998730
sample,349,drone,8.718852,11.735626,3.082771,3.314973,-0.294721,-0.042393,-0.011533,-0.733214,-0.105467,-0.028693,-2.998730
sample,350,drone,8.743834,11.728035,3.081679,3.314676,-0.313248,-0.045058,-0.012258,-0.749734,-0.107844,-0.029339,-2.998730
sample,351,drone,8.768817,11.719975,3.080520,3.314361,-0.332181,-0.047782,-0.012999,-0.765699,-0.110140,-0.029964,-2.998730
sample,352,drone,8.793799,11.711437,3.079292,3.314026,-0.351506,-0.050561,-0.013755,-0.781114,-0.112357,-0.030567,-2.998730
sample,353,drone,8.818782,11.702412,3.077993,3.313673,-0.371209,-0.053396,-0.014526,-0.795982,-0.114496,-0.031149,-2.998730
sample,354,drone,8.843764,11.692890,3.076624,3.313301,-0.391277,-0.056282,-0.015312,-0.810308,-0.116557,-0.031710,-2.998730
sample,355,drone,8.868746,11.682862,3.075181,3.312908,-0.411696,-0.059219,-0.016111,-0.824097,-0.118540,-0.032249,-2.998730
sample,356,drone,8.893729,11.672320,3.073665,3.312496,-0.432453,-0.062205,-0.016923,-0.837354,-0.120447,-0.032768,-2.998730
sample,357,drone,8.918711,11.661255,3.072073,3.312063,-0.453534,-0.065237,-0.017748,-0.850082,-0.122278,-0.033266,-2.998730
sample,358,drone,8.943693,11.649659,3.070405,3.311609,-0.474927,-0.068315,-0.018585,-0.862288,-0.124033,-0.033744,-2.998730
sample,359,drone,8.968676,11.637525,3.068660,3.311134,-0.496618,-0.071435,-0.019434,-0.873974,-0.125715,-0.034201,-2.998730
sample,360,drone,8.993658,11.624845,3.066836,3.310638,-0.518595,-0.074596,-0.020294,-0.885147,-0.127322,-0.034638,-2.998730
sample,361,drone,9.018641,11.611613,3.064933,3.310120,-0.540845,-0.077796,-0.021165,-0.895810,-0.128855,-0.035055,-2.998730
sample,362,drone,9.043623,11.597822,3.062949,3.309580,-0.563354,-0.081034,-0.022046,-0.905968,-0.130316,-0.035453,-2.998730
sample,363,drone,9.068605,11.583466,3.060884,3.309019,-0.586111,-0.084308,-0.022936,-0.915625,-0.131706,-0.035831,-2.998730
sample,364,drone,9.093588,11.568537,3.058737,3.308434,-0.609103,-0.087615,-0.023836,-0.924787,-0.133023,-0.036189,-2.998730
sample,365,drone,9.118570,11.553032,3.056506,3.307828,-0.632318,-0.090954,-0.024744,-0.933457,-0.134271,-0.036529,-2.998730
sample,366,drone,9.143553,11.536944,3.054192,3.307198,-0.655743,-0.094324,-0.025661,-0.941641,-0.135448,-0.036849,-2.998730
sample,367,drone,9.168535,11.520268,3.051793,3.306545,-0.679367,-0.097722,-0.026585,-0.949343,-0.136556,-0.037150,-2.998730
sample,368,drone,9.193517,11.502999,3.049309,3.305870,-0.703177,-0.101147,-0.027517,-0.956567,-0.137595,-0.037433,-2.998730
sample,369,drone,9.218500,11.485134,3.046740,3.305171,-0.727161,-0.104597,-0.028456,-0.963318,-0.138566,-0.037697,-2.998730
sample,370,drone,9.243482,11.466667,3.044083,3.304448,-0.751309,-0.108070,-0.029401,-0.969601,-0.139470,-0.037943,-2.998730
sample,371,drone,9.268464,11.447595,3.041340,3.303702,-0.775607,-0.111565,-0.030352,-0.975420,-0.140307,-0.038171,-2.998730
sample,372,drone,9.293447,11.427914,3.038509,3.302931,-0.800045,-0.115080,-0.031308,-0.980780,-0.141078,-0.038381,-2.998730
sample,373,drone,9.318429,11.407621,3.035590,3.302137,-0.824612,-0.118614,-0.032269,-0.985685,-0.141783,-0.038573,-2.998730
sample,374,drone,9.343412,11.386712,3.032582,3.301319,-0.849295,-0.122165,-0.033235,-0.990141,-0.142424,-0.038747,-2.998730
sample,375,drone,9.368394,11.365186,3.029486,3.300477,-0.874084,-0.125730,-0.034205,-0.994151,-0.143001,-0.038904,-2.998730
sample,376,drone,9.393376,11.343039,3.026300,3.299610,-0.898967,-0.129310,-0.035179,-0.997720,-0.143514,-0.039044,-2.998730
sample,377,drone,9.418359,11.320269,3.023025,3.298719,-0.923935,-0.132901,-0.036156,-1.000853,-0.143965,-0.039166,-2.998730
sample,378,drone,9.443341,11.296875,3.019660,3.297803,-0.948975,-0.136503,-0.037136,-1.003554,-0.144354,-0.039272,-2.998730
sample,379,drone,9.468324,11.272854,3.016205,3.296863,-0.974077,-0.140113,-0.038118,-1.005829,-0.144681,-0.039361,-2.998730
sample,380,drone,9.493306,11.248205,3.012659,3.295899,-0.999231,-0.143732,-0.039103,-1.007680,-0.144947,-0.039433,-2.998730
sample,381,drone,9.518288,11.222928,3.009023,3.294910,-1.024425,-0.147356,-0.040089,-1.009114,-0.145153,-0.039489,-2.998730
sample,382,drone,9.543271,11.197020,3.005297,3.293896,-1.049651,-0.150984,-0.041076,-1.010135,-0.145300,-0.039529,-2.998730
sample,383,drone,9.568253,11.170482,3.001479,3.292857,-1.074897,-0.154616,-0.042064,-1.010747,-0.145388,-0.039553,-2.998730
sample,384,drone,9.593235,11.143313,2.997571,3.291794,-1.100153,-0.158248,-0.043052,-1.010954,-0.145418,-0.039561,-2.998730
sample,385,drone,9.618218,11.115513,2.993573,3.290706,-1.125409,-0.161881,-0.044040,-1.010763,-0.145390,-0.039554,-2.998730
sample,386,drone,9.643200,11.087082,2.989483,3.289594,-1.150655,-0.165513,-0.045028,-1.010176,-0.145306,-0.039531,-2.998730
sample,387,drone,9.668183,11.058021,2.985303,3.288456,-1.175882,-0.169142,-0.046015,-1.009198,-0.145165,-0.039493,-2.998730
sample,388,drone,9.693165,11.028330,2.981032,3.287295,-1.201079,-0.172766,-0.047002,-1.007835,-0.144969,-0.039439,-2.998730
sample,389,drone,9.718147,10.998009,2.976671,3.286108,-1.226238,-0.176385,-0.047986,-1.006091,-0.144718,-0.039371,-2.998730
sample,390,drone,9.743130,10.967061,2.972219,3.284897,-1.251349,-0.179997,-0.048969,-1.003970,-0.144413,-0.039288,-2.998730
sample,391,drone,9.768112,10.935486,2.967677,3.283661,-1.276401,-0.183601,-0.049949,-1.001477,-0.144055,-0.039191,-2.998730
sample,392,drone,9.793095,10.903286,2.963045,3.282401,-1.301387,-0.187195,-0.050927,-0.998617,-0.143643,-0.039079,-2.998730
sample,393,drone,9.818077,10.870463,2.958324,3.281117,-1.326297,-0.190778,-0.051902,-0.995394,-0.143180,-0.038952,-2.998730
sample,394,drone,9.843059,10.837018,2.953513,3.279808,-1.351122,-0.194348,-0.052873,-0.991812,-0.142665,-0.038812,-2.998730
sample,395,drone,9.868042,10.802954,2.948613,3.278475,-1.375853,-0.197906,-0.053841,-0.987877,-0.142099,-0.038658,-2.998730
sample,396,drone,9.893024,10.768274,2.943625,3.277118,-1.400481,-0.201448,-0.054805,-0.983593,-0.141482,-0.038491,-2.998730
sample,397,drone,9.918006,10.732979,2.938548,3.275737,-1.424998,-0.204975,-0.055764,-0.978964,-0.140816,-0.038310,-2.998730
sample,398,drone,9.942989,10.697074,2.933383,3.274332,-1.449395,-0.208484,-0.056719,-0.973995,-0.140102,-0.038115,-2.998730
sample,399,drone,9.967971,10.660561,2.928131,3.272903,-1.473663,-0.211975,-0.057668,-0.968691,-0.139339,-0.037908,-2.998730
sample,400,drone,9.992954,10.623443,2.922792,3.271450,-1.497795,-0.215446,-0.058613,-0.963056,-0.138528,-0.037687,-2.998730
sample,401,drone,10.017936,10.585724,2.917366,3.269974,-1.521782,-0.218897,-0.059551,-0.957094,-0.137671,-0.037454,-2.998730
sample,402,drone,10.042918,10.547407,2.911855,3.268475,-1.545616,-0.222325,-0.060484,-0.950811,-0.136767,-0.037208,-2.998730
sample,403,drone,10.067901,10.508497,2.906258,3.266952,-1.569289,-0.225730,-0.061411,-0.944212,-0.135818,-0.036950,-2.998730
sample,404,drone,10.092883,10.468998,2.900576,3.265406,-1.592793,-0.229111,-0.062330,-0.937299,-0.134823,-0.036679,-2.998730
sample,405,drone,10.117865,10.428914,2.894811,3.263838,-1.616121,-0.232467,-0.063243,-0.930079,-0.133785,-0.036397,-2.998730
sample,406,drone,10.142848,10.388249,2.888961,3.262246,-1.639264,-0.235796,-0.064149,-0.922556,-0.132703,-0.036102,-2.998730
sample,407,drone,10.167830,10.347008,2.883029,3.260633,-1.662216,-0.239097,-0.065047,-0.914733,-0.131577,-0.035796,-2.998730
sample,408,drone,10.192813,10.305197,2.877015,3.258996,-1.684969,-0.242370,-0.065937,-0.906617,-0.130410,-0.035478,-2.998730
sample,409,drone,10.217795,10.262819,2.870919,3.257338,-1.707515,-0.245613,-0.066820,-0.898211,-0.129201,-0.035149,-2.998730
sample,410,drone,10.242777,10.219881,2.864743,3.255658,-1.729848,-0.248825,-0.067694,-0.889521,-0.127951,-0.034809,-2.998730
sample,411,drone,10.267760,10.176388,2.858487,3.253956,-1.751960,-0.252006,-0.068559,-0.880549,-0.126660,-0.034458,-2.998730
sample,412,drone,10.292742,10.132345,2.852151,3.252232,-1.773844,-0.255154,-0.069415,-0.871303,-0.125330,-0.034096,-2.998730
sample,413,drone,10.317725,10.087758,2.845738,3.250487,-1.795494,-0.258268,-0.070263,-0.861784,-0.123961,-0.033724,-2.998730
sample,414,drone,10.342707,10.042633,2.839247,3.248722,-1.816903,-0.261348,-0.071100,-0.852000,-0.122554,-0.033341,-2.998730
sample,415,drone,10.367689,9.996977,2.832680,3.246935,-1.838064,-0.264391,-0.071928,-0.841953,-0.121108,-0.032948,-2.998730
sample,416,drone,10.392672,9.950795,2.826037,3.245128,-1.858971,-0.267399,-0.072747,-0.831649,-0.119626,-0.032545,-2.998730
sample,417,drone,10.417654,9.904094,2.819319,3.243300,-1.879617,-0.270369,-0.073555,-0.821092,-0.118108,-0.032132,-2.998730
sample,418,drone,10.442636,9.856880,2.812528,3.241453,-1.899997,-0.273300,-0.074352,-0.810287,-0.116554,-0.031709,-2.998730
sample,419,drone,10.467619,9.809161,2.805664,3.239585,-1.920103,-0.276192,-0.075139,-0.799238,-0.114964,-0.031276,-2.998730
sample,420,drone,10.492601,9.760943,2.798728,3.237698,-1.939930,-0.279044,-0.075915,-0.787950,-0.113341,-0.030835,-2.998730
sample,421,drone,10.517584,9.712233,2.791721,3.235792,-1.959473,-0.281855,-0.076680,-0.776427,-0.111683,-0.030384,-2.998730
sample,422,drone,10.542566,9.663038,2.784645,3.233867,-1.978725,-0.284624,-0.077433,-0.764675,-0.109993,-0.029924,-2.998730
sample,423,drone,10.567548,9.613366,2.777500,3.231923,-1.997680,-0.287351,-0.078175,-0.752697,-0.108270,-0.029455,-2.998730
sample,424,drone,10.592531,9.563225,2.770288,3.229961,-2.016333,-0.290034,-0.078905,-0.740499,-0.106515,-0.028978,-2.998730
sample,425,drone,10.617513,9.512621,2.763009,3.227981,-2.034679,-0.292673,-0.079623,-0.728084,-0.104729,-0.028492,-2.998730
sample,426,drone,10.642496,9.461562,2.755664,3.225983,-2.052711,-0.295267,-0.080328,-0.715458,-0.102913,-0.027998,-2.998730
sample,427,drone,10.667478,9.410057,2.748256,3.223967,-2.070426,-0.297815,-0.081021,-0.702624,-0.101067,-0.027496,-2.998730
sample,428,drone,10.692460,9.358114,2.740784,3.221934,-2.087818,-0.300317,-0.081702,-0.689589,-0.099192,-0.026985,-2.998730
sample,429,drone,10.717443,9.305740,2.733251,3.219885,-2.104881,-0.302771,-0.082370,-0.676355,-0.097289,-0.026468,-2.998730
sample,430,drone,10.742425,9.252944,2.725656,3.217819,-2.121612,-0.305178,-0.083024,-0.662928,-0.095357,-0.025942,-2.998730
sample,431,drone,10.767407,9.199734,2.718002,3.215737,-2.138004,-0.307536,-0.083666,-0.649313,-0.093399,-0.025409,-2.998730
sample,432,drone,10.792390,9.146119,2.710290,3.213639,-2.154055,-0.309844,-0.084294,-0.635513,-0.091414,-0.024869,-2.998730
sample,433,drone,10.817372,9.092107,2.702521,3.211525,-2.169758,-0.312103,-0.084909,-0.621534,-0.089403,-0.024322,-2.998730
sample,434,drone,10.842355,9.037708,2.694696,3.209396,-2.185109,-0.314311,-0.085509,-0.607381,-0.087367,-0.023768,-2.998730
sample,435,drone,10.867337,8.982929,2.686817,3.207252,-2.200105,-0.316468,-0.086096,-0.593056,-0.085307,-0.023208,-2.998730
sample,436,drone,10.892319,8.927780,2.678884,3.205094,-2.214741,-0.318574,-0.086669,-0.578566,-0.083222,-0.022641,-2.998730
sample,437,drone,10.917302,8.872270,2.670899,3.202922,-2.229013,-0.320626,-0.087227,-0.563915,-0.081115,-0.022068,-2.998730
sample,438,drone,10.942284,8.816408,2.662864,3.200736,-2.242917,-0.322626,-0.087771,-0.549107,-0.078985,-0.021488,-2.998730
sample,439,drone,10.967267,8.760203,2.654779,3.198537,-2.256449,-0.324573,-0.088301,-0.534148,-0.076833,-0.020903,-2.998730
sample,440,drone,10.992249,8.703665,2.646647,3.196324,-2.269606,-0.326465,-0.088816,-0.519041,-0.074660,-0.020311,-2.998730
sample,441,drone,11.017231,8.646803,2.638468,3.194099,-2.282383,-0.328303,-0.089316,-0.503791,-0.072466,-0.019715,-2.998730
sample,442,drone,11.042214,8.589626,2.630243,3.191861,-2.294778,-0.330086,-0.089801,-0.488403,-0.070253,-0.019113,-2.998730
sample,443,drone,11.067196,8.532145,2.621975,3.189612,-2.306786,-0.331813,-0.090271,-0.472881,-0.068020,-0.018505,-2.998730
sample,444,drone,11.092178,8.474368,2.613664,3.187351,-2.318405,-0.333485,-0.090726,-0.457230,-0.065769,-0.017893,-2.998730
sample,445,drone,11.117161,8.416306,2.605312,3.185079,-2.329631,-0.335100,-0.091165,-0.441455,-0.063500,-0.017275,-2.998730
sample,446,drone,11.142143,8.357969,2.596921,3.182796,-2.340462,-0.336658,-0.091589,-0.425560,-0.061213,-0.016653,-2.998730
sample,447,drone,11.167126,8.299366,2.588491,3.180503,-2.350894,-0.338158,-0.091997,-0.409549,-0.058910,-0.016027,-2.998730
sample,448,drone,11.192108,8.240507,2.580025,3.178199,-2.360925,-0.339601,-0.092389,-0.393428,-0.056592,-0.015396,-2.998730
sample,449,drone,11.217090,8.181402,2.571523,3.175887,-2.370552,-0.340986,-0.092766,-0.377200,-0.054257,-0.014761,-2.998730
sample,450,drone,11.242073,8.122063,2.562988,3.173564,-2.379772,-0.342312,-0.093127,-0.360871,-0.051909,-0.014122,-2.998730
sample,451,drone,11.267055,8.062498,2.554420,3.171233,-2.388583,-0.343579,-0.093472,-0.344446,-0.049546,-0.013479,-2.998730
sample,452,drone,11.292038,8.002718,2.545821,3.168894,-2.396982,-0.344787,-0.093800,-0.327927,-0.047170,-0.012833,-2.998730
sample,453,drone,11.317020,7.942733,2.537193,3.166547,-2.404968,-0.345936,-0.094113,-0.311321,-0.044781,-0.012183,-2.998730
sample,454,drone,11.342002,7.882554,2.528536,3.164192,-2.412537,-0.347025,-0.094409,-0.294632,-0.042381,-0.011530,-2.998730
sample,455,drone,11.366985,7.822191,2.519853,3.161830,-2.419689,-0.348054,-0.094689,-0.277864,-0.039969,-0.010874,-2.998730
sample,456,drone,11.391967,7.761655,2.511146,3.159461,-2.426421,-0.349022,-0.094952,-0.261022,-0.037546,-0.010215,-2.998730
sample,457,drone,11.416949,7.700956,2.502415,3.157085,-2.432731,-0.349930,-0.095199,-0.244110,-0.035113,-0.009553,-2.998730
sample,458,drone,11.441932,7.640104,2.493662,3.154704,-2.438617,-0.350776,-0.095430,-0.227134,-0.032671,-0.008888,-2.998730
sample,459,drone,11.466914,7.579111,2.484888,3.152317,-2.444079,-0.351562,-0.095644,-0.210098,-0.030221,-0.008222,-2.998730
sample,460,drone,11.491897,7.517986,2.476096,3.149925,-2.449115,-0.352286,-0.095841,-0.193005,-0.027762,-0.007553,-2.998730
sample,461,drone,11.516879,7.456741,2.467286,3.147529,-2.453723,-0.352949,-0.096021,-0.175862,-0.025296,-0.006882,-2.998730
sample,462,drone,11.541861,7.395387,2.458461,3.145128,-2.457902,-0.353550,-0.096184,-0.158672,-0.022824,-0.006209,-2.998730
sample,463,drone,11.566844,7.333933,2.449621,3.142723,-2.461651,-0.354090,-0.096331,-0.141440,-0.020345,-0.005535,-2.998730
sample,464,drone,11.591826,7.272391,2.440769,3.140314,-2.464969,-0.354567,-0.096461,-0.124171,-0.017861,-0.004859,-2.998730
sample,465,drone,11.616809,7.210771,2.431905,3.137903,-2.467855,-0.354982,-0.096574,-0.106868,-0.015372,-0.004182,-2.998730
sample,466,drone,11.641791,7.149085,2.423032,3.135489,-2.470308,-0.355335,-0.096670,-0.089538,-0.012879,-0.003504,-2.998730
sample,467,drone,11.666773,7.087343,2.414151,3.133073,-2.472329,-0.355625,-0.096749,-0.072184,-0.010383,-0.002825,-2.998730
sample,468,drone,11.691756,7.025556,2.405264,3.130655,-2.473915,-0.355854,-0.096811,-0.054811,-0.007884,-0.002145,-2.998730
sample,469,drone,11.716738,6.963734,2.396371,3.128236,-2.475067,-0.356019,-0.096856,-0.037424,-0.005383,-0.001465,-2.998730
sample,470,drone,11.741720,6.901889,2.387475,3.125816,-2.475785,-0.356123,-0.096884,-0.020027,-0.002881,-0.000784,-2.998730
sample,471,drone,11.766703,6.840032,2.378577,3.123395,-2.476068,-0.356163,-0.096895,-0.002624,-0.000377,-0.000103,-2.998730
sample,472,drone,11.791685,6.778173,2.369680,3.120974,-2.475916,-0.356142,-0.096889,0.014779,0.002126,0.000578,-2.998730
sample,473,drone,11.816668,6.716324,2.360783,3.118554,-2.475330,-0.356057,-0.096866,0.032178,0.004629,0.001259,-2.998730
sample,474,drone,11.841650,6.654494,2.351889,3.116134,-2.474308,-0.355910,-0.096826,0.049569,0.007130,0.001940,-2.998730
sample,475,drone,11.866632,6.592695,2.343000,3.113716,-2.472853,-0.355701,-0.096769,0.066947,0.009630,0.002620,-2.998730
sample,476,drone,11.891615,6.530938,2.334117,3.111299,-2.470963,-0.355429,-0.096696,0.084307,0.012127,0.003299,-2.998730
sample,477,drone,11.916597,6.469234,2.325241,3.108885,-2.468640,-0.355095,-0.096605,0.101645,0.014621,0.003978,-2.998730
sample,478,drone,11.941580,6.407593,2.316374,3.106473,-2.465885,-0.354699,-0.096497,0.118956,0.017111,0.004655,-2.998730
sample,479,drone,11.966562,6.346027,2.307519,3.104063,-2.462697,-0.354240,-0.096372,0.136236,0.019596,0.005331,-2.998730
sample,480,drone,11.991544,6.284545,2.298675,3.101657,-2.459078,-0.353719,-0.096230,0.153479,0.022077,0.006006,-2.998730
sample,481,drone,12.016527,6.223160,2.289845,3.099255,-2.455028,-0.353137,-0.096072,0.170682,0.024551,0.006679,-2.998730
sample,482,drone,12.041509,6.161880,2.281031,3.096857,-2.450550,-0.352493,-0.095897,0.187840,0.027019,0.007351,-2.998730
sample,483,drone,12.066491,6.100718,2.272233,3.094464,-2.445643,-0.351787,-0.095705,0.204949,0.029480,0.008020,-2.998730
sample,484,drone,12.091474,6.039684,2.263454,3.092075,-2.440309,-0.351020,-0.095496,0.222003,0.031933,0.008688,-2.998730
sample,485,drone,12.116456,5.978789,2.254694,3.089692,-2.434551,-0.350191,-0.095271,0.238998,0.034378,0.009353,-2.998730
sample,486,drone,12.141439,5.918043,2.245956,3.087315,-2.428368,-0.349302,-0.095029,0.255929,0.036813,0.010015,-2.998730
sample,487,drone,12.166421,5.857456,2.237241,3.084944,-2.421763,-0.348352,-0.094770,0.272792,0.039239,0.010675,-2.998730
sample,488,drone,12.191403,5.797040,2.228551,3.082580,-2.414738,-0.347342,-0.094495,0.289583,0.041654,0.011332,-2.998730
sample,489,drone,12.216386,5.736804,2.219887,3.080223,-2.407294,-0.346271,-0.094204,0.306297,0.044058,0.011986,-2.998730
sample,490,drone,12.241368,5.676760,2.211250,3.077873,-2.399434,-0.345140,-0.093896,0.322928,0.046451,0.012637,-2.998730
sample,491,drone,12.266351,5.616917,2.202642,3.075531,-2.391159,-0.343950,-0.093573,0.339474,0.048831,0.013285,-2.998730
sample,492,drone,12.291333,5.557286,2.194064,3.073198,-2.382472,-0.342700,-0.093233,0.355928,0.051197,0.013928,-2.998730
sample,493,drone,12.316315,5.497877,2.185519,3.070873,-2.373375,-0.341392,-0.092877,0.372287,0.053551,0.014569,-2.998730
sample,494,drone,12.341298,5.438701,2.177007,3.068557,-2.363871,-0.340025,-0.092505,0.388545,0.055889,0.015205,-2.998730
sample,495,drone,12.366280,5.379767,2.168530,3.066251,-2.353962,-0.338599,-0.092117,0.404699,0.058213,0.015837,-2.998730
sample,496,drone,12.391262,5.321086,2.160089,3.063955,-2.343650,-0.337116,-0.091713,0.420743,0.060521,0.016465,-2.998730
sample,497,drone,12.416245,5.262667,2.151686,3.061668,-2.332939,-0.335575,-0.091294,0.436674,0.062812,0.017088,-2.998730
sample,498,drone,12.441227,5.204521,2.143322,3.059393,-2.321832,-0.333978,-0.090860,0.452486,0.065087,0.017707,-2.998730
sample,499,drone,12.466210,5.146657,2.134999,3.057129,-2.310331,-0.332323,-0.090410,0.468174,0.067343,0.018321,-2.998730
sample,500,drone,12.491192,5.089086,2.126717,3.054876,-2.298440,-0.330613,-0.089944,0.483736,0.069582,0.018930,-2.998730
sample,501,drone,12.516174,5.031816,2.118480,3.052635,-2.286161,-0.328847,-0.089464,0.499165,0.071801,0.019534,-2.998730
sample,502,drone,12.541157,4.974858,2.110287,3.050406,-2.273499,-0.327025,-0.088968,0.514457,0.074001,0.020132,-2.998730
sample,503,drone,12.566139,4.918222,2.102140,3.048189,-2.260457,-0.325149,-0.088458,0.529607,0.076180,0.020725,-2.998730
sample,504,drone,12.591122,4.861915,2.094041,3.045986,-2.247037,-0.323219,-0.087933,0.544612,0.078338,0.021312,-2.998730
sample,505,drone,12.616104,4.805949,2.085990,3.043796,-2.233245,-0.321235,-0.087393,0.559466,0.080475,0.021893,-2.998730
sample,506,drone,12.641086,4.750332,2.077990,3.041619,-2.219084,-0.319198,-0.086839,0.574165,0.082589,0.022469,-2.998730
sample,507,drone,12.666069,4.695073,2.070042,3.039457,-2.204557,-0.317109,-0.086270,0.588704,0.084681,0.023038,-2.998730
sample,508,drone,12.691051,4.640182,2.062146,3.037309,-2.189669,-0.314967,-0.085688,0.603079,0.086748,0.023600,-2.998730
sample,509,drone,12.716033,4.585667,2.054304,3.035176,-2.174425,-0.312774,-0.085091,0.617284,0.088792,0.024156,-2.998730
sample,510,drone,12.741016,4.531537,2.046518,3.033057,-2.158827,-0.310531,-0.084481,0.631317,0.090810,0.024705,-2.998730
sample,511,drone,12.765998,4.477801,2.038789,3.030954,-2.142881,-0.308237,-0.083857,0.645171,0.092803,0.025247,-2.998730
sample,512,drone,12.790981,4.424468,2.031117,3.028867,-2.126591,-0.305894,-0.083219,0.658842,0.094769,0.025782,-2.998730
sample,513,drone,12.815963,4.371547,2.023505,3.026796,-2.109962,-0.303502,-0.082569,0.672326,0.096709,0.026310,-2.998730
sample,514,drone,12.840945,4.319045,2.015953,3.024742,-2.092998,-0.301062,-0.081905,0.685619,0.098621,0.026830,-2.998730
sample,515,drone,12.865928,4.266970,2.008462,3.022704,-2.075705,-0.298574,-0.081228,0.698714,0.100505,0.027343,-2.998730
sample,516,drone,12.890910,4.215332,2.001035,3.020683,-2.058087,-0.296040,-0.080539,0.711609,0.102360,0.027847,-2.998730
sample,517,drone,12.915892,4.164139,1.993671,3.018680,-2.040150,-0.293460,-0.079837,0.724298,0.104185,0.028344,-2.998730
sample,518,drone,12.940875,4.113397,1.986372,3.016694,-2.021898,-0.290834,-0.079122,0.736777,0.105980,0.028832,-2.998730
sample,519,drone,12.965857,4.063115,1.979139,3.014727,-2.003337,-0.288165,-0.078396,0.749042,0.107744,0.029312,-2.998730
sample,520,drone,12.990840,4.013301,1.971974,3.012777,-1.984472,-0.285451,-0.077658,0.761086,0.109476,0.029783,-2.998730
sample,521,drone,13.015822,3.963961,1.964877,3.010847,-1.965309,-0.282695,-0.076908,0.772907,0.111177,0.030246,-2.998730
sample,522,drone,13.040804,3.915104,1.957849,3.008935,-1.945854,-0.279896,-0.076147,0.784500,0.112844,0.030700,-2.998730
sample,523,drone,13.065787,3.866737,1.950892,3.007042,-1.926112,-0.277056,-0.075374,0.795859,0.114478,0.031144,-2.998730
sample,524,drone,13.090769,3.818867,1.944006,3.005169,-1.906089,-0.274176,-0.074590,0.806980,0.116078,0.031579,-2.998730
sample,525,drone,13.115752,3.771500,1.937193,3.003315,-1.885792,-0.271257,-0.073796,0.817859,0.117643,0.032005,-2.998730
sample,526,drone,13.140734,3.724643,1.930453,3.001481,-1.865225,-0.268298,-0.072991,0.828492,0.119172,0.032421,-2.998730
sample,527,drone,13.165716,3.678304,1.923787,2.999668,-1.844396,-0.265302,-0.072176,0.838873,0.120665,0.032827,-2.998730
sample,528,drone,13.190699,3.632489,1.917197,2.997875,-1.823311,-0.262269,-0.071351,0.848997,0.122122,0.033224,-2.998730
sample,529,drone,13.215681,3.587203,1.910683,2.996103,-1.801976,-0.259200,-0.070516,0.858862,0.123541,0.033610,-2.998730
sample,530,drone,13.240663,3.542453,1.904246,2.994352,-1.780398,-0.256097,-0.069672,0.868461,0.124921,0.033985,-2.998730
sample,531,drone,13.265646,3.498246,1.897887,2.992622,-1.758584,-0.252959,-0.068818,0.877790,0.126263,0.034350,-2.998730
sample,532,drone,13.290628,3.454586,1.891607,2.990913,-1.736540,-0.249788,-0.067956,0.886844,0.127566,0.034705,-2.998730
sample,533,drone,13.315611,3.411480,1.885407,2.989226,-1.714273,-0.246585,-0.067084,0.895620,0.128828,0.035048,-2.998730
sample,534,drone,13.340593,3.368933,1.879286,2.987561,-1.691790,-0.243351,-0.066204,0.904112,0.130050,0.035380,-2.998730
sample,535,drone,13.365575,3.326950,1.873248,2.985919,-1.669099,-0.240087,-0.065316,0.912317,0.131230,0.035701,-2.998730
sample,536,drone,13.390558,3.285537,1.867291,2.984298,-1.646206,-0.236794,-0.064421,0.920228,0.132368,0.036011,-2.998730
sample,537,drone,13.415540,3.244698,1.861416,2.982700,-1.623120,-0.233473,-0.063517,0.927842,0.133463,0.036309,-2.998730
sample,538,drone,13.440523,3.204438,1.855625,2.981124,-1.599847,-0.230126,-0.062606,0.935154,0.134515,0.036595,-2.998730
sample,539,drone,13.465505,3.164762,1.849918,2.979572,-1.576395,-0.226752,-0.061689,0.942160,0.135522,0.036869,-2.998730
sample,540,drone,13.490487,3.125674,1.844296,2.978042,-1.552772,-0.223354,-0.060764,0.948854,0.136485,0.037131,-2.998730
sample,541,drone,13.515470,3.087178,1.838758,2.976536,-1.528986,-0.219933,-0.059833,0.955233,0.137403,0.037381,-2.998730
sample,542,drone,13.540452,3.049278,1.833307,2.975052,-1.505044,-0.216489,-0.058896,0.961292,0.138274,0.037618,-2.998730
sample,543,drone,13.565434,3.011979,1.827941,2.973593,-1.480955,-0.213024,-0.057954,0.967026,0.139099,0.037842,-2.998730
sample,544,drone,13.590417,2.975283,1.822663,2.972157,-1.456727,-0.209539,-0.057006,0.972430,0.139877,0.038054,-2.998730
sample,545,drone,13.615399,2.939194,1.817472,2.970745,-1.432368,-0.206035,-0.056052,0.977501,0.140606,0.038252,-2.998730
sample,546,drone,13.640382,2.903715,1.812368,2.969356,-1.407886,-0.202514,-0.055094,0.982233,0.141287,0.038437,-2.998730
sample,547,drone,13.665364,2.868849,1.807353,2.967992,-1.383291,-0.198976,-0.054132,0.986622,0.141918,0.038609,-2.998730
sample,548,drone,13.690346,2.834599,1.802427,2.966651,-1.358590,-0.195423,-0.053165,0.990663,0.142499,0.038767,-2.998730
sample,549,drone,13.715329,2.800967,1.797589,2.965335,-1.333793,-0.191856,-0.052195,0.994351,0.143030,0.038912,-2.998730
sample,550,drone,13.740311,2.767956,1.792841,2.964044,-1.308908,-0.188276,-0.051221,0.997683,0.143509,0.039042,-2.998730
sample,551,drone,13.765294,2.735568,1.788182,2.962776,-1.283944,-0.184685,-0.050244,1.000653,0.143936,0.039158,-2.998730
sample,552,drone,13.790276,2.703804,1.783613,2.961533,-1.258910,-0.181085,-0.049265,1.003258,0.144311,0.039260,-2.998730
sample,553,drone,13.815258,2.672667,1.779134,2.960315,-1.233816,-0.177475,-0.048283,1.005491,0.144632,0.039348,-2.998730
sample,554,drone,13.840241,2.642157,1.774745,2.959121,-1.208671,-0.173858,-0.047299,1.007349,0.144899,0.039420,-2.998730
sample,555,drone,13.865223,2.612276,1.770447,2.957951,-1.183484,-0.170235,-0.046313,1.008828,0.145112,0.039478,-2.998730
sample,556,drone,13.890205,2.583024,1.766240,2.956807,-1.158265,-0.166608,-0.045326,1.009922,0.145270,0.039521,-2.998730
sample,557,drone,13.915188,2.554403,1.762123,2.955687,-1.133024,-0.162977,-0.044338,1.010627,0.145371,0.039549,-2.998730
sample,558,drone,13.940170,2.526413,1.758097,2.954591,-1.107769,-0.159344,-0.043350,1.010938,0.145416,0.039561,-2.998730
sample,559,drone,13.965153,2.499054,1.754161,2.953521,-1.082512,-0.155711,-0.042362,1.010852,0.145403,0.039557,-2.998730
sample,560,drone,13.990135,2.472326,1.750316,2.952475,-1.057263,-0.152079,-0.041374,1.010362,0.145333,0.039538,-2.998730
sample,561,drone,14.015117,2.446228,1.746562,2.951453,-1.032030,-0.148450,-0.040386,1.009465,0.145204,0.039503,-2.998730
sample,562,drone,14.040100,2.420761,1.742899,2.950457,-1.006825,-0.144824,-0.039400,1.008157,0.145016,0.039452,-2.998730
sample,563,drone,14.065082,2.395922,1.739326,2.949485,-0.981658,-0.141204,-0.038415,1.006431,0.144767,0.039384,-2.998730
sample,564,drone,14.090065,2.371712,1.735844,2.948537,-0.956539,-0.137591,-0.037432,1.004285,0.144459,0.039300,-2.998730
sample,565,drone,14.115047,2.348129,1.732452,2.947615,-0.931479,-0.133986,-0.036451,1.001713,0.144089,0.039200,-2.998730
sample,566,drone,14.140029,2.325171,1.729149,2.946716,-0.906488,-0.130391,-0.035473,0.998711,0.143657,0.039082,-2.998730
sample,567,drone,14.165012,2.302837,1.725937,2.945842,-0.881578,-0.126808,-0.034499,0.995273,0.143162,0.038948,-2.998730
sample,568,drone,14.189994,2.281123,1.722813,2.944992,-0.856760,-0.123238,-0.033527,0.991397,0.142605,0.038796,-2.998730
sample,569,drone,14.214976,2.260029,1.719779,2.944167,-0.832043,-0.119683,-0.032560,0.987076,0.141983,0.038627,-2.998730
sample,570,drone,14.239959,2.239550,1.716834,2.943366,-0.807441,-0.116144,-0.031597,0.982307,0.141297,0.038440,-2.998730
sample,571,drone,14.264941,2.219685,1.713976,2.942588,-0.782963,-0.112623,-0.030639,0.977084,0.140546,0.038236,-2.998730
sample,572,drone,14.289924,2.200430,1.711206,2.941835,-0.758621,-0.109122,-0.029687,0.971404,0.139729,0.038014,-2.998730
sample,573,drone,14.314906,2.181781,1.708524,2.941105,-0.734427,-0.105642,-0.028740,0.965262,0.138845,0.037773,-2.998730
sample,574,drone,14.339888,2.163734,1.705928,2.940399,-0.710392,-0.102184,-0.027800,0.958652,0.137895,0.037515,-2.998730
sample,575,drone,14.364871,2.146286,1.703418,2.939716,-0.686528,-0.098752,-0.026866,0.951571,0.136876,0.037238,-2.998730
sample,576,drone,14.389853,2.129432,1.700994,2.939056,-0.662847,-0.095345,-0.025939,0.944014,0.135789,0.036942,-2.998730
sample,577,drone,14.414836,2.113167,1.698654,2.938420,-0.639360,-0.091967,-0.025020,0.935976,0.134633,0.036627,-2.998730
sample,578,drone,14.439818,2.097487,1.696399,2.937806,-0.616081,-0.088619,-0.024109,0.927453,0.133407,0.036294,-2.998730
sample,579,drone,14.464800,2.082385,1.694226,2.937215,-0.593021,-0.085301,-0.023207,0.918440,0.132111,0.035941,-2.998730
sample,580,drone,14.489783,2.067857,1.692137,2.936647,-0.570191,-0.082018,-0.022313,0.908933,0.130743,0.035569,-2.998730
sample,581,drone,14.514765,2.053896,1.690128,2.936100,-0.547606,-0.078769,-0.021429,0.898926,0.129304,0.035177,-2.998730
sample,582,drone,14.539747,2.040496,1.688201,2.935576,-0.525277,-0.075557,-0.020556,0.888416,0.127792,0.034766,-2.998730
sample,583,drone,14.564730,2.027650,1.686353,2.935073,-0.503216,-0.072384,-0.019692,0.877398,0.126207,0.034335,-2.998730
sample,584,drone,14.589712,2.015353,1.684584,2.934592,-0.481438,-0.069251,-0.018840,0.865867,0.124548,0.033884,-2.998730
sample,585,drone,14.614695,2.003595,1.682893,2.934132,-0.459954,-0.066161,-0.017999,0.853818,0.122815,0.033412,-2.998730
sample,586,drone,14.639677,1.992371,1.681279,2.933693,-0.438777,-0.063115,-0.017171,0.841248,0.121007,0.032920,-2.998730
sample,587,drone,14.664659,1.981672,1.679740,2.933274,-0.417921,-0.060115,-0.016354,0.828151,0.119123,0.032408,-2.998730
sample,588,drone,14.689642,1.971490,1.678275,2.932876,-0.397399,-0.057163,-0.015551,0.814523,0.117163,0.031874,-2.998730
sample,589,drone,14.714624,1.961816,1.676884,2.932497,-0.377223,-0.054261,-0.014762,0.800359,0.115125,0.031320,-2.998730
sample,590,drone,14.739607,1.952642,1.675564,2.932138,-0.357409,-0.051411,-0.013986,0.785655,0.113010,0.030745,-2.998730
sample,591,drone,14.764589,1.943958,1.674315,2.931798,-0.337968,-0.048614,-0.013226,0.770406,0.110817,0.030148,-2.998730
sample,592,drone,14.789571,1.935755,1.673135,2.931477,-0.318916,-0.045874,-0.012480,0.754607,0.108544,0.029530,-2.998730
sample,593,drone,14.814554,1.928024,1.672023,2.931175,-0.300265,-0.043191,-0.011750,0.738255,0.106192,0.028890,-2.998730
sample,594,drone,14.839536,1.920753,1.670977,2.930890,-0.282029,-0.040568,-0.011037,0.721343,0.103760,0.028228,-2.998730
sample,595,drone,14.864518,1.913932,1.669996,2.930623,-0.264223,-0.038006,-0.010340,0.703869,0.101246,0.027544,-2.998730
sample,596,drone,14.889501,1.907551,1.669078,2.930374,-0.246860,-0.035509,-0.009660,0.685827,0.098651,0.026838,-2.998730
sample,597,drone,14.914483,1.901598,1.668222,2.930141,-0.229956,-0.033077,-0.008999,0.667212,0.095973,0.026110,-2.998730
sample,598,drone,14.939466,1.896061,1.667425,2.929924,-0.213523,-0.030714,-0.008356,0.648021,0.093213,0.025359,-2.998730
sample,599,drone,14.964448,1.890929,1.666687,2.929723,-0.197577,-0.028420,-0.007732,0.628248,0.090369,0.024585,-2.998730
sample,600,drone,14.989430,1.886189,1.666005,2.929538,-0.182133,-0.026198,-0.007127,0.607888,0.087440,0.023788,-2.998730
sample,601,drone,15.014413,1.881829,1.665378,2.929367,-0.167204,-0.024051,-0.006543,0.586938,0.084427,0.022969,-2.998730
sample,602,drone,15.039395,1.877835,1.664804,2.929211,-0.152807,-0.021980,-0.005980,0.565393,0.081327,0.022125,-2.998730
sample,603,drone,15.064378,1.874194,1.664280,2.929068,-0.138955,-0.019988,-0.005438,0.543248,0.078142,0.021259,-2.998730
sample,604,drone,15.089360,1.870892,1.663805,2.928939,-0.125663,-0.018076,-0.004918,0.520498,0.074870,0.020369,-2.998730
sample,605,drone,15.114342,1.867915,1.663377,2.928823,-0.112948,-0.016247,-0.004420,0.497139,0.071510,0.019454,-2.998730
sample,606,drone,15.139325,1.865249,1.662993,2.928718,-0.100824,-0.014503,-0.003946,0.473167,0.068061,0.018516,-2.998730
sample,607,drone,15.164307,1.862878,1.662652,2.928625,-0.089306,-0.012846,-0.003495,0.448576,0.064524,0.017554,-2.998730
sample,608,drone,15.189289,1.860786,1.662351,2.928544,-0.078411,-0.011279,-0.003068,0.423363,0.060897,0.016567,-2.998730
sample,609,drone,15.214272,1.858960,1.662088,2.928472,-0.068153,-0.009803,-0.002667,0.397522,0.057180,0.015556,-2.998730
sample,610,drone,15.239254,1.857381,1.661861,2.928410,-0.058549,-0.008422,-0.002291,0.371049,0.053373,0.014520,-2.998730
sample,611,drone,15.264237,1.856034,1.661668,2.928358,-0.049614,-0.007137,-0.001942,0.343940,0.049473,0.013459,-2.998730
sample,612,drone,15.289219,1.854902,1.661505,2.928313,-0.041364,-0.005950,-0.001619,0.316189,0.045481,0.012373,-2.998730
sample,613,drone,15.314201,1.853968,1.661370,2.928277,-0.033816,-0.004864,-0.001323,0.287793,0.041397,0.011262,-2.998730
sample,614,drone,15.339184,1.853213,1.661262,2.928247,-0.026985,-0.003882,-0.001056,0.258746,0.037219,0.010125,-2.998730
sample,615,drone,15.364166,1.852619,1.661176,2.928224,-0.020887,-0.003004,-0.000817,0.229044,0.032946,0.008963,-2.998730
sample,616,drone,15.389149,1.852169,1.661112,2.928206,-0.015540,-0.002235,-0.000608,0.198683,0.028579,0.007775,-2.998730
sample,617,drone,15.414131,1.851843,1.661065,2.928194,-0.010960,-0.001577,-0.000429,0.167658,0.024116,0.006561,-2.998730
sample,618,drone,15.439113,1.851621,1.661033,2.928185,-0.007163,-0.001030,-0.000280,0.135964,0.019557,0.005321,-2.998730
sample,619,drone,15.464096,1.851485,1.661013,2.928180,-0.004167,-0.000599,-0.000163,0.103597,0.014902,0.004054,-2.998730
sample,620,drone,15.489078,1.851413,1.661003,2.928177,-0.001987,-0.000286,-0.000078,0.070552,0.010148,0.002761,-2.998730
sample,621,drone,15.514060,1.851386,1.660999,2.928176,-0.000642,-0.000092,-0.000025,0.040170,0.001609,0.001177,-2.998730
sample,622,drone,15.539043,1.851381,1.660998,2.928175,0.000020,-0.000205,-0.000019,0.032429,-0.032529,-0.002251,-1.474096
sample,623,drone,15.564025,1.851387,1.660989,2.928175,0.000979,-0.001718,-0.000138,0.065348,-0.111269,-0.008863,-1.052875
sample,624,drone,15.589008,1.851430,1.660913,2.928169,0.003285,-0.005765,-0.000462,0.123082,-0.215999,-0.017302,-1.052860
sample,625,drone,15.613990,1.851551,1.660701,2.928152,0.007128,-0.012510,-0.001002,0.183091,-0.321311,-0.025738,-1.052860
sample,626,drone,15.638972,1.851786,1.660287,2.928119,0.012433,-0.021819,-0.001748,0.240084,-0.421329,-0.033749,-1.052860
sample,627,drone,15.663955,1.852172,1.659610,2.928064,0.019124,-0.033562,-0.002688,0.294109,-0.516139,-0.041344,-1.052860
sample,628,drone,15.688937,1.852742,1.658611,2.927984,0.027128,-0.047608,-0.003813,0.345215,-0.605827,-0.048528,-1.052860
sample,629,drone,15.713920,1.853527,1.657232,2.927874,0.036373,-0.063832,-0.005113,0.393452,-0.690479,-0.055309,-1.052860
sample,630,drone,15.738902,1.854559,1.655421,2.927729,0.046787,-0.082108,-0.006577,0.438869,-0.770183,-0.061693,-1.052860
sample,631,drone,15.763884,1.855865,1.653129,2.927545,0.058301,-0.102314,-0.008195,0.481516,-0.845024,-0.067688,-1.052860
sample,632,drone,15.788867,1.857472,1.650309,2.927319,0.070846,-0.124329,-0.009959,0.521441,-0.915090,-0.073300,-1.052860
sample,633,drone,15.813849,1.859405,1.646917,2.927048,0.084354,-0.148036,-0.011858,0.558694,-0.980467,-0.078537,-1.052860
sample,634,drone,15.838831,1.861687,1.642913,2.926727,0.098761,-0.173318,-0.013883,0.593325,-1.041242,-0.083405,-1.052860
sample,635,drone,15.863814,1.864340,1.638257,2.926354,0.114000,-0.200061,-0.016025,0.625383,-1.097501,-0.087912,-1.052860
sample,636,drone,15.888796,1.867383,1.632917,2.925926,0.130008,-0.228154,-0.018276,0.654917,-1.149331,-0.092063,-1.052860
sample,637,drone,15.913779,1.870835,1.626858,2.925441,0.146723,-0.257487,-0.020625,0.681976,-1.196818,-0.095867,-1.052860
sample,638,drone,15.938761,1.874714,1.620051,2.924896,0.164083,-0.287953,-0.023066,0.706610,-1.240049,-0.099330,-1.052860
sample,639,drone,15.963743,1.879034,1.612470,2.924288,0.182028,-0.319446,-0.025588,0.728869,-1.279112,-0.102459,-1.052860
sample,640,drone,15.988726,1.883809,1.604090,2.923617,0.200500,-0.351863,-0.028185,0.748801,-1.314091,-0.105261,-1.052860
sample,641,drone,16.013708,1.889052,1.594889,2.922880,0.219442,-0.385104,-0.030848,0.766456,-1.345075,-0.107743,-1.052860
sample,642,drone,16.038690,1.894773,1.584849,2.922076,0.238796,-0.419070,-0.033568,0.781884,-1.372149,-0.109912,-1.052860
sample,643,drone,16.063673,1.900983,1.573951,2.921203,0.258509,-0.453663,-0.036339,0.795133,-1.395400,-0.111774,-1.052860
sample,644,drone,16.088655,1.907690,1.562181,2.920260,0.278525,-0.488791,-0.039153,0.806253,-1.414916,-0.113337,-1.052860
sample,645,drone,16.113638,1.914899,1.549528,2.919247,0.298793,-0.524359,-0.042002,0.815294,-1.430781,-0.114608,-1.052860
sample,646,drone,16.138620,1.922619,1.535982,2.918161,0.319261,-0.560279,-0.044879,0.822305,-1.443084,-0.115594,-1.052860
sample,647,drone,16.163602,1.930851,1.521534,2.917004,0.339879,-0.596463,-0.047778,0.827334,-1.451910,-0.116301,-1.052860
sample,648,drone,16.188585,1.939601,1.506180,2.915774,0.360598,-0.632824,-0.050690,0.830432,-1.457347,-0.116736,-1.052860
sample,649,drone,16.213567,1.948868,1.489915,2.914471,0.381371,-0.669279,-0.053610,0.831648,-1.459481,-0.116907,-1.052860
sample,650,drone,16.238550,1.958656,1.472739,2.913096,0.402152,-0.705746,-0.056532,0.831031,-1.458398,-0.116820,-1.052860
sample,651,drone,16.263532,1.968962,1.454653,2.911647,0.422894,-0.742147,-0.059447,0.828630,-1.454185,-0.116483,-1.052860
sample,652,drone,16.288514,1.979786,1.435658,2.910125,0.443554,-0.778404,-0.062352,0.824496,-1.446930,-0.115902,-1.052860
sample,653,drone,16.313497,1.991124,1.415760,2.908531,0.464089,-0.814443,-0.065238,0.818677,-1.436717,-0.115084,-1.052860
sample,654,drone,16.338479,2.002974,1.394965,2.906866,0.484459,-0.850190,-0.068102,0.811222,-1.423635,-0.114036,-1.052860
sample,655,drone,16.363461,2.015330,1.373281,2.905129,0.504622,-0.885574,-0.070936,0.802181,-1.407769,-0.112765,-1.052860
sample,656,drone,16.388444,2.028187,1.350717,2.903321,0.524540,-0.920528,-0.073736,0.791604,-1.389206,-0.111278,-1.052860
sample,657,drone,16.413426,2.041538,1.327287,2.901445,0.544174,-0.954986,-0.076496,0.779539,-1.368033,-0.109582,-1.052860
sample,658,drone,16.438409,2.055376,1.303002,2.899499,0.563489,-0.988882,-0.079211,0.766036,-1.344337,-0.107684,-1.052860
sample,659,drone,16.463391,2.069693,1.277877,2.897487,0.582449,-1.022155,-0.081876,0.751145,-1.318204,-0.105590,-1.052860
sample,660,drone,16.488373,2.084478,1.251930,2.895408,0.601020,-1.054746,-0.084487,0.734914,-1.289721,-0.103309,-1.052860
sample,661,drone,16.513356,2.099723,1.225177,2.893265,0.619169,-1.086596,-0.087038,0.717394,-1.258973,-0.100846,-1.052860
sample,662,drone,16.538338,2.115415,1.197638,2.891060,0.636864,-1.117650,-0.089526,0.698633,-1.226049,-0.098209,-1.052860
sample,663,drone,16.563321,2.131544,1.169334,2.888792,0.654076,-1.147855,-0.091945,0.678681,-1.191035,-0.095404,-1.052860
sample,664,drone,16.588303,2.148096,1.140286,2.886466,0.670774,-1.177160,-0.094293,0.657587,-1.154016,-0.092439,-1.052860
sample,665,drone,16.613285,2.165059,1.110518,2.884081,0.686932,-1.205515,-0.096564,0.635400,-1.115080,-0.089320,-1.052860
sample,666,drone,16.638268,2.182418,1.080053,2.881641,0.702522,-1.232874,-0.098755,0.612170,-1.074314,-0.086054,-1.052860
sample,667,drone,16.663250,2.200160,1.048917,2.879147,0.717519,-1.259193,-0.100864,0.587947,-1.031804,-0.082649,-1.052860
sample,668,drone,16.688232,2.218269,1.017137,2.876601,0.731899,-1.284428,-0.102885,0.562779,-0.987636,-0.079111,-1.052860
sample,669,drone,16.713215,2.236729,0.984741,2.874006,0.745638,-1.308540,-0.104816,0.536716,-0.941898,-0.075448,-1.052860
sample,670,drone,16.738197,2.255524,0.951757,2.871364,0.758716,-1.331490,-0.106655,0.509808,-0.894675,-0.071665,-1.052860
sample,671,drone,16.763180,2.274638,0.918213,2.868677,0.771111,-1.353242,-0.108397,0.482103,-0.846055,-0.067771,-1.052860
sample,672,drone,16.788162,2.294053,0.884142,2.865948,0.782804,-1.373763,-0.110041,0.453651,-0.796125,-0.063771,-1.052860
sample,673,drone,16.813144,2.313751,0.849574,2.863179,0.793777,-1.393020,-0.111583,0.424502,-0.744969,-0.059673,-1.052860
sample,674,drone,16.838127,2.333714,0.814540,2.860373,0.804014,-1.410985,-0.113022,0.394704,-0.692677,-0.055485,-1.052860
sample,675,drone,16.863109,2.353923,0.779074,2.857532,0.813498,-1.427630,-0.114356,0.364307,-0.639333,-0.051212,-1.052860
sample,676,drone,16.888092,2.374360,0.743209,2.854659,0.822216,-1.442929,-0.115581,0.333361,-0.585025,-0.046862,-1.052860
sample,677,drone,16.913074,2.395005,0.706979,2.851757,0.830155,-1.456861,-0.116697,0.301915,-0.529838,-0.042441,-1.052860
sample,678,drone,16.938056,2.415838,0.670417,2.848828,0.837302,-1.469403,-0.117702,0.270018,-0.473861,-0.037957,-1.052860
sample,679,drone,16.963039,2.436841,0.633560,2.845876,0.843646,-1.480537,-0.118594,0.237719,-0.417179,-0.033417,-1.052860
sample,680,drone,16.988021,2.457991,0.596443,2.842903,0.849179,-1.490247,-0.119371,0.205068,-0.359880,-0.028827,-1.052860
sample,681,drone,17.013003,2.479270,0.559100,2.839912,0.853892,-1.498518,-0.120034,0.172115,-0.302049,-0.024195,-1.052860
sample,682,drone,17.037986,2.500656,0.521570,2.836905,0.857779,-1.505339,-0.120580,0.138908,-0.243773,-0.019527,-1.052860
sample,683,drone,17.062968,2.522128,0.483886,2.833887,0.860833,-1.510698,-0.121010,0.105497,-0.185139,-0.014830,-1.052860
sample,684,drone,17.087951,2.543667,0.446088,2.830859,0.863050,-1.514589,-0.121321,0.071931,-0.126233,-0.010112,-1.052860
sample,685,drone,17.112933,2.565250,0.408210,2.827825,0.864427,-1.517005,-0.121515,0.038260,-0.067143,-0.005378,-1.052860
sample,686,drone,17.137915,2.586858,0.370291,2.824788,0.864962,-1.517944,-0.121590,0.004533,-0.007954,-0.000637,-1.052860
sample,687,drone,17.162898,2.608468,0.332367,2.821750,0.864653,-1.517403,-0.121547,-0.029201,0.051246,0.004105,-1.052860
sample,688,drone,17.187880,2.630060,0.294474,2.818715,0.863502,-1.515383,-0.121385,-0.062892,0.110371,0.008841,-1.052860
sample,689,drone,17.212863,2.651613,0.256651,2.815685,0.861511,-1.511888,-0.121105,-0.096491,0.169335,0.013564,-1.052860
sample,690,drone,17.237845,2.673105,0.218933,2.812664,0.858681,-1.506923,-0.120707,-0.129948,0.228050,0.018267,-1.052860
sample,691,drone,17.262827,2.694517,0.181358,2.809654,0.855018,-1.500494,-0.120192,-0.163215,0.286430,0.022944,-1.052860
sample,692,drone,17.287810,2.715826,0.143961,2.806658,0.850526,-1.492611,-0.119561,-0.196242,0.344390,0.027586,-1.052860
sample,693,drone,17.312792,2.737013,0.106780,2.803680,0.845213,-1.483286,-0.118814,-0.228979,0.401841,0.032188,-1.052860
sample,694,drone,17.337774,2.758057,0.069849,2.800722,0.839085,-1.472533,-0.117953,-0.261377,0.458697,0.036742,-1.052860
sample,695,drone,17.362757,2.778938,0.033205,2.797786,0.832153,-1.460368,-0.116978,-0.293387,0.514872,0.041242,-1.052860
sample,696,drone,17.387739,2.799635,-0.003118,2.794877,0.824426,-1.446808,-0.115892,-0.324959,0.570279,0.045680,-1.052860
sample,697,drone,17.412722,2.820130,-0.039084,2.791996,0.815917,-1.431874,-0.114696,-0.356044,0.624832,0.050050,-1.052860
sample,698,drone,17.437704,2.840402,-0.074661,2.789146,0.806637,-1.415588,-0.113391,-0.386594,0.678443,0.054345,-1.052860
sample,699,drone,17.462686,2.860433,-0.109814,2.786330,0.796601,-1.397976,-0.111980,-0.416557,0.731027,0.058557,-1.052860
sample,700,drone,17.487669,2.880204,-0.144510,2.783551,0.785824,-1.379063,-0.110465,-0.445886,0.782496,0.062679,-1.052860
sample,701,drone,17.512651,2.899697,-0.178718,2.780811,0.774322,-1.358878,-0.108849,-0.474530,0.832765,0.066706,-1.052860
sample,702,drone,17.537634,2.918893,-0.212406,2.778112,0.762114,-1.337454,-0.107132,-0.502440,0.881745,0.070629,-1.052860
sample,703,drone,17.562616,2.937776,-0.245544,2.775458,0.749218,-1.314822,-0.105320,-0.529567,0.929352,0.074443,-1.052860
sample,704,drone,17.587598,2.956328,-0.278101,2.772850,0.735654,-1.291019,-0.103413,-0.555862,0.975497,0.078139,-1.052860
sample,705,drone,17.612581,2.974532,-0.310049,2.770291,0.721444,-1.266082,-0.101415,-0.581275,1.020096,0.081711,-1.052860
sample,706,drone,17.637563,2.992374,-0.341361,2.767783,0.706611,-1.240050,-0.099330,-0.605757,1.063060,0.085153,-1.052860
sample,707,drone,17.662545,3.009838,-0.372008,2.765328,0.691178,-1.212966,-0.097161,-0.629259,1.104303,0.088457,-1.052860
sample,708,drone,17.687528,3.026909,-0.401966,2.762928,0.675170,-1.184874,-0.094910,-0.651731,1.143739,0.091616,-1.052860
sample,709,drone,17.712510,3.043573,-0.431210,2.760586,0.658614,-1.155819,-0.092583,-0.673123,1.181281,0.094623,-1.052860
sample,710,drone,17.737493,3.059816,-0.459717,2.758302,0.641538,-1.125851,-0.090183,-0.693387,1.216843,0.097471,-1.052860
sample,711,drone,17.762475,3.075627,-0.487463,2.756080,0.623969,-1.095020,-0.087713,-0.712473,1.250337,0.100154,-1.052860
sample,712,drone,17.787457,3.090993,-0.514429,2.753920,0.605939,-1.063379,-0.085179,-0.730331,1.281678,0.102665,-1.052860
sample,713,drone,17.812440,3.105903,-0.540595,2.751824,0.587478,-1.030981,-0.082583,-0.746913,1.310778,0.104996,-1.052860
sample,714,drone,17.837422,3.120346,-0.565942,2.749794,0.568620,-0.997886,-0.079932,-0.762169,1.337551,0.107140,-1.052860
sample,715,drone,17.862405,3.134314,-0.590454,2.747830,0.549397,-0.964151,-0.077230,-0.776050,1.361911,0.109091,-1.052860
sample,716,drone,17.887387,3.147797,-0.614115,2.745935,0.529845,-0.929838,-0.074482,-0.788506,1.383770,0.110842,-1.052860
sample,717,drone,17.912369,3.160787,-0.636913,2.744109,0.509999,-0.895011,-0.071692,-0.799488,1.403043,0.112386,-1.052860
sample,718,drone,17.937352,3.173279,-0.658834,2.742353,0.489898,-0.859736,-0.068866,-0.808946,1.419642,0.113716,-1.052860
sample,719,drone,17.962334,3.185265,-0.679869,2.740668,0.469580,-0.824079,-0.066010,-0.816832,1.433480,0.114824,-1.052860
sample,720,drone,17.987316,3.196741,-0.700009,2.739055,0.449086,-0.788112,-0.063129,-0.823096,1.444472,0.115705,-1.052860
sample,721,drone,18.012299,3.207703,-0.719247,2.737514,0.428455,-0.751906,-0.060229,-0.827688,1.452531,0.116350,-1.052860
sample,722,drone,18.037281,3.218149,-0.737578,2.736045,0.407730,-0.715537,-0.057316,-0.830559,1.457570,0.116754,-1.052860
sample,723,drone,18.062264,3.228075,-0.754999,2.734650,0.386956,-0.679079,-0.054395,-0.831660,1.459502,0.116909,-1.052860
sample,724,drone,18.087246,3.237483,-0.771508,2.733327,0.366177,-0.642613,-0.051474,-0.830942,1.458241,0.116808,-1.052860
sample,725,drone,18.112228,3.246371,-0.787107,2.732078,0.345438,-0.606219,-0.048559,-0.828354,1.453701,0.116444,-1.052860
sample,726,drone,18.137211,3.254743,-0.801798,2.730901,0.324788,-0.569979,-0.045656,-0.823848,1.445794,0.115811,-1.052860
sample,727,drone,18.162193,3.262599,-0.815586,2.729797,0.304275,-0.533980,-0.042773,-0.817375,1.434433,0.114901,-1.052860
sample,728,drone,18.187176,3.269946,-0.828478,2.728764,0.283948,-0.498308,-0.039915,-0.808885,1.419533,0.113707,-1.052860
sample,729,drone,18.212158,3.276787,-0.840484,2.727802,0.263859,-0.463053,-0.037091,-0.798328,1.401007,0.112223,-1.052860
sample,730,drone,18.237140,3.283129,-0.851614,2.726911,0.244060,-0.428307,-0.034308,-0.785656,1.378768,0.110442,-1.052860
sample,731,drone,18.262123,3.288981,-0.861884,2.726088,0.224604,-0.394163,-0.031573,-0.770819,1.352730,0.108356,-1.052860
sample,732,drone,18.287105,3.294352,-0.871309,2.725333,0.205546,-0.360718,-0.028894,-0.753767,1.322805,0.105959,-1.052860
sample,733,drone,18.312087,3.299251,-0.879907,2.724644,0.186942,-0.328070,-0.026279,-0.734451,1.288908,0.103244,-1.052860
sample,734,drone,18.337070,3.303692,-0.887700,2.724020,0.168849,-0.296318,-0.023736,-0.712822,1.250951,0.100203,-1.052860
sample,735,drone,18.362052,3.307688,-0.894713,2.723459,0.151326,-0.265566,-0.021272,-0.688831,1.208848,0.096831,-1.052860
sample,736,drone,18.387035,3.311253,-0.900969,2.722957,0.134432,-0.235918,-0.018897,-0.662428,1.162513,0.093119,-1.052860
sample,737,drone,18.412017,3.314405,-0.906500,2.722514,0.118228,-0.207482,-0.016620,-0.633564,1.111859,0.089062,-1.052860
sample,738,drone,18.436999,3.317160,-0.911336,2.722127,0.102776,-0.180365,-0.014448,-0.602189,1.056798,0.084651,-1.052860
sample,739,drone,18.461982,3.319540,-0.915512,2.721792,0.088140,-0.154679,-0.012390,-0.568255,0.997245,0.079881,-1.052860
sample,740,drone,18.486964,3.321564,-0.919065,2.721508,0.074383,-0.130538,-0.010456,-0.531711,0.933114,0.074744,-1.052860
sample,741,drone,18.511947,3.323256,-0.922034,2.721270,0.061573,-0.108056,-0.008655,-0.492508,0.864316,0.069233,-1.052860
sample,742,drone,18.536929,3.324641,-0.924464,2.721075,0.049775,-0.087352,-0.006997,-0.450598,0.790766,0.063342,-1.052860
sample,743,drone,18.561911,3.325743,-0.926399,2.720920,0.039059,-0.068546,-0.005491,-0.405930,0.712378,0.057063,-1.052860
sample,744,drone,18.586894,3.326592,-0.927889,2.720801,0.029493,-0.051758,-0.004146,-0.358456,0.629063,0.050389,-1.052860
sample,745,drone,18.611876,3.327217,-0.928985,2.720713,0.021149,-0.037115,-0.002973,-0.308125,0.540737,0.043314,-1.052860
sample,746,drone,18.636858,3.327649,-0.929743,2.720653,0.014098,-0.024741,-0.001982,-0.254889,0.447312,0.035830,-1.052860
sample,747,drone,18.661841,3.327921,-0.930221,2.720614,0.008413,-0.014765,-0.001183,-0.198699,0.348701,0.027932,-1.052860
sample,748,drone,18.686823,3.328069,-0.930481,2.720593,0.004170,-0.007318,-0.000586,-0.139504,0.244819,0.019610,-1.052860
sample,749,drone,18.711806,3.328130,-0.930587,2.720585,0.001443,-0.002532,-0.000203,-0.073873,0.145403,0.010373,-1.052860
sample,750,drone,18.736788,3.328141,-0.930607,2.720583,0.000479,-0.000053,-0.000068,0.025005,0.130237,-0.003646,-0.109818
sample,751,drone,18.761770,3.328154,-0.930589,2.720582,0.002692,0.003975,-0.000385,0.184288,0.287496,-0.026365,0.975412
sample,752,drone,18.786753,3.328276,-0.930409,2.720564,0.009687,0.014312,-0.001385,0.380253,0.561880,-0.054377,0.975791
sample,753,drone,18.811735,3.328638,-0.929874,2.720512,0.021692,0.032049,-0.003102,0.574251,0.848442,-0.082120,0.975791
sample,754,drone,18.836717,3.329360,-0.928807,2.720409,0.038379,0.056704,-0.005488,0.755193,1.115781,-0.107995,0.975791
sample,755,drone,18.861700,3.330555,-0.927041,2.720238,0.059425,0.087799,-0.008498,0.923320,1.364184,-0.132038,0.975791
sample,756,drone,18.886682,3.332329,-0.924420,2.719984,0.084512,0.124865,-0.012086,1.078917,1.594075,-0.154288,0.975791
sample,757,drone,18.911665,3.334778,-0.920802,2.719634,0.113333,0.167446,-0.016207,1.222270,1.805876,-0.174788,0.975791
sample,758,drone,18.936647,3.337992,-0.916054,2.719175,0.145583,0.215095,-0.020819,1.353666,2.000010,-0.193578,0.975791
sample,759,drone,18.961629,3.342052,-0.910055,2.718594,0.180968,0.267376,-0.025879,1.473390,2.176900,-0.210699,0.975791
sample,760,drone,18.986612,3.347034,-0.902695,2.717882,0.219201,0.323864,-0.031346,1.581729,2.336968,-0.226192,0.975791
sample,761,drone,19.011594,3.353004,-0.893873,2.717028,0.259999,0.384142,-0.037181,1.678969,2.480637,-0.240098,0.975791
sample,762,drone,19.036577,3.360024,-0.883501,2.716024,0.303090,0.447808,-0.043343,1.765395,2.608331,-0.252457,0.975791
sample,763,drone,19.061559,3.368148,-0.871499,2.714862,0.348207,0.514467,-0.049795,1.841295,2.720471,-0.263311,0.975791
sample,764,drone,19.086541,3.377422,-0.857796,2.713536,0.395090,0.583736,-0.056499,1.906954,2.817480,-0.272700,0.975791
sample,765,drone,19.111524,3.387889,-0.842332,2.712039,0.443487,0.655242,-0.063420,1.962658,2.899782,-0.280666,0.975791
sample,766,drone,19.136506,3.399581,-0.825057,2.710367,0.493153,0.728623,-0.070522,2.008694,2.967798,-0.287249,0.975791
sample,767,drone,19.161488,3.412529,-0.805927,2.708516,0.543851,0.803527,-0.077772,2.045347,3.021952,-0.292491,0.975791
sample,768,drone,19.186471,3.426755,-0.784909,2.706481,0.595349,0.879614,-0.085137,2.072904,3.062667,-0.296431,0.975791
sample,769,drone,19.211453,3.442275,-0.761977,2.704262,0.647423,0.956553,-0.092583,2.091651,3.090365,-0.299112,0.975791
sample,770,drone,19.236436,3.459103,-0.737115,2.701855,0.699858,1.034023,-0.100082,2.101873,3.105469,-0.300574,0.975791
sample,771,drone,19.261418,3.477244,-0.710312,2.699261,0.752443,1.111717,-0.107602,2.103858,3.108401,-0.300858,0.975791
sample,772,drone,19.286400,3.496698,-0.681568,2.696479,0.804976,1.189334,-0.115114,2.097891,3.099585,-0.300005,0.975791
sample,773,drone,19.311383,3.517464,-0.650888,2.693510,0.857263,1.266587,-0.122591,2.084258,3.079443,-0.298055,0.975791
sample,774,drone,19.336365,3.539531,-0.618283,2.690354,0.909116,1.343197,-0.130006,2.063246,3.048398,-0.295050,0.975791
sample,775,drone,19.361348,3.562888,-0.583775,2.687014,0.960353,1.418899,-0.137333,2.035140,3.006872,-0.291031,0.975791
sample,776,drone,19.386330,3.587515,-0.547389,2.683492,1.010801,1.493435,-0.144548,2.000227,2.955289,-0.286038,0.975791
sample,777,drone,19.411312,3.613392,-0.509156,2.679792,1.060294,1.566559,-0.151625,1.958793,2.894071,-0.280113,0.975791
sample,778,drone,19.436295,3.640493,-0.469116,2.675916,1.108672,1.638037,-0.158543,1.911124,2.823641,-0.273296,0.975791
sample,779,drone,19.461277,3.668787,-0.427312,2.671870,1.155783,1.707642,-0.165280,1.857506,2.744421,-0.265629,0.975791
sample,780,drone,19.486259,3.698241,-0.383794,2.667658,1.201482,1.775161,-0.171815,1.798225,2.656835,-0.257151,0.975791
sample,781,drone,19.511242,3.728818,-0.338616,2.663285,1.245631,1.840390,-0.178129,1.733567,2.561305,-0.247905,0.975791
sample,782,drone,19.536224,3.760479,-0.291839,2.658758,1.288099,1.903136,-0.184202,1.663819,2.458254,-0.237931,0.975791
sample,783,drone,19.561207,3.793178,-0.243527,2.654082,1.328763,1.963216,-0.190017,1.589266,2.348104,-0.227270,0.975791
sample,784,drone,19.586189,3.826870,-0.193748,2.649264,1.367506,2.020459,-0.195557,1.510196,2.231279,-0.215962,0.975791
sample,785,drone,19.611171,3.861505,-0.142575,2.644311,1.404219,2.074702,-0.200808,1.426893,2.108200,-0.204050,0.975791
sample,786,drone,19.636154,3.897031,-0.090086,2.639230,1.438801,2.125794,-0.205753,1.339644,1.979292,-0.191573,0.975791
sample,787,drone,19.661136,3.933394,-0.036360,2.634030,1.471154,2.173596,-0.210379,1.248735,1.844976,-0.178573,0.975791
sample,788,drone,19.686119,3.970537,0.018518,2.628719,1.501193,2.217978,-0.214675,1.154452,1.705676,-0.165090,0.975791
sample,789,drone,19.711101,4.008401,0.074461,2.623304,1.528836,2.258820,-0.218628,1.057082,1.561813,-0.151166,0.975791
sample,790,drone,19.736083,4.046925,0.131379,2.617795,1.554010,2.296014,-0.222228,0.956910,1.413812,-0.136841,0.975791
sample,791,drone,19.761066,4.086047,0.189181,2.612201,1.576648,2.329461,-0.225465,0.854222,1.262094,-0.122156,0.975791
sample,792,drone,19.786048,4.125702,0.247770,2.606530,1.596691,2.359074,-0.228332,0.749306,1.107082,-0.107153,0.975791
sample,793,drone,19.811030,4.165825,0.307051,2.600792,1.614087,2.384776,-0.230819,0.642446,0.949199,-0.091872,0.975791
sample,794,drone,19.836013,4.206350,0.366925,2.594997,1.628791,2.406500,-0.232922,0.533929,0.788868,-0.076353,0.975791
sample,795,drone,19.860995,4.247207,0.427291,2.589154,1.640765,2.424192,-0.234634,0.424042,0.626512,-0.060639,0.975791
sample,796,drone,19.885978,4.288330,0.488049,2.583273,1.649978,2.437804,-0.235952,0.313069,0.462553,-0.044770,0.975791
sample,797,drone,19.910960,4.329648,0.549096,2.577365,1.656407,2.447303,-0.236871,0.201298,0.297414,-0.028786,0.975791
sample,798,drone,19.935942,4.371092,0.610328,2.571438,1.660036,2.452664,-0.237390,0.089015,0.131517,-0.012729,0.975791
sample,799,drone,19.960925,4.412592,0.671642,2.565504,1.660855,2.453874,-0.237507,-0.023495,-0.034713,0.003360,0.975791
sample,800,drone,19.985907,4.454076,0.732935,2.559571,1.658862,2.450930,-0.237222,-0.135945,-0.200856,0.019441,0.975791
sample,801,drone,20.010890,4.495476,0.794103,2.553651,1.654062,2.443838,-0.236536,-0.248049,-0.366487,0.035472,0.975791
sample,802,drone,20.035872,4.536721,0.855041,2.547753,1.646468,2.432618,-0.235450,-0.359522,-0.531185,0.051413,0.975791
sample,803,drone,20.060854,4.577742,0.915648,2.541887,1.636099,2.417298,-0.233967,-0.470076,-0.694526,0.067222,0.975791
sample,804,drone,20.085837,4.618468,0.975821,2.536063,1.622981,2.397916,-0.232091,-0.579426,-0.856088,0.082860,0.975791
sample,805,drone,20.110819,4.658833,1.035459,2.530290,1.607148,2.374524,-0.229827,-0.687286,-1.015448,0.098284,0.975791
sample,806,drone,20.135801,4.698769,1.094463,2.524579,1.588641,2.347180,-0.227180,-0.793369,-1.172184,0.113454,0.975791
sample,807,drone,20.160784,4.738210,1.152735,2.518939,1.567507,2.315956,-0.224158,-0.897389,-1.325871,0.128329,0.975791
sample,808,drone,20.185766,4.777089,1.210179,2.513379,1.543803,2.280933,-0.220768,-0.999061,-1.476089,0.142869,0.975791
sample,809,drone,20.210749,4.815345,1.266702,2.507909,1.517590,2.242203,-0.217020,-1.098098,-1.622414,0.157031,0.975791
sample,810,drone,20.235731,4.852915,1.322211,2.502536,1.488937,2.199869,-0.212922,-1.194213,-1.764423,0.170776,0.975791
sample,811,drone,20.260713,4.889740,1.376618,2.497270,1.457921,2.154044,-0.208487,-1.287122,-1.901693,0.184062,0.975791
sample,812,drone,20.285696,4.925760,1.429837,2.492119,1.424626,2.104852,-0.203726,-1.376538,-2.033802,0.196849,0.975791
sample,813,drone,20.310678,4.960921,1.481786,2.487091,1.389143,2.052426,-0.198652,-1.462174,-2.160328,0.209095,0.975791
sample,814,drone,20.335661,4.995168,1.532386,2.482194,1.351569,1.996911,-0.193278,-1.543744,-2.280846,0.220760,0.975791
sample,815,drone,20.360643,5.028452,1.581561,2.477434,1.312010,1.938464,-0.187621,-1.620963,-2.394935,0.231803,0.975791
sample,816,drone,20.385625,5.060723,1.629241,2.472819,1.270578,1.877249,-0.181696,-1.693544,-2.502172,0.242182,0.975791
sample,817,drone,20.410608,5.091936,1.675358,2.468355,1.227392,1.813443,-0.175521,-1.761202,-2.602134,0.251857,0.975791
sample,818,drone,20.435590,5.122049,1.719849,2.464049,1.182580,1.747234,-0.169112,-1.823649,-2.694399,0.260787,0.975791
sample,819,drone,20.460572,5.151023,1.762658,2.459906,1.136274,1.678818,-0.162491,-1.880600,-2.778543,0.268931,0.975791
sample,820,drone,20.485555,5.178823,1.803731,2.455930,1.088616,1.608405,-0.155675,-1.931769,-2.854143,0.276249,0.975791
sample,821,drone,20.510537,5.205415,1.843021,2.452128,1.039754,1.536212,-0.148688,-1.976869,-2.920778,0.282698,0.975791
sample,822,drone,20.535520,5.230774,1.880487,2.448501,0.989842,1.462469,-0.141550,-2.015615,-2.978024,0.288239,0.975791
sample,823,drone,20.560502,5.254873,1.916093,2.445055,0.939044,1.387416,-0.134286,-2.047720,-3.025459,0.292830,0.975791
sample,824,drone,20.585484,5.277693,1.949809,2.441792,0.887528,1.311302,-0.126919,-2.072899,-3.062660,0.296431,0.975791
sample,825,drone,20.610467,5.299218,1.981612,2.438714,0.835472,1.234390,-0.119475,-2.090865,-3.089204,0.299000,0.975791
sample,826,drone,20.635449,5.319437,2.011485,2.435822,0.783059,1.156951,-0.111980,-2.101331,-3.104668,0.300497,0.975791
sample,827,drone,20.660432,5.338343,2.039419,2.433118,0.730480,1.079266,-0.104461,-2.104013,-3.108630,0.300880,0.975791
sample,828,drone,20.685414,5.355935,2.065411,2.430603,0.677932,1.001629,-0.096946,-2.098623,-3.100666,0.300109,0.975791
sample,829,drone,20.710396,5.372216,2.089465,2.428275,0.625622,0.924342,-0.089466,-2.084876,-3.080355,0.298143,0.975791
sample,830,drone,20.735379,5.387194,2.111595,2.426133,0.573762,0.847720,-0.082050,-2.062485,-3.047273,0.294941,0.975791
sample,831,drone,20.760361,5.400884,2.131821,2.424175,0.522571,0.772086,-0.074729,-2.031164,-3.000998,0.290463,0.975791
sample,832,drone,20.785343,5.413304,2.150172,2.422399,0.472275,0.697776,-0.067537,-1.990628,-2.941107,0.284666,0.975791
sample,833,drone,20.810326,5.424481,2.166685,2.420801,0.423109,0.625134,-0.060506,-1.940590,-2.867176,0.277510,0.975791
sample,834,drone,20.835308,5.434445,2.181407,2.419376,0.375314,0.554518,-0.053671,-1.880764,-2.778785,0.268955,0.975791
sample,835,drone,20.860291,5.443233,2.194392,2.418119,0.329138,0.486293,-0.047068,-1.810863,-2.675508,0.258959,0.975791
sample,836,drone,20.885273,5.450890,2.205704,2.417024,0.284835,0.420837,-0.040732,-1.730603,-2.556925,0.247481,0.975791
sample,837,drone,20.910255,5.457465,2.215419,2.416084,0.242668,0.358537,-0.034702,-1.639696,-2.422612,0.234481,0.975791
sample,838,drone,20.935238,5.463015,2.223619,2.415290,0.202908,0.299792,-0.029016,-1.537856,-2.272146,0.219918,0.975791
sample,839,drone,20.960220,5.467603,2.230398,2.414634,0.165830,0.245010,-0.023714,-1.424798,-2.105106,0.203750,0.975791
sample,840,drone,20.985203,5.471301,2.235861,2.414105,0.131718,0.194610,-0.018836,-1.300235,-1.921066,0.185937,0.975791
sample,841,drone,21.010185,5.474185,2.240122,2.413693,0.100864,0.149024,-0.014424,-1.163881,-1.719607,0.166438,0.975791
sample,842,drone,21.035167,5.476340,2.243306,2.413384,0.073565,0.108691,-0.010520,-1.015450,-1.500303,0.145212,0.975791
sample,843,drone,21.060150,5.477860,2.245552,2.413167,0.050127,0.074062,-0.007168,-0.854655,-1.262734,0.122218,0.975791
sample,844,drone,21.085132,5.478845,2.247007,2.413026,0.030862,0.045599,-0.004413,-0.681212,-1.006475,0.097415,0.975791
sample,845,drone,21.110114,5.479402,2.247831,2.412947,0.016091,0.023773,-0.002301,-0.494833,-0.731104,0.070763,0.975791
sample,846,drone,21.135097,5.479649,2.248195,2.412911,0.006138,0.009069,-0.000878,-0.295436,-0.440199,0.042537,0.975791
sample,847,drone,21.160079,5.479709,2.248284,2.412903,0.001329,0.001779,-0.000176,-0.086885,-0.195522,0.017659,0.929117
sample,848,drone,21.185062,5.479715,2.248284,2.412903,0.001797,-0.000700,0.000005,0.120505,-0.097202,0.004223,-0.371526
sample,849,drone,21.210044,5.479799,2.248249,2.412903,0.007350,-0.003078,0.000035,0.318309,-0.134329,0.001611,-0.396540
sample,850,drone,21.235026,5.480083,2.248130,2.412904,0.017701,-0.007412,0.000085,0.505611,-0.211710,0.002430,-0.396540
sample,851,drone,21.260009,5.480683,2.247878,2.412907,0.032613,-0.013656,0.000157,0.683524,-0.286206,0.003285,-0.396540
sample,852,drone,21.284991,5.481712,2.247448,2.412912,0.051853,-0.021712,0.000249,0.852240,-0.356851,0.004095,-0.396540
sample,853,drone,21.309974,5.483274,2.246794,2.412920,0.075195,-0.031486,0.000361,1.011910,-0.423708,0.004863,-0.396540
sample,854,drone,21.334956,5.485469,2.245874,2.412930,0.102413,-0.042883,0.000492,1.162689,-0.486842,0.005587,-0.396540
sample,855,drone,21.359938,5.488391,2.244651,2.412944,0.133288,-0.055811,0.000641,1.304727,-0.546317,0.006270,-0.396540
sample,856,drone,21.384921,5.492129,2.243086,2.412962,0.167604,-0.070179,0.000805,1.438179,-0.602196,0.006911,-0.396540
sample,857,drone,21.409903,5.496765,2.241144,2.412985,0.205147,-0.085899,0.000986,1.563196,-0.654543,0.007512,-0.396540
sample,858,drone,21.434885,5.502379,2.238794,2.413011,0.245708,-0.102883,0.001181,1.679932,-0.703423,0.008073,-0.396540
sample,859,drone,21.459868,5.509042,2.236004,2.413044,0.289084,-0.121046,0.001389,1.788540,-0.748899,0.008595,-0.396540
sample,860,drone,21.484850,5.516823,2.232746,2.413081,0.335072,-0.140302,0.001610,1.889171,-0.791036,0.009078,-0.396540
sample,861,drone,21.509833,5.525784,2.228994,2.413124,0.383476,-0.160570,0.001843,1.981979,-0.829897,0.009524,-0.396540
sample,862,drone,21.534815,5.535983,2.224723,2.413173,0.434102,-0.181767,0.002086,2.067117,-0.865545,0.009933,-0.396540
sample,863,drone,21.559797,5.547474,2.219912,2.413228,0.486759,-0.203816,0.002339,2.144737,-0.898047,0.010306,-0.396540
sample,864,drone,21.584780,5.560304,2.214539,2.413290,0.541263,-0.226638,0.002601,2.214992,-0.927464,0.010644,-0.396540
sample,865,drone,21.609762,5.574518,2.208588,2.413358,0.597431,-0.250157,0.002871,2.278034,-0.953861,0.010947,-0.396540
sample,866,drone,21.634744,5.590155,2.202040,2.413433,0.655084,-0.274298,0.003148,2.334017,-0.977302,0.011216,-0.396540
sample,867,drone,21.659727,5.607249,2.194883,2.413515,0.714049,-0.298987,0.003431,2.383093,-0.997851,0.011452,-0.396540
sample,868,drone,21.684709,5.625832,2.187102,2.413605,0.774155,-0.324155,0.003720,2.425415,-1.015572,0.011655,-0.396540
sample,869,drone,21.709692,5.645930,2.178686,2.413701,0.835235,-0.349730,0.004014,2.461136,-1.030529,0.011827,-0.396540
sample,870,drone,21.734674,5.667564,2.169627,2.413805,0.897125,-0.375645,0.004311,2.490407,-1.042786,0.011967,-0.396540
sample,871,drone,21.759656,5.690754,2.159917,2.413917,0.959667,-0.401833,0.004612,2.513383,-1.052407,0.012078,-0.396540
sample,872,drone,21.784639,5.715514,2.149550,2.414036,1.022706,-0.428228,0.004915,2.530216,-1.059455,0.012159,-0.396540
sample,873,drone,21.809621,5.741853,2.138521,2.414162,1.086089,-0.454768,0.005219,2.541058,-1.063995,0.012211,-0.396540
sample,874,drone,21.834604,5.769780,2.126828,2.414296,1.149669,-0.481391,0.005525,2.546063,-1.066090,0.012235,-0.396540
sample,875,drone,21.859586,5.799296,2.114468,2.414438,1.213302,-0.508035,0.005830,2.545382,-1.065805,0.012232,-0.396540
sample,876,drone,21.884568,5.830402,2.101444,2.414588,1.276848,-0.534643,0.006136,2.539169,-1.063204,0.012202,-0.396540
sample,877,drone,21.909551,5.863094,2.087755,2.414745,1.340171,-0.561158,0.006440,2.527577,-1.058350,0.012146,-0.396540
sample,878,drone,21.934533,5.897364,2.073406,2.414910,1.403138,-0.587524,0.006743,2.510758,-1.051307,0.012065,-0.396540
sample,879,drone,21.959515,5.933201,2.058400,2.415082,1.465621,-0.613686,0.007043,2.488864,-1.042140,0.011960,-0.396540
sample,880,drone,21.984498,5.970593,2.042743,2.415261,1.527494,-0.639594,0.007340,2.462050,-1.030912,0.011831,-0.396540
sample,881,drone,22.009480,6.009522,2.026442,2.415449,1.588636,-0.665196,0.007634,2.430466,-1.017688,0.011679,-0.396540
sample,882,drone,22.034463,6.049969,2.009507,2.415643,1.648931,-0.690442,0.007924,2.394267,-1.002530,0.011505,-0.396540
sample,883,drone,22.059445,6.091911,1.991945,2.415844,1.708265,-0.715287,0.008209,2.353605,-0.985504,0.011310,-0.396540
sample,884,drone,22.084427,6.135322,1.973767,2.416053,1.766529,-0.739683,0.008489,2.308632,-0.966673,0.011094,-0.396540
sample,885,drone,22.109410,6.180175,1.954987,2.416269,1.823616,-0.763586,0.008763,2.259501,-0.946101,0.010858,-0.396540
sample,886,drone,22.134392,6.226438,1.935615,2.416491,1.879424,-0.786955,0.009031,2.206366,-0.923852,0.010602,-0.396540
sample,887,drone,22.159375,6.274080,1.915667,2.416720,1.933856,-0.809746,0.009293,2.149378,-0.899990,0.010329,-0.396540
sample,888,drone,22.184357,6.323063,1.895156,2.416955,1.986817,-0.831922,0.009547,2.088690,-0.874579,0.010037,-0.396540
sample,889,drone,22.209339,6.373351,1.874100,2.417197,2.038217,-0.853445,0.009794,2.024456,-0.847682,0.009728,-0.396540
sample,890,drone,22.234322,6.424902,1.852514,2.417445,2.087969,-0.874277,0.010034,1.956828,-0.819365,0.009403,-0.396540
sample,891,drone,22.259304,6.477676,1.830417,2.417698,2.135990,-0.894384,0.010264,1.885958,-0.789690,0.009063,-0.396540
sample,892,drone,22.284286,6.531626,1.807826,2.417957,2.182200,-0.913733,0.010486,1.812000,-0.758723,0.008707,-0.396540
sample,893,drone,22.309269,6.586709,1.784762,2.418222,2.226526,-0.932293,0.010699,1.735106,-0.726525,0.008338,-0.396540
sample,894,drone,22.334251,6.642874,1.761245,2.418492,2.268894,-0.950034,0.010903,1.655429,-0.693163,0.007955,-0.396540
sample,895,drone,22.359234,6.700073,1.737294,2.418767,2.309239,-0.966927,0.011097,1.573121,-0.658699,0.007559,-0.396540
sample,896,drone,22.384216,6.758255,1.712932,2.419046,2.347495,-0.982946,0.011281,1.488336,-0.623197,0.007152,-0.396540
sample,897,drone,22.409198,6.817366,1.688181,2.419331,2.383603,-0.998065,0.011454,1.401225,-0.586723,0.006733,-0.396540
sample,898,drone,22.434181,6.877351,1.663064,2.419619,2.417507,-1.012261,0.011617,1.311943,-0.549338,0.006304,-0.396540
sample,899,drone,22.459163,6.938156,1.637604,2.419911,2.449154,-1.025512,0.011769,1.220641,-0.511108,0.005866,-0.396540
sample,900,drone,22.484146,6.999722,1.611825,2.420207,2.478496,-1.037799,0.011910,1.127472,-0.472096,0.005418,-0.396540
sample,901,drone,22.509128,7.061993,1.585751,2.420506,2.505488,-1.049101,0.012040,1.032589,-0.432367,0.004962,-0.396540
sample,902,drone,22.534110,7.124909,1.559407,2.420808,2.530089,-1.059402,0.012158,0.936145,-0.391983,0.004499,-0.396540
sample,903,drone,22.559093,7.188408,1.532818,2.421114,2.552262,-1.068686,0.012265,0.838292,-0.351010,0.004028,-0.396540
sample,904,drone,22.584075,7.252432,1.506010,2.421421,2.571974,-1.076940,0.012359,0.739183,-0.309512,0.003552,-0.396540
sample,905,drone,22.609057,7.316917,1.479009,2.421731,2.589195,-1.084151,0.012442,0.638971,-0.267551,0.003071,-0.396540
sample,906,drone,22.634040,7.381800,1.451841,2.422043,2.603900,-1.090308,0.012513,0.537809,-0.225192,0.002584,-0.396540
sample,907,drone,22.659022,7.447020,1.424532,2.422356,2.616067,-1.095402,0.012571,0.435849,-0.182499,0.002094,-0.396540
sample,908,drone,22.684005,7.512511,1.397109,2.422671,2.625677,-1.099426,0.012617,0.333245,-0.139537,0.001601,-0.396540
sample,909,drone,22.708987,7.578211,1.369599,2.422987,2.632717,-1.102374,0.012651,0.230148,-0.096368,0.001106,-0.396540
sample,910,drone,22.733969,7.644055,1.342029,2.423303,2.637177,-1.104241,0.012673,0.126711,-0.053057,0.000609,-0.396540
sample,911,drone,22.758952,7.709977,1.314426,2.423620,2.639048,-1.105025,0.012682,0.023088,-0.009667,0.000111,-0.396540
sample,912,drone,22.783934,7.775914,1.286817,2.423937,2.638330,-1.104724,0.012678,-0.080569,0.033736,-0.000387,-0.396540
sample,913,drone,22.808917,7.841801,1.259229,2.424253,2.635023,-1.103340,0.012662,-0.184108,0.077090,-0.000885,-0.396540
sample,914,drone,22.833899,7.907572,1.231689,2.424569,2.629131,-1.100873,0.012634,-0.287375,0.120330,-0.001381,-0.396540
sample,915,drone,22.858881,7.973165,1.204224,2.424885,2.620664,-1.097327,0.012593,-0.390217,0.163392,-0.001875,-0.396540
sample,916,drone,22.883864,8.038513,1.176861,2.425199,2.609634,-1.092709,0.012540,-0.492483,0.206213,-0.002367,-0.396540
sample,917,drone,22.908846,8.103554,1.149627,2.425511,2.596057,-1.087024,0.012475,-0.594020,0.248729,-0.002855,-0.396540
sample,918,drone,22.933828,8.168225,1.122548,2.425822,2.579954,-1.080281,0.012398,-0.694674,0.290875,-0.003338,-0.396540
sample,919,drone,22.958811,8.232461,1.095651,2.426131,2.561348,-1.072491,0.012308,-0.794293,0.332587,-0.003817,-0.396540
sample,920,drone,22.983793,8.296202,1.068961,2.426437,2.540267,-1.063664,0.012207,-0.892724,0.373802,-0.004290,-0.396540
sample,921,drone,23.008776,8.359385,1.042505,2.426741,2.516743,-1.053814,0.012094,-0.989814,0.414456,-0.004756,-0.396540
sample,922,drone,23.033758,8.421950,1.016308,2.427041,2.490812,-1.042955,0.011969,-1.085411,0.454485,-0.005216,-0.396540
sample,923,drone,23.058740,8.483838,0.990394,2.427339,2.462511,-1.031105,0.011833,-1.179362,0.493824,-0.005667,-0.396540
sample,924,drone,23.083723,8.544989,0.964789,2.427632,2.431885,-1.018282,0.011686,-1.271515,0.532410,-0.006110,-0.396540
sample,925,drone,23.108705,8.605346,0.939516,2.427923,2.398980,-1.004504,0.011528,-1.361716,0.570179,-0.006544,-0.396540
sample,926,drone,23.133688,8.664854,0.914599,2.428208,2.363847,-0.989793,0.011359,-1.449813,0.607067,-0.006967,-0.396540
sample,927,drone,23.158670,8.723456,0.890061,2.428490,2.326541,-0.974172,0.011180,-1.535652,0.643010,-0.007379,-0.396540
sample,928,drone,23.183652,8.781099,0.865925,2.428767,2.287119,-0.957665,0.010991,-1.619083,0.677944,-0.007780,-0.396540
sample,929,drone,23.208635,8.837731,0.842212,2.429039,2.245644,-0.940298,0.010791,-1.699950,0.711805,-0.008169,-0.396540
sample,930,drone,23.233617,8.893302,0.818943,2.429306,2.202181,-0.922100,0.010582,-1.778103,0.744529,-0.008545,-0.396540
sample,931,drone,23.258599,8.947762,0.796139,2.429568,2.156801,-0.903098,0.010364,-1.853388,0.776053,-0.008906,-0.396540
sample,932,drone,23.283582,9.001066,0.773820,2.429824,2.109577,-0.883324,0.010137,-1.925652,0.806311,-0.009254,-0.396540
sample,933,drone,23.308564,9.053167,0.752004,2.430074,2.060586,-0.862811,0.009902,-1.994743,0.835241,-0.009586,-0.396540
sample,934,drone,23.333547,9.104022,0.730710,2.430319,2.009910,-0.841592,0.009658,-2.060508,0.862778,-0.009902,-0.396540
sample,935,drone,23.358529,9.153592,0.709954,2.430557,1.957633,-0.819702,0.009407,-2.122794,0.888859,-0.010201,-0.396540
sample,936,drone,23.383511,9.201835,0.689754,2.430789,1.903845,-0.797180,0.009149,-2.181449,0.913419,-0.010483,-0.396540
sample,937,drone,23.408494,9.248717,0.670123,2.431014,1.848638,-0.774064,0.008883,-2.236319,0.936394,-0.010746,-0.396540
sample,938,drone,23.433476,9.294202,0.651078,2.431233,1.792108,-0.750393,0.008612,-2.287252,0.957721,-0.010991,-0.396540
sample,939,drone,23.458459,9.338259,0.632630,2.431444,1.734356,-0.726211,0.008334,-2.334096,0.977335,-0.011216,-0.396540
sample,940,drone,23.483441,9.380859,0.614793,2.431649,1.675485,-0.701561,0.008051,-2.376697,0.995173,-0.011421,-0.396540
sample,941,drone,23.508423,9.421974,0.597577,2.431847,1.615605,-0.676488,0.007764,-2.414903,1.011171,-0.011605,-0.396540
sample,942,drone,23.533406,9.461582,0.580992,2.432037,1.554825,-0.651038,0.007472,-2.448562,1.025264,-0.011766,-0.396540
sample,943,drone,23.558388,9.499661,0.565048,2.432220,1.493263,-0.625261,0.007176,-2.477519,1.037390,-0.011905,-0.396540
sample,944,drone,23.583370,9.536192,0.549751,2.432396,1.431037,-0.599205,0.006877,-2.501624,1.047483,-0.012021,-0.396540
sample,945,drone,23.608353,9.571162,0.535109,2.432564,1.368270,-0.572923,0.006575,-2.520722,1.055479,-0.012113,-0.396540
sample,946,drone,23.633335,9.604558,0.521125,2.432724,1.305089,-0.546468,0.006271,-2.534661,1.061316,-0.012180,-0.396540
sample,947,drone,23.658318,9.636371,0.507804,2.432877,1.241626,-0.519895,0.005967,-2.543289,1.064929,-0.012222,-0.396540
sample,948,drone,23.683300,9.666595,0.495149,2.433022,1.178015,-0.493260,0.005661,-2.546453,1.066253,-0.012237,-0.396540
sample,949,drone,23.708282,9.695230,0.483159,2.433160,1.114393,-0.466620,0.005355,-2.543999,1.065226,-0.012225,-0.396540
sample,950,drone,23.733265,9.722276,0.471834,2.433290,1.050904,-0.440036,0.005050,-2.535776,1.061783,-0.012185,-0.396540
sample,951,drone,23.758247,9.747738,0.461173,2.433412,0.987694,-0.413568,0.004746,-2.521631,1.055860,-0.012117,-0.396540
sample,952,drone,23.783230,9.771626,0.451170,2.433527,0.924912,-0.387280,0.004445,-2.501410,1.047393,-0.012020,-0.396540
sample,953,drone,23.808212,9.793951,0.441822,2.433634,0.862711,-0.361235,0.004146,-2.474961,1.036318,-0.011893,-0.396540
sample,954,drone,23.833194,9.814731,0.433121,2.433734,0.801251,-0.335501,0.003850,-2.442132,1.022572,-0.011735,-0.396540
sample,955,drone,23.858177,9.833985,0.425059,2.433827,0.740691,-0.310143,0.003559,-2.402769,1.006090,-0.011546,-0.396540
sample,956,drone,23.883159,9.851739,0.417625,2.433912,0.681197,-0.285232,0.003273,-2.356721,0.986809,-0.011325,-0.396540
sample,957,drone,23.908141,9.868021,0.410807,2.433990,0.622938,-0.260837,0.002993,-2.303833,0.964663,-0.011071,-0.396540
sample,958,drone,23.933124,9.882864,0.404592,2.434061,0.566086,-0.237032,0.002720,-2.243954,0.939591,-0.010783,-0.396540
sample,959,drone,23.958106,9.896306,0.398964,2.434126,0.510819,-0.213891,0.002455,-2.176931,0.911527,-0.010461,-0.396540
sample,960,drone,23.983089,9.908387,0.393905,2.434184,0.457317,-0.191488,0.002198,-2.102610,0.880407,-0.010104,-0.396540
sample,961,drone,24.008071,9.919155,0.389397,2.434236,0.405763,-0.169901,0.001950,-2.020840,0.846168,-0.009711,-0.396540
sample,962,drone,24.033053,9.928661,0.385416,2.434282,0.356346,-0.149209,0.001712,-1.931467,0.808746,-0.009281,-0.396540
sample,963,drone,24.058036,9.936960,0.381941,2.434321,0.309257,-0.129493,0.001486,-1.834339,0.768077,-0.008815,-0.396540
sample,964,drone,24.083018,9.944113,0.378946,2.434356,0.264693,-0.110833,0.001272,-1.729304,0.724096,-0.008310,-0.396540
sample,965,drone,24.108001,9.950185,0.376404,2.434385,0.222853,-0.093313,0.001071,-1.616207,0.676740,-0.007767,-0.396540
sample,966,drone,24.132983,9.955248,0.374284,2.434409,0.183940,-0.077020,0.000884,-1.494897,0.625945,-0.007184,-0.396540
sample,967,drone,24.157965,9.959376,0.372555,2.434429,0.148161,-0.062038,0.000712,-1.365221,0.571647,-0.006560,-0.396540
sample,968,drone,24.182948,9.962651,0.371184,2.434445,0.115727,-0.048457,0.000556,-1.227026,0.513782,-0.005896,-0.396540
sample,969,drone,24.207930,9.965158,0.370134,2.434457,0.086853,-0.036367,0.000417,-1.080160,0.452286,-0.005191,-0.396540
sample,970,drone,24.232912,9.966990,0.369367,2.434466,0.061757,-0.025859,0.000297,-0.924469,0.387095,-0.004442,-0.396540
sample,971,drone,24.257895,9.968244,0.368842,2.434472,0.040662,-0.017026,0.000195,-0.759801,0.318145,-0.003651,-0.396540
sample,972,drone,24.282877,9.969022,0.368516,2.434476,0.023794,-0.009963,0.000114,-0.586004,0.245372,-0.002816,-0.396540
sample,973,drone,24.307860,9.969433,0.368344,2.434477,0.011383,-0.004766,0.000055,-0.402923,0.168713,-0.001936,-0.396540
sample,974,drone,24.332842,9.969591,0.368278,2.434478,0.003662,-0.001533,0.000018,-0.235178,0.079932,-0.006154,-0.396540
sample,975,drone,24.357824,9.969616,0.368268,2.434478,-0.000368,-0.000772,-0.000253,-0.222233,-0.065556,-0.044042,-2.015535
sample,976,drone,24.382807,9.969572,0.368240,2.434466,-0.007442,-0.004809,-0.002183,-0.481946,-0.300721,-0.138469,-2.567907
sample,977,drone,24.407789,9.969244,0.368027,2.434369,-0.024448,-0.015798,-0.007171,-0.895372,-0.578560,-0.262636,-2.567915
sample,978,drone,24.432771,9.968351,0.367450,2.434107,-0.052179,-0.033716,-0.015305,-1.305658,-0.843676,-0.382985,-2.567915
sample,979,drone,24.457754,9.966637,0.366343,2.433605,-0.089685,-0.057952,-0.026307,-1.678526,-1.084612,-0.492357,-2.567915
sample,980,drone,24.482736,9.963870,0.364555,2.432793,-0.136046,-0.087909,-0.039906,-2.015058,-1.302069,-0.591071,-2.567915
sample,981,drone,24.507719,9.959839,0.361950,2.431611,-0.190367,-0.123009,-0.055840,-2.316342,-1.496749,-0.679446,-2.567915
sample,982,drone,24.532701,9.954358,0.358409,2.430003,-0.251782,-0.162694,-0.073854,-2.583464,-1.669355,-0.757800,-2.567915
sample,983,drone,24.557683,9.947259,0.353822,2.427921,-0.319449,-0.206418,-0.093703,-2.817513,-1.820590,-0.826452,-2.567915
sample,984,drone,24.582666,9.938397,0.348095,2.425321,-0.392558,-0.253659,-0.115148,-3.019575,-1.951156,-0.885723,-2.567915
sample,985,drone,24.607648,9.927645,0.341148,2.422167,-0.470322,-0.303907,-0.137958,-3.190737,-2.061756,-0.935929,-2.567915
sample,986,drone,24.632631,9.914897,0.332910,2.418428,-0.551982,-0.356674,-0.161911,-3.332088,-2.153093,-0.977391,-2.567915
sample,987,drone,24.657613,9.900065,0.323326,2.414077,-0.636809,-0.411486,-0.186793,-3.444714,-2.225868,-1.010428,-2.567915
sample,988,drone,24.682595,9.883079,0.312350,2.409095,-0.724097,-0.467889,-0.212397,-3.529703,-2.280786,-1.035357,-2.567915
sample,989,drone,24.707578,9.863886,0.299948,2.403465,-0.813170,-0.525445,-0.238525,-3.588142,-2.318547,-1.052499,-2.567915
sample,990,drone,24.732560,9.842449,0.286097,2.397177,-0.903377,-0.583735,-0.264985,-3.621119,-2.339856,-1.062172,-2.567915
sample,991,drone,24.757542,9.818749,0.270782,2.390225,-0.994098,-0.642356,-0.291596,-3.629720,-2.345414,-1.064695,-2.567915
sample,992,drone,24.782525,9.792779,0.254002,2.382608,-1.084736,-0.700923,-0.318182,-3.615034,-2.335924,-1.060387,-2.567915
sample,993,drone,24.807507,9.764550,0.235761,2.374327,-1.174722,-0.759069,-0.344578,-3.578147,-2.312089,-1.049567,-2.567915
sample,994,drone,24.832490,9.734085,0.216075,2.365391,-1.263517,-0.816446,-0.370624,-3.520147,-2.274611,-1.032554,-2.567915
sample,995,drone,24.857472,9.701419,0.194967,2.355809,-1.350606,-0.872720,-0.396169,-3.442121,-2.224193,-1.009667,-2.567915
sample,996,drone,24.882454,9.666602,0.172470,2.345596,-1.435502,-0.927577,-0.421071,-3.345157,-2.161538,-0.981225,-2.567915
sample,997,drone,24.907437,9.629694,0.148621,2.334770,-1.517746,-0.980721,-0.445196,-3.230342,-2.087347,-0.947546,-2.567915
sample,998,drone,24.932419,9.590768,0.123468,2.323352,-1.596905,-1.031871,-0.468415,-3.098762,-2.002325,-0.908951,-2.567915
sample,999,drone,24.957402,9.549906,0.097064,2.311366,-1.672575,-1.080766,-0.490611,-2.951507,-1.907173,-0.865756,-2.567915
sample,1000,drone,24.982384,9.507198,0.069468,2.298839,-1.744376,-1.127162,-0.511673,-2.789662,-1.802594,-0.818283,-2.567915
sample,1001,drone,25.007366,9.462748,0.040745,2.285800,-1.811959,-1.170832,-0.531497,-2.614316,-1.689290,-0.766849,-2.567915
sample,1002,drone,25.032349,9.416664,0.010968,2.272283,-1.875000,-1.211567,-0.549988,-2.426555,-1.567965,-0.711774,-2.567915
sample,1003,drone,25.057331,9.369064,-0.019790,2.258320,-1.933202,-1.249175,-0.567060,-2.227467,-1.439321,-0.653376,-2.567915
sample,1004,drone,25.082313,9.320072,-0.051447,2.243950,-1.986295,-1.283483,-0.582634,-2.018139,-1.304060,-0.591975,-2.567915
sample,1005,drone,25.107296,9.269819,-0.083919,2.229209,-2.034037,-1.314333,-0.596638,-1.799659,-1.162885,-0.527889,-2.567915
sample,1006,drone,25.132278,9.218442,-0.117118,2.214139,-2.076214,-1.341586,-0.609010,-1.573114,-1.016498,-0.461437,-2.567915
sample,1007,drone,25.157261,9.166082,-0.150951,2.198780,-2.112638,-1.365122,-0.619694,-1.339592,-0.865603,-0.392938,-2.567915
sample,1008,drone,25.182243,9.112885,-0.185326,2.183176,-2.143147,-1.384836,-0.628643,-1.100179,-0.710902,-0.322712,-2.567915
sample,1009,drone,25.207225,9.059000,-0.220144,2.167370,-2.167608,-1.400642,-0.635818,-0.855963,-0.553097,-0.251077,-2.567915
sample,1010,drone,25.232208,9.004581,-0.255308,2.151408,-2.185915,-1.412471,-0.641188,-0.608031,-0.392891,-0.178352,-2.567915
sample,1011,drone,25.257190,8.949781,-0.290718,2.135333,-2.197988,-1.420272,-0.644729,-0.357471,-0.230987,-0.104856,-2.567915
sample,1012,drone,25.282173,8.894759,-0.326272,2.119194,-2.203776,-1.424012,-0.646427,-0.105370,-0.068087,-0.030908,-2.567915
sample,1013,drone,25.307155,8.839670,-0.361868,2.103035,-2.203253,-1.423674,-0.646273,0.147185,0.095106,0.043173,-2.567915
sample,1014,drone,25.332137,8.784674,-0.397405,2.086903,-2.196422,-1.419260,-0.644270,0.399105,0.257890,0.117068,-2.567915
sample,1015,drone,25.357120,8.729926,-0.432781,2.070844,-2.183312,-1.410789,-0.640424,0.649305,0.419561,0.190459,-2.567915
sample,1016,drone,25.382102,8.675585,-0.467895,2.054904,-2.163979,-1.398297,-0.634753,0.896697,0.579418,0.263025,-2.567915
sample,1017,drone,25.407084,8.621804,-0.502647,2.039129,-2.138508,-1.381838,-0.627282,1.140192,0.736757,0.334449,-2.567915
sample,1018,drone,25.432067,8.568735,-0.536938,2.023562,-2.107010,-1.361485,-0.618043,1.378705,0.890877,0.404411,-2.567915
sample,1019,drone,25.457049,8.516527,-0.570673,2.008248,-2.069622,-1.337326,-0.607076,1.611147,1.041074,0.472593,-2.567915
sample,1020,drone,25.482032,8.465327,-0.603758,1.993230,-2.026509,-1.309468,-0.594430,1.836431,1.186646,0.538675,-2.567915
sample,1021,drone,25.507014,8.415273,-0.636100,1.978548,-1.977865,-1.278035,-0.580161,2.053471,1.326890,0.602338,-2.567915
sample,1022,drone,25.531996,8.366503,-0.667614,1.964242,-1.923908,-1.243170,-0.564334,2.261177,1.461103,0.663264,-2.567915
sample,1023,drone,25.556979,8.319146,-0.698215,1.950351,-1.864886,-1.205032,-0.547021,2.458464,1.588584,0.721134,-2.567915
sample,1024,drone,25.581961,8.273325,-0.727823,1.936910,-1.801071,-1.163797,-0.528303,2.644244,1.708629,0.775628,-2.567915
sample,1025,drone,25.606944,8.229156,-0.756364,1.923955,-1.732767,-1.119661,-0.508267,2.817430,1.820536,0.826428,-2.567915
sample,1026,drone,25.631926,8.186747,-0.783767,1.911515,-1.660299,-1.072834,-0.487011,2.976933,1.923603,0.873215,-2.567915
sample,1027,drone,25.656908,8.146199,-0.809968,1.899621,-1.584025,-1.023548,-0.464637,3.121668,2.017126,0.915669,-2.567915
sample,1028,drone,25.681891,8.107602,-0.834908,1.888300,-1.504326,-0.972049,-0.441259,3.250545,2.100402,0.953473,-2.567915
sample,1029,drone,25.706873,8.071036,-0.858536,1.877574,-1.421612,-0.918602,-0.416997,3.362479,2.172731,0.986306,-2.567915
sample,1030,drone,25.731855,8.036571,-0.880806,1.867464,-1.336320,-0.863489,-0.391979,3.456382,2.233408,1.013850,-2.567915
sample,1031,drone,25.756838,8.004267,-0.901680,1.857989,-1.248915,-0.807010,-0.366340,3.531166,2.281731,1.035786,-2.567915
sample,1032,drone,25.781820,7.974170,-0.921128,1.849160,-1.159886,-0.749483,-0.340226,3.585745,2.316998,1.051796,-2.567915
sample,1033,drone,25.806803,7.946314,-0.939128,1.840989,-1.069754,-0.691242,-0.313788,3.619030,2.338506,1.061559,-2.567915
sample,1034,drone,25.831785,7.920720,-0.955666,1.833482,-0.979062,-0.632640,-0.287185,3.629934,2.345552,1.064757,-2.567915
sample,1035,drone,25.856767,7.897395,-0.970738,1.826640,-0.888385,-0.574047,-0.260587,3.617371,2.337434,1.061072,-2.567915
sample,1036,drone,25.881750,7.876332,-0.984348,1.820462,-0.798321,-0.515851,-0.234169,3.580252,2.313449,1.050184,-2.567915
sample,1037,drone,25.906732,7.857507,-0.996512,1.814940,-0.709499,-0.458456,-0.208115,3.517491,2.272894,1.031775,-2.567915
sample,1038,drone,25.931715,7.840882,-1.007255,1.810063,-0.622571,-0.402286,-0.182617,3.427999,2.215068,1.005525,-2.567915
sample,1039,drone,25.956697,7.826400,-1.016612,1.805816,-0.538219,-0.347781,-0.157874,3.310691,2.139267,0.971115,-2.567915
sample,1040,drone,25.981679,7.813990,-1.024632,1.802175,-0.457153,-0.295398,-0.134095,3.164478,2.044788,0.928227,-2.567915
sample,1041,drone,26.006662,7.803559,-1.031372,1.799116,-0.380107,-0.245613,-0.111496,2.988273,1.930930,0.876541,-2.567915
sample,1042,drone,26.031644,7.794998,-1.036904,1.796604,-0.307845,-0.198920,-0.090299,2.780988,1.796989,0.815739,-2.567915
sample,1043,drone,26.056626,7.788177,-1.041311,1.794604,-0.241156,-0.155827,-0.070737,2.541537,1.642263,0.745501,-2.567915
sample,1044,drone,26.081609,7.782948,-1.044689,1.793070,-0.180857,-0.116864,-0.053050,2.268832,1.466049,0.665509,-2.567915
sample,1045,drone,26.106591,7.779141,-1.047150,1.791953,-0.127794,-0.082577,-0.037485,1.961785,1.267645,0.575444,-2.567915
sample,1046,drone,26.131574,7.776563,-1.048815,1.791197,-0.082837,-0.053527,-0.024298,1.619310,1.046348,0.474987,-2.567915
sample,1047,drone,26.156556,7.775002,-1.049824,1.790739,-0.046885,-0.030296,-0.013753,1.240319,0.801456,0.363819,-2.567915
sample,1048,drone,26.181538,7.774221,-1.050329,1.790510,-0.020865,-0.013482,-0.006120,0.823999,0.532427,0.241688,-2.567915
sample,1049,drone,26.206521,7.773959,-1.050498,1.790433,-0.005715,-0.003693,-0.001677,0.415231,0.265715,0.119629,-2.567819
sample,1050,drone,26.231503,7.773935,-1.050514,1.790426,-0.000118,-0.000206,-0.000143,0.158687,0.087091,0.033630,-2.091168
sample,1051,drone,26.256486,7.773954,-1.050508,1.790426,0.002214,0.000658,0.000003,0.129087,0.041786,0.003057,0.288905
sample,1052,drone,26.281468,7.774046,-1.050481,1.790426,0.006332,0.001882,0.000010,0.210716,0.062629,0.000324,0.288905
sample,1053,drone,26.306450,7.774270,-1.050414,1.790427,0.012743,0.003787,0.000020,0.300921,0.089440,0.000463,0.288905
sample,1054,drone,26.331433,7.774682,-1.050291,1.790427,0.021367,0.006351,0.000033,0.387984,0.115317,0.000597,0.288905
sample,1055,drone,26.356415,7.775338,-1.050097,1.790428,0.032128,0.009549,0.000049,0.471941,0.140270,0.000726,0.288905
sample,1056,drone,26.381397,7.776288,-1.049814,1.790430,0.044948,0.013359,0.000069,0.552827,0.164311,0.000850,0.288905
sample,1057,drone,26.406380,7.777583,-1.049429,1.790432,0.059750,0.017759,0.000092,0.630678,0.187450,0.000970,0.288905
sample,1058,drone,26.431362,7.779273,-1.048927,1.790434,0.076459,0.022725,0.000118,0.705530,0.209698,0.001085,0.288905
sample,1059,drone,26.456345,7.781404,-1.048294,1.790438,0.095002,0.028236,0.000146,0.777419,0.231065,0.001195,0.288905
sample,1060,drone,26.481327,7.784020,-1.047516,1.790442,0.115303,0.034270,0.000177,0.846380,0.251561,0.001301,0.288905
sample,1061,drone,26.506309,7.787165,-1.046581,1.790446,0.137291,0.040806,0.000211,0.912449,0.271199,0.001403,0.288905
sample,1062,drone,26.531292,7.790880,-1.045477,1.790452,0.160893,0.047821,0.000247,0.975663,0.289987,0.001500,0.288905
sample,1063,drone,26.556274,7.795204,-1.044192,1.790459,0.186040,0.055295,0.000286,1.036055,0.307937,0.001593,0.288905
sample,1064,drone,26.581257,7.800175,-1.042715,1.790466,0.212660,0.063207,0.000327,1.093664,0.325059,0.001682,0.288905
sample,1065,drone,26.606239,7.805829,-1.041034,1.790475,0.240684,0.071536,0.000370,1.148523,0.341365,0.001766,0.288905
sample,1066,drone,26.631221,7.812201,-1.039140,1.790485,0.270045,0.080263,0.000415,1.200670,0.356864,0.001846,0.288905
sample,1067,drone,26.656204,7.819322,-1.037024,1.790496,0.300675,0.089367,0.000462,1.250139,0.371567,0.001922,0.288905
sample,1068,drone,26.681186,7.827224,-1.034675,1.790508,0.332508,0.098828,0.000511,1.296966,0.385485,0.001994,0.288905
sample,1069,drone,26.706168,7.835936,-1.032086,1.790521,0.365478,0.108628,0.000562,1.341188,0.398628,0.002062,0.288905
sample,1070,drone,26.731151,7.845485,-1.029248,1.790536,0.399520,0.118746,0.000614,1.382840,0.411008,0.002126,0.288905
sample,1071,drone,26.756133,7.855898,-1.026153,1.790552,0.434571,0.129163,0.000668,1.421957,0.422635,0.002187,0.288905
sample,1072,drone,26.781116,7.867198,-1.022794,1.790569,0.470568,0.139862,0.000724,1.458576,0.433518,0.002243,0.288905
sample,1073,drone,26.806098,7.879409,-1.019164,1.790588,0.507449,0.150824,0.000780,1.492732,0.443670,0.002295,0.288905
sample,1074,drone,26.831080,7.892553,-1.015258,1.790608,0.545152,0.162030,0.000838,1.524460,0.453101,0.002344,0.288905
sample,1075,drone,26.856063,7.906648,-1.011069,1.790630,0.583618,0.173463,0.000897,1.553798,0.461820,0.002389,0.288905
sample,1076,drone,26.881045,7.921713,-1.006591,1.790653,0.622787,0.185105,0.000958,1.580780,0.469840,0.002431,0.288905
sample,1077,drone,26.906028,7.937765,-1.001820,1.790678,0.662601,0.196939,0.001019,1.605442,0.477170,0.002469,0.288905
sample,1078,drone,26.931010,7.954820,-0.996751,1.790704,0.703003,0.208947,0.001081,1.627820,0.483821,0.002503,0.288905
sample,1079,drone,26.955992,7.972891,-0.991380,1.790732,0.743935,0.221113,0.001144,1.647950,0.489804,0.002534,0.288905
sample,1080,drone,26.980975,7.991990,-0.985703,1.790761,0.785342,0.233420,0.001208,1.665867,0.495130,0.002562,0.288905
sample,1081,drone,27.005957,8.012130,-0.979717,1.790792,0.827170,0.245852,0.001272,1.681607,0.499808,0.002586,0.288905
sample,1082,drone,27.030939,8.033320,-0.973419,1.790825,0.869363,0.258393,0.001337,1.695206,0.503850,0.002607,0.288905
sample,1083,drone,27.055922,8.055568,-0.966807,1.790859,0.911870,0.271026,0.001402,1.706700,0.507266,0.002624,0.288905
sample,1084,drone,27.080904,8.078881,-0.959877,1.790895,0.954638,0.283738,0.001468,1.716125,0.510067,0.002639,0.288905
sample,1085,drone,27.105887,8.103266,-0.952630,1.790932,0.997616,0.296512,0.001534,1.723515,0.512264,0.002650,0.288905
sample,1086,drone,27.130869,8.128727,-0.945062,1.790972,1.040753,0.309333,0.001600,1.728908,0.513867,0.002659,0.288905
sample,1087,drone,27.155851,8.155267,-0.937174,1.791012,1.084000,0.322187,0.001667,1.732338,0.514886,0.002664,0.288905
sample,1088,drone,27.180834,8.182889,-0.928964,1.791055,1.127309,0.335059,0.001733,1.733841,0.515333,0.002666,0.288905
sample,1089,drone,27.205816,8.211593,-0.920433,1.791099,1.170631,0.347936,0.001800,1.733454,0.515218,0.002666,0.288905
sample,1090,drone,27.230798,8.241379,-0.911580,1.791145,1.213921,0.360802,0.001867,1.731212,0.514552,0.002662,0.288905
sample,1091,drone,27.255781,8.272246,-0.902405,1.791192,1.257131,0.373645,0.001933,1.727150,0.513344,0.002656,0.288905
sample,1092,drone,27.280763,8.304191,-0.892911,1.791241,1.300217,0.386451,0.001999,1.721305,0.511607,0.002647,0.288905
sample,1093,drone,27.305746,8.337211,-0.883097,1.791292,1.343136,0.399207,0.002065,1.713712,0.509350,0.002635,0.288905
sample,1094,drone,27.330728,8.371301,-0.872964,1.791345,1.385843,0.411901,0.002131,1.704407,0.506585,0.002621,0.288905
sample,1095,drone,27.355710,8.406454,-0.862516,1.791399,1.428296,0.424519,0.002196,1.693426,0.503321,0.002604,0.288905
sample,1096,drone,27.380693,8.442665,-0.851753,1.791454,1.470454,0.437049,0.002261,1.680804,0.499569,0.002585,0.288905
sample,1097,drone,27.405675,8.479925,-0.840679,1.791512,1.512277,0.449480,0.002325,1.666577,0.495341,0.002563,0.288905
sample,1098,drone,27.430658,8.518226,-0.829295,1.791571,1.553724,0.461799,0.002389,1.650781,0.490646,0.002538,0.288905
sample,1099,drone,27.455640,8.557557,-0.817605,1.791631,1.594758,0.473995,0.002452,1.633452,0.485495,0.002512,0.288905
sample,1100,drone,27.480622,8.597907,-0.805612,1.791693,1.635339,0.486056,0.002515,1.614625,0.479900,0.002483,0.288905
sample,1101,drone,27.505605,8.639266,-0.793320,1.791757,1.675432,0.497973,0.002576,1.594337,0.473869,0.002452,0.288905
sample,1102,drone,27.530587,8.681620,-0.780731,1.791822,1.715000,0.509733,0.002637,1.572622,0.467415,0.002418,0.288905
sample,1103,drone,27.555569,8.724956,-0.767851,1.791888,1.754008,0.521327,0.002697,1.549517,0.460548,0.002383,0.288905
sample,1104,drone,27.580552,8.769258,-0.754683,1.791957,1.792421,0.532744,0.002756,1.525058,0.453278,0.002345,0.288905
sample,1105,drone,27.605534,8.814513,-0.741232,1.792026,1.830207,0.543975,0.002814,1.499280,0.445617,0.002305,0.288905
sample,1106,drone,27.630517,8.860704,-0.727504,1.792097,1.867332,0.555009,0.002871,1.472218,0.437573,0.002264,0.288905
sample,1107,drone,27.655499,8.907814,-0.713502,1.792170,1.903766,0.565838,0.002927,1.443910,0.429159,0.002220,0.288905
sample,1108,drone,27.680481,8.955826,-0.699232,1.792243,1.939477,0.576452,0.002982,1.414390,0.420385,0.002175,0.288905
sample,1109,drone,27.705464,9.004720,-0.684699,1.792319,1.974436,0.586843,0.003036,1.383694,0.411262,0.002128,0.288905
sample,1110,drone,27.730446,9.054478,-0.669910,1.792395,2.008613,0.597001,0.003089,1.351858,0.401800,0.002079,0.288905
sample,1111,drone,27.755429,9.105080,-0.654870,1.792473,2.041981,0.606918,0.003140,1.318917,0.392009,0.002028,0.288905
sample,1112,drone,27.780411,9.156505,-0.639586,1.792552,2.074512,0.616587,0.003190,1.284908,0.381901,0.001976,0.288905
sample,1113,drone,27.805393,9.208732,-0.624063,1.792632,2.106181,0.626000,0.003239,1.249867,0.371486,0.001922,0.288905
sample,1114,drone,27.830376,9.261740,-0.608308,1.792714,2.136962,0.635149,0.003286,1.213828,0.360774,0.001867,0.288905
sample,1115,drone,27.855358,9.315505,-0.592328,1.792797,2.166830,0.644026,0.003332,1.176828,0.349777,0.001810,0.288905
sample,1116,drone,27.880340,9.370005,-0.576129,1.792880,2.195762,0.652625,0.003376,1.138902,0.338505,0.001751,0.288905
sample,1117,drone,27.905323,9.425216,-0.559719,1.792965,2.223735,0.660939,0.003419,1.100087,0.326968,0.001692,0.288905
sample,1118,drone,27.930305,9.481113,-0.543105,1.793051,2.250727,0.668962,0.003461,1.060417,0.315178,0.001631,0.288905
sample,1119,drone,27.955288,9.537673,-0.526295,1.793138,2.276718,0.676687,0.003501,1.019929,0.303144,0.001568,0.288905
sample,1120,drone,27.980270,9.594869,-0.509295,1.793226,2.301688,0.684109,0.003539,0.978659,0.290877,0.001505,0.288905
sample,1121,drone,28.005252,9.652676,-0.492113,1.793315,2.325617,0.691221,0.003576,0.936642,0.278389,0.001440,0.288905
sample,1122,drone,28.030235,9.711068,-0.474758,1.793405,2.348487,0.698018,0.003611,0.893914,0.265689,0.001375,0.288905
sample,1123,drone,28.055217,9.770018,-0.457237,1.793495,2.370281,0.704496,0.003645,0.850510,0.252789,0.001308,0.288905
sample,1124,drone,28.080200,9.829498,-0.439558,1.793587,2.390982,0.710649,0.003677,0.806467,0.239699,0.001240,0.288905
sample,1125,drone,28.105182,9.889483,-0.421730,1.793679,2.410576,0.716472,0.003707,0.761820,0.226429,0.001171,0.288905
sample,1126,drone,28.130164,9.949942,-0.403760,1.793772,2.429047,0.721962,0.003735,0.716605,0.212990,0.001102,0.288905
sample,1127,drone,28.155147,10.010849,-0.385657,1.793866,2.446381,0.727114,0.003762,0.670858,0.199393,0.001032,0.288905
sample,1128,drone,28.180129,10.072175,-0.367430,1.793960,2.462566,0.731925,0.003787,0.624615,0.185648,0.000960,0.288905
sample,1129,drone,28.205111,10.133891,-0.349087,1.794055,2.477590,0.736390,0.003810,0.577910,0.171767,0.000889,0.288905
sample,1130,drone,28.230094,10.195967,-0.330636,1.794150,2.491441,0.740507,0.003831,0.530780,0.157759,0.000816,0.288905
sample,1131,drone,28.255076,10.258375,-0.312087,1.794246,2.504110,0.744273,0.003851,0.483261,0.143635,0.000743,0.288905
sample,1132,drone,28.280059,10.321085,-0.293449,1.794343,2.515587,0.747684,0.003868,0.435389,0.129407,0.000670,0.288905
sample,1133,drone,28.305041,10.384066,-0.274729,1.794440,2.525864,0.750738,0.003884,0.387199,0.115083,0.000595,0.288905
sample,1134,drone,28.330023,10.447289,-0.255938,1.794537,2.534933,0.753434,0.003898,0.338727,0.100676,0.000521,0.288905
sample,1135,drone,28.355006,10.510723,-0.237084,1.794634,2.542788,0.755769,0.003910,0.290008,0.086196,0.000446,0.288905
sample,1136,drone,28.379988,10.574339,-0.218177,1.794732,2.549424,0.757741,0.003920,0.241079,0.071654,0.000371,0.288905
sample,1137,drone,28.404971,10.638105,-0.199224,1.794830,2.554834,0.759349,0.003929,0.191975,0.057059,0.000295,0.288905
sample,1138,drone,28.429953,10.701990,-0.180236,1.794929,2.559016,0.760592,0.003935,0.142732,0.042423,0.000219,0.288905
sample,1139,drone,28.454935,10.765965,-0.161221,1.795027,2.561965,0.761468,0.003940,0.093386,0.027756,0.000144,0.288905
sample,1140,drone,28.479918,10.829998,-0.142189,1.795125,2.563681,0.761978,0.003942,0.043972,0.013069,0.000068,0.288905
sample,1141,drone,28.504900,10.894059,-0.123149,1.795224,2.564162,0.762121,0.003943,-0.005474,-0.001627,-0.000008,0.288905
sample,1142,drone,28.529882,10.958116,-0.104110,1.795322,2.563408,0.761897,0.003942,-0.054915,-0.016322,-0.000084,0.288905
sample,1143,drone,28.554865,11.022139,-0.085081,1.795421,2.561419,0.761306,0.003939,-0.104317,-0.031005,-0.000160,0.288905
sample,1144,drone,28.579847,11.086097,-0.066072,1.795519,2.558196,0.760348,0.003934,-0.153644,-0.045666,-0.000236,0.288905
sample,1145,drone,28.604830,11.149959,-0.047090,1.795617,2.553742,0.759024,0.003927,-0.202859,-0.060294,-0.000312,0.288905
sample,1146,drone,28.629812,11.213694,-0.028147,1.795715,2.548060,0.757335,0.003918,-0.251927,-0.074878,-0.000387,0.288905
sample,1147,drone,28.654794,11.277272,-0.009250,1.795813,2.541154,0.755283,0.003908,-0.300813,-0.089408,-0.000463,0.288905
sample,1148,drone,28.679777,11.340662,0.009590,1.795911,2.533030,0.752868,0.003895,-0.349480,-0.103873,-0.000537,0.288905
sample,1149,drone,28.704759,11.403834,0.028366,1.796008,2.523693,0.750093,0.003881,-0.397893,-0.118262,-0.000612,0.288905
sample,1150,drone,28.729742,11.466758,0.047069,1.796105,2.513149,0.746959,0.003865,-0.446016,-0.132565,-0.000686,0.288905
sample,1151,drone,28.754724,11.529403,0.065688,1.796201,2.501408,0.743469,0.003846,-0.493813,-0.146771,-0.000759,0.288905
sample,1152,drone,28.779706,11.591740,0.084216,1.796297,2.488476,0.739626,0.003827,-0.541249,-0.160870,-0.000832,0.288905
sample,1153,drone,28.804689,11.653739,0.102643,1.796392,2.474364,0.735432,0.003805,-0.588288,-0.174851,-0.000905,0.288905
sample,1154,drone,28.829671,11.715371,0.120962,1.796487,2.459082,0.730890,0.003781,-0.634893,-0.188703,-0.000976,0.288905
sample,1155,drone,28.854653,11.776607,0.139162,1.796581,2.442642,0.726003,0.003756,-0.681030,-0.202416,-0.001047,0.288905
sample,1156,drone,28.879636,11.837417,0.157236,1.796675,2.425055,0.720776,0.003729,-0.726662,-0.215979,-0.001117,0.288905
sample,1157,drone,28.904618,11.897774,0.175176,1.796767,2.406334,0.715212,0.003700,-0.771755,-0.229381,-0.001187,0.288905
sample,1158,drone,28.929601,11.957649,0.192972,1.796859,2.386494,0.709315,0.003670,-0.816271,-0.242612,-0.001255,0.288905
sample,1159,drone,28.954583,12.017015,0.210616,1.796951,2.365550,0.703090,0.003638,-0.860175,-0.255662,-0.001323,0.288905
sample,1160,drone,28.979565,12.075843,0.228101,1.797041,2.343516,0.696541,0.003604,-0.903433,-0.268519,-0.001389,0.288905
sample,1161,drone,29.004548,12.134108,0.245419,1.797131,2.320410,0.689673,0.003568,-0.946006,-0.281172,-0.001455,0.288905
sample,1162,drone,29.029530,12.191782,0.262561,1.797219,2.296249,0.682492,0.003531,-0.987861,-0.293613,-0.001519,0.288905
sample,1163,drone,29.054513,12.248839,0.279519,1.797307,2.271052,0.675003,0.003492,-1.028961,-0.305828,-0.001582,0.288905
sample,1164,drone,29.079495,12.305255,0.296287,1.797394,2.244837,0.667211,0.003452,-1.069271,-0.317809,-0.001644,0.288905
sample,1165,drone,29.104477,12.361002,0.312856,1.797480,2.217626,0.659124,0.003410,-1.108755,-0.329545,-0.001705,0.288905
sample,1166,drone,29.129460,12.416058,0.329220,1.797564,2.189438,0.650746,0.003367,-1.147376,-0.341024,-0.001764,0.288905
sample,1167,drone,29.154442,12.470397,0.345371,1.797648,2.160297,0.642084,0.003322,-1.185100,-0.352236,-0.001822,0.288905
sample,1168,drone,29.179424,12.523996,0.361302,1.797730,2.130225,0.633146,0.003276,-1.221890,-0.363171,-0.001879,0.288905
sample,1169,drone,29.204407,12.576833,0.377006,1.797812,2.099246,0.623939,0.003228,-1.257711,-0.373818,-0.001934,0.288905
sample,1170,drone,29.229389,12.628885,0.392477,1.797892,2.067384,0.614469,0.003179,-1.292528,-0.384166,-0.001988,0.288905
sample,1171,drone,29.254372,12.680130,0.407708,1.797970,2.034665,0.604744,0.003129,-1.326303,-0.394204,-0.002039,0.288905
sample,1172,drone,29.279354,12.730546,0.422692,1.798048,2.001115,0.594772,0.003077,-1.359002,-0.403923,-0.002090,0.288905
sample,1173,drone,29.304336,12.780115,0.437425,1.798124,1.966763,0.584562,0.003024,-1.390589,-0.413311,-0.002138,0.288905
sample,1174,drone,29.329319,12.828815,0.451900,1.798199,1.931635,0.574121,0.002970,-1.421027,-0.422358,-0.002185,0.288905
sample,1175,drone,29.354301,12.876628,0.466111,1.798273,1.895761,0.563459,0.002915,-1.450283,-0.431054,-0.002230,0.288905
sample,1176,drone,29.379284,12.923536,0.480053,1.798345,1.859172,0.552584,0.002859,-1.478318,-0.439386,-0.002273,0.288905
sample,1177,drone,29.404266,12.969522,0.493721,1.798415,1.821898,0.541505,0.002802,-1.505098,-0.447346,-0.002314,0.288905
sample,1178,drone,29.429248,13.014567,0.507109,1.798485,1.783970,0.530232,0.002743,-1.530588,-0.454922,-0.002354,0.288905
sample,1179,drone,29.454231,13.058657,0.520214,1.798552,1.745422,0.518775,0.002684,-1.554750,-0.462104,-0.002391,0.288905
sample,1180,drone,29.479213,13.101777,0.533030,1.798619,1.706287,0.507143,0.002624,-1.577551,-0.468880,-0.002426,0.288905
sample,1181,drone,29.504195,13.143911,0.545553,1.798684,1.666600,0.495348,0.002563,-1.598953,-0.475241,-0.002459,0.288905
sample,1182,drone,29.529178,13.185048,0.557780,1.798747,1.626396,0.483398,0.002501,-1.618920,-0.481176,-0.002489,0.288905
sample,1183,drone,29.554160,13.225174,0.569706,1.798809,1.585711,0.471306,0.002438,-1.637419,-0.486674,-0.002518,0.288905
sample,1184,drone,29.579143,13.264278,0.581328,1.798869,1.544583,0.459082,0.002375,-1.654411,-0.491725,-0.002544,0.288905
sample,1185,drone,29.604125,13.302349,0.592644,1.798927,1.503049,0.446737,0.002311,-1.669863,-0.496317,-0.002568,0.288905
sample,1186,drone,29.629107,13.339377,0.603649,1.798984,1.461149,0.434283,0.002247,-1.683738,-0.500441,-0.002589,0.288905
sample,1187,drone,29.654090,13.375355,0.614343,1.799039,1.418921,0.421732,0.002182,-1.695999,-0.504086,-0.002608,0.288905
sample,1188,drone,29.679072,13.410273,0.624721,1.799093,1.376408,0.409097,0.002117,-1.706613,-0.507240,-0.002624,0.288905
sample,1189,drone,29.704055,13.444127,0.634783,1.799145,1.333651,0.396388,0.002051,-1.715542,-0.509894,-0.002638,0.288905
sample,1190,drone,29.729037,13.476909,0.644527,1.799196,1.290692,0.383620,0.001985,-1.722751,-0.512037,-0.002649,0.288905
sample,1191,drone,29.754019,13.508616,0.653951,1.799244,1.247574,0.370804,0.001918,-1.728204,-0.513658,-0.002657,0.288905
sample,1192,drone,29.779002,13.539244,0.663054,1.799291,1.204342,0.357955,0.001852,-1.731866,-0.514746,-0.002663,0.288905
sample,1193,drone,29.803984,13.568790,0.671836,1.799337,1.161042,0.345085,0.001785,-1.733701,-0.515291,-0.002666,0.288905
sample,1194,drone,29.828966,13.597255,0.680296,1.799381,1.117718,0.332209,0.001719,-1.733673,-0.515283,-0.002666,0.288905
sample,1195,drone,29.853949,13.624637,0.688434,1.799423,1.074419,0.319339,0.001652,-1.731746,-0.514710,-0.002663,0.288905
sample,1196,drone,29.878931,13.650938,0.696252,1.799463,1.031192,0.306491,0.001586,-1.727884,-0.513562,-0.002657,0.288905
sample,1197,drone,29.903914,13.676160,0.703748,1.799502,0.988086,0.293679,0.001519,-1.722053,-0.511829,-0.002648,0.288905
sample,1198,drone,29.928896,13.700307,0.710925,1.799539,0.945150,0.280918,0.001453,-1.714215,-0.509500,-0.002636,0.288905
sample,1199,drone,29.953878,13.723384,0.717784,1.799575,0.902436,0.268222,0.001388,-1.704335,-0.506563,-0.002621,0.288905
sample,1200,drone,29.978861,13.745397,0.724327,1.799608,0.859993,0.255608,0.001322,-1.692378,-0.503009,-0.002602,0.288905
sample,1201,drone,30.003843,13.766354,0.730556,1.799641,0.817876,0.243090,0.001258,-1.678308,-0.498827,-0.002581,0.288905
sample,1202,drone,30.028826,13.786262,0.736473,1.799671,0.776137,0.230684,0.001193,-1.662089,-0.494007,-0.002556,0.288905
sample,1203,drone,30.053808,13.805133,0.742082,1.799700,0.734830,0.218407,0.001130,-1.643685,-0.488537,-0.002528,0.288905
sample,1204,drone,30.078790,13.822978,0.747385,1.799728,0.694011,0.206274,0.001067,-1.623061,-0.482407,-0.002496,0.288905
sample,1205,drone,30.103773,13.839809,0.752388,1.799754,0.653734,0.194303,0.001005,-1.600180,-0.475606,-0.002461,0.288905
sample,1206,drone,30.128755,13.855642,0.757094,1.799778,0.614058,0.182511,0.000944,-1.575008,-0.468124,-0.002422,0.288905
sample,1207,drone,30.153737,13.870491,0.761507,1.799801,0.575040,0.170913,0.000884,-1.547507,-0.459951,-0.002380,0.288905
sample,1208,drone,30.178720,13.884373,0.765633,1.799822,0.536737,0.159529,0.000825,-1.517644,-0.451075,-0.002334,0.288905
sample,1209,drone,30.203702,13.897309,0.769478,1.799842,0.499211,0.148376,0.000768,-1.485380,-0.441485,-0.002284,0.288905
sample,1210,drone,30.228685,13.909316,0.773047,1.799861,0.462521,0.137471,0.000711,-1.450682,-0.431172,-0.002231,0.288905
sample,1211,drone,30.253667,13.920418,0.776347,1.799878,0.426728,0.126832,0.000656,-1.413514,-0.420125,-0.002174,0.288905
sample,1212,drone,30.278649,13.930638,0.779384,1.799893,0.391895,0.116479,0.000603,-1.373838,-0.408333,-0.002113,0.288905
sample,1213,drone,30.303632,13.939999,0.782167,1.799908,0.358084,0.106430,0.000551,-1.331621,-0.395785,-0.002048,0.288905
sample,1214,drone,30.328614,13.948529,0.784702,1.799921,0.325361,0.096704,0.000500,-1.286825,-0.382471,-0.001979,0.288905
sample,1215,drone,30.353596,13.956256,0.786998,1.799933,0.293788,0.087320,0.000452,-1.239416,-0.368380,-0.001906,0.288905
sample,1216,drone,30.378579,13.963208,0.789065,1.799943,0.263433,0.078298,0.000405,-1.189357,-0.353501,-0.001829,0.288905
sample,1217,drone,30.403561,13.969418,0.790910,1.799953,0.234362,0.069657,0.000360,-1.136613,-0.337825,-0.001748,0.288905
sample,1218,drone,30.428544,13.974918,0.792545,1.799961,0.206643,0.061418,0.000318,-1.081148,-0.321339,-0.001663,0.288905
sample,1219,drone,30.453526,13.979743,0.793979,1.799969,0.180343,0.053602,0.000277,-1.022927,-0.304035,-0.001573,0.288905
sample,1220,drone,30.478508,13.983929,0.795223,1.799975,0.155533,0.046227,0.000239,-0.961912,-0.285900,-0.001479,0.288905
sample,1221,drone,30.503491,13.987514,0.796289,1.799981,0.132281,0.039317,0.000203,-0.898070,-0.266925,-0.001381,0.288905
sample,1222,drone,30.528473,13.990538,0.797188,1.799985,0.110661,0.032891,0.000170,-0.831364,-0.247098,-0.001278,0.288905
sample,1223,drone,30.553456,13.993043,0.797932,1.799989,0.090742,0.026971,0.000140,-0.761757,-0.226410,-0.001171,0.288905
sample,1224,drone,30.578438,13.995072,0.798535,1.799992,0.072600,0.021578,0.000112,-0.689216,-0.204849,-0.001060,0.288905
sample,1225,drone,30.603420,13.996671,0.799010,1.799995,0.056306,0.016735,0.000087,-0.613703,-0.182405,-0.000944,0.288905
sample,1226,drone,30.628403,13.997886,0.799372,1.799997,0.041936,0.012464,0.000064,-0.535183,-0.159067,-0.000823,0.288905
sample,1227,drone,30.653385,13.998766,0.799633,1.799998,0.029566,0.008788,0.000045,-0.453620,-0.134825,-0.000698,0.288905
sample,1228,drone,30.678367,13.999363,0.799811,1.799999,0.019271,0.005728,0.000030,-0.368979,-0.109668,-0.000567,0.288905
sample,1229,drone,30.703350,13.999729,0.799919,1.800000,0.011130,0.003308,0.000017,-0.281224,-0.083585,-0.000432,0.288905
sample,1230,drone,30.728332,13.999919,0.799976,1.800000,0.005220,0.001551,0.000008,-0.190318,-0.056566,-0.000293,0.288905
sample,1231,drone,30.753315,13.999990,0.799997,1.800000,0.001621,0.000482,0.000002,-0.096295,-0.028621,-0.000148,0.288905
sample,1232,drone,30.778297,14.000000,0.800000,1.800000,0.000409,0.000121,0.000001,-0.048516,-0.014420,-0.000075,0.288904
