section,index,name,t,x,y,z,vx,vy,vz,ax,ay,az,yaw
crossing,1,G1,1.757005,2.226945,-0.938120,1.077646,,,,,,
crossing,2,G6,5.239505,4.323751,3.178840,1.887089,,,,,,
crossing,3,G3,9.487337,6.026818,-2.328645,1.332721,,,,,,
crossing,4,G2,13.748126,8.705448,2.622061,2.764171,,,,,,
crossing,5,G5,15.417515,10.358188,1.753492,1.702118,,,,,,
crossing,6,G4,18.480771,12.473451,-1.721779,2.649563,,,,,,
sample,0,drone,0.000000,0.000000,-1.400000,1.200000,0.002507,0.000520,-0.000138,0.292511,0.060668,-0.016071,0.204505
sample,1,drone,0.024976,0.000063,-1.399987,1.199997,0.009812,0.002035,-0.000539,0.573369,0.118920,-0.031502,0.204505
sample,2,drone,0.049951,0.000490,-1.399898,1.199973,0.031147,0.006460,-0.001711,1.111060,0.230439,-0.061044,0.204506
sample,3,drone,0.074927,0.001618,-1.399664,1.199911,0.065311,0.013546,-0.003588,1.600353,0.331921,-0.087927,0.204506
sample,4,drone,0.099902,0.003753,-1.399222,1.199794,0.111087,0.023040,-0.006103,2.041647,0.423448,-0.112173,0.204506
sample,5,drone,0.124878,0.007167,-1.398513,1.199606,0.167294,0.034698,-0.009192,2.436433,0.505328,-0.133863,0.204506
sample,6,drone,0.149854,0.012109,-1.397489,1.199335,0.232790,0.048282,-0.012790,2.786203,0.577873,-0.153081,0.204506
sample,7,drone,0.174829,0.018795,-1.396102,1.198967,0.306468,0.063563,-0.016838,3.092450,0.641390,-0.169906,0.204506
sample,8,drone,0.199805,0.027418,-1.394313,1.198494,0.387261,0.080320,-0.021277,3.356664,0.696189,-0.184423,0.204506
sample,9,drone,0.224780,0.038140,-1.392090,1.197905,0.474138,0.098339,-0.026050,3.580338,0.742580,-0.196712,0.204506
sample,10,drone,0.249756,0.051101,-1.389401,1.197192,0.566103,0.117413,-0.031103,3.764964,0.780872,-0.206856,0.204506
sample,11,drone,0.274732,0.066417,-1.386225,1.196351,0.662202,0.137344,-0.036383,3.912034,0.811375,-0.214936,0.204506
sample,12,drone,0.299707,0.084179,-1.382541,1.195375,0.761514,0.157942,-0.041839,4.023038,0.834398,-0.221035,0.204506
sample,13,drone,0.324683,0.104456,-1.378335,1.194261,0.863158,0.179023,-0.047424,4.099470,0.850251,-0.225235,0.204506
sample,14,drone,0.349658,0.127295,-1.373598,1.193006,0.966288,0.200413,-0.053090,4.142821,0.859242,-0.227616,0.204506
sample,15,drone,0.374634,0.152723,-1.368324,1.191609,1.070097,0.221943,-0.058794,4.154583,0.861681,-0.228263,0.204506
sample,16,drone,0.399610,0.180747,-1.362512,1.190069,1.173814,0.243455,-0.064492,4.136248,0.857879,-0.227255,0.204506
sample,17,drone,0.424585,0.211356,-1.356164,1.188388,1.276707,0.264795,-0.070145,4.089307,0.848143,-0.224676,0.204506
sample,18,drone,0.449561,0.244521,-1.349285,1.186565,1.378080,0.285821,-0.075715,4.015253,0.832784,-0.220607,0.204506
sample,19,drone,0.474537,0.280193,-1.341887,1.184606,1.477274,0.306394,-0.081165,3.915578,0.812110,-0.215131,0.204506
sample,20,drone,0.499512,0.318312,-1.333980,1.182511,1.573668,0.326387,-0.086461,3.791772,0.786432,-0.208329,0.204506
sample,21,drone,0.524488,0.358800,-1.325583,1.180287,1.666678,0.345677,-0.091571,3.645328,0.756059,-0.200283,0.204506
sample,22,drone,0.549463,0.401565,-1.316713,1.177937,1.755757,0.364153,-0.096465,3.477739,0.721300,-0.191075,0.204506
sample,23,drone,0.574439,0.446502,-1.307393,1.175468,1.840395,0.381707,-0.101116,3.290495,0.682465,-0.180787,0.204506
sample,24,drone,0.599415,0.493495,-1.297647,1.172886,1.920121,0.398243,-0.105496,3.085088,0.639863,-0.169502,0.204506
sample,25,drone,0.624390,0.542414,-1.287501,1.170198,1.994499,0.413669,-0.109582,2.863011,0.593803,-0.157301,0.204506
sample,26,drone,0.649366,0.593122,-1.276983,1.167412,2.063132,0.427904,-0.113353,2.625755,0.544595,-0.144265,0.204506
sample,27,drone,0.674341,0.645470,-1.266126,1.164536,2.125658,0.440872,-0.116789,2.374813,0.492548,-0.130478,0.204506
sample,28,drone,0.699317,0.699302,-1.254961,1.161579,2.181756,0.452507,-0.119871,2.111675,0.437972,-0.116020,0.204506
sample,29,drone,0.724293,0.754452,-1.243523,1.158549,2.231139,0.462749,-0.122584,1.837835,0.381176,-0.100975,0.204506
sample,30,drone,0.749268,0.810750,-1.231846,1.155456,2.273558,0.471547,-0.124915,1.554783,0.322470,-0.085423,0.204506
sample,31,drone,0.774244,0.868019,-1.219969,1.152309,2.308802,0.478857,-0.126851,1.264011,0.262162,-0.069448,0.204506
sample,32,drone,0.799219,0.926077,-1.207927,1.149119,2.336697,0.484643,-0.128384,0.967012,0.200563,-0.053130,0.204506
sample,33,drone,0.824195,0.984740,-1.195760,1.145896,2.357106,0.488876,-0.129505,0.665277,0.137982,-0.036552,0.204506
sample,34,drone,0.849171,1.043817,-1.183507,1.142650,2.369929,0.491535,-0.130209,0.360298,0.074728,-0.019796,0.204506
sample,35,drone,0.874146,1.103120,-1.171207,1.139392,2.375103,0.492608,-0.130494,0.053567,0.011110,-0.002943,0.204506
sample,36,drone,0.899122,1.162457,-1.158901,1.136132,2.372604,0.492090,-0.130356,-0.253424,-0.052561,0.013924,0.204506
sample,37,drone,0.924097,1.221635,-1.146627,1.132881,2.362444,0.489983,-0.129798,-0.559183,-0.115977,0.030723,0.204506
sample,38,drone,0.949073,1.280464,-1.134425,1.129648,2.344673,0.486297,-0.128822,-0.862219,-0.178828,0.047372,0.204506
sample,39,drone,0.974049,1.338754,-1.122336,1.126446,2.319376,0.481050,-0.127432,-1.161039,-0.240805,0.063790,0.204506
sample,40,drone,0.999024,1.396319,-1.110396,1.123283,2.286677,0.474268,-0.125635,-1.454153,-0.301599,0.079895,0.204506
sample,41,drone,1.024000,1.452976,-1.098645,1.120170,2.246739,0.465985,-0.123441,-1.740067,-0.360899,0.095603,0.204506
sample,42,drone,1.048975,1.508547,-1.087120,1.117117,2.199759,0.456241,-0.120860,-2.017290,-0.418396,0.110835,0.204506
sample,43,drone,1.073951,1.562857,-1.075856,1.114133,2.145973,0.445085,-0.117905,-2.284331,-0.473782,0.125507,0.204506
sample,44,drone,1.098927,1.615741,-1.064887,1.111227,2.085654,0.432575,-0.114591,-2.539697,-0.526746,0.139537,0.204506
sample,45,drone,1.123902,1.667038,-1.054248,1.108409,2.019112,0.418774,-0.110935,-2.781896,-0.576979,0.152844,0.204506
sample,46,drone,1.148878,1.716598,-1.043969,1.105686,1.946695,0.403754,-0.106956,-3.009438,-0.624172,0.165346,0.204506
sample,47,drone,1.173853,1.764278,-1.034080,1.103066,1.868787,0.387596,-0.102676,-3.220829,-0.668016,0.176960,0.204506
sample,48,drone,1.198829,1.809946,-1.024608,1.100557,1.785810,0.370386,-0.098117,-3.414578,-0.708201,0.187605,0.204506
sample,49,drone,1.223805,1.853481,-1.015579,1.098165,1.698224,0.352220,-0.093304,-3.589193,-0.744417,0.197199,0.204506
sample,50,drone,1.248780,1.894774,-1.007014,1.095897,1.606526,0.333201,-0.088266,-3.743183,-0.776355,0.205659,0.204506
sample,51,drone,1.273756,1.933729,-0.998935,1.093756,1.511248,0.313440,-0.083032,-3.875054,-0.803706,0.212905,0.204506
sample,52,drone,1.298731,1.970263,-0.991358,1.091749,1.412962,0.293055,-0.077631,-3.983317,-0.826160,0.218853,0.204506
sample,53,drone,1.323707,2.004308,-0.984296,1.089879,1.312276,0.272173,-0.072100,-4.066478,-0.843408,0.223422,0.204506
sample,54,drone,1.348683,2.035813,-0.977762,1.088148,1.209837,0.250926,-0.066471,-4.123046,-0.855140,0.226530,0.204506
sample,55,drone,1.373658,2.064741,-0.971762,1.086558,1.106325,0.229457,-0.060784,-4.151530,-0.861048,0.228095,0.204506
sample,56,drone,1.398634,2.091075,-0.966301,1.085111,1.002463,0.207916,-0.055078,-4.150436,-0.860821,0.228035,0.204506
sample,57,drone,1.423610,2.114815,-0.961377,1.083807,0.899006,0.186458,-0.049394,-4.118274,-0.854151,0.226268,0.204506
sample,58,drone,1.448585,2.135981,-0.956987,1.082644,0.796750,0.165250,-0.043775,-4.053551,-0.840727,0.222712,0.204506
sample,59,drone,1.473561,2.154614,-0.953122,1.081620,0.696526,0.144463,-0.038269,-3.954775,-0.820240,0.217285,0.204506
sample,60,drone,1.498536,2.170774,-0.949771,1.080733,0.599204,0.124278,-0.032922,-3.820456,-0.792382,0.209905,0.204506
sample,61,drone,1.523512,2.184545,-0.946914,1.079976,0.505690,0.104883,-0.027784,-3.649100,-0.756842,0.200490,0.204506
sample,62,drone,1.548488,2.196033,-0.944532,1.079345,0.416927,0.086473,-0.022907,-3.439217,-0.713311,0.188959,0.204506
sample,63,drone,1.573463,2.205371,-0.942595,1.078832,0.333897,0.069252,-0.018345,-3.189314,-0.661480,0.175228,0.204506
sample,64,drone,1.598439,2.212712,-0.941072,1.078428,0.257617,0.053431,-0.014154,-2.897899,-0.601039,0.159217,0.204506
sample,65,drone,1.623414,2.218239,-0.939926,1.078125,0.189143,0.039229,-0.010392,-2.563481,-0.531679,0.140844,0.204506
sample,66,drone,1.648390,2.222160,-0.939113,1.077909,0.129568,0.026873,-0.007119,-2.184567,-0.453090,0.120025,0.204506
sample,67,drone,1.673366,2.224711,-0.938584,1.077769,0.080021,0.016597,-0.004397,-1.759666,-0.364964,0.096680,0.204506
sample,68,drone,1.698341,2.226157,-0.938284,1.077690,0.041671,0.008643,-0.002289,-1.287286,-0.266990,0.070727,0.204506
sample,69,drone,1.723317,2.226793,-0.938152,1.077655,0.015720,0.003260,-0.000864,-0.772262,-0.158679,0.042805,0.204506
sample,70,drone,1.748292,2.226942,-0.938121,1.077647,0.003095,0.000717,-0.000151,-0.299919,-0.038133,0.022523,0.227484
sample,71,drone,1.773268,2.226947,-0.938116,1.077647,0.000739,0.001356,0.000261,-0.006686,0.094192,0.024369,1.071873
sample,72,drone,1.798244,2.226979,-0.938053,1.077660,0.002761,0.005422,0.001066,0.116522,0.230680,0.045458,1.099729
sample,73,drone,1.823219,2.227085,-0.937845,1.077700,0.006559,0.012878,0.002532,0.185103,0.363439,0.071456,1.099729
sample,74,drone,1.848195,2.227307,-0.937410,1.077786,0.012007,0.023576,0.004635,0.249657,0.490187,0.096376,1.099729
sample,75,drone,1.873170,2.227685,-0.936668,1.077932,0.019030,0.037364,0.007346,0.311177,0.610978,0.120125,1.099729
sample,76,drone,1.898146,2.228257,-0.935544,1.078153,0.027551,0.054095,0.010636,0.369709,0.725903,0.142721,1.099729
sample,77,drone,1.923122,2.229061,-0.933966,1.078463,0.037497,0.073624,0.014475,0.425299,0.835052,0.164181,1.099729
sample,78,drone,1.948097,2.230130,-0.931866,1.078876,0.048795,0.095807,0.018837,0.477994,0.938515,0.184523,1.099729
sample,79,drone,1.973073,2.231498,-0.929180,1.079404,0.061374,0.120503,0.023692,0.527839,1.036382,0.203765,1.099729
sample,80,drone,1.998048,2.233196,-0.925847,1.080060,0.075161,0.147575,0.029015,0.574879,1.128743,0.221924,1.099729
sample,81,drone,2.023024,2.235253,-0.921809,1.080854,0.090089,0.176886,0.034778,0.619162,1.215689,0.239019,1.099729
sample,82,drone,2.048000,2.237696,-0.917011,1.081797,0.106089,0.208300,0.040954,0.660732,1.297310,0.255066,1.099729
sample,83,drone,2.072975,2.240552,-0.911404,1.082899,0.123094,0.241688,0.047519,0.699636,1.373695,0.270085,1.099729
sample,84,drone,2.097951,2.243845,-0.904939,1.084170,0.141037,0.276918,0.054445,0.735919,1.444936,0.284091,1.099729
sample,85,drone,2.122926,2.247597,-0.897571,1.085619,0.159854,0.313864,0.061709,0.769628,1.511122,0.297104,1.099729
sample,86,drone,2.147902,2.251830,-0.889261,1.087253,0.179481,0.352400,0.069286,0.800808,1.572343,0.309141,1.099729
sample,87,drone,2.172878,2.256562,-0.879968,1.089080,0.199855,0.392404,0.077151,0.829506,1.628689,0.320219,1.099729
sample,88,drone,2.197853,2.261813,-0.869660,1.091107,0.220916,0.433755,0.085281,0.855767,1.680251,0.330357,1.099729
sample,89,drone,2.222829,2.267597,-0.858302,1.093340,0.242602,0.476335,0.093653,0.879638,1.727119,0.339572,1.099729
sample,90,drone,2.247804,2.273931,-0.845866,1.095785,0.264855,0.520027,0.102243,0.901163,1.769383,0.347881,1.099729
sample,91,drone,2.272780,2.280827,-0.832326,1.098447,0.287616,0.564718,0.111030,0.920389,1.807133,0.355304,1.099729
sample,92,drone,2.297756,2.288298,-0.817658,1.101331,0.310829,0.610296,0.119991,0.937363,1.840459,0.361856,1.099729
sample,93,drone,2.322731,2.296354,-0.801841,1.104441,0.334438,0.656651,0.129105,0.952129,1.869452,0.367556,1.099729
sample,94,drone,2.347707,2.305003,-0.784857,1.107780,0.358389,0.703677,0.138351,0.964734,1.894201,0.372422,1.099729
sample,95,drone,2.372683,2.314256,-0.766691,1.111351,0.382628,0.751269,0.147708,0.975224,1.914797,0.376472,1.099729
sample,96,drone,2.397658,2.324116,-0.747330,1.115158,0.407103,0.799323,0.157156,0.983644,1.931330,0.379722,1.099729
sample,97,drone,2.422634,2.334591,-0.726764,1.119202,0.431762,0.847741,0.166676,0.990041,1.943890,0.382191,1.099729
sample,98,drone,2.447609,2.345683,-0.704985,1.123484,0.456556,0.896423,0.176247,0.994460,1.952567,0.383897,1.099729
sample,99,drone,2.472585,2.357396,-0.681987,1.128005,0.481437,0.945274,0.185852,0.996948,1.957451,0.384858,1.099729
sample,100,drone,2.497561,2.369732,-0.657767,1.132767,0.506355,0.994200,0.195471,0.997550,1.958633,0.385090,1.099729
sample,101,drone,2.522536,2.382689,-0.632325,1.137769,0.531265,1.043110,0.205088,0.996312,1.956203,0.384612,1.099729
sample,102,drone,2.547512,2.396269,-0.605663,1.143012,0.556122,1.091915,0.214683,0.993280,1.950250,0.383442,1.099729
sample,103,drone,2.572487,2.410468,-0.577783,1.148493,0.580881,1.140527,0.224241,0.988500,1.940865,0.381597,1.099729
sample,104,drone,2.597463,2.425285,-0.548692,1.154213,0.605499,1.188863,0.233744,0.982019,1.928139,0.379095,1.099729
sample,105,drone,2.622439,2.440714,-0.518398,1.160169,0.629934,1.236840,0.243177,0.973881,1.912161,0.375953,1.099729
sample,106,drone,2.647414,2.456751,-0.486910,1.166360,0.654146,1.284378,0.252524,0.964133,1.893021,0.372190,1.099729
sample,107,drone,2.672390,2.473389,-0.454241,1.172783,0.678094,1.331399,0.261769,0.952821,1.870810,0.367823,1.099729
sample,108,drone,2.697365,2.490622,-0.420405,1.179435,0.701740,1.377827,0.270897,0.939990,1.845618,0.362870,1.099729
sample,109,drone,2.722341,2.508442,-0.385417,1.186314,0.725047,1.423590,0.279894,0.925687,1.817535,0.357349,1.099729
sample,110,drone,2.747317,2.526839,-0.349295,1.193416,0.747979,1.468615,0.288747,0.909957,1.786650,0.351276,1.099729
sample,111,drone,2.772292,2.545804,-0.312058,1.200738,0.770501,1.512835,0.297441,0.892847,1.753055,0.344671,1.099729
sample,112,drone,2.797268,2.565327,-0.273727,1.208274,0.792578,1.556183,0.305964,0.874402,1.716840,0.337551,1.099729
sample,113,drone,2.822243,2.585395,-0.234325,1.216021,0.814178,1.598593,0.314302,0.854669,1.678094,0.329933,1.099729
sample,114,drone,2.847219,2.605996,-0.193875,1.223974,0.835270,1.640005,0.322444,0.833692,1.636908,0.321835,1.099729
sample,115,drone,2.872195,2.627117,-0.152405,1.232127,0.855822,1.680359,0.330378,0.811518,1.593371,0.313275,1.099729
sample,116,drone,2.897170,2.648745,-0.109939,1.240476,0.875806,1.719596,0.338093,0.788194,1.547575,0.304271,1.099729
sample,117,drone,2.922146,2.670865,-0.066509,1.249015,0.895193,1.757662,0.345577,0.763764,1.499609,0.294841,1.099729
sample,118,drone,2.947121,2.693461,-0.022142,1.257738,0.913957,1.794504,0.352820,0.738276,1.449563,0.285001,1.099729
sample,119,drone,2.972097,2.716518,0.023129,1.266639,0.932071,1.830070,0.359813,0.711774,1.397528,0.274770,1.099729
sample,120,drone,2.997073,2.740019,0.069272,1.275712,0.949511,1.864312,0.366546,0.684304,1.343593,0.264166,1.099729
sample,121,drone,3.022048,2.763947,0.116254,1.284949,0.966253,1.897184,0.373009,0.655913,1.287849,0.253206,1.099729
sample,122,drone,3.047024,2.788285,0.164039,1.294344,0.982275,1.928641,0.379194,0.626647,1.230386,0.241908,1.099729
sample,123,drone,3.071999,2.813013,0.212592,1.303890,0.997555,1.958643,0.385092,0.596551,1.171294,0.230290,1.099729
sample,124,drone,3.096975,2.838114,0.261875,1.313580,1.012073,1.987149,0.390697,0.565671,1.110664,0.218370,1.099729
sample,125,drone,3.121951,2.863567,0.311852,1.323406,1.025811,2.014122,0.396000,0.534054,1.048585,0.206164,1.099729
sample,126,drone,3.146926,2.889354,0.362483,1.333360,1.038750,2.039527,0.400995,0.501745,0.985148,0.193692,1.099729
sample,127,drone,3.171902,2.915454,0.413729,1.343436,1.050873,2.063331,0.405675,0.468790,0.920442,0.180970,1.099729
sample,128,drone,3.196877,2.941847,0.465549,1.353624,1.062166,2.085504,0.410035,0.435234,0.854559,0.168016,1.099729
sample,129,drone,3.221853,2.968511,0.517902,1.363918,1.072614,2.106018,0.414068,0.401125,0.787587,0.154849,1.099729
sample,130,drone,3.246829,2.995425,0.570747,1.374307,1.082203,2.124845,0.417769,0.366508,0.719618,0.141485,1.099729
sample,131,drone,3.271804,3.022568,0.624041,1.384786,1.090921,2.141963,0.421135,0.331428,0.650741,0.127943,1.099729
sample,132,drone,3.296780,3.049918,0.677741,1.395344,1.098758,2.157350,0.424160,0.295932,0.581046,0.114241,1.099729
sample,133,drone,3.321756,3.077452,0.731803,1.405973,1.105704,2.170987,0.426842,0.260066,0.510625,0.100395,1.099729
sample,134,drone,3.346731,3.105149,0.786184,1.416665,1.111749,2.182857,0.429175,0.223875,0.439566,0.086424,1.099729
sample,135,drone,3.371707,3.132986,0.840840,1.427411,1.116886,2.192944,0.431159,0.187405,0.367960,0.072345,1.099729
sample,136,drone,3.396682,3.160939,0.895724,1.438202,1.121110,2.201237,0.432789,0.150703,0.295897,0.058177,1.099729
sample,137,drone,3.421658,3.188986,0.950794,1.449029,1.124414,2.207725,0.434065,0.113814,0.223468,0.043936,1.099729
sample,138,drone,3.446634,3.217105,1.006003,1.459884,1.126795,2.212399,0.434984,0.076785,0.150762,0.029642,1.099729
sample,139,drone,3.471609,3.245271,1.061306,1.470757,1.128250,2.215255,0.435545,0.039660,0.077870,0.015310,1.099729
sample,140,drone,3.496585,3.273462,1.116658,1.481640,1.128776,2.216289,0.435748,0.002487,0.004882,0.000960,1.099729
sample,141,drone,3.521560,3.301655,1.172012,1.492523,1.128374,2.215499,0.435593,-0.034690,-0.068112,-0.013392,1.099729
sample,142,drone,3.546536,3.329826,1.227325,1.503398,1.127043,2.212887,0.435079,-0.071824,-0.141022,-0.027727,1.099729
sample,143,drone,3.571512,3.357952,1.282549,1.514256,1.124786,2.208455,0.434208,-0.108869,-0.213758,-0.042027,1.099729
sample,144,drone,3.596487,3.386010,1.337640,1.525087,1.121605,2.202209,0.432980,-0.145779,-0.286230,-0.056276,1.099729
sample,145,drone,3.621463,3.413978,1.392552,1.535884,1.117504,2.194157,0.431397,-0.182509,-0.358347,-0.070455,1.099729
sample,146,drone,3.646438,3.441831,1.447240,1.546636,1.112489,2.184309,0.429461,-0.219012,-0.430019,-0.084547,1.099729
sample,147,drone,3.671414,3.469548,1.501661,1.557336,1.106564,2.172678,0.427174,-0.255243,-0.501156,-0.098533,1.099729
sample,148,drone,3.696390,3.497105,1.555768,1.567974,1.099739,2.159276,0.424539,-0.291156,-0.571668,-0.112397,1.099729
sample,149,drone,3.721365,3.524481,1.609519,1.578542,1.092021,2.144122,0.421560,-0.326704,-0.641465,-0.126120,1.099729
sample,150,drone,3.746341,3.551653,1.662870,1.589032,1.083420,2.127234,0.418239,-0.361842,-0.710456,-0.139684,1.099729
sample,151,drone,3.771316,3.578599,1.715777,1.599434,1.073946,2.108634,0.414582,-0.396524,-0.778552,-0.153072,1.099729
sample,152,drone,3.796292,3.605298,1.768199,1.609740,1.063613,2.088345,0.410593,-0.430704,-0.845663,-0.166267,1.099729
sample,153,drone,3.821268,3.631728,1.820092,1.619943,1.052432,2.066392,0.406277,-0.464336,-0.911697,-0.179250,1.099729
sample,154,drone,3.846243,3.657868,1.871417,1.630034,1.040419,2.042804,0.401639,-0.497374,-0.976565,-0.192004,1.099729
sample,155,drone,3.871219,3.683698,1.922133,1.640006,1.027588,2.017611,0.396686,-0.529772,-1.040177,-0.204511,1.099729
sample,156,drone,3.896194,3.709198,1.972199,1.649849,1.013956,1.990846,0.391424,-0.561484,-1.102443,-0.216753,1.099729
sample,157,drone,3.921170,3.734347,2.021578,1.659558,0.999541,1.962543,0.385859,-0.592465,-1.163273,-0.228713,1.099729
sample,158,drone,3.946146,3.759126,2.070231,1.669124,0.984362,1.932739,0.379999,-0.622669,-1.222575,-0.240373,1.099729
sample,159,drone,3.971121,3.783517,2.118121,1.678539,0.968438,1.901474,0.373852,-0.652049,-1.280261,-0.251714,1.099729
sample,160,drone,3.996097,3.807500,2.165212,1.687798,0.951791,1.868789,0.367426,-0.680559,-1.336240,-0.262720,1.099729
sample,161,drone,4.021072,3.831060,2.211469,1.696893,0.934443,1.834727,0.360729,-0.708155,-1.390422,-0.273373,1.099729
sample,162,drone,4.046048,3.854177,2.256859,1.705817,0.916418,1.799335,0.353770,-0.734789,-1.442717,-0.283655,1.099729
sample,163,drone,4.071024,3.876836,2.301348,1.714564,0.897740,1.762662,0.346560,-0.760416,-1.493034,-0.293548,1.099729
sample,164,drone,4.095999,3.899020,2.344906,1.723128,0.878434,1.724756,0.339107,-0.784990,-1.541283,-0.303034,1.099729
sample,165,drone,4.120975,3.920715,2.387502,1.731503,0.858528,1.685673,0.331423,-0.808465,-1.587375,-0.312097,1.099729
sample,166,drone,4.145950,3.941905,2.429107,1.739683,0.838050,1.645465,0.323518,-0.830795,-1.631219,-0.320717,1.099729
sample,167,drone,4.170926,3.962576,2.469695,1.747663,0.817029,1.604191,0.315403,-0.851934,-1.672725,-0.328877,1.099729
sample,168,drone,4.195902,3.982716,2.509238,1.755438,0.795495,1.561911,0.307090,-0.871837,-1.711802,-0.336560,1.099729
sample,169,drone,4.220877,4.002312,2.547714,1.763002,0.773480,1.518685,0.298591,-0.890457,-1.748362,-0.343748,1.099729
sample,170,drone,4.245853,4.021353,2.585098,1.770353,0.751016,1.474578,0.289919,-0.907748,-1.782312,-0.350423,1.099729
sample,171,drone,4.270829,4.039826,2.621371,1.777484,0.728137,1.429656,0.281087,-0.923665,-1.813564,-0.356568,1.099729
sample,172,drone,4.295804,4.057724,2.656512,1.784393,0.704878,1.383988,0.272108,-0.938161,-1.842027,-0.362164,1.099729
sample,173,drone,4.320780,4.075036,2.690503,1.791076,0.681275,1.337645,0.262997,-0.951192,-1.867612,-0.367194,1.099729
sample,174,drone,4.345755,4.091754,2.723328,1.797530,0.657365,1.290699,0.253766,-0.962710,-1.890227,-0.371641,1.099729
sample,175,drone,4.370731,4.107872,2.754975,1.803752,0.633186,1.243225,0.244433,-0.972670,-1.909782,-0.375486,1.099729
sample,176,drone,4.395707,4.123383,2.785429,1.809740,0.608779,1.195303,0.235011,-0.981025,-1.926188,-0.378711,1.099729
sample,177,drone,4.420682,4.138281,2.814682,1.815491,0.584183,1.147010,0.225516,-0.987731,-1.939355,-0.381300,1.099729
sample,178,drone,4.445658,4.152563,2.842724,1.821005,0.559440,1.098429,0.215964,-0.992741,-1.949192,-0.383234,1.099729
sample,179,drone,4.470633,4.166226,2.869549,1.826279,0.534594,1.049645,0.206373,-0.996009,-1.955608,-0.384496,1.099729
sample,180,drone,4.495609,4.179267,2.895155,1.831313,0.509688,1.000744,0.196758,-0.997490,-1.958515,-0.385067,1.099729
sample,181,drone,4.520585,4.191686,2.919538,1.836107,0.484768,0.951815,0.187138,-0.997136,-1.957822,-0.384931,1.099729
sample,182,drone,4.545560,4.203482,2.942699,1.840661,0.459880,0.902949,0.177530,-0.994904,-1.953438,-0.384069,1.099729
sample,183,drone,4.570536,4.214657,2.964641,1.844975,0.435072,0.854239,0.167953,-0.990745,-1.945273,-0.382463,1.099729
sample,184,drone,4.595511,4.225214,2.985369,1.849050,0.410391,0.805780,0.158426,-0.984616,-1.933238,-0.380097,1.099729
sample,185,drone,4.620487,4.235157,3.004891,1.852889,0.385889,0.757671,0.148967,-0.976469,-1.917241,-0.376952,1.099729
sample,186,drone,4.645463,4.244490,3.023216,1.856492,0.361615,0.710012,0.139597,-0.966258,-1.897194,-0.373011,1.099729
sample,187,drone,4.670438,4.253220,3.040357,1.859862,0.337623,0.662904,0.130335,-0.953939,-1.873006,-0.368255,1.099729
sample,188,drone,4.695414,4.261355,3.056329,1.863002,0.313965,0.616453,0.121202,-0.939464,-1.844586,-0.362667,1.099729
sample,189,drone,4.720389,4.268903,3.071149,1.865916,0.290696,0.570765,0.112219,-0.922789,-1.811844,-0.356230,1.099729
sample,190,drone,4.745365,4.275875,3.084839,1.868607,0.267871,0.525949,0.103408,-0.903867,-1.774691,-0.348925,1.099729
sample,191,drone,4.770341,4.282283,3.097421,1.871081,0.245546,0.482117,0.094790,-0.882651,-1.733036,-0.340735,1.099729
sample,192,drone,4.795316,4.288140,3.108921,1.873342,0.223781,0.439382,0.086388,-0.859097,-1.686790,-0.331643,1.099729
sample,193,drone,4.820292,4.293461,3.119369,1.875396,0.202633,0.397860,0.078224,-0.833159,-1.635860,-0.321629,1.099729
sample,194,drone,4.845267,4.298262,3.128795,1.877250,0.182164,0.357668,0.070322,-0.804789,-1.580159,-0.310678,1.099729
sample,195,drone,4.870243,4.302561,3.137235,1.878909,0.162433,0.318929,0.062705,-0.773944,-1.519595,-0.298770,1.099729
sample,196,drone,4.895219,4.306376,3.144726,1.880382,0.143504,0.281763,0.055398,-0.740576,-1.454079,-0.285889,1.099729
sample,197,drone,4.920194,4.309729,3.151309,1.881676,0.125441,0.246296,0.048425,-0.704639,-1.383520,-0.272016,1.099729
sample,198,drone,4.945170,4.312642,3.157029,1.882801,0.108307,0.212654,0.041810,-0.666088,-1.307827,-0.257134,1.099729
sample,199,drone,4.970145,4.315139,3.161932,1.883765,0.092169,0.180968,0.035580,-0.624878,-1.226912,-0.241225,1.099729
sample,200,drone,4.995121,4.317246,3.166068,1.884578,0.077093,0.151369,0.029761,-0.580961,-1.140684,-0.224272,1.099729
sample,201,drone,5.020097,4.318990,3.169493,1.885251,0.063149,0.123990,0.024378,-0.534292,-1.049052,-0.206256,1.099729
sample,202,drone,5.045072,4.320400,3.172262,1.885796,0.050405,0.098967,0.019458,-0.484825,-0.951926,-0.187160,1.099729
sample,203,drone,5.070048,4.321508,3.174436,1.886223,0.038931,0.076440,0.015029,-0.432514,-0.849217,-0.166966,1.099729
sample,204,drone,5.095023,4.322345,3.176080,1.886546,0.028800,0.056548,0.011118,-0.377313,-0.740834,-0.145657,1.099729
sample,205,drone,5.119999,4.322946,3.177261,1.886779,0.020084,0.039434,0.007753,-0.319177,-0.626686,-0.123214,1.099729
sample,206,drone,5.144975,4.323348,3.178050,1.886934,0.012857,0.025244,0.004963,-0.258059,-0.506685,-0.099620,1.099729
sample,207,drone,5.169950,4.323588,3.178522,1.887027,0.007194,0.014125,0.002777,-0.193914,-0.380739,-0.074858,1.099729
sample,208,drone,5.194926,4.323707,3.178755,1.887072,0.003171,0.006226,0.001224,-0.126712,-0.248864,-0.048925,1.099729
sample,209,drone,5.219902,4.323747,3.178833,1.887088,0.000864,0.001694,0.000333,-0.059529,-0.129679,-0.024732,1.098875
sample,210,drone,5.244877,4.323751,3.178840,1.887089,0.000197,-0.000252,-0.000011,-0.002533,-0.081675,-0.011479,-0.906632
sample,211,drone,5.269853,4.323757,3.178820,1.887087,0.000738,-0.002386,-0.000240,0.038398,-0.131900,-0.013557,-1.270895
sample,212,drone,5.294828,4.323787,3.178721,1.887077,0.002115,-0.006841,-0.000689,0.070516,-0.228040,-0.022954,-1.270895
sample,213,drone,5.319804,4.323862,3.178478,1.887053,0.004260,-0.013777,-0.001387,0.100680,-0.325584,-0.032772,-1.270895
sample,214,drone,5.344780,4.324000,3.178032,1.887008,0.007144,-0.023104,-0.002326,0.129713,-0.419473,-0.042223,-1.270895
sample,215,drone,5.369755,4.324219,3.177324,1.886937,0.010740,-0.034730,-0.003496,0.157629,-0.509752,-0.051310,-1.270895
sample,216,drone,5.394731,4.324537,3.176298,1.886833,0.015018,-0.048567,-0.004889,0.184444,-0.596465,-0.060039,-1.270895
sample,217,drone,5.419706,4.324969,3.174898,1.886692,0.019953,-0.064524,-0.006495,0.210169,-0.679657,-0.068412,-1.270895
sample,218,drone,5.444682,4.325533,3.173075,1.886509,0.025516,-0.082516,-0.008306,0.234819,-0.759373,-0.076436,-1.270895
sample,219,drone,5.469658,4.326244,3.170777,1.886277,0.031682,-0.102456,-0.010313,0.258409,-0.835657,-0.084115,-1.270895
sample,220,drone,5.494633,4.327116,3.167957,1.885994,0.038424,-0.124258,-0.012508,0.280950,-0.908555,-0.091453,-1.270895
sample,221,drone,5.519609,4.328163,3.164570,1.885653,0.045716,-0.147839,-0.014881,0.302459,-0.978110,-0.098454,-1.270895
sample,222,drone,5.544584,4.329400,3.160572,1.885250,0.053532,-0.173116,-0.017425,0.322947,-1.044367,-0.105123,-1.270895
sample,223,drone,5.569560,4.330837,3.155922,1.884782,0.061848,-0.200007,-0.020132,0.342430,-1.107372,-0.111465,-1.270895
sample,224,drone,5.594536,4.332489,3.150581,1.884245,0.070637,-0.228431,-0.022993,0.360921,-1.167168,-0.117484,-1.270895
sample,225,drone,5.619511,4.334366,3.144512,1.883634,0.079876,-0.258308,-0.026001,0.378433,-1.223800,-0.123184,-1.270895
sample,226,drone,5.644487,4.336479,3.137679,1.882946,0.089540,-0.289561,-0.029146,0.394981,-1.277314,-0.128571,-1.270895
sample,227,drone,5.669462,4.338838,3.130048,1.882178,0.099606,-0.322112,-0.032423,0.410578,-1.327754,-0.133648,-1.270895
sample,228,drone,5.694438,4.341454,3.121589,1.881326,0.110049,-0.355884,-0.035822,0.425239,-1.375164,-0.138420,-1.270895
sample,229,drone,5.719414,4.344335,3.112271,1.880388,0.120847,-0.390803,-0.039337,0.438976,-1.419589,-0.142892,-1.270895
sample,230,drone,5.744389,4.347491,3.102068,1.879361,0.131977,-0.426794,-0.042960,0.451805,-1.461073,-0.147068,-1.270895
sample,231,drone,5.769365,4.350928,3.090952,1.878243,0.143415,-0.463785,-0.046683,0.463737,-1.499662,-0.150952,-1.270895
sample,232,drone,5.794340,4.354654,3.078901,1.877029,0.155141,-0.501704,-0.050500,0.474789,-1.535401,-0.154549,-1.270895
sample,233,drone,5.819316,4.358677,3.065892,1.875720,0.167132,-0.540480,-0.054403,0.484972,-1.568332,-0.157864,-1.270895
sample,234,drone,5.844292,4.363003,3.051903,1.874312,0.179366,-0.580044,-0.058386,0.494302,-1.598503,-0.160901,-1.270895
sample,235,drone,5.869267,4.367637,3.036918,1.872804,0.191823,-0.620327,-0.062440,0.502791,-1.625956,-0.163664,-1.270895
sample,236,drone,5.894243,4.372585,3.020917,1.871193,0.204481,-0.661263,-0.066561,0.510454,-1.650738,-0.166159,-1.270895
sample,237,drone,5.919218,4.377851,3.003887,1.869479,0.217320,-0.702784,-0.070740,0.517305,-1.672891,-0.168389,-1.270895
sample,238,drone,5.944194,4.383440,2.985812,1.867659,0.230321,-0.744826,-0.074972,0.523356,-1.692462,-0.170359,-1.270895
sample,239,drone,5.969170,4.389356,2.966682,1.865734,0.243463,-0.787324,-0.079250,0.528623,-1.709494,-0.172073,-1.270895
sample,240,drone,5.994145,4.395601,2.946485,1.863701,0.256726,-0.830217,-0.083567,0.533119,-1.724033,-0.173537,-1.270895
sample,241,drone,6.019121,4.402180,2.925212,1.861560,0.270093,-0.873442,-0.087918,0.536858,-1.736123,-0.174753,-1.270895
sample,242,drone,6.044097,4.409093,2.902855,1.859309,0.283543,-0.916938,-0.092297,0.539853,-1.745809,-0.175728,-1.270895
sample,243,drone,6.069072,4.416343,2.879409,1.856949,0.297059,-0.960647,-0.096696,0.542118,-1.753135,-0.176466,-1.270895
sample,244,drone,6.094048,4.423931,2.854870,1.854479,0.310622,-1.004510,-0.101111,0.543668,-1.758146,-0.176970,-1.270895
sample,245,drone,6.119023,4.431859,2.829233,1.851899,0.324216,-1.048469,-0.105536,0.544516,-1.760887,-0.177246,-1.270895
sample,246,drone,6.143999,4.440126,2.802497,1.849207,0.337822,-1.092468,-0.109965,0.544675,-1.761403,-0.177298,-1.270895
sample,247,drone,6.168975,4.448733,2.774663,1.846406,0.351423,-1.136453,-0.114392,0.544160,-1.759738,-0.177130,-1.270895
sample,248,drone,6.193950,4.457680,2.745730,1.843493,0.365003,-1.180369,-0.118813,0.542984,-1.755936,-0.176748,-1.270895
sample,249,drone,6.218926,4.466966,2.715702,1.840471,0.378546,-1.224164,-0.123221,0.541162,-1.750043,-0.176155,-1.270895
sample,250,drone,6.243901,4.476589,2.684582,1.837338,0.392035,-1.267786,-0.127612,0.538707,-1.742103,-0.175355,-1.270895
sample,251,drone,6.268877,4.486548,2.652375,1.834096,0.405455,-1.311184,-0.131980,0.535632,-1.732160,-0.174355,-1.270895
sample,252,drone,6.293853,4.496842,2.619087,1.830746,0.418790,-1.354309,-0.136321,0.531952,-1.720260,-0.173157,-1.270895
sample,253,drone,6.318828,4.507467,2.584725,1.827287,0.432026,-1.397113,-0.140630,0.527681,-1.706448,-0.171766,-1.270895
sample,254,drone,6.343804,4.518422,2.549299,1.823721,0.445149,-1.439548,-0.144901,0.522832,-1.690767,-0.170188,-1.270895
sample,255,drone,6.368779,4.529703,2.512818,1.820049,0.458142,-1.481569,-0.149131,0.517419,-1.673262,-0.168426,-1.270895
sample,256,drone,6.393755,4.541307,2.475293,1.816272,0.470994,-1.523130,-0.153314,0.511456,-1.653979,-0.166485,-1.270895
sample,257,drone,6.418731,4.553230,2.436736,1.812391,0.483690,-1.564187,-0.157447,0.504957,-1.632961,-0.164369,-1.270895
sample,258,drone,6.443706,4.565468,2.397160,1.808407,0.496217,-1.604698,-0.161525,0.497935,-1.610254,-0.162084,-1.270895
sample,259,drone,6.468682,4.578017,2.356579,1.804323,0.508563,-1.644621,-0.165543,0.490405,-1.585902,-0.159633,-1.270895
sample,260,drone,6.493657,4.590871,2.315009,1.800138,0.520714,-1.683916,-0.169498,0.482380,-1.559949,-0.157020,-1.270895
sample,261,drone,6.518633,4.604027,2.272466,1.795856,0.532658,-1.722543,-0.173386,0.473874,-1.532441,-0.154251,-1.270895
sample,262,drone,6.543609,4.617478,2.228966,1.791477,0.544384,-1.760463,-0.177203,0.464900,-1.503423,-0.151330,-1.270895
sample,263,drone,6.568584,4.631219,2.184528,1.787004,0.555881,-1.797640,-0.180946,0.455473,-1.472938,-0.148262,-1.270895
sample,264,drone,6.593560,4.645245,2.139172,1.782439,0.567136,-1.834038,-0.184609,0.445607,-1.441031,-0.145050,-1.270895
sample,265,drone,6.618535,4.659549,2.092916,1.777783,0.578139,-1.869622,-0.188191,0.435315,-1.407748,-0.141700,-1.270895
sample,266,drone,6.643511,4.674124,2.045782,1.773039,0.588880,-1.904357,-0.191687,0.424611,-1.373132,-0.138216,-1.270895
sample,267,drone,6.668487,4.688964,1.997791,1.768208,0.599349,-1.938211,-0.195095,0.413509,-1.337229,-0.134602,-1.270895
sample,268,drone,6.693462,4.704062,1.948966,1.763293,0.609536,-1.971153,-0.198411,0.402022,-1.300083,-0.130863,-1.270895
sample,269,drone,6.718438,4.719411,1.899329,1.758297,0.619430,-2.003152,-0.201632,0.390165,-1.261739,-0.127003,-1.270895
sample,270,drone,6.743413,4.735003,1.848906,1.753222,0.629025,-2.034179,-0.204755,0.377951,-1.222242,-0.123028,-1.270895
sample,271,drone,6.768389,4.750831,1.797720,1.748069,0.638310,-2.064205,-0.207777,0.365395,-1.181635,-0.118940,-1.270895
sample,272,drone,6.793365,4.766888,1.745796,1.742843,0.647277,-2.093203,-0.210696,0.352509,-1.139964,-0.114746,-1.270895
sample,273,drone,6.818340,4.783164,1.693162,1.737545,0.655918,-2.121147,-0.213509,0.339308,-1.097274,-0.110449,-1.270895
sample,274,drone,6.843316,4.799652,1.639842,1.732178,0.664225,-2.148013,-0.216213,0.325805,-1.053609,-0.106053,-1.270895
sample,275,drone,6.868291,4.816343,1.585866,1.726745,0.672192,-2.173776,-0.218806,0.312015,-1.009014,-0.101565,-1.270895
sample,276,drone,6.893267,4.833228,1.531260,1.721248,0.679811,-2.198414,-0.221286,0.297951,-0.963533,-0.096987,-1.270895
sample,277,drone,6.918243,4.850300,1.476052,1.715691,0.687075,-2.221906,-0.223651,0.283627,-0.917211,-0.092324,-1.270895
sample,278,drone,6.943218,4.867549,1.420273,1.710076,0.693979,-2.244230,-0.225898,0.269057,-0.870093,-0.087581,-1.270895
sample,279,drone,6.968194,4.884965,1.363950,1.704407,0.700515,-2.265368,-0.228026,0.254255,-0.822224,-0.082763,-1.270895
sample,280,drone,6.993170,4.902540,1.307115,1.698686,0.706679,-2.285301,-0.230032,0.239233,-0.773647,-0.077873,-1.270895
sample,281,drone,7.018145,4.920265,1.249797,1.692917,0.712465,-2.304013,-0.231916,0.224007,-0.724409,-0.072917,-1.270895
sample,282,drone,7.043121,4.938129,1.192027,1.687102,0.717868,-2.321486,-0.233675,0.208591,-0.674553,-0.067899,-1.270895
sample,283,drone,7.068096,4.956123,1.133836,1.681244,0.722884,-2.337707,-0.235307,0.192997,-0.624124,-0.062823,-1.270895
sample,284,drone,7.093072,4.974238,1.075255,1.675348,0.727509,-2.352662,-0.236813,0.177239,-0.573167,-0.057693,-1.270895
sample,285,drone,7.118048,4.992463,1.016317,1.669415,0.731738,-2.366338,-0.238189,0.161332,-0.521727,-0.052516,-1.270895
sample,286,drone,7.143023,5.010789,0.957054,1.663450,0.735567,-2.378723,-0.239436,0.145290,-0.469847,-0.047294,-1.270895
sample,287,drone,7.167999,5.029205,0.897497,1.657455,0.738995,-2.389807,-0.240552,0.129125,-0.417574,-0.042032,-1.270895
sample,288,drone,7.192974,5.047702,0.837680,1.651434,0.742017,-2.399581,-0.241535,0.112853,-0.364951,-0.036735,-1.270895
sample,289,drone,7.217950,5.066270,0.777635,1.645390,0.744632,-2.408037,-0.242386,0.096486,-0.312023,-0.031407,-1.270895
sample,290,drone,7.242926,5.084898,0.717396,1.639327,0.746837,-2.415167,-0.243104,0.080039,-0.258835,-0.026054,-1.270895
sample,291,drone,7.267901,5.103575,0.656995,1.633247,0.748630,-2.420966,-0.243688,0.063525,-0.205431,-0.020678,-1.270895
sample,292,drone,7.292877,5.122293,0.596466,1.627154,0.750010,-2.425429,-0.244137,0.046958,-0.151857,-0.015286,-1.270895
sample,293,drone,7.317852,5.141039,0.535842,1.621052,0.750976,-2.428551,-0.244451,0.030353,-0.098157,-0.009880,-1.270895
sample,294,drone,7.342828,5.159805,0.475157,1.614944,0.751526,-2.430332,-0.244631,0.013722,-0.044375,-0.004467,-1.270895
sample,295,drone,7.367804,5.178579,0.414444,1.608832,0.751661,-2.430768,-0.244675,-0.002920,0.009444,0.000951,-1.270895
sample,296,drone,7.392779,5.197351,0.353737,1.602722,0.751380,-2.429860,-0.244583,-0.019560,0.063255,0.006367,-1.270895
sample,297,drone,7.417755,5.216111,0.293069,1.596615,0.750684,-2.427608,-0.244356,-0.036184,0.117014,0.011778,-1.270895
sample,298,drone,7.442730,5.234849,0.232475,1.590516,0.749573,-2.424015,-0.243995,-0.052778,0.170675,0.017180,-1.270895
sample,299,drone,7.467706,5.253553,0.171987,1.584427,0.748048,-2.419083,-0.243498,-0.069327,0.224195,0.022567,-1.270895
sample,300,drone,7.492682,5.272215,0.111639,1.578353,0.746110,-2.412816,-0.242868,-0.085819,0.277528,0.027935,-1.270895
sample,301,drone,7.517657,5.290823,0.051464,1.572296,0.743761,-2.405220,-0.242103,-0.102240,0.330630,0.033280,-1.270895
sample,302,drone,7.542633,5.309367,-0.008505,1.566260,0.741003,-2.396301,-0.241205,-0.118575,0.383455,0.038598,-1.270895
sample,303,drone,7.567608,5.327837,-0.068234,1.560247,0.737838,-2.386066,-0.240175,-0.134811,0.435961,0.043883,-1.270895
sample,304,drone,7.592584,5.346222,-0.127692,1.554263,0.734269,-2.374524,-0.239013,-0.150935,0.488101,0.049131,-1.270895
sample,305,drone,7.617560,5.364514,-0.186845,1.548308,0.730299,-2.361685,-0.237721,-0.166931,0.539832,0.054338,-1.270895
sample,306,drone,7.642535,5.382702,-0.245661,1.542388,0.725931,-2.347559,-0.236299,-0.182787,0.591108,0.059499,-1.270895
sample,307,drone,7.667511,5.400775,-0.304108,1.536505,0.721168,-2.332158,-0.234749,-0.198489,0.641884,0.064610,-1.270895
sample,308,drone,7.692486,5.418725,-0.362155,1.530662,0.716016,-2.315496,-0.233072,-0.214022,0.692117,0.069667,-1.270895
sample,309,drone,7.717462,5.436541,-0.419770,1.524863,0.710478,-2.297586,-0.231269,-0.229373,0.741761,0.074664,-1.270895
sample,310,drone,7.742438,5.454214,-0.476922,1.519110,0.704558,-2.278444,-0.229342,-0.244529,0.790773,0.079597,-1.270895
sample,311,drone,7.767413,5.471735,-0.533581,1.513407,0.698263,-2.258086,-0.227293,-0.259475,0.839106,0.084462,-1.270895
sample,312,drone,7.792389,5.489093,-0.589716,1.507756,0.691597,-2.236530,-0.225123,-0.274198,0.886717,0.089254,-1.270895
sample,313,drone,7.817364,5.506281,-0.645298,1.502162,0.684567,-2.213794,-0.222834,-0.288683,0.933560,0.093970,-1.270895
sample,314,drone,7.842340,5.523288,-0.700298,1.496626,0.677177,-2.189897,-0.220429,-0.302917,0.979592,0.098603,-1.270895
sample,315,drone,7.867316,5.540107,-0.754686,1.491151,0.669436,-2.164862,-0.217909,-0.316887,1.024767,0.103150,-1.270895
sample,316,drone,7.892291,5.556727,-0.808435,1.485741,0.661348,-2.138709,-0.215277,-0.330577,1.069041,0.107607,-1.270895
sample,317,drone,7.917267,5.573142,-0.861518,1.480398,0.652923,-2.111462,-0.212534,-0.343976,1.112369,0.111968,-1.270895
sample,318,drone,7.942243,5.589342,-0.913906,1.475124,0.644166,-2.083145,-0.209684,-0.357068,1.154707,0.116230,-1.270895
sample,319,drone,7.967218,5.605319,-0.965573,1.469924,0.635087,-2.053783,-0.206728,-0.369839,1.196009,0.120387,-1.270895
sample,320,drone,7.992194,5.621065,-1.016494,1.464798,0.625693,-2.023403,-0.203670,-0.382277,1.236232,0.124436,-1.270895
sample,321,drone,8.017169,5.636573,-1.066645,1.459750,0.615992,-1.992032,-0.200513,-0.394367,1.275329,0.128371,-1.270895
sample,322,drone,8.042145,5.651835,-1.115999,1.454782,0.605993,-1.959698,-0.197258,-0.406096,1.313258,0.132189,-1.270895
sample,323,drone,8.067121,5.666843,-1.164534,1.449897,0.595707,-1.926433,-0.193910,-0.417449,1.349973,0.135885,-1.270895
sample,324,drone,8.092096,5.681591,-1.212227,1.445096,0.585141,-1.892266,-0.190470,-0.428413,1.385429,0.139454,-1.270895
sample,325,drone,8.117072,5.696071,-1.259055,1.440383,0.574307,-1.857229,-0.186944,-0.438975,1.419583,0.142891,-1.270895
sample,326,drone,8.142047,5.710278,-1.304997,1.435758,0.563214,-1.821356,-0.183333,-0.449119,1.452388,0.146193,-1.270895
sample,327,drone,8.167023,5.724205,-1.350034,1.431225,0.551873,-1.784680,-0.179641,-0.458832,1.483800,0.149355,-1.270895
sample,328,drone,8.191999,5.737845,-1.394144,1.426785,0.540295,-1.747238,-0.175872,-0.468102,1.513776,0.152373,-1.270895
sample,329,drone,8.216974,5.751193,-1.437310,1.422440,0.528491,-1.709065,-0.172030,-0.476913,1.542269,0.155241,-1.270895
sample,330,drone,8.241950,5.764244,-1.479514,1.418192,0.516472,-1.670200,-0.168118,-0.485252,1.569237,0.157955,-1.270895
sample,331,drone,8.266925,5.776991,-1.520739,1.414042,0.504252,-1.630680,-0.164140,-0.493105,1.594632,0.160511,-1.270895
sample,332,drone,8.291901,5.789432,-1.560969,1.409993,0.491841,-1.590546,-0.160100,-0.500458,1.618412,0.162905,-1.270895
sample,333,drone,8.316877,5.801559,-1.600189,1.406045,0.479253,-1.549838,-0.156003,-0.507298,1.640532,0.165131,-1.270895
sample,334,drone,8.341852,5.813371,-1.638385,1.402200,0.466501,-1.508599,-0.151852,-0.513611,1.660946,0.167186,-1.270895
sample,335,drone,8.366828,5.824862,-1.675545,1.398460,0.453598,-1.466872,-0.147651,-0.519382,1.679610,0.169065,-1.270895
sample,336,drone,8.391803,5.836029,-1.711657,1.394825,0.440557,-1.424701,-0.143407,-0.524599,1.696480,0.170763,-1.270895
sample,337,drone,8.416779,5.846868,-1.746710,1.391297,0.427393,-1.382131,-0.139122,-0.529247,1.711510,0.172276,-1.270895
sample,338,drone,8.441755,5.857377,-1.780696,1.387876,0.414121,-1.339209,-0.134801,-0.533312,1.724657,0.173599,-1.270895
sample,339,drone,8.466730,5.867554,-1.813606,1.384563,0.400754,-1.295982,-0.130450,-0.536781,1.735875,0.174728,-1.270895
sample,340,drone,8.491706,5.877396,-1.845432,1.381359,0.387308,-1.252500,-0.126073,-0.539640,1.745119,0.175659,-1.270895
sample,341,drone,8.516681,5.886900,-1.876169,1.378266,0.373798,-1.208812,-0.121676,-0.541874,1.752346,0.176386,-1.270895
sample,342,drone,8.541657,5.896067,-1.905814,1.375282,0.360241,-1.164968,-0.117263,-0.543471,1.757511,0.176906,-1.270895
sample,343,drone,8.566633,5.904895,-1.934361,1.372408,0.346651,-1.121022,-0.112839,-0.544417,1.760568,0.177214,-1.270895
sample,344,drone,8.591608,5.913383,-1.961810,1.369645,0.333046,-1.077026,-0.108410,-0.544696,1.761473,0.177305,-1.270895
sample,345,drone,8.616584,5.921531,-1.988160,1.366993,0.319443,-1.033034,-0.103982,-0.544297,1.760181,0.177175,-1.270895
sample,346,drone,8.641559,5.929339,-2.013411,1.364451,0.305858,-0.989102,-0.099560,-0.543205,1.756649,0.176819,-1.270895
sample,347,drone,8.666535,5.936809,-2.037567,1.362020,0.292309,-0.945287,-0.095150,-0.541405,1.750830,0.176234,-1.270895
sample,348,drone,8.691511,5.943941,-2.060630,1.359698,0.278814,-0.901646,-0.090757,-0.538886,1.742681,0.175414,-1.270895
sample,349,drone,8.716486,5.950736,-2.082605,1.357486,0.265391,-0.858238,-0.086388,-0.535631,1.732156,0.174354,-1.270895
sample,350,drone,8.741462,5.957197,-2.103500,1.355383,0.252059,-0.815123,-0.082048,-0.531628,1.719212,0.173051,-1.270895
sample,351,drone,8.766437,5.963327,-2.123321,1.353388,0.238836,-0.772362,-0.077744,-0.526863,1.703803,0.171500,-1.270895
sample,352,drone,8.791413,5.969127,-2.142080,1.351500,0.225741,-0.730016,-0.073481,-0.521323,1.685885,0.169697,-1.270895
sample,353,drone,8.816389,5.974603,-2.159787,1.349717,0.212795,-0.688150,-0.069267,-0.514992,1.665413,0.167636,-1.270895
sample,354,drone,8.841364,5.979757,-2.176454,1.348040,0.200017,-0.646827,-0.065108,-0.507858,1.642342,0.165314,-1.270895
sample,355,drone,8.866340,5.984594,-2.192096,1.346465,0.187427,-0.606113,-0.061010,-0.499907,1.616628,0.162725,-1.270895
sample,356,drone,8.891316,5.989119,-2.206730,1.344992,0.175046,-0.566074,-0.056979,-0.491124,1.588227,0.159867,-1.270895
sample,357,drone,8.916291,5.993338,-2.220372,1.343619,0.162895,-0.526779,-0.053024,-0.481496,1.557092,0.156733,-1.270895
sample,358,drone,8.941267,5.997256,-2.233043,1.342344,0.150995,-0.488295,-0.049150,-0.471010,1.523180,0.153319,-1.270895
sample,359,drone,8.966242,6.000880,-2.244763,1.341164,0.139367,-0.450694,-0.045366,-0.459651,1.486447,0.149622,-1.270895
sample,360,drone,8.991218,6.004217,-2.255556,1.340078,0.128034,-0.414046,-0.041677,-0.447405,1.446847,0.145636,-1.270895
sample,361,drone,9.016194,6.007275,-2.265445,1.339082,0.117019,-0.378422,-0.038091,-0.434260,1.404335,0.141357,-1.270895
sample,362,drone,9.041169,6.010063,-2.274459,1.338175,0.106343,-0.343897,-0.034616,-0.420200,1.358868,0.136780,-1.270895
sample,363,drone,9.066145,6.012587,-2.282624,1.337353,0.096029,-0.310545,-0.031259,-0.405212,1.310400,0.131901,-1.270895
sample,364,drone,9.091120,6.014859,-2.289971,1.336613,0.086102,-0.278441,-0.028027,-0.389283,1.258886,0.126716,-1.270895
sample,365,drone,9.116096,6.016888,-2.296532,1.335953,0.076584,-0.247662,-0.024929,-0.372398,1.204283,0.121220,-1.270895
sample,366,drone,9.141072,6.018685,-2.302342,1.335368,0.067500,-0.218286,-0.021972,-0.354544,1.146545,0.115408,-1.270895
sample,367,drone,9.166047,6.020260,-2.307436,1.334855,0.058874,-0.190391,-0.019164,-0.335707,1.085628,0.109276,-1.270895
sample,368,drone,9.191023,6.021626,-2.311852,1.334411,0.050731,-0.164057,-0.016514,-0.315872,1.021487,0.102820,-1.270895
sample,369,drone,9.215998,6.022794,-2.315630,1.334031,0.043096,-0.139366,-0.014028,-0.295027,0.954078,0.096035,-1.270895
sample,370,drone,9.240974,6.023778,-2.318813,1.333710,0.035994,-0.116400,-0.011717,-0.273158,0.883355,0.088916,-1.270895
sample,371,drone,9.265950,6.024592,-2.321445,1.333445,0.029451,-0.095242,-0.009587,-0.250250,0.809274,0.081459,-1.270895
sample,372,drone,9.290925,6.025249,-2.323571,1.333231,0.023494,-0.075976,-0.007648,-0.226290,0.731790,0.073660,-1.270895
sample,373,drone,9.315901,6.025766,-2.325240,1.333063,0.018148,-0.058688,-0.005907,-0.201264,0.650860,0.065514,-1.270895
sample,374,drone,9.340876,6.026156,-2.326502,1.332936,0.013440,-0.043465,-0.004375,-0.175158,0.566437,0.057016,-1.270895
sample,375,drone,9.365852,6.026437,-2.327411,1.332845,0.009399,-0.030394,-0.003059,-0.147959,0.478478,0.048162,-1.270895
sample,376,drone,9.390828,6.026625,-2.328021,1.332783,0.006050,-0.019564,-0.001969,-0.119652,0.386937,0.038948,-1.270895
sample,377,drone,9.415803,6.026739,-2.328388,1.332746,0.003422,-0.011066,-0.001114,-0.090224,0.291771,0.029369,-1.270895
sample,378,drone,9.440779,6.026796,-2.328573,1.332728,0.001543,-0.004990,-0.000502,-0.059658,0.192955,0.019424,-1.270895
sample,379,drone,9.465754,6.026816,-2.328638,1.332721,0.000442,-0.001427,-0.000144,-0.026865,0.102820,0.011442,-1.270623
sample,380,drone,9.490730,6.026818,-2.328645,1.332721,0.000201,0.000146,0.000069,0.011823,0.066778,0.013920,0.628339
sample,381,drone,9.515706,6.026826,-2.328630,1.332725,0.001032,0.001908,0.000552,0.057688,0.111136,0.031592,1.074842
sample,382,drone,9.540681,6.026870,-2.328549,1.332748,0.003083,0.005697,0.001647,0.106115,0.196124,0.056707,1.074842
sample,383,drone,9.565657,6.026980,-2.328346,1.332807,0.006333,0.011705,0.003384,0.153280,0.283295,0.081912,1.074843
sample,384,drone,9.590632,6.027186,-2.327965,1.332917,0.010739,0.019848,0.005739,0.198686,0.367217,0.106177,1.074843
sample,385,drone,9.615608,6.027517,-2.327354,1.333094,0.016258,0.030048,0.008688,0.242357,0.447929,0.129514,1.074843
sample,386,drone,9.640584,6.027998,-2.326464,1.333351,0.022845,0.042223,0.012208,0.284312,0.525471,0.151935,1.074843
sample,387,drone,9.665559,6.028658,-2.325245,1.333704,0.030459,0.056296,0.016277,0.324573,0.599883,0.173450,1.074843
sample,388,drone,9.690535,6.029520,-2.323652,1.334164,0.039058,0.072188,0.020872,0.363161,0.671203,0.194072,1.074843
sample,389,drone,9.715510,6.030609,-2.321639,1.334746,0.048600,0.089823,0.025971,0.400099,0.739472,0.213812,1.074843
sample,390,drone,9.740486,6.031948,-2.319165,1.335462,0.059043,0.109125,0.031553,0.435407,0.804730,0.232680,1.074843
sample,391,drone,9.765462,6.033558,-2.316188,1.336322,0.070349,0.130020,0.037594,0.469107,0.867014,0.250689,1.074843
sample,392,drone,9.790437,6.035462,-2.312670,1.337339,0.082476,0.152434,0.044075,0.501220,0.926366,0.267850,1.074843
sample,393,drone,9.815413,6.037678,-2.308574,1.338524,0.095385,0.176293,0.050974,0.531768,0.982825,0.284175,1.074843
sample,394,drone,9.840389,6.040226,-2.303864,1.339886,0.109038,0.201527,0.058270,0.560771,1.036430,0.299674,1.074843
sample,395,drone,9.865364,6.043124,-2.298508,1.341434,0.123397,0.228064,0.065943,0.588252,1.087221,0.314360,1.074843
sample,396,drone,9.890340,6.046390,-2.292472,1.343180,0.138422,0.255835,0.073972,0.614232,1.135237,0.328243,1.074843
sample,397,drone,9.915315,6.050039,-2.285728,1.345129,0.154078,0.284771,0.082339,0.638731,1.180518,0.341336,1.074843
sample,398,drone,9.940291,6.054086,-2.278248,1.347292,0.170328,0.314803,0.091022,0.661773,1.223104,0.353649,1.074843
sample,399,drone,9.965267,6.058547,-2.270003,1.349676,0.187134,0.345866,0.100004,0.683377,1.263033,0.365194,1.074843
sample,400,drone,9.990242,6.063434,-2.260971,1.352288,0.204463,0.377893,0.109264,0.703566,1.300346,0.375983,1.074843
sample,401,drone,10.015218,6.068760,-2.251127,1.355134,0.222278,0.410820,0.118785,0.722360,1.335083,0.386027,1.074843
sample,402,drone,10.040193,6.074537,-2.240450,1.358221,0.240546,0.444582,0.128547,0.739781,1.367281,0.395337,1.074843
sample,403,drone,10.065169,6.080776,-2.228920,1.361555,0.259231,0.479118,0.138532,0.755851,1.396982,0.403924,1.074843
sample,404,drone,10.090145,6.087486,-2.216518,1.365141,0.278302,0.514363,0.148723,0.770591,1.424225,0.411801,1.074843
sample,405,drone,10.115120,6.094677,-2.203227,1.368984,0.297723,0.550259,0.159102,0.784023,1.449049,0.418979,1.074843
sample,406,drone,10.140096,6.102358,-2.189031,1.373088,0.317464,0.586745,0.169652,0.796167,1.471494,0.425469,1.074843
sample,407,drone,10.165071,6.110535,-2.173918,1.377458,0.337493,0.623762,0.180355,0.807045,1.491599,0.431282,1.074843
sample,408,drone,10.190047,6.119216,-2.157874,1.382097,0.357777,0.661252,0.191195,0.816678,1.509404,0.436430,1.074843
sample,409,drone,10.215023,6.128406,-2.140888,1.387009,0.378287,0.699159,0.202155,0.825089,1.524948,0.440925,1.074843
sample,410,drone,10.239998,6.138112,-2.122950,1.392195,0.398991,0.737425,0.213220,0.832298,1.538272,0.444777,1.074843
sample,411,drone,10.264974,6.148336,-2.104052,1.397659,0.419861,0.775997,0.224372,0.838326,1.549414,0.447998,1.074843
sample,412,drone,10.289949,6.159084,-2.084188,1.403403,0.440867,0.814820,0.235598,0.843196,1.558414,0.450601,1.074843
sample,413,drone,10.314925,6.170358,-2.063351,1.409428,0.461980,0.853842,0.246880,0.846928,1.565312,0.452595,1.074843
sample,414,drone,10.339901,6.182161,-2.041538,1.415735,0.483172,0.893010,0.258205,0.849544,1.570147,0.453993,1.074843
sample,415,drone,10.364876,6.194493,-2.018744,1.422325,0.504416,0.932273,0.269558,0.851065,1.572958,0.454806,1.074843
sample,416,drone,10.389852,6.207357,-1.994969,1.429200,0.525684,0.971581,0.280923,0.851513,1.573786,0.455046,1.074843
sample,417,drone,10.414827,6.220752,-1.970213,1.436358,0.546950,1.010885,0.292288,0.850909,1.572670,0.454723,1.074843
sample,418,drone,10.439803,6.234678,-1.944474,1.443800,0.568188,1.050138,0.303637,0.849275,1.569649,0.453849,1.074843
sample,419,drone,10.464779,6.249133,-1.917757,1.451525,0.589372,1.089291,0.314958,0.846631,1.564763,0.452437,1.074843
sample,420,drone,10.489754,6.264118,-1.890063,1.459532,0.610478,1.128299,0.326237,0.843000,1.558052,0.450496,1.074843
sample,421,drone,10.514730,6.279628,-1.861397,1.467821,0.631481,1.167118,0.337461,0.838402,1.549554,0.448039,1.074843
sample,422,drone,10.539705,6.295661,-1.831764,1.476389,0.652357,1.205702,0.348617,0.832859,1.539310,0.445077,1.074843
sample,423,drone,10.564681,6.312214,-1.801171,1.485235,0.673083,1.244008,0.359693,0.826393,1.527359,0.441622,1.074843
sample,424,drone,10.589657,6.329282,-1.769624,1.494356,0.693636,1.281995,0.370677,0.819025,1.513741,0.437684,1.074843
sample,425,drone,10.614632,6.346862,-1.737134,1.503750,0.713994,1.319621,0.381556,0.810776,1.498495,0.433276,1.074843
sample,426,drone,10.639608,6.364947,-1.703708,1.513415,0.734136,1.356847,0.392319,0.801667,1.481660,0.428408,1.074843
sample,427,drone,10.664583,6.383533,-1.669357,1.523347,0.754039,1.393632,0.402956,0.791721,1.463277,0.423093,1.074843
sample,428,drone,10.689559,6.402612,-1.634094,1.533543,0.773683,1.429939,0.413453,0.780958,1.443385,0.417341,1.074843
sample,429,drone,10.714535,6.422179,-1.597930,1.544000,0.793049,1.465731,0.423802,0.769400,1.422023,0.411165,1.074843
sample,430,drone,10.739510,6.442226,-1.560879,1.554713,0.812116,1.500971,0.433992,0.757068,1.399231,0.404575,1.074843
sample,431,drone,10.764486,6.462745,-1.522955,1.565678,0.830865,1.535624,0.444011,0.743984,1.375049,0.397582,1.074843
sample,432,drone,10.789462,6.483729,-1.484173,1.576892,0.849278,1.569656,0.453851,0.730169,1.349515,0.390200,1.074843
sample,433,drone,10.814437,6.505168,-1.444549,1.588349,0.867338,1.603034,0.463502,0.715644,1.322670,0.382438,1.074843
sample,434,drone,10.839413,6.527053,-1.404099,1.600044,0.885026,1.635725,0.472955,0.700431,1.294553,0.374308,1.074843
sample,435,drone,10.864388,6.549376,-1.362842,1.611973,0.902325,1.667699,0.482199,0.684551,1.265204,0.365822,1.074843
sample,436,drone,10.889364,6.572125,-1.320796,1.624131,0.919220,1.698924,0.491228,0.668026,1.234662,0.356991,1.074843
sample,437,drone,10.914340,6.595292,-1.277979,1.636511,0.935694,1.729371,0.500032,0.650877,1.202966,0.347826,1.074843
sample,438,drone,10.939315,6.618864,-1.234412,1.649108,0.951732,1.759013,0.508602,0.633126,1.170157,0.338340,1.074843
sample,439,drone,10.964291,6.642832,-1.190114,1.661916,0.967319,1.787822,0.516932,0.614793,1.136274,0.328543,1.074843
sample,440,drone,10.989266,6.667183,-1.145108,1.674929,0.982442,1.815772,0.525013,0.595900,1.101356,0.318447,1.074843
sample,441,drone,11.014242,6.691906,-1.099414,1.688141,0.997085,1.842836,0.532839,0.576469,1.065443,0.308063,1.074843
sample,442,drone,11.039218,6.716989,-1.053056,1.701545,1.011237,1.868992,0.540401,0.556521,1.028575,0.297403,1.074843
sample,443,drone,11.064193,6.742419,-1.006056,1.715135,1.024884,1.894215,0.547694,0.536077,0.990790,0.286478,1.074843
sample,444,drone,11.089169,6.768183,-0.958437,1.728903,1.038015,1.918483,0.554711,0.515159,0.952129,0.275299,1.074843
sample,445,drone,11.114144,6.794269,-0.910225,1.742843,1.050617,1.941775,0.561446,0.493788,0.912631,0.263879,1.074843
sample,446,drone,11.139120,6.820663,-0.861443,1.756948,1.062680,1.964070,0.567892,0.471986,0.872336,0.252228,1.074843
sample,447,drone,11.164096,6.847351,-0.812117,1.771210,1.074193,1.985349,0.574045,0.449774,0.831283,0.240358,1.074843
sample,448,drone,11.189071,6.874320,-0.762273,1.785622,1.085147,2.005594,0.579899,0.427173,0.789511,0.228280,1.074843
sample,449,drone,11.214047,6.901555,-0.711936,1.800177,1.095531,2.024786,0.585448,0.404205,0.747061,0.216006,1.074843
sample,450,drone,11.239022,6.929043,-0.661132,1.814866,1.105337,2.042910,0.590688,0.380891,0.703972,0.203547,1.074843
sample,451,drone,11.263998,6.956768,-0.609890,1.829682,1.114557,2.059950,0.595615,0.357253,0.660283,0.190915,1.074843
sample,452,drone,11.288974,6.984716,-0.558235,1.844618,1.123183,2.075892,0.600225,0.333312,0.616034,0.178120,1.074843
sample,453,drone,11.313949,7.012873,-0.506197,1.859664,1.131206,2.090722,0.604513,0.309089,0.571265,0.165176,1.074843
sample,454,drone,11.338925,7.041222,-0.453801,1.874814,1.138622,2.104427,0.608475,0.284605,0.526014,0.152092,1.074843
sample,455,drone,11.363900,7.069748,-0.401078,1.890058,1.145423,2.116997,0.612110,0.259883,0.480322,0.138881,1.074843
sample,456,drone,11.388876,7.098437,-0.348055,1.905390,1.151603,2.128420,0.615413,0.234944,0.434228,0.125553,1.074843
sample,457,drone,11.413852,7.127272,-0.294761,1.920799,1.157158,2.138687,0.618381,0.209808,0.387772,0.112121,1.074843
sample,458,drone,11.438827,7.156238,-0.241225,1.936279,1.162083,2.147790,0.621013,0.184498,0.340993,0.098595,1.074843
sample,459,drone,11.463803,7.185320,-0.187476,1.951819,1.166374,2.155720,0.623306,0.159034,0.293930,0.084987,1.074843
sample,460,drone,11.488778,7.214500,-0.133544,1.967413,1.170027,2.162472,0.625258,0.133439,0.246624,0.071309,1.074843
sample,461,drone,11.513754,7.243764,-0.079458,1.983052,1.173040,2.168039,0.626868,0.107733,0.199114,0.057572,1.074843
sample,462,drone,11.538730,7.273095,-0.025248,1.998726,1.175409,2.172418,0.628134,0.081938,0.151439,0.043787,1.074843
sample,463,drone,11.563705,7.302477,0.029057,2.014428,1.177133,2.175604,0.629055,0.056075,0.103639,0.029966,1.074843
sample,464,drone,11.588681,7.331894,0.083426,2.030148,1.178210,2.177595,0.629631,0.030166,0.055754,0.016121,1.074843
sample,465,drone,11.613656,7.361330,0.137831,2.045879,1.178639,2.178389,0.629861,0.004232,0.007822,0.002262,1.074843
sample,466,drone,11.638632,7.390769,0.192240,2.061611,1.178421,2.177986,0.629744,-0.021705,-0.040116,-0.011599,1.074843
sample,467,drone,11.663608,7.420194,0.246624,2.077335,1.177555,2.176385,0.629281,-0.047624,-0.088021,-0.025450,1.074843
sample,468,drone,11.688583,7.449589,0.300953,2.093044,1.176042,2.173589,0.628473,-0.073505,-0.135853,-0.039281,1.074843
sample,469,drone,11.713559,7.478938,0.355197,2.108728,1.173884,2.169599,0.627319,-0.099324,-0.183573,-0.053078,1.074843
sample,470,drone,11.738535,7.508226,0.409327,2.124379,1.171081,2.164419,0.625821,-0.125061,-0.231141,-0.066832,1.074843
sample,471,drone,11.763510,7.537435,0.463312,2.139989,1.167637,2.158053,0.623981,-0.150695,-0.278518,-0.080531,1.074843
sample,472,drone,11.788486,7.566551,0.517124,2.155548,1.163554,2.150507,0.621799,-0.176204,-0.325665,-0.094163,1.074843
sample,473,drone,11.813461,7.595556,0.570733,2.171048,1.158835,2.141786,0.619277,-0.201567,-0.372540,-0.107717,1.074843
sample,474,drone,11.838437,7.624436,0.624109,2.186482,1.153485,2.131898,0.616418,-0.226762,-0.419106,-0.121181,1.074843
sample,475,drone,11.863413,7.653174,0.677224,2.201839,1.147508,2.120851,0.613224,-0.251768,-0.465323,-0.134544,1.074843
sample,476,drone,11.888388,7.681755,0.730048,2.217113,1.140909,2.108655,0.609698,-0.276563,-0.511150,-0.147794,1.074843
sample,477,drone,11.913364,7.710164,0.782553,2.232294,1.133693,2.095318,0.605842,-0.301127,-0.556549,-0.160921,1.074843
sample,478,drone,11.938339,7.738385,0.834712,2.247375,1.125867,2.080854,0.601659,-0.325437,-0.601480,-0.173912,1.074843
sample,479,drone,11.963315,7.766402,0.886495,2.262348,1.117437,2.065274,0.597155,-0.349473,-0.645903,-0.186757,1.074843
sample,480,drone,11.988291,7.794202,0.937875,2.277204,1.108411,2.048591,0.592331,-0.373212,-0.689779,-0.199443,1.074843
sample,481,drone,12.013266,7.821769,0.988824,2.291936,1.098795,2.030819,0.587192,-0.396634,-0.733069,-0.211960,1.074843
sample,482,drone,12.038242,7.849088,1.039316,2.306535,1.088598,2.011973,0.581743,-0.419718,-0.775732,-0.224296,1.074843
sample,483,drone,12.063217,7.876146,1.089325,2.320994,1.077830,1.992070,0.575988,-0.442441,-0.817729,-0.236439,1.074843
sample,484,drone,12.088193,7.902927,1.138823,2.335306,1.066498,1.971126,0.569933,-0.464782,-0.859021,-0.248378,1.074843
sample,485,drone,12.113169,7.929418,1.187785,2.349463,1.054613,1.949161,0.563582,-0.486720,-0.899568,-0.260102,1.074843
sample,486,drone,12.138144,7.955606,1.236186,2.363458,1.042186,1.926192,0.556940,-0.508234,-0.939330,-0.271598,1.074843
sample,487,drone,12.163120,7.981477,1.284000,2.377283,1.029226,1.902240,0.550015,-0.529302,-0.978269,-0.282857,1.074843
sample,488,drone,12.188095,8.007017,1.331205,2.390932,1.015746,1.877326,0.542811,-0.549903,-1.016343,-0.293866,1.074843
sample,489,drone,12.213071,8.032215,1.377775,2.404397,1.001758,1.851472,0.535336,-0.570015,-1.053515,-0.304614,1.074843
sample,490,drone,12.238047,8.057056,1.423688,2.417672,0.987273,1.824702,0.527595,-0.589617,-1.089744,-0.315089,1.074843
sample,491,drone,12.263022,8.081530,1.468921,2.430751,0.972306,1.797038,0.519597,-0.608688,-1.124991,-0.325281,1.074843
sample,492,drone,12.287998,8.105624,1.513452,2.443627,0.956869,1.768507,0.511347,-0.627206,-1.159217,-0.335177,1.074843
sample,493,drone,12.312973,8.129327,1.557260,2.456294,0.940976,1.739134,0.502854,-0.645150,-1.192381,-0.344766,1.074843
sample,494,drone,12.337949,8.152627,1.600324,2.468745,0.924643,1.708946,0.494126,-0.662498,-1.224444,-0.354036,1.074843
sample,495,drone,12.362925,8.175514,1.642624,2.480976,0.907884,1.677972,0.485170,-0.679229,-1.255367,-0.362977,1.074843
sample,496,drone,12.387900,8.197977,1.684141,2.492980,0.890714,1.646239,0.475995,-0.695322,-1.285109,-0.371577,1.074843
sample,497,drone,12.412876,8.220006,1.724856,2.504752,0.873151,1.613779,0.466609,-0.710754,-1.313633,-0.379825,1.074843
sample,498,drone,12.437851,8.241592,1.764751,2.516288,0.855211,1.580622,0.457022,-0.725506,-1.340897,-0.387708,1.074843
sample,499,drone,12.462827,8.262725,1.803810,2.527581,0.836912,1.546799,0.447243,-0.739555,-1.366863,-0.395216,1.074843
sample,500,drone,12.487803,8.283397,1.842016,2.538628,0.818270,1.512345,0.437280,-0.752880,-1.391491,-0.402337,1.074843
sample,501,drone,12.512778,8.303599,1.879353,2.549424,0.799304,1.477293,0.427145,-0.765460,-1.414741,-0.409059,1.074843
sample,502,drone,12.537754,8.323323,1.915808,2.559964,0.780034,1.441677,0.416847,-0.777273,-1.436574,-0.415372,1.074843
sample,503,drone,12.562730,8.342562,1.951367,2.570246,0.760479,1.405534,0.406397,-0.788298,-1.456950,-0.421263,1.074843
sample,504,drone,12.587705,8.361310,1.986016,2.580264,0.740658,1.368901,0.395805,-0.798513,-1.475830,-0.426722,1.074843
sample,505,drone,12.612681,8.379559,2.019745,2.590017,0.720592,1.331815,0.385082,-0.807897,-1.493174,-0.431737,1.074843
sample,506,drone,12.637656,8.397304,2.052542,2.599500,0.700302,1.294315,0.374239,-0.816429,-1.508943,-0.436297,1.074843
sample,507,drone,12.662632,8.414540,2.084398,2.608710,0.679810,1.256441,0.363288,-0.824087,-1.523097,-0.440389,1.074843
sample,508,drone,12.687608,8.431261,2.115303,2.617646,0.659138,1.218234,0.352241,-0.830850,-1.535596,-0.444003,1.074843
sample,509,drone,12.712583,8.447465,2.145250,2.626305,0.638308,1.179736,0.341110,-0.836696,-1.546401,-0.447127,1.074843
sample,510,drone,12.737559,8.463146,2.174232,2.634685,0.617344,1.140990,0.329906,-0.841605,-1.555473,-0.449750,1.074843
sample,511,drone,12.762534,8.478302,2.202244,2.642784,0.596269,1.102038,0.318644,-0.845554,-1.562772,-0.451861,1.074843
sample,512,drone,12.787510,8.492930,2.229280,2.650602,0.575108,1.062927,0.307335,-0.848522,-1.568258,-0.453447,1.074843
sample,513,drone,12.812486,8.507029,2.255338,2.658136,0.553884,1.023702,0.295994,-0.850488,-1.571892,-0.454498,1.074843
sample,514,drone,12.837461,8.520597,2.280415,2.665387,0.532625,0.984409,0.284633,-0.851431,-1.573634,-0.455001,1.074843
sample,515,drone,12.862437,8.533634,2.304511,2.672354,0.511354,0.945097,0.273266,-0.851328,-1.573445,-0.454947,1.074843
sample,516,drone,12.887412,8.546140,2.327624,2.679037,0.490100,0.905814,0.261908,-0.850160,-1.571285,-0.454322,1.074843
sample,517,drone,12.912388,8.558115,2.349757,2.685437,0.468888,0.866610,0.250572,-0.847903,-1.567114,-0.453116,1.074843
sample,518,drone,12.937364,8.569562,2.370912,2.691553,0.447746,0.827535,0.239274,-0.844538,-1.560894,-0.451318,1.074843
sample,519,drone,12.962339,8.580481,2.391094,2.697389,0.426702,0.788641,0.228028,-0.840042,-1.552584,-0.448915,1.074843
sample,520,drone,12.987315,8.590876,2.410306,2.702944,0.405785,0.749981,0.216850,-0.834394,-1.542146,-0.445897,1.074843
sample,521,drone,13.012290,8.600750,2.428556,2.708221,0.385023,0.711609,0.205755,-0.827572,-1.529538,-0.442252,1.074843
sample,522,drone,13.037266,8.610108,2.445852,2.713221,0.364447,0.673579,0.194759,-0.819556,-1.514723,-0.437968,1.074843
sample,523,drone,13.062242,8.618955,2.462202,2.717949,0.344085,0.635947,0.183878,-0.810324,-1.497660,-0.433034,1.074843
sample,524,drone,13.087217,8.627296,2.477618,2.722406,0.323970,0.598769,0.173128,-0.799854,-1.478310,-0.427439,1.074843
sample,525,drone,13.112193,8.635138,2.492111,2.726597,0.304132,0.562103,0.162527,-0.788126,-1.456633,-0.421172,1.074843
sample,526,drone,13.137168,8.642487,2.505696,2.730525,0.284602,0.526008,0.152090,-0.775117,-1.432589,-0.414220,1.074843
sample,527,drone,13.162144,8.649354,2.518386,2.734194,0.265414,0.490544,0.141836,-0.760807,-1.406140,-0.406572,1.074843
sample,528,drone,13.187120,8.655745,2.530199,2.737610,0.246599,0.455770,0.131782,-0.745173,-1.377246,-0.398218,1.074843
sample,529,drone,13.212095,8.661672,2.541152,2.740777,0.228191,0.421749,0.121945,-0.728195,-1.345867,-0.389145,1.074843
sample,530,drone,13.237071,8.667144,2.551266,2.743701,0.210225,0.388542,0.112343,-0.709851,-1.311963,-0.379342,1.074843
sample,531,drone,13.262046,8.672173,2.560561,2.746388,0.192734,0.356215,0.102996,-0.690120,-1.275495,-0.368797,1.074843
sample,532,drone,13.287022,8.676771,2.569059,2.748846,0.175753,0.324830,0.093922,-0.668980,-1.236424,-0.357500,1.074843
sample,533,drone,13.311998,8.680952,2.576786,2.751080,0.159317,0.294454,0.085139,-0.646410,-1.194709,-0.345439,1.074843
sample,534,drone,13.336973,8.684729,2.583768,2.753099,0.143464,0.265153,0.076666,-0.622388,-1.150312,-0.332602,1.074843
sample,535,drone,13.361949,8.688118,2.590031,2.754910,0.128228,0.236994,0.068525,-0.596894,-1.103193,-0.318978,1.074843
sample,536,drone,13.386924,8.691134,2.595606,2.756521,0.113648,0.210047,0.060733,-0.569905,-1.053312,-0.304555,1.074843
sample,537,drone,13.411900,8.693795,2.600523,2.757943,0.099761,0.184380,0.053312,-0.541401,-1.000629,-0.289323,1.074843
sample,538,drone,13.436876,8.696117,2.604816,2.759184,0.086604,0.160064,0.046281,-0.511359,-0.945106,-0.273269,1.074843
sample,539,drone,13.461851,8.698121,2.608518,2.760255,0.074218,0.137171,0.039662,-0.479760,-0.886703,-0.256382,1.074843
sample,540,drone,13.486827,8.699825,2.611668,2.761166,0.062640,0.115772,0.033474,-0.446580,-0.825379,-0.238651,1.074843
sample,541,drone,13.511803,8.701250,2.614301,2.761927,0.051910,0.095942,0.027741,-0.411799,-0.761096,-0.220064,1.074843
sample,542,drone,13.536778,8.702418,2.616460,2.762551,0.042070,0.077755,0.022482,-0.375395,-0.693814,-0.200610,1.074843
sample,543,drone,13.561754,8.703351,2.618185,2.763050,0.033159,0.061285,0.017720,-0.337348,-0.623494,-0.180277,1.074843
sample,544,drone,13.586729,8.704074,2.619521,2.763436,0.025219,0.046610,0.013477,-0.297635,-0.550095,-0.159055,1.074843
sample,545,drone,13.611705,8.704611,2.620514,2.763723,0.018292,0.033807,0.009775,-0.256235,-0.473579,-0.136931,1.074843
sample,546,drone,13.636681,8.704988,2.621210,2.763925,0.012420,0.022955,0.006637,-0.213127,-0.393906,-0.113894,1.074843
sample,547,drone,13.661656,8.705231,2.621660,2.764055,0.007646,0.014131,0.004086,-0.168289,-0.311036,-0.089933,1.074843
sample,548,drone,13.686632,8.705370,2.621916,2.764129,0.004014,0.007418,0.002145,-0.121700,-0.224929,-0.065036,1.074843
sample,549,drone,13.711607,8.705432,2.622031,2.764162,0.001567,0.002896,0.000837,-0.070268,-0.137963,-0.041564,1.074842
sample,550,drone,13.736583,8.705448,2.622061,2.764171,0.000504,0.000527,0.000069,0.046757,-0.098525,-0.066714,0.807651
sample,551,drone,13.761559,8.705457,2.622057,2.764165,0.003902,-0.002026,-0.002495,0.328728,-0.188597,-0.219095,-0.478789
sample,552,drone,13.786534,8.705643,2.621959,2.764046,0.016924,-0.008894,-0.010875,0.749830,-0.394565,-0.482092,-0.483865
sample,553,drone,13.811510,8.706302,2.621613,2.763622,0.041357,-0.021735,-0.026576,1.186306,-0.623443,-0.762322,-0.483865
sample,554,drone,13.836485,8.707709,2.620874,2.762718,0.076181,-0.040036,-0.048954,1.580624,-0.830670,-1.015711,-0.483865
sample,555,drone,13.861461,8.710108,2.619613,2.761177,0.120311,-0.063228,-0.077312,1.932214,-1.015442,-1.241643,-0.483865
sample,556,drone,13.886437,8.713718,2.617715,2.758857,0.172698,-0.090758,-0.110976,2.242505,-1.178510,-1.441037,-0.483865
sample,557,drone,13.911412,8.718734,2.615079,2.755633,0.232327,-0.122096,-0.149294,2.512928,-1.320627,-1.614811,-0.483865
sample,558,drone,13.936388,8.725323,2.611617,2.751399,0.298222,-0.156725,-0.191638,2.744913,-1.442542,-1.763884,-0.483865
sample,559,drone,13.961363,8.733631,2.607251,2.746061,0.369439,-0.194152,-0.237402,2.939888,-1.545008,-1.889176,-0.483865
sample,560,drone,13.986339,8.743777,2.601918,2.739541,0.445073,-0.233900,-0.286004,3.099285,-1.628776,-1.991604,-0.483865
sample,561,drone,14.011315,8.755863,2.595567,2.731775,0.524252,-0.275512,-0.336885,3.224532,-1.694598,-2.072089,-0.483865
sample,562,drone,14.036290,8.769964,2.588156,2.722713,0.606142,-0.318548,-0.389508,3.317060,-1.743224,-2.131547,-0.483865
sample,563,drone,14.061266,8.786140,2.579655,2.712318,0.689943,-0.362588,-0.443358,3.378299,-1.775408,-2.170900,-0.483865
sample,564,drone,14.086241,8.804428,2.570045,2.700567,0.774892,-0.407231,-0.497947,3.409679,-1.791899,-2.191064,-0.483865
sample,565,drone,14.111217,8.824847,2.559314,2.687445,0.860261,-0.452095,-0.552805,3.412629,-1.793449,-2.192960,-0.483865
sample,566,drone,14.136193,8.847399,2.547462,2.672953,0.945357,-0.496816,-0.607488,3.388579,-1.780810,-2.177506,-0.483865
sample,567,drone,14.161168,8.872069,2.534497,2.657100,1.029524,-0.541049,-0.661574,3.338960,-1.754733,-2.145620,-0.483865
sample,568,drone,14.186144,8.898825,2.520436,2.639907,1.112142,-0.584467,-0.714664,3.265201,-1.715970,-2.098222,-0.483865
sample,569,drone,14.211119,8.927621,2.505302,2.621402,1.192625,-0.626764,-0.766382,3.168731,-1.665273,-2.036231,-0.483865
sample,570,drone,14.236095,8.958398,2.489128,2.601625,1.270424,-0.667650,-0.816376,3.050982,-1.603391,-1.960565,-0.483865
sample,571,drone,14.261071,8.991081,2.471952,2.580623,1.345025,-0.706855,-0.864315,2.913382,-1.531078,-1.872143,-0.483865
sample,572,drone,14.286046,9.025584,2.453820,2.558452,1.415951,-0.744129,-0.909892,2.757361,-1.449084,-1.771884,-0.483865
sample,573,drone,14.311022,9.061809,2.434782,2.535173,1.482759,-0.779239,-0.952823,2.584351,-1.358161,-1.660707,-0.483865
sample,574,drone,14.335997,9.099649,2.414896,2.510857,1.545042,-0.811971,-0.992846,2.395779,-1.259061,-1.539531,-0.483865
sample,575,drone,14.360973,9.138986,2.394223,2.485579,1.602431,-0.842130,-1.029724,2.193077,-1.152534,-1.409274,-0.483865
sample,576,drone,14.385949,9.179692,2.372831,2.459421,1.654589,-0.869541,-1.063241,1.977673,-1.039332,-1.270855,-0.483865
sample,577,drone,14.410924,9.221635,2.350789,2.432469,1.701218,-0.894046,-1.093205,1.750999,-0.920208,-1.125194,-0.483865
sample,578,drone,14.435900,9.264670,2.328172,2.404814,1.742054,-0.915507,-1.119446,1.514483,-0.795911,-0.973209,-0.483865
sample,579,drone,14.460876,9.308652,2.305058,2.376551,1.776868,-0.933803,-1.141818,1.269556,-0.667194,-0.815819,-0.483865
sample,580,drone,14.485851,9.353427,2.281527,2.347779,1.805470,-0.948834,-1.160197,1.017648,-0.534808,-0.653942,-0.483865
sample,581,drone,14.510827,9.398838,2.257663,2.318598,1.827701,-0.960517,-1.174483,0.760188,-0.399504,-0.488498,-0.483865
sample,582,drone,14.535802,9.444723,2.233548,2.289112,1.843442,-0.968789,-1.184598,0.498606,-0.262034,-0.320405,-0.483865
sample,583,drone,14.560778,9.490920,2.209270,2.259426,1.852607,-0.973606,-1.190488,0.234333,-0.123150,-0.150583,-0.483865
sample,584,drone,14.585754,9.537263,2.184916,2.229646,1.855147,-0.974941,-1.192120,-0.031202,0.016398,0.020051,-0.483865
sample,585,drone,14.610729,9.583587,2.160571,2.199878,1.851049,-0.972787,-1.189486,-0.296570,0.155857,0.190576,-0.483865
sample,586,drone,14.635705,9.629725,2.136324,2.170229,1.840333,-0.967156,-1.182601,-0.560340,0.294477,0.360075,-0.483865
sample,587,drone,14.660680,9.675514,2.112260,2.140806,1.823059,-0.958077,-1.171500,-0.821082,0.431505,0.527628,-0.483865
sample,588,drone,14.685656,9.720789,2.088467,2.111712,1.799319,-0.945601,-1.156245,-1.077366,0.566191,0.692317,-0.483865
sample,589,drone,14.710632,9.765392,2.065026,2.083050,1.769243,-0.929796,-1.136918,-1.327763,0.697783,0.853222,-0.483865
sample,590,drone,14.735607,9.809165,2.042022,2.054921,1.732996,-0.910746,-1.113625,-1.570843,0.825530,1.009426,-0.483865
sample,591,drone,14.760583,9.851957,2.019533,2.027423,1.690778,-0.888559,-1.086496,-1.805176,0.948679,1.160008,-0.483865
sample,592,drone,14.785558,9.893621,1.997637,2.000649,1.642825,-0.863359,-1.055682,-2.029331,1.066480,1.304051,-0.483865
sample,593,drone,14.810534,9.934018,1.976408,1.974690,1.589410,-0.835287,-1.021357,-2.241880,1.178182,1.440635,-0.483865
sample,594,drone,14.835510,9.973014,1.955914,1.949631,1.530840,-0.804507,-0.983720,-2.441392,1.283032,1.568842,-0.483865
sample,595,drone,14.860485,10.010485,1.936222,1.925552,1.467460,-0.771198,-0.942991,-2.626437,1.380279,1.687752,-0.483865
sample,596,drone,14.885461,10.046316,1.917392,1.902528,1.399647,-0.735560,-0.899415,-2.795586,1.469172,1.796447,-0.483865
sample,597,drone,14.910436,10.080399,1.899479,1.880625,1.327817,-0.697811,-0.853257,-2.947408,1.548960,1.894008,-0.483865
sample,598,drone,14.935412,10.112642,1.882535,1.859907,1.252420,-0.658188,-0.804807,-3.080474,1.618891,1.979517,-0.483865
sample,599,drone,14.960388,10.142959,1.866602,1.840424,1.173943,-0.616946,-0.754377,-3.193354,1.678213,2.052054,-0.483865
sample,600,drone,14.985363,10.171282,1.851718,1.822224,1.092908,-0.574359,-0.702304,-3.284618,1.726175,2.110700,-0.483865
sample,601,drone,15.010339,10.197551,1.837912,1.805343,1.009873,-0.530721,-0.648945,-3.352836,1.762026,2.154537,-0.483865
sample,602,drone,15.035314,10.221726,1.825208,1.789809,0.925430,-0.486344,-0.594683,-3.396578,1.785014,2.182646,-0.483865
sample,603,drone,15.060290,10.243778,1.813619,1.775638,0.840209,-0.441558,-0.539920,-3.414415,1.794388,2.194108,-0.483865
sample,604,drone,15.085266,10.263695,1.803151,1.762839,0.754876,-0.396712,-0.485084,-3.404916,1.789396,2.188004,-0.483865
sample,605,drone,15.110241,10.281485,1.793803,1.751408,0.670130,-0.352175,-0.430626,-3.366652,1.769286,2.163415,-0.483865
sample,606,drone,15.135217,10.297169,1.785560,1.741329,0.586707,-0.308334,-0.377019,-3.298192,1.733309,2.119423,-0.483865
sample,607,drone,15.160192,10.310791,1.778401,1.732575,0.505381,-0.265594,-0.324759,-3.198108,1.680711,2.055108,-0.483865
sample,608,drone,15.185168,10.322414,1.772293,1.725107,0.426958,-0.224381,-0.274364,-3.064968,1.610742,1.969552,-0.483865
sample,609,drone,15.210144,10.332119,1.767193,1.718870,0.352282,-0.185136,-0.226377,-2.897343,1.522649,1.861837,-0.483865
sample,610,drone,15.235119,10.340011,1.763045,1.713799,0.282232,-0.148322,-0.181363,-2.693804,1.415683,1.731042,-0.483865
sample,611,drone,15.260095,10.346216,1.759784,1.709811,0.217723,-0.114421,-0.139909,-2.452920,1.289090,1.576250,-0.483865
sample,612,drone,15.285070,10.350886,1.757330,1.706810,0.159706,-0.083931,-0.102627,-2.173262,1.142121,1.396541,-0.483865
sample,613,drone,15.310046,10.354194,1.755591,1.704685,0.109166,-0.057371,-0.070150,-1.853399,0.974022,1.190997,-0.483865
sample,614,drone,15.335022,10.356339,1.754464,1.703306,0.067126,-0.035277,-0.043136,-1.491902,0.784044,0.958698,-0.483865
sample,615,drone,15.359997,10.357547,1.753829,1.702530,0.034644,-0.018207,-0.022262,-1.087341,0.571433,0.698726,-0.483865
sample,616,drone,15.384973,10.358070,1.753555,1.702194,0.012812,-0.006733,-0.008233,-0.644373,0.336915,0.415757,-0.483865
sample,617,drone,15.409949,10.358187,1.753493,1.702119,0.002457,-0.001377,-0.001495,-0.233894,0.098343,0.174285,-0.510935
sample,618,drone,15.434924,10.358192,1.753486,1.702120,0.001129,-0.001821,0.000472,0.036469,-0.113153,0.068289,-1.015736
sample,619,drone,15.459900,10.358243,1.753402,1.702142,0.004279,-0.007029,0.001916,0.177214,-0.291839,0.080044,-1.024032
sample,620,drone,15.484875,10.358406,1.753135,1.702215,0.009981,-0.016399,0.004471,0.276368,-0.454059,0.123788,-1.024032
sample,621,drone,15.509851,10.358742,1.752583,1.702366,0.018083,-0.029710,0.008100,0.369880,-0.607694,0.165672,-1.024032
sample,622,drone,15.534827,10.359309,1.751651,1.702620,0.028457,-0.046754,0.012746,0.458322,-0.753000,0.205286,-1.024033
sample,623,drone,15.559802,10.360163,1.750247,1.703002,0.040977,-0.067323,0.018354,0.541782,-0.890121,0.242669,-1.024033
sample,624,drone,15.584778,10.361356,1.748288,1.703537,0.055520,-0.091216,0.024868,0.620350,-1.019203,0.277860,-1.024033
sample,625,drone,15.609753,10.362937,1.745691,1.704245,0.071964,-0.118234,0.032233,0.694111,-1.140390,0.310898,-1.024033
sample,626,drone,15.634729,10.364951,1.742382,1.705147,0.090192,-0.148180,0.040398,0.763155,-1.253826,0.341824,-1.024033
sample,627,drone,15.659705,10.367442,1.738289,1.706263,0.110085,-0.180864,0.049308,0.827570,-1.359656,0.370676,-1.024033
sample,628,drone,15.684680,10.370450,1.733347,1.707610,0.131530,-0.216097,0.058913,0.887443,-1.458024,0.397493,-1.024033
sample,629,drone,15.709656,10.374012,1.727495,1.709205,0.154414,-0.253694,0.069163,0.942862,-1.549075,0.422316,-1.024033
sample,630,drone,15.734631,10.378163,1.720675,1.711065,0.178627,-0.293475,0.080009,0.993915,-1.632953,0.445183,-1.024033
sample,631,drone,15.759607,10.382935,1.712836,1.713202,0.204061,-0.335262,0.091401,1.040691,-1.709803,0.466135,-1.024033
sample,632,drone,15.784583,10.388356,1.703928,1.715630,0.230611,-0.378882,0.103292,1.083277,-1.779770,0.485209,-1.024033
sample,633,drone,15.809558,10.394454,1.693910,1.718361,0.258172,-0.424164,0.115637,1.121761,-1.842997,0.502447,-1.024033
sample,634,drone,15.834534,10.401252,1.682741,1.721406,0.286644,-0.470942,0.128390,1.156231,-1.899630,0.517886,-1.024033
sample,635,drone,15.859509,10.408772,1.670386,1.724775,0.315927,-0.519052,0.141507,1.186776,-1.949813,0.531567,-1.024033
sample,636,drone,15.884485,10.417033,1.656814,1.728475,0.345925,-0.568337,0.154943,1.213482,-1.993691,0.543529,-1.024033
sample,637,drone,15.909461,10.426051,1.641997,1.732514,0.376542,-0.618640,0.168656,1.236439,-2.031407,0.553812,-1.024033
sample,638,drone,15.934436,10.435842,1.625912,1.736899,0.407686,-0.669808,0.182606,1.255734,-2.063108,0.562454,-1.024033
sample,639,drone,15.959412,10.446416,1.608539,1.741636,0.439268,-0.721694,0.196752,1.271455,-2.088936,0.569496,-1.024033
sample,640,drone,15.984387,10.457784,1.589862,1.746727,0.471197,-0.774153,0.211053,1.283689,-2.109037,0.574976,-1.024033
sample,641,drone,16.009363,10.469953,1.569869,1.752178,0.503389,-0.827043,0.225472,1.292526,-2.123555,0.578934,-1.024033
sample,642,drone,16.034339,10.482929,1.548550,1.757990,0.535760,-0.880227,0.239972,1.298052,-2.132635,0.581409,-1.024033
sample,643,drone,16.059314,10.496715,1.525901,1.764165,0.568229,-0.933571,0.254515,1.300357,-2.136421,0.582441,-1.024033
sample,644,drone,16.084290,10.511312,1.501917,1.770703,0.600715,-0.986944,0.269065,1.299527,-2.135058,0.582070,-1.024033
sample,645,drone,16.109265,10.526721,1.476602,1.777605,0.633142,-1.040220,0.283590,1.295651,-2.128690,0.580334,-1.024033
sample,646,drone,16.134241,10.542938,1.449957,1.784869,0.665434,-1.093275,0.298054,1.288817,-2.117462,0.577272,-1.024033
sample,647,drone,16.159217,10.559960,1.421991,1.792493,0.697520,-1.145990,0.312425,1.279113,-2.101518,0.572926,-1.024033
sample,648,drone,16.184192,10.577780,1.392714,1.800475,0.729327,-1.198248,0.326672,1.266626,-2.081004,0.567333,-1.024033
sample,649,drone,16.209168,10.596391,1.362137,1.808811,0.760789,-1.249938,0.340764,1.251446,-2.056062,0.560533,-1.024033
sample,650,drone,16.234143,10.615783,1.330278,1.817497,0.791839,-1.300951,0.354671,1.233658,-2.026839,0.552566,-1.024033
sample,651,drone,16.259119,10.635944,1.297153,1.826527,0.822412,-1.351181,0.368365,1.213353,-1.993478,0.543471,-1.024033
sample,652,drone,16.284095,10.656863,1.262785,1.835897,0.852447,-1.400528,0.381818,1.190617,-1.956124,0.533288,-1.024033
sample,653,drone,16.309070,10.678525,1.227195,1.845599,0.881885,-1.448892,0.395004,1.165539,-1.914921,0.522055,-1.024033
sample,654,drone,16.334046,10.700914,1.190411,1.855628,0.910667,-1.496180,0.407896,1.138206,-1.870015,0.509812,-1.024033
sample,655,drone,16.359022,10.724014,1.152459,1.865974,0.938739,-1.542302,0.420470,1.108706,-1.821549,0.496599,-1.024033
sample,656,drone,16.383997,10.747806,1.113371,1.876631,0.966048,-1.587169,0.432701,1.077129,-1.769668,0.482455,-1.024033
sample,657,drone,16.408973,10.772269,1.073178,1.887588,0.992543,-1.630699,0.444569,1.043560,-1.714517,0.467420,-1.024033
sample,658,drone,16.433948,10.797384,1.031915,1.898838,1.018175,-1.672811,0.456050,1.008089,-1.656240,0.451532,-1.024033
sample,659,drone,16.458924,10.823128,0.989619,1.910369,1.042899,-1.713430,0.467123,0.970804,-1.594982,0.434831,-1.024033
sample,660,drone,16.483900,10.849478,0.946328,1.922171,1.066668,-1.752482,0.477770,0.931792,-1.530887,0.417358,-1.024033
sample,661,drone,16.508875,10.876410,0.902081,1.934234,1.089443,-1.789899,0.487971,0.891141,-1.464099,0.399150,-1.024033
sample,662,drone,16.533851,10.903897,0.856920,1.946546,1.111182,-1.825616,0.497708,0.848939,-1.394764,0.380247,-1.024033
sample,663,drone,16.558826,10.931915,0.810889,1.959095,1.131848,-1.859570,0.506965,0.805275,-1.323026,0.360690,-1.024033
sample,664,drone,16.583802,10.960435,0.764032,1.971869,1.151406,-1.891703,0.515725,0.760236,-1.249029,0.340516,-1.024033
sample,665,drone,16.608778,10.989429,0.716396,1.984856,1.169823,-1.921960,0.523974,0.713910,-1.172918,0.319766,-1.024033
sample,666,drone,16.633753,11.018869,0.668028,1.998042,1.187067,-1.950291,0.531698,0.666385,-1.094837,0.298480,-1.024033
sample,667,drone,16.658729,11.048724,0.618977,2.011415,1.203110,-1.976649,0.538883,0.617750,-1.014932,0.276695,-1.024033
sample,668,drone,16.683704,11.078965,0.569292,2.024960,1.217924,-2.000988,0.545519,0.568091,-0.933345,0.254453,-1.024033
sample,669,drone,16.708680,11.109561,0.519025,2.038664,1.231486,-2.023270,0.551593,0.517498,-0.850223,0.231792,-1.024033
sample,670,drone,16.733656,11.140480,0.468227,2.052513,1.243774,-2.043458,0.557097,0.466057,-0.765709,0.208751,-1.024033
sample,671,drone,16.758631,11.171689,0.416952,2.066492,1.254767,-2.061518,0.562021,0.413858,-0.679948,0.185371,-1.024033
sample,672,drone,16.783607,11.203157,0.365252,2.080586,1.264447,-2.077422,0.566357,0.360988,-0.593085,0.161690,-1.024033
sample,673,drone,16.808582,11.234850,0.313182,2.094782,1.272798,-2.091144,0.570097,0.307534,-0.505263,0.137747,-1.024033
sample,674,drone,16.833558,11.266735,0.260797,2.109064,1.279808,-2.102661,0.573237,0.253586,-0.416629,0.113583,-1.024033
sample,675,drone,16.858534,11.298778,0.208151,2.123416,1.285465,-2.111955,0.575771,0.199230,-0.327325,0.089237,-1.024033
sample,676,drone,16.883509,11.330945,0.155302,2.137824,1.289760,-2.119011,0.577695,0.144555,-0.237497,0.064748,-1.024033
sample,677,drone,16.908485,11.363203,0.102304,2.152272,1.292686,-2.123818,0.579005,0.089650,-0.147290,0.040155,-1.024033
sample,678,drone,16.933460,11.395516,0.049215,2.166746,1.294238,-2.126368,0.579701,0.034600,-0.056847,0.015498,-1.024033
sample,679,drone,16.958436,11.427851,-0.003910,2.181229,1.294414,-2.126658,0.579779,-0.020504,0.033687,-0.009184,-1.024033
sample,680,drone,16.983412,11.460174,-0.057014,2.195707,1.293214,-2.124686,0.579242,-0.075576,0.124167,-0.033851,-1.024033
sample,681,drone,17.008387,11.492449,-0.110041,2.210163,1.290639,-2.120455,0.578089,-0.130526,0.214448,-0.058464,-1.024033
sample,682,drone,17.033363,11.524643,-0.162934,2.224583,1.286694,-2.113974,0.576321,-0.185269,0.304387,-0.082983,-1.024033
sample,683,drone,17.058338,11.556721,-0.215637,2.238951,1.281385,-2.105251,0.573943,-0.239714,0.393839,-0.107370,-1.024033
sample,684,drone,17.083314,11.588650,-0.268094,2.253252,1.274720,-2.094301,0.570958,-0.293775,0.482658,-0.131585,-1.024033
sample,685,drone,17.108290,11.620395,-0.320249,2.267471,1.266710,-2.081142,0.567371,-0.347364,0.570701,-0.155587,-1.024033
sample,686,drone,17.133265,11.651923,-0.372049,2.281593,1.257369,-2.065794,0.563186,-0.400392,0.657823,-0.179339,-1.024033
sample,687,drone,17.158241,11.683202,-0.423438,2.295603,1.246710,-2.048282,0.558412,-0.452771,0.743880,-0.202800,-1.024033
sample,688,drone,17.183216,11.714198,-0.474363,2.309486,1.234752,-2.028636,0.553056,-0.504414,0.828727,-0.225931,-1.024033
sample,689,drone,17.208192,11.744879,-0.524771,2.323229,1.221514,-2.006887,0.547127,-0.555232,0.912219,-0.248693,-1.024033
sample,690,drone,17.233168,11.775214,-0.574610,2.336816,1.207018,-1.983070,0.540634,-0.605139,0.994212,-0.271047,-1.024033
sample,691,drone,17.258143,11.805171,-0.623828,2.350234,1.191287,-1.957224,0.533588,-0.654044,1.074562,-0.292952,-1.024033
sample,692,drone,17.283119,11.834720,-0.672375,2.363469,1.174348,-1.929394,0.526000,-0.701861,1.153123,-0.314370,-1.024033
sample,693,drone,17.308095,11.863831,-0.720203,2.376508,1.156228,-1.899625,0.517885,-0.748502,1.229752,-0.335261,-1.024033
sample,694,drone,17.333070,11.892475,-0.767264,2.389338,1.136959,-1.867966,0.509254,-0.793879,1.304303,-0.355585,-1.024033
sample,695,drone,17.358046,11.920624,-0.813511,2.401946,1.116573,-1.834473,0.500123,-0.837904,1.376633,-0.375304,-1.024033
sample,696,drone,17.383021,11.948249,-0.858898,2.414320,1.095105,-1.799202,0.490507,-0.880488,1.446597,-0.394378,-1.024033
sample,697,drone,17.407997,11.975326,-0.903383,2.426448,1.072591,-1.762214,0.480423,-0.921544,1.514050,-0.412767,-1.024033
sample,698,drone,17.432973,12.001827,-0.946923,2.438318,1.049072,-1.723573,0.469889,-0.960984,1.578848,-0.430433,-1.024033
sample,699,drone,17.457948,12.027728,-0.989478,2.449919,1.024589,-1.683348,0.458922,-0.998719,1.640846,-0.447335,-1.024033
sample,700,drone,17.482924,12.053006,-1.031008,2.461241,0.999185,-1.641611,0.447544,-1.034663,1.699899,-0.463434,-1.024033
sample,701,drone,17.507899,12.077639,-1.071478,2.472275,0.972906,-1.598436,0.435773,-1.068726,1.755864,-0.478692,-1.024033
sample,702,drone,17.532875,12.101604,-1.110852,2.483009,0.945801,-1.553903,0.423632,-1.100822,1.808595,-0.493068,-1.024033
sample,703,drone,17.557851,12.124882,-1.149097,2.493435,0.917919,-1.508095,0.411144,-1.130861,1.857948,-0.506523,-1.024033
sample,704,drone,17.582826,12.147455,-1.186183,2.503546,0.889313,-1.461097,0.398331,-1.158757,1.903779,-0.519017,-1.024033
sample,705,drone,17.607802,12.169305,-1.222081,2.513333,0.860038,-1.412999,0.385218,-1.184420,1.945943,-0.530512,-1.024033
sample,706,drone,17.632777,12.190415,-1.256764,2.522788,0.830150,-1.363894,0.371831,-1.207764,1.984295,-0.540968,-1.024033
sample,707,drone,17.657753,12.210772,-1.290209,2.531906,0.799708,-1.313881,0.358196,-1.228700,2.018692,-0.550345,-1.024033
sample,708,drone,17.682729,12.230362,-1.322394,2.540680,0.768775,-1.263058,0.344341,-1.247139,2.048987,-0.558605,-1.024033
sample,709,drone,17.707704,12.249173,-1.353300,2.549106,0.737412,-1.211531,0.330293,-1.262996,2.075038,-0.565707,-1.024033
sample,710,drone,17.732680,12.267196,-1.382912,2.557179,0.705687,-1.159408,0.316083,-1.276180,2.096699,-0.571612,-1.024033
sample,711,drone,17.757655,12.284423,-1.411214,2.564895,0.673666,-1.106799,0.301741,-1.286604,2.113826,-0.576281,-1.024033
sample,712,drone,17.782631,12.300847,-1.438198,2.572251,0.641419,-1.053820,0.287297,-1.294181,2.126274,-0.579675,-1.024033
sample,713,drone,17.807607,12.316463,-1.463854,2.579246,0.609020,-1.000589,0.272785,-1.298822,2.133899,-0.581754,-1.024033
sample,714,drone,17.832582,12.331268,-1.488178,2.585877,0.576541,-0.947229,0.258238,-1.300440,2.136557,-0.582478,-1.024033
sample,715,drone,17.857558,12.345261,-1.511169,2.592145,0.544061,-0.893865,0.243690,-1.298945,2.134102,-0.581809,-1.024033
sample,716,drone,17.882533,12.358444,-1.532828,2.598050,0.511658,-0.840628,0.229176,-1.294251,2.126390,-0.579706,-1.024033
sample,717,drone,17.907509,12.370819,-1.553159,2.603593,0.479412,-0.787649,0.214733,-1.286270,2.113277,-0.576132,-1.024033
sample,718,drone,17.932485,12.382392,-1.572172,2.608776,0.447407,-0.735067,0.200397,-1.274913,2.094618,-0.571045,-1.024033
sample,719,drone,17.957460,12.393168,-1.589877,2.613603,0.415728,-0.683021,0.186208,-1.260093,2.070269,-0.564406,-1.024033
sample,720,drone,17.982436,12.403158,-1.606290,2.618077,0.384464,-0.631655,0.172205,-1.241721,2.040085,-0.556177,-1.024033
sample,721,drone,18.007411,12.412372,-1.621429,2.622205,0.353703,-0.581116,0.158427,-1.219709,2.003921,-0.546318,-1.024033
sample,722,drone,18.032387,12.420826,-1.635317,2.625991,0.323538,-0.531556,0.144915,-1.193971,1.961634,-0.534790,-1.024033
sample,723,drone,18.057363,12.428533,-1.647981,2.629443,0.294063,-0.483130,0.131713,-1.164416,1.913078,-0.521552,-1.024033
sample,724,drone,18.082338,12.435514,-1.659450,2.632570,0.265374,-0.435996,0.118863,-1.130959,1.858108,-0.506566,-1.024033
sample,725,drone,18.107314,12.441789,-1.669759,2.635381,0.237570,-0.390315,0.106410,-1.093510,1.796582,-0.489793,-1.024033
sample,726,drone,18.132290,12.447381,-1.678947,2.637886,0.210752,-0.346254,0.094397,-1.051982,1.728353,-0.471192,-1.024033
sample,727,drone,18.157265,12.452316,-1.687055,2.640096,0.185022,-0.303982,0.082873,-1.006286,1.653278,-0.450724,-1.024033
sample,728,drone,18.182241,12.456623,-1.694131,2.642025,0.160486,-0.263671,0.071883,-0.956336,1.571212,-0.428351,-1.024033
sample,729,drone,18.207216,12.460333,-1.700226,2.643687,0.137252,-0.225498,0.061476,-0.902042,1.482010,-0.404032,-1.024033
sample,730,drone,18.232192,12.463479,-1.705395,2.645096,0.115428,-0.189643,0.051701,-0.843317,1.385527,-0.377729,-1.024033
sample,731,drone,18.257168,12.466099,-1.709699,2.646269,0.095127,-0.156289,0.042608,-0.780073,1.281620,-0.349401,-1.024033
sample,732,drone,18.282143,12.468231,-1.713202,2.647224,0.076463,-0.125624,0.034248,-0.712222,1.170144,-0.319010,-1.024033
sample,733,drone,18.307119,12.469918,-1.715974,2.647980,0.059551,-0.097839,0.026673,-0.639675,1.050954,-0.286516,-1.024033
sample,734,drone,18.332094,12.471206,-1.718089,2.648557,0.044510,-0.073128,0.019936,-0.562346,0.923906,-0.251880,-1.024033
sample,735,drone,18.357070,12.472142,-1.719626,2.648976,0.031461,-0.051689,0.014092,-0.480146,0.788855,-0.215061,-1.024033
sample,736,drone,18.382046,12.472777,-1.720671,2.649261,0.020526,-0.033724,0.009194,-0.392986,0.645657,-0.176022,-1.024032
sample,737,drone,18.407021,12.473167,-1.721311,2.649435,0.011831,-0.019438,0.005299,-0.300780,0.494166,-0.134722,-1.024032
sample,738,drone,18.431997,12.473368,-1.721642,2.649525,0.005502,-0.009039,0.002464,-0.203439,0.334241,-0.091122,-1.024032
sample,739,drone,18.456972,12.473442,-1.721763,2.649558,0.001669,-0.002742,0.000747,-0.100763,0.183348,-0.049698,-1.024019
sample,740,drone,18.481948,12.473451,-1.721779,2.649563,0.000469,0.000119,-0.000018,0.006820,0.120080,-0.030617,0.248609
sample,741,drone,18.506924,12.473465,-1.721757,2.649557,0.002010,0.003256,-0.000782,0.116127,0.200994,-0.048470,1.017875
sample,742,drone,18.531899,12.473552,-1.721616,2.649524,0.006269,0.010159,-0.002439,0.222395,0.360370,-0.086527,1.017875
sample,743,drone,18.556875,12.473778,-1.721249,2.649435,0.013118,0.021257,-0.005104,0.323236,0.523771,-0.125761,1.017875
sample,744,drone,18.581850,12.474207,-1.720554,2.649269,0.022415,0.036322,-0.008721,0.418460,0.678073,-0.162810,1.017875
sample,745,drone,18.606826,12.474898,-1.719435,2.649000,0.034021,0.055128,-0.013237,0.508170,0.823439,-0.197714,1.017875
sample,746,drone,18.631802,12.475907,-1.717800,2.648607,0.047799,0.077454,-0.018597,0.592468,0.960035,-0.230512,1.017875
sample,747,drone,18.656777,12.477286,-1.715566,2.648071,0.063616,0.103083,-0.024751,0.671453,1.088023,-0.261242,1.017875
sample,748,drone,18.681753,12.479084,-1.712651,2.647371,0.081339,0.131802,-0.031647,0.745228,1.207568,-0.289946,1.017875
sample,749,drone,18.706728,12.481349,-1.708982,2.646490,0.100841,0.163402,-0.039234,0.813894,1.318833,-0.316662,1.017875
sample,750,drone,18.731704,12.484121,-1.704489,2.645411,0.121994,0.197679,-0.047464,0.877551,1.421984,-0.341429,1.017875
sample,751,drone,18.756680,12.487442,-1.699108,2.644119,0.144675,0.234432,-0.056289,0.936302,1.517183,-0.364287,1.017875
sample,752,drone,18.781655,12.491348,-1.692779,2.642600,0.168763,0.273464,-0.065661,0.990247,1.604596,-0.385276,1.017875
sample,753,drone,18.806631,12.495872,-1.685448,2.640839,0.194139,0.314583,-0.075534,1.039487,1.684385,-0.404434,1.017875
sample,754,drone,18.831606,12.501046,-1.677065,2.638827,0.220687,0.357601,-0.085863,1.084125,1.756715,-0.421801,1.017875
sample,755,drone,18.856582,12.506896,-1.667585,2.636550,0.248293,0.402333,-0.096603,1.124260,1.821750,-0.437416,1.017875
sample,756,drone,18.881558,12.513448,-1.656968,2.634001,0.276845,0.448600,-0.107712,1.159994,1.879654,-0.451319,1.017875
sample,757,drone,18.906533,12.520725,-1.645177,2.631170,0.306236,0.496224,-0.119147,1.191429,1.930591,-0.463549,1.017875
sample,758,drone,18.931509,12.528745,-1.632181,2.628050,0.336359,0.545035,-0.130867,1.218665,1.974725,-0.474146,1.017875
sample,759,drone,18.956484,12.537526,-1.617952,2.624633,0.367110,0.594864,-0.142831,1.241805,2.012220,-0.483149,1.017875
sample,760,drone,18.981460,12.547082,-1.602467,2.620915,0.398388,0.645548,-0.155001,1.260948,2.043240,-0.490597,1.017875
sample,761,drone,19.006436,12.557426,-1.585706,2.616891,0.430096,0.696927,-0.167337,1.276197,2.067949,-0.496530,1.017875
sample,762,drone,19.031411,12.568566,-1.567655,2.612556,0.462136,0.748845,-0.179803,1.287652,2.086511,-0.500987,1.017875
sample,763,drone,19.056387,12.580510,-1.548301,2.607909,0.494415,0.801150,-0.192362,1.295415,2.099090,-0.504007,1.017875
sample,764,drone,19.081363,12.593263,-1.527636,2.602948,0.526843,0.853697,-0.204979,1.299587,2.105851,-0.505631,1.017875
sample,765,drone,19.106338,12.606827,-1.505657,2.597670,0.559331,0.906340,-0.217619,1.300270,2.106956,-0.505896,1.017875
sample,766,drone,19.131314,12.621202,-1.482363,2.592077,0.591793,0.958942,-0.230249,1.297563,2.102571,-0.504843,1.017875
sample,767,drone,19.156289,12.636388,-1.457757,2.586169,0.624146,1.011366,-0.242837,1.291570,2.092859,-0.502511,1.017875
sample,768,drone,19.181265,12.652379,-1.431844,2.579947,0.656309,1.063483,-0.255350,1.282390,2.077984,-0.498940,1.017875
sample,769,drone,19.206241,12.669171,-1.404635,2.573414,0.688203,1.115164,-0.267759,1.270125,2.058110,-0.494168,1.017875
sample,770,drone,19.231216,12.686756,-1.376141,2.566572,0.719753,1.166288,-0.280034,1.254877,2.033402,-0.488235,1.017875
sample,771,drone,19.256192,12.705123,-1.346377,2.559426,0.750886,1.216735,-0.292147,1.236746,2.004023,-0.481181,1.017875
sample,772,drone,19.281167,12.724263,-1.315363,2.551979,0.781530,1.266391,-0.304070,1.215834,1.970137,-0.473045,1.017875
sample,773,drone,19.306143,12.744162,-1.283120,2.544237,0.811618,1.315146,-0.315776,1.192242,1.931908,-0.463866,1.017875
sample,774,drone,19.331119,12.764805,-1.249670,2.536206,0.841084,1.362892,-0.327241,1.166071,1.889501,-0.453683,1.017875
sample,775,drone,19.356094,12.786175,-1.215041,2.527891,0.869865,1.409529,-0.338438,1.137422,1.843079,-0.442537,1.017875
sample,776,drone,19.381070,12.808255,-1.179262,2.519300,0.897900,1.454956,-0.349346,1.106398,1.792806,-0.430466,1.017875
sample,777,drone,19.406045,12.831026,-1.142365,2.510441,0.925131,1.499081,-0.359941,1.073098,1.738847,-0.417510,1.017875
sample,778,drone,19.431021,12.854467,-1.104382,2.501321,0.951502,1.541814,-0.370201,1.037624,1.681366,-0.403709,1.017875
sample,779,drone,19.455997,12.878555,-1.065349,2.491949,0.976961,1.583068,-0.380106,1.000078,1.620525,-0.389100,1.017875
sample,780,drone,19.480972,12.903267,-1.025305,2.482334,1.001457,1.622761,-0.389637,0.960560,1.556490,-0.373725,1.017875
sample,781,drone,19.505948,12.928579,-0.984290,2.472486,1.024942,1.660816,-0.398774,0.919171,1.489425,-0.357622,1.017875
sample,782,drone,19.530923,12.954464,-0.942346,2.462415,1.047371,1.697160,-0.407501,0.876014,1.419493,-0.340831,1.017875
sample,783,drone,19.555899,12.980896,-0.899515,2.452131,1.068700,1.731722,-0.415799,0.831189,1.346859,-0.323391,1.017875
sample,784,drone,19.580875,13.007847,-0.855844,2.441645,1.088890,1.764437,-0.423655,0.784798,1.271686,-0.305341,1.017875
sample,785,drone,19.605850,13.035288,-0.811379,2.430969,1.107902,1.795244,-0.431052,0.736941,1.194139,-0.286722,1.017875
sample,786,drone,19.630826,13.063188,-0.766169,2.420114,1.125701,1.824085,-0.437977,0.687720,1.114381,-0.267571,1.017875
sample,787,drone,19.655801,13.091518,-0.720264,2.409091,1.142254,1.850909,-0.444417,0.637236,1.032577,-0.247930,1.017875
sample,788,drone,19.680777,13.120245,-0.673714,2.397914,1.157532,1.875664,-0.450361,0.585591,0.948891,-0.227836,1.017875
sample,789,drone,19.705753,13.149338,-0.626572,2.386595,1.171505,1.898307,-0.455798,0.532885,0.863486,-0.207329,1.017875
sample,790,drone,19.730728,13.178763,-0.578892,2.375147,1.184150,1.918796,-0.460717,0.479219,0.776527,-0.186450,1.017875
sample,791,drone,19.755704,13.208488,-0.530726,2.363582,1.195443,1.937095,-0.465111,0.424696,0.688177,-0.165237,1.017875
sample,792,drone,19.780679,13.238477,-0.482131,2.351914,1.205364,1.953171,-0.468971,0.369416,0.598602,-0.143729,1.017875
sample,793,drone,19.805655,13.268697,-0.433163,2.340156,1.213896,1.966996,-0.472291,0.313480,0.507964,-0.121966,1.017875
sample,794,drone,19.830631,13.299113,-0.383878,2.328322,1.221023,1.978545,-0.475064,0.256990,0.416427,-0.099987,1.017875
sample,795,drone,19.855606,13.329689,-0.334332,2.316426,1.226733,1.987797,-0.477285,0.200047,0.324157,-0.077832,1.017875
sample,796,drone,19.880582,13.360389,-0.284585,2.304481,1.231015,1.994737,-0.478951,0.142752,0.231316,-0.055541,1.017875
sample,797,drone,19.905557,13.391179,-0.234693,2.292502,1.233863,1.999352,-0.480059,0.085207,0.138069,-0.033151,1.017875
sample,798,drone,19.930533,13.422022,-0.184715,2.280502,1.235272,2.001634,-0.480607,0.027512,0.044580,-0.010704,1.017875
sample,799,drone,19.955509,13.452883,-0.134709,2.268495,1.235238,2.001578,-0.480594,-0.030231,-0.048987,0.011762,1.017875
sample,800,drone,19.980484,13.483724,-0.084733,2.256496,1.233761,1.999187,-0.480020,-0.087922,-0.142468,0.034208,1.017875
sample,801,drone,20.005460,13.514511,-0.034847,2.244518,1.230846,1.994462,-0.478885,-0.145458,-0.235700,0.056593,1.017875
sample,802,drone,20.030436,13.545206,0.014892,2.232575,1.226496,1.987413,-0.477193,-0.202738,-0.328517,0.078879,1.017875
sample,803,drone,20.055411,13.575775,0.064427,2.220681,1.220719,1.978052,-0.474945,-0.259662,-0.420757,0.101027,1.017875
sample,804,drone,20.080387,13.606183,0.113699,2.208851,1.213525,1.966396,-0.472146,-0.316129,-0.512255,0.122996,1.017875
sample,805,drone,20.105362,13.636392,0.162651,2.197097,1.204928,1.952464,-0.468801,-0.372036,-0.602846,0.144748,1.017875
sample,806,drone,20.130338,13.666370,0.211227,2.185433,1.194942,1.936283,-0.464916,-0.427282,-0.692368,0.166243,1.017875
sample,807,drone,20.155314,13.696081,0.259370,2.173874,1.183584,1.917880,-0.460497,-0.481767,-0.780656,0.187441,1.017875
sample,808,drone,20.180289,13.725492,0.307027,2.162431,1.170877,1.897288,-0.455553,-0.535390,-0.867545,0.208304,1.017875
sample,809,drone,20.205265,13.754568,0.354142,2.151118,1.156841,1.874545,-0.450092,-0.588048,-0.952873,0.228792,1.017875
sample,810,drone,20.230240,13.783277,0.400663,2.139948,1.141503,1.849691,-0.444125,-0.639641,-1.036474,0.248865,1.017875
sample,811,drone,20.255216,13.811587,0.446536,2.128934,1.124890,1.822772,-0.437661,-0.690068,-1.118185,0.268485,1.017875
sample,812,drone,20.280192,13.839467,0.491712,2.118087,1.107033,1.793836,-0.430714,-0.739227,-1.197843,0.287611,1.017875
sample,813,drone,20.305167,13.866885,0.536141,2.107419,1.087965,1.762938,-0.423295,-0.787017,-1.275282,0.306205,1.017875
sample,814,drone,20.330143,13.893812,0.579773,2.096943,1.067721,1.730134,-0.415418,-0.833337,-1.350339,0.324226,1.017875
sample,815,drone,20.355118,13.920219,0.622563,2.086668,1.046339,1.695487,-0.407099,-0.878085,-1.422849,0.341637,1.017875
sample,816,drone,20.380094,13.946078,0.664465,2.076608,1.023859,1.659061,-0.398353,-0.921162,-1.492650,0.358396,1.017875
sample,817,drone,20.405070,13.971362,0.705435,2.066770,1.000326,1.620927,-0.389197,-0.962464,-1.559576,0.374466,1.017875
sample,818,drone,20.430045,13.996045,0.745432,2.057167,0.975783,1.581159,-0.379648,-1.001891,-1.623464,0.389806,1.017875
sample,819,drone,20.455021,14.020104,0.784416,2.047806,0.950280,1.539833,-0.369726,-1.039342,-1.684150,0.404377,1.017875
sample,820,drone,20.479996,14.043513,0.822349,2.038698,0.923867,1.497033,-0.359449,-1.074716,-1.741469,0.418140,1.017875
sample,821,drone,20.504972,14.066252,0.859195,2.029851,0.896597,1.452845,-0.348839,-1.107911,-1.795259,0.431055,1.017875
sample,822,drone,20.529948,14.088299,0.894920,2.021273,0.868525,1.407358,-0.337917,-1.138826,-1.845353,0.443083,1.017875
sample,823,drone,20.554923,14.109636,0.929494,2.012972,0.839711,1.360667,-0.326706,-1.167360,-1.891590,0.454185,1.017875
sample,824,drone,20.579899,14.130244,0.962887,2.004954,0.810214,1.312871,-0.315230,-1.193412,-1.933804,0.464321,1.017875
sample,825,drone,20.604874,14.150107,0.995073,1.997226,0.780099,1.264071,-0.303513,-1.216880,-1.971832,0.473452,1.017875
sample,826,drone,20.629850,14.169211,1.026029,1.989793,0.749430,1.214375,-0.291581,-1.237663,-2.005509,0.481538,1.017875
sample,827,drone,20.654826,14.187542,1.055733,1.982661,0.718276,1.163894,-0.279460,-1.255660,-2.034672,0.488540,1.017875
sample,828,drone,20.679801,14.205089,1.084167,1.975834,0.686708,1.112741,-0.267178,-1.270771,-2.059156,0.494419,1.017875
sample,829,drone,20.704777,14.221844,1.111316,1.969315,0.654799,1.061036,-0.254763,-1.282892,-2.078798,0.499135,1.017875
sample,830,drone,20.729752,14.237797,1.137167,1.963108,0.622626,1.008903,-0.242245,-1.291924,-2.093434,0.502649,1.017875
sample,831,drone,20.754728,14.252945,1.161712,1.957215,0.590266,0.956467,-0.229655,-1.297765,-2.102898,0.504922,1.017875
sample,832,drone,20.779704,14.267282,1.184944,1.951637,0.557801,0.903860,-0.217024,-1.300314,-2.107029,0.505913,1.017875
sample,833,drone,20.804679,14.280807,1.206860,1.946374,0.525314,0.851218,-0.204384,-1.299470,-2.105661,0.505585,1.017875
sample,834,drone,20.829655,14.293522,1.227463,1.941427,0.492891,0.798680,-0.191769,-1.295131,-2.098630,0.503897,1.017875
sample,835,drone,20.854630,14.305428,1.246756,1.936795,0.460620,0.746389,-0.179214,-1.287196,-2.085772,0.500810,1.017875
sample,836,drone,20.879606,14.316530,1.264746,1.932475,0.428594,0.694493,-0.166753,-1.275565,-2.066924,0.496284,1.017875
sample,837,drone,20.904582,14.326837,1.281446,1.928466,0.396904,0.643144,-0.154424,-1.260135,-2.041922,0.490281,1.017875
sample,838,drone,20.929557,14.336356,1.296872,1.924762,0.365648,0.592497,-0.142263,-1.240805,-2.010600,0.482760,1.017875
sample,839,drone,20.954533,14.345101,1.311042,1.921359,0.334925,0.542712,-0.130309,-1.217475,-1.972796,0.473683,1.017875
sample,840,drone,20.979509,14.353086,1.323981,1.918253,0.304834,0.493953,-0.118602,-1.190043,-1.928346,0.463010,1.017875
sample,841,drone,21.004484,14.360328,1.335716,1.915435,0.275481,0.446389,-0.107181,-1.158408,-1.877084,0.450702,1.017875
sample,842,drone,21.029460,14.366847,1.346279,1.912899,0.246970,0.400191,-0.096089,-1.122469,-1.818848,0.436719,1.017875
sample,843,drone,21.054435,14.372665,1.355706,1.910635,0.219412,0.355535,-0.085367,-1.082124,-1.753473,0.421022,1.017875
sample,844,drone,21.079411,14.377807,1.364038,1.908635,0.192917,0.312602,-0.075058,-1.037272,-1.680795,0.403572,1.017875
sample,845,drone,21.104387,14.382301,1.371321,1.906886,0.167599,0.271577,-0.065208,-0.987812,-1.600651,0.384328,1.017875
sample,846,drone,21.129362,14.386178,1.377604,1.905378,0.143574,0.232648,-0.055861,-0.933643,-1.512875,0.363253,1.017875
sample,847,drone,21.154338,14.389473,1.382942,1.904096,0.120962,0.196007,-0.047063,-0.874664,-1.417305,0.340306,1.017875
sample,848,drone,21.179313,14.392221,1.387394,1.903027,0.099884,0.161852,-0.038862,-0.810773,-1.313776,0.315447,1.017875
sample,849,drone,21.204289,14.394462,1.391026,1.902155,0.080463,0.130383,-0.031306,-0.741869,-1.202124,0.288639,1.017875
sample,850,drone,21.229265,14.396240,1.393907,1.901463,0.062827,0.101804,-0.024444,-0.667850,-1.082185,0.259841,1.017875
sample,851,drone,21.254240,14.397600,1.396112,1.900934,0.047103,0.076326,-0.018326,-0.588617,-0.953795,0.229013,1.017875
sample,852,drone,21.279216,14.398593,1.397720,1.900547,0.033425,0.054161,-0.013005,-0.504067,-0.816790,0.196117,1.017875
sample,853,drone,21.304191,14.399270,1.398817,1.900284,0.021925,0.035527,-0.008530,-0.414099,-0.671006,0.161114,1.017875
sample,854,drone,21.329167,14.399688,1.399494,1.900121,0.012740,0.020644,-0.004957,-0.318612,-0.516279,0.123963,1.017875
sample,855,drone,21.354143,14.399906,1.399848,1.900036,0.006009,0.009738,-0.002338,-0.217505,-0.352445,0.084625,1.017875
sample,856,drone,21.379118,14.399988,1.399981,1.900005,0.001875,0.003039,-0.000730,-0.110800,-0.179540,0.043109,1.017875
sample,857,drone,21.404094,14.400000,1.400000,1.900000,0.000475,0.000770,-0.000185,-0.056066,-0.090850,0.021814,1.017874
