section,index,name,t,x,y,z,vx,vy,vz,ax,ay,az,yaw
crossing,1,G1,2.000000,2.207769,-0.971506,1.177784,,,,,,
crossing,2,G6,6.250000,4.430414,2.947857,2.136930,,,,,,
crossing,3,G3,11.250000,5.835377,-2.423750,1.482583,,,,,,
crossing,4,G2,16.250000,8.342602,2.574985,2.544469,,,,,,
crossing,5,G5,18.250000,10.078266,2.042388,1.708639,,,,,,
crossing,6,G4,22.250000,12.438575,-1.497681,3.079227,,,,,,
sample,0,drone,0.000000,0.000000,-1.400000,1.200000,0.001691,0.000328,-0.000017,0.197917,0.038413,-0.001992,0.191701
sample,1,drone,0.024986,0.000042,-1.399992,1.200000,0.006636,0.001288,-0.000067,0.388920,0.075483,-0.003914,0.191701
sample,2,drone,0.049973,0.000332,-1.399936,1.199997,0.021126,0.004100,-0.000213,0.756648,0.146854,-0.007614,0.191701
sample,3,drone,0.074959,0.001098,-1.399787,1.199989,0.044448,0.008627,-0.000447,1.095559,0.212631,-0.011024,0.191701
sample,4,drone,0.099945,0.002553,-1.399505,1.199974,0.075874,0.014726,-0.000764,1.405781,0.272840,-0.014146,0.191701
sample,5,drone,0.124932,0.004890,-1.399051,1.199951,0.114698,0.022261,-0.001154,1.688090,0.327632,-0.016987,0.191701
sample,6,drone,0.149918,0.008285,-1.398392,1.199917,0.160233,0.031099,-0.001612,1.943261,0.377157,-0.019555,0.191701
sample,7,drone,0.174904,0.012897,-1.397497,1.199870,0.211808,0.041109,-0.002131,2.172069,0.421565,-0.021857,0.191701
sample,8,drone,0.199891,0.018869,-1.396338,1.199810,0.268777,0.052165,-0.002705,2.375287,0.461007,-0.023902,0.191701
sample,9,drone,0.224877,0.026328,-1.394890,1.199735,0.330508,0.064147,-0.003326,2.553693,0.495632,-0.025697,0.191701
sample,10,drone,0.249863,0.035386,-1.393132,1.199644,0.396392,0.076934,-0.003989,2.708059,0.525593,-0.027251,0.191701
sample,11,drone,0.274850,0.046137,-1.391045,1.199536,0.465837,0.090412,-0.004688,2.839162,0.551038,-0.028570,0.191701
sample,12,drone,0.299836,0.058665,-1.388614,1.199410,0.538272,0.104470,-0.005417,2.947775,0.572118,-0.029663,0.191701
sample,13,drone,0.324823,0.073036,-1.385825,1.199265,0.613145,0.119002,-0.006170,3.034675,0.588984,-0.030538,0.191701
sample,14,drone,0.349809,0.089305,-1.382667,1.199101,0.689923,0.133903,-0.006943,3.100635,0.601786,-0.031201,0.191701
sample,15,drone,0.374795,0.107513,-1.379133,1.198918,0.768092,0.149075,-0.007729,3.146431,0.610674,-0.031662,0.191701
sample,16,drone,0.399782,0.127689,-1.375218,1.198715,0.847159,0.164420,-0.008525,3.172837,0.615799,-0.031928,0.191701
sample,17,drone,0.424768,0.149848,-1.370917,1.198492,0.926648,0.179848,-0.009325,3.180630,0.617311,-0.032006,0.191701
sample,18,drone,0.449754,0.173996,-1.366230,1.198249,1.006103,0.195269,-0.010124,3.170582,0.615361,-0.031905,0.191701
sample,19,drone,0.474741,0.200126,-1.361159,1.197986,1.085090,0.210599,-0.010919,3.143470,0.610099,-0.031632,0.191701
sample,20,drone,0.499727,0.228221,-1.355706,1.197703,1.163191,0.225757,-0.011705,3.100068,0.601676,-0.031196,0.191701
sample,21,drone,0.524713,0.258254,-1.349877,1.197401,1.240009,0.240667,-0.012478,3.041151,0.590241,-0.030603,0.191701
sample,22,drone,0.549700,0.290187,-1.343679,1.197080,1.315166,0.255253,-0.013234,2.967494,0.575945,-0.029861,0.191701
sample,23,drone,0.574686,0.323976,-1.337121,1.196740,1.388303,0.269448,-0.013970,2.879872,0.558939,-0.028980,0.191701
sample,24,drone,0.599672,0.359565,-1.330214,1.196382,1.459081,0.283185,-0.014683,2.779060,0.539373,-0.027965,0.191701
sample,25,drone,0.624659,0.396890,-1.322970,1.196006,1.527180,0.296402,-0.015368,2.665833,0.517397,-0.026826,0.191701
sample,26,drone,0.649645,0.435882,-1.315402,1.195614,1.592299,0.309041,-0.016023,2.540965,0.493162,-0.025569,0.191701
sample,27,drone,0.674631,0.476462,-1.307526,1.195205,1.654159,0.321047,-0.016646,2.405232,0.466818,-0.024204,0.191701
sample,28,drone,0.699618,0.518545,-1.299358,1.194782,1.712495,0.332369,-0.017233,2.259408,0.438516,-0.022736,0.191701
sample,29,drone,0.724604,0.562040,-1.290917,1.194344,1.767067,0.342961,-0.017782,2.104268,0.408406,-0.021175,0.191701
sample,30,drone,0.749590,0.606850,-1.282220,1.193893,1.817651,0.352778,-0.018291,1.940587,0.376638,-0.019528,0.191701
sample,31,drone,0.774577,0.652873,-1.273287,1.193430,1.864044,0.361782,-0.018758,1.769141,0.343363,-0.017803,0.191701
sample,32,drone,0.799563,0.700001,-1.264141,1.192956,1.906060,0.369937,-0.019180,1.590704,0.308731,-0.016007,0.191701
sample,33,drone,0.824549,0.748124,-1.254801,1.192472,1.943535,0.377210,-0.019558,1.406050,0.272893,-0.014149,0.191701
sample,34,drone,0.849536,0.797125,-1.245290,1.191979,1.976324,0.383574,-0.019887,1.215955,0.235998,-0.012236,0.191701
sample,35,drone,0.874522,0.846886,-1.235632,1.191478,2.004300,0.389004,-0.020169,1.021194,0.198198,-0.010276,0.191701
sample,36,drone,0.899509,0.897285,-1.225851,1.190971,2.027356,0.393479,-0.020401,0.822542,0.159643,-0.008277,0.191701
sample,37,drone,0.924495,0.948198,-1.215969,1.190458,2.045405,0.396982,-0.020583,0.620773,0.120482,-0.006247,0.191701
sample,38,drone,0.949481,0.999499,-1.206013,1.189942,2.058378,0.399499,-0.020713,0.416662,0.080868,-0.004193,0.191701
sample,39,drone,0.974468,1.051061,-1.196005,1.189423,2.066226,0.401023,-0.020792,0.210985,0.040949,-0.002123,0.191701
sample,40,drone,0.999454,1.102754,-1.185972,1.188903,2.068921,0.401546,-0.020819,0.004515,0.000876,-0.000045,0.191701
sample,41,drone,1.024440,1.154451,-1.175939,1.188383,2.066452,0.401067,-0.020794,-0.201971,-0.039199,0.002032,0.191701
sample,42,drone,1.049427,1.206021,-1.165930,1.187864,2.058828,0.399587,-0.020718,-0.407699,-0.079128,0.004103,0.191701
sample,43,drone,1.074413,1.257336,-1.155970,1.187348,2.046078,0.397112,-0.020589,-0.611894,-0.118759,0.006157,0.191701
sample,44,drone,1.099399,1.308269,-1.146085,1.186835,2.028250,0.393652,-0.020410,-0.813782,-0.157943,0.008189,0.191701
sample,45,drone,1.124386,1.358693,-1.136299,1.186328,2.005411,0.389219,-0.020180,-1.012587,-0.196528,0.010190,0.191701
sample,46,drone,1.149372,1.408484,-1.126635,1.185827,1.977648,0.383831,-0.019901,-1.207534,-0.234364,0.012151,0.191701
sample,47,drone,1.174358,1.457521,-1.117118,1.185333,1.945067,0.377508,-0.019573,-1.397849,-0.271301,0.014066,0.191701
sample,48,drone,1.199345,1.505685,-1.107770,1.184849,1.907794,0.370273,-0.019198,-1.582757,-0.307189,0.015927,0.191701
sample,49,drone,1.224331,1.552859,-1.098614,1.184374,1.865973,0.362157,-0.018777,-1.761482,-0.341877,0.017726,0.191701
sample,50,drone,1.249317,1.598932,-1.089672,1.183910,1.819768,0.353189,-0.018312,-1.933250,-0.375214,0.019454,0.191701
sample,51,drone,1.274304,1.643798,-1.080964,1.183459,1.769363,0.343406,-0.017805,-2.097286,-0.407051,0.021105,0.191701
sample,52,drone,1.299290,1.687352,-1.072511,1.183020,1.714961,0.332848,-0.017257,-2.252816,-0.437237,0.022670,0.191701
sample,53,drone,1.324276,1.729499,-1.064331,1.182596,1.656784,0.321556,-0.016672,-2.399063,-0.465621,0.024141,0.191701
sample,54,drone,1.349263,1.770146,-1.056442,1.182187,1.595073,0.309579,-0.016051,-2.535254,-0.492054,0.025512,0.191701
sample,55,drone,1.374249,1.809209,-1.048860,1.181794,1.530090,0.296967,-0.015397,-2.660613,-0.516384,0.026773,0.191701
sample,56,drone,1.399236,1.846609,-1.041602,1.181418,1.462115,0.283774,-0.014713,-2.774365,-0.538462,0.027918,0.191701
sample,57,drone,1.424222,1.882275,-1.034679,1.181059,1.391448,0.270059,-0.014002,-2.875736,-0.558136,0.028938,0.191701
sample,58,drone,1.449208,1.916143,-1.028106,1.180718,1.318407,0.255883,-0.013267,-2.963951,-0.575257,0.029826,0.191701
sample,59,drone,1.474195,1.948159,-1.021892,1.180396,1.243331,0.241311,-0.012511,-3.038234,-0.589675,0.030573,0.191701
sample,60,drone,1.499181,1.978276,-1.016047,1.180093,1.166578,0.226415,-0.011739,-3.097811,-0.601238,0.031173,0.191701
sample,61,drone,1.524167,2.006456,-1.010578,1.179809,1.088525,0.211266,-0.010954,-3.141908,-0.609796,0.031617,0.191701
sample,62,drone,1.549154,2.032672,-1.005490,1.179545,1.009569,0.195942,-0.010159,-3.169748,-0.615199,0.031897,0.191701
sample,63,drone,1.574140,2.056907,-1.000786,1.179302,0.930124,0.180523,-0.009360,-3.180558,-0.617297,0.032006,0.191701
sample,64,drone,1.599126,2.079153,-0.996468,1.179078,0.850628,0.165094,-0.008560,-3.173561,-0.615939,0.031935,0.191701
sample,65,drone,1.624113,2.099415,-0.992536,1.178874,0.771533,0.149743,-0.007764,-3.147985,-0.610975,0.031678,0.191701
sample,66,drone,1.649099,2.117709,-0.988985,1.178690,0.693314,0.134562,-0.006977,-3.103052,-0.602255,0.031226,0.191701
sample,67,drone,1.674085,2.134062,-0.985811,1.178525,0.616465,0.119646,-0.006203,-3.037990,-0.589627,0.030571,0.191701
sample,68,drone,1.699072,2.148515,-0.983006,1.178380,0.541498,0.105096,-0.005449,-2.952022,-0.572942,0.029706,0.191701
sample,69,drone,1.724058,2.161122,-0.980559,1.178253,0.468945,0.091015,-0.004719,-2.844373,-0.552049,0.028623,0.191701
sample,70,drone,1.749044,2.171950,-0.978458,1.178144,0.399357,0.077509,-0.004019,-2.714270,-0.526798,0.027313,0.191701
sample,71,drone,1.774031,2.181079,-0.976686,1.178052,0.333305,0.064689,-0.003354,-2.560937,-0.497038,0.025770,0.191701
sample,72,drone,1.799017,2.188606,-0.975225,1.177976,0.271380,0.052671,-0.002731,-2.383598,-0.462620,0.023986,0.191701
sample,73,drone,1.824003,2.194641,-0.974054,1.177916,0.214190,0.041571,-0.002155,-2.181480,-0.423392,0.021952,0.191701
sample,74,drone,1.848990,2.199310,-0.973148,1.177869,0.162365,0.031513,-0.001634,-1.953807,-0.379204,0.019661,0.191701
sample,75,drone,1.873976,2.202755,-0.972479,1.177834,0.116553,0.022621,-0.001173,-1.699805,-0.329906,0.017105,0.191701
sample,76,drone,1.898962,2.205134,-0.972017,1.177810,0.077422,0.015026,-0.000779,-1.418698,-0.275347,0.014276,0.191701
sample,77,drone,1.923949,2.206624,-0.971728,1.177795,0.045657,0.008861,-0.000459,-1.109712,-0.215378,0.011167,0.191701
sample,78,drone,1.948935,2.207416,-0.971575,1.177787,0.021966,0.004263,-0.000221,-0.772071,-0.149847,0.007769,0.191701
sample,79,drone,1.973922,2.207721,-0.971515,1.177784,0.007075,0.001373,-0.000071,-0.418780,-0.078818,0.004907,0.191701
sample,80,drone,1.998908,2.207769,-0.971506,1.177784,0.001039,0.000325,0.000024,-0.128262,-0.004009,0.007168,0.302875
sample,81,drone,2.023894,2.207773,-0.971499,1.177785,0.000665,0.001173,0.000287,0.023164,0.071007,0.018483,1.054883
sample,82,drone,2.048881,2.207802,-0.971447,1.177798,0.002196,0.003873,0.000948,0.081509,0.143733,0.035174,1.054924
sample,83,drone,2.073867,2.207883,-0.971306,1.177833,0.004738,0.008355,0.002045,0.121217,0.213751,0.052309,1.054924
sample,84,drone,2.098853,2.208039,-0.971030,1.177900,0.008254,0.014555,0.003562,0.159446,0.281163,0.068806,1.054924
sample,85,drone,2.123840,2.208295,-0.970578,1.178011,0.012706,0.022406,0.005483,0.196215,0.346001,0.084673,1.054924
sample,86,drone,2.148826,2.208674,-0.969910,1.178174,0.018059,0.031845,0.007793,0.231542,0.408296,0.099918,1.054924
sample,87,drone,2.173812,2.209198,-0.968987,1.178400,0.024277,0.042810,0.010476,0.265445,0.468080,0.114549,1.054924
sample,88,drone,2.198799,2.209887,-0.967771,1.178698,0.031324,0.055237,0.013517,0.297942,0.525384,0.128572,1.054924
sample,89,drone,2.223785,2.210763,-0.966226,1.179076,0.039166,0.069064,0.016901,0.329051,0.580242,0.141997,1.054924
sample,90,drone,2.248771,2.211845,-0.964319,1.179542,0.047768,0.084233,0.020613,0.358791,0.632683,0.154830,1.054924
sample,91,drone,2.273758,2.213150,-0.962017,1.180106,0.057096,0.100681,0.024639,0.387178,0.682741,0.167080,1.054924
sample,92,drone,2.298744,2.214698,-0.959288,1.180773,0.067116,0.118351,0.028963,0.414231,0.730447,0.178755,1.054924
sample,93,drone,2.323730,2.216504,-0.956103,1.181553,0.077796,0.137184,0.033572,0.439969,0.775832,0.189862,1.054924
sample,94,drone,2.348717,2.218586,-0.952433,1.182451,0.089103,0.157122,0.038451,0.464409,0.818928,0.200408,1.054924
sample,95,drone,2.373703,2.220957,-0.948251,1.183474,0.101004,0.178108,0.043587,0.487568,0.859768,0.210402,1.054924
sample,96,drone,2.398689,2.223633,-0.943532,1.184629,0.113468,0.200086,0.048965,0.509466,0.898382,0.219852,1.054924
sample,97,drone,2.423676,2.226627,-0.938252,1.185921,0.126463,0.223002,0.054573,0.530120,0.934803,0.228765,1.054924
sample,98,drone,2.448662,2.229953,-0.932388,1.187356,0.139959,0.246801,0.060397,0.549548,0.969062,0.237149,1.054924
sample,99,drone,2.473648,2.233621,-0.925919,1.188940,0.153926,0.271429,0.066424,0.567769,1.001191,0.245012,1.054924
sample,100,drone,2.498635,2.237645,-0.918824,1.190676,0.168332,0.296833,0.072641,0.584799,1.031222,0.252361,1.054924
sample,101,drone,2.523621,2.242033,-0.911085,1.192570,0.183150,0.322962,0.079035,0.600657,1.059186,0.259204,1.054924
sample,102,drone,2.548608,2.246797,-0.902685,1.194625,0.198349,0.349764,0.085594,0.615362,1.085116,0.265550,1.054924
sample,103,drone,2.573594,2.251945,-0.893607,1.196847,0.213901,0.377188,0.092306,0.628931,1.109043,0.271405,1.054924
sample,104,drone,2.598580,2.257486,-0.883836,1.199238,0.229778,0.405186,0.099157,0.641382,1.130998,0.276778,1.054924
sample,105,drone,2.623567,2.263428,-0.873358,1.201802,0.245952,0.433707,0.106137,0.652733,1.151015,0.281676,1.054924
sample,106,drone,2.648553,2.269777,-0.862162,1.204542,0.262397,0.462705,0.113233,0.663002,1.169123,0.286108,1.054924
sample,107,drone,2.673539,2.276541,-0.850236,1.207461,0.279084,0.492131,0.120434,0.672207,1.185355,0.290080,1.054924
sample,108,drone,2.698526,2.283724,-0.837569,1.210561,0.295989,0.521940,0.127729,0.680367,1.199744,0.293601,1.054924
sample,109,drone,2.723512,2.291332,-0.824153,1.213844,0.313084,0.552086,0.135107,0.687498,1.212319,0.296679,1.054924
sample,110,drone,2.748498,2.299370,-0.809980,1.217312,0.330345,0.582523,0.142555,0.693620,1.223114,0.299321,1.054924
sample,111,drone,2.773485,2.307840,-0.795043,1.220968,0.347746,0.613208,0.150064,0.698750,1.232160,0.301534,1.054924
sample,112,drone,2.798471,2.316747,-0.779336,1.224811,0.365263,0.644098,0.157624,0.702906,1.239489,0.303328,1.054924
sample,113,drone,2.823457,2.326094,-0.762855,1.228844,0.382872,0.675149,0.165222,0.706106,1.245132,0.304709,1.054924
sample,114,drone,2.848444,2.335881,-0.745597,1.233068,0.400549,0.706320,0.172851,0.708369,1.249122,0.305685,1.054924
sample,115,drone,2.873430,2.346110,-0.727559,1.237482,0.418271,0.737571,0.180498,0.709711,1.251489,0.306265,1.054924
sample,116,drone,2.898416,2.356783,-0.708739,1.242088,0.436016,0.768860,0.188156,0.710152,1.252267,0.306455,1.054924
sample,117,drone,2.923403,2.367899,-0.689137,1.246885,0.453760,0.800150,0.195813,0.709709,1.251485,0.306264,1.054924
sample,118,drone,2.948389,2.379458,-0.668753,1.251873,0.471482,0.831401,0.203460,0.708400,1.249178,0.305699,1.054924
sample,119,drone,2.973375,2.391460,-0.647589,1.257052,0.489160,0.862575,0.211089,0.706244,1.245375,0.304768,1.054924
sample,120,drone,2.998362,2.403903,-0.625648,1.262422,0.506775,0.893635,0.218691,0.703257,1.240108,0.303479,1.054924
sample,121,drone,3.023348,2.416785,-0.602932,1.267981,0.524304,0.924546,0.226255,0.699459,1.233411,0.301840,1.054924
sample,122,drone,3.048335,2.430104,-0.579446,1.273729,0.541728,0.955272,0.233774,0.694867,1.225313,0.299859,1.054924
sample,123,drone,3.073321,2.443857,-0.555195,1.279663,0.559028,0.985778,0.241240,0.689499,1.215848,0.297542,1.054924
sample,124,drone,3.098307,2.458040,-0.530184,1.285784,0.576185,1.016031,0.248643,0.683374,1.205046,0.294899,1.054924
sample,125,drone,3.123294,2.472650,-0.504421,1.292089,0.593178,1.045998,0.255977,0.676508,1.192940,0.291936,1.054924
sample,126,drone,3.148280,2.487683,-0.477913,1.298576,0.609992,1.075646,0.263232,0.668921,1.179561,0.288662,1.054924
sample,127,drone,3.173266,2.503133,-0.450668,1.305243,0.626606,1.104944,0.270402,0.660630,1.164941,0.285084,1.054924
sample,128,drone,3.198253,2.518996,-0.422696,1.312088,0.643005,1.133861,0.277479,0.651653,1.149111,0.281211,1.054924
sample,129,drone,3.223239,2.535266,-0.394006,1.319109,0.659171,1.162368,0.284455,0.642009,1.132104,0.277049,1.054924
sample,130,drone,3.248225,2.551937,-0.364609,1.326303,0.675088,1.190435,0.291323,0.631715,1.113952,0.272606,1.054924
sample,131,drone,3.273212,2.569002,-0.334516,1.333668,0.690740,1.218035,0.298078,0.620789,1.094685,0.267891,1.054924
sample,132,drone,3.298198,2.586455,-0.303740,1.341199,0.706110,1.245140,0.304711,0.609249,1.074336,0.262912,1.054924
sample,133,drone,3.323184,2.604288,-0.272293,1.348895,0.721185,1.271722,0.311216,0.597113,1.052937,0.257675,1.054924
sample,134,drone,3.348171,2.622494,-0.240189,1.356751,0.735950,1.297758,0.317587,0.584400,1.030518,0.252189,1.054924
sample,135,drone,3.373157,2.641065,-0.207441,1.364766,0.750389,1.323220,0.323819,0.571127,1.007113,0.246461,1.054924
sample,136,drone,3.398143,2.659993,-0.174064,1.372934,0.764491,1.348086,0.329904,0.557312,0.982753,0.240499,1.054924
sample,137,drone,3.423130,2.679269,-0.140074,1.381252,0.778240,1.372331,0.335837,0.542974,0.957468,0.234312,1.054924
sample,138,drone,3.448116,2.698884,-0.105485,1.389716,0.791624,1.395933,0.341613,0.528130,0.931293,0.227906,1.054924
sample,139,drone,3.473102,2.718829,-0.070315,1.398323,0.804632,1.418870,0.347226,0.512798,0.904257,0.221290,1.054924
sample,140,drone,3.498089,2.739094,-0.034580,1.407068,0.817250,1.441121,0.352671,0.496996,0.876392,0.214471,1.054924
sample,141,drone,3.523075,2.759669,0.001702,1.415947,0.829468,1.462666,0.357944,0.480743,0.847731,0.207457,1.054924
sample,142,drone,3.548061,2.780544,0.038513,1.424956,0.841274,1.483485,0.363039,0.464056,0.818306,0.200256,1.054924
sample,143,drone,3.573048,2.801710,0.075835,1.434089,0.852658,1.503559,0.367951,0.446953,0.788147,0.192875,1.054924
sample,144,drone,3.598034,2.823154,0.113650,1.443343,0.863610,1.522871,0.372677,0.429452,0.757287,0.185323,1.054924
sample,145,drone,3.623021,2.844866,0.151937,1.452713,0.874119,1.541403,0.377212,0.411572,0.725757,0.177607,1.054924
sample,146,drone,3.648007,2.866836,0.190678,1.462193,0.884177,1.559139,0.381553,0.393330,0.693590,0.169735,1.054924
sample,147,drone,3.672993,2.889051,0.229852,1.471780,0.893775,1.576063,0.385694,0.374745,0.660817,0.161715,1.054924
sample,148,drone,3.697980,2.911500,0.269438,1.481468,0.902904,1.592161,0.389634,0.355833,0.627469,0.153554,1.054924
sample,149,drone,3.722966,2.934172,0.309416,1.491251,0.911557,1.607419,0.393368,0.336614,0.593579,0.145261,1.054924
sample,150,drone,3.747952,2.957053,0.349765,1.501125,0.919726,1.621824,0.396893,0.317106,0.559177,0.136842,1.054924
sample,151,drone,3.772939,2.980133,0.390463,1.511085,0.927403,1.635363,0.400206,0.297325,0.524297,0.128306,1.054924
sample,152,drone,3.797925,3.003398,0.431489,1.521125,0.934584,1.648025,0.403305,0.277291,0.488970,0.119661,1.054924
sample,153,drone,3.822911,3.026837,0.472820,1.531239,0.941260,1.659798,0.406186,0.257022,0.453226,0.110914,1.054924
sample,154,drone,3.847898,3.050436,0.514433,1.541423,0.947428,1.670674,0.408847,0.236534,0.417099,0.102073,1.054924
sample,155,drone,3.872884,3.074182,0.556308,1.551670,0.953081,1.680642,0.411287,0.215847,0.380620,0.093145,1.054924
sample,156,drone,3.897870,3.098064,0.598420,1.561976,0.958214,1.689694,0.413502,0.194979,0.343821,0.084140,1.054924
sample,157,drone,3.922857,3.122067,0.640746,1.572334,0.962824,1.697823,0.415492,0.173946,0.306733,0.075064,1.054924
sample,158,drone,3.947843,3.146178,0.683264,1.582739,0.966907,1.705022,0.417253,0.152768,0.269388,0.065925,1.054924
sample,159,drone,3.972829,3.170386,0.725951,1.593185,0.970459,1.711285,0.418786,0.131462,0.231818,0.056731,1.054924
sample,160,drone,3.997816,3.194675,0.768782,1.603667,0.973476,1.716607,0.420088,0.110047,0.194055,0.047489,1.054924
sample,161,drone,4.022802,3.219033,0.811734,1.614178,0.975958,1.720983,0.421159,0.088540,0.156130,0.038208,1.054924
sample,162,drone,4.047788,3.243446,0.854784,1.624713,0.977901,1.724409,0.421998,0.066960,0.118075,0.028895,1.054924
sample,163,drone,4.072775,3.267901,0.897908,1.635267,0.979304,1.726883,0.422603,0.045323,0.079922,0.019559,1.054924
sample,164,drone,4.097761,3.292385,0.941081,1.645832,0.980166,1.728403,0.422975,0.023649,0.041703,0.010206,1.054924
sample,165,drone,4.122747,3.316883,0.984281,1.656404,0.980486,1.728967,0.423113,0.001956,0.003449,0.000844,1.054924
sample,166,drone,4.147734,3.341382,1.027482,1.666976,0.980264,1.728576,0.423017,-0.019739,-0.034808,-0.008518,1.054924
sample,167,drone,4.172720,3.365869,1.070662,1.677543,0.979499,1.727228,0.422687,-0.041418,-0.073035,-0.017873,1.054924
sample,168,drone,4.197707,3.390330,1.113797,1.688099,0.978194,1.724926,0.422124,-0.063062,-0.111202,-0.027213,1.054924
sample,169,drone,4.222693,3.414752,1.156861,1.698638,0.976348,1.721671,0.421327,-0.084654,-0.149277,-0.036531,1.054924
sample,170,drone,4.247679,3.439121,1.199833,1.709154,0.973964,1.717466,0.420298,-0.106176,-0.187228,-0.045818,1.054924
sample,171,drone,4.272666,3.463424,1.242688,1.719641,0.971042,1.712315,0.419038,-0.127609,-0.225023,-0.055068,1.054924
sample,172,drone,4.297652,3.487647,1.285402,1.730094,0.967587,1.706221,0.417547,-0.148936,-0.262630,-0.064271,1.054924
sample,173,drone,4.322638,3.511777,1.327952,1.740507,0.963600,1.699190,0.415826,-0.170138,-0.300018,-0.073420,1.054924
sample,174,drone,4.347625,3.535800,1.370315,1.750874,0.959084,1.691228,0.413878,-0.191198,-0.337154,-0.082508,1.054924
sample,175,drone,4.372611,3.559705,1.412468,1.761190,0.954045,1.682342,0.411703,-0.212098,-0.374008,-0.091527,1.054924
sample,176,drone,4.397597,3.583477,1.454386,1.771448,0.948485,1.672538,0.409304,-0.232819,-0.410547,-0.100469,1.054924
sample,177,drone,4.422584,3.607103,1.496049,1.781644,0.942410,1.661826,0.406682,-0.253343,-0.446740,-0.109326,1.054924
sample,178,drone,4.447570,3.630571,1.537432,1.791771,0.935825,1.650213,0.403840,-0.273654,-0.482555,-0.118091,1.054924
sample,179,drone,4.472556,3.653869,1.578514,1.801825,0.928735,1.637711,0.400781,-0.293731,-0.517960,-0.126755,1.054924
sample,180,drone,4.497543,3.676983,1.619273,1.811799,0.921146,1.624330,0.397506,-0.313559,-0.552923,-0.135311,1.054924
sample,181,drone,4.522529,3.699901,1.659686,1.821689,0.913066,1.610080,0.394019,-0.333118,-0.587413,-0.143752,1.054924
sample,182,drone,4.547515,3.722611,1.699733,1.831489,0.904500,1.594975,0.390322,-0.352390,-0.621398,-0.152068,1.054924
sample,183,drone,4.572502,3.745101,1.739392,1.841195,0.895456,1.579027,0.386420,-0.371359,-0.654846,-0.160254,1.054924
sample,184,drone,4.597488,3.767359,1.778641,1.850800,0.885942,1.562251,0.382314,-0.390004,-0.687725,-0.168300,1.054924
sample,185,drone,4.622474,3.789374,1.817462,1.860300,0.875966,1.544660,0.378009,-0.408309,-0.720004,-0.176199,1.054924
sample,186,drone,4.647461,3.811134,1.855832,1.869690,0.865538,1.526270,0.373509,-0.426256,-0.751651,-0.183944,1.054924
sample,187,drone,4.672447,3.832627,1.893733,1.878965,0.854665,1.507098,0.368817,-0.443826,-0.782634,-0.191526,1.054924
sample,188,drone,4.697434,3.853844,1.931146,1.888121,0.843358,1.487160,0.363938,-0.461002,-0.812921,-0.198938,1.054924
sample,189,drone,4.722420,3.874772,1.968051,1.897152,0.831627,1.466474,0.358876,-0.477766,-0.842482,-0.206172,1.054924
sample,190,drone,4.747406,3.895402,2.004430,1.906055,0.819483,1.445059,0.353635,-0.494099,-0.871283,-0.213220,1.054924
sample,191,drone,4.772393,3.915724,2.040264,1.914824,0.806936,1.422933,0.348220,-0.509983,-0.899293,-0.220075,1.054924
sample,192,drone,4.797379,3.935727,2.075537,1.923456,0.793998,1.400118,0.342637,-0.525401,-0.926481,-0.226728,1.054924
sample,193,drone,4.822365,3.955402,2.110232,1.931947,0.780680,1.376635,0.336890,-0.540334,-0.952814,-0.233173,1.054924
sample,194,drone,4.847352,3.974740,2.144332,1.940292,0.766996,1.352504,0.330985,-0.554765,-0.978261,-0.239400,1.054924
sample,195,drone,4.872338,3.993731,2.177820,1.948487,0.752957,1.327748,0.324927,-0.568676,-1.002791,-0.245403,1.054924
sample,196,drone,4.897324,4.012367,2.210683,1.956529,0.738578,1.302392,0.318721,-0.582048,-1.026371,-0.251174,1.054924
sample,197,drone,4.922311,4.030640,2.242904,1.964414,0.723871,1.276458,0.312375,-0.594863,-1.048969,-0.256704,1.054924
sample,198,drone,4.947297,4.048541,2.274471,1.972139,0.708851,1.249972,0.305893,-0.607104,-1.070555,-0.261986,1.054924
sample,199,drone,4.972283,4.066063,2.305369,1.979701,0.693532,1.222959,0.299283,-0.618753,-1.091095,-0.267013,1.054924
sample,200,drone,4.997270,4.083199,2.335585,1.987095,0.677930,1.195447,0.292550,-0.629791,-1.110559,-0.271776,1.054924
sample,201,drone,5.022256,4.099941,2.365108,1.994320,0.662060,1.167462,0.285701,-0.640200,-1.128915,-0.276268,1.054924
sample,202,drone,5.047242,4.116284,2.393926,2.001373,0.645937,1.139032,0.278744,-0.649963,-1.146131,-0.280481,1.054924
sample,203,drone,5.072229,4.132220,2.422029,2.008250,0.629579,1.110186,0.271685,-0.659062,-1.162175,-0.284408,1.054924
sample,204,drone,5.097215,4.147745,2.449406,2.014949,0.613002,1.080955,0.264531,-0.667478,-1.177015,-0.288039,1.054924
sample,205,drone,5.122201,4.162854,2.476047,2.021469,0.596224,1.051368,0.257291,-0.675193,-1.190621,-0.291369,1.054924
sample,206,drone,5.147188,4.177540,2.501945,2.027807,0.579261,1.021456,0.249971,-0.682190,-1.202959,-0.294388,1.054924
sample,207,drone,5.172174,4.191801,2.527092,2.033961,0.562133,0.991253,0.242579,-0.688450,-1.213998,-0.297090,1.054924
sample,208,drone,5.197160,4.205632,2.551481,2.039929,0.544857,0.960790,0.235125,-0.693956,-1.223707,-0.299466,1.054924
sample,209,drone,5.222147,4.219029,2.575105,2.045711,0.527454,0.930101,0.227614,-0.698689,-1.232053,-0.301508,1.054924
sample,210,drone,5.247133,4.231990,2.597960,2.051304,0.509942,0.899221,0.220057,-0.702632,-1.239006,-0.303210,1.054924
sample,211,drone,5.272120,4.244512,2.620042,2.056707,0.492342,0.868184,0.212462,-0.705766,-1.244532,-0.304562,1.054924
sample,212,drone,5.297106,4.256593,2.641346,2.061921,0.474673,0.837028,0.204838,-0.708074,-1.248601,-0.305558,1.054924
sample,213,drone,5.322092,4.268233,2.661870,2.066944,0.456957,0.805788,0.197193,-0.709537,-1.251181,-0.306189,1.054924
sample,214,drone,5.347079,4.279429,2.681613,2.071775,0.439216,0.774503,0.189536,-0.710137,-1.252240,-0.306448,1.054924
sample,215,drone,5.372065,4.290181,2.700574,2.076415,0.421470,0.743211,0.181879,-0.709857,-1.251746,-0.306327,1.054924
sample,216,drone,5.397051,4.300491,2.718754,2.080864,0.403742,0.711950,0.174228,-0.708678,-1.249668,-0.305819,1.054924
sample,217,drone,5.422038,4.310358,2.736152,2.085122,0.386055,0.680761,0.166596,-0.706583,-1.245973,-0.304915,1.054924
sample,218,drone,5.447024,4.319783,2.752773,2.089189,0.368432,0.649685,0.158991,-0.703553,-1.240630,-0.303607,1.054924
sample,219,drone,5.472010,4.328769,2.768619,2.093067,0.350897,0.618764,0.151424,-0.699571,-1.233608,-0.301889,1.054924
sample,220,drone,5.496997,4.337318,2.783694,2.096757,0.333473,0.588039,0.143905,-0.694618,-1.224874,-0.299751,1.054924
sample,221,drone,5.521983,4.345434,2.798005,2.100259,0.316185,0.557553,0.136445,-0.688676,-1.214396,-0.297187,1.054924
sample,222,drone,5.546969,4.353119,2.811557,2.103575,0.299058,0.527352,0.129054,-0.681728,-1.202144,-0.294189,1.054924
sample,223,drone,5.571956,4.360378,2.824358,2.106708,0.282117,0.497479,0.121743,-0.673755,-1.188085,-0.290748,1.054924
sample,224,drone,5.596942,4.367217,2.836417,2.109659,0.265388,0.467980,0.114524,-0.664740,-1.172187,-0.286858,1.054924
sample,225,drone,5.621928,4.373641,2.847744,2.112431,0.248898,0.438902,0.107408,-0.654664,-1.154420,-0.282510,1.054924
sample,226,drone,5.646915,4.379655,2.858350,2.115026,0.232673,0.410291,0.100406,-0.643509,-1.134750,-0.277696,1.054924
sample,227,drone,5.671901,4.385268,2.868248,2.117448,0.216740,0.382195,0.093531,-0.631258,-1.113146,-0.272409,1.054924
sample,228,drone,5.696887,4.390486,2.877450,2.119700,0.201127,0.354664,0.086793,-0.617892,-1.089577,-0.266641,1.054924
sample,229,drone,5.721874,4.395319,2.885971,2.121786,0.185863,0.327746,0.080206,-0.603393,-1.064011,-0.260385,1.054924
sample,230,drone,5.746860,4.399774,2.893828,2.123708,0.170974,0.301492,0.073781,-0.587744,-1.036416,-0.253632,1.054924
sample,231,drone,5.771846,4.403863,2.901037,2.125473,0.156491,0.275954,0.067531,-0.570927,-1.006760,-0.246374,1.054924
sample,232,drone,5.796833,4.407595,2.907618,2.127083,0.142444,0.251182,0.061469,-0.552922,-0.975011,-0.238605,1.054924
sample,233,drone,5.821819,4.410981,2.913590,2.128545,0.128860,0.227230,0.055608,-0.533713,-0.941138,-0.230315,1.054924
sample,234,drone,5.846806,4.414034,2.918973,2.129862,0.115772,0.204151,0.049960,-0.513282,-0.905110,-0.221499,1.054924
sample,235,drone,5.871792,4.416767,2.923792,2.131041,0.103210,0.181999,0.044539,-0.491609,-0.866893,-0.212146,1.054924
sample,236,drone,5.896778,4.419192,2.928068,2.132088,0.091205,0.160830,0.039358,-0.468678,-0.826457,-0.202251,1.054924
sample,237,drone,5.921765,4.421324,2.931829,2.133008,0.079789,0.140699,0.034432,-0.444471,-0.783770,-0.191804,1.054924
sample,238,drone,5.946751,4.423179,2.935099,2.133808,0.068994,0.121662,0.029773,-0.418969,-0.738800,-0.180799,1.054924
sample,239,drone,5.971737,4.424772,2.937908,2.134496,0.058852,0.103779,0.025397,-0.392154,-0.691515,-0.169228,1.054924
sample,240,drone,5.996724,4.426120,2.940285,2.135078,0.049397,0.087106,0.021316,-0.364008,-0.641884,-0.157082,1.054924
sample,241,drone,6.021710,4.427241,2.942261,2.135561,0.040662,0.071702,0.017547,-0.334514,-0.589875,-0.144354,1.054924
sample,242,drone,6.046696,4.428152,2.943869,2.135954,0.032680,0.057628,0.014103,-0.303653,-0.535455,-0.131037,1.054924
sample,243,drone,6.071683,4.428874,2.945141,2.136266,0.025487,0.044944,0.010999,-0.271407,-0.478594,-0.117122,1.054924
sample,244,drone,6.096669,4.429426,2.946115,2.136504,0.019117,0.033711,0.008250,-0.237759,-0.419259,-0.102601,1.054924
sample,245,drone,6.121655,4.429829,2.946826,2.136678,0.013606,0.023992,0.005871,-0.202690,-0.357420,-0.087468,1.054924
sample,246,drone,6.146642,4.430106,2.947314,2.136797,0.008988,0.015850,0.003879,-0.166183,-0.293043,-0.071713,1.054924
sample,247,drone,6.171628,4.430278,2.947618,2.136872,0.005301,0.009348,0.002288,-0.128218,-0.226097,-0.055331,1.054924
sample,248,drone,6.196614,4.430371,2.947781,2.136912,0.002581,0.004551,0.001114,-0.088779,-0.156551,-0.038311,1.054924
sample,249,drone,6.221601,4.430407,2.947845,2.136928,0.000865,0.001525,0.000373,-0.048572,-0.088158,-0.021363,1.054924
sample,250,drone,6.246587,4.430414,2.947857,2.136930,0.000154,0.000146,0.000046,-0.012821,-0.047634,-0.009552,0.758946
sample,251,drone,6.271573,4.430415,2.947853,2.136930,0.000224,-0.000855,-0.000104,0.012605,-0.062879,-0.008229,-1.314605
sample,252,drone,6.296560,4.430425,2.947814,2.136925,0.000784,-0.002996,-0.000365,0.030359,-0.116099,-0.014144,-1.314973
sample,253,drone,6.321546,4.430454,2.947703,2.136912,0.001741,-0.006657,-0.000811,0.046034,-0.176004,-0.021440,-1.314973
sample,254,drone,6.346532,4.430512,2.947481,2.136885,0.003084,-0.011792,-0.001436,0.061216,-0.234047,-0.028511,-1.314974
sample,255,drone,6.371519,4.430608,2.947114,2.136840,0.004800,-0.018353,-0.002236,0.075912,-0.290234,-0.035355,-1.314974
sample,256,drone,6.396505,4.430752,2.946564,2.136773,0.006878,-0.026295,-0.003203,0.090127,-0.344582,-0.041976,-1.314974
sample,257,drone,6.421492,4.430952,2.945800,2.136680,0.009304,-0.035573,-0.004333,0.103866,-0.397113,-0.048375,-1.314974
sample,258,drone,6.446478,4.431217,2.944787,2.136556,0.012068,-0.046140,-0.005621,0.117135,-0.447844,-0.054555,-1.314974
sample,259,drone,6.471464,4.431555,2.943494,2.136399,0.015158,-0.057953,-0.007060,0.129938,-0.496795,-0.060518,-1.314974
sample,260,drone,6.496451,4.431974,2.941891,2.136204,0.018562,-0.070966,-0.008645,0.142281,-0.543985,-0.066266,-1.314974
sample,261,drone,6.521437,4.432483,2.939947,2.135967,0.022268,-0.085137,-0.010371,0.154169,-0.589435,-0.071803,-1.314974
sample,262,drone,6.546423,4.433087,2.937636,2.135685,0.026266,-0.100422,-0.012233,0.165606,-0.633162,-0.077129,-1.314974
sample,263,drone,6.571410,4.433795,2.934929,2.135356,0.030544,-0.116778,-0.014225,0.176598,-0.675187,-0.082249,-1.314974
sample,264,drone,6.596396,4.434613,2.931800,2.134974,0.035091,-0.134163,-0.016343,0.187149,-0.715529,-0.087163,-1.314974
sample,265,drone,6.621382,4.435549,2.928225,2.134539,0.039896,-0.152535,-0.018581,0.197265,-0.754206,-0.091874,-1.314974
sample,266,drone,6.646369,4.436607,2.924178,2.134046,0.044949,-0.171853,-0.020934,0.206951,-0.791239,-0.096386,-1.314974
sample,267,drone,6.671355,4.437795,2.919637,2.133493,0.050238,-0.192075,-0.023398,0.216212,-0.826646,-0.100699,-1.314974
sample,268,drone,6.696341,4.439118,2.914579,2.132877,0.055753,-0.213162,-0.025967,0.225053,-0.860448,-0.104816,-1.314974
sample,269,drone,6.721328,4.440581,2.908984,2.132195,0.061485,-0.235074,-0.028636,0.233479,-0.892662,-0.108741,-1.314974
sample,270,drone,6.746314,4.442190,2.902832,2.131446,0.067421,-0.257771,-0.031401,0.241495,-0.923309,-0.112474,-1.314974
sample,271,drone,6.771300,4.443950,2.896103,2.130626,0.073553,-0.281214,-0.034256,0.249106,-0.952408,-0.116019,-1.314974
sample,272,drone,6.796287,4.445866,2.888779,2.129734,0.079869,-0.305366,-0.037198,0.256317,-0.979978,-0.119377,-1.314974
sample,273,drone,6.821273,4.447942,2.880843,2.128767,0.086361,-0.330187,-0.040222,0.263133,-1.006038,-0.122552,-1.314974
sample,274,drone,6.846259,4.450182,2.872279,2.127724,0.093019,-0.355640,-0.043323,0.269559,-1.030608,-0.125545,-1.314974
sample,275,drone,6.871246,4.452590,2.863071,2.126602,0.099832,-0.381689,-0.046496,0.275601,-1.053707,-0.128358,-1.314974
sample,276,drone,6.896232,4.455170,2.853205,2.125400,0.106791,-0.408297,-0.049737,0.281263,-1.075355,-0.130995,-1.314974
sample,277,drone,6.921219,4.457927,2.842667,2.124117,0.113888,-0.435427,-0.053042,0.286550,-1.095570,-0.133458,-1.314974
sample,278,drone,6.946205,4.460862,2.831445,2.122750,0.121111,-0.463045,-0.056406,0.291468,-1.114372,-0.135748,-1.314974
sample,279,drone,6.971191,4.463979,2.819527,2.121298,0.128453,-0.491115,-0.059826,0.296021,-1.131781,-0.137869,-1.314974
sample,280,drone,6.996178,4.467281,2.806903,2.119760,0.135904,-0.519603,-0.063296,0.300215,-1.147815,-0.139822,-1.314974
sample,281,drone,7.021164,4.470770,2.793561,2.118135,0.143456,-0.548475,-0.066813,0.304054,-1.162493,-0.141610,-1.314974
sample,282,drone,7.046150,4.474450,2.779494,2.116421,0.151099,-0.577696,-0.070373,0.307544,-1.175836,-0.143236,-1.314974
sample,283,drone,7.071137,4.478321,2.764692,2.114618,0.158824,-0.607235,-0.073971,0.310690,-1.187863,-0.144701,-1.314974
sample,284,drone,7.096123,4.482387,2.749149,2.112725,0.166625,-0.637057,-0.077604,0.313496,-1.198592,-0.146008,-1.314974
sample,285,drone,7.121109,4.486648,2.732857,2.110740,0.174491,-0.667131,-0.081267,0.315968,-1.208044,-0.147159,-1.314974
sample,286,drone,7.146096,4.491106,2.715810,2.108663,0.182414,-0.697426,-0.084958,0.318111,-1.216236,-0.148157,-1.314974
sample,287,drone,7.171082,4.495764,2.698005,2.106494,0.190388,-0.727910,-0.088671,0.319930,-1.223190,-0.149004,-1.314974
sample,288,drone,7.196068,4.500621,2.679435,2.104232,0.198402,-0.758552,-0.092404,0.321429,-1.228924,-0.149703,-1.314974
sample,289,drone,7.221055,4.505678,2.660098,2.101877,0.206450,-0.789323,-0.096152,0.322615,-1.233456,-0.150255,-1.314974
sample,290,drone,7.246041,4.510937,2.639990,2.099427,0.214524,-0.820191,-0.099912,0.323492,-1.236808,-0.150663,-1.314974
sample,291,drone,7.271027,4.516399,2.619110,2.096884,0.222616,-0.851129,-0.103681,0.324064,-1.238997,-0.150930,-1.314974
sample,292,drone,7.296014,4.522062,2.597457,2.094246,0.230718,-0.882107,-0.107455,0.324338,-1.240044,-0.151057,-1.314974
sample,293,drone,7.321000,4.527928,2.575029,2.091514,0.238824,-0.913098,-0.111230,0.324318,-1.239967,-0.151048,-1.314974
sample,294,drone,7.345986,4.533997,2.551827,2.088688,0.246925,-0.944072,-0.115003,0.324009,-1.238787,-0.150904,-1.314974
sample,295,drone,7.370973,4.540268,2.527851,2.085767,0.255016,-0.975003,-0.118771,0.323416,-1.236521,-0.150628,-1.314974
sample,296,drone,7.395959,4.546741,2.503104,2.082752,0.263087,-1.005864,-0.122530,0.322545,-1.233190,-0.150222,-1.314974
sample,297,drone,7.420945,4.553415,2.477586,2.079644,0.271134,-1.036629,-0.126278,0.321400,-1.228812,-0.149689,-1.314974
sample,298,drone,7.445932,4.560290,2.451300,2.076442,0.279149,-1.067271,-0.130011,0.319987,-1.223408,-0.149031,-1.314974
sample,299,drone,7.470918,4.567365,2.424251,2.073147,0.287125,-1.097766,-0.133725,0.318310,-1.216996,-0.148250,-1.314974
sample,300,drone,7.495905,4.574638,2.396442,2.069759,0.295055,-1.128088,-0.137419,0.316374,-1.209595,-0.147348,-1.314974
sample,301,drone,7.520891,4.582109,2.367878,2.066280,0.302935,-1.158213,-0.141089,0.314185,-1.201226,-0.146329,-1.314974
sample,302,drone,7.545877,4.589777,2.338563,2.062709,0.310756,-1.188116,-0.144732,0.311748,-1.191907,-0.145193,-1.314974
sample,303,drone,7.570864,4.597639,2.308504,2.059047,0.318514,-1.217776,-0.148345,0.309067,-1.181658,-0.143945,-1.314974
sample,304,drone,7.595850,4.605694,2.277708,2.055296,0.326201,-1.247167,-0.151925,0.306148,-1.170497,-0.142585,-1.314974
sample,305,drone,7.620836,4.613940,2.246180,2.051455,0.333813,-1.276268,-0.155470,0.302996,-1.158445,-0.141117,-1.314974
sample,306,drone,7.645823,4.622375,2.213929,2.047526,0.341343,-1.305058,-0.158977,0.299615,-1.145520,-0.139543,-1.314974
sample,307,drone,7.670809,4.630998,2.180963,2.043510,0.348785,-1.333513,-0.162443,0.296011,-1.131743,-0.137864,-1.314974
sample,308,drone,7.695795,4.639805,2.147290,2.039409,0.356135,-1.361614,-0.165866,0.292190,-1.117131,-0.136084,-1.314974
sample,309,drone,7.720782,4.648795,2.112919,2.035222,0.363387,-1.389339,-0.169244,0.288155,-1.101705,-0.134205,-1.314974
sample,310,drone,7.745768,4.657964,2.077861,2.030951,0.370535,-1.416669,-0.172573,0.283912,-1.085483,-0.132229,-1.314974
sample,311,drone,7.770754,4.667311,2.042124,2.026598,0.377575,-1.443584,-0.175852,0.279466,-1.068486,-0.130159,-1.314974
sample,312,drone,7.795741,4.676833,2.005721,2.022163,0.384501,-1.470064,-0.179077,0.274823,-1.050732,-0.127996,-1.314974
sample,313,drone,7.820727,4.686526,1.968661,2.017649,0.391308,-1.496092,-0.182248,0.269986,-1.032240,-0.125743,-1.314974
sample,314,drone,7.845713,4.696388,1.930957,2.013056,0.397993,-1.521648,-0.185361,0.264962,-1.013031,-0.123403,-1.314974
sample,315,drone,7.870700,4.706415,1.892620,2.008386,0.404549,-1.546716,-0.188415,0.259755,-0.993123,-0.120978,-1.314974
sample,316,drone,7.895686,4.716604,1.853664,2.003640,0.410973,-1.571277,-0.191407,0.254370,-0.972535,-0.118470,-1.314974
sample,317,drone,7.920672,4.726952,1.814100,1.998821,0.417261,-1.595316,-0.194335,0.248813,-0.951288,-0.115882,-1.314974
sample,318,drone,7.945659,4.737456,1.773941,1.993929,0.423407,-1.618815,-0.197198,0.243088,-0.929399,-0.113216,-1.314974
sample,319,drone,7.970645,4.748111,1.733203,1.988966,0.429408,-1.641760,-0.199993,0.237200,-0.906889,-0.110474,-1.314974
sample,320,drone,7.995631,4.758914,1.691898,1.983935,0.435261,-1.664135,-0.202718,0.231155,-0.883777,-0.107658,-1.314974
sample,321,drone,8.020618,4.769862,1.650042,1.978836,0.440960,-1.685925,-0.205373,0.224958,-0.860082,-0.104772,-1.314974
sample,322,drone,8.045604,4.780950,1.607648,1.973672,0.446502,-1.707116,-0.207954,0.218613,-0.835824,-0.101817,-1.314974
sample,323,drone,8.070591,4.792175,1.564732,1.968444,0.451884,-1.727693,-0.210461,0.212125,-0.811021,-0.098795,-1.314974
sample,324,drone,8.095577,4.803532,1.521310,1.963154,0.457103,-1.747645,-0.212891,0.205501,-0.785693,-0.095710,-1.314974
sample,325,drone,8.120563,4.815018,1.477398,1.957805,0.462154,-1.766957,-0.215244,0.198744,-0.759860,-0.092563,-1.314974
sample,326,drone,8.145550,4.826627,1.433011,1.952398,0.467035,-1.785617,-0.217517,0.191860,-0.733540,-0.089357,-1.314974
sample,327,drone,8.170536,4.838357,1.388166,1.946935,0.471742,-1.803614,-0.219709,0.184854,-0.706753,-0.086094,-1.314974
sample,328,drone,8.195522,4.850201,1.342879,1.941418,0.476272,-1.820935,-0.221819,0.177731,-0.679519,-0.082776,-1.314974
sample,329,drone,8.220509,4.862157,1.297169,1.935850,0.480623,-1.837571,-0.223846,0.170495,-0.651856,-0.079406,-1.314974
sample,330,drone,8.245495,4.874220,1.251051,1.930232,0.484792,-1.853510,-0.225787,0.163153,-0.623784,-0.075987,-1.314974
sample,331,drone,8.270481,4.886384,1.204544,1.924567,0.488777,-1.868743,-0.227643,0.155709,-0.595322,-0.072520,-1.314974
sample,332,drone,8.295468,4.898645,1.157665,1.918856,0.492573,-1.883260,-0.229411,0.148167,-0.566489,-0.069007,-1.314974
sample,333,drone,8.320454,4.910999,1.110432,1.913103,0.496181,-1.897052,-0.231091,0.140534,-0.537306,-0.065452,-1.314974
sample,334,drone,8.345440,4.923440,1.062864,1.907308,0.499596,-1.910111,-0.232682,0.132814,-0.507790,-0.061857,-1.314974
sample,335,drone,8.370427,4.935965,1.014979,1.901475,0.502818,-1.922428,-0.234183,0.125013,-0.477962,-0.058223,-1.314974
sample,336,drone,8.395413,4.948568,0.966795,1.895605,0.505844,-1.933996,-0.235592,0.117134,-0.447841,-0.054554,-1.314974
sample,337,drone,8.420399,4.961243,0.918332,1.889702,0.508671,-1.944808,-0.236909,0.109184,-0.417446,-0.050852,-1.314974
sample,338,drone,8.445386,4.973987,0.869608,1.883766,0.511300,-1.954857,-0.238133,0.101168,-0.386796,-0.047118,-1.314974
sample,339,drone,8.470372,4.986794,0.820642,1.877802,0.513727,-1.964137,-0.239263,0.093090,-0.355910,-0.043356,-1.314974
sample,340,drone,8.495358,4.999660,0.771455,1.871810,0.515952,-1.972642,-0.240299,0.084955,-0.324809,-0.039567,-1.314974
sample,341,drone,8.520345,5.012578,0.722064,1.865793,0.517973,-1.980368,-0.241241,0.076769,-0.293511,-0.035754,-1.314974
sample,342,drone,8.545331,5.025544,0.672490,1.859754,0.519788,-1.987310,-0.242086,0.068536,-0.262035,-0.031920,-1.314974
sample,343,drone,8.570318,5.038553,0.622753,1.853696,0.521397,-1.993463,-0.242836,0.060262,-0.230401,-0.028067,-1.314974
sample,344,drone,8.595304,5.051600,0.572872,1.847619,0.522800,-1.998824,-0.243489,0.051952,-0.198629,-0.024196,-1.314974
sample,345,drone,8.620290,5.064679,0.522866,1.841528,0.523994,-2.003389,-0.244045,0.043611,-0.166736,-0.020311,-1.314974
sample,346,drone,8.645277,5.077785,0.472757,1.835424,0.524979,-2.007156,-0.244504,0.035243,-0.134744,-0.016414,-1.314974
sample,347,drone,8.670263,5.090913,0.422563,1.829309,0.525755,-2.010123,-0.244865,0.026854,-0.102671,-0.012507,-1.314974
sample,348,drone,8.695249,5.104059,0.372306,1.823187,0.526321,-2.012287,-0.245129,0.018449,-0.070536,-0.008592,-1.314974
sample,349,drone,8.720236,5.117215,0.322004,1.817059,0.526677,-2.013647,-0.245295,0.010033,-0.038359,-0.004673,-1.314974
sample,350,drone,8.745222,5.130378,0.271678,1.810929,0.526822,-2.014204,-0.245362,0.001611,-0.006159,-0.000750,-1.314974
sample,351,drone,8.770208,5.143542,0.221349,1.804798,0.526757,-2.013955,-0.245332,-0.006812,0.026045,0.003173,-1.314974
sample,352,drone,8.795195,5.156701,0.171035,1.798669,0.526482,-2.012902,-0.245204,-0.015231,0.058234,0.007094,-1.314974
sample,353,drone,8.820181,5.169852,0.120759,1.792545,0.525996,-2.011045,-0.244978,-0.023641,0.090387,0.011011,-1.314974
sample,354,drone,8.845167,5.182987,0.070538,1.786427,0.525300,-2.008385,-0.244653,-0.032037,0.122486,0.014921,-1.314974
sample,355,drone,8.870154,5.196102,0.020394,1.780319,0.524395,-2.004924,-0.244232,-0.040413,0.154512,0.018822,-1.314974
sample,356,drone,8.895140,5.209192,-0.029653,1.774222,0.523281,-2.000664,-0.243713,-0.048765,0.186444,0.022712,-1.314974
sample,357,drone,8.920126,5.222252,-0.079584,1.768140,0.521958,-1.995607,-0.243097,-0.057088,0.218265,0.026588,-1.314974
sample,358,drone,8.945113,5.235276,-0.129379,1.762074,0.520428,-1.989757,-0.242384,-0.065376,0.249954,0.030448,-1.314974
sample,359,drone,8.970099,5.248259,-0.179018,1.756027,0.518691,-1.983116,-0.241575,-0.073625,0.281493,0.034290,-1.314974
sample,360,drone,8.995085,5.261196,-0.228481,1.750002,0.516749,-1.975690,-0.240671,-0.081830,0.312861,0.038111,-1.314974
sample,361,drone,9.020072,5.274083,-0.277748,1.744000,0.514602,-1.967482,-0.239671,-0.089985,0.344040,0.041910,-1.314974
sample,362,drone,9.045058,5.286912,-0.326801,1.738025,0.512252,-1.958497,-0.238576,-0.098085,0.375010,0.045682,-1.314974
sample,363,drone,9.070044,5.299681,-0.375620,1.732078,0.509700,-1.948741,-0.237388,-0.106126,0.405752,0.049427,-1.314974
sample,364,drone,9.095031,5.312384,-0.424185,1.726162,0.506949,-1.938220,-0.236106,-0.114102,0.436247,0.053142,-1.314974
sample,365,drone,9.120017,5.325015,-0.472478,1.720279,0.503998,-1.926941,-0.234732,-0.122008,0.466476,0.056824,-1.314974
sample,366,drone,9.145004,5.337570,-0.520479,1.714432,0.500851,-1.914909,-0.233267,-0.129840,0.496418,0.060472,-1.314974
sample,367,drone,9.169990,5.350044,-0.568171,1.708622,0.497510,-1.902134,-0.231710,-0.137592,0.526056,0.064082,-1.314974
sample,368,drone,9.194976,5.362432,-0.615534,1.702852,0.493976,-1.888621,-0.230064,-0.145259,0.555369,0.067653,-1.314974
sample,369,drone,9.219963,5.374729,-0.662551,1.697125,0.490251,-1.874380,-0.228330,-0.152836,0.584338,0.071182,-1.314974
sample,370,drone,9.244949,5.386931,-0.709202,1.691442,0.486338,-1.859420,-0.226507,-0.160318,0.612943,0.074666,-1.314974
sample,371,drone,9.269935,5.399033,-0.755471,1.685806,0.482239,-1.843750,-0.224598,-0.167699,0.641167,0.078104,-1.314974
sample,372,drone,9.294922,5.411030,-0.801339,1.680218,0.477958,-1.827379,-0.222604,-0.174976,0.668988,0.081494,-1.314974
sample,373,drone,9.319908,5.422917,-0.846790,1.674682,0.473495,-1.810319,-0.220526,-0.182143,0.696389,0.084831,-1.314974
sample,374,drone,9.344894,5.434691,-0.891806,1.669198,0.468855,-1.792579,-0.218365,-0.189195,0.723349,0.088116,-1.314974
sample,375,drone,9.369881,5.446347,-0.936370,1.663769,0.464041,-1.774171,-0.216122,-0.196126,0.749850,0.091344,-1.314974
sample,376,drone,9.394867,5.457881,-0.980466,1.658398,0.459055,-1.755107,-0.213800,-0.202932,0.775872,0.094514,-1.314974
sample,377,drone,9.419853,5.469288,-1.024077,1.653085,0.453900,-1.735399,-0.211399,-0.209608,0.801395,0.097623,-1.314974
sample,378,drone,9.444840,5.480563,-1.067188,1.647834,0.448580,-1.715059,-0.208922,-0.216148,0.826401,0.100669,-1.314974
sample,379,drone,9.469826,5.491704,-1.109783,1.642645,0.443098,-1.694101,-0.206369,-0.222548,0.850870,0.103650,-1.314974
sample,380,drone,9.494812,5.502706,-1.151847,1.637521,0.437459,-1.672539,-0.203742,-0.228803,0.874783,0.106563,-1.314974
sample,381,drone,9.519799,5.513565,-1.193365,1.632463,0.431664,-1.650386,-0.201043,-0.234907,0.898120,0.109405,-1.314974
sample,382,drone,9.544785,5.524278,-1.234321,1.627474,0.425720,-1.627657,-0.198275,-0.240855,0.920863,0.112176,-1.314974
sample,383,drone,9.569771,5.534840,-1.274703,1.622555,0.419628,-1.604368,-0.195438,-0.246643,0.942991,0.114871,-1.314974
sample,384,drone,9.594758,5.545248,-1.314496,1.617708,0.413394,-1.580533,-0.192534,-0.252265,0.964486,0.117490,-1.314974
sample,385,drone,9.619744,5.555498,-1.353687,1.612934,0.407022,-1.556170,-0.189566,-0.257716,0.985328,0.120029,-1.314974
sample,386,drone,9.644730,5.565588,-1.392262,1.608234,0.400515,-1.531294,-0.186536,-0.262992,1.005498,0.122486,-1.314974
sample,387,drone,9.669717,5.575513,-1.430209,1.603612,0.393879,-1.505922,-0.183445,-0.268087,1.024977,0.124859,-1.314974
sample,388,drone,9.694703,5.585271,-1.467517,1.599067,0.387118,-1.480073,-0.180297,-0.272995,1.043746,0.127145,-1.314974
sample,389,drone,9.719690,5.594858,-1.504173,1.594602,0.380237,-1.453764,-0.177092,-0.277713,1.061784,0.129342,-1.314974
sample,390,drone,9.744676,5.604272,-1.540165,1.590217,0.373240,-1.427013,-0.173833,-0.282235,1.079073,0.131448,-1.314974
sample,391,drone,9.769662,5.613510,-1.575484,1.585915,0.366133,-1.399839,-0.170523,-0.286556,1.095594,0.133461,-1.314974
sample,392,drone,9.794649,5.622569,-1.610119,1.581696,0.358920,-1.372263,-0.167164,-0.290671,1.111326,0.135377,-1.314974
sample,393,drone,9.819635,5.631446,-1.644060,1.577561,0.351607,-1.344303,-0.163758,-0.294575,1.126252,0.137196,-1.314974
sample,394,drone,9.844621,5.640140,-1.677298,1.573513,0.344200,-1.315981,-0.160308,-0.298263,1.140351,0.138913,-1.314974
sample,395,drone,9.869608,5.648647,-1.709823,1.569550,0.336702,-1.287317,-0.156816,-0.301729,1.153604,0.140527,-1.314974
sample,396,drone,9.894594,5.656966,-1.741628,1.565676,0.329121,-1.258332,-0.153285,-0.304969,1.165992,0.142037,-1.314974
sample,397,drone,9.919580,5.665094,-1.772705,1.561890,0.321462,-1.229049,-0.149718,-0.307978,1.177496,0.143438,-1.314974
sample,398,drone,9.944567,5.673030,-1.803047,1.558194,0.313731,-1.199490,-0.146117,-0.310751,1.188096,0.144729,-1.314974
sample,399,drone,9.969553,5.680772,-1.832647,1.554588,0.305933,-1.169677,-0.142485,-0.313282,1.197773,0.145908,-1.314974
sample,400,drone,9.994539,5.688318,-1.861499,1.551074,0.298075,-1.139634,-0.138826,-0.315567,1.206508,0.146972,-1.314974
sample,401,drone,10.019526,5.695668,-1.889598,1.547651,0.290163,-1.109384,-0.135141,-0.317600,1.214281,0.147919,-1.314974
sample,402,drone,10.044512,5.702819,-1.916938,1.544320,0.282204,-1.078953,-0.131434,-0.319376,1.221073,0.148746,-1.314974
sample,403,drone,10.069498,5.709770,-1.943516,1.541083,0.274203,-1.048364,-0.127708,-0.320891,1.226865,0.149452,-1.314974
sample,404,drone,10.094485,5.716521,-1.969328,1.537939,0.266168,-1.017643,-0.123965,-0.322139,1.231638,0.150033,-1.314974
sample,405,drone,10.119471,5.723071,-1.994370,1.534888,0.258105,-0.986816,-0.120210,-0.323116,1.235372,0.150488,-1.314974
sample,406,drone,10.144457,5.729419,-2.018642,1.531931,0.250021,-0.955908,-0.116445,-0.323816,1.238047,0.150814,-1.314974
sample,407,drone,10.169444,5.735565,-2.042140,1.529069,0.241923,-0.924947,-0.112673,-0.324234,1.239645,0.151009,-1.314974
sample,408,drone,10.194430,5.741509,-2.064864,1.526301,0.233818,-0.893960,-0.108899,-0.324365,1.240146,0.151070,-1.314974
sample,409,drone,10.219417,5.747250,-2.086813,1.523627,0.225714,-0.862974,-0.105124,-0.324204,1.239532,0.150995,-1.314974
sample,410,drone,10.244403,5.752789,-2.107989,1.521047,0.217617,-0.832017,-0.101353,-0.323746,1.237782,0.150782,-1.314974
sample,411,drone,10.269389,5.758125,-2.128391,1.518562,0.209535,-0.801119,-0.097589,-0.322986,1.234877,0.150428,-1.314974
sample,412,drone,10.294376,5.763260,-2.148023,1.516171,0.201477,-0.770307,-0.093836,-0.321920,1.230798,0.149931,-1.314974
sample,413,drone,10.319362,5.768193,-2.166886,1.513873,0.193448,-0.739612,-0.090097,-0.320541,1.225526,0.149289,-1.314974
sample,414,drone,10.344348,5.772927,-2.184983,1.511668,0.185458,-0.709064,-0.086375,-0.318845,1.219041,0.148499,-1.314974
sample,415,drone,10.369335,5.777461,-2.202320,1.509556,0.177515,-0.678693,-0.082676,-0.316826,1.211325,0.147559,-1.314974
sample,416,drone,10.394321,5.781798,-2.218899,1.507537,0.169626,-0.648531,-0.079001,-0.314481,1.202357,0.146466,-1.314974
sample,417,drone,10.419307,5.785938,-2.234728,1.505609,0.161799,-0.618608,-0.075356,-0.311803,1.192118,0.145219,-1.314974
sample,418,drone,10.444294,5.789883,-2.249813,1.503771,0.154044,-0.588958,-0.071744,-0.308788,1.180590,0.143815,-1.314974
sample,419,drone,10.469280,5.793636,-2.264160,1.502023,0.146368,-0.559611,-0.068170,-0.305430,1.167753,0.142251,-1.314974
sample,420,drone,10.494266,5.797198,-2.277778,1.500364,0.138781,-0.530602,-0.064636,-0.301725,1.153587,0.140525,-1.314974
sample,421,drone,10.519253,5.800571,-2.290676,1.498793,0.131290,-0.501963,-0.061147,-0.297667,1.138074,0.138636,-1.314974
sample,422,drone,10.544239,5.803758,-2.302863,1.497309,0.123906,-0.473729,-0.057708,-0.293252,1.121194,0.136579,-1.314974
sample,423,drone,10.569225,5.806763,-2.314349,1.495909,0.116636,-0.445934,-0.054322,-0.288474,1.102927,0.134354,-1.314974
sample,424,drone,10.594212,5.809587,-2.325147,1.494594,0.109490,-0.418613,-0.050994,-0.283329,1.083254,0.131958,-1.314974
sample,425,drone,10.619198,5.812234,-2.335269,1.493361,0.102477,-0.391801,-0.047728,-0.277811,1.062157,0.129388,-1.314974
sample,426,drone,10.644184,5.814708,-2.344727,1.492209,0.095607,-0.365534,-0.044528,-0.271915,1.039615,0.126642,-1.314974
sample,427,drone,10.669171,5.817012,-2.353535,1.491136,0.088889,-0.339849,-0.041399,-0.265636,1.015610,0.123718,-1.314974
sample,428,drone,10.694157,5.819150,-2.361710,1.490140,0.082332,-0.314781,-0.038345,-0.258970,0.990122,0.120613,-1.314974
sample,429,drone,10.719143,5.821126,-2.369266,1.489220,0.075947,-0.290370,-0.035372,-0.251911,0.963132,0.117325,-1.314974
sample,430,drone,10.744130,5.822945,-2.376220,1.488373,0.069744,-0.266651,-0.032482,-0.244453,0.934620,0.113852,-1.314974
sample,431,drone,10.769116,5.824612,-2.382591,1.487596,0.063731,-0.243664,-0.029682,-0.236593,0.904567,0.110191,-1.314974
sample,432,drone,10.794103,5.826130,-2.388397,1.486889,0.057920,-0.221447,-0.026976,-0.228324,0.872954,0.106340,-1.314974
sample,433,drone,10.819089,5.827506,-2.393657,1.486248,0.052321,-0.200040,-0.024368,-0.219643,0.839762,0.102297,-1.314974
sample,434,drone,10.844075,5.828745,-2.398393,1.485672,0.046944,-0.179482,-0.021864,-0.210543,0.804971,0.098058,-1.314974
sample,435,drone,10.869062,5.829852,-2.402627,1.485156,0.041800,-0.159814,-0.019468,-0.201020,0.768563,0.093623,-1.314974
sample,436,drone,10.894048,5.830834,-2.406380,1.484699,0.036899,-0.141075,-0.017185,-0.191069,0.730516,0.088989,-1.314974
sample,437,drone,10.919034,5.831696,-2.409676,1.484297,0.032252,-0.123308,-0.015021,-0.180685,0.690814,0.084152,-1.314974
sample,438,drone,10.944021,5.832445,-2.412542,1.483948,0.027869,-0.106553,-0.012980,-0.169862,0.649435,0.079112,-1.314974
sample,439,drone,10.969007,5.833089,-2.415001,1.483648,0.023763,-0.090854,-0.011067,-0.158596,0.606361,0.073864,-1.314974
sample,440,drone,10.993993,5.833633,-2.417082,1.483395,0.019944,-0.076252,-0.009289,-0.146881,0.561572,0.068408,-1.314974
sample,441,drone,11.018980,5.834085,-2.418812,1.483184,0.016423,-0.062791,-0.007649,-0.134713,0.515050,0.062741,-1.314974
sample,442,drone,11.043966,5.834454,-2.420220,1.483013,0.013212,-0.050513,-0.006153,-0.122086,0.466774,0.056861,-1.314974
sample,443,drone,11.068952,5.834746,-2.421336,1.482877,0.010322,-0.039465,-0.004807,-0.108996,0.416726,0.050764,-1.314974
sample,444,drone,11.093939,5.834969,-2.422192,1.482772,0.007765,-0.029688,-0.003617,-0.095437,0.364886,0.044449,-1.314974
sample,445,drone,11.118925,5.835134,-2.422820,1.482696,0.005553,-0.021230,-0.002586,-0.081405,0.311235,0.037913,-1.314974
sample,446,drone,11.143911,5.835247,-2.423253,1.482643,0.003697,-0.014135,-0.001722,-0.066893,0.255754,0.031155,-1.314974
sample,447,drone,11.168898,5.835318,-2.423526,1.482610,0.002210,-0.008449,-0.001029,-0.051898,0.198423,0.024171,-1.314973
sample,448,drone,11.193884,5.835357,-2.423675,1.482592,0.001104,-0.004219,-0.000514,-0.036414,0.139223,0.016960,-1.314973
sample,449,drone,11.218870,5.835374,-2.423737,1.482584,0.000390,-0.001492,-0.000182,-0.020205,0.080358,0.009885,-1.314973
sample,450,drone,11.243857,5.835377,-2.423750,1.482583,0.000094,-0.000204,-0.000020,-0.001125,0.043125,0.006459,-1.138871
sample,451,drone,11.268843,5.835378,-2.423747,1.482583,0.000334,0.000663,0.000141,0.023224,0.054126,0.011032,1.104062
sample,452,drone,11.293829,5.835394,-2.423716,1.482590,0.001254,0.002501,0.000531,0.051081,0.101903,0.021644,1.105892
sample,453,drone,11.318816,5.835441,-2.423622,1.482610,0.002887,0.005755,0.001223,0.079137,0.157778,0.033517,1.105892
sample,454,drone,11.343802,5.835538,-2.423429,1.482651,0.005209,0.010386,0.002206,0.106325,0.211983,0.045032,1.105892
sample,455,drone,11.368789,5.835701,-2.423103,1.482720,0.008200,0.016349,0.003473,0.132644,0.264457,0.056179,1.105892
sample,456,drone,11.393775,5.835948,-2.422612,1.482824,0.011838,0.023601,0.005014,0.158105,0.315219,0.066962,1.105892
sample,457,drone,11.418761,5.836293,-2.421924,1.482971,0.016101,0.032101,0.006819,0.182716,0.364287,0.077386,1.105892
sample,458,drone,11.443748,5.836752,-2.421008,1.483165,0.020969,0.041806,0.008881,0.206486,0.411679,0.087453,1.105892
sample,459,drone,11.468734,5.837341,-2.419835,1.483414,0.026420,0.052674,0.011190,0.229425,0.457412,0.097169,1.105892
sample,460,drone,11.493720,5.838072,-2.418375,1.483724,0.032434,0.064664,0.013737,0.251541,0.501505,0.106535,1.105892
sample,461,drone,11.518707,5.838961,-2.416603,1.484101,0.038990,0.077735,0.016513,0.272843,0.543976,0.115557,1.105892
sample,462,drone,11.543693,5.840021,-2.414491,1.484550,0.046068,0.091848,0.019511,0.293340,0.584842,0.124239,1.105892
sample,463,drone,11.568679,5.841264,-2.412013,1.485076,0.053649,0.106961,0.022722,0.313042,0.624122,0.132583,1.105892
sample,464,drone,11.593666,5.842702,-2.409146,1.485685,0.061712,0.123037,0.026137,0.331957,0.661833,0.140594,1.105892
sample,465,drone,11.618652,5.844348,-2.405865,1.486382,0.070238,0.140035,0.029748,0.350094,0.697994,0.148276,1.105892
sample,466,drone,11.643638,5.846212,-2.402148,1.487172,0.079207,0.157917,0.033547,0.367463,0.732623,0.155632,1.105892
sample,467,drone,11.668625,5.848306,-2.397973,1.488058,0.088601,0.176646,0.037525,0.384072,0.765737,0.162666,1.105892
sample,468,drone,11.693611,5.850639,-2.393320,1.489047,0.098400,0.196183,0.041675,0.399931,0.797354,0.169383,1.105892
sample,469,drone,11.718597,5.853223,-2.388169,1.490141,0.108586,0.216492,0.045990,0.415047,0.827493,0.175785,1.105892
sample,470,drone,11.743584,5.856066,-2.382502,1.491345,0.119141,0.237535,0.050460,0.429431,0.856171,0.181877,1.105892
sample,471,drone,11.768570,5.859177,-2.376299,1.492663,0.130046,0.259277,0.055079,0.443092,0.883407,0.187663,1.105892
sample,472,drone,11.793556,5.862565,-2.369545,1.494098,0.141284,0.281682,0.059838,0.456038,0.909217,0.193146,1.105892
sample,473,drone,11.818543,5.866237,-2.362223,1.495653,0.152836,0.304713,0.064731,0.468278,0.933621,0.198330,1.105892
sample,474,drone,11.843529,5.870202,-2.354317,1.497332,0.164685,0.328337,0.069749,0.479822,0.956637,0.203219,1.105892
sample,475,drone,11.868515,5.874467,-2.345815,1.499139,0.176814,0.352519,0.074886,0.490678,0.978281,0.207817,1.105892
sample,476,drone,11.893502,5.879038,-2.336701,1.501075,0.189205,0.377225,0.080134,0.500856,0.998573,0.212128,1.105892
sample,477,drone,11.918488,5.883922,-2.326964,1.503143,0.201843,0.402420,0.085487,0.510364,1.017529,0.216155,1.105892
sample,478,drone,11.943475,5.889125,-2.316591,1.505347,0.214710,0.428073,0.090936,0.519212,1.035169,0.219902,1.105892
sample,479,drone,11.968461,5.894652,-2.305572,1.507687,0.227789,0.454151,0.096476,0.527408,1.051510,0.223373,1.105892
sample,480,drone,11.993447,5.900508,-2.293896,1.510168,0.241066,0.480620,0.102099,0.534961,1.066570,0.226573,1.105892
sample,481,drone,12.018434,5.906698,-2.281554,1.512789,0.254523,0.507450,0.107798,0.541882,1.080367,0.229503,1.105892
sample,482,drone,12.043420,5.913227,-2.268537,1.515555,0.268145,0.534609,0.113568,0.548177,1.092918,0.232170,1.105892
sample,483,drone,12.068406,5.920098,-2.254838,1.518465,0.281917,0.562066,0.119400,0.553857,1.104243,0.234576,1.105892
sample,484,drone,12.093393,5.927315,-2.240449,1.521521,0.295823,0.589791,0.125290,0.558931,1.114359,0.236724,1.105892
sample,485,drone,12.118379,5.934881,-2.225365,1.524726,0.309848,0.617754,0.131230,0.563407,1.123283,0.238620,1.105892
sample,486,drone,12.143365,5.942799,-2.209579,1.528079,0.323978,0.645924,0.137214,0.567295,1.131034,0.240267,1.105892
sample,487,drone,12.168352,5.951071,-2.193086,1.531583,0.338197,0.674274,0.143237,0.570603,1.137630,0.241668,1.105892
sample,488,drone,12.193338,5.959700,-2.175883,1.535237,0.352492,0.702775,0.149291,0.573341,1.143089,0.242828,1.105892
sample,489,drone,12.218324,5.968686,-2.157967,1.539043,0.366849,0.731398,0.155372,0.575518,1.147428,0.243749,1.105892
sample,490,drone,12.243311,5.978032,-2.139333,1.543002,0.381252,0.760115,0.161472,0.577142,1.150667,0.244437,1.105892
sample,491,drone,12.268297,5.987739,-2.119982,1.547112,0.395690,0.788900,0.167587,0.578223,1.152821,0.244895,1.105892
sample,492,drone,12.293283,5.997806,-2.099910,1.551376,0.410148,0.817725,0.173710,0.578769,1.153911,0.245127,1.105892
sample,493,drone,12.318270,6.008235,-2.079118,1.555793,0.424613,0.846564,0.179836,0.578790,1.153953,0.245135,1.105892
sample,494,drone,12.343256,6.019025,-2.057605,1.560363,0.439071,0.875391,0.185960,0.578295,1.152965,0.244926,1.105892
sample,495,drone,12.368242,6.030176,-2.035372,1.565086,0.453512,0.904180,0.192076,0.577292,1.150966,0.244501,1.105892
sample,496,drone,12.393229,6.041688,-2.012420,1.569962,0.467920,0.932908,0.198179,0.575791,1.147974,0.243865,1.105892
sample,497,drone,12.418215,6.053560,-1.988752,1.574990,0.482285,0.961548,0.204263,0.573801,1.144006,0.243022,1.105892
sample,498,drone,12.443202,6.065789,-1.964369,1.580169,0.496595,0.990077,0.210323,0.571331,1.139080,0.241976,1.105892
sample,499,drone,12.468188,6.078376,-1.939275,1.585500,0.510836,1.018471,0.216355,0.568389,1.133215,0.240730,1.105892
sample,500,drone,12.493174,6.091317,-1.913474,1.590981,0.524999,1.046706,0.222353,0.564985,1.126428,0.239288,1.105892
sample,501,drone,12.518161,6.104611,-1.886969,1.596612,0.539070,1.074761,0.228313,0.561127,1.118737,0.237655,1.105892
sample,502,drone,12.543147,6.118256,-1.859765,1.602391,0.553040,1.102613,0.234229,0.556825,1.110161,0.235833,1.105892
sample,503,drone,12.568133,6.132248,-1.831868,1.608317,0.566896,1.130239,0.240098,0.552088,1.100716,0.233826,1.105892
sample,504,drone,12.593120,6.146585,-1.803284,1.614389,0.580629,1.157618,0.245914,0.546925,1.090422,0.231640,1.105892
sample,505,drone,12.618106,6.161264,-1.774019,1.620606,0.594227,1.184730,0.251674,0.541345,1.079297,0.229276,1.105892
sample,506,drone,12.643092,6.176280,-1.744080,1.626966,0.607681,1.211554,0.257372,0.535356,1.067357,0.226740,1.105892
sample,507,drone,12.668079,6.191631,-1.713474,1.633467,0.620981,1.238069,0.263004,0.528969,1.054621,0.224034,1.105892
sample,508,drone,12.693065,6.207312,-1.682210,1.640109,0.634115,1.264256,0.268567,0.522191,1.041108,0.221164,1.105892
sample,509,drone,12.718051,6.223320,-1.650296,1.646888,0.647076,1.290096,0.274056,0.515031,1.026834,0.218132,1.105892
sample,510,drone,12.743038,6.239649,-1.617740,1.653804,0.659853,1.315570,0.279468,0.507500,1.011819,0.214942,1.105892
sample,511,drone,12.768024,6.256294,-1.584553,1.660854,0.672437,1.340659,0.284798,0.499605,0.996079,0.211598,1.105892
sample,512,drone,12.793010,6.273252,-1.550744,1.668036,0.684820,1.365347,0.290042,0.491357,0.979634,0.208105,1.105892
sample,513,drone,12.817997,6.290517,-1.516323,1.675348,0.696992,1.389614,0.295197,0.482763,0.962500,0.204465,1.105892
sample,514,drone,12.842983,6.308083,-1.481301,1.682788,0.708945,1.413445,0.300260,0.473833,0.944696,0.200683,1.105892
sample,515,drone,12.867969,6.325944,-1.445690,1.690353,0.720670,1.436823,0.305226,0.464576,0.926240,0.196762,1.105892
sample,516,drone,12.892956,6.344096,-1.409499,1.698041,0.732161,1.459732,0.310092,0.455001,0.907150,0.192707,1.105892
sample,517,drone,12.917942,6.362533,-1.372743,1.705849,0.743408,1.482156,0.314856,0.445117,0.887444,0.188521,1.105892
sample,518,drone,12.942928,6.381247,-1.335432,1.713775,0.754404,1.504080,0.319513,0.434933,0.867139,0.184207,1.105892
sample,519,drone,12.967915,6.400232,-1.297580,1.721816,0.765143,1.525489,0.324061,0.424457,0.846254,0.179771,1.105892
sample,520,drone,12.992901,6.419483,-1.259199,1.729969,0.775616,1.546370,0.328497,0.413700,0.824806,0.175215,1.105892
sample,521,drone,13.017888,6.438992,-1.220304,1.738232,0.785816,1.566707,0.332817,0.402669,0.802815,0.170543,1.105892
sample,522,drone,13.042874,6.458752,-1.180907,1.746601,0.795738,1.586488,0.337019,0.391375,0.780296,0.165759,1.105892
sample,523,drone,13.067860,6.478757,-1.141022,1.755074,0.805374,1.605701,0.341101,0.379825,0.757270,0.160868,1.105892
sample,524,drone,13.092847,6.498999,-1.100665,1.763647,0.814719,1.624331,0.345058,0.368030,0.733753,0.155872,1.105892
sample,525,drone,13.117833,6.519471,-1.059850,1.772317,0.823766,1.642368,0.348890,0.355997,0.709763,0.150776,1.105892
sample,526,drone,13.142819,6.540165,-1.018592,1.781082,0.832509,1.659800,0.352593,0.343737,0.685319,0.145583,1.105892
sample,527,drone,13.167806,6.561073,-0.976906,1.789937,0.840943,1.676615,0.356165,0.331257,0.660438,0.140298,1.105892
sample,528,drone,13.192792,6.582189,-0.934807,1.798880,0.849063,1.692804,0.359604,0.318568,0.635139,0.134923,1.105892
sample,529,drone,13.217778,6.603503,-0.892312,1.807908,0.856863,1.708355,0.362908,0.305677,0.609439,0.129464,1.105892
sample,530,drone,13.242765,6.625009,-0.849436,1.817016,0.864338,1.723259,0.366074,0.292595,0.583356,0.123923,1.105892
sample,531,drone,13.267751,6.646697,-0.806196,1.826201,0.871485,1.737507,0.369100,0.279330,0.556909,0.118305,1.105892
sample,532,drone,13.292737,6.668559,-0.762608,1.835461,0.878297,1.751089,0.371986,0.265891,0.530114,0.112613,1.105892
sample,533,drone,13.317724,6.690588,-0.718689,1.844791,0.884772,1.763998,0.374728,0.252286,0.502992,0.106851,1.105892
sample,534,drone,13.342710,6.712774,-0.674456,1.854187,0.890905,1.776225,0.377325,0.238526,0.475558,0.101023,1.105892
sample,535,drone,13.367696,6.735108,-0.629926,1.863647,0.896692,1.787763,0.379776,0.224620,0.447831,0.095133,1.105892
sample,536,drone,13.392683,6.757584,-0.585117,1.873165,0.902130,1.798605,0.382080,0.210575,0.419830,0.089185,1.105892
sample,537,drone,13.417669,6.780190,-0.540045,1.882740,0.907215,1.808743,0.384233,0.196401,0.391571,0.083182,1.105892
sample,538,drone,13.442655,6.802920,-0.494729,1.892367,0.911944,1.818172,0.386236,0.182108,0.363074,0.077128,1.105892
sample,539,drone,13.467642,6.825763,-0.449186,1.902041,0.916315,1.826887,0.388088,0.167703,0.334355,0.071027,1.105892
sample,540,drone,13.492628,6.848710,-0.403435,1.911760,0.920325,1.834881,0.389786,0.153197,0.305434,0.064884,1.105892
sample,541,drone,13.517614,6.871754,-0.357492,1.921520,0.923971,1.842150,0.391330,0.138598,0.276327,0.058701,1.105892
sample,542,drone,13.542601,6.894884,-0.311377,1.931316,0.927251,1.848690,0.392719,0.123915,0.247054,0.052482,1.105892
sample,543,drone,13.567587,6.918091,-0.265108,1.941145,0.930163,1.854496,0.393953,0.109158,0.217631,0.046232,1.105892
sample,544,drone,13.592574,6.941366,-0.218703,1.951003,0.932706,1.859565,0.395030,0.094334,0.188077,0.039953,1.105892
sample,545,drone,13.617560,6.964701,-0.172181,1.960886,0.934877,1.863895,0.395949,0.079454,0.158410,0.033651,1.105892
sample,546,drone,13.642546,6.988085,-0.125559,1.970790,0.936676,1.867482,0.396711,0.064526,0.128648,0.027329,1.105892
sample,547,drone,13.667533,7.011509,-0.078858,1.980711,0.938102,1.870324,0.397315,0.049560,0.098808,0.020990,1.105892
sample,548,drone,13.692519,7.034964,-0.032094,1.990645,0.939153,1.872419,0.397760,0.034563,0.068910,0.014639,1.105892
sample,549,drone,13.717505,7.058441,0.014712,2.000588,0.939829,1.873767,0.398046,0.019546,0.038969,0.008278,1.105892
sample,550,drone,13.742492,7.081930,0.061543,2.010536,0.940130,1.874367,0.398174,0.004517,0.009006,0.001913,1.105892
sample,551,drone,13.767478,7.105422,0.108379,2.020486,0.940055,1.874217,0.398142,-0.010514,-0.020963,-0.004453,1.105892
sample,552,drone,13.792464,7.128907,0.155203,2.030432,0.939604,1.873319,0.397951,-0.025540,-0.050919,-0.010817,1.105892
sample,553,drone,13.817451,7.152376,0.201994,2.040372,0.938779,1.871673,0.397601,-0.040550,-0.080845,-0.017174,1.105892
sample,554,drone,13.842437,7.175820,0.248735,2.050302,0.937578,1.869279,0.397093,-0.055535,-0.110723,-0.023521,1.105892
sample,555,drone,13.867423,7.199230,0.295407,2.060216,0.936003,1.866140,0.396426,-0.070488,-0.140533,-0.029854,1.105892
sample,556,drone,13.892410,7.222595,0.341991,2.070112,0.934056,1.862256,0.395601,-0.085398,-0.170260,-0.036168,1.105892
sample,557,drone,13.917396,7.245907,0.388469,2.079985,0.931736,1.857631,0.394619,-0.100256,-0.199884,-0.042462,1.105892
sample,558,drone,13.942382,7.269156,0.434822,2.089832,0.929045,1.852268,0.393479,-0.115054,-0.229388,-0.048729,1.105892
sample,559,drone,13.967369,7.292334,0.481032,2.099649,0.925986,1.846168,0.392184,-0.129783,-0.258753,-0.054967,1.105892
sample,560,drone,13.992355,7.315430,0.527080,2.109431,0.922560,1.839337,0.390732,-0.144434,-0.287962,-0.061172,1.105892
sample,561,drone,14.017341,7.338437,0.572949,2.119175,0.918768,1.831778,0.389127,-0.158997,-0.316997,-0.067340,1.105892
sample,562,drone,14.042328,7.361344,0.618619,2.128876,0.914614,1.823496,0.387367,-0.173463,-0.345839,-0.073467,1.105892
sample,563,drone,14.067314,7.384142,0.664074,2.138532,0.910100,1.814495,0.385455,-0.187825,-0.374472,-0.079549,1.105892
sample,564,drone,14.092301,7.406824,0.709294,2.148139,0.905228,1.804782,0.383392,-0.202071,-0.402876,-0.085583,1.105892
sample,565,drone,14.117287,7.429379,0.754263,2.157691,0.900002,1.794363,0.381178,-0.216195,-0.431034,-0.091565,1.105892
sample,566,drone,14.142273,7.451799,0.798963,2.167187,0.894424,1.783243,0.378816,-0.230185,-0.458928,-0.097491,1.105892
sample,567,drone,14.167260,7.474076,0.843377,2.176622,0.888499,1.771429,0.376307,-0.244035,-0.486540,-0.103356,1.105892
sample,568,drone,14.192246,7.496200,0.887486,2.185992,0.882229,1.758929,0.373651,-0.257734,-0.513852,-0.109158,1.105892
sample,569,drone,14.217232,7.518163,0.931275,2.195294,0.875619,1.745750,0.370852,-0.271273,-0.540846,-0.114892,1.105892
sample,570,drone,14.242219,7.539957,0.974726,2.204525,0.868673,1.731901,0.367910,-0.284644,-0.567504,-0.120555,1.105892
sample,571,drone,14.267205,7.561573,1.017823,2.213680,0.861395,1.717391,0.364827,-0.297837,-0.593808,-0.126143,1.105892
sample,572,drone,14.292191,7.583003,1.060549,2.222756,0.853789,1.702227,0.361606,-0.310844,-0.619740,-0.131652,1.105892
sample,573,drone,14.317178,7.604239,1.102888,2.231750,0.845861,1.686420,0.358248,-0.323656,-0.645282,-0.137078,1.105892
sample,574,drone,14.342164,7.625273,1.144824,2.240659,0.837615,1.669981,0.354756,-0.336262,-0.670417,-0.142417,1.105892
sample,575,drone,14.367150,7.646097,1.186341,2.249478,0.829057,1.652918,0.351131,-0.348655,-0.695126,-0.147666,1.105892
sample,576,drone,14.392137,7.666704,1.227425,2.258206,0.820192,1.635243,0.347377,-0.360826,-0.719391,-0.152821,1.105892
sample,577,drone,14.417123,7.687085,1.268059,2.266838,0.811026,1.616968,0.343494,-0.372765,-0.743194,-0.157877,1.105892
sample,578,drone,14.442109,7.707233,1.308229,2.275371,0.801564,1.598104,0.339487,-0.384464,-0.766517,-0.162832,1.105892
sample,579,drone,14.467096,7.727141,1.347920,2.283803,0.791813,1.578663,0.335357,-0.395912,-0.789343,-0.167681,1.105892
sample,580,drone,14.492082,7.746802,1.387119,2.292130,0.781779,1.558658,0.331107,-0.407103,-0.811654,-0.172420,1.105892
sample,581,drone,14.517068,7.766208,1.425811,2.300349,0.771469,1.538103,0.326741,-0.418025,-0.833430,-0.177046,1.105892
sample,582,drone,14.542055,7.785354,1.463982,2.308458,0.760889,1.517010,0.322260,-0.428671,-0.854655,-0.181555,1.105892
sample,583,drone,14.567041,7.804232,1.501620,2.316453,0.750047,1.495393,0.317668,-0.439031,-0.875311,-0.185943,1.105892
sample,584,drone,14.592027,7.822836,1.538711,2.324333,0.738950,1.473268,0.312968,-0.449097,-0.895379,-0.190206,1.105892
sample,585,drone,14.617014,7.841159,1.575243,2.332093,0.727605,1.450649,0.308163,-0.458859,-0.914842,-0.194341,1.105892
sample,586,drone,14.642000,7.859196,1.611204,2.339732,0.716019,1.427551,0.303256,-0.468308,-0.933681,-0.198343,1.105892
sample,587,drone,14.666987,7.876941,1.646582,2.347248,0.704202,1.403990,0.298251,-0.477436,-0.951879,-0.202209,1.105892
sample,588,drone,14.691973,7.894387,1.681365,2.354637,0.692161,1.379983,0.293151,-0.486233,-0.969418,-0.205934,1.105892
sample,589,drone,14.716959,7.911530,1.715543,2.361897,0.679904,1.355546,0.287960,-0.494690,-0.986279,-0.209516,1.105892
sample,590,drone,14.741946,7.928364,1.749105,2.369027,0.667440,1.330696,0.282681,-0.502798,-1.002445,-0.212951,1.105892
sample,591,drone,14.766932,7.944884,1.782041,2.376024,0.654777,1.305451,0.277318,-0.510549,-1.017898,-0.216233,1.105892
sample,592,drone,14.791918,7.961085,1.814342,2.382885,0.641926,1.279829,0.271875,-0.517933,-1.032620,-0.219360,1.105892
sample,593,drone,14.816905,7.976963,1.845998,2.389610,0.628895,1.253848,0.266356,-0.524941,-1.046592,-0.222329,1.105892
sample,594,drone,14.841891,7.992512,1.877000,2.396196,0.615693,1.227528,0.260765,-0.531565,-1.059797,-0.225134,1.105892
sample,595,drone,14.866877,8.007730,1.907341,2.402641,0.602331,1.200887,0.255106,-0.537794,-1.072217,-0.227772,1.105892
sample,596,drone,14.891864,8.022613,1.937012,2.408944,0.588818,1.173946,0.249383,-0.543621,-1.083834,-0.230240,1.105892
sample,597,drone,14.916850,8.037155,1.966006,2.415103,0.575165,1.146725,0.243600,-0.549036,-1.094631,-0.232534,1.105892
sample,598,drone,14.941836,8.051355,1.994317,2.421117,0.561382,1.119244,0.237762,-0.554030,-1.104588,-0.234649,1.105892
sample,599,drone,14.966823,8.065209,2.021938,2.426985,0.547479,1.091526,0.231874,-0.558594,-1.113688,-0.236582,1.105892
sample,600,drone,14.991809,8.078714,2.048863,2.432705,0.533467,1.063590,0.225940,-0.562720,-1.121913,-0.238329,1.105892
sample,601,drone,15.016795,8.091868,2.075088,2.438276,0.519358,1.035461,0.219964,-0.566398,-1.129245,-0.239887,1.105892
sample,602,drone,15.041782,8.104668,2.100608,2.443697,0.505163,1.007159,0.213952,-0.569618,-1.135666,-0.241251,1.105892
sample,603,drone,15.066768,8.117112,2.125419,2.448967,0.490893,0.978708,0.207908,-0.572373,-1.141159,-0.242418,1.105892
sample,604,drone,15.091754,8.129199,2.149517,2.454087,0.476560,0.950132,0.201838,-0.574653,-1.145705,-0.243383,1.105892
sample,605,drone,15.116741,8.140927,2.172899,2.459054,0.462176,0.921454,0.195746,-0.576449,-1.149286,-0.244144,1.105892
sample,606,drone,15.141727,8.152295,2.195564,2.463869,0.447753,0.892699,0.189637,-0.577753,-1.151884,-0.244696,1.105892
sample,607,drone,15.166713,8.163303,2.217510,2.468531,0.433304,0.863892,0.183517,-0.578554,-1.153482,-0.245035,1.105892
sample,608,drone,15.191700,8.173949,2.238735,2.473039,0.418841,0.835057,0.177392,-0.578844,-1.154060,-0.245158,1.105892
sample,609,drone,15.216686,8.184233,2.259240,2.477395,0.404377,0.806220,0.171266,-0.578615,-1.153603,-0.245061,1.105892
sample,610,drone,15.241673,8.194156,2.279024,2.481598,0.389926,0.777408,0.165146,-0.577856,-1.152090,-0.244740,1.105892
sample,611,drone,15.266659,8.203719,2.298089,2.485648,0.375500,0.748647,0.159036,-0.576560,-1.149505,-0.244191,1.105892
sample,612,drone,15.291645,8.212921,2.316436,2.489546,0.361114,0.719964,0.152943,-0.574716,-1.145830,-0.243410,1.105892
sample,613,drone,15.316632,8.221765,2.334068,2.493291,0.346780,0.691387,0.146872,-0.572317,-1.141046,-0.242394,1.105892
sample,614,drone,15.341618,8.230251,2.350987,2.496885,0.332514,0.662943,0.140830,-0.569352,-1.135136,-0.241138,1.105892
sample,615,drone,15.366604,8.238381,2.367197,2.500329,0.318328,0.634661,0.134822,-0.565814,-1.128081,-0.239639,1.105892
sample,616,drone,15.391591,8.246158,2.382702,2.503623,0.304238,0.606570,0.128854,-0.561692,-1.119864,-0.237894,1.105892
sample,617,drone,15.416577,8.253585,2.397509,2.506768,0.290259,0.578698,0.122934,-0.556979,-1.110466,-0.235898,1.105892
sample,618,drone,15.441563,8.260663,2.411622,2.509766,0.276405,0.551077,0.117066,-0.551664,-1.099870,-0.233647,1.105892
sample,619,drone,15.466550,8.267398,2.425048,2.512618,0.262691,0.523735,0.111258,-0.545740,-1.088058,-0.231137,1.105892
sample,620,drone,15.491536,8.273791,2.437794,2.515326,0.249133,0.496704,0.105515,-0.539196,-1.075012,-0.228366,1.105892
sample,621,drone,15.516522,8.279847,2.449869,2.517891,0.235746,0.470014,0.099846,-0.532024,-1.060713,-0.225328,1.105892
sample,622,drone,15.541509,8.285572,2.461282,2.520315,0.222546,0.443697,0.094255,-0.524215,-1.045145,-0.222021,1.105892
sample,623,drone,15.566495,8.290969,2.472042,2.522601,0.209549,0.417785,0.088751,-0.515760,-1.028288,-0.218440,1.105892
sample,624,drone,15.591481,8.296043,2.482160,2.524750,0.196772,0.392311,0.083339,-0.506650,-1.010124,-0.214582,1.105892
sample,625,drone,15.616468,8.300802,2.491647,2.526766,0.184231,0.367306,0.078027,-0.496876,-0.990637,-0.210442,1.105892
sample,626,drone,15.641454,8.305250,2.500515,2.528650,0.171942,0.342806,0.072823,-0.486429,-0.969808,-0.206017,1.105892
sample,627,drone,15.666440,8.309394,2.508778,2.530405,0.159922,0.318842,0.067732,-0.475299,-0.947619,-0.201304,1.105892
sample,628,drone,15.691427,8.313242,2.516448,2.532034,0.148190,0.295451,0.062763,-0.463478,-0.924052,-0.196297,1.105892
sample,629,drone,15.716413,8.316800,2.523542,2.533541,0.136761,0.272665,0.057923,-0.450958,-0.899089,-0.190994,1.105892
sample,630,drone,15.741400,8.320076,2.530074,2.534929,0.125654,0.250521,0.053218,-0.437728,-0.872712,-0.185391,1.105892
sample,631,drone,15.766386,8.323079,2.536061,2.536201,0.114887,0.229053,0.048658,-0.423779,-0.844903,-0.179484,1.105892
sample,632,drone,15.791372,8.325817,2.541521,2.537360,0.104477,0.208299,0.044249,-0.409104,-0.815644,-0.173268,1.105892
sample,633,drone,15.816359,8.328300,2.546471,2.538412,0.094443,0.188293,0.039999,-0.393692,-0.784917,-0.166741,1.105892
sample,634,drone,15.841345,8.330537,2.550930,2.539359,0.084803,0.169074,0.035917,-0.377536,-0.752705,-0.159898,1.105892
sample,635,drone,15.866331,8.332538,2.554920,2.540207,0.075576,0.150679,0.032009,-0.360625,-0.718989,-0.152736,1.105892
sample,636,drone,15.891318,8.334314,2.558460,2.540959,0.066782,0.133145,0.028284,-0.342950,-0.683751,-0.145250,1.105892
sample,637,drone,15.916304,8.335875,2.561573,2.541620,0.058438,0.116510,0.024750,-0.324504,-0.646973,-0.137437,1.105892
sample,638,drone,15.941290,8.337234,2.564282,2.542196,0.050565,0.100814,0.021416,-0.305276,-0.608638,-0.129294,1.105892
sample,639,drone,15.966277,8.338402,2.566611,2.542690,0.043183,0.086095,0.018289,-0.285258,-0.568727,-0.120815,1.105892
sample,640,drone,15.991263,8.339392,2.568585,2.543110,0.036310,0.072393,0.015378,-0.264440,-0.527223,-0.111999,1.105892
sample,641,drone,16.016249,8.340216,2.570229,2.543459,0.029968,0.059748,0.012692,-0.242815,-0.484107,-0.102839,1.105892
sample,642,drone,16.041236,8.340889,2.571570,2.543744,0.024176,0.048201,0.010239,-0.220372,-0.439362,-0.093334,1.105892
sample,643,drone,16.066222,8.341425,2.572637,2.543971,0.018955,0.037792,0.008028,-0.197102,-0.392969,-0.083479,1.105892
sample,644,drone,16.091208,8.341837,2.573459,2.544145,0.014326,0.028563,0.006068,-0.172998,-0.344911,-0.073270,1.105892
sample,645,drone,16.116195,8.342140,2.574065,2.544274,0.010310,0.020556,0.004367,-0.148049,-0.295169,-0.062703,1.105892
sample,646,drone,16.141181,8.342352,2.574486,2.544363,0.006928,0.013812,0.002934,-0.122246,-0.243726,-0.051775,1.105892
sample,647,drone,16.166167,8.342487,2.574755,2.544421,0.004201,0.008376,0.001779,-0.095581,-0.190564,-0.040482,1.105892
sample,648,drone,16.191154,8.342562,2.574905,2.544452,0.002151,0.004289,0.000911,-0.068045,-0.135664,-0.028819,1.105892
sample,649,drone,16.216140,8.342594,2.574969,2.544466,0.000801,0.001596,0.000339,-0.036376,-0.080784,-0.018656,1.105891
sample,650,drone,16.241126,8.342602,2.574985,2.544469,0.000334,0.000252,-0.000021,0.042501,-0.049777,-0.034919,0.647699
sample,651,drone,16.266113,8.342611,2.574982,2.544465,0.002925,-0.000891,-0.001406,0.228212,-0.077129,-0.112692,-0.295722
sample,652,drone,16.291099,8.342748,2.574940,2.544399,0.011738,-0.003602,-0.005653,0.495239,-0.152095,-0.238539,-0.297734
sample,653,drone,16.316086,8.343197,2.574802,2.544183,0.027673,-0.008492,-0.013326,0.769279,-0.236057,-0.370456,-0.297734
sample,654,drone,16.341072,8.344131,2.574516,2.543733,0.050181,-0.015398,-0.024165,1.021104,-0.313331,-0.491725,-0.297734
sample,655,drone,16.366058,8.345705,2.574033,2.542975,0.078700,-0.024150,-0.037899,1.250768,-0.383804,-0.602323,-0.297734
sample,656,drone,16.391045,8.348064,2.573309,2.541839,0.112685,-0.034578,-0.054265,1.458881,-0.447665,-0.702542,-0.297734
sample,657,drone,16.416031,8.351336,2.572305,2.540263,0.151605,-0.046521,-0.073007,1.646051,-0.505099,-0.792676,-0.297734
sample,658,drone,16.441017,8.355640,2.570984,2.538191,0.194943,-0.059819,-0.093877,1.812888,-0.556294,-0.873019,-0.297734
sample,659,drone,16.466004,8.361078,2.569315,2.535572,0.242200,-0.074320,-0.116634,1.960002,-0.601436,-0.943863,-0.297734
sample,660,drone,16.490990,8.367743,2.567270,2.532362,0.292889,-0.089875,-0.141045,2.088001,-0.640713,-1.005503,-0.297734
sample,661,drone,16.515976,8.375715,2.564824,2.528523,0.346543,-0.106338,-0.166882,2.197494,-0.674312,-1.058231,-0.297734
sample,662,drone,16.540963,8.385061,2.561956,2.524023,0.402704,-0.123572,-0.193927,2.289091,-0.702419,-1.102340,-0.297734
sample,663,drone,16.565949,8.395839,2.558649,2.518832,0.460935,-0.141440,-0.221969,2.363400,-0.725221,-1.138125,-0.297734
sample,664,drone,16.590935,8.408095,2.554888,2.512930,0.520810,-0.159813,-0.250802,2.421032,-0.742906,-1.165878,-0.297734
sample,665,drone,16.615922,8.421865,2.550663,2.506299,0.581920,-0.178565,-0.280231,2.462595,-0.755660,-1.185893,-0.297734
sample,666,drone,16.640908,8.437175,2.545965,2.498926,0.643872,-0.197575,-0.310065,2.488699,-0.763670,-1.198464,-0.297734
sample,667,drone,16.665894,8.454041,2.540789,2.490804,0.706287,-0.216728,-0.340121,2.499952,-0.767123,-1.203883,-0.297734
sample,668,drone,16.690881,8.472470,2.535134,2.481930,0.768801,-0.235911,-0.370226,2.496964,-0.766206,-1.202444,-0.297734
sample,669,drone,16.715867,8.492460,2.529000,2.472303,0.831067,-0.255017,-0.400211,2.480344,-0.761106,-1.194441,-0.297734
sample,670,drone,16.740853,8.514001,2.522390,2.461930,0.892751,-0.273945,-0.429915,2.450701,-0.752010,-1.180166,-0.297734
sample,671,drone,16.765840,8.537073,2.515310,2.450819,0.953535,-0.292597,-0.459187,2.408645,-0.739105,-1.159913,-0.297734
sample,672,drone,16.790826,8.561652,2.507768,2.438983,1.013117,-0.310880,-0.487879,2.354784,-0.722577,-1.133976,-0.297734
sample,673,drone,16.815812,8.587702,2.499775,2.426439,1.071210,-0.328706,-0.515855,2.289729,-0.702615,-1.102647,-0.297734
sample,674,drone,16.840799,8.615183,2.491342,2.413205,1.127541,-0.345992,-0.542982,2.214087,-0.679404,-1.066221,-0.297734
sample,675,drone,16.865785,8.644048,2.482485,2.399304,1.181854,-0.362658,-0.569137,2.128468,-0.653131,-1.024990,-0.297734
sample,676,drone,16.890772,8.674243,2.473219,2.384763,1.233907,-0.378630,-0.594203,2.033482,-0.623984,-0.979249,-0.297734
sample,677,drone,16.915758,8.705710,2.463563,2.369610,1.283473,-0.393840,-0.618072,1.929737,-0.592150,-0.929289,-0.297734
sample,678,drone,16.940744,8.738382,2.453538,2.353877,1.330341,-0.408222,-0.640642,1.817844,-0.557814,-0.875405,-0.297734
sample,679,drone,16.965731,8.772190,2.443163,2.337596,1.374315,-0.421716,-0.661819,1.698410,-0.521166,-0.817890,-0.297734
sample,680,drone,16.990717,8.807060,2.432464,2.320804,1.415215,-0.434266,-0.681514,1.572045,-0.482390,-0.757038,-0.297734
sample,681,drone,17.015703,8.842912,2.421462,2.303539,1.452875,-0.445822,-0.699650,1.439359,-0.441675,-0.693141,-0.297734
sample,682,drone,17.040690,8.879664,2.410185,2.285840,1.487144,-0.456337,-0.716153,1.300960,-0.399206,-0.626494,-0.297734
sample,683,drone,17.065676,8.917229,2.398658,2.267751,1.517887,-0.465771,-0.730957,1.157458,-0.355172,-0.557389,-0.297734
sample,684,drone,17.090662,8.955517,2.386909,2.249312,1.544985,-0.474086,-0.744007,1.009463,-0.309759,-0.486119,-0.297734
sample,685,drone,17.115649,8.994436,2.374966,2.230571,1.568333,-0.481251,-0.755250,0.857582,-0.263153,-0.412979,-0.297734
sample,686,drone,17.140635,9.033891,2.362859,2.211571,1.587841,-0.487237,-0.764644,0.702426,-0.215543,-0.338262,-0.297734
sample,687,drone,17.165621,9.073785,2.350618,2.192359,1.603435,-0.492022,-0.772154,0.544603,-0.167114,-0.262260,-0.297734
sample,688,drone,17.190608,9.114019,2.338272,2.172984,1.615056,-0.495588,-0.777750,0.384723,-0.118054,-0.185268,-0.297734
sample,689,drone,17.215594,9.154493,2.325852,2.153493,1.622660,-0.497921,-0.781412,0.223395,-0.068550,-0.107578,-0.297734
sample,690,drone,17.240580,9.195107,2.313389,2.133935,1.626219,-0.499014,-0.783126,0.061228,-0.018788,-0.029485,-0.297734
sample,691,drone,17.265567,9.235760,2.300915,2.114358,1.625720,-0.498860,-0.782886,-0.101169,0.031044,0.048719,-0.297734
sample,692,drone,17.290553,9.276349,2.288460,2.094812,1.621164,-0.497462,-0.780692,-0.263186,0.080760,0.126740,-0.297734
sample,693,drone,17.315539,9.316774,2.276055,2.075345,1.612568,-0.494825,-0.776552,-0.424214,0.130172,0.204286,-0.297734
sample,694,drone,17.340526,9.356933,2.263732,2.056005,1.599965,-0.490957,-0.770483,-0.583645,0.179094,0.281061,-0.297734
sample,695,drone,17.365512,9.396728,2.251521,2.036842,1.583402,-0.485875,-0.762507,-0.740868,0.227339,0.356774,-0.297734
sample,696,drone,17.390499,9.436060,2.239452,2.017901,1.562941,-0.479596,-0.752654,-0.895275,0.274720,0.431131,-0.297734
sample,697,drone,17.415485,9.474833,2.227554,1.999229,1.538662,-0.472146,-0.740962,-1.046256,0.321049,0.503838,-0.297734
sample,698,drone,17.440471,9.512951,2.215857,1.980873,1.510657,-0.463553,-0.727476,-1.193203,0.366140,0.574602,-0.297734
sample,699,drone,17.465458,9.550324,2.204389,1.962876,1.479035,-0.453849,-0.712248,-1.335506,0.409807,0.643130,-0.297734
sample,700,drone,17.490444,9.586863,2.193177,1.945280,1.443918,-0.443074,-0.695337,-1.472556,0.451861,0.709128,-0.297734
sample,701,drone,17.515430,9.622481,2.182248,1.928128,1.405447,-0.431269,-0.676811,-1.603743,0.492117,0.772303,-0.297734
sample,702,drone,17.540417,9.657097,2.171625,1.911458,1.363775,-0.418481,-0.656743,-1.728459,0.530386,0.832361,-0.297734
sample,703,drone,17.565403,9.690632,2.161335,1.895308,1.319071,-0.404764,-0.635215,-1.846095,0.566483,0.889010,-0.297734
sample,704,drone,17.590389,9.723014,2.151398,1.879715,1.271521,-0.390173,-0.612317,-1.956040,0.600221,0.941955,-0.297734
sample,705,drone,17.615376,9.754174,2.141837,1.864709,1.221323,-0.374769,-0.588143,-2.057686,0.631411,0.990904,-0.297734
sample,706,drone,17.640362,9.784047,2.132670,1.850323,1.168693,-0.358619,-0.562798,-2.150424,0.659869,1.035564,-0.297734
sample,707,drone,17.665348,9.812576,2.123916,1.836585,1.113860,-0.341794,-0.536393,-2.233645,0.685405,1.075640,-0.297734
sample,708,drone,17.690335,9.839710,2.115590,1.823518,1.057071,-0.324368,-0.509046,-2.306739,0.707834,1.110839,-0.297734
sample,709,drone,17.715321,9.865401,2.107706,1.811146,0.998586,-0.306421,-0.480882,-2.369097,0.726969,1.140868,-0.297734
sample,710,drone,17.740307,9.889612,2.100277,1.799487,0.938681,-0.288039,-0.452034,-2.420110,0.742623,1.165434,-0.297734
sample,711,drone,17.765294,9.912310,2.093312,1.788557,0.877647,-0.269310,-0.422642,-2.459169,0.754608,1.184243,-0.297734
sample,712,drone,17.790280,9.933470,2.086819,1.778367,0.815790,-0.250329,-0.392854,-2.485664,0.762739,1.197003,-0.297734
sample,713,drone,17.815266,9.953077,2.080803,1.768925,0.753432,-0.231194,-0.362824,-2.498987,0.766827,1.203418,-0.297734
sample,714,drone,17.840253,9.971121,2.075266,1.760236,0.690909,-0.212009,-0.332716,-2.498528,0.766686,1.203197,-0.297734
sample,715,drone,17.865239,9.987603,2.070208,1.752298,0.628573,-0.192881,-0.302697,-2.483678,0.762129,1.196046,-0.297734
sample,716,drone,17.890225,10.002533,2.065627,1.745109,0.566793,-0.173923,-0.272946,-2.453827,0.752969,1.181671,-0.297734
sample,717,drone,17.915212,10.015928,2.061516,1.738659,0.505949,-0.155253,-0.243646,-2.408367,0.739020,1.159779,-0.297734
sample,718,drone,17.940198,10.027816,2.057868,1.732933,0.446440,-0.136992,-0.214989,-2.346689,0.720093,1.130077,-0.297734
sample,719,drone,17.965185,10.038237,2.054671,1.727915,0.388679,-0.119268,-0.187173,-2.268183,0.696003,1.092272,-0.297734
sample,720,drone,17.990171,10.047240,2.051908,1.723580,0.333093,-0.102211,-0.160405,-2.172239,0.666563,1.046069,-0.297734
sample,721,drone,18.015157,10.054883,2.049563,1.719899,0.280126,-0.085958,-0.134898,-2.058250,0.631584,0.991176,-0.297734
sample,722,drone,18.040144,10.061238,2.047613,1.716839,0.230237,-0.070649,-0.110873,-1.925605,0.590882,0.927299,-0.297734
sample,723,drone,18.065130,10.066388,2.046032,1.714358,0.183898,-0.056430,-0.088558,-1.773696,0.544267,0.854145,-0.297734
sample,724,drone,18.090116,10.070428,2.044793,1.712413,0.141600,-0.043451,-0.068189,-1.601913,0.491555,0.771421,-0.297734
sample,725,drone,18.115103,10.073465,2.043861,1.710951,0.103846,-0.031866,-0.050009,-1.409646,0.432557,0.678833,-0.297734
sample,726,drone,18.140089,10.075618,2.043200,1.709914,0.071156,-0.021835,-0.034266,-1.196288,0.367087,0.576087,-0.297734
sample,727,drone,18.165075,10.077020,2.042770,1.709238,0.044065,-0.013521,-0.021220,-0.961228,0.294958,0.462891,-0.297734
sample,728,drone,18.190062,10.077820,2.042525,1.708854,0.023121,-0.007095,-0.011134,-0.703858,0.215982,0.338952,-0.297734
sample,729,drone,18.215048,10.078176,2.042415,1.708682,0.008891,-0.002728,-0.004282,-0.426048,0.130141,0.205697,-0.297734
sample,730,drone,18.240034,10.078264,2.042388,1.708640,0.001830,-0.000591,-0.000855,-0.167748,0.040361,0.090676,-0.312480
sample,731,drone,18.265021,10.078267,2.042386,1.708639,0.000508,-0.000711,0.000250,0.002437,-0.046758,0.039794,-0.950447
sample,732,drone,18.290007,10.078289,2.042353,1.708652,0.001952,-0.002928,0.001134,0.084505,-0.127761,0.049977,-0.982742
sample,733,drone,18.314993,10.078365,2.042239,1.708696,0.004731,-0.007096,0.002747,0.136214,-0.204298,0.079097,-0.982742
sample,734,drone,18.339980,10.078526,2.041998,1.708789,0.008759,-0.013137,0.005086,0.185211,-0.277786,0.107549,-0.982742
sample,735,drone,18.364966,10.078803,2.041583,1.708950,0.013987,-0.020978,0.008122,0.232230,-0.348306,0.134852,-0.982742
sample,736,drone,18.389952,10.079225,2.040950,1.709195,0.020364,-0.030543,0.011825,0.277295,-0.415896,0.161020,-0.982742
sample,737,drone,18.414939,10.079820,2.040057,1.709541,0.027844,-0.041761,0.016168,0.320433,-0.480596,0.186070,-0.982742
sample,738,drone,18.439925,10.080616,2.038863,1.710003,0.036377,-0.054560,0.021124,0.361670,-0.542445,0.210015,-0.982742
sample,739,drone,18.464911,10.081638,2.037330,1.710597,0.045917,-0.068868,0.026663,0.401031,-0.601480,0.232872,-0.982742
sample,740,drone,18.489898,10.082911,2.035421,1.711336,0.056418,-0.084617,0.032761,0.438543,-0.657742,0.254654,-0.982742
sample,741,drone,18.514884,10.084457,2.033101,1.712234,0.067833,-0.101738,0.039389,0.474231,-0.711268,0.275377,-0.982742
sample,742,drone,18.539871,10.086301,2.030337,1.713304,0.080116,-0.120161,0.046522,0.508122,-0.762098,0.295057,-0.982742
sample,743,drone,18.564857,10.088461,2.027097,1.714559,0.093225,-0.139822,0.054134,0.540240,-0.810270,0.313708,-0.982742
sample,744,drone,18.589843,10.090959,2.023350,1.716009,0.107114,-0.160653,0.062199,0.570613,-0.855824,0.331344,-0.982742
sample,745,drone,18.614830,10.093814,2.019068,1.717667,0.121740,-0.182589,0.070692,0.599265,-0.898797,0.347982,-0.982742
sample,746,drone,18.639816,10.097043,2.014225,1.719542,0.137061,-0.205568,0.079589,0.626223,-0.939230,0.363636,-0.982742
sample,747,drone,18.664802,10.100663,2.008796,1.721644,0.153034,-0.229525,0.088864,0.651513,-0.977160,0.378322,-0.982742
sample,748,drone,18.689789,10.104690,2.002755,1.723983,0.169618,-0.254399,0.098494,0.675160,-1.012628,0.392053,-0.982742
sample,749,drone,18.714775,10.109139,1.996083,1.726566,0.186774,-0.280129,0.108456,0.697191,-1.045670,0.404846,-0.982742
sample,750,drone,18.739761,10.114024,1.988757,1.729403,0.204459,-0.306654,0.118726,0.717631,-1.076327,0.416715,-0.982742
sample,751,drone,18.764748,10.119357,1.980758,1.732499,0.222635,-0.333916,0.129280,0.736507,-1.104637,0.427676,-0.982742
sample,752,drone,18.789734,10.125150,1.972070,1.735863,0.241264,-0.361856,0.140098,0.753843,-1.130639,0.437743,-0.982742
sample,753,drone,18.814720,10.131413,1.962675,1.739500,0.260307,-0.390417,0.151156,0.769666,-1.154371,0.446931,-0.982742
sample,754,drone,18.839707,10.138158,1.952560,1.743417,0.279727,-0.419543,0.162432,0.784003,-1.175873,0.455256,-0.982742
sample,755,drone,18.864693,10.145392,1.941710,1.747618,0.299486,-0.449179,0.173906,0.796878,-1.195184,0.462732,-0.982742
sample,756,drone,18.889679,10.153124,1.930113,1.752107,0.319549,-0.479270,0.185556,0.808318,-1.212342,0.469375,-0.982742
sample,757,drone,18.914666,10.161361,1.917759,1.756890,0.339880,-0.509763,0.197362,0.818348,-1.227385,0.475200,-0.982742
sample,758,drone,18.939652,10.170109,1.904639,1.761970,0.360444,-0.540605,0.209303,0.826995,-1.240354,0.480221,-0.982742
sample,759,drone,18.964638,10.179373,1.890744,1.767350,0.381207,-0.571746,0.221360,0.834284,-1.251287,0.484453,-0.982742
sample,760,drone,18.989625,10.189159,1.876067,1.773032,0.402135,-0.603136,0.233513,0.840241,-1.260222,0.487913,-0.982742
sample,761,drone,19.014611,10.199469,1.860603,1.779019,0.423196,-0.634723,0.245742,0.844893,-1.267198,0.490614,-0.982742
sample,762,drone,19.039597,10.210307,1.844348,1.785312,0.444357,-0.666461,0.258030,0.848264,-1.272255,0.492572,-0.982742
sample,763,drone,19.064584,10.221675,1.827299,1.791913,0.465586,-0.698301,0.270357,0.850382,-1.275430,0.493801,-0.982742
sample,764,drone,19.089570,10.233574,1.809452,1.798823,0.486853,-0.730198,0.282706,0.851271,-1.276764,0.494317,-0.982742
sample,765,drone,19.114557,10.246004,1.790809,1.806041,0.508126,-0.762104,0.295060,0.850958,-1.276294,0.494135,-0.982742
sample,766,drone,19.139543,10.258966,1.771368,1.813568,0.529377,-0.793977,0.307400,0.849468,-1.274060,0.493270,-0.982742
sample,767,drone,19.164529,10.272458,1.751131,1.821403,0.550576,-0.825773,0.319710,0.846828,-1.270100,0.491737,-0.982742
sample,768,drone,19.189516,10.286480,1.730102,1.829544,0.571695,-0.857448,0.331973,0.843063,-1.264453,0.489551,-0.982742
sample,769,drone,19.214502,10.301028,1.708283,1.837992,0.592707,-0.888961,0.344174,0.838199,-1.257159,0.486727,-0.982742
sample,770,drone,19.239488,10.316099,1.685678,1.846744,0.613583,-0.920271,0.356296,0.832263,-1.248255,0.483280,-0.982742
sample,771,drone,19.264475,10.331690,1.662294,1.855797,0.634297,-0.951339,0.368325,0.825279,-1.237781,0.479224,-0.982742
sample,772,drone,19.289461,10.347796,1.638137,1.865150,0.654824,-0.982127,0.380244,0.817274,-1.225775,0.474576,-0.982742
sample,773,drone,19.314447,10.364413,1.613215,1.874799,0.675138,-1.012595,0.392040,0.808274,-1.212277,0.469350,-0.982742
sample,774,drone,19.339434,10.381535,1.587535,1.884741,0.695216,-1.042707,0.403699,0.798305,-1.197324,0.463561,-0.982742
sample,775,drone,19.364420,10.399155,1.561108,1.894973,0.715032,-1.072428,0.415206,0.787392,-1.180957,0.457224,-0.982742
sample,776,drone,19.389406,10.417267,1.533943,1.905490,0.734564,-1.101723,0.426548,0.775562,-1.163214,0.450355,-0.982742
sample,777,drone,19.414393,10.435863,1.506052,1.916289,0.753789,-1.130557,0.437711,0.762840,-1.144133,0.442967,-0.982742
sample,778,drone,19.439379,10.454936,1.477446,1.927364,0.772685,-1.158898,0.448684,0.749253,-1.123754,0.435077,-0.982742
sample,779,drone,19.464365,10.474476,1.448138,1.938711,0.791231,-1.186714,0.459453,0.734825,-1.102115,0.426699,-0.982742
sample,780,drone,19.489352,10.494476,1.418143,1.950324,0.809406,-1.213974,0.470007,0.719583,-1.079255,0.417849,-0.982742
sample,781,drone,19.514338,10.514925,1.387473,1.962198,0.827190,-1.240647,0.480334,0.703554,-1.055213,0.408541,-0.982742
sample,782,drone,19.539324,10.535813,1.356144,1.974328,0.844565,-1.266706,0.490423,0.686762,-1.030028,0.398790,-0.982742
sample,783,drone,19.564311,10.557130,1.324172,1.986706,0.861510,-1.292121,0.500263,0.669233,-1.003738,0.388612,-0.982742
sample,784,drone,19.589297,10.578865,1.291573,1.999327,0.878008,-1.316865,0.509843,0.650995,-0.976383,0.378021,-0.982742
sample,785,drone,19.614284,10.601006,1.258365,2.012184,0.894042,-1.340913,0.519154,0.632071,-0.948001,0.367032,-0.982742
sample,786,drone,19.639270,10.623542,1.224564,2.025271,0.909594,-1.364239,0.528185,0.612489,-0.918632,0.355661,-0.982742
sample,787,drone,19.664256,10.646461,1.190190,2.038579,0.924650,-1.386820,0.536927,0.592275,-0.888313,0.343923,-0.982742
sample,788,drone,19.689243,10.669750,1.155261,2.052102,0.939192,-1.408631,0.545372,0.571453,-0.857084,0.331832,-0.982742
sample,789,drone,19.714229,10.693395,1.119797,2.065833,0.953207,-1.429651,0.553510,0.550050,-0.824983,0.319404,-0.982742
sample,790,drone,19.739215,10.717384,1.083818,2.079763,0.966679,-1.449858,0.561333,0.528092,-0.792050,0.306654,-0.982742
sample,791,drone,19.764202,10.741703,1.047344,2.093884,0.979597,-1.469231,0.568834,0.505605,-0.758324,0.293596,-0.982742
sample,792,drone,19.789188,10.766337,1.010396,2.108189,0.991946,-1.487753,0.576005,0.482615,-0.723842,0.280246,-0.982742
sample,793,drone,19.814174,10.791273,0.972997,2.122669,1.003714,-1.505404,0.582839,0.459147,-0.688644,0.266618,-0.982742
sample,794,drone,19.839161,10.816495,0.935167,2.137315,1.014891,-1.522166,0.589328,0.435228,-0.652769,0.252729,-0.982742
sample,795,drone,19.864147,10.841990,0.896930,2.152119,1.025464,-1.538024,0.595468,0.410883,-0.616256,0.238592,-0.982742
sample,796,drone,19.889133,10.867741,0.858308,2.167072,1.035424,-1.552962,0.601252,0.386138,-0.579142,0.224223,-0.982742
sample,797,drone,19.914120,10.893733,0.819324,2.182165,1.044760,-1.566966,0.606673,0.361019,-0.541468,0.209637,-0.982742
sample,798,drone,19.939106,10.919950,0.780002,2.197389,1.053465,-1.580021,0.611728,0.335552,-0.503273,0.194849,-0.982742
sample,799,drone,19.964092,10.946377,0.740366,2.212735,1.061529,-1.592116,0.616410,0.309764,-0.464594,0.179874,-0.982742
sample,800,drone,19.989079,10.972997,0.700440,2.228193,1.068944,-1.603238,0.620716,0.283678,-0.425470,0.164727,-0.982742
sample,801,drone,20.014065,10.999795,0.660248,2.243754,1.075705,-1.613378,0.624642,0.257323,-0.385941,0.149423,-0.982742
sample,802,drone,20.039051,11.026753,0.619815,2.259408,1.081804,-1.622525,0.628184,0.230723,-0.346046,0.133977,-0.982742
sample,803,drone,20.064038,11.053856,0.579166,2.275146,1.087235,-1.630670,0.631337,0.203905,-0.305823,0.118404,-0.982742
sample,804,drone,20.089024,11.081085,0.538326,2.290957,1.091993,-1.637807,0.634100,0.176893,-0.265311,0.102719,-0.982742
sample,805,drone,20.114010,11.108426,0.497321,2.306833,1.096075,-1.643929,0.636470,0.149716,-0.224548,0.086937,-0.982742
sample,806,drone,20.138997,11.135859,0.456175,2.322764,1.099475,-1.649029,0.638445,0.122397,-0.183575,0.071074,-0.982742
sample,807,drone,20.163983,11.163369,0.414914,2.338738,1.102191,-1.653102,0.640022,0.094963,-0.142428,0.055143,-0.982742
sample,808,drone,20.188970,11.190939,0.373565,2.354747,1.104220,-1.656146,0.641201,0.067440,-0.101148,0.039161,-0.982742
sample,809,drone,20.213956,11.218550,0.332152,2.370781,1.105561,-1.658157,0.641979,0.039854,-0.059774,0.023142,-0.982742
sample,810,drone,20.238942,11.246186,0.290702,2.386829,1.106212,-1.659133,0.642357,0.012230,-0.018343,0.007102,-0.982742
sample,811,drone,20.263929,11.273831,0.249241,2.402881,1.106172,-1.659074,0.642334,-0.015405,0.023105,-0.008945,-0.982742
sample,812,drone,20.288915,11.301465,0.207794,2.418928,1.105442,-1.657979,0.641910,-0.043026,0.064531,-0.024984,-0.982742
sample,813,drone,20.313901,11.329072,0.166387,2.434959,1.104022,-1.655849,0.641086,-0.070606,0.105897,-0.040999,-0.982742
sample,814,drone,20.338888,11.356636,0.125046,2.450965,1.101914,-1.652687,0.639861,-0.098120,0.147163,-0.056976,-0.982742
sample,815,drone,20.363874,11.384138,0.083798,2.466935,1.099119,-1.648495,0.638238,-0.125542,0.188292,-0.072900,-0.982742
sample,816,drone,20.388860,11.411562,0.042667,2.482859,1.095640,-1.643277,0.636218,-0.152846,0.229243,-0.088755,-0.982742
sample,817,drone,20.413847,11.438890,0.001679,2.498728,1.091481,-1.637039,0.633803,-0.180006,0.269979,-0.104526,-0.982742
sample,818,drone,20.438833,11.466106,-0.039140,2.514532,1.086645,-1.629786,0.630995,-0.206996,0.310460,-0.120199,-0.982742
sample,819,drone,20.463819,11.493193,-0.079766,2.530261,1.081137,-1.621524,0.627796,-0.233791,0.350647,-0.135758,-0.982742
sample,820,drone,20.488806,11.520133,-0.120172,2.545905,1.074962,-1.612263,0.624211,-0.260364,0.390503,-0.151189,-0.982742
sample,821,drone,20.513792,11.546911,-0.160335,2.561454,1.068126,-1.602010,0.620241,-0.286690,0.429987,-0.166475,-0.982742
sample,822,drone,20.538778,11.573510,-0.200229,2.576900,1.060635,-1.590775,0.615891,-0.312742,0.469061,-0.181604,-0.982742
sample,823,drone,20.563765,11.599914,-0.239830,2.592232,1.052497,-1.578570,0.611166,-0.338495,0.507686,-0.196558,-0.982742
sample,824,drone,20.588751,11.626107,-0.279115,2.607441,1.043719,-1.565405,0.606069,-0.363923,0.545824,-0.211324,-0.982742
sample,825,drone,20.613737,11.652072,-0.318058,2.622519,1.034311,-1.551293,0.600605,-0.389000,0.583436,-0.225885,-0.982742
sample,826,drone,20.638724,11.677794,-0.356637,2.637455,1.024280,-1.536249,0.594781,-0.413701,0.620482,-0.240228,-0.982742
sample,827,drone,20.663710,11.703258,-0.394828,2.652242,1.013637,-1.520286,0.588600,-0.437998,0.656924,-0.254338,-0.982742
sample,828,drone,20.688696,11.728448,-0.432610,2.666869,1.002392,-1.503421,0.582071,-0.461867,0.692723,-0.268198,-0.982742
sample,829,drone,20.713683,11.753350,-0.469958,2.681329,0.990556,-1.485669,0.575198,-0.485281,0.727841,-0.281794,-0.982742
sample,830,drone,20.738669,11.777949,-0.506853,2.695613,0.978141,-1.467048,0.567989,-0.508215,0.762238,-0.295111,-0.982742
sample,831,drone,20.763656,11.802230,-0.543271,2.709713,0.965159,-1.447578,0.560450,-0.530643,0.795875,-0.308134,-0.982742
sample,832,drone,20.788642,11.826180,-0.579192,2.723620,0.951624,-1.427276,0.552590,-0.552538,0.828715,-0.320849,-0.982742
sample,833,drone,20.813628,11.849786,-0.614596,2.737328,0.937548,-1.406165,0.544417,-0.573875,0.860717,-0.333239,-0.982742
sample,834,drone,20.838615,11.873032,-0.649462,2.750826,0.922946,-1.384264,0.535938,-0.594628,0.891843,-0.345290,-0.982742
sample,835,drone,20.863601,11.895908,-0.683771,2.764110,0.907832,-1.361597,0.527162,-0.614772,0.922055,-0.356987,-0.982742
sample,836,drone,20.888587,11.918399,-0.717504,2.777170,0.892224,-1.338187,0.518098,-0.634279,0.951313,-0.368314,-0.982742
sample,837,drone,20.913574,11.940494,-0.750644,2.790001,0.876136,-1.314057,0.508756,-0.653125,0.979579,-0.379258,-0.982742
sample,838,drone,20.938560,11.962182,-0.783171,2.802594,0.859585,-1.289234,0.499145,-0.671284,1.006814,-0.389802,-0.982742
sample,839,drone,20.963546,11.983450,-0.815070,2.814944,0.842590,-1.263744,0.489277,-0.688729,1.032978,-0.399932,-0.982742
sample,840,drone,20.988533,12.004288,-0.846324,2.827045,0.825168,-1.237614,0.479160,-0.705435,1.058034,-0.409633,-0.982742
sample,841,drone,21.013519,12.024686,-0.876917,2.838889,0.807337,-1.210871,0.468806,-0.721375,1.081942,-0.418889,-0.982742
sample,842,drone,21.038505,12.044633,-0.906835,2.850472,0.789119,-1.183546,0.458227,-0.736525,1.104664,-0.427686,-0.982742
sample,843,drone,21.063492,12.064120,-0.936062,2.861788,0.770531,-1.155668,0.447433,-0.750857,1.126160,-0.436009,-0.982742
sample,844,drone,21.088478,12.083139,-0.964586,2.872831,0.751596,-1.127269,0.436438,-0.764346,1.146392,-0.443842,-0.982742
sample,845,drone,21.113464,12.101680,-0.992395,2.883598,0.732335,-1.098380,0.425253,-0.776967,1.165321,-0.451171,-0.982742
sample,846,drone,21.138451,12.119736,-1.019475,2.894083,0.712769,-1.069035,0.413892,-0.788693,1.182908,-0.457980,-0.982742
sample,847,drone,21.163437,12.137299,-1.045817,2.904281,0.692922,-1.039267,0.402367,-0.799499,1.199115,-0.464254,-0.982742
sample,848,drone,21.188423,12.154363,-1.071410,2.914190,0.672816,-1.009112,0.390692,-0.809358,1.213902,-0.469980,-0.982742
sample,849,drone,21.213410,12.170921,-1.096245,2.923805,0.652476,-0.978605,0.378881,-0.818245,1.227231,-0.475140,-0.982742
sample,850,drone,21.238396,12.186969,-1.120314,2.933124,0.631926,-0.947783,0.366948,-0.826134,1.239063,-0.479721,-0.982742
sample,851,drone,21.263383,12.202500,-1.143609,2.942143,0.611192,-0.916686,0.354908,-0.832998,1.249358,-0.483707,-0.982742
sample,852,drone,21.288369,12.217512,-1.166123,2.950859,0.590299,-0.885350,0.342776,-0.838813,1.258079,-0.487083,-0.982742
sample,853,drone,21.313355,12.231999,-1.187852,2.959272,0.569274,-0.853816,0.330567,-0.843552,1.265187,-0.489835,-0.982742
sample,854,drone,21.338342,12.245960,-1.208791,2.967379,0.548144,-0.822125,0.318297,-0.847189,1.270642,-0.491947,-0.982742
sample,855,drone,21.363328,12.259391,-1.228936,2.975178,0.526938,-0.790318,0.305983,-0.849698,1.274405,-0.493404,-0.982742
sample,856,drone,21.388314,12.272292,-1.248285,2.982669,0.505683,-0.758439,0.293641,-0.851054,1.276439,-0.494191,-0.982742
sample,857,drone,21.413301,12.284662,-1.266837,2.989852,0.484408,-0.726531,0.281287,-0.851230,1.276703,-0.494294,-0.982742
sample,858,drone,21.438287,12.296499,-1.284592,2.996726,0.463144,-0.694639,0.268939,-0.850201,1.275160,-0.493696,-0.982742
sample,859,drone,21.463273,12.307806,-1.301550,3.003292,0.441921,-0.662808,0.256616,-0.847941,1.271770,-0.492384,-0.982742
sample,860,drone,21.488260,12.318583,-1.317714,3.009550,0.420770,-0.631085,0.244334,-0.844424,1.266495,-0.490342,-0.982742
sample,861,drone,21.513246,12.328833,-1.333087,3.015502,0.399723,-0.599518,0.232112,-0.839624,1.259295,-0.487554,-0.982742
sample,862,drone,21.538232,12.338559,-1.347674,3.021149,0.378812,-0.568155,0.219969,-0.833515,1.250133,-0.484007,-0.982742
sample,863,drone,21.563219,12.347764,-1.361479,3.026494,0.358070,-0.537046,0.207925,-0.826071,1.238968,-0.479684,-0.982742
sample,864,drone,21.588205,12.356452,-1.374511,3.031540,0.337531,-0.506240,0.195998,-0.817267,1.225763,-0.474572,-0.982742
sample,865,drone,21.613191,12.364631,-1.386778,3.036289,0.317229,-0.475791,0.184209,-0.807076,1.210478,-0.468654,-0.982742
sample,866,drone,21.638178,12.372305,-1.398288,3.040745,0.297199,-0.445749,0.172578,-0.795472,1.193075,-0.461916,-0.982742
sample,867,drone,21.663164,12.379483,-1.409053,3.044913,0.277477,-0.416170,0.161126,-0.782430,1.173515,-0.454343,-0.982742
sample,868,drone,21.688150,12.386172,-1.419085,3.048797,0.258099,-0.387106,0.149874,-0.767925,1.151759,-0.445920,-0.982742
sample,869,drone,21.713137,12.392381,-1.428398,3.052403,0.239102,-0.358613,0.138842,-0.751929,1.127767,-0.436631,-0.982742
sample,870,drone,21.738123,12.398120,-1.437006,3.055735,0.220523,-0.330748,0.128054,-0.734417,1.101502,-0.426462,-0.982742
sample,871,drone,21.763109,12.403401,-1.444926,3.058802,0.202401,-0.303568,0.117531,-0.715363,1.072925,-0.415398,-0.982742
sample,872,drone,21.788096,12.408235,-1.452176,3.061609,0.184775,-0.277131,0.107295,-0.694741,1.041996,-0.403423,-0.982742
sample,873,drone,21.813082,12.412634,-1.458775,3.064164,0.167683,-0.251497,0.097371,-0.672526,1.008677,-0.390524,-0.982742
sample,874,drone,21.838069,12.416614,-1.464744,3.066475,0.151167,-0.226725,0.087780,-0.648691,0.972928,-0.376683,-0.982742
sample,875,drone,21.863055,12.420189,-1.470105,3.068550,0.135266,-0.202877,0.078547,-0.623211,0.934712,-0.361887,-0.982742
sample,876,drone,21.888041,12.423374,-1.474882,3.070400,0.120023,-0.180015,0.069695,-0.596060,0.893990,-0.346121,-0.982742
sample,877,drone,21.913028,12.426187,-1.479101,3.072033,0.105480,-0.158202,0.061250,-0.567211,0.850722,-0.329369,-0.982742
sample,878,drone,21.938014,12.428645,-1.482788,3.073461,0.091678,-0.137502,0.053236,-0.536639,0.804869,-0.311617,-0.982742
sample,879,drone,21.963000,12.430768,-1.485972,3.074693,0.078662,-0.117980,0.045678,-0.504318,0.756393,-0.292848,-0.982742
sample,880,drone,21.987987,12.432576,-1.488684,3.075743,0.066476,-0.099703,0.038601,-0.470223,0.705256,-0.273050,-0.982742
sample,881,drone,22.012973,12.434090,-1.490955,3.076622,0.055164,-0.082737,0.032033,-0.434327,0.651417,-0.252205,-0.982742
sample,882,drone,22.037959,12.435333,-1.492818,3.077344,0.044772,-0.067150,0.025998,-0.396604,0.594839,-0.230300,-0.982742
sample,883,drone,22.062946,12.436327,-1.494310,3.077922,0.035345,-0.053011,0.020524,-0.357028,0.535482,-0.207320,-0.982742
sample,884,drone,22.087932,12.437099,-1.495467,3.078370,0.026930,-0.040390,0.015638,-0.315574,0.473308,-0.183248,-0.982742
sample,885,drone,22.112918,12.437673,-1.496329,3.078703,0.019575,-0.029359,0.011367,-0.272216,0.408278,-0.158071,-0.982742
sample,886,drone,22.137905,12.438077,-1.496935,3.078938,0.013327,-0.019988,0.007739,-0.226928,0.340353,-0.131773,-0.982742
sample,887,drone,22.162891,12.438339,-1.497328,3.079090,0.008234,-0.012350,0.004782,-0.179683,0.269494,-0.104339,-0.982742
sample,888,drone,22.187877,12.438489,-1.497552,3.079177,0.004347,-0.006520,0.002524,-0.130457,0.195663,-0.075754,-0.982742
sample,889,drone,22.212864,12.438556,-1.497653,3.079216,0.001715,-0.002572,0.000996,-0.078813,0.120359,-0.046620,-0.982742
sample,890,drone,22.237850,12.438574,-1.497680,3.079226,0.000409,-0.000506,0.000195,-0.015803,0.078051,-0.030752,-0.890825
sample,891,drone,22.262836,12.438577,-1.497679,3.079226,0.000925,0.001328,-0.000541,0.073582,0.130910,-0.053053,0.962160
sample,892,drone,22.287823,12.438621,-1.497614,3.079199,0.004086,0.006036,-0.002456,0.185497,0.274826,-0.111834,0.975746
sample,893,drone,22.312809,12.438781,-1.497377,3.079103,0.010195,0.015062,-0.006129,0.300586,0.444066,-0.180715,0.975746
sample,894,drone,22.337795,12.439130,-1.496861,3.078893,0.019107,0.028227,-0.011487,0.409523,0.605002,-0.246209,0.975746
sample,895,drone,22.362782,12.439736,-1.495966,3.078529,0.030660,0.045295,-0.018433,0.512069,0.756497,-0.307860,0.975746
sample,896,drone,22.387768,12.440662,-1.494598,3.077972,0.044696,0.066032,-0.026872,0.608345,0.898729,-0.365742,0.975746
sample,897,drone,22.412755,12.441969,-1.492667,3.077186,0.061061,0.090207,-0.036710,0.698470,1.031875,-0.419927,0.975746
sample,898,drone,22.437741,12.443714,-1.490090,3.076137,0.079601,0.117597,-0.047857,0.782566,1.156112,-0.470486,0.975746
sample,899,drone,22.462727,12.445947,-1.486790,3.074794,0.100168,0.147981,-0.060222,0.860751,1.271618,-0.517491,0.975746
sample,900,drone,22.487714,12.448719,-1.482695,3.073128,0.122615,0.181143,-0.073717,0.933146,1.378569,-0.561016,0.975746
sample,901,drone,22.512700,12.452075,-1.477738,3.071111,0.146800,0.216872,-0.088257,0.999871,1.477144,-0.601132,0.975746
sample,902,drone,22.537686,12.456055,-1.471857,3.068717,0.172581,0.254960,-0.103757,1.061046,1.567520,-0.637911,0.975746
sample,903,drone,22.562673,12.460699,-1.464997,3.065926,0.199823,0.295205,-0.120135,1.116791,1.649874,-0.671425,0.975746
sample,904,drone,22.587659,12.466041,-1.457105,3.062714,0.228390,0.337409,-0.137310,1.167225,1.724382,-0.701747,0.975746
sample,905,drone,22.612645,12.472112,-1.448135,3.059064,0.258152,0.381377,-0.155204,1.212470,1.791224,-0.728948,0.975746
sample,906,drone,22.637632,12.478941,-1.438046,3.054958,0.288981,0.426921,-0.173738,1.252644,1.850575,-0.753101,0.975746
sample,907,drone,22.662618,12.486553,-1.426801,3.050382,0.320750,0.473856,-0.192838,1.287869,1.902613,-0.774278,0.975746
sample,908,drone,22.687604,12.494970,-1.414367,3.045321,0.353339,0.522000,-0.212431,1.318263,1.947516,-0.792552,0.975746
sample,909,drone,22.712591,12.504211,-1.400715,3.039766,0.386627,0.571178,-0.232444,1.343947,1.985460,-0.807994,0.975746
sample,910,drone,22.737577,12.514291,-1.385823,3.033706,0.420500,0.621219,-0.252808,1.365042,2.016624,-0.820676,0.975746
sample,911,drone,22.762563,12.525224,-1.369671,3.027132,0.454842,0.671954,-0.273455,1.381666,2.041184,-0.830671,0.975746
sample,912,drone,22.787550,12.537021,-1.352244,3.020040,0.489545,0.723222,-0.294319,1.393941,2.059317,-0.838050,0.975746
sample,913,drone,22.812536,12.549688,-1.333530,3.012425,0.524501,0.774864,-0.315335,1.401986,2.071202,-0.842887,0.975746
sample,914,drone,22.837522,12.563231,-1.313522,3.004282,0.559606,0.826726,-0.336440,1.405920,2.077015,-0.845252,0.975746
sample,915,drone,22.862509,12.577653,-1.292216,2.995612,0.594759,0.878658,-0.357575,1.405865,2.076934,-0.845219,0.975746
sample,916,drone,22.887495,12.592953,-1.269613,2.986413,0.629861,0.930516,-0.378678,1.401940,2.071135,-0.842859,0.975746
sample,917,drone,22.912482,12.609129,-1.245716,2.976688,0.664818,0.982158,-0.399694,1.394266,2.059797,-0.838245,0.975746
sample,918,drone,22.937468,12.626176,-1.220532,2.966439,0.699536,1.033449,-0.420568,1.382961,2.043096,-0.831449,0.975746
sample,919,drone,22.962454,12.644087,-1.194072,2.955671,0.733928,1.084257,-0.441244,1.368147,2.021211,-0.822542,0.975746
sample,920,drone,22.987441,12.662852,-1.166349,2.944389,0.767906,1.134455,-0.461672,1.349943,1.994317,-0.811598,0.975746
sample,921,drone,23.012427,12.682461,-1.137380,2.932600,0.801388,1.183919,-0.481802,1.328469,1.962593,-0.798688,0.975746
sample,922,drone,23.037413,12.702900,-1.107185,2.920312,0.834293,1.232531,-0.501585,1.303845,1.926216,-0.783884,0.975746
sample,923,drone,23.062400,12.724153,-1.075787,2.907535,0.866545,1.280177,-0.520975,1.276192,1.885362,-0.767258,0.975746
sample,924,drone,23.087386,12.746203,-1.043211,2.894278,0.898068,1.326747,-0.539927,1.245629,1.840211,-0.748883,0.975746
sample,925,drone,23.112372,12.769032,-1.009486,2.880553,0.928792,1.372137,-0.558398,1.212276,1.790938,-0.728832,0.975746
sample,926,drone,23.137359,12.792618,-0.974642,2.866373,0.958649,1.416245,-0.576349,1.176254,1.737721,-0.707175,0.975746
sample,927,drone,23.162345,12.816938,-0.938712,2.851751,0.987573,1.458976,-0.593738,1.137682,1.680737,-0.683985,0.975746
sample,928,drone,23.187331,12.841969,-0.901733,2.836702,1.015502,1.500236,-0.610529,1.096681,1.620164,-0.659334,0.975746
sample,929,drone,23.212318,12.867685,-0.863741,2.821242,1.042377,1.539940,-0.626687,1.053370,1.556179,-0.633295,0.975746
sample,930,drone,23.237304,12.894060,-0.824778,2.805385,1.068142,1.578003,-0.642177,1.007869,1.488960,-0.605940,0.975746
sample,931,drone,23.262290,12.921063,-0.784884,2.789150,1.092743,1.614347,-0.656967,0.960299,1.418683,-0.577340,0.975746
sample,932,drone,23.287277,12.948667,-0.744105,2.772555,1.116130,1.648898,-0.671028,0.910779,1.345526,-0.547569,0.975746
sample,933,drone,23.312263,12.976839,-0.702484,2.755617,1.138257,1.681587,-0.684331,0.859430,1.269666,-0.516697,0.975746
sample,934,drone,23.337249,13.005549,-0.660071,2.738357,1.159078,1.712347,-0.696849,0.806371,1.191280,-0.484798,0.975746
sample,935,drone,23.362236,13.034762,-0.616914,2.720794,1.178554,1.741118,-0.708557,0.751723,1.110547,-0.451943,0.975746
sample,936,drone,23.387222,13.064444,-0.573063,2.702948,1.196644,1.767844,-0.719433,0.695606,1.027643,-0.418205,0.975746
sample,937,drone,23.412208,13.094561,-0.528570,2.684842,1.213315,1.792472,-0.729456,0.638139,0.942745,-0.383655,0.975746
sample,938,drone,23.437195,13.125077,-0.483488,2.666496,1.228534,1.814955,-0.738606,0.579443,0.856031,-0.348366,0.975746
sample,939,drone,23.462181,13.155954,-0.437872,2.647932,1.242271,1.835250,-0.746865,0.519637,0.767678,-0.312410,0.975746
sample,940,drone,23.487168,13.187156,-0.391776,2.629173,1.254501,1.853318,-0.754218,0.458842,0.677863,-0.275860,0.975746
sample,941,drone,23.512154,13.218645,-0.345256,2.610241,1.265201,1.869125,-0.760650,0.397178,0.586764,-0.238787,0.975746
sample,942,drone,23.537140,13.250382,-0.298371,2.591161,1.274349,1.882640,-0.766150,0.334764,0.494558,-0.201263,0.975746
sample,943,drone,23.562127,13.282328,-0.251176,2.571955,1.281930,1.893839,-0.770708,0.271721,0.401423,-0.163361,0.975746
sample,944,drone,23.587113,13.314443,-0.203730,2.552647,1.287928,1.902701,-0.774314,0.208169,0.307535,-0.125153,0.975746
sample,945,drone,23.612099,13.346689,-0.156093,2.533260,1.292332,1.909208,-0.776962,0.144227,0.213072,-0.086711,0.975746
sample,946,drone,23.637086,13.379025,-0.108322,2.513820,1.295135,1.913348,-0.778647,0.080017,0.118211,-0.048107,0.975746
sample,947,drone,23.662072,13.411410,-0.060478,2.494349,1.296331,1.915115,-0.779366,0.015657,0.023130,-0.009413,0.975746
sample,948,drone,23.687058,13.443806,-0.012619,2.474873,1.295918,1.914504,-0.779118,-0.048732,-0.071994,0.029298,0.975746
sample,949,drone,23.712045,13.476171,0.035195,2.455414,1.293896,1.911517,-0.777902,-0.113030,-0.166984,0.067955,0.975746
sample,950,drone,23.737031,13.508465,0.082905,2.435999,1.290269,1.906160,-0.775722,-0.177118,-0.261662,0.106485,0.975746
sample,951,drone,23.762017,13.540649,0.130451,2.416650,1.285045,1.898441,-0.772581,-0.240874,-0.355852,0.144816,0.975746
sample,952,drone,23.787004,13.572683,0.177775,2.397391,1.278232,1.888377,-0.768485,-0.304180,-0.449375,0.182876,0.975746
sample,953,drone,23.811990,13.604526,0.224819,2.378246,1.269844,1.875985,-0.763442,-0.366914,-0.542055,0.220592,0.975746
sample,954,drone,23.836976,13.636140,0.271523,2.359240,1.259896,1.861289,-0.757461,-0.428958,-0.633715,0.257894,0.975746
sample,955,drone,23.861963,13.667486,0.317832,2.340394,1.248408,1.844316,-0.750554,-0.490191,-0.724176,0.294707,0.975746
sample,956,drone,23.886949,13.698526,0.363689,2.321732,1.235400,1.825100,-0.742734,-0.550493,-0.813262,0.330961,0.975746
sample,957,drone,23.911935,13.729223,0.409037,2.303277,1.220898,1.803676,-0.734015,-0.609743,-0.900795,0.366583,0.975746
sample,958,drone,23.936922,13.759538,0.453823,2.285052,1.204930,1.780085,-0.724415,-0.667823,-0.986598,0.401501,0.975746
sample,959,drone,23.961908,13.789436,0.497993,2.267077,1.187525,1.754373,-0.713951,-0.724612,-1.070494,0.435643,0.975746
sample,960,drone,23.986894,13.818882,0.541494,2.249374,1.168719,1.726589,-0.702645,-0.779989,-1.152305,0.468937,0.975746
sample,961,drone,24.011881,13.847840,0.584275,2.231963,1.148547,1.696789,-0.690517,-0.833836,-1.231854,0.501310,0.975746
sample,962,drone,24.036867,13.876278,0.626287,2.214867,1.127050,1.665030,-0.677593,-0.886031,-1.308964,0.532690,0.975746
sample,963,drone,24.061854,13.904162,0.667481,2.198102,1.104270,1.631376,-0.663897,-0.936455,-1.383458,0.563006,0.975746
sample,964,drone,24.086840,13.931461,0.707811,2.181690,1.080253,1.595895,-0.649458,-0.984988,-1.455158,0.592184,0.975746
sample,965,drone,24.111826,13.958145,0.747233,2.165647,1.055047,1.558658,-0.634304,-1.031510,-1.523886,0.620154,0.975746
sample,966,drone,24.136813,13.984185,0.785702,2.149992,1.028705,1.519742,-0.618467,-1.075901,-1.589466,0.646842,0.975746
sample,967,drone,24.161799,14.009552,0.823178,2.134741,1.001282,1.479228,-0.601980,-1.118041,-1.651720,0.672176,0.975746
sample,968,drone,24.186785,14.034222,0.859623,2.119909,0.972834,1.437201,-0.584877,-1.157809,-1.710471,0.696085,0.975746
sample,969,drone,24.211772,14.058167,0.894999,2.105513,0.943423,1.393751,-0.567194,-1.195086,-1.765542,0.718497,0.975746
sample,970,drone,24.236758,14.081367,0.929272,2.091565,0.913112,1.348972,-0.548971,-1.229752,-1.816755,0.739338,0.975746
sample,971,drone,24.261744,14.103798,0.962411,2.078079,0.881969,1.302963,-0.530248,-1.261686,-1.863933,0.758537,0.975746
sample,972,drone,24.286731,14.125441,0.994385,2.065067,0.850062,1.255827,-0.511065,-1.290769,-1.906898,0.776022,0.975746
sample,973,drone,24.311717,14.146278,1.025168,2.052540,0.817466,1.207670,-0.491468,-1.316881,-1.945474,0.791721,0.975746
sample,974,drone,24.336703,14.166292,1.054735,2.040507,0.784254,1.158606,-0.471501,-1.339902,-1.979483,0.805561,0.975746
sample,975,drone,24.361690,14.185469,1.083066,2.028978,0.750507,1.108750,-0.451212,-1.359711,-2.008748,0.817471,0.975746
sample,976,drone,24.386676,14.203797,1.110143,2.017959,0.716306,1.058224,-0.430650,-1.376188,-2.033091,0.827377,0.975746
sample,977,drone,24.411662,14.221265,1.135949,2.007457,0.681735,1.007151,-0.409866,-1.389215,-2.052335,0.835209,0.975746
sample,978,drone,24.436649,14.237865,1.160473,1.997477,0.646883,0.955663,-0.388912,-1.398669,-2.066303,0.840893,0.975746
sample,979,drone,24.461635,14.253592,1.183706,1.988022,0.611840,0.903892,-0.367844,-1.404433,-2.074817,0.844358,0.975746
sample,980,drone,24.486621,14.268441,1.205643,1.979095,0.576700,0.851979,-0.346717,-1.406385,-2.077701,0.845531,0.975746
sample,981,drone,24.511608,14.282411,1.226281,1.970696,0.541559,0.800064,-0.325590,-1.404405,-2.074776,0.844341,0.975746
sample,982,drone,24.536594,14.295504,1.245624,1.962824,0.506518,0.748296,-0.304523,-1.398374,-2.065866,0.840715,0.975746
sample,983,drone,24.561580,14.307723,1.263676,1.955478,0.471679,0.696827,-0.283578,-1.388171,-2.050793,0.834581,0.975746
sample,984,drone,24.586567,14.319075,1.280446,1.948653,0.437147,0.645813,-0.262817,-1.373677,-2.029380,0.825867,0.975746
sample,985,drone,24.611553,14.329568,1.295949,1.942344,0.403032,0.595414,-0.242307,-1.354771,-2.001450,0.814501,0.975746
sample,986,drone,24.636540,14.339215,1.310201,1.936544,0.369446,0.545795,-0.222114,-1.331333,-1.966825,0.800410,0.975746
sample,987,drone,24.661526,14.348031,1.323224,1.931245,0.336502,0.497126,-0.202308,-1.303244,-1.925328,0.783522,0.975746
sample,988,drone,24.686512,14.356031,1.335044,1.926434,0.304319,0.449581,-0.182959,-1.270383,-1.876781,0.763766,0.975746
sample,989,drone,24.711499,14.363238,1.345690,1.922102,0.273018,0.403338,-0.164141,-1.232631,-1.821008,0.741069,0.975746
sample,990,drone,24.736485,14.369675,1.355199,1.918232,0.242721,0.358580,-0.145926,-1.189867,-1.757831,0.715359,0.975746
sample,991,drone,24.761471,14.375368,1.363610,1.914809,0.213557,0.315495,-0.128392,-1.141971,-1.687073,0.686563,0.975746
sample,992,drone,24.786458,14.380347,1.370966,1.911816,0.185654,0.274273,-0.111617,-1.088823,-1.608556,0.654611,0.975746
sample,993,drone,24.811444,14.384645,1.377316,1.909231,0.159145,0.235111,-0.095680,-1.030304,-1.522104,0.619428,0.975746
sample,994,drone,24.836430,14.388300,1.382715,1.907034,0.134167,0.198209,-0.080662,-0.966293,-1.427538,0.580944,0.975746
sample,995,drone,24.861417,14.391350,1.387221,1.905201,0.110857,0.163773,-0.066648,-0.896670,-1.324682,0.539086,0.975746
sample,996,drone,24.886403,14.393839,1.390899,1.903704,0.089358,0.132011,-0.053723,-0.821315,-1.213357,0.493782,0.975746
sample,997,drone,24.911389,14.395815,1.393818,1.902516,0.069814,0.103138,-0.041973,-0.740109,-1.093388,0.444960,0.975746
sample,998,drone,24.936376,14.397328,1.396053,1.901606,0.052373,0.077372,-0.031487,-0.652930,-0.964596,0.392548,0.975746
sample,999,drone,24.961362,14.398433,1.397684,1.900942,0.037185,0.054935,-0.022356,-0.559660,-0.826805,0.336473,0.975746
sample,1000,drone,24.986348,14.399186,1.398798,1.900489,0.024405,0.036054,-0.014672,-0.460178,-0.679836,0.276663,0.975746
sample,1001,drone,25.011335,14.399652,1.399486,1.900209,0.014189,0.020961,-0.008530,-0.354363,-0.523513,0.213047,0.975746
sample,1002,drone,25.036321,14.399896,1.399846,1.900063,0.006696,0.009893,-0.004026,-0.242097,-0.357659,0.145551,0.975746
sample,1003,drone,25.061307,14.399987,1.399980,1.900008,0.002090,0.003088,-0.001257,-0.123401,-0.182305,0.074190,0.975746
sample,1004,drone,25.086294,14.400000,1.400000,1.900000,0.000530,0.000782,-0.000318,-0.062466,-0.092283,0.037555,0.975745
