section,index,name,t,x,y,z,vx,vy,vz,ax,ay,az,yaw
crossing,1,G1,1.762422,2.149570,-0.377095,1.210130,,,,,,
crossing,2,G6,4.892040,4.243792,3.156872,2.140619,,,,,,
crossing,3,G3,9.244934,5.818963,-2.428106,1.414698,,,,,,
crossing,4,G2,14.226117,8.831785,3.297062,2.763662,,,,,,
crossing,5,G5,15.924529,10.046185,2.491694,2.014516,,,,,,
crossing,6,G4,19.580330,12.402042,-1.809238,2.612306,,,,,,
sample,0,drone,0.000000,0.000000,-1.400000,1.200000,0.002398,0.001141,0.000011,0.279830,0.133161,0.001319,0.444154
sample,1,drone,0.024979,0.000060,-1.399971,1.200000,0.009388,0.004467,0.000044,0.548546,0.261034,0.002585,0.444154
sample,2,drone,0.049958,0.000469,-1.399777,1.200002,0.029802,0.014182,0.000140,1.063063,0.505874,0.005010,0.444154
sample,3,drone,0.074936,0.001549,-1.399263,1.200007,0.062496,0.029740,0.000295,1.531414,0.728746,0.007217,0.444154
sample,4,drone,0.099915,0.003591,-1.398291,1.200017,0.106308,0.050588,0.000501,1.953976,0.929829,0.009209,0.444154
sample,5,drone,0.124894,0.006860,-1.396736,1.200032,0.160112,0.076192,0.000755,2.332168,1.109797,0.010991,0.444154
sample,6,drone,0.149873,0.011590,-1.394485,1.200055,0.222818,0.106031,0.001050,2.667408,1.269326,0.012571,0.444154
sample,7,drone,0.174852,0.017991,-1.391439,1.200085,0.293370,0.139604,0.001383,2.961115,1.409091,0.013955,0.444154
sample,8,drone,0.199830,0.026246,-1.387510,1.200124,0.370748,0.176426,0.001747,3.214707,1.529767,0.015150,0.444154
sample,9,drone,0.224809,0.036513,-1.382625,1.200172,0.453969,0.216028,0.002139,3.429603,1.632028,0.016163,0.444154
sample,10,drone,0.249788,0.048925,-1.376718,1.200231,0.542083,0.257958,0.002555,3.607221,1.716550,0.017000,0.444154
sample,11,drone,0.274767,0.063594,-1.369738,1.200300,0.634177,0.301783,0.002989,3.748980,1.784008,0.017668,0.444154
sample,12,drone,0.299746,0.080607,-1.361642,1.200380,0.729373,0.347083,0.003437,3.856299,1.835078,0.018174,0.444154
sample,13,drone,0.324725,0.100032,-1.352398,1.200471,0.826828,0.393459,0.003897,3.930595,1.870433,0.018524,0.444154
sample,14,drone,0.349703,0.121914,-1.341986,1.200575,0.925736,0.440525,0.004363,3.973289,1.890749,0.018725,0.444154
sample,15,drone,0.374682,0.146279,-1.330391,1.200689,1.025324,0.487916,0.004832,3.985797,1.896701,0.018784,0.444154
sample,16,drone,0.399661,0.173136,-1.317610,1.200816,1.124857,0.535280,0.005301,3.969540,1.888965,0.018707,0.444154
sample,17,drone,0.424640,0.202474,-1.303649,1.200954,1.223633,0.582284,0.005767,3.925934,1.868215,0.018502,0.444154
sample,18,drone,0.449619,0.234266,-1.288521,1.201104,1.320987,0.628612,0.006225,3.856400,1.835126,0.018174,0.444154
sample,19,drone,0.474597,0.268468,-1.272246,1.201265,1.416290,0.673963,0.006675,3.762355,1.790373,0.017731,0.444154
sample,20,drone,0.499576,0.305021,-1.254851,1.201437,1.508946,0.718054,0.007111,3.645218,1.734632,0.017179,0.444154
sample,21,drone,0.524555,0.343851,-1.236373,1.201620,1.598396,0.760621,0.007533,3.506408,1.668577,0.016525,0.444154
sample,22,drone,0.549534,0.384873,-1.216853,1.201814,1.684118,0.801413,0.007937,3.347343,1.592884,0.015775,0.444154
sample,23,drone,0.574513,0.427986,-1.196337,1.202017,1.765622,0.840197,0.008321,3.169442,1.508227,0.014937,0.444154
sample,24,drone,0.599491,0.473079,-1.174878,1.202230,1.842455,0.876760,0.008683,2.974123,1.415281,0.014016,0.444154
sample,25,drone,0.624470,0.520030,-1.152536,1.202451,1.914202,0.910902,0.009021,2.762806,1.314722,0.013020,0.444154
sample,26,drone,0.649449,0.568708,-1.129372,1.202680,1.980479,0.942440,0.009334,2.536907,1.207225,0.011956,0.444154
sample,27,drone,0.674428,0.618970,-1.105454,1.202917,2.040940,0.971212,0.009618,2.297847,1.093465,0.010829,0.444154
sample,28,drone,0.699407,0.670668,-1.080852,1.203161,2.095274,0.997067,0.009875,2.047043,0.974116,0.009647,0.444154
sample,29,drone,0.724386,0.723645,-1.055643,1.203410,2.143205,1.019876,0.010100,1.785914,0.849854,0.008417,0.444154
sample,30,drone,0.749364,0.777738,-1.029902,1.203665,2.184494,1.039524,0.010295,1.515880,0.721354,0.007144,0.444154
sample,31,drone,0.774343,0.832777,-1.003710,1.203925,2.218935,1.055913,0.010457,1.238357,0.589291,0.005836,0.444154
sample,32,drone,0.799322,0.888591,-0.977151,1.204188,2.246359,1.068964,0.010587,0.954766,0.454340,0.004500,0.444154
sample,33,drone,0.824301,0.945000,-0.950308,1.204454,2.266633,1.078611,0.010682,0.666523,0.317175,0.003141,0.444154
sample,34,drone,0.849280,1.001826,-0.923266,1.204721,2.279657,1.084809,0.010743,0.375049,0.178473,0.001768,0.444154
sample,35,drone,0.874258,1.058886,-0.896113,1.204990,2.285369,1.087527,0.010770,0.081762,0.038908,0.000385,0.444154
sample,36,drone,0.899237,1.115998,-0.868936,1.205259,2.283742,1.086753,0.010763,-0.211920,-0.100846,-0.000999,0.444154
sample,37,drone,0.924216,1.172977,-0.841821,1.205528,2.274782,1.082489,0.010721,-0.504579,-0.240111,-0.002378,0.444154
sample,38,drone,0.949195,1.229640,-0.814857,1.205795,2.258534,1.074757,0.010644,-0.794795,-0.378215,-0.003746,0.444154
sample,39,drone,0.974174,1.285808,-0.788129,1.206060,2.235076,1.063594,0.010533,-1.081151,-0.514482,-0.005095,0.444154
sample,40,drone,0.999152,1.341300,-0.761723,1.206321,2.204522,1.049055,0.010389,-1.362227,-0.648236,-0.006420,0.444154
sample,41,drone,1.024131,1.395940,-0.735721,1.206579,2.167022,1.031210,0.010213,-1.636605,-0.778803,-0.007713,0.444154
sample,42,drone,1.049110,1.449559,-0.710206,1.206831,2.122761,1.010148,0.010004,-1.902866,-0.905507,-0.008968,0.444154
sample,43,drone,1.074089,1.501989,-0.685256,1.207079,2.071960,0.985973,0.009765,-2.159592,-1.027674,-0.010178,0.444154
sample,44,drone,1.099068,1.553069,-0.660949,1.207319,2.014873,0.958808,0.009496,-2.405365,-1.144629,-0.011336,0.444154
sample,45,drone,1.124047,1.602647,-0.637356,1.207553,1.951793,0.928790,0.009198,-2.638765,-1.255696,-0.012436,0.444154
sample,46,drone,1.149025,1.650576,-0.614549,1.207779,1.883047,0.896076,0.008874,-2.858374,-1.360200,-0.013471,0.444154
sample,47,drone,1.174004,1.696719,-0.592591,1.207996,1.808996,0.860838,0.008525,-3.062774,-1.457467,-0.014434,0.444154
sample,48,drone,1.198983,1.740949,-0.571543,1.208205,1.730038,0.823264,0.008153,-3.250546,-1.546821,-0.015319,0.444154
sample,49,drone,1.223962,1.783148,-0.551462,1.208404,1.646606,0.783562,0.007760,-3.420271,-1.627587,-0.016119,0.444154
sample,50,drone,1.248941,1.823210,-0.532398,1.208592,1.559169,0.741954,0.007348,-3.570532,-1.699091,-0.016827,0.444154
sample,51,drone,1.273919,1.861040,-0.514396,1.208771,1.468231,0.698680,0.006919,-3.699908,-1.760657,-0.017437,0.444154
sample,52,drone,1.298898,1.896559,-0.497494,1.208938,1.374331,0.653996,0.006477,-3.806983,-1.811610,-0.017941,0.444154
sample,53,drone,1.323877,1.929699,-0.481724,1.209094,1.278043,0.608176,0.006023,-3.890336,-1.851275,-0.018334,0.444154
sample,54,drone,1.348856,1.960407,-0.467111,1.209239,1.179979,0.561511,0.005561,-3.948550,-1.878977,-0.018609,0.444154
sample,55,drone,1.373835,1.988648,-0.453672,1.209372,1.080783,0.514307,0.005093,-3.980206,-1.894041,-0.018758,0.444154
sample,56,drone,1.398813,2.014400,-0.441417,1.209493,0.981137,0.466889,0.004624,-3.983886,-1.895792,-0.018775,0.444154
sample,57,drone,1.423792,2.037663,-0.430348,1.209603,0.881758,0.419598,0.004156,-3.958170,-1.883555,-0.018654,0.444154
sample,58,drone,1.448771,2.058451,-0.420455,1.209701,0.783396,0.372791,0.003692,-3.901641,-1.856654,-0.018387,0.444154
sample,59,drone,1.473750,2.076799,-0.411724,1.209787,0.686841,0.326844,0.003237,-3.812879,-1.814416,-0.017969,0.444154
sample,60,drone,1.498729,2.092764,-0.404127,1.209863,0.592914,0.282147,0.002794,-3.690467,-1.756164,-0.017392,0.444154
sample,61,drone,1.523708,2.106420,-0.397628,1.209927,0.502474,0.239110,0.002368,-3.532985,-1.681224,-0.016650,0.444154
sample,62,drone,1.548686,2.117866,-0.392182,1.209981,0.416414,0.198157,0.001962,-3.339015,-1.588921,-0.015736,0.444154
sample,63,drone,1.573665,2.127223,-0.387729,1.210025,0.335665,0.159731,0.001582,-3.107139,-1.478579,-0.014643,0.444154
sample,64,drone,1.598644,2.134635,-0.384202,1.210060,0.261189,0.124291,0.001231,-2.835938,-1.349524,-0.013365,0.444154
sample,65,drone,1.623623,2.140271,-0.381520,1.210087,0.193988,0.092312,0.000914,-2.523993,-1.201080,-0.011895,0.444154
sample,66,drone,1.648602,2.144326,-0.379590,1.210106,0.135096,0.064288,0.000637,-2.169886,-1.032573,-0.010226,0.444154
sample,67,drone,1.673580,2.147021,-0.378308,1.210118,0.085586,0.040727,0.000403,-1.772198,-0.843327,-0.008352,0.444154
sample,68,drone,1.698559,2.148602,-0.377556,1.210126,0.046562,0.022157,0.000219,-1.329510,-0.632667,-0.006266,0.444154
sample,69,drone,1.723538,2.149347,-0.377201,1.210129,0.019166,0.009121,0.000090,-0.842192,-0.400322,-0.003806,0.444154
sample,70,drone,1.748517,2.149560,-0.377100,1.210130,0.004488,0.002158,0.000029,-0.366865,-0.159303,0.003813,0.448213
sample,71,drone,1.773496,2.149571,-0.377093,1.210131,0.000839,0.001162,0.000281,-0.029775,0.058148,0.026098,0.945720
sample,72,drone,1.798474,2.149601,-0.377042,1.210144,0.003000,0.005063,0.001333,0.137684,0.237404,0.063012,1.035837
sample,73,drone,1.823453,2.149721,-0.376840,1.210197,0.007717,0.013022,0.003429,0.234165,0.395149,0.104042,1.035837
sample,74,drone,1.848432,2.149987,-0.376391,1.210316,0.014699,0.024804,0.006531,0.322494,0.544203,0.143288,1.035837
sample,75,drone,1.873411,2.150455,-0.375601,1.210524,0.023828,0.040209,0.010587,0.406189,0.685437,0.180475,1.035837
sample,76,drone,1.898390,2.151177,-0.374382,1.210845,0.034991,0.059046,0.015547,0.485329,0.818984,0.215637,1.035837
sample,77,drone,1.923369,2.152203,-0.372651,1.211300,0.048074,0.081124,0.021360,0.559991,0.944975,0.248811,1.035837
sample,78,drone,1.948347,2.153579,-0.370330,1.211912,0.062967,0.106255,0.027977,0.630254,1.063543,0.280029,1.035837
sample,79,drone,1.973326,2.155349,-0.367343,1.212698,0.079560,0.134256,0.035349,0.696196,1.174820,0.309328,1.035837
sample,80,drone,1.998305,2.157554,-0.363623,1.213678,0.097747,0.164946,0.043430,0.757896,1.278937,0.336742,1.035837
sample,81,drone,2.023284,2.160232,-0.359103,1.214868,0.117423,0.198149,0.052172,0.815431,1.376027,0.362306,1.035837
sample,82,drone,2.048263,2.163420,-0.353724,1.216284,0.138484,0.233689,0.061530,0.868880,1.466221,0.386054,1.035837
sample,83,drone,2.073241,2.167150,-0.347428,1.217942,0.160830,0.271398,0.071459,0.918322,1.549653,0.408021,1.035837
sample,84,drone,2.098220,2.171454,-0.340165,1.219854,0.184361,0.311106,0.081914,0.963834,1.626454,0.428243,1.035837
sample,85,drone,2.123199,2.176361,-0.331886,1.222034,0.208981,0.352651,0.092853,1.005495,1.696756,0.446753,1.035837
sample,86,drone,2.148178,2.181895,-0.322548,1.224493,0.234593,0.395872,0.104233,1.043382,1.760691,0.463587,1.035837
sample,87,drone,2.173157,2.188080,-0.312109,1.227241,0.261106,0.440611,0.116012,1.077576,1.818391,0.478780,1.035837
sample,88,drone,2.198135,2.194939,-0.300536,1.230288,0.288426,0.486715,0.128151,1.108152,1.869989,0.492366,1.035837
sample,89,drone,2.223114,2.202489,-0.287794,1.233643,0.316466,0.534032,0.140610,1.135191,1.915617,0.504379,1.035837
sample,90,drone,2.248093,2.210749,-0.273857,1.237313,0.345138,0.582414,0.153349,1.158770,1.955405,0.514856,1.035837
sample,91,drone,2.273072,2.219732,-0.258698,1.241304,0.374356,0.631719,0.166331,1.178967,1.989488,0.523829,1.035837
sample,92,drone,2.298051,2.229451,-0.242298,1.245622,0.404036,0.681804,0.179518,1.195861,2.017996,0.531336,1.035837
sample,93,drone,2.323030,2.239916,-0.224637,1.250272,0.434098,0.732533,0.192875,1.209530,2.041062,0.537409,1.035837
sample,94,drone,2.348008,2.251137,-0.205702,1.255258,0.464461,0.783771,0.206366,1.220052,2.058818,0.542084,1.035837
sample,95,drone,2.372987,2.263120,-0.185482,1.260582,0.495049,0.835387,0.219956,1.227506,2.071396,0.545396,1.035837
sample,96,drone,2.397966,2.275869,-0.163968,1.266246,0.525785,0.887253,0.233613,1.231969,2.078928,0.547379,1.035837
sample,97,drone,2.422945,2.289387,-0.141156,1.272253,0.556595,0.939245,0.247302,1.233521,2.081547,0.548068,1.035837
sample,98,drone,2.447924,2.303675,-0.117046,1.278601,0.587408,0.991242,0.260993,1.232239,2.079383,0.547499,1.035837
sample,99,drone,2.472902,2.318732,-0.091636,1.285291,0.618155,1.043126,0.274654,1.228201,2.072570,0.545705,1.035837
sample,100,drone,2.497881,2.334556,-0.064933,1.292322,0.648766,1.094783,0.288255,1.221487,2.061239,0.542721,1.035837
sample,101,drone,2.522860,2.351143,-0.036944,1.299692,0.679177,1.146101,0.301767,1.212173,2.045523,0.538583,1.035837
sample,102,drone,2.547839,2.368486,-0.007677,1.307398,0.709324,1.196972,0.315161,1.200339,2.025553,0.533325,1.035837
sample,103,drone,2.572818,2.386579,0.022854,1.315436,0.739143,1.247293,0.328410,1.186063,2.001462,0.526982,1.035837
sample,104,drone,2.597796,2.405412,0.054635,1.323804,0.768577,1.296961,0.341488,1.169423,1.973382,0.519589,1.035837
sample,105,drone,2.622775,2.424975,0.087647,1.332496,0.797565,1.345878,0.354368,1.150496,1.941444,0.511180,1.035837
sample,106,drone,2.647754,2.445257,0.121872,1.341508,0.826053,1.393951,0.367025,1.129363,1.905782,0.501790,1.035837
sample,107,drone,2.672733,2.466243,0.157286,1.350832,0.853985,1.441086,0.379436,1.106100,1.866526,0.491454,1.035837
sample,108,drone,2.697712,2.487920,0.193865,1.360463,0.881311,1.487198,0.391577,1.080786,1.823810,0.480207,1.035837
sample,109,drone,2.722691,2.510271,0.231583,1.370394,0.907979,1.532200,0.403426,1.053500,1.777764,0.468083,1.035837
sample,110,drone,2.747669,2.533280,0.270410,1.380618,0.933941,1.576011,0.414961,1.024319,1.728522,0.455118,1.035837
sample,111,drone,2.772648,2.556929,0.310316,1.391125,0.959151,1.618553,0.426163,0.993323,1.676216,0.441345,1.035837
sample,112,drone,2.797627,2.581197,0.351269,1.401908,0.983565,1.659750,0.437010,0.960588,1.620976,0.426801,1.035837
sample,113,drone,2.822606,2.606065,0.393234,1.412957,1.007140,1.699533,0.447485,0.926194,1.562937,0.411519,1.035837
sample,114,drone,2.847585,2.631512,0.436174,1.424263,1.029836,1.737831,0.457568,0.890218,1.502229,0.395535,1.035837
sample,115,drone,2.872563,2.657513,0.480052,1.435816,1.051613,1.774580,0.467245,0.852740,1.438984,0.378883,1.035837
sample,116,drone,2.897542,2.684048,0.524828,1.447605,1.072436,1.809719,0.476497,0.813836,1.373336,0.361597,1.035837
sample,117,drone,2.922521,2.711090,0.570461,1.459621,1.092271,1.843189,0.485309,0.773587,1.305415,0.343714,1.035837
sample,118,drone,2.947500,2.738615,0.616909,1.471850,1.111083,1.874935,0.493668,0.732069,1.235354,0.325267,1.035837
sample,119,drone,2.972479,2.766597,0.664128,1.484283,1.128843,1.904904,0.501559,0.689361,1.163285,0.306291,1.035837
sample,120,drone,2.997457,2.795009,0.712073,1.496907,1.145522,1.933050,0.508969,0.645541,1.089340,0.286822,1.035837
sample,121,drone,3.022436,2.823824,0.760699,1.509710,1.161093,1.959325,0.515888,0.600688,1.013652,0.266893,1.035837
sample,122,drone,3.047415,2.853015,0.809957,1.522679,1.175531,1.983689,0.522303,0.554880,0.936352,0.246540,1.035837
sample,123,drone,3.072394,2.882551,0.859799,1.535803,1.188813,2.006103,0.528204,0.508196,0.857572,0.225797,1.035837
sample,124,drone,3.097373,2.912405,0.910177,1.549067,1.200919,2.026532,0.533583,0.460712,0.777445,0.204700,1.035837
sample,125,drone,3.122352,2.942546,0.961040,1.562459,1.211829,2.044942,0.538430,0.412509,0.696102,0.183283,1.035837
sample,126,drone,3.147330,2.972945,1.012337,1.575966,1.221527,2.061307,0.542739,0.363663,0.613675,0.161580,1.035837
sample,127,drone,3.172309,3.003571,1.064018,1.589573,1.229997,2.075600,0.546503,0.314254,0.530298,0.139627,1.035837
sample,128,drone,3.197288,3.034393,1.116029,1.603268,1.237226,2.087800,0.549715,0.264359,0.446101,0.117458,1.035837
sample,129,drone,3.222267,3.065380,1.168319,1.617036,1.243204,2.097886,0.552371,0.214057,0.361217,0.095108,1.035837
sample,130,drone,3.247246,3.096500,1.220835,1.630863,1.247920,2.105845,0.554466,0.163426,0.275778,0.072612,1.035837
sample,131,drone,3.272224,3.127723,1.273522,1.644736,1.251368,2.111664,0.555998,0.112544,0.189917,0.050005,1.035837
sample,132,drone,3.297203,3.159016,1.326328,1.658639,1.253543,2.115333,0.556964,0.061490,0.103764,0.027321,1.035837
sample,133,drone,3.322182,3.190347,1.379199,1.672560,1.254440,2.116847,0.557363,0.010342,0.017452,0.004595,1.035837
sample,134,drone,3.347161,3.221685,1.432081,1.686484,1.254059,2.116205,0.557194,-0.040822,-0.068886,-0.018138,1.035837
sample,135,drone,3.372140,3.252997,1.484920,1.700396,1.252401,2.113406,0.556457,-0.091923,-0.155119,-0.040843,1.035837
sample,136,drone,3.397118,3.284251,1.537662,1.714283,1.249467,2.108455,0.555153,-0.142884,-0.241114,-0.063485,1.035837
sample,137,drone,3.422097,3.315417,1.590253,1.728130,1.245263,2.101361,0.553285,-0.193625,-0.326740,-0.086030,1.035837
sample,138,drone,3.447076,3.346462,1.642641,1.741924,1.239794,2.092132,0.550856,-0.244070,-0.411864,-0.108443,1.035837
sample,139,drone,3.472055,3.377354,1.694771,1.755650,1.233069,2.080785,0.547868,-0.294139,-0.496354,-0.130689,1.035837
sample,140,drone,3.497034,3.408063,1.746592,1.769294,1.225100,2.067336,0.544327,-0.343754,-0.580079,-0.152734,1.035837
sample,141,drone,3.522013,3.438557,1.798050,1.782843,1.215896,2.051805,0.540238,-0.392837,-0.662905,-0.174542,1.035837
sample,142,drone,3.546991,3.468806,1.849095,1.796283,1.205474,2.034218,0.535607,-0.441309,-0.744702,-0.196079,1.035837
sample,143,drone,3.571970,3.498780,1.899675,1.809601,1.193850,2.014602,0.530442,-0.489093,-0.825337,-0.217310,1.035837
sample,144,drone,3.596949,3.528448,1.949740,1.822783,1.181040,1.992987,0.524751,-0.536110,-0.904677,-0.238200,1.035837
sample,145,drone,3.621928,3.557782,1.999240,1.835816,1.167067,1.969406,0.518542,-0.582282,-0.982591,-0.258715,1.035837
sample,146,drone,3.646907,3.586752,2.048127,1.848688,1.151951,1.943899,0.511826,-0.627530,-1.058947,-0.278819,1.035837
sample,147,drone,3.671885,3.615331,2.096353,1.861386,1.135717,1.916504,0.504613,-0.671777,-1.133613,-0.298479,1.035837
sample,148,drone,3.696864,3.643490,2.143871,1.873897,1.118391,1.887266,0.496915,-0.714944,-1.206456,-0.317658,1.035837
sample,149,drone,3.721843,3.671203,2.190636,1.886210,1.100000,1.856232,0.488743,-0.756952,-1.277344,-0.336323,1.035837
sample,150,drone,3.746822,3.698443,2.236604,1.898314,1.080575,1.823453,0.480113,-0.797724,-1.346146,-0.354438,1.035837
sample,151,drone,3.771801,3.725186,2.281731,1.910196,1.060148,1.788982,0.471036,-0.837181,-1.412729,-0.371970,1.035837
sample,152,drone,3.796779,3.751406,2.325977,1.921845,1.038751,1.752876,0.461530,-0.875245,-1.476961,-0.388882,1.035837
sample,153,drone,3.821758,3.777079,2.369301,1.933253,1.016422,1.715196,0.451609,-0.911837,-1.538711,-0.405140,1.035837
sample,154,drone,3.846737,3.802184,2.411664,1.944407,0.993198,1.676006,0.441290,-0.946880,-1.597845,-0.420710,1.035837
sample,155,drone,3.871716,3.826697,2.453030,1.955298,0.969119,1.635372,0.430591,-0.980295,-1.654232,-0.435557,1.035837
sample,156,drone,3.896695,3.850599,2.493363,1.965918,0.944225,1.593365,0.419531,-1.012004,-1.707740,-0.449646,1.035837
sample,157,drone,3.921674,3.873868,2.532631,1.976257,0.918561,1.550057,0.408128,-1.041928,-1.758237,-0.462941,1.035837
sample,158,drone,3.946652,3.896488,2.570801,1.986307,0.892173,1.505527,0.396403,-1.069990,-1.805590,-0.475409,1.035837
sample,159,drone,3.971631,3.918439,2.607843,1.996060,0.865107,1.459854,0.384378,-1.096110,-1.849668,-0.487015,1.035837
sample,160,drone,3.996610,3.939706,2.643731,2.005510,0.837414,1.413122,0.372073,-1.120211,-1.890338,-0.497723,1.035837
sample,161,drone,4.021589,3.960274,2.678440,2.014648,0.809144,1.365418,0.359513,-1.142215,-1.927469,-0.507500,1.035837
sample,162,drone,4.046568,3.980129,2.711945,2.023470,0.780351,1.316830,0.346720,-1.162043,-1.960928,-0.516310,1.035837
sample,163,drone,4.071546,3.999259,2.744225,2.031970,0.751091,1.267454,0.333719,-1.179617,-1.990584,-0.524118,1.035837
sample,164,drone,4.096525,4.017652,2.775264,2.040142,0.721421,1.217386,0.320536,-1.194858,-2.016303,-0.530890,1.035837
sample,165,drone,4.121504,4.035299,2.805043,2.047983,0.691399,1.166724,0.307197,-1.207689,-2.037955,-0.536591,1.035837
sample,166,drone,4.146483,4.052193,2.833550,2.055489,0.661087,1.115574,0.293729,-1.218030,-2.055407,-0.541186,1.035837
sample,167,drone,4.171462,4.068326,2.860774,2.062657,0.630549,1.064041,0.280161,-1.225805,-2.068526,-0.544640,1.035837
sample,168,drone,4.196440,4.083693,2.886707,2.069485,0.599849,1.012236,0.266520,-1.230934,-2.077181,-0.546919,1.035837
sample,169,drone,4.221419,4.098293,2.911343,2.075972,0.569054,0.960270,0.252838,-1.233339,-2.081240,-0.547988,1.035837
sample,170,drone,4.246398,4.112122,2.934680,2.082116,0.538234,0.908262,0.239144,-1.232943,-2.080571,-0.547811,1.035837
sample,171,drone,4.271377,4.125182,2.956718,2.087919,0.507460,0.856330,0.225470,-1.229666,-2.075041,-0.546355,1.035837
sample,172,drone,4.296356,4.137474,2.977460,2.093380,0.476803,0.804598,0.211849,-1.223430,-2.064519,-0.543585,1.035837
sample,173,drone,4.321335,4.149002,2.996914,2.098502,0.446340,0.753191,0.198314,-1.214158,-2.048872,-0.539465,1.035837
sample,174,drone,4.346313,4.159772,3.015088,2.103287,0.416147,0.702241,0.184899,-1.201770,-2.027968,-0.533961,1.035837
sample,175,drone,4.371292,4.169791,3.031996,2.107739,0.386302,0.651879,0.171639,-1.186190,-2.001676,-0.527038,1.035837
sample,176,drone,4.396271,4.179070,3.047654,2.111862,0.356887,0.602242,0.158569,-1.167337,-1.969862,-0.518662,1.035837
sample,177,drone,4.421250,4.187621,3.062083,2.115661,0.327985,0.553469,0.145728,-1.145135,-1.932396,-0.508797,1.035837
sample,178,drone,4.446229,4.195456,3.075304,2.119142,0.299679,0.505704,0.133151,-1.119504,-1.889145,-0.497409,1.035837
sample,179,drone,4.471207,4.202592,3.087346,2.122313,0.272057,0.459092,0.120878,-1.090367,-1.839976,-0.484463,1.035837
sample,180,drone,4.496186,4.209047,3.098239,2.125181,0.245207,0.413783,0.108949,-1.057645,-1.784759,-0.469924,1.035837
sample,181,drone,4.521165,4.214842,3.108018,2.127756,0.219220,0.369930,0.097402,-1.021260,-1.723360,-0.453758,1.035837
sample,182,drone,4.546144,4.219999,3.116720,2.130047,0.194187,0.327688,0.086280,-0.981134,-1.655647,-0.435930,1.035837
sample,183,drone,4.571123,4.224543,3.124388,2.132066,0.170205,0.287218,0.075624,-0.937188,-1.581489,-0.416404,1.035837
sample,184,drone,4.596101,4.228502,3.131069,2.133825,0.147368,0.248681,0.065477,-0.889344,-1.500754,-0.395146,1.035837
sample,185,drone,4.621080,4.231905,3.136812,2.135337,0.125775,0.212243,0.055883,-0.837524,-1.413309,-0.372122,1.035837
sample,186,drone,4.646059,4.234785,3.141672,2.136617,0.105527,0.178075,0.046887,-0.781650,-1.319022,-0.347297,1.035837
sample,187,drone,4.671038,4.237177,3.145708,2.137680,0.086726,0.146348,0.038533,-0.721643,-1.217762,-0.320635,1.035837
sample,188,drone,4.696017,4.239118,3.148983,2.138542,0.069475,0.117239,0.030869,-0.657426,-1.109395,-0.292102,1.035837
sample,189,drone,4.720996,4.240648,3.151565,2.139222,0.053882,0.090925,0.023941,-0.588919,-0.993791,-0.261664,1.035837
sample,190,drone,4.745974,4.241810,3.153526,2.139738,0.040054,0.067591,0.017797,-0.516044,-0.870816,-0.229285,1.035837
sample,191,drone,4.770953,4.242649,3.154942,2.140111,0.028102,0.047422,0.012486,-0.438724,-0.740339,-0.194930,1.035837
sample,192,drone,4.795932,4.243214,3.155895,2.140362,0.018137,0.030606,0.008058,-0.356880,-0.602229,-0.158566,1.035837
sample,193,drone,4.820911,4.243555,3.156471,2.140513,0.010273,0.017336,0.004564,-0.270433,-0.456351,-0.120157,1.035837
sample,194,drone,4.845890,4.243727,3.156761,2.140590,0.004627,0.007807,0.002056,-0.179317,-0.302616,-0.079676,1.035837
sample,195,drone,4.870868,4.243786,3.156861,2.140616,0.001315,0.002218,0.000584,-0.088233,-0.158349,-0.040839,1.035619
sample,196,drone,4.895847,4.243792,3.156872,2.140619,0.000219,-0.000103,0.000015,-0.014650,-0.085767,-0.017068,-0.441387
sample,197,drone,4.920826,4.243797,3.156856,2.140617,0.000583,-0.002067,-0.000269,0.030170,-0.120430,-0.016232,-1.295899
sample,198,drone,4.945805,4.243822,3.156768,2.140605,0.001726,-0.006120,-0.000795,0.059025,-0.209280,-0.027202,-1.295900
sample,199,drone,4.970784,4.243883,3.156550,2.140577,0.003532,-0.012522,-0.001628,0.085078,-0.301655,-0.039208,-1.295900
sample,200,drone,4.995762,4.243998,3.156143,2.140524,0.005976,-0.021190,-0.002754,0.110181,-0.390662,-0.050777,-1.295900
sample,201,drone,5.020741,4.244182,3.155491,2.140439,0.009036,-0.032039,-0.004164,0.134346,-0.476341,-0.061914,-1.295900
sample,202,drone,5.045720,4.244449,3.154542,2.140316,0.012688,-0.044987,-0.005847,0.157583,-0.558732,-0.072623,-1.295900
sample,203,drone,5.070699,4.244816,3.153244,2.140147,0.016909,-0.059952,-0.007792,0.179905,-0.637876,-0.082910,-1.295900
sample,204,drone,5.095678,4.245294,3.151547,2.139927,0.021675,-0.076853,-0.009989,0.201322,-0.713813,-0.092780,-1.295900
sample,205,drone,5.120657,4.245898,3.149405,2.139648,0.026966,-0.095612,-0.012427,0.221845,-0.786582,-0.102238,-1.295900
sample,206,drone,5.145635,4.246641,3.146771,2.139306,0.032758,-0.116149,-0.015097,0.241487,-0.856225,-0.111290,-1.295900
sample,207,drone,5.170614,4.247535,3.143602,2.138894,0.039030,-0.138387,-0.017987,0.260258,-0.922780,-0.119941,-1.295900
sample,208,drone,5.195593,4.248591,3.139857,2.138407,0.045760,-0.162249,-0.021089,0.278170,-0.986287,-0.128195,-1.295900
sample,209,drone,5.220572,4.249821,3.135496,2.137841,0.052927,-0.187660,-0.024392,0.295233,-1.046789,-0.136059,-1.295900
sample,210,drone,5.245551,4.251235,3.130482,2.137189,0.060509,-0.214544,-0.027886,0.311460,-1.104323,-0.143537,-1.295900
sample,211,drone,5.270529,4.252844,3.124778,2.136447,0.068487,-0.242829,-0.031562,0.326861,-1.158930,-0.150635,-1.295900
sample,212,drone,5.295508,4.254657,3.118351,2.135612,0.076839,-0.272441,-0.035411,0.341448,-1.210651,-0.157357,-1.295900
sample,213,drone,5.320487,4.256683,3.111168,2.134678,0.085545,-0.303310,-0.039423,0.355233,-1.259526,-0.163710,-1.295900
sample,214,drone,5.345466,4.258930,3.103198,2.133643,0.094585,-0.335364,-0.043590,0.368226,-1.305594,-0.169698,-1.295900
sample,215,drone,5.370445,4.261408,3.094414,2.132501,0.103940,-0.368535,-0.047901,0.380438,-1.348896,-0.175326,-1.295900
sample,216,drone,5.395423,4.264123,3.084787,2.131250,0.113591,-0.402752,-0.052349,0.391882,-1.389471,-0.180600,-1.295900
sample,217,drone,5.420402,4.267083,3.074293,2.129886,0.123518,-0.437949,-0.056924,0.402568,-1.427361,-0.185525,-1.295900
sample,218,drone,5.445381,4.270294,3.062908,2.128406,0.133702,-0.474060,-0.061617,0.412508,-1.462604,-0.190106,-1.295900
sample,219,drone,5.470360,4.273762,3.050610,2.126807,0.144126,-0.511017,-0.066421,0.421713,-1.495242,-0.194348,-1.295900
sample,220,drone,5.495339,4.277494,3.037379,2.125088,0.154770,-0.548758,-0.071326,0.430195,-1.525314,-0.198256,-1.295900
sample,221,drone,5.520318,4.281494,3.023196,2.123244,0.165617,-0.587218,-0.076325,0.437964,-1.552860,-0.201837,-1.295900
sample,222,drone,5.545296,4.285768,3.008043,2.121275,0.176650,-0.626335,-0.081410,0.445032,-1.577921,-0.205094,-1.295900
sample,223,drone,5.570275,4.290319,2.991905,2.119177,0.187850,-0.666048,-0.086571,0.451410,-1.600536,-0.208034,-1.295900
sample,224,drone,5.595254,4.295152,2.974769,2.116950,0.199201,-0.706294,-0.091802,0.457110,-1.620746,-0.210660,-1.295900
sample,225,drone,5.620233,4.300271,2.956621,2.114591,0.210686,-0.747016,-0.097095,0.462143,-1.638590,-0.212980,-1.295900
sample,226,drone,5.645212,4.305678,2.937450,2.112099,0.222289,-0.788155,-0.102442,0.466520,-1.654109,-0.214997,-1.295900
sample,227,drone,5.670190,4.311376,2.917246,2.109473,0.233992,-0.829652,-0.107836,0.470253,-1.667344,-0.216717,-1.295900
sample,228,drone,5.695169,4.317367,2.896002,2.106712,0.245781,-0.871451,-0.113269,0.473352,-1.678333,-0.218146,-1.295900
sample,229,drone,5.720148,4.323654,2.873711,2.103814,0.257640,-0.913497,-0.118734,0.475830,-1.687118,-0.219287,-1.295900
sample,230,drone,5.745127,4.330238,2.850366,2.100780,0.269553,-0.955735,-0.124224,0.477697,-1.693738,-0.220148,-1.295900
sample,231,drone,5.770106,4.337121,2.825964,2.097608,0.281505,-0.998112,-0.129732,0.478964,-1.698233,-0.220732,-1.295900
sample,232,drone,5.795084,4.344302,2.800503,2.094299,0.293481,-1.040575,-0.135251,0.479644,-1.700643,-0.221045,-1.295900
sample,233,drone,5.820063,4.351782,2.773980,2.090852,0.305466,-1.083072,-0.140775,0.479748,-1.701010,-0.221093,-1.295900
sample,234,drone,5.845042,4.359562,2.746395,2.087266,0.317448,-1.125554,-0.146297,0.479286,-1.699371,-0.220880,-1.295900
sample,235,drone,5.870021,4.367641,2.717750,2.083543,0.329410,-1.167969,-0.151810,0.478270,-1.695769,-0.220412,-1.295900
sample,236,drone,5.895000,4.376019,2.688046,2.079682,0.341341,-1.210270,-0.157308,0.476711,-1.690243,-0.219694,-1.295900
sample,237,drone,5.919979,4.384694,2.657288,2.075684,0.353226,-1.252409,-0.162785,0.474621,-1.682832,-0.218730,-1.295900
sample,238,drone,5.944957,4.393665,2.625479,2.071550,0.365052,-1.294340,-0.168235,0.472011,-1.673578,-0.217527,-1.295900
sample,239,drone,5.969936,4.402931,2.592625,2.067280,0.376806,-1.336017,-0.173652,0.468892,-1.662520,-0.216090,-1.295900
sample,240,drone,5.994915,4.412489,2.558734,2.062875,0.388477,-1.377396,-0.179030,0.465276,-1.649698,-0.214424,-1.295900
sample,241,drone,6.019894,4.422338,2.523814,2.058336,0.400050,-1.418432,-0.184364,0.461173,-1.635152,-0.212533,-1.295900
sample,242,drone,6.044873,4.432475,2.487873,2.053664,0.411516,-1.459084,-0.189648,0.456596,-1.618923,-0.210424,-1.295900
sample,243,drone,6.069851,4.442896,2.450922,2.048861,0.422861,-1.499310,-0.194877,0.451555,-1.601051,-0.208101,-1.295900
sample,244,drone,6.094830,4.453600,2.412971,2.043929,0.434074,-1.539069,-0.200044,0.446063,-1.581575,-0.205569,-1.295900
sample,245,drone,6.119809,4.464582,2.374033,2.038868,0.445145,-1.578322,-0.205146,0.440129,-1.560536,-0.202835,-1.295900
sample,246,drone,6.144788,4.475838,2.334122,2.033680,0.456062,-1.617030,-0.210177,0.433765,-1.537974,-0.199902,-1.295900
sample,247,drone,6.169767,4.487366,2.293250,2.028368,0.466815,-1.655155,-0.215133,0.426984,-1.513929,-0.196777,-1.295900
sample,248,drone,6.194745,4.499159,2.251434,2.022932,0.477393,-1.692662,-0.220008,0.419795,-1.488441,-0.193464,-1.295900
sample,249,drone,6.219724,4.511215,2.208689,2.017376,0.487787,-1.729514,-0.224798,0.412211,-1.461550,-0.189969,-1.295900
sample,250,drone,6.244703,4.523528,2.165032,2.011702,0.497986,-1.765677,-0.229498,0.404243,-1.433297,-0.186296,-1.295900
sample,251,drone,6.269682,4.536093,2.120480,2.005911,0.507982,-1.801118,-0.234105,0.395901,-1.403721,-0.182452,-1.295900
sample,252,drone,6.294661,4.548906,2.075052,2.000007,0.517765,-1.835804,-0.238613,0.387198,-1.372863,-0.178441,-1.295900
sample,253,drone,6.319640,4.561960,2.028768,1.993991,0.527325,-1.869703,-0.243019,0.378144,-1.340762,-0.174269,-1.295900
sample,254,drone,6.344618,4.575249,1.981646,1.987866,0.536656,-1.902785,-0.247319,0.368752,-1.307459,-0.169940,-1.295900
sample,255,drone,6.369597,4.588770,1.933709,1.981635,0.545747,-1.935021,-0.251509,0.359031,-1.272994,-0.165461,-1.295900
sample,256,drone,6.394576,4.602514,1.884977,1.975301,0.554592,-1.966381,-0.255585,0.348994,-1.237406,-0.160835,-1.295900
sample,257,drone,6.419555,4.616476,1.835473,1.968867,0.563182,-1.996839,-0.259544,0.338652,-1.200737,-0.156069,-1.295900
sample,258,drone,6.444534,4.630649,1.785220,1.962335,0.571510,-2.026367,-0.263382,0.328016,-1.163026,-0.151167,-1.295900
sample,259,drone,6.469512,4.645027,1.734241,1.955709,0.579569,-2.054941,-0.267096,0.317098,-1.124313,-0.146135,-1.295900
sample,260,drone,6.494491,4.659603,1.682560,1.948992,0.587352,-2.082535,-0.270683,0.305908,-1.084639,-0.140979,-1.295900
sample,261,drone,6.519470,4.674370,1.630202,1.942186,0.594852,-2.109127,-0.274139,0.294459,-1.044043,-0.135702,-1.295900
sample,262,drone,6.544449,4.689320,1.577193,1.935296,0.602062,-2.134693,-0.277462,0.282761,-1.002565,-0.130311,-1.295900
sample,263,drone,6.569428,4.704447,1.523558,1.928325,0.608978,-2.159212,-0.280649,0.270825,-0.960247,-0.124810,-1.295900
sample,264,drone,6.594406,4.719743,1.469324,1.921276,0.615592,-2.182665,-0.283697,0.258664,-0.917127,-0.119206,-1.295900
sample,265,drone,6.619385,4.735201,1.414517,1.914152,0.621900,-2.205030,-0.286604,0.246288,-0.873246,-0.113502,-1.295900
sample,266,drone,6.644364,4.750812,1.359166,1.906958,0.627896,-2.226290,-0.289368,0.233708,-0.828643,-0.107705,-1.295900
sample,267,drone,6.669343,4.766569,1.303297,1.899696,0.633575,-2.246427,-0.291985,0.220937,-0.783360,-0.101819,-1.295900
sample,268,drone,6.694322,4.782464,1.246940,1.892371,0.638934,-2.265425,-0.294454,0.207984,-0.737436,-0.095850,-1.295900
sample,269,drone,6.719301,4.798489,1.190122,1.884986,0.643966,-2.283268,-0.296773,0.194863,-0.690912,-0.089803,-1.295900
sample,270,drone,6.744279,4.814635,1.132873,1.877545,0.648668,-2.299941,-0.298941,0.181583,-0.643826,-0.083683,-1.295900
sample,271,drone,6.769258,4.830895,1.075222,1.870051,0.653037,-2.315432,-0.300954,0.168156,-0.596221,-0.077495,-1.295900
sample,272,drone,6.794237,4.847259,1.017200,1.862510,0.657069,-2.329727,-0.302812,0.154594,-0.548135,-0.071245,-1.295900
sample,273,drone,6.819216,4.863720,0.958835,1.854924,0.660760,-2.342815,-0.304513,0.140908,-0.499608,-0.064938,-1.295900
sample,274,drone,6.844195,4.880269,0.900158,1.847297,0.664109,-2.354686,-0.306056,0.127109,-0.450681,-0.058578,-1.295900
sample,275,drone,6.869173,4.896897,0.841200,1.839634,0.667111,-2.365330,-0.307440,0.113208,-0.401395,-0.052172,-1.295900
sample,276,drone,6.894152,4.913596,0.781992,1.831938,0.669764,-2.374739,-0.308663,0.099217,-0.351788,-0.045725,-1.295900
sample,277,drone,6.919131,4.930357,0.722564,1.824214,0.672067,-2.382905,-0.309724,0.085147,-0.301901,-0.039240,-1.295900
sample,278,drone,6.944110,4.947171,0.662948,1.816465,0.674018,-2.389821,-0.310623,0.071010,-0.251775,-0.032725,-1.295900
sample,279,drone,6.969089,4.964030,0.603174,1.808696,0.675615,-2.395483,-0.311359,0.056816,-0.201449,-0.026184,-1.295900
sample,280,drone,6.994067,4.980923,0.543275,1.800910,0.676856,-2.399885,-0.311931,0.042577,-0.150963,-0.019622,-1.295900
sample,281,drone,7.019046,4.997844,0.483282,1.793112,0.677742,-2.403024,-0.312339,0.028305,-0.100358,-0.013044,-1.295900
sample,282,drone,7.044025,5.014782,0.423226,1.785306,0.678270,-2.404899,-0.312583,0.014010,-0.049673,-0.006456,-1.295900
sample,283,drone,7.069004,5.031728,0.363139,1.777496,0.678442,-2.405506,-0.312662,-0.000296,0.001051,0.000137,-1.295900
sample,284,drone,7.093983,5.048675,0.303052,1.769687,0.678255,-2.404846,-0.312576,-0.014602,0.051774,0.006729,-1.295900
sample,285,drone,7.118962,5.065613,0.242998,1.761881,0.677712,-2.402919,-0.312325,-0.028896,0.102456,0.013317,-1.295900
sample,286,drone,7.143940,5.082532,0.183008,1.754084,0.676812,-2.399728,-0.311911,-0.043168,0.153057,0.019894,-1.295900
sample,287,drone,7.168919,5.099424,0.123113,1.746299,0.675556,-2.395273,-0.311332,-0.057405,0.203537,0.026455,-1.295900
sample,288,drone,7.193898,5.116281,0.063346,1.738530,0.673944,-2.389559,-0.310589,-0.071597,0.253855,0.032995,-1.295900
sample,289,drone,7.218877,5.133093,0.003737,1.730782,0.671979,-2.382591,-0.309683,-0.085731,0.303973,0.039510,-1.295900
sample,290,drone,7.243856,5.149852,-0.055683,1.723059,0.669661,-2.374374,-0.308615,-0.099798,0.353848,0.045992,-1.295900
sample,291,drone,7.268834,5.166548,-0.114881,1.715365,0.666993,-2.364914,-0.307386,-0.113786,0.403443,0.052438,-1.295900
sample,292,drone,7.293813,5.183173,-0.173828,1.707703,0.663977,-2.354219,-0.305995,-0.127682,0.452715,0.058843,-1.295900
sample,293,drone,7.318792,5.199718,-0.232493,1.700078,0.660614,-2.342297,-0.304446,-0.141477,0.501626,0.065200,-1.295900
sample,294,drone,7.343771,5.216176,-0.290844,1.692493,0.656909,-2.329159,-0.302738,-0.155158,0.550135,0.071505,-1.295900
sample,295,drone,7.368750,5.232536,-0.348852,1.684954,0.652863,-2.314814,-0.300874,-0.168715,0.598202,0.077753,-1.295900
sample,296,drone,7.393728,5.248791,-0.406486,1.677463,0.648480,-2.299274,-0.298854,-0.182136,0.645787,0.083938,-1.295900
sample,297,drone,7.418707,5.264933,-0.463718,1.670024,0.643764,-2.282552,-0.296680,-0.195409,0.692850,0.090055,-1.295900
sample,298,drone,7.443686,5.280952,-0.520517,1.662641,0.638718,-2.264661,-0.294355,-0.208524,0.739351,0.096099,-1.295900
sample,299,drone,7.468665,5.296841,-0.576855,1.655318,0.633347,-2.245615,-0.291879,-0.221469,0.785249,0.102065,-1.295900
sample,300,drone,7.493644,5.312593,-0.632703,1.648059,0.627654,-2.225431,-0.289256,-0.234233,0.830504,0.107947,-1.295900
sample,301,drone,7.518623,5.328198,-0.688032,1.640868,0.621645,-2.204125,-0.286487,-0.246804,0.875078,0.113740,-1.295900
sample,302,drone,7.543601,5.343648,-0.742816,1.633747,0.615324,-2.181715,-0.283574,-0.259172,0.918928,0.119440,-1.295900
sample,303,drone,7.568580,5.358938,-0.797026,1.626701,0.608697,-2.158218,-0.280520,-0.271324,0.962016,0.125040,-1.295900
sample,304,drone,7.593559,5.374058,-0.850635,1.619733,0.601770,-2.133655,-0.277327,-0.283250,1.004300,0.130536,-1.295900
sample,305,drone,7.618538,5.389001,-0.903618,1.612847,0.594547,-2.108045,-0.273998,-0.294938,1.045742,0.135923,-1.295900
sample,306,drone,7.643517,5.403760,-0.955948,1.606045,0.587035,-2.081412,-0.270537,-0.306377,1.086301,0.141195,-1.295900
sample,307,drone,7.668495,5.418328,-1.007600,1.599331,0.579241,-2.053776,-0.266945,-0.317556,1.125936,0.146346,-1.295900
sample,308,drone,7.693474,5.432697,-1.058550,1.592709,0.571171,-2.025163,-0.263226,-0.328463,1.164608,0.151373,-1.295900
sample,309,drone,7.718453,5.446862,-1.108773,1.586181,0.562832,-1.995595,-0.259382,-0.339087,1.202277,0.156269,-1.295900
sample,310,drone,7.743432,5.460815,-1.158245,1.579751,0.554231,-1.965100,-0.255419,-0.349416,1.238902,0.161029,-1.295900
sample,311,drone,7.768411,5.474550,-1.206944,1.573421,0.545376,-1.933703,-0.251338,-0.359440,1.274444,0.165649,-1.295900
sample,312,drone,7.793389,5.488061,-1.254848,1.567195,0.536274,-1.901432,-0.247143,-0.369147,1.308862,0.170123,-1.295900
sample,313,drone,7.818368,5.501341,-1.301935,1.561074,0.526934,-1.868315,-0.242839,-0.378526,1.342116,0.174445,-1.295900
sample,314,drone,7.843347,5.514385,-1.348185,1.555063,0.517364,-1.834383,-0.238428,-0.387566,1.374166,0.178611,-1.295900
sample,315,drone,7.868326,5.527187,-1.393577,1.549163,0.507572,-1.799665,-0.233916,-0.396254,1.404972,0.182615,-1.295900
sample,316,drone,7.893305,5.539742,-1.438092,1.543377,0.497568,-1.764194,-0.229305,-0.404580,1.434494,0.186452,-1.295900
sample,317,drone,7.918284,5.552044,-1.481712,1.537707,0.487360,-1.728001,-0.224601,-0.412533,1.462691,0.190117,-1.295900
sample,318,drone,7.943262,5.564089,-1.524419,1.532156,0.476959,-1.691121,-0.219808,-0.420101,1.489525,0.193605,-1.295900
sample,319,drone,7.968241,5.575872,-1.566196,1.526726,0.466373,-1.653588,-0.214929,-0.427273,1.514954,0.196910,-1.295900
sample,320,drone,7.993220,5.587388,-1.607028,1.521419,0.455613,-1.615438,-0.209971,-0.434037,1.538938,0.200027,-1.295900
sample,321,drone,8.018199,5.598634,-1.646900,1.516237,0.444690,-1.576706,-0.204936,-0.440383,1.561438,0.202952,-1.295900
sample,322,drone,8.043178,5.609604,-1.685797,1.511181,0.433613,-1.537432,-0.199832,-0.446299,1.582413,0.205678,-1.295900
sample,323,drone,8.068156,5.620296,-1.723706,1.506254,0.422393,-1.497653,-0.194661,-0.451773,1.601823,0.208201,-1.295900
sample,324,drone,8.093135,5.630706,-1.760616,1.501456,0.411043,-1.457409,-0.189430,-0.456795,1.619628,0.210515,-1.295900
sample,325,drone,8.118114,5.640831,-1.796515,1.496790,0.399573,-1.416740,-0.184144,-0.461353,1.635788,0.212616,-1.295900
sample,326,drone,8.143093,5.650667,-1.831393,1.492257,0.387995,-1.375689,-0.178809,-0.465435,1.650263,0.214497,-1.295900
sample,327,drone,8.168072,5.660214,-1.865241,1.487857,0.376321,-1.334297,-0.173429,-0.469031,1.663013,0.216154,-1.295900
sample,328,drone,8.193050,5.669468,-1.898051,1.483593,0.364563,-1.292608,-0.168010,-0.472129,1.673997,0.217582,-1.295900
sample,329,drone,8.218029,5.678427,-1.929816,1.479464,0.352735,-1.250668,-0.162559,-0.474718,1.683176,0.218775,-1.295900
sample,330,drone,8.243008,5.687089,-1.960531,1.475472,0.340848,-1.208521,-0.157081,-0.476786,1.690509,0.219728,-1.295900
sample,331,drone,8.267987,5.695454,-1.990191,1.471617,0.328915,-1.166214,-0.151582,-0.478323,1.695957,0.220436,-1.295900
sample,332,drone,8.292966,5.703521,-2.018793,1.467899,0.316952,-1.123795,-0.146068,-0.479316,1.699479,0.220894,-1.295900
sample,333,drone,8.317945,5.711289,-2.046333,1.464319,0.304970,-1.081312,-0.140546,-0.479755,1.701034,0.221096,-1.295900
sample,334,drone,8.342923,5.718757,-2.072812,1.460878,0.292984,-1.038815,-0.135023,-0.479628,1.700584,0.221038,-1.295900
sample,335,drone,8.367902,5.725925,-2.098230,1.457574,0.281009,-0.996355,-0.129504,-0.478924,1.698088,0.220713,-1.295900
sample,336,drone,8.392881,5.732795,-2.122588,1.454408,0.269058,-0.953983,-0.123996,-0.477631,1.693506,0.220118,-1.295900
sample,337,drone,8.417860,5.739367,-2.145889,1.451379,0.257148,-0.911752,-0.118507,-0.475739,1.686797,0.219246,-1.295900
sample,338,drone,8.442839,5.745642,-2.168137,1.448488,0.245292,-0.869715,-0.113043,-0.473236,1.677922,0.218092,-1.295900
sample,339,drone,8.467817,5.751621,-2.189338,1.445732,0.233506,-0.827927,-0.107612,-0.470111,1.666840,0.216652,-1.295900
sample,340,drone,8.492796,5.757307,-2.209498,1.443112,0.221806,-0.786443,-0.102220,-0.466352,1.653512,0.214919,-1.295900
sample,341,drone,8.517775,5.762702,-2.228627,1.440625,0.210208,-0.745321,-0.096875,-0.461948,1.637897,0.212890,-1.295900
sample,342,drone,8.542754,5.767809,-2.246733,1.438272,0.198728,-0.704618,-0.091584,-0.456887,1.619956,0.210558,-1.295900
sample,343,drone,8.567733,5.772630,-2.263828,1.436050,0.187383,-0.664392,-0.086356,-0.451160,1.599647,0.207918,-1.295900
sample,344,drone,8.592711,5.777170,-2.279924,1.433958,0.176189,-0.624703,-0.081197,-0.444753,1.576931,0.204966,-1.295900
sample,345,drone,8.617690,5.781432,-2.295036,1.431994,0.165164,-0.585612,-0.076116,-0.437656,1.551769,0.201695,-1.295900
sample,346,drone,8.642669,5.785421,-2.309180,1.430155,0.154325,-0.547180,-0.071121,-0.429858,1.524119,0.198101,-1.295900
sample,347,drone,8.667648,5.789142,-2.322372,1.428440,0.143690,-0.509471,-0.066220,-0.421347,1.493941,0.194179,-1.295900
sample,348,drone,8.692627,5.792599,-2.334632,1.426847,0.133276,-0.472547,-0.061420,-0.412111,1.461196,0.189923,-1.295900
sample,349,drone,8.717606,5.795800,-2.345979,1.425372,0.123101,-0.436473,-0.056732,-0.402141,1.425844,0.185328,-1.295900
sample,350,drone,8.742584,5.798749,-2.356437,1.424013,0.113186,-0.401315,-0.052162,-0.391423,1.387844,0.180389,-1.295900
sample,351,drone,8.767563,5.801454,-2.366028,1.422766,0.103547,-0.367139,-0.047720,-0.379948,1.347156,0.175100,-1.295900
sample,352,drone,8.792542,5.803922,-2.374778,1.421629,0.094204,-0.334014,-0.043414,-0.367703,1.303741,0.169457,-1.295900
sample,353,drone,8.817521,5.806161,-2.382715,1.420597,0.085177,-0.302008,-0.039254,-0.354678,1.257557,0.163454,-1.295900
sample,354,drone,8.842500,5.808178,-2.389866,1.419668,0.076485,-0.271190,-0.035249,-0.340860,1.208566,0.157086,-1.295900
sample,355,drone,8.867478,5.809982,-2.396263,1.418836,0.068149,-0.241631,-0.031407,-0.326240,1.156726,0.150348,-1.295900
sample,356,drone,8.892457,5.811582,-2.401937,1.418099,0.060187,-0.213402,-0.027737,-0.310804,1.101998,0.143235,-1.295900
sample,357,drone,8.917436,5.812988,-2.406924,1.417451,0.052622,-0.186577,-0.024251,-0.294543,1.044342,0.135741,-1.295900
sample,358,drone,8.942415,5.814211,-2.411258,1.416887,0.045473,-0.161229,-0.020956,-0.277445,0.983717,0.127861,-1.295900
sample,359,drone,8.967394,5.815260,-2.414978,1.416404,0.038761,-0.137433,-0.017863,-0.259498,0.920084,0.119590,-1.295900
sample,360,drone,8.992372,5.816147,-2.418124,1.415995,0.032509,-0.115264,-0.014982,-0.240691,0.853402,0.110923,-1.295900
sample,361,drone,9.017351,5.816884,-2.420737,1.415655,0.026737,-0.094799,-0.012322,-0.221013,0.783631,0.101854,-1.295900
sample,362,drone,9.042330,5.817483,-2.422860,1.415379,0.021467,-0.076116,-0.009893,-0.200452,0.710731,0.092379,-1.295900
sample,363,drone,9.067309,5.817957,-2.424539,1.415161,0.016723,-0.059293,-0.007707,-0.178998,0.634662,0.082492,-1.295900
sample,364,drone,9.092288,5.818319,-2.425822,1.414994,0.012525,-0.044410,-0.005772,-0.156639,0.555385,0.072188,-1.295900
sample,365,drone,9.117266,5.818582,-2.426758,1.414873,0.008897,-0.031547,-0.004100,-0.133363,0.472858,0.061461,-1.295900
sample,366,drone,9.142245,5.818763,-2.427398,1.414789,0.005863,-0.020787,-0.002702,-0.109160,0.387041,0.050307,-1.295900
sample,367,drone,9.167224,5.818875,-2.427796,1.414738,0.003444,-0.012211,-0.001587,-0.084018,0.297896,0.038720,-1.295900
sample,368,drone,9.192203,5.818935,-2.428008,1.414710,0.001665,-0.005905,-0.000767,-0.057925,0.205381,0.026695,-1.295900
sample,369,drone,9.217182,5.818959,-2.428091,1.414699,0.000550,-0.001951,-0.000254,-0.030653,0.114468,0.015092,-1.295899
sample,370,drone,9.242161,5.818963,-2.428106,1.414698,0.000134,-0.000186,-0.000014,-0.000898,0.058272,0.009605,-0.946715
sample,371,drone,9.267139,5.818965,-2.428101,1.414699,0.000505,0.000960,0.000226,0.032167,0.069949,0.015875,1.086185
sample,372,drone,9.292118,5.818988,-2.428058,1.414709,0.001741,0.003308,0.000780,0.066705,0.126766,0.029868,1.086376
sample,373,drone,9.317097,5.819052,-2.427935,1.414738,0.003838,0.007293,0.001718,0.100648,0.191258,0.045064,1.086376
sample,374,drone,9.342076,5.819180,-2.427693,1.414795,0.006769,0.012863,0.003031,0.133524,0.253732,0.059784,1.086376
sample,375,drone,9.367055,5.819390,-2.427293,1.414889,0.010508,0.019969,0.004705,0.165344,0.314198,0.074031,1.086376
sample,376,drone,9.392033,5.819705,-2.426696,1.415030,0.015029,0.028560,0.006729,0.196119,0.372678,0.087810,1.086376
sample,377,drone,9.417012,5.820141,-2.425866,1.415225,0.020306,0.038587,0.009092,0.225859,0.429193,0.101126,1.086376
sample,378,drone,9.441991,5.820719,-2.424768,1.415484,0.026313,0.050001,0.011781,0.254576,0.483763,0.113984,1.086376
sample,379,drone,9.466970,5.821456,-2.423368,1.415814,0.033024,0.062754,0.014786,0.282281,0.536409,0.126389,1.086376
sample,380,drone,9.491949,5.822369,-2.421633,1.416223,0.040415,0.076799,0.018095,0.308984,0.587153,0.138345,1.086376
sample,381,drone,9.516927,5.823475,-2.419531,1.416718,0.048460,0.092087,0.021698,0.334698,0.636015,0.149858,1.086376
sample,382,drone,9.541906,5.824790,-2.417033,1.417307,0.057136,0.108573,0.025582,0.359432,0.683017,0.160932,1.086376
sample,383,drone,9.566885,5.826329,-2.414107,1.417996,0.066417,0.126209,0.029737,0.383198,0.728178,0.171573,1.086376
sample,384,drone,9.591864,5.828108,-2.410727,1.418792,0.076279,0.144951,0.034153,0.406007,0.771521,0.181786,1.086376
sample,385,drone,9.616843,5.830140,-2.406866,1.419702,0.086700,0.164753,0.038819,0.427869,0.813066,0.191575,1.086376
sample,386,drone,9.641822,5.832439,-2.402497,1.420731,0.097655,0.185570,0.043724,0.448797,0.852834,0.200945,1.086376
sample,387,drone,9.666800,5.835018,-2.397595,1.421886,0.109120,0.207358,0.048858,0.468801,0.890846,0.209901,1.086376
sample,388,drone,9.691779,5.837890,-2.392138,1.423172,0.121075,0.230074,0.054210,0.487891,0.927123,0.218449,1.086376
sample,389,drone,9.716758,5.841067,-2.386101,1.424595,0.133494,0.253675,0.059771,0.506080,0.961686,0.226593,1.086376
sample,390,drone,9.741737,5.844559,-2.379465,1.426158,0.146357,0.278118,0.065530,0.523377,0.994556,0.234337,1.086376
sample,391,drone,9.766716,5.848379,-2.372207,1.427868,0.159641,0.303361,0.071478,0.539795,1.025754,0.241688,1.086376
sample,392,drone,9.791694,5.852535,-2.364310,1.429729,0.173324,0.329362,0.077604,0.555343,1.055300,0.248650,1.086376
sample,393,drone,9.816673,5.857038,-2.355753,1.431745,0.187385,0.356081,0.083900,0.570034,1.083217,0.255228,1.086376
sample,394,drone,9.841652,5.861896,-2.346521,1.433921,0.201802,0.383477,0.090355,0.583878,1.109524,0.261426,1.086376
sample,395,drone,9.866631,5.867119,-2.336596,1.436259,0.216554,0.411510,0.096960,0.596886,1.134242,0.267250,1.086376
sample,396,drone,9.891610,5.872715,-2.325963,1.438765,0.231621,0.440141,0.103706,0.609069,1.157393,0.272705,1.086376
sample,397,drone,9.916588,5.878690,-2.314607,1.441440,0.246981,0.469331,0.110584,0.620438,1.178998,0.277796,1.086376
sample,398,drone,9.941567,5.885053,-2.302516,1.444289,0.262616,0.499041,0.117584,0.631005,1.199077,0.282527,1.086376
sample,399,drone,9.966546,5.891810,-2.289676,1.447314,0.278505,0.529234,0.124698,0.640779,1.217652,0.286903,1.086376
sample,400,drone,9.991525,5.898967,-2.276077,1.450519,0.294628,0.559872,0.131917,0.649773,1.234743,0.290930,1.086376
sample,401,drone,10.016504,5.906529,-2.261706,1.453905,0.310966,0.590919,0.139232,0.657997,1.250371,0.294612,1.086376
sample,402,drone,10.041483,5.914502,-2.246556,1.457474,0.327500,0.622337,0.146635,0.665463,1.264557,0.297955,1.086376
sample,403,drone,10.066461,5.922890,-2.230616,1.461230,0.344211,0.654093,0.154117,0.672181,1.277323,0.300963,1.086376
sample,404,drone,10.091440,5.931698,-2.213879,1.465174,0.361081,0.686149,0.161671,0.678162,1.288689,0.303641,1.086376
sample,405,drone,10.116419,5.940929,-2.196337,1.469307,0.378090,0.718473,0.169287,0.683418,1.298676,0.305994,1.086376
sample,406,drone,10.141398,5.950586,-2.177986,1.473631,0.395222,0.751028,0.176957,0.687959,1.307305,0.308027,1.086376
sample,407,drone,10.166377,5.960673,-2.158818,1.478147,0.412459,0.783783,0.184675,0.691796,1.314597,0.309746,1.086376
sample,408,drone,10.191355,5.971192,-2.138830,1.482857,0.429783,0.816702,0.192431,0.694941,1.320573,0.311154,1.086376
sample,409,drone,10.216334,5.982144,-2.118017,1.487761,0.447177,0.849755,0.200219,0.697404,1.325254,0.312257,1.086376
sample,410,drone,10.241313,5.993532,-2.096378,1.492859,0.464624,0.882909,0.208031,0.699197,1.328661,0.313059,1.086376
sample,411,drone,10.266292,6.005356,-2.073909,1.498153,0.482107,0.916132,0.215859,0.700330,1.330815,0.313567,1.086376
sample,412,drone,10.291271,6.017617,-2.050610,1.503643,0.499610,0.949393,0.223696,0.700815,1.331736,0.313784,1.086376
sample,413,drone,10.316249,6.030315,-2.026480,1.509329,0.517118,0.982662,0.231535,0.700663,1.331447,0.313716,1.086376
sample,414,drone,10.341228,6.043450,-2.001519,1.515210,0.534614,1.015909,0.239369,0.699884,1.329966,0.313367,1.086376
sample,415,drone,10.366207,6.057023,-1.975727,1.521287,0.552083,1.049104,0.247190,0.698490,1.327317,0.312743,1.086376
sample,416,drone,10.391186,6.071031,-1.949108,1.527559,0.569509,1.082219,0.254992,0.696491,1.323519,0.311848,1.086376
sample,417,drone,10.416165,6.085474,-1.921662,1.534026,0.586878,1.115224,0.262769,0.693899,1.318593,0.310687,1.086376
sample,418,drone,10.441144,6.100350,-1.893394,1.540686,0.604174,1.148093,0.270514,0.690725,1.312561,0.309266,1.086376
sample,419,drone,10.466122,6.115657,-1.864306,1.547540,0.621385,1.180797,0.278219,0.686979,1.305444,0.307589,1.086376
sample,420,drone,10.491101,6.131393,-1.834404,1.554586,0.638494,1.213309,0.285880,0.682673,1.297262,0.305661,1.086376
sample,421,drone,10.516080,6.147555,-1.803692,1.561822,0.655489,1.245605,0.293490,0.677818,1.288036,0.303487,1.086376
sample,422,drone,10.541059,6.164140,-1.772177,1.569248,0.672356,1.277657,0.301042,0.672425,1.277787,0.301072,1.086376
sample,423,drone,10.566038,6.181144,-1.739864,1.576861,0.689082,1.309440,0.308530,0.666505,1.266537,0.298422,1.086376
sample,424,drone,10.591016,6.198565,-1.706760,1.584661,0.705653,1.340930,0.315950,0.660068,1.254306,0.295540,1.086376
sample,425,drone,10.615995,6.216397,-1.672874,1.592645,0.722058,1.372102,0.323295,0.653126,1.241114,0.292431,1.086376
sample,426,drone,10.640974,6.234637,-1.638213,1.600812,0.738282,1.402933,0.330559,0.645690,1.226984,0.289102,1.086376
sample,427,drone,10.665953,6.253280,-1.602787,1.609159,0.754315,1.433399,0.337738,0.637772,1.211936,0.285557,1.086376
sample,428,drone,10.690932,6.272321,-1.566604,1.617685,0.770144,1.463478,0.344825,0.629381,1.195991,0.281800,1.086376
sample,429,drone,10.715910,6.291754,-1.529675,1.626386,0.785757,1.493148,0.351816,0.620529,1.179170,0.277836,1.086376
sample,430,drone,10.740889,6.311575,-1.492010,1.635260,0.801144,1.522387,0.358705,0.611227,1.161494,0.273671,1.086376
sample,431,drone,10.765868,6.331778,-1.453620,1.644306,0.816292,1.551174,0.365488,0.601486,1.142983,0.269310,1.086376
sample,432,drone,10.790847,6.352355,-1.414517,1.653519,0.831192,1.579488,0.372159,0.591317,1.123659,0.264757,1.086376
sample,433,drone,10.815826,6.373302,-1.374713,1.662898,0.845833,1.607309,0.378714,0.580731,1.103543,0.260017,1.086376
sample,434,drone,10.840805,6.394611,-1.334220,1.672439,0.860204,1.634618,0.385149,0.569739,1.082656,0.255095,1.086376
sample,435,drone,10.865783,6.416276,-1.293051,1.682139,0.874296,1.661396,0.391458,0.558352,1.061018,0.249997,1.086376
sample,436,drone,10.890762,6.438289,-1.251220,1.691995,0.888098,1.687624,0.397638,0.546582,1.038651,0.244727,1.086376
sample,437,drone,10.915741,6.460643,-1.208741,1.702004,0.901602,1.713284,0.403684,0.534438,1.015575,0.239290,1.086376
sample,438,drone,10.940720,6.483331,-1.165629,1.712162,0.914798,1.738360,0.409592,0.521933,0.991812,0.233691,1.086376
sample,439,drone,10.965699,6.506344,-1.121897,1.722467,0.927676,1.762833,0.415359,0.509077,0.967382,0.227935,1.086376
sample,440,drone,10.990677,6.529675,-1.077562,1.732913,0.940230,1.786688,0.420980,0.495881,0.942306,0.222026,1.086376
sample,441,drone,11.015656,6.553316,-1.032638,1.743498,0.952450,1.809908,0.426451,0.482357,0.916606,0.215971,1.086376
sample,442,drone,11.040635,6.577257,-0.987143,1.754217,0.964327,1.832479,0.431769,0.468514,0.890302,0.209773,1.086376
sample,443,drone,11.065614,6.601491,-0.941092,1.765068,0.975855,1.854386,0.436931,0.454365,0.863415,0.203438,1.086376
sample,444,drone,11.090593,6.626009,-0.894502,1.776045,0.987026,1.875614,0.441932,0.439921,0.835967,0.196971,1.086376
sample,445,drone,11.115571,6.650801,-0.847391,1.787146,0.997833,1.896149,0.446771,0.425191,0.807977,0.190376,1.086376
sample,446,drone,11.140550,6.675858,-0.799775,1.798365,1.008268,1.915978,0.451443,0.410189,0.779468,0.183658,1.086376
sample,447,drone,11.165529,6.701172,-0.751673,1.809699,1.018325,1.935089,0.455946,0.394923,0.750459,0.176823,1.086376
sample,448,drone,11.190508,6.726731,-0.703103,1.821143,1.027997,1.953469,0.460277,0.379406,0.720973,0.169876,1.086376
sample,449,drone,11.215487,6.752528,-0.654082,1.832693,1.037279,1.971107,0.464432,0.363649,0.691029,0.162820,1.086376
sample,450,drone,11.240466,6.778551,-0.604631,1.844345,1.046164,1.987992,0.468411,0.347661,0.660650,0.155662,1.086376
sample,451,drone,11.265444,6.804792,-0.554767,1.856094,1.054647,2.004112,0.472209,0.331456,0.629855,0.148406,1.086376
sample,452,drone,11.290423,6.831239,-0.504510,1.867935,1.062723,2.019458,0.475825,0.315043,0.598665,0.141058,1.086376
sample,453,drone,11.315402,6.857883,-0.453880,1.879865,1.070386,2.034020,0.479256,0.298433,0.567103,0.133621,1.086376
sample,454,drone,11.340381,6.884713,-0.402895,1.891878,1.077632,2.047789,0.482500,0.281638,0.535188,0.126101,1.086376
sample,455,drone,11.365360,6.911719,-0.351577,1.903969,1.084456,2.060756,0.485556,0.264669,0.502942,0.118503,1.086376
sample,456,drone,11.390338,6.938890,-0.299945,1.916135,1.090854,2.072914,0.488420,0.247536,0.470385,0.110832,1.086376
sample,457,drone,11.415317,6.966215,-0.248019,1.928370,1.096822,2.084256,0.491093,0.230251,0.437539,0.103093,1.086376
sample,458,drone,11.440296,6.993684,-0.195820,1.940669,1.102357,2.094773,0.493571,0.212825,0.404424,0.095290,1.086376
sample,459,drone,11.465275,7.021286,-0.143369,1.953027,1.107455,2.104460,0.495853,0.195268,0.371062,0.087430,1.086376
sample,460,drone,11.490254,7.049010,-0.090687,1.965440,1.112112,2.113310,0.497938,0.177592,0.337473,0.079515,1.086376
sample,461,drone,11.515232,7.076845,-0.037793,1.977903,1.116327,2.121319,0.499825,0.159808,0.303678,0.071553,1.086376
sample,462,drone,11.540211,7.104779,0.015289,1.990411,1.120096,2.128481,0.501513,0.141927,0.269698,0.063546,1.086376
sample,463,drone,11.565190,7.132802,0.068541,2.002958,1.123417,2.134792,0.503000,0.123959,0.235555,0.055501,1.086376
sample,464,drone,11.590169,7.160903,0.121939,2.015539,1.126289,2.140249,0.504286,0.105916,0.201269,0.047423,1.086376
sample,465,drone,11.615148,7.189069,0.175462,2.028150,1.128708,2.144847,0.505369,0.087809,0.166861,0.039316,1.086376
sample,466,drone,11.640127,7.217290,0.229090,2.040786,1.130675,2.148585,0.506250,0.069649,0.132352,0.031185,1.086376
sample,467,drone,11.665105,7.245555,0.282800,2.053441,1.132188,2.151459,0.506927,0.051447,0.097763,0.023035,1.086376
sample,468,drone,11.690084,7.273852,0.336572,2.066111,1.133245,2.153469,0.507401,0.033213,0.063114,0.014871,1.086376
sample,469,drone,11.715063,7.302169,0.390383,2.078790,1.133847,2.154612,0.507670,0.014960,0.028428,0.006698,1.086376
sample,470,drone,11.740042,7.330496,0.444211,2.091473,1.133993,2.154889,0.507735,-0.003302,-0.006275,-0.001479,1.086376
sample,471,drone,11.765021,7.358821,0.498036,2.104155,1.133682,2.154299,0.507596,-0.021563,-0.040975,-0.009654,1.086376
sample,472,drone,11.789999,7.387132,0.551835,2.116831,1.132916,2.152842,0.507253,-0.039810,-0.075650,-0.017825,1.086376
sample,473,drone,11.814978,7.415418,0.605587,2.129496,1.131693,2.150520,0.506706,-0.058033,-0.110279,-0.025984,1.086376
sample,474,drone,11.839957,7.443669,0.659270,2.142145,1.130016,2.147333,0.505955,-0.076222,-0.144841,-0.034128,1.086376
sample,475,drone,11.864936,7.471871,0.712862,2.154773,1.127886,2.143284,0.505001,-0.094364,-0.179316,-0.042251,1.086376
sample,476,drone,11.889915,7.500015,0.766343,2.167374,1.125302,2.138375,0.503844,-0.112449,-0.213683,-0.050348,1.086376
sample,477,drone,11.914893,7.528089,0.819690,2.179944,1.122268,2.132609,0.502485,-0.130466,-0.247920,-0.058415,1.086376
sample,478,drone,11.939872,7.556081,0.872883,2.192477,1.118784,2.125989,0.500926,-0.148403,-0.282006,-0.066446,1.086376
sample,479,drone,11.964851,7.583981,0.925900,2.204969,1.114854,2.118520,0.499166,-0.166251,-0.315921,-0.074437,1.086376
sample,480,drone,11.989830,7.611776,0.978719,2.217414,1.110479,2.110206,0.497207,-0.183997,-0.349644,-0.082383,1.086376
sample,481,drone,12.014809,7.639457,1.031321,2.229808,1.105662,2.101053,0.495050,-0.201631,-0.383154,-0.090279,1.086376
sample,482,drone,12.039788,7.667013,1.083683,2.242145,1.100406,2.091065,0.492697,-0.219142,-0.416429,-0.098119,1.086376
sample,483,drone,12.064766,7.694431,1.135785,2.254422,1.094714,2.080249,0.490148,-0.236519,-0.449449,-0.105899,1.086376
sample,484,drone,12.089745,7.721702,1.187607,2.266632,1.088590,2.068612,0.487406,-0.253750,-0.482193,-0.113614,1.086376
sample,485,drone,12.114724,7.748815,1.239128,2.278772,1.082037,2.056160,0.484473,-0.270825,-0.514640,-0.121259,1.086376
sample,486,drone,12.139703,7.775758,1.290328,2.290835,1.075060,2.042901,0.481349,-0.287733,-0.546769,-0.128830,1.086376
sample,487,drone,12.164682,7.802522,1.341187,2.302819,1.067663,2.028845,0.478037,-0.304462,-0.578559,-0.136320,1.086376
sample,488,drone,12.189660,7.829096,1.391684,2.314717,1.059850,2.013998,0.474538,-0.321001,-0.609988,-0.143726,1.086376
sample,489,drone,12.214639,7.855470,1.441801,2.326525,1.051626,1.998371,0.470856,-0.337341,-0.641038,-0.151041,1.086376
sample,490,drone,12.239618,7.881633,1.491518,2.338240,1.042997,1.981973,0.466993,-0.353469,-0.671685,-0.158262,1.086376
sample,491,drone,12.264597,7.907575,1.540816,2.349855,1.033968,1.964815,0.462950,-0.369374,-0.701909,-0.165384,1.086376
sample,492,drone,12.289576,7.933287,1.589676,2.361368,1.024544,1.946908,0.458731,-0.385046,-0.731690,-0.172401,1.086376
sample,493,drone,12.314554,7.958759,1.638079,2.372772,1.014732,1.928262,0.454337,-0.400473,-0.761006,-0.179308,1.086376
sample,494,drone,12.339533,7.983981,1.686007,2.384065,1.004538,1.908890,0.449773,-0.415645,-0.789836,-0.186101,1.086376
sample,495,drone,12.364512,8.008943,1.733443,2.395242,0.993967,1.888803,0.445040,-0.430550,-0.818160,-0.192775,1.086376
sample,496,drone,12.389491,8.033637,1.780367,2.406298,0.983028,1.868016,0.440142,-0.445178,-0.845957,-0.199324,1.086376
sample,497,drone,12.414470,8.058053,1.826764,2.417230,0.971727,1.846541,0.435082,-0.459517,-0.873204,-0.205745,1.086376
sample,498,drone,12.439449,8.082182,1.872616,2.428034,0.960072,1.824393,0.429864,-0.473556,-0.899883,-0.212030,1.086376
sample,499,drone,12.464427,8.106016,1.917907,2.438705,0.948070,1.801585,0.424490,-0.487285,-0.925971,-0.218177,1.086376
sample,500,drone,12.489406,8.129546,1.962619,2.449240,0.935728,1.778134,0.418964,-0.500692,-0.951448,-0.224180,1.086376
sample,501,drone,12.514385,8.152763,2.006738,2.459636,0.923056,1.754053,0.413290,-0.513766,-0.976292,-0.230034,1.086376
sample,502,drone,12.539364,8.175659,2.050247,2.469887,0.910062,1.729360,0.407472,-0.526496,-1.000483,-0.235734,1.086376
sample,503,drone,12.564343,8.198227,2.093133,2.479992,0.896754,1.704072,0.401514,-0.538872,-1.024000,-0.241275,1.086376
sample,504,drone,12.589321,8.220459,2.135379,2.489946,0.883141,1.678204,0.395419,-0.550882,-1.046822,-0.246652,1.086376
sample,505,drone,12.614300,8.242347,2.176972,2.499746,0.869233,1.651775,0.389191,-0.562515,-1.068928,-0.251861,1.086376
sample,506,drone,12.639279,8.263884,2.217898,2.509389,0.855039,1.624803,0.382836,-0.573760,-1.090297,-0.256896,1.086376
sample,507,drone,12.664258,8.285063,2.258143,2.518872,0.840569,1.597306,0.376357,-0.584606,-1.110908,-0.261752,1.086376
sample,508,drone,12.689237,8.305877,2.297695,2.528191,0.825834,1.569304,0.369760,-0.595043,-1.130740,-0.266425,1.086376
sample,509,drone,12.714215,8.326319,2.336542,2.537344,0.810842,1.540817,0.363047,-0.605058,-1.149772,-0.270909,1.086376
sample,510,drone,12.739194,8.346384,2.374671,2.546328,0.795606,1.511865,0.356226,-0.614642,-1.167983,-0.275200,1.086376
sample,511,drone,12.764173,8.366066,2.412071,2.555140,0.780136,1.482467,0.349299,-0.623782,-1.185353,-0.279293,1.086376
sample,512,drone,12.789152,8.385358,2.448731,2.563778,0.764444,1.452647,0.342273,-0.632469,-1.201860,-0.283182,1.086376
sample,513,drone,12.814131,8.404256,2.484642,2.572240,0.748540,1.422425,0.335152,-0.640690,-1.217483,-0.286863,1.086376
sample,514,drone,12.839110,8.422753,2.519792,2.580522,0.732436,1.391825,0.327942,-0.648436,-1.232201,-0.290331,1.086376
sample,515,drone,12.864088,8.440846,2.554174,2.588623,0.716145,1.360868,0.320648,-0.655694,-1.245994,-0.293581,1.086376
sample,516,drone,12.889067,8.458530,2.587778,2.596540,0.699679,1.329578,0.313275,-0.662455,-1.258841,-0.296608,1.086376
sample,517,drone,12.914046,8.475801,2.620596,2.604273,0.683051,1.297979,0.305830,-0.668706,-1.270720,-0.299407,1.086376
sample,518,drone,12.939025,8.492654,2.652622,2.611819,0.666272,1.266096,0.298318,-0.674437,-1.281610,-0.301973,1.086376
sample,519,drone,12.964004,8.509086,2.683848,2.619176,0.649358,1.233953,0.290744,-0.679637,-1.291491,-0.304301,1.086376
sample,520,drone,12.988982,8.525094,2.714267,2.626344,0.632319,1.201576,0.283115,-0.684294,-1.300342,-0.306387,1.086376
sample,521,drone,13.013961,8.540675,2.743875,2.633320,0.615172,1.168991,0.275438,-0.688399,-1.308142,-0.308224,1.086376
sample,522,drone,13.038940,8.555827,2.772667,2.640104,0.597929,1.136224,0.267717,-0.691939,-1.314869,-0.309810,1.086376
sample,523,drone,13.063919,8.570546,2.800638,2.646695,0.580604,1.103303,0.259960,-0.694904,-1.320503,-0.311137,1.086376
sample,524,drone,13.088898,8.584832,2.827786,2.653091,0.563213,1.070255,0.252174,-0.697283,-1.325024,-0.312202,1.086376
sample,525,drone,13.113876,8.598683,2.854106,2.659293,0.545770,1.037108,0.244363,-0.699064,-1.328409,-0.313000,1.086376
sample,526,drone,13.138855,8.612098,2.879597,2.665299,0.528289,1.003891,0.236537,-0.700237,-1.330638,-0.313525,1.086376
sample,527,drone,13.163834,8.625075,2.904258,2.671110,0.510787,0.970632,0.228700,-0.700791,-1.331690,-0.313773,1.086376
sample,528,drone,13.188813,8.637616,2.928088,2.676724,0.493279,0.937363,0.220861,-0.700714,-1.331544,-0.313739,1.086376
sample,529,drone,13.213792,8.649718,2.951086,2.682143,0.475781,0.904112,0.213027,-0.699996,-1.330179,-0.313417,1.086376
sample,530,drone,13.238771,8.661384,2.973255,2.687367,0.458309,0.870910,0.205204,-0.698625,-1.327575,-0.312803,1.086376
sample,531,drone,13.263749,8.672614,2.994595,2.692395,0.440880,0.837789,0.197400,-0.696591,-1.323710,-0.311893,1.086376
sample,532,drone,13.288728,8.683410,3.015109,2.697228,0.423509,0.804781,0.189622,-0.693883,-1.318563,-0.310680,1.086376
sample,533,drone,13.313707,8.693772,3.034800,2.701868,0.406215,0.771917,0.181879,-0.690489,-1.312113,-0.309160,1.086376
sample,534,drone,13.338686,8.703703,3.053672,2.706314,0.389014,0.739231,0.174178,-0.686398,-1.304340,-0.307329,1.086376
sample,535,drone,13.363665,8.713206,3.071730,2.710569,0.371924,0.706755,0.166526,-0.681600,-1.295222,-0.305180,1.086376
sample,536,drone,13.388643,8.722284,3.088980,2.714634,0.354963,0.674524,0.158931,-0.676083,-1.284739,-0.302710,1.086376
sample,537,drone,13.413622,8.730939,3.105428,2.718509,0.338149,0.642573,0.151403,-0.669837,-1.272869,-0.299914,1.086376
sample,538,drone,13.438601,8.739177,3.121081,2.722197,0.321499,0.610935,0.143949,-0.662850,-1.259592,-0.296785,1.086376
sample,539,drone,13.463580,8.747001,3.135948,2.725700,0.305034,0.579646,0.136576,-0.655111,-1.244887,-0.293320,1.086376
sample,540,drone,13.488559,8.754416,3.150039,2.729020,0.288772,0.548743,0.129295,-0.646610,-1.228732,-0.289514,1.086376
sample,541,drone,13.513537,8.761427,3.163362,2.732160,0.272731,0.518262,0.122113,-0.637335,-1.211107,-0.285361,1.086376
sample,542,drone,13.538516,8.768041,3.175930,2.735121,0.256932,0.488239,0.115039,-0.627275,-1.191991,-0.280857,1.086376
sample,543,drone,13.563495,8.774263,3.187754,2.737907,0.241394,0.458713,0.108082,-0.616420,-1.171362,-0.275996,1.086376
sample,544,drone,13.588474,8.780100,3.198846,2.740520,0.226137,0.429721,0.101251,-0.604758,-1.149201,-0.270775,1.086376
sample,545,drone,13.613453,8.785560,3.209221,2.742965,0.211182,0.401302,0.094555,-0.592277,-1.125485,-0.265187,1.086376
sample,546,drone,13.638432,8.790650,3.218894,2.745244,0.196548,0.373494,0.088003,-0.578969,-1.100195,-0.259228,1.086376
sample,547,drone,13.663410,8.795379,3.227880,2.747361,0.182258,0.346338,0.081604,-0.564820,-1.073308,-0.252893,1.086376
sample,548,drone,13.688389,8.799755,3.236197,2.749321,0.168331,0.319874,0.075369,-0.549820,-1.044805,-0.246177,1.086376
sample,549,drone,13.713368,8.803788,3.243861,2.751127,0.154790,0.294142,0.069306,-0.533959,-1.014664,-0.239075,1.086376
sample,550,drone,13.738347,8.807488,3.250891,2.752783,0.141656,0.269184,0.063425,-0.517224,-0.982864,-0.231582,1.086376
sample,551,drone,13.763326,8.810865,3.257308,2.754295,0.128951,0.245041,0.057737,-0.499606,-0.949384,-0.223694,1.086376
sample,552,drone,13.788304,8.813930,3.263133,2.755668,0.116697,0.221755,0.052250,-0.481092,-0.914204,-0.215405,1.086376
sample,553,drone,13.813283,8.816695,3.268387,2.756906,0.104917,0.199369,0.046975,-0.461673,-0.877301,-0.206710,1.086376
sample,554,drone,13.838262,8.819172,3.273093,2.758014,0.093633,0.177927,0.041923,-0.441336,-0.838657,-0.197604,1.086376
sample,555,drone,13.863241,8.821373,3.277276,2.759000,0.082868,0.157472,0.037104,-0.420072,-0.798248,-0.188083,1.086376
sample,556,drone,13.888220,8.823312,3.280960,2.759868,0.072647,0.138049,0.032527,-0.397868,-0.756056,-0.178142,1.086376
sample,557,drone,13.913198,8.825002,3.284172,2.760625,0.062992,0.119701,0.028204,-0.374714,-0.712058,-0.167775,1.086376
sample,558,drone,13.938177,8.826459,3.286940,2.761277,0.053927,0.102476,0.024145,-0.350600,-0.666233,-0.156978,1.086376
sample,559,drone,13.963156,8.827696,3.289292,2.761831,0.045477,0.086418,0.020362,-0.325513,-0.618561,-0.145745,1.086376
sample,560,drone,13.988135,8.828730,3.291257,2.762294,0.037665,0.071574,0.016864,-0.299443,-0.569021,-0.134073,1.086376
sample,561,drone,14.013114,8.829578,3.292867,2.762674,0.030517,0.057991,0.013664,-0.272378,-0.517591,-0.121955,1.086376
sample,562,drone,14.038093,8.830255,3.294154,2.762977,0.024058,0.045716,0.010772,-0.244309,-0.464252,-0.109387,1.086376
sample,563,drone,14.063071,8.830780,3.295151,2.763212,0.018312,0.034798,0.008199,-0.215223,-0.408981,-0.096364,1.086376
sample,564,drone,14.088050,8.831170,3.295893,2.763387,0.013306,0.025285,0.005958,-0.185110,-0.351758,-0.082881,1.086376
sample,565,drone,14.113029,8.831444,3.296414,2.763509,0.009065,0.017225,0.004059,-0.153959,-0.292562,-0.068934,1.086376
sample,566,drone,14.138008,8.831623,3.296753,2.763589,0.005614,0.010669,0.002514,-0.121758,-0.231372,-0.054516,1.086376
sample,567,drone,14.162987,8.831725,3.296947,2.763635,0.002982,0.005666,0.001335,-0.088497,-0.168168,-0.039624,1.086376
sample,568,drone,14.187965,8.831772,3.297036,2.763656,0.001193,0.002268,0.000534,-0.052708,-0.104306,-0.025322,1.086376
sample,569,drone,14.212944,8.831785,3.297061,2.763662,0.000349,0.000455,0.000070,0.024178,-0.076699,-0.040109,0.917405
sample,570,drone,14.237923,8.831789,3.297059,2.763659,0.002401,-0.001564,-0.001469,0.212830,-0.154890,-0.137000,-0.577303
sample,571,drone,14.262902,8.831904,3.296982,2.763588,0.010981,-0.007283,-0.006774,0.503668,-0.334594,-0.310943,-0.585586
sample,572,drone,14.287881,8.832338,3.296695,2.763321,0.027563,-0.018279,-0.017003,0.810662,-0.537616,-0.500086,-0.585586
sample,573,drone,14.312859,8.833281,3.296069,2.762739,0.051480,-0.034141,-0.031757,1.089332,-0.722425,-0.671993,-0.585586
sample,574,drone,14.337838,8.834910,3.294990,2.761735,0.081984,-0.054370,-0.050575,1.338569,-0.887714,-0.825744,-0.585586
sample,575,drone,14.362817,8.837377,3.293353,2.760212,0.118352,-0.078489,-0.073009,1.559336,-1.034123,-0.961932,-0.585586
sample,576,drone,14.387796,8.840822,3.291068,2.758087,0.159884,-0.106032,-0.098630,1.752599,-1.162291,-1.081153,-0.585586
sample,577,drone,14.412775,8.845365,3.288056,2.755285,0.205907,-0.136554,-0.127021,1.919321,-1.272858,-1.184001,-0.585586
sample,578,drone,14.437754,8.851109,3.284247,2.751741,0.255769,-0.169621,-0.157780,2.060466,-1.366463,-1.271072,-0.585586
sample,579,drone,14.462732,8.858142,3.279582,2.747403,0.308843,-0.204819,-0.190521,2.176999,-1.443745,-1.342959,-0.585586
sample,580,drone,14.487711,8.866538,3.274014,2.742224,0.364527,-0.241747,-0.224871,2.269884,-1.505345,-1.400259,-0.585586
sample,581,drone,14.512690,8.876353,3.267505,2.736169,0.422241,-0.280023,-0.260475,2.340086,-1.551901,-1.443565,-0.585586
sample,582,drone,14.537669,8.887632,3.260025,2.729211,0.481432,-0.319277,-0.296988,2.388568,-1.584054,-1.473473,-0.585586
sample,583,drone,14.562648,8.900404,3.251555,2.721332,0.541568,-0.359158,-0.334086,2.416295,-1.602442,-1.490577,-0.585586
sample,584,drone,14.587626,8.914687,3.242082,2.712521,0.602144,-0.399331,-0.371454,2.424231,-1.607705,-1.495473,-0.585586
sample,585,drone,14.612605,8.930486,3.231605,2.702775,0.662677,-0.439475,-0.408796,2.413341,-1.600483,-1.488755,-0.585586
sample,586,drone,14.637584,8.947793,3.220127,2.692098,0.722709,-0.479287,-0.445829,2.384588,-1.581414,-1.471018,-0.585586
sample,587,drone,14.662563,8.966591,3.207661,2.680502,0.781806,-0.518479,-0.482285,2.338937,-1.551139,-1.442856,-0.585586
sample,588,drone,14.687542,8.986850,3.194225,2.668004,0.839557,-0.556778,-0.517910,2.277352,-1.510297,-1.404866,-0.585586
sample,589,drone,14.712520,9.008533,3.179846,2.654629,0.895577,-0.593930,-0.552468,2.200798,-1.459528,-1.357640,-0.585586
sample,590,drone,14.737499,9.031591,3.164554,2.640404,0.949503,-0.629693,-0.585735,2.110238,-1.399471,-1.301775,-0.585586
sample,591,drone,14.762478,9.055968,3.148388,2.625367,1.000999,-0.663844,-0.617502,2.006637,-1.330765,-1.237866,-0.585586
sample,592,drone,14.787457,9.081599,3.131390,2.609555,1.049750,-0.696175,-0.647576,1.890960,-1.254049,-1.166506,-0.585586
sample,593,drone,14.812436,9.108411,3.113608,2.593015,1.095467,-0.726493,-0.675778,1.764170,-1.169965,-1.088291,-0.585586
sample,594,drone,14.837415,9.136326,3.095096,2.575795,1.137884,-0.754624,-0.701944,1.627232,-1.079150,-1.003816,-0.585586
sample,595,drone,14.862393,9.165257,3.075909,2.557948,1.176760,-0.780405,-0.725926,1.481109,-0.982244,-0.913675,-0.585586
sample,596,drone,14.887372,9.195114,3.056109,2.539530,1.211877,-0.803694,-0.747589,1.326767,-0.879887,-0.818463,-0.585586
sample,597,drone,14.912351,9.225800,3.035759,2.520600,1.243042,-0.824362,-0.766815,1.165170,-0.772719,-0.718776,-0.585586
sample,598,drone,14.937330,9.257213,3.014926,2.501221,1.270086,-0.842297,-0.783498,0.997281,-0.661378,-0.615208,-0.585586
sample,599,drone,14.962309,9.289250,2.993679,2.481458,1.292864,-0.857403,-0.797549,0.824065,-0.546504,-0.508354,-0.585586
sample,600,drone,14.987287,9.321802,2.972092,2.461378,1.311254,-0.869599,-0.808894,0.646486,-0.428738,-0.398808,-0.585586
sample,601,drone,15.012266,9.354757,2.950236,2.441048,1.325161,-0.878822,-0.817472,0.465509,-0.308717,-0.287166,-0.585586
sample,602,drone,15.037245,9.388004,2.928188,2.420539,1.334510,-0.885022,-0.823240,0.282098,-0.187082,-0.174022,-0.585586
sample,603,drone,15.062224,9.421426,2.906023,2.399921,1.339254,-0.888168,-0.826166,0.097217,-0.064473,-0.059972,-0.585586
sample,604,drone,15.087203,9.454910,2.883817,2.379266,1.339367,-0.888243,-0.826236,-0.088170,0.058472,0.054390,-0.585586
sample,605,drone,15.112181,9.488338,2.861648,2.358644,1.334849,-0.885247,-0.823449,-0.273098,0.181113,0.168470,-0.585586
sample,606,drone,15.137160,9.521595,2.839592,2.338128,1.325723,-0.879195,-0.817820,-0.456603,0.302811,0.281672,-0.585586
sample,607,drone,15.162139,9.554568,2.817726,2.317788,1.312038,-0.870119,-0.809377,-0.637721,0.422925,0.393401,-0.585586
sample,608,drone,15.187118,9.587142,2.796123,2.297693,1.293864,-0.858067,-0.798166,-0.815488,0.540816,0.503063,-0.585586
sample,609,drone,15.212097,9.619206,2.774859,2.277913,1.271298,-0.843101,-0.784245,-0.988939,0.655846,0.610062,-0.585586
sample,610,drone,15.237076,9.650653,2.754004,2.258514,1.244459,-0.825302,-0.767689,-1.157111,0.767374,0.713805,-0.585586
sample,611,drone,15.262054,9.681376,2.733629,2.239561,1.213492,-0.804765,-0.748585,-1.319038,0.874761,0.813695,-0.585586
sample,612,drone,15.287033,9.711276,2.713800,2.221117,1.178563,-0.781601,-0.727039,-1.473756,0.977368,0.909139,-0.585586
sample,613,drone,15.312012,9.740255,2.694582,2.203240,1.139866,-0.755938,-0.703167,-1.620302,1.074554,0.999541,-0.585586
sample,614,drone,15.336991,9.768221,2.676035,2.185988,1.097617,-0.727919,-0.677104,-1.757712,1.165682,1.084307,-0.585586
sample,615,drone,15.361970,9.795089,2.658216,2.169414,1.052055,-0.697703,-0.648998,-1.885020,1.250110,1.162841,-0.585586
sample,616,drone,15.386948,9.820779,2.641179,2.153566,1.003446,-0.665467,-0.619011,-2.001262,1.327200,1.234550,-0.585586
sample,617,drone,15.411927,9.845219,2.624971,2.138489,0.952077,-0.631400,-0.587322,-2.105475,1.396312,1.298837,-0.585586
sample,618,drone,15.436906,9.868343,2.609636,2.124225,0.898261,-0.595710,-0.554124,-2.196694,1.456806,1.355108,-0.585586
sample,619,drone,15.461885,9.890094,2.595211,2.110807,0.842335,-0.558621,-0.519624,-2.273954,1.508044,1.402769,-0.585586
sample,620,drone,15.486864,9.910424,2.581729,2.098265,0.784660,-0.520372,-0.484045,-2.336292,1.549385,1.441225,-0.585586
sample,621,drone,15.511842,9.929293,2.569215,2.086625,0.725620,-0.481217,-0.447624,-2.382743,1.580191,1.469880,-0.585586
sample,622,drone,15.536821,9.946674,2.557688,2.075903,0.665624,-0.441429,-0.410614,-2.412344,1.599821,1.488140,-0.585586
sample,623,drone,15.561800,9.962546,2.547162,2.066112,0.605105,-0.401294,-0.373280,-2.424129,1.607637,1.495410,-0.585586
sample,624,drone,15.586779,9.976903,2.537640,2.057255,0.544520,-0.361115,-0.335906,-2.417134,1.602998,1.491095,-0.585586
sample,625,drone,15.611758,9.989749,2.529121,2.049331,0.484350,-0.321212,-0.298789,-2.390396,1.585266,1.474601,-0.585586
sample,626,drone,15.636737,10.001100,2.521593,2.042328,0.425101,-0.281919,-0.262239,-2.342949,1.553800,1.445332,-0.585586
sample,627,drone,15.661715,10.010986,2.515037,2.036230,0.367302,-0.243588,-0.226583,-2.273831,1.507962,1.402693,-0.585586
sample,628,drone,15.686694,10.019450,2.509424,2.031009,0.311506,-0.206585,-0.192164,-2.182075,1.447112,1.346091,-0.585586
sample,629,drone,15.711673,10.026548,2.504717,2.026630,0.258291,-0.171294,-0.159336,-2.066719,1.370610,1.274929,-0.585586
sample,630,drone,15.736652,10.032354,2.500867,2.023049,0.208258,-0.138113,-0.128471,-1.926798,1.277817,1.188614,-0.585586
sample,631,drone,15.761631,10.036953,2.497817,2.020212,0.162033,-0.107457,-0.099956,-1.761348,1.168093,1.086550,-0.585586
sample,632,drone,15.786609,10.040448,2.495499,2.018055,0.120265,-0.079758,-0.074190,-1.569403,1.040799,0.968142,-0.585586
sample,633,drone,15.811588,10.042961,2.493832,2.016505,0.083629,-0.055461,-0.051590,-1.350001,0.895296,0.832796,-0.585586
sample,634,drone,15.836567,10.044626,2.492728,2.015478,0.052822,-0.035031,-0.032585,-1.102177,0.730943,0.679917,-0.585586
sample,635,drone,15.861546,10.045600,2.492082,2.014877,0.028567,-0.018945,-0.017623,-0.824966,0.547102,0.508910,-0.585586
sample,636,drone,15.886525,10.046053,2.491781,2.014597,0.011609,-0.007699,-0.007161,-0.518791,0.343671,0.320320,-0.585586
sample,637,drone,15.911503,10.046180,2.491698,2.014520,0.002649,-0.001776,-0.001620,-0.220621,0.135169,0.144443,-0.590568
sample,638,drone,15.936482,10.046186,2.491693,2.014516,0.000587,-0.000946,0.000055,-0.008671,-0.045435,0.043685,-1.015290
sample,639,drone,15.961461,10.046209,2.491651,2.014522,0.002216,-0.004046,0.000562,0.100921,-0.186767,0.027497,-1.069678
sample,640,drone,15.986440,10.046296,2.491491,2.014545,0.005629,-0.010277,0.001428,0.169159,-0.308822,0.042923,-1.069678
sample,641,drone,16.011419,10.046490,2.491137,2.014594,0.010667,-0.019474,0.002707,0.232794,-0.424997,0.059071,-1.069678
sample,642,drone,16.036398,10.046829,2.490518,2.014680,0.017259,-0.031508,0.004379,0.293607,-0.536020,0.074502,-1.069678
sample,643,drone,16.061376,10.047352,2.489563,2.014812,0.025335,-0.046252,0.006429,0.351640,-0.641965,0.089227,-1.069678
sample,644,drone,16.086355,10.048095,2.488207,2.015001,0.034826,-0.063579,0.008837,0.406931,-0.742907,0.103257,-1.069678
sample,645,drone,16.111334,10.049092,2.486387,2.015254,0.045664,-0.083366,0.011587,0.459522,-0.838919,0.116602,-1.069678
sample,646,drone,16.136313,10.050376,2.484042,2.015580,0.057783,-0.105490,0.014662,0.509453,-0.930076,0.129272,-1.069678
sample,647,drone,16.161292,10.051979,2.481117,2.015986,0.071115,-0.129830,0.018045,0.556766,-1.016450,0.141277,-1.069678
sample,648,drone,16.186270,10.053929,2.477556,2.016481,0.085597,-0.156269,0.021720,0.601499,-1.098117,0.152628,-1.069678
sample,649,drone,16.211249,10.056255,2.473310,2.017072,0.101165,-0.184690,0.025670,0.643694,-1.175149,0.163335,-1.069678
sample,650,drone,16.236228,10.058983,2.468330,2.017764,0.117755,-0.214977,0.029880,0.683391,-1.247622,0.173408,-1.069678
sample,651,drone,16.261207,10.062138,2.462570,2.018564,0.135305,-0.247018,0.034333,0.720631,-1.315608,0.182857,-1.069678
sample,652,drone,16.286186,10.065743,2.455989,2.019479,0.153756,-0.280702,0.039015,0.755453,-1.379181,0.191693,-1.069678
sample,653,drone,16.311164,10.069819,2.448547,2.020513,0.173046,-0.315919,0.043910,0.787900,-1.438417,0.199927,-1.069678
sample,654,drone,16.336143,10.074388,2.440207,2.021673,0.193117,-0.352561,0.049003,0.818010,-1.493388,0.207567,-1.069678
sample,655,drone,16.361122,10.079467,2.430934,2.022961,0.213912,-0.390525,0.054279,0.845825,-1.544168,0.214625,-1.069678
sample,656,drone,16.386101,10.085074,2.420697,2.024384,0.235373,-0.429704,0.059725,0.871386,-1.590831,0.221111,-1.069678
sample,657,drone,16.411080,10.091225,2.409467,2.025945,0.257444,-0.469999,0.065325,0.894731,-1.633452,0.227035,-1.069678
sample,658,drone,16.436059,10.097935,2.397217,2.027648,0.280071,-0.511308,0.071067,0.915903,-1.672104,0.232407,-1.069678
sample,659,drone,16.461037,10.105217,2.383923,2.029495,0.303200,-0.553533,0.076936,0.934941,-1.706861,0.237238,-1.069678
sample,660,drone,16.486016,10.113083,2.369564,2.031491,0.326779,-0.596579,0.082919,0.951886,-1.737796,0.241538,-1.069678
sample,661,drone,16.510995,10.121542,2.354120,2.033638,0.350754,-0.640349,0.089003,0.966779,-1.764985,0.245317,-1.069678
sample,662,drone,16.535974,10.130605,2.337573,2.035938,0.375077,-0.684753,0.095174,0.979660,-1.788500,0.248585,-1.069678
sample,663,drone,16.560953,10.140280,2.319911,2.038393,0.399696,-0.729699,0.101421,0.990569,-1.808416,0.251353,-1.069678
sample,664,drone,16.585931,10.150573,2.301119,2.041004,0.424563,-0.775097,0.107731,0.999547,-1.824807,0.253631,-1.069678
sample,665,drone,16.610910,10.161490,2.281189,2.043775,0.449631,-0.820862,0.114092,1.006634,-1.837746,0.255430,-1.069678
sample,666,drone,16.635889,10.173036,2.260111,2.046704,0.474852,-0.866907,0.120492,1.011872,-1.847308,0.256759,-1.069678
sample,667,drone,16.660868,10.185213,2.237880,2.049794,0.500182,-0.913149,0.126919,1.015299,-1.853565,0.257628,-1.069678
sample,668,drone,16.685847,10.198024,2.214492,2.053045,0.525574,-0.959506,0.133362,1.016958,-1.856593,0.258049,-1.069678
sample,669,drone,16.710825,10.211469,2.189946,2.056457,0.550986,-1.005900,0.139811,1.016888,-1.856466,0.258032,-1.069678
sample,670,drone,16.735804,10.225550,2.164240,2.060029,0.576376,-1.052251,0.146253,1.015130,-1.853256,0.257585,-1.069678
sample,671,drone,16.760783,10.240264,2.137378,2.063763,0.601700,-1.098484,0.152679,1.011724,-1.847038,0.256721,-1.069678
sample,672,drone,16.785762,10.255609,2.109362,2.067657,0.626919,-1.144525,0.159078,1.006711,-1.837886,0.255449,-1.069678
sample,673,drone,16.810741,10.271583,2.080200,2.071710,0.651993,-1.190300,0.165441,1.000131,-1.825873,0.253779,-1.069678
sample,674,drone,16.835720,10.288181,2.049898,2.075922,0.676883,-1.235741,0.171757,0.992025,-1.811075,0.251723,-1.069678
sample,675,drone,16.860698,10.305398,2.018465,2.080291,0.701552,-1.280777,0.178016,0.982433,-1.793564,0.249289,-1.069678
sample,676,drone,16.885677,10.323229,1.985913,2.084815,0.725963,-1.325343,0.184210,0.971396,-1.773414,0.246488,-1.069678
sample,677,drone,16.910656,10.341666,1.952254,2.089493,0.750081,-1.369373,0.190330,0.958954,-1.750700,0.243331,-1.069678
sample,678,drone,16.935635,10.360701,1.917503,2.094324,0.773870,-1.412804,0.196367,0.945148,-1.725495,0.239828,-1.069678
sample,679,drone,16.960614,10.380327,1.881674,2.099303,0.797298,-1.455575,0.202311,0.930018,-1.697873,0.235989,-1.069678
sample,680,drone,16.985592,10.400532,1.844786,2.104431,0.820332,-1.497626,0.208156,0.913605,-1.667909,0.231824,-1.069678
sample,681,drone,17.010571,10.421308,1.806856,2.109702,0.842940,-1.538899,0.213893,0.895949,-1.635675,0.227344,-1.069678
sample,682,drone,17.035550,10.442644,1.767906,2.115116,0.865091,-1.579340,0.219514,0.877090,-1.601246,0.222558,-1.069678
sample,683,drone,17.060529,10.464526,1.727956,2.120669,0.886757,-1.618894,0.225011,0.857070,-1.564697,0.217478,-1.069678
sample,684,drone,17.085508,10.486944,1.687030,2.126357,0.907908,-1.657509,0.230378,0.835928,-1.526100,0.212114,-1.069678
sample,685,drone,17.110486,10.509883,1.645151,2.132178,0.928518,-1.695134,0.235608,0.813706,-1.485529,0.206475,-1.069678
sample,686,drone,17.135465,10.533330,1.602345,2.138128,0.948559,-1.731722,0.240693,0.790443,-1.443059,0.200572,-1.069678
sample,687,drone,17.160444,10.557271,1.558638,2.144202,0.968007,-1.767226,0.245628,0.766180,-1.398764,0.194415,-1.069678
sample,688,drone,17.185423,10.581690,1.514058,2.150399,0.986836,-1.801601,0.250406,0.740957,-1.352717,0.188015,-1.069678
sample,689,drone,17.210402,10.606571,1.468634,2.156712,1.005023,-1.834804,0.255021,0.714816,-1.304993,0.181382,-1.069678
sample,690,drone,17.235381,10.631898,1.422396,2.163139,1.022546,-1.866795,0.259467,0.687796,-1.255664,0.174526,-1.069678
sample,691,drone,17.260359,10.657655,1.375374,2.169674,1.039384,-1.897534,0.263740,0.659938,-1.204806,0.167457,-1.069678
sample,692,drone,17.285338,10.683823,1.327600,2.176315,1.055515,-1.926985,0.267833,0.631283,-1.152492,0.160186,-1.069678
sample,693,drone,17.310317,10.710386,1.279106,2.183055,1.070921,-1.955110,0.271742,0.601870,-1.098795,0.152722,-1.069678
sample,694,drone,17.335296,10.737324,1.229927,2.189890,1.085583,-1.981878,0.275463,0.571742,-1.043791,0.145077,-1.069678
sample,695,drone,17.360275,10.764619,1.180096,2.196816,1.099484,-2.007255,0.278990,0.540936,-0.987552,0.137261,-1.069678
sample,696,drone,17.385253,10.792252,1.129649,2.203828,1.112607,-2.031213,0.282320,0.509496,-0.930153,0.129283,-1.069678
sample,697,drone,17.410232,10.820202,1.078622,2.210920,1.124937,-2.053724,0.285449,0.477460,-0.871668,0.121154,-1.069678
sample,698,drone,17.435211,10.848451,1.027050,2.218088,1.136460,-2.074760,0.288372,0.444870,-0.812170,0.112884,-1.069678
sample,699,drone,17.460190,10.876977,0.974972,2.225327,1.147162,-2.094298,0.291088,0.411765,-0.751733,0.104484,-1.069678
sample,700,drone,17.485169,10.905760,0.922424,2.232630,1.157031,-2.112315,0.293592,0.378187,-0.690432,0.095964,-1.069678
sample,701,drone,17.510147,10.934780,0.869445,2.239994,1.166055,-2.128790,0.295882,0.344176,-0.628340,0.087333,-1.069678
sample,702,drone,17.535126,10.964014,0.816075,2.247412,1.174225,-2.143705,0.297955,0.309772,-0.565531,0.078604,-1.069678
sample,703,drone,17.560105,10.993441,0.762351,2.254879,1.181531,-2.157043,0.299809,0.275016,-0.502079,0.069784,-1.069678
sample,704,drone,17.585084,11.023040,0.708314,2.262390,1.187964,-2.168788,0.301441,0.239948,-0.438058,0.060886,-1.069678
sample,705,drone,17.610063,11.052789,0.654003,2.269938,1.193518,-2.178927,0.302851,0.204609,-0.373541,0.051919,-1.069678
sample,706,drone,17.635042,11.082665,0.599460,2.277519,1.198186,-2.187449,0.304035,0.169039,-0.308604,0.042893,-1.069678
sample,707,drone,17.660020,11.112647,0.544724,2.285127,1.201963,-2.194344,0.304993,0.133279,-0.243319,0.033819,-1.069678
sample,708,drone,17.684999,11.142713,0.489836,2.292756,1.204844,-2.199605,0.305725,0.097370,-0.177761,0.024707,-1.069678
sample,709,drone,17.709978,11.172839,0.434837,2.300400,1.206827,-2.203225,0.306228,0.061350,-0.112003,0.015567,-1.069678
sample,710,drone,17.734957,11.203003,0.379768,2.308054,1.207909,-2.205200,0.306502,0.025263,-0.046120,0.006410,-1.069678
sample,711,drone,17.759936,11.233183,0.324670,2.315713,1.208089,-2.205529,0.306548,-0.010854,0.019815,-0.002754,-1.069678
sample,712,drone,17.784914,11.263356,0.269585,2.323369,1.207367,-2.204210,0.306365,-0.046958,0.085728,-0.011915,-1.069678
sample,713,drone,17.809893,11.293500,0.214553,2.331018,1.205743,-2.201246,0.305953,-0.083009,0.151544,-0.021063,-1.069678
sample,714,drone,17.834872,11.323592,0.159616,2.338654,1.203220,-2.196639,0.305313,-0.118967,0.217191,-0.030188,-1.069678
sample,715,drone,17.859851,11.353610,0.104814,2.346270,1.199800,-2.190396,0.304445,-0.154792,0.282594,-0.039278,-1.069678
sample,716,drone,17.884830,11.383531,0.050189,2.353863,1.195487,-2.182522,0.303350,-0.190443,0.347679,-0.048324,-1.069678
sample,717,drone,17.909808,11.413334,-0.004219,2.361425,1.190286,-2.173026,0.302031,-0.225879,0.412372,-0.057316,-1.069678
sample,718,drone,17.934787,11.442995,-0.058370,2.368952,1.184202,-2.161921,0.300487,-0.261059,0.476599,-0.066243,-1.069678
sample,719,drone,17.959766,11.472494,-0.112224,2.376437,1.177244,-2.149217,0.298721,-0.295945,0.540287,-0.075095,-1.069678
sample,720,drone,17.984745,11.501808,-0.165740,2.383875,1.169418,-2.134929,0.296735,-0.330494,0.603361,-0.083862,-1.069678
sample,721,drone,18.009724,11.530915,-0.218880,2.391261,1.160733,-2.119074,0.294532,-0.364667,0.665748,-0.092533,-1.069678
sample,722,drone,18.034702,11.559795,-0.271604,2.398589,1.151200,-2.101670,0.292113,-0.398423,0.727374,-0.101098,-1.069678
sample,723,drone,18.059681,11.588426,-0.323874,2.405854,1.140829,-2.082736,0.289481,-0.431721,0.788164,-0.109548,-1.069678
sample,724,drone,18.084660,11.616788,-0.375653,2.413051,1.129632,-2.062295,0.286640,-0.464521,0.848046,-0.117871,-1.069678
sample,725,drone,18.109639,11.644860,-0.426902,2.420174,1.117623,-2.040370,0.283593,-0.496783,0.906944,-0.126057,-1.069678
sample,726,drone,18.134618,11.672622,-0.477585,2.427219,1.104814,-2.016986,0.280342,-0.528466,0.964786,-0.134096,-1.069678
sample,727,drone,18.159597,11.700054,-0.527665,2.434179,1.091222,-1.992172,0.276893,-0.559529,1.021496,-0.141978,-1.069678
sample,728,drone,18.184575,11.727137,-0.577109,2.441051,1.076861,-1.965955,0.273249,-0.589933,1.077002,-0.149693,-1.069678
sample,729,drone,18.209554,11.753851,-0.625880,2.447830,1.061750,-1.938367,0.269415,-0.619636,1.131229,-0.157230,-1.069678
sample,730,drone,18.234533,11.780179,-0.673945,2.454511,1.045906,-1.909441,0.265395,-0.648598,1.184104,-0.164579,-1.069678
sample,731,drone,18.259512,11.806102,-0.721271,2.461089,1.029348,-1.879212,0.261193,-0.676779,1.235552,-0.171730,-1.069678
sample,732,drone,18.284491,11.831603,-0.767826,2.467559,1.012095,-1.847716,0.256815,-0.704138,1.285499,-0.178672,-1.069678
sample,733,drone,18.309469,11.856664,-0.813579,2.473919,0.994170,-1.814992,0.252267,-0.730635,1.333873,-0.185396,-1.069678
sample,734,drone,18.334448,11.881269,-0.858499,2.480162,0.975595,-1.781079,0.247553,-0.756229,1.380598,-0.191890,-1.069678
sample,735,drone,18.359427,11.905403,-0.902557,2.486286,0.956391,-1.746020,0.242681,-0.780880,1.425601,-0.198145,-1.069678
sample,736,drone,18.384406,11.929048,-0.945726,2.492286,0.936584,-1.709859,0.237655,-0.804547,1.468808,-0.204151,-1.069678
sample,737,drone,18.409385,11.952192,-0.987978,2.498158,0.916198,-1.672642,0.232482,-0.827189,1.510145,-0.209896,-1.069678
sample,738,drone,18.434363,11.974819,-1.029287,2.503900,0.895259,-1.634416,0.227169,-0.848767,1.549538,-0.215371,-1.069678
sample,739,drone,18.459342,11.996917,-1.069629,2.509507,0.873795,-1.595231,0.221722,-0.869240,1.586914,-0.220566,-1.069678
sample,740,drone,18.484321,12.018472,-1.108981,2.514977,0.851834,-1.555138,0.216150,-0.888567,1.622197,-0.225470,-1.069678
sample,741,drone,18.509300,12.039473,-1.147320,2.520306,0.829405,-1.514190,0.210458,-0.906707,1.655316,-0.230074,-1.069678
sample,742,drone,18.534279,12.059907,-1.184626,2.525491,0.806537,-1.472442,0.204656,-0.923621,1.686194,-0.234365,-1.069678
sample,743,drone,18.559258,12.079765,-1.220880,2.530530,0.783263,-1.429951,0.198750,-0.939268,1.714760,-0.238336,-1.069678
sample,744,drone,18.584236,12.099037,-1.256063,2.535420,0.759614,-1.386777,0.192749,-0.953607,1.740938,-0.241974,-1.069678
sample,745,drone,18.609215,12.117714,-1.290160,2.540159,0.735623,-1.342978,0.186662,-0.966598,1.764655,-0.245271,-1.069678
sample,746,drone,18.634194,12.135787,-1.323155,2.544745,0.711325,-1.298619,0.180496,-0.978201,1.785836,-0.248215,-1.069678
sample,747,drone,18.659173,12.153250,-1.355036,2.549176,0.686754,-1.253762,0.174261,-0.988374,1.804409,-0.250796,-1.069678
sample,748,drone,18.684152,12.170096,-1.385790,2.553451,0.661948,-1.208475,0.167967,-0.997077,1.820299,-0.253005,-1.069678
sample,749,drone,18.709130,12.186319,-1.415408,2.557567,0.636943,-1.162824,0.161622,-1.004271,1.833432,-0.254830,-1.069678
sample,750,drone,18.734109,12.201916,-1.443882,2.561525,0.611777,-1.116881,0.155236,-1.009914,1.843734,-0.256262,-1.069678
sample,751,drone,18.759088,12.216882,-1.471205,2.565323,0.586490,-1.070716,0.148820,-1.013966,1.851131,-0.257290,-1.069678
sample,752,drone,18.784067,12.231216,-1.497372,2.568960,0.561122,-1.024403,0.142382,-1.016387,1.855550,-0.257904,-1.069678
sample,753,drone,18.809046,12.244915,-1.522382,2.572436,0.535713,-0.978017,0.135935,-1.017135,1.856917,-0.258094,-1.069678
sample,754,drone,18.834024,12.257979,-1.546232,2.575751,0.510308,-0.931636,0.129489,-1.016171,1.855157,-0.257850,-1.069678
sample,755,drone,18.859003,12.270408,-1.568924,2.578905,0.484948,-0.885338,0.123054,-1.013454,1.850196,-0.257160,-1.069678
sample,756,drone,18.883982,12.282205,-1.590461,2.581898,0.459678,-0.839204,0.116642,-1.008944,1.841962,-0.256016,-1.069678
sample,757,drone,18.908961,12.293373,-1.610849,2.584732,0.434544,-0.793318,0.110264,-1.002599,1.830379,-0.254406,-1.069678
sample,758,drone,18.933940,12.303914,-1.630093,2.587407,0.409591,-0.747763,0.103932,-0.994380,1.815375,-0.252320,-1.069678
sample,759,drone,18.958919,12.313835,-1.648205,2.589924,0.384867,-0.702626,0.097658,-0.984247,1.796874,-0.249749,-1.069678
sample,760,drone,18.983897,12.323141,-1.665195,2.592285,0.360420,-0.657995,0.091455,-0.972157,1.774804,-0.246681,-1.069678
sample,761,drone,19.008876,12.331841,-1.681077,2.594493,0.336300,-0.613961,0.085335,-0.958072,1.749090,-0.243107,-1.069678
sample,762,drone,19.033855,12.339942,-1.695867,2.596548,0.312557,-0.570615,0.079310,-0.941951,1.719658,-0.239016,-1.069678
sample,763,drone,19.058834,12.347455,-1.709584,2.598455,0.289242,-0.528051,0.073394,-0.923753,1.686434,-0.234399,-1.069678
sample,764,drone,19.083813,12.354392,-1.722247,2.600215,0.266409,-0.486365,0.067600,-0.903437,1.649345,-0.229244,-1.069678
sample,765,drone,19.108791,12.360764,-1.733881,2.601832,0.244109,-0.445653,0.061942,-0.880963,1.608317,-0.223541,-1.069678
sample,766,drone,19.133770,12.366587,-1.744511,2.603310,0.222398,-0.406017,0.056433,-0.856292,1.563275,-0.217281,-1.069678
sample,767,drone,19.158749,12.371875,-1.754165,2.604651,0.201331,-0.367556,0.051087,-0.829381,1.514147,-0.210452,-1.069678
sample,768,drone,19.183728,12.376645,-1.762873,2.605862,0.180964,-0.330374,0.045919,-0.800191,1.460857,-0.203046,-1.069678
sample,769,drone,19.208707,12.380915,-1.770669,2.606945,0.161355,-0.294575,0.040943,-0.768682,1.403332,-0.195050,-1.069678
sample,770,drone,19.233685,12.384706,-1.777589,2.607907,0.142562,-0.260267,0.036175,-0.734812,1.341498,-0.186456,-1.069678
sample,771,drone,19.258664,12.388037,-1.783672,2.608753,0.124645,-0.227557,0.031628,-0.698541,1.275281,-0.177252,-1.069678
sample,772,drone,19.283643,12.390933,-1.788958,2.609487,0.107665,-0.196557,0.027320,-0.659830,1.204608,-0.167429,-1.069678
sample,773,drone,19.308622,12.393416,-1.793491,2.610117,0.091682,-0.167378,0.023264,-0.618636,1.129403,-0.156977,-1.069678
sample,774,drone,19.333601,12.395513,-1.797319,2.610649,0.076759,-0.140134,0.019477,-0.574921,1.049595,-0.145884,-1.069678
sample,775,drone,19.358580,12.397251,-1.800492,2.611090,0.062960,-0.114942,0.015976,-0.528642,0.965107,-0.134141,-1.069678
sample,776,drone,19.383558,12.398658,-1.803062,2.611448,0.050349,-0.091920,0.012776,-0.479761,0.875868,-0.121738,-1.069678
sample,777,drone,19.408537,12.399766,-1.805084,2.611729,0.038993,-0.071186,0.009894,-0.428236,0.781802,-0.108663,-1.069678
sample,778,drone,19.433516,12.400606,-1.806618,2.611942,0.028956,-0.052863,0.007347,-0.374027,0.682836,-0.094908,-1.069678
sample,779,drone,19.458495,12.401213,-1.807725,2.612096,0.020307,-0.037073,0.005153,-0.317093,0.578895,-0.080461,-1.069678
sample,780,drone,19.483474,12.401621,-1.808470,2.612199,0.013115,-0.023943,0.003328,-0.257394,0.469907,-0.065313,-1.069678
sample,781,drone,19.508452,12.401868,-1.808921,2.612262,0.007448,-0.013598,0.001890,-0.194889,0.355797,-0.049452,-1.069678
sample,782,drone,19.533431,12.401993,-1.809149,2.612294,0.003378,-0.006168,0.000857,-0.129535,0.236517,-0.032875,-1.069678
sample,783,drone,19.558410,12.402037,-1.809229,2.612305,0.000977,-0.001782,0.000248,-0.058104,0.131834,-0.019324,-1.069278
sample,784,drone,19.583389,12.402042,-1.809238,2.612306,0.000476,0.000418,-0.000108,0.030506,0.116084,-0.022805,0.721369
sample,785,drone,19.608368,12.402060,-1.809208,2.612299,0.002501,0.004017,-0.000892,0.140288,0.232259,-0.051246,1.013950
sample,786,drone,19.633346,12.402167,-1.809038,2.612261,0.007484,0.012021,-0.002668,0.257062,0.412909,-0.091647,1.013950
sample,787,drone,19.658325,12.402434,-1.808608,2.612166,0.015343,0.024645,-0.005470,0.368959,0.592643,-0.131540,1.013950
sample,788,drone,19.683304,12.402933,-1.807807,2.611988,0.025916,0.041629,-0.009240,0.474431,0.762059,-0.169143,1.013950
sample,789,drone,19.708283,12.403729,-1.806528,2.611704,0.039045,0.062716,-0.013920,0.573598,0.921347,-0.204497,1.013950
sample,790,drone,19.733262,12.404884,-1.804673,2.611293,0.054572,0.087657,-0.019456,0.666579,1.070699,-0.237647,1.013950
sample,791,drone,19.758241,12.406455,-1.802149,2.610733,0.072345,0.116205,-0.025792,0.753493,1.210306,-0.268633,1.013950
sample,792,drone,19.783219,12.408498,-1.798868,2.610004,0.092215,0.148121,-0.032876,0.834460,1.340359,-0.297499,1.013950
sample,793,drone,19.808198,12.411062,-1.794749,2.609090,0.114033,0.183167,-0.040655,0.909598,1.461049,-0.324287,1.013950
sample,794,drone,19.833177,12.414195,-1.789717,2.607973,0.137656,0.221111,-0.049077,0.979026,1.572569,-0.349039,1.013950
sample,795,drone,19.858156,12.417939,-1.783703,2.606638,0.162943,0.261728,-0.058092,1.042863,1.675108,-0.371798,1.013950
sample,796,drone,19.883135,12.422335,-1.776642,2.605071,0.189755,0.304796,-0.067651,1.101229,1.768859,-0.392607,1.013950
sample,797,drone,19.908113,12.427419,-1.768476,2.603259,0.217958,0.350096,-0.077706,1.154243,1.854013,-0.411507,1.013950
sample,798,drone,19.933092,12.433224,-1.759152,2.601189,0.247418,0.397418,-0.088209,1.202024,1.930761,-0.428542,1.013950
sample,799,drone,19.958071,12.439779,-1.748622,2.598852,0.278008,0.446553,-0.099115,1.244690,1.999295,-0.443753,1.013950
sample,800,drone,19.983050,12.447112,-1.736843,2.596238,0.309600,0.497298,-0.110378,1.282362,2.059805,-0.457184,1.013950
sample,801,drone,20.008029,12.455246,-1.723778,2.593338,0.342072,0.549456,-0.121954,1.315158,2.112484,-0.468876,1.013950
sample,802,drone,20.033007,12.464201,-1.709394,2.590145,0.375302,0.602833,-0.133802,1.343196,2.157521,-0.478872,1.013950
sample,803,drone,20.057986,12.473995,-1.693662,2.586653,0.409175,0.657240,-0.145878,1.366598,2.195110,-0.487215,1.013950
sample,804,drone,20.082965,12.484643,-1.676560,2.582857,0.443574,0.712495,-0.158142,1.385480,2.225440,-0.493947,1.013950
sample,805,drone,20.107944,12.496155,-1.658068,2.578753,0.478390,0.768418,-0.170554,1.399963,2.248704,-0.499111,1.013950
sample,806,drone,20.132923,12.508542,-1.638171,2.574337,0.513513,0.824835,-0.183076,1.410166,2.265092,-0.502748,1.013950
sample,807,drone,20.157902,12.521809,-1.616861,2.569607,0.548838,0.881577,-0.195670,1.416208,2.274796,-0.504902,1.013950
sample,808,drone,20.182880,12.535961,-1.594130,2.564562,0.584263,0.938478,-0.208300,1.418207,2.278007,-0.505615,1.013950
sample,809,drone,20.207859,12.550998,-1.569977,2.559201,0.619689,0.995380,-0.220930,1.416283,2.274917,-0.504929,1.013950
sample,810,drone,20.232838,12.566919,-1.544403,2.553525,0.655018,1.052128,-0.233525,1.410555,2.265717,-0.502887,1.013950
sample,811,drone,20.257817,12.583721,-1.517415,2.547534,0.690157,1.108570,-0.246053,1.401143,2.250598,-0.499531,1.013950
sample,812,drone,20.282796,12.601397,-1.489022,2.541232,0.725015,1.164562,-0.258480,1.388164,2.229751,-0.494904,1.013950
sample,813,drone,20.307774,12.619941,-1.459236,2.534621,0.759506,1.219963,-0.270777,1.371739,2.203368,-0.489048,1.013950
sample,814,drone,20.332753,12.639341,-1.428075,2.527705,0.793544,1.274637,-0.282912,1.351986,2.171640,-0.482006,1.013950
sample,815,drone,20.357732,12.659584,-1.395558,2.520488,0.827048,1.328453,-0.294857,1.329025,2.134759,-0.473820,1.013950
sample,816,drone,20.382711,12.680658,-1.361709,2.512975,0.859939,1.381285,-0.306583,1.302975,2.092915,-0.464533,1.013950
sample,817,drone,20.407690,12.702545,-1.326553,2.505172,0.892142,1.433010,-0.318064,1.273954,2.046300,-0.454186,1.013950
sample,818,drone,20.432668,12.725227,-1.290119,2.497085,0.923583,1.483513,-0.329273,1.242082,1.995106,-0.442823,1.013950
sample,819,drone,20.457647,12.748685,-1.252440,2.488722,0.954193,1.532681,-0.340186,1.207478,1.939523,-0.430487,1.013950
sample,820,drone,20.482626,12.772896,-1.213550,2.480090,0.983906,1.580407,-0.350779,1.170261,1.879743,-0.417218,1.013950
sample,821,drone,20.507605,12.797838,-1.173486,2.471198,1.012657,1.626589,-0.361029,1.130551,1.815957,-0.403061,1.013950
sample,822,drone,20.532584,12.823486,-1.132289,2.462054,1.040385,1.671128,-0.370915,1.088465,1.748357,-0.388056,1.013950
sample,823,drone,20.557563,12.849814,-1.090001,2.452668,1.067034,1.713932,-0.380416,1.044124,1.677134,-0.372248,1.013950
sample,824,drone,20.582541,12.876793,-1.046665,2.443049,1.092547,1.754914,-0.389512,0.997646,1.602478,-0.355678,1.013950
sample,825,drone,20.607520,12.904395,-1.002329,2.433209,1.116874,1.793988,-0.398184,0.949151,1.524583,-0.338389,1.013950
sample,826,drone,20.632499,12.932589,-0.957042,2.423157,1.139964,1.831078,-0.406417,0.898758,1.443638,-0.320422,1.013950
sample,827,drone,20.657478,12.961345,-0.910853,2.412905,1.161774,1.866109,-0.414192,0.846585,1.359835,-0.301822,1.013950
sample,828,drone,20.682457,12.990629,-0.863816,2.402465,1.182258,1.899012,-0.421495,0.792752,1.273365,-0.282630,1.013950
sample,829,drone,20.707435,13.020407,-0.815983,2.391848,1.201378,1.929723,-0.428311,0.737378,1.184421,-0.262888,1.013950
sample,830,drone,20.732414,13.050647,-0.767411,2.381067,1.219096,1.958183,-0.434628,0.680583,1.093192,-0.242639,1.013950
sample,831,drone,20.757393,13.081310,-0.718157,2.370135,1.235378,1.984337,-0.440433,0.622484,0.999870,-0.221926,1.013950
sample,832,drone,20.782372,13.112363,-0.668278,2.359064,1.250193,2.008134,-0.445715,0.563202,0.904648,-0.200791,1.013950
sample,833,drone,20.807351,13.143767,-0.617835,2.347868,1.263514,2.029531,-0.450464,0.502855,0.807715,-0.179276,1.013950
sample,834,drone,20.832329,13.175485,-0.566888,2.336560,1.275315,2.048486,-0.454671,0.441562,0.709263,-0.157424,1.013950
sample,835,drone,20.857308,13.207479,-0.515498,2.325154,1.285573,2.064964,-0.458329,0.379443,0.609484,-0.135278,1.013950
sample,836,drone,20.882287,13.239709,-0.463727,2.313663,1.294271,2.078934,-0.461430,0.316617,0.508569,-0.112879,1.013950
sample,837,drone,20.907266,13.272138,-0.411639,2.302102,1.301391,2.090371,-0.463968,0.253202,0.406709,-0.090271,1.013950
sample,838,drone,20.932245,13.304724,-0.359297,2.290485,1.306920,2.099252,-0.465939,0.189319,0.304095,-0.067495,1.013950
sample,839,drone,20.957224,13.337428,-0.306765,2.278825,1.310849,2.105563,-0.467340,0.125085,0.200919,-0.044595,1.013950
sample,840,drone,20.982202,13.370211,-0.254108,2.267137,1.313169,2.109290,-0.468167,0.060621,0.097373,-0.021612,1.013950
sample,841,drone,21.007181,13.403031,-0.201390,2.255436,1.313877,2.110427,-0.468420,-0.003956,-0.006354,0.001410,1.013950
sample,842,drone,21.032160,13.435849,-0.148676,2.243736,1.312972,2.108972,-0.468097,-0.068525,-0.110068,0.024430,1.013950
sample,843,drone,21.057139,13.468624,-0.096031,2.232051,1.310454,2.104928,-0.467199,-0.132967,-0.213580,0.047405,1.013950
sample,844,drone,21.082118,13.501316,-0.043519,2.220396,1.306329,2.098303,-0.465728,-0.197164,-0.316697,0.070292,1.013950
sample,845,drone,21.107096,13.533885,0.008795,2.208785,1.300604,2.089107,-0.463687,-0.260997,-0.419228,0.093050,1.013950
sample,846,drone,21.132075,13.566291,0.060848,2.197231,1.293290,2.077359,-0.461080,-0.324346,-0.520983,0.115635,1.013950
sample,847,drone,21.157054,13.598495,0.112575,2.185750,1.284401,2.063080,-0.457911,-0.387092,-0.621769,0.138005,1.013950
sample,848,drone,21.182033,13.630457,0.163914,2.174355,1.273952,2.046297,-0.454185,-0.449116,-0.721396,0.160117,1.013950
sample,849,drone,21.207012,13.662138,0.214803,2.163060,1.261964,2.027041,-0.449912,-0.510299,-0.819672,0.181930,1.013950
sample,850,drone,21.231990,13.693501,0.265180,2.151879,1.248459,2.005348,-0.445097,-0.570522,-0.916406,0.203401,1.013950
sample,851,drone,21.256969,13.724508,0.314986,2.140824,1.233462,1.981259,-0.439750,-0.629666,-1.011406,0.224486,1.013950
sample,852,drone,21.281948,13.755122,0.364159,2.129910,1.217002,1.954820,-0.433882,-0.687611,-1.104482,0.245145,1.013950
sample,853,drone,21.306927,13.785307,0.412644,2.119149,1.199110,1.926082,-0.427503,-0.744239,-1.195441,0.265334,1.013950
sample,854,drone,21.331906,13.815027,0.460382,2.108553,1.179822,1.895099,-0.420626,-0.799431,-1.284093,0.285011,1.013950
sample,855,drone,21.356885,13.844248,0.507318,2.098135,1.159173,1.861932,-0.413265,-0.853067,-1.370246,0.304133,1.013950
sample,856,drone,21.381863,13.872937,0.553400,2.087907,1.137204,1.826645,-0.405433,-0.905028,-1.453709,0.322658,1.013950
sample,857,drone,21.406842,13.901060,0.598573,2.077881,1.113960,1.789308,-0.397146,-0.955195,-1.534291,0.340543,1.013950
sample,858,drone,21.431821,13.928587,0.642789,2.068067,1.089485,1.749995,-0.388420,-1.003450,-1.611800,0.357747,1.013950
sample,859,drone,21.456800,13.955488,0.685999,2.058476,1.063830,1.708786,-0.379273,-1.049672,-1.686045,0.374226,1.013950
sample,860,drone,21.481779,13.981734,0.728156,2.049119,1.037046,1.665764,-0.369725,-1.093743,-1.756835,0.389938,1.013950
sample,861,drone,21.506757,14.007296,0.769216,2.040005,1.009189,1.621019,-0.359793,-1.135544,-1.823978,0.404841,1.013950
sample,862,drone,21.531736,14.032150,0.809138,2.031145,0.980317,1.574643,-0.349500,-1.174956,-1.887284,0.418892,1.013950
sample,863,drone,21.556715,14.056271,0.847882,2.022545,0.950491,1.526735,-0.338866,-1.211859,-1.946560,0.432048,1.013950
sample,864,drone,21.581694,14.079635,0.885410,2.014216,0.919775,1.477397,-0.327916,-1.246135,-2.001616,0.444268,1.013950
sample,865,drone,21.606673,14.102221,0.921689,2.006163,0.888237,1.426739,-0.316672,-1.277664,-2.052259,0.455509,1.013950
sample,866,drone,21.631651,14.124009,0.956687,1.998396,0.855946,1.374871,-0.305159,-1.306327,-2.098300,0.465728,1.013950
sample,867,drone,21.656630,14.144982,0.990374,1.990918,0.822976,1.321913,-0.293405,-1.332006,-2.139547,0.474883,1.013950
sample,868,drone,21.681609,14.165123,1.022726,1.983738,0.789402,1.267985,-0.281435,-1.354581,-2.175807,0.482931,1.013950
sample,869,drone,21.706588,14.184418,1.053720,1.976859,0.755304,1.213214,-0.269279,-1.373932,-2.206891,0.489830,1.013950
sample,870,drone,21.731567,14.202856,1.083336,1.970285,0.720764,1.157734,-0.256965,-1.389941,-2.232606,0.495538,1.013950
sample,871,drone,21.756546,14.220426,1.111558,1.964021,0.685866,1.101679,-0.244523,-1.402489,-2.252761,0.500011,1.013950
sample,872,drone,21.781524,14.237120,1.138373,1.958069,0.650699,1.045191,-0.231985,-1.411457,-2.267166,0.503208,1.013950
sample,873,drone,21.806503,14.252933,1.163773,1.952432,0.615353,0.988417,-0.219384,-1.416725,-2.275628,0.505087,1.013950
sample,874,drone,21.831482,14.267862,1.187752,1.947109,0.579923,0.931506,-0.206752,-1.418175,-2.277957,0.505604,1.013950
sample,875,drone,21.856461,14.281905,1.210309,1.942103,0.544505,0.874615,-0.194125,-1.415687,-2.273960,0.504717,1.013950
sample,876,drone,21.881440,14.295064,1.231446,1.937411,0.509198,0.817904,-0.181538,-1.409143,-2.263448,0.502383,1.013950
sample,877,drone,21.906418,14.307343,1.251169,1.933034,0.474107,0.761539,-0.169027,-1.398422,-2.246228,0.498561,1.013950
sample,878,drone,21.931397,14.318749,1.269490,1.928967,0.439337,0.705688,-0.156631,-1.383406,-2.222109,0.493208,1.013950
sample,879,drone,21.956376,14.329291,1.286424,1.925209,0.404995,0.650527,-0.144388,-1.363977,-2.190900,0.486281,1.013950
sample,880,drone,21.981355,14.338982,1.301989,1.921754,0.371195,0.596236,-0.132337,-1.340014,-2.152409,0.477738,1.013950
sample,881,drone,22.006334,14.347835,1.316210,1.918598,0.338051,0.542998,-0.120521,-1.311399,-2.106446,0.467536,1.013950
sample,882,drone,22.031312,14.355870,1.329116,1.915733,0.305681,0.491003,-0.108981,-1.278012,-2.052819,0.455633,1.013950
sample,883,drone,22.056291,14.363107,1.340740,1.913153,0.274205,0.440444,-0.097759,-1.239736,-1.991336,0.441987,1.013950
sample,884,drone,22.081270,14.369569,1.351120,1.910849,0.243747,0.391521,-0.086900,-1.196449,-1.921807,0.426554,1.013950
sample,885,drone,22.106249,14.375284,1.360299,1.908812,0.214433,0.344435,-0.076449,-1.148034,-1.844040,0.409294,1.013950
sample,886,drone,22.131228,14.380281,1.368327,1.907030,0.186394,0.299397,-0.066453,-1.094371,-1.757843,0.390162,1.013950
sample,887,drone,22.156207,14.384595,1.375256,1.905492,0.159761,0.256618,-0.056958,-1.035341,-1.663026,0.369117,1.013950
sample,888,drone,22.181185,14.388263,1.381147,1.904185,0.134671,0.216316,-0.048012,-0.970825,-1.559397,0.346116,1.013950
sample,889,drone,22.206164,14.391323,1.386063,1.903093,0.111261,0.178714,-0.039666,-0.900704,-1.446764,0.321116,1.013950
sample,890,drone,22.231143,14.393821,1.390075,1.902203,0.089674,0.144039,-0.031970,-0.824859,-1.324937,0.294076,1.013950
sample,891,drone,22.256122,14.395803,1.393259,1.901496,0.070053,0.112523,-0.024975,-0.743171,-1.193724,0.264953,1.013950
sample,892,drone,22.281101,14.397321,1.395696,1.900955,0.052547,0.084403,-0.018734,-0.655520,-1.052934,0.233704,1.013950
sample,893,drone,22.306079,14.398428,1.397475,1.900560,0.037305,0.059921,-0.013300,-0.561787,-0.902376,0.200287,1.013950
sample,894,drone,22.331058,14.399184,1.398690,1.900291,0.024481,0.039323,-0.008728,-0.461854,-0.741858,0.164659,1.013950
sample,895,drone,22.356037,14.399651,1.399440,1.900124,0.014232,0.022860,-0.005074,-0.355602,-0.571189,0.126778,1.013950
sample,896,drone,22.381016,14.399895,1.399832,1.900037,0.006716,0.010788,-0.002394,-0.242910,-0.390177,0.086602,1.013950
sample,897,drone,22.405995,14.399987,1.399979,1.900005,0.002096,0.003367,-0.000747,-0.123803,-0.198859,0.044138,1.013950
sample,898,drone,22.430973,14.400000,1.400000,1.900000,0.000531,0.000853,-0.000189,-0.062665,-0.100656,0.022341,1.013949
